solid ASCII
  facet normal -9.323257e-01 3.616198e-01 0.000000e+00
    outer loop
      vertex   5.494508e+01 -1.264210e+01 -1.172062e+02
      vertex   5.495884e+01 -1.260662e+01 -1.172227e+02
      vertex   5.494508e+01 -1.264210e+01 -1.200000e+02
    endloop
  endfacet
  facet normal -9.326152e-01 3.608725e-01 1.098133e-05
    outer loop
      vertex   5.494508e+01 -1.264210e+01 -1.200000e+02
      vertex   5.495884e+01 -1.260662e+01 -1.172227e+02
      vertex   5.497259e+01 -1.257111e+01 -1.172391e+02
    endloop
  endfacet
  facet normal -9.327632e-01 3.604897e-01 2.229999e-05
    outer loop
      vertex   5.494508e+01 -1.264210e+01 -1.200000e+02
      vertex   5.497259e+01 -1.257111e+01 -1.172391e+02
      vertex   5.500000e+01 -1.250000e+01 -1.200000e+02
    endloop
  endfacet
  facet normal -9.329065e-01 3.601187e-01 1.132250e-05
    outer loop
      vertex   5.500000e+01 -1.250000e+01 -1.200000e+02
      vertex   5.497259e+01 -1.257111e+01 -1.172391e+02
      vertex   5.498630e+01 -1.253557e+01 -1.172554e+02
    endloop
  endfacet
  facet normal -9.331998e-01 3.593579e-01 2.339797e-16
    outer loop
      vertex   5.500000e+01 -1.250000e+01 -1.200000e+02
      vertex   5.498630e+01 -1.253557e+01 -1.172554e+02
      vertex   5.500000e+01 -1.250000e+01 -1.172718e+02
    endloop
  endfacet
  facet normal -0.000000e+00 1.000000e+00 0.000000e+00
    outer loop
      vertex   4.502376e+01 -1.264210e+01 -1.172062e+02
      vertex   5.494508e+01 -1.264210e+01 -1.172062e+02
      vertex   4.502376e+01 -1.264210e+01 -1.200000e+02
    endloop
  endfacet
  facet normal 0.000000e+00 1.000000e+00 0.000000e+00
    outer loop
      vertex   4.502376e+01 -1.264210e+01 -1.200000e+02
      vertex   5.494508e+01 -1.264210e+01 -1.172062e+02
      vertex   5.494508e+01 -1.264210e+01 -1.200000e+02
    endloop
  endfacet
  facet normal 1.000000e+00 0.000000e+00 0.000000e+00
    outer loop
      vertex   4.502376e+01 -1.000000e+01 -1.182843e+02
      vertex   4.502376e+01 -1.089195e+01 -1.179529e+02
      vertex   4.502376e+01 -1.000000e+01 -1.200000e+02
    endloop
  endfacet
  facet normal 1.000000e+00 0.000000e+00 0.000000e+00
    outer loop
      vertex   4.502376e+01 -1.000000e+01 -1.200000e+02
      vertex   4.502376e+01 -1.089195e+01 -1.179529e+02
      vertex   4.502376e+01 -1.264210e+01 -1.200000e+02
    endloop
  endfacet
  facet normal 1.000000e+00 0.000000e+00 0.000000e+00
    outer loop
      vertex   4.502376e+01 -1.264210e+01 -1.200000e+02
      vertex   4.502376e+01 -1.089195e+01 -1.179529e+02
      vertex   4.502376e+01 -1.177295e+01 -1.175934e+02
    endloop
  endfacet
  facet normal 1.000000e+00 0.000000e+00 0.000000e+00
    outer loop
      vertex   4.502376e+01 -1.264210e+01 -1.200000e+02
      vertex   4.502376e+01 -1.177295e+01 -1.175934e+02
      vertex   4.502376e+01 -1.264210e+01 -1.172062e+02
    endloop
  endfacet
  facet normal 0.000000e+00 -1.000000e+00 2.083535e-14
    outer loop
      vertex   5.500000e+01 1.250000e+01 -1.172718e+02
      vertex   4.500000e+01 1.250000e+01 -1.172718e+02
      vertex   5.500000e+01 1.250000e+01 -1.200000e+02
    endloop
  endfacet
  facet normal -5.684342e-15 -1.000000e+00 0.000000e+00
    outer loop
      vertex   5.500000e+01 1.250000e+01 -1.200000e+02
      vertex   4.500000e+01 1.250000e+01 -1.172718e+02
      vertex   4.500000e+01 1.250000e+01 -1.200000e+02
    endloop
  endfacet
  facet normal 1.000000e+00 0.000000e+00 0.000000e+00
    outer loop
      vertex   5.500000e+01 -1.250000e+01 -1.200000e+02
      vertex   5.500000e+01 -1.250000e+01 -1.172718e+02
      vertex   5.500000e+01 -1.478153e+01 -1.189440e+02
    endloop
  endfacet
  facet normal 1.000000e+00 0.000000e+00 0.000000e+00
    outer loop
      vertex   5.500000e+01 -1.478153e+01 -1.189440e+02
      vertex   5.500000e+01 -1.250000e+01 -1.172718e+02
      vertex   5.500000e+01 -1.466430e+01 -1.161717e+02
    endloop
  endfacet
  facet normal 1.000000e+00 0.000000e+00 -0.000000e+00
    outer loop
      vertex   5.500000e+01 -1.478153e+01 -1.189440e+02
      vertex   5.500000e+01 -1.466430e+01 -1.161717e+02
      vertex   5.500000e+01 -1.697460e+01 -1.177148e+02
    endloop
  endfacet
  facet normal 1.000000e+00 0.000000e+00 0.000000e+00
    outer loop
      vertex   5.500000e+01 -1.697460e+01 -1.177148e+02
      vertex   5.500000e+01 -1.466430e+01 -1.161717e+02
      vertex   5.500000e+01 -1.673256e+01 -1.149002e+02
    endloop
  endfacet
  facet normal 1.000000e+00 0.000000e+00 -0.000000e+00
    outer loop
      vertex   5.500000e+01 -1.697460e+01 -1.177148e+02
      vertex   5.500000e+01 -1.673256e+01 -1.149002e+02
      vertex   5.500000e+01 -1.906610e+01 -1.163198e+02
    endloop
  endfacet
  facet normal 1.000000e+00 0.000000e+00 0.000000e+00
    outer loop
      vertex   5.500000e+01 -1.906610e+01 -1.163198e+02
      vertex   5.500000e+01 -1.673256e+01 -1.149002e+02
      vertex   5.500000e+01 -1.869124e+01 -1.134657e+02
    endloop
  endfacet
  facet normal 1.000000e+00 0.000000e+00 -0.000000e+00
    outer loop
      vertex   5.500000e+01 -1.906610e+01 -1.163198e+02
      vertex   5.500000e+01 -1.869124e+01 -1.134657e+02
      vertex   5.500000e+01 -2.104352e+01 -1.147673e+02
    endloop
  endfacet
  facet normal 1.000000e+00 0.000000e+00 0.000000e+00
    outer loop
      vertex   5.500000e+01 -2.104352e+01 -1.147673e+02
      vertex   5.500000e+01 -1.869124e+01 -1.134657e+02
      vertex   5.500000e+01 -2.052749e+01 -1.118774e+02
    endloop
  endfacet
  facet normal 1.000000e+00 0.000000e+00 -0.000000e+00
    outer loop
      vertex   5.500000e+01 -2.104352e+01 -1.147673e+02
      vertex   5.500000e+01 -2.052749e+01 -1.118774e+02
      vertex   5.500000e+01 -2.289501e+01 -1.130666e+02
    endloop
  endfacet
  facet normal 1.000000e+00 0.000000e+00 0.000000e+00
    outer loop
      vertex   5.500000e+01 -2.289501e+01 -1.130666e+02
      vertex   5.500000e+01 -2.052749e+01 -1.118774e+02
      vertex   5.500000e+01 -2.222931e+01 -1.101459e+02
    endloop
  endfacet
  facet normal 1.000000e+00 0.000000e+00 -0.000000e+00
    outer loop
      vertex   5.500000e+01 -2.289501e+01 -1.130666e+02
      vertex   5.500000e+01 -2.222931e+01 -1.101459e+02
      vertex   5.500000e+01 -2.460950e+01 -1.112279e+02
    endloop
  endfacet
  facet normal 1.000000e+00 0.000000e+00 0.000000e+00
    outer loop
      vertex   5.500000e+01 -2.460950e+01 -1.112279e+02
      vertex   5.500000e+01 -2.222931e+01 -1.101459e+02
      vertex   5.500000e+01 -2.378555e+01 -1.082824e+02
    endloop
  endfacet
  facet normal 1.000000e+00 0.000000e+00 -0.000000e+00
    outer loop
      vertex   5.500000e+01 -2.460950e+01 -1.112279e+02
      vertex   5.500000e+01 -2.378555e+01 -1.082824e+02
      vertex   5.500000e+01 -2.617673e+01 -1.092621e+02
    endloop
  endfacet
  facet normal 1.000000e+00 0.000000e+00 0.000000e+00
    outer loop
      vertex   5.500000e+01 -2.617673e+01 -1.092621e+02
      vertex   5.500000e+01 -2.378555e+01 -1.082824e+02
      vertex   5.500000e+01 -2.518600e+01 -1.062992e+02
    endloop
  endfacet
  facet normal 1.000000e+00 0.000000e+00 -0.000000e+00
    outer loop
      vertex   5.500000e+01 -2.617673e+01 -1.092621e+02
      vertex   5.500000e+01 -2.518600e+01 -1.062992e+02
      vertex   5.500000e+01 -2.758733e+01 -1.071811e+02
    endloop
  endfacet
  facet normal 1.000000e+00 0.000000e+00 0.000000e+00
    outer loop
      vertex   5.500000e+01 -2.758733e+01 -1.071811e+02
      vertex   5.500000e+01 -2.518600e+01 -1.062992e+02
      vertex   5.500000e+01 -2.642151e+01 -1.042093e+02
    endloop
  endfacet
  facet normal 1.000000e+00 0.000000e+00 -0.000000e+00
    outer loop
      vertex   5.500000e+01 -2.758733e+01 -1.071811e+02
      vertex   5.500000e+01 -2.642151e+01 -1.042093e+02
      vertex   5.500000e+01 -2.883284e+01 -1.049972e+02
    endloop
  endfacet
  facet normal 1.000000e+00 0.000000e+00 0.000000e+00
    outer loop
      vertex   5.500000e+01 -2.883284e+01 -1.049972e+02
      vertex   5.500000e+01 -2.642151e+01 -1.042093e+02
      vertex   5.500000e+01 -2.748397e+01 -1.020263e+02
    endloop
  endfacet
  facet normal 1.000000e+00 0.000000e+00 -0.000000e+00
    outer loop
      vertex   5.500000e+01 -2.883284e+01 -1.049972e+02
      vertex   5.500000e+01 -2.748397e+01 -1.020263e+02
      vertex   5.500000e+01 -2.990582e+01 -1.027237e+02
    endloop
  endfacet
  facet normal 1.000000e+00 0.000000e+00 0.000000e+00
    outer loop
      vertex   5.500000e+01 -2.990582e+01 -1.027237e+02
      vertex   5.500000e+01 -2.748397e+01 -1.020263e+02
      vertex   5.500000e+01 -2.836643e+01 -9.976451e+01
    endloop
  endfacet
  facet normal 1.000000e+00 0.000000e+00 -0.000000e+00
    outer loop
      vertex   5.500000e+01 -2.990582e+01 -1.027237e+02
      vertex   5.500000e+01 -2.836643e+01 -9.976451e+01
      vertex   5.500000e+01 -3.079986e+01 -1.003740e+02
    endloop
  endfacet
  facet normal 1.000000e+00 0.000000e+00 0.000000e+00
    outer loop
      vertex   5.500000e+01 -3.079986e+01 -1.003740e+02
      vertex   5.500000e+01 -2.836643e+01 -9.976451e+01
      vertex   5.500000e+01 -2.906311e+01 -9.743879e+01
    endloop
  endfacet
  facet normal 1.000000e+00 0.000000e+00 -0.000000e+00
    outer loop
      vertex   5.500000e+01 -3.079986e+01 -1.003740e+02
      vertex   5.500000e+01 -2.906311e+01 -9.743879e+01
      vertex   5.500000e+01 -3.150959e+01 -9.796216e+01
    endloop
  endfacet
  facet normal 1.000000e+00 0.000000e+00 0.000000e+00
    outer loop
      vertex   5.500000e+01 -3.150959e+01 -9.796216e+01
      vertex   5.500000e+01 -2.906311e+01 -9.743879e+01
      vertex   5.500000e+01 -2.956945e+01 -9.506434e+01
    endloop
  endfacet
  facet normal 1.000000e+00 0.000000e+00 -0.000000e+00
    outer loop
      vertex   5.500000e+01 -3.150959e+01 -9.796216e+01
      vertex   5.500000e+01 -2.956945e+01 -9.506434e+01
      vertex   5.500000e+01 -3.203077e+01 -9.550273e+01
    endloop
  endfacet
  facet normal 1.000000e+00 0.000000e+00 -0.000000e+00
    outer loop
      vertex   5.500000e+01 -3.203077e+01 -9.550273e+01
      vertex   5.500000e+01 -2.956945e+01 -9.506434e+01
      vertex   5.500000e+01 -3.236028e+01 -9.301036e+01
    endloop
  endfacet
  facet normal 1.000000e+00 -0.000000e+00 0.000000e+00
    outer loop
      vertex   5.500000e+01 -3.236028e+01 -9.301036e+01
      vertex   5.500000e+01 -2.956945e+01 -9.506434e+01
      vertex   5.500000e+01 -2.988213e+01 -9.265673e+01
    endloop
  endfacet
  facet normal 1.000000e+00 0.000000e+00 -0.000000e+00
    outer loop
      vertex   5.500000e+01 -3.236028e+01 -9.301036e+01
      vertex   5.500000e+01 -2.988213e+01 -9.265673e+01
      vertex   5.500000e+01 -3.249615e+01 -9.049999e+01
    endloop
  endfacet
  facet normal 1.000000e+00 -0.000000e+00 0.000000e+00
    outer loop
      vertex   5.500000e+01 -3.249615e+01 -9.049999e+01
      vertex   5.500000e+01 -2.988213e+01 -9.265673e+01
      vertex   5.500000e+01 -2.999911e+01 -9.023172e+01
    endloop
  endfacet
  facet normal 1.000000e+00 0.000000e+00 0.000000e+00
    outer loop
      vertex   5.500000e+01 -3.249615e+01 -9.049999e+01
      vertex   5.500000e+01 -2.999911e+01 -9.023172e+01
      vertex   5.500000e+01 -3.243758e+01 -8.798662e+01
    endloop
  endfacet
  facet normal 1.000000e+00 -0.000000e+00 0.000000e+00
    outer loop
      vertex   5.500000e+01 -3.243758e+01 -8.798662e+01
      vertex   5.500000e+01 -2.999911e+01 -9.023172e+01
      vertex   5.500000e+01 -2.991961e+01 -8.780519e+01
    endloop
  endfacet
  facet normal 1.000000e+00 0.000000e+00 0.000000e+00
    outer loop
      vertex   5.500000e+01 -3.243758e+01 -8.798662e+01
      vertex   5.500000e+01 -2.991961e+01 -8.780519e+01
      vertex   5.500000e+01 -3.218490e+01 -8.548530e+01
    endloop
  endfacet
  facet normal 1.000000e+00 -0.000000e+00 0.000000e+00
    outer loop
      vertex   5.500000e+01 -3.218490e+01 -8.548530e+01
      vertex   5.500000e+01 -2.991961e+01 -8.780519e+01
      vertex   5.500000e+01 -2.964415e+01 -8.539304e+01
    endloop
  endfacet
  facet normal 1.000000e+00 0.000000e+00 0.000000e+00
    outer loop
      vertex   5.500000e+01 -3.218490e+01 -8.548530e+01
      vertex   5.500000e+01 -2.964415e+01 -8.539304e+01
      vertex   5.500000e+01 -3.173963e+01 -8.301100e+01
    endloop
  endfacet
  facet normal 1.000000e+00 0.000000e+00 0.000000e+00
    outer loop
      vertex   5.500000e+01 -3.173963e+01 -8.301100e+01
      vertex   5.500000e+01 -2.964415e+01 -8.539304e+01
      vertex   5.500000e+01 -2.917456e+01 -8.301106e+01
    endloop
  endfacet
  facet normal 1.000000e+00 -0.000000e+00 0.000000e+00
    outer loop
      vertex   5.500000e+01 -3.173963e+01 -8.301100e+01
      vertex   5.500000e+01 -2.917456e+01 -8.301106e+01
      vertex   5.500000e+01 -3.110443e+01 -8.057851e+01
    endloop
  endfacet
  facet normal 1.000000e+00 0.000000e+00 0.000000e+00
    outer loop
      vertex   5.500000e+01 -3.110443e+01 -8.057851e+01
      vertex   5.500000e+01 -2.917456e+01 -8.301106e+01
      vertex   5.500000e+01 -2.851388e+01 -8.067485e+01
    endloop
  endfacet
  facet normal 1.000000e+00 -0.000000e+00 0.000000e+00
    outer loop
      vertex   5.500000e+01 -3.110443e+01 -8.057851e+01
      vertex   5.500000e+01 -2.851388e+01 -8.067485e+01
      vertex   5.500000e+01 -3.028311e+01 -7.820241e+01
    endloop
  endfacet
  facet normal 1.000000e+00 0.000000e+00 0.000000e+00
    outer loop
      vertex   5.500000e+01 -3.028311e+01 -7.820241e+01
      vertex   5.500000e+01 -2.851388e+01 -8.067485e+01
      vertex   5.500000e+01 -2.766647e+01 -7.839971e+01
    endloop
  endfacet
  facet normal 1.000000e+00 -0.000000e+00 0.000000e+00
    outer loop
      vertex   5.500000e+01 -3.028311e+01 -7.820241e+01
      vertex   5.500000e+01 -2.766647e+01 -7.839971e+01
      vertex   5.500000e+01 -2.928058e+01 -7.589689e+01
    endloop
  endfacet
  facet normal 1.000000e+00 0.000000e+00 0.000000e+00
    outer loop
      vertex   5.500000e+01 -2.928058e+01 -7.589689e+01
      vertex   5.500000e+01 -2.766647e+01 -7.839971e+01
      vertex   5.500000e+01 -2.663785e+01 -7.620055e+01
    endloop
  endfacet
  facet normal 1.000000e+00 -0.000000e+00 0.000000e+00
    outer loop
      vertex   5.500000e+01 -2.928058e+01 -7.589689e+01
      vertex   5.500000e+01 -2.663785e+01 -7.620055e+01
      vertex   5.500000e+01 -2.810284e+01 -7.367577e+01
    endloop
  endfacet
  facet normal 1.000000e+00 0.000000e+00 0.000000e+00
    outer loop
      vertex   5.500000e+01 -2.810284e+01 -7.367577e+01
      vertex   5.500000e+01 -2.663785e+01 -7.620055e+01
      vertex   5.500000e+01 -2.543478e+01 -7.409177e+01
    endloop
  endfacet
  facet normal 1.000000e+00 -0.000000e+00 0.000000e+00
    outer loop
      vertex   5.500000e+01 -2.810284e+01 -7.367577e+01
      vertex   5.500000e+01 -2.543478e+01 -7.409177e+01
      vertex   5.500000e+01 -2.675694e+01 -7.155233e+01
    endloop
  endfacet
  facet normal 1.000000e+00 0.000000e+00 0.000000e+00
    outer loop
      vertex   5.500000e+01 -2.675694e+01 -7.155233e+01
      vertex   5.500000e+01 -2.543478e+01 -7.409177e+01
      vertex   5.500000e+01 -2.406513e+01 -7.208717e+01
    endloop
  endfacet
  facet normal 1.000000e+00 -0.000000e+00 0.000000e+00
    outer loop
      vertex   5.500000e+01 -2.675694e+01 -7.155233e+01
      vertex   5.500000e+01 -2.406513e+01 -7.208717e+01
      vertex   5.500000e+01 -2.525092e+01 -6.953928e+01
    endloop
  endfacet
  facet normal 1.000000e+00 0.000000e+00 0.000000e+00
    outer loop
      vertex   5.500000e+01 -2.525092e+01 -6.953928e+01
      vertex   5.500000e+01 -2.406513e+01 -7.208717e+01
      vertex   5.500000e+01 -2.253787e+01 -7.019989e+01
    endloop
  endfacet
  facet normal 1.000000e+00 -0.000000e+00 0.000000e+00
    outer loop
      vertex   5.500000e+01 -2.525092e+01 -6.953928e+01
      vertex   5.500000e+01 -2.253787e+01 -7.019989e+01
      vertex   5.500000e+01 -2.359381e+01 -6.764867e+01
    endloop
  endfacet
  facet normal 1.000000e+00 0.000000e+00 0.000000e+00
    outer loop
      vertex   5.500000e+01 -2.359381e+01 -6.764867e+01
      vertex   5.500000e+01 -2.253787e+01 -7.019989e+01
      vertex   5.500000e+01 -2.086300e+01 -6.844228e+01
    endloop
  endfacet
  facet normal 1.000000e+00 -0.000000e+00 0.000000e+00
    outer loop
      vertex   5.500000e+01 -2.359381e+01 -6.764867e+01
      vertex   5.500000e+01 -2.086300e+01 -6.844228e+01
      vertex   5.500000e+01 -2.179552e+01 -6.589180e+01
    endloop
  endfacet
  facet normal 1.000000e+00 0.000000e+00 0.000000e+00
    outer loop
      vertex   5.500000e+01 -2.179552e+01 -6.589180e+01
      vertex   5.500000e+01 -2.086300e+01 -6.844228e+01
      vertex   5.500000e+01 -1.905149e+01 -6.682586e+01
    endloop
  endfacet
  facet normal 1.000000e+00 -0.000000e+00 0.000000e+00
    outer loop
      vertex   5.500000e+01 -2.179552e+01 -6.589180e+01
      vertex   5.500000e+01 -1.905149e+01 -6.682586e+01
      vertex   5.500000e+01 -1.986680e+01 -6.427919e+01
    endloop
  endfacet
  facet normal 1.000000e+00 0.000000e+00 0.000000e+00
    outer loop
      vertex   5.500000e+01 -1.986680e+01 -6.427919e+01
      vertex   5.500000e+01 -1.905149e+01 -6.682586e+01
      vertex   5.500000e+01 -1.711522e+01 -6.536122e+01
    endloop
  endfacet
  facet normal 1.000000e+00 -0.000000e+00 0.000000e+00
    outer loop
      vertex   5.500000e+01 -1.986680e+01 -6.427919e+01
      vertex   5.500000e+01 -1.711522e+01 -6.536122e+01
      vertex   5.500000e+01 -1.781921e+01 -6.282049e+01
    endloop
  endfacet
  facet normal 1.000000e+00 0.000000e+00 0.000000e+00
    outer loop
      vertex   5.500000e+01 -1.781921e+01 -6.282049e+01
      vertex   5.500000e+01 -1.711522e+01 -6.536122e+01
      vertex   5.500000e+01 -1.506684e+01 -6.405794e+01
    endloop
  endfacet
  facet normal 1.000000e+00 -0.000000e+00 0.000000e+00
    outer loop
      vertex   5.500000e+01 -1.781921e+01 -6.282049e+01
      vertex   5.500000e+01 -1.506684e+01 -6.405794e+01
      vertex   5.500000e+01 -1.566499e+01 -6.152443e+01
    endloop
  endfacet
  facet normal 1.000000e+00 0.000000e+00 0.000000e+00
    outer loop
      vertex   5.500000e+01 -1.566499e+01 -6.152443e+01
      vertex   5.500000e+01 -1.506684e+01 -6.405794e+01
      vertex   5.500000e+01 -1.291979e+01 -6.292457e+01
    endloop
  endfacet
  facet normal 1.000000e+00 -0.000000e+00 0.000000e+00
    outer loop
      vertex   5.500000e+01 -1.566499e+01 -6.152443e+01
      vertex   5.500000e+01 -1.291979e+01 -6.292457e+01
      vertex   5.500000e+01 -1.341703e+01 -6.039876e+01
    endloop
  endfacet
  facet normal 1.000000e+00 0.000000e+00 0.000000e+00
    outer loop
      vertex   5.500000e+01 -1.341703e+01 -6.039876e+01
      vertex   5.500000e+01 -1.291979e+01 -6.292457e+01
      vertex   5.500000e+01 -1.068813e+01 -6.196852e+01
    endloop
  endfacet
  facet normal 1.000000e+00 -0.000000e+00 0.000000e+00
    outer loop
      vertex   5.500000e+01 -1.341703e+01 -6.039876e+01
      vertex   5.500000e+01 -1.068813e+01 -6.196852e+01
      vertex   5.500000e+01 -1.108878e+01 -5.945022e+01
    endloop
  endfacet
  facet normal 1.000000e+00 0.000000e+00 0.000000e+00
    outer loop
      vertex   5.500000e+01 -1.108878e+01 -5.945022e+01
      vertex   5.500000e+01 -1.068813e+01 -6.196852e+01
      vertex   5.500000e+01 -8.386465e+00 -6.119606e+01
    endloop
  endfacet
  facet normal 1.000000e+00 -0.000000e+00 0.000000e+00
    outer loop
      vertex   5.500000e+01 -1.108878e+01 -5.945022e+01
      vertex   5.500000e+01 -8.386465e+00 -6.119606e+01
      vertex   5.500000e+01 -8.694185e+00 -5.868449e+01
    endloop
  endfacet
  facet normal 1.000000e+00 0.000000e+00 0.000000e+00
    outer loop
      vertex   5.500000e+01 -8.694185e+00 -5.868449e+01
      vertex   5.500000e+01 -8.386465e+00 -6.119606e+01
      vertex   5.500000e+01 -6.029876e+00 -6.061224e+01
    endloop
  endfacet
  facet normal 1.000000e+00 -0.000000e+00 0.000000e+00
    outer loop
      vertex   5.500000e+01 -8.694185e+00 -5.868449e+01
      vertex   5.500000e+01 -6.029876e+00 -6.061224e+01
      vertex   5.500000e+01 -6.247561e+00 -5.810615e+01
    endloop
  endfacet
  facet normal 1.000000e+00 0.000000e+00 0.000000e+00
    outer loop
      vertex   5.500000e+01 -6.247561e+00 -5.810615e+01
      vertex   5.500000e+01 -6.029876e+00 -6.061224e+01
      vertex   5.500000e+01 -3.633795e+00 -6.022089e+01
    endloop
  endfacet
  facet normal 1.000000e+00 -0.000000e+00 0.000000e+00
    outer loop
      vertex   5.500000e+01 -6.247561e+00 -5.810615e+01
      vertex   5.500000e+01 -3.633795e+00 -6.022089e+01
      vertex   5.500000e+01 -3.763553e+00 -5.771865e+01
    endloop
  endfacet
  facet normal 1.000000e+00 0.000000e+00 0.000000e+00
    outer loop
      vertex   5.500000e+01 -3.763553e+00 -5.771865e+01
      vertex   5.500000e+01 -3.633795e+00 -6.022089e+01
      vertex   5.500000e+01 -1.213915e+00 -6.002457e+01
    endloop
  endfacet
  facet normal 1.000000e+00 -0.000000e+00 0.000000e+00
    outer loop
      vertex   5.500000e+01 -3.763553e+00 -5.771865e+01
      vertex   5.500000e+01 -1.213915e+00 -6.002457e+01
      vertex   5.500000e+01 -1.257025e+00 -5.752432e+01
    endloop
  endfacet
  facet normal 1.000000e+00 0.000000e+00 0.000000e+00
    outer loop
      vertex   5.500000e+01 -1.257025e+00 -5.752432e+01
      vertex   5.500000e+01 -1.213915e+00 -6.002457e+01
      vertex   5.500000e+01 1.213915e+00 -6.002457e+01
    endloop
  endfacet
  facet normal 1.000000e+00 0.000000e+00 0.000000e+00
    outer loop
      vertex   5.500000e+01 -1.257025e+00 -5.752432e+01
      vertex   5.500000e+01 1.213915e+00 -6.002457e+01
      vertex   5.500000e+01 1.257025e+00 -5.752432e+01
    endloop
  endfacet
  facet normal 1.000000e+00 0.000000e+00 0.000000e+00
    outer loop
      vertex   5.500000e+01 1.257025e+00 -5.752432e+01
      vertex   5.500000e+01 1.213915e+00 -6.002457e+01
      vertex   5.500000e+01 3.763553e+00 -5.771865e+01
    endloop
  endfacet
  facet normal 1.000000e+00 0.000000e+00 0.000000e+00
    outer loop
      vertex   5.500000e+01 3.763553e+00 -5.771865e+01
      vertex   5.500000e+01 1.213915e+00 -6.002457e+01
      vertex   5.500000e+01 3.633795e+00 -6.022089e+01
    endloop
  endfacet
  facet normal 1.000000e+00 0.000000e+00 0.000000e+00
    outer loop
      vertex   5.500000e+01 3.763553e+00 -5.771865e+01
      vertex   5.500000e+01 3.633795e+00 -6.022089e+01
      vertex   5.500000e+01 6.247561e+00 -5.810615e+01
    endloop
  endfacet
  facet normal 1.000000e+00 0.000000e+00 0.000000e+00
    outer loop
      vertex   5.500000e+01 6.247561e+00 -5.810615e+01
      vertex   5.500000e+01 3.633795e+00 -6.022089e+01
      vertex   5.500000e+01 6.029876e+00 -6.061224e+01
    endloop
  endfacet
  facet normal 1.000000e+00 0.000000e+00 0.000000e+00
    outer loop
      vertex   5.500000e+01 6.247561e+00 -5.810615e+01
      vertex   5.500000e+01 6.029876e+00 -6.061224e+01
      vertex   5.500000e+01 8.694185e+00 -5.868449e+01
    endloop
  endfacet
  facet normal 1.000000e+00 0.000000e+00 0.000000e+00
    outer loop
      vertex   5.500000e+01 8.694185e+00 -5.868449e+01
      vertex   5.500000e+01 6.029876e+00 -6.061224e+01
      vertex   5.500000e+01 8.386465e+00 -6.119606e+01
    endloop
  endfacet
  facet normal 1.000000e+00 0.000000e+00 0.000000e+00
    outer loop
      vertex   5.500000e+01 8.694185e+00 -5.868449e+01
      vertex   5.500000e+01 8.386465e+00 -6.119606e+01
      vertex   5.500000e+01 1.108878e+01 -5.945022e+01
    endloop
  endfacet
  facet normal 1.000000e+00 0.000000e+00 0.000000e+00
    outer loop
      vertex   5.500000e+01 1.108878e+01 -5.945022e+01
      vertex   5.500000e+01 8.386465e+00 -6.119606e+01
      vertex   5.500000e+01 1.068813e+01 -6.196852e+01
    endloop
  endfacet
  facet normal 1.000000e+00 0.000000e+00 0.000000e+00
    outer loop
      vertex   5.500000e+01 1.108878e+01 -5.945022e+01
      vertex   5.500000e+01 1.068813e+01 -6.196852e+01
      vertex   5.500000e+01 1.341703e+01 -6.039876e+01
    endloop
  endfacet
  facet normal 1.000000e+00 0.000000e+00 0.000000e+00
    outer loop
      vertex   5.500000e+01 1.341703e+01 -6.039876e+01
      vertex   5.500000e+01 1.068813e+01 -6.196852e+01
      vertex   5.500000e+01 1.291979e+01 -6.292457e+01
    endloop
  endfacet
  facet normal 1.000000e+00 0.000000e+00 0.000000e+00
    outer loop
      vertex   5.500000e+01 1.341703e+01 -6.039876e+01
      vertex   5.500000e+01 1.291979e+01 -6.292457e+01
      vertex   5.500000e+01 1.566499e+01 -6.152443e+01
    endloop
  endfacet
  facet normal 1.000000e+00 0.000000e+00 0.000000e+00
    outer loop
      vertex   5.500000e+01 1.566499e+01 -6.152443e+01
      vertex   5.500000e+01 1.291979e+01 -6.292457e+01
      vertex   5.500000e+01 1.506684e+01 -6.405794e+01
    endloop
  endfacet
  facet normal 1.000000e+00 0.000000e+00 0.000000e+00
    outer loop
      vertex   5.500000e+01 1.566499e+01 -6.152443e+01
      vertex   5.500000e+01 1.506684e+01 -6.405794e+01
      vertex   5.500000e+01 1.781921e+01 -6.282049e+01
    endloop
  endfacet
  facet normal 1.000000e+00 0.000000e+00 0.000000e+00
    outer loop
      vertex   5.500000e+01 1.781921e+01 -6.282049e+01
      vertex   5.500000e+01 1.506684e+01 -6.405794e+01
      vertex   5.500000e+01 1.711522e+01 -6.536122e+01
    endloop
  endfacet
  facet normal 1.000000e+00 0.000000e+00 0.000000e+00
    outer loop
      vertex   5.500000e+01 1.781921e+01 -6.282049e+01
      vertex   5.500000e+01 1.711522e+01 -6.536122e+01
      vertex   5.500000e+01 1.986680e+01 -6.427919e+01
    endloop
  endfacet
  facet normal 1.000000e+00 0.000000e+00 0.000000e+00
    outer loop
      vertex   5.500000e+01 1.986680e+01 -6.427919e+01
      vertex   5.500000e+01 1.711522e+01 -6.536122e+01
      vertex   5.500000e+01 1.905149e+01 -6.682586e+01
    endloop
  endfacet
  facet normal 1.000000e+00 0.000000e+00 0.000000e+00
    outer loop
      vertex   5.500000e+01 1.986680e+01 -6.427919e+01
      vertex   5.500000e+01 1.905149e+01 -6.682586e+01
      vertex   5.500000e+01 2.179552e+01 -6.589180e+01
    endloop
  endfacet
  facet normal 1.000000e+00 0.000000e+00 0.000000e+00
    outer loop
      vertex   5.500000e+01 2.179552e+01 -6.589180e+01
      vertex   5.500000e+01 1.905149e+01 -6.682586e+01
      vertex   5.500000e+01 2.086300e+01 -6.844228e+01
    endloop
  endfacet
  facet normal 1.000000e+00 0.000000e+00 0.000000e+00
    outer loop
      vertex   5.500000e+01 2.179552e+01 -6.589180e+01
      vertex   5.500000e+01 2.086300e+01 -6.844228e+01
      vertex   5.500000e+01 2.359381e+01 -6.764867e+01
    endloop
  endfacet
  facet normal 1.000000e+00 0.000000e+00 0.000000e+00
    outer loop
      vertex   5.500000e+01 2.359381e+01 -6.764867e+01
      vertex   5.500000e+01 2.086300e+01 -6.844228e+01
      vertex   5.500000e+01 2.253787e+01 -7.019989e+01
    endloop
  endfacet
  facet normal 1.000000e+00 0.000000e+00 0.000000e+00
    outer loop
      vertex   5.500000e+01 2.359381e+01 -6.764867e+01
      vertex   5.500000e+01 2.253787e+01 -7.019989e+01
      vertex   5.500000e+01 2.525092e+01 -6.953928e+01
    endloop
  endfacet
  facet normal 1.000000e+00 0.000000e+00 0.000000e+00
    outer loop
      vertex   5.500000e+01 2.525092e+01 -6.953928e+01
      vertex   5.500000e+01 2.253787e+01 -7.019989e+01
      vertex   5.500000e+01 2.406513e+01 -7.208717e+01
    endloop
  endfacet
  facet normal 1.000000e+00 0.000000e+00 0.000000e+00
    outer loop
      vertex   5.500000e+01 2.525092e+01 -6.953928e+01
      vertex   5.500000e+01 2.406513e+01 -7.208717e+01
      vertex   5.500000e+01 2.675694e+01 -7.155233e+01
    endloop
  endfacet
  facet normal 1.000000e+00 0.000000e+00 0.000000e+00
    outer loop
      vertex   5.500000e+01 2.675694e+01 -7.155233e+01
      vertex   5.500000e+01 2.406513e+01 -7.208717e+01
      vertex   5.500000e+01 2.543478e+01 -7.409177e+01
    endloop
  endfacet
  facet normal 1.000000e+00 0.000000e+00 0.000000e+00
    outer loop
      vertex   5.500000e+01 2.675694e+01 -7.155233e+01
      vertex   5.500000e+01 2.543478e+01 -7.409177e+01
      vertex   5.500000e+01 2.810284e+01 -7.367577e+01
    endloop
  endfacet
  facet normal 1.000000e+00 0.000000e+00 0.000000e+00
    outer loop
      vertex   5.500000e+01 2.810284e+01 -7.367577e+01
      vertex   5.500000e+01 2.543478e+01 -7.409177e+01
      vertex   5.500000e+01 2.663785e+01 -7.620055e+01
    endloop
  endfacet
  facet normal 1.000000e+00 0.000000e+00 0.000000e+00
    outer loop
      vertex   5.500000e+01 2.810284e+01 -7.367577e+01
      vertex   5.500000e+01 2.663785e+01 -7.620055e+01
      vertex   5.500000e+01 2.928058e+01 -7.589689e+01
    endloop
  endfacet
  facet normal 1.000000e+00 0.000000e+00 0.000000e+00
    outer loop
      vertex   5.500000e+01 2.928058e+01 -7.589689e+01
      vertex   5.500000e+01 2.663785e+01 -7.620055e+01
      vertex   5.500000e+01 2.766647e+01 -7.839971e+01
    endloop
  endfacet
  facet normal 1.000000e+00 0.000000e+00 0.000000e+00
    outer loop
      vertex   5.500000e+01 2.928058e+01 -7.589689e+01
      vertex   5.500000e+01 2.766647e+01 -7.839971e+01
      vertex   5.500000e+01 3.028311e+01 -7.820241e+01
    endloop
  endfacet
  facet normal 1.000000e+00 0.000000e+00 0.000000e+00
    outer loop
      vertex   5.500000e+01 3.028311e+01 -7.820241e+01
      vertex   5.500000e+01 2.766647e+01 -7.839971e+01
      vertex   5.500000e+01 2.851388e+01 -8.067485e+01
    endloop
  endfacet
  facet normal 1.000000e+00 0.000000e+00 0.000000e+00
    outer loop
      vertex   5.500000e+01 3.028311e+01 -7.820241e+01
      vertex   5.500000e+01 2.851388e+01 -8.067485e+01
      vertex   5.500000e+01 3.110443e+01 -8.057851e+01
    endloop
  endfacet
  facet normal 1.000000e+00 0.000000e+00 0.000000e+00
    outer loop
      vertex   5.500000e+01 3.110443e+01 -8.057851e+01
      vertex   5.500000e+01 2.851388e+01 -8.067485e+01
      vertex   5.500000e+01 2.917456e+01 -8.301106e+01
    endloop
  endfacet
  facet normal 1.000000e+00 0.000000e+00 0.000000e+00
    outer loop
      vertex   5.500000e+01 3.110443e+01 -8.057851e+01
      vertex   5.500000e+01 2.917456e+01 -8.301106e+01
      vertex   5.500000e+01 3.173963e+01 -8.301100e+01
    endloop
  endfacet
  facet normal 1.000000e+00 0.000000e+00 0.000000e+00
    outer loop
      vertex   5.500000e+01 3.173963e+01 -8.301100e+01
      vertex   5.500000e+01 2.917456e+01 -8.301106e+01
      vertex   5.500000e+01 2.964415e+01 -8.539304e+01
    endloop
  endfacet
  facet normal 1.000000e+00 0.000000e+00 0.000000e+00
    outer loop
      vertex   5.500000e+01 3.173963e+01 -8.301100e+01
      vertex   5.500000e+01 2.964415e+01 -8.539304e+01
      vertex   5.500000e+01 3.218490e+01 -8.548530e+01
    endloop
  endfacet
  facet normal 1.000000e+00 0.000000e+00 0.000000e+00
    outer loop
      vertex   5.500000e+01 3.218490e+01 -8.548530e+01
      vertex   5.500000e+01 2.964415e+01 -8.539304e+01
      vertex   5.500000e+01 2.991961e+01 -8.780519e+01
    endloop
  endfacet
  facet normal 1.000000e+00 0.000000e+00 0.000000e+00
    outer loop
      vertex   5.500000e+01 3.218490e+01 -8.548530e+01
      vertex   5.500000e+01 2.991961e+01 -8.780519e+01
      vertex   5.500000e+01 3.243758e+01 -8.798662e+01
    endloop
  endfacet
  facet normal 1.000000e+00 0.000000e+00 0.000000e+00
    outer loop
      vertex   5.500000e+01 3.243758e+01 -8.798662e+01
      vertex   5.500000e+01 2.991961e+01 -8.780519e+01
      vertex   5.500000e+01 2.999911e+01 -9.023172e+01
    endloop
  endfacet
  facet normal 1.000000e+00 0.000000e+00 0.000000e+00
    outer loop
      vertex   5.500000e+01 3.243758e+01 -8.798662e+01
      vertex   5.500000e+01 2.999911e+01 -9.023172e+01
      vertex   5.500000e+01 3.249615e+01 -9.049999e+01
    endloop
  endfacet
  facet normal 1.000000e+00 0.000000e+00 0.000000e+00
    outer loop
      vertex   5.500000e+01 3.249615e+01 -9.049999e+01
      vertex   5.500000e+01 2.999911e+01 -9.023172e+01
      vertex   5.500000e+01 2.988213e+01 -9.265673e+01
    endloop
  endfacet
  facet normal 1.000000e+00 0.000000e+00 0.000000e+00
    outer loop
      vertex   5.500000e+01 3.249615e+01 -9.049999e+01
      vertex   5.500000e+01 2.988213e+01 -9.265673e+01
      vertex   5.500000e+01 3.236028e+01 -9.301036e+01
    endloop
  endfacet
  facet normal 1.000000e+00 0.000000e+00 0.000000e+00
    outer loop
      vertex   5.500000e+01 3.236028e+01 -9.301036e+01
      vertex   5.500000e+01 2.988213e+01 -9.265673e+01
      vertex   5.500000e+01 2.956945e+01 -9.506434e+01
    endloop
  endfacet
  facet normal 1.000000e+00 0.000000e+00 0.000000e+00
    outer loop
      vertex   5.500000e+01 3.236028e+01 -9.301036e+01
      vertex   5.500000e+01 2.956945e+01 -9.506434e+01
      vertex   5.500000e+01 3.203077e+01 -9.550273e+01
    endloop
  endfacet
  facet normal 1.000000e+00 0.000000e+00 0.000000e+00
    outer loop
      vertex   5.500000e+01 3.203077e+01 -9.550273e+01
      vertex   5.500000e+01 2.956945e+01 -9.506434e+01
      vertex   5.500000e+01 3.150959e+01 -9.796216e+01
    endloop
  endfacet
  facet normal 1.000000e+00 0.000000e+00 0.000000e+00
    outer loop
      vertex   5.500000e+01 3.150959e+01 -9.796216e+01
      vertex   5.500000e+01 2.956945e+01 -9.506434e+01
      vertex   5.500000e+01 2.906311e+01 -9.743879e+01
    endloop
  endfacet
  facet normal 1.000000e+00 0.000000e+00 0.000000e+00
    outer loop
      vertex   5.500000e+01 3.150959e+01 -9.796216e+01
      vertex   5.500000e+01 2.906311e+01 -9.743879e+01
      vertex   5.500000e+01 3.079986e+01 -1.003740e+02
    endloop
  endfacet
  facet normal 1.000000e+00 0.000000e+00 0.000000e+00
    outer loop
      vertex   5.500000e+01 3.079986e+01 -1.003740e+02
      vertex   5.500000e+01 2.906311e+01 -9.743879e+01
      vertex   5.500000e+01 2.836643e+01 -9.976451e+01
    endloop
  endfacet
  facet normal 1.000000e+00 0.000000e+00 0.000000e+00
    outer loop
      vertex   5.500000e+01 3.079986e+01 -1.003740e+02
      vertex   5.500000e+01 2.836643e+01 -9.976451e+01
      vertex   5.500000e+01 2.990582e+01 -1.027237e+02
    endloop
  endfacet
  facet normal 1.000000e+00 0.000000e+00 0.000000e+00
    outer loop
      vertex   5.500000e+01 2.990582e+01 -1.027237e+02
      vertex   5.500000e+01 2.836643e+01 -9.976451e+01
      vertex   5.500000e+01 2.748397e+01 -1.020263e+02
    endloop
  endfacet
  facet normal 1.000000e+00 0.000000e+00 0.000000e+00
    outer loop
      vertex   5.500000e+01 2.990582e+01 -1.027237e+02
      vertex   5.500000e+01 2.748397e+01 -1.020263e+02
      vertex   5.500000e+01 2.883284e+01 -1.049972e+02
    endloop
  endfacet
  facet normal 1.000000e+00 0.000000e+00 0.000000e+00
    outer loop
      vertex   5.500000e+01 2.883284e+01 -1.049972e+02
      vertex   5.500000e+01 2.748397e+01 -1.020263e+02
      vertex   5.500000e+01 2.642151e+01 -1.042093e+02
    endloop
  endfacet
  facet normal 1.000000e+00 0.000000e+00 0.000000e+00
    outer loop
      vertex   5.500000e+01 2.883284e+01 -1.049972e+02
      vertex   5.500000e+01 2.642151e+01 -1.042093e+02
      vertex   5.500000e+01 2.758733e+01 -1.071811e+02
    endloop
  endfacet
  facet normal 1.000000e+00 0.000000e+00 0.000000e+00
    outer loop
      vertex   5.500000e+01 2.758733e+01 -1.071811e+02
      vertex   5.500000e+01 2.642151e+01 -1.042093e+02
      vertex   5.500000e+01 2.518600e+01 -1.062992e+02
    endloop
  endfacet
  facet normal 1.000000e+00 0.000000e+00 0.000000e+00
    outer loop
      vertex   5.500000e+01 2.758733e+01 -1.071811e+02
      vertex   5.500000e+01 2.518600e+01 -1.062992e+02
      vertex   5.500000e+01 2.617673e+01 -1.092621e+02
    endloop
  endfacet
  facet normal 1.000000e+00 0.000000e+00 0.000000e+00
    outer loop
      vertex   5.500000e+01 2.617673e+01 -1.092621e+02
      vertex   5.500000e+01 2.518600e+01 -1.062992e+02
      vertex   5.500000e+01 2.378555e+01 -1.082824e+02
    endloop
  endfacet
  facet normal 1.000000e+00 0.000000e+00 0.000000e+00
    outer loop
      vertex   5.500000e+01 2.617673e+01 -1.092621e+02
      vertex   5.500000e+01 2.378555e+01 -1.082824e+02
      vertex   5.500000e+01 2.460950e+01 -1.112279e+02
    endloop
  endfacet
  facet normal 1.000000e+00 0.000000e+00 0.000000e+00
    outer loop
      vertex   5.500000e+01 2.460950e+01 -1.112279e+02
      vertex   5.500000e+01 2.378555e+01 -1.082824e+02
      vertex   5.500000e+01 2.222931e+01 -1.101459e+02
    endloop
  endfacet
  facet normal 1.000000e+00 0.000000e+00 0.000000e+00
    outer loop
      vertex   5.500000e+01 2.460950e+01 -1.112279e+02
      vertex   5.500000e+01 2.222931e+01 -1.101459e+02
      vertex   5.500000e+01 2.289501e+01 -1.130666e+02
    endloop
  endfacet
  facet normal 1.000000e+00 0.000000e+00 0.000000e+00
    outer loop
      vertex   5.500000e+01 2.289501e+01 -1.130666e+02
      vertex   5.500000e+01 2.222931e+01 -1.101459e+02
      vertex   5.500000e+01 2.052749e+01 -1.118774e+02
    endloop
  endfacet
  facet normal 1.000000e+00 0.000000e+00 0.000000e+00
    outer loop
      vertex   5.500000e+01 2.289501e+01 -1.130666e+02
      vertex   5.500000e+01 2.052749e+01 -1.118774e+02
      vertex   5.500000e+01 2.104352e+01 -1.147673e+02
    endloop
  endfacet
  facet normal 1.000000e+00 0.000000e+00 0.000000e+00
    outer loop
      vertex   5.500000e+01 2.104352e+01 -1.147673e+02
      vertex   5.500000e+01 2.052749e+01 -1.118774e+02
      vertex   5.500000e+01 1.869124e+01 -1.134657e+02
    endloop
  endfacet
  facet normal 1.000000e+00 0.000000e+00 0.000000e+00
    outer loop
      vertex   5.500000e+01 2.104352e+01 -1.147673e+02
      vertex   5.500000e+01 1.869124e+01 -1.134657e+02
      vertex   5.500000e+01 1.906610e+01 -1.163198e+02
    endloop
  endfacet
  facet normal 1.000000e+00 0.000000e+00 0.000000e+00
    outer loop
      vertex   5.500000e+01 1.906610e+01 -1.163198e+02
      vertex   5.500000e+01 1.869124e+01 -1.134657e+02
      vertex   5.500000e+01 1.673256e+01 -1.149002e+02
    endloop
  endfacet
  facet normal 1.000000e+00 0.000000e+00 0.000000e+00
    outer loop
      vertex   5.500000e+01 1.906610e+01 -1.163198e+02
      vertex   5.500000e+01 1.673256e+01 -1.149002e+02
      vertex   5.500000e+01 1.697460e+01 -1.177148e+02
    endloop
  endfacet
  facet normal 1.000000e+00 0.000000e+00 0.000000e+00
    outer loop
      vertex   5.500000e+01 1.697460e+01 -1.177148e+02
      vertex   5.500000e+01 1.673256e+01 -1.149002e+02
      vertex   5.500000e+01 1.466430e+01 -1.161717e+02
    endloop
  endfacet
  facet normal 1.000000e+00 0.000000e+00 0.000000e+00
    outer loop
      vertex   5.500000e+01 1.697460e+01 -1.177148e+02
      vertex   5.500000e+01 1.466430e+01 -1.161717e+02
      vertex   5.500000e+01 1.478153e+01 -1.189440e+02
    endloop
  endfacet
  facet normal 1.000000e+00 0.000000e+00 0.000000e+00
    outer loop
      vertex   5.500000e+01 1.478153e+01 -1.189440e+02
      vertex   5.500000e+01 1.466430e+01 -1.161717e+02
      vertex   5.500000e+01 1.250000e+01 -1.172718e+02
    endloop
  endfacet
  facet normal 1.000000e+00 0.000000e+00 0.000000e+00
    outer loop
      vertex   5.500000e+01 1.478153e+01 -1.189440e+02
      vertex   5.500000e+01 1.250000e+01 -1.172718e+02
      vertex   5.500000e+01 1.250000e+01 -1.200000e+02
    endloop
  endfacet
  facet normal -1.130336e-01 4.502055e-01 8.857417e-01
    outer loop
      vertex   5.500000e+01 -1.250000e+01 -1.172718e+02
      vertex   5.498630e+01 -1.253557e+01 -1.172554e+02
      vertex   5.500000e+01 -1.466430e+01 -1.161717e+02
    endloop
  endfacet
  facet normal -1.092440e-01 4.504172e-01 8.861095e-01
    outer loop
      vertex   5.500000e+01 -1.466430e+01 -1.161717e+02
      vertex   5.498630e+01 -1.253557e+01 -1.172554e+02
      vertex   5.497259e+01 -1.257111e+01 -1.172391e+02
    endloop
  endfacet
  facet normal -1.055264e-01 4.506383e-01 8.864476e-01
    outer loop
      vertex   5.500000e+01 -1.466430e+01 -1.161717e+02
      vertex   5.497259e+01 -1.257111e+01 -1.172391e+02
      vertex   5.495884e+01 -1.260662e+01 -1.172227e+02
    endloop
  endfacet
  facet normal -1.018803e-01 4.508691e-01 8.867567e-01
    outer loop
      vertex   5.495884e+01 -1.260662e+01 -1.172227e+02
      vertex   5.494508e+01 -1.264210e+01 -1.172062e+02
      vertex   5.500000e+01 -1.466430e+01 -1.161717e+02
    endloop
  endfacet
  facet normal -2.125793e-03 4.553864e-01 8.902914e-01
    outer loop
      vertex   5.500000e+01 -1.466430e+01 -1.161717e+02
      vertex   5.494508e+01 -1.264210e+01 -1.172062e+02
      vertex   4.500000e+01 -1.378211e+01 -1.166468e+02
    endloop
  endfacet
  facet normal 4.473803e-04 4.780991e-01 8.783058e-01
    outer loop
      vertex   5.500000e+01 -1.466430e+01 -1.161717e+02
      vertex   4.500000e+01 -1.378211e+01 -1.166468e+02
      vertex   4.500000e+01 -1.489742e+01 -1.160397e+02
    endloop
  endfacet
  facet normal 0.000000e+00 4.405021e-01 8.977516e-01
    outer loop
      vertex   5.494508e+01 -1.264210e+01 -1.172062e+02
      vertex   4.502376e+01 -1.264210e+01 -1.172062e+02
      vertex   4.500000e+01 -1.378211e+01 -1.166468e+02
    endloop
  endfacet
  facet normal -9.935606e-14 4.405021e-01 8.977516e-01
    outer loop
      vertex   4.500000e+01 -1.378211e+01 -1.166468e+02
      vertex   4.502376e+01 -1.264210e+01 -1.172062e+02
      vertex   4.500000e+01 -1.264210e+01 -1.172062e+02
    endloop
  endfacet
  facet normal -9.128178e-14 4.069686e-01 9.134421e-01
    outer loop
      vertex   4.500000e+01 -1.264210e+01 -1.172062e+02
      vertex   4.502376e+01 -1.264210e+01 -1.172062e+02
      vertex   4.502376e+01 -1.177295e+01 -1.175934e+02
    endloop
  endfacet
  facet normal 3.026702e-01 3.809643e-01 8.736458e-01
    outer loop
      vertex   4.500000e+01 -1.264210e+01 -1.172062e+02
      vertex   4.502376e+01 -1.177295e+01 -1.175934e+02
      vertex   4.500000e+01 -1.133388e+01 -1.177767e+02
    endloop
  endfacet
  facet normal -1.568230e-01 3.731213e-01 9.144326e-01
    outer loop
      vertex   4.500000e+01 -1.133388e+01 -1.177767e+02
      vertex   4.502376e+01 -1.177295e+01 -1.175934e+02
      vertex   4.502376e+01 -1.089195e+01 -1.179529e+02
    endloop
  endfacet
  facet normal 3.026702e-01 3.389829e-01 8.907757e-01
    outer loop
      vertex   4.500000e+01 -1.133388e+01 -1.177767e+02
      vertex   4.502376e+01 -1.089195e+01 -1.179529e+02
      vertex   4.500000e+01 -1.000000e+01 -1.182843e+02
    endloop
  endfacet
  facet normal -5.207320e-14 3.482430e-01 9.374043e-01
    outer loop
      vertex   4.500000e+01 -1.000000e+01 -1.182843e+02
      vertex   4.502376e+01 -1.089195e+01 -1.179529e+02
      vertex   4.502376e+01 -1.000000e+01 -1.182843e+02
    endloop
  endfacet
  facet normal -6.865467e-04 5.148396e-01 8.572863e-01
    outer loop
      vertex   4.500000e+01 -1.489742e+01 -1.160397e+02
      vertex   4.500000e+01 -1.598604e+01 -1.153859e+02
      vertex   5.500000e+01 -1.466430e+01 -1.161717e+02
    endloop
  endfacet
  facet normal -2.282470e-03 5.237086e-01 8.518944e-01
    outer loop
      vertex   5.500000e+01 -1.466430e+01 -1.161717e+02
      vertex   4.500000e+01 -1.598604e+01 -1.153859e+02
      vertex   5.500000e+01 -1.673256e+01 -1.149002e+02
    endloop
  endfacet
  facet normal 5.629949e-04 5.506577e-01 8.347310e-01
    outer loop
      vertex   5.500000e+01 -1.673256e+01 -1.149002e+02
      vertex   4.500000e+01 -1.598604e+01 -1.153859e+02
      vertex   4.500000e+01 -1.704602e+01 -1.146867e+02
    endloop
  endfacet
  facet normal -1.042399e-03 5.854889e-01 8.106797e-01
    outer loop
      vertex   5.500000e+01 -1.673256e+01 -1.149002e+02
      vertex   4.500000e+01 -1.704602e+01 -1.146867e+02
      vertex   4.500000e+01 -1.807546e+01 -1.139432e+02
    endloop
  endfacet
  facet normal -2.141646e-03 5.908792e-01 8.067572e-01
    outer loop
      vertex   5.500000e+01 -1.673256e+01 -1.149002e+02
      vertex   4.500000e+01 -1.807546e+01 -1.139432e+02
      vertex   5.500000e+01 -1.869124e+01 -1.134657e+02
    endloop
  endfacet
  facet normal 6.372518e-04 6.192716e-01 7.851766e-01
    outer loop
      vertex   5.500000e+01 -1.869124e+01 -1.134657e+02
      vertex   4.500000e+01 -1.807546e+01 -1.139432e+02
      vertex   4.500000e+01 -1.907252e+01 -1.131568e+02
    endloop
  endfacet
  facet normal -1.439587e-03 6.519440e-01 7.582658e-01
    outer loop
      vertex   5.500000e+01 -1.869124e+01 -1.134657e+02
      vertex   4.500000e+01 -1.907252e+01 -1.131568e+02
      vertex   4.500000e+01 -2.003540e+01 -1.123290e+02
    endloop
  endfacet
  facet normal -1.959468e-03 6.541800e-01 7.563363e-01
    outer loop
      vertex   5.500000e+01 -1.869124e+01 -1.134657e+02
      vertex   4.500000e+01 -2.003540e+01 -1.123290e+02
      vertex   5.500000e+01 -2.052749e+01 -1.118774e+02
    endloop
  endfacet
  facet normal 6.701499e-04 6.834493e-01 7.299976e-01
    outer loop
      vertex   5.500000e+01 -2.052749e+01 -1.118774e+02
      vertex   4.500000e+01 -2.003540e+01 -1.123290e+02
      vertex   4.500000e+01 -2.096238e+01 -1.114611e+02
    endloop
  endfacet
  facet normal -1.832394e-03 7.131964e-01 7.009619e-01
    outer loop
      vertex   5.500000e+01 -2.052749e+01 -1.118774e+02
      vertex   4.500000e+01 -2.096238e+01 -1.114611e+02
      vertex   5.500000e+01 -2.222931e+01 -1.101459e+02
    endloop
  endfacet
  facet normal -1.693688e-03 7.137288e-01 7.004201e-01
    outer loop
      vertex   5.500000e+01 -2.222931e+01 -1.101459e+02
      vertex   4.500000e+01 -2.096238e+01 -1.114611e+02
      vertex   4.500000e+01 -2.185181e+01 -1.105548e+02
    endloop
  endfacet
  facet normal 6.616887e-04 7.427312e-01 6.695894e-01
    outer loop
      vertex   5.500000e+01 -2.222931e+01 -1.101459e+02
      vertex   4.500000e+01 -2.185181e+01 -1.105548e+02
      vertex   4.500000e+01 -2.270209e+01 -1.096116e+02
    endloop
  endfacet
  facet normal -2.039005e-03 7.675414e-01 6.409962e-01
    outer loop
      vertex   5.500000e+01 -2.222931e+01 -1.101459e+02
      vertex   4.500000e+01 -2.270209e+01 -1.096116e+02
      vertex   5.500000e+01 -2.378555e+01 -1.082824e+02
    endloop
  endfacet
  facet normal -1.272081e-03 7.704016e-01 6.375577e-01
    outer loop
      vertex   5.500000e+01 -2.378555e+01 -1.082824e+02
      vertex   4.500000e+01 -2.270209e+01 -1.096116e+02
      vertex   4.500000e+01 -2.351169e+01 -1.086333e+02
    endloop
  endfacet
  facet normal 6.118685e-04 7.966926e-01 6.043845e-01
    outer loop
      vertex   5.500000e+01 -2.378555e+01 -1.082824e+02
      vertex   4.500000e+01 -2.351169e+01 -1.086333e+02
      vertex   4.500000e+01 -2.427917e+01 -1.076216e+02
    endloop
  endfacet
  facet normal -2.204263e-03 8.168595e-01 5.768325e-01
    outer loop
      vertex   5.500000e+01 -2.378555e+01 -1.082824e+02
      vertex   4.500000e+01 -2.427917e+01 -1.076216e+02
      vertex   5.500000e+01 -2.518600e+01 -1.062992e+02
    endloop
  endfacet
  facet normal -8.918048e-04 8.215555e-01 5.701279e-01
    outer loop
      vertex   5.500000e+01 -2.518600e+01 -1.062992e+02
      vertex   4.500000e+01 -2.427917e+01 -1.076216e+02
      vertex   4.500000e+01 -2.500314e+01 -1.065784e+02
    endloop
  endfacet
  facet normal 5.206899e-04 8.449468e-01 5.348501e-01
    outer loop
      vertex   5.500000e+01 -2.518600e+01 -1.062992e+02
      vertex   4.500000e+01 -2.500314e+01 -1.065784e+02
      vertex   4.500000e+01 -2.568232e+01 -1.055054e+02
    endloop
  endfacet
  facet normal -2.328165e-03 8.608278e-01 5.088910e-01
    outer loop
      vertex   5.500000e+01 -2.518600e+01 -1.062992e+02
      vertex   4.500000e+01 -2.568232e+01 -1.055054e+02
      vertex   5.500000e+01 -2.642151e+01 -1.042093e+02
    endloop
  endfacet
  facet normal -5.528662e-04 8.668240e-01 4.986139e-01
    outer loop
      vertex   5.500000e+01 -2.642151e+01 -1.042093e+02
      vertex   4.500000e+01 -2.568232e+01 -1.055054e+02
      vertex   4.500000e+01 -2.631548e+01 -1.044047e+02
    endloop
  endfacet
  facet normal 3.881542e-04 8.871483e-01 4.614843e-01
    outer loop
      vertex   5.500000e+01 -2.642151e+01 -1.042093e+02
      vertex   4.500000e+01 -2.631548e+01 -1.044047e+02
      vertex   4.500000e+01 -2.690150e+01 -1.032782e+02
    endloop
  endfacet
  facet normal -2.410711e-03 8.991584e-01 4.376168e-01
    outer loop
      vertex   5.500000e+01 -2.642151e+01 -1.042093e+02
      vertex   4.500000e+01 -2.690150e+01 -1.032782e+02
      vertex   5.500000e+01 -2.748397e+01 -1.020263e+02
    endloop
  endfacet
  facet normal -2.552697e-04 9.058830e-01 4.235279e-01
    outer loop
      vertex   5.500000e+01 -2.748397e+01 -1.020263e+02
      vertex   4.500000e+01 -2.690150e+01 -1.032782e+02
      vertex   4.500000e+01 -2.743931e+01 -1.021278e+02
    endloop
  endfacet
  facet normal 2.142630e-04 9.229947e-01 3.848127e-01
    outer loop
      vertex   5.500000e+01 -2.748397e+01 -1.020263e+02
      vertex   4.500000e+01 -2.743931e+01 -1.021278e+02
      vertex   4.500000e+01 -2.792797e+01 -1.009558e+02
    endloop
  endfacet
  facet normal -2.451897e-03 9.316001e-01 3.634765e-01
    outer loop
      vertex   5.500000e+01 -2.748397e+01 -1.020263e+02
      vertex   4.500000e+01 -2.792797e+01 -1.009558e+02
      vertex   5.500000e+01 -2.836643e+01 -9.976451e+01
    endloop
  endfacet
  facet normal 9.803502e-07 9.384526e-01 3.454080e-01
    outer loop
      vertex   5.500000e+01 -2.836643e+01 -9.976451e+01
      vertex   4.500000e+01 -2.792797e+01 -1.009558e+02
      vertex   4.500000e+01 -2.836658e+01 -9.976407e+01
    endloop
  endfacet
  facet normal -9.810658e-07 9.522292e-01 3.053844e-01
    outer loop
      vertex   5.500000e+01 -2.836643e+01 -9.976451e+01
      vertex   4.500000e+01 -2.836658e+01 -9.976407e+01
      vertex   4.500000e+01 -2.875437e+01 -9.855489e+01
    endloop
  endfacet
  facet normal -2.451725e-03 9.579407e-01 2.869558e-01
    outer loop
      vertex   5.500000e+01 -2.836643e+01 -9.976451e+01
      vertex   4.500000e+01 -2.875437e+01 -9.855489e+01
      vertex   5.500000e+01 -2.906311e+01 -9.743879e+01
    endloop
  endfacet
  facet normal 2.158804e-04 9.642996e-01 2.648137e-01
    outer loop
      vertex   5.500000e+01 -2.906311e+01 -9.743879e+01
      vertex   4.500000e+01 -2.875437e+01 -9.855489e+01
      vertex   4.500000e+01 -2.909064e+01 -9.733037e+01
    endloop
  endfacet
  facet normal -2.575751e-04 9.746423e-01 2.237685e-01
    outer loop
      vertex   5.500000e+01 -2.906311e+01 -9.743879e+01
      vertex   4.500000e+01 -2.909064e+01 -9.733037e+01
      vertex   4.500000e+01 -2.937480e+01 -9.609273e+01
    endloop
  endfacet
  facet normal -2.410194e-03 9.780075e-01 2.085557e-01
    outer loop
      vertex   5.500000e+01 -2.906311e+01 -9.743879e+01
      vertex   4.500000e+01 -2.937480e+01 -9.609273e+01
      vertex   5.500000e+01 -2.956945e+01 -9.506434e+01
    endloop
  endfacet
  facet normal 3.894275e-04 9.832387e-01 1.823224e-01
    outer loop
      vertex   5.500000e+01 -2.956945e+01 -9.506434e+01
      vertex   4.500000e+01 -2.937480e+01 -9.609273e+01
      vertex   4.500000e+01 -2.960632e+01 -9.484417e+01
    endloop
  endfacet
  facet normal -5.555156e-04 9.900735e-01 1.405496e-01
    outer loop
      vertex   5.500000e+01 -2.956945e+01 -9.506434e+01
      vertex   4.500000e+01 -2.960632e+01 -9.484417e+01
      vertex   4.500000e+01 -2.978479e+01 -9.358692e+01
    endloop
  endfacet
  facet normal -2.327305e-03 9.916692e-01 1.287897e-01
    outer loop
      vertex   5.500000e+01 -2.956945e+01 -9.506434e+01
      vertex   4.500000e+01 -2.978479e+01 -9.358692e+01
      vertex   5.500000e+01 -2.988213e+01 -9.265673e+01
    endloop
  endfacet
  facet normal 5.216192e-04 9.951344e-01 9.852502e-02
    outer loop
      vertex   5.500000e+01 -2.988213e+01 -9.265673e+01
      vertex   4.500000e+01 -2.978479e+01 -9.358692e+01
      vertex   4.500000e+01 -2.990991e+01 -9.232325e+01
    endloop
  endfacet
  facet normal -8.947981e-04 9.984121e-01 5.632390e-02
    outer loop
      vertex   5.500000e+01 -2.988213e+01 -9.265673e+01
      vertex   4.500000e+01 -2.990991e+01 -9.232325e+01
      vertex   4.500000e+01 -2.998143e+01 -9.105542e+01
    endloop
  endfacet
  facet normal -2.203059e-03 9.988362e-01 4.818025e-02
    outer loop
      vertex   5.500000e+01 -2.988213e+01 -9.265673e+01
      vertex   4.500000e+01 -2.998143e+01 -9.105542e+01
      vertex   5.500000e+01 -2.999911e+01 -9.023172e+01
    endloop
  endfacet
  facet normal 6.124537e-04 9.999015e-01 1.402190e-02
    outer loop
      vertex   5.500000e+01 -2.999911e+01 -9.023172e+01
      vertex   4.500000e+01 -2.998143e+01 -9.105542e+01
      vertex   4.500000e+01 -2.999923e+01 -8.978570e+01
    endloop
  endfacet
  facet normal -1.275418e-03 9.995985e-01 -2.830523e-02
    outer loop
      vertex   5.500000e+01 -2.999911e+01 -9.023172e+01
      vertex   4.500000e+01 -2.999923e+01 -8.978570e+01
      vertex   4.500000e+01 -2.996329e+01 -8.851636e+01
    endloop
  endfacet
  facet normal -2.037457e-03 9.994617e-01 -3.274482e-02
    outer loop
      vertex   5.500000e+01 -2.999911e+01 -9.023172e+01
      vertex   4.500000e+01 -2.996329e+01 -8.851636e+01
      vertex   5.500000e+01 -2.991961e+01 -8.780519e+01
    endloop
  endfacet
  facet normal 6.619298e-04 9.975058e-01 -7.058167e-02
    outer loop
      vertex   5.500000e+01 -2.991961e+01 -8.780519e+01
      vertex   4.500000e+01 -2.996329e+01 -8.851636e+01
      vertex   4.500000e+01 -2.987366e+01 -8.724968e+01
    endloop
  endfacet
  facet normal -1.697369e-03 9.936240e-01 -1.127315e-01
    outer loop
      vertex   5.500000e+01 -2.991961e+01 -8.780519e+01
      vertex   4.500000e+01 -2.987366e+01 -8.724968e+01
      vertex   4.500000e+01 -2.973051e+01 -8.598793e+01
    endloop
  endfacet
  facet normal -1.830502e-03 9.935414e-01 -1.134555e-01
    outer loop
      vertex   5.500000e+01 -2.991961e+01 -8.780519e+01
      vertex   4.500000e+01 -2.973051e+01 -8.598793e+01
      vertex   5.500000e+01 -2.964415e+01 -8.539304e+01
    endloop
  endfacet
  facet normal 6.700468e-04 9.879645e-01 -1.546796e-01
    outer loop
      vertex   5.500000e+01 -2.964415e+01 -8.539304e+01
      vertex   4.500000e+01 -2.973051e+01 -8.598793e+01
      vertex   4.500000e+01 -2.953409e+01 -8.473337e+01
    endloop
  endfacet
  facet normal -1.961155e-03 9.811135e-01 -1.934231e-01
    outer loop
      vertex   5.500000e+01 -2.964415e+01 -8.539304e+01
      vertex   4.500000e+01 -2.953409e+01 -8.473337e+01
      vertex   5.500000e+01 -2.917456e+01 -8.301106e+01
    endloop
  endfacet
  facet normal -1.436112e-03 9.805328e-01 -1.963503e-01
    outer loop
      vertex   5.500000e+01 -2.917456e+01 -8.301106e+01
      vertex   4.500000e+01 -2.953409e+01 -8.473337e+01
      vertex   4.500000e+01 -2.928476e+01 -8.348824e+01
    endloop
  endfacet
  facet normal 6.368046e-04 9.713459e-01 -2.376695e-01
    outer loop
      vertex   5.500000e+01 -2.917456e+01 -8.301106e+01
      vertex   4.500000e+01 -2.928476e+01 -8.348824e+01
      vertex   4.500000e+01 -2.898295e+01 -8.225478e+01
    endloop
  endfacet
  facet normal -2.142989e-03 9.622599e-01 -2.721238e-01
    outer loop
      vertex   5.500000e+01 -2.917456e+01 -8.301106e+01
      vertex   4.500000e+01 -2.898295e+01 -8.225478e+01
      vertex   5.500000e+01 -2.851388e+01 -8.067485e+01
    endloop
  endfacet
  facet normal -1.039268e-03 9.604175e-01 -2.785627e-01
    outer loop
      vertex   5.500000e+01 -2.851388e+01 -8.067485e+01
      vertex   4.500000e+01 -2.898295e+01 -8.225478e+01
      vertex   4.500000e+01 -2.862922e+01 -8.103520e+01
    endloop
  endfacet
  facet normal 5.622036e-04 9.477691e-01 -3.189569e-01
    outer loop
      vertex   5.500000e+01 -2.851388e+01 -8.067485e+01
      vertex   4.500000e+01 -2.862922e+01 -8.103520e+01
      vertex   4.500000e+01 -2.822419e+01 -7.983167e+01
    endloop
  endfacet
  facet normal -2.283468e-03 9.371042e-01 -3.490422e-01
    outer loop
      vertex   5.500000e+01 -2.851388e+01 -8.067485e+01
      vertex   4.500000e+01 -2.822419e+01 -7.983167e+01
      vertex   5.500000e+01 -2.766647e+01 -7.839971e+01
    endloop
  endfacet
  facet normal -6.837594e-04 9.334221e-01 -3.587795e-01
    outer loop
      vertex   5.500000e+01 -2.766647e+01 -7.839971e+01
      vertex   4.500000e+01 -2.822419e+01 -7.983167e+01
      vertex   4.500000e+01 -2.776860e+01 -7.864637e+01
    endloop
  endfacet
  facet normal 4.462449e-04 9.174029e-01 -3.979594e-01
    outer loop
      vertex   5.500000e+01 -2.766647e+01 -7.839971e+01
      vertex   4.500000e+01 -2.776860e+01 -7.864637e+01
      vertex   4.500000e+01 -2.726325e+01 -7.748141e+01
    endloop
  endfacet
  facet normal -2.382590e-03 9.058113e-01 -4.236747e-01
    outer loop
      vertex   5.500000e+01 -2.766647e+01 -7.839971e+01
      vertex   4.500000e+01 -2.726325e+01 -7.748141e+01
      vertex   5.500000e+01 -2.663785e+01 -7.620055e+01
    endloop
  endfacet
  facet normal -3.695911e-04 8.997399e-01 -4.364263e-01
    outer loop
      vertex   5.500000e+01 -2.663785e+01 -7.620055e+01
      vertex   4.500000e+01 -2.726325e+01 -7.748141e+01
      vertex   4.500000e+01 -2.670906e+01 -7.633888e+01
    endloop
  endfacet
  facet normal 2.889301e-04 8.804649e-01 -4.741112e-01
    outer loop
      vertex   5.500000e+01 -2.663785e+01 -7.620055e+01
      vertex   4.500000e+01 -2.670906e+01 -7.633888e+01
      vertex   4.500000e+01 -2.610701e+01 -7.522082e+01
    endloop
  endfacet
  facet normal -2.440355e-03 8.685860e-01 -4.955324e-01
    outer loop
      vertex   5.500000e+01 -2.663785e+01 -7.620055e+01
      vertex   4.500000e+01 -2.610701e+01 -7.522082e+01
      vertex   5.500000e+01 -2.543478e+01 -7.409177e+01
    endloop
  endfacet
  facet normal -9.676763e-05 8.596124e-01 -5.109467e-01
    outer loop
      vertex   5.500000e+01 -2.543478e+01 -7.409177e+01
      vertex   4.500000e+01 -2.610701e+01 -7.522082e+01
      vertex   4.500000e+01 -2.545818e+01 -7.412925e+01
    endloop
  endfacet
  facet normal 9.026126e-05 8.372197e-01 -5.468666e-01
    outer loop
      vertex   5.500000e+01 -2.543478e+01 -7.409177e+01
      vertex   4.500000e+01 -2.545818e+01 -7.412925e+01
      vertex   4.500000e+01 -2.476375e+01 -7.306610e+01
    endloop
  endfacet
  facet normal -2.456761e-03 8.256723e-01 -5.641447e-01
    outer loop
      vertex   5.500000e+01 -2.543478e+01 -7.409177e+01
      vertex   4.500000e+01 -2.476375e+01 -7.306610e+01
      vertex   5.500000e+01 -2.406513e+01 -7.208717e+01
    endloop
  endfacet
  facet normal 1.347072e-04 8.133270e-01 -5.818068e-01
    outer loop
      vertex   5.500000e+01 -2.406513e+01 -7.208717e+01
      vertex   4.500000e+01 -2.476375e+01 -7.306610e+01
      vertex   4.500000e+01 -2.402494e+01 -7.203330e+01
    endloop
  endfacet
  facet normal -1.497588e-04 7.879770e-01 -6.157046e-01
    outer loop
      vertex   5.500000e+01 -2.406513e+01 -7.208717e+01
      vertex   4.500000e+01 -2.402494e+01 -7.203330e+01
      vertex   4.500000e+01 -2.324309e+01 -7.103269e+01
    endloop
  endfacet
  facet normal -2.431808e-03 7.773510e-01 -6.290624e-01
    outer loop
      vertex   5.500000e+01 -2.406513e+01 -7.208717e+01
      vertex   4.500000e+01 -2.324309e+01 -7.103269e+01
      vertex   5.500000e+01 -2.253787e+01 -7.019989e+01
    endloop
  endfacet
  facet normal 3.248302e-04 7.612153e-01 -6.484992e-01
    outer loop
      vertex   5.500000e+01 -2.253787e+01 -7.019989e+01
      vertex   4.500000e+01 -2.324309e+01 -7.103269e+01
      vertex   4.500000e+01 -2.241960e+01 -7.006607e+01
    endloop
  endfacet
  facet normal -4.311268e-04 7.330896e-01 -6.801319e-01
    outer loop
      vertex   5.500000e+01 -2.253787e+01 -7.019989e+01
      vertex   4.500000e+01 -2.241960e+01 -7.006607e+01
      vertex   4.500000e+01 -2.155593e+01 -6.913516e+01
    endloop
  endfacet
  facet normal -2.365496e-03 7.239387e-01 -6.898602e-01
    outer loop
      vertex   5.500000e+01 -2.253787e+01 -7.019989e+01
      vertex   4.500000e+01 -2.155593e+01 -6.913516e+01
      vertex   5.500000e+01 -2.086300e+01 -6.844228e+01
    endloop
  endfacet
  facet normal 4.735987e-04 7.036506e-01 -7.105460e-01
    outer loop
      vertex   5.500000e+01 -2.086300e+01 -6.844228e+01
      vertex   4.500000e+01 -2.155593e+01 -6.913516e+01
      vertex   4.500000e+01 -2.065365e+01 -6.824163e+01
    endloop
  endfacet
  facet normal -7.538387e-04 6.729507e-01 -7.396870e-01
    outer loop
      vertex   5.500000e+01 -2.086300e+01 -6.844228e+01
      vertex   4.500000e+01 -2.065365e+01 -6.824163e+01
      vertex   4.500000e+01 -1.971436e+01 -6.738708e+01
    endloop
  endfacet
  facet normal -2.257827e-03 6.657852e-01 -7.461401e-01
    outer loop
      vertex   5.500000e+01 -2.086300e+01 -6.844228e+01
      vertex   4.500000e+01 -1.971436e+01 -6.738708e+01
      vertex   5.500000e+01 -1.905149e+01 -6.682586e+01
    endloop
  endfacet
  facet normal 5.810107e-04 6.410453e-01 -7.675029e-01
    outer loop
      vertex   5.500000e+01 -1.905149e+01 -6.682586e+01
      vertex   4.500000e+01 -1.971436e+01 -6.738708e+01
      vertex   4.500000e+01 -1.873975e+01 -6.657305e+01
    endloop
  endfacet
  facet normal -1.117890e-03 6.079910e-01 -7.939432e-01
    outer loop
      vertex   5.500000e+01 -1.905149e+01 -6.682586e+01
      vertex   4.500000e+01 -1.873975e+01 -6.657305e+01
      vertex   4.500000e+01 -1.773156e+01 -6.580100e+01
    endloop
  endfacet
  facet normal -2.108801e-03 6.032712e-01 -7.975333e-01
    outer loop
      vertex   5.500000e+01 -1.905149e+01 -6.682586e+01
      vertex   4.500000e+01 -1.773156e+01 -6.580100e+01
      vertex   5.500000e+01 -1.711522e+01 -6.536122e+01
    endloop
  endfacet
  facet normal 6.470647e-04 5.738478e-01 -8.189617e-01
    outer loop
      vertex   5.500000e+01 -1.711522e+01 -6.536122e+01
      vertex   4.500000e+01 -1.773156e+01 -6.580100e+01
      vertex   4.500000e+01 -1.669160e+01 -6.507230e+01
    endloop
  endfacet
  facet normal -1.523275e-03 5.386758e-01 -8.425117e-01
    outer loop
      vertex   5.500000e+01 -1.711522e+01 -6.536122e+01
      vertex   4.500000e+01 -1.669160e+01 -6.507230e+01
      vertex   4.500000e+01 -1.562174e+01 -6.438826e+01
    endloop
  endfacet
  facet normal -1.918422e-03 5.368063e-01 -8.437033e-01
    outer loop
      vertex   5.500000e+01 -1.711522e+01 -6.536122e+01
      vertex   4.500000e+01 -1.562174e+01 -6.438826e+01
      vertex   5.500000e+01 -1.506684e+01 -6.405794e+01
    endloop
  endfacet
  facet normal 6.717597e-04 5.025397e-01 -8.645539e-01
    outer loop
      vertex   5.500000e+01 -1.506684e+01 -6.405794e+01
      vertex   4.500000e+01 -1.562174e+01 -6.438826e+01
      vertex   4.500000e+01 -1.452389e+01 -6.375011e+01
    endloop
  endfacet
  facet normal -1.876660e-03 4.668255e-01 -8.843475e-01
    outer loop
      vertex   5.500000e+01 -1.506684e+01 -6.405794e+01
      vertex   4.500000e+01 -1.452389e+01 -6.375011e+01
      vertex   5.500000e+01 -1.291979e+01 -6.292457e+01
    endloop
  endfacet
  facet normal -1.606783e-03 4.655022e-01 -8.850453e-01
    outer loop
      vertex   5.500000e+01 -1.291979e+01 -6.292457e+01
      vertex   4.500000e+01 -1.452389e+01 -6.375011e+01
      vertex   4.500000e+01 -1.340002e+01 -6.315900e+01
    endloop
  endfacet
  facet normal 6.550956e-04 4.276316e-01 -9.039529e-01
    outer loop
      vertex   5.500000e+01 -1.291979e+01 -6.292457e+01
      vertex   4.500000e+01 -1.340002e+01 -6.315900e+01
      vertex   4.500000e+01 -1.225214e+01 -6.261597e+01
    endloop
  endfacet
  facet normal -2.075070e-03 3.937871e-01 -9.191994e-01
    outer loop
      vertex   5.500000e+01 -1.291979e+01 -6.292457e+01
      vertex   4.500000e+01 -1.225214e+01 -6.261597e+01
      vertex   5.500000e+01 -1.068813e+01 -6.196852e+01
    endloop
  endfacet
  facet normal -1.193372e-03 3.889942e-01 -9.212394e-01
    outer loop
      vertex   5.500000e+01 -1.068813e+01 -6.196852e+01
      vertex   4.500000e+01 -1.225214e+01 -6.261597e+01
      vertex   4.500000e+01 -1.108230e+01 -6.212201e+01
    endloop
  endfacet
  facet normal 5.970725e-04 3.496602e-01 -9.368764e-01
    outer loop
      vertex   5.500000e+01 -1.068813e+01 -6.196852e+01
      vertex   4.500000e+01 -1.108230e+01 -6.212201e+01
      vertex   4.500000e+01 -9.892613e+00 -6.167799e+01
    endloop
  endfacet
  facet normal -2.232125e-03 3.181697e-01 -9.480311e-01
    outer loop
      vertex   5.500000e+01 -1.068813e+01 -6.196852e+01
      vertex   4.500000e+01 -9.892613e+00 -6.167799e+01
      vertex   5.500000e+01 -8.386465e+00 -6.119606e+01
    endloop
  endfacet
  facet normal -8.212946e-04 3.096995e-01 -9.508341e-01
    outer loop
      vertex   5.500000e+01 -8.386465e+00 -6.119606e+01
      vertex   4.500000e+01 -9.892613e+00 -6.167799e+01
      vertex   4.500000e+01 -8.685199e+00 -6.128472e+01
    endloop
  endfacet
  facet normal 4.976911e-04 2.691840e-01 -9.630887e-01
    outer loop
      vertex   5.500000e+01 -8.386465e+00 -6.119606e+01
      vertex   4.500000e+01 -8.685199e+00 -6.128472e+01
      vertex   4.500000e+01 -7.462223e+00 -6.094290e+01
    endloop
  endfacet
  facet normal -2.347825e-03 2.404686e-01 -9.706541e-01
    outer loop
      vertex   5.500000e+01 -8.386465e+00 -6.119606e+01
      vertex   4.500000e+01 -7.462223e+00 -6.094290e+01
      vertex   5.500000e+01 -6.029876e+00 -6.061224e+01
    endloop
  endfacet
  facet normal -4.905552e-04 2.281861e-01 -9.736174e-01
    outer loop
      vertex   5.500000e+01 -6.029876e+00 -6.061224e+01
      vertex   4.500000e+01 -7.462223e+00 -6.094290e+01
      vertex   4.500000e+01 -6.225878e+00 -6.065314e+01
    endloop
  endfacet
  facet normal 3.569530e-04 1.867794e-01 -9.824018e-01
    outer loop
      vertex   5.500000e+01 -6.029876e+00 -6.061224e+01
      vertex   4.500000e+01 -6.225878e+00 -6.065314e+01
      vertex   4.500000e+01 -4.978378e+00 -6.041595e+01
    endloop
  endfacet
  facet normal -2.422167e-03 1.611927e-01 -9.869200e-01
    outer loop
      vertex   5.500000e+01 -6.029876e+00 -6.061224e+01
      vertex   4.500000e+01 -4.978378e+00 -6.041595e+01
      vertex   5.500000e+01 -3.633795e+00 -6.022089e+01
    endloop
  endfacet
  facet normal -2.011590e-04 1.450381e-01 -9.894260e-01
    outer loop
      vertex   5.500000e+01 -3.633795e+00 -6.022089e+01
      vertex   4.500000e+01 -4.978378e+00 -6.041595e+01
      vertex   4.500000e+01 -3.721959e+00 -6.023178e+01
    endloop
  endfacet
  facet normal 1.748598e-04 1.030369e-01 -9.946775e-01
    outer loop
      vertex   5.500000e+01 -3.633795e+00 -6.022089e+01
      vertex   4.500000e+01 -3.721959e+00 -6.023178e+01
      vertex   4.500000e+01 -2.458871e+00 -6.010094e+01
    endloop
  endfacet
  facet normal -2.455151e-03 8.086114e-02 -9.967224e-01
    outer loop
      vertex   5.500000e+01 -3.633795e+00 -6.022089e+01
      vertex   4.500000e+01 -2.458871e+00 -6.010094e+01
      vertex   5.500000e+01 -1.213915e+00 -6.002457e+01
    endloop
  endfacet
  facet normal 4.689017e-05 6.085109e-02 -9.981469e-01
    outer loop
      vertex   5.500000e+01 -1.213915e+00 -6.002457e+01
      vertex   4.500000e+01 -2.458871e+00 -6.010094e+01
      vertex   4.500000e+01 -1.191377e+00 -6.002367e+01
    endloop
  endfacet
  facet normal -4.858571e-05 1.855626e-02 -9.998278e-01
    outer loop
      vertex   5.500000e+01 -1.213915e+00 -6.002457e+01
      vertex   4.500000e+01 -1.191377e+00 -6.002367e+01
      vertex   4.500000e+01 7.825112e-02 -6.000010e+01
    endloop
  endfacet
  facet normal -2.446776e-03 0.000000e+00 -9.999970e-01
    outer loop
      vertex   5.500000e+01 -1.213915e+00 -6.002457e+01
      vertex   4.500000e+01 7.825112e-02 -6.000010e+01
      vertex   5.500000e+01 1.213915e+00 -6.002457e+01
    endloop
  endfacet
  facet normal 2.535887e-04 -2.377183e-02 -9.997174e-01
    outer loop
      vertex   5.500000e+01 1.213915e+00 -6.002457e+01
      vertex   4.500000e+01 7.825112e-02 -6.000010e+01
      vertex   4.500000e+01 1.347739e+00 -6.003029e+01
    endloop
  endfacet
  facet normal -3.133806e-04 -6.605732e-02 -9.978158e-01
    outer loop
      vertex   5.500000e+01 1.213915e+00 -6.002457e+01
      vertex   4.500000e+01 1.347739e+00 -6.003029e+01
      vertex   4.500000e+01 2.614812e+00 -6.011417e+01
    endloop
  endfacet
  facet normal -2.397042e-03 -8.086116e-02 -9.967225e-01
    outer loop
      vertex   5.500000e+01 1.213915e+00 -6.002457e+01
      vertex   4.500000e+01 2.614812e+00 -6.011417e+01
      vertex   5.500000e+01 3.633795e+00 -6.022089e+01
    endloop
  endfacet
  facet normal 4.189336e-04 -1.082244e-01 -9.941264e-01
    outer loop
      vertex   5.500000e+01 3.633795e+00 -6.022089e+01
      vertex   4.500000e+01 2.614812e+00 -6.011417e+01
      vertex   4.500000e+01 3.877201e+00 -6.025160e+01
    endloop
  endfacet
  facet normal -6.195210e-04 -1.501977e-01 -9.886558e-01
    outer loop
      vertex   5.500000e+01 3.633795e+00 -6.022089e+01
      vertex   4.500000e+01 3.877201e+00 -6.025160e+01
      vertex   4.500000e+01 5.132642e+00 -6.044233e+01
    endloop
  endfacet
  facet normal -2.305951e-03 -1.611928e-01 -9.869202e-01
    outer loop
      vertex   5.500000e+01 3.633795e+00 -6.022089e+01
      vertex   4.500000e+01 5.132642e+00 -6.044233e+01
      vertex   5.500000e+01 6.029876e+00 -6.061224e+01
    endloop
  endfacet
  facet normal 5.429228e-04 -1.919018e-01 -9.814140e-01
    outer loop
      vertex   5.500000e+01 6.029876e+00 -6.061224e+01
      vertex   4.500000e+01 5.132642e+00 -6.044233e+01
      vertex   4.500000e+01 6.378888e+00 -6.068601e+01
    endloop
  endfacet
  facet normal -9.670026e-04 -2.332620e-01 -9.724134e-01
    outer loop
      vertex   5.500000e+01 6.029876e+00 -6.061224e+01
      vertex   4.500000e+01 6.378888e+00 -6.068601e+01
      vertex   4.500000e+01 7.613705e+00 -6.098222e+01
    endloop
  endfacet
  facet normal -2.173502e-03 -2.404687e-01 -9.706545e-01
    outer loop
      vertex   5.500000e+01 6.029876e+00 -6.061224e+01
      vertex   4.500000e+01 7.613705e+00 -6.098222e+01
      vertex   5.500000e+01 8.386465e+00 -6.119606e+01
    endloop
  endfacet
  facet normal 6.255546e-04 -2.742044e-01 -9.616712e-01
    outer loop
      vertex   5.500000e+01 8.386465e+00 -6.119606e+01
      vertex   4.500000e+01 7.613705e+00 -6.098222e+01
      vertex   4.500000e+01 8.834880e+00 -6.133042e+01
    endloop
  endfacet
  facet normal -1.355820e-03 -3.146553e-01 -9.492050e-01
    outer loop
      vertex   5.500000e+01 8.386465e+00 -6.119606e+01
      vertex   4.500000e+01 8.834880e+00 -6.133042e+01
      vertex   4.500000e+01 1.004023e+01 -6.172998e+01
    endloop
  endfacet
  facet normal -1.999698e-03 -3.181699e-01 -9.480316e-01
    outer loop
      vertex   5.500000e+01 8.386465e+00 -6.119606e+01
      vertex   4.500000e+01 1.004023e+01 -6.172998e+01
      vertex   5.500000e+01 1.068813e+01 -6.196852e+01
    endloop
  endfacet
  facet normal 6.668277e-04 -3.545428e-01 -9.350395e-01
    outer loop
      vertex   5.500000e+01 1.068813e+01 -6.196852e+01
      vertex   4.500000e+01 1.004023e+01 -6.172998e+01
      vertex   4.500000e+01 1.122758e+01 -6.218020e+01
    endloop
  endfacet
  facet normal -1.785521e-03 -3.937873e-01 -9.191999e-01
    outer loop
      vertex   5.500000e+01 1.068813e+01 -6.196852e+01
      vertex   4.500000e+01 1.122758e+01 -6.218020e+01
      vertex   5.500000e+01 1.291979e+01 -6.292457e+01
    endloop
  endfacet
  facet normal -1.784094e-03 -3.937944e-01 -9.191968e-01
    outer loop
      vertex   5.500000e+01 1.291979e+01 -6.292457e+01
      vertex   4.500000e+01 1.122758e+01 -6.218020e+01
      vertex   4.500000e+01 1.239482e+01 -6.268026e+01
    endloop
  endfacet
  facet normal 6.667417e-04 -4.323415e-01 -9.017097e-01
    outer loop
      vertex   5.500000e+01 1.291979e+01 -6.292457e+01
      vertex   4.500000e+01 1.239482e+01 -6.268026e+01
      vertex   4.500000e+01 1.353986e+01 -6.322927e+01
    endloop
  endfacet
  facet normal -2.000506e-03 -4.668254e-01 -8.843473e-01
    outer loop
      vertex   5.500000e+01 1.291979e+01 -6.292457e+01
      vertex   4.500000e+01 1.353986e+01 -6.322927e+01
      vertex   5.500000e+01 1.506684e+01 -6.405794e+01
    endloop
  endfacet
  facet normal -1.354117e-03 -4.701130e-01 -8.826052e-01
    outer loop
      vertex   5.500000e+01 1.506684e+01 -6.405794e+01
      vertex   4.500000e+01 1.353986e+01 -6.322927e+01
      vertex   4.500000e+01 1.466063e+01 -6.382624e+01
    endloop
  endfacet
  facet normal 6.252965e-04 -5.070430e-01 -8.619205e-01
    outer loop
      vertex   5.500000e+01 1.506684e+01 -6.405794e+01
      vertex   4.500000e+01 1.466063e+01 -6.382624e+01
      vertex   4.500000e+01 1.575514e+01 -6.447010e+01
    endloop
  endfacet
  facet normal -2.174138e-03 -5.368060e-01 -8.437029e-01
    outer loop
      vertex   5.500000e+01 1.506684e+01 -6.405794e+01
      vertex   4.500000e+01 1.575514e+01 -6.447010e+01
      vertex   5.500000e+01 1.711522e+01 -6.536122e+01
    endloop
  endfacet
  facet normal -9.654715e-04 -5.430640e-01 -8.396907e-01
    outer loop
      vertex   5.500000e+01 1.711522e+01 -6.536122e+01
      vertex   4.500000e+01 1.575514e+01 -6.447010e+01
      vertex   4.500000e+01 1.682142e+01 -6.515971e+01
    endloop
  endfacet
  facet normal 5.424927e-04 -5.781124e-01 -8.159570e-01
    outer loop
      vertex   5.500000e+01 1.711522e+01 -6.536122e+01
      vertex   4.500000e+01 1.682142e+01 -6.515971e+01
      vertex   4.500000e+01 1.785756e+01 -6.589383e+01
    endloop
  endfacet
  facet normal -2.306415e-03 -6.032710e-01 -7.975330e-01
    outer loop
      vertex   5.500000e+01 1.711522e+01 -6.536122e+01
      vertex   4.500000e+01 1.785756e+01 -6.589383e+01
      vertex   5.500000e+01 1.905149e+01 -6.682586e+01
    endloop
  endfacet
  facet normal -6.181618e-04 -6.121247e-01 -7.907610e-01
    outer loop
      vertex   5.500000e+01 1.905149e+01 -6.682586e+01
      vertex   4.500000e+01 1.785756e+01 -6.589383e+01
      vertex   4.500000e+01 1.886170e+01 -6.667113e+01
    endloop
  endfacet
  facet normal 4.183315e-04 -6.450404e-01 -7.641483e-01
    outer loop
      vertex   5.500000e+01 1.905149e+01 -6.682586e+01
      vertex   4.500000e+01 1.886170e+01 -6.667113e+01
      vertex   4.500000e+01 1.983206e+01 -6.749023e+01
    endloop
  endfacet
  facet normal -2.397335e-03 -6.657850e-01 -7.461398e-01
    outer loop
      vertex   5.500000e+01 1.905149e+01 -6.682586e+01
      vertex   4.500000e+01 1.983206e+01 -6.749023e+01
      vertex   5.500000e+01 2.086300e+01 -6.844228e+01
    endloop
  endfacet
  facet normal -3.121934e-04 -6.768004e-01 -7.361665e-01
    outer loop
      vertex   5.500000e+01 2.086300e+01 -6.844228e+01
      vertex   4.500000e+01 1.983206e+01 -6.749023e+01
      vertex   4.500000e+01 2.076688e+01 -6.834967e+01
    endloop
  endfacet
  facet normal 2.528144e-04 -7.073478e-01 -7.068657e-01
    outer loop
      vertex   5.500000e+01 2.086300e+01 -6.844228e+01
      vertex   4.500000e+01 2.076688e+01 -6.834967e+01
      vertex   4.500000e+01 2.166449e+01 -6.924789e+01
    endloop
  endfacet
  facet normal -2.446897e-03 -7.239386e-01 -6.898601e-01
    outer loop
      vertex   5.500000e+01 2.086300e+01 -6.844228e+01
      vertex   4.500000e+01 2.166449e+01 -6.924789e+01
      vertex   5.500000e+01 2.253787e+01 -7.019989e+01
    endloop
  endfacet
  facet normal -4.757053e-05 -7.366278e-01 -6.762984e-01
    outer loop
      vertex   5.500000e+01 2.253787e+01 -7.019989e+01
      vertex   4.500000e+01 2.166449e+01 -6.924789e+01
      vertex   4.500000e+01 2.252328e+01 -7.018330e+01
    endloop
  endfacet
  facet normal 4.594394e-05 -7.645880e-01 -6.445194e-01
    outer loop
      vertex   5.500000e+01 2.253787e+01 -7.019989e+01
      vertex   4.500000e+01 2.252328e+01 -7.018330e+01
      vertex   4.500000e+01 2.334172e+01 -7.115420e+01
    endloop
  endfacet
  facet normal -2.455100e-03 -7.773510e-01 -6.290624e-01
    outer loop
      vertex   5.500000e+01 2.253787e+01 -7.019989e+01
      vertex   4.500000e+01 2.334172e+01 -7.115420e+01
      vertex   5.500000e+01 2.406513e+01 -7.208717e+01
    endloop
  endfacet
  facet normal 1.757030e-04 -7.911783e-01 -6.115856e-01
    outer loop
      vertex   5.500000e+01 2.406513e+01 -7.208717e+01
      vertex   4.500000e+01 2.334172e+01 -7.115420e+01
      vertex   4.500000e+01 2.411834e+01 -7.215888e+01
    endloop
  endfacet
  facet normal -2.022772e-04 -8.163510e-01 -5.775560e-01
    outer loop
      vertex   5.500000e+01 2.406513e+01 -7.208717e+01
      vertex   4.500000e+01 2.411834e+01 -7.215888e+01
      vertex   4.500000e+01 2.485175e+01 -7.319552e+01
    endloop
  endfacet
  facet normal -2.421944e-03 -8.256723e-01 -5.641448e-01
    outer loop
      vertex   5.500000e+01 2.406513e+01 -7.208717e+01
      vertex   4.500000e+01 2.485175e+01 -7.319552e+01
      vertex   5.500000e+01 2.543478e+01 -7.409177e+01
    endloop
  endfacet
  facet normal 3.576241e-04 -8.400611e-01 -5.424916e-01
    outer loop
      vertex   5.500000e+01 2.543478e+01 -7.409177e+01
      vertex   4.500000e+01 2.485175e+01 -7.319552e+01
      vertex   4.500000e+01 2.554063e+01 -7.426227e+01
    endloop
  endfacet
  facet normal -4.918455e-04 -8.622661e-01 -5.064553e-01
    outer loop
      vertex   5.500000e+01 2.543478e+01 -7.409177e+01
      vertex   4.500000e+01 2.554063e+01 -7.426227e+01
      vertex   4.500000e+01 2.618375e+01 -7.535722e+01
    endloop
  endfacet
  facet normal -2.347429e-03 -8.685862e-01 -4.955325e-01
    outer loop
      vertex   5.500000e+01 2.543478e+01 -7.409177e+01
      vertex   4.500000e+01 2.618375e+01 -7.535722e+01
      vertex   5.500000e+01 2.663785e+01 -7.620055e+01
    endloop
  endfacet
  facet normal 4.981902e-04 -8.829262e-01 -4.695116e-01
    outer loop
      vertex   5.500000e+01 2.663785e+01 -7.620055e+01
      vertex   4.500000e+01 2.618375e+01 -7.535722e+01
      vertex   4.500000e+01 2.677996e+01 -7.647840e+01
    endloop
  endfacet
  facet normal -8.227568e-04 -9.020042e-01 -4.317265e-01
    outer loop
      vertex   5.500000e+01 2.663785e+01 -7.620055e+01
      vertex   4.500000e+01 2.677996e+01 -7.647840e+01
      vertex   4.500000e+01 2.732819e+01 -7.762380e+01
    endloop
  endfacet
  facet normal -2.231558e-03 -9.058116e-01 -4.236748e-01
    outer loop
      vertex   5.500000e+01 2.663785e+01 -7.620055e+01
      vertex   4.500000e+01 2.732819e+01 -7.762380e+01
      vertex   5.500000e+01 2.766647e+01 -7.839971e+01
    endloop
  endfacet
  facet normal 5.973995e-04 -9.194664e-01 -3.931681e-01
    outer loop
      vertex   5.500000e+01 2.766647e+01 -7.839971e+01
      vertex   4.500000e+01 2.732819e+01 -7.762380e+01
      vertex   4.500000e+01 2.782745e+01 -7.879139e+01
    endloop
  endfacet
  facet normal -1.195006e-03 -9.352806e-01 -3.539051e-01
    outer loop
      vertex   5.500000e+01 2.766647e+01 -7.839971e+01
      vertex   4.500000e+01 2.782745e+01 -7.879139e+01
      vertex   4.500000e+01 2.827686e+01 -7.997905e+01
    endloop
  endfacet
  facet normal -2.074330e-03 -9.371046e-01 -3.490424e-01
    outer loop
      vertex   5.500000e+01 2.766647e+01 -7.839971e+01
      vertex   4.500000e+01 2.827686e+01 -7.997905e+01
      vertex   5.500000e+01 2.851388e+01 -8.067485e+01
    endloop
  endfacet
  facet normal 6.552506e-04 -9.494200e-01 -3.140083e-01
    outer loop
      vertex   5.500000e+01 2.851388e+01 -8.067485e+01
      vertex   4.500000e+01 2.827686e+01 -7.997905e+01
      vertex   4.500000e+01 2.867560e+01 -8.118467e+01
    endloop
  endfacet
  facet normal -1.608589e-03 -9.618569e-01 -2.735484e-01
    outer loop
      vertex   5.500000e+01 2.851388e+01 -8.067485e+01
      vertex   4.500000e+01 2.867560e+01 -8.118467e+01
      vertex   4.500000e+01 2.902296e+01 -8.240608e+01
    endloop
  endfacet
  facet normal -1.875748e-03 -9.622604e-01 -2.721239e-01
    outer loop
      vertex   5.500000e+01 2.851388e+01 -8.067485e+01
      vertex   4.500000e+01 2.902296e+01 -8.240608e+01
      vertex   5.500000e+01 2.917456e+01 -8.301106e+01
    endloop
  endfacet
  facet normal 6.717427e-04 -9.725725e-01 -2.325990e-01
    outer loop
      vertex   5.500000e+01 2.917456e+01 -8.301106e+01
      vertex   4.500000e+01 2.902296e+01 -8.240608e+01
      vertex   4.500000e+01 2.931833e+01 -8.364110e+01
    endloop
  endfacet
  facet normal -1.919299e-03 -9.811136e-01 -1.934231e-01
    outer loop
      vertex   5.500000e+01 2.917456e+01 -8.301106e+01
      vertex   4.500000e+01 2.931833e+01 -8.364110e+01
      vertex   5.500000e+01 2.964415e+01 -8.539304e+01
    endloop
  endfacet
  facet normal -1.521503e-03 -9.815436e-01 -1.912324e-01
    outer loop
      vertex   5.500000e+01 2.964415e+01 -8.539304e+01
      vertex   4.500000e+01 2.931833e+01 -8.364110e+01
      vertex   4.500000e+01 2.956116e+01 -8.488751e+01
    endloop
  endfacet
  facet normal 6.468755e-04 -9.887579e-01 -1.495236e-01
    outer loop
      vertex   5.500000e+01 2.964415e+01 -8.539304e+01
      vertex   4.500000e+01 2.956116e+01 -8.488751e+01
      vertex   4.500000e+01 2.975104e+01 -8.614308e+01
    endloop
  endfacet
  facet normal -2.109507e-03 -9.935408e-01 -1.134554e-01
    outer loop
      vertex   5.500000e+01 2.964415e+01 -8.539304e+01
      vertex   4.500000e+01 2.975104e+01 -8.614308e+01
      vertex   5.500000e+01 2.991961e+01 -8.780519e+01
    endloop
  endfacet
  facet normal -1.116290e-03 -9.941994e-01 -1.075466e-01
    outer loop
      vertex   5.500000e+01 2.991961e+01 -8.780519e+01
      vertex   4.500000e+01 2.975104e+01 -8.614308e+01
      vertex   4.500000e+01 2.988760e+01 -8.740556e+01
    endloop
  endfacet
  facet normal 5.806495e-04 -9.978605e-01 -6.537700e-02
    outer loop
      vertex   5.500000e+01 2.991961e+01 -8.780519e+01
      vertex   4.500000e+01 2.988760e+01 -8.740556e+01
      vertex   4.500000e+01 2.997062e+01 -8.867269e+01
    endloop
  endfacet
  facet normal -2.258361e-03 -9.994612e-01 -3.274480e-02
    outer loop
      vertex   5.500000e+01 2.991961e+01 -8.780519e+01
      vertex   4.500000e+01 2.997062e+01 -8.867269e+01
      vertex   5.500000e+01 2.999911e+01 -9.023172e+01
    endloop
  endfacet
  facet normal -7.524105e-04 -9.997331e-01 -2.309022e-02
    outer loop
      vertex   5.500000e+01 2.999911e+01 -9.023172e+01
      vertex   4.500000e+01 2.997062e+01 -8.867269e+01
      vertex   4.500000e+01 2.999994e+01 -8.994220e+01
    endloop
  endfacet
  facet normal 4.730655e-04 -9.998148e-01 1.923792e-02
    outer loop
      vertex   5.500000e+01 2.999911e+01 -9.023172e+01
      vertex   4.500000e+01 2.999994e+01 -8.994220e+01
      vertex   4.500000e+01 2.997552e+01 -9.121181e+01
    endloop
  endfacet
  facet normal -2.365858e-03 -9.988359e-01 4.818023e-02
    outer loop
      vertex   5.500000e+01 2.999911e+01 -9.023172e+01
      vertex   4.500000e+01 2.997552e+01 -9.121181e+01
      vertex   5.500000e+01 2.988213e+01 -9.265673e+01
    endloop
  endfacet
  facet normal -4.298706e-04 -9.981050e-01 6.153160e-02
    outer loop
      vertex   5.500000e+01 2.988213e+01 -9.265673e+01
      vertex   4.500000e+01 2.997552e+01 -9.121181e+01
      vertex   4.500000e+01 2.989738e+01 -9.247925e+01
    endloop
  endfacet
  facet normal 3.241250e-04 -9.946070e-01 1.037150e-01
    outer loop
      vertex   5.500000e+01 2.988213e+01 -9.265673e+01
      vertex   4.500000e+01 2.989738e+01 -9.247925e+01
      vertex   4.500000e+01 2.976568e+01 -9.374225e+01
    endloop
  endfacet
  facet normal -2.431997e-03 -9.916689e-01 1.287897e-01
    outer loop
      vertex   5.500000e+01 2.988213e+01 -9.265673e+01
      vertex   4.500000e+01 2.976568e+01 -9.374225e+01
      vertex   5.500000e+01 2.956945e+01 -9.506434e+01
    endloop
  endfacet
  facet normal -1.486747e-04 -9.893269e-01 1.457126e-01
    outer loop
      vertex   5.500000e+01 2.956945e+01 -9.506434e+01
      vertex   4.500000e+01 2.976568e+01 -9.374225e+01
      vertex   4.500000e+01 2.958064e+01 -9.499855e+01
    endloop
  endfacet
  facet normal 1.338299e-04 -9.822743e-01 1.874492e-01
    outer loop
      vertex   5.500000e+01 2.956945e+01 -9.506434e+01
      vertex   4.500000e+01 2.958064e+01 -9.499855e+01
      vertex   4.500000e+01 2.934261e+01 -9.624589e+01
    endloop
  endfacet
  facet normal -2.456778e-03 -9.780074e-01 2.085557e-01
    outer loop
      vertex   5.500000e+01 2.956945e+01 -9.506434e+01
      vertex   4.500000e+01 2.934261e+01 -9.624589e+01
      vertex   5.500000e+01 2.906311e+01 -9.743879e+01
    endloop
  endfacet
  facet normal 9.117337e-05 -9.734617e-01 2.288499e-01
    outer loop
      vertex   5.500000e+01 2.906311e+01 -9.743879e+01
      vertex   4.500000e+01 2.934261e+01 -9.624589e+01
      vertex   4.500000e+01 2.905201e+01 -9.748203e+01
    endloop
  endfacet
  facet normal -9.781693e-05 -9.629050e-01 2.698405e-01
    outer loop
      vertex   5.500000e+01 2.906311e+01 -9.743879e+01
      vertex   4.500000e+01 2.905201e+01 -9.748203e+01
      vertex   4.500000e+01 2.870935e+01 -9.870477e+01
    endloop
  endfacet
  facet normal -2.440200e-03 -9.579407e-01 2.869558e-01
    outer loop
      vertex   5.500000e+01 2.906311e+01 -9.743879e+01
      vertex   4.500000e+01 2.870935e+01 -9.870477e+01
      vertex   5.500000e+01 2.836643e+01 -9.976451e+01
    endloop
  endfacet
  facet normal 2.896702e-04 -9.506231e-01 3.103477e-01
    outer loop
      vertex   5.500000e+01 2.836643e+01 -9.976451e+01
      vertex   4.500000e+01 2.870935e+01 -9.870477e+01
      vertex   4.500000e+01 2.831526e+01 -9.991192e+01
    endloop
  endfacet
  facet normal -3.708124e-04 -9.366379e-01 3.502989e-01
    outer loop
      vertex   5.500000e+01 2.836643e+01 -9.976451e+01
      vertex   4.500000e+01 2.831526e+01 -9.991192e+01
      vertex   4.500000e+01 2.787043e+01 -1.011013e+02
    endloop
  endfacet
  facet normal -2.382264e-03 -9.316003e-01 3.634766e-01
    outer loop
      vertex   5.500000e+01 2.836643e+01 -9.976451e+01
      vertex   4.500000e+01 2.787043e+01 -1.011013e+02
      vertex   5.500000e+01 2.748397e+01 -1.020263e+02
    endloop
  endfacet
  facet normal 4.468130e-04 -9.209746e-01 3.896224e-01
    outer loop
      vertex   5.500000e+01 2.748397e+01 -1.020263e+02
      vertex   4.500000e+01 2.787043e+01 -1.011013e+02
      vertex   4.500000e+01 2.737567e+01 -1.022708e+02
    endloop
  endfacet
  facet normal -6.851527e-04 -9.036611e-01 4.282478e-01
    outer loop
      vertex   5.500000e+01 2.748397e+01 -1.020263e+02
      vertex   4.500000e+01 2.737567e+01 -1.022708e+02
      vertex   4.500000e+01 2.683186e+01 -1.034183e+02
    endloop
  endfacet
  facet normal -2.282969e-03 -8.991586e-01 4.376169e-01
    outer loop
      vertex   5.500000e+01 2.748397e+01 -1.020263e+02
      vertex   4.500000e+01 2.683186e+01 -1.034183e+02
      vertex   5.500000e+01 2.642151e+01 -1.042093e+02
    endloop
  endfacet
  facet normal 5.625996e-04 -8.847287e-01 4.661060e-01
    outer loop
      vertex   5.500000e+01 2.642151e+01 -1.042093e+02
      vertex   4.500000e+01 2.683186e+01 -1.034183e+02
      vertex   4.500000e+01 2.623998e+01 -1.045418e+02
    endloop
  endfacet
  facet normal -1.040833e-03 -8.642108e-01 5.031289e-01
    outer loop
      vertex   5.500000e+01 2.642151e+01 -1.042093e+02
      vertex   4.500000e+01 2.623998e+01 -1.045418e+02
      vertex   4.500000e+01 2.560108e+01 -1.056392e+02
    endloop
  endfacet
  facet normal -2.142318e-03 -8.608282e-01 5.088912e-01
    outer loop
      vertex   5.500000e+01 2.642151e+01 -1.042093e+02
      vertex   4.500000e+01 2.560108e+01 -1.056392e+02
      vertex   5.500000e+01 2.518600e+01 -1.062992e+02
    endloop
  endfacet
  facet normal 6.370285e-04 -8.421451e-01 5.392506e-01
    outer loop
      vertex   5.500000e+01 2.518600e+01 -1.062992e+02
      vertex   4.500000e+01 2.560108e+01 -1.056392e+02
      vertex   4.500000e+01 2.491632e+01 -1.067086e+02
    endloop
  endfacet
  facet normal -1.437849e-03 -8.185696e-01 5.744056e-01
    outer loop
      vertex   5.500000e+01 2.518600e+01 -1.062992e+02
      vertex   4.500000e+01 2.491632e+01 -1.067086e+02
      vertex   4.500000e+01 2.418691e+01 -1.077481e+02
    endloop
  endfacet
  facet normal -1.960312e-03 -8.168599e-01 5.768328e-01
    outer loop
      vertex   5.500000e+01 2.518600e+01 -1.062992e+02
      vertex   4.500000e+01 2.418691e+01 -1.077481e+02
      vertex   5.500000e+01 2.378555e+01 -1.082824e+02
    endloop
  endfacet
  facet normal 6.700987e-04 -7.935288e-01 6.085324e-01
    outer loop
      vertex   5.500000e+01 2.378555e+01 -1.082824e+02
      vertex   4.500000e+01 2.418691e+01 -1.077481e+02
      vertex   4.500000e+01 2.341417e+01 -1.087557e+02
    endloop
  endfacet
  facet normal -1.831448e-03 -7.675417e-01 6.409964e-01
    outer loop
      vertex   5.500000e+01 2.378555e+01 -1.082824e+02
      vertex   4.500000e+01 2.341417e+01 -1.087557e+02
      vertex   5.500000e+01 2.222931e+01 -1.101459e+02
    endloop
  endfacet
  facet normal -1.695529e-03 -7.670646e-01 6.415676e-01
    outer loop
      vertex   5.500000e+01 2.222931e+01 -1.101459e+02
      vertex   4.500000e+01 2.341417e+01 -1.087557e+02
      vertex   4.500000e+01 2.259947e+01 -1.097298e+02
    endloop
  endfacet
  facet normal 6.618096e-04 -7.392280e-01 6.734549e-01
    outer loop
      vertex   5.500000e+01 2.222931e+01 -1.101459e+02
      vertex   4.500000e+01 2.259947e+01 -1.097298e+02
      vertex   4.500000e+01 2.174429e+01 -1.106685e+02
    endloop
  endfacet
  facet normal -2.038231e-03 -7.131961e-01 7.009616e-01
    outer loop
      vertex   5.500000e+01 2.222931e+01 -1.101459e+02
      vertex   4.500000e+01 2.174429e+01 -1.106685e+02
      vertex   5.500000e+01 2.052749e+01 -1.118774e+02
    endloop
  endfacet
  facet normal -1.273749e-03 -7.100656e-01 7.041343e-01
    outer loop
      vertex   5.500000e+01 2.052749e+01 -1.118774e+02
      vertex   4.500000e+01 2.174429e+01 -1.106685e+02
      vertex   4.500000e+01 2.085014e+01 -1.115702e+02
    endloop
  endfacet
  facet normal 6.121615e-04 -6.796319e-01 7.335531e-01
    outer loop
      vertex   5.500000e+01 2.052749e+01 -1.118774e+02
      vertex   4.500000e+01 2.085014e+01 -1.115702e+02
      vertex   4.500000e+01 1.991864e+01 -1.124332e+02
    endloop
  endfacet
  facet normal -2.203661e-03 -6.541797e-01 7.563360e-01
    outer loop
      vertex   5.500000e+01 2.052749e+01 -1.118774e+02
      vertex   4.500000e+01 1.991864e+01 -1.124332e+02
      vertex   5.500000e+01 1.869124e+01 -1.134657e+02
    endloop
  endfacet
  facet normal -8.933011e-04 -6.479798e-01 7.616570e-01
    outer loop
      vertex   5.500000e+01 1.869124e+01 -1.134657e+02
      vertex   4.500000e+01 1.991864e+01 -1.124332e+02
      vertex   4.500000e+01 1.895145e+01 -1.132560e+02
    endloop
  endfacet
  facet normal 5.211549e-04 -6.151671e-01 7.883965e-01
    outer loop
      vertex   5.500000e+01 1.869124e+01 -1.134657e+02
      vertex   4.500000e+01 1.895145e+01 -1.132560e+02
      vertex   4.500000e+01 1.795031e+01 -1.140372e+02
    endloop
  endfacet
  facet normal -2.327736e-03 -5.908789e-01 8.067569e-01
    outer loop
      vertex   5.500000e+01 1.869124e+01 -1.134657e+02
      vertex   4.500000e+01 1.795031e+01 -1.140372e+02
      vertex   5.500000e+01 1.673256e+01 -1.149002e+02
    endloop
  endfacet
  facet normal -5.541905e-04 -5.812521e-01 8.137234e-01
    outer loop
      vertex   5.500000e+01 1.673256e+01 -1.149002e+02
      vertex   4.500000e+01 1.795031e+01 -1.140372e+02
      vertex   4.500000e+01 1.691701e+01 -1.147753e+02
    endloop
  endfacet
  facet normal 3.887912e-04 -5.462957e-01 8.375923e-01
    outer loop
      vertex   5.500000e+01 1.673256e+01 -1.149002e+02
      vertex   4.500000e+01 1.691701e+01 -1.147753e+02
      vertex   4.500000e+01 1.585339e+01 -1.154690e+02
    endloop
  endfacet
  facet normal -2.410453e-03 -5.237084e-01 8.518942e-01
    outer loop
      vertex   5.500000e+01 1.673256e+01 -1.149002e+02
      vertex   4.500000e+01 1.585339e+01 -1.154690e+02
      vertex   5.500000e+01 1.466430e+01 -1.161717e+02
    endloop
  endfacet
  facet normal -2.564221e-04 -5.103604e-01 8.599606e-01
    outer loop
      vertex   5.500000e+01 1.466430e+01 -1.161717e+02
      vertex   4.500000e+01 1.585339e+01 -1.154690e+02
      vertex   4.500000e+01 1.476138e+01 -1.161171e+02
    endloop
  endfacet
  facet normal 2.150721e-04 -4.735108e-01 8.807880e-01
    outer loop
      vertex   5.500000e+01 1.466430e+01 -1.161717e+02
      vertex   4.500000e+01 1.476138e+01 -1.161171e+02
      vertex   4.500000e+01 1.364291e+01 -1.167184e+02
    endloop
  endfacet
  facet normal 0.000000e+00 -4.358128e-01 9.000373e-01
    outer loop
      vertex   4.500000e+01 1.250000e+01 -1.172718e+02
      vertex   5.500000e+01 1.250000e+01 -1.172718e+02
      vertex   4.500000e+01 1.364291e+01 -1.167184e+02
    endloop
  endfacet
  facet normal -2.451812e-03 -4.531081e-01 8.914522e-01
    outer loop
      vertex   4.500000e+01 1.364291e+01 -1.167184e+02
      vertex   5.500000e+01 1.250000e+01 -1.172718e+02
      vertex   5.500000e+01 1.466430e+01 -1.161717e+02
    endloop
  endfacet
  facet normal 0.000000e+00 0.000000e+00 -1.000000e+00
    outer loop
      vertex   8.673617e-17 -4.471151e+01 -8.820600e+01
      vertex   -7.440071e-01 -4.460216e+01 -8.820600e+01
      vertex   7.478259e-01 -4.463239e+01 -8.820600e+01
    endloop
  endfacet
  facet normal 0.000000e+00 0.000000e+00 -1.000000e+00
    outer loop
      vertex   7.478259e-01 -4.463239e+01 -8.820600e+01
      vertex   -7.440071e-01 -4.460216e+01 -8.820600e+01
      vertex   1.452482e+00 -4.436978e+01 -8.820600e+01
    endloop
  endfacet
  facet normal -0.000000e+00 0.000000e+00 -1.000000e+00
    outer loop
      vertex   1.452482e+00 -4.436978e+01 -8.820600e+01
      vertex   -7.440071e-01 -4.460216e+01 -8.820600e+01
      vertex   -1.437447e+00 -4.431122e+01 -8.820600e+01
    endloop
  endfacet
  facet normal 0.000000e+00 0.000000e+00 -1.000000e+00
    outer loop
      vertex   1.452482e+00 -4.436978e+01 -8.820600e+01
      vertex   -1.437447e+00 -4.431122e+01 -8.820600e+01
      vertex   2.069692e+00 -4.394018e+01 -8.820600e+01
    endloop
  endfacet
  facet normal -0.000000e+00 0.000000e+00 -1.000000e+00
    outer loop
      vertex   2.069692e+00 -4.394018e+01 -8.820600e+01
      vertex   -1.437447e+00 -4.431122e+01 -8.820600e+01
      vertex   -2.036748e+00 -4.385697e+01 -8.820600e+01
    endloop
  endfacet
  facet normal 0.000000e+00 0.000000e+00 -1.000000e+00
    outer loop
      vertex   2.069692e+00 -4.394018e+01 -8.820600e+01
      vertex   -2.036748e+00 -4.385697e+01 -8.820600e+01
      vertex   2.560675e+00 -4.337059e+01 -8.820600e+01
    endloop
  endfacet
  facet normal -0.000000e+00 0.000000e+00 -1.000000e+00
    outer loop
      vertex   2.560675e+00 -4.337059e+01 -8.820600e+01
      vertex   -2.036748e+00 -4.385697e+01 -8.820600e+01
      vertex   -2.504253e+00 -4.326796e+01 -8.820600e+01
    endloop
  endfacet
  facet normal 0.000000e+00 0.000000e+00 -1.000000e+00
    outer loop
      vertex   2.560675e+00 -4.337059e+01 -8.820600e+01
      vertex   -2.504253e+00 -4.326796e+01 -8.820600e+01
      vertex   2.894579e+00 -4.269678e+01 -8.820600e+01
    endloop
  endfacet
  facet normal -0.000000e+00 0.000000e+00 -1.000000e+00
    outer loop
      vertex   2.894579e+00 -4.269678e+01 -8.820600e+01
      vertex   -2.504253e+00 -4.326796e+01 -8.820600e+01
      vertex   -2.810589e+00 -4.258118e+01 -8.820600e+01
    endloop
  endfacet
  facet normal 0.000000e+00 0.000000e+00 -1.000000e+00
    outer loop
      vertex   2.894579e+00 -4.269678e+01 -8.820600e+01
      vertex   -2.810589e+00 -4.258118e+01 -8.820600e+01
      vertex   3.050426e+00 -4.196111e+01 -8.820600e+01
    endloop
  endfacet
  facet normal -0.000000e+00 0.000000e+00 -1.000000e+00
    outer loop
      vertex   3.050426e+00 -4.196111e+01 -8.820600e+01
      vertex   -2.810589e+00 -4.258118e+01 -8.820600e+01
      vertex   -2.936506e+00 -4.183980e+01 -8.820600e+01
    endloop
  endfacet
  facet normal 0.000000e+00 0.000000e+00 -1.000000e+00
    outer loop
      vertex   3.050426e+00 -4.196111e+01 -8.820600e+01
      vertex   -2.936506e+00 -4.183980e+01 -8.820600e+01
      vertex   3.018422e+00 -4.120979e+01 -8.820600e+01
    endloop
  endfacet
  facet normal -0.000000e+00 0.000000e+00 -1.000000e+00
    outer loop
      vertex   3.018422e+00 -4.120979e+01 -8.820600e+01
      vertex   -2.936506e+00 -4.183980e+01 -8.820600e+01
      vertex   -2.874092e+00 -4.109039e+01 -8.820600e+01
    endloop
  endfacet
  facet normal 0.000000e+00 0.000000e+00 -1.000000e+00
    outer loop
      vertex   3.018422e+00 -4.120979e+01 -8.820600e+01
      vertex   -2.874092e+00 -4.109039e+01 -8.820600e+01
      vertex   2.800578e+00 -4.049004e+01 -8.820600e+01
    endloop
  endfacet
  facet normal -0.000000e+00 0.000000e+00 -1.000000e+00
    outer loop
      vertex   2.800578e+00 -4.049004e+01 -8.820600e+01
      vertex   -2.874092e+00 -4.109039e+01 -8.820600e+01
      vertex   -2.627270e+00 -4.038005e+01 -8.820600e+01
    endloop
  endfacet
  facet normal 0.000000e+00 0.000000e+00 -1.000000e+00
    outer loop
      vertex   2.800578e+00 -4.049004e+01 -8.820600e+01
      vertex   -2.627270e+00 -4.038005e+01 -8.820600e+01
      vertex   2.410582e+00 -3.984707e+01 -8.820600e+01
    endloop
  endfacet
  facet normal -0.000000e+00 0.000000e+00 -1.000000e+00
    outer loop
      vertex   2.410582e+00 -3.984707e+01 -8.820600e+01
      vertex   -2.627270e+00 -4.038005e+01 -8.820600e+01
      vertex   -2.211549e+00 -3.975341e+01 -8.820600e+01
    endloop
  endfacet
  facet normal 0.000000e+00 0.000000e+00 -1.000000e+00
    outer loop
      vertex   2.410582e+00 -3.984707e+01 -8.820600e+01
      vertex   -2.211549e+00 -3.975341e+01 -8.820600e+01
      vertex   1.872939e+00 -3.932129e+01 -8.820600e+01
    endloop
  endfacet
  facet normal -0.000000e+00 0.000000e+00 -1.000000e+00
    outer loop
      vertex   1.872939e+00 -3.932129e+01 -8.820600e+01
      vertex   -2.211549e+00 -3.975341e+01 -8.820600e+01
      vertex   -1.653049e+00 -3.924984e+01 -8.820600e+01
    endloop
  endfacet
  facet normal 0.000000e+00 0.000000e+00 -1.000000e+00
    outer loop
      vertex   1.872939e+00 -3.932129e+01 -8.820600e+01
      vertex   -1.653049e+00 -3.924984e+01 -8.820600e+01
      vertex   1.221432e+00 -3.894574e+01 -8.820600e+01
    endloop
  endfacet
  facet normal -0.000000e+00 0.000000e+00 -1.000000e+00
    outer loop
      vertex   1.221432e+00 -3.894574e+01 -8.820600e+01
      vertex   -1.653049e+00 -3.924984e+01 -8.820600e+01
      vertex   -9.868623e-01 -3.890099e+01 -8.820600e+01
    endloop
  endfacet
  facet normal 0.000000e+00 0.000000e+00 -1.000000e+00
    outer loop
      vertex   1.221432e+00 -3.894574e+01 -8.820600e+01
      vertex   -9.868623e-01 -3.890099e+01 -8.820600e+01
      vertex   4.969959e-01 -3.874401e+01 -8.820600e+01
    endloop
  endfacet
  facet normal -0.000000e+00 0.000000e+00 -1.000000e+00
    outer loop
      vertex   4.969959e-01 -3.874401e+01 -8.820600e+01
      vertex   -9.868623e-01 -3.890099e+01 -8.820600e+01
      vertex   -2.548492e-01 -3.872877e+01 -8.820600e+01
    endloop
  endfacet
  facet normal 0.000000e+00 0.000000e+00 1.000000e+00
    outer loop
      vertex   0.000000e+00 -3.689404e+01 -5.220600e+01
      vertex   -5.000000e+00 -3.689404e+01 -5.220600e+01
      vertex   0.000000e+00 -4.589404e+01 -5.220600e+01
    endloop
  endfacet
  facet normal 0.000000e+00 0.000000e+00 1.000000e+00
    outer loop
      vertex   0.000000e+00 -4.589404e+01 -5.220600e+01
      vertex   -5.000000e+00 -3.689404e+01 -5.220600e+01
      vertex   -5.000000e+00 -4.589404e+01 -5.220600e+01
    endloop
  endfacet
  facet normal 0.000000e+00 1.000000e+00 -0.000000e+00
    outer loop
      vertex   0.000000e+00 -3.689404e+01 -1.200000e+02
      vertex   -5.000000e+00 -3.689404e+01 -1.200000e+02
      vertex   0.000000e+00 -3.689404e+01 -5.220600e+01
    endloop
  endfacet
  facet normal 0.000000e+00 1.000000e+00 0.000000e+00
    outer loop
      vertex   0.000000e+00 -3.689404e+01 -5.220600e+01
      vertex   -5.000000e+00 -3.689404e+01 -1.200000e+02
      vertex   -5.000000e+00 -3.689404e+01 -5.220600e+01
    endloop
  endfacet
  facet normal 0.000000e+00 -1.000000e+00 0.000000e+00
    outer loop
      vertex   -5.000000e+00 -4.589404e+01 -1.200000e+02
      vertex   0.000000e+00 -4.589404e+01 -1.200000e+02
      vertex   -5.000000e+00 -4.589404e+01 -5.220600e+01
    endloop
  endfacet
  facet normal 0.000000e+00 -1.000000e+00 0.000000e+00
    outer loop
      vertex   -5.000000e+00 -4.589404e+01 -5.220600e+01
      vertex   0.000000e+00 -4.589404e+01 -1.200000e+02
      vertex   0.000000e+00 -4.589404e+01 -5.220600e+01
    endloop
  endfacet
  facet normal -1.000000e+00 0.000000e+00 0.000000e+00
    outer loop
      vertex   -5.000000e+00 -3.689404e+01 -1.200000e+02
      vertex   -5.000000e+00 -4.589404e+01 -1.200000e+02
      vertex   -5.000000e+00 -3.689404e+01 -5.220600e+01
    endloop
  endfacet
  facet normal -1.000000e+00 -0.000000e+00 0.000000e+00
    outer loop
      vertex   -5.000000e+00 -3.689404e+01 -5.220600e+01
      vertex   -5.000000e+00 -4.589404e+01 -1.200000e+02
      vertex   -5.000000e+00 -4.589404e+01 -5.220600e+01
    endloop
  endfacet
  facet normal 0.000000e+00 1.000000e+00 -0.000000e+00
    outer loop
      vertex   0.000000e+00 4.210596e+01 -2.800000e+01
      vertex   -7.000000e+00 4.210596e+01 -2.800000e+01
      vertex   0.000000e+00 4.210596e+01 -1.820600e+01
    endloop
  endfacet
  facet normal 0.000000e+00 1.000000e+00 0.000000e+00
    outer loop
      vertex   0.000000e+00 4.210596e+01 -1.820600e+01
      vertex   -7.000000e+00 4.210596e+01 -2.800000e+01
      vertex   -7.000000e+00 4.210596e+01 -1.820600e+01
    endloop
  endfacet
  facet normal 0.000000e+00 -1.000000e+00 0.000000e+00
    outer loop
      vertex   -7.000000e+00 3.210596e+01 -2.800000e+01
      vertex   0.000000e+00 3.210596e+01 -2.800000e+01
      vertex   -7.000000e+00 3.210596e+01 -1.820600e+01
    endloop
  endfacet
  facet normal 0.000000e+00 -1.000000e+00 0.000000e+00
    outer loop
      vertex   -7.000000e+00 3.210596e+01 -1.820600e+01
      vertex   0.000000e+00 3.210596e+01 -2.800000e+01
      vertex   0.000000e+00 3.210596e+01 -1.820600e+01
    endloop
  endfacet
  facet normal -1.000000e+00 0.000000e+00 0.000000e+00
    outer loop
      vertex   -7.000000e+00 4.210596e+01 -2.800000e+01
      vertex   -7.000000e+00 3.210596e+01 -2.800000e+01
      vertex   -7.000000e+00 4.210596e+01 -1.820600e+01
    endloop
  endfacet
  facet normal -1.000000e+00 -0.000000e+00 0.000000e+00
    outer loop
      vertex   -7.000000e+00 4.210596e+01 -1.820600e+01
      vertex   -7.000000e+00 3.210596e+01 -2.800000e+01
      vertex   -7.000000e+00 3.210596e+01 -1.820600e+01
    endloop
  endfacet
  facet normal 0.000000e+00 0.000000e+00 1.000000e+00
    outer loop
      vertex   -7.000000e+00 3.210596e+01 -1.820600e+01
      vertex   -2.978127e+00 3.736161e+01 -1.820600e+01
      vertex   -7.000000e+00 4.210596e+01 -1.820600e+01
    endloop
  endfacet
  facet normal 0.000000e+00 0.000000e+00 1.000000e+00
    outer loop
      vertex   -7.000000e+00 4.210596e+01 -1.820600e+01
      vertex   -2.978127e+00 3.736161e+01 -1.820600e+01
      vertex   -2.805049e+00 3.806382e+01 -1.820600e+01
    endloop
  endfacet
  facet normal 0.000000e+00 0.000000e+00 1.000000e+00
    outer loop
      vertex   -7.000000e+00 4.210596e+01 -1.820600e+01
      vertex   -2.805049e+00 3.806382e+01 -1.820600e+01
      vertex   -2.468952e+00 3.870419e+01 -1.820600e+01
    endloop
  endfacet
  facet normal 0.000000e+00 0.000000e+00 1.000000e+00
    outer loop
      vertex   0.000000e+00 3.210596e+01 -1.820600e+01
      vertex   -1.989368e+00 3.475447e+01 -1.820600e+01
      vertex   -7.000000e+00 3.210596e+01 -1.820600e+01
    endloop
  endfacet
  facet normal 0.000000e+00 0.000000e+00 1.000000e+00
    outer loop
      vertex   -7.000000e+00 3.210596e+01 -1.820600e+01
      vertex   -1.989368e+00 3.475447e+01 -1.820600e+01
      vertex   -2.468952e+00 3.529581e+01 -1.820600e+01
    endloop
  endfacet
  facet normal 0.000000e+00 0.000000e+00 1.000000e+00
    outer loop
      vertex   -7.000000e+00 3.210596e+01 -1.820600e+01
      vertex   -2.468952e+00 3.529581e+01 -1.820600e+01
      vertex   -2.805049e+00 3.593619e+01 -1.820600e+01
    endloop
  endfacet
  facet normal 0.000000e+00 0.000000e+00 1.000000e+00
    outer loop
      vertex   0.000000e+00 3.400000e+01 -1.820600e+01
      vertex   -7.179470e-01 3.408718e+01 -1.820600e+01
      vertex   0.000000e+00 3.210596e+01 -1.820600e+01
    endloop
  endfacet
  facet normal 0.000000e+00 0.000000e+00 1.000000e+00
    outer loop
      vertex   0.000000e+00 3.210596e+01 -1.820600e+01
      vertex   -7.179470e-01 3.408718e+01 -1.820600e+01
      vertex   -1.394170e+00 3.434363e+01 -1.820600e+01
    endloop
  endfacet
  facet normal 0.000000e+00 0.000000e+00 1.000000e+00
    outer loop
      vertex   0.000000e+00 3.210596e+01 -1.820600e+01
      vertex   -1.394170e+00 3.434363e+01 -1.820600e+01
      vertex   -1.989368e+00 3.475447e+01 -1.820600e+01
    endloop
  endfacet
  facet normal 0.000000e+00 0.000000e+00 1.000000e+00
    outer loop
      vertex   -2.805049e+00 3.593619e+01 -1.820600e+01
      vertex   -2.978127e+00 3.663839e+01 -1.820600e+01
      vertex   -7.000000e+00 3.210596e+01 -1.820600e+01
    endloop
  endfacet
  facet normal 0.000000e+00 0.000000e+00 1.000000e+00
    outer loop
      vertex   -7.000000e+00 3.210596e+01 -1.820600e+01
      vertex   -2.978127e+00 3.663839e+01 -1.820600e+01
      vertex   -2.978127e+00 3.736161e+01 -1.820600e+01
    endloop
  endfacet
  facet normal 0.000000e+00 -0.000000e+00 1.000000e+00
    outer loop
      vertex   -2.468952e+00 3.870419e+01 -1.820600e+01
      vertex   -1.989368e+00 3.924553e+01 -1.820600e+01
      vertex   -7.000000e+00 4.210596e+01 -1.820600e+01
    endloop
  endfacet
  facet normal -0.000000e+00 0.000000e+00 1.000000e+00
    outer loop
      vertex   -7.000000e+00 4.210596e+01 -1.820600e+01
      vertex   -1.989368e+00 3.924553e+01 -1.820600e+01
      vertex   0.000000e+00 4.210596e+01 -1.820600e+01
    endloop
  endfacet
  facet normal 0.000000e+00 0.000000e+00 1.000000e+00
    outer loop
      vertex   0.000000e+00 4.210596e+01 -1.820600e+01
      vertex   -1.989368e+00 3.924553e+01 -1.820600e+01
      vertex   -1.394170e+00 3.965637e+01 -1.820600e+01
    endloop
  endfacet
  facet normal 0.000000e+00 0.000000e+00 1.000000e+00
    outer loop
      vertex   0.000000e+00 4.210596e+01 -1.820600e+01
      vertex   -1.394170e+00 3.965637e+01 -1.820600e+01
      vertex   -7.179470e-01 3.991283e+01 -1.820600e+01
    endloop
  endfacet
  facet normal 0.000000e+00 0.000000e+00 1.000000e+00
    outer loop
      vertex   -7.179470e-01 3.991283e+01 -1.820600e+01
      vertex   0.000000e+00 4.000000e+01 -1.820600e+01
      vertex   0.000000e+00 4.210596e+01 -1.820600e+01
    endloop
  endfacet
  facet normal -1.000000e+00 0.000000e+00 0.000000e+00
    outer loop
      vertex   0.000000e+00 4.210596e+01 -2.800000e+01
      vertex   0.000000e+00 4.210596e+01 -1.820600e+01
      vertex   0.000000e+00 4.517050e+01 -2.800000e+01
    endloop
  endfacet
  facet normal -1.000000e+00 0.000000e+00 0.000000e+00
    outer loop
      vertex   0.000000e+00 4.517050e+01 -2.800000e+01
      vertex   0.000000e+00 4.210596e+01 -1.820600e+01
      vertex   0.000000e+00 4.517050e+01 -1.820575e+01
    endloop
  endfacet
  facet normal -1.000000e+00 0.000000e+00 0.000000e+00
    outer loop
      vertex   0.000000e+00 4.517050e+01 -1.820575e+01
      vertex   0.000000e+00 4.210596e+01 -1.820600e+01
      vertex   0.000000e+00 4.000000e+01 -1.820575e+01
    endloop
  endfacet
  facet normal -1.000000e+00 0.000000e+00 0.000000e+00
    outer loop
      vertex   0.000000e+00 4.000000e+01 -1.820575e+01
      vertex   0.000000e+00 4.210596e+01 -1.820600e+01
      vertex   0.000000e+00 4.000000e+01 -1.820600e+01
    endloop
  endfacet
  facet normal -1.000000e+00 -0.000000e+00 0.000000e+00
    outer loop
      vertex   0.000000e+00 3.210596e+01 -2.800000e+01
      vertex   0.000000e+00 2.550000e+01 -2.800000e+01
      vertex   0.000000e+00 3.210596e+01 -1.820600e+01
    endloop
  endfacet
  facet normal -1.000000e+00 -0.000000e+00 0.000000e+00
    outer loop
      vertex   0.000000e+00 3.210596e+01 -1.820600e+01
      vertex   0.000000e+00 2.550000e+01 -2.800000e+01
      vertex   0.000000e+00 2.350000e+01 -1.820575e+01
    endloop
  endfacet
  facet normal -1.000000e+00 0.000000e+00 0.000000e+00
    outer loop
      vertex   0.000000e+00 3.210596e+01 -1.820600e+01
      vertex   0.000000e+00 2.350000e+01 -1.820575e+01
      vertex   0.000000e+00 3.400000e+01 -1.820575e+01
    endloop
  endfacet
  facet normal -1.000000e+00 0.000000e+00 0.000000e+00
    outer loop
      vertex   0.000000e+00 2.550000e+01 -3.600000e+01
      vertex   0.000000e+00 2.059633e+01 -3.600000e+01
      vertex   0.000000e+00 2.550000e+01 -2.800000e+01
    endloop
  endfacet
  facet normal -1.000000e+00 -0.000000e+00 0.000000e+00
    outer loop
      vertex   0.000000e+00 2.550000e+01 -2.800000e+01
      vertex   0.000000e+00 2.059633e+01 -3.600000e+01
      vertex   0.000000e+00 2.350000e+01 -2.600000e+01
    endloop
  endfacet
  facet normal -1.000000e+00 0.000000e+00 0.000000e+00
    outer loop
      vertex   0.000000e+00 2.550000e+01 -2.800000e+01
      vertex   0.000000e+00 2.350000e+01 -2.600000e+01
      vertex   0.000000e+00 2.350000e+01 -1.820575e+01
    endloop
  endfacet
  facet normal -1.000000e+00 0.000000e+00 0.000000e+00
    outer loop
      vertex   0.000000e+00 2.059633e+01 -3.600000e+01
      vertex   0.000000e+00 2.059633e+01 -2.600000e+01
      vertex   0.000000e+00 2.350000e+01 -2.600000e+01
    endloop
  endfacet
  facet normal -1.000000e+00 0.000000e+00 -0.000000e+00
    outer loop
      vertex   0.000000e+00 3.400000e+01 -1.820575e+01
      vertex   0.000000e+00 3.400000e+01 -1.820600e+01
      vertex   0.000000e+00 3.210596e+01 -1.820600e+01
    endloop
  endfacet
  facet normal -1.000000e+00 -0.000000e+00 0.000000e+00
    outer loop
      vertex   0.000000e+00 -2.350000e+01 -1.820575e+01
      vertex   0.000000e+00 -2.550000e+01 -2.800000e+01
      vertex   0.000000e+00 -3.400000e+01 -1.820575e+01
    endloop
  endfacet
  facet normal -1.000000e+00 0.000000e+00 0.000000e+00
    outer loop
      vertex   0.000000e+00 -3.400000e+01 -1.820575e+01
      vertex   0.000000e+00 -2.550000e+01 -2.800000e+01
      vertex   0.000000e+00 -3.284423e+01 -2.800000e+01
    endloop
  endfacet
  facet normal -1.000000e+00 0.000000e+00 0.000000e+00
    outer loop
      vertex   0.000000e+00 -3.400000e+01 -1.820575e+01
      vertex   0.000000e+00 -3.284423e+01 -2.800000e+01
      vertex   0.000000e+00 -3.400000e+01 -3.920575e+01
    endloop
  endfacet
  facet normal -1.000000e+00 0.000000e+00 0.000000e+00
    outer loop
      vertex   0.000000e+00 -3.400000e+01 -3.920575e+01
      vertex   0.000000e+00 -3.284423e+01 -2.800000e+01
      vertex   0.000000e+00 -3.284423e+01 -3.920575e+01
    endloop
  endfacet
  facet normal -1.000000e+00 0.000000e+00 -0.000000e+00
    outer loop
      vertex   0.000000e+00 -2.350000e+01 -1.820575e+01
      vertex   0.000000e+00 -2.350000e+01 -2.600000e+01
      vertex   0.000000e+00 -2.550000e+01 -2.800000e+01
    endloop
  endfacet
  facet normal -1.000000e+00 0.000000e+00 0.000000e+00
    outer loop
      vertex   0.000000e+00 -2.550000e+01 -2.800000e+01
      vertex   0.000000e+00 -2.350000e+01 -2.600000e+01
      vertex   0.000000e+00 -2.059633e+01 -3.600000e+01
    endloop
  endfacet
  facet normal -1.000000e+00 0.000000e+00 0.000000e+00
    outer loop
      vertex   0.000000e+00 -2.550000e+01 -2.800000e+01
      vertex   0.000000e+00 -2.059633e+01 -3.600000e+01
      vertex   0.000000e+00 -2.550000e+01 -3.600000e+01
    endloop
  endfacet
  facet normal -1.000000e+00 0.000000e+00 0.000000e+00
    outer loop
      vertex   0.000000e+00 -2.350000e+01 -2.600000e+01
      vertex   0.000000e+00 -2.059633e+01 -2.600000e+01
      vertex   0.000000e+00 -2.059633e+01 -3.600000e+01
    endloop
  endfacet
  facet normal -1.000000e+00 0.000000e+00 0.000000e+00
    outer loop
      vertex   0.000000e+00 -5.432697e+01 -1.820575e+01
      vertex   0.000000e+00 -4.000000e+01 -1.820575e+01
      vertex   0.000000e+00 -5.432697e+01 -3.320575e+01
    endloop
  endfacet
  facet normal -1.000000e+00 0.000000e+00 0.000000e+00
    outer loop
      vertex   0.000000e+00 -5.432697e+01 -3.320575e+01
      vertex   0.000000e+00 -4.000000e+01 -1.820575e+01
      vertex   0.000000e+00 -4.864793e+01 -3.820575e+01
    endloop
  endfacet
  facet normal -1.000000e+00 0.000000e+00 0.000000e+00
    outer loop
      vertex   0.000000e+00 -5.432697e+01 -3.320575e+01
      vertex   0.000000e+00 -4.864793e+01 -3.820575e+01
      vertex   0.000000e+00 -4.932697e+01 -3.820575e+01
    endloop
  endfacet
  facet normal -1.000000e+00 0.000000e+00 -0.000000e+00
    outer loop
      vertex   0.000000e+00 -4.000000e+01 -1.820575e+01
      vertex   0.000000e+00 -4.000000e+01 -3.920575e+01
      vertex   0.000000e+00 -4.864793e+01 -3.820575e+01
    endloop
  endfacet
  facet normal -1.000000e+00 0.000000e+00 0.000000e+00
    outer loop
      vertex   0.000000e+00 -4.864793e+01 -3.820575e+01
      vertex   0.000000e+00 -4.000000e+01 -3.920575e+01
      vertex   0.000000e+00 -4.864793e+01 -3.920575e+01
    endloop
  endfacet
  facet normal -1.000000e+00 0.000000e+00 0.000000e+00
    outer loop
      vertex   0.000000e+00 -4.589404e+01 -5.220600e+01
      vertex   0.000000e+00 -4.864793e+01 -5.220575e+01
      vertex   0.000000e+00 -3.689404e+01 -5.220600e+01
    endloop
  endfacet
  facet normal -1.000000e+00 0.000000e+00 0.000000e+00
    outer loop
      vertex   0.000000e+00 -3.689404e+01 -5.220600e+01
      vertex   0.000000e+00 -4.864793e+01 -5.220575e+01
      vertex   0.000000e+00 -3.284423e+01 -5.220575e+01
    endloop
  endfacet
  facet normal -1.000000e+00 0.000000e+00 0.000000e+00
    outer loop
      vertex   0.000000e+00 -3.689404e+01 -5.220600e+01
      vertex   0.000000e+00 -3.284423e+01 -5.220575e+01
      vertex   0.000000e+00 -3.284423e+01 -1.200000e+02
    endloop
  endfacet
  facet normal -1.000000e+00 -0.000000e+00 0.000000e+00
    outer loop
      vertex   0.000000e+00 -4.589404e+01 -1.200000e+02
      vertex   0.000000e+00 -4.864793e+01 -1.200000e+02
      vertex   0.000000e+00 -4.589404e+01 -5.220600e+01
    endloop
  endfacet
  facet normal -1.000000e+00 -0.000000e+00 0.000000e+00
    outer loop
      vertex   0.000000e+00 -4.589404e+01 -5.220600e+01
      vertex   0.000000e+00 -4.864793e+01 -1.200000e+02
      vertex   0.000000e+00 -4.864793e+01 -5.220575e+01
    endloop
  endfacet
  facet normal -1.000000e+00 0.000000e+00 0.000000e+00
    outer loop
      vertex   0.000000e+00 -3.284423e+01 -1.200000e+02
      vertex   0.000000e+00 -3.689404e+01 -1.200000e+02
      vertex   0.000000e+00 -3.689404e+01 -5.220600e+01
    endloop
  endfacet
  facet normal -1.253332e-01 -9.921146e-01 3.568899e-04
    outer loop
      vertex   7.460697e-01 3.990575e+01 -2.800000e+01
      vertex   7.179470e-01 3.991283e+01 -1.820575e+01
      vertex   0.000000e+00 4.000000e+01 -2.800000e+01
    endloop
  endfacet
  facet normal -1.205367e-01 -9.927089e-01 1.008277e-14
    outer loop
      vertex   0.000000e+00 4.000000e+01 -2.800000e+01
      vertex   7.179470e-01 3.991283e+01 -1.820575e+01
      vertex   0.000000e+00 4.000000e+01 -1.820600e+01
    endloop
  endfacet
  facet normal 1.205367e-01 -9.927089e-01 1.008277e-14
    outer loop
      vertex   0.000000e+00 4.000000e+01 -2.800000e+01
      vertex   0.000000e+00 4.000000e+01 -1.820600e+01
      vertex   -7.179470e-01 3.991283e+01 -1.820600e+01
    endloop
  endfacet
  facet normal -3.546049e-01 -9.350162e-01 -3.426797e-04
    outer loop
      vertex   7.179470e-01 3.991283e+01 -1.820575e+01
      vertex   7.460697e-01 3.990575e+01 -2.800000e+01
      vertex   1.394170e+00 3.965637e+01 -1.820575e+01
    endloop
  endfacet
  facet normal -3.681245e-01 -9.297763e-01 6.853513e-04
    outer loop
      vertex   1.394170e+00 3.965637e+01 -1.820575e+01
      vertex   7.460697e-01 3.990575e+01 -2.800000e+01
      vertex   1.445261e+00 3.962892e+01 -2.800000e+01
    endloop
  endfacet
  facet normal -5.680646e-01 -8.229837e-01 -6.569153e-04
    outer loop
      vertex   1.394170e+00 3.965637e+01 -1.820575e+01
      vertex   1.445261e+00 3.962892e+01 -2.800000e+01
      vertex   1.989368e+00 3.924553e+01 -1.820575e+01
    endloop
  endfacet
  facet normal -5.877850e-01 -8.090166e-01 9.853536e-04
    outer loop
      vertex   1.989368e+00 3.924553e+01 -1.820575e+01
      vertex   1.445261e+00 3.962892e+01 -2.800000e+01
      vertex   2.053641e+00 3.918691e+01 -2.800000e+01
    endloop
  endfacet
  facet normal -7.485104e-01 -6.631224e-01 -9.426774e-04
    outer loop
      vertex   1.989368e+00 3.924553e+01 -1.820575e+01
      vertex   2.053641e+00 3.918691e+01 -2.800000e+01
      vertex   2.468952e+00 3.870419e+01 -1.820575e+01
    endloop
  endfacet
  facet normal -7.705126e-01 -6.374235e-01 1.256869e-03
    outer loop
      vertex   2.468952e+00 3.870419e+01 -1.820575e+01
      vertex   2.053641e+00 3.918691e+01 -2.800000e+01
      vertex   2.532984e+00 3.860748e+01 -2.800000e+01
    endloop
  endfacet
  facet normal -8.854554e-01 -4.647228e-01 -1.199939e-03
    outer loop
      vertex   2.468952e+00 3.870419e+01 -1.820575e+01
      vertex   2.532984e+00 3.860748e+01 -2.800000e+01
      vertex   2.805049e+00 3.806382e+01 -1.820575e+01
    endloop
  endfacet
  facet normal -9.048260e-01 -4.257788e-01 1.499871e-03
    outer loop
      vertex   2.805049e+00 3.806382e+01 -1.820575e+01
      vertex   2.532984e+00 3.860748e+01 -2.800000e+01
      vertex   2.853170e+00 3.792705e+01 -2.800000e+01
    endloop
  endfacet
  facet normal -9.709408e-01 -2.393154e-01 -1.428677e-03
    outer loop
      vertex   2.805049e+00 3.806382e+01 -1.820575e+01
      vertex   2.853170e+00 3.792705e+01 -2.800000e+01
      vertex   2.978127e+00 3.736161e+01 -1.820575e+01
    endloop
  endfacet
  facet normal -9.822858e-01 -1.873810e-01 1.714338e-03
    outer loop
      vertex   2.978127e+00 3.736161e+01 -1.820575e+01
      vertex   2.853170e+00 3.792705e+01 -2.800000e+01
      vertex   2.994080e+00 3.718837e+01 -2.800000e+01
    endloop
  endfacet
  facet normal -9.999987e-01 -0.000000e+00 -1.628869e-03
    outer loop
      vertex   2.978127e+00 3.736161e+01 -1.820575e+01
      vertex   2.994080e+00 3.718837e+01 -2.800000e+01
      vertex   2.978127e+00 3.663839e+01 -1.820575e+01
    endloop
  endfacet
  facet normal -9.980249e-01 6.279041e-02 1.900250e-03
    outer loop
      vertex   2.978127e+00 3.663839e+01 -1.820575e+01
      vertex   2.994080e+00 3.718837e+01 -2.800000e+01
      vertex   2.946862e+00 3.643786e+01 -2.800000e+01
    endloop
  endfacet
  facet normal -9.709402e-01 2.393153e-01 -1.800496e-03
    outer loop
      vertex   2.978127e+00 3.663839e+01 -1.820575e+01
      vertex   2.946862e+00 3.643786e+01 -2.800000e+01
      vertex   2.805049e+00 3.593619e+01 -1.820575e+01
    endloop
  endfacet
  facet normal -9.510545e-01 3.090163e-01 2.057589e-03
    outer loop
      vertex   2.805049e+00 3.593619e+01 -1.820575e+01
      vertex   2.946862e+00 3.643786e+01 -2.800000e+01
      vertex   2.714481e+00 3.572266e+01 -2.800000e+01
    endloop
  endfacet
  facet normal -8.854544e-01 4.647223e-01 -1.943544e-03
    outer loop
      vertex   2.805049e+00 3.593619e+01 -1.820575e+01
      vertex   2.714481e+00 3.572266e+01 -2.800000e+01
      vertex   2.468952e+00 3.529581e+01 -1.820575e+01
    endloop
  endfacet
  facet normal -8.443259e-01 5.358255e-01 2.186341e-03
    outer loop
      vertex   2.468952e+00 3.529581e+01 -1.820575e+01
      vertex   2.714481e+00 3.572266e+01 -2.800000e+01
      vertex   2.311540e+00 3.508773e+01 -2.800000e+01
    endloop
  endfacet
  facet normal -7.485092e-01 6.631213e-01 -2.057998e-03
    outer loop
      vertex   2.468952e+00 3.529581e+01 -1.820575e+01
      vertex   2.311540e+00 3.508773e+01 -2.800000e+01
      vertex   1.989368e+00 3.475447e+01 -1.820575e+01
    endloop
  endfacet
  facet normal -6.845453e-01 7.289667e-01 2.286494e-03
    outer loop
      vertex   1.989368e+00 3.475447e+01 -1.820575e+01
      vertex   2.311540e+00 3.508773e+01 -2.800000e+01
      vertex   1.763356e+00 3.457295e+01 -2.800000e+01
    endloop
  endfacet
  facet normal -5.680634e-01 8.229820e-01 -2.143848e-03
    outer loop
      vertex   1.989368e+00 3.475447e+01 -1.820575e+01
      vertex   1.763356e+00 3.457295e+01 -2.800000e+01
      vertex   1.394170e+00 3.434363e+01 -1.820575e+01
    endloop
  endfacet
  facet normal -4.817523e-01 8.763042e-01 2.358038e-03
    outer loop
      vertex   1.394170e+00 3.434363e+01 -1.820575e+01
      vertex   1.763356e+00 3.457295e+01 -2.800000e+01
      vertex   1.104374e+00 3.421067e+01 -2.800000e+01
    endloop
  endfacet
  facet normal -3.546040e-01 9.350140e-01 -2.201085e-03
    outer loop
      vertex   1.394170e+00 3.434363e+01 -1.820575e+01
      vertex   1.104374e+00 3.421067e+01 -2.800000e+01
      vertex   7.179470e-01 3.408718e+01 -1.820575e+01
    endloop
  endfacet
  facet normal -2.486892e-01 9.685804e-01 2.400968e-03
    outer loop
      vertex   7.179470e-01 3.408718e+01 -1.820575e+01
      vertex   1.104374e+00 3.421067e+01 -2.800000e+01
      vertex   3.759997e-01 3.402366e+01 -2.800000e+01
    endloop
  endfacet
  facet normal -1.205364e-01 9.927064e-01 -2.229705e-03
    outer loop
      vertex   7.179470e-01 3.408718e+01 -1.820575e+01
      vertex   3.759997e-01 3.402366e+01 -2.800000e+01
      vertex   0.000000e+00 3.400000e+01 -1.820575e+01
    endloop
  endfacet
  facet normal -6.279051e-02 9.980267e-01 4.028993e-10
    outer loop
      vertex   0.000000e+00 3.400000e+01 -1.820575e+01
      vertex   3.759997e-01 3.402366e+01 -2.800000e+01
      vertex   0.000000e+00 3.400000e+01 -1.820600e+01
    endloop
  endfacet
  facet normal 0.000000e+00 9.999971e-01 2.415339e-03
    outer loop
      vertex   0.000000e+00 3.400000e+01 -1.820600e+01
      vertex   3.759997e-01 3.402366e+01 -2.800000e+01
      vertex   -3.759997e-01 3.402366e+01 -2.800000e+01
    endloop
  endfacet
  facet normal 1.205364e-01 9.927064e-01 -2.229761e-03
    outer loop
      vertex   0.000000e+00 3.400000e+01 -1.820600e+01
      vertex   -3.759997e-01 3.402366e+01 -2.800000e+01
      vertex   -7.179470e-01 3.408718e+01 -1.820600e+01
    endloop
  endfacet
  facet normal 2.486892e-01 9.685804e-01 2.401028e-03
    outer loop
      vertex   -7.179470e-01 3.408718e+01 -1.820600e+01
      vertex   -3.759997e-01 3.402366e+01 -2.800000e+01
      vertex   -1.104374e+00 3.421067e+01 -2.800000e+01
    endloop
  endfacet
  facet normal 3.546040e-01 9.350140e-01 -2.201141e-03
    outer loop
      vertex   -7.179470e-01 3.408718e+01 -1.820600e+01
      vertex   -1.104374e+00 3.421067e+01 -2.800000e+01
      vertex   -1.394170e+00 3.434363e+01 -1.820600e+01
    endloop
  endfacet
  facet normal 4.817523e-01 8.763042e-01 2.358098e-03
    outer loop
      vertex   -1.394170e+00 3.434363e+01 -1.820600e+01
      vertex   -1.104374e+00 3.421067e+01 -2.800000e+01
      vertex   -1.763356e+00 3.457295e+01 -2.800000e+01
    endloop
  endfacet
  facet normal 5.680634e-01 8.229820e-01 -2.143902e-03
    outer loop
      vertex   -1.394170e+00 3.434363e+01 -1.820600e+01
      vertex   -1.763356e+00 3.457295e+01 -2.800000e+01
      vertex   -1.989368e+00 3.475447e+01 -1.820600e+01
    endloop
  endfacet
  facet normal 6.845453e-01 7.289667e-01 2.286551e-03
    outer loop
      vertex   -1.989368e+00 3.475447e+01 -1.820600e+01
      vertex   -1.763356e+00 3.457295e+01 -2.800000e+01
      vertex   -2.311540e+00 3.508773e+01 -2.800000e+01
    endloop
  endfacet
  facet normal 7.485092e-01 6.631213e-01 -2.058050e-03
    outer loop
      vertex   -1.989368e+00 3.475447e+01 -1.820600e+01
      vertex   -2.311540e+00 3.508773e+01 -2.800000e+01
      vertex   -2.468952e+00 3.529581e+01 -1.820600e+01
    endloop
  endfacet
  facet normal 8.443259e-01 5.358255e-01 2.186396e-03
    outer loop
      vertex   -2.468952e+00 3.529581e+01 -1.820600e+01
      vertex   -2.311540e+00 3.508773e+01 -2.800000e+01
      vertex   -2.714481e+00 3.572266e+01 -2.800000e+01
    endloop
  endfacet
  facet normal 8.854544e-01 4.647223e-01 -1.943593e-03
    outer loop
      vertex   -2.468952e+00 3.529581e+01 -1.820600e+01
      vertex   -2.714481e+00 3.572266e+01 -2.800000e+01
      vertex   -2.805049e+00 3.593619e+01 -1.820600e+01
    endloop
  endfacet
  facet normal 9.510545e-01 3.090163e-01 2.057641e-03
    outer loop
      vertex   -2.805049e+00 3.593619e+01 -1.820600e+01
      vertex   -2.714481e+00 3.572266e+01 -2.800000e+01
      vertex   -2.946862e+00 3.643786e+01 -2.800000e+01
    endloop
  endfacet
  facet normal 9.709402e-01 2.393153e-01 -1.800542e-03
    outer loop
      vertex   -2.805049e+00 3.593619e+01 -1.820600e+01
      vertex   -2.946862e+00 3.643786e+01 -2.800000e+01
      vertex   -2.978127e+00 3.663839e+01 -1.820600e+01
    endloop
  endfacet
  facet normal 9.980249e-01 6.279041e-02 1.900298e-03
    outer loop
      vertex   -2.978127e+00 3.663839e+01 -1.820600e+01
      vertex   -2.946862e+00 3.643786e+01 -2.800000e+01
      vertex   -2.994080e+00 3.718837e+01 -2.800000e+01
    endloop
  endfacet
  facet normal 9.999987e-01 0.000000e+00 -1.628910e-03
    outer loop
      vertex   -2.978127e+00 3.663839e+01 -1.820600e+01
      vertex   -2.994080e+00 3.718837e+01 -2.800000e+01
      vertex   -2.978127e+00 3.736161e+01 -1.820600e+01
    endloop
  endfacet
  facet normal 9.822858e-01 -1.873810e-01 1.714381e-03
    outer loop
      vertex   -2.978127e+00 3.736161e+01 -1.820600e+01
      vertex   -2.994080e+00 3.718837e+01 -2.800000e+01
      vertex   -2.853170e+00 3.792705e+01 -2.800000e+01
    endloop
  endfacet
  facet normal 9.709408e-01 -2.393154e-01 -1.428713e-03
    outer loop
      vertex   -2.978127e+00 3.736161e+01 -1.820600e+01
      vertex   -2.853170e+00 3.792705e+01 -2.800000e+01
      vertex   -2.805049e+00 3.806382e+01 -1.820600e+01
    endloop
  endfacet
  facet normal 9.048260e-01 -4.257788e-01 1.499909e-03
    outer loop
      vertex   -2.805049e+00 3.806382e+01 -1.820600e+01
      vertex   -2.853170e+00 3.792705e+01 -2.800000e+01
      vertex   -2.532984e+00 3.860748e+01 -2.800000e+01
    endloop
  endfacet
  facet normal 8.854554e-01 -4.647228e-01 -1.199969e-03
    outer loop
      vertex   -2.805049e+00 3.806382e+01 -1.820600e+01
      vertex   -2.532984e+00 3.860748e+01 -2.800000e+01
      vertex   -2.468952e+00 3.870419e+01 -1.820600e+01
    endloop
  endfacet
  facet normal 7.705126e-01 -6.374235e-01 1.256900e-03
    outer loop
      vertex   -2.468952e+00 3.870419e+01 -1.820600e+01
      vertex   -2.532984e+00 3.860748e+01 -2.800000e+01
      vertex   -2.053641e+00 3.918691e+01 -2.800000e+01
    endloop
  endfacet
  facet normal 7.485104e-01 -6.631224e-01 -9.427011e-04
    outer loop
      vertex   -2.468952e+00 3.870419e+01 -1.820600e+01
      vertex   -2.053641e+00 3.918691e+01 -2.800000e+01
      vertex   -1.989368e+00 3.924553e+01 -1.820600e+01
    endloop
  endfacet
  facet normal 5.877850e-01 -8.090166e-01 9.853783e-04
    outer loop
      vertex   -1.989368e+00 3.924553e+01 -1.820600e+01
      vertex   -2.053641e+00 3.918691e+01 -2.800000e+01
      vertex   -1.445261e+00 3.962892e+01 -2.800000e+01
    endloop
  endfacet
  facet normal 5.680646e-01 -8.229837e-01 -6.569319e-04
    outer loop
      vertex   -1.989368e+00 3.924553e+01 -1.820600e+01
      vertex   -1.445261e+00 3.962892e+01 -2.800000e+01
      vertex   -1.394170e+00 3.965637e+01 -1.820600e+01
    endloop
  endfacet
  facet normal 3.681245e-01 -9.297763e-01 6.853686e-04
    outer loop
      vertex   -1.394170e+00 3.965637e+01 -1.820600e+01
      vertex   -1.445261e+00 3.962892e+01 -2.800000e+01
      vertex   -7.460697e-01 3.990575e+01 -2.800000e+01
    endloop
  endfacet
  facet normal 3.546049e-01 -9.350162e-01 -3.426883e-04
    outer loop
      vertex   -1.394170e+00 3.965637e+01 -1.820600e+01
      vertex   -7.460697e-01 3.990575e+01 -2.800000e+01
      vertex   -7.179470e-01 3.991283e+01 -1.820600e+01
    endloop
  endfacet
  facet normal 1.253332e-01 -9.921146e-01 3.568989e-04
    outer loop
      vertex   -7.179470e-01 3.991283e+01 -1.820600e+01
      vertex   -7.460697e-01 3.990575e+01 -2.800000e+01
      vertex   0.000000e+00 4.000000e+01 -2.800000e+01
    endloop
  endfacet
  facet normal -1.205367e-01 -9.927089e-01 -4.007335e-10
    outer loop
      vertex   7.179470e-01 3.991283e+01 -1.820575e+01
      vertex   0.000000e+00 4.000000e+01 -1.820575e+01
      vertex   0.000000e+00 4.000000e+01 -1.820600e+01
    endloop
  endfacet
  facet normal 4.361939e-02 9.990482e-01 -0.000000e+00
    outer loop
      vertex   0.000000e+00 2.550000e+01 -3.600000e+01
      vertex   0.000000e+00 2.550000e+01 -2.800000e+01
      vertex   2.222471e+00 2.540296e+01 -3.600000e+01
    endloop
  endfacet
  facet normal 4.361939e-02 9.990482e-01 -3.147771e-17
    outer loop
      vertex   2.222471e+00 2.540296e+01 -3.600000e+01
      vertex   0.000000e+00 2.550000e+01 -2.800000e+01
      vertex   2.222471e+00 2.540296e+01 -2.800000e+01
    endloop
  endfacet
  facet normal 1.305262e-01 9.914449e-01 -9.419357e-17
    outer loop
      vertex   2.222471e+00 2.540296e+01 -3.600000e+01
      vertex   2.222471e+00 2.540296e+01 -2.800000e+01
      vertex   4.428029e+00 2.511260e+01 -3.600000e+01
    endloop
  endfacet
  facet normal 1.305262e-01 9.914449e-01 -0.000000e+00
    outer loop
      vertex   4.428029e+00 2.511260e+01 -3.600000e+01
      vertex   2.222471e+00 2.540296e+01 -2.800000e+01
      vertex   4.428029e+00 2.511260e+01 -2.800000e+01
    endloop
  endfacet
  facet normal 2.164396e-01 9.762960e-01 -0.000000e+00
    outer loop
      vertex   4.428029e+00 2.511260e+01 -3.600000e+01
      vertex   4.428029e+00 2.511260e+01 -2.800000e+01
      vertex   6.599886e+00 2.463111e+01 -3.600000e+01
    endloop
  endfacet
  facet normal 2.164396e-01 9.762960e-01 -1.441777e-16
    outer loop
      vertex   6.599886e+00 2.463111e+01 -3.600000e+01
      vertex   4.428029e+00 2.511260e+01 -2.800000e+01
      vertex   6.599886e+00 2.463111e+01 -2.800000e+01
    endloop
  endfacet
  facet normal 3.007058e-01 9.537169e-01 -2.003103e-16
    outer loop
      vertex   6.599886e+00 2.463111e+01 -3.600000e+01
      vertex   6.599886e+00 2.463111e+01 -2.800000e+01
      vertex   8.721514e+00 2.396216e+01 -3.600000e+01
    endloop
  endfacet
  facet normal 3.007058e-01 9.537169e-01 2.232251e-16
    outer loop
      vertex   8.721514e+00 2.396216e+01 -3.600000e+01
      vertex   6.599886e+00 2.463111e+01 -2.800000e+01
      vertex   8.721514e+00 2.396216e+01 -2.800000e+01
    endloop
  endfacet
  facet normal 3.826834e-01 9.238795e-01 1.553666e-16
    outer loop
      vertex   8.721514e+00 2.396216e+01 -3.600000e+01
      vertex   8.721514e+00 2.396216e+01 -2.800000e+01
      vertex   1.077677e+01 2.311085e+01 -3.600000e+01
    endloop
  endfacet
  facet normal 3.826834e-01 9.238795e-01 -0.000000e+00
    outer loop
      vertex   1.077677e+01 2.311085e+01 -3.600000e+01
      vertex   8.721514e+00 2.396216e+01 -2.800000e+01
      vertex   1.077677e+01 2.311085e+01 -2.800000e+01
    endloop
  endfacet
  facet normal 4.617486e-01 8.870108e-01 -0.000000e+00
    outer loop
      vertex   1.077677e+01 2.311085e+01 -3.600000e+01
      vertex   1.077677e+01 2.311085e+01 -2.800000e+01
      vertex   1.275000e+01 2.208365e+01 -3.600000e+01
    endloop
  endfacet
  facet normal 4.617486e-01 8.870108e-01 4.802375e-16
    outer loop
      vertex   1.275000e+01 2.208365e+01 -3.600000e+01
      vertex   1.077677e+01 2.311085e+01 -2.800000e+01
      vertex   1.275000e+01 2.208365e+01 -2.800000e+01
    endloop
  endfacet
  facet normal 5.372996e-01 8.433914e-01 3.911686e-16
    outer loop
      vertex   1.275000e+01 2.208365e+01 -3.600000e+01
      vertex   1.275000e+01 2.208365e+01 -2.800000e+01
      vertex   1.462620e+01 2.088838e+01 -3.600000e+01
    endloop
  endfacet
  facet normal 5.372996e-01 8.433914e-01 -0.000000e+00
    outer loop
      vertex   1.462620e+01 2.088838e+01 -3.600000e+01
      vertex   1.275000e+01 2.208365e+01 -2.800000e+01
      vertex   1.462620e+01 2.088838e+01 -2.800000e+01
    endloop
  endfacet
  facet normal 6.087614e-01 7.933533e-01 -0.000000e+00
    outer loop
      vertex   1.462620e+01 2.088838e+01 -3.600000e+01
      vertex   1.462620e+01 2.088838e+01 -2.800000e+01
      vertex   1.639108e+01 1.953413e+01 -3.600000e+01
    endloop
  endfacet
  facet normal 6.087614e-01 7.933533e-01 1.639505e-16
    outer loop
      vertex   1.639108e+01 1.953413e+01 -3.600000e+01
      vertex   1.462620e+01 2.088838e+01 -2.800000e+01
      vertex   1.639108e+01 1.953413e+01 -2.800000e+01
    endloop
  endfacet
  facet normal 6.755902e-01 7.372773e-01 5.478917e-17
    outer loop
      vertex   1.639108e+01 1.953413e+01 -3.600000e+01
      vertex   1.639108e+01 1.953413e+01 -2.800000e+01
      vertex   1.803122e+01 1.803122e+01 -3.600000e+01
    endloop
  endfacet
  facet normal 6.755902e-01 7.372773e-01 3.274169e-16
    outer loop
      vertex   1.803122e+01 1.803122e+01 -3.600000e+01
      vertex   1.639108e+01 1.953413e+01 -2.800000e+01
      vertex   1.803122e+01 1.803122e+01 -2.800000e+01
    endloop
  endfacet
  facet normal 7.372773e-01 6.755902e-01 3.000223e-16
    outer loop
      vertex   1.803122e+01 1.803122e+01 -3.600000e+01
      vertex   1.803122e+01 1.803122e+01 -2.800000e+01
      vertex   1.953413e+01 1.639108e+01 -3.600000e+01
    endloop
  endfacet
  facet normal 7.372773e-01 6.755902e-01 -0.000000e+00
    outer loop
      vertex   1.953413e+01 1.639108e+01 -3.600000e+01
      vertex   1.803122e+01 1.803122e+01 -2.800000e+01
      vertex   1.953413e+01 1.639108e+01 -2.800000e+01
    endloop
  endfacet
  facet normal 7.933533e-01 6.087614e-01 -0.000000e+00
    outer loop
      vertex   1.953413e+01 1.639108e+01 -3.600000e+01
      vertex   1.953413e+01 1.639108e+01 -2.800000e+01
      vertex   2.088838e+01 1.462620e+01 -3.600000e+01
    endloop
  endfacet
  facet normal 7.933533e-01 6.087614e-01 2.703444e-16
    outer loop
      vertex   2.088838e+01 1.462620e+01 -3.600000e+01
      vertex   1.953413e+01 1.639108e+01 -2.800000e+01
      vertex   2.088838e+01 1.462620e+01 -2.800000e+01
    endloop
  endfacet
  facet normal 8.433914e-01 5.372996e-01 2.386090e-16
    outer loop
      vertex   2.088838e+01 1.462620e+01 -3.600000e+01
      vertex   2.088838e+01 1.462620e+01 -2.800000e+01
      vertex   2.208365e+01 1.275000e+01 -3.600000e+01
    endloop
  endfacet
  facet normal 8.433914e-01 5.372996e-01 -0.000000e+00
    outer loop
      vertex   2.208365e+01 1.275000e+01 -3.600000e+01
      vertex   2.088838e+01 1.462620e+01 -2.800000e+01
      vertex   2.208365e+01 1.275000e+01 -2.800000e+01
    endloop
  endfacet
  facet normal 8.870108e-01 4.617486e-01 -0.000000e+00
    outer loop
      vertex   2.208365e+01 1.275000e+01 -3.600000e+01
      vertex   2.208365e+01 1.275000e+01 -2.800000e+01
      vertex   2.311085e+01 1.077677e+01 -3.600000e+01
    endloop
  endfacet
  facet normal 8.870108e-01 4.617486e-01 3.075864e-16
    outer loop
      vertex   2.311085e+01 1.077677e+01 -3.600000e+01
      vertex   2.208365e+01 1.275000e+01 -2.800000e+01
      vertex   2.311085e+01 1.077677e+01 -2.800000e+01
    endloop
  endfacet
  facet normal 9.238795e-01 3.826834e-01 2.549184e-16
    outer loop
      vertex   2.311085e+01 1.077677e+01 -3.600000e+01
      vertex   2.311085e+01 1.077677e+01 -2.800000e+01
      vertex   2.396216e+01 8.721514e+00 -3.600000e+01
    endloop
  endfacet
  facet normal 9.238795e-01 3.826834e-01 2.549184e-16
    outer loop
      vertex   2.396216e+01 8.721514e+00 -3.600000e+01
      vertex   2.311085e+01 1.077677e+01 -2.800000e+01
      vertex   2.396216e+01 8.721514e+00 -2.800000e+01
    endloop
  endfacet
  facet normal 9.537170e-01 3.007058e-01 2.003103e-16
    outer loop
      vertex   2.396216e+01 8.721514e+00 -3.600000e+01
      vertex   2.396216e+01 8.721514e+00 -2.800000e+01
      vertex   2.463111e+01 6.599886e+00 -3.600000e+01
    endloop
  endfacet
  facet normal 9.537170e-01 3.007058e-01 2.336954e-16
    outer loop
      vertex   2.463111e+01 6.599886e+00 -3.600000e+01
      vertex   2.396216e+01 8.721514e+00 -2.800000e+01
      vertex   2.463111e+01 6.599886e+00 -2.800000e+01
    endloop
  endfacet
  facet normal 9.762960e-01 2.164396e-01 1.682074e-16
    outer loop
      vertex   2.463111e+01 6.599886e+00 -3.600000e+01
      vertex   2.463111e+01 6.599886e+00 -2.800000e+01
      vertex   2.511260e+01 4.428028e+00 -3.600000e+01
    endloop
  endfacet
  facet normal 9.762960e-01 2.164396e-01 1.682074e-16
    outer loop
      vertex   2.511260e+01 4.428028e+00 -3.600000e+01
      vertex   2.463111e+01 6.599886e+00 -2.800000e+01
      vertex   2.511260e+01 4.428028e+00 -2.800000e+01
    endloop
  endfacet
  facet normal 9.914449e-01 1.305262e-01 1.014392e-16
    outer loop
      vertex   2.511260e+01 4.428028e+00 -3.600000e+01
      vertex   2.511260e+01 4.428028e+00 -2.800000e+01
      vertex   2.540296e+01 2.222471e+00 -3.600000e+01
    endloop
  endfacet
  facet normal 9.914449e-01 1.305262e-01 1.014392e-16
    outer loop
      vertex   2.540296e+01 2.222471e+00 -3.600000e+01
      vertex   2.511260e+01 4.428028e+00 -2.800000e+01
      vertex   2.540296e+01 2.222471e+00 -2.800000e+01
    endloop
  endfacet
  facet normal 9.990482e-01 4.361939e-02 3.389907e-17
    outer loop
      vertex   2.540296e+01 2.222471e+00 -3.600000e+01
      vertex   2.540296e+01 2.222471e+00 -2.800000e+01
      vertex   2.550000e+01 -3.180430e-08 -3.600000e+01
    endloop
  endfacet
  facet normal 9.990482e-01 4.361939e-02 -0.000000e+00
    outer loop
      vertex   2.550000e+01 -3.180430e-08 -3.600000e+01
      vertex   2.540296e+01 2.222471e+00 -2.800000e+01
      vertex   2.550000e+01 -3.180430e-08 -2.800000e+01
    endloop
  endfacet
  facet normal 9.990482e-01 -4.361939e-02 0.000000e+00
    outer loop
      vertex   2.550000e+01 -3.180430e-08 -3.600000e+01
      vertex   2.550000e+01 -3.180430e-08 -2.800000e+01
      vertex   2.540296e+01 -2.222471e+00 -3.600000e+01
    endloop
  endfacet
  facet normal 9.990482e-01 -4.361939e-02 -3.389907e-17
    outer loop
      vertex   2.540296e+01 -2.222471e+00 -3.600000e+01
      vertex   2.550000e+01 -3.180430e-08 -2.800000e+01
      vertex   2.540296e+01 -2.222471e+00 -2.800000e+01
    endloop
  endfacet
  facet normal 9.914449e-01 -1.305262e-01 -1.014392e-16
    outer loop
      vertex   2.540296e+01 -2.222471e+00 -3.600000e+01
      vertex   2.540296e+01 -2.222471e+00 -2.800000e+01
      vertex   2.511260e+01 -4.428029e+00 -3.600000e+01
    endloop
  endfacet
  facet normal 9.914449e-01 -1.305262e-01 -1.014392e-16
    outer loop
      vertex   2.511260e+01 -4.428029e+00 -3.600000e+01
      vertex   2.540296e+01 -2.222471e+00 -2.800000e+01
      vertex   2.511260e+01 -4.428029e+00 -2.800000e+01
    endloop
  endfacet
  facet normal 9.762960e-01 -2.164396e-01 -1.682074e-16
    outer loop
      vertex   2.511260e+01 -4.428029e+00 -3.600000e+01
      vertex   2.511260e+01 -4.428029e+00 -2.800000e+01
      vertex   2.463111e+01 -6.599886e+00 -3.600000e+01
    endloop
  endfacet
  facet normal 9.762960e-01 -2.164396e-01 -1.682074e-16
    outer loop
      vertex   2.463111e+01 -6.599886e+00 -3.600000e+01
      vertex   2.511260e+01 -4.428029e+00 -2.800000e+01
      vertex   2.463111e+01 -6.599886e+00 -2.800000e+01
    endloop
  endfacet
  facet normal 9.537170e-01 -3.007058e-01 -2.336954e-16
    outer loop
      vertex   2.463111e+01 -6.599886e+00 -3.600000e+01
      vertex   2.463111e+01 -6.599886e+00 -2.800000e+01
      vertex   2.396216e+01 -8.721514e+00 -3.600000e+01
    endloop
  endfacet
  facet normal 9.537170e-01 -3.007058e-01 -2.003103e-16
    outer loop
      vertex   2.396216e+01 -8.721514e+00 -3.600000e+01
      vertex   2.463111e+01 -6.599886e+00 -2.800000e+01
      vertex   2.396216e+01 -8.721514e+00 -2.800000e+01
    endloop
  endfacet
  facet normal 9.238795e-01 -3.826834e-01 -2.549184e-16
    outer loop
      vertex   2.396216e+01 -8.721514e+00 -3.600000e+01
      vertex   2.396216e+01 -8.721514e+00 -2.800000e+01
      vertex   2.311085e+01 -1.077677e+01 -3.600000e+01
    endloop
  endfacet
  facet normal 9.238795e-01 -3.826834e-01 -2.549184e-16
    outer loop
      vertex   2.311085e+01 -1.077677e+01 -3.600000e+01
      vertex   2.396216e+01 -8.721514e+00 -2.800000e+01
      vertex   2.311085e+01 -1.077677e+01 -2.800000e+01
    endloop
  endfacet
  facet normal 8.870108e-01 -4.617486e-01 -3.075864e-16
    outer loop
      vertex   2.311085e+01 -1.077677e+01 -3.600000e+01
      vertex   2.311085e+01 -1.077677e+01 -2.800000e+01
      vertex   2.208365e+01 -1.275000e+01 -3.600000e+01
    endloop
  endfacet
  facet normal 8.870108e-01 -4.617486e-01 0.000000e+00
    outer loop
      vertex   2.208365e+01 -1.275000e+01 -3.600000e+01
      vertex   2.311085e+01 -1.077677e+01 -2.800000e+01
      vertex   2.208365e+01 -1.275000e+01 -2.800000e+01
    endloop
  endfacet
  facet normal 8.433914e-01 -5.372996e-01 0.000000e+00
    outer loop
      vertex   2.208365e+01 -1.275000e+01 -3.600000e+01
      vertex   2.208365e+01 -1.275000e+01 -2.800000e+01
      vertex   2.088838e+01 -1.462620e+01 -3.600000e+01
    endloop
  endfacet
  facet normal 8.433914e-01 -5.372996e-01 -2.386090e-16
    outer loop
      vertex   2.088838e+01 -1.462620e+01 -3.600000e+01
      vertex   2.208365e+01 -1.275000e+01 -2.800000e+01
      vertex   2.088838e+01 -1.462620e+01 -2.800000e+01
    endloop
  endfacet
  facet normal 7.933533e-01 -6.087614e-01 -2.703444e-16
    outer loop
      vertex   2.088838e+01 -1.462620e+01 -3.600000e+01
      vertex   2.088838e+01 -1.462620e+01 -2.800000e+01
      vertex   1.953413e+01 -1.639108e+01 -3.600000e+01
    endloop
  endfacet
  facet normal 7.933533e-01 -6.087614e-01 0.000000e+00
    outer loop
      vertex   1.953413e+01 -1.639108e+01 -3.600000e+01
      vertex   2.088838e+01 -1.462620e+01 -2.800000e+01
      vertex   1.953413e+01 -1.639108e+01 -2.800000e+01
    endloop
  endfacet
  facet normal 7.372773e-01 -6.755902e-01 0.000000e+00
    outer loop
      vertex   1.953413e+01 -1.639108e+01 -3.600000e+01
      vertex   1.953413e+01 -1.639108e+01 -2.800000e+01
      vertex   1.803122e+01 -1.803122e+01 -3.600000e+01
    endloop
  endfacet
  facet normal 7.372773e-01 -6.755902e-01 -3.000223e-16
    outer loop
      vertex   1.803122e+01 -1.803122e+01 -3.600000e+01
      vertex   1.953413e+01 -1.639108e+01 -2.800000e+01
      vertex   1.803122e+01 -1.803122e+01 -2.800000e+01
    endloop
  endfacet
  facet normal 6.755902e-01 -7.372773e-01 -3.274169e-16
    outer loop
      vertex   1.803122e+01 -1.803122e+01 -3.600000e+01
      vertex   1.803122e+01 -1.803122e+01 -2.800000e+01
      vertex   1.639108e+01 -1.953413e+01 -3.600000e+01
    endloop
  endfacet
  facet normal 6.755902e-01 -7.372773e-01 -5.478917e-17
    outer loop
      vertex   1.639108e+01 -1.953413e+01 -3.600000e+01
      vertex   1.803122e+01 -1.803122e+01 -2.800000e+01
      vertex   1.639108e+01 -1.953413e+01 -2.800000e+01
    endloop
  endfacet
  facet normal 6.087614e-01 -7.933533e-01 -1.639505e-16
    outer loop
      vertex   1.639108e+01 -1.953413e+01 -3.600000e+01
      vertex   1.639108e+01 -1.953413e+01 -2.800000e+01
      vertex   1.462620e+01 -2.088838e+01 -3.600000e+01
    endloop
  endfacet
  facet normal 6.087614e-01 -7.933533e-01 0.000000e+00
    outer loop
      vertex   1.462620e+01 -2.088838e+01 -3.600000e+01
      vertex   1.639108e+01 -1.953413e+01 -2.800000e+01
      vertex   1.462620e+01 -2.088838e+01 -2.800000e+01
    endloop
  endfacet
  facet normal 5.372996e-01 -8.433914e-01 0.000000e+00
    outer loop
      vertex   1.462620e+01 -2.088838e+01 -3.600000e+01
      vertex   1.462620e+01 -2.088838e+01 -2.800000e+01
      vertex   1.275000e+01 -2.208365e+01 -3.600000e+01
    endloop
  endfacet
  facet normal 5.372996e-01 -8.433914e-01 -3.911686e-16
    outer loop
      vertex   1.275000e+01 -2.208365e+01 -3.600000e+01
      vertex   1.462620e+01 -2.088838e+01 -2.800000e+01
      vertex   1.275000e+01 -2.208365e+01 -2.800000e+01
    endloop
  endfacet
  facet normal 4.617486e-01 -8.870108e-01 -4.802375e-16
    outer loop
      vertex   1.275000e+01 -2.208365e+01 -3.600000e+01
      vertex   1.275000e+01 -2.208365e+01 -2.800000e+01
      vertex   1.077677e+01 -2.311085e+01 -3.600000e+01
    endloop
  endfacet
  facet normal 4.617486e-01 -8.870108e-01 0.000000e+00
    outer loop
      vertex   1.077677e+01 -2.311085e+01 -3.600000e+01
      vertex   1.275000e+01 -2.208365e+01 -2.800000e+01
      vertex   1.077677e+01 -2.311085e+01 -2.800000e+01
    endloop
  endfacet
  facet normal 3.826834e-01 -9.238795e-01 0.000000e+00
    outer loop
      vertex   1.077677e+01 -2.311085e+01 -3.600000e+01
      vertex   1.077677e+01 -2.311085e+01 -2.800000e+01
      vertex   8.721514e+00 -2.396216e+01 -3.600000e+01
    endloop
  endfacet
  facet normal 3.826834e-01 -9.238795e-01 -1.553666e-16
    outer loop
      vertex   8.721514e+00 -2.396216e+01 -3.600000e+01
      vertex   1.077677e+01 -2.311085e+01 -2.800000e+01
      vertex   8.721514e+00 -2.396216e+01 -2.800000e+01
    endloop
  endfacet
  facet normal 3.007058e-01 -9.537169e-01 -2.232251e-16
    outer loop
      vertex   8.721514e+00 -2.396216e+01 -3.600000e+01
      vertex   8.721514e+00 -2.396216e+01 -2.800000e+01
      vertex   6.599886e+00 -2.463111e+01 -3.600000e+01
    endloop
  endfacet
  facet normal 3.007058e-01 -9.537169e-01 2.003103e-16
    outer loop
      vertex   6.599886e+00 -2.463111e+01 -3.600000e+01
      vertex   8.721514e+00 -2.396216e+01 -2.800000e+01
      vertex   6.599886e+00 -2.463111e+01 -2.800000e+01
    endloop
  endfacet
  facet normal 2.164396e-01 -9.762960e-01 1.441777e-16
    outer loop
      vertex   6.599886e+00 -2.463111e+01 -3.600000e+01
      vertex   6.599886e+00 -2.463111e+01 -2.800000e+01
      vertex   4.428029e+00 -2.511260e+01 -3.600000e+01
    endloop
  endfacet
  facet normal 2.164396e-01 -9.762960e-01 0.000000e+00
    outer loop
      vertex   4.428029e+00 -2.511260e+01 -3.600000e+01
      vertex   6.599886e+00 -2.463111e+01 -2.800000e+01
      vertex   4.428029e+00 -2.511260e+01 -2.800000e+01
    endloop
  endfacet
  facet normal 1.305262e-01 -9.914449e-01 0.000000e+00
    outer loop
      vertex   4.428029e+00 -2.511260e+01 -3.600000e+01
      vertex   4.428029e+00 -2.511260e+01 -2.800000e+01
      vertex   2.222471e+00 -2.540296e+01 -3.600000e+01
    endloop
  endfacet
  facet normal 1.305262e-01 -9.914449e-01 9.419357e-17
    outer loop
      vertex   2.222471e+00 -2.540296e+01 -3.600000e+01
      vertex   4.428029e+00 -2.511260e+01 -2.800000e+01
      vertex   2.222471e+00 -2.540296e+01 -2.800000e+01
    endloop
  endfacet
  facet normal 4.361939e-02 -9.990482e-01 3.147771e-17
    outer loop
      vertex   2.222471e+00 -2.540296e+01 -3.600000e+01
      vertex   2.222471e+00 -2.540296e+01 -2.800000e+01
      vertex   0.000000e+00 -2.550000e+01 -3.600000e+01
    endloop
  endfacet
  facet normal 4.361939e-02 -9.990482e-01 0.000000e+00
    outer loop
      vertex   0.000000e+00 -2.550000e+01 -3.600000e+01
      vertex   2.222471e+00 -2.540296e+01 -2.800000e+01
      vertex   0.000000e+00 -2.550000e+01 -2.800000e+01
    endloop
  endfacet
  facet normal 0.000000e+00 0.000000e+00 -1.000000e+00
    outer loop
      vertex   0.000000e+00 2.059633e+01 -3.600000e+01
      vertex   0.000000e+00 2.550000e+01 -3.600000e+01
      vertex   1.957806e+00 2.050307e+01 -3.600000e+01
    endloop
  endfacet
  facet normal 0.000000e+00 0.000000e+00 -1.000000e+00
    outer loop
      vertex   1.957806e+00 2.050307e+01 -3.600000e+01
      vertex   0.000000e+00 2.550000e+01 -3.600000e+01
      vertex   2.222471e+00 2.540296e+01 -3.600000e+01
    endloop
  endfacet
  facet normal 0.000000e+00 0.000000e+00 -1.000000e+00
    outer loop
      vertex   1.957806e+00 2.050307e+01 -3.600000e+01
      vertex   2.222471e+00 2.540296e+01 -3.600000e+01
      vertex   3.897881e+00 2.022413e+01 -3.600000e+01
    endloop
  endfacet
  facet normal 0.000000e+00 0.000000e+00 -1.000000e+00
    outer loop
      vertex   3.897881e+00 2.022413e+01 -3.600000e+01
      vertex   2.222471e+00 2.540296e+01 -3.600000e+01
      vertex   4.428029e+00 2.511260e+01 -3.600000e+01
    endloop
  endfacet
  facet normal 0.000000e+00 0.000000e+00 -1.000000e+00
    outer loop
      vertex   3.897881e+00 2.022413e+01 -3.600000e+01
      vertex   4.428029e+00 2.511260e+01 -3.600000e+01
      vertex   5.802657e+00 1.976203e+01 -3.600000e+01
    endloop
  endfacet
  facet normal 0.000000e+00 0.000000e+00 -1.000000e+00
    outer loop
      vertex   5.802657e+00 1.976203e+01 -3.600000e+01
      vertex   4.428029e+00 2.511260e+01 -3.600000e+01
      vertex   6.599886e+00 2.463111e+01 -3.600000e+01
    endloop
  endfacet
  facet normal 0.000000e+00 0.000000e+00 -1.000000e+00
    outer loop
      vertex   5.802657e+00 1.976203e+01 -3.600000e+01
      vertex   6.599886e+00 2.463111e+01 -3.600000e+01
      vertex   7.654882e+00 1.912097e+01 -3.600000e+01
    endloop
  endfacet
  facet normal 0.000000e+00 0.000000e+00 -1.000000e+00
    outer loop
      vertex   7.654882e+00 1.912097e+01 -3.600000e+01
      vertex   6.599886e+00 2.463111e+01 -3.600000e+01
      vertex   8.721514e+00 2.396216e+01 -3.600000e+01
    endloop
  endfacet
  facet normal 0.000000e+00 0.000000e+00 -1.000000e+00
    outer loop
      vertex   7.654882e+00 1.912097e+01 -3.600000e+01
      vertex   8.721514e+00 2.396216e+01 -3.600000e+01
      vertex   9.437784e+00 1.830675e+01 -3.600000e+01
    endloop
  endfacet
  facet normal 0.000000e+00 0.000000e+00 -1.000000e+00
    outer loop
      vertex   9.437784e+00 1.830675e+01 -3.600000e+01
      vertex   8.721514e+00 2.396216e+01 -3.600000e+01
      vertex   1.077677e+01 2.311085e+01 -3.600000e+01
    endloop
  endfacet
  facet normal 0.000000e+00 0.000000e+00 -1.000000e+00
    outer loop
      vertex   9.437784e+00 1.830675e+01 -3.600000e+01
      vertex   1.077677e+01 2.311085e+01 -3.600000e+01
      vertex   1.113522e+01 1.732673e+01 -3.600000e+01
    endloop
  endfacet
  facet normal 0.000000e+00 0.000000e+00 -1.000000e+00
    outer loop
      vertex   1.113522e+01 1.732673e+01 -3.600000e+01
      vertex   1.077677e+01 2.311085e+01 -3.600000e+01
      vertex   1.275000e+01 2.208365e+01 -3.600000e+01
    endloop
  endfacet
  facet normal 0.000000e+00 0.000000e+00 -1.000000e+00
    outer loop
      vertex   1.113522e+01 1.732673e+01 -3.600000e+01
      vertex   1.275000e+01 2.208365e+01 -3.600000e+01
      vertex   1.273181e+01 1.618981e+01 -3.600000e+01
    endloop
  endfacet
  facet normal 0.000000e+00 0.000000e+00 -1.000000e+00
    outer loop
      vertex   1.273181e+01 1.618981e+01 -3.600000e+01
      vertex   1.275000e+01 2.208365e+01 -3.600000e+01
      vertex   1.462620e+01 2.088838e+01 -3.600000e+01
    endloop
  endfacet
  facet normal 0.000000e+00 0.000000e+00 -1.000000e+00
    outer loop
      vertex   1.273181e+01 1.618981e+01 -3.600000e+01
      vertex   1.462620e+01 2.088838e+01 -3.600000e+01
      vertex   1.421309e+01 1.490626e+01 -3.600000e+01
    endloop
  endfacet
  facet normal 0.000000e+00 0.000000e+00 -1.000000e+00
    outer loop
      vertex   1.421309e+01 1.490626e+01 -3.600000e+01
      vertex   1.462620e+01 2.088838e+01 -3.600000e+01
      vertex   1.639108e+01 1.953413e+01 -3.600000e+01
    endloop
  endfacet
  facet normal 0.000000e+00 0.000000e+00 -1.000000e+00
    outer loop
      vertex   1.421309e+01 1.490626e+01 -3.600000e+01
      vertex   1.639108e+01 1.953413e+01 -3.600000e+01
      vertex   1.556567e+01 1.348773e+01 -3.600000e+01
    endloop
  endfacet
  facet normal 0.000000e+00 0.000000e+00 -1.000000e+00
    outer loop
      vertex   1.556567e+01 1.348773e+01 -3.600000e+01
      vertex   1.639108e+01 1.953413e+01 -3.600000e+01
      vertex   1.803122e+01 1.803122e+01 -3.600000e+01
    endloop
  endfacet
  facet normal 0.000000e+00 0.000000e+00 -1.000000e+00
    outer loop
      vertex   1.556567e+01 1.348773e+01 -3.600000e+01
      vertex   1.803122e+01 1.803122e+01 -3.600000e+01
      vertex   1.677727e+01 1.194704e+01 -3.600000e+01
    endloop
  endfacet
  facet normal 0.000000e+00 0.000000e+00 -1.000000e+00
    outer loop
      vertex   1.677727e+01 1.194704e+01 -3.600000e+01
      vertex   1.803122e+01 1.803122e+01 -3.600000e+01
      vertex   1.953413e+01 1.639108e+01 -3.600000e+01
    endloop
  endfacet
  facet normal 0.000000e+00 0.000000e+00 -1.000000e+00
    outer loop
      vertex   1.677727e+01 1.194704e+01 -3.600000e+01
      vertex   1.953413e+01 1.639108e+01 -3.600000e+01
      vertex   1.783694e+01 1.029816e+01 -3.600000e+01
    endloop
  endfacet
  facet normal 0.000000e+00 0.000000e+00 -1.000000e+00
    outer loop
      vertex   1.783694e+01 1.029816e+01 -3.600000e+01
      vertex   1.953413e+01 1.639108e+01 -3.600000e+01
      vertex   2.088838e+01 1.462620e+01 -3.600000e+01
    endloop
  endfacet
  facet normal 0.000000e+00 0.000000e+00 -1.000000e+00
    outer loop
      vertex   1.783694e+01 1.029816e+01 -3.600000e+01
      vertex   2.088838e+01 1.462620e+01 -3.600000e+01
      vertex   1.873508e+01 8.556024e+00 -3.600000e+01
    endloop
  endfacet
  facet normal 0.000000e+00 0.000000e+00 -1.000000e+00
    outer loop
      vertex   1.873508e+01 8.556024e+00 -3.600000e+01
      vertex   2.088838e+01 1.462620e+01 -3.600000e+01
      vertex   2.208365e+01 1.275000e+01 -3.600000e+01
    endloop
  endfacet
  facet normal 0.000000e+00 0.000000e+00 -1.000000e+00
    outer loop
      vertex   1.873508e+01 8.556024e+00 -3.600000e+01
      vertex   2.208365e+01 1.275000e+01 -3.600000e+01
      vertex   1.946355e+01 6.736399e+00 -3.600000e+01
    endloop
  endfacet
  facet normal 0.000000e+00 0.000000e+00 -1.000000e+00
    outer loop
      vertex   1.946355e+01 6.736399e+00 -3.600000e+01
      vertex   2.208365e+01 1.275000e+01 -3.600000e+01
      vertex   2.311085e+01 1.077677e+01 -3.600000e+01
    endloop
  endfacet
  facet normal 0.000000e+00 0.000000e+00 -1.000000e+00
    outer loop
      vertex   1.946355e+01 6.736399e+00 -3.600000e+01
      vertex   2.311085e+01 1.077677e+01 -3.600000e+01
      vertex   2.001575e+01 4.855769e+00 -3.600000e+01
    endloop
  endfacet
  facet normal 0.000000e+00 0.000000e+00 -1.000000e+00
    outer loop
      vertex   2.001575e+01 4.855769e+00 -3.600000e+01
      vertex   2.311085e+01 1.077677e+01 -3.600000e+01
      vertex   2.396216e+01 8.721514e+00 -3.600000e+01
    endloop
  endfacet
  facet normal 0.000000e+00 0.000000e+00 -1.000000e+00
    outer loop
      vertex   2.001575e+01 4.855769e+00 -3.600000e+01
      vertex   2.396216e+01 8.721514e+00 -3.600000e+01
      vertex   2.038669e+01 2.931163e+00 -3.600000e+01
    endloop
  endfacet
  facet normal 0.000000e+00 0.000000e+00 -1.000000e+00
    outer loop
      vertex   2.038669e+01 2.931163e+00 -3.600000e+01
      vertex   2.396216e+01 8.721514e+00 -3.600000e+01
      vertex   2.463111e+01 6.599886e+00 -3.600000e+01
    endloop
  endfacet
  facet normal 0.000000e+00 0.000000e+00 -1.000000e+00
    outer loop
      vertex   2.038669e+01 2.931163e+00 -3.600000e+01
      vertex   2.463111e+01 6.599886e+00 -3.600000e+01
      vertex   2.511260e+01 4.428028e+00 -3.600000e+01
    endloop
  endfacet
  facet normal 0.000000e+00 0.000000e+00 -1.000000e+00
    outer loop
      vertex   2.038669e+01 2.931163e+00 -3.600000e+01
      vertex   2.511260e+01 4.428028e+00 -3.600000e+01
      vertex   2.057300e+01 9.800128e-01 -3.600000e+01
    endloop
  endfacet
  facet normal 0.000000e+00 0.000000e+00 -1.000000e+00
    outer loop
      vertex   2.057300e+01 9.800128e-01 -3.600000e+01
      vertex   2.511260e+01 4.428028e+00 -3.600000e+01
      vertex   2.540296e+01 2.222471e+00 -3.600000e+01
    endloop
  endfacet
  facet normal 0.000000e+00 0.000000e+00 -1.000000e+00
    outer loop
      vertex   2.057300e+01 9.800128e-01 -3.600000e+01
      vertex   2.540296e+01 2.222471e+00 -3.600000e+01
      vertex   2.550000e+01 -3.180430e-08 -3.600000e+01
    endloop
  endfacet
  facet normal 0.000000e+00 0.000000e+00 -1.000000e+00
    outer loop
      vertex   2.057300e+01 9.800128e-01 -3.600000e+01
      vertex   2.550000e+01 -3.180430e-08 -3.600000e+01
      vertex   2.057300e+01 -9.800128e-01 -3.600000e+01
    endloop
  endfacet
  facet normal 0.000000e+00 0.000000e+00 -1.000000e+00
    outer loop
      vertex   2.057300e+01 -9.800128e-01 -3.600000e+01
      vertex   2.550000e+01 -3.180430e-08 -3.600000e+01
      vertex   2.540296e+01 -2.222471e+00 -3.600000e+01
    endloop
  endfacet
  facet normal 0.000000e+00 0.000000e+00 -1.000000e+00
    outer loop
      vertex   2.057300e+01 -9.800128e-01 -3.600000e+01
      vertex   2.540296e+01 -2.222471e+00 -3.600000e+01
      vertex   2.511260e+01 -4.428029e+00 -3.600000e+01
    endloop
  endfacet
  facet normal 0.000000e+00 -0.000000e+00 -1.000000e+00
    outer loop
      vertex   2.057300e+01 -9.800128e-01 -3.600000e+01
      vertex   2.511260e+01 -4.428029e+00 -3.600000e+01
      vertex   2.038669e+01 -2.931163e+00 -3.600000e+01
    endloop
  endfacet
  facet normal 0.000000e+00 0.000000e+00 -1.000000e+00
    outer loop
      vertex   2.038669e+01 -2.931163e+00 -3.600000e+01
      vertex   2.511260e+01 -4.428029e+00 -3.600000e+01
      vertex   2.463111e+01 -6.599886e+00 -3.600000e+01
    endloop
  endfacet
  facet normal 0.000000e+00 0.000000e+00 -1.000000e+00
    outer loop
      vertex   2.038669e+01 -2.931163e+00 -3.600000e+01
      vertex   2.463111e+01 -6.599886e+00 -3.600000e+01
      vertex   2.396216e+01 -8.721514e+00 -3.600000e+01
    endloop
  endfacet
  facet normal 0.000000e+00 -0.000000e+00 -1.000000e+00
    outer loop
      vertex   2.038669e+01 -2.931163e+00 -3.600000e+01
      vertex   2.396216e+01 -8.721514e+00 -3.600000e+01
      vertex   2.001575e+01 -4.855769e+00 -3.600000e+01
    endloop
  endfacet
  facet normal 0.000000e+00 0.000000e+00 -1.000000e+00
    outer loop
      vertex   2.001575e+01 -4.855769e+00 -3.600000e+01
      vertex   2.396216e+01 -8.721514e+00 -3.600000e+01
      vertex   2.311085e+01 -1.077677e+01 -3.600000e+01
    endloop
  endfacet
  facet normal 0.000000e+00 -0.000000e+00 -1.000000e+00
    outer loop
      vertex   2.001575e+01 -4.855769e+00 -3.600000e+01
      vertex   2.311085e+01 -1.077677e+01 -3.600000e+01
      vertex   1.946355e+01 -6.736399e+00 -3.600000e+01
    endloop
  endfacet
  facet normal 0.000000e+00 0.000000e+00 -1.000000e+00
    outer loop
      vertex   1.946355e+01 -6.736399e+00 -3.600000e+01
      vertex   2.311085e+01 -1.077677e+01 -3.600000e+01
      vertex   2.208365e+01 -1.275000e+01 -3.600000e+01
    endloop
  endfacet
  facet normal 0.000000e+00 -0.000000e+00 -1.000000e+00
    outer loop
      vertex   1.946355e+01 -6.736399e+00 -3.600000e+01
      vertex   2.208365e+01 -1.275000e+01 -3.600000e+01
      vertex   1.873508e+01 -8.556024e+00 -3.600000e+01
    endloop
  endfacet
  facet normal 0.000000e+00 0.000000e+00 -1.000000e+00
    outer loop
      vertex   1.873508e+01 -8.556024e+00 -3.600000e+01
      vertex   2.208365e+01 -1.275000e+01 -3.600000e+01
      vertex   2.088838e+01 -1.462620e+01 -3.600000e+01
    endloop
  endfacet
  facet normal 0.000000e+00 -0.000000e+00 -1.000000e+00
    outer loop
      vertex   1.873508e+01 -8.556024e+00 -3.600000e+01
      vertex   2.088838e+01 -1.462620e+01 -3.600000e+01
      vertex   1.783694e+01 -1.029816e+01 -3.600000e+01
    endloop
  endfacet
  facet normal 0.000000e+00 0.000000e+00 -1.000000e+00
    outer loop
      vertex   1.783694e+01 -1.029816e+01 -3.600000e+01
      vertex   2.088838e+01 -1.462620e+01 -3.600000e+01
      vertex   1.953413e+01 -1.639108e+01 -3.600000e+01
    endloop
  endfacet
  facet normal 0.000000e+00 -0.000000e+00 -1.000000e+00
    outer loop
      vertex   1.783694e+01 -1.029816e+01 -3.600000e+01
      vertex   1.953413e+01 -1.639108e+01 -3.600000e+01
      vertex   1.677727e+01 -1.194704e+01 -3.600000e+01
    endloop
  endfacet
  facet normal 0.000000e+00 0.000000e+00 -1.000000e+00
    outer loop
      vertex   1.677727e+01 -1.194704e+01 -3.600000e+01
      vertex   1.953413e+01 -1.639108e+01 -3.600000e+01
      vertex   1.803122e+01 -1.803122e+01 -3.600000e+01
    endloop
  endfacet
  facet normal 0.000000e+00 -0.000000e+00 -1.000000e+00
    outer loop
      vertex   1.677727e+01 -1.194704e+01 -3.600000e+01
      vertex   1.803122e+01 -1.803122e+01 -3.600000e+01
      vertex   1.556567e+01 -1.348773e+01 -3.600000e+01
    endloop
  endfacet
  facet normal 0.000000e+00 0.000000e+00 -1.000000e+00
    outer loop
      vertex   1.556567e+01 -1.348773e+01 -3.600000e+01
      vertex   1.803122e+01 -1.803122e+01 -3.600000e+01
      vertex   1.639108e+01 -1.953413e+01 -3.600000e+01
    endloop
  endfacet
  facet normal 0.000000e+00 -0.000000e+00 -1.000000e+00
    outer loop
      vertex   1.556567e+01 -1.348773e+01 -3.600000e+01
      vertex   1.639108e+01 -1.953413e+01 -3.600000e+01
      vertex   1.421309e+01 -1.490626e+01 -3.600000e+01
    endloop
  endfacet
  facet normal 0.000000e+00 0.000000e+00 -1.000000e+00
    outer loop
      vertex   1.421309e+01 -1.490626e+01 -3.600000e+01
      vertex   1.639108e+01 -1.953413e+01 -3.600000e+01
      vertex   1.462620e+01 -2.088838e+01 -3.600000e+01
    endloop
  endfacet
  facet normal 0.000000e+00 -0.000000e+00 -1.000000e+00
    outer loop
      vertex   1.421309e+01 -1.490626e+01 -3.600000e+01
      vertex   1.462620e+01 -2.088838e+01 -3.600000e+01
      vertex   1.273181e+01 -1.618981e+01 -3.600000e+01
    endloop
  endfacet
  facet normal 0.000000e+00 0.000000e+00 -1.000000e+00
    outer loop
      vertex   1.273181e+01 -1.618981e+01 -3.600000e+01
      vertex   1.462620e+01 -2.088838e+01 -3.600000e+01
      vertex   1.275000e+01 -2.208365e+01 -3.600000e+01
    endloop
  endfacet
  facet normal 0.000000e+00 -0.000000e+00 -1.000000e+00
    outer loop
      vertex   1.273181e+01 -1.618981e+01 -3.600000e+01
      vertex   1.275000e+01 -2.208365e+01 -3.600000e+01
      vertex   1.113522e+01 -1.732673e+01 -3.600000e+01
    endloop
  endfacet
  facet normal 0.000000e+00 -0.000000e+00 -1.000000e+00
    outer loop
      vertex   1.113522e+01 -1.732673e+01 -3.600000e+01
      vertex   1.275000e+01 -2.208365e+01 -3.600000e+01
      vertex   1.077677e+01 -2.311085e+01 -3.600000e+01
    endloop
  endfacet
  facet normal 0.000000e+00 0.000000e+00 -1.000000e+00
    outer loop
      vertex   1.113522e+01 -1.732673e+01 -3.600000e+01
      vertex   1.077677e+01 -2.311085e+01 -3.600000e+01
      vertex   9.437784e+00 -1.830675e+01 -3.600000e+01
    endloop
  endfacet
  facet normal 0.000000e+00 -0.000000e+00 -1.000000e+00
    outer loop
      vertex   9.437784e+00 -1.830675e+01 -3.600000e+01
      vertex   1.077677e+01 -2.311085e+01 -3.600000e+01
      vertex   8.721514e+00 -2.396216e+01 -3.600000e+01
    endloop
  endfacet
  facet normal 0.000000e+00 0.000000e+00 -1.000000e+00
    outer loop
      vertex   9.437784e+00 -1.830675e+01 -3.600000e+01
      vertex   8.721514e+00 -2.396216e+01 -3.600000e+01
      vertex   7.654882e+00 -1.912097e+01 -3.600000e+01
    endloop
  endfacet
  facet normal 0.000000e+00 -0.000000e+00 -1.000000e+00
    outer loop
      vertex   7.654882e+00 -1.912097e+01 -3.600000e+01
      vertex   8.721514e+00 -2.396216e+01 -3.600000e+01
      vertex   6.599886e+00 -2.463111e+01 -3.600000e+01
    endloop
  endfacet
  facet normal 0.000000e+00 0.000000e+00 -1.000000e+00
    outer loop
      vertex   7.654882e+00 -1.912097e+01 -3.600000e+01
      vertex   6.599886e+00 -2.463111e+01 -3.600000e+01
      vertex   5.802657e+00 -1.976203e+01 -3.600000e+01
    endloop
  endfacet
  facet normal 0.000000e+00 -0.000000e+00 -1.000000e+00
    outer loop
      vertex   5.802657e+00 -1.976203e+01 -3.600000e+01
      vertex   6.599886e+00 -2.463111e+01 -3.600000e+01
      vertex   4.428029e+00 -2.511260e+01 -3.600000e+01
    endloop
  endfacet
  facet normal 0.000000e+00 0.000000e+00 -1.000000e+00
    outer loop
      vertex   5.802657e+00 -1.976203e+01 -3.600000e+01
      vertex   4.428029e+00 -2.511260e+01 -3.600000e+01
      vertex   3.897881e+00 -2.022413e+01 -3.600000e+01
    endloop
  endfacet
  facet normal 0.000000e+00 -0.000000e+00 -1.000000e+00
    outer loop
      vertex   3.897881e+00 -2.022413e+01 -3.600000e+01
      vertex   4.428029e+00 -2.511260e+01 -3.600000e+01
      vertex   2.222471e+00 -2.540296e+01 -3.600000e+01
    endloop
  endfacet
  facet normal 0.000000e+00 0.000000e+00 -1.000000e+00
    outer loop
      vertex   3.897881e+00 -2.022413e+01 -3.600000e+01
      vertex   2.222471e+00 -2.540296e+01 -3.600000e+01
      vertex   1.957806e+00 -2.050307e+01 -3.600000e+01
    endloop
  endfacet
  facet normal 0.000000e+00 -0.000000e+00 -1.000000e+00
    outer loop
      vertex   1.957806e+00 -2.050307e+01 -3.600000e+01
      vertex   2.222471e+00 -2.540296e+01 -3.600000e+01
      vertex   0.000000e+00 -2.550000e+01 -3.600000e+01
    endloop
  endfacet
  facet normal 0.000000e+00 0.000000e+00 -1.000000e+00
    outer loop
      vertex   1.957806e+00 -2.050307e+01 -3.600000e+01
      vertex   0.000000e+00 -2.550000e+01 -3.600000e+01
      vertex   0.000000e+00 -2.059633e+01 -3.600000e+01
    endloop
  endfacet
  facet normal -0.000000e+00 0.000000e+00 1.000000e+00
    outer loop
      vertex   4.090575e+01 -1.125393e+01 -1.820575e+01
      vertex   4.100000e+01 -1.200000e+01 -1.820575e+01
      vertex   5.318393e+01 -1.108551e+01 -1.820575e+01
    endloop
  endfacet
  facet normal 0.000000e+00 0.000000e+00 1.000000e+00
    outer loop
      vertex   5.318393e+01 -1.108551e+01 -1.820575e+01
      vertex   4.100000e+01 -1.200000e+01 -1.820575e+01
      vertex   4.090575e+01 -1.274607e+01 -1.820575e+01
    endloop
  endfacet
  facet normal 0.000000e+00 0.000000e+00 1.000000e+00
    outer loop
      vertex   5.318393e+01 -1.108551e+01 -1.820575e+01
      vertex   4.090575e+01 -1.274607e+01 -1.820575e+01
      vertex   4.062892e+01 -1.344526e+01 -1.820575e+01
    endloop
  endfacet
  facet normal -0.000000e+00 0.000000e+00 1.000000e+00
    outer loop
      vertex   4.062892e+01 -1.344526e+01 -1.820575e+01
      vertex   4.018691e+01 -1.405364e+01 -1.820575e+01
      vertex   5.318393e+01 -1.108551e+01 -1.820575e+01
    endloop
  endfacet
  facet normal 0.000000e+00 0.000000e+00 1.000000e+00
    outer loop
      vertex   5.318393e+01 -1.108551e+01 -1.820575e+01
      vertex   4.018691e+01 -1.405364e+01 -1.820575e+01
      vertex   5.243260e+01 -1.422118e+01 -1.820575e+01
    endloop
  endfacet
  facet normal 0.000000e+00 0.000000e+00 1.000000e+00
    outer loop
      vertex   5.243260e+01 -1.422118e+01 -1.820575e+01
      vertex   4.018691e+01 -1.405364e+01 -1.820575e+01
      vertex   3.960748e+01 -1.453298e+01 -1.820575e+01
    endloop
  endfacet
  facet normal 0.000000e+00 0.000000e+00 1.000000e+00
    outer loop
      vertex   5.243260e+01 -1.422118e+01 -1.820575e+01
      vertex   3.960748e+01 -1.453298e+01 -1.820575e+01
      vertex   3.892705e+01 -1.485317e+01 -1.820575e+01
    endloop
  endfacet
  facet normal -0.000000e+00 0.000000e+00 1.000000e+00
    outer loop
      vertex   3.892705e+01 -1.485317e+01 -1.820575e+01
      vertex   3.818837e+01 -1.499408e+01 -1.820575e+01
      vertex   5.243260e+01 -1.422118e+01 -1.820575e+01
    endloop
  endfacet
  facet normal 0.000000e+00 0.000000e+00 1.000000e+00
    outer loop
      vertex   5.243260e+01 -1.422118e+01 -1.820575e+01
      vertex   3.818837e+01 -1.499408e+01 -1.820575e+01
      vertex   5.149656e+01 -1.730675e+01 -1.820575e+01
    endloop
  endfacet
  facet normal 0.000000e+00 0.000000e+00 1.000000e+00
    outer loop
      vertex   5.149656e+01 -1.730675e+01 -1.820575e+01
      vertex   3.818837e+01 -1.499408e+01 -1.820575e+01
      vertex   5.037912e+01 -2.033135e+01 -1.820575e+01
    endloop
  endfacet
  facet normal 0.000000e+00 0.000000e+00 1.000000e+00
    outer loop
      vertex   5.037912e+01 -2.033135e+01 -1.820575e+01
      vertex   3.818837e+01 -1.499408e+01 -1.820575e+01
      vertex   4.908420e+01 -2.328434e+01 -1.820575e+01
    endloop
  endfacet
  facet normal 0.000000e+00 0.000000e+00 1.000000e+00
    outer loop
      vertex   4.908420e+01 -2.328434e+01 -1.820575e+01
      vertex   3.818837e+01 -1.499408e+01 -1.820575e+01
      vertex   4.761638e+01 -2.615530e+01 -1.820575e+01
    endloop
  endfacet
  facet normal 0.000000e+00 0.000000e+00 1.000000e+00
    outer loop
      vertex   4.761638e+01 -2.615530e+01 -1.820575e+01
      vertex   3.818837e+01 -1.499408e+01 -1.820575e+01
      vertex   4.598082e+01 -2.893412e+01 -1.820575e+01
    endloop
  endfacet
  facet normal 0.000000e+00 0.000000e+00 1.000000e+00
    outer loop
      vertex   4.598082e+01 -2.893412e+01 -1.820575e+01
      vertex   3.818837e+01 -1.499408e+01 -1.820575e+01
      vertex   4.418328e+01 -3.161102e+01 -1.820575e+01
    endloop
  endfacet
  facet normal 0.000000e+00 0.000000e+00 1.000000e+00
    outer loop
      vertex   4.418328e+01 -3.161102e+01 -1.820575e+01
      vertex   3.818837e+01 -1.499408e+01 -1.820575e+01
      vertex   4.223010e+01 -3.417657e+01 -1.820575e+01
    endloop
  endfacet
  facet normal 0.000000e+00 0.000000e+00 1.000000e+00
    outer loop
      vertex   4.223010e+01 -3.417657e+01 -1.820575e+01
      vertex   3.818837e+01 -1.499408e+01 -1.820575e+01
      vertex   4.012816e+01 -3.662172e+01 -1.820575e+01
    endloop
  endfacet
  facet normal 0.000000e+00 0.000000e+00 1.000000e+00
    outer loop
      vertex   4.012816e+01 -3.662172e+01 -1.820575e+01
      vertex   3.818837e+01 -1.499408e+01 -1.820575e+01
      vertex   3.788486e+01 -3.893786e+01 -1.820575e+01
    endloop
  endfacet
  facet normal 0.000000e+00 -0.000000e+00 1.000000e+00
    outer loop
      vertex   3.788486e+01 -3.893786e+01 -1.820575e+01
      vertex   3.818837e+01 -1.499408e+01 -1.820575e+01
      vertex   3.550810e+01 -4.111684e+01 -1.820575e+01
    endloop
  endfacet
  facet normal 0.000000e+00 -0.000000e+00 1.000000e+00
    outer loop
      vertex   3.550810e+01 -4.111684e+01 -1.820575e+01
      vertex   3.818837e+01 -1.499408e+01 -1.820575e+01
      vertex   3.300626e+01 -4.315097e+01 -1.820575e+01
    endloop
  endfacet
  facet normal 0.000000e+00 -0.000000e+00 1.000000e+00
    outer loop
      vertex   3.300626e+01 -4.315097e+01 -1.820575e+01
      vertex   3.818837e+01 -1.499408e+01 -1.820575e+01
      vertex   1.698568e+01 -1.623997e+01 -1.820575e+01
    endloop
  endfacet
  facet normal 0.000000e+00 0.000000e+00 1.000000e+00
    outer loop
      vertex   3.300626e+01 -4.315097e+01 -1.820575e+01
      vertex   1.698568e+01 -1.623997e+01 -1.820575e+01
      vertex   3.038814e+01 -4.503310e+01 -1.820575e+01
    endloop
  endfacet
  facet normal 0.000000e+00 0.000000e+00 1.000000e+00
    outer loop
      vertex   3.038814e+01 -4.503310e+01 -1.820575e+01
      vertex   1.698568e+01 -1.623997e+01 -1.820575e+01
      vertex   2.766298e+01 -4.675659e+01 -1.820575e+01
    endloop
  endfacet
  facet normal 0.000000e+00 0.000000e+00 1.000000e+00
    outer loop
      vertex   2.766298e+01 -4.675659e+01 -1.820575e+01
      vertex   1.698568e+01 -1.623997e+01 -1.820575e+01
      vertex   2.484037e+01 -4.831537e+01 -1.820575e+01
    endloop
  endfacet
  facet normal 0.000000e+00 0.000000e+00 1.000000e+00
    outer loop
      vertex   2.484037e+01 -4.831537e+01 -1.820575e+01
      vertex   1.698568e+01 -1.623997e+01 -1.820575e+01
      vertex   2.193026e+01 -4.970395e+01 -1.820575e+01
    endloop
  endfacet
  facet normal 0.000000e+00 0.000000e+00 1.000000e+00
    outer loop
      vertex   2.193026e+01 -4.970395e+01 -1.820575e+01
      vertex   1.698568e+01 -1.623997e+01 -1.820575e+01
      vertex   1.546156e+01 -1.769718e+01 -1.820575e+01
    endloop
  endfacet
  facet normal 0.000000e+00 0.000000e+00 1.000000e+00
    outer loop
      vertex   2.193026e+01 -4.970395e+01 -1.820575e+01
      vertex   1.546156e+01 -1.769718e+01 -1.820575e+01
      vertex   1.894289e+01 -5.091744e+01 -1.820575e+01
    endloop
  endfacet
  facet normal 0.000000e+00 0.000000e+00 1.000000e+00
    outer loop
      vertex   1.894289e+01 -5.091744e+01 -1.820575e+01
      vertex   1.546156e+01 -1.769718e+01 -1.820575e+01
      vertex   1.381295e+01 -1.901190e+01 -1.820575e+01
    endloop
  endfacet
  facet normal 0.000000e+00 0.000000e+00 1.000000e+00
    outer loop
      vertex   1.894289e+01 -5.091744e+01 -1.820575e+01
      vertex   1.381295e+01 -1.901190e+01 -1.820575e+01
      vertex   1.205313e+01 -2.017355e+01 -1.820575e+01
    endloop
  endfacet
  facet normal 0.000000e+00 0.000000e+00 1.000000e+00
    outer loop
      vertex   3.818837e+01 -1.499408e+01 -1.820575e+01
      vertex   3.743786e+01 -1.494686e+01 -1.820575e+01
      vertex   1.698568e+01 -1.623997e+01 -1.820575e+01
    endloop
  endfacet
  facet normal 0.000000e+00 0.000000e+00 1.000000e+00
    outer loop
      vertex   1.698568e+01 -1.623997e+01 -1.820575e+01
      vertex   3.743786e+01 -1.494686e+01 -1.820575e+01
      vertex   3.672266e+01 -1.471448e+01 -1.820575e+01
    endloop
  endfacet
  facet normal 0.000000e+00 0.000000e+00 1.000000e+00
    outer loop
      vertex   1.698568e+01 -1.623997e+01 -1.820575e+01
      vertex   3.672266e+01 -1.471448e+01 -1.820575e+01
      vertex   3.608773e+01 -1.431154e+01 -1.820575e+01
    endloop
  endfacet
  facet normal 0.000000e+00 0.000000e+00 1.000000e+00
    outer loop
      vertex   1.698568e+01 -1.623997e+01 -1.820575e+01
      vertex   3.608773e+01 -1.431154e+01 -1.820575e+01
      vertex   1.837304e+01 -1.465201e+01 -1.820575e+01
    endloop
  endfacet
  facet normal 0.000000e+00 0.000000e+00 1.000000e+00
    outer loop
      vertex   1.837304e+01 -1.465201e+01 -1.820575e+01
      vertex   3.608773e+01 -1.431154e+01 -1.820575e+01
      vertex   3.557295e+01 -1.376336e+01 -1.820575e+01
    endloop
  endfacet
  facet normal 0.000000e+00 0.000000e+00 1.000000e+00
    outer loop
      vertex   1.837304e+01 -1.465201e+01 -1.820575e+01
      vertex   3.557295e+01 -1.376336e+01 -1.820575e+01
      vertex   1.961247e+01 -1.294608e+01 -1.820575e+01
    endloop
  endfacet
  facet normal 0.000000e+00 0.000000e+00 1.000000e+00
    outer loop
      vertex   1.961247e+01 -1.294608e+01 -1.820575e+01
      vertex   3.557295e+01 -1.376336e+01 -1.820575e+01
      vertex   3.521067e+01 -1.310437e+01 -1.820575e+01
    endloop
  endfacet
  facet normal -0.000000e+00 0.000000e+00 1.000000e+00
    outer loop
      vertex   1.961247e+01 -1.294608e+01 -1.820575e+01
      vertex   3.521067e+01 -1.310437e+01 -1.820575e+01
      vertex   2.069399e+01 -1.113591e+01 -1.820575e+01
    endloop
  endfacet
  facet normal -0.000000e+00 0.000000e+00 1.000000e+00
    outer loop
      vertex   2.069399e+01 -1.113591e+01 -1.820575e+01
      vertex   3.521067e+01 -1.310437e+01 -1.820575e+01
      vertex   2.160890e+01 -9.236088e+00 -1.820575e+01
    endloop
  endfacet
  facet normal 0.000000e+00 0.000000e+00 1.000000e+00
    outer loop
      vertex   2.160890e+01 -9.236088e+00 -1.820575e+01
      vertex   3.521067e+01 -1.310437e+01 -1.820575e+01
      vertex   3.502366e+01 -1.237600e+01 -1.820575e+01
    endloop
  endfacet
  facet normal -0.000000e+00 0.000000e+00 1.000000e+00
    outer loop
      vertex   2.160890e+01 -9.236088e+00 -1.820575e+01
      vertex   3.502366e+01 -1.237600e+01 -1.820575e+01
      vertex   2.234983e+01 -7.261899e+00 -1.820575e+01
    endloop
  endfacet
  facet normal 0.000000e+00 0.000000e+00 1.000000e+00
    outer loop
      vertex   2.234983e+01 -7.261899e+00 -1.820575e+01
      vertex   3.502366e+01 -1.237600e+01 -1.820575e+01
      vertex   3.502366e+01 -1.162400e+01 -1.820575e+01
    endloop
  endfacet
  facet normal -0.000000e+00 0.000000e+00 1.000000e+00
    outer loop
      vertex   2.234983e+01 -7.261899e+00 -1.820575e+01
      vertex   3.502366e+01 -1.162400e+01 -1.820575e+01
      vertex   2.291081e+01 -5.229242e+00 -1.820575e+01
    endloop
  endfacet
  facet normal -0.000000e+00 0.000000e+00 1.000000e+00
    outer loop
      vertex   2.291081e+01 -5.229242e+00 -1.820575e+01
      vertex   3.502366e+01 -1.162400e+01 -1.820575e+01
      vertex   2.328732e+01 -3.154482e+00 -1.820575e+01
    endloop
  endfacet
  facet normal 0.000000e+00 0.000000e+00 1.000000e+00
    outer loop
      vertex   2.328732e+01 -3.154482e+00 -1.820575e+01
      vertex   3.502366e+01 -1.162400e+01 -1.820575e+01
      vertex   3.521067e+01 -1.089563e+01 -1.820575e+01
    endloop
  endfacet
  facet normal -0.000000e+00 0.000000e+00 1.000000e+00
    outer loop
      vertex   2.328732e+01 -3.154482e+00 -1.820575e+01
      vertex   3.521067e+01 -1.089563e+01 -1.820575e+01
      vertex   2.347634e+01 -1.054324e+00 -1.820575e+01
    endloop
  endfacet
  facet normal 0.000000e+00 0.000000e+00 1.000000e+00
    outer loop
      vertex   2.347634e+01 -1.054324e+00 -1.820575e+01
      vertex   3.521067e+01 -1.089563e+01 -1.820575e+01
      vertex   3.557295e+01 -1.023664e+01 -1.820575e+01
    endloop
  endfacet
  facet normal -0.000000e+00 0.000000e+00 1.000000e+00
    outer loop
      vertex   2.347634e+01 -1.054324e+00 -1.820575e+01
      vertex   3.557295e+01 -1.023664e+01 -1.820575e+01
      vertex   2.347634e+01 1.054323e+00 -1.820575e+01
    endloop
  endfacet
  facet normal -0.000000e+00 0.000000e+00 1.000000e+00
    outer loop
      vertex   2.347634e+01 1.054323e+00 -1.820575e+01
      vertex   3.557295e+01 -1.023664e+01 -1.820575e+01
      vertex   3.818837e+01 8.005920e+00 -1.820575e+01
    endloop
  endfacet
  facet normal 0.000000e+00 -0.000000e+00 1.000000e+00
    outer loop
      vertex   2.347634e+01 1.054323e+00 -1.820575e+01
      vertex   3.818837e+01 8.005920e+00 -1.820575e+01
      vertex   2.328732e+01 3.154482e+00 -1.820575e+01
    endloop
  endfacet
  facet normal 0.000000e+00 -0.000000e+00 1.000000e+00
    outer loop
      vertex   2.328732e+01 3.154482e+00 -1.820575e+01
      vertex   3.818837e+01 8.005920e+00 -1.820575e+01
      vertex   2.291081e+01 5.229242e+00 -1.820575e+01
    endloop
  endfacet
  facet normal 0.000000e+00 -0.000000e+00 1.000000e+00
    outer loop
      vertex   2.291081e+01 5.229242e+00 -1.820575e+01
      vertex   3.818837e+01 8.005920e+00 -1.820575e+01
      vertex   2.234983e+01 7.261899e+00 -1.820575e+01
    endloop
  endfacet
  facet normal 0.000000e+00 0.000000e+00 1.000000e+00
    outer loop
      vertex   2.234983e+01 7.261899e+00 -1.820575e+01
      vertex   3.818837e+01 8.005920e+00 -1.820575e+01
      vertex   3.743786e+01 8.053138e+00 -1.820575e+01
    endloop
  endfacet
  facet normal 0.000000e+00 0.000000e+00 1.000000e+00
    outer loop
      vertex   2.234983e+01 7.261899e+00 -1.820575e+01
      vertex   3.743786e+01 8.053138e+00 -1.820575e+01
      vertex   3.672266e+01 8.285519e+00 -1.820575e+01
    endloop
  endfacet
  facet normal 0.000000e+00 0.000000e+00 1.000000e+00
    outer loop
      vertex   3.557295e+01 -1.023664e+01 -1.820575e+01
      vertex   3.608773e+01 -9.688460e+00 -1.820575e+01
      vertex   3.818837e+01 8.005920e+00 -1.820575e+01
    endloop
  endfacet
  facet normal 0.000000e+00 0.000000e+00 1.000000e+00
    outer loop
      vertex   3.818837e+01 8.005920e+00 -1.820575e+01
      vertex   3.608773e+01 -9.688460e+00 -1.820575e+01
      vertex   3.672266e+01 -9.285519e+00 -1.820575e+01
    endloop
  endfacet
  facet normal 0.000000e+00 0.000000e+00 1.000000e+00
    outer loop
      vertex   3.818837e+01 8.005920e+00 -1.820575e+01
      vertex   3.672266e+01 -9.285519e+00 -1.820575e+01
      vertex   3.743786e+01 -9.053138e+00 -1.820575e+01
    endloop
  endfacet
  facet normal 0.000000e+00 0.000000e+00 1.000000e+00
    outer loop
      vertex   3.743786e+01 -9.053138e+00 -1.820575e+01
      vertex   3.818837e+01 -9.005920e+00 -1.820575e+01
      vertex   3.818837e+01 8.005920e+00 -1.820575e+01
    endloop
  endfacet
  facet normal -0.000000e+00 0.000000e+00 1.000000e+00
    outer loop
      vertex   3.818837e+01 8.005920e+00 -1.820575e+01
      vertex   3.818837e+01 -9.005920e+00 -1.820575e+01
      vertex   3.892705e+01 8.146831e+00 -1.820575e+01
    endloop
  endfacet
  facet normal -0.000000e+00 0.000000e+00 1.000000e+00
    outer loop
      vertex   3.892705e+01 8.146831e+00 -1.820575e+01
      vertex   3.818837e+01 -9.005920e+00 -1.820575e+01
      vertex   3.960748e+01 8.467016e+00 -1.820575e+01
    endloop
  endfacet
  facet normal -0.000000e+00 0.000000e+00 1.000000e+00
    outer loop
      vertex   3.960748e+01 8.467016e+00 -1.820575e+01
      vertex   3.818837e+01 -9.005920e+00 -1.820575e+01
      vertex   4.018691e+01 8.946359e+00 -1.820575e+01
    endloop
  endfacet
  facet normal -0.000000e+00 0.000000e+00 1.000000e+00
    outer loop
      vertex   4.018691e+01 8.946359e+00 -1.820575e+01
      vertex   3.818837e+01 -9.005920e+00 -1.820575e+01
      vertex   4.062892e+01 9.554739e+00 -1.820575e+01
    endloop
  endfacet
  facet normal 0.000000e+00 0.000000e+00 1.000000e+00
    outer loop
      vertex   4.062892e+01 9.554739e+00 -1.820575e+01
      vertex   3.818837e+01 -9.005920e+00 -1.820575e+01
      vertex   5.412257e+01 -4.708201e+00 -1.820575e+01
    endloop
  endfacet
  facet normal 0.000000e+00 0.000000e+00 1.000000e+00
    outer loop
      vertex   4.062892e+01 9.554739e+00 -1.820575e+01
      vertex   5.412257e+01 -4.708201e+00 -1.820575e+01
      vertex   5.430656e+01 -1.489029e+00 -1.820575e+01
    endloop
  endfacet
  facet normal 0.000000e+00 0.000000e+00 1.000000e+00
    outer loop
      vertex   5.412257e+01 -4.708201e+00 -1.820575e+01
      vertex   3.818837e+01 -9.005920e+00 -1.820575e+01
      vertex   5.374792e+01 -7.910788e+00 -1.820575e+01
    endloop
  endfacet
  facet normal 0.000000e+00 0.000000e+00 1.000000e+00
    outer loop
      vertex   5.374792e+01 -7.910788e+00 -1.820575e+01
      vertex   3.818837e+01 -9.005920e+00 -1.820575e+01
      vertex   3.892705e+01 -9.146831e+00 -1.820575e+01
    endloop
  endfacet
  facet normal 0.000000e+00 0.000000e+00 1.000000e+00
    outer loop
      vertex   5.374792e+01 -7.910788e+00 -1.820575e+01
      vertex   3.892705e+01 -9.146831e+00 -1.820575e+01
      vertex   3.960748e+01 -9.467016e+00 -1.820575e+01
    endloop
  endfacet
  facet normal -0.000000e+00 0.000000e+00 1.000000e+00
    outer loop
      vertex   3.960748e+01 -9.467016e+00 -1.820575e+01
      vertex   4.018691e+01 -9.946359e+00 -1.820575e+01
      vertex   5.374792e+01 -7.910788e+00 -1.820575e+01
    endloop
  endfacet
  facet normal 0.000000e+00 0.000000e+00 1.000000e+00
    outer loop
      vertex   5.374792e+01 -7.910788e+00 -1.820575e+01
      vertex   4.018691e+01 -9.946359e+00 -1.820575e+01
      vertex   4.062892e+01 -1.055474e+01 -1.820575e+01
    endloop
  endfacet
  facet normal 0.000000e+00 0.000000e+00 1.000000e+00
    outer loop
      vertex   5.374792e+01 -7.910788e+00 -1.820575e+01
      vertex   4.062892e+01 -1.055474e+01 -1.820575e+01
      vertex   5.318393e+01 -1.108551e+01 -1.820575e+01
    endloop
  endfacet
  facet normal 0.000000e+00 0.000000e+00 1.000000e+00
    outer loop
      vertex   5.318393e+01 -1.108551e+01 -1.820575e+01
      vertex   4.062892e+01 -1.055474e+01 -1.820575e+01
      vertex   4.090575e+01 -1.125393e+01 -1.820575e+01
    endloop
  endfacet
  facet normal -1.006373e-14 -1.374225e-15 1.000000e+00
    outer loop
      vertex   0.000000e+00 4.000000e+01 -1.820575e+01
      vertex   7.179470e-01 3.991283e+01 -1.820575e+01
      vertex   0.000000e+00 4.517050e+01 -1.820575e+01
    endloop
  endfacet
  facet normal 0.000000e+00 0.000000e+00 1.000000e+00
    outer loop
      vertex   0.000000e+00 4.517050e+01 -1.820575e+01
      vertex   7.179470e-01 3.991283e+01 -1.820575e+01
      vertex   1.394170e+00 3.965637e+01 -1.820575e+01
    endloop
  endfacet
  facet normal 0.000000e+00 0.000000e+00 1.000000e+00
    outer loop
      vertex   0.000000e+00 4.517050e+01 -1.820575e+01
      vertex   1.394170e+00 3.965637e+01 -1.820575e+01
      vertex   1.989368e+00 3.924553e+01 -1.820575e+01
    endloop
  endfacet
  facet normal -0.000000e+00 -0.000000e+00 1.000000e+00
    outer loop
      vertex   1.989368e+00 3.924553e+01 -1.820575e+01
      vertex   2.468952e+00 3.870419e+01 -1.820575e+01
      vertex   0.000000e+00 4.517050e+01 -1.820575e+01
    endloop
  endfacet
  facet normal 0.000000e+00 0.000000e+00 1.000000e+00
    outer loop
      vertex   0.000000e+00 4.517050e+01 -1.820575e+01
      vertex   2.468952e+00 3.870419e+01 -1.820575e+01
      vertex   2.805049e+00 3.806382e+01 -1.820575e+01
    endloop
  endfacet
  facet normal -0.000000e+00 0.000000e+00 1.000000e+00
    outer loop
      vertex   0.000000e+00 4.517050e+01 -1.820575e+01
      vertex   2.805049e+00 3.806382e+01 -1.820575e+01
      vertex   3.018353e+01 4.517050e+01 -1.820575e+01
    endloop
  endfacet
  facet normal 0.000000e+00 0.000000e+00 1.000000e+00
    outer loop
      vertex   3.018353e+01 4.517050e+01 -1.820575e+01
      vertex   2.805049e+00 3.806382e+01 -1.820575e+01
      vertex   2.978127e+00 3.736161e+01 -1.820575e+01
    endloop
  endfacet
  facet normal 0.000000e+00 0.000000e+00 1.000000e+00
    outer loop
      vertex   3.018353e+01 4.517050e+01 -1.820575e+01
      vertex   2.978127e+00 3.736161e+01 -1.820575e+01
      vertex   1.205313e+01 2.017355e+01 -1.820575e+01
    endloop
  endfacet
  facet normal 0.000000e+00 0.000000e+00 1.000000e+00
    outer loop
      vertex   1.205313e+01 2.017355e+01 -1.820575e+01
      vertex   2.978127e+00 3.736161e+01 -1.820575e+01
      vertex   1.019627e+01 2.117277e+01 -1.820575e+01
    endloop
  endfacet
  facet normal 0.000000e+00 0.000000e+00 1.000000e+00
    outer loop
      vertex   1.019627e+01 2.117277e+01 -1.820575e+01
      vertex   2.978127e+00 3.736161e+01 -1.820575e+01
      vertex   2.978127e+00 3.663839e+01 -1.820575e+01
    endloop
  endfacet
  facet normal 0.000000e+00 0.000000e+00 1.000000e+00
    outer loop
      vertex   1.019627e+01 2.117277e+01 -1.820575e+01
      vertex   2.978127e+00 3.663839e+01 -1.820575e+01
      vertex   8.257308e+00 2.200152e+01 -1.820575e+01
    endloop
  endfacet
  facet normal 0.000000e+00 0.000000e+00 1.000000e+00
    outer loop
      vertex   8.257308e+00 2.200152e+01 -1.820575e+01
      vertex   2.978127e+00 3.663839e+01 -1.820575e+01
      vertex   6.251866e+00 2.265313e+01 -1.820575e+01
    endloop
  endfacet
  facet normal 0.000000e+00 0.000000e+00 1.000000e+00
    outer loop
      vertex   6.251866e+00 2.265313e+01 -1.820575e+01
      vertex   2.978127e+00 3.663839e+01 -1.820575e+01
      vertex   2.805049e+00 3.593619e+01 -1.820575e+01
    endloop
  endfacet
  facet normal 0.000000e+00 0.000000e+00 1.000000e+00
    outer loop
      vertex   6.251866e+00 2.265313e+01 -1.820575e+01
      vertex   2.805049e+00 3.593619e+01 -1.820575e+01
      vertex   4.196087e+00 2.312235e+01 -1.820575e+01
    endloop
  endfacet
  facet normal 0.000000e+00 0.000000e+00 1.000000e+00
    outer loop
      vertex   4.196087e+00 2.312235e+01 -1.820575e+01
      vertex   2.805049e+00 3.593619e+01 -1.820575e+01
      vertex   2.468952e+00 3.529581e+01 -1.820575e+01
    endloop
  endfacet
  facet normal 0.000000e+00 0.000000e+00 1.000000e+00
    outer loop
      vertex   4.196087e+00 2.312235e+01 -1.820575e+01
      vertex   2.468952e+00 3.529581e+01 -1.820575e+01
      vertex   1.989368e+00 3.475447e+01 -1.820575e+01
    endloop
  endfacet
  facet normal 0.000000e+00 0.000000e+00 1.000000e+00
    outer loop
      vertex   4.196087e+00 2.312235e+01 -1.820575e+01
      vertex   1.989368e+00 3.475447e+01 -1.820575e+01
      vertex   2.106524e+00 2.340540e+01 -1.820575e+01
    endloop
  endfacet
  facet normal 0.000000e+00 0.000000e+00 1.000000e+00
    outer loop
      vertex   2.106524e+00 2.340540e+01 -1.820575e+01
      vertex   1.989368e+00 3.475447e+01 -1.820575e+01
      vertex   1.394170e+00 3.434363e+01 -1.820575e+01
    endloop
  endfacet
  facet normal 0.000000e+00 0.000000e+00 1.000000e+00
    outer loop
      vertex   2.106524e+00 2.340540e+01 -1.820575e+01
      vertex   1.394170e+00 3.434363e+01 -1.820575e+01
      vertex   7.179470e-01 3.408718e+01 -1.820575e+01
    endloop
  endfacet
  facet normal -9.896869e-15 0.000000e+00 1.000000e+00
    outer loop
      vertex   0.000000e+00 3.400000e+01 -1.820575e+01
      vertex   0.000000e+00 2.350000e+01 -1.820575e+01
      vertex   7.179470e-01 3.408718e+01 -1.820575e+01
    endloop
  endfacet
  facet normal -3.392866e-15 -4.410553e-16 1.000000e+00
    outer loop
      vertex   7.179470e-01 3.408718e+01 -1.820575e+01
      vertex   0.000000e+00 2.350000e+01 -1.820575e+01
      vertex   2.106524e+00 2.340540e+01 -1.820575e+01
    endloop
  endfacet
  facet normal -0.000000e+00 0.000000e+00 1.000000e+00
    outer loop
      vertex   1.205313e+01 2.017355e+01 -1.820575e+01
      vertex   1.381295e+01 1.901190e+01 -1.820575e+01
      vertex   3.018353e+01 4.517050e+01 -1.820575e+01
    endloop
  endfacet
  facet normal 0.000000e+00 0.000000e+00 1.000000e+00
    outer loop
      vertex   3.018353e+01 4.517050e+01 -1.820575e+01
      vertex   1.381295e+01 1.901190e+01 -1.820575e+01
      vertex   1.546156e+01 1.769718e+01 -1.820575e+01
    endloop
  endfacet
  facet normal 0.000000e+00 0.000000e+00 1.000000e+00
    outer loop
      vertex   3.018353e+01 4.517050e+01 -1.820575e+01
      vertex   1.546156e+01 1.769718e+01 -1.820575e+01
      vertex   1.698568e+01 1.623997e+01 -1.820575e+01
    endloop
  endfacet
  facet normal -0.000000e+00 0.000000e+00 1.000000e+00
    outer loop
      vertex   1.698568e+01 1.623997e+01 -1.820575e+01
      vertex   1.837304e+01 1.465201e+01 -1.820575e+01
      vertex   3.018353e+01 4.517050e+01 -1.820575e+01
    endloop
  endfacet
  facet normal 0.000000e+00 0.000000e+00 1.000000e+00
    outer loop
      vertex   3.018353e+01 4.517050e+01 -1.820575e+01
      vertex   1.837304e+01 1.465201e+01 -1.820575e+01
      vertex   1.961247e+01 1.294608e+01 -1.820575e+01
    endloop
  endfacet
  facet normal 0.000000e+00 0.000000e+00 1.000000e+00
    outer loop
      vertex   3.018353e+01 4.517050e+01 -1.820575e+01
      vertex   1.961247e+01 1.294608e+01 -1.820575e+01
      vertex   2.069399e+01 1.113591e+01 -1.820575e+01
    endloop
  endfacet
  facet normal 0.000000e+00 -0.000000e+00 1.000000e+00
    outer loop
      vertex   2.160890e+01 9.236088e+00 -1.820575e+01
      vertex   3.521067e+01 1.210437e+01 -1.820575e+01
      vertex   2.069399e+01 1.113591e+01 -1.820575e+01
    endloop
  endfacet
  facet normal 0.000000e+00 0.000000e+00 1.000000e+00
    outer loop
      vertex   2.069399e+01 1.113591e+01 -1.820575e+01
      vertex   3.521067e+01 1.210437e+01 -1.820575e+01
      vertex   3.281015e+01 4.330027e+01 -1.820575e+01
    endloop
  endfacet
  facet normal 0.000000e+00 0.000000e+00 1.000000e+00
    outer loop
      vertex   2.069399e+01 1.113591e+01 -1.820575e+01
      vertex   3.281015e+01 4.330027e+01 -1.820575e+01
      vertex   3.018353e+01 4.517050e+01 -1.820575e+01
    endloop
  endfacet
  facet normal 0.000000e+00 0.000000e+00 1.000000e+00
    outer loop
      vertex   3.521067e+01 1.210437e+01 -1.820575e+01
      vertex   2.160890e+01 9.236088e+00 -1.820575e+01
      vertex   3.502366e+01 1.137600e+01 -1.820575e+01
    endloop
  endfacet
  facet normal 0.000000e+00 0.000000e+00 1.000000e+00
    outer loop
      vertex   3.502366e+01 1.137600e+01 -1.820575e+01
      vertex   2.160890e+01 9.236088e+00 -1.820575e+01
      vertex   2.234983e+01 7.261899e+00 -1.820575e+01
    endloop
  endfacet
  facet normal 0.000000e+00 0.000000e+00 1.000000e+00
    outer loop
      vertex   3.502366e+01 1.137600e+01 -1.820575e+01
      vertex   2.234983e+01 7.261899e+00 -1.820575e+01
      vertex   3.502366e+01 1.062400e+01 -1.820575e+01
    endloop
  endfacet
  facet normal 0.000000e+00 0.000000e+00 1.000000e+00
    outer loop
      vertex   3.502366e+01 1.062400e+01 -1.820575e+01
      vertex   2.234983e+01 7.261899e+00 -1.820575e+01
      vertex   3.521067e+01 9.895627e+00 -1.820575e+01
    endloop
  endfacet
  facet normal 0.000000e+00 0.000000e+00 1.000000e+00
    outer loop
      vertex   3.521067e+01 9.895627e+00 -1.820575e+01
      vertex   2.234983e+01 7.261899e+00 -1.820575e+01
      vertex   3.557295e+01 9.236644e+00 -1.820575e+01
    endloop
  endfacet
  facet normal 0.000000e+00 0.000000e+00 1.000000e+00
    outer loop
      vertex   3.557295e+01 9.236644e+00 -1.820575e+01
      vertex   2.234983e+01 7.261899e+00 -1.820575e+01
      vertex   3.608773e+01 8.688460e+00 -1.820575e+01
    endloop
  endfacet
  facet normal 0.000000e+00 0.000000e+00 1.000000e+00
    outer loop
      vertex   3.608773e+01 8.688460e+00 -1.820575e+01
      vertex   2.234983e+01 7.261899e+00 -1.820575e+01
      vertex   3.672266e+01 8.285519e+00 -1.820575e+01
    endloop
  endfacet
  facet normal 0.000000e+00 0.000000e+00 1.000000e+00
    outer loop
      vertex   1.894289e+01 -5.091744e+01 -1.820575e+01
      vertex   1.205313e+01 -2.017355e+01 -1.820575e+01
      vertex   1.588879e+01 -5.195157e+01 -1.820575e+01
    endloop
  endfacet
  facet normal 0.000000e+00 0.000000e+00 1.000000e+00
    outer loop
      vertex   1.588879e+01 -5.195157e+01 -1.820575e+01
      vertex   1.205313e+01 -2.017355e+01 -1.820575e+01
      vertex   1.019627e+01 -2.117277e+01 -1.820575e+01
    endloop
  endfacet
  facet normal 0.000000e+00 0.000000e+00 1.000000e+00
    outer loop
      vertex   1.588879e+01 -5.195157e+01 -1.820575e+01
      vertex   1.019627e+01 -2.117277e+01 -1.820575e+01
      vertex   1.277873e+01 -5.280268e+01 -1.820575e+01
    endloop
  endfacet
  facet normal 0.000000e+00 0.000000e+00 1.000000e+00
    outer loop
      vertex   1.277873e+01 -5.280268e+01 -1.820575e+01
      vertex   1.019627e+01 -2.117277e+01 -1.820575e+01
      vertex   2.978127e+00 -3.663839e+01 -1.820575e+01
    endloop
  endfacet
  facet normal 0.000000e+00 0.000000e+00 1.000000e+00
    outer loop
      vertex   1.277873e+01 -5.280268e+01 -1.820575e+01
      vertex   2.978127e+00 -3.663839e+01 -1.820575e+01
      vertex   2.978127e+00 -3.736161e+01 -1.820575e+01
    endloop
  endfacet
  facet normal 0.000000e+00 0.000000e+00 1.000000e+00
    outer loop
      vertex   1.019627e+01 -2.117277e+01 -1.820575e+01
      vertex   8.257308e+00 -2.200152e+01 -1.820575e+01
      vertex   2.978127e+00 -3.663839e+01 -1.820575e+01
    endloop
  endfacet
  facet normal 0.000000e+00 0.000000e+00 1.000000e+00
    outer loop
      vertex   2.978127e+00 -3.663839e+01 -1.820575e+01
      vertex   8.257308e+00 -2.200152e+01 -1.820575e+01
      vertex   6.251866e+00 -2.265313e+01 -1.820575e+01
    endloop
  endfacet
  facet normal 0.000000e+00 -0.000000e+00 1.000000e+00
    outer loop
      vertex   2.978127e+00 -3.663839e+01 -1.820575e+01
      vertex   6.251866e+00 -2.265313e+01 -1.820575e+01
      vertex   2.805049e+00 -3.593619e+01 -1.820575e+01
    endloop
  endfacet
  facet normal 0.000000e+00 0.000000e+00 1.000000e+00
    outer loop
      vertex   2.805049e+00 -3.593619e+01 -1.820575e+01
      vertex   6.251866e+00 -2.265313e+01 -1.820575e+01
      vertex   4.196087e+00 -2.312235e+01 -1.820575e+01
    endloop
  endfacet
  facet normal 0.000000e+00 -0.000000e+00 1.000000e+00
    outer loop
      vertex   2.805049e+00 -3.593619e+01 -1.820575e+01
      vertex   4.196087e+00 -2.312235e+01 -1.820575e+01
      vertex   2.468952e+00 -3.529581e+01 -1.820575e+01
    endloop
  endfacet
  facet normal 0.000000e+00 -0.000000e+00 1.000000e+00
    outer loop
      vertex   2.468952e+00 -3.529581e+01 -1.820575e+01
      vertex   4.196087e+00 -2.312235e+01 -1.820575e+01
      vertex   1.989368e+00 -3.475447e+01 -1.820575e+01
    endloop
  endfacet
  facet normal 0.000000e+00 0.000000e+00 1.000000e+00
    outer loop
      vertex   1.989368e+00 -3.475447e+01 -1.820575e+01
      vertex   4.196087e+00 -2.312235e+01 -1.820575e+01
      vertex   2.106524e+00 -2.340540e+01 -1.820575e+01
    endloop
  endfacet
  facet normal 0.000000e+00 -0.000000e+00 1.000000e+00
    outer loop
      vertex   1.989368e+00 -3.475447e+01 -1.820575e+01
      vertex   2.106524e+00 -2.340540e+01 -1.820575e+01
      vertex   1.394170e+00 -3.434363e+01 -1.820575e+01
    endloop
  endfacet
  facet normal 0.000000e+00 -0.000000e+00 1.000000e+00
    outer loop
      vertex   1.394170e+00 -3.434363e+01 -1.820575e+01
      vertex   2.106524e+00 -2.340540e+01 -1.820575e+01
      vertex   7.179470e-01 -3.408718e+01 -1.820575e+01
    endloop
  endfacet
  facet normal -3.392866e-15 4.410553e-16 1.000000e+00
    outer loop
      vertex   7.179470e-01 -3.408718e+01 -1.820575e+01
      vertex   2.106524e+00 -2.340540e+01 -1.820575e+01
      vertex   0.000000e+00 -2.350000e+01 -1.820575e+01
    endloop
  endfacet
  facet normal -9.896869e-15 0.000000e+00 1.000000e+00
    outer loop
      vertex   7.179470e-01 -3.408718e+01 -1.820575e+01
      vertex   0.000000e+00 -2.350000e+01 -1.820575e+01
      vertex   0.000000e+00 -3.400000e+01 -1.820575e+01
    endloop
  endfacet
  facet normal 0.000000e+00 0.000000e+00 1.000000e+00
    outer loop
      vertex   1.277873e+01 -5.280268e+01 -1.820575e+01
      vertex   2.978127e+00 -3.736161e+01 -1.820575e+01
      vertex   9.623643e+00 -5.346779e+01 -1.820575e+01
    endloop
  endfacet
  facet normal 0.000000e+00 0.000000e+00 1.000000e+00
    outer loop
      vertex   9.623643e+00 -5.346779e+01 -1.820575e+01
      vertex   2.978127e+00 -3.736161e+01 -1.820575e+01
      vertex   2.805049e+00 -3.806382e+01 -1.820575e+01
    endloop
  endfacet
  facet normal 0.000000e+00 0.000000e+00 1.000000e+00
    outer loop
      vertex   9.623643e+00 -5.346779e+01 -1.820575e+01
      vertex   2.805049e+00 -3.806382e+01 -1.820575e+01
      vertex   6.434658e+00 -5.394455e+01 -1.820575e+01
    endloop
  endfacet
  facet normal 0.000000e+00 0.000000e+00 1.000000e+00
    outer loop
      vertex   6.434658e+00 -5.394455e+01 -1.820575e+01
      vertex   2.805049e+00 -3.806382e+01 -1.820575e+01
      vertex   2.468952e+00 -3.870419e+01 -1.820575e+01
    endloop
  endfacet
  facet normal 0.000000e+00 0.000000e+00 1.000000e+00
    outer loop
      vertex   6.434658e+00 -5.394455e+01 -1.820575e+01
      vertex   2.468952e+00 -3.870419e+01 -1.820575e+01
      vertex   1.989368e+00 -3.924553e+01 -1.820575e+01
    endloop
  endfacet
  facet normal 0.000000e+00 0.000000e+00 1.000000e+00
    outer loop
      vertex   6.434658e+00 -5.394455e+01 -1.820575e+01
      vertex   1.989368e+00 -3.924553e+01 -1.820575e+01
      vertex   3.223006e+00 -5.423128e+01 -1.820575e+01
    endloop
  endfacet
  facet normal 0.000000e+00 0.000000e+00 1.000000e+00
    outer loop
      vertex   3.223006e+00 -5.423128e+01 -1.820575e+01
      vertex   1.989368e+00 -3.924553e+01 -1.820575e+01
      vertex   1.394170e+00 -3.965637e+01 -1.820575e+01
    endloop
  endfacet
  facet normal 0.000000e+00 0.000000e+00 1.000000e+00
    outer loop
      vertex   3.223006e+00 -5.423128e+01 -1.820575e+01
      vertex   1.394170e+00 -3.965637e+01 -1.820575e+01
      vertex   7.179470e-01 -3.991283e+01 -1.820575e+01
    endloop
  endfacet
  facet normal -9.896869e-15 0.000000e+00 1.000000e+00
    outer loop
      vertex   0.000000e+00 -4.000000e+01 -1.820575e+01
      vertex   0.000000e+00 -5.432697e+01 -1.820575e+01
      vertex   7.179470e-01 -3.991283e+01 -1.820575e+01
    endloop
  endfacet
  facet normal -2.193205e-15 -3.837081e-16 1.000000e+00
    outer loop
      vertex   7.179470e-01 -3.991283e+01 -1.820575e+01
      vertex   0.000000e+00 -5.432697e+01 -1.820575e+01
      vertex   3.223006e+00 -5.423128e+01 -1.820575e+01
    endloop
  endfacet
  facet normal 0.000000e+00 0.000000e+00 1.000000e+00
    outer loop
      vertex   5.430656e+01 -1.489029e+00 -1.820575e+01
      vertex   5.429924e+01 1.735388e+00 -1.820575e+01
      vertex   4.062892e+01 9.554739e+00 -1.820575e+01
    endloop
  endfacet
  facet normal 0.000000e+00 0.000000e+00 1.000000e+00
    outer loop
      vertex   4.062892e+01 9.554739e+00 -1.820575e+01
      vertex   5.429924e+01 1.735388e+00 -1.820575e+01
      vertex   5.410065e+01 4.953693e+00 -1.820575e+01
    endloop
  endfacet
  facet normal -0.000000e+00 0.000000e+00 1.000000e+00
    outer loop
      vertex   4.062892e+01 9.554739e+00 -1.820575e+01
      vertex   5.410065e+01 4.953693e+00 -1.820575e+01
      vertex   4.090575e+01 1.025393e+01 -1.820575e+01
    endloop
  endfacet
  facet normal 0.000000e+00 0.000000e+00 1.000000e+00
    outer loop
      vertex   4.090575e+01 1.025393e+01 -1.820575e+01
      vertex   5.410065e+01 4.953693e+00 -1.820575e+01
      vertex   5.371148e+01 8.154547e+00 -1.820575e+01
    endloop
  endfacet
  facet normal -0.000000e+00 0.000000e+00 1.000000e+00
    outer loop
      vertex   4.090575e+01 1.025393e+01 -1.820575e+01
      vertex   5.371148e+01 8.154547e+00 -1.820575e+01
      vertex   5.313309e+01 1.132667e+01 -1.820575e+01
    endloop
  endfacet
  facet normal 0.000000e+00 0.000000e+00 1.000000e+00
    outer loop
      vertex   4.090575e+01 1.025393e+01 -1.820575e+01
      vertex   5.313309e+01 1.132667e+01 -1.820575e+01
      vertex   4.100000e+01 1.100000e+01 -1.820575e+01
    endloop
  endfacet
  facet normal 0.000000e+00 0.000000e+00 1.000000e+00
    outer loop
      vertex   4.100000e+01 1.100000e+01 -1.820575e+01
      vertex   5.313309e+01 1.132667e+01 -1.820575e+01
      vertex   5.236754e+01 1.445890e+01 -1.820575e+01
    endloop
  endfacet
  facet normal 0.000000e+00 -0.000000e+00 1.000000e+00
    outer loop
      vertex   4.100000e+01 1.100000e+01 -1.820575e+01
      vertex   5.236754e+01 1.445890e+01 -1.820575e+01
      vertex   4.090575e+01 1.174607e+01 -1.820575e+01
    endloop
  endfacet
  facet normal 0.000000e+00 -0.000000e+00 1.000000e+00
    outer loop
      vertex   4.090575e+01 1.174607e+01 -1.820575e+01
      vertex   5.236754e+01 1.445890e+01 -1.820575e+01
      vertex   4.062892e+01 1.244526e+01 -1.820575e+01
    endloop
  endfacet
  facet normal 0.000000e+00 -0.000000e+00 1.000000e+00
    outer loop
      vertex   4.062892e+01 1.244526e+01 -1.820575e+01
      vertex   5.236754e+01 1.445890e+01 -1.820575e+01
      vertex   4.018691e+01 1.305364e+01 -1.820575e+01
    endloop
  endfacet
  facet normal 0.000000e+00 -0.000000e+00 1.000000e+00
    outer loop
      vertex   4.018691e+01 1.305364e+01 -1.820575e+01
      vertex   5.236754e+01 1.445890e+01 -1.820575e+01
      vertex   3.960748e+01 1.353298e+01 -1.820575e+01
    endloop
  endfacet
  facet normal 0.000000e+00 -0.000000e+00 1.000000e+00
    outer loop
      vertex   3.960748e+01 1.353298e+01 -1.820575e+01
      vertex   5.236754e+01 1.445890e+01 -1.820575e+01
      vertex   3.892705e+01 1.385317e+01 -1.820575e+01
    endloop
  endfacet
  facet normal 0.000000e+00 -0.000000e+00 1.000000e+00
    outer loop
      vertex   3.892705e+01 1.385317e+01 -1.820575e+01
      vertex   5.236754e+01 1.445890e+01 -1.820575e+01
      vertex   3.818837e+01 1.399408e+01 -1.820575e+01
    endloop
  endfacet
  facet normal 0.000000e+00 0.000000e+00 1.000000e+00
    outer loop
      vertex   3.818837e+01 1.399408e+01 -1.820575e+01
      vertex   5.236754e+01 1.445890e+01 -1.820575e+01
      vertex   5.141751e+01 1.754020e+01 -1.820575e+01
    endloop
  endfacet
  facet normal 0.000000e+00 0.000000e+00 1.000000e+00
    outer loop
      vertex   3.818837e+01 1.399408e+01 -1.820575e+01
      vertex   5.141751e+01 1.754020e+01 -1.820575e+01
      vertex   5.028636e+01 2.055970e+01 -1.820575e+01
    endloop
  endfacet
  facet normal 0.000000e+00 0.000000e+00 1.000000e+00
    outer loop
      vertex   5.028636e+01 2.055970e+01 -1.820575e+01
      vertex   4.897806e+01 2.350678e+01 -1.820575e+01
      vertex   3.818837e+01 1.399408e+01 -1.820575e+01
    endloop
  endfacet
  facet normal 0.000000e+00 0.000000e+00 1.000000e+00
    outer loop
      vertex   3.818837e+01 1.399408e+01 -1.820575e+01
      vertex   4.897806e+01 2.350678e+01 -1.820575e+01
      vertex   4.749723e+01 2.637105e+01 -1.820575e+01
    endloop
  endfacet
  facet normal 0.000000e+00 0.000000e+00 1.000000e+00
    outer loop
      vertex   3.818837e+01 1.399408e+01 -1.820575e+01
      vertex   4.749723e+01 2.637105e+01 -1.820575e+01
      vertex   4.584908e+01 2.914243e+01 -1.820575e+01
    endloop
  endfacet
  facet normal 0.000000e+00 0.000000e+00 1.000000e+00
    outer loop
      vertex   4.584908e+01 2.914243e+01 -1.820575e+01
      vertex   4.403942e+01 3.181115e+01 -1.820575e+01
      vertex   3.818837e+01 1.399408e+01 -1.820575e+01
    endloop
  endfacet
  facet normal 0.000000e+00 0.000000e+00 1.000000e+00
    outer loop
      vertex   3.818837e+01 1.399408e+01 -1.820575e+01
      vertex   4.403942e+01 3.181115e+01 -1.820575e+01
      vertex   4.207462e+01 3.436780e+01 -1.820575e+01
    endloop
  endfacet
  facet normal 0.000000e+00 0.000000e+00 1.000000e+00
    outer loop
      vertex   3.818837e+01 1.399408e+01 -1.820575e+01
      vertex   4.207462e+01 3.436780e+01 -1.820575e+01
      vertex   3.996160e+01 3.680339e+01 -1.820575e+01
    endloop
  endfacet
  facet normal 0.000000e+00 0.000000e+00 1.000000e+00
    outer loop
      vertex   3.770782e+01 3.910933e+01 -1.820575e+01
      vertex   3.672266e+01 1.371448e+01 -1.820575e+01
      vertex   3.996160e+01 3.680339e+01 -1.820575e+01
    endloop
  endfacet
  facet normal 0.000000e+00 0.000000e+00 1.000000e+00
    outer loop
      vertex   3.996160e+01 3.680339e+01 -1.820575e+01
      vertex   3.672266e+01 1.371448e+01 -1.820575e+01
      vertex   3.743786e+01 1.394686e+01 -1.820575e+01
    endloop
  endfacet
  facet normal 0.000000e+00 0.000000e+00 1.000000e+00
    outer loop
      vertex   3.996160e+01 3.680339e+01 -1.820575e+01
      vertex   3.743786e+01 1.394686e+01 -1.820575e+01
      vertex   3.818837e+01 1.399408e+01 -1.820575e+01
    endloop
  endfacet
  facet normal 0.000000e+00 -0.000000e+00 1.000000e+00
    outer loop
      vertex   3.672266e+01 1.371448e+01 -1.820575e+01
      vertex   3.770782e+01 3.910933e+01 -1.820575e+01
      vertex   3.608773e+01 1.331154e+01 -1.820575e+01
    endloop
  endfacet
  facet normal 0.000000e+00 -0.000000e+00 1.000000e+00
    outer loop
      vertex   3.608773e+01 1.331154e+01 -1.820575e+01
      vertex   3.770782e+01 3.910933e+01 -1.820575e+01
      vertex   3.532120e+01 4.127750e+01 -1.820575e+01
    endloop
  endfacet
  facet normal 0.000000e+00 0.000000e+00 1.000000e+00
    outer loop
      vertex   3.608773e+01 1.331154e+01 -1.820575e+01
      vertex   3.532120e+01 4.127750e+01 -1.820575e+01
      vertex   3.557295e+01 1.276336e+01 -1.820575e+01
    endloop
  endfacet
  facet normal 0.000000e+00 0.000000e+00 1.000000e+00
    outer loop
      vertex   3.557295e+01 1.276336e+01 -1.820575e+01
      vertex   3.532120e+01 4.127750e+01 -1.820575e+01
      vertex   3.281015e+01 4.330027e+01 -1.820575e+01
    endloop
  endfacet
  facet normal 0.000000e+00 0.000000e+00 1.000000e+00
    outer loop
      vertex   3.557295e+01 1.276336e+01 -1.820575e+01
      vertex   3.281015e+01 4.330027e+01 -1.820575e+01
      vertex   3.521067e+01 1.210437e+01 -1.820575e+01
    endloop
  endfacet
  facet normal 6.672355e-15 -4.046448e-15 1.000000e+00
    outer loop
      vertex   0.000000e+00 -3.284423e+01 -5.220575e+01
      vertex   0.000000e+00 -4.864793e+01 -5.220575e+01
      vertex   1.022442e+00 -3.291425e+01 -5.220575e+01
    endloop
  endfacet
  facet normal 8.707997e-17 -3.618509e-15 1.000000e+00
    outer loop
      vertex   1.022442e+00 -3.291425e+01 -5.220575e+01
      vertex   0.000000e+00 -4.864793e+01 -5.220575e+01
      vertex   2.340085e+00 -4.859162e+01 -5.220575e+01
    endloop
  endfacet
  facet normal -7.677921e-16 -3.690359e-15 1.000000e+00
    outer loop
      vertex   1.022442e+00 -3.291425e+01 -5.220575e+01
      vertex   2.340085e+00 -4.859162e+01 -5.220575e+01
      vertex   2.025794e+00 -3.312300e+01 -5.220575e+01
    endloop
  endfacet
  facet normal -1.317194e-15 -3.701521e-15 1.000000e+00
    outer loop
      vertex   2.025794e+00 -3.312300e+01 -5.220575e+01
      vertex   2.340085e+00 -4.859162e+01 -5.220575e+01
      vertex   2.991320e+00 -3.346659e+01 -5.220575e+01
    endloop
  endfacet
  facet normal -1.907425e-15 -3.676108e-15 1.000000e+00
    outer loop
      vertex   2.991320e+00 -3.346659e+01 -5.220575e+01
      vertex   2.340085e+00 -4.859162e+01 -5.220575e+01
      vertex   3.900992e+00 -3.393859e+01 -5.220575e+01
    endloop
  endfacet
  facet normal -2.550436e-15 -3.607611e-15 1.000000e+00
    outer loop
      vertex   3.900992e+00 -3.393859e+01 -5.220575e+01
      vertex   2.340085e+00 -4.859162e+01 -5.220575e+01
      vertex   4.737826e+00 -3.453020e+01 -5.220575e+01
    endloop
  endfacet
  facet normal 2.959513e-16 -4.092975e-15 1.000000e+00
    outer loop
      vertex   4.737826e+00 -3.453020e+01 -5.220575e+01
      vertex   2.340085e+00 -4.859162e+01 -5.220575e+01
      vertex   4.674752e+00 -4.842280e+01 -5.220575e+01
    endloop
  endfacet
  facet normal -1.326627e-14 -4.031400e-15 1.000000e+00
    outer loop
      vertex   4.737826e+00 -3.453020e+01 -5.220575e+01
      vertex   4.674752e+00 -4.842280e+01 -5.220575e+01
      vertex   5.486196e+00 -3.523037e+01 -5.220575e+01
    endloop
  endfacet
  facet normal -1.811627e-14 -3.733085e-15 1.000000e+00
    outer loop
      vertex   5.486196e+00 -3.523037e+01 -5.220575e+01
      vertex   4.674752e+00 -4.842280e+01 -5.220575e+01
      vertex   6.998596e+00 -3.685978e+01 -5.220575e+01
    endloop
  endfacet
  facet normal -1.440796e-14 -2.910861e-16 1.000000e+00
    outer loop
      vertex   5.486196e+00 -3.523037e+01 -5.220575e+01
      vertex   6.998596e+00 -3.685978e+01 -5.220575e+01
      vertex   6.998548e+00 -3.685743e+01 -5.220575e+01
    endloop
  endfacet
  facet normal -3.042391e-14 -1.259593e-15 1.000000e+00
    outer loop
      vertex   4.674752e+00 -4.842280e+01 -5.220575e+01
      vertex   6.998596e+00 -4.814188e+01 -5.220575e+01
      vertex   6.998596e+00 -3.685978e+01 -5.220575e+01
    endloop
  endfacet
  facet normal -1.441329e-14 -2.960433e-16 1.000000e+00
    outer loop
      vertex   6.998548e+00 -3.685743e+01 -5.220575e+01
      vertex   6.998500e+00 -3.685508e+01 -5.220575e+01
      vertex   5.486196e+00 -3.523037e+01 -5.220575e+01
    endloop
  endfacet
  facet normal -1.441862e-14 -3.010040e-16 1.000000e+00
    outer loop
      vertex   5.486196e+00 -3.523037e+01 -5.220575e+01
      vertex   6.998500e+00 -3.685508e+01 -5.220575e+01
      vertex   6.998450e+00 -3.685272e+01 -5.220575e+01
    endloop
  endfacet
  facet normal 2.405819e-02 -9.997106e-01 0.000000e+00
    outer loop
      vertex   0.000000e+00 -4.864793e+01 -3.920575e+01
      vertex   2.340085e+00 -4.859162e+01 -3.920575e+01
      vertex   0.000000e+00 -4.864793e+01 -3.820575e+01
    endloop
  endfacet
  facet normal 3.121016e-02 -9.993724e-01 1.675527e-02
    outer loop
      vertex   0.000000e+00 -4.864793e+01 -3.820575e+01
      vertex   2.340085e+00 -4.859162e+01 -3.920575e+01
      vertex   3.035566e+00 -4.855313e+01 -3.820575e+01
    endloop
  endfacet
  facet normal 7.211387e-02 -9.973269e-01 -1.177122e-02
    outer loop
      vertex   3.035566e+00 -4.855313e+01 -3.820575e+01
      vertex   2.340085e+00 -4.859162e+01 -3.920575e+01
      vertex   4.674752e+00 -4.842280e+01 -3.920575e+01
    endloop
  endfacet
  facet normal 9.349606e-02 -9.953414e-01 2.353694e-02
    outer loop
      vertex   3.035566e+00 -4.855313e+01 -3.820575e+01
      vertex   4.674752e+00 -4.842280e+01 -3.920575e+01
      vertex   6.059301e+00 -4.826910e+01 -3.820575e+01
    endloop
  endfacet
  facet normal 1.200015e-01 -9.926810e-01 -1.357009e-02
    outer loop
      vertex   6.059301e+00 -4.826910e+01 -3.820575e+01
      vertex   4.674752e+00 -4.842280e+01 -3.920575e+01
      vertex   6.998596e+00 -4.814188e+01 -3.920575e+01
    endloop
  endfacet
  facet normal 1.554327e-01 -9.876368e-01 2.035193e-02
    outer loop
      vertex   6.059301e+00 -4.826910e+01 -3.820575e+01
      vertex   6.998596e+00 -4.814188e+01 -3.920575e+01
      vertex   9.059421e+00 -4.779695e+01 -3.820575e+01
    endloop
  endfacet
  facet normal 1.650812e-01 -9.862800e-01 0.000000e+00
    outer loop
      vertex   9.059421e+00 -4.779695e+01 -3.820575e+01
      vertex   6.998596e+00 -4.814188e+01 -3.920575e+01
      vertex   6.998596e+00 -4.814188e+01 -5.220575e+01
    endloop
  endfacet
  facet normal 1.629695e-01 -9.866311e-01 3.194992e-04
    outer loop
      vertex   9.059421e+00 -4.779695e+01 -3.820575e+01
      vertex   6.998596e+00 -4.814188e+01 -5.220575e+01
      vertex   7.710230e+00 -4.803305e+01 -7.910288e+01
    endloop
  endfacet
  facet normal 1.415431e-01 -9.899321e-01 -2.607511e-04
    outer loop
      vertex   7.710230e+00 -4.803305e+01 -7.910288e+01
      vertex   6.998596e+00 -4.814188e+01 -5.220575e+01
      vertex   6.059301e+00 -4.826910e+01 -7.910288e+01
    endloop
  endfacet
  facet normal 1.415431e-01 -9.899321e-01 -8.531988e-05
    outer loop
      vertex   7.710230e+00 -4.803305e+01 -7.910288e+01
      vertex   6.059301e+00 -4.826910e+01 -7.910288e+01
      vertex   5.877282e+00 -4.829160e+01 -1.200000e+02
    endloop
  endfacet
  facet normal 9.352197e-02 -9.956172e-01 1.315328e-04
    outer loop
      vertex   5.877282e+00 -4.829160e+01 -1.200000e+02
      vertex   6.059301e+00 -4.826910e+01 -7.910288e+01
      vertex   3.035566e+00 -4.855313e+01 -7.910288e+01
    endloop
  endfacet
  facet normal 9.070647e-02 -9.958777e-01 -6.576645e-05
    outer loop
      vertex   5.877282e+00 -4.829160e+01 -1.200000e+02
      vertex   3.035566e+00 -4.855313e+01 -7.910288e+01
      vertex   2.944037e+00 -4.855877e+01 -1.200000e+02
    endloop
  endfacet
  facet normal 3.027248e-02 -9.995417e-01 6.999121e-05
    outer loop
      vertex   2.944037e+00 -4.855877e+01 -1.200000e+02
      vertex   3.035566e+00 -4.855313e+01 -7.910288e+01
      vertex   0.000000e+00 -4.864793e+01 -1.200000e+02
    endloop
  endfacet
  facet normal 3.743173e-02 -9.992991e-01 -4.619624e-04
    outer loop
      vertex   0.000000e+00 -4.864793e+01 -1.200000e+02
      vertex   3.035566e+00 -4.855313e+01 -7.910288e+01
      vertex   2.340085e+00 -4.859162e+01 -5.220575e+01
    endloop
  endfacet
  facet normal 2.405819e-02 -9.997106e-01 0.000000e+00
    outer loop
      vertex   0.000000e+00 -4.864793e+01 -1.200000e+02
      vertex   2.340085e+00 -4.859162e+01 -5.220575e+01
      vertex   0.000000e+00 -4.864793e+01 -5.220575e+01
    endloop
  endfacet
  facet normal 1.200126e-01 -9.927722e-01 5.045648e-04
    outer loop
      vertex   6.998596e+00 -4.814188e+01 -5.220575e+01
      vertex   4.674752e+00 -4.842280e+01 -5.220575e+01
      vertex   6.059301e+00 -4.826910e+01 -7.910288e+01
    endloop
  endfacet
  facet normal 9.352194e-02 -9.956168e-01 -8.753150e-04
    outer loop
      vertex   6.059301e+00 -4.826910e+01 -7.910288e+01
      vertex   4.674752e+00 -4.842280e+01 -5.220575e+01
      vertex   3.035566e+00 -4.855313e+01 -7.910288e+01
    endloop
  endfacet
  facet normal 7.211886e-02 -9.973959e-01 4.376688e-04
    outer loop
      vertex   4.674752e+00 -4.842280e+01 -5.220575e+01
      vertex   2.340085e+00 -4.859162e+01 -5.220575e+01
      vertex   3.035566e+00 -4.855313e+01 -7.910288e+01
    endloop
  endfacet
  facet normal 1.508079e-01 -9.885629e-01 -5.092138e-04
    outer loop
      vertex   5.877282e+00 -4.829160e+01 -1.200000e+02
      vertex   8.788983e+00 -4.784741e+01 -1.200000e+02
      vertex   7.710230e+00 -4.803305e+01 -7.910288e+01
    endloop
  endfacet
  facet normal 1.723744e-01 -9.850315e-01 7.567841e-05
    outer loop
      vertex   7.710230e+00 -4.803305e+01 -7.910288e+01
      vertex   8.788983e+00 -4.784741e+01 -1.200000e+02
      vertex   9.059421e+00 -4.779695e+01 -7.910288e+01
    endloop
  endfacet
  facet normal 1.723744e-01 -9.850315e-01 0.000000e+00
    outer loop
      vertex   7.710230e+00 -4.803305e+01 -7.910288e+01
      vertex   9.059421e+00 -4.779695e+01 -7.910288e+01
      vertex   9.059421e+00 -4.779695e+01 -3.820575e+01
    endloop
  endfacet
  facet normal 2.168019e-01 -9.762156e-01 0.000000e+00
    outer loop
      vertex   9.059421e+00 -4.779695e+01 -3.820575e+01
      vertex   9.059421e+00 -4.779695e+01 -7.910288e+01
      vertex   1.202423e+01 -4.713851e+01 -3.820575e+01
    endloop
  endfacet
  facet normal 2.168019e-01 -9.762156e-01 0.000000e+00
    outer loop
      vertex   1.202423e+01 -4.713851e+01 -3.820575e+01
      vertex   9.059421e+00 -4.779695e+01 -7.910288e+01
      vertex   1.202423e+01 -4.713851e+01 -7.910288e+01
    endloop
  endfacet
  facet normal 2.772940e-01 -9.607851e-01 0.000000e+00
    outer loop
      vertex   1.202423e+01 -4.713851e+01 -3.820575e+01
      vertex   1.202423e+01 -4.713851e+01 -7.910288e+01
      vertex   1.494218e+01 -4.629636e+01 -3.820575e+01
    endloop
  endfacet
  facet normal 2.772940e-01 -9.607851e-01 -4.817680e-17
    outer loop
      vertex   1.494218e+01 -4.629636e+01 -3.820575e+01
      vertex   1.202423e+01 -4.713851e+01 -7.910288e+01
      vertex   1.494218e+01 -4.629636e+01 -7.910288e+01
    endloop
  endfacet
  facet normal 3.367054e-01 -9.416101e-01 -5.849887e-17
    outer loop
      vertex   1.494218e+01 -4.629636e+01 -3.820575e+01
      vertex   1.494218e+01 -4.629636e+01 -7.910288e+01
      vertex   1.780189e+01 -4.527377e+01 -3.820575e+01
    endloop
  endfacet
  facet normal 3.367054e-01 -9.416101e-01 0.000000e+00
    outer loop
      vertex   1.780189e+01 -4.527377e+01 -3.820575e+01
      vertex   1.494218e+01 -4.629636e+01 -7.910288e+01
      vertex   1.780189e+01 -4.527377e+01 -7.910288e+01
    endloop
  endfacet
  facet normal 3.948044e-01 -9.187652e-01 0.000000e+00
    outer loop
      vertex   1.780189e+01 -4.527377e+01 -3.820575e+01
      vertex   1.780189e+01 -4.527377e+01 -7.910288e+01
      vertex   2.059223e+01 -4.407473e+01 -3.820575e+01
    endloop
  endfacet
  facet normal 3.948044e-01 -9.187652e-01 0.000000e+00
    outer loop
      vertex   2.059223e+01 -4.407473e+01 -3.820575e+01
      vertex   1.780189e+01 -4.527377e+01 -7.910288e+01
      vertex   2.059223e+01 -4.407473e+01 -7.910288e+01
    endloop
  endfacet
  facet normal 4.513648e-01 -8.923395e-01 0.000000e+00
    outer loop
      vertex   2.059223e+01 -4.407473e+01 -3.820575e+01
      vertex   2.059223e+01 -4.407473e+01 -7.910288e+01
      vertex   2.330230e+01 -4.270391e+01 -3.820575e+01
    endloop
  endfacet
  facet normal 4.513648e-01 -8.923395e-01 7.661453e-17
    outer loop
      vertex   2.330230e+01 -4.270391e+01 -3.820575e+01
      vertex   2.059223e+01 -4.407473e+01 -7.910288e+01
      vertex   2.330230e+01 -4.270391e+01 -7.910288e+01
    endloop
  endfacet
  facet normal 5.061660e-01 -8.624361e-01 6.189802e-17
    outer loop
      vertex   2.330230e+01 -4.270391e+01 -3.820575e+01
      vertex   2.330230e+01 -4.270391e+01 -7.910288e+01
      vertex   2.592156e+01 -4.116666e+01 -3.820575e+01
    endloop
  endfacet
  facet normal 5.061660e-01 -8.624361e-01 0.000000e+00
    outer loop
      vertex   2.592156e+01 -4.116666e+01 -3.820575e+01
      vertex   2.330230e+01 -4.270391e+01 -7.910288e+01
      vertex   2.592156e+01 -4.116666e+01 -7.910288e+01
    endloop
  endfacet
  facet normal 5.589945e-01 -8.291714e-01 0.000000e+00
    outer loop
      vertex   2.592156e+01 -4.116666e+01 -3.820575e+01
      vertex   2.592156e+01 -4.116666e+01 -7.910288e+01
      vertex   2.843979e+01 -3.946897e+01 -3.820575e+01
    endloop
  endfacet
  facet normal 5.589945e-01 -8.291714e-01 0.000000e+00
    outer loop
      vertex   2.843979e+01 -3.946897e+01 -3.820575e+01
      vertex   2.592156e+01 -4.116666e+01 -7.910288e+01
      vertex   2.843979e+01 -3.946897e+01 -7.910288e+01
    endloop
  endfacet
  facet normal 6.096444e-01 -7.926750e-01 0.000000e+00
    outer loop
      vertex   2.843979e+01 -3.946897e+01 -3.820575e+01
      vertex   2.843979e+01 -3.946897e+01 -7.910288e+01
      vertex   3.084718e+01 -3.761745e+01 -3.820575e+01
    endloop
  endfacet
  facet normal 6.096444e-01 -7.926750e-01 0.000000e+00
    outer loop
      vertex   3.084718e+01 -3.761745e+01 -3.820575e+01
      vertex   2.843979e+01 -3.946897e+01 -7.910288e+01
      vertex   3.084718e+01 -3.761745e+01 -7.910288e+01
    endloop
  endfacet
  facet normal 6.446044e-01 -7.645163e-01 0.000000e+00
    outer loop
      vertex   3.084718e+01 -3.761745e+01 -3.820575e+01
      vertex   3.084718e+01 -3.761745e+01 -7.910288e+01
      vertex   3.186445e+01 -3.675973e+01 -8.258571e+01
    endloop
  endfacet
  facet normal 6.479147e-01 -7.617111e-01 1.657711e-03
    outer loop
      vertex   3.186445e+01 -3.675973e+01 -8.258571e+01
      vertex   3.084718e+01 -3.761745e+01 -7.910288e+01
      vertex   3.155580e+01 -3.702547e+01 -8.405437e+01
    endloop
  endfacet
  facet normal 6.443063e-01 -7.647671e-01 7.759486e-04
    outer loop
      vertex   3.155580e+01 -3.702547e+01 -8.405437e+01
      vertex   3.084718e+01 -3.761745e+01 -7.910288e+01
      vertex   3.131125e+01 -3.723301e+01 -8.553631e+01
    endloop
  endfacet
  facet normal 6.403329e-01 -7.680975e-01 2.903197e-04
    outer loop
      vertex   3.131125e+01 -3.723301e+01 -8.553631e+01
      vertex   3.084718e+01 -3.761745e+01 -7.910288e+01
      vertex   3.113357e+01 -3.738170e+01 -8.702831e+01
    endloop
  endfacet
  facet normal 6.362980e-01 -7.714434e-01 4.498899e-05
    outer loop
      vertex   3.113357e+01 -3.738170e+01 -8.702831e+01
      vertex   3.084718e+01 -3.761745e+01 -7.910288e+01
      vertex   3.102552e+01 -3.747091e+01 -8.852713e+01
    endloop
  endfacet
  facet normal 6.333663e-01 -7.738522e-01 -4.794421e-05
    outer loop
      vertex   3.102552e+01 -3.747091e+01 -8.852713e+01
      vertex   3.084718e+01 -3.761745e+01 -7.910288e+01
      vertex   3.098987e+01 -3.749999e+01 -9.002953e+01
    endloop
  endfacet
  facet normal 6.299228e-01 -7.766577e-01 -1.230726e-04
    outer loop
      vertex   3.098987e+01 -3.749999e+01 -9.002953e+01
      vertex   3.084718e+01 -3.761745e+01 -7.910288e+01
      vertex   3.006060e+01 -3.824894e+01 -1.200000e+02
    endloop
  endfacet
  facet normal 6.296868e-01 -7.768491e-01 -1.109723e-04
    outer loop
      vertex   3.098987e+01 -3.749999e+01 -9.002953e+01
      vertex   3.006060e+01 -3.824894e+01 -1.200000e+02
      vertex   3.102842e+01 -3.746853e+01 -9.153185e+01
    endloop
  endfacet
  facet normal 6.340104e-01 -7.733244e-01 -3.545822e-04
    outer loop
      vertex   3.102842e+01 -3.746853e+01 -9.153185e+01
      vertex   3.006060e+01 -3.824894e+01 -1.200000e+02
      vertex   3.113925e+01 -3.737698e+01 -9.303045e+01
    endloop
  endfacet
  facet normal 6.414395e-01 -7.671732e-01 -8.505886e-04
    outer loop
      vertex   3.113925e+01 -3.737698e+01 -9.303045e+01
      vertex   3.006060e+01 -3.824894e+01 -1.200000e+02
      vertex   3.232022e+01 -3.635965e+01 -1.200000e+02
    endloop
  endfacet
  facet normal 6.357311e-01 -7.719095e-01 -1.279213e-03
    outer loop
      vertex   3.113925e+01 -3.737698e+01 -9.303045e+01
      vertex   3.232022e+01 -3.635965e+01 -1.200000e+02
      vertex   3.131961e+01 -3.722596e+01 -9.452212e+01
    endloop
  endfacet
  facet normal 6.449719e-01 -7.642060e-01 -6.543526e-04
    outer loop
      vertex   3.131961e+01 -3.722596e+01 -9.452212e+01
      vertex   3.232022e+01 -3.635965e+01 -1.200000e+02
      vertex   3.156673e+01 -3.701613e+01 -9.600360e+01
    endloop
  endfacet
  facet normal 6.519309e-01 -7.582784e-01 -2.736776e-04
    outer loop
      vertex   3.156673e+01 -3.701613e+01 -9.600360e+01
      vertex   3.232022e+01 -3.635965e+01 -1.200000e+02
      vertex   3.187785e+01 -3.674812e+01 -9.747168e+01
    endloop
  endfacet
  facet normal 6.589787e-01 -7.521616e-01 -2.981072e-05
    outer loop
      vertex   3.187785e+01 -3.674812e+01 -9.747168e+01
      vertex   3.232022e+01 -3.635965e+01 -1.200000e+02
      vertex   3.224917e+01 -3.642274e+01 -9.892339e+01
    endloop
  endfacet
  facet normal 6.672938e-01 -7.447946e-01 2.027036e-05
    outer loop
      vertex   3.224917e+01 -3.642274e+01 -9.892339e+01
      vertex   3.232022e+01 -3.635965e+01 -1.200000e+02
      vertex   3.267491e+01 -3.604134e+01 -1.003564e+02
    endloop
  endfacet
  facet normal 6.761387e-01 -7.367743e-01 -2.693997e-04
    outer loop
      vertex   3.267491e+01 -3.604134e+01 -1.003564e+02
      vertex   3.232022e+01 -3.635965e+01 -1.200000e+02
      vertex   3.314944e+01 -3.560535e+01 -1.017682e+02
    endloop
  endfacet
  facet normal 6.866908e-01 -7.269487e-01 -1.155839e-03
    outer loop
      vertex   3.314944e+01 -3.560535e+01 -1.017682e+02
      vertex   3.232022e+01 -3.635965e+01 -1.200000e+02
      vertex   3.446137e+01 -3.433708e+01 -1.200000e+02
    endloop
  endfacet
  facet normal 6.847765e-01 -7.287517e-01 -1.419012e-03
    outer loop
      vertex   3.314944e+01 -3.560535e+01 -1.017682e+02
      vertex   3.446137e+01 -3.433708e+01 -1.200000e+02
      vertex   3.366713e+01 -3.511620e+01 -1.031565e+02
    endloop
  endfacet
  facet normal 6.974723e-01 -7.166117e-01 -2.587958e-04
    outer loop
      vertex   3.366713e+01 -3.511620e+01 -1.031565e+02
      vertex   3.446137e+01 -3.433708e+01 -1.200000e+02
      vertex   3.422235e+01 -3.457531e+01 -1.045189e+02
    endloop
  endfacet
  facet normal 7.097803e-01 -7.044231e-01 1.187965e-04
    outer loop
      vertex   3.422235e+01 -3.457531e+01 -1.045189e+02
      vertex   3.446137e+01 -3.433708e+01 -1.200000e+02
      vertex   3.480940e+01 -3.398402e+01 -1.058534e+02
    endloop
  endfacet
  facet normal 7.215697e-01 -6.923417e-01 -4.727616e-04
    outer loop
      vertex   3.480940e+01 -3.398402e+01 -1.058534e+02
      vertex   3.446137e+01 -3.433708e+01 -1.200000e+02
      vertex   3.542269e+01 -3.334395e+01 -1.071584e+02
    endloop
  endfacet
  facet normal 7.294245e-01 -6.840592e-01 -1.701319e-03
    outer loop
      vertex   3.542269e+01 -3.334395e+01 -1.071584e+02
      vertex   3.446137e+01 -3.433708e+01 -1.200000e+02
      vertex   3.647619e+01 -3.218864e+01 -1.200000e+02
    endloop
  endfacet
  facet normal 7.338988e-01 -6.792583e-01 -9.023367e-04
    outer loop
      vertex   3.542269e+01 -3.334395e+01 -1.071584e+02
      vertex   3.647619e+01 -3.218864e+01 -1.200000e+02
      vertex   3.605682e+01 -3.265712e+01 -1.084321e+02
    endloop
  endfacet
  facet normal 7.479685e-01 -6.637342e-01 2.364295e-04
    outer loop
      vertex   3.605682e+01 -3.265712e+01 -1.084321e+02
      vertex   3.647619e+01 -3.218864e+01 -1.200000e+02
      vertex   3.670641e+01 -3.192552e+01 -1.096723e+02
    endloop
  endfacet
  facet normal 7.608893e-01 -6.488816e-01 -4.299941e-04
    outer loop
      vertex   3.670641e+01 -3.192552e+01 -1.096723e+02
      vertex   3.647619e+01 -3.218864e+01 -1.200000e+02
      vertex   3.736609e+01 -3.115118e+01 -1.108771e+02
    endloop
  endfacet
  facet normal 7.694838e-01 -6.386617e-01 -2.430554e-03
    outer loop
      vertex   3.736609e+01 -3.115118e+01 -1.108771e+02
      vertex   3.647619e+01 -3.218864e+01 -1.200000e+02
      vertex   3.835731e+01 -2.992221e+01 -1.200000e+02
    endloop
  endfacet
  facet normal 7.743005e-01 -6.328170e-01 -1.119851e-03
    outer loop
      vertex   3.736609e+01 -3.115118e+01 -1.108771e+02
      vertex   3.835731e+01 -2.992221e+01 -1.200000e+02
      vertex   3.803051e+01 -3.033614e+01 -1.120444e+02
    endloop
  endfacet
  facet normal 7.891410e-01 -6.142120e-01 4.577975e-04
    outer loop
      vertex   3.803051e+01 -3.033614e+01 -1.120444e+02
      vertex   3.835731e+01 -2.992221e+01 -1.200000e+02
      vertex   3.869505e+01 -2.948318e+01 -1.131724e+02
    endloop
  endfacet
  facet normal 8.015940e-01 -5.978676e-01 -1.209195e-03
    outer loop
      vertex   3.869505e+01 -2.948318e+01 -1.131724e+02
      vertex   3.835731e+01 -2.992221e+01 -1.200000e+02
      vertex   3.935546e+01 -2.859554e+01 -1.142592e+02
    endloop
  endfacet
  facet normal 8.067203e-01 -5.909218e-01 -3.705660e-03
    outer loop
      vertex   3.935546e+01 -2.859554e+01 -1.142592e+02
      vertex   3.835731e+01 -2.992221e+01 -1.200000e+02
      vertex   4.009781e+01 -2.754609e+01 -1.200000e+02
    endloop
  endfacet
  facet normal 8.153909e-01 -5.789106e-01 -3.887323e-04
    outer loop
      vertex   3.935546e+01 -2.859554e+01 -1.142592e+02
      vertex   4.009781e+01 -2.754609e+01 -1.200000e+02
      vertex   4.000748e+01 -2.767646e+01 -1.153030e+02
    endloop
  endfacet
  facet normal 8.290559e-01 -5.591655e-01 4.221367e-04
    outer loop
      vertex   4.000748e+01 -2.767646e+01 -1.153030e+02
      vertex   4.009781e+01 -2.754609e+01 -1.200000e+02
      vertex   4.064688e+01 -2.672920e+01 -1.163021e+02
    endloop
  endfacet
  facet normal 8.409964e-01 -5.410142e-01 -5.360458e-03
    outer loop
      vertex   4.064688e+01 -2.672920e+01 -1.163021e+02
      vertex   4.009781e+01 -2.754609e+01 -1.200000e+02
      vertex   4.169133e+01 -2.506899e+01 -1.200000e+02
    endloop
  endfacet
  facet normal 8.386023e-01 -5.446899e-01 -7.686834e-03
    outer loop
      vertex   4.064688e+01 -2.672920e+01 -1.163021e+02
      vertex   4.169133e+01 -2.506899e+01 -1.200000e+02
      vertex   4.127536e+01 -2.574803e+01 -1.172632e+02
    endloop
  endfacet
  facet normal 8.556382e-01 -5.175718e-01 1.630877e-03
    outer loop
      vertex   4.127536e+01 -2.574803e+01 -1.172632e+02
      vertex   4.169133e+01 -2.506899e+01 -1.200000e+02
      vertex   4.190177e+01 -2.471543e+01 -1.182025e+02
    endloop
  endfacet
  facet normal 8.665565e-01 -4.990681e-01 -3.287077e-03
    outer loop
      vertex   4.190177e+01 -2.471543e+01 -1.182025e+02
      vertex   4.169133e+01 -2.506899e+01 -1.200000e+02
      vertex   4.252214e+01 -2.363224e+01 -1.191163e+02
    endloop
  endfacet
  facet normal 8.719411e-01 -4.889852e-01 -2.474249e-02
    outer loop
      vertex   4.252214e+01 -2.363224e+01 -1.191163e+02
      vertex   4.169133e+01 -2.506899e+01 -1.200000e+02
      vertex   4.313202e+01 -2.250000e+01 -1.200000e+02
    endloop
  endfacet
  facet normal 2.103566e-01 -9.776247e-01 -1.846241e-04
    outer loop
      vertex   8.788983e+00 -4.784741e+01 -1.200000e+02
      vertex   1.166847e+01 -4.722783e+01 -1.200000e+02
      vertex   9.059421e+00 -4.779695e+01 -7.910288e+01
    endloop
  endfacet
  facet normal 2.168019e-01 -9.762156e-01 2.461652e-04
    outer loop
      vertex   9.059421e+00 -4.779695e+01 -7.910288e+01
      vertex   1.166847e+01 -4.722783e+01 -1.200000e+02
      vertex   1.202423e+01 -4.713851e+01 -7.910288e+01
    endloop
  endfacet
  facet normal 2.691342e-01 -9.631027e-01 -2.377149e-04
    outer loop
      vertex   1.166847e+01 -4.722783e+01 -1.200000e+02
      vertex   1.450518e+01 -4.643513e+01 -1.200000e+02
      vertex   1.202423e+01 -4.713851e+01 -7.910288e+01
    endloop
  endfacet
  facet normal 2.772940e-01 -9.607851e-01 2.971433e-04
    outer loop
      vertex   1.202423e+01 -4.713851e+01 -7.910288e+01
      vertex   1.450518e+01 -4.643513e+01 -1.200000e+02
      vertex   1.494218e+01 -4.629636e+01 -7.910288e+01
    endloop
  endfacet
  facet normal 3.269252e-01 -9.450502e-01 -2.865801e-04
    outer loop
      vertex   1.450518e+01 -4.643513e+01 -1.200000e+02
      vertex   1.728872e+01 -4.547221e+01 -1.200000e+02
      vertex   1.494218e+01 -4.629636e+01 -7.910288e+01
    endloop
  endfacet
  facet normal 3.367053e-01 -9.416100e-01 3.438956e-04
    outer loop
      vertex   1.494218e+01 -4.629636e+01 -7.910288e+01
      vertex   1.728872e+01 -4.547221e+01 -1.200000e+02
      vertex   1.780189e+01 -4.527377e+01 -7.910288e+01
    endloop
  endfacet
  facet normal 3.835178e-01 -9.235334e-01 -3.312196e-04
    outer loop
      vertex   1.728872e+01 -4.547221e+01 -1.200000e+02
      vertex   2.000888e+01 -4.434260e+01 -1.200000e+02
      vertex   1.780189e+01 -4.527377e+01 -7.910288e+01
    endloop
  endfacet
  facet normal 3.948044e-01 -9.187651e-01 3.864221e-04
    outer loop
      vertex   1.780189e+01 -4.527377e+01 -7.910288e+01
      vertex   2.000888e+01 -4.434260e+01 -1.200000e+02
      vertex   2.059223e+01 -4.407473e+01 -7.910288e+01
    endloop
  endfacet
  facet normal 4.387045e-01 -8.986313e-01 -3.716330e-04
    outer loop
      vertex   2.000888e+01 -4.434260e+01 -1.200000e+02
      vertex   2.265570e+01 -4.305044e+01 -1.200000e+02
      vertex   2.059223e+01 -4.407473e+01 -7.910288e+01
    endloop
  endfacet
  facet normal 4.513648e-01 -8.923394e-01 4.247225e-04
    outer loop
      vertex   2.059223e+01 -4.407473e+01 -7.910288e+01
      vertex   2.265570e+01 -4.305044e+01 -1.200000e+02
      vertex   2.330230e+01 -4.270391e+01 -7.910288e+01
    endloop
  endfacet
  facet normal 4.922831e-01 -8.704351e-01 -4.078204e-04
    outer loop
      vertex   2.265570e+01 -4.305044e+01 -1.200000e+02
      vertex   2.521946e+01 -4.160048e+01 -1.200000e+02
      vertex   2.330230e+01 -4.270391e+01 -7.910288e+01
    endloop
  endfacet
  facet normal 5.061660e-01 -8.624360e-01 4.587968e-04
    outer loop
      vertex   2.330230e+01 -4.270391e+01 -7.910288e+01
      vertex   2.521946e+01 -4.160048e+01 -1.200000e+02
      vertex   2.592156e+01 -4.116666e+01 -7.910288e+01
    endloop
  endfacet
  facet normal 5.440571e-01 -8.390481e-01 -4.397816e-04
    outer loop
      vertex   2.521946e+01 -4.160048e+01 -1.200000e+02
      vertex   2.769079e+01 -3.999802e+01 -1.200000e+02
      vertex   2.592156e+01 -4.116666e+01 -7.910288e+01
    endloop
  endfacet
  facet normal 5.589944e-01 -8.291713e-01 4.886449e-04
    outer loop
      vertex   2.592156e+01 -4.116666e+01 -7.910288e+01
      vertex   2.769079e+01 -3.999802e+01 -1.200000e+02
      vertex   2.843979e+01 -3.946897e+01 -7.910288e+01
    endloop
  endfacet
  facet normal 5.938368e-01 -8.045854e-01 -4.675165e-04
    outer loop
      vertex   2.769079e+01 -3.999802e+01 -1.200000e+02
      vertex   3.006060e+01 -3.824894e+01 -1.200000e+02
      vertex   2.843979e+01 -3.946897e+01 -7.910288e+01
    endloop
  endfacet
  facet normal 6.096443e-01 -7.926749e-01 5.142665e-04
    outer loop
      vertex   2.843979e+01 -3.946897e+01 -7.910288e+01
      vertex   3.006060e+01 -3.824894e+01 -1.200000e+02
      vertex   3.084718e+01 -3.761745e+01 -7.910288e+01
    endloop
  endfacet
  facet normal 6.576069e-01 -7.533611e-01 5.136354e-04
    outer loop
      vertex   3.186445e+01 -3.675973e+01 -8.258571e+01
      vertex   3.223352e+01 -3.643659e+01 -8.113331e+01
      vertex   3.084718e+01 -3.761745e+01 -3.820575e+01
    endloop
  endfacet
  facet normal 6.579181e-01 -7.530893e-01 5.311645e-04
    outer loop
      vertex   3.084718e+01 -3.761745e+01 -3.820575e+01
      vertex   3.223352e+01 -3.643659e+01 -8.113331e+01
      vertex   3.313435e+01 -3.561932e+01 -3.820575e+01
    endloop
  endfacet
  facet normal 6.665239e-01 -7.454836e-01 2.057774e-04
    outer loop
      vertex   3.313435e+01 -3.561932e+01 -3.820575e+01
      vertex   3.223352e+01 -3.643659e+01 -8.113331e+01
      vertex   3.265723e+01 -3.605736e+01 -7.969956e+01
    endloop
  endfacet
  facet normal 6.761858e-01 -7.367311e-01 2.280817e-06
    outer loop
      vertex   3.313435e+01 -3.561932e+01 -3.820575e+01
      vertex   3.265723e+01 -3.605736e+01 -7.969956e+01
      vertex   3.312995e+01 -3.562349e+01 -7.828684e+01
    endloop
  endfacet
  facet normal 6.863732e-01 -7.272495e-01 1.761027e-07
    outer loop
      vertex   3.312995e+01 -3.562349e+01 -7.828684e+01
      vertex   3.364604e+01 -3.513640e+01 -7.689757e+01
      vertex   3.313435e+01 -3.561932e+01 -3.820575e+01
    endloop
  endfacet
  facet normal 6.970126e-01 -7.170589e-01 2.680721e-04
    outer loop
      vertex   3.313435e+01 -3.561932e+01 -3.820575e+01
      vertex   3.364604e+01 -3.513640e+01 -7.689757e+01
      vertex   3.419990e+01 -3.459752e+01 -7.553413e+01
    endloop
  endfacet
  facet normal 7.036278e-01 -7.105685e-01 6.345695e-04
    outer loop
      vertex   3.313435e+01 -3.561932e+01 -3.820575e+01
      vertex   3.419990e+01 -3.459752e+01 -7.553413e+01
      vertex   3.529238e+01 -3.348237e+01 -3.820575e+01
    endloop
  endfacet
  facet normal 7.087916e-01 -7.054179e-01 3.295731e-04
    outer loop
      vertex   3.529238e+01 -3.348237e+01 -3.820575e+01
      vertex   3.419990e+01 -3.459752e+01 -7.553413e+01
      vertex   3.478581e+01 -3.400818e+01 -7.419852e+01
    endloop
  endfacet
  facet normal 7.216026e-01 -6.923075e-01 -4.225835e-05
    outer loop
      vertex   3.529238e+01 -3.348237e+01 -3.820575e+01
      vertex   3.478581e+01 -3.400818e+01 -7.419852e+01
      vertex   3.539816e+01 -3.336999e+01 -7.289225e+01
    endloop
  endfacet
  facet normal 7.341925e-01 -6.789413e-01 3.944314e-05
    outer loop
      vertex   3.539816e+01 -3.336999e+01 -7.289225e+01
      vertex   3.603158e+01 -3.268496e+01 -7.161733e+01
      vertex   3.529238e+01 -3.348237e+01 -3.820575e+01
    endloop
  endfacet
  facet normal 7.465951e-01 -6.652783e-01 6.399273e-04
    outer loop
      vertex   3.529238e+01 -3.348237e+01 -3.820575e+01
      vertex   3.603158e+01 -3.268496e+01 -7.161733e+01
      vertex   3.731286e+01 -3.121493e+01 -3.820575e+01
    endloop
  endfacet
  facet normal 7.467181e-01 -6.651403e-01 6.291391e-04
    outer loop
      vertex   3.731286e+01 -3.121493e+01 -3.820575e+01
      vertex   3.603158e+01 -3.268496e+01 -7.161733e+01
      vertex   3.668067e+01 -3.195508e+01 -7.037575e+01
    endloop
  endfacet
  facet normal 7.606939e-01 -6.491108e-01 -1.430934e-05
    outer loop
      vertex   3.731286e+01 -3.121493e+01 -3.820575e+01
      vertex   3.668067e+01 -3.195508e+01 -7.037575e+01
      vertex   3.734005e+01 -3.118239e+01 -6.916953e+01
    endloop
  endfacet
  facet normal 7.745288e-01 -6.325386e-01 1.525630e-05
    outer loop
      vertex   3.734005e+01 -3.118239e+01 -6.916953e+01
      vertex   3.800438e+01 -3.036890e+01 -6.800069e+01
      vertex   3.731286e+01 -3.121493e+01 -3.820575e+01
    endloop
  endfacet
  facet normal 7.866527e-01 -6.173953e-01 7.266385e-04
    outer loop
      vertex   3.731286e+01 -3.121493e+01 -3.820575e+01
      vertex   3.800438e+01 -3.036890e+01 -6.800069e+01
      vertex   3.918792e+01 -2.882583e+01 -3.820575e+01
    endloop
  endfacet
  facet normal 7.879332e-01 -6.157605e-01 5.911039e-04
    outer loop
      vertex   3.918792e+01 -2.882583e+01 -3.820575e+01
      vertex   3.800438e+01 -3.036890e+01 -6.800069e+01
      vertex   3.866899e+01 -2.951737e+01 -6.687114e+01
    endloop
  endfacet
  facet normal 8.018383e-01 -5.975411e-01 -1.001498e-04
    outer loop
      vertex   3.918792e+01 -2.882583e+01 -3.820575e+01
      vertex   3.866899e+01 -2.951737e+01 -6.687114e+01
      vertex   3.932964e+01 -2.863102e+01 -6.578269e+01
    endloop
  endfacet
  facet normal 8.150271e-01 -5.794228e-01 9.561948e-05
    outer loop
      vertex   3.932964e+01 -2.863102e+01 -6.578269e+01
      vertex   3.998208e+01 -2.771312e+01 -6.473714e+01
      vertex   3.918792e+01 -2.882583e+01 -3.820575e+01
    endloop
  endfacet
  facet normal 8.236443e-01 -5.671061e-01 8.701083e-04
    outer loop
      vertex   3.918792e+01 -2.882583e+01 -3.820575e+01
      vertex   3.998208e+01 -2.771312e+01 -6.473714e+01
      vertex   4.091025e+01 -2.632438e+01 -3.820575e+01
    endloop
  endfacet
  facet normal 8.281484e-01 -5.605089e-01 3.672184e-04
    outer loop
      vertex   4.091025e+01 -2.632438e+01 -3.820575e+01
      vertex   3.998208e+01 -2.771312e+01 -6.473714e+01
      vertex   4.062205e+01 -2.676691e+01 -6.373631e+01
    endloop
  endfacet
  facet normal 8.416332e-01 -5.400496e-01 -1.396254e-04
    outer loop
      vertex   4.091025e+01 -2.632438e+01 -3.820575e+01
      vertex   4.062205e+01 -2.676691e+01 -6.373631e+01
      vertex   4.125067e+01 -2.578750e+01 -6.277420e+01
    endloop
  endfacet
  facet normal 8.543388e-01 -5.197163e-01 4.807620e-04
    outer loop
      vertex   4.125067e+01 -2.578750e+01 -6.277420e+01
      vertex   4.187716e+01 -2.475677e+01 -6.183410e+01
      vertex   4.091025e+01 -2.632438e+01 -3.820575e+01
    endloop
  endfacet
  facet normal 8.574259e-01 -5.146066e-01 9.460881e-04
    outer loop
      vertex   4.091025e+01 -2.632438e+01 -3.820575e+01
      vertex   4.187716e+01 -2.475677e+01 -6.183410e+01
      vertex   4.247313e+01 -2.372034e+01 -3.820575e+01
    endloop
  endfacet
  facet normal 8.673118e-01 -4.977652e-01 -4.199714e-05
    outer loop
      vertex   4.247313e+01 -2.372034e+01 -3.820575e+01
      vertex   4.187716e+01 -2.475677e+01 -6.183410e+01
      vertex   4.249780e+01 -2.367544e+01 -6.091936e+01
    endloop
  endfacet
  facet normal 8.798747e-01 -4.752057e-01 1.624337e-05
    outer loop
      vertex   4.247313e+01 -2.372034e+01 -3.820575e+01
      vertex   4.249780e+01 -2.367544e+01 -6.091936e+01
      vertex   4.310822e+01 -2.254518e+01 -6.003430e+01
    endloop
  endfacet
  facet normal 8.878657e-01 -4.601015e-01 1.061881e-03
    outer loop
      vertex   4.247313e+01 -2.372034e+01 -3.820575e+01
      vertex   4.310822e+01 -2.254518e+01 -6.003430e+01
      vertex   4.387048e+01 -2.102385e+01 -3.820575e+01
    endloop
  endfacet
  facet normal 8.921797e-01 -4.516804e-01 3.243261e-04
    outer loop
      vertex   4.387048e+01 -2.102385e+01 -3.820575e+01
      vertex   4.310822e+01 -2.254518e+01 -6.003430e+01
      vertex   4.370403e+01 -2.136769e+01 -5.918327e+01
    endloop
  endfacet
  facet normal 9.044841e-01 -4.265073e-01 -1.859127e-04
    outer loop
      vertex   4.387048e+01 -2.102385e+01 -3.820575e+01
      vertex   4.370403e+01 -2.136769e+01 -5.918327e+01
      vertex   4.428088e+01 -2.014473e+01 -5.837047e+01
    endloop
  endfacet
  facet normal 9.161904e-01 -4.007430e-01 -3.769436e-04
    outer loop
      vertex   4.483489e+01 -1.887886e+01 -5.759934e+01
      vertex   4.478540e+01 -1.899709e+01 -5.220575e+01
      vertex   4.428088e+01 -2.014473e+01 -5.837047e+01
    endloop
  endfacet
  facet normal 9.154461e-01 -4.024406e-01 6.131081e-17
    outer loop
      vertex   4.428088e+01 -2.014473e+01 -5.837047e+01
      vertex   4.478540e+01 -1.899709e+01 -5.220575e+01
      vertex   4.478540e+01 -1.899709e+01 -3.920575e+01
    endloop
  endfacet
  facet normal 9.115525e-01 -4.111832e-01 6.260297e-04
    outer loop
      vertex   4.428088e+01 -2.014473e+01 -5.837047e+01
      vertex   4.478540e+01 -1.899709e+01 -3.920575e+01
      vertex   4.387048e+01 -2.102385e+01 -3.820575e+01
    endloop
  endfacet
  facet normal 9.146876e-01 -4.037337e-01 1.859257e-02
    outer loop
      vertex   4.387048e+01 -2.102385e+01 -3.820575e+01
      vertex   4.478540e+01 -1.899709e+01 -3.920575e+01
      vertex   4.509685e+01 -1.824542e+01 -3.820575e+01
    endloop
  endfacet
  facet normal 9.316925e-01 -3.628286e-01 -1.745097e-02
    outer loop
      vertex   4.509685e+01 -1.824542e+01 -3.820575e+01
      vertex   4.478540e+01 -1.899709e+01 -3.920575e+01
      vertex   4.583794e+01 -1.629431e+01 -3.920575e+01
    endloop
  endfacet
  facet normal 9.380649e-01 -3.458596e-01 2.037979e-02
    outer loop
      vertex   4.509685e+01 -1.824542e+01 -3.820575e+01
      vertex   4.583794e+01 -1.629431e+01 -3.920575e+01
      vertex   4.614746e+01 -1.539588e+01 -3.820575e+01
    endloop
  endfacet
  facet normal 9.516318e-01 -3.066499e-01 -1.904661e-02
    outer loop
      vertex   4.614746e+01 -1.539588e+01 -3.820575e+01
      vertex   4.583794e+01 -1.629431e+01 -3.920575e+01
      vertex   4.672754e+01 -1.353361e+01 -3.920575e+01
    endloop
  endfacet
  facet normal 9.577897e-01 -2.866432e-01 2.178348e-02
    outer loop
      vertex   4.614746e+01 -1.539588e+01 -3.820575e+01
      vertex   4.672754e+01 -1.353361e+01 -3.920575e+01
      vertex   4.701822e+01 -1.248634e+01 -3.820575e+01
    endloop
  endfacet
  facet normal 9.681923e-01 -2.493857e-01 -2.025872e-02
    outer loop
      vertex   4.701822e+01 -1.248634e+01 -3.820575e+01
      vertex   4.672754e+01 -1.353361e+01 -3.920575e+01
      vertex   4.745103e+01 -1.072479e+01 -3.920575e+01
    endloop
  endfacet
  facet normal 9.737873e-01 -2.263147e-01 2.280373e-02
    outer loop
      vertex   4.701822e+01 -1.248634e+01 -3.820575e+01
      vertex   4.745103e+01 -1.072479e+01 -3.920575e+01
      vertex   4.770572e+01 -9.528135e+00 -3.820575e+01
    endloop
  endfacet
  facet normal 9.813169e-01 -1.912391e-01 -2.108738e-02
    outer loop
      vertex   4.770572e+01 -9.528135e+00 -3.820575e+01
      vertex   4.745103e+01 -1.072479e+01 -3.920575e+01
      vertex   4.800584e+01 -7.877851e+00 -3.920575e+01
    endloop
  endfacet
  facet normal 9.859969e-01 -1.651082e-01 2.344059e-02
    outer loop
      vertex   4.770572e+01 -9.528135e+00 -3.820575e+01
      vertex   4.800584e+01 -7.877851e+00 -3.920575e+01
      vertex   4.820730e+01 -6.532794e+00 -3.820575e+01
    endloop
  endfacet
  facet normal 9.909604e-01 -1.324157e-01 -2.153264e-02
    outer loop
      vertex   4.820730e+01 -6.532794e+00 -3.820575e+01
      vertex   4.800584e+01 -7.877851e+00 -3.920575e+01
      vertex   4.839000e+01 -5.002907e+00 -3.920575e+01
    endloop
  endfacet
  facet normal 9.943720e-01 -1.032609e-01 2.369412e-02
    outer loop
      vertex   4.820730e+01 -6.532794e+00 -3.820575e+01
      vertex   4.839000e+01 -5.002907e+00 -3.920575e+01
      vertex   4.852100e+01 -3.511992e+00 -3.820575e+01
    endloop
  endfacet
  facet normal 9.961442e-01 -8.773006e-02 3.067582e-04
    outer loop
      vertex   4.852100e+01 -3.511992e+00 -3.820575e+01
      vertex   4.839000e+01 -5.002907e+00 -3.920575e+01
      vertex   4.843469e+01 -4.542941e+00 -5.277686e+01
    endloop
  endfacet
  facet normal 9.969738e-01 -7.773673e-02 -4.052134e-04
    outer loop
      vertex   4.852100e+01 -3.511992e+00 -3.820575e+01
      vertex   4.843469e+01 -4.542941e+00 -5.277686e+01
      vertex   4.855316e+01 -3.024402e+00 -5.262284e+01
    endloop
  endfacet
  facet normal 9.271066e-01 -3.747977e-01 2.919968e-04
    outer loop
      vertex   4.483489e+01 -1.887886e+01 -5.759934e+01
      vertex   4.536257e+01 -1.757301e+01 -5.687298e+01
      vertex   4.478540e+01 -1.899709e+01 -5.220575e+01
    endloop
  endfacet
  facet normal 9.318249e-01 -3.628801e-01 4.511812e-03
    outer loop
      vertex   4.478540e+01 -1.899709e+01 -5.220575e+01
      vertex   4.536257e+01 -1.757301e+01 -5.687298e+01
      vertex   4.583794e+01 -1.629431e+01 -5.220575e+01
    endloop
  endfacet
  facet normal 9.376851e-01 -3.474861e-01 -3.026419e-04
    outer loop
      vertex   4.583794e+01 -1.629431e+01 -5.220575e+01
      vertex   4.536257e+01 -1.757301e+01 -5.687298e+01
      vertex   4.586043e+01 -1.623016e+01 -5.619451e+01
    endloop
  endfacet
  facet normal 9.475013e-01 -3.197520e-01 1.987604e-04
    outer loop
      vertex   4.583794e+01 -1.629431e+01 -5.220575e+01
      vertex   4.586043e+01 -1.623016e+01 -5.619451e+01
      vertex   4.632496e+01 -1.485324e+01 -5.556701e+01
    endloop
  endfacet
  facet normal 9.517849e-01 -3.066992e-01 6.415555e-03
    outer loop
      vertex   4.583794e+01 -1.629431e+01 -5.220575e+01
      vertex   4.632496e+01 -1.485324e+01 -5.556701e+01
      vertex   4.672754e+01 -1.353361e+01 -5.220575e+01
    endloop
  endfacet
  facet normal 9.568617e-01 -2.905432e-01 -5.353480e-04
    outer loop
      vertex   4.672754e+01 -1.353361e+01 -5.220575e+01
      vertex   4.632496e+01 -1.485324e+01 -5.556701e+01
      vertex   4.675293e+01 -1.344485e+01 -5.499329e+01
    endloop
  endfacet
  facet normal 9.651862e-01 -2.615633e-01 4.632008e-04
    outer loop
      vertex   4.672754e+01 -1.353361e+01 -5.220575e+01
      vertex   4.675293e+01 -1.344485e+01 -5.499329e+01
      vertex   4.714205e+01 -1.200805e+01 -5.447516e+01
    endloop
  endfacet
  facet normal 9.683501e-01 -2.494264e-01 9.199889e-03
    outer loop
      vertex   4.672754e+01 -1.353361e+01 -5.220575e+01
      vertex   4.714205e+01 -1.200805e+01 -5.447516e+01
      vertex   4.745103e+01 -1.072479e+01 -5.220575e+01
    endloop
  endfacet
  facet normal 9.728737e-01 -2.313312e-01 -1.648038e-03
    outer loop
      vertex   4.745103e+01 -1.072479e+01 -5.220575e+01
      vertex   4.714205e+01 -1.200805e+01 -5.447516e+01
      vertex   4.749025e+01 -1.054694e+01 -5.401436e+01
    endloop
  endfacet
  facet normal 9.793515e-01 -2.021602e-01 1.360948e-03
    outer loop
      vertex   4.745103e+01 -1.072479e+01 -5.220575e+01
      vertex   4.749025e+01 -1.054694e+01 -5.401436e+01
      vertex   4.779546e+01 -9.065672e+00 -5.361262e+01
    endloop
  endfacet
  facet normal 9.814288e-01 -1.912609e-01 1.472307e-02
    outer loop
      vertex   4.745103e+01 -1.072479e+01 -5.220575e+01
      vertex   4.779546e+01 -9.065672e+00 -5.361262e+01
      vertex   4.800584e+01 -7.877851e+00 -5.220575e+01
    endloop
  endfacet
  facet normal 9.853680e-01 -1.704047e-01 -3.474930e-03
    outer loop
      vertex   4.800584e+01 -7.877851e+00 -5.220575e+01
      vertex   4.779546e+01 -9.065672e+00 -5.361262e+01
      vertex   4.805560e+01 -7.568358e+00 -5.327168e+01
    endloop
  endfacet
  facet normal 9.900144e-01 -1.408658e-01 5.318686e-03
    outer loop
      vertex   4.800584e+01 -7.877851e+00 -5.220575e+01
      vertex   4.805560e+01 -7.568358e+00 -5.327168e+01
      vertex   4.826884e+01 -6.059215e+00 -5.299304e+01
    endloop
  endfacet
  facet normal 9.908766e-01 -1.324045e-01 2.515250e-02
    outer loop
      vertex   4.800584e+01 -7.877851e+00 -5.220575e+01
      vertex   4.826884e+01 -6.059215e+00 -5.299304e+01
      vertex   4.839000e+01 -5.002907e+00 -5.220575e+01
    endloop
  endfacet
  facet normal 9.941673e-01 -1.074911e-01 -8.780602e-03
    outer loop
      vertex   4.839000e+01 -5.002907e+00 -5.220575e+01
      vertex   4.826884e+01 -6.059215e+00 -5.299304e+01
      vertex   4.843469e+01 -4.542941e+00 -5.277686e+01
    endloop
  endfacet
  facet normal 9.953136e-01 -9.670013e-02 -9.910034e-17
    outer loop
      vertex   4.839000e+01 -5.002907e+00 -5.220575e+01
      vertex   4.843469e+01 -4.542941e+00 -5.277686e+01
      vertex   4.839000e+01 -5.002907e+00 -3.920575e+01
    endloop
  endfacet
  facet normal 9.989005e-01 -4.687697e-02 6.427703e-04
    outer loop
      vertex   4.855316e+01 -3.024402e+00 -5.262284e+01
      vertex   4.862424e+01 -1.508466e+00 -5.253066e+01
      vertex   4.852100e+01 -3.511992e+00 -3.820575e+01
    endloop
  endfacet
  facet normal 9.991571e-01 -4.102370e-02 1.463277e-03
    outer loop
      vertex   4.852100e+01 -3.511992e+00 -3.820575e+01
      vertex   4.862424e+01 -1.508466e+00 -5.253066e+01
      vertex   4.864559e+01 -4.775030e-01 -3.820575e+01
    endloop
  endfacet
  facet normal 9.998767e-01 -1.569817e-02 -3.604733e-04
    outer loop
      vertex   4.864559e+01 -4.775030e-01 -3.820575e+01
      vertex   4.862424e+01 -1.508466e+00 -5.253066e+01
      vertex   4.864793e+01 -3.492577e-14 -5.250000e+01
    endloop
  endfacet
  facet normal 9.998762e-01 1.571949e-02 6.890418e-04
    outer loop
      vertex   4.864559e+01 -4.775030e-01 -3.820575e+01
      vertex   4.864793e+01 -3.492577e-14 -5.250000e+01
      vertex   4.862424e+01 1.508466e+00 -5.253066e+01
    endloop
  endfacet
  facet normal 9.997699e-01 2.140231e-02 1.477052e-03
    outer loop
      vertex   4.864559e+01 -4.775030e-01 -3.820575e+01
      vertex   4.862424e+01 1.508466e+00 -5.253066e+01
      vertex   4.858059e+01 2.558847e+00 -3.820575e+01
    endloop
  endfacet
  facet normal 9.989035e-01 4.681437e-02 -3.889399e-04
    outer loop
      vertex   4.858059e+01 2.558847e+00 -3.820575e+01
      vertex   4.862424e+01 1.508466e+00 -5.253066e+01
      vertex   4.855316e+01 3.024402e+00 -5.262284e+01
    endloop
  endfacet
  facet normal 9.977114e-01 6.761568e-02 2.850419e-04
    outer loop
      vertex   4.858059e+01 2.558847e+00 -3.820575e+01
      vertex   4.855316e+01 3.024402e+00 -5.262284e+01
      vertex   4.848321e+01 4.000000e+00 -3.920575e+01
    endloop
  endfacet
  facet normal 9.974394e-01 7.151627e-02 -4.718804e-16
    outer loop
      vertex   4.848321e+01 4.000000e+00 -3.920575e+01
      vertex   4.855316e+01 3.024402e+00 -5.262284e+01
      vertex   4.848321e+01 4.000000e+00 -5.220575e+01
    endloop
  endfacet
  facet normal 9.969930e-01 7.657222e-02 -1.190109e-02
    outer loop
      vertex   4.848321e+01 4.000000e+00 -5.220575e+01
      vertex   4.855316e+01 3.024402e+00 -5.262284e+01
      vertex   4.843469e+01 4.542941e+00 -5.277686e+01
    endloop
  endfacet
  facet normal 9.934913e-01 1.117876e-01 2.187485e-02
    outer loop
      vertex   4.848321e+01 4.000000e+00 -5.220575e+01
      vertex   4.843469e+01 4.542941e+00 -5.277686e+01
      vertex   4.826884e+01 6.059215e+00 -5.299304e+01
    endloop
  endfacet
  facet normal 9.935019e-01 1.117260e-01 2.171067e-02
    outer loop
      vertex   4.848321e+01 4.000000e+00 -5.220575e+01
      vertex   4.826884e+01 6.059215e+00 -5.299304e+01
      vertex   4.816065e+01 6.868251e+00 -5.220575e+01
    endloop
  endfacet
  facet normal 9.903091e-01 1.387295e-01 -6.477653e-03
    outer loop
      vertex   4.816065e+01 6.868251e+00 -5.220575e+01
      vertex   4.826884e+01 6.059215e+00 -5.299304e+01
      vertex   4.805560e+01 7.568358e+00 -5.327168e+01
    endloop
  endfacet
  facet normal 9.852507e-01 1.704702e-01 1.486845e-02
    outer loop
      vertex   4.816065e+01 6.868251e+00 -5.220575e+01
      vertex   4.805560e+01 7.568358e+00 -5.327168e+01
      vertex   4.766856e+01 9.712324e+00 -5.220575e+01
    endloop
  endfacet
  facet normal 9.848427e-01 1.732043e-01 9.220884e-03
    outer loop
      vertex   4.766856e+01 9.712324e+00 -5.220575e+01
      vertex   4.805560e+01 7.568358e+00 -5.327168e+01
      vertex   4.779546e+01 9.065672e+00 -5.361262e+01
    endloop
  endfacet
  facet normal 9.796278e-01 2.007833e-01 -3.925907e-03
    outer loop
      vertex   4.766856e+01 9.712324e+00 -5.220575e+01
      vertex   4.779546e+01 9.065672e+00 -5.361262e+01
      vertex   4.749025e+01 1.054694e+01 -5.401436e+01
    endloop
  endfacet
  facet normal 9.734703e-01 2.286152e-01 9.524809e-03
    outer loop
      vertex   4.766856e+01 9.712324e+00 -5.220575e+01
      vertex   4.749025e+01 1.054694e+01 -5.401436e+01
      vertex   4.700868e+01 1.252221e+01 -5.220575e+01
    endloop
  endfacet
  facet normal 9.724395e-01 2.331150e-01 4.335908e-03
    outer loop
      vertex   4.700868e+01 1.252221e+01 -5.220575e+01
      vertex   4.749025e+01 1.054694e+01 -5.401436e+01
      vertex   4.714205e+01 1.200805e+01 -5.447516e+01
    endloop
  endfacet
  facet normal 9.654357e-01 2.606309e-01 -2.309790e-03
    outer loop
      vertex   4.700868e+01 1.252221e+01 -5.220575e+01
      vertex   4.714205e+01 1.200805e+01 -5.447516e+01
      vertex   4.675293e+01 1.344485e+01 -5.499329e+01
    endloop
  endfacet
  facet normal 9.582206e-01 2.859509e-01 6.732759e-03
    outer loop
      vertex   4.700868e+01 1.252221e+01 -5.220575e+01
      vertex   4.675293e+01 1.344485e+01 -5.499329e+01
      vertex   4.618331e+01 1.528801e+01 -5.220575e+01
    endloop
  endfacet
  facet normal 9.565053e-01 2.917034e-01 2.578555e-03
    outer loop
      vertex   4.618331e+01 1.528801e+01 -5.220575e+01
      vertex   4.675293e+01 1.344485e+01 -5.499329e+01
      vertex   4.632496e+01 1.485324e+01 -5.556701e+01
    endloop
  endfacet
  facet normal 9.477125e-01 3.191226e-01 -1.338646e-03
    outer loop
      vertex   4.618331e+01 1.528801e+01 -5.220575e+01
      vertex   4.632496e+01 1.485324e+01 -5.556701e+01
      vertex   4.586043e+01 1.623016e+01 -5.619451e+01
    endloop
  endfacet
  facet normal 9.395863e-01 3.422786e-01 4.788591e-03
    outer loop
      vertex   4.618331e+01 1.528801e+01 -5.220575e+01
      vertex   4.586043e+01 1.623016e+01 -5.619451e+01
      vertex   4.519537e+01 1.800000e+01 -5.220575e+01
    endloop
  endfacet
  facet normal 9.373521e-01 3.483791e-01 1.709199e-03
    outer loop
      vertex   4.519537e+01 1.800000e+01 -5.220575e+01
      vertex   4.586043e+01 1.623016e+01 -5.619451e+01
      vertex   4.536257e+01 1.757301e+01 -5.687298e+01
    endloop
  endfacet
  facet normal 9.273574e-01 3.741755e-01 -1.008866e-03
    outer loop
      vertex   4.519537e+01 1.800000e+01 -5.220575e+01
      vertex   4.536257e+01 1.757301e+01 -5.687298e+01
      vertex   4.483489e+01 1.887886e+01 -5.759934e+01
    endloop
  endfacet
  facet normal 9.161054e-01 4.009376e-01 3.521700e-06
    outer loop
      vertex   4.428088e+01 2.014473e+01 -5.837047e+01
      vertex   4.427473e+01 2.015862e+01 -3.820575e+01
      vertex   4.483489e+01 1.887886e+01 -5.759934e+01
    endloop
  endfacet
  facet normal 9.199520e-01 3.920303e-01 7.024115e-04
    outer loop
      vertex   4.483489e+01 1.887886e+01 -5.759934e+01
      vertex   4.427473e+01 2.015862e+01 -3.820575e+01
      vertex   4.519537e+01 1.800000e+01 -3.920575e+01
    endloop
  endfacet
  facet normal 9.251992e-01 3.794817e-01 -8.990501e-17
    outer loop
      vertex   4.483489e+01 1.887886e+01 -5.759934e+01
      vertex   4.519537e+01 1.800000e+01 -3.920575e+01
      vertex   4.519537e+01 1.800000e+01 -5.220575e+01
    endloop
  endfacet
  facet normal 9.044410e-01 4.265988e-01 -1.771190e-05
    outer loop
      vertex   4.428088e+01 2.014473e+01 -5.837047e+01
      vertex   4.370403e+01 2.136769e+01 -5.918327e+01
      vertex   4.427473e+01 2.015862e+01 -3.820575e+01
    endloop
  endfacet
  facet normal 8.967263e-01 4.425840e-01 1.113499e-03
    outer loop
      vertex   4.427473e+01 2.015862e+01 -3.820575e+01
      vertex   4.370403e+01 2.136769e+01 -5.918327e+01
      vertex   4.293058e+01 2.288202e+01 -3.820575e+01
    endloop
  endfacet
  facet normal 8.921895e-01 4.516612e-01 2.909527e-04
    outer loop
      vertex   4.293058e+01 2.288202e+01 -3.820575e+01
      vertex   4.370403e+01 2.136769e+01 -5.918327e+01
      vertex   4.310822e+01 2.254518e+01 -6.003430e+01
    endloop
  endfacet
  facet normal 8.799358e-01 4.750926e-01 -1.703397e-04
    outer loop
      vertex   4.293058e+01 2.288202e+01 -3.820575e+01
      vertex   4.310822e+01 2.254518e+01 -6.003430e+01
      vertex   4.249780e+01 2.367544e+01 -6.091936e+01
    endloop
  endfacet
  facet normal 8.673625e-01 4.976762e-01 8.581064e-04
    outer loop
      vertex   4.293058e+01 2.288202e+01 -3.820575e+01
      vertex   4.249780e+01 2.367544e+01 -6.091936e+01
      vertex   4.141911e+01 2.551624e+01 -3.820575e+01
    endloop
  endfacet
  facet normal 8.670072e-01 4.982950e-01 7.910820e-04
    outer loop
      vertex   4.141911e+01 2.551624e+01 -3.820575e+01
      vertex   4.249780e+01 2.367544e+01 -6.091936e+01
      vertex   4.187716e+01 2.475677e+01 -6.183410e+01
    endloop
  endfacet
  facet normal 8.545843e-01 5.193127e-01 -1.252972e-04
    outer loop
      vertex   4.141911e+01 2.551624e+01 -3.820575e+01
      vertex   4.187716e+01 2.475677e+01 -6.183410e+01
      vertex   4.125067e+01 2.578750e+01 -6.277420e+01
    endloop
  endfacet
  facet normal 8.414833e-01 5.402831e-01 1.960527e-04
    outer loop
      vertex   4.125067e+01 2.578750e+01 -6.277420e+01
      vertex   4.062205e+01 2.676691e+01 -6.373631e+01
      vertex   4.141911e+01 2.551624e+01 -3.820575e+01
    endloop
  endfacet
  facet normal 8.346179e-01 5.508286e-01 9.269841e-04
    outer loop
      vertex   4.141911e+01 2.551624e+01 -3.820575e+01
      vertex   4.062205e+01 2.676691e+01 -6.373631e+01
      vertex   3.974622e+01 2.805101e+01 -3.820575e+01
    endloop
  endfacet
  facet normal 8.282179e-01 5.604062e-01 2.257094e-04
    outer loop
      vertex   3.974622e+01 2.805101e+01 -3.820575e+01
      vertex   4.062205e+01 2.676691e+01 -6.373631e+01
      vertex   3.998208e+01 2.771312e+01 -6.473714e+01
    endloop
  endfacet
  facet normal 8.151487e-01 5.792517e-01 -1.304803e-04
    outer loop
      vertex   3.974622e+01 2.805101e+01 -3.820575e+01
      vertex   3.998208e+01 2.771312e+01 -6.473714e+01
      vertex   3.932964e+01 2.863102e+01 -6.578269e+01
    endloop
  endfacet
  facet normal 8.015028e-01 5.979909e-01 4.697865e-04
    outer loop
      vertex   3.932964e+01 2.863102e+01 -6.578269e+01
      vertex   3.866899e+01 2.951737e+01 -6.687114e+01
      vertex   3.974622e+01 2.805101e+01 -3.820575e+01
    endloop
  endfacet
  facet normal 7.986206e-01 6.018343e-01 7.747049e-04
    outer loop
      vertex   3.974622e+01 2.805101e+01 -3.820575e+01
      vertex   3.866899e+01 2.951737e+01 -6.687114e+01
      vertex   3.791842e+01 3.047646e+01 -3.820575e+01
    endloop
  endfacet
  facet normal 7.882798e-01 6.153170e-01 5.283487e-05
    outer loop
      vertex   3.791842e+01 3.047646e+01 -3.820575e+01
      vertex   3.866899e+01 2.951737e+01 -6.687114e+01
      vertex   3.800438e+01 3.036890e+01 -6.800069e+01
    endloop
  endfacet
  facet normal 7.745738e-01 6.324835e-01 -4.868043e-05
    outer loop
      vertex   3.791842e+01 3.047646e+01 -3.820575e+01
      vertex   3.800438e+01 3.036890e+01 -6.800069e+01
      vertex   3.734005e+01 3.118239e+01 -6.916953e+01
    endloop
  endfacet
  facet normal 7.595107e-01 6.504945e-01 6.433028e-04
    outer loop
      vertex   3.791842e+01 3.047646e+01 -3.820575e+01
      vertex   3.734005e+01 3.118239e+01 -6.916953e+01
      vertex   3.594284e+01 3.278313e+01 -3.820575e+01
    endloop
  endfacet
  facet normal 7.601357e-01 6.497640e-01 7.092710e-04
    outer loop
      vertex   3.594284e+01 3.278313e+01 -3.820575e+01
      vertex   3.734005e+01 3.118239e+01 -6.916953e+01
      vertex   3.668067e+01 3.195508e+01 -7.037575e+01
    endloop
  endfacet
  facet normal 7.472230e-01 6.645734e-01 3.192135e-05
    outer loop
      vertex   3.594284e+01 3.278313e+01 -3.820575e+01
      vertex   3.668067e+01 3.195508e+01 -7.037575e+01
      vertex   3.603158e+01 3.268496e+01 -7.161733e+01
    endloop
  endfacet
  facet normal 7.342704e-01 6.788571e-01 -4.445190e-05
    outer loop
      vertex   3.603158e+01 3.268496e+01 -7.161733e+01
      vertex   3.539816e+01 3.336999e+01 -7.289225e+01
      vertex   3.594284e+01 3.278313e+01 -3.820575e+01
    endloop
  endfacet
  facet normal 7.211533e-01 6.927754e-01 3.970055e-04
    outer loop
      vertex   3.594284e+01 3.278313e+01 -3.820575e+01
      vertex   3.539816e+01 3.336999e+01 -7.289225e+01
      vertex   3.478581e+01 3.400818e+01 -7.419852e+01
    endloop
  endfacet
  facet normal 7.174407e-01 6.966193e-01 6.471823e-04
    outer loop
      vertex   3.594284e+01 3.278313e+01 -3.820575e+01
      vertex   3.478581e+01 3.400818e+01 -7.419852e+01
      vertex   3.382717e+01 3.496203e+01 -3.820575e+01
    endloop
  endfacet
  facet normal 7.089476e-01 7.052611e-01 1.919593e-04
    outer loop
      vertex   3.382717e+01 3.496203e+01 -3.820575e+01
      vertex   3.478581e+01 3.400818e+01 -7.419852e+01
      vertex   3.419990e+01 3.459752e+01 -7.553413e+01
    endloop
  endfacet
  facet normal 6.973959e-01 7.166861e-01 -3.495116e-05
    outer loop
      vertex   3.382717e+01 3.496203e+01 -3.820575e+01
      vertex   3.419990e+01 3.459752e+01 -7.553413e+01
      vertex   3.364604e+01 3.513640e+01 -7.689757e+01
    endloop
  endfacet
  facet normal 6.862808e-01 7.273367e-01 6.507909e-05
    outer loop
      vertex   3.364604e+01 3.513640e+01 -7.689757e+01
      vertex   3.312995e+01 3.562349e+01 -7.828684e+01
      vertex   3.382717e+01 3.496203e+01 -3.820575e+01
    endloop
  endfacet
  facet normal 6.725745e-01 7.400292e-01 5.129705e-04
    outer loop
      vertex   3.382717e+01 3.496203e+01 -3.820575e+01
      vertex   3.312995e+01 3.562349e+01 -7.828684e+01
      vertex   3.157967e+01 3.700467e+01 -3.820575e+01
    endloop
  endfacet
  facet normal 6.750725e-01 7.377511e-01 6.880899e-04
    outer loop
      vertex   3.157967e+01 3.700467e+01 -3.820575e+01
      vertex   3.312995e+01 3.562349e+01 -7.828684e+01
      vertex   3.265723e+01 3.605736e+01 -7.969956e+01
    endloop
  endfacet
  facet normal 6.663790e-01 7.456131e-01 2.828367e-04
    outer loop
      vertex   3.157967e+01 3.700467e+01 -3.820575e+01
      vertex   3.265723e+01 3.605736e+01 -7.969956e+01
      vertex   3.223352e+01 3.643659e+01 -8.113331e+01
    endloop
  endfacet
  facet normal 6.558619e-01 7.548809e-01 -7.417787e-17
    outer loop
      vertex   3.157967e+01 3.700467e+01 -3.820575e+01
      vertex   3.223352e+01 3.643659e+01 -8.113331e+01
      vertex   3.157967e+01 3.700467e+01 -7.910288e+01
    endloop
  endfacet
  facet normal 6.571400e-01 7.537682e-01 7.228655e-04
    outer loop
      vertex   3.157967e+01 3.700467e+01 -7.910288e+01
      vertex   3.223352e+01 3.643659e+01 -8.113331e+01
      vertex   3.186445e+01 3.675973e+01 -8.258571e+01
    endloop
  endfacet
  facet normal 6.523497e-01 7.579181e-01 3.932770e-05
    outer loop
      vertex   3.157967e+01 3.700467e+01 -7.910288e+01
      vertex   3.186445e+01 3.675973e+01 -8.258571e+01
      vertex   3.155580e+01 3.702547e+01 -8.405437e+01
    endloop
  endfacet
  facet normal 6.467394e-01 7.627111e-01 8.650872e-05
    outer loop
      vertex   3.155580e+01 3.702547e+01 -8.405437e+01
      vertex   3.131125e+01 3.723301e+01 -8.553631e+01
      vertex   3.157967e+01 3.700467e+01 -7.910288e+01
    endloop
  endfacet
  facet normal 6.383847e-01 7.697172e-01 6.837515e-04
    outer loop
      vertex   3.157967e+01 3.700467e+01 -7.910288e+01
      vertex   3.131125e+01 3.723301e+01 -8.553631e+01
      vertex   3.113357e+01 3.738170e+01 -8.702831e+01
    endloop
  endfacet
  facet normal 6.250860e-01 7.805535e-01 1.947807e-03
    outer loop
      vertex   3.157967e+01 3.700467e+01 -7.910288e+01
      vertex   3.113357e+01 3.738170e+01 -8.702831e+01
      vertex   2.920909e+01 3.890309e+01 -7.910288e+01
    endloop
  endfacet
  facet normal 6.240160e-01 7.814101e-01 1.523573e-03
    outer loop
      vertex   2.920909e+01 3.890309e+01 -7.910288e+01
      vertex   3.113357e+01 3.738170e+01 -8.702831e+01
      vertex   3.102552e+01 3.747091e+01 -8.852713e+01
    endloop
  endfacet
  facet normal 6.206045e-01 7.841236e-01 4.536706e-04
    outer loop
      vertex   2.920909e+01 3.890309e+01 -7.910288e+01
      vertex   3.102552e+01 3.747091e+01 -8.852713e+01
      vertex   3.098987e+01 3.749999e+01 -9.002953e+01
    endloop
  endfacet
  facet normal 6.190030e-01 7.853886e-01 3.021818e-05
    outer loop
      vertex   2.920909e+01 3.890309e+01 -7.910288e+01
      vertex   3.098987e+01 3.749999e+01 -9.002953e+01
      vertex   2.925224e+01 3.887065e+01 -1.200000e+02
    endloop
  endfacet
  facet normal 6.233559e-01 7.819382e-01 -3.799536e-04
    outer loop
      vertex   2.925224e+01 3.887065e+01 -1.200000e+02
      vertex   3.098987e+01 3.749999e+01 -9.002953e+01
      vertex   3.102842e+01 3.746853e+01 -9.153185e+01
    endloop
  endfacet
  facet normal 6.290844e-01 7.773364e-01 -9.640116e-04
    outer loop
      vertex   2.925224e+01 3.887065e+01 -1.200000e+02
      vertex   3.102842e+01 3.746853e+01 -9.153185e+01
      vertex   3.113925e+01 3.737698e+01 -9.303045e+01
    endloop
  endfacet
  facet normal 6.263854e-01 7.795132e-01 -6.546113e-04
    outer loop
      vertex   2.925224e+01 3.887065e+01 -1.200000e+02
      vertex   3.113925e+01 3.737698e+01 -9.303045e+01
      vertex   3.166172e+01 3.693449e+01 -1.200000e+02
    endloop
  endfacet
  facet normal 6.411438e-01 7.674207e-01 -1.703038e-04
    outer loop
      vertex   3.166172e+01 3.693449e+01 -1.200000e+02
      vertex   3.113925e+01 3.737698e+01 -9.303045e+01
      vertex   3.131961e+01 3.722596e+01 -9.452212e+01
    endloop
  endfacet
  facet normal 6.471431e-01 7.623686e-01 -3.195150e-05
    outer loop
      vertex   3.166172e+01 3.693449e+01 -1.200000e+02
      vertex   3.131961e+01 3.722596e+01 -9.452212e+01
      vertex   3.156673e+01 3.701613e+01 -9.600360e+01
    endloop
  endfacet
  facet normal 6.526891e-01 7.576258e-01 6.136448e-06
    outer loop
      vertex   3.156673e+01 3.701613e+01 -9.600360e+01
      vertex   3.187785e+01 3.674812e+01 -9.747168e+01
      vertex   3.166172e+01 3.693449e+01 -1.200000e+02
    endloop
  endfacet
  facet normal 6.588303e-01 7.522916e-01 -9.691021e-05
    outer loop
      vertex   3.166172e+01 3.693449e+01 -1.200000e+02
      vertex   3.187785e+01 3.674812e+01 -9.747168e+01
      vertex   3.224917e+01 3.642274e+01 -9.892339e+01
    endloop
  endfacet
  facet normal 6.663788e-01 7.456132e-01 -4.694600e-04
    outer loop
      vertex   3.166172e+01 3.693449e+01 -1.200000e+02
      vertex   3.224917e+01 3.642274e+01 -9.892339e+01
      vertex   3.267491e+01 3.604134e+01 -1.003564e+02
    endloop
  endfacet
  facet normal 6.745860e-01 7.381952e-01 -1.230061e-03
    outer loop
      vertex   3.267491e+01 3.604134e+01 -1.003564e+02
      vertex   3.314944e+01 3.560535e+01 -1.017682e+02
      vertex   3.166172e+01 3.693449e+01 -1.200000e+02
    endloop
  endfacet
  facet normal 6.746246e-01 7.381600e-01 -1.235771e-03
    outer loop
      vertex   3.166172e+01 3.693449e+01 -1.200000e+02
      vertex   3.314944e+01 3.560535e+01 -1.017682e+02
      vertex   3.394338e+01 3.484922e+01 -1.200000e+02
    endloop
  endfacet
  facet normal 6.864096e-01 7.272151e-01 -2.686567e-04
    outer loop
      vertex   3.394338e+01 3.484922e+01 -1.200000e+02
      vertex   3.314944e+01 3.560535e+01 -1.017682e+02
      vertex   3.366713e+01 3.511620e+01 -1.031565e+02
    endloop
  endfacet
  facet normal 6.979179e-01 7.161778e-01 9.503521e-05
    outer loop
      vertex   3.394338e+01 3.484922e+01 -1.200000e+02
      vertex   3.366713e+01 3.511620e+01 -1.031565e+02
      vertex   3.422235e+01 3.457531e+01 -1.045189e+02
    endloop
  endfacet
  facet normal 7.092970e-01 7.049097e-01 -3.093895e-04
    outer loop
      vertex   3.422235e+01 3.457531e+01 -1.045189e+02
      vertex   3.480940e+01 3.398402e+01 -1.058534e+02
      vertex   3.394338e+01 3.484922e+01 -1.200000e+02
    endloop
  endfacet
  facet normal 7.203411e-01 6.936180e-01 -1.676078e-03
    outer loop
      vertex   3.394338e+01 3.484922e+01 -1.200000e+02
      vertex   3.480940e+01 3.398402e+01 -1.058534e+02
      vertex   3.542269e+01 3.334395e+01 -1.071584e+02
    endloop
  endfacet
  facet normal 7.201401e-01 6.938268e-01 -1.628456e-03
    outer loop
      vertex   3.394338e+01 3.484922e+01 -1.200000e+02
      vertex   3.542269e+01 3.334395e+01 -1.071584e+02
      vertex   3.608800e+01 3.262326e+01 -1.200000e+02
    endloop
  endfacet
  facet normal 7.347293e-01 6.783604e-01 -4.599783e-06
    outer loop
      vertex   3.608800e+01 3.262326e+01 -1.200000e+02
      vertex   3.542269e+01 3.334395e+01 -1.071584e+02
      vertex   3.605682e+01 3.265712e+01 -1.084321e+02
    endloop
  endfacet
  facet normal 7.478311e-01 6.638891e-01 7.306372e-05
    outer loop
      vertex   3.608800e+01 3.262326e+01 -1.200000e+02
      vertex   3.605682e+01 3.265712e+01 -1.084321e+02
      vertex   3.670641e+01 3.192552e+01 -1.096723e+02
    endloop
  endfacet
  facet normal 7.599901e-01 6.499327e-01 -1.597908e-03
    outer loop
      vertex   3.670641e+01 3.192552e+01 -1.096723e+02
      vertex   3.736609e+01 3.115118e+01 -1.108771e+02
      vertex   3.608800e+01 3.262326e+01 -1.200000e+02
    endloop
  endfacet
  facet normal 7.627474e-01 6.466917e-01 -2.507159e-03
    outer loop
      vertex   3.608800e+01 3.262326e+01 -1.200000e+02
      vertex   3.736609e+01 3.115118e+01 -1.108771e+02
      vertex   3.808693e+01 3.026560e+01 -1.200000e+02
    endloop
  endfacet
  facet normal 7.750123e-01 6.319461e-01 -1.066526e-04
    outer loop
      vertex   3.808693e+01 3.026560e+01 -1.200000e+02
      vertex   3.736609e+01 3.115118e+01 -1.108771e+02
      vertex   3.803051e+01 3.033614e+01 -1.120444e+02
    endloop
  endfacet
  facet normal 7.889419e-01 6.144677e-01 1.471173e-04
    outer loop
      vertex   3.808693e+01 3.026560e+01 -1.200000e+02
      vertex   3.803051e+01 3.033614e+01 -1.120444e+02
      vertex   3.869505e+01 2.948318e+01 -1.131724e+02
    endloop
  endfacet
  facet normal 8.007309e-01 5.990182e-01 -2.673372e-03
    outer loop
      vertex   3.869505e+01 2.948318e+01 -1.131724e+02
      vertex   3.935546e+01 2.859554e+01 -1.142592e+02
      vertex   3.808693e+01 3.026560e+01 -1.200000e+02
    endloop
  endfacet
  facet normal 8.022739e-01 5.969451e-01 -3.617395e-03
    outer loop
      vertex   3.808693e+01 3.026560e+01 -1.200000e+02
      vertex   3.935546e+01 2.859554e+01 -1.142592e+02
      vertex   3.993211e+01 2.778575e+01 -1.200000e+02
    endloop
  endfacet
  facet normal 8.157949e-01 5.783412e-01 3.649879e-04
    outer loop
      vertex   3.993211e+01 2.778575e+01 -1.200000e+02
      vertex   3.935546e+01 2.859554e+01 -1.142592e+02
      vertex   4.000748e+01 2.767646e+01 -1.153030e+02
    endloop
  endfacet
  facet normal 8.287142e-01 5.596719e-01 -2.767477e-04
    outer loop
      vertex   3.993211e+01 2.778575e+01 -1.200000e+02
      vertex   4.000748e+01 2.767646e+01 -1.153030e+02
      vertex   4.064688e+01 2.672920e+01 -1.163021e+02
    endloop
  endfacet
  facet normal 8.390339e-01 5.440373e-01 -6.738483e-03
    outer loop
      vertex   4.064688e+01 2.672920e+01 -1.163021e+02
      vertex   4.127536e+01 2.574803e+01 -1.172632e+02
      vertex   3.993211e+01 2.778575e+01 -1.200000e+02
    endloop
  endfacet
  facet normal 8.385548e-01 5.447848e-01 -5.946806e-03
    outer loop
      vertex   3.993211e+01 2.778575e+01 -1.200000e+02
      vertex   4.127536e+01 2.574803e+01 -1.172632e+02
      vertex   4.161607e+01 2.519373e+01 -1.200000e+02
    endloop
  endfacet
  facet normal 8.556681e-01 5.175222e-01 1.705286e-03
    outer loop
      vertex   4.161607e+01 2.519373e+01 -1.200000e+02
      vertex   4.127536e+01 2.574803e+01 -1.172632e+02
      vertex   4.190177e+01 2.471543e+01 -1.182025e+02
    endloop
  endfacet
  facet normal 8.660605e-01 4.999178e-01 -4.631083e-03
    outer loop
      vertex   4.161607e+01 2.519373e+01 -1.200000e+02
      vertex   4.190177e+01 2.471543e+01 -1.182025e+02
      vertex   4.252214e+01 2.363224e+01 -1.191163e+02
    endloop
  endfacet
  facet normal 8.711590e-01 4.902626e-01 -2.691907e-02
    outer loop
      vertex   4.252214e+01 2.363224e+01 -1.191163e+02
      vertex   4.313202e+01 2.250000e+01 -1.200000e+02
      vertex   4.161607e+01 2.519373e+01 -1.200000e+02
    endloop
  endfacet
  facet normal 5.756173e-01 8.177193e-01 -4.120379e-05
    outer loop
      vertex   2.925224e+01 3.887065e+01 -1.200000e+02
      vertex   2.672467e+01 4.064989e+01 -1.200000e+02
      vertex   2.920909e+01 3.890309e+01 -7.910288e+01
    endloop
  endfacet
  facet normal 5.751635e-01 8.180385e-01 0.000000e+00
    outer loop
      vertex   2.920909e+01 3.890309e+01 -7.910288e+01
      vertex   2.672467e+01 4.064989e+01 -1.200000e+02
      vertex   2.672467e+01 4.064989e+01 -3.820575e+01
    endloop
  endfacet
  facet normal 5.751635e-01 8.180385e-01 4.996418e-17
    outer loop
      vertex   2.920909e+01 3.890309e+01 -7.910288e+01
      vertex   2.672467e+01 4.064989e+01 -3.820575e+01
      vertex   2.920909e+01 3.890309e+01 -3.820575e+01
    endloop
  endfacet
  facet normal 6.250871e-01 7.805550e-01 5.430102e-17
    outer loop
      vertex   2.920909e+01 3.890309e+01 -7.910288e+01
      vertex   2.920909e+01 3.890309e+01 -3.820575e+01
      vertex   3.157967e+01 3.700467e+01 -7.910288e+01
    endloop
  endfacet
  facet normal 6.250871e-01 7.805550e-01 -8.131186e-17
    outer loop
      vertex   3.157967e+01 3.700467e+01 -7.910288e+01
      vertex   2.920909e+01 3.890309e+01 -3.820575e+01
      vertex   3.157967e+01 3.700467e+01 -3.820575e+01
    endloop
  endfacet
  facet normal 9.224682e-01 3.857138e-01 1.665378e-02
    outer loop
      vertex   4.427473e+01 2.015862e+01 -3.820575e+01
      vertex   4.544632e+01 1.735665e+01 -3.820575e+01
      vertex   4.519537e+01 1.800000e+01 -3.920575e+01
    endloop
  endfacet
  facet normal 9.394830e-01 3.422409e-01 -1.558428e-02
    outer loop
      vertex   4.519537e+01 1.800000e+01 -3.920575e+01
      vertex   4.544632e+01 1.735665e+01 -3.820575e+01
      vertex   4.618331e+01 1.528801e+01 -3.920575e+01
    endloop
  endfacet
  facet normal 9.446993e-01 3.273878e-01 1.898593e-02
    outer loop
      vertex   4.618331e+01 1.528801e+01 -3.920575e+01
      vertex   4.544632e+01 1.735665e+01 -3.820575e+01
      vertex   4.644079e+01 1.448704e+01 -3.820575e+01
    endloop
  endfacet
  facet normal 9.580925e-01 2.859126e-01 -1.768302e-02
    outer loop
      vertex   4.618331e+01 1.528801e+01 -3.920575e+01
      vertex   4.644079e+01 1.448704e+01 -3.820575e+01
      vertex   4.700868e+01 1.252221e+01 -3.920575e+01
    endloop
  endfacet
  facet normal 9.632511e-01 2.677918e-01 2.085076e-02
    outer loop
      vertex   4.700868e+01 1.252221e+01 -3.920575e+01
      vertex   4.644079e+01 1.448704e+01 -3.820575e+01
      vertex   4.725426e+01 1.156097e+01 -3.820575e+01
    endloop
  endfacet
  facet normal 9.733328e-01 2.285829e-01 -1.931446e-02
    outer loop
      vertex   4.700868e+01 1.252221e+01 -3.920575e+01
      vertex   4.725426e+01 1.156097e+01 -3.820575e+01
      vertex   4.766856e+01 9.712324e+00 -3.920575e+01
    endloop
  endfacet
  facet normal 9.780544e-01 2.071582e-01 2.224840e-02
    outer loop
      vertex   4.766856e+01 9.712324e+00 -3.920575e+01
      vertex   4.725426e+01 1.156097e+01 -3.820575e+01
      vertex   4.788357e+01 8.589834e+00 -3.820575e+01
    endloop
  endfacet
  facet normal 9.851529e-01 1.704533e-01 -2.047870e-02
    outer loop
      vertex   4.766856e+01 9.712324e+00 -3.920575e+01
      vertex   4.788357e+01 8.589834e+00 -3.820575e+01
      vertex   4.816065e+01 6.868251e+00 -3.920575e+01
    endloop
  endfacet
  facet normal 9.890540e-01 1.457221e-01 2.317894e-02
    outer loop
      vertex   4.816065e+01 6.868251e+00 -3.920575e+01
      vertex   4.788357e+01 8.589834e+00 -3.820575e+01
      vertex   4.832625e+01 5.585225e+00 -3.820575e+01
    endloop
  endfacet
  facet normal 9.935133e-01 1.117272e-01 -2.117583e-02
    outer loop
      vertex   4.816065e+01 6.868251e+00 -3.920575e+01
      vertex   4.832625e+01 5.585225e+00 -3.820575e+01
      vertex   4.848321e+01 4.000000e+00 -3.920575e+01
    endloop
  endfacet
  facet normal 9.962087e-01 8.372159e-02 2.364246e-02
    outer loop
      vertex   4.848321e+01 4.000000e+00 -3.920575e+01
      vertex   4.832625e+01 5.585225e+00 -3.820575e+01
      vertex   4.858059e+01 2.558847e+00 -3.820575e+01
    endloop
  endfacet
  facet normal -1.462299e-03 9.999989e-01 1.183198e-15
    outer loop
      vertex   2.717573e+01 -2.731618e+01 -9.500000e+01
      vertex   3.609337e+01 -2.730314e+01 -9.500000e+01
      vertex   2.717573e+01 -2.731618e+01 -1.100000e+02
    endloop
  endfacet
  facet normal -1.462299e-03 9.999989e-01 1.421033e-15
    outer loop
      vertex   2.717573e+01 -2.731618e+01 -1.100000e+02
      vertex   3.609337e+01 -2.730314e+01 -9.500000e+01
      vertex   3.609337e+01 -2.730314e+01 -1.100000e+02
    endloop
  endfacet
  facet normal -0.000000e+00 0.000000e+00 -1.000000e+00
    outer loop
      vertex   3.324840e+01 -2.154950e+01 -9.500000e+01
      vertex   2.717573e+01 -2.731618e+01 -9.500000e+01
      vertex   3.315414e+01 -2.080343e+01 -9.500000e+01
    endloop
  endfacet
  facet normal -1.571070e-15 1.442171e-15 -1.000000e+00
    outer loop
      vertex   3.315414e+01 -2.080343e+01 -9.500000e+01
      vertex   2.717573e+01 -2.731618e+01 -9.500000e+01
      vertex   3.006721e+01 -1.431247e+01 -9.500000e+01
    endloop
  endfacet
  facet normal -3.637342e-15 4.595031e-16 -1.000000e+00
    outer loop
      vertex   3.315414e+01 -2.080343e+01 -9.500000e+01
      vertex   3.006721e+01 -1.431247e+01 -9.500000e+01
      vertex   3.324840e+01 -2.005736e+01 -9.500000e+01
    endloop
  endfacet
  facet normal -2.604750e-15 1.031293e-15 -1.000000e+00
    outer loop
      vertex   3.324840e+01 -2.005736e+01 -9.500000e+01
      vertex   3.006721e+01 -1.431247e+01 -9.500000e+01
      vertex   3.352522e+01 -1.935817e+01 -9.500000e+01
    endloop
  endfacet
  facet normal -1.994807e-15 1.449312e-15 -1.000000e+00
    outer loop
      vertex   3.352522e+01 -1.935817e+01 -9.500000e+01
      vertex   3.006721e+01 -1.431247e+01 -9.500000e+01
      vertex   3.396724e+01 -1.874979e+01 -9.500000e+01
    endloop
  endfacet
  facet normal -1.534017e-15 1.854308e-15 -1.000000e+00
    outer loop
      vertex   3.396724e+01 -1.874979e+01 -9.500000e+01
      vertex   3.006721e+01 -1.431247e+01 -9.500000e+01
      vertex   3.454666e+01 -1.827044e+01 -9.500000e+01
    endloop
  endfacet
  facet normal -5.212774e-18 3.584542e-15 -1.000000e+00
    outer loop
      vertex   3.454666e+01 -1.827044e+01 -9.500000e+01
      vertex   3.006721e+01 -1.431247e+01 -9.500000e+01
      vertex   3.609337e+01 -1.430371e+01 -9.500000e+01
    endloop
  endfacet
  facet normal -2.064622e-15 4.387545e-15 -1.000000e+00
    outer loop
      vertex   3.454666e+01 -1.827044e+01 -9.500000e+01
      vertex   3.609337e+01 -1.430371e+01 -9.500000e+01
      vertex   3.522709e+01 -1.795026e+01 -9.500000e+01
    endloop
  endfacet
  facet normal -7.786944e-16 4.082059e-15 -1.000000e+00
    outer loop
      vertex   3.522709e+01 -1.795026e+01 -9.500000e+01
      vertex   3.609337e+01 -1.430371e+01 -9.500000e+01
      vertex   3.596577e+01 -1.780935e+01 -9.500000e+01
    endloop
  endfacet
  facet normal 2.989662e-16 4.042835e-15 -1.000000e+00
    outer loop
      vertex   3.596577e+01 -1.780935e+01 -9.500000e+01
      vertex   3.609337e+01 -1.430371e+01 -9.500000e+01
      vertex   3.717033e+01 -1.438335e+01 -9.500000e+01
    endloop
  endfacet
  facet normal 2.553191e-16 4.058181e-15 -1.000000e+00
    outer loop
      vertex   3.596577e+01 -1.780935e+01 -9.500000e+01
      vertex   3.717033e+01 -1.438335e+01 -9.500000e+01
      vertex   3.671629e+01 -1.785656e+01 -9.500000e+01
    endloop
  endfacet
  facet normal 9.708303e-16 3.964644e-15 -1.000000e+00
    outer loop
      vertex   3.671629e+01 -1.785656e+01 -9.500000e+01
      vertex   3.717033e+01 -1.438335e+01 -9.500000e+01
      vertex   3.821925e+01 -1.464020e+01 -9.500000e+01
    endloop
  endfacet
  facet normal 1.583372e-15 3.678412e-15 -1.000000e+00
    outer loop
      vertex   3.671629e+01 -1.785656e+01 -9.500000e+01
      vertex   3.821925e+01 -1.464020e+01 -9.500000e+01
      vertex   3.921117e+01 -1.506717e+01 -9.500000e+01
    endloop
  endfacet
  facet normal 0.000000e+00 -0.000000e+00 -1.000000e+00
    outer loop
      vertex   3.324840e+01 -2.154950e+01 -9.500000e+01
      vertex   3.352522e+01 -2.224869e+01 -9.500000e+01
      vertex   2.717573e+01 -2.731618e+01 -9.500000e+01
    endloop
  endfacet
  facet normal 0.000000e+00 0.000000e+00 -1.000000e+00
    outer loop
      vertex   2.717573e+01 -2.731618e+01 -9.500000e+01
      vertex   3.352522e+01 -2.224869e+01 -9.500000e+01
      vertex   3.396724e+01 -2.285707e+01 -9.500000e+01
    endloop
  endfacet
  facet normal 0.000000e+00 0.000000e+00 -1.000000e+00
    outer loop
      vertex   2.717573e+01 -2.731618e+01 -9.500000e+01
      vertex   3.396724e+01 -2.285707e+01 -9.500000e+01
      vertex   3.454666e+01 -2.333641e+01 -9.500000e+01
    endloop
  endfacet
  facet normal 0.000000e+00 0.000000e+00 -1.000000e+00
    outer loop
      vertex   2.717573e+01 -2.731618e+01 -9.500000e+01
      vertex   3.454666e+01 -2.333641e+01 -9.500000e+01
      vertex   3.609337e+01 -2.730314e+01 -9.500000e+01
    endloop
  endfacet
  facet normal 0.000000e+00 0.000000e+00 -1.000000e+00
    outer loop
      vertex   3.609337e+01 -2.730314e+01 -9.500000e+01
      vertex   3.454666e+01 -2.333641e+01 -9.500000e+01
      vertex   3.522709e+01 -2.365660e+01 -9.500000e+01
    endloop
  endfacet
  facet normal 0.000000e+00 0.000000e+00 -1.000000e+00
    outer loop
      vertex   3.609337e+01 -2.730314e+01 -9.500000e+01
      vertex   3.522709e+01 -2.365660e+01 -9.500000e+01
      vertex   3.596577e+01 -2.379751e+01 -9.500000e+01
    endloop
  endfacet
  facet normal 1.315984e-14 4.789812e-16 -1.000000e+00
    outer loop
      vertex   3.609337e+01 -2.730314e+01 -9.500000e+01
      vertex   3.596577e+01 -2.379751e+01 -9.500000e+01
      vertex   3.717033e+01 -2.722350e+01 -9.500000e+01
    endloop
  endfacet
  facet normal 2.553191e-16 -4.058181e-15 -1.000000e+00
    outer loop
      vertex   3.717033e+01 -2.722350e+01 -9.500000e+01
      vertex   3.596577e+01 -2.379751e+01 -9.500000e+01
      vertex   3.671629e+01 -2.375029e+01 -9.500000e+01
    endloop
  endfacet
  facet normal 9.708303e-16 -3.964644e-15 -1.000000e+00
    outer loop
      vertex   3.717033e+01 -2.722350e+01 -9.500000e+01
      vertex   3.671629e+01 -2.375029e+01 -9.500000e+01
      vertex   3.821925e+01 -2.696665e+01 -9.500000e+01
    endloop
  endfacet
  facet normal 1.583372e-15 -3.678412e-15 -1.000000e+00
    outer loop
      vertex   3.821925e+01 -2.696665e+01 -9.500000e+01
      vertex   3.671629e+01 -2.375029e+01 -9.500000e+01
      vertex   3.921117e+01 -2.653968e+01 -9.500000e+01
    endloop
  endfacet
  facet normal 1.282598e-15 -3.947429e-15 -1.000000e+00
    outer loop
      vertex   3.921117e+01 -2.653968e+01 -9.500000e+01
      vertex   3.671629e+01 -2.375029e+01 -9.500000e+01
      vertex   3.743148e+01 -2.351791e+01 -9.500000e+01
    endloop
  endfacet
  facet normal 2.198105e-15 -3.408238e-15 -1.000000e+00
    outer loop
      vertex   3.921117e+01 -2.653968e+01 -9.500000e+01
      vertex   3.743148e+01 -2.351791e+01 -9.500000e+01
      vertex   4.011870e+01 -2.595438e+01 -9.500000e+01
    endloop
  endfacet
  facet normal 2.177415e-15 -3.431057e-15 -1.000000e+00
    outer loop
      vertex   4.011870e+01 -2.595438e+01 -9.500000e+01
      vertex   3.743148e+01 -2.351791e+01 -9.500000e+01
      vertex   3.806642e+01 -2.311497e+01 -9.500000e+01
    endloop
  endfacet
  facet normal 2.750133e-15 -3.017104e-15 -1.000000e+00
    outer loop
      vertex   4.011870e+01 -2.595438e+01 -9.500000e+01
      vertex   3.806642e+01 -2.311497e+01 -9.500000e+01
      vertex   4.091680e+01 -2.522689e+01 -9.500000e+01
    endloop
  endfacet
  facet normal 3.152671e-15 -2.473815e-15 -1.000000e+00
    outer loop
      vertex   4.091680e+01 -2.522689e+01 -9.500000e+01
      vertex   3.806642e+01 -2.311497e+01 -9.500000e+01
      vertex   4.158345e+01 -2.437731e+01 -9.500000e+01
    endloop
  endfacet
  facet normal 3.022008e-15 -2.837855e-15 -1.000000e+00
    outer loop
      vertex   4.158345e+01 -2.437731e+01 -9.500000e+01
      vertex   3.806642e+01 -2.311497e+01 -9.500000e+01
      vertex   3.858120e+01 -2.256678e+01 -9.500000e+01
    endloop
  endfacet
  facet normal 3.562524e-15 -1.941563e-15 -1.000000e+00
    outer loop
      vertex   4.158345e+01 -2.437731e+01 -9.500000e+01
      vertex   3.858120e+01 -2.256678e+01 -9.500000e+01
      vertex   4.210023e+01 -2.342909e+01 -9.500000e+01
    endloop
  endfacet
  facet normal 3.558863e-15 -1.956502e-15 -1.000000e+00
    outer loop
      vertex   4.210023e+01 -2.342909e+01 -9.500000e+01
      vertex   3.858120e+01 -2.256678e+01 -9.500000e+01
      vertex   3.894347e+01 -2.190780e+01 -9.500000e+01
    endloop
  endfacet
  facet normal 3.859168e-15 -1.333352e-15 -1.000000e+00
    outer loop
      vertex   4.210023e+01 -2.342909e+01 -9.500000e+01
      vertex   3.894347e+01 -2.190780e+01 -9.500000e+01
      vertex   4.245288e+01 -2.240838e+01 -9.500000e+01
    endloop
  endfacet
  facet normal 3.906294e-15 -1.002966e-15 -1.000000e+00
    outer loop
      vertex   4.245288e+01 -2.240838e+01 -9.500000e+01
      vertex   3.894347e+01 -2.190780e+01 -9.500000e+01
      vertex   3.913049e+01 -2.117943e+01 -9.500000e+01
    endloop
  endfacet
  facet normal 4.027204e-15 -6.760963e-16 -1.000000e+00
    outer loop
      vertex   4.245288e+01 -2.240838e+01 -9.500000e+01
      vertex   3.913049e+01 -2.117943e+01 -9.500000e+01
      vertex   4.263168e+01 -2.134338e+01 -9.500000e+01
    endloop
  endfacet
  facet normal 4.058864e-15 0.000000e+00 -1.000000e+00
    outer loop
      vertex   4.263168e+01 -2.134338e+01 -9.500000e+01
      vertex   3.913049e+01 -2.117943e+01 -9.500000e+01
      vertex   3.913049e+01 -2.042743e+01 -9.500000e+01
    endloop
  endfacet
  facet normal 4.058864e-15 0.000000e+00 -1.000000e+00
    outer loop
      vertex   4.263168e+01 -2.134338e+01 -9.500000e+01
      vertex   3.913049e+01 -2.042743e+01 -9.500000e+01
      vertex   4.263168e+01 -2.026347e+01 -9.500000e+01
    endloop
  endfacet
  facet normal 4.027204e-15 6.760963e-16 -1.000000e+00
    outer loop
      vertex   4.263168e+01 -2.026347e+01 -9.500000e+01
      vertex   3.913049e+01 -2.042743e+01 -9.500000e+01
      vertex   4.245288e+01 -1.919847e+01 -9.500000e+01
    endloop
  endfacet
  facet normal 3.906294e-15 1.002966e-15 -1.000000e+00
    outer loop
      vertex   4.245288e+01 -1.919847e+01 -9.500000e+01
      vertex   3.913049e+01 -2.042743e+01 -9.500000e+01
      vertex   3.894347e+01 -1.969905e+01 -9.500000e+01
    endloop
  endfacet
  facet normal 3.859168e-15 1.333352e-15 -1.000000e+00
    outer loop
      vertex   4.245288e+01 -1.919847e+01 -9.500000e+01
      vertex   3.894347e+01 -1.969905e+01 -9.500000e+01
      vertex   4.210023e+01 -1.817777e+01 -9.500000e+01
    endloop
  endfacet
  facet normal 3.558863e-15 1.956502e-15 -1.000000e+00
    outer loop
      vertex   4.210023e+01 -1.817777e+01 -9.500000e+01
      vertex   3.894347e+01 -1.969905e+01 -9.500000e+01
      vertex   3.858120e+01 -1.904007e+01 -9.500000e+01
    endloop
  endfacet
  facet normal 3.562524e-15 1.941563e-15 -1.000000e+00
    outer loop
      vertex   4.210023e+01 -1.817777e+01 -9.500000e+01
      vertex   3.858120e+01 -1.904007e+01 -9.500000e+01
      vertex   4.158345e+01 -1.722954e+01 -9.500000e+01
    endloop
  endfacet
  facet normal 3.022008e-15 2.837855e-15 -1.000000e+00
    outer loop
      vertex   4.158345e+01 -1.722954e+01 -9.500000e+01
      vertex   3.858120e+01 -1.904007e+01 -9.500000e+01
      vertex   3.806642e+01 -1.849189e+01 -9.500000e+01
    endloop
  endfacet
  facet normal 3.152671e-15 2.473815e-15 -1.000000e+00
    outer loop
      vertex   4.158345e+01 -1.722954e+01 -9.500000e+01
      vertex   3.806642e+01 -1.849189e+01 -9.500000e+01
      vertex   4.091680e+01 -1.637996e+01 -9.500000e+01
    endloop
  endfacet
  facet normal 2.750133e-15 3.017104e-15 -1.000000e+00
    outer loop
      vertex   4.091680e+01 -1.637996e+01 -9.500000e+01
      vertex   3.806642e+01 -1.849189e+01 -9.500000e+01
      vertex   4.011870e+01 -1.565248e+01 -9.500000e+01
    endloop
  endfacet
  facet normal 2.177415e-15 3.431057e-15 -1.000000e+00
    outer loop
      vertex   4.011870e+01 -1.565248e+01 -9.500000e+01
      vertex   3.806642e+01 -1.849189e+01 -9.500000e+01
      vertex   3.743148e+01 -1.808895e+01 -9.500000e+01
    endloop
  endfacet
  facet normal 2.198105e-15 3.408238e-15 -1.000000e+00
    outer loop
      vertex   4.011870e+01 -1.565248e+01 -9.500000e+01
      vertex   3.743148e+01 -1.808895e+01 -9.500000e+01
      vertex   3.921117e+01 -1.506717e+01 -9.500000e+01
    endloop
  endfacet
  facet normal 1.282598e-15 3.947429e-15 -1.000000e+00
    outer loop
      vertex   3.921117e+01 -1.506717e+01 -9.500000e+01
      vertex   3.743148e+01 -1.808895e+01 -9.500000e+01
      vertex   3.671629e+01 -1.785656e+01 -9.500000e+01
    endloop
  endfacet
  facet normal 1.571070e-15 -1.442171e-15 1.000000e+00
    outer loop
      vertex   2.717573e+01 -2.731618e+01 -1.100000e+02
      vertex   3.315414e+01 -2.080343e+01 -1.100000e+02
      vertex   3.006721e+01 -1.431247e+01 -1.100000e+02
    endloop
  endfacet
  facet normal 3.637342e-15 -4.595031e-16 1.000000e+00
    outer loop
      vertex   3.006721e+01 -1.431247e+01 -1.100000e+02
      vertex   3.315414e+01 -2.080343e+01 -1.100000e+02
      vertex   3.324840e+01 -2.005736e+01 -1.100000e+02
    endloop
  endfacet
  facet normal 2.604750e-15 -1.031293e-15 1.000000e+00
    outer loop
      vertex   3.006721e+01 -1.431247e+01 -1.100000e+02
      vertex   3.324840e+01 -2.005736e+01 -1.100000e+02
      vertex   3.352522e+01 -1.935817e+01 -1.100000e+02
    endloop
  endfacet
  facet normal 0.000000e+00 0.000000e+00 1.000000e+00
    outer loop
      vertex   3.609337e+01 -2.730314e+01 -1.100000e+02
      vertex   3.454666e+01 -2.333641e+01 -1.100000e+02
      vertex   2.717573e+01 -2.731618e+01 -1.100000e+02
    endloop
  endfacet
  facet normal 0.000000e+00 0.000000e+00 1.000000e+00
    outer loop
      vertex   2.717573e+01 -2.731618e+01 -1.100000e+02
      vertex   3.454666e+01 -2.333641e+01 -1.100000e+02
      vertex   3.396724e+01 -2.285707e+01 -1.100000e+02
    endloop
  endfacet
  facet normal 0.000000e+00 0.000000e+00 1.000000e+00
    outer loop
      vertex   2.717573e+01 -2.731618e+01 -1.100000e+02
      vertex   3.396724e+01 -2.285707e+01 -1.100000e+02
      vertex   3.352522e+01 -2.224869e+01 -1.100000e+02
    endloop
  endfacet
  facet normal 0.000000e+00 0.000000e+00 1.000000e+00
    outer loop
      vertex   3.717033e+01 -2.722350e+01 -1.100000e+02
      vertex   3.596577e+01 -2.379751e+01 -1.100000e+02
      vertex   3.609337e+01 -2.730314e+01 -1.100000e+02
    endloop
  endfacet
  facet normal 0.000000e+00 0.000000e+00 1.000000e+00
    outer loop
      vertex   3.609337e+01 -2.730314e+01 -1.100000e+02
      vertex   3.596577e+01 -2.379751e+01 -1.100000e+02
      vertex   3.522709e+01 -2.365660e+01 -1.100000e+02
    endloop
  endfacet
  facet normal 0.000000e+00 0.000000e+00 1.000000e+00
    outer loop
      vertex   3.609337e+01 -2.730314e+01 -1.100000e+02
      vertex   3.522709e+01 -2.365660e+01 -1.100000e+02
      vertex   3.454666e+01 -2.333641e+01 -1.100000e+02
    endloop
  endfacet
  facet normal -0.000000e+00 0.000000e+00 1.000000e+00
    outer loop
      vertex   3.596577e+01 -2.379751e+01 -1.100000e+02
      vertex   3.717033e+01 -2.722350e+01 -1.100000e+02
      vertex   3.671629e+01 -2.375029e+01 -1.100000e+02
    endloop
  endfacet
  facet normal 0.000000e+00 0.000000e+00 1.000000e+00
    outer loop
      vertex   3.671629e+01 -2.375029e+01 -1.100000e+02
      vertex   3.717033e+01 -2.722350e+01 -1.100000e+02
      vertex   3.821925e+01 -2.696665e+01 -1.100000e+02
    endloop
  endfacet
  facet normal 0.000000e+00 0.000000e+00 1.000000e+00
    outer loop
      vertex   3.671629e+01 -2.375029e+01 -1.100000e+02
      vertex   3.821925e+01 -2.696665e+01 -1.100000e+02
      vertex   3.921117e+01 -2.653968e+01 -1.100000e+02
    endloop
  endfacet
  facet normal -0.000000e+00 0.000000e+00 1.000000e+00
    outer loop
      vertex   3.671629e+01 -2.375029e+01 -1.100000e+02
      vertex   3.921117e+01 -2.653968e+01 -1.100000e+02
      vertex   3.743148e+01 -2.351791e+01 -1.100000e+02
    endloop
  endfacet
  facet normal 0.000000e+00 0.000000e+00 1.000000e+00
    outer loop
      vertex   3.743148e+01 -2.351791e+01 -1.100000e+02
      vertex   3.921117e+01 -2.653968e+01 -1.100000e+02
      vertex   4.011870e+01 -2.595438e+01 -1.100000e+02
    endloop
  endfacet
  facet normal -0.000000e+00 0.000000e+00 1.000000e+00
    outer loop
      vertex   3.743148e+01 -2.351791e+01 -1.100000e+02
      vertex   4.011870e+01 -2.595438e+01 -1.100000e+02
      vertex   3.806642e+01 -2.311497e+01 -1.100000e+02
    endloop
  endfacet
  facet normal 0.000000e+00 0.000000e+00 1.000000e+00
    outer loop
      vertex   3.806642e+01 -2.311497e+01 -1.100000e+02
      vertex   4.011870e+01 -2.595438e+01 -1.100000e+02
      vertex   4.091680e+01 -2.522689e+01 -1.100000e+02
    endloop
  endfacet
  facet normal 0.000000e+00 0.000000e+00 1.000000e+00
    outer loop
      vertex   3.806642e+01 -2.311497e+01 -1.100000e+02
      vertex   4.091680e+01 -2.522689e+01 -1.100000e+02
      vertex   4.158345e+01 -2.437731e+01 -1.100000e+02
    endloop
  endfacet
  facet normal -0.000000e+00 0.000000e+00 1.000000e+00
    outer loop
      vertex   3.806642e+01 -2.311497e+01 -1.100000e+02
      vertex   4.158345e+01 -2.437731e+01 -1.100000e+02
      vertex   3.858120e+01 -2.256678e+01 -1.100000e+02
    endloop
  endfacet
  facet normal 0.000000e+00 0.000000e+00 1.000000e+00
    outer loop
      vertex   3.858120e+01 -2.256678e+01 -1.100000e+02
      vertex   4.158345e+01 -2.437731e+01 -1.100000e+02
      vertex   4.210023e+01 -2.342909e+01 -1.100000e+02
    endloop
  endfacet
  facet normal -0.000000e+00 0.000000e+00 1.000000e+00
    outer loop
      vertex   3.858120e+01 -2.256678e+01 -1.100000e+02
      vertex   4.210023e+01 -2.342909e+01 -1.100000e+02
      vertex   3.894347e+01 -2.190780e+01 -1.100000e+02
    endloop
  endfacet
  facet normal 0.000000e+00 0.000000e+00 1.000000e+00
    outer loop
      vertex   3.894347e+01 -2.190780e+01 -1.100000e+02
      vertex   4.210023e+01 -2.342909e+01 -1.100000e+02
      vertex   4.245288e+01 -2.240838e+01 -1.100000e+02
    endloop
  endfacet
  facet normal -0.000000e+00 0.000000e+00 1.000000e+00
    outer loop
      vertex   3.894347e+01 -2.190780e+01 -1.100000e+02
      vertex   4.245288e+01 -2.240838e+01 -1.100000e+02
      vertex   3.913049e+01 -2.117943e+01 -1.100000e+02
    endloop
  endfacet
  facet normal 0.000000e+00 0.000000e+00 1.000000e+00
    outer loop
      vertex   3.913049e+01 -2.117943e+01 -1.100000e+02
      vertex   4.245288e+01 -2.240838e+01 -1.100000e+02
      vertex   4.263168e+01 -2.134338e+01 -1.100000e+02
    endloop
  endfacet
  facet normal -0.000000e+00 0.000000e+00 1.000000e+00
    outer loop
      vertex   3.913049e+01 -2.117943e+01 -1.100000e+02
      vertex   4.263168e+01 -2.134338e+01 -1.100000e+02
      vertex   3.913049e+01 -2.042743e+01 -1.100000e+02
    endloop
  endfacet
  facet normal -0.000000e+00 0.000000e+00 1.000000e+00
    outer loop
      vertex   3.913049e+01 -2.042743e+01 -1.100000e+02
      vertex   4.263168e+01 -2.134338e+01 -1.100000e+02
      vertex   4.263168e+01 -2.026347e+01 -1.100000e+02
    endloop
  endfacet
  facet normal 0.000000e+00 0.000000e+00 1.000000e+00
    outer loop
      vertex   3.913049e+01 -2.042743e+01 -1.100000e+02
      vertex   4.263168e+01 -2.026347e+01 -1.100000e+02
      vertex   4.245288e+01 -1.919847e+01 -1.100000e+02
    endloop
  endfacet
  facet normal 0.000000e+00 -0.000000e+00 1.000000e+00
    outer loop
      vertex   3.913049e+01 -2.042743e+01 -1.100000e+02
      vertex   4.245288e+01 -1.919847e+01 -1.100000e+02
      vertex   3.894347e+01 -1.969905e+01 -1.100000e+02
    endloop
  endfacet
  facet normal 0.000000e+00 0.000000e+00 1.000000e+00
    outer loop
      vertex   3.894347e+01 -1.969905e+01 -1.100000e+02
      vertex   4.245288e+01 -1.919847e+01 -1.100000e+02
      vertex   4.210023e+01 -1.817777e+01 -1.100000e+02
    endloop
  endfacet
  facet normal 0.000000e+00 -0.000000e+00 1.000000e+00
    outer loop
      vertex   3.894347e+01 -1.969905e+01 -1.100000e+02
      vertex   4.210023e+01 -1.817777e+01 -1.100000e+02
      vertex   3.858120e+01 -1.904007e+01 -1.100000e+02
    endloop
  endfacet
  facet normal 0.000000e+00 0.000000e+00 1.000000e+00
    outer loop
      vertex   3.858120e+01 -1.904007e+01 -1.100000e+02
      vertex   4.210023e+01 -1.817777e+01 -1.100000e+02
      vertex   4.158345e+01 -1.722954e+01 -1.100000e+02
    endloop
  endfacet
  facet normal 0.000000e+00 -0.000000e+00 1.000000e+00
    outer loop
      vertex   3.858120e+01 -1.904007e+01 -1.100000e+02
      vertex   4.158345e+01 -1.722954e+01 -1.100000e+02
      vertex   3.806642e+01 -1.849189e+01 -1.100000e+02
    endloop
  endfacet
  facet normal 0.000000e+00 0.000000e+00 1.000000e+00
    outer loop
      vertex   3.806642e+01 -1.849189e+01 -1.100000e+02
      vertex   4.158345e+01 -1.722954e+01 -1.100000e+02
      vertex   4.091680e+01 -1.637996e+01 -1.100000e+02
    endloop
  endfacet
  facet normal 0.000000e+00 0.000000e+00 1.000000e+00
    outer loop
      vertex   3.806642e+01 -1.849189e+01 -1.100000e+02
      vertex   4.091680e+01 -1.637996e+01 -1.100000e+02
      vertex   4.011870e+01 -1.565248e+01 -1.100000e+02
    endloop
  endfacet
  facet normal 0.000000e+00 -0.000000e+00 1.000000e+00
    outer loop
      vertex   3.806642e+01 -1.849189e+01 -1.100000e+02
      vertex   4.011870e+01 -1.565248e+01 -1.100000e+02
      vertex   3.743148e+01 -1.808895e+01 -1.100000e+02
    endloop
  endfacet
  facet normal 0.000000e+00 0.000000e+00 1.000000e+00
    outer loop
      vertex   3.743148e+01 -1.808895e+01 -1.100000e+02
      vertex   4.011870e+01 -1.565248e+01 -1.100000e+02
      vertex   3.921117e+01 -1.506717e+01 -1.100000e+02
    endloop
  endfacet
  facet normal 0.000000e+00 -0.000000e+00 1.000000e+00
    outer loop
      vertex   3.743148e+01 -1.808895e+01 -1.100000e+02
      vertex   3.921117e+01 -1.506717e+01 -1.100000e+02
      vertex   3.671629e+01 -1.785656e+01 -1.100000e+02
    endloop
  endfacet
  facet normal 0.000000e+00 0.000000e+00 1.000000e+00
    outer loop
      vertex   3.671629e+01 -1.785656e+01 -1.100000e+02
      vertex   3.921117e+01 -1.506717e+01 -1.100000e+02
      vertex   3.821925e+01 -1.464020e+01 -1.100000e+02
    endloop
  endfacet
  facet normal 0.000000e+00 0.000000e+00 1.000000e+00
    outer loop
      vertex   3.671629e+01 -1.785656e+01 -1.100000e+02
      vertex   3.821925e+01 -1.464020e+01 -1.100000e+02
      vertex   3.717033e+01 -1.438335e+01 -1.100000e+02
    endloop
  endfacet
  facet normal 0.000000e+00 -0.000000e+00 1.000000e+00
    outer loop
      vertex   3.671629e+01 -1.785656e+01 -1.100000e+02
      vertex   3.717033e+01 -1.438335e+01 -1.100000e+02
      vertex   3.596577e+01 -1.780935e+01 -1.100000e+02
    endloop
  endfacet
  facet normal 1.286088e-14 -4.521817e-15 1.000000e+00
    outer loop
      vertex   3.596577e+01 -1.780935e+01 -1.100000e+02
      vertex   3.717033e+01 -1.438335e+01 -1.100000e+02
      vertex   3.609337e+01 -1.430371e+01 -1.100000e+02
    endloop
  endfacet
  facet normal 7.786944e-16 -4.082059e-15 1.000000e+00
    outer loop
      vertex   3.596577e+01 -1.780935e+01 -1.100000e+02
      vertex   3.609337e+01 -1.430371e+01 -1.100000e+02
      vertex   3.522709e+01 -1.795026e+01 -1.100000e+02
    endloop
  endfacet
  facet normal 2.064622e-15 -4.387545e-15 1.000000e+00
    outer loop
      vertex   3.522709e+01 -1.795026e+01 -1.100000e+02
      vertex   3.609337e+01 -1.430371e+01 -1.100000e+02
      vertex   3.454666e+01 -1.827044e+01 -1.100000e+02
    endloop
  endfacet
  facet normal 5.212774e-18 -3.584542e-15 1.000000e+00
    outer loop
      vertex   3.454666e+01 -1.827044e+01 -1.100000e+02
      vertex   3.609337e+01 -1.430371e+01 -1.100000e+02
      vertex   3.006721e+01 -1.431247e+01 -1.100000e+02
    endloop
  endfacet
  facet normal 1.534017e-15 -1.854308e-15 1.000000e+00
    outer loop
      vertex   3.454666e+01 -1.827044e+01 -1.100000e+02
      vertex   3.006721e+01 -1.431247e+01 -1.100000e+02
      vertex   3.396724e+01 -1.874979e+01 -1.100000e+02
    endloop
  endfacet
  facet normal 1.994807e-15 -1.449312e-15 1.000000e+00
    outer loop
      vertex   3.396724e+01 -1.874979e+01 -1.100000e+02
      vertex   3.006721e+01 -1.431247e+01 -1.100000e+02
      vertex   3.352522e+01 -1.935817e+01 -1.100000e+02
    endloop
  endfacet
  facet normal 0.000000e+00 0.000000e+00 1.000000e+00
    outer loop
      vertex   3.352522e+01 -2.224869e+01 -1.100000e+02
      vertex   3.324840e+01 -2.154950e+01 -1.100000e+02
      vertex   2.717573e+01 -2.731618e+01 -1.100000e+02
    endloop
  endfacet
  facet normal 0.000000e+00 0.000000e+00 1.000000e+00
    outer loop
      vertex   2.717573e+01 -2.731618e+01 -1.100000e+02
      vertex   3.324840e+01 -2.154950e+01 -1.100000e+02
      vertex   3.315414e+01 -2.080343e+01 -1.100000e+02
    endloop
  endfacet
  facet normal 1.454235e-03 -9.999989e-01 -1.065124e-15
    outer loop
      vertex   3.006721e+01 -1.431247e+01 -1.100000e+02
      vertex   3.609337e+01 -1.430371e+01 -1.100000e+02
      vertex   3.006721e+01 -1.431247e+01 -9.500000e+01
    endloop
  endfacet
  facet normal 1.454235e-03 -9.999989e-01 -1.183548e-15
    outer loop
      vertex   3.006721e+01 -1.431247e+01 -9.500000e+01
      vertex   3.609337e+01 -1.430371e+01 -1.100000e+02
      vertex   3.609337e+01 -1.430371e+01 -9.500000e+01
    endloop
  endfacet
  facet normal -7.374826e-02 -9.972769e-01 -1.215947e-15
    outer loop
      vertex   3.609337e+01 -1.430371e+01 -9.500000e+01
      vertex   3.609337e+01 -1.430371e+01 -1.100000e+02
      vertex   3.717033e+01 -1.438335e+01 -9.500000e+01
    endloop
  endfacet
  facet normal -7.374826e-02 -9.972769e-01 -1.215947e-15
    outer loop
      vertex   3.717033e+01 -1.438335e+01 -9.500000e+01
      vertex   3.609337e+01 -1.430371e+01 -1.100000e+02
      vertex   3.717033e+01 -1.438335e+01 -1.100000e+02
    endloop
  endfacet
  facet normal -2.378449e-01 -9.713031e-01 -1.262920e-15
    outer loop
      vertex   3.717033e+01 -1.438335e+01 -9.500000e+01
      vertex   3.717033e+01 -1.438335e+01 -1.100000e+02
      vertex   3.821925e+01 -1.464020e+01 -9.500000e+01
    endloop
  endfacet
  facet normal -2.378449e-01 -9.713031e-01 -1.150254e-15
    outer loop
      vertex   3.821925e+01 -1.464020e+01 -9.500000e+01
      vertex   3.717033e+01 -1.438335e+01 -1.100000e+02
      vertex   3.821925e+01 -1.464020e+01 -1.100000e+02
    endloop
  endfacet
  facet normal -3.953765e-01 -9.185191e-01 -1.087745e-15
    outer loop
      vertex   3.821925e+01 -1.464020e+01 -9.500000e+01
      vertex   3.821925e+01 -1.464020e+01 -1.100000e+02
      vertex   3.921117e+01 -1.506717e+01 -9.500000e+01
    endloop
  endfacet
  facet normal -3.953765e-01 -9.185191e-01 -1.166259e-15
    outer loop
      vertex   3.921117e+01 -1.506717e+01 -9.500000e+01
      vertex   3.821925e+01 -1.464020e+01 -1.100000e+02
      vertex   3.921117e+01 -1.506717e+01 -1.100000e+02
    endloop
  endfacet
  facet normal -5.419948e-01 -8.403819e-01 -1.152431e-15
    outer loop
      vertex   3.921117e+01 -1.506717e+01 -9.500000e+01
      vertex   3.921117e+01 -1.506717e+01 -1.100000e+02
      vertex   4.011870e+01 -1.565248e+01 -9.500000e+01
    endloop
  endfacet
  facet normal -5.419948e-01 -8.403819e-01 -1.409171e-15
    outer loop
      vertex   4.011870e+01 -1.565248e+01 -9.500000e+01
      vertex   3.921117e+01 -1.506717e+01 -1.100000e+02
      vertex   4.011870e+01 -1.565248e+01 -1.100000e+02
    endloop
  endfacet
  facet normal -6.736527e-01 -7.390480e-01 -1.425900e-15
    outer loop
      vertex   4.011870e+01 -1.565248e+01 -9.500000e+01
      vertex   4.011870e+01 -1.565248e+01 -1.100000e+02
      vertex   4.091680e+01 -1.637996e+01 -9.500000e+01
    endloop
  endfacet
  facet normal -6.736527e-01 -7.390480e-01 -1.513421e-15
    outer loop
      vertex   4.091680e+01 -1.637996e+01 -9.500000e+01
      vertex   4.011870e+01 -1.565248e+01 -1.100000e+02
      vertex   4.091680e+01 -1.637996e+01 -1.100000e+02
    endloop
  endfacet
  facet normal -7.867163e-01 -6.173148e-01 -1.476375e-15
    outer loop
      vertex   4.091680e+01 -1.637996e+01 -9.500000e+01
      vertex   4.091680e+01 -1.637996e+01 -1.100000e+02
      vertex   4.158345e+01 -1.722954e+01 -9.500000e+01
    endloop
  endfacet
  facet normal -7.867163e-01 -6.173148e-01 -5.848380e-16
    outer loop
      vertex   4.158345e+01 -1.722954e+01 -9.500000e+01
      vertex   4.091680e+01 -1.637996e+01 -1.100000e+02
      vertex   4.158345e+01 -1.722954e+01 -1.100000e+02
    endloop
  endfacet
  facet normal -8.780646e-01 -4.785422e-01 -4.533662e-16
    outer loop
      vertex   4.158345e+01 -1.722954e+01 -9.500000e+01
      vertex   4.158345e+01 -1.722954e+01 -1.100000e+02
      vertex   4.210023e+01 -1.817777e+01 -9.500000e+01
    endloop
  endfacet
  facet normal -8.780646e-01 -4.785422e-01 -8.693012e-16
    outer loop
      vertex   4.210023e+01 -1.817777e+01 -9.500000e+01
      vertex   4.158345e+01 -1.722954e+01 -1.100000e+02
      vertex   4.210023e+01 -1.817777e+01 -1.100000e+02
    endloop
  endfacet
  facet normal -9.451762e-01 -3.265607e-01 -7.571058e-16
    outer loop
      vertex   4.210023e+01 -1.817777e+01 -9.500000e+01
      vertex   4.210023e+01 -1.817777e+01 -1.100000e+02
      vertex   4.245288e+01 -1.919847e+01 -9.500000e+01
    endloop
  endfacet
  facet normal -9.451762e-01 -3.265607e-01 -3.867255e-16
    outer loop
      vertex   4.245288e+01 -1.919847e+01 -9.500000e+01
      vertex   4.210023e+01 -1.817777e+01 -1.100000e+02
      vertex   4.245288e+01 -1.919847e+01 -1.100000e+02
    endloop
  endfacet
  facet normal -9.861988e-01 -1.655653e-01 -1.960687e-16
    outer loop
      vertex   4.245288e+01 -1.919847e+01 -9.500000e+01
      vertex   4.245288e+01 -1.919847e+01 -1.100000e+02
      vertex   4.263168e+01 -2.026347e+01 -9.500000e+01
    endloop
  endfacet
  facet normal -9.861988e-01 -1.655653e-01 -2.352825e-16
    outer loop
      vertex   4.263168e+01 -2.026347e+01 -9.500000e+01
      vertex   4.245288e+01 -1.919847e+01 -1.100000e+02
      vertex   4.263168e+01 -2.026347e+01 -1.100000e+02
    endloop
  endfacet
  facet normal -1.000000e+00 -0.000000e+00 -0.000000e+00
    outer loop
      vertex   4.263168e+01 -2.026347e+01 -9.500000e+01
      vertex   4.263168e+01 -2.026347e+01 -1.100000e+02
      vertex   4.263168e+01 -2.134338e+01 -9.500000e+01
    endloop
  endfacet
  facet normal -1.000000e+00 0.000000e+00 0.000000e+00
    outer loop
      vertex   4.263168e+01 -2.134338e+01 -9.500000e+01
      vertex   4.263168e+01 -2.026347e+01 -1.100000e+02
      vertex   4.263168e+01 -2.134338e+01 -1.100000e+02
    endloop
  endfacet
  facet normal -9.861988e-01 1.655653e-01 1.960687e-16
    outer loop
      vertex   4.263168e+01 -2.134338e+01 -9.500000e+01
      vertex   4.263168e+01 -2.134338e+01 -1.100000e+02
      vertex   4.245288e+01 -2.240838e+01 -9.500000e+01
    endloop
  endfacet
  facet normal -9.861988e-01 1.655653e-01 -3.103026e-16
    outer loop
      vertex   4.245288e+01 -2.240838e+01 -9.500000e+01
      vertex   4.263168e+01 -2.134338e+01 -1.100000e+02
      vertex   4.245288e+01 -2.240838e+01 -1.100000e+02
    endloop
  endfacet
  facet normal -9.451762e-01 3.265607e-01 -1.383450e-16
    outer loop
      vertex   4.245288e+01 -2.240838e+01 -9.500000e+01
      vertex   4.245288e+01 -2.240838e+01 -1.100000e+02
      vertex   4.210023e+01 -2.342909e+01 -9.500000e+01
    endloop
  endfacet
  facet normal -9.451762e-01 3.265607e-01 3.867255e-16
    outer loop
      vertex   4.210023e+01 -2.342909e+01 -9.500000e+01
      vertex   4.245288e+01 -2.240838e+01 -1.100000e+02
      vertex   4.210023e+01 -2.342909e+01 -1.100000e+02
    endloop
  endfacet
  facet normal -8.780646e-01 4.785422e-01 5.667078e-16
    outer loop
      vertex   4.210023e+01 -2.342909e+01 -9.500000e+01
      vertex   4.210023e+01 -2.342909e+01 -1.100000e+02
      vertex   4.158345e+01 -2.437731e+01 -9.500000e+01
    endloop
  endfacet
  facet normal -8.780646e-01 4.785422e-01 5.667078e-16
    outer loop
      vertex   4.158345e+01 -2.437731e+01 -9.500000e+01
      vertex   4.210023e+01 -2.342909e+01 -1.100000e+02
      vertex   4.158345e+01 -2.437731e+01 -1.100000e+02
    endloop
  endfacet
  facet normal -7.867163e-01 6.173148e-01 7.310476e-16
    outer loop
      vertex   4.158345e+01 -2.437731e+01 -9.500000e+01
      vertex   4.158345e+01 -2.437731e+01 -1.100000e+02
      vertex   4.091680e+01 -2.522689e+01 -9.500000e+01
    endloop
  endfacet
  facet normal -7.867163e-01 6.173148e-01 5.848380e-16
    outer loop
      vertex   4.091680e+01 -2.522689e+01 -9.500000e+01
      vertex   4.158345e+01 -2.437731e+01 -1.100000e+02
      vertex   4.091680e+01 -2.522689e+01 -1.100000e+02
    endloop
  endfacet
  facet normal -6.736527e-01 7.390480e-01 7.001670e-16
    outer loop
      vertex   4.091680e+01 -2.522689e+01 -9.500000e+01
      vertex   4.091680e+01 -2.522689e+01 -1.100000e+02
      vertex   4.011870e+01 -2.595438e+01 -9.500000e+01
    endloop
  endfacet
  facet normal -6.736527e-01 7.390480e-01 3.810609e-16
    outer loop
      vertex   4.011870e+01 -2.595438e+01 -9.500000e+01
      vertex   4.091680e+01 -2.522689e+01 -1.100000e+02
      vertex   4.011870e+01 -2.595438e+01 -1.100000e+02
    endloop
  endfacet
  facet normal -5.419948e-01 8.403819e-01 5.394293e-16
    outer loop
      vertex   4.011870e+01 -2.595438e+01 -9.500000e+01
      vertex   4.011870e+01 -2.595438e+01 -1.100000e+02
      vertex   3.921117e+01 -2.653968e+01 -9.500000e+01
    endloop
  endfacet
  facet normal -5.419948e-01 8.403819e-01 3.403869e-16
    outer loop
      vertex   3.921117e+01 -2.653968e+01 -9.500000e+01
      vertex   4.011870e+01 -2.595438e+01 -1.100000e+02
      vertex   3.921117e+01 -2.653968e+01 -1.100000e+02
    endloop
  endfacet
  facet normal -3.953765e-01 9.185191e-01 4.653592e-16
    outer loop
      vertex   3.921117e+01 -2.653968e+01 -9.500000e+01
      vertex   3.921117e+01 -2.653968e+01 -1.100000e+02
      vertex   3.821925e+01 -2.696665e+01 -9.500000e+01
    endloop
  endfacet
  facet normal -3.953765e-01 9.185191e-01 6.829082e-16
    outer loop
      vertex   3.821925e+01 -2.696665e+01 -9.500000e+01
      vertex   3.921117e+01 -2.653968e+01 -1.100000e+02
      vertex   3.821925e+01 -2.696665e+01 -1.100000e+02
    endloop
  endfacet
  facet normal -2.378449e-01 9.713031e-01 8.075372e-16
    outer loop
      vertex   3.821925e+01 -2.696665e+01 -9.500000e+01
      vertex   3.821925e+01 -2.696665e+01 -1.100000e+02
      vertex   3.717033e+01 -2.722350e+01 -9.500000e+01
    endloop
  endfacet
  facet normal -2.378449e-01 9.713031e-01 1.150254e-15
    outer loop
      vertex   3.717033e+01 -2.722350e+01 -9.500000e+01
      vertex   3.821925e+01 -2.696665e+01 -1.100000e+02
      vertex   3.717033e+01 -2.722350e+01 -1.100000e+02
    endloop
  endfacet
  facet normal -7.374826e-02 9.972769e-01 1.181013e-15
    outer loop
      vertex   3.717033e+01 -2.722350e+01 -9.500000e+01
      vertex   3.717033e+01 -2.722350e+01 -1.100000e+02
      vertex   3.609337e+01 -2.730314e+01 -9.500000e+01
    endloop
  endfacet
  facet normal -7.374826e-02 9.972769e-01 1.417216e-15
    outer loop
      vertex   3.609337e+01 -2.730314e+01 -9.500000e+01
      vertex   3.717033e+01 -2.722350e+01 -1.100000e+02
      vertex   3.609337e+01 -2.730314e+01 -1.100000e+02
    endloop
  endfacet
  facet normal -1.457136e-03 9.999989e-01 9.470442e-16
    outer loop
      vertex   2.946323e+01 1.439903e+01 -9.500000e+01
      vertex   3.609337e+01 1.440869e+01 -9.500000e+01
      vertex   2.946323e+01 1.439903e+01 -1.100000e+02
    endloop
  endfacet
  facet normal -1.457136e-03 9.999989e-01 9.466547e-16
    outer loop
      vertex   2.946323e+01 1.439903e+01 -1.100000e+02
      vertex   3.609337e+01 1.440869e+01 -9.500000e+01
      vertex   3.609337e+01 1.440869e+01 -1.100000e+02
    endloop
  endfacet
  facet normal 1.456945e-03 -9.999989e-01 -9.473893e-16
    outer loop
      vertex   2.672467e+01 2.739504e+01 -1.100000e+02
      vertex   3.609337e+01 2.740869e+01 -1.100000e+02
      vertex   2.672467e+01 2.739504e+01 -9.500000e+01
    endloop
  endfacet
  facet normal 1.456945e-03 -9.999989e-01 -1.420459e-15
    outer loop
      vertex   2.672467e+01 2.739504e+01 -9.500000e+01
      vertex   3.609337e+01 2.740869e+01 -1.100000e+02
      vertex   3.609337e+01 2.740869e+01 -9.500000e+01
    endloop
  endfacet
  facet normal 0.000000e+00 0.000000e+00 1.000000e+00
    outer loop
      vertex   3.318762e+01 2.016262e+01 -1.100000e+02
      vertex   3.309337e+01 2.090869e+01 -1.100000e+02
      vertex   2.672467e+01 2.454571e+01 -1.100000e+02
    endloop
  endfacet
  facet normal 0.000000e+00 0.000000e+00 1.000000e+00
    outer loop
      vertex   2.672467e+01 2.454571e+01 -1.100000e+02
      vertex   3.309337e+01 2.090869e+01 -1.100000e+02
      vertex   3.318762e+01 2.165476e+01 -1.100000e+02
    endloop
  endfacet
  facet normal 0.000000e+00 0.000000e+00 1.000000e+00
    outer loop
      vertex   2.672467e+01 2.454571e+01 -1.100000e+02
      vertex   3.318762e+01 2.165476e+01 -1.100000e+02
      vertex   3.346445e+01 2.235396e+01 -1.100000e+02
    endloop
  endfacet
  facet normal 0.000000e+00 -0.000000e+00 1.000000e+00
    outer loop
      vertex   3.346445e+01 2.235396e+01 -1.100000e+02
      vertex   3.390646e+01 2.296234e+01 -1.100000e+02
      vertex   2.672467e+01 2.454571e+01 -1.100000e+02
    endloop
  endfacet
  facet normal 0.000000e+00 0.000000e+00 1.000000e+00
    outer loop
      vertex   2.672467e+01 2.454571e+01 -1.100000e+02
      vertex   3.390646e+01 2.296234e+01 -1.100000e+02
      vertex   3.448589e+01 2.344168e+01 -1.100000e+02
    endloop
  endfacet
  facet normal -0.000000e+00 0.000000e+00 1.000000e+00
    outer loop
      vertex   2.672467e+01 2.454571e+01 -1.100000e+02
      vertex   3.448589e+01 2.344168e+01 -1.100000e+02
      vertex   2.672467e+01 2.739504e+01 -1.100000e+02
    endloop
  endfacet
  facet normal -0.000000e+00 0.000000e+00 1.000000e+00
    outer loop
      vertex   2.672467e+01 2.739504e+01 -1.100000e+02
      vertex   3.448589e+01 2.344168e+01 -1.100000e+02
      vertex   3.609337e+01 2.740869e+01 -1.100000e+02
    endloop
  endfacet
  facet normal 0.000000e+00 0.000000e+00 1.000000e+00
    outer loop
      vertex   3.609337e+01 2.740869e+01 -1.100000e+02
      vertex   3.448589e+01 2.344168e+01 -1.100000e+02
      vertex   3.516632e+01 2.376186e+01 -1.100000e+02
    endloop
  endfacet
  facet normal 0.000000e+00 0.000000e+00 1.000000e+00
    outer loop
      vertex   3.609337e+01 2.740869e+01 -1.100000e+02
      vertex   3.516632e+01 2.376186e+01 -1.100000e+02
      vertex   3.590500e+01 2.390277e+01 -1.100000e+02
    endloop
  endfacet
  facet normal 0.000000e+00 0.000000e+00 1.000000e+00
    outer loop
      vertex   3.609337e+01 2.740869e+01 -1.100000e+02
      vertex   3.590500e+01 2.390277e+01 -1.100000e+02
      vertex   3.716323e+01 2.732004e+01 -1.100000e+02
    endloop
  endfacet
  facet normal 0.000000e+00 0.000000e+00 1.000000e+00
    outer loop
      vertex   3.716323e+01 2.732004e+01 -1.100000e+02
      vertex   3.590500e+01 2.390277e+01 -1.100000e+02
      vertex   3.665551e+01 2.385556e+01 -1.100000e+02
    endloop
  endfacet
  facet normal 0.000000e+00 0.000000e+00 1.000000e+00
    outer loop
      vertex   3.716323e+01 2.732004e+01 -1.100000e+02
      vertex   3.665551e+01 2.385556e+01 -1.100000e+02
      vertex   3.820391e+01 2.705651e+01 -1.100000e+02
    endloop
  endfacet
  facet normal 0.000000e+00 0.000000e+00 1.000000e+00
    outer loop
      vertex   3.820391e+01 2.705651e+01 -1.100000e+02
      vertex   3.665551e+01 2.385556e+01 -1.100000e+02
      vertex   3.918703e+01 2.662527e+01 -1.100000e+02
    endloop
  endfacet
  facet normal 0.000000e+00 0.000000e+00 1.000000e+00
    outer loop
      vertex   3.918703e+01 2.662527e+01 -1.100000e+02
      vertex   3.665551e+01 2.385556e+01 -1.100000e+02
      vertex   3.737071e+01 2.362318e+01 -1.100000e+02
    endloop
  endfacet
  facet normal 0.000000e+00 0.000000e+00 1.000000e+00
    outer loop
      vertex   3.918703e+01 2.662527e+01 -1.100000e+02
      vertex   3.737071e+01 2.362318e+01 -1.100000e+02
      vertex   4.008575e+01 2.603811e+01 -1.100000e+02
    endloop
  endfacet
  facet normal 0.000000e+00 0.000000e+00 1.000000e+00
    outer loop
      vertex   4.008575e+01 2.603811e+01 -1.100000e+02
      vertex   3.737071e+01 2.362318e+01 -1.100000e+02
      vertex   3.800564e+01 2.322023e+01 -1.100000e+02
    endloop
  endfacet
  facet normal 0.000000e+00 0.000000e+00 1.000000e+00
    outer loop
      vertex   4.008575e+01 2.603811e+01 -1.100000e+02
      vertex   3.800564e+01 2.322023e+01 -1.100000e+02
      vertex   4.087557e+01 2.531102e+01 -1.100000e+02
    endloop
  endfacet
  facet normal 0.000000e+00 0.000000e+00 1.000000e+00
    outer loop
      vertex   4.087557e+01 2.531102e+01 -1.100000e+02
      vertex   3.800564e+01 2.322023e+01 -1.100000e+02
      vertex   4.153495e+01 2.446386e+01 -1.100000e+02
    endloop
  endfacet
  facet normal 0.000000e+00 0.000000e+00 1.000000e+00
    outer loop
      vertex   4.153495e+01 2.446386e+01 -1.100000e+02
      vertex   3.800564e+01 2.322023e+01 -1.100000e+02
      vertex   3.852042e+01 2.267205e+01 -1.100000e+02
    endloop
  endfacet
  facet normal 0.000000e+00 0.000000e+00 1.000000e+00
    outer loop
      vertex   4.153495e+01 2.446386e+01 -1.100000e+02
      vertex   3.852042e+01 2.267205e+01 -1.100000e+02
      vertex   4.204589e+01 2.351971e+01 -1.100000e+02
    endloop
  endfacet
  facet normal 0.000000e+00 0.000000e+00 1.000000e+00
    outer loop
      vertex   4.204589e+01 2.351971e+01 -1.100000e+02
      vertex   3.852042e+01 2.267205e+01 -1.100000e+02
      vertex   3.888270e+01 2.201307e+01 -1.100000e+02
    endloop
  endfacet
  facet normal 0.000000e+00 0.000000e+00 1.000000e+00
    outer loop
      vertex   4.204589e+01 2.351971e+01 -1.100000e+02
      vertex   3.888270e+01 2.201307e+01 -1.100000e+02
      vertex   4.239447e+01 2.250435e+01 -1.100000e+02
    endloop
  endfacet
  facet normal 0.000000e+00 0.000000e+00 1.000000e+00
    outer loop
      vertex   4.239447e+01 2.250435e+01 -1.100000e+02
      vertex   3.888270e+01 2.201307e+01 -1.100000e+02
      vertex   3.906971e+01 2.128469e+01 -1.100000e+02
    endloop
  endfacet
  facet normal 0.000000e+00 0.000000e+00 1.000000e+00
    outer loop
      vertex   4.239447e+01 2.250435e+01 -1.100000e+02
      vertex   3.906971e+01 2.128469e+01 -1.100000e+02
      vertex   4.257117e+01 2.144546e+01 -1.100000e+02
    endloop
  endfacet
  facet normal 0.000000e+00 0.000000e+00 1.000000e+00
    outer loop
      vertex   4.257117e+01 2.144546e+01 -1.100000e+02
      vertex   3.906971e+01 2.128469e+01 -1.100000e+02
      vertex   4.257117e+01 2.037193e+01 -1.100000e+02
    endloop
  endfacet
  facet normal 0.000000e+00 0.000000e+00 1.000000e+00
    outer loop
      vertex   4.257117e+01 2.037193e+01 -1.100000e+02
      vertex   3.906971e+01 2.128469e+01 -1.100000e+02
      vertex   3.906971e+01 2.053269e+01 -1.100000e+02
    endloop
  endfacet
  facet normal 0.000000e+00 0.000000e+00 1.000000e+00
    outer loop
      vertex   4.257117e+01 2.037193e+01 -1.100000e+02
      vertex   3.906971e+01 2.053269e+01 -1.100000e+02
      vertex   4.239447e+01 1.931304e+01 -1.100000e+02
    endloop
  endfacet
  facet normal 0.000000e+00 0.000000e+00 1.000000e+00
    outer loop
      vertex   4.239447e+01 1.931304e+01 -1.100000e+02
      vertex   3.906971e+01 2.053269e+01 -1.100000e+02
      vertex   3.888270e+01 1.980432e+01 -1.100000e+02
    endloop
  endfacet
  facet normal 0.000000e+00 0.000000e+00 1.000000e+00
    outer loop
      vertex   4.239447e+01 1.931304e+01 -1.100000e+02
      vertex   3.888270e+01 1.980432e+01 -1.100000e+02
      vertex   4.204589e+01 1.829767e+01 -1.100000e+02
    endloop
  endfacet
  facet normal 0.000000e+00 0.000000e+00 1.000000e+00
    outer loop
      vertex   4.204589e+01 1.829767e+01 -1.100000e+02
      vertex   3.888270e+01 1.980432e+01 -1.100000e+02
      vertex   3.852042e+01 1.914534e+01 -1.100000e+02
    endloop
  endfacet
  facet normal 0.000000e+00 0.000000e+00 1.000000e+00
    outer loop
      vertex   4.204589e+01 1.829767e+01 -1.100000e+02
      vertex   3.852042e+01 1.914534e+01 -1.100000e+02
      vertex   4.153495e+01 1.735353e+01 -1.100000e+02
    endloop
  endfacet
  facet normal 0.000000e+00 0.000000e+00 1.000000e+00
    outer loop
      vertex   4.153495e+01 1.735353e+01 -1.100000e+02
      vertex   3.852042e+01 1.914534e+01 -1.100000e+02
      vertex   3.800564e+01 1.859715e+01 -1.100000e+02
    endloop
  endfacet
  facet normal 0.000000e+00 0.000000e+00 1.000000e+00
    outer loop
      vertex   4.153495e+01 1.735353e+01 -1.100000e+02
      vertex   3.800564e+01 1.859715e+01 -1.100000e+02
      vertex   4.087557e+01 1.650636e+01 -1.100000e+02
    endloop
  endfacet
  facet normal 0.000000e+00 0.000000e+00 1.000000e+00
    outer loop
      vertex   4.087557e+01 1.650636e+01 -1.100000e+02
      vertex   3.800564e+01 1.859715e+01 -1.100000e+02
      vertex   4.008575e+01 1.577928e+01 -1.100000e+02
    endloop
  endfacet
  facet normal 0.000000e+00 0.000000e+00 1.000000e+00
    outer loop
      vertex   4.008575e+01 1.577928e+01 -1.100000e+02
      vertex   3.800564e+01 1.859715e+01 -1.100000e+02
      vertex   3.737071e+01 1.819421e+01 -1.100000e+02
    endloop
  endfacet
  facet normal 0.000000e+00 0.000000e+00 1.000000e+00
    outer loop
      vertex   4.008575e+01 1.577928e+01 -1.100000e+02
      vertex   3.737071e+01 1.819421e+01 -1.100000e+02
      vertex   3.918703e+01 1.519211e+01 -1.100000e+02
    endloop
  endfacet
  facet normal 0.000000e+00 0.000000e+00 1.000000e+00
    outer loop
      vertex   3.918703e+01 1.519211e+01 -1.100000e+02
      vertex   3.737071e+01 1.819421e+01 -1.100000e+02
      vertex   3.665551e+01 1.796183e+01 -1.100000e+02
    endloop
  endfacet
  facet normal 0.000000e+00 0.000000e+00 1.000000e+00
    outer loop
      vertex   3.918703e+01 1.519211e+01 -1.100000e+02
      vertex   3.665551e+01 1.796183e+01 -1.100000e+02
      vertex   3.820391e+01 1.476088e+01 -1.100000e+02
    endloop
  endfacet
  facet normal 0.000000e+00 0.000000e+00 1.000000e+00
    outer loop
      vertex   3.820391e+01 1.476088e+01 -1.100000e+02
      vertex   3.665551e+01 1.796183e+01 -1.100000e+02
      vertex   3.716323e+01 1.449735e+01 -1.100000e+02
    endloop
  endfacet
  facet normal 0.000000e+00 0.000000e+00 1.000000e+00
    outer loop
      vertex   3.716323e+01 1.449735e+01 -1.100000e+02
      vertex   3.665551e+01 1.796183e+01 -1.100000e+02
      vertex   3.590500e+01 1.791461e+01 -1.100000e+02
    endloop
  endfacet
  facet normal 0.000000e+00 0.000000e+00 1.000000e+00
    outer loop
      vertex   3.716323e+01 1.449735e+01 -1.100000e+02
      vertex   3.590500e+01 1.791461e+01 -1.100000e+02
      vertex   3.609337e+01 1.440869e+01 -1.100000e+02
    endloop
  endfacet
  facet normal 0.000000e+00 0.000000e+00 1.000000e+00
    outer loop
      vertex   3.609337e+01 1.440869e+01 -1.100000e+02
      vertex   3.590500e+01 1.791461e+01 -1.100000e+02
      vertex   3.516632e+01 1.805552e+01 -1.100000e+02
    endloop
  endfacet
  facet normal 0.000000e+00 0.000000e+00 1.000000e+00
    outer loop
      vertex   3.609337e+01 1.440869e+01 -1.100000e+02
      vertex   3.516632e+01 1.805552e+01 -1.100000e+02
      vertex   3.448589e+01 1.837571e+01 -1.100000e+02
    endloop
  endfacet
  facet normal 0.000000e+00 0.000000e+00 1.000000e+00
    outer loop
      vertex   3.609337e+01 1.440869e+01 -1.100000e+02
      vertex   3.448589e+01 1.837571e+01 -1.100000e+02
      vertex   2.946323e+01 1.439903e+01 -1.100000e+02
    endloop
  endfacet
  facet normal 0.000000e+00 0.000000e+00 1.000000e+00
    outer loop
      vertex   2.946323e+01 1.439903e+01 -1.100000e+02
      vertex   3.448589e+01 1.837571e+01 -1.100000e+02
      vertex   3.390646e+01 1.885505e+01 -1.100000e+02
    endloop
  endfacet
  facet normal 0.000000e+00 0.000000e+00 1.000000e+00
    outer loop
      vertex   2.946323e+01 1.439903e+01 -1.100000e+02
      vertex   3.390646e+01 1.885505e+01 -1.100000e+02
      vertex   3.346445e+01 1.946343e+01 -1.100000e+02
    endloop
  endfacet
  facet normal 0.000000e+00 0.000000e+00 1.000000e+00
    outer loop
      vertex   3.346445e+01 1.946343e+01 -1.100000e+02
      vertex   3.318762e+01 2.016262e+01 -1.100000e+02
      vertex   2.946323e+01 1.439903e+01 -1.100000e+02
    endloop
  endfacet
  facet normal 0.000000e+00 -0.000000e+00 1.000000e+00
    outer loop
      vertex   2.946323e+01 1.439903e+01 -1.100000e+02
      vertex   3.318762e+01 2.016262e+01 -1.100000e+02
      vertex   2.672467e+01 2.454571e+01 -1.100000e+02
    endloop
  endfacet
  facet normal 0.000000e+00 0.000000e+00 -1.000000e+00
    outer loop
      vertex   2.672467e+01 2.454571e+01 -9.500000e+01
      vertex   3.318762e+01 2.016262e+01 -9.500000e+01
      vertex   2.946323e+01 1.439903e+01 -9.500000e+01
    endloop
  endfacet
  facet normal 0.000000e+00 0.000000e+00 -1.000000e+00
    outer loop
      vertex   2.946323e+01 1.439903e+01 -9.500000e+01
      vertex   3.318762e+01 2.016262e+01 -9.500000e+01
      vertex   3.346445e+01 1.946343e+01 -9.500000e+01
    endloop
  endfacet
  facet normal 0.000000e+00 0.000000e+00 -1.000000e+00
    outer loop
      vertex   2.946323e+01 1.439903e+01 -9.500000e+01
      vertex   3.346445e+01 1.946343e+01 -9.500000e+01
      vertex   3.390646e+01 1.885505e+01 -9.500000e+01
    endloop
  endfacet
  facet normal 0.000000e+00 -0.000000e+00 -1.000000e+00
    outer loop
      vertex   2.672467e+01 2.739504e+01 -9.500000e+01
      vertex   3.448589e+01 2.344168e+01 -9.500000e+01
      vertex   2.672467e+01 2.454571e+01 -9.500000e+01
    endloop
  endfacet
  facet normal 0.000000e+00 0.000000e+00 -1.000000e+00
    outer loop
      vertex   2.672467e+01 2.454571e+01 -9.500000e+01
      vertex   3.448589e+01 2.344168e+01 -9.500000e+01
      vertex   3.390646e+01 2.296234e+01 -9.500000e+01
    endloop
  endfacet
  facet normal 0.000000e+00 0.000000e+00 -1.000000e+00
    outer loop
      vertex   2.672467e+01 2.454571e+01 -9.500000e+01
      vertex   3.390646e+01 2.296234e+01 -9.500000e+01
      vertex   3.346445e+01 2.235396e+01 -9.500000e+01
    endloop
  endfacet
  facet normal 0.000000e+00 0.000000e+00 -1.000000e+00
    outer loop
      vertex   2.672467e+01 2.739504e+01 -9.500000e+01
      vertex   3.609337e+01 2.740869e+01 -9.500000e+01
      vertex   3.448589e+01 2.344168e+01 -9.500000e+01
    endloop
  endfacet
  facet normal 0.000000e+00 0.000000e+00 -1.000000e+00
    outer loop
      vertex   3.448589e+01 2.344168e+01 -9.500000e+01
      vertex   3.609337e+01 2.740869e+01 -9.500000e+01
      vertex   3.516632e+01 2.376186e+01 -9.500000e+01
    endloop
  endfacet
  facet normal 0.000000e+00 0.000000e+00 -1.000000e+00
    outer loop
      vertex   3.516632e+01 2.376186e+01 -9.500000e+01
      vertex   3.609337e+01 2.740869e+01 -9.500000e+01
      vertex   3.590500e+01 2.390277e+01 -9.500000e+01
    endloop
  endfacet
  facet normal 0.000000e+00 0.000000e+00 -1.000000e+00
    outer loop
      vertex   3.590500e+01 2.390277e+01 -9.500000e+01
      vertex   3.609337e+01 2.740869e+01 -9.500000e+01
      vertex   3.716323e+01 2.732004e+01 -9.500000e+01
    endloop
  endfacet
  facet normal 0.000000e+00 0.000000e+00 -1.000000e+00
    outer loop
      vertex   3.590500e+01 2.390277e+01 -9.500000e+01
      vertex   3.716323e+01 2.732004e+01 -9.500000e+01
      vertex   3.665551e+01 2.385556e+01 -9.500000e+01
    endloop
  endfacet
  facet normal 0.000000e+00 0.000000e+00 -1.000000e+00
    outer loop
      vertex   3.665551e+01 2.385556e+01 -9.500000e+01
      vertex   3.716323e+01 2.732004e+01 -9.500000e+01
      vertex   3.820391e+01 2.705651e+01 -9.500000e+01
    endloop
  endfacet
  facet normal 0.000000e+00 0.000000e+00 -1.000000e+00
    outer loop
      vertex   3.665551e+01 2.385556e+01 -9.500000e+01
      vertex   3.820391e+01 2.705651e+01 -9.500000e+01
      vertex   3.918703e+01 2.662527e+01 -9.500000e+01
    endloop
  endfacet
  facet normal 0.000000e+00 0.000000e+00 -1.000000e+00
    outer loop
      vertex   3.665551e+01 2.385556e+01 -9.500000e+01
      vertex   3.918703e+01 2.662527e+01 -9.500000e+01
      vertex   3.737071e+01 2.362318e+01 -9.500000e+01
    endloop
  endfacet
  facet normal 0.000000e+00 0.000000e+00 -1.000000e+00
    outer loop
      vertex   3.737071e+01 2.362318e+01 -9.500000e+01
      vertex   3.918703e+01 2.662527e+01 -9.500000e+01
      vertex   4.008575e+01 2.603811e+01 -9.500000e+01
    endloop
  endfacet
  facet normal 0.000000e+00 0.000000e+00 -1.000000e+00
    outer loop
      vertex   3.737071e+01 2.362318e+01 -9.500000e+01
      vertex   4.008575e+01 2.603811e+01 -9.500000e+01
      vertex   3.800564e+01 2.322023e+01 -9.500000e+01
    endloop
  endfacet
  facet normal 0.000000e+00 0.000000e+00 -1.000000e+00
    outer loop
      vertex   3.800564e+01 2.322023e+01 -9.500000e+01
      vertex   4.008575e+01 2.603811e+01 -9.500000e+01
      vertex   4.087557e+01 2.531102e+01 -9.500000e+01
    endloop
  endfacet
  facet normal 0.000000e+00 0.000000e+00 -1.000000e+00
    outer loop
      vertex   3.800564e+01 2.322023e+01 -9.500000e+01
      vertex   4.087557e+01 2.531102e+01 -9.500000e+01
      vertex   4.153495e+01 2.446386e+01 -9.500000e+01
    endloop
  endfacet
  facet normal 0.000000e+00 0.000000e+00 -1.000000e+00
    outer loop
      vertex   3.800564e+01 2.322023e+01 -9.500000e+01
      vertex   4.153495e+01 2.446386e+01 -9.500000e+01
      vertex   3.852042e+01 2.267205e+01 -9.500000e+01
    endloop
  endfacet
  facet normal 0.000000e+00 0.000000e+00 -1.000000e+00
    outer loop
      vertex   3.852042e+01 2.267205e+01 -9.500000e+01
      vertex   4.153495e+01 2.446386e+01 -9.500000e+01
      vertex   4.204589e+01 2.351971e+01 -9.500000e+01
    endloop
  endfacet
  facet normal 0.000000e+00 0.000000e+00 -1.000000e+00
    outer loop
      vertex   3.852042e+01 2.267205e+01 -9.500000e+01
      vertex   4.204589e+01 2.351971e+01 -9.500000e+01
      vertex   3.888270e+01 2.201307e+01 -9.500000e+01
    endloop
  endfacet
  facet normal 0.000000e+00 0.000000e+00 -1.000000e+00
    outer loop
      vertex   3.888270e+01 2.201307e+01 -9.500000e+01
      vertex   4.204589e+01 2.351971e+01 -9.500000e+01
      vertex   4.239447e+01 2.250435e+01 -9.500000e+01
    endloop
  endfacet
  facet normal 0.000000e+00 0.000000e+00 -1.000000e+00
    outer loop
      vertex   3.888270e+01 2.201307e+01 -9.500000e+01
      vertex   4.239447e+01 2.250435e+01 -9.500000e+01
      vertex   3.906971e+01 2.128469e+01 -9.500000e+01
    endloop
  endfacet
  facet normal 0.000000e+00 0.000000e+00 -1.000000e+00
    outer loop
      vertex   3.906971e+01 2.128469e+01 -9.500000e+01
      vertex   4.239447e+01 2.250435e+01 -9.500000e+01
      vertex   4.257117e+01 2.144546e+01 -9.500000e+01
    endloop
  endfacet
  facet normal 0.000000e+00 0.000000e+00 -1.000000e+00
    outer loop
      vertex   3.906971e+01 2.128469e+01 -9.500000e+01
      vertex   4.257117e+01 2.144546e+01 -9.500000e+01
      vertex   4.257117e+01 2.037193e+01 -9.500000e+01
    endloop
  endfacet
  facet normal 0.000000e+00 0.000000e+00 -1.000000e+00
    outer loop
      vertex   3.906971e+01 2.128469e+01 -9.500000e+01
      vertex   4.257117e+01 2.037193e+01 -9.500000e+01
      vertex   3.906971e+01 2.053269e+01 -9.500000e+01
    endloop
  endfacet
  facet normal 0.000000e+00 0.000000e+00 -1.000000e+00
    outer loop
      vertex   3.906971e+01 2.053269e+01 -9.500000e+01
      vertex   4.257117e+01 2.037193e+01 -9.500000e+01
      vertex   4.239447e+01 1.931304e+01 -9.500000e+01
    endloop
  endfacet
  facet normal 0.000000e+00 -0.000000e+00 -1.000000e+00
    outer loop
      vertex   3.906971e+01 2.053269e+01 -9.500000e+01
      vertex   4.239447e+01 1.931304e+01 -9.500000e+01
      vertex   3.888270e+01 1.980432e+01 -9.500000e+01
    endloop
  endfacet
  facet normal 0.000000e+00 0.000000e+00 -1.000000e+00
    outer loop
      vertex   3.888270e+01 1.980432e+01 -9.500000e+01
      vertex   4.239447e+01 1.931304e+01 -9.500000e+01
      vertex   4.204589e+01 1.829767e+01 -9.500000e+01
    endloop
  endfacet
  facet normal 0.000000e+00 -0.000000e+00 -1.000000e+00
    outer loop
      vertex   3.888270e+01 1.980432e+01 -9.500000e+01
      vertex   4.204589e+01 1.829767e+01 -9.500000e+01
      vertex   3.852042e+01 1.914534e+01 -9.500000e+01
    endloop
  endfacet
  facet normal 0.000000e+00 0.000000e+00 -1.000000e+00
    outer loop
      vertex   3.852042e+01 1.914534e+01 -9.500000e+01
      vertex   4.204589e+01 1.829767e+01 -9.500000e+01
      vertex   4.153495e+01 1.735353e+01 -9.500000e+01
    endloop
  endfacet
  facet normal 0.000000e+00 -0.000000e+00 -1.000000e+00
    outer loop
      vertex   3.852042e+01 1.914534e+01 -9.500000e+01
      vertex   4.153495e+01 1.735353e+01 -9.500000e+01
      vertex   3.800564e+01 1.859715e+01 -9.500000e+01
    endloop
  endfacet
  facet normal 0.000000e+00 0.000000e+00 -1.000000e+00
    outer loop
      vertex   3.800564e+01 1.859715e+01 -9.500000e+01
      vertex   4.153495e+01 1.735353e+01 -9.500000e+01
      vertex   4.087557e+01 1.650636e+01 -9.500000e+01
    endloop
  endfacet
  facet normal 0.000000e+00 0.000000e+00 -1.000000e+00
    outer loop
      vertex   3.800564e+01 1.859715e+01 -9.500000e+01
      vertex   4.087557e+01 1.650636e+01 -9.500000e+01
      vertex   4.008575e+01 1.577928e+01 -9.500000e+01
    endloop
  endfacet
  facet normal 0.000000e+00 -0.000000e+00 -1.000000e+00
    outer loop
      vertex   3.800564e+01 1.859715e+01 -9.500000e+01
      vertex   4.008575e+01 1.577928e+01 -9.500000e+01
      vertex   3.737071e+01 1.819421e+01 -9.500000e+01
    endloop
  endfacet
  facet normal 0.000000e+00 0.000000e+00 -1.000000e+00
    outer loop
      vertex   3.737071e+01 1.819421e+01 -9.500000e+01
      vertex   4.008575e+01 1.577928e+01 -9.500000e+01
      vertex   3.918703e+01 1.519211e+01 -9.500000e+01
    endloop
  endfacet
  facet normal 0.000000e+00 -0.000000e+00 -1.000000e+00
    outer loop
      vertex   3.737071e+01 1.819421e+01 -9.500000e+01
      vertex   3.918703e+01 1.519211e+01 -9.500000e+01
      vertex   3.665551e+01 1.796183e+01 -9.500000e+01
    endloop
  endfacet
  facet normal 0.000000e+00 0.000000e+00 -1.000000e+00
    outer loop
      vertex   3.665551e+01 1.796183e+01 -9.500000e+01
      vertex   3.918703e+01 1.519211e+01 -9.500000e+01
      vertex   3.820391e+01 1.476088e+01 -9.500000e+01
    endloop
  endfacet
  facet normal 0.000000e+00 0.000000e+00 -1.000000e+00
    outer loop
      vertex   3.665551e+01 1.796183e+01 -9.500000e+01
      vertex   3.820391e+01 1.476088e+01 -9.500000e+01
      vertex   3.716323e+01 1.449735e+01 -9.500000e+01
    endloop
  endfacet
  facet normal 0.000000e+00 -0.000000e+00 -1.000000e+00
    outer loop
      vertex   3.665551e+01 1.796183e+01 -9.500000e+01
      vertex   3.716323e+01 1.449735e+01 -9.500000e+01
      vertex   3.590500e+01 1.791461e+01 -9.500000e+01
    endloop
  endfacet
  facet normal 0.000000e+00 0.000000e+00 -1.000000e+00
    outer loop
      vertex   3.590500e+01 1.791461e+01 -9.500000e+01
      vertex   3.716323e+01 1.449735e+01 -9.500000e+01
      vertex   3.609337e+01 1.440869e+01 -9.500000e+01
    endloop
  endfacet
  facet normal -0.000000e+00 -0.000000e+00 -1.000000e+00
    outer loop
      vertex   3.590500e+01 1.791461e+01 -9.500000e+01
      vertex   3.609337e+01 1.440869e+01 -9.500000e+01
      vertex   3.516632e+01 1.805552e+01 -9.500000e+01
    endloop
  endfacet
  facet normal -0.000000e+00 -0.000000e+00 -1.000000e+00
    outer loop
      vertex   3.516632e+01 1.805552e+01 -9.500000e+01
      vertex   3.609337e+01 1.440869e+01 -9.500000e+01
      vertex   3.448589e+01 1.837571e+01 -9.500000e+01
    endloop
  endfacet
  facet normal 0.000000e+00 -0.000000e+00 -1.000000e+00
    outer loop
      vertex   3.448589e+01 1.837571e+01 -9.500000e+01
      vertex   3.609337e+01 1.440869e+01 -9.500000e+01
      vertex   2.946323e+01 1.439903e+01 -9.500000e+01
    endloop
  endfacet
  facet normal -0.000000e+00 0.000000e+00 -1.000000e+00
    outer loop
      vertex   3.448589e+01 1.837571e+01 -9.500000e+01
      vertex   2.946323e+01 1.439903e+01 -9.500000e+01
      vertex   3.390646e+01 1.885505e+01 -9.500000e+01
    endloop
  endfacet
  facet normal -0.000000e+00 0.000000e+00 -1.000000e+00
    outer loop
      vertex   3.318762e+01 2.165476e+01 -9.500000e+01
      vertex   3.309337e+01 2.090869e+01 -9.500000e+01
      vertex   2.672467e+01 2.454571e+01 -9.500000e+01
    endloop
  endfacet
  facet normal 0.000000e+00 0.000000e+00 -1.000000e+00
    outer loop
      vertex   2.672467e+01 2.454571e+01 -9.500000e+01
      vertex   3.309337e+01 2.090869e+01 -9.500000e+01
      vertex   3.318762e+01 2.016262e+01 -9.500000e+01
    endloop
  endfacet
  facet normal -0.000000e+00 0.000000e+00 -1.000000e+00
    outer loop
      vertex   3.346445e+01 2.235396e+01 -9.500000e+01
      vertex   3.318762e+01 2.165476e+01 -9.500000e+01
      vertex   2.672467e+01 2.454571e+01 -9.500000e+01
    endloop
  endfacet
  facet normal -8.257935e-02 -9.965845e-01 -1.455349e-15
    outer loop
      vertex   3.609337e+01 2.740869e+01 -9.500000e+01
      vertex   3.609337e+01 2.740869e+01 -1.100000e+02
      vertex   3.716323e+01 2.732004e+01 -9.500000e+01
    endloop
  endfacet
  facet normal -8.257935e-02 -9.965845e-01 -1.219311e-15
    outer loop
      vertex   3.716323e+01 2.732004e+01 -9.500000e+01
      vertex   3.609337e+01 2.740869e+01 -1.100000e+02
      vertex   3.716323e+01 2.732004e+01 -1.100000e+02
    endloop
  endfacet
  facet normal -2.454855e-01 -9.694003e-01 -1.264286e-15
    outer loop
      vertex   3.716323e+01 2.732004e+01 -9.500000e+01
      vertex   3.716323e+01 2.732004e+01 -1.100000e+02
      vertex   3.820391e+01 2.705651e+01 -1.100000e+02
    endloop
  endfacet
  facet normal -2.454855e-01 -9.694003e-01 -1.034178e-15
    outer loop
      vertex   3.716323e+01 2.732004e+01 -9.500000e+01
      vertex   3.820391e+01 2.705651e+01 -1.100000e+02
      vertex   3.820391e+01 2.705651e+01 -9.500000e+01
    endloop
  endfacet
  facet normal -4.016954e-01 -9.157733e-01 -1.057876e-15
    outer loop
      vertex   3.820391e+01 2.705651e+01 -9.500000e+01
      vertex   3.820391e+01 2.705651e+01 -1.100000e+02
      vertex   3.918703e+01 2.662527e+01 -1.100000e+02
    endloop
  endfacet
  facet normal -4.016954e-01 -9.157733e-01 -1.275487e-15
    outer loop
      vertex   3.820391e+01 2.705651e+01 -9.500000e+01
      vertex   3.918703e+01 2.662527e+01 -1.100000e+02
      vertex   3.918703e+01 2.662527e+01 -9.500000e+01
    endloop
  endfacet
  facet normal -5.469482e-01 -8.371665e-01 -1.250491e-15
    outer loop
      vertex   3.918703e+01 2.662527e+01 -9.500000e+01
      vertex   3.918703e+01 2.662527e+01 -1.100000e+02
      vertex   4.008575e+01 2.603811e+01 -1.100000e+02
    endloop
  endfacet
  facet normal -5.469482e-01 -8.371665e-01 -1.047967e-15
    outer loop
      vertex   3.918703e+01 2.662527e+01 -9.500000e+01
      vertex   4.008575e+01 2.603811e+01 -1.100000e+02
      vertex   4.008575e+01 2.603811e+01 -9.500000e+01
    endloop
  endfacet
  facet normal -6.772816e-01 -7.357239e-01 -1.017843e-15
    outer loop
      vertex   4.008575e+01 2.603811e+01 -9.500000e+01
      vertex   4.008575e+01 2.603811e+01 -1.100000e+02
      vertex   4.087557e+01 2.531102e+01 -1.100000e+02
    endloop
  endfacet
  facet normal -6.772816e-01 -7.357239e-01 -1.041073e-15
    outer loop
      vertex   4.008575e+01 2.603811e+01 -9.500000e+01
      vertex   4.087557e+01 2.531102e+01 -1.100000e+02
      vertex   4.087557e+01 2.531102e+01 -9.500000e+01
    endloop
  endfacet
  facet normal -7.891405e-01 -6.142127e-01 -8.728488e-16
    outer loop
      vertex   4.087557e+01 2.531102e+01 -9.500000e+01
      vertex   4.087557e+01 2.531102e+01 -1.100000e+02
      vertex   4.153495e+01 2.446386e+01 -1.100000e+02
    endloop
  endfacet
  facet normal -7.891405e-01 -6.142127e-01 -1.475428e-15
    outer loop
      vertex   4.087557e+01 2.531102e+01 -9.500000e+01
      vertex   4.153495e+01 2.446386e+01 -1.100000e+02
      vertex   4.153495e+01 2.446386e+01 -9.500000e+01
    endloop
  endfacet
  facet normal -8.794738e-01 -4.759474e-01 -1.396840e-15
    outer loop
      vertex   4.153495e+01 2.446386e+01 -9.500000e+01
      vertex   4.153495e+01 2.446386e+01 -1.100000e+02
      vertex   4.204589e+01 2.351971e+01 -1.100000e+02
    endloop
  endfacet
  facet normal -8.794738e-01 -4.759474e-01 -7.549502e-16
    outer loop
      vertex   4.153495e+01 2.446386e+01 -9.500000e+01
      vertex   4.204589e+01 2.351971e+01 -1.100000e+02
      vertex   4.204589e+01 2.351971e+01 -9.500000e+01
    endloop
  endfacet
  facet normal -9.458172e-01 -3.246995e-01 -6.787419e-16
    outer loop
      vertex   4.204589e+01 2.351971e+01 -9.500000e+01
      vertex   4.204589e+01 2.351971e+01 -1.100000e+02
      vertex   4.239447e+01 2.250435e+01 -1.100000e+02
    endloop
  endfacet
  facet normal -9.458172e-01 -3.246995e-01 -3.068062e-16
    outer loop
      vertex   4.204589e+01 2.351971e+01 -9.500000e+01
      vertex   4.239447e+01 2.250435e+01 -1.100000e+02
      vertex   4.239447e+01 2.250435e+01 -9.500000e+01
    endloop
  endfacet
  facet normal -9.863613e-01 -1.645946e-01 -1.559353e-16
    outer loop
      vertex   4.239447e+01 2.250435e+01 -9.500000e+01
      vertex   4.239447e+01 2.250435e+01 -1.100000e+02
      vertex   4.257117e+01 2.144546e+01 -1.100000e+02
    endloop
  endfacet
  facet normal -9.863613e-01 -1.645946e-01 -6.239543e-16
    outer loop
      vertex   4.239447e+01 2.250435e+01 -9.500000e+01
      vertex   4.257117e+01 2.144546e+01 -1.100000e+02
      vertex   4.257117e+01 2.144546e+01 -9.500000e+01
    endloop
  endfacet
  facet normal -1.000000e+00 0.000000e+00 -4.736952e-16
    outer loop
      vertex   4.257117e+01 2.144546e+01 -9.500000e+01
      vertex   4.257117e+01 2.144546e+01 -1.100000e+02
      vertex   4.257117e+01 2.037193e+01 -1.100000e+02
    endloop
  endfacet
  facet normal -1.000000e+00 -0.000000e+00 -4.736952e-16
    outer loop
      vertex   4.257117e+01 2.144546e+01 -9.500000e+01
      vertex   4.257117e+01 2.037193e+01 -1.100000e+02
      vertex   4.257117e+01 2.037193e+01 -9.500000e+01
    endloop
  endfacet
  facet normal -9.863613e-01 1.645946e-01 -3.112993e-16
    outer loop
      vertex   4.257117e+01 2.037193e+01 -9.500000e+01
      vertex   4.257117e+01 2.037193e+01 -1.100000e+02
      vertex   4.239447e+01 1.931304e+01 -1.100000e+02
    endloop
  endfacet
  facet normal -9.863613e-01 1.645946e-01 1.568504e-16
    outer loop
      vertex   4.257117e+01 2.037193e+01 -9.500000e+01
      vertex   4.239447e+01 1.931304e+01 -1.100000e+02
      vertex   4.239447e+01 1.931304e+01 -9.500000e+01
    endloop
  endfacet
  facet normal -9.458172e-01 3.246995e-01 3.076171e-16
    outer loop
      vertex   4.239447e+01 1.931304e+01 -9.500000e+01
      vertex   4.239447e+01 1.931304e+01 -1.100000e+02
      vertex   4.204589e+01 1.829767e+01 -1.100000e+02
    endloop
  endfacet
  facet normal -9.458172e-01 3.246995e-01 -6.205070e-17
    outer loop
      vertex   4.239447e+01 1.931304e+01 -9.500000e+01
      vertex   4.204589e+01 1.829767e+01 -1.100000e+02
      vertex   4.204589e+01 1.829767e+01 -9.500000e+01
    endloop
  endfacet
  facet normal -8.794738e-01 4.759474e-01 1.470325e-16
    outer loop
      vertex   4.204589e+01 1.829767e+01 -9.500000e+01
      vertex   4.204589e+01 1.829767e+01 -1.100000e+02
      vertex   4.153495e+01 1.735353e+01 -1.100000e+02
    endloop
  endfacet
  facet normal -8.794738e-01 4.759474e-01 4.515912e-16
    outer loop
      vertex   4.204589e+01 1.829767e+01 -9.500000e+01
      vertex   4.153495e+01 1.735353e+01 -1.100000e+02
      vertex   4.153495e+01 1.735353e+01 -9.500000e+01
    endloop
  endfacet
  facet normal -7.891405e-01 6.142127e-01 5.818992e-16
    outer loop
      vertex   4.153495e+01 1.735353e+01 -9.500000e+01
      vertex   4.153495e+01 1.735353e+01 -1.100000e+02
      vertex   4.087557e+01 1.650636e+01 -1.100000e+02
    endloop
  endfacet
  facet normal -7.891405e-01 6.142127e-01 5.791399e-16
    outer loop
      vertex   4.153495e+01 1.735353e+01 -9.500000e+01
      vertex   4.087557e+01 1.650636e+01 -1.100000e+02
      vertex   4.087557e+01 1.650636e+01 -9.500000e+01
    endloop
  endfacet
  facet normal -6.772816e-01 7.357239e-01 6.970177e-16
    outer loop
      vertex   4.087557e+01 1.650636e+01 -9.500000e+01
      vertex   4.087557e+01 1.650636e+01 -1.100000e+02
      vertex   4.008575e+01 1.577928e+01 -1.100000e+02
    endloop
  endfacet
  facet normal -6.772816e-01 7.357239e-01 1.447850e-16
    outer loop
      vertex   4.087557e+01 1.650636e+01 -9.500000e+01
      vertex   4.008575e+01 1.577928e+01 -1.100000e+02
      vertex   4.008575e+01 1.577928e+01 -9.500000e+01
    endloop
  endfacet
  facet normal -5.469482e-01 8.371665e-01 3.740905e-16
    outer loop
      vertex   4.008575e+01 1.577928e+01 -9.500000e+01
      vertex   4.008575e+01 1.577928e+01 -1.100000e+02
      vertex   3.918703e+01 1.519211e+01 -1.100000e+02
    endloop
  endfacet
  facet normal -5.469482e-01 8.371665e-01 7.308194e-16
    outer loop
      vertex   4.008575e+01 1.577928e+01 -9.500000e+01
      vertex   3.918703e+01 1.519211e+01 -1.100000e+02
      vertex   3.918703e+01 1.519211e+01 -9.500000e+01
    endloop
  endfacet
  facet normal -4.016954e-01 9.157733e-01 8.942123e-16
    outer loop
      vertex   3.918703e+01 1.519211e+01 -9.500000e+01
      vertex   3.918703e+01 1.519211e+01 -1.100000e+02
      vertex   3.820391e+01 1.476088e+01 -1.100000e+02
    endloop
  endfacet
  facet normal -4.016954e-01 9.157733e-01 9.755749e-16
    outer loop
      vertex   3.918703e+01 1.519211e+01 -9.500000e+01
      vertex   3.820391e+01 1.476088e+01 -1.100000e+02
      vertex   3.820391e+01 1.476088e+01 -9.500000e+01
    endloop
  endfacet
  facet normal -2.454855e-01 9.694003e-01 1.033200e-15
    outer loop
      vertex   3.820391e+01 1.476088e+01 -9.500000e+01
      vertex   3.820391e+01 1.476088e+01 -1.100000e+02
      vertex   3.716323e+01 1.449735e+01 -1.100000e+02
    endloop
  endfacet
  facet normal -2.454855e-01 9.694003e-01 1.147938e-15
    outer loop
      vertex   3.820391e+01 1.476088e+01 -9.500000e+01
      vertex   3.716323e+01 1.449735e+01 -1.100000e+02
      vertex   3.716323e+01 1.449735e+01 -9.500000e+01
    endloop
  endfacet
  facet normal -8.257935e-02 9.965845e-01 1.180193e-15
    outer loop
      vertex   3.716323e+01 1.449735e+01 -9.500000e+01
      vertex   3.716323e+01 1.449735e+01 -1.100000e+02
      vertex   3.609337e+01 1.440869e+01 -9.500000e+01
    endloop
  endfacet
  facet normal -8.257935e-02 9.965845e-01 9.050371e-16
    outer loop
      vertex   3.609337e+01 1.440869e+01 -9.500000e+01
      vertex   3.716323e+01 1.449735e+01 -1.100000e+02
      vertex   3.609337e+01 1.440869e+01 -1.100000e+02
    endloop
  endfacet
  facet normal -9.654540e-01 -2.605734e-01 0.000000e+00
    outer loop
      vertex   2.672467e+01 2.454571e+01 -9.500000e+01
      vertex   2.946323e+01 1.439903e+01 -9.500000e+01
      vertex   2.672467e+01 2.454571e+01 -2.800000e+01
    endloop
  endfacet
  facet normal -9.654540e-01 -2.605734e-01 -8.603370e-17
    outer loop
      vertex   2.672467e+01 2.454571e+01 -2.800000e+01
      vertex   2.946323e+01 1.439903e+01 -9.500000e+01
      vertex   3.071789e+01 9.750381e+00 -8.640416e+01
    endloop
  endfacet
  facet normal -9.654540e-01 -2.605734e-01 2.403735e-17
    outer loop
      vertex   2.672467e+01 2.454571e+01 -2.800000e+01
      vertex   3.071789e+01 9.750381e+00 -8.640416e+01
      vertex   3.200000e+01 5.000000e+00 -2.800000e+01
    endloop
  endfacet
  facet normal -9.654540e-01 -2.605734e-01 -0.000000e+00
    outer loop
      vertex   3.200000e+01 5.000000e+00 -2.800000e+01
      vertex   3.071789e+01 9.750381e+00 -8.640416e+01
      vertex   3.200000e+01 5.000000e+00 -8.245239e+01
    endloop
  endfacet
  facet normal -9.654540e-01 -2.605734e-01 -4.755302e-16
    outer loop
      vertex   2.946323e+01 1.439903e+01 -9.500000e+01
      vertex   2.946323e+01 1.439903e+01 -1.100000e+02
      vertex   3.071789e+01 9.750381e+00 -8.640416e+01
    endloop
  endfacet
  facet normal -9.654540e-01 -2.605734e-01 -3.365889e-17
    outer loop
      vertex   3.071789e+01 9.750381e+00 -8.640416e+01
      vertex   2.946323e+01 1.439903e+01 -1.100000e+02
      vertex   3.119320e+01 7.989279e+00 -9.664616e+01
    endloop
  endfacet
  facet normal -9.654540e-01 -2.605734e-01 -3.391799e-16
    outer loop
      vertex   3.119320e+01 7.989279e+00 -9.664616e+01
      vertex   2.946323e+01 1.439903e+01 -1.100000e+02
      vertex   3.200000e+01 5.000000e+00 -1.200000e+02
    endloop
  endfacet
  facet normal -9.654540e-01 -2.605734e-01 0.000000e+00
    outer loop
      vertex   3.119320e+01 7.989279e+00 -9.664616e+01
      vertex   3.200000e+01 5.000000e+00 -1.200000e+02
      vertex   3.200000e+01 5.000000e+00 -9.774857e+01
    endloop
  endfacet
  facet normal -9.654540e-01 -2.605734e-01 -0.000000e+00
    outer loop
      vertex   2.672467e+01 2.454571e+01 -1.100000e+02
      vertex   2.672467e+01 2.454571e+01 -1.200000e+02
      vertex   2.946323e+01 1.439903e+01 -1.100000e+02
    endloop
  endfacet
  facet normal -9.654540e-01 -2.605734e-01 8.247803e-16
    outer loop
      vertex   2.946323e+01 1.439903e+01 -1.100000e+02
      vertex   2.672467e+01 2.454571e+01 -1.200000e+02
      vertex   3.200000e+01 5.000000e+00 -1.200000e+02
    endloop
  endfacet
  facet normal 9.921147e-01 1.253332e-01 6.553679e-17
    outer loop
      vertex   3.324840e+01 -2.154950e+01 -8.820575e+01
      vertex   3.324840e+01 -2.154950e+01 -9.500000e+01
      vertex   3.315414e+01 -2.080343e+01 -8.820575e+01
    endloop
  endfacet
  facet normal 9.921147e-01 1.253332e-01 0.000000e+00
    outer loop
      vertex   3.315414e+01 -2.080343e+01 -8.820575e+01
      vertex   3.324840e+01 -2.154950e+01 -9.500000e+01
      vertex   3.315414e+01 -2.080343e+01 -9.500000e+01
    endloop
  endfacet
  facet normal 9.921147e-01 -1.253332e-01 0.000000e+00
    outer loop
      vertex   3.315414e+01 -2.080343e+01 -8.820575e+01
      vertex   3.315414e+01 -2.080343e+01 -9.500000e+01
      vertex   3.324840e+01 -2.005736e+01 -8.820575e+01
    endloop
  endfacet
  facet normal 9.921147e-01 -1.253332e-01 -1.310736e-16
    outer loop
      vertex   3.324840e+01 -2.005736e+01 -8.820575e+01
      vertex   3.315414e+01 -2.080343e+01 -9.500000e+01
      vertex   3.324840e+01 -2.005736e+01 -9.500000e+01
    endloop
  endfacet
  facet normal 9.297765e-01 -3.681246e-01 -3.849849e-16
    outer loop
      vertex   3.324840e+01 -2.005736e+01 -8.820575e+01
      vertex   3.324840e+01 -2.005736e+01 -9.500000e+01
      vertex   3.352522e+01 -1.935817e+01 -8.820575e+01
    endloop
  endfacet
  facet normal 9.297765e-01 -3.681246e-01 0.000000e+00
    outer loop
      vertex   3.352522e+01 -1.935817e+01 -8.820575e+01
      vertex   3.324840e+01 -2.005736e+01 -9.500000e+01
      vertex   3.352522e+01 -1.935817e+01 -9.500000e+01
    endloop
  endfacet
  facet normal 8.090170e-01 -5.877853e-01 0.000000e+00
    outer loop
      vertex   3.352522e+01 -1.935817e+01 -8.820575e+01
      vertex   3.352522e+01 -1.935817e+01 -9.500000e+01
      vertex   3.396724e+01 -1.874979e+01 -8.820575e+01
    endloop
  endfacet
  facet normal 8.090170e-01 -5.877853e-01 0.000000e+00
    outer loop
      vertex   3.396724e+01 -1.874979e+01 -8.820575e+01
      vertex   3.352522e+01 -1.935817e+01 -9.500000e+01
      vertex   3.396724e+01 -1.874979e+01 -9.500000e+01
    endloop
  endfacet
  facet normal 6.374240e-01 -7.705132e-01 0.000000e+00
    outer loop
      vertex   3.396724e+01 -1.874979e+01 -8.820575e+01
      vertex   3.396724e+01 -1.874979e+01 -9.500000e+01
      vertex   3.454666e+01 -1.827044e+01 -8.820575e+01
    endloop
  endfacet
  facet normal 6.374240e-01 -7.705132e-01 0.000000e+00
    outer loop
      vertex   3.454666e+01 -1.827044e+01 -8.820575e+01
      vertex   3.396724e+01 -1.874979e+01 -9.500000e+01
      vertex   3.454666e+01 -1.827044e+01 -9.500000e+01
    endloop
  endfacet
  facet normal 4.257793e-01 -9.048271e-01 0.000000e+00
    outer loop
      vertex   3.454666e+01 -1.827044e+01 -8.820575e+01
      vertex   3.454666e+01 -1.827044e+01 -9.500000e+01
      vertex   3.522709e+01 -1.795026e+01 -8.820575e+01
    endloop
  endfacet
  facet normal 4.257793e-01 -9.048271e-01 0.000000e+00
    outer loop
      vertex   3.522709e+01 -1.795026e+01 -8.820575e+01
      vertex   3.454666e+01 -1.827044e+01 -9.500000e+01
      vertex   3.522709e+01 -1.795026e+01 -9.500000e+01
    endloop
  endfacet
  facet normal 1.873813e-01 -9.822873e-01 0.000000e+00
    outer loop
      vertex   3.522709e+01 -1.795026e+01 -8.820575e+01
      vertex   3.522709e+01 -1.795026e+01 -9.500000e+01
      vertex   3.596577e+01 -1.780935e+01 -8.820575e+01
    endloop
  endfacet
  facet normal 1.873813e-01 -9.822873e-01 1.959635e-16
    outer loop
      vertex   3.596577e+01 -1.780935e+01 -8.820575e+01
      vertex   3.522709e+01 -1.795026e+01 -9.500000e+01
      vertex   3.596577e+01 -1.780935e+01 -9.500000e+01
    endloop
  endfacet
  facet normal -6.279052e-02 -9.980267e-01 -6.566637e-17
    outer loop
      vertex   3.596577e+01 -1.780935e+01 -8.820575e+01
      vertex   3.596577e+01 -1.780935e+01 -9.500000e+01
      vertex   3.671629e+01 -1.785656e+01 -8.820575e+01
    endloop
  endfacet
  facet normal -6.279052e-02 -9.980267e-01 -6.566637e-17
    outer loop
      vertex   3.671629e+01 -1.785656e+01 -8.820575e+01
      vertex   3.596577e+01 -1.780935e+01 -9.500000e+01
      vertex   3.671629e+01 -1.785656e+01 -9.500000e+01
    endloop
  endfacet
  facet normal -3.090170e-01 -9.510565e-01 -3.231702e-16
    outer loop
      vertex   3.671629e+01 -1.785656e+01 -8.820575e+01
      vertex   3.671629e+01 -1.785656e+01 -9.500000e+01
      vertex   3.743148e+01 -1.808895e+01 -8.820575e+01
    endloop
  endfacet
  facet normal -3.090170e-01 -9.510565e-01 4.973078e-16
    outer loop
      vertex   3.743148e+01 -1.808895e+01 -8.820575e+01
      vertex   3.671629e+01 -1.785656e+01 -9.500000e+01
      vertex   3.743148e+01 -1.808895e+01 -9.500000e+01
    endloop
  endfacet
  facet normal -5.358268e-01 -8.443279e-01 4.414993e-16
    outer loop
      vertex   3.743148e+01 -1.808895e+01 -8.820575e+01
      vertex   3.743148e+01 -1.808895e+01 -9.500000e+01
      vertex   3.806642e+01 -1.849189e+01 -8.820575e+01
    endloop
  endfacet
  facet normal -5.358268e-01 -8.443279e-01 -0.000000e+00
    outer loop
      vertex   3.806642e+01 -1.849189e+01 -8.820575e+01
      vertex   3.743148e+01 -1.808895e+01 -9.500000e+01
      vertex   3.806642e+01 -1.849189e+01 -9.500000e+01
    endloop
  endfacet
  facet normal -7.289686e-01 -6.845471e-01 -0.000000e+00
    outer loop
      vertex   3.806642e+01 -1.849189e+01 -8.820575e+01
      vertex   3.806642e+01 -1.849189e+01 -9.500000e+01
      vertex   3.858120e+01 -1.904007e+01 -8.820575e+01
    endloop
  endfacet
  facet normal -7.289686e-01 -6.845471e-01 -4.044060e-16
    outer loop
      vertex   3.858120e+01 -1.904007e+01 -8.820575e+01
      vertex   3.806642e+01 -1.849189e+01 -9.500000e+01
      vertex   3.858120e+01 -1.904007e+01 -9.500000e+01
    endloop
  endfacet
  facet normal -8.763067e-01 -4.817537e-01 -6.645329e-16
    outer loop
      vertex   3.858120e+01 -1.904007e+01 -8.820575e+01
      vertex   3.858120e+01 -1.904007e+01 -9.500000e+01
      vertex   3.894347e+01 -1.969905e+01 -8.820575e+01
    endloop
  endfacet
  facet normal -8.763067e-01 -4.817537e-01 2.519092e-16
    outer loop
      vertex   3.894347e+01 -1.969905e+01 -8.820575e+01
      vertex   3.858120e+01 -1.904007e+01 -9.500000e+01
      vertex   3.894347e+01 -1.969905e+01 -9.500000e+01
    endloop
  endfacet
  facet normal -9.685832e-01 -2.486899e-01 1.300400e-16
    outer loop
      vertex   3.894347e+01 -1.969905e+01 -8.820575e+01
      vertex   3.894347e+01 -1.969905e+01 -9.500000e+01
      vertex   3.913049e+01 -2.042743e+01 -8.820575e+01
    endloop
  endfacet
  facet normal -9.685832e-01 -2.486899e-01 -0.000000e+00
    outer loop
      vertex   3.913049e+01 -2.042743e+01 -8.820575e+01
      vertex   3.894347e+01 -1.969905e+01 -9.500000e+01
      vertex   3.913049e+01 -2.042743e+01 -9.500000e+01
    endloop
  endfacet
  facet normal -1.000000e+00 -0.000000e+00 -0.000000e+00
    outer loop
      vertex   3.913049e+01 -2.042743e+01 -8.820575e+01
      vertex   3.913049e+01 -2.042743e+01 -9.500000e+01
      vertex   3.913049e+01 -2.117943e+01 -8.820575e+01
    endloop
  endfacet
  facet normal -1.000000e+00 0.000000e+00 0.000000e+00
    outer loop
      vertex   3.913049e+01 -2.117943e+01 -8.820575e+01
      vertex   3.913049e+01 -2.042743e+01 -9.500000e+01
      vertex   3.913049e+01 -2.117943e+01 -9.500000e+01
    endloop
  endfacet
  facet normal -9.685832e-01 2.486899e-01 0.000000e+00
    outer loop
      vertex   3.913049e+01 -2.117943e+01 -8.820575e+01
      vertex   3.913049e+01 -2.117943e+01 -9.500000e+01
      vertex   3.894347e+01 -2.190780e+01 -8.820575e+01
    endloop
  endfacet
  facet normal -9.685832e-01 2.486899e-01 0.000000e+00
    outer loop
      vertex   3.894347e+01 -2.190780e+01 -8.820575e+01
      vertex   3.913049e+01 -2.117943e+01 -9.500000e+01
      vertex   3.894347e+01 -2.190780e+01 -9.500000e+01
    endloop
  endfacet
  facet normal -8.763067e-01 4.817537e-01 0.000000e+00
    outer loop
      vertex   3.894347e+01 -2.190780e+01 -8.820575e+01
      vertex   3.894347e+01 -2.190780e+01 -9.500000e+01
      vertex   3.858120e+01 -2.256678e+01 -8.820575e+01
    endloop
  endfacet
  facet normal -8.763067e-01 4.817537e-01 9.164421e-16
    outer loop
      vertex   3.858120e+01 -2.256678e+01 -8.820575e+01
      vertex   3.894347e+01 -2.190780e+01 -9.500000e+01
      vertex   3.858120e+01 -2.256678e+01 -9.500000e+01
    endloop
  endfacet
  facet normal -7.289686e-01 6.845471e-01 7.623559e-16
    outer loop
      vertex   3.858120e+01 -2.256678e+01 -8.820575e+01
      vertex   3.858120e+01 -2.256678e+01 -9.500000e+01
      vertex   3.806642e+01 -2.311497e+01 -8.820575e+01
    endloop
  endfacet
  facet normal -7.289686e-01 6.845471e-01 -3.579499e-16
    outer loop
      vertex   3.806642e+01 -2.311497e+01 -8.820575e+01
      vertex   3.858120e+01 -2.256678e+01 -9.500000e+01
      vertex   3.806642e+01 -2.311497e+01 -9.500000e+01
    endloop
  endfacet
  facet normal -5.358268e-01 8.443279e-01 -4.414993e-16
    outer loop
      vertex   3.806642e+01 -2.311497e+01 -8.820575e+01
      vertex   3.806642e+01 -2.311497e+01 -9.500000e+01
      vertex   3.743148e+01 -2.351791e+01 -8.820575e+01
    endloop
  endfacet
  facet normal -5.358268e-01 8.443279e-01 0.000000e+00
    outer loop
      vertex   3.743148e+01 -2.351791e+01 -8.820575e+01
      vertex   3.806642e+01 -2.311497e+01 -9.500000e+01
      vertex   3.743148e+01 -2.351791e+01 -9.500000e+01
    endloop
  endfacet
  facet normal -3.090170e-01 9.510565e-01 0.000000e+00
    outer loop
      vertex   3.743148e+01 -2.351791e+01 -8.820575e+01
      vertex   3.743148e+01 -2.351791e+01 -9.500000e+01
      vertex   3.671629e+01 -2.375029e+01 -8.820575e+01
    endloop
  endfacet
  facet normal -3.090170e-01 9.510565e-01 -1.741376e-16
    outer loop
      vertex   3.671629e+01 -2.375029e+01 -8.820575e+01
      vertex   3.743148e+01 -2.351791e+01 -9.500000e+01
      vertex   3.671629e+01 -2.375029e+01 -9.500000e+01
    endloop
  endfacet
  facet normal -6.279052e-02 9.980267e-01 -4.562021e-16
    outer loop
      vertex   3.671629e+01 -2.375029e+01 -8.820575e+01
      vertex   3.671629e+01 -2.375029e+01 -9.500000e+01
      vertex   3.596577e+01 -2.379751e+01 -8.820575e+01
    endloop
  endfacet
  facet normal -6.279052e-02 9.980267e-01 6.566637e-17
    outer loop
      vertex   3.596577e+01 -2.379751e+01 -8.820575e+01
      vertex   3.671629e+01 -2.375029e+01 -9.500000e+01
      vertex   3.596577e+01 -2.379751e+01 -9.500000e+01
    endloop
  endfacet
  facet normal 1.873813e-01 9.822873e-01 -1.959635e-16
    outer loop
      vertex   3.596577e+01 -2.379751e+01 -8.820575e+01
      vertex   3.596577e+01 -2.379751e+01 -9.500000e+01
      vertex   3.522709e+01 -2.365660e+01 -8.820575e+01
    endloop
  endfacet
  facet normal 1.873813e-01 9.822873e-01 0.000000e+00
    outer loop
      vertex   3.522709e+01 -2.365660e+01 -8.820575e+01
      vertex   3.596577e+01 -2.379751e+01 -9.500000e+01
      vertex   3.522709e+01 -2.365660e+01 -9.500000e+01
    endloop
  endfacet
  facet normal 4.257793e-01 9.048271e-01 0.000000e+00
    outer loop
      vertex   3.522709e+01 -2.365660e+01 -8.820575e+01
      vertex   3.522709e+01 -2.365660e+01 -9.500000e+01
      vertex   3.454666e+01 -2.333641e+01 -8.820575e+01
    endloop
  endfacet
  facet normal 4.257793e-01 9.048271e-01 0.000000e+00
    outer loop
      vertex   3.454666e+01 -2.333641e+01 -8.820575e+01
      vertex   3.522709e+01 -2.365660e+01 -9.500000e+01
      vertex   3.454666e+01 -2.333641e+01 -9.500000e+01
    endloop
  endfacet
  facet normal 6.374240e-01 7.705132e-01 0.000000e+00
    outer loop
      vertex   3.454666e+01 -2.333641e+01 -8.820575e+01
      vertex   3.454666e+01 -2.333641e+01 -9.500000e+01
      vertex   3.396724e+01 -2.285707e+01 -8.820575e+01
    endloop
  endfacet
  facet normal 6.374240e-01 7.705132e-01 0.000000e+00
    outer loop
      vertex   3.396724e+01 -2.285707e+01 -8.820575e+01
      vertex   3.454666e+01 -2.333641e+01 -9.500000e+01
      vertex   3.396724e+01 -2.285707e+01 -9.500000e+01
    endloop
  endfacet
  facet normal 8.090170e-01 5.877853e-01 0.000000e+00
    outer loop
      vertex   3.396724e+01 -2.285707e+01 -8.820575e+01
      vertex   3.396724e+01 -2.285707e+01 -9.500000e+01
      vertex   3.352522e+01 -2.224869e+01 -8.820575e+01
    endloop
  endfacet
  facet normal 8.090170e-01 5.877853e-01 0.000000e+00
    outer loop
      vertex   3.352522e+01 -2.224869e+01 -8.820575e+01
      vertex   3.396724e+01 -2.285707e+01 -9.500000e+01
      vertex   3.352522e+01 -2.224869e+01 -9.500000e+01
    endloop
  endfacet
  facet normal 9.297765e-01 3.681246e-01 0.000000e+00
    outer loop
      vertex   3.352522e+01 -2.224869e+01 -8.820575e+01
      vertex   3.352522e+01 -2.224869e+01 -9.500000e+01
      vertex   3.324840e+01 -2.154950e+01 -8.820575e+01
    endloop
  endfacet
  facet normal 9.297765e-01 3.681246e-01 1.924924e-16
    outer loop
      vertex   3.324840e+01 -2.154950e+01 -8.820575e+01
      vertex   3.352522e+01 -2.224869e+01 -9.500000e+01
      vertex   3.324840e+01 -2.154950e+01 -9.500000e+01
    endloop
  endfacet
  facet normal 9.921147e-01 1.253332e-01 0.000000e+00
    outer loop
      vertex   3.318762e+01 2.016262e+01 -8.820575e+01
      vertex   3.318762e+01 2.016262e+01 -9.500000e+01
      vertex   3.309337e+01 2.090869e+01 -8.820575e+01
    endloop
  endfacet
  facet normal 9.921147e-01 1.253332e-01 0.000000e+00
    outer loop
      vertex   3.309337e+01 2.090869e+01 -8.820575e+01
      vertex   3.318762e+01 2.016262e+01 -9.500000e+01
      vertex   3.309337e+01 2.090869e+01 -9.500000e+01
    endloop
  endfacet
  facet normal 9.921147e-01 -1.253332e-01 0.000000e+00
    outer loop
      vertex   3.309337e+01 2.090869e+01 -8.820575e+01
      vertex   3.309337e+01 2.090869e+01 -9.500000e+01
      vertex   3.318762e+01 2.165476e+01 -8.820575e+01
    endloop
  endfacet
  facet normal 9.921147e-01 -1.253332e-01 0.000000e+00
    outer loop
      vertex   3.318762e+01 2.165476e+01 -8.820575e+01
      vertex   3.309337e+01 2.090869e+01 -9.500000e+01
      vertex   3.318762e+01 2.165476e+01 -9.500000e+01
    endloop
  endfacet
  facet normal 9.297765e-01 -3.681246e-01 0.000000e+00
    outer loop
      vertex   3.318762e+01 2.165476e+01 -8.820575e+01
      vertex   3.318762e+01 2.165476e+01 -9.500000e+01
      vertex   3.346445e+01 2.235396e+01 -8.820575e+01
    endloop
  endfacet
  facet normal 9.297765e-01 -3.681246e-01 0.000000e+00
    outer loop
      vertex   3.346445e+01 2.235396e+01 -8.820575e+01
      vertex   3.318762e+01 2.165476e+01 -9.500000e+01
      vertex   3.346445e+01 2.235396e+01 -9.500000e+01
    endloop
  endfacet
  facet normal 8.090170e-01 -5.877853e-01 0.000000e+00
    outer loop
      vertex   3.346445e+01 2.235396e+01 -8.820575e+01
      vertex   3.346445e+01 2.235396e+01 -9.500000e+01
      vertex   3.390646e+01 2.296234e+01 -8.820575e+01
    endloop
  endfacet
  facet normal 8.090170e-01 -5.877853e-01 -3.073531e-16
    outer loop
      vertex   3.390646e+01 2.296234e+01 -8.820575e+01
      vertex   3.346445e+01 2.235396e+01 -9.500000e+01
      vertex   3.390646e+01 2.296234e+01 -9.500000e+01
    endloop
  endfacet
  facet normal 6.374240e-01 -7.705132e-01 -4.029016e-16
    outer loop
      vertex   3.390646e+01 2.296234e+01 -8.820575e+01
      vertex   3.390646e+01 2.296234e+01 -9.500000e+01
      vertex   3.448589e+01 2.344168e+01 -8.820575e+01
    endloop
  endfacet
  facet normal 6.374240e-01 -7.705132e-01 0.000000e+00
    outer loop
      vertex   3.448589e+01 2.344168e+01 -8.820575e+01
      vertex   3.390646e+01 2.296234e+01 -9.500000e+01
      vertex   3.448589e+01 2.344168e+01 -9.500000e+01
    endloop
  endfacet
  facet normal 4.257793e-01 -9.048271e-01 0.000000e+00
    outer loop
      vertex   3.448589e+01 2.344168e+01 -8.820575e+01
      vertex   3.448589e+01 2.344168e+01 -9.500000e+01
      vertex   3.516632e+01 2.376186e+01 -8.820575e+01
    endloop
  endfacet
  facet normal 4.257793e-01 -9.048271e-01 0.000000e+00
    outer loop
      vertex   3.516632e+01 2.376186e+01 -8.820575e+01
      vertex   3.448589e+01 2.344168e+01 -9.500000e+01
      vertex   3.516632e+01 2.376186e+01 -9.500000e+01
    endloop
  endfacet
  facet normal 1.873813e-01 -9.822873e-01 0.000000e+00
    outer loop
      vertex   3.516632e+01 2.376186e+01 -8.820575e+01
      vertex   3.516632e+01 2.376186e+01 -9.500000e+01
      vertex   3.590500e+01 2.390277e+01 -8.820575e+01
    endloop
  endfacet
  facet normal 1.873813e-01 -9.822873e-01 0.000000e+00
    outer loop
      vertex   3.590500e+01 2.390277e+01 -8.820575e+01
      vertex   3.516632e+01 2.376186e+01 -9.500000e+01
      vertex   3.590500e+01 2.390277e+01 -9.500000e+01
    endloop
  endfacet
  facet normal -6.279052e-02 -9.980267e-01 -0.000000e+00
    outer loop
      vertex   3.590500e+01 2.390277e+01 -8.820575e+01
      vertex   3.590500e+01 2.390277e+01 -9.500000e+01
      vertex   3.665551e+01 2.385556e+01 -8.820575e+01
    endloop
  endfacet
  facet normal -6.279052e-02 -9.980267e-01 -0.000000e+00
    outer loop
      vertex   3.665551e+01 2.385556e+01 -8.820575e+01
      vertex   3.590500e+01 2.390277e+01 -9.500000e+01
      vertex   3.665551e+01 2.385556e+01 -9.500000e+01
    endloop
  endfacet
  facet normal -3.090170e-01 -9.510565e-01 -0.000000e+00
    outer loop
      vertex   3.665551e+01 2.385556e+01 -8.820575e+01
      vertex   3.665551e+01 2.385556e+01 -9.500000e+01
      vertex   3.737071e+01 2.362318e+01 -8.820575e+01
    endloop
  endfacet
  facet normal -3.090170e-01 -9.510565e-01 -3.231702e-16
    outer loop
      vertex   3.737071e+01 2.362318e+01 -8.820575e+01
      vertex   3.665551e+01 2.385556e+01 -9.500000e+01
      vertex   3.737071e+01 2.362318e+01 -9.500000e+01
    endloop
  endfacet
  facet normal -5.358268e-01 -8.443279e-01 -5.603680e-16
    outer loop
      vertex   3.737071e+01 2.362318e+01 -8.820575e+01
      vertex   3.737071e+01 2.362318e+01 -9.500000e+01
      vertex   3.800564e+01 2.322023e+01 -8.820575e+01
    endloop
  endfacet
  facet normal -5.358268e-01 -8.443279e-01 -5.603680e-16
    outer loop
      vertex   3.800564e+01 2.322023e+01 -8.820575e+01
      vertex   3.737071e+01 2.362318e+01 -9.500000e+01
      vertex   3.800564e+01 2.322023e+01 -9.500000e+01
    endloop
  endfacet
  facet normal -7.289686e-01 -6.845471e-01 -7.623559e-16
    outer loop
      vertex   3.800564e+01 2.322023e+01 -8.820575e+01
      vertex   3.800564e+01 2.322023e+01 -9.500000e+01
      vertex   3.852042e+01 2.267205e+01 -8.820575e+01
    endloop
  endfacet
  facet normal -7.289686e-01 -6.845471e-01 -0.000000e+00
    outer loop
      vertex   3.852042e+01 2.267205e+01 -8.820575e+01
      vertex   3.800564e+01 2.322023e+01 -9.500000e+01
      vertex   3.852042e+01 2.267205e+01 -9.500000e+01
    endloop
  endfacet
  facet normal -8.763067e-01 -4.817537e-01 -0.000000e+00
    outer loop
      vertex   3.852042e+01 2.267205e+01 -8.820575e+01
      vertex   3.852042e+01 2.267205e+01 -9.500000e+01
      vertex   3.888270e+01 2.201307e+01 -8.820575e+01
    endloop
  endfacet
  facet normal -8.763067e-01 -4.817537e-01 -6.645329e-16
    outer loop
      vertex   3.888270e+01 2.201307e+01 -8.820575e+01
      vertex   3.852042e+01 2.267205e+01 -9.500000e+01
      vertex   3.888270e+01 2.201307e+01 -9.500000e+01
    endloop
  endfacet
  facet normal -9.685832e-01 -2.486899e-01 -8.829049e-16
    outer loop
      vertex   3.888270e+01 2.201307e+01 -8.820575e+01
      vertex   3.888270e+01 2.201307e+01 -9.500000e+01
      vertex   3.906971e+01 2.128469e+01 -8.820575e+01
    endloop
  endfacet
  facet normal -9.685832e-01 -2.486899e-01 -0.000000e+00
    outer loop
      vertex   3.906971e+01 2.128469e+01 -8.820575e+01
      vertex   3.888270e+01 2.201307e+01 -9.500000e+01
      vertex   3.906971e+01 2.128469e+01 -9.500000e+01
    endloop
  endfacet
  facet normal -1.000000e+00 -0.000000e+00 -0.000000e+00
    outer loop
      vertex   3.906971e+01 2.128469e+01 -8.820575e+01
      vertex   3.906971e+01 2.128469e+01 -9.500000e+01
      vertex   3.906971e+01 2.053269e+01 -8.820575e+01
    endloop
  endfacet
  facet normal -1.000000e+00 0.000000e+00 0.000000e+00
    outer loop
      vertex   3.906971e+01 2.053269e+01 -8.820575e+01
      vertex   3.906971e+01 2.128469e+01 -9.500000e+01
      vertex   3.906971e+01 2.053269e+01 -9.500000e+01
    endloop
  endfacet
  facet normal -9.685832e-01 2.486899e-01 0.000000e+00
    outer loop
      vertex   3.906971e+01 2.053269e+01 -8.820575e+01
      vertex   3.906971e+01 2.053269e+01 -9.500000e+01
      vertex   3.888270e+01 1.980432e+01 -8.820575e+01
    endloop
  endfacet
  facet normal -9.685832e-01 2.486899e-01 1.012945e-15
    outer loop
      vertex   3.888270e+01 1.980432e+01 -8.820575e+01
      vertex   3.906971e+01 2.053269e+01 -9.500000e+01
      vertex   3.888270e+01 1.980432e+01 -9.500000e+01
    endloop
  endfacet
  facet normal -8.763067e-01 4.817537e-01 9.164421e-16
    outer loop
      vertex   3.888270e+01 1.980432e+01 -8.820575e+01
      vertex   3.888270e+01 1.980432e+01 -9.500000e+01
      vertex   3.852042e+01 1.914534e+01 -8.820575e+01
    endloop
  endfacet
  facet normal -8.763067e-01 4.817537e-01 0.000000e+00
    outer loop
      vertex   3.852042e+01 1.914534e+01 -8.820575e+01
      vertex   3.888270e+01 1.980432e+01 -9.500000e+01
      vertex   3.852042e+01 1.914534e+01 -9.500000e+01
    endloop
  endfacet
  facet normal -7.289686e-01 6.845471e-01 0.000000e+00
    outer loop
      vertex   3.852042e+01 1.914534e+01 -8.820575e+01
      vertex   3.852042e+01 1.914534e+01 -9.500000e+01
      vertex   3.800564e+01 1.859715e+01 -8.820575e+01
    endloop
  endfacet
  facet normal -7.289686e-01 6.845471e-01 4.044060e-16
    outer loop
      vertex   3.800564e+01 1.859715e+01 -8.820575e+01
      vertex   3.852042e+01 1.914534e+01 -9.500000e+01
      vertex   3.800564e+01 1.859715e+01 -9.500000e+01
    endloop
  endfacet
  facet normal -5.358268e-01 8.443279e-01 1.188687e-16
    outer loop
      vertex   3.800564e+01 1.859715e+01 -8.820575e+01
      vertex   3.800564e+01 1.859715e+01 -9.500000e+01
      vertex   3.737071e+01 1.819421e+01 -8.820575e+01
    endloop
  endfacet
  facet normal -5.358268e-01 8.443279e-01 1.188687e-16
    outer loop
      vertex   3.737071e+01 1.819421e+01 -8.820575e+01
      vertex   3.800564e+01 1.859715e+01 -9.500000e+01
      vertex   3.737071e+01 1.819421e+01 -9.500000e+01
    endloop
  endfacet
  facet normal -3.090170e-01 9.510565e-01 -1.741376e-16
    outer loop
      vertex   3.737071e+01 1.819421e+01 -8.820575e+01
      vertex   3.737071e+01 1.819421e+01 -9.500000e+01
      vertex   3.665551e+01 1.796183e+01 -8.820575e+01
    endloop
  endfacet
  facet normal -3.090170e-01 9.510565e-01 0.000000e+00
    outer loop
      vertex   3.665551e+01 1.796183e+01 -8.820575e+01
      vertex   3.737071e+01 1.819421e+01 -9.500000e+01
      vertex   3.665551e+01 1.796183e+01 -9.500000e+01
    endloop
  endfacet
  facet normal -6.279052e-02 9.980267e-01 0.000000e+00
    outer loop
      vertex   3.665551e+01 1.796183e+01 -8.820575e+01
      vertex   3.665551e+01 1.796183e+01 -9.500000e+01
      vertex   3.590500e+01 1.791461e+01 -8.820575e+01
    endloop
  endfacet
  facet normal -6.279052e-02 9.980267e-01 0.000000e+00
    outer loop
      vertex   3.590500e+01 1.791461e+01 -8.820575e+01
      vertex   3.665551e+01 1.796183e+01 -9.500000e+01
      vertex   3.590500e+01 1.791461e+01 -9.500000e+01
    endloop
  endfacet
  facet normal 1.873813e-01 9.822873e-01 0.000000e+00
    outer loop
      vertex   3.590500e+01 1.791461e+01 -8.820575e+01
      vertex   3.590500e+01 1.791461e+01 -9.500000e+01
      vertex   3.516632e+01 1.805552e+01 -8.820575e+01
    endloop
  endfacet
  facet normal 1.873813e-01 9.822873e-01 0.000000e+00
    outer loop
      vertex   3.516632e+01 1.805552e+01 -8.820575e+01
      vertex   3.590500e+01 1.791461e+01 -9.500000e+01
      vertex   3.516632e+01 1.805552e+01 -9.500000e+01
    endloop
  endfacet
  facet normal 4.257793e-01 9.048271e-01 0.000000e+00
    outer loop
      vertex   3.516632e+01 1.805552e+01 -8.820575e+01
      vertex   3.516632e+01 1.805552e+01 -9.500000e+01
      vertex   3.448589e+01 1.837571e+01 -8.820575e+01
    endloop
  endfacet
  facet normal 4.257793e-01 9.048271e-01 0.000000e+00
    outer loop
      vertex   3.448589e+01 1.837571e+01 -8.820575e+01
      vertex   3.516632e+01 1.805552e+01 -9.500000e+01
      vertex   3.448589e+01 1.837571e+01 -9.500000e+01
    endloop
  endfacet
  facet normal 6.374240e-01 7.705132e-01 0.000000e+00
    outer loop
      vertex   3.448589e+01 1.837571e+01 -8.820575e+01
      vertex   3.448589e+01 1.837571e+01 -9.500000e+01
      vertex   3.390646e+01 1.885505e+01 -8.820575e+01
    endloop
  endfacet
  facet normal 6.374240e-01 7.705132e-01 4.029016e-16
    outer loop
      vertex   3.390646e+01 1.885505e+01 -8.820575e+01
      vertex   3.448589e+01 1.837571e+01 -9.500000e+01
      vertex   3.390646e+01 1.885505e+01 -9.500000e+01
    endloop
  endfacet
  facet normal 8.090170e-01 5.877853e-01 3.073531e-16
    outer loop
      vertex   3.390646e+01 1.885505e+01 -8.820575e+01
      vertex   3.390646e+01 1.885505e+01 -9.500000e+01
      vertex   3.346445e+01 1.946343e+01 -8.820575e+01
    endloop
  endfacet
  facet normal 8.090170e-01 5.877853e-01 0.000000e+00
    outer loop
      vertex   3.346445e+01 1.946343e+01 -8.820575e+01
      vertex   3.390646e+01 1.885505e+01 -9.500000e+01
      vertex   3.346445e+01 1.946343e+01 -9.500000e+01
    endloop
  endfacet
  facet normal 9.297765e-01 3.681246e-01 0.000000e+00
    outer loop
      vertex   3.346445e+01 1.946343e+01 -8.820575e+01
      vertex   3.346445e+01 1.946343e+01 -9.500000e+01
      vertex   3.318762e+01 2.016262e+01 -8.820575e+01
    endloop
  endfacet
  facet normal 9.297765e-01 3.681246e-01 0.000000e+00
    outer loop
      vertex   3.318762e+01 2.016262e+01 -8.820575e+01
      vertex   3.346445e+01 1.946343e+01 -9.500000e+01
      vertex   3.318762e+01 2.016262e+01 -9.500000e+01
    endloop
  endfacet
  facet normal 1.492957e-15 1.229561e-14 -1.000000e+00
    outer loop
      vertex   0.000000e+00 -3.400000e+01 -3.920575e+01
      vertex   0.000000e+00 -3.284423e+01 -3.920575e+01
      vertex   7.179470e-01 -3.408718e+01 -3.920575e+01
    endloop
  endfacet
  facet normal -1.365615e-14 3.545191e-15 -1.000000e+00
    outer loop
      vertex   7.179470e-01 -3.408718e+01 -3.920575e+01
      vertex   0.000000e+00 -3.284423e+01 -3.920575e+01
      vertex   1.022442e+00 -3.291425e+01 -3.920575e+01
    endloop
  endfacet
  facet normal 0.000000e+00 0.000000e+00 -1.000000e+00
    outer loop
      vertex   7.179470e-01 -3.408718e+01 -3.920575e+01
      vertex   1.022442e+00 -3.291425e+01 -3.920575e+01
      vertex   1.394170e+00 -3.434363e+01 -3.920575e+01
    endloop
  endfacet
  facet normal 0.000000e+00 0.000000e+00 -1.000000e+00
    outer loop
      vertex   1.394170e+00 -3.434363e+01 -3.920575e+01
      vertex   1.022442e+00 -3.291425e+01 -3.920575e+01
      vertex   2.025794e+00 -3.312300e+01 -3.920575e+01
    endloop
  endfacet
  facet normal 0.000000e+00 0.000000e+00 -1.000000e+00
    outer loop
      vertex   1.394170e+00 -3.434363e+01 -3.920575e+01
      vertex   2.025794e+00 -3.312300e+01 -3.920575e+01
      vertex   1.989368e+00 -3.475447e+01 -3.920575e+01
    endloop
  endfacet
  facet normal 0.000000e+00 0.000000e+00 -1.000000e+00
    outer loop
      vertex   1.989368e+00 -3.475447e+01 -3.920575e+01
      vertex   2.025794e+00 -3.312300e+01 -3.920575e+01
      vertex   2.991320e+00 -3.346659e+01 -3.920575e+01
    endloop
  endfacet
  facet normal 0.000000e+00 0.000000e+00 -1.000000e+00
    outer loop
      vertex   1.989368e+00 -3.475447e+01 -3.920575e+01
      vertex   2.991320e+00 -3.346659e+01 -3.920575e+01
      vertex   2.468952e+00 -3.529581e+01 -3.920575e+01
    endloop
  endfacet
  facet normal 0.000000e+00 0.000000e+00 -1.000000e+00
    outer loop
      vertex   2.468952e+00 -3.529581e+01 -3.920575e+01
      vertex   2.991320e+00 -3.346659e+01 -3.920575e+01
      vertex   2.805049e+00 -3.593619e+01 -3.920575e+01
    endloop
  endfacet
  facet normal 0.000000e+00 0.000000e+00 -1.000000e+00
    outer loop
      vertex   2.805049e+00 -3.593619e+01 -3.920575e+01
      vertex   2.991320e+00 -3.346659e+01 -3.920575e+01
      vertex   3.900992e+00 -3.393859e+01 -3.920575e+01
    endloop
  endfacet
  facet normal 0.000000e+00 0.000000e+00 -1.000000e+00
    outer loop
      vertex   2.805049e+00 -3.593619e+01 -3.920575e+01
      vertex   3.900992e+00 -3.393859e+01 -3.920575e+01
      vertex   2.978127e+00 -3.663839e+01 -3.920575e+01
    endloop
  endfacet
  facet normal 0.000000e+00 0.000000e+00 -1.000000e+00
    outer loop
      vertex   2.978127e+00 -3.663839e+01 -3.920575e+01
      vertex   3.900992e+00 -3.393859e+01 -3.920575e+01
      vertex   4.737826e+00 -3.453020e+01 -3.920575e+01
    endloop
  endfacet
  facet normal 0.000000e+00 0.000000e+00 -1.000000e+00
    outer loop
      vertex   2.978127e+00 -3.663839e+01 -3.920575e+01
      vertex   4.737826e+00 -3.453020e+01 -3.920575e+01
      vertex   2.978127e+00 -3.736161e+01 -3.920575e+01
    endloop
  endfacet
  facet normal 1.200730e-14 -7.462441e-15 -1.000000e+00
    outer loop
      vertex   2.978127e+00 -3.736161e+01 -3.920575e+01
      vertex   4.737826e+00 -3.453020e+01 -3.920575e+01
      vertex   5.486196e+00 -3.523037e+01 -3.920575e+01
    endloop
  endfacet
  facet normal 7.167191e-15 -1.766554e-15 -1.000000e+00
    outer loop
      vertex   2.978127e+00 -3.736161e+01 -3.920575e+01
      vertex   5.486196e+00 -3.523037e+01 -3.920575e+01
      vertex   2.805049e+00 -3.806382e+01 -3.920575e+01
    endloop
  endfacet
  facet normal 1.898903e-16 4.835706e-15 -1.000000e+00
    outer loop
      vertex   2.805049e+00 -3.806382e+01 -3.920575e+01
      vertex   5.486196e+00 -3.523037e+01 -3.920575e+01
      vertex   4.674752e+00 -4.842280e+01 -3.920575e+01
    endloop
  endfacet
  facet normal -6.807344e-15 3.572770e-15 -1.000000e+00
    outer loop
      vertex   2.805049e+00 -3.806382e+01 -3.920575e+01
      vertex   4.674752e+00 -4.842280e+01 -3.920575e+01
      vertex   2.468952e+00 -3.870419e+01 -3.920575e+01
    endloop
  endfacet
  facet normal -3.640792e-16 5.035176e-15 -1.000000e+00
    outer loop
      vertex   2.468952e+00 -3.870419e+01 -3.920575e+01
      vertex   4.674752e+00 -4.842280e+01 -3.920575e+01
      vertex   2.340085e+00 -4.859162e+01 -3.920575e+01
    endloop
  endfacet
  facet normal 9.274081e-15 4.909557e-15 -1.000000e+00
    outer loop
      vertex   2.468952e+00 -3.870419e+01 -3.920575e+01
      vertex   2.340085e+00 -4.859162e+01 -3.920575e+01
      vertex   1.989368e+00 -3.924553e+01 -3.920575e+01
    endloop
  endfacet
  facet normal -3.069110e-15 4.446373e-15 -1.000000e+00
    outer loop
      vertex   1.989368e+00 -3.924553e+01 -3.920575e+01
      vertex   2.340085e+00 -4.859162e+01 -3.920575e+01
      vertex   1.394170e+00 -3.965637e+01 -3.920575e+01
    endloop
  endfacet
  facet normal -1.739662e-15 4.587112e-15 -1.000000e+00
    outer loop
      vertex   1.394170e+00 -3.965637e+01 -3.920575e+01
      vertex   2.340085e+00 -4.859162e+01 -3.920575e+01
      vertex   7.179470e-01 -3.991283e+01 -3.920575e+01
    endloop
  endfacet
  facet normal -3.140486e-15 4.325287e-15 -1.000000e+00
    outer loop
      vertex   7.179470e-01 -3.991283e+01 -3.920575e+01
      vertex   2.340085e+00 -4.859162e+01 -3.920575e+01
      vertex   0.000000e+00 -4.864793e+01 -3.920575e+01
    endloop
  endfacet
  facet normal -4.988216e-16 4.108166e-15 -1.000000e+00
    outer loop
      vertex   7.179470e-01 -3.991283e+01 -3.920575e+01
      vertex   0.000000e+00 -4.864793e+01 -3.920575e+01
      vertex   0.000000e+00 -4.000000e+01 -3.920575e+01
    endloop
  endfacet
  facet normal -3.322470e-12 -3.088227e-12 -1.000000e+00
    outer loop
      vertex   6.998450e+00 -3.685272e+01 -3.920575e+01
      vertex   6.998500e+00 -3.685508e+01 -3.920575e+01
      vertex   5.486196e+00 -3.523037e+01 -3.920575e+01
    endloop
  endfacet
  facet normal -4.804430e-15 -9.868109e-17 -1.000000e+00
    outer loop
      vertex   5.486196e+00 -3.523037e+01 -3.920575e+01
      vertex   6.998500e+00 -3.685508e+01 -3.920575e+01
      vertex   6.998548e+00 -3.685743e+01 -3.920575e+01
    endloop
  endfacet
  facet normal -1.328467e-11 -1.234369e-11 -1.000000e+00
    outer loop
      vertex   5.486196e+00 -3.523037e+01 -3.920575e+01
      vertex   6.998548e+00 -3.685743e+01 -3.920575e+01
      vertex   6.998596e+00 -3.685978e+01 -3.920575e+01
    endloop
  endfacet
  facet normal 1.788891e-14 3.778779e-15 -1.000000e+00
    outer loop
      vertex   6.998596e+00 -4.814188e+01 -3.920575e+01
      vertex   4.674752e+00 -4.842280e+01 -3.920575e+01
      vertex   6.998596e+00 -3.685978e+01 -3.920575e+01
    endloop
  endfacet
  facet normal 1.811627e-14 3.733085e-15 -1.000000e+00
    outer loop
      vertex   6.998596e+00 -3.685978e+01 -3.920575e+01
      vertex   4.674752e+00 -4.842280e+01 -3.920575e+01
      vertex   5.486196e+00 -3.523037e+01 -3.920575e+01
    endloop
  endfacet
  facet normal -9.997822e-01 -2.087151e-02 -1.366131e-16
    outer loop
      vertex   6.998450e+00 -3.685272e+01 -3.920575e+01
      vertex   6.998450e+00 -3.685272e+01 -5.220575e+01
      vertex   6.998500e+00 -3.685508e+01 -3.920575e+01
    endloop
  endfacet
  facet normal -9.997822e-01 -2.087151e-02 -1.366131e-16
    outer loop
      vertex   6.998500e+00 -3.685508e+01 -3.920575e+01
      vertex   6.998450e+00 -3.685272e+01 -5.220575e+01
      vertex   6.998500e+00 -3.685508e+01 -5.220575e+01
    endloop
  endfacet
  facet normal -9.997891e-01 -2.053527e-02 -1.366140e-16
    outer loop
      vertex   6.998500e+00 -3.685508e+01 -3.920575e+01
      vertex   6.998500e+00 -3.685508e+01 -5.220575e+01
      vertex   6.998548e+00 -3.685743e+01 -3.920575e+01
    endloop
  endfacet
  facet normal -9.997891e-01 -2.053527e-02 -1.478380e-16
    outer loop
      vertex   6.998548e+00 -3.685743e+01 -3.920575e+01
      vertex   6.998500e+00 -3.685508e+01 -5.220575e+01
      vertex   6.998548e+00 -3.685743e+01 -5.220575e+01
    endloop
  endfacet
  facet normal -9.997960e-01 -2.019903e-02 -1.476552e-16
    outer loop
      vertex   6.998548e+00 -3.685743e+01 -3.920575e+01
      vertex   6.998548e+00 -3.685743e+01 -5.220575e+01
      vertex   6.998596e+00 -3.685978e+01 -3.920575e+01
    endloop
  endfacet
  facet normal -9.997960e-01 -2.019903e-02 -1.586954e-16
    outer loop
      vertex   6.998596e+00 -3.685978e+01 -3.920575e+01
      vertex   6.998548e+00 -3.685743e+01 -5.220575e+01
      vertex   6.998596e+00 -3.685978e+01 -5.220575e+01
    endloop
  endfacet
  facet normal -1.000000e+00 2.597911e-15 0.000000e+00
    outer loop
      vertex   6.998596e+00 -4.814188e+01 -3.920575e+01
      vertex   6.998596e+00 -3.685978e+01 -3.920575e+01
      vertex   6.998596e+00 -4.814188e+01 -5.220575e+01
    endloop
  endfacet
  facet normal -1.000000e+00 2.755360e-15 -1.366428e-16
    outer loop
      vertex   6.998596e+00 -4.814188e+01 -5.220575e+01
      vertex   6.998596e+00 -3.685978e+01 -3.920575e+01
      vertex   6.998596e+00 -3.685978e+01 -5.220575e+01
    endloop
  endfacet
  facet normal -4.281632e-29 -1.486361e-14 1.000000e+00
    outer loop
      vertex   4.848321e+01 4.000000e+00 -5.220575e+01
      vertex   4.816065e+01 6.868251e+00 -5.220575e+01
      vertex   3.800000e+01 4.000000e+00 -5.220575e+01
    endloop
  endfacet
  facet normal -4.000457e-15 -6.921677e-16 1.000000e+00
    outer loop
      vertex   3.800000e+01 4.000000e+00 -5.220575e+01
      vertex   4.816065e+01 6.868251e+00 -5.220575e+01
      vertex   4.766856e+01 9.712324e+00 -5.220575e+01
    endloop
  endfacet
  facet normal -3.872140e-15 -9.093550e-16 1.000000e+00
    outer loop
      vertex   3.800000e+01 4.000000e+00 -5.220575e+01
      vertex   4.766856e+01 9.712324e+00 -5.220575e+01
      vertex   4.700868e+01 1.252221e+01 -5.220575e+01
    endloop
  endfacet
  facet normal -7.689878e-15 -4.863830e-15 1.000000e+00
    outer loop
      vertex   4.618331e+01 1.528801e+01 -5.220575e+01
      vertex   3.800000e+01 1.800000e+01 -5.220575e+01
      vertex   4.700868e+01 1.252221e+01 -5.220575e+01
    endloop
  endfacet
  facet normal -2.451125e-15 3.751726e-15 1.000000e+00
    outer loop
      vertex   4.700868e+01 1.252221e+01 -5.220575e+01
      vertex   3.800000e+01 1.800000e+01 -5.220575e+01
      vertex   3.158959e+01 1.381187e+01 -5.220575e+01
    endloop
  endfacet
  facet normal -2.687746e-15 9.227043e-16 1.000000e+00
    outer loop
      vertex   4.700868e+01 1.252221e+01 -5.220575e+01
      vertex   3.158959e+01 1.381187e+01 -5.220575e+01
      vertex   3.121420e+01 1.271840e+01 -5.220575e+01
    endloop
  endfacet
  facet normal 5.433242e-29 1.834005e-14 1.000000e+00
    outer loop
      vertex   4.618331e+01 1.528801e+01 -5.220575e+01
      vertex   4.519537e+01 1.800000e+01 -5.220575e+01
      vertex   3.800000e+01 1.800000e+01 -5.220575e+01
    endloop
  endfacet
  facet normal 9.166446e-15 -3.619748e-14 1.000000e+00
    outer loop
      vertex   3.684784e+01 1.790453e+01 -5.220575e+01
      vertex   3.572710e+01 1.762072e+01 -5.220575e+01
      vertex   3.800000e+01 1.800000e+01 -5.220575e+01
    endloop
  endfacet
  facet normal 5.045656e-15 -1.150294e-14 1.000000e+00
    outer loop
      vertex   3.800000e+01 1.800000e+01 -5.220575e+01
      vertex   3.572710e+01 1.762072e+01 -5.220575e+01
      vertex   3.466837e+01 1.715632e+01 -5.220575e+01
    endloop
  endfacet
  facet normal 3.482579e-15 -5.330483e-15 1.000000e+00
    outer loop
      vertex   3.800000e+01 1.800000e+01 -5.220575e+01
      vertex   3.466837e+01 1.715632e+01 -5.220575e+01
      vertex   3.370051e+01 1.652398e+01 -5.220575e+01
    endloop
  endfacet
  facet normal 2.635439e-15 -2.862850e-15 1.000000e+00
    outer loop
      vertex   3.370051e+01 1.652398e+01 -5.220575e+01
      vertex   3.284993e+01 1.574097e+01 -5.220575e+01
      vertex   3.800000e+01 1.800000e+01 -5.220575e+01
    endloop
  endfacet
  facet normal 7.282036e-15 -1.345602e-14 1.000000e+00
    outer loop
      vertex   3.800000e+01 1.800000e+01 -5.220575e+01
      vertex   3.284993e+01 1.574097e+01 -5.220575e+01
      vertex   3.213984e+01 1.482864e+01 -5.220575e+01
    endloop
  endfacet
  facet normal 0.000000e+00 0.000000e+00 1.000000e+00
    outer loop
      vertex   3.800000e+01 1.800000e+01 -5.220575e+01
      vertex   3.213984e+01 1.482864e+01 -5.220575e+01
      vertex   3.158959e+01 1.381187e+01 -5.220575e+01
    endloop
  endfacet
  facet normal -2.693624e-15 4.494863e-16 1.000000e+00
    outer loop
      vertex   3.121420e+01 1.271840e+01 -5.220575e+01
      vertex   3.102391e+01 1.157806e+01 -5.220575e+01
      vertex   4.700868e+01 1.252221e+01 -5.220575e+01
    endloop
  endfacet
  facet normal -2.667075e-15 0.000000e+00 1.000000e+00
    outer loop
      vertex   4.700868e+01 1.252221e+01 -5.220575e+01
      vertex   3.102391e+01 1.157806e+01 -5.220575e+01
      vertex   3.102391e+01 1.042194e+01 -5.220575e+01
    endloop
  endfacet
  facet normal -2.609853e-15 -4.355074e-16 1.000000e+00
    outer loop
      vertex   4.700868e+01 1.252221e+01 -5.220575e+01
      vertex   3.102391e+01 1.042194e+01 -5.220575e+01
      vertex   3.121420e+01 9.281602e+00 -5.220575e+01
    endloop
  endfacet
  facet normal -2.521596e-15 -8.656649e-16 1.000000e+00
    outer loop
      vertex   3.121420e+01 9.281602e+00 -5.220575e+01
      vertex   3.158959e+01 8.188132e+00 -5.220575e+01
      vertex   4.700868e+01 1.252221e+01 -5.220575e+01
    endloop
  endfacet
  facet normal -1.933197e-15 -2.958978e-15 1.000000e+00
    outer loop
      vertex   4.700868e+01 1.252221e+01 -5.220575e+01
      vertex   3.158959e+01 8.188132e+00 -5.220575e+01
      vertex   3.800000e+01 4.000000e+00 -5.220575e+01
    endloop
  endfacet
  facet normal 0.000000e+00 0.000000e+00 1.000000e+00
    outer loop
      vertex   3.158959e+01 8.188132e+00 -5.220575e+01
      vertex   3.213984e+01 7.171363e+00 -5.220575e+01
      vertex   3.800000e+01 4.000000e+00 -5.220575e+01
    endloop
  endfacet
  facet normal -1.456407e-14 -2.691205e-14 1.000000e+00
    outer loop
      vertex   3.800000e+01 4.000000e+00 -5.220575e+01
      vertex   3.213984e+01 7.171363e+00 -5.220575e+01
      vertex   3.284993e+01 6.259029e+00 -5.220575e+01
    endloop
  endfacet
  facet normal -5.270878e-15 -5.725700e-15 1.000000e+00
    outer loop
      vertex   3.800000e+01 4.000000e+00 -5.220575e+01
      vertex   3.284993e+01 6.259029e+00 -5.220575e+01
      vertex   3.370051e+01 5.476017e+00 -5.220575e+01
    endloop
  endfacet
  facet normal -6.965157e-15 -1.066097e-14 1.000000e+00
    outer loop
      vertex   3.370051e+01 5.476017e+00 -5.220575e+01
      vertex   3.466837e+01 4.843684e+00 -5.220575e+01
      vertex   3.800000e+01 4.000000e+00 -5.220575e+01
    endloop
  endfacet
  facet normal -1.009131e-14 -2.300588e-14 1.000000e+00
    outer loop
      vertex   3.800000e+01 4.000000e+00 -5.220575e+01
      vertex   3.466837e+01 4.843684e+00 -5.220575e+01
      vertex   3.572710e+01 4.379279e+00 -5.220575e+01
    endloop
  endfacet
  facet normal -1.833289e-14 -7.239496e-14 1.000000e+00
    outer loop
      vertex   3.800000e+01 4.000000e+00 -5.220575e+01
      vertex   3.572710e+01 4.379279e+00 -5.220575e+01
      vertex   3.684784e+01 4.095471e+00 -5.220575e+01
    endloop
  endfacet
  facet normal 2.880614e-15 1.000000e+00 1.024821e-15
    outer loop
      vertex   4.848321e+01 4.000000e+00 -5.220575e+01
      vertex   3.800000e+01 4.000000e+00 -5.220575e+01
      vertex   4.848321e+01 4.000000e+00 -3.920575e+01
    endloop
  endfacet
  facet normal 2.880614e-15 1.000000e+00 1.024821e-15
    outer loop
      vertex   4.848321e+01 4.000000e+00 -3.920575e+01
      vertex   3.800000e+01 4.000000e+00 -5.220575e+01
      vertex   3.800000e+01 4.000000e+00 -3.920575e+01
    endloop
  endfacet
  facet normal 2.291713e-15 2.895107e-16 -1.000000e+00
    outer loop
      vertex   4.090575e+01 1.174607e+01 -3.920575e+01
      vertex   4.700868e+01 1.252221e+01 -3.920575e+01
      vertex   4.100000e+01 1.100000e+01 -3.920575e+01
    endloop
  endfacet
  facet normal 1.627607e-15 2.910962e-15 -1.000000e+00
    outer loop
      vertex   4.100000e+01 1.100000e+01 -3.920575e+01
      vertex   4.700868e+01 1.252221e+01 -3.920575e+01
      vertex   4.766856e+01 9.712324e+00 -3.920575e+01
    endloop
  endfacet
  facet normal 1.040138e-15 -1.314000e-16 -1.000000e+00
    outer loop
      vertex   4.100000e+01 1.100000e+01 -3.920575e+01
      vertex   4.766856e+01 9.712324e+00 -3.920575e+01
      vertex   4.090575e+01 1.025393e+01 -3.920575e+01
    endloop
  endfacet
  facet normal 1.018371e-15 -4.032014e-16 -1.000000e+00
    outer loop
      vertex   4.090575e+01 1.025393e+01 -3.920575e+01
      vertex   4.766856e+01 9.712324e+00 -3.920575e+01
      vertex   4.062892e+01 9.554739e+00 -3.920575e+01
    endloop
  endfacet
  facet normal 1.005450e-15 1.739652e-16 -1.000000e+00
    outer loop
      vertex   4.062892e+01 9.554739e+00 -3.920575e+01
      vertex   4.766856e+01 9.712324e+00 -3.920575e+01
      vertex   4.816065e+01 6.868251e+00 -3.920575e+01
    endloop
  endfacet
  facet normal 7.492348e-16 -5.443509e-16 -1.000000e+00
    outer loop
      vertex   4.062892e+01 9.554739e+00 -3.920575e+01
      vertex   4.816065e+01 6.868251e+00 -3.920575e+01
      vertex   4.018691e+01 8.946359e+00 -3.920575e+01
    endloop
  endfacet
  facet normal 3.615365e-15 1.045305e-14 -1.000000e+00
    outer loop
      vertex   4.018691e+01 8.946359e+00 -3.920575e+01
      vertex   4.816065e+01 6.868251e+00 -3.920575e+01
      vertex   3.960748e+01 8.467016e+00 -3.920575e+01
    endloop
  endfacet
  facet normal 2.671099e-15 5.401362e-15 -1.000000e+00
    outer loop
      vertex   3.960748e+01 8.467016e+00 -3.920575e+01
      vertex   4.816065e+01 6.868251e+00 -3.920575e+01
      vertex   3.800000e+01 4.000000e+00 -3.920575e+01
    endloop
  endfacet
  facet normal -3.604340e-15 7.659613e-15 -1.000000e+00
    outer loop
      vertex   3.960748e+01 8.467016e+00 -3.920575e+01
      vertex   3.800000e+01 4.000000e+00 -3.920575e+01
      vertex   3.892705e+01 8.146831e+00 -3.920575e+01
    endloop
  endfacet
  facet normal -1.365680e-15 7.159146e-15 -1.000000e+00
    outer loop
      vertex   3.892705e+01 8.146831e+00 -3.920575e+01
      vertex   3.800000e+01 4.000000e+00 -3.920575e+01
      vertex   3.818837e+01 8.005920e+00 -3.920575e+01
    endloop
  endfacet
  facet normal -2.398678e-14 8.222865e-15 -1.000000e+00
    outer loop
      vertex   3.818837e+01 8.005920e+00 -3.920575e+01
      vertex   3.800000e+01 4.000000e+00 -3.920575e+01
      vertex   3.684784e+01 4.095471e+00 -3.920575e+01
    endloop
  endfacet
  facet normal -0.000000e+00 0.000000e+00 -1.000000e+00
    outer loop
      vertex   3.818837e+01 8.005920e+00 -3.920575e+01
      vertex   3.684784e+01 4.095471e+00 -3.920575e+01
      vertex   3.743786e+01 8.053138e+00 -3.920575e+01
    endloop
  endfacet
  facet normal 0.000000e+00 0.000000e+00 -1.000000e+00
    outer loop
      vertex   3.743786e+01 8.053138e+00 -3.920575e+01
      vertex   3.684784e+01 4.095471e+00 -3.920575e+01
      vertex   3.572710e+01 4.379279e+00 -3.920575e+01
    endloop
  endfacet
  facet normal 0.000000e+00 0.000000e+00 -1.000000e+00
    outer loop
      vertex   3.743786e+01 8.053138e+00 -3.920575e+01
      vertex   3.572710e+01 4.379279e+00 -3.920575e+01
      vertex   3.466837e+01 4.843684e+00 -3.920575e+01
    endloop
  endfacet
  facet normal 2.216906e-15 8.777351e-16 -1.000000e+00
    outer loop
      vertex   4.090575e+01 1.174607e+01 -3.920575e+01
      vertex   4.062892e+01 1.244526e+01 -3.920575e+01
      vertex   4.700868e+01 1.252221e+01 -3.920575e+01
    endloop
  endfacet
  facet normal 2.219504e-15 6.623412e-16 -1.000000e+00
    outer loop
      vertex   4.700868e+01 1.252221e+01 -3.920575e+01
      vertex   4.062892e+01 1.244526e+01 -3.920575e+01
      vertex   4.618331e+01 1.528801e+01 -3.920575e+01
    endloop
  endfacet
  facet normal 1.864999e-15 1.355001e-15 -1.000000e+00
    outer loop
      vertex   4.618331e+01 1.528801e+01 -3.920575e+01
      vertex   4.062892e+01 1.244526e+01 -3.920575e+01
      vertex   4.018691e+01 1.305364e+01 -3.920575e+01
    endloop
  endfacet
  facet normal -2.174223e-15 1.219510e-14 -1.000000e+00
    outer loop
      vertex   4.618331e+01 1.528801e+01 -3.920575e+01
      vertex   4.018691e+01 1.305364e+01 -3.920575e+01
      vertex   3.960748e+01 1.353298e+01 -3.920575e+01
    endloop
  endfacet
  facet normal -5.406510e-15 -1.148942e-14 -1.000000e+00
    outer loop
      vertex   3.892705e+01 1.385317e+01 -3.920575e+01
      vertex   3.800000e+01 1.800000e+01 -3.920575e+01
      vertex   3.960748e+01 1.353298e+01 -3.920575e+01
    endloop
  endfacet
  facet normal 5.925002e-15 -7.411713e-15 -1.000000e+00
    outer loop
      vertex   3.960748e+01 1.353298e+01 -3.920575e+01
      vertex   3.800000e+01 1.800000e+01 -3.920575e+01
      vertex   4.519537e+01 1.800000e+01 -3.920575e+01
    endloop
  endfacet
  facet normal 1.622087e-15 -2.029103e-15 -1.000000e+00
    outer loop
      vertex   3.960748e+01 1.353298e+01 -3.920575e+01
      vertex   4.519537e+01 1.800000e+01 -3.920575e+01
      vertex   4.618331e+01 1.528801e+01 -3.920575e+01
    endloop
  endfacet
  facet normal -2.048520e-15 -1.073872e-14 -1.000000e+00
    outer loop
      vertex   3.892705e+01 1.385317e+01 -3.920575e+01
      vertex   3.818837e+01 1.399408e+01 -3.920575e+01
      vertex   3.800000e+01 1.800000e+01 -3.920575e+01
    endloop
  endfacet
  facet normal -3.598018e-14 -1.233430e-14 -1.000000e+00
    outer loop
      vertex   3.800000e+01 1.800000e+01 -3.920575e+01
      vertex   3.818837e+01 1.399408e+01 -3.920575e+01
      vertex   3.684784e+01 1.790453e+01 -3.920575e+01
    endloop
  endfacet
  facet normal 0.000000e+00 0.000000e+00 -1.000000e+00
    outer loop
      vertex   3.684784e+01 1.790453e+01 -3.920575e+01
      vertex   3.818837e+01 1.399408e+01 -3.920575e+01
      vertex   3.743786e+01 1.394686e+01 -3.920575e+01
    endloop
  endfacet
  facet normal 0.000000e+00 -0.000000e+00 -1.000000e+00
    outer loop
      vertex   3.684784e+01 1.790453e+01 -3.920575e+01
      vertex   3.743786e+01 1.394686e+01 -3.920575e+01
      vertex   3.572710e+01 1.762072e+01 -3.920575e+01
    endloop
  endfacet
  facet normal 0.000000e+00 -0.000000e+00 -1.000000e+00
    outer loop
      vertex   3.572710e+01 1.762072e+01 -3.920575e+01
      vertex   3.743786e+01 1.394686e+01 -3.920575e+01
      vertex   3.466837e+01 1.715632e+01 -3.920575e+01
    endloop
  endfacet
  facet normal 0.000000e+00 0.000000e+00 -1.000000e+00
    outer loop
      vertex   3.466837e+01 1.715632e+01 -3.920575e+01
      vertex   3.743786e+01 1.394686e+01 -3.920575e+01
      vertex   3.672266e+01 1.371448e+01 -3.920575e+01
    endloop
  endfacet
  facet normal 0.000000e+00 -0.000000e+00 -1.000000e+00
    outer loop
      vertex   3.466837e+01 1.715632e+01 -3.920575e+01
      vertex   3.672266e+01 1.371448e+01 -3.920575e+01
      vertex   3.370051e+01 1.652398e+01 -3.920575e+01
    endloop
  endfacet
  facet normal 0.000000e+00 0.000000e+00 -1.000000e+00
    outer loop
      vertex   3.370051e+01 1.652398e+01 -3.920575e+01
      vertex   3.672266e+01 1.371448e+01 -3.920575e+01
      vertex   3.608773e+01 1.331154e+01 -3.920575e+01
    endloop
  endfacet
  facet normal 0.000000e+00 -0.000000e+00 -1.000000e+00
    outer loop
      vertex   3.370051e+01 1.652398e+01 -3.920575e+01
      vertex   3.608773e+01 1.331154e+01 -3.920575e+01
      vertex   3.284993e+01 1.574097e+01 -3.920575e+01
    endloop
  endfacet
  facet normal 0.000000e+00 -0.000000e+00 -1.000000e+00
    outer loop
      vertex   3.284993e+01 1.574097e+01 -3.920575e+01
      vertex   3.608773e+01 1.331154e+01 -3.920575e+01
      vertex   3.213984e+01 1.482864e+01 -3.920575e+01
    endloop
  endfacet
  facet normal 3.660138e-15 9.524659e-15 -1.000000e+00
    outer loop
      vertex   3.213984e+01 1.482864e+01 -3.920575e+01
      vertex   3.608773e+01 1.331154e+01 -3.920575e+01
      vertex   3.557295e+01 1.276336e+01 -3.920575e+01
    endloop
  endfacet
  facet normal -1.561362e-15 8.449667e-16 -1.000000e+00
    outer loop
      vertex   3.213984e+01 1.482864e+01 -3.920575e+01
      vertex   3.557295e+01 1.276336e+01 -3.920575e+01
      vertex   3.158959e+01 1.381187e+01 -3.920575e+01
    endloop
  endfacet
  facet normal -1.558281e-15 8.566720e-16 -1.000000e+00
    outer loop
      vertex   3.158959e+01 1.381187e+01 -3.920575e+01
      vertex   3.557295e+01 1.276336e+01 -3.920575e+01
      vertex   3.521067e+01 1.210437e+01 -3.920575e+01
    endloop
  endfacet
  facet normal 9.483514e-16 6.172487e-15 -1.000000e+00
    outer loop
      vertex   3.158959e+01 1.381187e+01 -3.920575e+01
      vertex   3.521067e+01 1.210437e+01 -3.920575e+01
      vertex   3.121420e+01 1.271840e+01 -3.920575e+01
    endloop
  endfacet
  facet normal 0.000000e+00 0.000000e+00 -1.000000e+00
    outer loop
      vertex   3.121420e+01 1.271840e+01 -3.920575e+01
      vertex   3.521067e+01 1.210437e+01 -3.920575e+01
      vertex   3.502366e+01 1.137600e+01 -3.920575e+01
    endloop
  endfacet
  facet normal 0.000000e+00 -0.000000e+00 -1.000000e+00
    outer loop
      vertex   3.121420e+01 1.271840e+01 -3.920575e+01
      vertex   3.502366e+01 1.137600e+01 -3.920575e+01
      vertex   3.102391e+01 1.157806e+01 -3.920575e+01
    endloop
  endfacet
  facet normal 0.000000e+00 0.000000e+00 -1.000000e+00
    outer loop
      vertex   3.102391e+01 1.157806e+01 -3.920575e+01
      vertex   3.502366e+01 1.137600e+01 -3.920575e+01
      vertex   3.102391e+01 1.042194e+01 -3.920575e+01
    endloop
  endfacet
  facet normal 0.000000e+00 0.000000e+00 -1.000000e+00
    outer loop
      vertex   3.102391e+01 1.042194e+01 -3.920575e+01
      vertex   3.502366e+01 1.137600e+01 -3.920575e+01
      vertex   3.502366e+01 1.062400e+01 -3.920575e+01
    endloop
  endfacet
  facet normal 0.000000e+00 0.000000e+00 -1.000000e+00
    outer loop
      vertex   3.102391e+01 1.042194e+01 -3.920575e+01
      vertex   3.502366e+01 1.062400e+01 -3.920575e+01
      vertex   3.121420e+01 9.281602e+00 -3.920575e+01
    endloop
  endfacet
  facet normal 0.000000e+00 0.000000e+00 -1.000000e+00
    outer loop
      vertex   3.121420e+01 9.281602e+00 -3.920575e+01
      vertex   3.502366e+01 1.062400e+01 -3.920575e+01
      vertex   3.521067e+01 9.895627e+00 -3.920575e+01
    endloop
  endfacet
  facet normal -9.483514e-16 6.172487e-15 -1.000000e+00
    outer loop
      vertex   3.121420e+01 9.281602e+00 -3.920575e+01
      vertex   3.521067e+01 9.895627e+00 -3.920575e+01
      vertex   3.158959e+01 8.188132e+00 -3.920575e+01
    endloop
  endfacet
  facet normal 1.558281e-15 8.566720e-16 -1.000000e+00
    outer loop
      vertex   3.158959e+01 8.188132e+00 -3.920575e+01
      vertex   3.521067e+01 9.895627e+00 -3.920575e+01
      vertex   3.557295e+01 9.236644e+00 -3.920575e+01
    endloop
  endfacet
  facet normal 1.561362e-15 8.449667e-16 -1.000000e+00
    outer loop
      vertex   3.158959e+01 8.188132e+00 -3.920575e+01
      vertex   3.557295e+01 9.236644e+00 -3.920575e+01
      vertex   3.213984e+01 7.171363e+00 -3.920575e+01
    endloop
  endfacet
  facet normal -3.660138e-15 9.524659e-15 -1.000000e+00
    outer loop
      vertex   3.213984e+01 7.171363e+00 -3.920575e+01
      vertex   3.557295e+01 9.236644e+00 -3.920575e+01
      vertex   3.608773e+01 8.688460e+00 -3.920575e+01
    endloop
  endfacet
  facet normal 0.000000e+00 0.000000e+00 -1.000000e+00
    outer loop
      vertex   3.213984e+01 7.171363e+00 -3.920575e+01
      vertex   3.608773e+01 8.688460e+00 -3.920575e+01
      vertex   3.284993e+01 6.259029e+00 -3.920575e+01
    endloop
  endfacet
  facet normal 0.000000e+00 0.000000e+00 -1.000000e+00
    outer loop
      vertex   3.284993e+01 6.259029e+00 -3.920575e+01
      vertex   3.608773e+01 8.688460e+00 -3.920575e+01
      vertex   3.370051e+01 5.476017e+00 -3.920575e+01
    endloop
  endfacet
  facet normal 0.000000e+00 0.000000e+00 -1.000000e+00
    outer loop
      vertex   3.370051e+01 5.476017e+00 -3.920575e+01
      vertex   3.608773e+01 8.688460e+00 -3.920575e+01
      vertex   3.672266e+01 8.285519e+00 -3.920575e+01
    endloop
  endfacet
  facet normal 0.000000e+00 0.000000e+00 -1.000000e+00
    outer loop
      vertex   3.370051e+01 5.476017e+00 -3.920575e+01
      vertex   3.672266e+01 8.285519e+00 -3.920575e+01
      vertex   3.466837e+01 4.843684e+00 -3.920575e+01
    endloop
  endfacet
  facet normal 0.000000e+00 0.000000e+00 -1.000000e+00
    outer loop
      vertex   3.466837e+01 4.843684e+00 -3.920575e+01
      vertex   3.672266e+01 8.285519e+00 -3.920575e+01
      vertex   3.743786e+01 8.053138e+00 -3.920575e+01
    endloop
  endfacet
  facet normal 2.711166e-15 5.259426e-15 -1.000000e+00
    outer loop
      vertex   4.816065e+01 6.868251e+00 -3.920575e+01
      vertex   4.848321e+01 4.000000e+00 -3.920575e+01
      vertex   3.800000e+01 4.000000e+00 -3.920575e+01
    endloop
  endfacet
  facet normal 8.257935e-02 -9.965845e-01 -1.089409e-15
    outer loop
      vertex   3.800000e+01 1.800000e+01 -5.220575e+01
      vertex   3.800000e+01 1.800000e+01 -3.920575e+01
      vertex   3.684784e+01 1.790453e+01 -5.220575e+01
    endloop
  endfacet
  facet normal 8.257935e-02 -9.965845e-01 -1.089409e-15
    outer loop
      vertex   3.684784e+01 1.790453e+01 -5.220575e+01
      vertex   3.800000e+01 1.800000e+01 -3.920575e+01
      vertex   3.684784e+01 1.790453e+01 -3.920575e+01
    endloop
  endfacet
  facet normal 2.454855e-01 -9.694003e-01 -1.059693e-15
    outer loop
      vertex   3.684784e+01 1.790453e+01 -5.220575e+01
      vertex   3.684784e+01 1.790453e+01 -3.920575e+01
      vertex   3.572710e+01 1.762072e+01 -5.220575e+01
    endloop
  endfacet
  facet normal 2.454855e-01 -9.694003e-01 -9.255175e-16
    outer loop
      vertex   3.572710e+01 1.762072e+01 -5.220575e+01
      vertex   3.684784e+01 1.790453e+01 -3.920575e+01
      vertex   3.572710e+01 1.762072e+01 -3.920575e+01
    endloop
  endfacet
  facet normal 4.016954e-01 -9.157733e-01 -7.815157e-16
    outer loop
      vertex   3.572710e+01 1.762072e+01 -5.220575e+01
      vertex   3.572710e+01 1.762072e+01 -3.920575e+01
      vertex   3.466837e+01 1.715632e+01 -5.220575e+01
    endloop
  endfacet
  facet normal 4.016954e-01 -9.157733e-01 -7.508032e-16
    outer loop
      vertex   3.466837e+01 1.715632e+01 -5.220575e+01
      vertex   3.572710e+01 1.762072e+01 -3.920575e+01
      vertex   3.466837e+01 1.715632e+01 -3.920575e+01
    endloop
  endfacet
  facet normal 5.469482e-01 -8.371665e-01 -6.863568e-16
    outer loop
      vertex   3.466837e+01 1.715632e+01 -5.220575e+01
      vertex   3.466837e+01 1.715632e+01 -3.920575e+01
      vertex   3.370051e+01 1.652398e+01 -5.220575e+01
    endloop
  endfacet
  facet normal 5.469482e-01 -8.371665e-01 -9.151424e-16
    outer loop
      vertex   3.370051e+01 1.652398e+01 -5.220575e+01
      vertex   3.466837e+01 1.715632e+01 -3.920575e+01
      vertex   3.370051e+01 1.652398e+01 -3.920575e+01
    endloop
  endfacet
  facet normal 6.772816e-01 -7.357239e-01 -8.042512e-16
    outer loop
      vertex   3.370051e+01 1.652398e+01 -5.220575e+01
      vertex   3.370051e+01 1.652398e+01 -3.920575e+01
      vertex   3.284993e+01 1.574097e+01 -5.220575e+01
    endloop
  endfacet
  facet normal 6.772816e-01 -7.357239e-01 -7.037198e-16
    outer loop
      vertex   3.284993e+01 1.574097e+01 -5.220575e+01
      vertex   3.370051e+01 1.652398e+01 -3.920575e+01
      vertex   3.284993e+01 1.574097e+01 -3.920575e+01
    endloop
  endfacet
  facet normal 7.891405e-01 -6.142127e-01 -5.874944e-16
    outer loop
      vertex   3.284993e+01 1.574097e+01 -5.220575e+01
      vertex   3.284993e+01 1.574097e+01 -3.920575e+01
      vertex   3.213984e+01 1.482864e+01 -5.220575e+01
    endloop
  endfacet
  facet normal 7.891405e-01 -6.142127e-01 -7.553499e-16
    outer loop
      vertex   3.213984e+01 1.482864e+01 -5.220575e+01
      vertex   3.284993e+01 1.574097e+01 -3.920575e+01
      vertex   3.213984e+01 1.482864e+01 -3.920575e+01
    endloop
  endfacet
  facet normal 8.794738e-01 -4.759474e-01 -5.853132e-16
    outer loop
      vertex   3.213984e+01 1.482864e+01 -5.220575e+01
      vertex   3.213984e+01 1.482864e+01 -3.920575e+01
      vertex   3.158959e+01 1.381187e+01 -5.220575e+01
    endloop
  endfacet
  facet normal 8.794738e-01 -4.759474e-01 -4.552436e-16
    outer loop
      vertex   3.158959e+01 1.381187e+01 -5.220575e+01
      vertex   3.213984e+01 1.482864e+01 -3.920575e+01
      vertex   3.158959e+01 1.381187e+01 -3.920575e+01
    endloop
  endfacet
  facet normal 9.458172e-01 -3.246995e-01 -3.105750e-16
    outer loop
      vertex   3.158959e+01 1.381187e+01 -5.220575e+01
      vertex   3.158959e+01 1.381187e+01 -3.920575e+01
      vertex   3.121420e+01 1.271840e+01 -5.220575e+01
    endloop
  endfacet
  facet normal 9.458172e-01 -3.246995e-01 -3.105750e-16
    outer loop
      vertex   3.121420e+01 1.271840e+01 -5.220575e+01
      vertex   3.158959e+01 1.381187e+01 -3.920575e+01
      vertex   3.121420e+01 1.271840e+01 -3.920575e+01
    endloop
  endfacet
  facet normal 9.863613e-01 -1.645946e-01 -1.574347e-16
    outer loop
      vertex   3.121420e+01 1.271840e+01 -5.220575e+01
      vertex   3.121420e+01 1.271840e+01 -3.920575e+01
      vertex   3.102391e+01 1.157806e+01 -5.220575e+01
    endloop
  endfacet
  facet normal 9.863613e-01 -1.645946e-01 -1.799254e-16
    outer loop
      vertex   3.102391e+01 1.157806e+01 -5.220575e+01
      vertex   3.121420e+01 1.271840e+01 -3.920575e+01
      vertex   3.102391e+01 1.157806e+01 -3.920575e+01
    endloop
  endfacet
  facet normal 1.000000e+00 0.000000e+00 0.000000e+00
    outer loop
      vertex   3.102391e+01 1.157806e+01 -5.220575e+01
      vertex   3.102391e+01 1.157806e+01 -3.920575e+01
      vertex   3.102391e+01 1.042194e+01 -5.220575e+01
    endloop
  endfacet
  facet normal 1.000000e+00 0.000000e+00 -0.000000e+00
    outer loop
      vertex   3.102391e+01 1.042194e+01 -5.220575e+01
      vertex   3.102391e+01 1.157806e+01 -3.920575e+01
      vertex   3.102391e+01 1.042194e+01 -3.920575e+01
    endloop
  endfacet
  facet normal 9.863613e-01 1.645946e-01 1.574347e-16
    outer loop
      vertex   3.102391e+01 1.042194e+01 -5.220575e+01
      vertex   3.102391e+01 1.042194e+01 -3.920575e+01
      vertex   3.121420e+01 9.281602e+00 -5.220575e+01
    endloop
  endfacet
  facet normal 9.863613e-01 1.645946e-01 1.799254e-16
    outer loop
      vertex   3.121420e+01 9.281602e+00 -5.220575e+01
      vertex   3.102391e+01 1.042194e+01 -3.920575e+01
      vertex   3.121420e+01 9.281602e+00 -3.920575e+01
    endloop
  endfacet
  facet normal 9.458172e-01 3.246995e-01 3.549428e-16
    outer loop
      vertex   3.121420e+01 9.281602e+00 -5.220575e+01
      vertex   3.121420e+01 9.281602e+00 -3.920575e+01
      vertex   3.158959e+01 8.188132e+00 -5.220575e+01
    endloop
  endfacet
  facet normal 9.458172e-01 3.246995e-01 3.105750e-16
    outer loop
      vertex   3.158959e+01 8.188132e+00 -5.220575e+01
      vertex   3.121420e+01 9.281602e+00 -3.920575e+01
      vertex   3.158959e+01 8.188132e+00 -3.920575e+01
    endloop
  endfacet
  facet normal 8.794738e-01 4.759474e-01 4.552436e-16
    outer loop
      vertex   3.158959e+01 8.188132e+00 -5.220575e+01
      vertex   3.158959e+01 8.188132e+00 -3.920575e+01
      vertex   3.213984e+01 7.171363e+00 -5.220575e+01
    endloop
  endfacet
  facet normal 8.794738e-01 4.759474e-01 1.046181e-16
    outer loop
      vertex   3.213984e+01 7.171363e+00 -5.220575e+01
      vertex   3.158959e+01 8.188132e+00 -3.920575e+01
      vertex   3.213984e+01 7.171363e+00 -3.920575e+01
    endloop
  endfacet
  facet normal 7.891405e-01 6.142127e-01 3.240283e-16
    outer loop
      vertex   3.213984e+01 7.171363e+00 -5.220575e+01
      vertex   3.213984e+01 7.171363e+00 -3.920575e+01
      vertex   3.284993e+01 6.259029e+00 -5.220575e+01
    endloop
  endfacet
  facet normal 7.891405e-01 6.142127e-01 6.714221e-16
    outer loop
      vertex   3.284993e+01 6.259029e+00 -5.220575e+01
      vertex   3.213984e+01 7.171363e+00 -3.920575e+01
      vertex   3.284993e+01 6.259029e+00 -3.920575e+01
    endloop
  endfacet
  facet normal 6.772816e-01 7.357239e-01 8.042512e-16
    outer loop
      vertex   3.284993e+01 6.259029e+00 -5.220575e+01
      vertex   3.284993e+01 6.259029e+00 -3.920575e+01
      vertex   3.370051e+01 5.476017e+00 -5.220575e+01
    endloop
  endfacet
  facet normal 6.772816e-01 7.357239e-01 8.042512e-16
    outer loop
      vertex   3.370051e+01 5.476017e+00 -5.220575e+01
      vertex   3.284993e+01 6.259029e+00 -3.920575e+01
      vertex   3.370051e+01 5.476017e+00 -3.920575e+01
    endloop
  endfacet
  facet normal 5.469482e-01 8.371665e-01 9.151424e-16
    outer loop
      vertex   3.370051e+01 5.476017e+00 -5.220575e+01
      vertex   3.370051e+01 5.476017e+00 -3.920575e+01
      vertex   3.466837e+01 4.843684e+00 -5.220575e+01
    endloop
  endfacet
  facet normal 5.469482e-01 8.371665e-01 8.007496e-16
    outer loop
      vertex   3.466837e+01 4.843684e+00 -5.220575e+01
      vertex   3.370051e+01 5.476017e+00 -3.920575e+01
      vertex   3.466837e+01 4.843684e+00 -3.920575e+01
    endloop
  endfacet
  facet normal 4.016954e-01 9.157733e-01 8.759370e-16
    outer loop
      vertex   3.466837e+01 4.843684e+00 -5.220575e+01
      vertex   3.466837e+01 4.843684e+00 -3.920575e+01
      vertex   3.572710e+01 4.379279e+00 -5.220575e+01
    endloop
  endfacet
  facet normal 4.016954e-01 9.157733e-01 9.385040e-16
    outer loop
      vertex   3.572710e+01 4.379279e+00 -5.220575e+01
      vertex   3.466837e+01 4.843684e+00 -3.920575e+01
      vertex   3.572710e+01 4.379279e+00 -3.920575e+01
    endloop
  endfacet
  facet normal 2.454855e-01 9.694003e-01 9.934620e-16
    outer loop
      vertex   3.572710e+01 4.379279e+00 -5.220575e+01
      vertex   3.572710e+01 4.379279e+00 -3.920575e+01
      vertex   3.684784e+01 4.095471e+00 -5.220575e+01
    endloop
  endfacet
  facet normal 2.454855e-01 9.694003e-01 1.061407e-15
    outer loop
      vertex   3.684784e+01 4.095471e+00 -5.220575e+01
      vertex   3.572710e+01 4.379279e+00 -3.920575e+01
      vertex   3.684784e+01 4.095471e+00 -3.920575e+01
    endloop
  endfacet
  facet normal 8.257935e-02 9.965845e-01 9.983684e-16
    outer loop
      vertex   3.684784e+01 4.095471e+00 -5.220575e+01
      vertex   3.684784e+01 4.095471e+00 -3.920575e+01
      vertex   3.800000e+01 4.000000e+00 -5.220575e+01
    endloop
  endfacet
  facet normal 8.257935e-02 9.965845e-01 1.066456e-15
    outer loop
      vertex   3.800000e+01 4.000000e+00 -5.220575e+01
      vertex   3.684784e+01 4.095471e+00 -3.920575e+01
      vertex   3.800000e+01 4.000000e+00 -3.920575e+01
    endloop
  endfacet
  facet normal -2.962501e-15 -1.000000e+00 -1.093143e-15
    outer loop
      vertex   4.519537e+01 1.800000e+01 -3.920575e+01
      vertex   3.800000e+01 1.800000e+01 -3.920575e+01
      vertex   4.519537e+01 1.800000e+01 -5.220575e+01
    endloop
  endfacet
  facet normal -2.962501e-15 -1.000000e+00 -1.093143e-15
    outer loop
      vertex   4.519537e+01 1.800000e+01 -5.220575e+01
      vertex   3.800000e+01 1.800000e+01 -3.920575e+01
      vertex   3.800000e+01 1.800000e+01 -5.220575e+01
    endloop
  endfacet
  facet normal -2.127954e-29 -7.886792e-15 1.000000e+00
    outer loop
      vertex   4.478540e+01 -1.899709e+01 -5.220575e+01
      vertex   4.583794e+01 -1.629431e+01 -5.220575e+01
      vertex   3.820172e+01 -1.899709e+01 -5.220575e+01
    endloop
  endfacet
  facet normal -3.150834e-15 1.015312e-15 1.000000e+00
    outer loop
      vertex   3.820172e+01 -1.899709e+01 -5.220575e+01
      vertex   4.583794e+01 -1.629431e+01 -5.220575e+01
      vertex   4.672754e+01 -1.353361e+01 -5.220575e+01
    endloop
  endfacet
  facet normal -1.195650e-15 -2.035768e-15 1.000000e+00
    outer loop
      vertex   3.820172e+01 -1.899709e+01 -5.220575e+01
      vertex   4.672754e+01 -1.353361e+01 -5.220575e+01
      vertex   3.179067e+01 -1.523174e+01 -5.220575e+01
    endloop
  endfacet
  facet normal -1.361659e-15 -5.755468e-16 1.000000e+00
    outer loop
      vertex   3.179067e+01 -1.523174e+01 -5.220575e+01
      vertex   4.672754e+01 -1.353361e+01 -5.220575e+01
      vertex   3.135518e+01 -1.420146e+01 -5.220575e+01
    endloop
  endfacet
  facet normal -1.372080e-15 -3.356874e-16 1.000000e+00
    outer loop
      vertex   3.135518e+01 -1.420146e+01 -5.220575e+01
      vertex   4.672754e+01 -1.353361e+01 -5.220575e+01
      vertex   3.108937e+01 -1.311496e+01 -5.220575e+01
    endloop
  endfacet
  facet normal -1.366024e-15 -1.094894e-16 1.000000e+00
    outer loop
      vertex   3.108937e+01 -1.311496e+01 -5.220575e+01
      vertex   4.672754e+01 -1.353361e+01 -5.220575e+01
      vertex   3.100000e+01 -1.200000e+01 -5.220575e+01
    endloop
  endfacet
  facet normal -1.344837e-15 1.077912e-16 1.000000e+00
    outer loop
      vertex   3.100000e+01 -1.200000e+01 -5.220575e+01
      vertex   4.672754e+01 -1.353361e+01 -5.220575e+01
      vertex   3.108937e+01 -1.088504e+01 -5.220575e+01
    endloop
  endfacet
  facet normal -1.308859e-15 3.202201e-16 1.000000e+00
    outer loop
      vertex   3.108937e+01 -1.088504e+01 -5.220575e+01
      vertex   4.672754e+01 -1.353361e+01 -5.220575e+01
      vertex   3.135518e+01 -9.798542e+00 -5.220575e+01
    endloop
  endfacet
  facet normal -2.633236e-15 -5.130502e-15 1.000000e+00
    outer loop
      vertex   3.135518e+01 -9.798542e+00 -5.220575e+01
      vertex   4.672754e+01 -1.353361e+01 -5.220575e+01
      vertex   3.820172e+01 -5.002907e+00 -5.220575e+01
    endloop
  endfacet
  facet normal -8.845816e-15 3.738955e-15 1.000000e+00
    outer loop
      vertex   3.135518e+01 -9.798542e+00 -5.220575e+01
      vertex   3.820172e+01 -5.002907e+00 -5.220575e+01
      vertex   3.179067e+01 -8.768258e+00 -5.220575e+01
    endloop
  endfacet
  facet normal -1.052377e-14 6.595910e-15 1.000000e+00
    outer loop
      vertex   3.179067e+01 -8.768258e+00 -5.220575e+01
      vertex   3.820172e+01 -5.002907e+00 -5.220575e+01
      vertex   3.238469e+01 -7.820490e+00 -5.220575e+01
    endloop
  endfacet
  facet normal 1.486506e-15 -1.819986e-14 1.000000e+00
    outer loop
      vertex   3.238469e+01 -7.820490e+00 -5.220575e+01
      vertex   3.820172e+01 -5.002907e+00 -5.220575e+01
      vertex   3.312209e+01 -6.979439e+00 -5.220575e+01
    endloop
  endfacet
  facet normal -1.056682e-14 1.277684e-14 1.000000e+00
    outer loop
      vertex   3.312209e+01 -6.979439e+00 -5.220575e+01
      vertex   3.820172e+01 -5.002907e+00 -5.220575e+01
      vertex   3.398405e+01 -6.266580e+00 -5.220575e+01
    endloop
  endfacet
  facet normal -1.375627e-14 2.342206e-14 1.000000e+00
    outer loop
      vertex   3.398405e+01 -6.266580e+00 -5.220575e+01
      vertex   3.820172e+01 -5.002907e+00 -5.220575e+01
      vertex   3.494854e+01 -5.700113e+00 -5.220575e+01
    endloop
  endfacet
  facet normal -1.944845e-14 4.998194e-14 1.000000e+00
    outer loop
      vertex   3.494854e+01 -5.700113e+00 -5.220575e+01
      vertex   3.820172e+01 -5.002907e+00 -5.220575e+01
      vertex   3.599094e+01 -5.294503e+00 -5.220575e+01
    endloop
  endfacet
  facet normal -3.343006e-14 1.559858e-13 1.000000e+00
    outer loop
      vertex   3.599094e+01 -5.294503e+00 -5.220575e+01
      vertex   3.820172e+01 -5.002907e+00 -5.220575e+01
      vertex   3.708465e+01 -5.060106e+00 -5.220575e+01
    endloop
  endfacet
  facet normal -2.459433e-17 -2.523354e-15 1.000000e+00
    outer loop
      vertex   4.672754e+01 -1.353361e+01 -5.220575e+01
      vertex   4.745103e+01 -1.072479e+01 -5.220575e+01
      vertex   3.820172e+01 -5.002907e+00 -5.220575e+01
    endloop
  endfacet
  facet normal 1.371124e-15 -2.672047e-16 1.000000e+00
    outer loop
      vertex   3.820172e+01 -5.002907e+00 -5.220575e+01
      vertex   4.745103e+01 -1.072479e+01 -5.220575e+01
      vertex   4.800584e+01 -7.877851e+00 -5.220575e+01
    endloop
  endfacet
  facet normal -1.465107e-29 -4.943003e-15 1.000000e+00
    outer loop
      vertex   3.820172e+01 -5.002907e+00 -5.220575e+01
      vertex   4.800584e+01 -7.877851e+00 -5.220575e+01
      vertex   4.839000e+01 -5.002907e+00 -5.220575e+01
    endloop
  endfacet
  facet normal 0.000000e+00 0.000000e+00 1.000000e+00
    outer loop
      vertex   3.179067e+01 -1.523174e+01 -5.220575e+01
      vertex   3.238469e+01 -1.617951e+01 -5.220575e+01
      vertex   3.820172e+01 -1.899709e+01 -5.220575e+01
    endloop
  endfacet
  facet normal -7.112639e-15 -1.468438e-14 1.000000e+00
    outer loop
      vertex   3.820172e+01 -1.899709e+01 -5.220575e+01
      vertex   3.238469e+01 -1.617951e+01 -5.220575e+01
      vertex   3.312209e+01 -1.702056e+01 -5.220575e+01
    endloop
  endfacet
  facet normal -2.641705e-15 -3.194209e-15 1.000000e+00
    outer loop
      vertex   3.820172e+01 -1.899709e+01 -5.220575e+01
      vertex   3.312209e+01 -1.702056e+01 -5.220575e+01
      vertex   3.398405e+01 -1.773342e+01 -5.220575e+01
    endloop
  endfacet
  facet normal -3.439068e-15 -5.855515e-15 1.000000e+00
    outer loop
      vertex   3.398405e+01 -1.773342e+01 -5.220575e+01
      vertex   3.494854e+01 -1.829989e+01 -5.220575e+01
      vertex   3.820172e+01 -1.899709e+01 -5.220575e+01
    endloop
  endfacet
  facet normal -4.862112e-15 -1.249548e-14 1.000000e+00
    outer loop
      vertex   3.820172e+01 -1.899709e+01 -5.220575e+01
      vertex   3.494854e+01 -1.829989e+01 -5.220575e+01
      vertex   3.599094e+01 -1.870550e+01 -5.220575e+01
    endloop
  endfacet
  facet normal -8.357515e-15 -3.899644e-14 1.000000e+00
    outer loop
      vertex   3.820172e+01 -1.899709e+01 -5.220575e+01
      vertex   3.599094e+01 -1.870550e+01 -5.220575e+01
      vertex   3.708465e+01 -1.893989e+01 -5.220575e+01
    endloop
  endfacet
  facet normal 2.698124e-15 1.000000e+00 1.093143e-15
    outer loop
      vertex   4.478540e+01 -1.899709e+01 -5.220575e+01
      vertex   3.820172e+01 -1.899709e+01 -5.220575e+01
      vertex   4.478540e+01 -1.899709e+01 -3.920575e+01
    endloop
  endfacet
  facet normal 2.698124e-15 1.000000e+00 1.093143e-15
    outer loop
      vertex   4.478540e+01 -1.899709e+01 -3.920575e+01
      vertex   3.820172e+01 -1.899709e+01 -5.220575e+01
      vertex   3.820172e+01 -1.899709e+01 -3.920575e+01
    endloop
  endfacet
  facet normal -1.074606e-15 -1.357543e-16 -1.000000e+00
    outer loop
      vertex   4.090575e+01 -1.125393e+01 -3.920575e+01
      vertex   4.745103e+01 -1.072479e+01 -3.920575e+01
      vertex   4.100000e+01 -1.200000e+01 -3.920575e+01
    endloop
  endfacet
  facet normal -1.687417e-15 2.964331e-15 -1.000000e+00
    outer loop
      vertex   4.100000e+01 -1.200000e+01 -3.920575e+01
      vertex   4.745103e+01 -1.072479e+01 -3.920575e+01
      vertex   4.672754e+01 -1.353361e+01 -3.920575e+01
    endloop
  endfacet
  facet normal -2.399965e-15 3.031860e-16 -1.000000e+00
    outer loop
      vertex   4.100000e+01 -1.200000e+01 -3.920575e+01
      vertex   4.672754e+01 -1.353361e+01 -3.920575e+01
      vertex   4.090575e+01 -1.274607e+01 -3.920575e+01
    endloop
  endfacet
  facet normal -2.316888e-15 9.173209e-16 -1.000000e+00
    outer loop
      vertex   4.090575e+01 -1.274607e+01 -3.920575e+01
      vertex   4.672754e+01 -1.353361e+01 -3.920575e+01
      vertex   4.062892e+01 -1.344526e+01 -3.920575e+01
    endloop
  endfacet
  facet normal -2.282240e-15 3.309192e-15 -1.000000e+00
    outer loop
      vertex   4.062892e+01 -1.344526e+01 -3.920575e+01
      vertex   4.672754e+01 -1.353361e+01 -3.920575e+01
      vertex   4.583794e+01 -1.629431e+01 -3.920575e+01
    endloop
  endfacet
  facet normal -2.928473e-15 2.127660e-15 -1.000000e+00
    outer loop
      vertex   4.062892e+01 -1.344526e+01 -3.920575e+01
      vertex   4.583794e+01 -1.629431e+01 -3.920575e+01
      vertex   4.018691e+01 -1.405364e+01 -3.920575e+01
    endloop
  endfacet
  facet normal 1.423259e-15 1.310286e-14 -1.000000e+00
    outer loop
      vertex   4.018691e+01 -1.405364e+01 -3.920575e+01
      vertex   4.583794e+01 -1.629431e+01 -3.920575e+01
      vertex   3.960748e+01 -1.453298e+01 -3.920575e+01
    endloop
  endfacet
  facet normal -3.393639e-15 -3.936278e-15 -1.000000e+00
    outer loop
      vertex   3.960748e+01 -1.453298e+01 -3.920575e+01
      vertex   4.583794e+01 -1.629431e+01 -3.920575e+01
      vertex   4.478540e+01 -1.899709e+01 -3.920575e+01
    endloop
  endfacet
  facet normal 4.316999e-15 5.007283e-15 -1.000000e+00
    outer loop
      vertex   3.960748e+01 -1.453298e+01 -3.920575e+01
      vertex   4.478540e+01 -1.899709e+01 -3.920575e+01
      vertex   3.820172e+01 -1.899709e+01 -3.920575e+01
    endloop
  endfacet
  facet normal -1.051911e-15 -4.164810e-16 -1.000000e+00
    outer loop
      vertex   4.090575e+01 -1.125393e+01 -3.920575e+01
      vertex   4.062892e+01 -1.055474e+01 -3.920575e+01
      vertex   4.745103e+01 -1.072479e+01 -3.920575e+01
    endloop
  endfacet
  facet normal -1.036495e-15 2.019921e-16 -1.000000e+00
    outer loop
      vertex   4.745103e+01 -1.072479e+01 -3.920575e+01
      vertex   4.062892e+01 -1.055474e+01 -3.920575e+01
      vertex   4.800584e+01 -7.877851e+00 -3.920575e+01
    endloop
  endfacet
  facet normal -7.622382e-16 -5.537985e-16 -1.000000e+00
    outer loop
      vertex   4.800584e+01 -7.877851e+00 -3.920575e+01
      vertex   4.062892e+01 -1.055474e+01 -3.920575e+01
      vertex   4.018691e+01 -9.946359e+00 -3.920575e+01
    endloop
  endfacet
  facet normal -6.885550e-16 -8.323201e-16 -1.000000e+00
    outer loop
      vertex   4.800584e+01 -7.877851e+00 -3.920575e+01
      vertex   4.018691e+01 -9.946359e+00 -3.920575e+01
      vertex   3.960748e+01 -9.467016e+00 -3.920575e+01
    endloop
  endfacet
  facet normal -7.984711e-16 -2.514403e-16 -1.000000e+00
    outer loop
      vertex   4.800584e+01 -7.877851e+00 -3.920575e+01
      vertex   3.960748e+01 -9.467016e+00 -3.920575e+01
      vertex   3.820172e+01 -5.002907e+00 -3.920575e+01
    endloop
  endfacet
  facet normal 0.000000e+00 0.000000e+00 -1.000000e+00
    outer loop
      vertex   3.820172e+01 -5.002907e+00 -3.920575e+01
      vertex   3.960748e+01 -9.467016e+00 -3.920575e+01
      vertex   3.892705e+01 -9.146831e+00 -3.920575e+01
    endloop
  endfacet
  facet normal 0.000000e+00 -0.000000e+00 -1.000000e+00
    outer loop
      vertex   3.820172e+01 -5.002907e+00 -3.920575e+01
      vertex   3.892705e+01 -9.146831e+00 -3.920575e+01
      vertex   3.818837e+01 -9.005920e+00 -3.920575e+01
    endloop
  endfacet
  facet normal -6.361826e-15 2.121863e-17 -1.000000e+00
    outer loop
      vertex   3.820172e+01 -5.002907e+00 -3.920575e+01
      vertex   3.818837e+01 -9.005920e+00 -3.920575e+01
      vertex   3.708465e+01 -5.060106e+00 -3.920575e+01
    endloop
  endfacet
  facet normal -1.113343e-16 1.769608e-15 -1.000000e+00
    outer loop
      vertex   3.708465e+01 -5.060106e+00 -3.920575e+01
      vertex   3.818837e+01 -9.005920e+00 -3.920575e+01
      vertex   3.743786e+01 -9.053138e+00 -3.920575e+01
    endloop
  endfacet
  facet normal -3.742687e-16 1.746350e-15 -1.000000e+00
    outer loop
      vertex   3.708465e+01 -5.060106e+00 -3.920575e+01
      vertex   3.743786e+01 -9.053138e+00 -3.920575e+01
      vertex   3.599094e+01 -5.294503e+00 -3.920575e+01
    endloop
  endfacet
  facet normal 5.288607e-15 3.926313e-15 -1.000000e+00
    outer loop
      vertex   3.599094e+01 -5.294503e+00 -3.920575e+01
      vertex   3.743786e+01 -9.053138e+00 -3.920575e+01
      vertex   3.494854e+01 -5.700113e+00 -3.920575e+01
    endloop
  endfacet
  facet normal 0.000000e+00 0.000000e+00 -1.000000e+00
    outer loop
      vertex   3.494854e+01 -5.700113e+00 -3.920575e+01
      vertex   3.743786e+01 -9.053138e+00 -3.920575e+01
      vertex   3.672266e+01 -9.285519e+00 -3.920575e+01
    endloop
  endfacet
  facet normal 0.000000e+00 -0.000000e+00 -1.000000e+00
    outer loop
      vertex   3.494854e+01 -5.700113e+00 -3.920575e+01
      vertex   3.672266e+01 -9.285519e+00 -3.920575e+01
      vertex   3.398405e+01 -6.266580e+00 -3.920575e+01
    endloop
  endfacet
  facet normal 0.000000e+00 -0.000000e+00 -1.000000e+00
    outer loop
      vertex   3.398405e+01 -6.266580e+00 -3.920575e+01
      vertex   3.672266e+01 -9.285519e+00 -3.920575e+01
      vertex   3.312209e+01 -6.979439e+00 -3.920575e+01
    endloop
  endfacet
  facet normal 0.000000e+00 0.000000e+00 -1.000000e+00
    outer loop
      vertex   3.312209e+01 -6.979439e+00 -3.920575e+01
      vertex   3.672266e+01 -9.285519e+00 -3.920575e+01
      vertex   3.608773e+01 -9.688460e+00 -3.920575e+01
    endloop
  endfacet
  facet normal 0.000000e+00 -0.000000e+00 -1.000000e+00
    outer loop
      vertex   3.312209e+01 -6.979439e+00 -3.920575e+01
      vertex   3.608773e+01 -9.688460e+00 -3.920575e+01
      vertex   3.238469e+01 -7.820490e+00 -3.920575e+01
    endloop
  endfacet
  facet normal 0.000000e+00 0.000000e+00 -1.000000e+00
    outer loop
      vertex   3.238469e+01 -7.820490e+00 -3.920575e+01
      vertex   3.608773e+01 -9.688460e+00 -3.920575e+01
      vertex   3.557295e+01 -1.023664e+01 -3.920575e+01
    endloop
  endfacet
  facet normal 0.000000e+00 -0.000000e+00 -1.000000e+00
    outer loop
      vertex   3.238469e+01 -7.820490e+00 -3.920575e+01
      vertex   3.557295e+01 -1.023664e+01 -3.920575e+01
      vertex   3.179067e+01 -8.768258e+00 -3.920575e+01
    endloop
  endfacet
  facet normal 0.000000e+00 -0.000000e+00 -1.000000e+00
    outer loop
      vertex   3.179067e+01 -8.768258e+00 -3.920575e+01
      vertex   3.557295e+01 -1.023664e+01 -3.920575e+01
      vertex   3.135518e+01 -9.798542e+00 -3.920575e+01
    endloop
  endfacet
  facet normal 0.000000e+00 0.000000e+00 -1.000000e+00
    outer loop
      vertex   3.135518e+01 -9.798542e+00 -3.920575e+01
      vertex   3.557295e+01 -1.023664e+01 -3.920575e+01
      vertex   3.521067e+01 -1.089563e+01 -3.920575e+01
    endloop
  endfacet
  facet normal 0.000000e+00 -0.000000e+00 -1.000000e+00
    outer loop
      vertex   3.135518e+01 -9.798542e+00 -3.920575e+01
      vertex   3.521067e+01 -1.089563e+01 -3.920575e+01
      vertex   3.108937e+01 -1.088504e+01 -3.920575e+01
    endloop
  endfacet
  facet normal 0.000000e+00 0.000000e+00 -1.000000e+00
    outer loop
      vertex   3.108937e+01 -1.088504e+01 -3.920575e+01
      vertex   3.521067e+01 -1.089563e+01 -3.920575e+01
      vertex   3.502366e+01 -1.162400e+01 -3.920575e+01
    endloop
  endfacet
  facet normal 0.000000e+00 -0.000000e+00 -1.000000e+00
    outer loop
      vertex   3.108937e+01 -1.088504e+01 -3.920575e+01
      vertex   3.502366e+01 -1.162400e+01 -3.920575e+01
      vertex   3.100000e+01 -1.200000e+01 -3.920575e+01
    endloop
  endfacet
  facet normal 0.000000e+00 0.000000e+00 -1.000000e+00
    outer loop
      vertex   3.100000e+01 -1.200000e+01 -3.920575e+01
      vertex   3.502366e+01 -1.162400e+01 -3.920575e+01
      vertex   3.502366e+01 -1.237600e+01 -3.920575e+01
    endloop
  endfacet
  facet normal 0.000000e+00 0.000000e+00 -1.000000e+00
    outer loop
      vertex   3.100000e+01 -1.200000e+01 -3.920575e+01
      vertex   3.502366e+01 -1.237600e+01 -3.920575e+01
      vertex   3.108937e+01 -1.311496e+01 -3.920575e+01
    endloop
  endfacet
  facet normal 0.000000e+00 0.000000e+00 -1.000000e+00
    outer loop
      vertex   3.108937e+01 -1.311496e+01 -3.920575e+01
      vertex   3.502366e+01 -1.237600e+01 -3.920575e+01
      vertex   3.521067e+01 -1.310437e+01 -3.920575e+01
    endloop
  endfacet
  facet normal -1.679341e-17 6.535663e-15 -1.000000e+00
    outer loop
      vertex   3.108937e+01 -1.311496e+01 -3.920575e+01
      vertex   3.521067e+01 -1.310437e+01 -3.920575e+01
      vertex   3.135518e+01 -1.420146e+01 -3.920575e+01
    endloop
  endfacet
  facet normal 1.593640e-15 8.761112e-16 -1.000000e+00
    outer loop
      vertex   3.135518e+01 -1.420146e+01 -3.920575e+01
      vertex   3.521067e+01 -1.310437e+01 -3.920575e+01
      vertex   3.557295e+01 -1.376336e+01 -3.920575e+01
    endloop
  endfacet
  facet normal 1.613791e-15 6.821180e-16 -1.000000e+00
    outer loop
      vertex   3.135518e+01 -1.420146e+01 -3.920575e+01
      vertex   3.557295e+01 -1.376336e+01 -3.920575e+01
      vertex   3.179067e+01 -1.523174e+01 -3.920575e+01
    endloop
  endfacet
  facet normal 1.510952e-15 9.470094e-16 -1.000000e+00
    outer loop
      vertex   3.179067e+01 -1.523174e+01 -3.920575e+01
      vertex   3.557295e+01 -1.376336e+01 -3.920575e+01
      vertex   3.238469e+01 -1.617951e+01 -3.920575e+01
    endloop
  endfacet
  facet normal -4.436757e-15 8.795364e-15 -1.000000e+00
    outer loop
      vertex   3.238469e+01 -1.617951e+01 -3.920575e+01
      vertex   3.557295e+01 -1.376336e+01 -3.920575e+01
      vertex   3.608773e+01 -1.431154e+01 -3.920575e+01
    endloop
  endfacet
  facet normal 0.000000e+00 0.000000e+00 -1.000000e+00
    outer loop
      vertex   3.238469e+01 -1.617951e+01 -3.920575e+01
      vertex   3.608773e+01 -1.431154e+01 -3.920575e+01
      vertex   3.312209e+01 -1.702056e+01 -3.920575e+01
    endloop
  endfacet
  facet normal 0.000000e+00 0.000000e+00 -1.000000e+00
    outer loop
      vertex   3.312209e+01 -1.702056e+01 -3.920575e+01
      vertex   3.608773e+01 -1.431154e+01 -3.920575e+01
      vertex   3.672266e+01 -1.471448e+01 -3.920575e+01
    endloop
  endfacet
  facet normal 0.000000e+00 0.000000e+00 -1.000000e+00
    outer loop
      vertex   3.312209e+01 -1.702056e+01 -3.920575e+01
      vertex   3.672266e+01 -1.471448e+01 -3.920575e+01
      vertex   3.398405e+01 -1.773342e+01 -3.920575e+01
    endloop
  endfacet
  facet normal 0.000000e+00 0.000000e+00 -1.000000e+00
    outer loop
      vertex   3.398405e+01 -1.773342e+01 -3.920575e+01
      vertex   3.672266e+01 -1.471448e+01 -3.920575e+01
      vertex   3.494854e+01 -1.829989e+01 -3.920575e+01
    endloop
  endfacet
  facet normal 0.000000e+00 0.000000e+00 -1.000000e+00
    outer loop
      vertex   3.494854e+01 -1.829989e+01 -3.920575e+01
      vertex   3.672266e+01 -1.471448e+01 -3.920575e+01
      vertex   3.743786e+01 -1.494686e+01 -3.920575e+01
    endloop
  endfacet
  facet normal 0.000000e+00 0.000000e+00 -1.000000e+00
    outer loop
      vertex   3.494854e+01 -1.829989e+01 -3.920575e+01
      vertex   3.743786e+01 -1.494686e+01 -3.920575e+01
      vertex   3.599094e+01 -1.870550e+01 -3.920575e+01
    endloop
  endfacet
  facet normal 0.000000e+00 0.000000e+00 -1.000000e+00
    outer loop
      vertex   3.599094e+01 -1.870550e+01 -3.920575e+01
      vertex   3.743786e+01 -1.494686e+01 -3.920575e+01
      vertex   3.708465e+01 -1.893989e+01 -3.920575e+01
    endloop
  endfacet
  facet normal 0.000000e+00 0.000000e+00 -1.000000e+00
    outer loop
      vertex   3.708465e+01 -1.893989e+01 -3.920575e+01
      vertex   3.743786e+01 -1.494686e+01 -3.920575e+01
      vertex   3.818837e+01 -1.499408e+01 -3.920575e+01
    endloop
  endfacet
  facet normal -2.508369e-14 7.016418e-15 -1.000000e+00
    outer loop
      vertex   3.708465e+01 -1.893989e+01 -3.920575e+01
      vertex   3.818837e+01 -1.499408e+01 -3.920575e+01
      vertex   3.820172e+01 -1.899709e+01 -3.920575e+01
    endloop
  endfacet
  facet normal -1.353551e-15 7.095565e-15 -1.000000e+00
    outer loop
      vertex   3.820172e+01 -1.899709e+01 -3.920575e+01
      vertex   3.818837e+01 -1.499408e+01 -3.920575e+01
      vertex   3.892705e+01 -1.485317e+01 -3.920575e+01
    endloop
  endfacet
  facet normal -3.517122e-15 7.474264e-15 -1.000000e+00
    outer loop
      vertex   3.820172e+01 -1.899709e+01 -3.920575e+01
      vertex   3.892705e+01 -1.485317e+01 -3.920575e+01
      vertex   3.960748e+01 -1.453298e+01 -3.920575e+01
    endloop
  endfacet
  facet normal 6.974120e-16 4.849812e-15 -1.000000e+00
    outer loop
      vertex   4.839000e+01 -5.002907e+00 -3.920575e+01
      vertex   4.800584e+01 -7.877851e+00 -3.920575e+01
      vertex   3.820172e+01 -5.002907e+00 -3.920575e+01
    endloop
  endfacet
  facet normal 5.113704e-02 -9.986916e-01 -9.955304e-16
    outer loop
      vertex   3.820172e+01 -5.002907e+00 -5.220575e+01
      vertex   3.820172e+01 -5.002907e+00 -3.920575e+01
      vertex   3.708465e+01 -5.060106e+00 -5.220575e+01
    endloop
  endfacet
  facet normal 5.113704e-02 -9.986916e-01 -9.272984e-16
    outer loop
      vertex   3.708465e+01 -5.060106e+00 -5.220575e+01
      vertex   3.820172e+01 -5.002907e+00 -3.920575e+01
      vertex   3.708465e+01 -5.060106e+00 -3.920575e+01
    endloop
  endfacet
  facet normal 2.095563e-01 -9.777966e-01 -8.207248e-16
    outer loop
      vertex   3.708465e+01 -5.060106e+00 -5.220575e+01
      vertex   3.708465e+01 -5.060106e+00 -3.920575e+01
      vertex   3.599094e+01 -5.294503e+00 -3.920575e+01
    endloop
  endfacet
  facet normal 2.095563e-01 -9.777966e-01 -1.068916e-15
    outer loop
      vertex   3.708465e+01 -5.060106e+00 -5.220575e+01
      vertex   3.599094e+01 -5.294503e+00 -3.920575e+01
      vertex   3.599094e+01 -5.294503e+00 -5.220575e+01
    endloop
  endfacet
  facet normal 3.626249e-01 -9.319352e-01 -1.018738e-15
    outer loop
      vertex   3.599094e+01 -5.294503e+00 -5.220575e+01
      vertex   3.599094e+01 -5.294503e+00 -3.920575e+01
      vertex   3.494854e+01 -5.700113e+00 -3.920575e+01
    endloop
  endfacet
  facet normal 3.626249e-01 -9.319352e-01 -1.019288e-15
    outer loop
      vertex   3.599094e+01 -5.294503e+00 -5.220575e+01
      vertex   3.494854e+01 -5.700113e+00 -3.920575e+01
      vertex   3.494854e+01 -5.700113e+00 -5.220575e+01
    endloop
  endfacet
  facet normal 5.064345e-01 -8.622785e-01 -9.425934e-16
    outer loop
      vertex   3.494854e+01 -5.700113e+00 -5.220575e+01
      vertex   3.494854e+01 -5.700113e+00 -3.920575e+01
      vertex   3.398405e+01 -6.266580e+00 -3.920575e+01
    endloop
  endfacet
  facet normal 5.064345e-01 -8.622785e-01 -7.711469e-16
    outer loop
      vertex   3.494854e+01 -5.700113e+00 -5.220575e+01
      vertex   3.398405e+01 -6.266580e+00 -3.920575e+01
      vertex   3.398405e+01 -6.266580e+00 -5.220575e+01
    endloop
  endfacet
  facet normal 6.373131e-01 -7.706049e-01 -6.844347e-16
    outer loop
      vertex   3.398405e+01 -6.266580e+00 -5.220575e+01
      vertex   3.398405e+01 -6.266580e+00 -3.920575e+01
      vertex   3.312209e+01 -6.979439e+00 -3.920575e+01
    endloop
  endfacet
  facet normal 6.373131e-01 -7.706049e-01 -9.467546e-16
    outer loop
      vertex   3.398405e+01 -6.266580e+00 -5.220575e+01
      vertex   3.312209e+01 -6.979439e+00 -3.920575e+01
      vertex   3.312209e+01 -6.979439e+00 -5.220575e+01
    endloop
  endfacet
  facet normal 7.519191e-01 -6.592554e-01 -8.107427e-16
    outer loop
      vertex   3.312209e+01 -6.979439e+00 -5.220575e+01
      vertex   3.312209e+01 -6.979439e+00 -3.920575e+01
      vertex   3.238469e+01 -7.820490e+00 -3.920575e+01
    endloop
  endfacet
  facet normal 7.519191e-01 -6.592554e-01 -8.093224e-16
    outer loop
      vertex   3.312209e+01 -6.979439e+00 -5.220575e+01
      vertex   3.238469e+01 -7.820490e+00 -3.920575e+01
      vertex   3.238469e+01 -7.820490e+00 -5.220575e+01
    endloop
  endfacet
  facet normal 8.473261e-01 -5.310729e-01 -6.531057e-16
    outer loop
      vertex   3.238469e+01 -7.820490e+00 -5.220575e+01
      vertex   3.238469e+01 -7.820490e+00 -3.920575e+01
      vertex   3.179067e+01 -8.768258e+00 -3.920575e+01
    endloop
  endfacet
  facet normal 8.473261e-01 -5.310729e-01 -5.039177e-16
    outer loop
      vertex   3.238469e+01 -7.820490e+00 -5.220575e+01
      vertex   3.179067e+01 -8.768258e+00 -3.920575e+01
      vertex   3.179067e+01 -8.768258e+00 -5.220575e+01
    endloop
  endfacet
  facet normal 9.210982e-01 -3.893303e-01 -3.723944e-16
    outer loop
      vertex   3.179067e+01 -8.768258e+00 -5.220575e+01
      vertex   3.179067e+01 -8.768258e+00 -3.920575e+01
      vertex   3.135518e+01 -9.798542e+00 -3.920575e+01
    endloop
  endfacet
  facet normal 9.210982e-01 -3.893303e-01 -4.237490e-16
    outer loop
      vertex   3.179067e+01 -8.768258e+00 -5.220575e+01
      vertex   3.135518e+01 -9.798542e+00 -3.920575e+01
      vertex   3.135518e+01 -9.798542e+00 -5.220575e+01
    endloop
  endfacet
  facet normal 9.713516e-01 -2.376469e-01 -2.597820e-16
    outer loop
      vertex   3.135518e+01 -9.798542e+00 -5.220575e+01
      vertex   3.135518e+01 -9.798542e+00 -3.920575e+01
      vertex   3.108937e+01 -1.088504e+01 -3.920575e+01
    endloop
  endfacet
  facet normal 9.713516e-01 -2.376469e-01 -1.946955e-16
    outer loop
      vertex   3.135518e+01 -9.798542e+00 -5.220575e+01
      vertex   3.108937e+01 -1.088504e+01 -3.920575e+01
      vertex   3.108937e+01 -1.088504e+01 -5.220575e+01
    endloop
  endfacet
  facet normal 9.968032e-01 -7.989565e-02 -6.550301e-17
    outer loop
      vertex   3.108937e+01 -1.088504e+01 -5.220575e+01
      vertex   3.108937e+01 -1.088504e+01 -3.920575e+01
      vertex   3.100000e+01 -1.200000e+01 -3.920575e+01
    endloop
  endfacet
  facet normal 9.968032e-01 -7.989565e-02 -7.635117e-17
    outer loop
      vertex   3.108937e+01 -1.088504e+01 -5.220575e+01
      vertex   3.100000e+01 -1.200000e+01 -3.920575e+01
      vertex   3.100000e+01 -1.200000e+01 -5.220575e+01
    endloop
  endfacet
  facet normal 9.968032e-01 7.989565e-02 7.642017e-17
    outer loop
      vertex   3.100000e+01 -1.200000e+01 -5.220575e+01
      vertex   3.100000e+01 -1.200000e+01 -3.920575e+01
      vertex   3.108937e+01 -1.311496e+01 -3.920575e+01
    endloop
  endfacet
  facet normal 9.968032e-01 7.989565e-02 7.635117e-17
    outer loop
      vertex   3.100000e+01 -1.200000e+01 -5.220575e+01
      vertex   3.108937e+01 -1.311496e+01 -3.920575e+01
      vertex   3.108937e+01 -1.311496e+01 -5.220575e+01
    endloop
  endfacet
  facet normal 9.713516e-01 2.376469e-01 2.273093e-16
    outer loop
      vertex   3.108937e+01 -1.311496e+01 -5.220575e+01
      vertex   3.108937e+01 -1.311496e+01 -3.920575e+01
      vertex   3.135518e+01 -1.420146e+01 -3.920575e+01
    endloop
  endfacet
  facet normal 9.713516e-01 2.376469e-01 2.901345e-16
    outer loop
      vertex   3.108937e+01 -1.311496e+01 -5.220575e+01
      vertex   3.135518e+01 -1.420146e+01 -3.920575e+01
      vertex   3.135518e+01 -1.420146e+01 -5.220575e+01
    endloop
  endfacet
  facet normal 9.210982e-01 3.893303e-01 4.787928e-16
    outer loop
      vertex   3.135518e+01 -1.420146e+01 -5.220575e+01
      vertex   3.135518e+01 -1.420146e+01 -3.920575e+01
      vertex   3.179067e+01 -1.523174e+01 -3.920575e+01
    endloop
  endfacet
  facet normal 9.210982e-01 3.893303e-01 3.168574e-16
    outer loop
      vertex   3.135518e+01 -1.420146e+01 -5.220575e+01
      vertex   3.179067e+01 -1.523174e+01 -3.920575e+01
      vertex   3.179067e+01 -1.523174e+01 -5.220575e+01
    endloop
  endfacet
  facet normal 8.473261e-01 5.310729e-01 4.354038e-16
    outer loop
      vertex   3.179067e+01 -1.523174e+01 -5.220575e+01
      vertex   3.179067e+01 -1.523174e+01 -3.920575e+01
      vertex   3.238469e+01 -1.617951e+01 -3.920575e+01
    endloop
  endfacet
  facet normal 8.473261e-01 5.310729e-01 5.802689e-16
    outer loop
      vertex   3.179067e+01 -1.523174e+01 -5.220575e+01
      vertex   3.238469e+01 -1.617951e+01 -3.920575e+01
      vertex   3.238469e+01 -1.617951e+01 -5.220575e+01
    endloop
  endfacet
  facet normal 7.519191e-01 6.592554e-01 7.206602e-16
    outer loop
      vertex   3.238469e+01 -1.617951e+01 -5.220575e+01
      vertex   3.238469e+01 -1.617951e+01 -3.920575e+01
      vertex   3.312209e+01 -1.702056e+01 -3.920575e+01
    endloop
  endfacet
  facet normal 7.519191e-01 6.592554e-01 9.009438e-16
    outer loop
      vertex   3.238469e+01 -1.617951e+01 -5.220575e+01
      vertex   3.312209e+01 -1.702056e+01 -3.920575e+01
      vertex   3.312209e+01 -1.702056e+01 -5.220575e+01
    endloop
  endfacet
  facet normal 6.373131e-01 7.706049e-01 1.052976e-15
    outer loop
      vertex   3.312209e+01 -1.702056e+01 -5.220575e+01
      vertex   3.312209e+01 -1.702056e+01 -3.920575e+01
      vertex   3.398405e+01 -1.773342e+01 -3.920575e+01
    endloop
  endfacet
  facet normal 6.373131e-01 7.706049e-01 8.398629e-16
    outer loop
      vertex   3.312209e+01 -1.702056e+01 -5.220575e+01
      vertex   3.398405e+01 -1.773342e+01 -3.920575e+01
      vertex   3.398405e+01 -1.773342e+01 -5.220575e+01
    endloop
  endfacet
  facet normal 5.064345e-01 8.622785e-01 9.425934e-16
    outer loop
      vertex   3.398405e+01 -1.773342e+01 -5.220575e+01
      vertex   3.398405e+01 -1.773342e+01 -3.920575e+01
      vertex   3.494854e+01 -1.829989e+01 -3.920575e+01
    endloop
  endfacet
  facet normal 5.064345e-01 8.622785e-01 9.391194e-16
    outer loop
      vertex   3.398405e+01 -1.773342e+01 -5.220575e+01
      vertex   3.494854e+01 -1.829989e+01 -3.920575e+01
      vertex   3.494854e+01 -1.829989e+01 -5.220575e+01
    endloop
  endfacet
  facet normal 3.626249e-01 9.319352e-01 1.018738e-15
    outer loop
      vertex   3.494854e+01 -1.829989e+01 -5.220575e+01
      vertex   3.494854e+01 -1.829989e+01 -3.920575e+01
      vertex   3.599094e+01 -1.870550e+01 -3.920575e+01
    endloop
  endfacet
  facet normal 3.626249e-01 9.319352e-01 1.213984e-15
    outer loop
      vertex   3.494854e+01 -1.829989e+01 -5.220575e+01
      vertex   3.599094e+01 -1.870550e+01 -3.920575e+01
      vertex   3.599094e+01 -1.870550e+01 -5.220575e+01
    endloop
  endfacet
  facet normal 2.095563e-01 9.777966e-01 1.183409e-15
    outer loop
      vertex   3.599094e+01 -1.870550e+01 -5.220575e+01
      vertex   3.599094e+01 -1.870550e+01 -3.920575e+01
      vertex   3.708465e+01 -1.893989e+01 -3.920575e+01
    endloop
  endfacet
  facet normal 2.095563e-01 9.777966e-01 1.068916e-15
    outer loop
      vertex   3.599094e+01 -1.870550e+01 -5.220575e+01
      vertex   3.708465e+01 -1.893989e+01 -3.920575e+01
      vertex   3.708465e+01 -1.893989e+01 -5.220575e+01
    endloop
  endfacet
  facet normal 5.113704e-02 9.986916e-01 1.091712e-15
    outer loop
      vertex   3.708465e+01 -1.893989e+01 -5.220575e+01
      vertex   3.708465e+01 -1.893989e+01 -3.920575e+01
      vertex   3.820172e+01 -1.899709e+01 -5.220575e+01
    endloop
  endfacet
  facet normal 5.113704e-02 9.986916e-01 1.091712e-15
    outer loop
      vertex   3.820172e+01 -1.899709e+01 -5.220575e+01
      vertex   3.708465e+01 -1.893989e+01 -3.920575e+01
      vertex   3.820172e+01 -1.899709e+01 -3.920575e+01
    endloop
  endfacet
  facet normal -2.964001e-15 -1.000000e+00 -1.024821e-15
    outer loop
      vertex   4.839000e+01 -5.002907e+00 -3.920575e+01
      vertex   3.820172e+01 -5.002907e+00 -3.920575e+01
      vertex   4.839000e+01 -5.002907e+00 -5.220575e+01
    endloop
  endfacet
  facet normal -2.964001e-15 -1.000000e+00 -1.024821e-15
    outer loop
      vertex   4.839000e+01 -5.002907e+00 -5.220575e+01
      vertex   3.820172e+01 -5.002907e+00 -3.920575e+01
      vertex   3.820172e+01 -5.002907e+00 -5.220575e+01
    endloop
  endfacet
  facet normal 6.832247e-02 9.976633e-01 -0.000000e+00
    outer loop
      vertex   0.000000e+00 -3.284423e+01 -1.200000e+02
      vertex   0.000000e+00 -3.284423e+01 -5.220575e+01
      vertex   1.022442e+00 -3.291425e+01 -1.200000e+02
    endloop
  endfacet
  facet normal 9.899141e-02 9.950882e-01 4.651948e-04
    outer loop
      vertex   1.022442e+00 -3.291425e+01 -1.200000e+02
      vertex   0.000000e+00 -3.284423e+01 -5.220575e+01
      vertex   1.225247e+00 -3.294499e+01 -9.740192e+01
    endloop
  endfacet
  facet normal 2.036917e-01 9.790350e-01 -4.962648e-04
    outer loop
      vertex   1.022442e+00 -3.291425e+01 -1.200000e+02
      vertex   1.225247e+00 -3.294499e+01 -9.740192e+01
      vertex   2.025794e+00 -3.312300e+01 -1.200000e+02
    endloop
  endfacet
  facet normal 2.436743e-01 9.698566e-01 9.924364e-04
    outer loop
      vertex   2.025794e+00 -3.312300e+01 -1.200000e+02
      vertex   1.225247e+00 -3.294499e+01 -9.740192e+01
      vertex   2.417572e+00 -3.324456e+01 -9.740192e+01
    endloop
  endfacet
  facet normal 3.352575e-01 9.421262e-01 -7.444899e-04
    outer loop
      vertex   2.025794e+00 -3.312300e+01 -1.200000e+02
      vertex   2.417572e+00 -3.324456e+01 -9.740192e+01
      vertex   2.991320e+00 -3.346659e+01 -1.200000e+02
    endloop
  endfacet
  facet normal 3.988424e-01 9.170188e-01 1.116560e-03
    outer loop
      vertex   2.991320e+00 -3.346659e+01 -1.200000e+02
      vertex   2.417572e+00 -3.324456e+01 -9.740192e+01
      vertex   3.544940e+00 -3.373489e+01 -9.740192e+01
    endloop
  endfacet
  facet normal 4.605635e-01 8.876264e-01 -7.444899e-04
    outer loop
      vertex   2.991320e+00 -3.346659e+01 -1.200000e+02
      vertex   3.544940e+00 -3.373489e+01 -9.740192e+01
      vertex   3.900992e+00 -3.393859e+01 -1.200000e+02
    endloop
  endfacet
  facet normal 5.432941e-01 8.395419e-01 9.924364e-04
    outer loop
      vertex   3.900992e+00 -3.393859e+01 -1.200000e+02
      vertex   3.544940e+00 -3.373489e+01 -9.740192e+01
      vertex   4.577059e+00 -3.440281e+01 -9.740192e+01
    endloop
  endfacet
  facet normal 5.772701e-01 8.165531e-01 -4.962648e-04
    outer loop
      vertex   3.900992e+00 -3.393859e+01 -1.200000e+02
      vertex   4.577059e+00 -3.440281e+01 -9.740192e+01
      vertex   4.737826e+00 -3.453020e+01 -1.200000e+02
    endloop
  endfacet
  facet normal 6.831978e-01 7.302330e-01 7.439330e-04
    outer loop
      vertex   4.737826e+00 -3.453020e+01 -1.200000e+02
      vertex   4.577059e+00 -3.440281e+01 -9.740192e+01
      vertex   5.486196e+00 -3.523037e+01 -1.200000e+02
    endloop
  endfacet
  facet normal 6.731483e-01 7.395075e-01 0.000000e+00
    outer loop
      vertex   5.486196e+00 -3.523037e+01 -1.200000e+02
      vertex   4.577059e+00 -3.440281e+01 -9.740192e+01
      vertex   4.577059e+00 -3.440281e+01 -7.480384e+01
    endloop
  endfacet
  facet normal 6.604027e-01 7.509115e-01 -4.651948e-04
    outer loop
      vertex   5.486196e+00 -3.523037e+01 -1.200000e+02
      vertex   4.577059e+00 -3.440281e+01 -7.480384e+01
      vertex   4.737826e+00 -3.453020e+01 -5.220575e+01
    endloop
  endfacet
  facet normal 5.772701e-01 8.165531e-01 4.962648e-04
    outer loop
      vertex   4.737826e+00 -3.453020e+01 -5.220575e+01
      vertex   4.577059e+00 -3.440281e+01 -7.480384e+01
      vertex   3.900992e+00 -3.393859e+01 -5.220575e+01
    endloop
  endfacet
  facet normal 5.432941e-01 8.395419e-01 -9.924364e-04
    outer loop
      vertex   3.900992e+00 -3.393859e+01 -5.220575e+01
      vertex   4.577059e+00 -3.440281e+01 -7.480384e+01
      vertex   3.544940e+00 -3.373489e+01 -7.480384e+01
    endloop
  endfacet
  facet normal 4.605635e-01 8.876264e-01 7.444899e-04
    outer loop
      vertex   3.900992e+00 -3.393859e+01 -5.220575e+01
      vertex   3.544940e+00 -3.373489e+01 -7.480384e+01
      vertex   2.991320e+00 -3.346659e+01 -5.220575e+01
    endloop
  endfacet
  facet normal 3.988424e-01 9.170188e-01 -1.116560e-03
    outer loop
      vertex   2.991320e+00 -3.346659e+01 -5.220575e+01
      vertex   3.544940e+00 -3.373489e+01 -7.480384e+01
      vertex   2.417572e+00 -3.324456e+01 -7.480384e+01
    endloop
  endfacet
  facet normal 3.352575e-01 9.421262e-01 7.444899e-04
    outer loop
      vertex   2.991320e+00 -3.346659e+01 -5.220575e+01
      vertex   2.417572e+00 -3.324456e+01 -7.480384e+01
      vertex   2.025794e+00 -3.312300e+01 -5.220575e+01
    endloop
  endfacet
  facet normal 2.436743e-01 9.698566e-01 -9.924364e-04
    outer loop
      vertex   2.025794e+00 -3.312300e+01 -5.220575e+01
      vertex   2.417572e+00 -3.324456e+01 -7.480384e+01
      vertex   1.225247e+00 -3.294499e+01 -7.480384e+01
    endloop
  endfacet
  facet normal 2.036917e-01 9.790350e-01 4.962648e-04
    outer loop
      vertex   2.025794e+00 -3.312300e+01 -5.220575e+01
      vertex   1.225247e+00 -3.294499e+01 -7.480384e+01
      vertex   1.022442e+00 -3.291425e+01 -5.220575e+01
    endloop
  endfacet
  facet normal 6.832245e-02 9.976630e-01 -7.439330e-04
    outer loop
      vertex   1.022442e+00 -3.291425e+01 -5.220575e+01
      vertex   1.225247e+00 -3.294499e+01 -7.480384e+01
      vertex   0.000000e+00 -3.284423e+01 -5.220575e+01
    endloop
  endfacet
  facet normal 8.195884e-02 9.966357e-01 0.000000e+00
    outer loop
      vertex   0.000000e+00 -3.284423e+01 -5.220575e+01
      vertex   1.225247e+00 -3.294499e+01 -7.480384e+01
      vertex   1.225247e+00 -3.294499e+01 -9.740192e+01
    endloop
  endfacet
  facet normal 6.831979e-01 7.302332e-01 0.000000e+00
    outer loop
      vertex   4.737826e+00 -3.453020e+01 -5.220575e+01
      vertex   5.486196e+00 -3.523037e+01 -5.220575e+01
      vertex   5.486196e+00 -3.523037e+01 -1.200000e+02
    endloop
  endfacet
  facet normal 2.436744e-01 9.698571e-01 0.000000e+00
    outer loop
      vertex   2.417572e+00 -3.324456e+01 -9.740192e+01
      vertex   1.225247e+00 -3.294499e+01 -9.740192e+01
      vertex   1.225247e+00 -3.294499e+01 -7.480384e+01
    endloop
  endfacet
  facet normal 3.988426e-01 9.170194e-01 0.000000e+00
    outer loop
      vertex   3.544940e+00 -3.373489e+01 -9.740192e+01
      vertex   2.417572e+00 -3.324456e+01 -9.740192e+01
      vertex   2.417572e+00 -3.324456e+01 -7.480384e+01
    endloop
  endfacet
  facet normal 2.436744e-01 9.698571e-01 0.000000e+00
    outer loop
      vertex   2.417572e+00 -3.324456e+01 -7.480384e+01
      vertex   2.417572e+00 -3.324456e+01 -9.740192e+01
      vertex   1.225247e+00 -3.294499e+01 -7.480384e+01
    endloop
  endfacet
  facet normal 5.432944e-01 8.395423e-01 0.000000e+00
    outer loop
      vertex   4.577059e+00 -3.440281e+01 -9.740192e+01
      vertex   3.544940e+00 -3.373489e+01 -9.740192e+01
      vertex   3.544940e+00 -3.373489e+01 -7.480384e+01
    endloop
  endfacet
  facet normal 3.988426e-01 9.170194e-01 0.000000e+00
    outer loop
      vertex   3.544940e+00 -3.373489e+01 -7.480384e+01
      vertex   3.544940e+00 -3.373489e+01 -9.740192e+01
      vertex   2.417572e+00 -3.324456e+01 -7.480384e+01
    endloop
  endfacet
  facet normal 5.432944e-01 8.395423e-01 0.000000e+00
    outer loop
      vertex   4.577059e+00 -3.440281e+01 -7.480384e+01
      vertex   4.577059e+00 -3.440281e+01 -9.740192e+01
      vertex   3.544940e+00 -3.373489e+01 -7.480384e+01
    endloop
  endfacet
  facet normal 6.832247e-02 9.976633e-01 -0.000000e+00
    outer loop
      vertex   0.000000e+00 -3.284423e+01 -3.920575e+01
      vertex   0.000000e+00 -3.284423e+01 -2.800000e+01
      vertex   1.022442e+00 -3.291425e+01 -3.920575e+01
    endloop
  endfacet
  facet normal 6.832247e-02 9.976633e-01 -0.000000e+00
    outer loop
      vertex   1.022442e+00 -3.291425e+01 -3.920575e+01
      vertex   0.000000e+00 -3.284423e+01 -2.800000e+01
      vertex   1.022442e+00 -3.291425e+01 -2.800000e+01
    endloop
  endfacet
  facet normal 2.036917e-01 9.790351e-01 -0.000000e+00
    outer loop
      vertex   1.022442e+00 -3.291425e+01 -3.920575e+01
      vertex   1.022442e+00 -3.291425e+01 -2.800000e+01
      vertex   2.025794e+00 -3.312300e+01 -2.800000e+01
    endloop
  endfacet
  facet normal 2.036917e-01 9.790351e-01 -7.250628e-18
    outer loop
      vertex   1.022442e+00 -3.291425e+01 -3.920575e+01
      vertex   2.025794e+00 -3.312300e+01 -2.800000e+01
      vertex   2.025794e+00 -3.312300e+01 -3.920575e+01
    endloop
  endfacet
  facet normal 3.352576e-01 9.421265e-01 -1.328641e-17
    outer loop
      vertex   2.025794e+00 -3.312300e+01 -3.920575e+01
      vertex   2.025794e+00 -3.312300e+01 -2.800000e+01
      vertex   2.991320e+00 -3.346659e+01 -2.800000e+01
    endloop
  endfacet
  facet normal 3.352576e-01 9.421265e-01 -2.416876e-17
    outer loop
      vertex   2.025794e+00 -3.312300e+01 -3.920575e+01
      vertex   2.991320e+00 -3.346659e+01 -2.800000e+01
      vertex   2.991320e+00 -3.346659e+01 -3.920575e+01
    endloop
  endfacet
  facet normal 4.605637e-01 8.876267e-01 -3.650470e-17
    outer loop
      vertex   2.991320e+00 -3.346659e+01 -3.920575e+01
      vertex   2.991320e+00 -3.346659e+01 -2.800000e+01
      vertex   3.900992e+00 -3.393859e+01 -2.800000e+01
    endloop
  endfacet
  facet normal 4.605637e-01 8.876267e-01 -1.450126e-17
    outer loop
      vertex   2.991320e+00 -3.346659e+01 -3.920575e+01
      vertex   3.900992e+00 -3.393859e+01 -2.800000e+01
      vertex   3.900992e+00 -3.393859e+01 -3.920575e+01
    endloop
  endfacet
  facet normal 5.772702e-01 8.165532e-01 -2.287748e-17
    outer loop
      vertex   3.900992e+00 -3.393859e+01 -3.920575e+01
      vertex   3.900992e+00 -3.393859e+01 -2.800000e+01
      vertex   4.737826e+00 -3.453020e+01 -2.800000e+01
    endloop
  endfacet
  facet normal 5.772702e-01 8.165532e-01 0.000000e+00
    outer loop
      vertex   3.900992e+00 -3.393859e+01 -3.920575e+01
      vertex   4.737826e+00 -3.453020e+01 -2.800000e+01
      vertex   4.737826e+00 -3.453020e+01 -3.920575e+01
    endloop
  endfacet
  facet normal 6.831979e-01 7.302332e-01 -0.000000e+00
    outer loop
      vertex   4.737826e+00 -3.453020e+01 -3.920575e+01
      vertex   4.737826e+00 -3.453020e+01 -2.800000e+01
      vertex   5.486196e+00 -3.523037e+01 -3.920575e+01
    endloop
  endfacet
  facet normal 6.831979e-01 7.302332e-01 -0.000000e+00
    outer loop
      vertex   5.486196e+00 -3.523037e+01 -3.920575e+01
      vertex   4.737826e+00 -3.453020e+01 -2.800000e+01
      vertex   5.486196e+00 -3.523037e+01 -2.800000e+01
    endloop
  endfacet
  facet normal 0.000000e+00 1.000000e+00 0.000000e+00
    outer loop
      vertex   2.586792e+01 4.200000e+01 -3.300000e+01
      vertex   2.586792e+01 4.200000e+01 -2.800000e+01
      vertex   2.672467e+01 4.200000e+01 -3.254536e+01
    endloop
  endfacet
  facet normal 0.000000e+00 1.000000e+00 -0.000000e+00
    outer loop
      vertex   2.672467e+01 4.200000e+01 -3.254536e+01
      vertex   2.586792e+01 4.200000e+01 -2.800000e+01
      vertex   2.672467e+01 4.200000e+01 -2.800000e+01
    endloop
  endfacet
  facet normal -5.273268e-01 -8.496626e-01 0.000000e+00
    outer loop
      vertex   2.586792e+01 4.200000e+01 -3.300000e+01
      vertex   2.615473e+01 4.182200e+01 -3.300000e+01
      vertex   2.586792e+01 4.200000e+01 -2.800000e+01
    endloop
  endfacet
  facet normal -5.273268e-01 -8.496626e-01 0.000000e+00
    outer loop
      vertex   2.586792e+01 4.200000e+01 -2.800000e+01
      vertex   2.615473e+01 4.182200e+01 -3.300000e+01
      vertex   2.615473e+01 4.182200e+01 -2.800000e+01
    endloop
  endfacet
  facet normal -5.331299e-01 -8.460334e-01 -0.000000e+00
    outer loop
      vertex   2.615473e+01 4.182200e+01 -2.800000e+01
      vertex   2.615473e+01 4.182200e+01 -3.300000e+01
      vertex   2.644032e+01 4.164203e+01 -2.800000e+01
    endloop
  endfacet
  facet normal -5.331299e-01 -8.460334e-01 -0.000000e+00
    outer loop
      vertex   2.644032e+01 4.164203e+01 -2.800000e+01
      vertex   2.615473e+01 4.182200e+01 -3.300000e+01
      vertex   2.644032e+01 4.164203e+01 -3.300000e+01
    endloop
  endfacet
  facet normal -5.389070e-01 -8.423652e-01 -0.000000e+00
    outer loop
      vertex   2.644032e+01 4.164203e+01 -2.800000e+01
      vertex   2.644032e+01 4.164203e+01 -3.300000e+01
      vertex   2.672467e+01 4.146012e+01 -2.800000e+01
    endloop
  endfacet
  facet normal -5.389070e-01 -8.423652e-01 -0.000000e+00
    outer loop
      vertex   2.672467e+01 4.146012e+01 -2.800000e+01
      vertex   2.644032e+01 4.164203e+01 -3.300000e+01
      vertex   2.672467e+01 4.146012e+01 -3.300000e+01
    endloop
  endfacet
  facet normal -1.152415e-13 -6.723923e-14 -1.000000e+00
    outer loop
      vertex   0.000000e+00 4.517050e+01 -2.800000e+01
      vertex   1.445261e+00 3.962892e+01 -2.800000e+01
      vertex   0.000000e+00 4.210596e+01 -2.800000e+01
    endloop
  endfacet
  facet normal 0.000000e+00 0.000000e+00 -1.000000e+00
    outer loop
      vertex   0.000000e+00 4.210596e+01 -2.800000e+01
      vertex   1.445261e+00 3.962892e+01 -2.800000e+01
      vertex   7.460697e-01 3.990575e+01 -2.800000e+01
    endloop
  endfacet
  facet normal 2.786012e-13 9.447106e-14 -1.000000e+00
    outer loop
      vertex   0.000000e+00 4.210596e+01 -2.800000e+01
      vertex   7.460697e-01 3.990575e+01 -2.800000e+01
      vertex   0.000000e+00 4.000000e+01 -2.800000e+01
    endloop
  endfacet
  facet normal -1.561226e-08 -6.025553e-09 -1.000000e+00
    outer loop
      vertex   2.672467e+01 4.517050e+01 -2.800000e+01
      vertex   2.532984e+00 3.860748e+01 -2.800000e+01
      vertex   0.000000e+00 4.517050e+01 -2.800000e+01
    endloop
  endfacet
  facet normal -7.114218e-14 -5.885393e-14 -1.000000e+00
    outer loop
      vertex   0.000000e+00 4.517050e+01 -2.800000e+01
      vertex   2.532984e+00 3.860748e+01 -2.800000e+01
      vertex   2.053641e+00 3.918691e+01 -2.800000e+01
    endloop
  endfacet
  facet normal -3.333147e-14 -4.587684e-14 -1.000000e+00
    outer loop
      vertex   0.000000e+00 4.517050e+01 -2.800000e+01
      vertex   2.053641e+00 3.918691e+01 -2.800000e+01
      vertex   1.445261e+00 3.962892e+01 -2.800000e+01
    endloop
  endfacet
  facet normal 0.000000e+00 0.000000e+00 -1.000000e+00
    outer loop
      vertex   2.672467e+01 4.200000e+01 -2.800000e+01
      vertex   2.586792e+01 4.200000e+01 -2.800000e+01
      vertex   2.672467e+01 4.517050e+01 -2.800000e+01
    endloop
  endfacet
  facet normal -1.903942e-08 5.144905e-09 -1.000000e+00
    outer loop
      vertex   2.672467e+01 4.517050e+01 -2.800000e+01
      vertex   2.586792e+01 4.200000e+01 -2.800000e+01
      vertex   2.853170e+00 3.792705e+01 -2.800000e+01
    endloop
  endfacet
  facet normal -1.529445e-08 -7.197023e-09 -1.000000e+00
    outer loop
      vertex   2.672467e+01 4.517050e+01 -2.800000e+01
      vertex   2.853170e+00 3.792705e+01 -2.800000e+01
      vertex   2.532984e+00 3.860748e+01 -2.800000e+01
    endloop
  endfacet
  facet normal 1.485138e-06 4.899371e-08 -1.000000e+00
    outer loop
      vertex   2.615473e+01 4.182200e+01 -2.800000e+01
      vertex   2.672467e+01 2.454571e+01 -2.800000e+01
      vertex   2.586792e+01 4.200000e+01 -2.800000e+01
    endloop
  endfacet
  facet normal 1.727733e-08 -2.305624e-08 -1.000000e+00
    outer loop
      vertex   2.586792e+01 4.200000e+01 -2.800000e+01
      vertex   2.672467e+01 2.454571e+01 -2.800000e+01
      vertex   1.803122e+01 1.803122e+01 -2.800000e+01
    endloop
  endfacet
  facet normal -1.227370e-08 -1.339439e-08 -1.000000e+00
    outer loop
      vertex   2.586792e+01 4.200000e+01 -2.800000e+01
      vertex   1.803122e+01 1.803122e+01 -2.800000e+01
      vertex   1.639108e+01 1.953413e+01 -2.800000e+01
    endloop
  endfacet
  facet normal 0.000000e+00 0.000000e+00 -1.000000e+00
    outer loop
      vertex   2.615473e+01 4.182200e+01 -2.800000e+01
      vertex   2.644032e+01 4.164203e+01 -2.800000e+01
      vertex   2.672467e+01 2.454571e+01 -2.800000e+01
    endloop
  endfacet
  facet normal 0.000000e+00 0.000000e+00 -1.000000e+00
    outer loop
      vertex   2.672467e+01 2.454571e+01 -2.800000e+01
      vertex   2.644032e+01 4.164203e+01 -2.800000e+01
      vertex   2.672467e+01 4.146012e+01 -2.800000e+01
    endloop
  endfacet
  facet normal 0.000000e+00 0.000000e+00 -1.000000e+00
    outer loop
      vertex   3.200000e+01 5.000000e+00 -2.800000e+01
      vertex   2.463111e+01 6.599886e+00 -2.800000e+01
      vertex   2.672467e+01 2.454571e+01 -2.800000e+01
    endloop
  endfacet
  facet normal 0.000000e+00 0.000000e+00 -1.000000e+00
    outer loop
      vertex   2.672467e+01 2.454571e+01 -2.800000e+01
      vertex   2.463111e+01 6.599886e+00 -2.800000e+01
      vertex   2.396216e+01 8.721514e+00 -2.800000e+01
    endloop
  endfacet
  facet normal 0.000000e+00 0.000000e+00 -1.000000e+00
    outer loop
      vertex   2.672467e+01 2.454571e+01 -2.800000e+01
      vertex   2.396216e+01 8.721514e+00 -2.800000e+01
      vertex   2.311085e+01 1.077677e+01 -2.800000e+01
    endloop
  endfacet
  facet normal 0.000000e+00 0.000000e+00 -1.000000e+00
    outer loop
      vertex   3.200000e+01 -5.620214e+00 -2.800000e+01
      vertex   2.550000e+01 -3.180430e-08 -2.800000e+01
      vertex   3.200000e+01 5.000000e+00 -2.800000e+01
    endloop
  endfacet
  facet normal 0.000000e+00 0.000000e+00 -1.000000e+00
    outer loop
      vertex   3.200000e+01 5.000000e+00 -2.800000e+01
      vertex   2.550000e+01 -3.180430e-08 -2.800000e+01
      vertex   2.540296e+01 2.222471e+00 -2.800000e+01
    endloop
  endfacet
  facet normal 0.000000e+00 0.000000e+00 -1.000000e+00
    outer loop
      vertex   3.200000e+01 5.000000e+00 -2.800000e+01
      vertex   2.540296e+01 2.222471e+00 -2.800000e+01
      vertex   2.511260e+01 4.428028e+00 -2.800000e+01
    endloop
  endfacet
  facet normal -4.964451e-17 1.286669e-16 -1.000000e+00
    outer loop
      vertex   2.528414e+01 -3.582316e+01 -2.800000e+01
      vertex   2.396216e+01 -8.721514e+00 -2.800000e+01
      vertex   3.200000e+01 -5.620214e+00 -2.800000e+01
    endloop
  endfacet
  facet normal 0.000000e+00 0.000000e+00 -1.000000e+00
    outer loop
      vertex   3.200000e+01 -5.620214e+00 -2.800000e+01
      vertex   2.396216e+01 -8.721514e+00 -2.800000e+01
      vertex   2.463111e+01 -6.599886e+00 -2.800000e+01
    endloop
  endfacet
  facet normal -0.000000e+00 0.000000e+00 -1.000000e+00
    outer loop
      vertex   3.200000e+01 -5.620214e+00 -2.800000e+01
      vertex   2.463111e+01 -6.599886e+00 -2.800000e+01
      vertex   2.511260e+01 -4.428029e+00 -2.800000e+01
    endloop
  endfacet
  facet normal -9.157505e-17 1.681090e-16 -1.000000e+00
    outer loop
      vertex   1.251998e+01 -4.277626e+01 -2.800000e+01
      vertex   1.639108e+01 -1.953413e+01 -2.800000e+01
      vertex   2.528414e+01 -3.582316e+01 -2.800000e+01
    endloop
  endfacet
  facet normal -1.332131e-16 1.453766e-16 -1.000000e+00
    outer loop
      vertex   2.528414e+01 -3.582316e+01 -2.800000e+01
      vertex   1.639108e+01 -1.953413e+01 -2.800000e+01
      vertex   1.803122e+01 -1.803122e+01 -2.800000e+01
    endloop
  endfacet
  facet normal -1.508185e-16 1.381997e-16 -1.000000e+00
    outer loop
      vertex   2.528414e+01 -3.582316e+01 -2.800000e+01
      vertex   1.803122e+01 -1.803122e+01 -2.800000e+01
      vertex   1.953413e+01 -1.639108e+01 -2.800000e+01
    endloop
  endfacet
  facet normal -3.861497e-16 1.108710e-16 -1.000000e+00
    outer loop
      vertex   5.486196e+00 -3.523037e+01 -2.800000e+01
      vertex   8.721514e+00 -2.396216e+01 -2.800000e+01
      vertex   1.251998e+01 -4.277626e+01 -2.800000e+01
    endloop
  endfacet
  facet normal -7.218070e-17 1.742596e-16 -1.000000e+00
    outer loop
      vertex   1.251998e+01 -4.277626e+01 -2.800000e+01
      vertex   8.721514e+00 -2.396216e+01 -2.800000e+01
      vertex   1.077677e+01 -2.311085e+01 -2.800000e+01
    endloop
  endfacet
  facet normal -8.989634e-17 1.726893e-16 -1.000000e+00
    outer loop
      vertex   1.251998e+01 -4.277626e+01 -2.800000e+01
      vertex   1.077677e+01 -2.311085e+01 -2.800000e+01
      vertex   1.275000e+01 -2.208365e+01 -2.800000e+01
    endloop
  endfacet
  facet normal 0.000000e+00 0.000000e+00 -1.000000e+00
    outer loop
      vertex   8.721514e+00 -2.396216e+01 -2.800000e+01
      vertex   5.486196e+00 -3.523037e+01 -2.800000e+01
      vertex   6.599886e+00 -2.463111e+01 -2.800000e+01
    endloop
  endfacet
  facet normal 0.000000e+00 0.000000e+00 -1.000000e+00
    outer loop
      vertex   6.599886e+00 -2.463111e+01 -2.800000e+01
      vertex   5.486196e+00 -3.523037e+01 -2.800000e+01
      vertex   4.737826e+00 -3.453020e+01 -2.800000e+01
    endloop
  endfacet
  facet normal 0.000000e+00 0.000000e+00 -1.000000e+00
    outer loop
      vertex   6.599886e+00 -2.463111e+01 -2.800000e+01
      vertex   4.737826e+00 -3.453020e+01 -2.800000e+01
      vertex   4.428029e+00 -2.511260e+01 -2.800000e+01
    endloop
  endfacet
  facet normal 0.000000e+00 -0.000000e+00 -1.000000e+00
    outer loop
      vertex   4.428029e+00 -2.511260e+01 -2.800000e+01
      vertex   4.737826e+00 -3.453020e+01 -2.800000e+01
      vertex   3.900992e+00 -3.393859e+01 -2.800000e+01
    endloop
  endfacet
  facet normal 0.000000e+00 0.000000e+00 -1.000000e+00
    outer loop
      vertex   4.428029e+00 -2.511260e+01 -2.800000e+01
      vertex   3.900992e+00 -3.393859e+01 -2.800000e+01
      vertex   2.991320e+00 -3.346659e+01 -2.800000e+01
    endloop
  endfacet
  facet normal 0.000000e+00 0.000000e+00 -1.000000e+00
    outer loop
      vertex   4.428029e+00 -2.511260e+01 -2.800000e+01
      vertex   2.991320e+00 -3.346659e+01 -2.800000e+01
      vertex   2.222471e+00 -2.540296e+01 -2.800000e+01
    endloop
  endfacet
  facet normal 0.000000e+00 -0.000000e+00 -1.000000e+00
    outer loop
      vertex   2.222471e+00 -2.540296e+01 -2.800000e+01
      vertex   2.991320e+00 -3.346659e+01 -2.800000e+01
      vertex   2.025794e+00 -3.312300e+01 -2.800000e+01
    endloop
  endfacet
  facet normal 0.000000e+00 0.000000e+00 -1.000000e+00
    outer loop
      vertex   2.222471e+00 -2.540296e+01 -2.800000e+01
      vertex   2.025794e+00 -3.312300e+01 -2.800000e+01
      vertex   1.022442e+00 -3.291425e+01 -2.800000e+01
    endloop
  endfacet
  facet normal -6.949466e-15 0.000000e+00 -1.000000e+00
    outer loop
      vertex   0.000000e+00 -3.284423e+01 -2.800000e+01
      vertex   0.000000e+00 -2.550000e+01 -2.800000e+01
      vertex   1.022442e+00 -3.291425e+01 -2.800000e+01
    endloop
  endfacet
  facet normal -3.219541e-15 5.143650e-16 -1.000000e+00
    outer loop
      vertex   1.022442e+00 -3.291425e+01 -2.800000e+01
      vertex   0.000000e+00 -2.550000e+01 -2.800000e+01
      vertex   2.222471e+00 -2.540296e+01 -2.800000e+01
    endloop
  endfacet
  facet normal -1.101587e-16 1.729145e-16 -1.000000e+00
    outer loop
      vertex   1.275000e+01 -2.208365e+01 -2.800000e+01
      vertex   1.462620e+01 -2.088838e+01 -2.800000e+01
      vertex   1.251998e+01 -4.277626e+01 -2.800000e+01
    endloop
  endfacet
  facet normal -1.344776e-16 1.752546e-16 -1.000000e+00
    outer loop
      vertex   1.251998e+01 -4.277626e+01 -2.800000e+01
      vertex   1.462620e+01 -2.088838e+01 -2.800000e+01
      vertex   1.639108e+01 -1.953413e+01 -2.800000e+01
    endloop
  endfacet
  facet normal -1.719546e-16 1.319454e-16 -1.000000e+00
    outer loop
      vertex   1.953413e+01 -1.639108e+01 -2.800000e+01
      vertex   2.088838e+01 -1.462620e+01 -2.800000e+01
      vertex   2.528414e+01 -3.582316e+01 -2.800000e+01
    endloop
  endfacet
  facet normal -1.984788e-16 1.264449e-16 -1.000000e+00
    outer loop
      vertex   2.528414e+01 -3.582316e+01 -2.800000e+01
      vertex   2.088838e+01 -1.462620e+01 -2.800000e+01
      vertex   2.208365e+01 -1.275000e+01 -2.800000e+01
    endloop
  endfacet
  facet normal -2.335527e-16 1.215798e-16 -1.000000e+00
    outer loop
      vertex   2.528414e+01 -3.582316e+01 -2.800000e+01
      vertex   2.208365e+01 -1.275000e+01 -2.800000e+01
      vertex   2.311085e+01 -1.077677e+01 -2.800000e+01
    endloop
  endfacet
  facet normal -2.831333e-16 1.172777e-16 -1.000000e+00
    outer loop
      vertex   2.311085e+01 -1.077677e+01 -2.800000e+01
      vertex   2.396216e+01 -8.721514e+00 -2.800000e+01
      vertex   2.528414e+01 -3.582316e+01 -2.800000e+01
    endloop
  endfacet
  facet normal 0.000000e+00 0.000000e+00 -1.000000e+00
    outer loop
      vertex   2.511260e+01 -4.428029e+00 -2.800000e+01
      vertex   2.540296e+01 -2.222471e+00 -2.800000e+01
      vertex   3.200000e+01 -5.620214e+00 -2.800000e+01
    endloop
  endfacet
  facet normal 0.000000e+00 0.000000e+00 -1.000000e+00
    outer loop
      vertex   3.200000e+01 -5.620214e+00 -2.800000e+01
      vertex   2.540296e+01 -2.222471e+00 -2.800000e+01
      vertex   2.550000e+01 -3.180430e-08 -2.800000e+01
    endloop
  endfacet
  facet normal 0.000000e+00 0.000000e+00 -1.000000e+00
    outer loop
      vertex   2.511260e+01 4.428028e+00 -2.800000e+01
      vertex   2.463111e+01 6.599886e+00 -2.800000e+01
      vertex   3.200000e+01 5.000000e+00 -2.800000e+01
    endloop
  endfacet
  facet normal 0.000000e+00 0.000000e+00 -1.000000e+00
    outer loop
      vertex   2.311085e+01 1.077677e+01 -2.800000e+01
      vertex   2.208365e+01 1.275000e+01 -2.800000e+01
      vertex   2.672467e+01 2.454571e+01 -2.800000e+01
    endloop
  endfacet
  facet normal 0.000000e+00 0.000000e+00 -1.000000e+00
    outer loop
      vertex   2.672467e+01 2.454571e+01 -2.800000e+01
      vertex   2.208365e+01 1.275000e+01 -2.800000e+01
      vertex   2.088838e+01 1.462620e+01 -2.800000e+01
    endloop
  endfacet
  facet normal 0.000000e+00 0.000000e+00 -1.000000e+00
    outer loop
      vertex   2.672467e+01 2.454571e+01 -2.800000e+01
      vertex   2.088838e+01 1.462620e+01 -2.800000e+01
      vertex   1.953413e+01 1.639108e+01 -2.800000e+01
    endloop
  endfacet
  facet normal 0.000000e+00 0.000000e+00 -1.000000e+00
    outer loop
      vertex   1.953413e+01 1.639108e+01 -2.800000e+01
      vertex   1.803122e+01 1.803122e+01 -2.800000e+01
      vertex   2.672467e+01 2.454571e+01 -2.800000e+01
    endloop
  endfacet
  facet normal -1.076592e-08 -1.403042e-08 -1.000000e+00
    outer loop
      vertex   1.639108e+01 1.953413e+01 -2.800000e+01
      vertex   1.462620e+01 2.088838e+01 -2.800000e+01
      vertex   2.586792e+01 4.200000e+01 -2.800000e+01
    endloop
  endfacet
  facet normal -9.401292e-09 -1.475707e-08 -1.000000e+00
    outer loop
      vertex   2.586792e+01 4.200000e+01 -2.800000e+01
      vertex   1.462620e+01 2.088838e+01 -2.800000e+01
      vertex   1.275000e+01 2.208365e+01 -2.800000e+01
    endloop
  endfacet
  facet normal -8.121017e-09 -1.560033e-08 -1.000000e+00
    outer loop
      vertex   2.586792e+01 4.200000e+01 -2.800000e+01
      vertex   1.275000e+01 2.208365e+01 -2.800000e+01
      vertex   1.077677e+01 2.311085e+01 -2.800000e+01
    endloop
  endfacet
  facet normal 7.863747e-15 1.898476e-14 -1.000000e+00
    outer loop
      vertex   8.721514e+00 2.396216e+01 -2.800000e+01
      vertex   2.994080e+00 3.718837e+01 -2.800000e+01
      vertex   1.077677e+01 2.311085e+01 -2.800000e+01
    endloop
  endfacet
  facet normal -4.042518e-14 -7.711515e-15 -1.000000e+00
    outer loop
      vertex   1.077677e+01 2.311085e+01 -2.800000e+01
      vertex   2.994080e+00 3.718837e+01 -2.800000e+01
      vertex   2.853170e+00 3.792705e+01 -2.800000e+01
    endloop
  endfacet
  facet normal -1.656150e-08 -8.856953e-09 -1.000000e+00
    outer loop
      vertex   1.077677e+01 2.311085e+01 -2.800000e+01
      vertex   2.853170e+00 3.792705e+01 -2.800000e+01
      vertex   2.586792e+01 4.200000e+01 -2.800000e+01
    endloop
  endfacet
  facet normal 5.688933e-15 1.804299e-14 -1.000000e+00
    outer loop
      vertex   8.721514e+00 2.396216e+01 -2.800000e+01
      vertex   6.599886e+00 2.463111e+01 -2.800000e+01
      vertex   2.994080e+00 3.718837e+01 -2.800000e+01
    endloop
  endfacet
  facet normal -4.687553e-14 2.949158e-15 -1.000000e+00
    outer loop
      vertex   2.994080e+00 3.718837e+01 -2.800000e+01
      vertex   6.599886e+00 2.463111e+01 -2.800000e+01
      vertex   2.946862e+00 3.643786e+01 -2.800000e+01
    endloop
  endfacet
  facet normal 4.154067e-15 1.873778e-14 -1.000000e+00
    outer loop
      vertex   2.946862e+00 3.643786e+01 -2.800000e+01
      vertex   6.599886e+00 2.463111e+01 -2.800000e+01
      vertex   4.428029e+00 2.511260e+01 -2.800000e+01
    endloop
  endfacet
  facet normal -3.992613e-14 1.297278e-14 -1.000000e+00
    outer loop
      vertex   2.946862e+00 3.643786e+01 -2.800000e+01
      vertex   4.428029e+00 2.511260e+01 -2.800000e+01
      vertex   2.714481e+00 3.572266e+01 -2.800000e+01
    endloop
  endfacet
  facet normal -2.439444e-14 1.548118e-14 -1.000000e+00
    outer loop
      vertex   2.714481e+00 3.572266e+01 -2.800000e+01
      vertex   4.428029e+00 2.511260e+01 -2.800000e+01
      vertex   2.311540e+00 3.508773e+01 -2.800000e+01
    endloop
  endfacet
  facet normal 2.797710e-15 2.125072e-14 -1.000000e+00
    outer loop
      vertex   2.311540e+00 3.508773e+01 -2.800000e+01
      vertex   4.428029e+00 2.511260e+01 -2.800000e+01
      vertex   2.222471e+00 2.540296e+01 -2.800000e+01
    endloop
  endfacet
  facet normal -2.015397e-14 2.146180e-14 -1.000000e+00
    outer loop
      vertex   2.311540e+00 3.508773e+01 -2.800000e+01
      vertex   2.222471e+00 2.540296e+01 -2.800000e+01
      vertex   1.763356e+00 3.457295e+01 -2.800000e+01
    endloop
  endfacet
  facet normal -1.202254e-14 2.186892e-14 -1.000000e+00
    outer loop
      vertex   1.763356e+00 3.457295e+01 -2.800000e+01
      vertex   2.222471e+00 2.540296e+01 -2.800000e+01
      vertex   1.104374e+00 3.421067e+01 -2.800000e+01
    endloop
  endfacet
  facet normal -3.590083e-14 1.883768e-14 -1.000000e+00
    outer loop
      vertex   1.104374e+00 3.421067e+01 -2.800000e+01
      vertex   2.222471e+00 2.540296e+01 -2.800000e+01
      vertex   0.000000e+00 3.210596e+01 -2.800000e+01
    endloop
  endfacet
  facet normal 0.000000e+00 0.000000e+00 -1.000000e+00
    outer loop
      vertex   1.104374e+00 3.421067e+01 -2.800000e+01
      vertex   0.000000e+00 3.210596e+01 -2.800000e+01
      vertex   3.759997e-01 3.402366e+01 -2.800000e+01
    endloop
  endfacet
  facet normal -0.000000e+00 0.000000e+00 -1.000000e+00
    outer loop
      vertex   3.759997e-01 3.402366e+01 -2.800000e+01
      vertex   0.000000e+00 3.210596e+01 -2.800000e+01
      vertex   -3.759997e-01 3.402366e+01 -2.800000e+01
    endloop
  endfacet
  facet normal -0.000000e+00 -0.000000e+00 -1.000000e+00
    outer loop
      vertex   -3.759997e-01 3.402366e+01 -2.800000e+01
      vertex   0.000000e+00 3.210596e+01 -2.800000e+01
      vertex   -1.104374e+00 3.421067e+01 -2.800000e+01
    endloop
  endfacet
  facet normal -0.000000e+00 -0.000000e+00 -1.000000e+00
    outer loop
      vertex   -1.104374e+00 3.421067e+01 -2.800000e+01
      vertex   0.000000e+00 3.210596e+01 -2.800000e+01
      vertex   -1.763356e+00 3.457295e+01 -2.800000e+01
    endloop
  endfacet
  facet normal 0.000000e+00 -0.000000e+00 -1.000000e+00
    outer loop
      vertex   -1.763356e+00 3.457295e+01 -2.800000e+01
      vertex   0.000000e+00 3.210596e+01 -2.800000e+01
      vertex   -7.000000e+00 3.210596e+01 -2.800000e+01
    endloop
  endfacet
  facet normal -0.000000e+00 0.000000e+00 -1.000000e+00
    outer loop
      vertex   -1.763356e+00 3.457295e+01 -2.800000e+01
      vertex   -7.000000e+00 3.210596e+01 -2.800000e+01
      vertex   -2.311540e+00 3.508773e+01 -2.800000e+01
    endloop
  endfacet
  facet normal -0.000000e+00 0.000000e+00 -1.000000e+00
    outer loop
      vertex   -2.311540e+00 3.508773e+01 -2.800000e+01
      vertex   -7.000000e+00 3.210596e+01 -2.800000e+01
      vertex   -2.714481e+00 3.572266e+01 -2.800000e+01
    endloop
  endfacet
  facet normal -0.000000e+00 0.000000e+00 -1.000000e+00
    outer loop
      vertex   -2.714481e+00 3.572266e+01 -2.800000e+01
      vertex   -7.000000e+00 3.210596e+01 -2.800000e+01
      vertex   -2.946862e+00 3.643786e+01 -2.800000e+01
    endloop
  endfacet
  facet normal -0.000000e+00 0.000000e+00 -1.000000e+00
    outer loop
      vertex   -2.946862e+00 3.643786e+01 -2.800000e+01
      vertex   -7.000000e+00 3.210596e+01 -2.800000e+01
      vertex   -2.994080e+00 3.718837e+01 -2.800000e+01
    endloop
  endfacet
  facet normal -0.000000e+00 0.000000e+00 -1.000000e+00
    outer loop
      vertex   -2.994080e+00 3.718837e+01 -2.800000e+01
      vertex   -7.000000e+00 3.210596e+01 -2.800000e+01
      vertex   -7.000000e+00 4.210596e+01 -2.800000e+01
    endloop
  endfacet
  facet normal 0.000000e+00 0.000000e+00 -1.000000e+00
    outer loop
      vertex   -2.994080e+00 3.718837e+01 -2.800000e+01
      vertex   -7.000000e+00 4.210596e+01 -2.800000e+01
      vertex   -2.853170e+00 3.792705e+01 -2.800000e+01
    endloop
  endfacet
  facet normal 0.000000e+00 0.000000e+00 -1.000000e+00
    outer loop
      vertex   -2.853170e+00 3.792705e+01 -2.800000e+01
      vertex   -7.000000e+00 4.210596e+01 -2.800000e+01
      vertex   -2.532984e+00 3.860748e+01 -2.800000e+01
    endloop
  endfacet
  facet normal 0.000000e+00 0.000000e+00 -1.000000e+00
    outer loop
      vertex   -2.532984e+00 3.860748e+01 -2.800000e+01
      vertex   -7.000000e+00 4.210596e+01 -2.800000e+01
      vertex   -2.053641e+00 3.918691e+01 -2.800000e+01
    endloop
  endfacet
  facet normal 0.000000e+00 0.000000e+00 -1.000000e+00
    outer loop
      vertex   -2.053641e+00 3.918691e+01 -2.800000e+01
      vertex   -7.000000e+00 4.210596e+01 -2.800000e+01
      vertex   0.000000e+00 4.210596e+01 -2.800000e+01
    endloop
  endfacet
  facet normal 0.000000e+00 0.000000e+00 -1.000000e+00
    outer loop
      vertex   -2.053641e+00 3.918691e+01 -2.800000e+01
      vertex   0.000000e+00 4.210596e+01 -2.800000e+01
      vertex   -1.445261e+00 3.962892e+01 -2.800000e+01
    endloop
  endfacet
  facet normal 0.000000e+00 0.000000e+00 -1.000000e+00
    outer loop
      vertex   -1.445261e+00 3.962892e+01 -2.800000e+01
      vertex   0.000000e+00 4.210596e+01 -2.800000e+01
      vertex   -7.460697e-01 3.990575e+01 -2.800000e+01
    endloop
  endfacet
  facet normal -2.786012e-13 9.447106e-14 -1.000000e+00
    outer loop
      vertex   -7.460697e-01 3.990575e+01 -2.800000e+01
      vertex   0.000000e+00 4.210596e+01 -2.800000e+01
      vertex   0.000000e+00 4.000000e+01 -2.800000e+01
    endloop
  endfacet
  facet normal -1.882145e-15 3.011705e-14 -1.000000e+00
    outer loop
      vertex   2.222471e+00 2.540296e+01 -2.800000e+01
      vertex   0.000000e+00 2.550000e+01 -2.800000e+01
      vertex   0.000000e+00 3.210596e+01 -2.800000e+01
    endloop
  endfacet
  facet normal -1.000000e+00 6.234283e-15 0.000000e+00
    outer loop
      vertex   2.672467e+01 2.454571e+01 -9.500000e+01
      vertex   2.672467e+01 2.454571e+01 -2.800000e+01
      vertex   2.672467e+01 2.739504e+01 -9.500000e+01
    endloop
  endfacet
  facet normal -1.000000e+00 9.609182e-16 -2.242625e-16
    outer loop
      vertex   2.672467e+01 2.739504e+01 -9.500000e+01
      vertex   2.672467e+01 2.454571e+01 -2.800000e+01
      vertex   2.672467e+01 4.064989e+01 -3.820575e+01
    endloop
  endfacet
  facet normal -1.000000e+00 0.000000e+00 0.000000e+00
    outer loop
      vertex   2.672467e+01 2.739504e+01 -9.500000e+01
      vertex   2.672467e+01 4.064989e+01 -3.820575e+01
      vertex   2.672467e+01 4.064989e+01 -1.200000e+02
    endloop
  endfacet
  facet normal -1.000000e+00 1.050203e-15 -8.337549e-17
    outer loop
      vertex   2.672467e+01 2.454571e+01 -2.800000e+01
      vertex   2.672467e+01 4.146012e+01 -2.800000e+01
      vertex   2.672467e+01 4.064989e+01 -3.820575e+01
    endloop
  endfacet
  facet normal -1.000000e+00 0.000000e+00 0.000000e+00
    outer loop
      vertex   2.672467e+01 4.064989e+01 -3.820575e+01
      vertex   2.672467e+01 4.146012e+01 -2.800000e+01
      vertex   2.672467e+01 4.146012e+01 -3.300000e+01
    endloop
  endfacet
  facet normal -1.000000e+00 0.000000e+00 0.000000e+00
    outer loop
      vertex   2.672467e+01 4.064989e+01 -3.820575e+01
      vertex   2.672467e+01 4.146012e+01 -3.300000e+01
      vertex   2.672467e+01 4.146012e+01 -3.820575e+01
    endloop
  endfacet
  facet normal -1.000000e+00 0.000000e+00 0.000000e+00
    outer loop
      vertex   2.672467e+01 4.146012e+01 -3.820575e+01
      vertex   2.672467e+01 4.146012e+01 -3.300000e+01
      vertex   2.672467e+01 4.200000e+01 -3.254536e+01
    endloop
  endfacet
  facet normal -1.000000e+00 2.115482e-15 -2.017712e-16
    outer loop
      vertex   2.672467e+01 4.146012e+01 -3.820575e+01
      vertex   2.672467e+01 4.200000e+01 -3.254536e+01
      vertex   2.672467e+01 4.328687e+01 -3.666071e+01
    endloop
  endfacet
  facet normal -1.000000e+00 2.760735e-15 0.000000e+00
    outer loop
      vertex   2.672467e+01 4.328687e+01 -3.666071e+01
      vertex   2.672467e+01 4.200000e+01 -3.254536e+01
      vertex   2.672467e+01 4.200000e+01 -2.800000e+01
    endloop
  endfacet
  facet normal -1.000000e+00 0.000000e+00 -4.102104e-16
    outer loop
      vertex   2.672467e+01 4.328687e+01 -3.666071e+01
      vertex   2.672467e+01 4.200000e+01 -2.800000e+01
      vertex   2.672467e+01 4.517050e+01 -2.800000e+01
    endloop
  endfacet
  facet normal -1.000000e+00 -1.886104e-15 -0.000000e+00
    outer loop
      vertex   2.672467e+01 4.517050e+01 -2.800000e+01
      vertex   2.672467e+01 4.517050e+01 -3.504861e+01
      vertex   2.672467e+01 4.328687e+01 -3.666071e+01
    endloop
  endfacet
  facet normal -1.000000e+00 0.000000e+00 0.000000e+00
    outer loop
      vertex   2.672467e+01 2.739504e+01 -9.500000e+01
      vertex   2.672467e+01 4.064989e+01 -1.200000e+02
      vertex   2.672467e+01 2.739504e+01 -1.100000e+02
    endloop
  endfacet
  facet normal -1.000000e+00 1.103041e-15 1.462063e-15
    outer loop
      vertex   2.672467e+01 2.739504e+01 -1.100000e+02
      vertex   2.672467e+01 4.064989e+01 -1.200000e+02
      vertex   2.672467e+01 2.454571e+01 -1.200000e+02
    endloop
  endfacet
  facet normal -1.000000e+00 6.234283e-15 0.000000e+00
    outer loop
      vertex   2.672467e+01 2.739504e+01 -1.100000e+02
      vertex   2.672467e+01 2.454571e+01 -1.200000e+02
      vertex   2.672467e+01 2.454571e+01 -1.100000e+02
    endloop
  endfacet
  facet normal -0.000000e+00 1.000000e+00 0.000000e+00
    outer loop
      vertex   0.000000e+00 4.517050e+01 -2.800000e+01
      vertex   0.000000e+00 4.517050e+01 -1.820575e+01
      vertex   2.672467e+01 4.517050e+01 -2.800000e+01
    endloop
  endfacet
  facet normal 0.000000e+00 1.000000e+00 -0.000000e+00
    outer loop
      vertex   2.672467e+01 4.517050e+01 -2.800000e+01
      vertex   0.000000e+00 4.517050e+01 -1.820575e+01
      vertex   3.018353e+01 4.517050e+01 -1.820575e+01
    endloop
  endfacet
  facet normal -0.000000e+00 1.000000e+00 0.000000e+00
    outer loop
      vertex   2.672467e+01 4.517050e+01 -2.800000e+01
      vertex   3.018353e+01 4.517050e+01 -1.820575e+01
      vertex   3.018353e+01 4.517050e+01 -3.320575e+01
    endloop
  endfacet
  facet normal -2.989902e-15 1.000000e+00 -1.986581e-15
    outer loop
      vertex   3.018353e+01 4.517050e+01 -3.320575e+01
      vertex   2.843822e+01 4.517050e+01 -3.415570e+01
      vertex   2.672467e+01 4.517050e+01 -2.800000e+01
    endloop
  endfacet
  facet normal 4.146598e-15 1.000000e+00 0.000000e+00
    outer loop
      vertex   2.672467e+01 4.517050e+01 -2.800000e+01
      vertex   2.843822e+01 4.517050e+01 -3.415570e+01
      vertex   2.672467e+01 4.517050e+01 -3.504861e+01
    endloop
  endfacet
  facet normal 3.740483e-01 6.026889e-01 -7.048787e-01
    outer loop
      vertex   2.586792e+01 4.200000e+01 -3.300000e+01
      vertex   2.672467e+01 4.200000e+01 -3.254536e+01
      vertex   2.615473e+01 4.182200e+01 -3.300000e+01
    endloop
  endfacet
  facet normal 3.770589e-01 5.983615e-01 -7.069584e-01
    outer loop
      vertex   2.615473e+01 4.182200e+01 -3.300000e+01
      vertex   2.672467e+01 4.200000e+01 -3.254536e+01
      vertex   2.644032e+01 4.164203e+01 -3.300000e+01
    endloop
  endfacet
  facet normal 3.810066e-01 5.955512e-01 -7.072147e-01
    outer loop
      vertex   2.644032e+01 4.164203e+01 -3.300000e+01
      vertex   2.672467e+01 4.200000e+01 -3.254536e+01
      vertex   2.672467e+01 4.146012e+01 -3.300000e+01
    endloop
  endfacet
  facet normal 2.098880e-02 -7.069510e-01 -7.069510e-01
    outer loop
      vertex   0.000000e+00 -5.432697e+01 -3.320575e+01
      vertex   0.000000e+00 -4.932697e+01 -3.820575e+01
      vertex   3.223006e+00 -5.423128e+01 -3.320575e+01
    endloop
  endfacet
  facet normal 2.214345e-02 -7.065574e-01 -7.073092e-01
    outer loop
      vertex   3.223006e+00 -5.423128e+01 -3.320575e+01
      vertex   0.000000e+00 -4.932697e+01 -3.820575e+01
      vertex   3.088772e+00 -4.923016e+01 -3.820575e+01
    endloop
  endfacet
  facet normal 6.292115e-02 -7.047820e-01 -7.066281e-01
    outer loop
      vertex   3.223006e+00 -5.423128e+01 -3.320575e+01
      vertex   3.088772e+00 -4.923016e+01 -3.820575e+01
      vertex   6.434658e+00 -5.394455e+01 -3.320575e+01
    endloop
  endfacet
  facet normal 6.631208e-02 -7.034516e-01 -7.076429e-01
    outer loop
      vertex   6.434658e+00 -5.394455e+01 -3.320575e+01
      vertex   3.088772e+00 -4.923016e+01 -3.820575e+01
      vertex   6.165420e+00 -4.894014e+01 -3.820575e+01
    endloop
  endfacet
  facet normal 1.046644e-01 -7.000894e-01 -7.063429e-01
    outer loop
      vertex   6.434658e+00 -5.394455e+01 -3.320575e+01
      vertex   6.165420e+00 -4.894014e+01 -3.820575e+01
      vertex   9.623643e+00 -5.346779e+01 -3.320575e+01
    endloop
  endfacet
  facet normal 1.101853e-01 -6.976302e-01 -7.079345e-01
    outer loop
      vertex   9.623643e+00 -5.346779e+01 -3.320575e+01
      vertex   6.165420e+00 -4.894014e+01 -3.820575e+01
      vertex   9.217870e+00 -4.845803e+01 -3.820575e+01
    endloop
  endfacet
  facet normal 1.460645e-01 -6.928885e-01 -7.060954e-01
    outer loop
      vertex   9.623643e+00 -5.346779e+01 -3.320575e+01
      vertex   9.217870e+00 -4.845803e+01 -3.820575e+01
      vertex   1.277873e+01 -5.280268e+01 -3.320575e+01
    endloop
  endfacet
  facet normal 1.535991e-01 -6.891172e-01 -7.081842e-01
    outer loop
      vertex   1.277873e+01 -5.280268e+01 -3.320575e+01
      vertex   9.217870e+00 -4.845803e+01 -3.820575e+01
      vertex   1.223414e+01 -4.778572e+01 -3.820575e+01
    endloop
  endfacet
  facet normal 1.869688e-01 -6.832042e-01 -7.058857e-01
    outer loop
      vertex   1.277873e+01 -5.280268e+01 -3.320575e+01
      vertex   1.223414e+01 -4.778572e+01 -3.820575e+01
      vertex   1.588879e+01 -5.195157e+01 -3.320575e+01
    endloop
  endfacet
  facet normal 1.963910e-01 -6.779464e-01 -7.083921e-01
    outer loop
      vertex   1.588879e+01 -5.195157e+01 -3.320575e+01
      vertex   1.223414e+01 -4.778572e+01 -3.820575e+01
      vertex   1.520239e+01 -4.692586e+01 -3.820575e+01
    endloop
  endfacet
  facet normal 2.272261e-01 -6.710707e-01 -7.057141e-01
    outer loop
      vertex   1.588879e+01 -5.195157e+01 -3.320575e+01
      vertex   1.520239e+01 -4.692586e+01 -3.820575e+01
      vertex   1.894289e+01 -5.091744e+01 -3.320575e+01
    endloop
  endfacet
  facet normal 2.384011e-01 -6.641613e-01 -7.085582e-01
    outer loop
      vertex   1.894289e+01 -5.091744e+01 -3.320575e+01
      vertex   1.520239e+01 -4.692586e+01 -3.820575e+01
      vertex   1.811098e+01 -4.588183e+01 -3.820575e+01
    endloop
  endfacet
  facet normal 2.666879e-01 -6.565315e-01 -7.055805e-01
    outer loop
      vertex   1.894289e+01 -5.091744e+01 -3.320575e+01
      vertex   1.811098e+01 -4.588183e+01 -3.820575e+01
      vertex   2.193026e+01 -4.970395e+01 -3.320575e+01
    endloop
  endfacet
  facet normal 2.794724e-01 -6.478148e-01 -7.086827e-01
    outer loop
      vertex   2.193026e+01 -4.970395e+01 -3.320575e+01
      vertex   1.811098e+01 -4.588183e+01 -3.820575e+01
      vertex   2.094848e+01 -4.465771e+01 -3.820575e+01
    endloop
  endfacet
  facet normal 3.052086e-01 -6.396394e-01 -7.054851e-01
    outer loop
      vertex   2.193026e+01 -4.970395e+01 -3.320575e+01
      vertex   2.094848e+01 -4.465771e+01 -3.820575e+01
      vertex   2.484037e+01 -4.831537e+01 -3.320575e+01
    endloop
  endfacet
  facet normal 3.194512e-01 -6.289691e-01 -7.087656e-01
    outer loop
      vertex   2.484037e+01 -4.831537e+01 -3.320575e+01
      vertex   2.094848e+01 -4.465771e+01 -3.820575e+01
      vertex   2.370376e+01 -4.325831e+01 -3.820575e+01
    endloop
  endfacet
  facet normal 3.426458e-01 -6.204558e-01 -7.054278e-01
    outer loop
      vertex   2.484037e+01 -4.831537e+01 -3.320575e+01
      vertex   2.370376e+01 -4.325831e+01 -3.820575e+01
      vertex   2.766298e+01 -4.675659e+01 -3.320575e+01
    endloop
  endfacet
  facet normal 3.581882e-01 -6.076954e-01 -7.088071e-01
    outer loop
      vertex   2.766298e+01 -4.675659e+01 -3.320575e+01
      vertex   2.370376e+01 -4.325831e+01 -3.820575e+01
      vertex   2.636601e+01 -4.168913e+01 -3.820575e+01
    endloop
  endfacet
  facet normal 3.788617e-01 -5.990512e-01 -7.054088e-01
    outer loop
      vertex   2.766298e+01 -4.675659e+01 -3.320575e+01
      vertex   2.636601e+01 -4.168913e+01 -3.820575e+01
      vertex   3.038814e+01 -4.503310e+01 -3.320575e+01
    endloop
  endfacet
  facet normal 3.955382e-01 -5.840738e-01 -7.088070e-01
    outer loop
      vertex   3.038814e+01 -4.503310e+01 -3.320575e+01
      vertex   2.636601e+01 -4.168913e+01 -3.820575e+01
      vertex   2.892477e+01 -3.995632e+01 -3.820575e+01
    endloop
  endfacet
  facet normal 4.137226e-01 -5.755042e-01 -7.054279e-01
    outer loop
      vertex   3.038814e+01 -4.503310e+01 -3.320575e+01
      vertex   2.892477e+01 -3.995632e+01 -3.820575e+01
      vertex   3.300626e+01 -4.315097e+01 -3.320575e+01
    endloop
  endfacet
  facet normal 4.313612e-01 -5.581927e-01 -7.087655e-01
    outer loop
      vertex   3.300626e+01 -4.315097e+01 -3.320575e+01
      vertex   2.892477e+01 -3.995632e+01 -3.820575e+01
      vertex   3.137000e+01 -3.806669e+01 -3.820575e+01
    endloop
  endfacet
  facet normal 4.471002e-01 -5.499017e-01 -7.054853e-01
    outer loop
      vertex   3.300626e+01 -4.315097e+01 -3.320575e+01
      vertex   3.137000e+01 -3.806669e+01 -3.820575e+01
      vertex   3.550810e+01 -4.111684e+01 -3.320575e+01
    endloop
  endfacet
  facet normal 4.655228e-01 -5.301488e-01 -7.086824e-01
    outer loop
      vertex   3.550810e+01 -4.111684e+01 -3.320575e+01
      vertex   3.137000e+01 -3.806669e+01 -3.820575e+01
      vertex   3.369211e+01 -3.602765e+01 -3.820575e+01
    endloop
  endfacet
  facet normal 4.788720e-01 -5.223383e-01 -7.055809e-01
    outer loop
      vertex   3.550810e+01 -4.111684e+01 -3.320575e+01
      vertex   3.369211e+01 -3.602765e+01 -3.820575e+01
      vertex   3.788486e+01 -3.893786e+01 -3.320575e+01
    endloop
  endfacet
  facet normal 4.978946e-01 -5.000469e-01 -7.085577e-01
    outer loop
      vertex   3.788486e+01 -3.893786e+01 -3.320575e+01
      vertex   3.369211e+01 -3.602765e+01 -3.820575e+01
      vertex   3.588198e+01 -3.384720e+01 -3.820575e+01
    endloop
  endfacet
  facet normal 5.089212e-01 -4.929160e-01 -7.057146e-01
    outer loop
      vertex   3.788486e+01 -3.893786e+01 -3.320575e+01
      vertex   3.588198e+01 -3.384720e+01 -3.820575e+01
      vertex   4.012816e+01 -3.662172e+01 -3.320575e+01
    endloop
  endfacet
  facet normal 5.283545e-01 -4.679989e-01 -7.083915e-01
    outer loop
      vertex   4.012816e+01 -3.662172e+01 -3.320575e+01
      vertex   3.588198e+01 -3.384720e+01 -3.820575e+01
      vertex   3.793102e+01 -3.153391e+01 -3.820575e+01
    endloop
  endfacet
  facet normal 5.371378e-01 -4.617440e-01 -7.058863e-01
    outer loop
      vertex   4.012816e+01 -3.662172e+01 -3.320575e+01
      vertex   3.793102e+01 -3.153391e+01 -3.820575e+01
      vertex   4.223010e+01 -3.417657e+01 -3.320575e+01
    endloop
  endfacet
  facet normal 5.567875e-01 -4.341241e-01 -7.081835e-01
    outer loop
      vertex   4.223010e+01 -3.417657e+01 -3.320575e+01
      vertex   3.793102e+01 -3.153391e+01 -3.820575e+01
      vertex   3.983118e+01 -2.909685e+01 -3.820575e+01
    endloop
  endfacet
  facet normal 5.634188e-01 -4.289378e-01 -7.060961e-01
    outer loop
      vertex   4.223010e+01 -3.417657e+01 -3.320575e+01
      vertex   3.983118e+01 -2.909685e+01 -3.820575e+01
      vertex   4.418328e+01 -3.161102e+01 -3.320575e+01
    endloop
  endfacet
  facet normal 5.830858e-01 -3.985484e-01 -7.079337e-01
    outer loop
      vertex   4.418328e+01 -3.161102e+01 -3.320575e+01
      vertex   3.983118e+01 -2.909685e+01 -3.820575e+01
      vertex   4.157501e+01 -2.654558e+01 -3.820575e+01
    endloop
  endfacet
  facet normal 5.876686e-01 -3.946191e-01 -7.063437e-01
    outer loop
      vertex   4.418328e+01 -3.161102e+01 -3.320575e+01
      vertex   4.157501e+01 -2.654558e+01 -3.820575e+01
      vertex   4.598082e+01 -2.893412e+01 -3.320575e+01
    endloop
  endfacet
  facet normal 6.071491e-01 -3.614039e-01 -7.076420e-01
    outer loop
      vertex   4.598082e+01 -2.893412e+01 -3.320575e+01
      vertex   4.157501e+01 -2.654558e+01 -3.820575e+01
      vertex   4.315566e+01 -2.389013e+01 -3.820575e+01
    endloop
  endfacet
  facet normal 6.097992e-01 -3.589155e-01 -7.066291e-01
    outer loop
      vertex   4.598082e+01 -2.893412e+01 -3.320575e+01
      vertex   4.315566e+01 -2.389013e+01 -3.820575e+01
      vertex   4.761638e+01 -2.615530e+01 -3.320575e+01
    endloop
  endfacet
  facet normal 6.288854e-01 -3.228287e-01 -7.073081e-01
    outer loop
      vertex   4.761638e+01 -2.615530e+01 -3.320575e+01
      vertex   4.315566e+01 -2.389013e+01 -3.820575e+01
      vertex   4.456693e+01 -2.114091e+01 -3.820575e+01
    endloop
  endfacet
  facet normal 6.297308e-01 -3.219594e-01 -7.069520e-01
    outer loop
      vertex   4.761638e+01 -2.615530e+01 -3.320575e+01
      vertex   4.456693e+01 -2.114091e+01 -3.820575e+01
      vertex   4.908420e+01 -2.328434e+01 -3.320575e+01
    endloop
  endfacet
  facet normal 6.477241e-01 -2.840337e-01 -7.069500e-01
    outer loop
      vertex   4.908420e+01 -2.328434e+01 -3.320575e+01
      vertex   4.456693e+01 -2.114091e+01 -3.820575e+01
      vertex   5.037912e+01 -2.033135e+01 -3.320575e+01
    endloop
  endfacet
  facet normal 6.478643e-01 -2.828145e-01 -7.073103e-01
    outer loop
      vertex   5.037912e+01 -2.033135e+01 -3.320575e+01
      vertex   4.456693e+01 -2.114091e+01 -3.820575e+01
      vertex   4.580328e+01 -1.830872e+01 -3.820575e+01
    endloop
  endfacet
  facet normal 6.637364e-01 -2.452183e-01 -7.066272e-01
    outer loop
      vertex   5.037912e+01 -2.033135e+01 -3.320575e+01
      vertex   4.580328e+01 -1.830872e+01 -3.820575e+01
      vertex   5.149656e+01 -1.730675e+01 -3.320575e+01
    endloop
  endfacet
  facet normal 6.639884e-01 -2.415772e-01 -7.076439e-01
    outer loop
      vertex   5.149656e+01 -1.730675e+01 -3.320575e+01
      vertex   4.580328e+01 -1.830872e+01 -3.820575e+01
      vertex   4.685985e+01 -1.540466e+01 -3.820575e+01
    endloop
  endfacet
  facet normal 6.773875e-01 -2.054921e-01 -7.063421e-01
    outer loop
      vertex   5.149656e+01 -1.730675e+01 -3.320575e+01
      vertex   4.685985e+01 -1.540466e+01 -3.820575e+01
      vertex   5.243260e+01 -1.422118e+01 -3.320575e+01
    endloop
  endfacet
  facet normal 6.775324e-01 -1.994428e-01 -7.079354e-01
    outer loop
      vertex   5.243260e+01 -1.422118e+01 -3.320575e+01
      vertex   4.685985e+01 -1.540466e+01 -3.820575e+01
      vertex   4.773251e+01 -1.244015e+01 -3.820575e+01
    endloop
  endfacet
  facet normal 6.886254e-01 -1.650009e-01 -7.060947e-01
    outer loop
      vertex   5.243260e+01 -1.422118e+01 -3.320575e+01
      vertex   4.773251e+01 -1.244015e+01 -3.820575e+01
      vertex   5.318393e+01 -1.108551e+01 -3.320575e+01
    endloop
  endfacet
  facet normal 6.884475e-01 -1.565699e-01 -7.081849e-01
    outer loop
      vertex   5.318393e+01 -1.108551e+01 -3.320575e+01
      vertex   4.773251e+01 -1.244015e+01 -3.820575e+01
      vertex   4.841782e+01 -9.426805e+00 -3.820575e+01
    endloop
  endfacet
  facet normal 6.974070e-01 -1.238934e-01 -7.058852e-01
    outer loop
      vertex   5.318393e+01 -1.108551e+01 -3.320575e+01
      vertex   4.841782e+01 -9.426805e+00 -3.820575e+01
      vertex   5.374792e+01 -7.910788e+00 -3.320575e+01
    endloop
  endfacet
  facet normal 6.966949e-01 -1.131198e-01 -7.083926e-01
    outer loop
      vertex   5.374792e+01 -7.910788e+00 -3.320575e+01
      vertex   4.841782e+01 -9.426805e+00 -3.820575e+01
      vertex   4.891309e+01 -6.376463e+00 -3.820575e+01
    endloop
  endfacet
  facet normal 7.036985e-01 -8.232061e-02 -7.057136e-01
    outer loop
      vertex   5.374792e+01 -7.910788e+00 -3.320575e+01
      vertex   4.891309e+01 -6.376463e+00 -3.820575e+01
      vertex   5.412257e+01 -4.708201e+00 -3.320575e+01
    endloop
  endfacet
  facet normal 7.022452e-01 -6.925563e-02 -7.085586e-01
    outer loop
      vertex   5.412257e+01 -4.708201e+00 -3.320575e+01
      vertex   4.891309e+01 -6.376463e+00 -3.820575e+01
      vertex   4.921638e+01 -3.301094e+00 -3.820575e+01
    endloop
  endfacet
  facet normal 7.074755e-01 -4.043553e-02 -7.055802e-01
    outer loop
      vertex   5.412257e+01 -4.708201e+00 -3.320575e+01
      vertex   4.921638e+01 -3.301094e+00 -3.820575e+01
      vertex   5.430656e+01 -1.489029e+00 -3.320575e+01
    endloop
  endfacet
  facet normal 7.050789e-01 -2.514185e-02 -7.086830e-01
    outer loop
      vertex   5.430656e+01 -1.489029e+00 -3.320575e+01
      vertex   4.921638e+01 -3.301094e+00 -3.820575e+01
      vertex   4.932651e+01 -2.127687e-01 -3.820575e+01
    endloop
  endfacet
  facet normal 7.087232e-01 1.607653e-03 -7.054849e-01
    outer loop
      vertex   5.430656e+01 -1.489029e+00 -3.320575e+01
      vertex   4.932651e+01 -2.127687e-01 -3.820575e+01
      vertex   5.429924e+01 1.735388e+00 -3.320575e+01
    endloop
  endfacet
  facet normal 7.051864e-01 1.905610e-02 -7.087658e-01
    outer loop
      vertex   5.429924e+01 1.735388e+00 -3.320575e+01
      vertex   4.932651e+01 -2.127687e-01 -3.820575e+01
      vertex   4.924303e+01 2.876392e+00 -3.820575e+01
    endloop
  endfacet
  facet normal 7.074363e-01 4.365409e-02 -7.054277e-01
    outer loop
      vertex   5.429924e+01 1.735388e+00 -3.320575e+01
      vertex   4.924303e+01 2.876392e+00 -3.820575e+01
      vertex   5.410065e+01 4.953693e+00 -3.320575e+01
    endloop
  endfacet
  facet normal 7.025679e-01 6.317257e-02 -7.088071e-01
    outer loop
      vertex   5.410065e+01 4.953693e+00 -3.320575e+01
      vertex   4.924303e+01 2.876392e+00 -3.820575e+01
      vertex   4.896628e+01 5.954263e+00 -3.820575e+01
    endloop
  endfacet
  facet normal 7.036191e-01 8.554889e-02 -7.054088e-01
    outer loop
      vertex   5.410065e+01 4.953693e+00 -3.320575e+01
      vertex   4.896628e+01 5.954263e+00 -3.820575e+01
      vertex   5.371148e+01 8.154547e+00 -3.320575e+01
    endloop
  endfacet
  facet normal 6.972336e-01 1.070423e-01 -7.088070e-01
    outer loop
      vertex   5.371148e+01 8.154547e+00 -3.320575e+01
      vertex   4.896628e+01 5.954263e+00 -3.820575e+01
      vertex   4.849734e+01 9.008764e+00 -3.820575e+01
    endloop
  endfacet
  facet normal 6.972856e-01 1.271377e-01 -7.054281e-01
    outer loop
      vertex   5.371148e+01 8.154547e+00 -3.320575e+01
      vertex   4.849734e+01 9.008764e+00 -3.820575e+01
      vertex   5.313309e+01 1.132667e+01 -3.320575e+01
    endloop
  endfacet
  facet normal 6.892034e-01 1.505007e-01 -7.087653e-01
    outer loop
      vertex   5.313309e+01 1.132667e+01 -3.320575e+01
      vertex   4.849734e+01 9.008764e+00 -3.820575e+01
      vertex   4.783805e+01 1.202791e+01 -3.820575e+01
    endloop
  endfacet
  facet normal 6.884593e-01 1.682674e-01 -7.054855e-01
    outer loop
      vertex   5.313309e+01 1.132667e+01 -3.320575e+01
      vertex   4.783805e+01 1.202791e+01 -3.820575e+01
      vertex   5.236754e+01 1.445890e+01 -3.320575e+01
    endloop
  endfacet
  facet normal 6.785072e-01 1.933850e-01 -7.086821e-01
    outer loop
      vertex   5.236754e+01 1.445890e+01 -3.320575e+01
      vertex   4.783805e+01 1.202791e+01 -3.820575e+01
      vertex   4.699100e+01 1.499984e+01 -3.820575e+01
    endloop
  endfacet
  facet normal 6.771730e-01 2.087866e-01 -7.055812e-01
    outer loop
      vertex   5.236754e+01 1.445890e+01 -3.320575e+01
      vertex   4.699100e+01 1.499984e+01 -3.820575e+01
      vertex   5.141751e+01 1.754020e+01 -3.320575e+01
    endloop
  endfacet
  facet normal 6.651843e-01 2.355343e-01 -7.085573e-01
    outer loop
      vertex   5.141751e+01 1.754020e+01 -3.320575e+01
      vertex   4.699100e+01 1.499984e+01 -3.820575e+01
      vertex   4.595952e+01 1.791290e+01 -3.820575e+01
    endloop
  endfacet
  facet normal 6.634690e-01 2.485461e-01 -7.057150e-01
    outer loop
      vertex   5.141751e+01 1.754020e+01 -3.320575e+01
      vertex   4.595952e+01 1.791290e+01 -3.820575e+01
      vertex   5.028636e+01 2.055970e+01 -3.320575e+01
    endloop
  endfacet
  facet normal 6.492838e-01 2.767903e-01 -7.083909e-01
    outer loop
      vertex   5.028636e+01 2.055970e+01 -3.320575e+01
      vertex   4.595952e+01 1.791290e+01 -3.820575e+01
      vertex   4.474765e+01 2.075566e+01 -3.820575e+01
    endloop
  endfacet
  facet normal 6.473986e-01 2.873999e-01 -7.058869e-01
    outer loop
      vertex   5.028636e+01 2.055970e+01 -3.320575e+01
      vertex   4.474765e+01 2.075566e+01 -3.820575e+01
      vertex   4.897806e+01 2.350678e+01 -3.320575e+01
    endloop
  endfacet
  facet normal 6.308640e-01 3.169979e-01 -7.081828e-01
    outer loop
      vertex   4.897806e+01 2.350678e+01 -3.320575e+01
      vertex   4.474765e+01 2.075566e+01 -3.820575e+01
      vertex   4.336015e+01 2.351695e+01 -3.820575e+01
    endloop
  endfacet
  facet normal 6.290222e-01 3.252052e-01 -7.060967e-01
    outer loop
      vertex   4.897806e+01 2.350678e+01 -3.320575e+01
      vertex   4.336015e+01 2.351695e+01 -3.820575e+01
      vertex   4.749723e+01 2.637105e+01 -3.320575e+01
    endloop
  endfacet
  facet normal 6.099925e-01 3.560058e-01 -7.079329e-01
    outer loop
      vertex   4.749723e+01 2.637105e+01 -3.320575e+01
      vertex   4.336015e+01 2.351695e+01 -3.820575e+01
      vertex   4.180247e+01 2.618594e+01 -3.820575e+01
    endloop
  endfacet
  facet normal 6.084088e-01 3.618235e-01 -7.063445e-01
    outer loop
      vertex   4.749723e+01 2.637105e+01 -3.320575e+01
      vertex   4.180247e+01 2.618594e+01 -3.820575e+01
      vertex   4.584908e+01 2.914243e+01 -3.320575e+01
    endloop
  endfacet
  facet normal 5.867458e-01 3.936668e-01 -7.076410e-01
    outer loop
      vertex   4.584908e+01 2.914243e+01 -3.320575e+01
      vertex   4.180247e+01 2.618594e+01 -3.820575e+01
      vertex   4.008071e+01 2.875215e+01 -3.820575e+01
    endloop
  endfacet
  facet normal 5.856357e-01 3.971208e-01 -7.066300e-01
    outer loop
      vertex   4.584908e+01 2.914243e+01 -3.320575e+01
      vertex   4.008071e+01 2.875215e+01 -3.820575e+01
      vertex   4.403942e+01 3.181115e+01 -3.320575e+01
    endloop
  endfacet
  facet normal 5.612090e-01 4.298386e-01 -7.073071e-01
    outer loop
      vertex   4.403942e+01 3.181115e+01 -3.320575e+01
      vertex   4.008071e+01 2.875215e+01 -3.820575e+01
      vertex   3.820165e+01 3.120551e+01 -3.820575e+01
    endloop
  endfacet
  facet normal 5.607886e-01 4.309681e-01 -7.069531e-01
    outer loop
      vertex   4.403942e+01 3.181115e+01 -3.320575e+01
      vertex   3.820165e+01 3.120551e+01 -3.820575e+01
      vertex   4.207462e+01 3.436780e+01 -3.320575e+01
    endloop
  endfacet
  facet normal 5.342363e-01 4.634811e-01 -7.069490e-01
    outer loop
      vertex   4.207462e+01 3.436780e+01 -3.320575e+01
      vertex   3.820165e+01 3.120551e+01 -3.820575e+01
      vertex   3.996160e+01 3.680339e+01 -3.320575e+01
    endloop
  endfacet
  facet normal 5.331886e-01 4.641342e-01 -7.073114e-01
    outer loop
      vertex   3.996160e+01 3.680339e+01 -3.320575e+01
      vertex   3.820165e+01 3.120551e+01 -3.820575e+01
      vertex   3.617264e+01 3.353639e+01 -3.820575e+01
    endloop
  endfacet
  facet normal 5.060294e-01 4.945842e-01 -7.066263e-01
    outer loop
      vertex   3.996160e+01 3.680339e+01 -3.320575e+01
      vertex   3.617264e+01 3.353639e+01 -3.820575e+01
      vertex   3.770782e+01 3.910933e+01 -3.320575e+01
    endloop
  endfacet
  facet normal 5.028414e-01 4.963762e-01 -7.076448e-01
    outer loop
      vertex   3.770782e+01 3.910933e+01 -3.320575e+01
      vertex   3.617264e+01 3.353639e+01 -3.820575e+01
      vertex   3.400166e+01 3.573565e+01 -3.820575e+01
    endloop
  endfacet
  facet normal 4.759877e-01 5.239444e-01 -7.063413e-01
    outer loop
      vertex   3.770782e+01 3.910933e+01 -3.320575e+01
      vertex   3.400166e+01 3.573565e+01 -3.820575e+01
      vertex   3.532120e+01 4.127750e+01 -3.320575e+01
    endloop
  endfacet
  facet normal 4.705779e-01 5.266715e-01 -7.079362e-01
    outer loop
      vertex   3.532120e+01 4.127750e+01 -3.320575e+01
      vertex   3.400166e+01 3.573565e+01 -3.820575e+01
      vertex   3.169723e+01 3.779465e+01 -3.820575e+01
    endloop
  endfacet
  facet normal 4.442205e-01 5.514521e-01 -7.060940e-01
    outer loop
      vertex   3.532120e+01 4.127750e+01 -3.320575e+01
      vertex   3.169723e+01 3.779465e+01 -3.820575e+01
      vertex   3.281015e+01 4.330027e+01 -3.320575e+01
    endloop
  endfacet
  facet normal 4.365205e-01 5.549082e-01 -7.081856e-01
    outer loop
      vertex   3.281015e+01 4.330027e+01 -3.320575e+01
      vertex   3.169723e+01 3.779465e+01 -3.820575e+01
      vertex   2.926838e+01 3.970530e+01 -3.820575e+01
    endloop
  endfacet
  facet normal 4.108436e-01 5.770047e-01 -7.058846e-01
    outer loop
      vertex   3.281015e+01 4.330027e+01 -3.320575e+01
      vertex   2.926838e+01 3.970530e+01 -3.820575e+01
      vertex   3.018353e+01 4.517050e+01 -3.320575e+01
    endloop
  endfacet
  facet normal 4.007981e-01 5.809819e-01 -7.083932e-01
    outer loop
      vertex   3.018353e+01 4.517050e+01 -3.320575e+01
      vertex   2.926838e+01 3.970530e+01 -3.820575e+01
      vertex   2.672467e+01 4.146012e+01 -3.820575e+01
    endloop
  endfacet
  facet normal 3.846612e-01 5.937790e-01 -7.067265e-01
    outer loop
      vertex   3.018353e+01 4.517050e+01 -3.320575e+01
      vertex   2.672467e+01 4.146012e+01 -3.820575e+01
      vertex   2.843822e+01 4.517050e+01 -3.415570e+01
    endloop
  endfacet
  facet normal 3.764240e-01 5.982804e-01 -7.073652e-01
    outer loop
      vertex   2.843822e+01 4.517050e+01 -3.415570e+01
      vertex   2.672467e+01 4.146012e+01 -3.820575e+01
      vertex   2.672467e+01 4.328687e+01 -3.666071e+01
    endloop
  endfacet
  facet normal 3.680954e-01 6.045715e-01 -7.063987e-01
    outer loop
      vertex   2.843822e+01 4.517050e+01 -3.415570e+01
      vertex   2.672467e+01 4.328687e+01 -3.666071e+01
      vertex   2.672467e+01 4.517050e+01 -3.504861e+01
    endloop
  endfacet
  facet normal 2.967611e-02 -9.995596e-01 0.000000e+00
    outer loop
      vertex   0.000000e+00 -5.432697e+01 -1.820575e+01
      vertex   0.000000e+00 -5.432697e+01 -3.320575e+01
      vertex   3.223006e+00 -5.423128e+01 -1.820575e+01
    endloop
  endfacet
  facet normal 2.967611e-02 -9.995596e-01 0.000000e+00
    outer loop
      vertex   3.223006e+00 -5.423128e+01 -1.820575e+01
      vertex   0.000000e+00 -5.432697e+01 -3.320575e+01
      vertex   3.223006e+00 -5.423128e+01 -3.320575e+01
    endloop
  endfacet
  facet normal 8.892379e-02 -9.960384e-01 0.000000e+00
    outer loop
      vertex   3.223006e+00 -5.423128e+01 -1.820575e+01
      vertex   3.223006e+00 -5.423128e+01 -3.320575e+01
      vertex   6.434658e+00 -5.394455e+01 -1.820575e+01
    endloop
  endfacet
  facet normal 8.892379e-02 -9.960384e-01 0.000000e+00
    outer loop
      vertex   6.434658e+00 -5.394455e+01 -1.820575e+01
      vertex   3.223006e+00 -5.423128e+01 -3.320575e+01
      vertex   6.434658e+00 -5.394455e+01 -3.320575e+01
    endloop
  endfacet
  facet normal 1.478582e-01 -9.890086e-01 0.000000e+00
    outer loop
      vertex   6.434658e+00 -5.394455e+01 -1.820575e+01
      vertex   6.434658e+00 -5.394455e+01 -3.320575e+01
      vertex   9.623643e+00 -5.346779e+01 -1.820575e+01
    endloop
  endfacet
  facet normal 1.478582e-01 -9.890086e-01 0.000000e+00
    outer loop
      vertex   9.623643e+00 -5.346779e+01 -1.820575e+01
      vertex   6.434658e+00 -5.394455e+01 -3.320575e+01
      vertex   9.623643e+00 -5.346779e+01 -3.320575e+01
    endloop
  endfacet
  facet normal 2.062718e-01 -9.784947e-01 0.000000e+00
    outer loop
      vertex   9.623643e+00 -5.346779e+01 -1.820575e+01
      vertex   9.623643e+00 -5.346779e+01 -3.320575e+01
      vertex   1.277873e+01 -5.280268e+01 -1.820575e+01
    endloop
  endfacet
  facet normal 2.062718e-01 -9.784947e-01 0.000000e+00
    outer loop
      vertex   1.277873e+01 -5.280268e+01 -1.820575e+01
      vertex   9.623643e+00 -5.346779e+01 -3.320575e+01
      vertex   1.277873e+01 -5.280268e+01 -3.320575e+01
    endloop
  endfacet
  facet normal 2.639587e-01 -9.645340e-01 0.000000e+00
    outer loop
      vertex   1.277873e+01 -5.280268e+01 -1.820575e+01
      vertex   1.277873e+01 -5.280268e+01 -3.320575e+01
      vertex   1.588879e+01 -5.195157e+01 -1.820575e+01
    endloop
  endfacet
  facet normal 2.639587e-01 -9.645340e-01 0.000000e+00
    outer loop
      vertex   1.588879e+01 -5.195157e+01 -1.820575e+01
      vertex   1.277873e+01 -5.280268e+01 -3.320575e+01
      vertex   1.588879e+01 -5.195157e+01 -3.320575e+01
    endloop
  endfacet
  facet normal 3.207158e-01 -9.471755e-01 0.000000e+00
    outer loop
      vertex   1.588879e+01 -5.195157e+01 -1.820575e+01
      vertex   1.588879e+01 -5.195157e+01 -3.320575e+01
      vertex   1.894289e+01 -5.091744e+01 -1.820575e+01
    endloop
  endfacet
  facet normal 3.207158e-01 -9.471755e-01 0.000000e+00
    outer loop
      vertex   1.894289e+01 -5.091744e+01 -1.820575e+01
      vertex   1.588879e+01 -5.195157e+01 -3.320575e+01
      vertex   1.894289e+01 -5.091744e+01 -3.320575e+01
    endloop
  endfacet
  facet normal 3.763431e-01 -9.264804e-01 0.000000e+00
    outer loop
      vertex   1.894289e+01 -5.091744e+01 -1.820575e+01
      vertex   1.894289e+01 -5.091744e+01 -3.320575e+01
      vertex   2.193026e+01 -4.970395e+01 -1.820575e+01
    endloop
  endfacet
  facet normal 3.763431e-01 -9.264804e-01 0.000000e+00
    outer loop
      vertex   2.193026e+01 -4.970395e+01 -1.820575e+01
      vertex   1.894289e+01 -5.091744e+01 -3.320575e+01
      vertex   2.193026e+01 -4.970395e+01 -3.320575e+01
    endloop
  endfacet
  facet normal 4.306447e-01 -9.025215e-01 0.000000e+00
    outer loop
      vertex   2.193026e+01 -4.970395e+01 -1.820575e+01
      vertex   2.193026e+01 -4.970395e+01 -3.320575e+01
      vertex   2.484037e+01 -4.831537e+01 -1.820575e+01
    endloop
  endfacet
  facet normal 4.306447e-01 -9.025215e-01 0.000000e+00
    outer loop
      vertex   2.484037e+01 -4.831537e+01 -1.820575e+01
      vertex   2.193026e+01 -4.970395e+01 -3.320575e+01
      vertex   2.484037e+01 -4.831537e+01 -3.320575e+01
    endloop
  endfacet
  facet normal 4.834293e-01 -8.753834e-01 0.000000e+00
    outer loop
      vertex   2.484037e+01 -4.831537e+01 -1.820575e+01
      vertex   2.484037e+01 -4.831537e+01 -3.320575e+01
      vertex   2.766298e+01 -4.675659e+01 -1.820575e+01
    endloop
  endfacet
  facet normal 4.834293e-01 -8.753834e-01 0.000000e+00
    outer loop
      vertex   2.766298e+01 -4.675659e+01 -1.820575e+01
      vertex   2.484037e+01 -4.831537e+01 -3.320575e+01
      vertex   2.766298e+01 -4.675659e+01 -3.320575e+01
    endloop
  endfacet
  facet normal 5.345108e-01 -8.451616e-01 0.000000e+00
    outer loop
      vertex   2.766298e+01 -4.675659e+01 -1.820575e+01
      vertex   2.766298e+01 -4.675659e+01 -3.320575e+01
      vertex   3.038814e+01 -4.503310e+01 -1.820575e+01
    endloop
  endfacet
  facet normal 5.345108e-01 -8.451616e-01 0.000000e+00
    outer loop
      vertex   3.038814e+01 -4.503310e+01 -1.820575e+01
      vertex   2.766298e+01 -4.675659e+01 -3.320575e+01
      vertex   3.038814e+01 -4.503310e+01 -3.320575e+01
    endloop
  endfacet
  facet normal 5.837095e-01 -8.119626e-01 0.000000e+00
    outer loop
      vertex   3.038814e+01 -4.503310e+01 -1.820575e+01
      vertex   3.038814e+01 -4.503310e+01 -3.320575e+01
      vertex   3.300626e+01 -4.315097e+01 -1.820575e+01
    endloop
  endfacet
  facet normal 5.837095e-01 -8.119626e-01 0.000000e+00
    outer loop
      vertex   3.300626e+01 -4.315097e+01 -1.820575e+01
      vertex   3.038814e+01 -4.503310e+01 -3.320575e+01
      vertex   3.300626e+01 -4.315097e+01 -3.320575e+01
    endloop
  endfacet
  facet normal 6.308519e-01 -7.759032e-01 0.000000e+00
    outer loop
      vertex   3.300626e+01 -4.315097e+01 -1.820575e+01
      vertex   3.300626e+01 -4.315097e+01 -3.320575e+01
      vertex   3.550810e+01 -4.111684e+01 -1.820575e+01
    endloop
  endfacet
  facet normal 6.308519e-01 -7.759032e-01 0.000000e+00
    outer loop
      vertex   3.550810e+01 -4.111684e+01 -1.820575e+01
      vertex   3.300626e+01 -4.315097e+01 -3.320575e+01
      vertex   3.550810e+01 -4.111684e+01 -3.320575e+01
    endloop
  endfacet
  facet normal 6.757721e-01 -7.371106e-01 0.000000e+00
    outer loop
      vertex   3.550810e+01 -4.111684e+01 -1.820575e+01
      vertex   3.550810e+01 -4.111684e+01 -3.320575e+01
      vertex   3.788486e+01 -3.893786e+01 -1.820575e+01
    endloop
  endfacet
  facet normal 6.757721e-01 -7.371106e-01 0.000000e+00
    outer loop
      vertex   3.788486e+01 -3.893786e+01 -1.820575e+01
      vertex   3.550810e+01 -4.111684e+01 -3.320575e+01
      vertex   3.788486e+01 -3.893786e+01 -3.320575e+01
    endloop
  endfacet
  facet normal 7.183117e-01 -6.957214e-01 0.000000e+00
    outer loop
      vertex   3.788486e+01 -3.893786e+01 -1.820575e+01
      vertex   3.788486e+01 -3.893786e+01 -3.320575e+01
      vertex   4.012816e+01 -3.662172e+01 -1.820575e+01
    endloop
  endfacet
  facet normal 7.183117e-01 -6.957214e-01 0.000000e+00
    outer loop
      vertex   4.012816e+01 -3.662172e+01 -1.820575e+01
      vertex   3.788486e+01 -3.893786e+01 -3.320575e+01
      vertex   4.012816e+01 -3.662172e+01 -3.320575e+01
    endloop
  endfacet
  facet normal 7.583209e-01 -6.518814e-01 0.000000e+00
    outer loop
      vertex   4.012816e+01 -3.662172e+01 -1.820575e+01
      vertex   4.012816e+01 -3.662172e+01 -3.320575e+01
      vertex   4.223010e+01 -3.417657e+01 -1.820575e+01
    endloop
  endfacet
  facet normal 7.583209e-01 -6.518814e-01 0.000000e+00
    outer loop
      vertex   4.223010e+01 -3.417657e+01 -1.820575e+01
      vertex   4.012816e+01 -3.662172e+01 -3.320575e+01
      vertex   4.223010e+01 -3.417657e+01 -3.320575e+01
    endloop
  endfacet
  facet normal 7.956588e-01 -6.057450e-01 0.000000e+00
    outer loop
      vertex   4.223010e+01 -3.417657e+01 -1.820575e+01
      vertex   4.223010e+01 -3.417657e+01 -3.320575e+01
      vertex   4.418328e+01 -3.161102e+01 -1.820575e+01
    endloop
  endfacet
  facet normal 7.956588e-01 -6.057450e-01 0.000000e+00
    outer loop
      vertex   4.418328e+01 -3.161102e+01 -1.820575e+01
      vertex   4.223010e+01 -3.417657e+01 -3.320575e+01
      vertex   4.418328e+01 -3.161102e+01 -3.320575e+01
    endloop
  endfacet
  facet normal 8.301939e-01 -5.574748e-01 0.000000e+00
    outer loop
      vertex   4.418328e+01 -3.161102e+01 -1.820575e+01
      vertex   4.418328e+01 -3.161102e+01 -3.320575e+01
      vertex   4.598082e+01 -2.893412e+01 -1.820575e+01
    endloop
  endfacet
  facet normal 8.301939e-01 -5.574748e-01 0.000000e+00
    outer loop
      vertex   4.598082e+01 -2.893412e+01 -1.820575e+01
      vertex   4.418328e+01 -3.161102e+01 -3.320575e+01
      vertex   4.598082e+01 -2.893412e+01 -3.320575e+01
    endloop
  endfacet
  facet normal 8.618044e-01 -5.072407e-01 0.000000e+00
    outer loop
      vertex   4.598082e+01 -2.893412e+01 -1.820575e+01
      vertex   4.598082e+01 -2.893412e+01 -3.320575e+01
      vertex   4.761638e+01 -2.615530e+01 -1.820575e+01
    endloop
  endfacet
  facet normal 8.618044e-01 -5.072407e-01 0.000000e+00
    outer loop
      vertex   4.761638e+01 -2.615530e+01 -1.820575e+01
      vertex   4.598082e+01 -2.893412e+01 -3.320575e+01
      vertex   4.761638e+01 -2.615530e+01 -3.320575e+01
    endloop
  endfacet
  facet normal 8.903791e-01 -4.552198e-01 0.000000e+00
    outer loop
      vertex   4.761638e+01 -2.615530e+01 -1.820575e+01
      vertex   4.761638e+01 -2.615530e+01 -3.320575e+01
      vertex   4.908420e+01 -2.328434e+01 -1.820575e+01
    endloop
  endfacet
  facet normal 8.903791e-01 -4.552198e-01 0.000000e+00
    outer loop
      vertex   4.908420e+01 -2.328434e+01 -1.820575e+01
      vertex   4.761638e+01 -2.615530e+01 -3.320575e+01
      vertex   4.908420e+01 -2.328434e+01 -3.320575e+01
    endloop
  endfacet
  facet normal 9.158172e-01 -4.015953e-01 0.000000e+00
    outer loop
      vertex   4.908420e+01 -2.328434e+01 -1.820575e+01
      vertex   4.908420e+01 -2.328434e+01 -3.320575e+01
      vertex   5.037912e+01 -2.033135e+01 -1.820575e+01
    endloop
  endfacet
  facet normal 9.158172e-01 -4.015953e-01 0.000000e+00
    outer loop
      vertex   5.037912e+01 -2.033135e+01 -1.820575e+01
      vertex   4.908420e+01 -2.328434e+01 -3.320575e+01
      vertex   5.037912e+01 -2.033135e+01 -3.320575e+01
    endloop
  endfacet
  facet normal 9.380292e-01 -3.465561e-01 0.000000e+00
    outer loop
      vertex   5.037912e+01 -2.033135e+01 -1.820575e+01
      vertex   5.037912e+01 -2.033135e+01 -3.320575e+01
      vertex   5.149656e+01 -1.730675e+01 -1.820575e+01
    endloop
  endfacet
  facet normal 9.380292e-01 -3.465561e-01 0.000000e+00
    outer loop
      vertex   5.149656e+01 -1.730675e+01 -1.820575e+01
      vertex   5.037912e+01 -2.033135e+01 -3.320575e+01
      vertex   5.149656e+01 -1.730675e+01 -3.320575e+01
    endloop
  endfacet
  facet normal 9.569369e-01 -2.902961e-01 0.000000e+00
    outer loop
      vertex   5.149656e+01 -1.730675e+01 -1.820575e+01
      vertex   5.149656e+01 -1.730675e+01 -3.320575e+01
      vertex   5.243260e+01 -1.422118e+01 -1.820575e+01
    endloop
  endfacet
  facet normal 9.569369e-01 -2.902961e-01 0.000000e+00
    outer loop
      vertex   5.243260e+01 -1.422118e+01 -1.820575e+01
      vertex   5.149656e+01 -1.730675e+01 -3.320575e+01
      vertex   5.243260e+01 -1.422118e+01 -3.320575e+01
    endloop
  endfacet
  facet normal 9.724735e-01 -2.330135e-01 0.000000e+00
    outer loop
      vertex   5.243260e+01 -1.422118e+01 -1.820575e+01
      vertex   5.243260e+01 -1.422118e+01 -3.320575e+01
      vertex   5.318393e+01 -1.108551e+01 -1.820575e+01
    endloop
  endfacet
  facet normal 9.724735e-01 -2.330135e-01 0.000000e+00
    outer loop
      vertex   5.318393e+01 -1.108551e+01 -1.820575e+01
      vertex   5.243260e+01 -1.422118e+01 -3.320575e+01
      vertex   5.318393e+01 -1.108551e+01 -3.320575e+01
    endloop
  endfacet
  facet normal 9.845844e-01 -1.749101e-01 0.000000e+00
    outer loop
      vertex   5.318393e+01 -1.108551e+01 -1.820575e+01
      vertex   5.318393e+01 -1.108551e+01 -3.320575e+01
      vertex   5.374792e+01 -7.910788e+00 -1.820575e+01
    endloop
  endfacet
  facet normal 9.845844e-01 -1.749101e-01 0.000000e+00
    outer loop
      vertex   5.374792e+01 -7.910788e+00 -1.820575e+01
      vertex   5.318393e+01 -1.108551e+01 -3.320575e+01
      vertex   5.374792e+01 -7.910788e+00 -3.320575e+01
    endloop
  endfacet
  facet normal 9.932270e-01 -1.161905e-01 0.000000e+00
    outer loop
      vertex   5.374792e+01 -7.910788e+00 -1.820575e+01
      vertex   5.374792e+01 -7.910788e+00 -3.320575e+01
      vertex   5.412257e+01 -4.708201e+00 -1.820575e+01
    endloop
  endfacet
  facet normal 9.932270e-01 -1.161905e-01 0.000000e+00
    outer loop
      vertex   5.412257e+01 -4.708201e+00 -1.820575e+01
      vertex   5.374792e+01 -7.910788e+00 -3.320575e+01
      vertex   5.412257e+01 -4.708201e+00 -3.320575e+01
    endloop
  endfacet
  facet normal 9.983707e-01 -5.706155e-02 0.000000e+00
    outer loop
      vertex   5.412257e+01 -4.708201e+00 -1.820575e+01
      vertex   5.412257e+01 -4.708201e+00 -3.320575e+01
      vertex   5.430656e+01 -1.489029e+00 -1.820575e+01
    endloop
  endfacet
  facet normal 9.983707e-01 -5.706155e-02 0.000000e+00
    outer loop
      vertex   5.430656e+01 -1.489029e+00 -1.820575e+01
      vertex   5.412257e+01 -4.708201e+00 -3.320575e+01
      vertex   5.430656e+01 -1.489029e+00 -3.320575e+01
    endloop
  endfacet
  facet normal 9.999974e-01 2.268373e-03 0.000000e+00
    outer loop
      vertex   5.430656e+01 -1.489029e+00 -1.820575e+01
      vertex   5.430656e+01 -1.489029e+00 -3.320575e+01
      vertex   5.429924e+01 1.735388e+00 -1.820575e+01
    endloop
  endfacet
  facet normal 9.999974e-01 2.268373e-03 0.000000e+00
    outer loop
      vertex   5.429924e+01 1.735388e+00 -1.820575e+01
      vertex   5.430656e+01 -1.489029e+00 -3.320575e+01
      vertex   5.429924e+01 1.735388e+00 -3.320575e+01
    endloop
  endfacet
  facet normal 9.981015e-01 6.159030e-02 0.000000e+00
    outer loop
      vertex   5.429924e+01 1.735388e+00 -1.820575e+01
      vertex   5.429924e+01 1.735388e+00 -3.320575e+01
      vertex   5.410065e+01 4.953693e+00 -1.820575e+01
    endloop
  endfacet
  facet normal 9.981015e-01 6.159030e-02 0.000000e+00
    outer loop
      vertex   5.410065e+01 4.953693e+00 -1.820575e+01
      vertex   5.429924e+01 1.735388e+00 -3.320575e+01
      vertex   5.410065e+01 4.953693e+00 -3.320575e+01
    endloop
  endfacet
  facet normal 9.926896e-01 1.206953e-01 0.000000e+00
    outer loop
      vertex   5.410065e+01 4.953693e+00 -1.820575e+01
      vertex   5.410065e+01 4.953693e+00 -3.320575e+01
      vertex   5.371148e+01 8.154547e+00 -1.820575e+01
    endloop
  endfacet
  facet normal 9.926896e-01 1.206953e-01 0.000000e+00
    outer loop
      vertex   5.371148e+01 8.154547e+00 -1.820575e+01
      vertex   5.410065e+01 4.953693e+00 -3.320575e+01
      vertex   5.371148e+01 8.154547e+00 -3.320575e+01
    endloop
  endfacet
  facet normal 9.837808e-01 1.793751e-01 0.000000e+00
    outer loop
      vertex   5.371148e+01 8.154547e+00 -1.820575e+01
      vertex   5.371148e+01 8.154547e+00 -3.320575e+01
      vertex   5.313309e+01 1.132667e+01 -1.820575e+01
    endloop
  endfacet
  facet normal 9.837808e-01 1.793751e-01 0.000000e+00
    outer loop
      vertex   5.313309e+01 1.132667e+01 -1.820575e+01
      vertex   5.371148e+01 8.154547e+00 -3.320575e+01
      vertex   5.313309e+01 1.132667e+01 -3.320575e+01
    endloop
  endfacet
  facet normal 9.714064e-01 2.374230e-01 0.000000e+00
    outer loop
      vertex   5.313309e+01 1.132667e+01 -1.820575e+01
      vertex   5.313309e+01 1.132667e+01 -3.320575e+01
      vertex   5.236754e+01 1.445890e+01 -1.820575e+01
    endloop
  endfacet
  facet normal 9.714064e-01 2.374230e-01 0.000000e+00
    outer loop
      vertex   5.236754e+01 1.445890e+01 -1.820575e+01
      vertex   5.313309e+01 1.132667e+01 -3.320575e+01
      vertex   5.236754e+01 1.445890e+01 -3.320575e+01
    endloop
  endfacet
  facet normal 9.556100e-01 2.946345e-01 0.000000e+00
    outer loop
      vertex   5.236754e+01 1.445890e+01 -1.820575e+01
      vertex   5.236754e+01 1.445890e+01 -3.320575e+01
      vertex   5.141751e+01 1.754020e+01 -1.820575e+01
    endloop
  endfacet
  facet normal 9.556100e-01 2.946345e-01 0.000000e+00
    outer loop
      vertex   5.141751e+01 1.754020e+01 -1.820575e+01
      vertex   5.236754e+01 1.445890e+01 -3.320575e+01
      vertex   5.141751e+01 1.754020e+01 -3.320575e+01
    endloop
  endfacet
  facet normal 9.364473e-01 3.508082e-01 0.000000e+00
    outer loop
      vertex   5.141751e+01 1.754020e+01 -1.820575e+01
      vertex   5.141751e+01 1.754020e+01 -3.320575e+01
      vertex   5.028636e+01 2.055970e+01 -1.820575e+01
    endloop
  endfacet
  facet normal 9.364473e-01 3.508082e-01 0.000000e+00
    outer loop
      vertex   5.028636e+01 2.055970e+01 -1.820575e+01
      vertex   5.141751e+01 1.754020e+01 -3.320575e+01
      vertex   5.028636e+01 2.055970e+01 -3.320575e+01
    endloop
  endfacet
  facet normal 9.139859e-01 4.057460e-01 0.000000e+00
    outer loop
      vertex   5.028636e+01 2.055970e+01 -1.820575e+01
      vertex   5.028636e+01 2.055970e+01 -3.320575e+01
      vertex   4.897806e+01 2.350678e+01 -1.820575e+01
    endloop
  endfacet
  facet normal 9.139859e-01 4.057460e-01 0.000000e+00
    outer loop
      vertex   4.897806e+01 2.350678e+01 -1.820575e+01
      vertex   5.028636e+01 2.055970e+01 -3.320575e+01
      vertex   4.897806e+01 2.350678e+01 -3.320575e+01
    endloop
  endfacet
  facet normal 8.883047e-01 4.592545e-01 0.000000e+00
    outer loop
      vertex   4.897806e+01 2.350678e+01 -1.820575e+01
      vertex   4.897806e+01 2.350678e+01 -3.320575e+01
      vertex   4.749723e+01 2.637105e+01 -1.820575e+01
    endloop
  endfacet
  facet normal 8.883047e-01 4.592545e-01 0.000000e+00
    outer loop
      vertex   4.749723e+01 2.637105e+01 -1.820575e+01
      vertex   4.897806e+01 2.350678e+01 -3.320575e+01
      vertex   4.749723e+01 2.637105e+01 -3.320575e+01
    endloop
  endfacet
  facet normal 8.594943e-01 5.111453e-01 0.000000e+00
    outer loop
      vertex   4.749723e+01 2.637105e+01 -1.820575e+01
      vertex   4.749723e+01 2.637105e+01 -3.320575e+01
      vertex   4.584908e+01 2.914243e+01 -1.820575e+01
    endloop
  endfacet
  facet normal 8.594943e-01 5.111453e-01 0.000000e+00
    outer loop
      vertex   4.584908e+01 2.914243e+01 -1.820575e+01
      vertex   4.749723e+01 2.637105e+01 -3.320575e+01
      vertex   4.584908e+01 2.914243e+01 -3.320575e+01
    endloop
  endfacet
  facet normal 8.276562e-01 5.612354e-01 0.000000e+00
    outer loop
      vertex   4.584908e+01 2.914243e+01 -1.820575e+01
      vertex   4.584908e+01 2.914243e+01 -3.320575e+01
      vertex   4.403942e+01 3.181115e+01 -1.820575e+01
    endloop
  endfacet
  facet normal 8.276562e-01 5.612354e-01 0.000000e+00
    outer loop
      vertex   4.403942e+01 3.181115e+01 -1.820575e+01
      vertex   4.584908e+01 2.914243e+01 -3.320575e+01
      vertex   4.403942e+01 3.181115e+01 -3.320575e+01
    endloop
  endfacet
  facet normal 7.929025e-01 6.093485e-01 0.000000e+00
    outer loop
      vertex   4.403942e+01 3.181115e+01 -1.820575e+01
      vertex   4.403942e+01 3.181115e+01 -3.320575e+01
      vertex   4.207462e+01 3.436780e+01 -1.820575e+01
    endloop
  endfacet
  facet normal 7.929025e-01 6.093485e-01 0.000000e+00
    outer loop
      vertex   4.207462e+01 3.436780e+01 -1.820575e+01
      vertex   4.403942e+01 3.181115e+01 -3.320575e+01
      vertex   4.207462e+01 3.436780e+01 -3.320575e+01
    endloop
  endfacet
  facet normal 7.553557e-01 6.553150e-01 0.000000e+00
    outer loop
      vertex   4.207462e+01 3.436780e+01 -1.820575e+01
      vertex   4.207462e+01 3.436780e+01 -3.320575e+01
      vertex   3.996160e+01 3.680339e+01 -1.820575e+01
    endloop
  endfacet
  facet normal 7.553557e-01 6.553150e-01 0.000000e+00
    outer loop
      vertex   3.996160e+01 3.680339e+01 -1.820575e+01
      vertex   4.207462e+01 3.436780e+01 -3.320575e+01
      vertex   3.996160e+01 3.680339e+01 -3.320575e+01
    endloop
  endfacet
  facet normal 7.151480e-01 6.989731e-01 0.000000e+00
    outer loop
      vertex   3.996160e+01 3.680339e+01 -1.820575e+01
      vertex   3.996160e+01 3.680339e+01 -3.320575e+01
      vertex   3.770782e+01 3.910933e+01 -1.820575e+01
    endloop
  endfacet
  facet normal 7.151480e-01 6.989731e-01 0.000000e+00
    outer loop
      vertex   3.770782e+01 3.910933e+01 -1.820575e+01
      vertex   3.996160e+01 3.680339e+01 -3.320575e+01
      vertex   3.770782e+01 3.910933e+01 -3.320575e+01
    endloop
  endfacet
  facet normal 6.724211e-01 7.401688e-01 0.000000e+00
    outer loop
      vertex   3.770782e+01 3.910933e+01 -1.820575e+01
      vertex   3.770782e+01 3.910933e+01 -3.320575e+01
      vertex   3.532120e+01 4.127750e+01 -1.820575e+01
    endloop
  endfacet
  facet normal 6.724211e-01 7.401688e-01 0.000000e+00
    outer loop
      vertex   3.532120e+01 4.127750e+01 -1.820575e+01
      vertex   3.770782e+01 3.910933e+01 -3.320575e+01
      vertex   3.532120e+01 4.127750e+01 -3.320575e+01
    endloop
  endfacet
  facet normal 6.273254e-01 7.787573e-01 0.000000e+00
    outer loop
      vertex   3.532120e+01 4.127750e+01 -1.820575e+01
      vertex   3.532120e+01 4.127750e+01 -3.320575e+01
      vertex   3.281015e+01 4.330027e+01 -1.820575e+01
    endloop
  endfacet
  facet normal 6.273254e-01 7.787573e-01 0.000000e+00
    outer loop
      vertex   3.281015e+01 4.330027e+01 -1.820575e+01
      vertex   3.532120e+01 4.127750e+01 -3.320575e+01
      vertex   3.281015e+01 4.330027e+01 -3.320575e+01
    endloop
  endfacet
  facet normal 5.800198e-01 8.146024e-01 0.000000e+00
    outer loop
      vertex   3.281015e+01 4.330027e+01 -1.820575e+01
      vertex   3.281015e+01 4.330027e+01 -3.320575e+01
      vertex   3.018353e+01 4.517050e+01 -1.820575e+01
    endloop
  endfacet
  facet normal 5.800198e-01 8.146024e-01 0.000000e+00
    outer loop
      vertex   3.018353e+01 4.517050e+01 -1.820575e+01
      vertex   3.281015e+01 4.330027e+01 -3.320575e+01
      vertex   3.018353e+01 4.517050e+01 -3.320575e+01
    endloop
  endfacet
  facet normal 7.314928e-01 6.818491e-01 -0.000000e+00
    outer loop
      vertex   5.486196e+00 -3.523037e+01 -3.920575e+01
      vertex   5.486196e+00 -3.523037e+01 -2.800000e+01
      vertex   6.998450e+00 -3.685272e+01 -3.920575e+01
    endloop
  endfacet
  facet normal 7.314928e-01 6.818491e-01 -4.610094e-17
    outer loop
      vertex   6.998450e+00 -3.685272e+01 -3.920575e+01
      vertex   5.486196e+00 -3.523037e+01 -2.800000e+01
      vertex   1.251998e+01 -4.277626e+01 -2.800000e+01
    endloop
  endfacet
  facet normal 7.314928e-01 6.818491e-01 9.995325e-17
    outer loop
      vertex   6.998450e+00 -3.685272e+01 -3.920575e+01
      vertex   1.251998e+01 -4.277626e+01 -2.800000e+01
      vertex   6.998450e+00 -3.685272e+01 -5.220575e+01
    endloop
  endfacet
  facet normal 7.314928e-01 6.818491e-01 9.537430e-18
    outer loop
      vertex   6.998450e+00 -3.685272e+01 -5.220575e+01
      vertex   1.251998e+01 -4.277626e+01 -2.800000e+01
      vertex   1.251998e+01 -4.277626e+01 -1.200000e+02
    endloop
  endfacet
  facet normal 7.314928e-01 6.818491e-01 -7.620053e-18
    outer loop
      vertex   6.998450e+00 -3.685272e+01 -5.220575e+01
      vertex   1.251998e+01 -4.277626e+01 -1.200000e+02
      vertex   5.486196e+00 -3.523037e+01 -1.200000e+02
    endloop
  endfacet
  facet normal 7.314928e-01 6.818491e-01 -0.000000e+00
    outer loop
      vertex   5.486196e+00 -3.523037e+01 -1.200000e+02
      vertex   5.486196e+00 -3.523037e+01 -5.220575e+01
      vertex   6.998450e+00 -3.685272e+01 -5.220575e+01
    endloop
  endfacet
  facet normal -9.761590e-01 2.170566e-01 -4.365560e-16
    outer loop
      vertex   2.717573e+01 -2.731618e+01 -9.500000e+01
      vertex   2.717573e+01 -2.731618e+01 -1.100000e+02
      vertex   2.528414e+01 -3.582316e+01 -1.200000e+02
    endloop
  endfacet
  facet normal -9.761590e-01 2.170566e-01 9.067602e-16
    outer loop
      vertex   2.528414e+01 -3.582316e+01 -1.200000e+02
      vertex   2.717573e+01 -2.731618e+01 -1.100000e+02
      vertex   3.006721e+01 -1.431247e+01 -1.100000e+02
    endloop
  endfacet
  facet normal -9.761590e-01 2.170566e-01 0.000000e+00
    outer loop
      vertex   2.528414e+01 -3.582316e+01 -1.200000e+02
      vertex   3.006721e+01 -1.431247e+01 -1.100000e+02
      vertex   3.200000e+01 -5.620214e+00 -1.200000e+02
    endloop
  endfacet
  facet normal -9.761590e-01 2.170566e-01 -4.330176e-16
    outer loop
      vertex   3.200000e+01 -5.620214e+00 -1.200000e+02
      vertex   3.006721e+01 -1.431247e+01 -1.100000e+02
      vertex   3.108163e+01 -9.750381e+00 -9.359584e+01
    endloop
  endfacet
  facet normal -9.761590e-01 2.170566e-01 0.000000e+00
    outer loop
      vertex   3.200000e+01 -5.620214e+00 -1.200000e+02
      vertex   3.108163e+01 -9.750381e+00 -9.359584e+01
      vertex   3.200000e+01 -5.620214e+00 -9.703166e+01
    endloop
  endfacet
  facet normal -9.761590e-01 2.170566e-01 -2.310598e-16
    outer loop
      vertex   3.006721e+01 -1.431247e+01 -1.100000e+02
      vertex   3.006721e+01 -1.431247e+01 -9.500000e+01
      vertex   3.108163e+01 -9.750381e+00 -9.359584e+01
    endloop
  endfacet
  facet normal -9.761590e-01 2.170566e-01 1.626167e-15
    outer loop
      vertex   3.108163e+01 -9.750381e+00 -9.359584e+01
      vertex   3.006721e+01 -1.431247e+01 -9.500000e+01
      vertex   3.147322e+01 -7.989279e+00 -8.335384e+01
    endloop
  endfacet
  facet normal -9.761590e-01 2.170566e-01 -1.452075e-16
    outer loop
      vertex   3.147322e+01 -7.989279e+00 -8.335384e+01
      vertex   3.006721e+01 -1.431247e+01 -9.500000e+01
      vertex   3.200000e+01 -5.620214e+00 -2.800000e+01
    endloop
  endfacet
  facet normal -9.761590e-01 2.170566e-01 -6.717467e-18
    outer loop
      vertex   3.147322e+01 -7.989279e+00 -8.335384e+01
      vertex   3.200000e+01 -5.620214e+00 -2.800000e+01
      vertex   3.200000e+01 -5.620214e+00 -8.248016e+01
    endloop
  endfacet
  facet normal -9.761590e-01 2.170566e-01 4.798602e-17
    outer loop
      vertex   3.200000e+01 -5.620214e+00 -2.800000e+01
      vertex   3.006721e+01 -1.431247e+01 -9.500000e+01
      vertex   2.528414e+01 -3.582316e+01 -2.800000e+01
    endloop
  endfacet
  facet normal -9.761590e-01 2.170566e-01 0.000000e+00
    outer loop
      vertex   2.528414e+01 -3.582316e+01 -2.800000e+01
      vertex   3.006721e+01 -1.431247e+01 -9.500000e+01
      vertex   2.717573e+01 -2.731618e+01 -9.500000e+01
    endloop
  endfacet
  facet normal -9.761590e-01 2.170566e-01 0.000000e+00
    outer loop
      vertex   2.528414e+01 -3.582316e+01 -2.800000e+01
      vertex   2.717573e+01 -2.731618e+01 -9.500000e+01
      vertex   2.528414e+01 -3.582316e+01 -1.200000e+02
    endloop
  endfacet
  facet normal -1.000000e+00 -9.626233e-16 3.138689e-32
    outer loop
      vertex   3.200000e+01 -5.620214e+00 -8.248016e+01
      vertex   3.200000e+01 -5.620214e+00 -2.800000e+01
      vertex   3.200000e+01 1.761103e+00 -7.975800e+01
    endloop
  endfacet
  facet normal -1.000000e+00 -1.338095e-15 -5.354679e-17
    outer loop
      vertex   3.200000e+01 1.761103e+00 -7.975800e+01
      vertex   3.200000e+01 -5.620214e+00 -2.800000e+01
      vertex   3.200000e+01 5.000000e+00 -2.800000e+01
    endloop
  endfacet
  facet normal -1.000000e+00 -2.193780e-15 0.000000e+00
    outer loop
      vertex   3.200000e+01 1.761103e+00 -7.975800e+01
      vertex   3.200000e+01 5.000000e+00 -2.800000e+01
      vertex   3.200000e+01 5.000000e+00 -8.245239e+01
    endloop
  endfacet
  facet normal -4.783659e-01 8.781606e-01 0.000000e+00
    outer loop
      vertex   2.528414e+01 -3.582316e+01 -1.200000e+02
      vertex   1.251998e+01 -4.277626e+01 -1.200000e+02
      vertex   2.528414e+01 -3.582316e+01 -2.800000e+01
    endloop
  endfacet
  facet normal -4.783659e-01 8.781606e-01 -1.062708e-17
    outer loop
      vertex   2.528414e+01 -3.582316e+01 -2.800000e+01
      vertex   1.251998e+01 -4.277626e+01 -1.200000e+02
      vertex   1.251998e+01 -4.277626e+01 -2.800000e+01
    endloop
  endfacet
  facet normal -1.000000e+00 -1.841208e-15 -0.000000e+00
    outer loop
      vertex   3.200000e+01 -5.620214e+00 -9.703166e+01
      vertex   3.200000e+01 -1.761103e+00 -1.002420e+02
      vertex   3.200000e+01 -5.620214e+00 -1.200000e+02
    endloop
  endfacet
  facet normal -1.000000e+00 -1.338095e-15 -9.826750e-17
    outer loop
      vertex   3.200000e+01 -5.620214e+00 -1.200000e+02
      vertex   3.200000e+01 -1.761103e+00 -1.002420e+02
      vertex   3.200000e+01 5.000000e+00 -1.200000e+02
    endloop
  endfacet
  facet normal -1.000000e+00 -1.050927e-15 0.000000e+00
    outer loop
      vertex   3.200000e+01 5.000000e+00 -1.200000e+02
      vertex   3.200000e+01 -1.761103e+00 -1.002420e+02
      vertex   3.200000e+01 5.000000e+00 -9.774857e+01
    endloop
  endfacet
  facet normal 0.000000e+00 9.855367e-01 -1.694622e-01
    outer loop
      vertex   3.108163e+01 -9.750381e+00 -9.359584e+01
      vertex   3.147322e+01 -7.989279e+00 -8.335384e+01
      vertex   3.827533e+01 -9.750381e+00 -9.359584e+01
    endloop
  endfacet
  facet normal 0.000000e+00 9.855367e-01 -1.694622e-01
    outer loop
      vertex   3.827533e+01 -9.750381e+00 -9.359584e+01
      vertex   3.147322e+01 -7.989279e+00 -8.335384e+01
      vertex   3.827533e+01 -7.989279e+00 -8.335384e+01
    endloop
  endfacet
  facet normal 0.000000e+00 3.460098e-01 -9.382309e-01
    outer loop
      vertex   3.147322e+01 -7.989279e+00 -8.335384e+01
      vertex   3.200000e+01 -5.620214e+00 -8.248016e+01
      vertex   3.827533e+01 -7.989279e+00 -8.335384e+01
    endloop
  endfacet
  facet normal 1.252967e-15 3.460098e-01 -9.382309e-01
    outer loop
      vertex   3.827533e+01 -7.989279e+00 -8.335384e+01
      vertex   3.200000e+01 -5.620214e+00 -8.248016e+01
      vertex   3.827533e+01 1.761103e+00 -7.975800e+01
    endloop
  endfacet
  facet normal 0.000000e+00 3.460098e-01 -9.382309e-01
    outer loop
      vertex   3.827533e+01 1.761103e+00 -7.975800e+01
      vertex   3.200000e+01 -5.620214e+00 -8.248016e+01
      vertex   3.200000e+01 1.761103e+00 -7.975800e+01
    endloop
  endfacet
  facet normal 0.000000e+00 -6.395269e-01 -7.687687e-01
    outer loop
      vertex   3.200000e+01 1.761103e+00 -7.975800e+01
      vertex   3.200000e+01 5.000000e+00 -8.245239e+01
      vertex   3.827533e+01 1.761103e+00 -7.975800e+01
    endloop
  endfacet
  facet normal 3.813376e-16 -6.395269e-01 -7.687687e-01
    outer loop
      vertex   3.827533e+01 1.761103e+00 -7.975800e+01
      vertex   3.200000e+01 5.000000e+00 -8.245239e+01
      vertex   3.827533e+01 9.750381e+00 -8.640416e+01
    endloop
  endfacet
  facet normal -0.000000e+00 -6.395269e-01 -7.687687e-01
    outer loop
      vertex   3.827533e+01 9.750381e+00 -8.640416e+01
      vertex   3.200000e+01 5.000000e+00 -8.245239e+01
      vertex   3.071789e+01 9.750381e+00 -8.640416e+01
    endloop
  endfacet
  facet normal 7.104566e-01 2.955924e-01 -6.386522e-01
    outer loop
      vertex   5.500000e+01 1.250000e+01 -1.200000e+02
      vertex   5.397160e+01 1.497176e+01 -1.200000e+02
      vertex   5.500000e+01 1.478153e+01 -1.189440e+02
    endloop
  endfacet
  facet normal 7.044981e-01 3.347622e-01 -6.257928e-01
    outer loop
      vertex   5.500000e+01 1.478153e+01 -1.189440e+02
      vertex   5.397160e+01 1.497176e+01 -1.200000e+02
      vertex   5.279293e+01 1.745225e+01 -1.200000e+02
    endloop
  endfacet
  facet normal 7.102665e-01 3.441680e-01 -6.140602e-01
    outer loop
      vertex   5.500000e+01 1.478153e+01 -1.189440e+02
      vertex   5.279293e+01 1.745225e+01 -1.200000e+02
      vertex   5.500000e+01 1.697460e+01 -1.177148e+02
    endloop
  endfacet
  facet normal 7.051358e-01 3.729011e-01 -6.030990e-01
    outer loop
      vertex   5.500000e+01 1.697460e+01 -1.177148e+02
      vertex   5.279293e+01 1.745225e+01 -1.200000e+02
      vertex   5.146837e+01 1.995692e+01 -1.200000e+02
    endloop
  endfacet
  facet normal 7.095261e-01 3.910177e-01 -5.862404e-01
    outer loop
      vertex   5.500000e+01 1.697460e+01 -1.177148e+02
      vertex   5.146837e+01 1.995692e+01 -1.200000e+02
      vertex   5.500000e+01 1.906610e+01 -1.163198e+02
    endloop
  endfacet
  facet normal 7.061218e-01 4.077123e-01 -5.789324e-01
    outer loop
      vertex   5.500000e+01 1.906610e+01 -1.163198e+02
      vertex   5.146837e+01 1.995692e+01 -1.200000e+02
      vertex   5.000000e+01 2.250000e+01 -1.200000e+02
    endloop
  endfacet
  facet normal 7.081763e-01 4.360004e-01 -5.553287e-01
    outer loop
      vertex   5.500000e+01 1.906610e+01 -1.163198e+02
      vertex   5.000000e+01 2.250000e+01 -1.200000e+02
      vertex   5.500000e+01 2.104352e+01 -1.147673e+02
    endloop
  endfacet
  facet normal 7.060613e-01 4.451180e-01 -5.507699e-01
    outer loop
      vertex   5.500000e+01 2.104352e+01 -1.147673e+02
      vertex   5.000000e+01 2.250000e+01 -1.200000e+02
      vertex   5.000000e+01 2.461140e+01 -1.182936e+02
    endloop
  endfacet
  facet normal 7.078539e-01 4.778402e-01 -5.202035e-01
    outer loop
      vertex   5.500000e+01 2.104352e+01 -1.147673e+02
      vertex   5.000000e+01 2.461140e+01 -1.182936e+02
      vertex   5.500000e+01 2.289501e+01 -1.130666e+02
    endloop
  endfacet
  facet normal 7.063713e-01 4.835859e-01 -5.168987e-01
    outer loop
      vertex   5.500000e+01 2.289501e+01 -1.130666e+02
      vertex   5.000000e+01 2.461140e+01 -1.182936e+02
      vertex   5.000000e+01 2.659382e+01 -1.164390e+02
    endloop
  endfacet
  facet normal 7.074657e-01 5.169053e-01 -4.819764e-01
    outer loop
      vertex   5.500000e+01 2.289501e+01 -1.130666e+02
      vertex   5.000000e+01 2.659382e+01 -1.164390e+02
      vertex   5.500000e+01 2.460950e+01 -1.112279e+02
    endloop
  endfacet
  facet normal 7.067377e-01 5.194452e-01 -4.803107e-01
    outer loop
      vertex   5.500000e+01 2.460950e+01 -1.112279e+02
      vertex   5.000000e+01 2.659382e+01 -1.164390e+02
      vertex   5.000000e+01 2.843686e+01 -1.144458e+02
    endloop
  endfacet
  facet normal 7.070187e-01 5.526129e-01 -4.412976e-01
    outer loop
      vertex   5.500000e+01 2.460950e+01 -1.112279e+02
      vertex   5.000000e+01 2.843686e+01 -1.144458e+02
      vertex   5.000000e+01 3.013088e+01 -1.123244e+02
    endloop
  endfacet
  facet normal 7.071643e-01 5.528501e-01 -4.407669e-01
    outer loop
      vertex   5.500000e+01 2.460950e+01 -1.112279e+02
      vertex   5.000000e+01 3.013088e+01 -1.123244e+02
      vertex   5.500000e+01 2.617673e+01 -1.092621e+02
    endloop
  endfacet
  facet normal 7.066142e-01 5.834239e-01 -4.003911e-01
    outer loop
      vertex   5.500000e+01 2.617673e+01 -1.092621e+02
      vertex   5.000000e+01 3.013088e+01 -1.123244e+02
      vertex   5.000000e+01 3.166699e+01 -1.100861e+02
    endloop
  endfacet
  facet normal 7.075973e-01 5.849075e-01 -3.964710e-01
    outer loop
      vertex   5.500000e+01 2.617673e+01 -1.092621e+02
      vertex   5.000000e+01 3.166699e+01 -1.100861e+02
      vertex   5.500000e+01 2.758733e+01 -1.071811e+02
    endloop
  endfacet
  facet normal 7.062658e-01 6.111616e-01 -3.573095e-01
    outer loop
      vertex   5.500000e+01 2.758733e+01 -1.071811e+02
      vertex   5.000000e+01 3.166699e+01 -1.100861e+02
      vertex   5.000000e+01 3.303715e+01 -1.077425e+02
    endloop
  endfacet
  facet normal 7.079644e-01 6.134843e-01 -3.498907e-01
    outer loop
      vertex   5.500000e+01 2.758733e+01 -1.071811e+02
      vertex   5.000000e+01 3.303715e+01 -1.077425e+02
      vertex   5.500000e+01 2.883284e+01 -1.049972e+02
    endloop
  endfacet
  facet normal 7.059739e-01 6.356711e-01 -3.122870e-01
    outer loop
      vertex   5.500000e+01 2.883284e+01 -1.049972e+02
      vertex   5.000000e+01 3.303715e+01 -1.077425e+02
      vertex   5.000000e+01 3.423416e+01 -1.053059e+02
    endloop
  endfacet
  facet normal 7.082658e-01 6.384210e-01 -3.012940e-01
    outer loop
      vertex   5.500000e+01 2.883284e+01 -1.049972e+02
      vertex   5.000000e+01 3.423416e+01 -1.053059e+02
      vertex   5.500000e+01 2.990582e+01 -1.027237e+02
    endloop
  endfacet
  facet normal 7.057386e-01 6.568153e-01 -2.655688e-01
    outer loop
      vertex   5.500000e+01 2.990582e+01 -1.027237e+02
      vertex   5.000000e+01 3.423416e+01 -1.053059e+02
      vertex   5.000000e+01 3.525177e+01 -1.027892e+02
    endloop
  endfacet
  facet normal 7.085019e-01 6.595788e-01 -2.509600e-01
    outer loop
      vertex   5.500000e+01 2.990582e+01 -1.027237e+02
      vertex   5.000000e+01 3.525177e+01 -1.027892e+02
      vertex   5.500000e+01 3.079986e+01 -1.003740e+02
    endloop
  endfacet
  facet normal 7.055601e-01 6.744760e-01 -2.174100e-01
    outer loop
      vertex   5.500000e+01 3.079986e+01 -1.003740e+02
      vertex   5.000000e+01 3.525177e+01 -1.027892e+02
      vertex   5.000000e+01 3.608463e+01 -1.002054e+02
    endloop
  endfacet
  facet normal 7.086728e-01 6.768393e-01 -1.991769e-01
    outer loop
      vertex   5.500000e+01 3.079986e+01 -1.003740e+02
      vertex   5.000000e+01 3.608463e+01 -1.002054e+02
      vertex   5.500000e+01 3.150959e+01 -9.796216e+01
    endloop
  endfacet
  facet normal 7.054386e-01 6.885547e-01 -1.680739e-01
    outer loop
      vertex   5.500000e+01 3.150959e+01 -9.796216e+01
      vertex   5.000000e+01 3.608463e+01 -1.002054e+02
      vertex   5.000000e+01 3.672839e+01 -9.756806e+01
    endloop
  endfacet
  facet normal 7.087787e-01 6.901061e-01 -1.462409e-01
    outer loop
      vertex   5.500000e+01 3.150959e+01 -9.796216e+01
      vertex   5.000000e+01 3.672839e+01 -9.756806e+01
      vertex   5.500000e+01 3.203077e+01 -9.550273e+01
    endloop
  endfacet
  facet normal 7.053741e-01 6.989731e-01 -1.178306e-01
    outer loop
      vertex   5.500000e+01 3.203077e+01 -9.550273e+01
      vertex   5.000000e+01 3.672839e+01 -9.756806e+01
      vertex   5.000000e+01 3.717966e+01 -9.489111e+01
    endloop
  endfacet
  facet normal 7.088196e-01 6.993047e-01 -9.245451e-02
    outer loop
      vertex   5.500000e+01 3.203077e+01 -9.550273e+01
      vertex   5.000000e+01 3.717966e+01 -9.489111e+01
      vertex   5.500000e+01 3.236028e+01 -9.301036e+01
    endloop
  endfacet
  facet normal 7.053666e-01 7.056734e-01 -6.695516e-02
    outer loop
      vertex   5.500000e+01 3.236028e+01 -9.301036e+01
      vertex   5.000000e+01 3.717966e+01 -9.489111e+01
      vertex   5.000000e+01 3.743608e+01 -9.218852e+01
    endloop
  endfacet
  facet normal 7.087955e-01 7.043830e-01 -3.812469e-02
    outer loop
      vertex   5.500000e+01 3.236028e+01 -9.301036e+01
      vertex   5.000000e+01 3.743608e+01 -9.218852e+01
      vertex   5.500000e+01 3.249615e+01 -9.049999e+01
    endloop
  endfacet
  facet normal 7.054163e-01 7.086187e-01 -1.572654e-02
    outer loop
      vertex   5.500000e+01 3.249615e+01 -9.049999e+01
      vertex   5.000000e+01 3.743608e+01 -9.218852e+01
      vertex   5.000000e+01 3.749632e+01 -8.947447e+01
    endloop
  endfacet
  facet normal 7.087065e-01 7.053119e-01 1.643851e-02
    outer loop
      vertex   5.500000e+01 3.249615e+01 -9.049999e+01
      vertex   5.000000e+01 3.749632e+01 -8.947447e+01
      vertex   5.500000e+01 3.243758e+01 -8.798662e+01
    endloop
  endfacet
  facet normal 7.055231e-01 7.077935e-01 3.557450e-02
    outer loop
      vertex   5.500000e+01 3.243758e+01 -8.798662e+01
      vertex   5.000000e+01 3.749632e+01 -8.947447e+01
      vertex   5.000000e+01 3.736004e+01 -8.676317e+01
    endloop
  endfacet
  facet normal 7.085525e-01 7.020848e-01 7.092372e-02
    outer loop
      vertex   5.500000e+01 3.243758e+01 -8.798662e+01
      vertex   5.000000e+01 3.736004e+01 -8.676317e+01
      vertex   5.500000e+01 3.218490e+01 -8.548530e+01
    endloop
  endfacet
  facet normal 7.056868e-01 7.032034e-01 8.666680e-02
    outer loop
      vertex   5.500000e+01 3.218490e+01 -8.548530e+01
      vertex   5.000000e+01 3.736004e+01 -8.676317e+01
      vertex   5.000000e+01 3.702798e+01 -8.406883e+01
    endloop
  endfacet
  facet normal 7.083334e-01 6.947185e-01 1.250199e-01
    outer loop
      vertex   5.500000e+01 3.218490e+01 -8.548530e+01
      vertex   5.000000e+01 3.702798e+01 -8.406883e+01
      vertex   5.500000e+01 3.173963e+01 -8.301100e+01
    endloop
  endfacet
  facet normal 7.059073e-01 6.948753e-01 1.372705e-01
    outer loop
      vertex   5.500000e+01 3.173963e+01 -8.301100e+01
      vertex   5.000000e+01 3.702798e+01 -8.406883e+01
      vertex   5.000000e+01 3.650186e+01 -8.140557e+01
    endloop
  endfacet
  facet normal 7.080489e-01 6.832523e-01 1.784180e-01
    outer loop
      vertex   5.500000e+01 3.173963e+01 -8.301100e+01
      vertex   5.000000e+01 3.650186e+01 -8.140557e+01
      vertex   5.500000e+01 3.110443e+01 -8.057851e+01
    endloop
  endfacet
  facet normal 7.061846e-01 6.828570e-01 1.871086e-01
    outer loop
      vertex   5.500000e+01 3.110443e+01 -8.057851e+01
      vertex   5.000000e+01 3.650186e+01 -8.140557e+01
      vertex   5.000000e+01 3.578445e+01 -7.878736e+01
    endloop
  endfacet
  facet normal 7.076989e-01 6.677484e-01 2.308124e-01
    outer loop
      vertex   5.500000e+01 3.110443e+01 -8.057851e+01
      vertex   5.000000e+01 3.578445e+01 -7.878736e+01
      vertex   5.500000e+01 3.028311e+01 -7.820241e+01
    endloop
  endfacet
  facet normal 7.065183e-01 6.672173e-01 2.359088e-01
    outer loop
      vertex   5.500000e+01 3.028311e+01 -7.820241e+01
      vertex   5.000000e+01 3.578445e+01 -7.878736e+01
      vertex   5.000000e+01 3.487950e+01 -7.622791e+01
    endloop
  endfacet
  facet normal 7.072830e-01 6.482911e-01 2.819032e-01
    outer loop
      vertex   5.500000e+01 3.028311e+01 -7.820241e+01
      vertex   5.000000e+01 3.487950e+01 -7.622791e+01
      vertex   5.500000e+01 2.928058e+01 -7.589689e+01
    endloop
  endfacet
  facet normal 7.069083e-01 6.480452e-01 2.834045e-01
    outer loop
      vertex   5.500000e+01 2.928058e+01 -7.589689e+01
      vertex   5.000000e+01 3.487950e+01 -7.622791e+01
      vertex   5.000000e+01 3.379176e+01 -7.374063e+01
    endloop
  endfacet
  facet normal 7.068420e-01 6.259027e-01 3.295757e-01
    outer loop
      vertex   5.500000e+01 2.928058e+01 -7.589689e+01
      vertex   5.000000e+01 3.379176e+01 -7.374063e+01
      vertex   5.000000e+01 3.252693e+01 -7.133857e+01
    endloop
  endfacet
  facet normal 7.073541e-01 6.244982e-01 3.311377e-01
    outer loop
      vertex   5.500000e+01 2.928058e+01 -7.589689e+01
      vertex   5.000000e+01 3.252693e+01 -7.133857e+01
      vertex   5.500000e+01 2.810284e+01 -7.367577e+01
    endloop
  endfacet
  facet normal 7.064610e-01 6.007424e-01 3.741943e-01
    outer loop
      vertex   5.500000e+01 2.810284e+01 -7.367577e+01
      vertex   5.000000e+01 3.252693e+01 -7.133857e+01
      vertex   5.000000e+01 3.109163e+01 -6.903430e+01
    endloop
  endfacet
  facet normal 7.077594e-01 5.966909e-01 3.782019e-01
    outer loop
      vertex   5.500000e+01 2.810284e+01 -7.367577e+01
      vertex   5.000000e+01 3.109163e+01 -6.903430e+01
      vertex   5.500000e+01 2.675694e+01 -7.155233e+01
    endloop
  endfacet
  facet normal 7.061363e-01 5.723589e-01 4.168653e-01
    outer loop
      vertex   5.500000e+01 2.675694e+01 -7.155233e+01
      vertex   5.000000e+01 3.109163e+01 -6.903430e+01
      vertex   5.000000e+01 2.949339e+01 -6.683991e+01
    endloop
  endfacet
  facet normal 7.080989e-01 5.653991e-01 4.229892e-01
    outer loop
      vertex   5.500000e+01 2.675694e+01 -7.155233e+01
      vertex   5.000000e+01 2.949339e+01 -6.683991e+01
      vertex   5.500000e+01 2.525092e+01 -6.953928e+01
    endloop
  endfacet
  facet normal 7.058682e-01 5.409051e-01 4.573530e-01
    outer loop
      vertex   5.500000e+01 2.525092e+01 -6.953928e+01
      vertex   5.000000e+01 2.949339e+01 -6.683991e+01
      vertex   5.000000e+01 2.774059e+01 -6.476689e+01
    endloop
  endfacet
  facet normal 7.083729e-01 5.308047e-01 4.652464e-01
    outer loop
      vertex   5.500000e+01 2.525092e+01 -6.953928e+01
      vertex   5.000000e+01 2.774059e+01 -6.476689e+01
      vertex   5.500000e+01 2.359381e+01 -6.764867e+01
    endloop
  endfacet
  facet normal 7.056567e-01 5.065511e-01 4.954338e-01
    outer loop
      vertex   5.500000e+01 2.359381e+01 -6.764867e+01
      vertex   5.000000e+01 2.774059e+01 -6.476689e+01
      vertex   5.000000e+01 2.584240e+01 -6.282611e+01
    endloop
  endfacet
  facet normal 7.085816e-01 4.931078e-01 5.047344e-01
    outer loop
      vertex   5.500000e+01 2.359381e+01 -6.764867e+01
      vertex   5.000000e+01 2.584240e+01 -6.282611e+01
      vertex   5.500000e+01 2.179552e+01 -6.589180e+01
    endloop
  endfacet
  facet normal 7.055021e-01 4.694834e-01 5.308974e-01
    outer loop
      vertex   5.500000e+01 2.179552e+01 -6.589180e+01
      vertex   5.000000e+01 2.584240e+01 -6.282611e+01
      vertex   5.000000e+01 2.380878e+01 -6.102774e+01
    endloop
  endfacet
  facet normal 7.087252e-01 4.525252e-01 5.412297e-01
    outer loop
      vertex   5.500000e+01 2.179552e+01 -6.589180e+01
      vertex   5.000000e+01 2.380878e+01 -6.102774e+01
      vertex   5.500000e+01 1.986680e+01 -6.427919e+01
    endloop
  endfacet
  facet normal 7.054045e-01 4.299043e-01 5.635484e-01
    outer loop
      vertex   5.500000e+01 1.986680e+01 -6.427919e+01
      vertex   5.000000e+01 2.380878e+01 -6.102774e+01
      vertex   5.000000e+01 2.165039e+01 -5.938121e+01
    endloop
  endfacet
  facet normal 7.088037e-01 4.092898e-01 5.745251e-01
    outer loop
      vertex   5.500000e+01 1.986680e+01 -6.427919e+01
      vertex   5.000000e+01 2.165039e+01 -5.938121e+01
      vertex   5.500000e+01 1.781921e+01 -6.282049e+01
    endloop
  endfacet
  facet normal 7.053640e-01 3.880298e-01 5.932070e-01
    outer loop
      vertex   5.500000e+01 1.781921e+01 -6.282049e+01
      vertex   5.000000e+01 2.165039e+01 -5.938121e+01
      vertex   5.000000e+01 1.937854e+01 -5.789514e+01
    endloop
  endfacet
  facet normal 7.088174e-01 3.636488e-01 6.044315e-01
    outer loop
      vertex   5.500000e+01 1.781921e+01 -6.282049e+01
      vertex   5.000000e+01 1.937854e+01 -5.789514e+01
      vertex   5.500000e+01 1.566499e+01 -6.152443e+01
    endloop
  endfacet
  facet normal 7.053806e-01 3.440894e-01 6.197102e-01
    outer loop
      vertex   5.500000e+01 1.566499e+01 -6.152443e+01
      vertex   5.000000e+01 1.937854e+01 -5.789514e+01
      vertex   5.000000e+01 1.700513e+01 -5.657732e+01
    endloop
  endfacet
  facet normal 7.087661e-01 3.158628e-01 6.307784e-01
    outer loop
      vertex   5.500000e+01 1.566499e+01 -6.152443e+01
      vertex   5.000000e+01 1.700513e+01 -5.657732e+01
      vertex   5.500000e+01 1.341703e+01 -6.039876e+01
    endloop
  endfacet
  facet normal 7.054542e-01 2.983238e-01 6.429131e-01
    outer loop
      vertex   5.500000e+01 1.341703e+01 -6.039876e+01
      vertex   5.000000e+01 1.700513e+01 -5.657732e+01
      vertex   5.000000e+01 1.454260e+01 -5.543466e+01
    endloop
  endfacet
  facet normal 7.086498e-01 2.662043e-01 6.534147e-01
    outer loop
      vertex   5.500000e+01 1.341703e+01 -6.039876e+01
      vertex   5.000000e+01 1.454260e+01 -5.543466e+01
      vertex   5.500000e+01 1.108878e+01 -5.945022e+01
    endloop
  endfacet
  facet normal 7.055849e-01 2.509844e-01 6.626891e-01
    outer loop
      vertex   5.500000e+01 1.108878e+01 -5.945022e+01
      vertex   5.000000e+01 1.454260e+01 -5.543466e+01
      vertex   5.000000e+01 1.200386e+01 -5.447314e+01
    endloop
  endfacet
  facet normal 7.084685e-01 2.149559e-01 6.722101e-01
    outer loop
      vertex   5.500000e+01 1.108878e+01 -5.945022e+01
      vertex   5.000000e+01 1.200386e+01 -5.447314e+01
      vertex   5.500000e+01 8.694185e+00 -5.868449e+01
    endloop
  endfacet
  facet normal 7.057725e-01 2.023310e-01 6.789311e-01
    outer loop
      vertex   5.500000e+01 8.694185e+00 -5.868449e+01
      vertex   5.000000e+01 1.200386e+01 -5.447314e+01
      vertex   5.000000e+01 9.402205e+00 -5.369782e+01
    endloop
  endfacet
  facet normal 7.082219e-01 1.624095e-01 6.870552e-01
    outer loop
      vertex   5.500000e+01 8.694185e+00 -5.868449e+01
      vertex   5.000000e+01 9.402205e+00 -5.369782e+01
      vertex   5.500000e+01 6.247561e+00 -5.810615e+01
    endloop
  endfacet
  facet normal 7.060169e-01 1.526309e-01 6.915519e-01
    outer loop
      vertex   5.500000e+01 6.247561e+00 -5.810615e+01
      vertex   5.000000e+01 9.402205e+00 -5.369782e+01
      vertex   5.000000e+01 6.751279e+00 -5.311274e+01
    endloop
  endfacet
  facet normal 7.079100e-01 1.088642e-01 6.978625e-01
    outer loop
      vertex   5.500000e+01 6.247561e+00 -5.810615e+01
      vertex   5.000000e+01 6.751279e+00 -5.311274e+01
      vertex   5.500000e+01 3.763553e+00 -5.771865e+01
    endloop
  endfacet
  facet normal 7.063178e-01 1.021572e-01 7.004848e-01
    outer loop
      vertex   5.500000e+01 3.763553e+00 -5.771865e+01
      vertex   5.000000e+01 6.751279e+00 -5.311274e+01
      vertex   5.000000e+01 4.064972e+00 -5.272097e+01
    endloop
  endfacet
  facet normal 7.075323e-01 5.462468e-02 7.045666e-01
    outer loop
      vertex   5.500000e+01 3.763553e+00 -5.771865e+01
      vertex   5.000000e+01 4.064972e+00 -5.272097e+01
      vertex   5.500000e+01 1.257025e+00 -5.752432e+01
    endloop
  endfacet
  facet normal 7.066752e-01 5.118698e-02 7.056841e-01
    outer loop
      vertex   5.500000e+01 1.257025e+00 -5.752432e+01
      vertex   5.000000e+01 4.064972e+00 -5.272097e+01
      vertex   5.000000e+01 1.357362e+00 -5.252457e+01
    endloop
  endfacet
  facet normal 7.070887e-01 1.850805e-15 7.071248e-01
    outer loop
      vertex   5.500000e+01 1.257025e+00 -5.752432e+01
      vertex   5.000000e+01 1.357362e+00 -5.252457e+01
      vertex   5.000000e+01 -1.357362e+00 -5.252457e+01
    endloop
  endfacet
  facet normal 7.070887e-01 1.998538e-15 7.071248e-01
    outer loop
      vertex   5.500000e+01 1.257025e+00 -5.752432e+01
      vertex   5.000000e+01 -1.357362e+00 -5.252457e+01
      vertex   5.500000e+01 -1.257025e+00 -5.752432e+01
    endloop
  endfacet
  facet normal 7.066752e-01 -5.118698e-02 7.056841e-01
    outer loop
      vertex   5.500000e+01 -1.257025e+00 -5.752432e+01
      vertex   5.000000e+01 -1.357362e+00 -5.252457e+01
      vertex   5.000000e+01 -4.064972e+00 -5.272097e+01
    endloop
  endfacet
  facet normal 7.075323e-01 -5.462468e-02 7.045666e-01
    outer loop
      vertex   5.500000e+01 -1.257025e+00 -5.752432e+01
      vertex   5.000000e+01 -4.064972e+00 -5.272097e+01
      vertex   5.500000e+01 -3.763553e+00 -5.771865e+01
    endloop
  endfacet
  facet normal 7.063178e-01 -1.021572e-01 7.004848e-01
    outer loop
      vertex   5.500000e+01 -3.763553e+00 -5.771865e+01
      vertex   5.000000e+01 -4.064972e+00 -5.272097e+01
      vertex   5.000000e+01 -6.751279e+00 -5.311274e+01
    endloop
  endfacet
  facet normal 7.079100e-01 -1.088642e-01 6.978625e-01
    outer loop
      vertex   5.500000e+01 -3.763553e+00 -5.771865e+01
      vertex   5.000000e+01 -6.751279e+00 -5.311274e+01
      vertex   5.500000e+01 -6.247561e+00 -5.810615e+01
    endloop
  endfacet
  facet normal 7.060169e-01 -1.526309e-01 6.915519e-01
    outer loop
      vertex   5.500000e+01 -6.247561e+00 -5.810615e+01
      vertex   5.000000e+01 -6.751279e+00 -5.311274e+01
      vertex   5.000000e+01 -9.402205e+00 -5.369782e+01
    endloop
  endfacet
  facet normal 7.082219e-01 -1.624095e-01 6.870552e-01
    outer loop
      vertex   5.500000e+01 -6.247561e+00 -5.810615e+01
      vertex   5.000000e+01 -9.402205e+00 -5.369782e+01
      vertex   5.500000e+01 -8.694185e+00 -5.868449e+01
    endloop
  endfacet
  facet normal 7.057725e-01 -2.023310e-01 6.789311e-01
    outer loop
      vertex   5.500000e+01 -8.694185e+00 -5.868449e+01
      vertex   5.000000e+01 -9.402205e+00 -5.369782e+01
      vertex   5.000000e+01 -1.200386e+01 -5.447314e+01
    endloop
  endfacet
  facet normal 7.084685e-01 -2.149559e-01 6.722101e-01
    outer loop
      vertex   5.500000e+01 -8.694185e+00 -5.868449e+01
      vertex   5.000000e+01 -1.200386e+01 -5.447314e+01
      vertex   5.500000e+01 -1.108878e+01 -5.945022e+01
    endloop
  endfacet
  facet normal 7.055849e-01 -2.509844e-01 6.626891e-01
    outer loop
      vertex   5.500000e+01 -1.108878e+01 -5.945022e+01
      vertex   5.000000e+01 -1.200386e+01 -5.447314e+01
      vertex   5.000000e+01 -1.454260e+01 -5.543466e+01
    endloop
  endfacet
  facet normal 7.086498e-01 -2.662043e-01 6.534147e-01
    outer loop
      vertex   5.500000e+01 -1.108878e+01 -5.945022e+01
      vertex   5.000000e+01 -1.454260e+01 -5.543466e+01
      vertex   5.500000e+01 -1.341703e+01 -6.039876e+01
    endloop
  endfacet
  facet normal 7.054542e-01 -2.983238e-01 6.429131e-01
    outer loop
      vertex   5.500000e+01 -1.341703e+01 -6.039876e+01
      vertex   5.000000e+01 -1.454260e+01 -5.543466e+01
      vertex   5.000000e+01 -1.700513e+01 -5.657732e+01
    endloop
  endfacet
  facet normal 7.087661e-01 -3.158628e-01 6.307784e-01
    outer loop
      vertex   5.500000e+01 -1.341703e+01 -6.039876e+01
      vertex   5.000000e+01 -1.700513e+01 -5.657732e+01
      vertex   5.500000e+01 -1.566499e+01 -6.152443e+01
    endloop
  endfacet
  facet normal 7.053806e-01 -3.440894e-01 6.197102e-01
    outer loop
      vertex   5.500000e+01 -1.566499e+01 -6.152443e+01
      vertex   5.000000e+01 -1.700513e+01 -5.657732e+01
      vertex   5.000000e+01 -1.937854e+01 -5.789514e+01
    endloop
  endfacet
  facet normal 7.088174e-01 -3.636488e-01 6.044315e-01
    outer loop
      vertex   5.500000e+01 -1.566499e+01 -6.152443e+01
      vertex   5.000000e+01 -1.937854e+01 -5.789514e+01
      vertex   5.500000e+01 -1.781921e+01 -6.282049e+01
    endloop
  endfacet
  facet normal 7.053640e-01 -3.880298e-01 5.932070e-01
    outer loop
      vertex   5.500000e+01 -1.781921e+01 -6.282049e+01
      vertex   5.000000e+01 -1.937854e+01 -5.789514e+01
      vertex   5.000000e+01 -2.165039e+01 -5.938121e+01
    endloop
  endfacet
  facet normal 7.088037e-01 -4.092898e-01 5.745251e-01
    outer loop
      vertex   5.500000e+01 -1.781921e+01 -6.282049e+01
      vertex   5.000000e+01 -2.165039e+01 -5.938121e+01
      vertex   5.500000e+01 -1.986680e+01 -6.427919e+01
    endloop
  endfacet
  facet normal 7.054045e-01 -4.299043e-01 5.635484e-01
    outer loop
      vertex   5.500000e+01 -1.986680e+01 -6.427919e+01
      vertex   5.000000e+01 -2.165039e+01 -5.938121e+01
      vertex   5.000000e+01 -2.380878e+01 -6.102774e+01
    endloop
  endfacet
  facet normal 7.087252e-01 -4.525252e-01 5.412297e-01
    outer loop
      vertex   5.500000e+01 -1.986680e+01 -6.427919e+01
      vertex   5.000000e+01 -2.380878e+01 -6.102774e+01
      vertex   5.500000e+01 -2.179552e+01 -6.589180e+01
    endloop
  endfacet
  facet normal 7.055021e-01 -4.694834e-01 5.308974e-01
    outer loop
      vertex   5.500000e+01 -2.179552e+01 -6.589180e+01
      vertex   5.000000e+01 -2.380878e+01 -6.102774e+01
      vertex   5.000000e+01 -2.584240e+01 -6.282611e+01
    endloop
  endfacet
  facet normal 7.085816e-01 -4.931078e-01 5.047344e-01
    outer loop
      vertex   5.500000e+01 -2.179552e+01 -6.589180e+01
      vertex   5.000000e+01 -2.584240e+01 -6.282611e+01
      vertex   5.500000e+01 -2.359381e+01 -6.764867e+01
    endloop
  endfacet
  facet normal 7.056567e-01 -5.065511e-01 4.954338e-01
    outer loop
      vertex   5.500000e+01 -2.359381e+01 -6.764867e+01
      vertex   5.000000e+01 -2.584240e+01 -6.282611e+01
      vertex   5.000000e+01 -2.774059e+01 -6.476689e+01
    endloop
  endfacet
  facet normal 7.083729e-01 -5.308047e-01 4.652464e-01
    outer loop
      vertex   5.500000e+01 -2.359381e+01 -6.764867e+01
      vertex   5.000000e+01 -2.774059e+01 -6.476689e+01
      vertex   5.500000e+01 -2.525092e+01 -6.953928e+01
    endloop
  endfacet
  facet normal 7.058682e-01 -5.409051e-01 4.573530e-01
    outer loop
      vertex   5.500000e+01 -2.525092e+01 -6.953928e+01
      vertex   5.000000e+01 -2.774059e+01 -6.476689e+01
      vertex   5.000000e+01 -2.949339e+01 -6.683991e+01
    endloop
  endfacet
  facet normal 7.080989e-01 -5.653991e-01 4.229892e-01
    outer loop
      vertex   5.500000e+01 -2.525092e+01 -6.953928e+01
      vertex   5.000000e+01 -2.949339e+01 -6.683991e+01
      vertex   5.500000e+01 -2.675694e+01 -7.155233e+01
    endloop
  endfacet
  facet normal 7.061363e-01 -5.723589e-01 4.168653e-01
    outer loop
      vertex   5.500000e+01 -2.675694e+01 -7.155233e+01
      vertex   5.000000e+01 -2.949339e+01 -6.683991e+01
      vertex   5.000000e+01 -3.109163e+01 -6.903430e+01
    endloop
  endfacet
  facet normal 7.077594e-01 -5.966909e-01 3.782019e-01
    outer loop
      vertex   5.500000e+01 -2.675694e+01 -7.155233e+01
      vertex   5.000000e+01 -3.109163e+01 -6.903430e+01
      vertex   5.500000e+01 -2.810284e+01 -7.367577e+01
    endloop
  endfacet
  facet normal 7.064610e-01 -6.007424e-01 3.741943e-01
    outer loop
      vertex   5.500000e+01 -2.810284e+01 -7.367577e+01
      vertex   5.000000e+01 -3.109163e+01 -6.903430e+01
      vertex   5.000000e+01 -3.252693e+01 -7.133857e+01
    endloop
  endfacet
  facet normal 7.073541e-01 -6.244982e-01 3.311377e-01
    outer loop
      vertex   5.500000e+01 -2.810284e+01 -7.367577e+01
      vertex   5.000000e+01 -3.252693e+01 -7.133857e+01
      vertex   5.500000e+01 -2.928058e+01 -7.589689e+01
    endloop
  endfacet
  facet normal 7.068420e-01 -6.259027e-01 3.295757e-01
    outer loop
      vertex   5.500000e+01 -2.928058e+01 -7.589689e+01
      vertex   5.000000e+01 -3.252693e+01 -7.133857e+01
      vertex   5.000000e+01 -3.379176e+01 -7.374063e+01
    endloop
  endfacet
  facet normal 7.069083e-01 -6.480452e-01 2.834045e-01
    outer loop
      vertex   5.500000e+01 -2.928058e+01 -7.589689e+01
      vertex   5.000000e+01 -3.379176e+01 -7.374063e+01
      vertex   5.000000e+01 -3.487950e+01 -7.622791e+01
    endloop
  endfacet
  facet normal 7.072830e-01 -6.482911e-01 2.819032e-01
    outer loop
      vertex   5.500000e+01 -2.928058e+01 -7.589689e+01
      vertex   5.000000e+01 -3.487950e+01 -7.622791e+01
      vertex   5.500000e+01 -3.028311e+01 -7.820241e+01
    endloop
  endfacet
  facet normal 7.065183e-01 -6.672173e-01 2.359088e-01
    outer loop
      vertex   5.500000e+01 -3.028311e+01 -7.820241e+01
      vertex   5.000000e+01 -3.487950e+01 -7.622791e+01
      vertex   5.000000e+01 -3.578445e+01 -7.878736e+01
    endloop
  endfacet
  facet normal 7.076989e-01 -6.677484e-01 2.308124e-01
    outer loop
      vertex   5.500000e+01 -3.028311e+01 -7.820241e+01
      vertex   5.000000e+01 -3.578445e+01 -7.878736e+01
      vertex   5.500000e+01 -3.110443e+01 -8.057851e+01
    endloop
  endfacet
  facet normal 7.061846e-01 -6.828570e-01 1.871086e-01
    outer loop
      vertex   5.500000e+01 -3.110443e+01 -8.057851e+01
      vertex   5.000000e+01 -3.578445e+01 -7.878736e+01
      vertex   5.000000e+01 -3.650186e+01 -8.140557e+01
    endloop
  endfacet
  facet normal 7.080489e-01 -6.832523e-01 1.784180e-01
    outer loop
      vertex   5.500000e+01 -3.110443e+01 -8.057851e+01
      vertex   5.000000e+01 -3.650186e+01 -8.140557e+01
      vertex   5.500000e+01 -3.173963e+01 -8.301100e+01
    endloop
  endfacet
  facet normal 7.059073e-01 -6.948753e-01 1.372705e-01
    outer loop
      vertex   5.500000e+01 -3.173963e+01 -8.301100e+01
      vertex   5.000000e+01 -3.650186e+01 -8.140557e+01
      vertex   5.000000e+01 -3.702798e+01 -8.406883e+01
    endloop
  endfacet
  facet normal 7.083334e-01 -6.947185e-01 1.250199e-01
    outer loop
      vertex   5.500000e+01 -3.173963e+01 -8.301100e+01
      vertex   5.000000e+01 -3.702798e+01 -8.406883e+01
      vertex   5.500000e+01 -3.218490e+01 -8.548530e+01
    endloop
  endfacet
  facet normal 7.056868e-01 -7.032034e-01 8.666680e-02
    outer loop
      vertex   5.500000e+01 -3.218490e+01 -8.548530e+01
      vertex   5.000000e+01 -3.702798e+01 -8.406883e+01
      vertex   5.000000e+01 -3.736004e+01 -8.676317e+01
    endloop
  endfacet
  facet normal 7.085525e-01 -7.020848e-01 7.092372e-02
    outer loop
      vertex   5.500000e+01 -3.218490e+01 -8.548530e+01
      vertex   5.000000e+01 -3.736004e+01 -8.676317e+01
      vertex   5.500000e+01 -3.243758e+01 -8.798662e+01
    endloop
  endfacet
  facet normal 7.055231e-01 -7.077935e-01 3.557450e-02
    outer loop
      vertex   5.500000e+01 -3.243758e+01 -8.798662e+01
      vertex   5.000000e+01 -3.736004e+01 -8.676317e+01
      vertex   5.000000e+01 -3.749632e+01 -8.947447e+01
    endloop
  endfacet
  facet normal 7.087065e-01 -7.053119e-01 1.643851e-02
    outer loop
      vertex   5.500000e+01 -3.243758e+01 -8.798662e+01
      vertex   5.000000e+01 -3.749632e+01 -8.947447e+01
      vertex   5.500000e+01 -3.249615e+01 -9.049999e+01
    endloop
  endfacet
  facet normal 7.054163e-01 -7.086187e-01 -1.572654e-02
    outer loop
      vertex   5.500000e+01 -3.249615e+01 -9.049999e+01
      vertex   5.000000e+01 -3.749632e+01 -8.947447e+01
      vertex   5.000000e+01 -3.743608e+01 -9.218852e+01
    endloop
  endfacet
  facet normal 7.087955e-01 -7.043830e-01 -3.812469e-02
    outer loop
      vertex   5.500000e+01 -3.249615e+01 -9.049999e+01
      vertex   5.000000e+01 -3.743608e+01 -9.218852e+01
      vertex   5.500000e+01 -3.236028e+01 -9.301036e+01
    endloop
  endfacet
  facet normal 7.053666e-01 -7.056734e-01 -6.695516e-02
    outer loop
      vertex   5.500000e+01 -3.236028e+01 -9.301036e+01
      vertex   5.000000e+01 -3.743608e+01 -9.218852e+01
      vertex   5.000000e+01 -3.717966e+01 -9.489111e+01
    endloop
  endfacet
  facet normal 7.088196e-01 -6.993047e-01 -9.245451e-02
    outer loop
      vertex   5.500000e+01 -3.236028e+01 -9.301036e+01
      vertex   5.000000e+01 -3.717966e+01 -9.489111e+01
      vertex   5.500000e+01 -3.203077e+01 -9.550273e+01
    endloop
  endfacet
  facet normal 7.053741e-01 -6.989731e-01 -1.178306e-01
    outer loop
      vertex   5.500000e+01 -3.203077e+01 -9.550273e+01
      vertex   5.000000e+01 -3.717966e+01 -9.489111e+01
      vertex   5.000000e+01 -3.672839e+01 -9.756806e+01
    endloop
  endfacet
  facet normal 7.087787e-01 -6.901061e-01 -1.462409e-01
    outer loop
      vertex   5.500000e+01 -3.203077e+01 -9.550273e+01
      vertex   5.000000e+01 -3.672839e+01 -9.756806e+01
      vertex   5.500000e+01 -3.150959e+01 -9.796216e+01
    endloop
  endfacet
  facet normal 7.054386e-01 -6.885547e-01 -1.680739e-01
    outer loop
      vertex   5.500000e+01 -3.150959e+01 -9.796216e+01
      vertex   5.000000e+01 -3.672839e+01 -9.756806e+01
      vertex   5.000000e+01 -3.608463e+01 -1.002054e+02
    endloop
  endfacet
  facet normal 7.086728e-01 -6.768393e-01 -1.991769e-01
    outer loop
      vertex   5.500000e+01 -3.150959e+01 -9.796216e+01
      vertex   5.000000e+01 -3.608463e+01 -1.002054e+02
      vertex   5.500000e+01 -3.079986e+01 -1.003740e+02
    endloop
  endfacet
  facet normal 7.055601e-01 -6.744760e-01 -2.174100e-01
    outer loop
      vertex   5.500000e+01 -3.079986e+01 -1.003740e+02
      vertex   5.000000e+01 -3.608463e+01 -1.002054e+02
      vertex   5.000000e+01 -3.525177e+01 -1.027892e+02
    endloop
  endfacet
  facet normal 7.085019e-01 -6.595788e-01 -2.509600e-01
    outer loop
      vertex   5.500000e+01 -3.079986e+01 -1.003740e+02
      vertex   5.000000e+01 -3.525177e+01 -1.027892e+02
      vertex   5.500000e+01 -2.990582e+01 -1.027237e+02
    endloop
  endfacet
  facet normal 7.057386e-01 -6.568153e-01 -2.655688e-01
    outer loop
      vertex   5.500000e+01 -2.990582e+01 -1.027237e+02
      vertex   5.000000e+01 -3.525177e+01 -1.027892e+02
      vertex   5.000000e+01 -3.423416e+01 -1.053059e+02
    endloop
  endfacet
  facet normal 7.082658e-01 -6.384210e-01 -3.012940e-01
    outer loop
      vertex   5.500000e+01 -2.990582e+01 -1.027237e+02
      vertex   5.000000e+01 -3.423416e+01 -1.053059e+02
      vertex   5.500000e+01 -2.883284e+01 -1.049972e+02
    endloop
  endfacet
  facet normal 7.059739e-01 -6.356711e-01 -3.122870e-01
    outer loop
      vertex   5.500000e+01 -2.883284e+01 -1.049972e+02
      vertex   5.000000e+01 -3.423416e+01 -1.053059e+02
      vertex   5.000000e+01 -3.303715e+01 -1.077425e+02
    endloop
  endfacet
  facet normal 7.079644e-01 -6.134843e-01 -3.498907e-01
    outer loop
      vertex   5.500000e+01 -2.883284e+01 -1.049972e+02
      vertex   5.000000e+01 -3.303715e+01 -1.077425e+02
      vertex   5.500000e+01 -2.758733e+01 -1.071811e+02
    endloop
  endfacet
  facet normal 7.062658e-01 -6.111616e-01 -3.573095e-01
    outer loop
      vertex   5.500000e+01 -2.758733e+01 -1.071811e+02
      vertex   5.000000e+01 -3.303715e+01 -1.077425e+02
      vertex   5.000000e+01 -3.166699e+01 -1.100861e+02
    endloop
  endfacet
  facet normal 7.075973e-01 -5.849075e-01 -3.964710e-01
    outer loop
      vertex   5.500000e+01 -2.758733e+01 -1.071811e+02
      vertex   5.000000e+01 -3.166699e+01 -1.100861e+02
      vertex   5.500000e+01 -2.617673e+01 -1.092621e+02
    endloop
  endfacet
  facet normal 7.066142e-01 -5.834239e-01 -4.003911e-01
    outer loop
      vertex   5.500000e+01 -2.617673e+01 -1.092621e+02
      vertex   5.000000e+01 -3.166699e+01 -1.100861e+02
      vertex   5.000000e+01 -3.013088e+01 -1.123244e+02
    endloop
  endfacet
  facet normal 7.071643e-01 -5.528501e-01 -4.407669e-01
    outer loop
      vertex   5.500000e+01 -2.617673e+01 -1.092621e+02
      vertex   5.000000e+01 -3.013088e+01 -1.123244e+02
      vertex   5.500000e+01 -2.460950e+01 -1.112279e+02
    endloop
  endfacet
  facet normal 7.070187e-01 -5.526129e-01 -4.412976e-01
    outer loop
      vertex   5.500000e+01 -2.460950e+01 -1.112279e+02
      vertex   5.000000e+01 -3.013088e+01 -1.123244e+02
      vertex   5.000000e+01 -2.843686e+01 -1.144458e+02
    endloop
  endfacet
  facet normal 7.067377e-01 -5.194452e-01 -4.803107e-01
    outer loop
      vertex   5.500000e+01 -2.460950e+01 -1.112279e+02
      vertex   5.000000e+01 -2.843686e+01 -1.144458e+02
      vertex   5.000000e+01 -2.659382e+01 -1.164390e+02
    endloop
  endfacet
  facet normal 7.074657e-01 -5.169053e-01 -4.819764e-01
    outer loop
      vertex   5.500000e+01 -2.460950e+01 -1.112279e+02
      vertex   5.000000e+01 -2.659382e+01 -1.164390e+02
      vertex   5.500000e+01 -2.289501e+01 -1.130666e+02
    endloop
  endfacet
  facet normal 7.063713e-01 -4.835859e-01 -5.168987e-01
    outer loop
      vertex   5.500000e+01 -2.289501e+01 -1.130666e+02
      vertex   5.000000e+01 -2.659382e+01 -1.164390e+02
      vertex   5.000000e+01 -2.461140e+01 -1.182936e+02
    endloop
  endfacet
  facet normal 7.078539e-01 -4.778402e-01 -5.202035e-01
    outer loop
      vertex   5.500000e+01 -2.289501e+01 -1.130666e+02
      vertex   5.000000e+01 -2.461140e+01 -1.182936e+02
      vertex   5.500000e+01 -2.104352e+01 -1.147673e+02
    endloop
  endfacet
  facet normal 7.060613e-01 -4.451180e-01 -5.507699e-01
    outer loop
      vertex   5.500000e+01 -2.104352e+01 -1.147673e+02
      vertex   5.000000e+01 -2.461140e+01 -1.182936e+02
      vertex   5.000000e+01 -2.250000e+01 -1.200000e+02
    endloop
  endfacet
  facet normal 7.081763e-01 -4.360004e-01 -5.553287e-01
    outer loop
      vertex   5.500000e+01 -2.104352e+01 -1.147673e+02
      vertex   5.000000e+01 -2.250000e+01 -1.200000e+02
      vertex   5.500000e+01 -1.906610e+01 -1.163198e+02
    endloop
  endfacet
  facet normal 7.061439e-01 -4.079616e-01 -5.787298e-01
    outer loop
      vertex   5.500000e+01 -1.906610e+01 -1.163198e+02
      vertex   5.000000e+01 -2.250000e+01 -1.200000e+02
      vertex   5.144829e+01 -1.999315e+01 -1.200000e+02
    endloop
  endfacet
  facet normal 7.095149e-01 -3.910240e-01 -5.862498e-01
    outer loop
      vertex   5.500000e+01 -1.906610e+01 -1.163198e+02
      vertex   5.144829e+01 -1.999315e+01 -1.200000e+02
      vertex   5.500000e+01 -1.697460e+01 -1.177148e+02
    endloop
  endfacet
  facet normal 7.052472e-01 -3.737381e-01 -6.024502e-01
    outer loop
      vertex   5.500000e+01 -1.697460e+01 -1.177148e+02
      vertex   5.144829e+01 -1.999315e+01 -1.200000e+02
      vertex   5.275689e+01 -1.752381e+01 -1.200000e+02
    endloop
  endfacet
  facet normal 7.100525e-01 -3.442736e-01 -6.142485e-01
    outer loop
      vertex   5.500000e+01 -1.697460e+01 -1.177148e+02
      vertex   5.275689e+01 -1.752381e+01 -1.200000e+02
      vertex   5.500000e+01 -1.478153e+01 -1.189440e+02
    endloop
  endfacet
  facet normal 7.051950e-01 -3.365215e-01 -6.240619e-01
    outer loop
      vertex   5.500000e+01 -1.478153e+01 -1.189440e+02
      vertex   5.275689e+01 -1.752381e+01 -1.200000e+02
      vertex   5.392386e+01 -1.507837e+01 -1.200000e+02
    endloop
  endfacet
  facet normal 7.092411e-01 -2.972960e-01 -6.392121e-01
    outer loop
      vertex   5.500000e+01 -1.478153e+01 -1.189440e+02
      vertex   5.392386e+01 -1.507837e+01 -1.200000e+02
      vertex   5.494508e+01 -1.264210e+01 -1.200000e+02
    endloop
  endfacet
  facet normal 7.358897e-01 -2.844030e-01 -6.144764e-01
    outer loop
      vertex   5.494508e+01 -1.264210e+01 -1.200000e+02
      vertex   5.500000e+01 -1.250000e+01 -1.200000e+02
      vertex   5.500000e+01 -1.478153e+01 -1.189440e+02
    endloop
  endfacet
  facet normal -6.365451e-16 -6.152731e-01 -7.883140e-01
    outer loop
      vertex   4.313202e+01 -2.250000e+01 -1.200000e+02
      vertex   5.000000e+01 -2.250000e+01 -1.200000e+02
      vertex   4.252214e+01 -2.363224e+01 -1.191163e+02
    endloop
  endfacet
  facet normal 3.259841e-03 -6.285605e-01 -7.777538e-01
    outer loop
      vertex   4.252214e+01 -2.363224e+01 -1.191163e+02
      vertex   5.000000e+01 -2.250000e+01 -1.200000e+02
      vertex   5.000000e+01 -2.461140e+01 -1.182936e+02
    endloop
  endfacet
  facet normal -3.159154e-04 -6.446877e-01 -7.644460e-01
    outer loop
      vertex   4.252214e+01 -2.363224e+01 -1.191163e+02
      vertex   5.000000e+01 -2.461140e+01 -1.182936e+02
      vertex   4.190177e+01 -2.471543e+01 -1.182025e+02
    endloop
  endfacet
  facet normal 3.271607e-04 -6.730171e-01 -7.396269e-01
    outer loop
      vertex   4.190177e+01 -2.471543e+01 -1.182025e+02
      vertex   5.000000e+01 -2.461140e+01 -1.182936e+02
      vertex   4.127536e+01 -2.574803e+01 -1.172632e+02
    endloop
  endfacet
  facet normal 2.759532e-03 -6.831813e-01 -7.302436e-01
    outer loop
      vertex   4.127536e+01 -2.574803e+01 -1.172632e+02
      vertex   5.000000e+01 -2.461140e+01 -1.182936e+02
      vertex   5.000000e+01 -2.659382e+01 -1.164390e+02
    endloop
  endfacet
  facet normal -3.297580e-04 -6.996715e-01 -7.144646e-01
    outer loop
      vertex   4.127536e+01 -2.574803e+01 -1.172632e+02
      vertex   5.000000e+01 -2.659382e+01 -1.164390e+02
      vertex   4.064688e+01 -2.672920e+01 -1.163021e+02
    endloop
  endfacet
  facet normal 4.371737e-04 -7.257991e-01 -6.879065e-01
    outer loop
      vertex   4.064688e+01 -2.672920e+01 -1.163021e+02
      vertex   5.000000e+01 -2.659382e+01 -1.164390e+02
      vertex   4.000748e+01 -2.767646e+01 -1.153030e+02
    endloop
  endfacet
  facet normal 2.372872e-03 -7.342214e-01 -6.789059e-01
    outer loop
      vertex   4.000748e+01 -2.767646e+01 -1.153030e+02
      vertex   5.000000e+01 -2.659382e+01 -1.164390e+02
      vertex   5.000000e+01 -2.843686e+01 -1.144458e+02
    endloop
  endfacet
  facet normal -3.971816e-04 -7.504078e-01 -6.609751e-01
    outer loop
      vertex   4.000748e+01 -2.767646e+01 -1.153030e+02
      vertex   5.000000e+01 -2.843686e+01 -1.144458e+02
      vertex   3.935546e+01 -2.859554e+01 -1.142592e+02
    endloop
  endfacet
  facet normal 4.647577e-04 -7.746397e-01 -6.324027e-01
    outer loop
      vertex   3.935546e+01 -2.859554e+01 -1.142592e+02
      vertex   5.000000e+01 -2.843686e+01 -1.144458e+02
      vertex   3.869505e+01 -2.948318e+01 -1.131724e+02
    endloop
  endfacet
  facet normal 2.037032e-03 -7.814137e-01 -6.240100e-01
    outer loop
      vertex   3.869505e+01 -2.948318e+01 -1.131724e+02
      vertex   5.000000e+01 -2.843686e+01 -1.144458e+02
      vertex   5.000000e+01 -3.013088e+01 -1.123244e+02
    endloop
  endfacet
  facet normal -4.366035e-04 -7.974996e-01 -6.033193e-01
    outer loop
      vertex   3.869505e+01 -2.948318e+01 -1.131724e+02
      vertex   5.000000e+01 -3.013088e+01 -1.123244e+02
      vertex   3.803051e+01 -3.033614e+01 -1.120444e+02
    endloop
  endfacet
  facet normal 6.786036e-04 -8.201033e-01 -5.722150e-01
    outer loop
      vertex   3.803051e+01 -3.033614e+01 -1.120444e+02
      vertex   5.000000e+01 -3.013088e+01 -1.123244e+02
      vertex   3.736609e+01 -3.115118e+01 -1.108771e+02
    endloop
  endfacet
  facet normal 1.764431e-03 -8.245107e-01 -5.658437e-01
    outer loop
      vertex   3.736609e+01 -3.115118e+01 -1.108771e+02
      vertex   5.000000e+01 -3.013088e+01 -1.123244e+02
      vertex   5.000000e+01 -3.166699e+01 -1.100861e+02
    endloop
  endfacet
  facet normal -4.775087e-04 -8.411119e-01 -5.408609e-01
    outer loop
      vertex   3.736609e+01 -3.115118e+01 -1.108771e+02
      vertex   5.000000e+01 -3.166699e+01 -1.100861e+02
      vertex   3.670641e+01 -3.192552e+01 -1.096723e+02
    endloop
  endfacet
  facet normal 9.515360e-04 -8.615292e-01 -5.077071e-01
    outer loop
      vertex   3.670641e+01 -3.192552e+01 -1.096723e+02
      vertex   5.000000e+01 -3.166699e+01 -1.100861e+02
      vertex   3.605682e+01 -3.265712e+01 -1.084321e+02
    endloop
  endfacet
  facet normal 1.431641e-03 -8.632867e-01 -5.047118e-01
    outer loop
      vertex   3.605682e+01 -3.265712e+01 -1.084321e+02
      vertex   5.000000e+01 -3.166699e+01 -1.100861e+02
      vertex   5.000000e+01 -3.303715e+01 -1.077425e+02
    endloop
  endfacet
  facet normal -5.031217e-04 -8.800713e-01 -4.748412e-01
    outer loop
      vertex   3.605682e+01 -3.265712e+01 -1.084321e+02
      vertex   5.000000e+01 -3.303715e+01 -1.077425e+02
      vertex   3.542269e+01 -3.334395e+01 -1.071584e+02
    endloop
  endfacet
  facet normal 1.223047e-03 -8.975383e-01 -4.409348e-01
    outer loop
      vertex   3.542269e+01 -3.334395e+01 -1.071584e+02
      vertex   5.000000e+01 -3.303715e+01 -1.077425e+02
      vertex   5.000000e+01 -3.423416e+01 -1.053059e+02
    endloop
  endfacet
  facet normal 1.065823e-03 -8.980296e-01 -4.399337e-01
    outer loop
      vertex   3.542269e+01 -3.334395e+01 -1.071584e+02
      vertex   5.000000e+01 -3.423416e+01 -1.053059e+02
      vertex   3.480940e+01 -3.398402e+01 -1.058534e+02
    endloop
  endfacet
  facet normal -4.497807e-04 -9.141991e-01 -4.052652e-01
    outer loop
      vertex   3.480940e+01 -3.398402e+01 -1.058534e+02
      vertex   5.000000e+01 -3.423416e+01 -1.053059e+02
      vertex   3.422235e+01 -3.457531e+01 -1.045189e+02
    endloop
  endfacet
  facet normal 1.346287e-03 -9.270858e-01 -3.748468e-01
    outer loop
      vertex   3.422235e+01 -3.457531e+01 -1.045189e+02
      vertex   5.000000e+01 -3.423416e+01 -1.053059e+02
      vertex   5.000000e+01 -3.525177e+01 -1.027892e+02
    endloop
  endfacet
  facet normal 5.788175e-04 -9.295107e-01 -3.687946e-01
    outer loop
      vertex   3.422235e+01 -3.457531e+01 -1.045189e+02
      vertex   5.000000e+01 -3.525177e+01 -1.027892e+02
      vertex   3.366713e+01 -3.511620e+01 -1.031565e+02
    endloop
  endfacet
  facet normal -3.520564e-04 -9.431276e-01 -3.324307e-01
    outer loop
      vertex   3.366713e+01 -3.511620e+01 -1.031565e+02
      vertex   5.000000e+01 -3.525177e+01 -1.027892e+02
      vertex   3.314944e+01 -3.560535e+01 -1.017682e+02
    endloop
  endfacet
  facet normal 1.382690e-03 -9.517748e-01 -3.067943e-01
    outer loop
      vertex   3.314944e+01 -3.560535e+01 -1.017682e+02
      vertex   5.000000e+01 -3.525177e+01 -1.027892e+02
      vertex   5.000000e+01 -3.608463e+01 -1.002054e+02
    endloop
  endfacet
  facet normal 1.834845e-04 -9.554955e-01 -2.950055e-01
    outer loop
      vertex   3.314944e+01 -3.560535e+01 -1.017682e+02
      vertex   5.000000e+01 -3.608463e+01 -1.002054e+02
      vertex   3.267491e+01 -3.604134e+01 -1.003564e+02
    endloop
  endfacet
  facet normal -1.726724e-04 -9.663441e-01 -2.572529e-01
    outer loop
      vertex   3.267491e+01 -3.604134e+01 -1.003564e+02
      vertex   5.000000e+01 -3.608463e+01 -1.002054e+02
      vertex   3.224917e+01 -3.642274e+01 -9.892339e+01
    endloop
  endfacet
  facet normal 1.378064e-03 -9.714760e-01 -2.371341e-01
    outer loop
      vertex   3.224917e+01 -3.642274e+01 -9.892339e+01
      vertex   5.000000e+01 -3.608463e+01 -1.002054e+02
      vertex   5.000000e+01 -3.672839e+01 -9.756806e+01
    endloop
  endfacet
  facet normal -1.010881e-04 -9.757847e-01 -2.187332e-01
    outer loop
      vertex   3.224917e+01 -3.642274e+01 -9.892339e+01
      vertex   5.000000e+01 -3.672839e+01 -9.756806e+01
      vertex   3.187785e+01 -3.674812e+01 -9.747168e+01
    endloop
  endfacet
  facet normal 1.158836e-04 -9.837455e-01 -1.795683e-01
    outer loop
      vertex   3.187785e+01 -3.674812e+01 -9.747168e+01
      vertex   5.000000e+01 -3.672839e+01 -9.756806e+01
      vertex   3.156673e+01 -3.701613e+01 -9.600360e+01
    endloop
  endfacet
  facet normal 1.284371e-03 -9.860860e-01 -1.662311e-01
    outer loop
      vertex   3.156673e+01 -3.701613e+01 -9.600360e+01
      vertex   5.000000e+01 -3.672839e+01 -9.756806e+01
      vertex   5.000000e+01 -3.717966e+01 -9.489111e+01
    endloop
  endfacet
  facet normal -3.169702e-04 -9.901105e-01 -1.402895e-01
    outer loop
      vertex   3.156673e+01 -3.701613e+01 -9.600360e+01
      vertex   5.000000e+01 -3.717966e+01 -9.489111e+01
      vertex   3.131961e+01 -3.722596e+01 -9.452212e+01
    endloop
  endfacet
  facet normal 4.776106e-04 -9.949200e-01 -1.006672e-01
    outer loop
      vertex   3.131961e+01 -3.722596e+01 -9.452212e+01
      vertex   5.000000e+01 -3.717966e+01 -9.489111e+01
      vertex   3.113925e+01 -3.737698e+01 -9.303045e+01
    endloop
  endfacet
  facet normal 1.096625e-03 -9.955283e-01 -9.445695e-02
    outer loop
      vertex   3.113925e+01 -3.737698e+01 -9.303045e+01
      vertex   5.000000e+01 -3.717966e+01 -9.489111e+01
      vertex   5.000000e+01 -3.743608e+01 -9.218852e+01
    endloop
  endfacet
  facet normal -4.046041e-04 -9.981371e-01 -6.100988e-02
    outer loop
      vertex   3.113925e+01 -3.737698e+01 -9.303045e+01
      vertex   5.000000e+01 -3.743608e+01 -9.218852e+01
      vertex   3.102842e+01 -3.746853e+01 -9.153185e+01
    endloop
  endfacet
  facet normal 9.419391e-04 -9.997534e-01 -2.218776e-02
    outer loop
      vertex   3.102842e+01 -3.746853e+01 -9.153185e+01
      vertex   5.000000e+01 -3.743608e+01 -9.218852e+01
      vertex   5.000000e+01 -3.749632e+01 -8.947447e+01
    endloop
  endfacet
  facet normal 8.036856e-04 -9.997810e-01 -2.091326e-02
    outer loop
      vertex   3.102842e+01 -3.746853e+01 -9.153185e+01
      vertex   5.000000e+01 -3.749632e+01 -8.947447e+01
      vertex   3.098987e+01 -3.749999e+01 -9.002953e+01
    endloop
  endfacet
  facet normal -3.722742e-04 -9.998125e-01 1.936232e-02
    outer loop
      vertex   3.098987e+01 -3.749999e+01 -9.002953e+01
      vertex   5.000000e+01 -3.749632e+01 -8.947447e+01
      vertex   3.102552e+01 -3.747091e+01 -8.852713e+01
    endloop
  endfacet
  facet normal 1.168690e-03 -9.987386e-01 5.019773e-02
    outer loop
      vertex   3.102552e+01 -3.747091e+01 -8.852713e+01
      vertex   5.000000e+01 -3.749632e+01 -8.947447e+01
      vertex   5.000000e+01 -3.736004e+01 -8.676317e+01
    endloop
  endfacet
  facet normal 3.111315e-04 -9.982348e-01 5.939061e-02
    outer loop
      vertex   3.102552e+01 -3.747091e+01 -8.852713e+01
      vertex   5.000000e+01 -3.736004e+01 -8.676317e+01
      vertex   3.113357e+01 -3.738170e+01 -8.702831e+01
    endloop
  endfacet
  facet normal -2.519388e-04 -9.950677e-01 9.919745e-02
    outer loop
      vertex   3.113357e+01 -3.738170e+01 -8.702831e+01
      vertex   5.000000e+01 -3.736004e+01 -8.676317e+01
      vertex   3.131125e+01 -3.723301e+01 -8.553631e+01
    endloop
  endfacet
  facet normal 1.283507e-03 -9.924899e-01 1.223201e-01
    outer loop
      vertex   3.131125e+01 -3.723301e+01 -8.553631e+01
      vertex   5.000000e+01 -3.736004e+01 -8.676317e+01
      vertex   5.000000e+01 -3.702798e+01 -8.406883e+01
    endloop
  endfacet
  facet normal -2.576514e-05 -9.903354e-01 1.386930e-01
    outer loop
      vertex   3.131125e+01 -3.723301e+01 -8.553631e+01
      vertex   5.000000e+01 -3.702798e+01 -8.406883e+01
      vertex   3.155580e+01 -3.702547e+01 -8.405437e+01
    endloop
  endfacet
  facet normal 5.945692e-06 -9.840220e-01 1.780469e-01
    outer loop
      vertex   3.155580e+01 -3.702547e+01 -8.405437e+01
      vertex   5.000000e+01 -3.702798e+01 -8.406883e+01
      vertex   3.186445e+01 -3.675973e+01 -8.258571e+01
    endloop
  endfacet
  facet normal 1.338459e-03 -9.810399e-01 1.938014e-01
    outer loop
      vertex   3.186445e+01 -3.675973e+01 -8.258571e+01
      vertex   5.000000e+01 -3.702798e+01 -8.406883e+01
      vertex   5.000000e+01 -3.650186e+01 -8.140557e+01
    endloop
  endfacet
  facet normal -2.570517e-04 -9.761172e-01 2.172446e-01
    outer loop
      vertex   3.186445e+01 -3.675973e+01 -8.258571e+01
      vertex   5.000000e+01 -3.650186e+01 -8.140557e+01
      vertex   3.223352e+01 -3.643659e+01 -8.113331e+01
    endloop
  endfacet
  facet normal 3.650974e-04 -9.667815e-01 2.556041e-01
    outer loop
      vertex   3.223352e+01 -3.643659e+01 -8.113331e+01
      vertex   5.000000e+01 -3.650186e+01 -8.140557e+01
      vertex   3.265723e+01 -3.605736e+01 -7.969956e+01
    endloop
  endfacet
  facet normal 1.277080e-03 -9.644487e-01 2.642672e-01
    outer loop
      vertex   3.265723e+01 -3.605736e+01 -7.969956e+01
      vertex   5.000000e+01 -3.650186e+01 -8.140557e+01
      vertex   5.000000e+01 -3.578445e+01 -7.878736e+01
    endloop
  endfacet
  facet normal -4.061882e-04 -9.558944e-01 2.937104e-01
    outer loop
      vertex   3.265723e+01 -3.605736e+01 -7.969956e+01
      vertex   5.000000e+01 -3.578445e+01 -7.878736e+01
      vertex   3.312995e+01 -3.562349e+01 -7.828684e+01
    endloop
  endfacet
  facet normal 8.038085e-04 -9.437722e-01 3.305954e-01
    outer loop
      vertex   3.312995e+01 -3.562349e+01 -7.828684e+01
      vertex   5.000000e+01 -3.578445e+01 -7.878736e+01
      vertex   3.364604e+01 -3.513640e+01 -7.689757e+01
    endloop
  endfacet
  facet normal 1.160286e-03 -9.428032e-01 3.333480e-01
    outer loop
      vertex   3.364604e+01 -3.513640e+01 -7.689757e+01
      vertex   5.000000e+01 -3.578445e+01 -7.878736e+01
      vertex   5.000000e+01 -3.487950e+01 -7.622791e+01
    endloop
  endfacet
  facet normal -4.495515e-04 -9.299343e-01 3.677254e-01
    outer loop
      vertex   3.364604e+01 -3.513640e+01 -7.689757e+01
      vertex   5.000000e+01 -3.487950e+01 -7.622791e+01
      vertex   3.419990e+01 -3.459752e+01 -7.553413e+01
    endloop
  endfacet
  facet normal 1.242377e-03 -9.162165e-01 4.006817e-01
    outer loop
      vertex   3.419990e+01 -3.459752e+01 -7.553413e+01
      vertex   5.000000e+01 -3.487950e+01 -7.622791e+01
      vertex   5.000000e+01 -3.379176e+01 -7.374063e+01
    endloop
  endfacet
  facet normal 8.765111e-04 -9.150348e-01 4.033740e-01
    outer loop
      vertex   3.419990e+01 -3.459752e+01 -7.553413e+01
      vertex   5.000000e+01 -3.379176e+01 -7.374063e+01
      vertex   3.478581e+01 -3.400818e+01 -7.419852e+01
    endloop
  endfacet
  facet normal -4.361309e-04 -8.984204e-01 4.391362e-01
    outer loop
      vertex   3.478581e+01 -3.400818e+01 -7.419852e+01
      vertex   5.000000e+01 -3.379176e+01 -7.374063e+01
      vertex   3.539816e+01 -3.336999e+01 -7.289225e+01
    endloop
  endfacet
  facet normal 1.512380e-03 -8.848279e-01 4.659155e-01
    outer loop
      vertex   3.539816e+01 -3.336999e+01 -7.289225e+01
      vertex   5.000000e+01 -3.379176e+01 -7.374063e+01
      vertex   5.000000e+01 -3.252693e+01 -7.133857e+01
    endloop
  endfacet
  facet normal 5.255371e-04 -8.810013e-01 4.731136e-01
    outer loop
      vertex   3.539816e+01 -3.336999e+01 -7.289225e+01
      vertex   5.000000e+01 -3.252693e+01 -7.133857e+01
      vertex   3.603158e+01 -3.268496e+01 -7.161733e+01
    endloop
  endfacet
  facet normal -3.642011e-04 -8.619923e-01 5.069212e-01
    outer loop
      vertex   3.603158e+01 -3.268496e+01 -7.161733e+01
      vertex   5.000000e+01 -3.252693e+01 -7.133857e+01
      vertex   3.668067e+01 -3.195508e+01 -7.037575e+01
    endloop
  endfacet
  facet normal 1.776954e-03 -8.488023e-01 5.287074e-01
    outer loop
      vertex   3.668067e+01 -3.195508e+01 -7.037575e+01
      vertex   5.000000e+01 -3.252693e+01 -7.133857e+01
      vertex   5.000000e+01 -3.109163e+01 -6.903430e+01
    endloop
  endfacet
  facet normal 2.760494e-04 -8.421115e-01 5.393033e-01
    outer loop
      vertex   3.668067e+01 -3.195508e+01 -7.037575e+01
      vertex   5.000000e+01 -3.109163e+01 -6.903430e+01
      vertex   3.734005e+01 -3.118239e+01 -6.916953e+01
    endloop
  endfacet
  facet normal -2.193693e-04 -8.207222e-01 5.713274e-01
    outer loop
      vertex   3.734005e+01 -3.118239e+01 -6.916953e+01
      vertex   5.000000e+01 -3.109163e+01 -6.903430e+01
      vertex   3.800438e+01 -3.036890e+01 -6.800069e+01
    endloop
  endfacet
  facet normal 2.026739e-03 -8.083283e-01 5.887285e-01
    outer loop
      vertex   3.800438e+01 -3.036890e+01 -6.800069e+01
      vertex   5.000000e+01 -3.109163e+01 -6.903430e+01
      vertex   5.000000e+01 -2.949339e+01 -6.683991e+01
    endloop
  endfacet
  facet normal 3.042284e-05 -7.985236e-01 6.019635e-01
    outer loop
      vertex   3.800438e+01 -3.036890e+01 -6.800069e+01
      vertex   5.000000e+01 -2.949339e+01 -6.683991e+01
      vertex   3.866899e+01 -2.951737e+01 -6.687114e+01
    endloop
  endfacet
  facet normal -9.985658e-05 -7.753959e-01 6.314754e-01
    outer loop
      vertex   3.866899e+01 -2.951737e+01 -6.687114e+01
      vertex   5.000000e+01 -2.949339e+01 -6.683991e+01
      vertex   3.932964e+01 -2.863102e+01 -6.578269e+01
    endloop
  endfacet
  facet normal 2.257832e-03 -7.636181e-01 6.456642e-01
    outer loop
      vertex   3.932964e+01 -2.863102e+01 -6.578269e+01
      vertex   5.000000e+01 -2.949339e+01 -6.683991e+01
      vertex   5.000000e+01 -2.774059e+01 -6.476689e+01
    endloop
  endfacet
  facet normal -1.008170e-04 -7.514580e-01 6.597810e-01
    outer loop
      vertex   3.932964e+01 -2.863102e+01 -6.578269e+01
      vertex   5.000000e+01 -2.774059e+01 -6.476689e+01
      vertex   3.998208e+01 -2.771312e+01 -6.473714e+01
    endloop
  endfacet
  facet normal 4.791842e-05 -7.266698e-01 6.869869e-01
    outer loop
      vertex   3.998208e+01 -2.771312e+01 -6.473714e+01
      vertex   5.000000e+01 -2.774059e+01 -6.476689e+01
      vertex   4.062205e+01 -2.676691e+01 -6.373631e+01
    endloop
  endfacet
  facet normal 2.613203e-03 -7.149059e-01 6.992158e-01
    outer loop
      vertex   4.062205e+01 -2.676691e+01 -6.373631e+01
      vertex   5.000000e+01 -2.774059e+01 -6.476689e+01
      vertex   5.000000e+01 -2.584240e+01 -6.282611e+01
    endloop
  endfacet
  facet normal -1.643411e-04 -7.007260e-01 7.134305e-01
    outer loop
      vertex   4.062205e+01 -2.676691e+01 -6.373631e+01
      vertex   5.000000e+01 -2.584240e+01 -6.282611e+01
      vertex   4.125067e+01 -2.578750e+01 -6.277420e+01
    endloop
  endfacet
  facet normal 1.543006e-04 -6.739303e-01 7.387949e-01
    outer loop
      vertex   4.125067e+01 -2.578750e+01 -6.277420e+01
      vertex   5.000000e+01 -2.584240e+01 -6.282611e+01
      vertex   4.187716e+01 -2.475677e+01 -6.183410e+01
    endloop
  endfacet
  facet normal 2.947925e-03 -6.624470e-01 7.491029e-01
    outer loop
      vertex   4.187716e+01 -2.475677e+01 -6.183410e+01
      vertex   5.000000e+01 -2.584240e+01 -6.282611e+01
      vertex   5.000000e+01 -2.380878e+01 -6.102774e+01
    endloop
  endfacet
  facet normal -4.454037e-04 -6.456970e-01 7.635936e-01
    outer loop
      vertex   4.187716e+01 -2.475677e+01 -6.183410e+01
      vertex   5.000000e+01 -2.380878e+01 -6.102774e+01
      vertex   4.249780e+01 -2.367544e+01 -6.091936e+01
    endloop
  endfacet
  facet normal 4.120411e-04 -6.166645e-01 7.872260e-01
    outer loop
      vertex   4.249780e+01 -2.367544e+01 -6.091936e+01
      vertex   5.000000e+01 -2.380878e+01 -6.102774e+01
      vertex   4.310822e+01 -2.254518e+01 -6.003430e+01
    endloop
  endfacet
  facet normal 3.402495e-03 -6.065163e-01 7.950638e-01
    outer loop
      vertex   4.310822e+01 -2.254518e+01 -6.003430e+01
      vertex   5.000000e+01 -2.380878e+01 -6.102774e+01
      vertex   5.000000e+01 -2.165039e+01 -5.938121e+01
    endloop
  endfacet
  facet normal -8.040922e-04 -5.855058e-01 8.106678e-01
    outer loop
      vertex   4.310822e+01 -2.254518e+01 -6.003430e+01
      vertex   5.000000e+01 -2.165039e+01 -5.938121e+01
      vertex   4.370403e+01 -2.136769e+01 -5.918327e+01
    endloop
  endfacet
  facet normal 1.301148e-03 -5.539443e-01 8.325527e-01
    outer loop
      vertex   4.370403e+01 -2.136769e+01 -5.918327e+01
      vertex   5.000000e+01 -2.165039e+01 -5.938121e+01
      vertex   4.428088e+01 -2.014473e+01 -5.837047e+01
    endloop
  endfacet
  facet normal 3.782992e-03 -5.474073e-01 8.368578e-01
    outer loop
      vertex   4.428088e+01 -2.014473e+01 -5.837047e+01
      vertex   5.000000e+01 -2.165039e+01 -5.938121e+01
      vertex   5.000000e+01 -1.937854e+01 -5.789514e+01
    endloop
  endfacet
  facet normal -1.363164e-03 -5.198052e-01 8.542837e-01
    outer loop
      vertex   4.428088e+01 -2.014473e+01 -5.837047e+01
      vertex   5.000000e+01 -1.937854e+01 -5.789514e+01
      vertex   4.483489e+01 -1.887886e+01 -5.759934e+01
    endloop
  endfacet
  facet normal 2.906252e-03 -4.869909e-01 8.734022e-01
    outer loop
      vertex   4.483489e+01 -1.887886e+01 -5.759934e+01
      vertex   5.000000e+01 -1.937854e+01 -5.789514e+01
      vertex   4.536257e+01 -1.757301e+01 -5.687298e+01
    endloop
  endfacet
  facet normal 3.704563e-03 -4.854304e-01 8.742675e-01
    outer loop
      vertex   4.536257e+01 -1.757301e+01 -5.687298e+01
      vertex   5.000000e+01 -1.937854e+01 -5.789514e+01
      vertex   5.000000e+01 -1.700513e+01 -5.657732e+01
    endloop
  endfacet
  facet normal -1.762714e-03 -4.504362e-01 8.928069e-01
    outer loop
      vertex   4.536257e+01 -1.757301e+01 -5.687298e+01
      vertex   5.000000e+01 -1.700513e+01 -5.657732e+01
      vertex   4.586043e+01 -1.623016e+01 -5.619451e+01
    endloop
  endfacet
  facet normal 5.086336e-03 -4.209068e-01 9.070897e-01
    outer loop
      vertex   4.586043e+01 -1.623016e+01 -5.619451e+01
      vertex   5.000000e+01 -1.700513e+01 -5.657732e+01
      vertex   5.000000e+01 -1.454260e+01 -5.543466e+01
    endloop
  endfacet
  facet normal 2.348171e-03 -4.153473e-01 9.096599e-01
    outer loop
      vertex   4.586043e+01 -1.623016e+01 -5.619451e+01
      vertex   5.000000e+01 -1.454260e+01 -5.543466e+01
      vertex   4.632496e+01 -1.485324e+01 -5.556701e+01
    endloop
  endfacet
  facet normal -1.502597e-03 -3.768659e-01 9.262666e-01
    outer loop
      vertex   4.632496e+01 -1.485324e+01 -5.556701e+01
      vertex   5.000000e+01 -1.454260e+01 -5.543466e+01
      vertex   4.675293e+01 -1.344485e+01 -5.499329e+01
    endloop
  endfacet
  facet normal 7.376040e-03 -3.541752e-01 9.351500e-01
    outer loop
      vertex   4.675293e+01 -1.344485e+01 -5.499329e+01
      vertex   5.000000e+01 -1.454260e+01 -5.543466e+01
      vertex   5.000000e+01 -1.200386e+01 -5.447314e+01
    endloop
  endfacet
  facet normal -1.667111e-04 -3.391887e-01 9.407184e-01
    outer loop
      vertex   4.675293e+01 -1.344485e+01 -5.499329e+01
      vertex   5.000000e+01 -1.200386e+01 -5.447314e+01
      vertex   4.714205e+01 -1.200805e+01 -5.447516e+01
    endloop
  endfacet
  facet normal -2.322642e-04 -3.007262e-01 9.537105e-01
    outer loop
      vertex   4.714205e+01 -1.200805e+01 -5.447516e+01
      vertex   5.000000e+01 -1.200386e+01 -5.447314e+01
      vertex   4.749025e+01 -1.054694e+01 -5.401436e+01
    endloop
  endfacet
  facet normal 9.395224e-03 -2.855887e-01 9.583062e-01
    outer loop
      vertex   4.749025e+01 -1.054694e+01 -5.401436e+01
      vertex   5.000000e+01 -1.200386e+01 -5.447314e+01
      vertex   5.000000e+01 -9.402205e+00 -5.369782e+01
    endloop
  endfacet
  facet normal -2.578401e-03 -2.612616e-01 9.652646e-01
    outer loop
      vertex   4.749025e+01 -1.054694e+01 -5.401436e+01
      vertex   5.000000e+01 -9.402205e+00 -5.369782e+01
      vertex   4.779546e+01 -9.065672e+00 -5.361262e+01
    endloop
  endfacet
  facet normal 3.691460e-03 -2.226279e-01 9.748965e-01
    outer loop
      vertex   4.779546e+01 -9.065672e+00 -5.361262e+01
      vertex   5.000000e+01 -9.402205e+00 -5.369782e+01
      vertex   4.805560e+01 -7.568358e+00 -5.327168e+01
    endloop
  endfacet
  facet normal 1.074496e-02 -2.155086e-01 9.764428e-01
    outer loop
      vertex   4.805560e+01 -7.568358e+00 -5.327168e+01
      vertex   5.000000e+01 -9.402205e+00 -5.369782e+01
      vertex   5.000000e+01 -6.751279e+00 -5.311274e+01
    endloop
  endfacet
  facet normal -4.344358e-03 -1.809694e-01 9.834791e-01
    outer loop
      vertex   4.805560e+01 -7.568358e+00 -5.327168e+01
      vertex   5.000000e+01 -6.751279e+00 -5.311274e+01
      vertex   4.826884e+01 -6.059215e+00 -5.299304e+01
    endloop
  endfacet
  facet normal 1.072831e-02 -1.443029e-01 9.894754e-01
    outer loop
      vertex   4.826884e+01 -6.059215e+00 -5.299304e+01
      vertex   5.000000e+01 -6.751279e+00 -5.311274e+01
      vertex   5.000000e+01 -4.064972e+00 -5.272097e+01
    endloop
  endfacet
  facet normal 8.014704e-03 -1.419963e-01 9.898347e-01
    outer loop
      vertex   4.826884e+01 -6.059215e+00 -5.299304e+01
      vertex   5.000000e+01 -4.064972e+00 -5.272097e+01
      vertex   4.843469e+01 -4.542941e+00 -5.277686e+01
    endloop
  endfacet
  facet normal -4.826869e-03 -1.005361e-01 9.949217e-01
    outer loop
      vertex   4.843469e+01 -4.542941e+00 -5.277686e+01
      vertex   5.000000e+01 -4.064972e+00 -5.272097e+01
      vertex   4.855316e+01 -3.024402e+00 -5.262284e+01
    endloop
  endfacet
  facet normal 1.561280e-02 -7.233638e-02 9.972581e-01
    outer loop
      vertex   4.855316e+01 -3.024402e+00 -5.262284e+01
      vertex   5.000000e+01 -4.064972e+00 -5.272097e+01
      vertex   5.000000e+01 -1.357362e+00 -5.252457e+01
    endloop
  endfacet
  facet normal 2.263815e-03 -6.080305e-02 9.981472e-01
    outer loop
      vertex   4.855316e+01 -3.024402e+00 -5.262284e+01
      vertex   5.000000e+01 -1.357362e+00 -5.252457e+01
      vertex   4.862424e+01 -1.508466e+00 -5.253066e+01
    endloop
  endfacet
  facet normal -2.193635e-03 -2.028540e-02 9.997918e-01
    outer loop
      vertex   4.862424e+01 -1.508466e+00 -5.253066e+01
      vertex   5.000000e+01 -1.357362e+00 -5.252457e+01
      vertex   4.864793e+01 -3.492577e-14 -5.250000e+01
    endloop
  endfacet
  facet normal 1.817197e-02 2.615956e-15 9.998349e-01
    outer loop
      vertex   4.864793e+01 -3.492577e-14 -5.250000e+01
      vertex   5.000000e+01 -1.357362e+00 -5.252457e+01
      vertex   5.000000e+01 1.357362e+00 -5.252457e+01
    endloop
  endfacet
  facet normal -2.193635e-03 2.028540e-02 9.997918e-01
    outer loop
      vertex   4.864793e+01 -3.492577e-14 -5.250000e+01
      vertex   5.000000e+01 1.357362e+00 -5.252457e+01
      vertex   4.862424e+01 1.508466e+00 -5.253066e+01
    endloop
  endfacet
  facet normal 2.263815e-03 6.080305e-02 9.981472e-01
    outer loop
      vertex   4.862424e+01 1.508466e+00 -5.253066e+01
      vertex   5.000000e+01 1.357362e+00 -5.252457e+01
      vertex   4.855316e+01 3.024402e+00 -5.262284e+01
    endloop
  endfacet
  facet normal 1.561280e-02 7.233638e-02 9.972581e-01
    outer loop
      vertex   4.855316e+01 3.024402e+00 -5.262284e+01
      vertex   5.000000e+01 1.357362e+00 -5.252457e+01
      vertex   5.000000e+01 4.064972e+00 -5.272097e+01
    endloop
  endfacet
  facet normal -4.826869e-03 1.005361e-01 9.949217e-01
    outer loop
      vertex   4.855316e+01 3.024402e+00 -5.262284e+01
      vertex   5.000000e+01 4.064972e+00 -5.272097e+01
      vertex   4.843469e+01 4.542941e+00 -5.277686e+01
    endloop
  endfacet
  facet normal 8.014704e-03 1.419963e-01 9.898347e-01
    outer loop
      vertex   4.843469e+01 4.542941e+00 -5.277686e+01
      vertex   5.000000e+01 4.064972e+00 -5.272097e+01
      vertex   4.826884e+01 6.059215e+00 -5.299304e+01
    endloop
  endfacet
  facet normal 1.072831e-02 1.443029e-01 9.894754e-01
    outer loop
      vertex   4.826884e+01 6.059215e+00 -5.299304e+01
      vertex   5.000000e+01 4.064972e+00 -5.272097e+01
      vertex   5.000000e+01 6.751279e+00 -5.311274e+01
    endloop
  endfacet
  facet normal -4.344358e-03 1.809694e-01 9.834791e-01
    outer loop
      vertex   4.826884e+01 6.059215e+00 -5.299304e+01
      vertex   5.000000e+01 6.751279e+00 -5.311274e+01
      vertex   4.805560e+01 7.568358e+00 -5.327168e+01
    endloop
  endfacet
  facet normal 1.074496e-02 2.155086e-01 9.764428e-01
    outer loop
      vertex   4.805560e+01 7.568358e+00 -5.327168e+01
      vertex   5.000000e+01 6.751279e+00 -5.311274e+01
      vertex   5.000000e+01 9.402205e+00 -5.369782e+01
    endloop
  endfacet
  facet normal 3.691460e-03 2.226279e-01 9.748965e-01
    outer loop
      vertex   4.805560e+01 7.568358e+00 -5.327168e+01
      vertex   5.000000e+01 9.402205e+00 -5.369782e+01
      vertex   4.779546e+01 9.065672e+00 -5.361262e+01
    endloop
  endfacet
  facet normal -2.578401e-03 2.612616e-01 9.652646e-01
    outer loop
      vertex   4.779546e+01 9.065672e+00 -5.361262e+01
      vertex   5.000000e+01 9.402205e+00 -5.369782e+01
      vertex   4.749025e+01 1.054694e+01 -5.401436e+01
    endloop
  endfacet
  facet normal 9.395224e-03 2.855887e-01 9.583062e-01
    outer loop
      vertex   4.749025e+01 1.054694e+01 -5.401436e+01
      vertex   5.000000e+01 9.402205e+00 -5.369782e+01
      vertex   5.000000e+01 1.200386e+01 -5.447314e+01
    endloop
  endfacet
  facet normal -2.322642e-04 3.007262e-01 9.537105e-01
    outer loop
      vertex   4.749025e+01 1.054694e+01 -5.401436e+01
      vertex   5.000000e+01 1.200386e+01 -5.447314e+01
      vertex   4.714205e+01 1.200805e+01 -5.447516e+01
    endloop
  endfacet
  facet normal -1.667111e-04 3.391887e-01 9.407184e-01
    outer loop
      vertex   4.714205e+01 1.200805e+01 -5.447516e+01
      vertex   5.000000e+01 1.200386e+01 -5.447314e+01
      vertex   4.675293e+01 1.344485e+01 -5.499329e+01
    endloop
  endfacet
  facet normal 7.376040e-03 3.541752e-01 9.351500e-01
    outer loop
      vertex   4.675293e+01 1.344485e+01 -5.499329e+01
      vertex   5.000000e+01 1.200386e+01 -5.447314e+01
      vertex   5.000000e+01 1.454260e+01 -5.543466e+01
    endloop
  endfacet
  facet normal -1.502597e-03 3.768659e-01 9.262666e-01
    outer loop
      vertex   4.675293e+01 1.344485e+01 -5.499329e+01
      vertex   5.000000e+01 1.454260e+01 -5.543466e+01
      vertex   4.632496e+01 1.485324e+01 -5.556701e+01
    endloop
  endfacet
  facet normal 2.348171e-03 4.153473e-01 9.096599e-01
    outer loop
      vertex   4.632496e+01 1.485324e+01 -5.556701e+01
      vertex   5.000000e+01 1.454260e+01 -5.543466e+01
      vertex   4.586043e+01 1.623016e+01 -5.619451e+01
    endloop
  endfacet
  facet normal 5.086336e-03 4.209068e-01 9.070897e-01
    outer loop
      vertex   4.586043e+01 1.623016e+01 -5.619451e+01
      vertex   5.000000e+01 1.454260e+01 -5.543466e+01
      vertex   5.000000e+01 1.700513e+01 -5.657732e+01
    endloop
  endfacet
  facet normal -1.762714e-03 4.504362e-01 8.928069e-01
    outer loop
      vertex   4.586043e+01 1.623016e+01 -5.619451e+01
      vertex   5.000000e+01 1.700513e+01 -5.657732e+01
      vertex   4.536257e+01 1.757301e+01 -5.687298e+01
    endloop
  endfacet
  facet normal 3.704563e-03 4.854304e-01 8.742675e-01
    outer loop
      vertex   4.536257e+01 1.757301e+01 -5.687298e+01
      vertex   5.000000e+01 1.700513e+01 -5.657732e+01
      vertex   5.000000e+01 1.937854e+01 -5.789514e+01
    endloop
  endfacet
  facet normal 2.906252e-03 4.869909e-01 8.734022e-01
    outer loop
      vertex   4.536257e+01 1.757301e+01 -5.687298e+01
      vertex   5.000000e+01 1.937854e+01 -5.789514e+01
      vertex   4.483489e+01 1.887886e+01 -5.759934e+01
    endloop
  endfacet
  facet normal -1.363164e-03 5.198052e-01 8.542837e-01
    outer loop
      vertex   4.483489e+01 1.887886e+01 -5.759934e+01
      vertex   5.000000e+01 1.937854e+01 -5.789514e+01
      vertex   4.428088e+01 2.014473e+01 -5.837047e+01
    endloop
  endfacet
  facet normal 3.782992e-03 5.474073e-01 8.368578e-01
    outer loop
      vertex   4.428088e+01 2.014473e+01 -5.837047e+01
      vertex   5.000000e+01 1.937854e+01 -5.789514e+01
      vertex   5.000000e+01 2.165039e+01 -5.938121e+01
    endloop
  endfacet
  facet normal 1.301148e-03 5.539443e-01 8.325527e-01
    outer loop
      vertex   4.428088e+01 2.014473e+01 -5.837047e+01
      vertex   5.000000e+01 2.165039e+01 -5.938121e+01
      vertex   4.370403e+01 2.136769e+01 -5.918327e+01
    endloop
  endfacet
  facet normal -8.040922e-04 5.855058e-01 8.106678e-01
    outer loop
      vertex   4.370403e+01 2.136769e+01 -5.918327e+01
      vertex   5.000000e+01 2.165039e+01 -5.938121e+01
      vertex   4.310822e+01 2.254518e+01 -6.003430e+01
    endloop
  endfacet
  facet normal 3.402495e-03 6.065163e-01 7.950638e-01
    outer loop
      vertex   4.310822e+01 2.254518e+01 -6.003430e+01
      vertex   5.000000e+01 2.165039e+01 -5.938121e+01
      vertex   5.000000e+01 2.380878e+01 -6.102774e+01
    endloop
  endfacet
  facet normal 4.120411e-04 6.166645e-01 7.872260e-01
    outer loop
      vertex   4.310822e+01 2.254518e+01 -6.003430e+01
      vertex   5.000000e+01 2.380878e+01 -6.102774e+01
      vertex   4.249780e+01 2.367544e+01 -6.091936e+01
    endloop
  endfacet
  facet normal -4.454037e-04 6.456970e-01 7.635936e-01
    outer loop
      vertex   4.249780e+01 2.367544e+01 -6.091936e+01
      vertex   5.000000e+01 2.380878e+01 -6.102774e+01
      vertex   4.187716e+01 2.475677e+01 -6.183410e+01
    endloop
  endfacet
  facet normal 2.947925e-03 6.624470e-01 7.491029e-01
    outer loop
      vertex   4.187716e+01 2.475677e+01 -6.183410e+01
      vertex   5.000000e+01 2.380878e+01 -6.102774e+01
      vertex   5.000000e+01 2.584240e+01 -6.282611e+01
    endloop
  endfacet
  facet normal 1.543006e-04 6.739303e-01 7.387949e-01
    outer loop
      vertex   4.187716e+01 2.475677e+01 -6.183410e+01
      vertex   5.000000e+01 2.584240e+01 -6.282611e+01
      vertex   4.125067e+01 2.578750e+01 -6.277420e+01
    endloop
  endfacet
  facet normal -1.643411e-04 7.007260e-01 7.134305e-01
    outer loop
      vertex   4.125067e+01 2.578750e+01 -6.277420e+01
      vertex   5.000000e+01 2.584240e+01 -6.282611e+01
      vertex   4.062205e+01 2.676691e+01 -6.373631e+01
    endloop
  endfacet
  facet normal 2.613203e-03 7.149059e-01 6.992158e-01
    outer loop
      vertex   4.062205e+01 2.676691e+01 -6.373631e+01
      vertex   5.000000e+01 2.584240e+01 -6.282611e+01
      vertex   5.000000e+01 2.774059e+01 -6.476689e+01
    endloop
  endfacet
  facet normal 4.791842e-05 7.266698e-01 6.869869e-01
    outer loop
      vertex   4.062205e+01 2.676691e+01 -6.373631e+01
      vertex   5.000000e+01 2.774059e+01 -6.476689e+01
      vertex   3.998208e+01 2.771312e+01 -6.473714e+01
    endloop
  endfacet
  facet normal -1.008170e-04 7.514580e-01 6.597810e-01
    outer loop
      vertex   3.998208e+01 2.771312e+01 -6.473714e+01
      vertex   5.000000e+01 2.774059e+01 -6.476689e+01
      vertex   3.932964e+01 2.863102e+01 -6.578269e+01
    endloop
  endfacet
  facet normal 2.257832e-03 7.636181e-01 6.456642e-01
    outer loop
      vertex   3.932964e+01 2.863102e+01 -6.578269e+01
      vertex   5.000000e+01 2.774059e+01 -6.476689e+01
      vertex   5.000000e+01 2.949339e+01 -6.683991e+01
    endloop
  endfacet
  facet normal -9.985658e-05 7.753959e-01 6.314754e-01
    outer loop
      vertex   3.932964e+01 2.863102e+01 -6.578269e+01
      vertex   5.000000e+01 2.949339e+01 -6.683991e+01
      vertex   3.866899e+01 2.951737e+01 -6.687114e+01
    endloop
  endfacet
  facet normal 3.042284e-05 7.985236e-01 6.019635e-01
    outer loop
      vertex   3.866899e+01 2.951737e+01 -6.687114e+01
      vertex   5.000000e+01 2.949339e+01 -6.683991e+01
      vertex   3.800438e+01 3.036890e+01 -6.800069e+01
    endloop
  endfacet
  facet normal 2.026739e-03 8.083283e-01 5.887285e-01
    outer loop
      vertex   3.800438e+01 3.036890e+01 -6.800069e+01
      vertex   5.000000e+01 2.949339e+01 -6.683991e+01
      vertex   5.000000e+01 3.109163e+01 -6.903430e+01
    endloop
  endfacet
  facet normal -2.193693e-04 8.207222e-01 5.713274e-01
    outer loop
      vertex   3.800438e+01 3.036890e+01 -6.800069e+01
      vertex   5.000000e+01 3.109163e+01 -6.903430e+01
      vertex   3.734005e+01 3.118239e+01 -6.916953e+01
    endloop
  endfacet
  facet normal 2.760494e-04 8.421115e-01 5.393033e-01
    outer loop
      vertex   3.734005e+01 3.118239e+01 -6.916953e+01
      vertex   5.000000e+01 3.109163e+01 -6.903430e+01
      vertex   3.668067e+01 3.195508e+01 -7.037575e+01
    endloop
  endfacet
  facet normal 1.776954e-03 8.488023e-01 5.287074e-01
    outer loop
      vertex   3.668067e+01 3.195508e+01 -7.037575e+01
      vertex   5.000000e+01 3.109163e+01 -6.903430e+01
      vertex   5.000000e+01 3.252693e+01 -7.133857e+01
    endloop
  endfacet
  facet normal -3.642011e-04 8.619923e-01 5.069212e-01
    outer loop
      vertex   3.668067e+01 3.195508e+01 -7.037575e+01
      vertex   5.000000e+01 3.252693e+01 -7.133857e+01
      vertex   3.603158e+01 3.268496e+01 -7.161733e+01
    endloop
  endfacet
  facet normal 5.255371e-04 8.810013e-01 4.731136e-01
    outer loop
      vertex   3.603158e+01 3.268496e+01 -7.161733e+01
      vertex   5.000000e+01 3.252693e+01 -7.133857e+01
      vertex   3.539816e+01 3.336999e+01 -7.289225e+01
    endloop
  endfacet
  facet normal 1.512380e-03 8.848279e-01 4.659155e-01
    outer loop
      vertex   3.539816e+01 3.336999e+01 -7.289225e+01
      vertex   5.000000e+01 3.252693e+01 -7.133857e+01
      vertex   5.000000e+01 3.379176e+01 -7.374063e+01
    endloop
  endfacet
  facet normal -4.361309e-04 8.984204e-01 4.391362e-01
    outer loop
      vertex   3.539816e+01 3.336999e+01 -7.289225e+01
      vertex   5.000000e+01 3.379176e+01 -7.374063e+01
      vertex   3.478581e+01 3.400818e+01 -7.419852e+01
    endloop
  endfacet
  facet normal 8.765111e-04 9.150348e-01 4.033740e-01
    outer loop
      vertex   3.478581e+01 3.400818e+01 -7.419852e+01
      vertex   5.000000e+01 3.379176e+01 -7.374063e+01
      vertex   3.419990e+01 3.459752e+01 -7.553413e+01
    endloop
  endfacet
  facet normal 1.242377e-03 9.162165e-01 4.006817e-01
    outer loop
      vertex   3.419990e+01 3.459752e+01 -7.553413e+01
      vertex   5.000000e+01 3.379176e+01 -7.374063e+01
      vertex   5.000000e+01 3.487950e+01 -7.622791e+01
    endloop
  endfacet
  facet normal -4.495515e-04 9.299343e-01 3.677254e-01
    outer loop
      vertex   3.419990e+01 3.459752e+01 -7.553413e+01
      vertex   5.000000e+01 3.487950e+01 -7.622791e+01
      vertex   3.364604e+01 3.513640e+01 -7.689757e+01
    endloop
  endfacet
  facet normal 1.160286e-03 9.428032e-01 3.333480e-01
    outer loop
      vertex   3.364604e+01 3.513640e+01 -7.689757e+01
      vertex   5.000000e+01 3.487950e+01 -7.622791e+01
      vertex   5.000000e+01 3.578445e+01 -7.878736e+01
    endloop
  endfacet
  facet normal 8.038085e-04 9.437722e-01 3.305954e-01
    outer loop
      vertex   3.364604e+01 3.513640e+01 -7.689757e+01
      vertex   5.000000e+01 3.578445e+01 -7.878736e+01
      vertex   3.312995e+01 3.562349e+01 -7.828684e+01
    endloop
  endfacet
  facet normal -4.061882e-04 9.558944e-01 2.937104e-01
    outer loop
      vertex   3.312995e+01 3.562349e+01 -7.828684e+01
      vertex   5.000000e+01 3.578445e+01 -7.878736e+01
      vertex   3.265723e+01 3.605736e+01 -7.969956e+01
    endloop
  endfacet
  facet normal 1.277080e-03 9.644487e-01 2.642672e-01
    outer loop
      vertex   3.265723e+01 3.605736e+01 -7.969956e+01
      vertex   5.000000e+01 3.578445e+01 -7.878736e+01
      vertex   5.000000e+01 3.650186e+01 -8.140557e+01
    endloop
  endfacet
  facet normal 3.650974e-04 9.667815e-01 2.556041e-01
    outer loop
      vertex   3.265723e+01 3.605736e+01 -7.969956e+01
      vertex   5.000000e+01 3.650186e+01 -8.140557e+01
      vertex   3.223352e+01 3.643659e+01 -8.113331e+01
    endloop
  endfacet
  facet normal -2.570517e-04 9.761172e-01 2.172446e-01
    outer loop
      vertex   3.223352e+01 3.643659e+01 -8.113331e+01
      vertex   5.000000e+01 3.650186e+01 -8.140557e+01
      vertex   3.186445e+01 3.675973e+01 -8.258571e+01
    endloop
  endfacet
  facet normal 1.338459e-03 9.810399e-01 1.938014e-01
    outer loop
      vertex   3.186445e+01 3.675973e+01 -8.258571e+01
      vertex   5.000000e+01 3.650186e+01 -8.140557e+01
      vertex   5.000000e+01 3.702798e+01 -8.406883e+01
    endloop
  endfacet
  facet normal 5.945692e-06 9.840220e-01 1.780469e-01
    outer loop
      vertex   3.186445e+01 3.675973e+01 -8.258571e+01
      vertex   5.000000e+01 3.702798e+01 -8.406883e+01
      vertex   3.155580e+01 3.702547e+01 -8.405437e+01
    endloop
  endfacet
  facet normal -2.576514e-05 9.903354e-01 1.386930e-01
    outer loop
      vertex   3.155580e+01 3.702547e+01 -8.405437e+01
      vertex   5.000000e+01 3.702798e+01 -8.406883e+01
      vertex   3.131125e+01 3.723301e+01 -8.553631e+01
    endloop
  endfacet
  facet normal 1.283507e-03 9.924899e-01 1.223201e-01
    outer loop
      vertex   3.131125e+01 3.723301e+01 -8.553631e+01
      vertex   5.000000e+01 3.702798e+01 -8.406883e+01
      vertex   5.000000e+01 3.736004e+01 -8.676317e+01
    endloop
  endfacet
  facet normal -2.519388e-04 9.950677e-01 9.919745e-02
    outer loop
      vertex   3.131125e+01 3.723301e+01 -8.553631e+01
      vertex   5.000000e+01 3.736004e+01 -8.676317e+01
      vertex   3.113357e+01 3.738170e+01 -8.702831e+01
    endloop
  endfacet
  facet normal 3.111315e-04 9.982348e-01 5.939061e-02
    outer loop
      vertex   3.113357e+01 3.738170e+01 -8.702831e+01
      vertex   5.000000e+01 3.736004e+01 -8.676317e+01
      vertex   3.102552e+01 3.747091e+01 -8.852713e+01
    endloop
  endfacet
  facet normal 1.168690e-03 9.987386e-01 5.019773e-02
    outer loop
      vertex   3.102552e+01 3.747091e+01 -8.852713e+01
      vertex   5.000000e+01 3.736004e+01 -8.676317e+01
      vertex   5.000000e+01 3.749632e+01 -8.947447e+01
    endloop
  endfacet
  facet normal -3.722742e-04 9.998125e-01 1.936232e-02
    outer loop
      vertex   3.102552e+01 3.747091e+01 -8.852713e+01
      vertex   5.000000e+01 3.749632e+01 -8.947447e+01
      vertex   3.098987e+01 3.749999e+01 -9.002953e+01
    endloop
  endfacet
  facet normal 8.036856e-04 9.997810e-01 -2.091326e-02
    outer loop
      vertex   3.098987e+01 3.749999e+01 -9.002953e+01
      vertex   5.000000e+01 3.749632e+01 -8.947447e+01
      vertex   3.102842e+01 3.746853e+01 -9.153185e+01
    endloop
  endfacet
  facet normal 9.419391e-04 9.997534e-01 -2.218776e-02
    outer loop
      vertex   3.102842e+01 3.746853e+01 -9.153185e+01
      vertex   5.000000e+01 3.749632e+01 -8.947447e+01
      vertex   5.000000e+01 3.743608e+01 -9.218852e+01
    endloop
  endfacet
  facet normal -4.046041e-04 9.981371e-01 -6.100988e-02
    outer loop
      vertex   3.102842e+01 3.746853e+01 -9.153185e+01
      vertex   5.000000e+01 3.743608e+01 -9.218852e+01
      vertex   3.113925e+01 3.737698e+01 -9.303045e+01
    endloop
  endfacet
  facet normal 1.096625e-03 9.955283e-01 -9.445695e-02
    outer loop
      vertex   3.113925e+01 3.737698e+01 -9.303045e+01
      vertex   5.000000e+01 3.743608e+01 -9.218852e+01
      vertex   5.000000e+01 3.717966e+01 -9.489111e+01
    endloop
  endfacet
  facet normal 4.776106e-04 9.949200e-01 -1.006672e-01
    outer loop
      vertex   3.113925e+01 3.737698e+01 -9.303045e+01
      vertex   5.000000e+01 3.717966e+01 -9.489111e+01
      vertex   3.131961e+01 3.722596e+01 -9.452212e+01
    endloop
  endfacet
  facet normal -3.169702e-04 9.901105e-01 -1.402895e-01
    outer loop
      vertex   3.131961e+01 3.722596e+01 -9.452212e+01
      vertex   5.000000e+01 3.717966e+01 -9.489111e+01
      vertex   3.156673e+01 3.701613e+01 -9.600360e+01
    endloop
  endfacet
  facet normal 1.284371e-03 9.860860e-01 -1.662311e-01
    outer loop
      vertex   3.156673e+01 3.701613e+01 -9.600360e+01
      vertex   5.000000e+01 3.717966e+01 -9.489111e+01
      vertex   5.000000e+01 3.672839e+01 -9.756806e+01
    endloop
  endfacet
  facet normal 1.158836e-04 9.837455e-01 -1.795683e-01
    outer loop
      vertex   3.156673e+01 3.701613e+01 -9.600360e+01
      vertex   5.000000e+01 3.672839e+01 -9.756806e+01
      vertex   3.187785e+01 3.674812e+01 -9.747168e+01
    endloop
  endfacet
  facet normal -1.010881e-04 9.757847e-01 -2.187332e-01
    outer loop
      vertex   3.187785e+01 3.674812e+01 -9.747168e+01
      vertex   5.000000e+01 3.672839e+01 -9.756806e+01
      vertex   3.224917e+01 3.642274e+01 -9.892339e+01
    endloop
  endfacet
  facet normal 1.378064e-03 9.714760e-01 -2.371341e-01
    outer loop
      vertex   3.224917e+01 3.642274e+01 -9.892339e+01
      vertex   5.000000e+01 3.672839e+01 -9.756806e+01
      vertex   5.000000e+01 3.608463e+01 -1.002054e+02
    endloop
  endfacet
  facet normal -1.726724e-04 9.663441e-01 -2.572529e-01
    outer loop
      vertex   3.224917e+01 3.642274e+01 -9.892339e+01
      vertex   5.000000e+01 3.608463e+01 -1.002054e+02
      vertex   3.267491e+01 3.604134e+01 -1.003564e+02
    endloop
  endfacet
  facet normal 1.834845e-04 9.554955e-01 -2.950055e-01
    outer loop
      vertex   3.267491e+01 3.604134e+01 -1.003564e+02
      vertex   5.000000e+01 3.608463e+01 -1.002054e+02
      vertex   3.314944e+01 3.560535e+01 -1.017682e+02
    endloop
  endfacet
  facet normal 1.382690e-03 9.517748e-01 -3.067943e-01
    outer loop
      vertex   3.314944e+01 3.560535e+01 -1.017682e+02
      vertex   5.000000e+01 3.608463e+01 -1.002054e+02
      vertex   5.000000e+01 3.525177e+01 -1.027892e+02
    endloop
  endfacet
  facet normal -3.520564e-04 9.431276e-01 -3.324307e-01
    outer loop
      vertex   3.314944e+01 3.560535e+01 -1.017682e+02
      vertex   5.000000e+01 3.525177e+01 -1.027892e+02
      vertex   3.366713e+01 3.511620e+01 -1.031565e+02
    endloop
  endfacet
  facet normal 5.788175e-04 9.295107e-01 -3.687946e-01
    outer loop
      vertex   3.366713e+01 3.511620e+01 -1.031565e+02
      vertex   5.000000e+01 3.525177e+01 -1.027892e+02
      vertex   3.422235e+01 3.457531e+01 -1.045189e+02
    endloop
  endfacet
  facet normal 1.346287e-03 9.270858e-01 -3.748468e-01
    outer loop
      vertex   3.422235e+01 3.457531e+01 -1.045189e+02
      vertex   5.000000e+01 3.525177e+01 -1.027892e+02
      vertex   5.000000e+01 3.423416e+01 -1.053059e+02
    endloop
  endfacet
  facet normal -4.497807e-04 9.141991e-01 -4.052652e-01
    outer loop
      vertex   3.422235e+01 3.457531e+01 -1.045189e+02
      vertex   5.000000e+01 3.423416e+01 -1.053059e+02
      vertex   3.480940e+01 3.398402e+01 -1.058534e+02
    endloop
  endfacet
  facet normal 1.065823e-03 8.980296e-01 -4.399337e-01
    outer loop
      vertex   3.480940e+01 3.398402e+01 -1.058534e+02
      vertex   5.000000e+01 3.423416e+01 -1.053059e+02
      vertex   3.542269e+01 3.334395e+01 -1.071584e+02
    endloop
  endfacet
  facet normal 1.223047e-03 8.975383e-01 -4.409348e-01
    outer loop
      vertex   3.542269e+01 3.334395e+01 -1.071584e+02
      vertex   5.000000e+01 3.423416e+01 -1.053059e+02
      vertex   5.000000e+01 3.303715e+01 -1.077425e+02
    endloop
  endfacet
  facet normal -5.031217e-04 8.800713e-01 -4.748412e-01
    outer loop
      vertex   3.542269e+01 3.334395e+01 -1.071584e+02
      vertex   5.000000e+01 3.303715e+01 -1.077425e+02
      vertex   3.605682e+01 3.265712e+01 -1.084321e+02
    endloop
  endfacet
  facet normal 1.431641e-03 8.632867e-01 -5.047118e-01
    outer loop
      vertex   3.605682e+01 3.265712e+01 -1.084321e+02
      vertex   5.000000e+01 3.303715e+01 -1.077425e+02
      vertex   5.000000e+01 3.166699e+01 -1.100861e+02
    endloop
  endfacet
  facet normal 9.515360e-04 8.615292e-01 -5.077071e-01
    outer loop
      vertex   3.605682e+01 3.265712e+01 -1.084321e+02
      vertex   5.000000e+01 3.166699e+01 -1.100861e+02
      vertex   3.670641e+01 3.192552e+01 -1.096723e+02
    endloop
  endfacet
  facet normal -4.775087e-04 8.411119e-01 -5.408609e-01
    outer loop
      vertex   3.670641e+01 3.192552e+01 -1.096723e+02
      vertex   5.000000e+01 3.166699e+01 -1.100861e+02
      vertex   3.736609e+01 3.115118e+01 -1.108771e+02
    endloop
  endfacet
  facet normal 1.764431e-03 8.245107e-01 -5.658437e-01
    outer loop
      vertex   3.736609e+01 3.115118e+01 -1.108771e+02
      vertex   5.000000e+01 3.166699e+01 -1.100861e+02
      vertex   5.000000e+01 3.013088e+01 -1.123244e+02
    endloop
  endfacet
  facet normal 6.786036e-04 8.201033e-01 -5.722150e-01
    outer loop
      vertex   3.736609e+01 3.115118e+01 -1.108771e+02
      vertex   5.000000e+01 3.013088e+01 -1.123244e+02
      vertex   3.803051e+01 3.033614e+01 -1.120444e+02
    endloop
  endfacet
  facet normal -4.366035e-04 7.974996e-01 -6.033193e-01
    outer loop
      vertex   3.803051e+01 3.033614e+01 -1.120444e+02
      vertex   5.000000e+01 3.013088e+01 -1.123244e+02
      vertex   3.869505e+01 2.948318e+01 -1.131724e+02
    endloop
  endfacet
  facet normal 2.037032e-03 7.814137e-01 -6.240100e-01
    outer loop
      vertex   3.869505e+01 2.948318e+01 -1.131724e+02
      vertex   5.000000e+01 3.013088e+01 -1.123244e+02
      vertex   5.000000e+01 2.843686e+01 -1.144458e+02
    endloop
  endfacet
  facet normal 4.647577e-04 7.746397e-01 -6.324027e-01
    outer loop
      vertex   3.869505e+01 2.948318e+01 -1.131724e+02
      vertex   5.000000e+01 2.843686e+01 -1.144458e+02
      vertex   3.935546e+01 2.859554e+01 -1.142592e+02
    endloop
  endfacet
  facet normal -3.971816e-04 7.504078e-01 -6.609751e-01
    outer loop
      vertex   3.935546e+01 2.859554e+01 -1.142592e+02
      vertex   5.000000e+01 2.843686e+01 -1.144458e+02
      vertex   4.000748e+01 2.767646e+01 -1.153030e+02
    endloop
  endfacet
  facet normal 2.372872e-03 7.342214e-01 -6.789059e-01
    outer loop
      vertex   4.000748e+01 2.767646e+01 -1.153030e+02
      vertex   5.000000e+01 2.843686e+01 -1.144458e+02
      vertex   5.000000e+01 2.659382e+01 -1.164390e+02
    endloop
  endfacet
  facet normal 4.371737e-04 7.257991e-01 -6.879065e-01
    outer loop
      vertex   4.000748e+01 2.767646e+01 -1.153030e+02
      vertex   5.000000e+01 2.659382e+01 -1.164390e+02
      vertex   4.064688e+01 2.672920e+01 -1.163021e+02
    endloop
  endfacet
  facet normal -3.297580e-04 6.996715e-01 -7.144646e-01
    outer loop
      vertex   4.064688e+01 2.672920e+01 -1.163021e+02
      vertex   5.000000e+01 2.659382e+01 -1.164390e+02
      vertex   4.127536e+01 2.574803e+01 -1.172632e+02
    endloop
  endfacet
  facet normal 2.759532e-03 6.831813e-01 -7.302436e-01
    outer loop
      vertex   4.127536e+01 2.574803e+01 -1.172632e+02
      vertex   5.000000e+01 2.659382e+01 -1.164390e+02
      vertex   5.000000e+01 2.461140e+01 -1.182936e+02
    endloop
  endfacet
  facet normal 3.271607e-04 6.730171e-01 -7.396269e-01
    outer loop
      vertex   4.127536e+01 2.574803e+01 -1.172632e+02
      vertex   5.000000e+01 2.461140e+01 -1.182936e+02
      vertex   4.190177e+01 2.471543e+01 -1.182025e+02
    endloop
  endfacet
  facet normal -3.159154e-04 6.446877e-01 -7.644460e-01
    outer loop
      vertex   4.190177e+01 2.471543e+01 -1.182025e+02
      vertex   5.000000e+01 2.461140e+01 -1.182936e+02
      vertex   4.252214e+01 2.363224e+01 -1.191163e+02
    endloop
  endfacet
  facet normal 3.259841e-03 6.285605e-01 -7.777538e-01
    outer loop
      vertex   4.252214e+01 2.363224e+01 -1.191163e+02
      vertex   5.000000e+01 2.461140e+01 -1.182936e+02
      vertex   5.000000e+01 2.250000e+01 -1.200000e+02
    endloop
  endfacet
  facet normal -1.598198e-15 6.152731e-01 -7.883140e-01
    outer loop
      vertex   4.252214e+01 2.363224e+01 -1.191163e+02
      vertex   5.000000e+01 2.250000e+01 -1.200000e+02
      vertex   4.313202e+01 2.250000e+01 -1.200000e+02
    endloop
  endfacet
  facet normal -0.000000e+00 -8.749536e-14 -1.000000e+00
    outer loop
      vertex   5.494508e+01 -1.264210e+01 -1.200000e+02
      vertex   5.392386e+01 -1.507837e+01 -1.200000e+02
      vertex   4.502376e+01 -1.264210e+01 -1.200000e+02
    endloop
  endfacet
  facet normal 1.836958e-14 -2.038840e-14 -1.000000e+00
    outer loop
      vertex   4.502376e+01 -1.264210e+01 -1.200000e+02
      vertex   5.392386e+01 -1.507837e+01 -1.200000e+02
      vertex   5.275689e+01 -1.752381e+01 -1.200000e+02
    endloop
  endfacet
  facet normal 2.885350e-14 -3.780778e-15 -1.000000e+00
    outer loop
      vertex   4.502376e+01 -1.264210e+01 -1.200000e+02
      vertex   5.275689e+01 -1.752381e+01 -1.200000e+02
      vertex   5.144829e+01 -1.999315e+01 -1.200000e+02
    endloop
  endfacet
  facet normal 8.245448e-14 4.306436e-14 -1.000000e+00
    outer loop
      vertex   5.144829e+01 -1.999315e+01 -1.200000e+02
      vertex   5.000000e+01 -2.250000e+01 -1.200000e+02
      vertex   4.502376e+01 -1.264210e+01 -1.200000e+02
    endloop
  endfacet
  facet normal 1.491410e-30 1.441570e-15 -1.000000e+00
    outer loop
      vertex   4.502376e+01 -1.264210e+01 -1.200000e+02
      vertex   5.000000e+01 -2.250000e+01 -1.200000e+02
      vertex   4.313202e+01 -2.250000e+01 -1.200000e+02
    endloop
  endfacet
  facet normal 8.543626e-16 1.277617e-15 -1.000000e+00
    outer loop
      vertex   4.502376e+01 -1.264210e+01 -1.200000e+02
      vertex   4.313202e+01 -2.250000e+01 -1.200000e+02
      vertex   3.894347e+01 -1.969905e+01 -1.200000e+02
    endloop
  endfacet
  facet normal 0.000000e+00 0.000000e+00 -1.000000e+00
    outer loop
      vertex   3.894347e+01 -1.969905e+01 -1.200000e+02
      vertex   4.313202e+01 -2.250000e+01 -1.200000e+02
      vertex   3.913049e+01 -2.042743e+01 -1.200000e+02
    endloop
  endfacet
  facet normal 0.000000e+00 0.000000e+00 -1.000000e+00
    outer loop
      vertex   3.913049e+01 -2.042743e+01 -1.200000e+02
      vertex   4.313202e+01 -2.250000e+01 -1.200000e+02
      vertex   3.913049e+01 -2.117943e+01 -1.200000e+02
    endloop
  endfacet
  facet normal 0.000000e+00 0.000000e+00 -1.000000e+00
    outer loop
      vertex   3.913049e+01 -2.117943e+01 -1.200000e+02
      vertex   4.313202e+01 -2.250000e+01 -1.200000e+02
      vertex   4.169133e+01 -2.506899e+01 -1.200000e+02
    endloop
  endfacet
  facet normal 0.000000e+00 -0.000000e+00 -1.000000e+00
    outer loop
      vertex   3.913049e+01 -2.117943e+01 -1.200000e+02
      vertex   4.169133e+01 -2.506899e+01 -1.200000e+02
      vertex   3.894347e+01 -2.190780e+01 -1.200000e+02
    endloop
  endfacet
  facet normal 0.000000e+00 -0.000000e+00 -1.000000e+00
    outer loop
      vertex   3.894347e+01 -2.190780e+01 -1.200000e+02
      vertex   4.169133e+01 -2.506899e+01 -1.200000e+02
      vertex   3.858120e+01 -2.256678e+01 -1.200000e+02
    endloop
  endfacet
  facet normal 0.000000e+00 0.000000e+00 -1.000000e+00
    outer loop
      vertex   3.858120e+01 -2.256678e+01 -1.200000e+02
      vertex   4.169133e+01 -2.506899e+01 -1.200000e+02
      vertex   4.009781e+01 -2.754609e+01 -1.200000e+02
    endloop
  endfacet
  facet normal 0.000000e+00 -0.000000e+00 -1.000000e+00
    outer loop
      vertex   3.858120e+01 -2.256678e+01 -1.200000e+02
      vertex   4.009781e+01 -2.754609e+01 -1.200000e+02
      vertex   3.806642e+01 -2.311497e+01 -1.200000e+02
    endloop
  endfacet
  facet normal 0.000000e+00 -0.000000e+00 -1.000000e+00
    outer loop
      vertex   3.806642e+01 -2.311497e+01 -1.200000e+02
      vertex   4.009781e+01 -2.754609e+01 -1.200000e+02
      vertex   3.743148e+01 -2.351791e+01 -1.200000e+02
    endloop
  endfacet
  facet normal 0.000000e+00 0.000000e+00 -1.000000e+00
    outer loop
      vertex   3.743148e+01 -2.351791e+01 -1.200000e+02
      vertex   4.009781e+01 -2.754609e+01 -1.200000e+02
      vertex   3.835731e+01 -2.992221e+01 -1.200000e+02
    endloop
  endfacet
  facet normal 0.000000e+00 -0.000000e+00 -1.000000e+00
    outer loop
      vertex   3.743148e+01 -2.351791e+01 -1.200000e+02
      vertex   3.835731e+01 -2.992221e+01 -1.200000e+02
      vertex   3.671629e+01 -2.375029e+01 -1.200000e+02
    endloop
  endfacet
  facet normal 0.000000e+00 -0.000000e+00 -1.000000e+00
    outer loop
      vertex   3.671629e+01 -2.375029e+01 -1.200000e+02
      vertex   3.835731e+01 -2.992221e+01 -1.200000e+02
      vertex   3.596577e+01 -2.379751e+01 -1.200000e+02
    endloop
  endfacet
  facet normal 0.000000e+00 0.000000e+00 -1.000000e+00
    outer loop
      vertex   3.596577e+01 -2.379751e+01 -1.200000e+02
      vertex   3.835731e+01 -2.992221e+01 -1.200000e+02
      vertex   3.647619e+01 -3.218864e+01 -1.200000e+02
    endloop
  endfacet
  facet normal -0.000000e+00 -0.000000e+00 -1.000000e+00
    outer loop
      vertex   3.596577e+01 -2.379751e+01 -1.200000e+02
      vertex   3.647619e+01 -3.218864e+01 -1.200000e+02
      vertex   3.522709e+01 -2.365660e+01 -1.200000e+02
    endloop
  endfacet
  facet normal -0.000000e+00 -0.000000e+00 -1.000000e+00
    outer loop
      vertex   3.522709e+01 -2.365660e+01 -1.200000e+02
      vertex   3.647619e+01 -3.218864e+01 -1.200000e+02
      vertex   3.454666e+01 -2.333641e+01 -1.200000e+02
    endloop
  endfacet
  facet normal 0.000000e+00 -0.000000e+00 -1.000000e+00
    outer loop
      vertex   3.454666e+01 -2.333641e+01 -1.200000e+02
      vertex   3.647619e+01 -3.218864e+01 -1.200000e+02
      vertex   3.446137e+01 -3.433708e+01 -1.200000e+02
    endloop
  endfacet
  facet normal -0.000000e+00 0.000000e+00 -1.000000e+00
    outer loop
      vertex   3.454666e+01 -2.333641e+01 -1.200000e+02
      vertex   3.446137e+01 -3.433708e+01 -1.200000e+02
      vertex   3.396724e+01 -2.285707e+01 -1.200000e+02
    endloop
  endfacet
  facet normal 0.000000e+00 -0.000000e+00 -1.000000e+00
    outer loop
      vertex   3.396724e+01 -2.285707e+01 -1.200000e+02
      vertex   3.446137e+01 -3.433708e+01 -1.200000e+02
      vertex   3.232022e+01 -3.635965e+01 -1.200000e+02
    endloop
  endfacet
  facet normal -0.000000e+00 0.000000e+00 -1.000000e+00
    outer loop
      vertex   3.396724e+01 -2.285707e+01 -1.200000e+02
      vertex   3.232022e+01 -3.635965e+01 -1.200000e+02
      vertex   3.352522e+01 -2.224869e+01 -1.200000e+02
    endloop
  endfacet
  facet normal 0.000000e+00 0.000000e+00 -1.000000e+00
    outer loop
      vertex   3.352522e+01 -2.224869e+01 -1.200000e+02
      vertex   3.232022e+01 -3.635965e+01 -1.200000e+02
      vertex   2.528414e+01 -3.582316e+01 -1.200000e+02
    endloop
  endfacet
  facet normal -0.000000e+00 0.000000e+00 -1.000000e+00
    outer loop
      vertex   3.352522e+01 -2.224869e+01 -1.200000e+02
      vertex   2.528414e+01 -3.582316e+01 -1.200000e+02
      vertex   3.324840e+01 -2.154950e+01 -1.200000e+02
    endloop
  endfacet
  facet normal -0.000000e+00 0.000000e+00 -1.000000e+00
    outer loop
      vertex   3.324840e+01 -2.154950e+01 -1.200000e+02
      vertex   2.528414e+01 -3.582316e+01 -1.200000e+02
      vertex   3.315414e+01 -2.080343e+01 -1.200000e+02
    endloop
  endfacet
  facet normal -0.000000e+00 0.000000e+00 -1.000000e+00
    outer loop
      vertex   3.315414e+01 -2.080343e+01 -1.200000e+02
      vertex   2.528414e+01 -3.582316e+01 -1.200000e+02
      vertex   3.324840e+01 -2.005736e+01 -1.200000e+02
    endloop
  endfacet
  facet normal -0.000000e+00 0.000000e+00 -1.000000e+00
    outer loop
      vertex   3.324840e+01 -2.005736e+01 -1.200000e+02
      vertex   2.528414e+01 -3.582316e+01 -1.200000e+02
      vertex   3.200000e+01 -5.620214e+00 -1.200000e+02
    endloop
  endfacet
  facet normal 0.000000e+00 0.000000e+00 -1.000000e+00
    outer loop
      vertex   3.324840e+01 -2.005736e+01 -1.200000e+02
      vertex   3.200000e+01 -5.620214e+00 -1.200000e+02
      vertex   3.352522e+01 -1.935817e+01 -1.200000e+02
    endloop
  endfacet
  facet normal 0.000000e+00 0.000000e+00 -1.000000e+00
    outer loop
      vertex   3.352522e+01 -1.935817e+01 -1.200000e+02
      vertex   3.200000e+01 -5.620214e+00 -1.200000e+02
      vertex   3.396724e+01 -1.874979e+01 -1.200000e+02
    endloop
  endfacet
  facet normal 0.000000e+00 0.000000e+00 -1.000000e+00
    outer loop
      vertex   3.396724e+01 -1.874979e+01 -1.200000e+02
      vertex   3.200000e+01 -5.620214e+00 -1.200000e+02
      vertex   3.454666e+01 -1.827044e+01 -1.200000e+02
    endloop
  endfacet
  facet normal 0.000000e+00 0.000000e+00 -1.000000e+00
    outer loop
      vertex   3.454666e+01 -1.827044e+01 -1.200000e+02
      vertex   3.200000e+01 -5.620214e+00 -1.200000e+02
      vertex   3.522709e+01 -1.795026e+01 -1.200000e+02
    endloop
  endfacet
  facet normal 0.000000e+00 0.000000e+00 -1.000000e+00
    outer loop
      vertex   3.522709e+01 -1.795026e+01 -1.200000e+02
      vertex   3.200000e+01 -5.620214e+00 -1.200000e+02
      vertex   3.596577e+01 -1.780935e+01 -1.200000e+02
    endloop
  endfacet
  facet normal 0.000000e+00 0.000000e+00 -1.000000e+00
    outer loop
      vertex   3.596577e+01 -1.780935e+01 -1.200000e+02
      vertex   3.200000e+01 -5.620214e+00 -1.200000e+02
      vertex   3.671629e+01 -1.785656e+01 -1.200000e+02
    endloop
  endfacet
  facet normal 0.000000e+00 0.000000e+00 -1.000000e+00
    outer loop
      vertex   3.671629e+01 -1.785656e+01 -1.200000e+02
      vertex   3.200000e+01 -5.620214e+00 -1.200000e+02
      vertex   4.500000e+01 -1.000000e+01 -1.200000e+02
    endloop
  endfacet
  facet normal 0.000000e+00 0.000000e+00 -1.000000e+00
    outer loop
      vertex   3.671629e+01 -1.785656e+01 -1.200000e+02
      vertex   4.500000e+01 -1.000000e+01 -1.200000e+02
      vertex   3.743148e+01 -1.808895e+01 -1.200000e+02
    endloop
  endfacet
  facet normal 0.000000e+00 0.000000e+00 -1.000000e+00
    outer loop
      vertex   3.743148e+01 -1.808895e+01 -1.200000e+02
      vertex   4.500000e+01 -1.000000e+01 -1.200000e+02
      vertex   3.806642e+01 -1.849189e+01 -1.200000e+02
    endloop
  endfacet
  facet normal 6.515692e-15 -5.320030e-15 -1.000000e+00
    outer loop
      vertex   3.806642e+01 -1.849189e+01 -1.200000e+02
      vertex   4.500000e+01 -1.000000e+01 -1.200000e+02
      vertex   4.502376e+01 -1.264210e+01 -1.200000e+02
    endloop
  endfacet
  facet normal 1.141374e-15 1.071821e-15 -1.000000e+00
    outer loop
      vertex   3.806642e+01 -1.849189e+01 -1.200000e+02
      vertex   4.502376e+01 -1.264210e+01 -1.200000e+02
      vertex   3.858120e+01 -1.904007e+01 -1.200000e+02
    endloop
  endfacet
  facet normal 1.426810e-15 7.843955e-16 -1.000000e+00
    outer loop
      vertex   3.858120e+01 -1.904007e+01 -1.200000e+02
      vertex   4.502376e+01 -1.264210e+01 -1.200000e+02
      vertex   3.894347e+01 -1.969905e+01 -1.200000e+02
    endloop
  endfacet
  facet normal -0.000000e+00 0.000000e+00 -1.000000e+00
    outer loop
      vertex   3.232022e+01 -3.635965e+01 -1.200000e+02
      vertex   3.006060e+01 -3.824894e+01 -1.200000e+02
      vertex   2.528414e+01 -3.582316e+01 -1.200000e+02
    endloop
  endfacet
  facet normal 0.000000e+00 0.000000e+00 -1.000000e+00
    outer loop
      vertex   2.528414e+01 -3.582316e+01 -1.200000e+02
      vertex   3.006060e+01 -3.824894e+01 -1.200000e+02
      vertex   2.769079e+01 -3.999802e+01 -1.200000e+02
    endloop
  endfacet
  facet normal 0.000000e+00 -0.000000e+00 -1.000000e+00
    outer loop
      vertex   2.528414e+01 -3.582316e+01 -1.200000e+02
      vertex   2.769079e+01 -3.999802e+01 -1.200000e+02
      vertex   2.521946e+01 -4.160048e+01 -1.200000e+02
    endloop
  endfacet
  facet normal -0.000000e+00 0.000000e+00 -1.000000e+00
    outer loop
      vertex   2.521946e+01 -4.160048e+01 -1.200000e+02
      vertex   2.265570e+01 -4.305044e+01 -1.200000e+02
      vertex   2.528414e+01 -3.582316e+01 -1.200000e+02
    endloop
  endfacet
  facet normal 0.000000e+00 0.000000e+00 -1.000000e+00
    outer loop
      vertex   2.528414e+01 -3.582316e+01 -1.200000e+02
      vertex   2.265570e+01 -4.305044e+01 -1.200000e+02
      vertex   2.000888e+01 -4.434260e+01 -1.200000e+02
    endloop
  endfacet
  facet normal 0.000000e+00 0.000000e+00 -1.000000e+00
    outer loop
      vertex   2.528414e+01 -3.582316e+01 -1.200000e+02
      vertex   2.000888e+01 -4.434260e+01 -1.200000e+02
      vertex   1.251998e+01 -4.277626e+01 -1.200000e+02
    endloop
  endfacet
  facet normal 0.000000e+00 0.000000e+00 -1.000000e+00
    outer loop
      vertex   1.251998e+01 -4.277626e+01 -1.200000e+02
      vertex   2.000888e+01 -4.434260e+01 -1.200000e+02
      vertex   1.728872e+01 -4.547221e+01 -1.200000e+02
    endloop
  endfacet
  facet normal 0.000000e+00 0.000000e+00 -1.000000e+00
    outer loop
      vertex   1.251998e+01 -4.277626e+01 -1.200000e+02
      vertex   1.728872e+01 -4.547221e+01 -1.200000e+02
      vertex   1.450518e+01 -4.643513e+01 -1.200000e+02
    endloop
  endfacet
  facet normal -0.000000e+00 0.000000e+00 -1.000000e+00
    outer loop
      vertex   1.450518e+01 -4.643513e+01 -1.200000e+02
      vertex   1.166847e+01 -4.722783e+01 -1.200000e+02
      vertex   1.251998e+01 -4.277626e+01 -1.200000e+02
    endloop
  endfacet
  facet normal 0.000000e+00 0.000000e+00 -1.000000e+00
    outer loop
      vertex   1.251998e+01 -4.277626e+01 -1.200000e+02
      vertex   1.166847e+01 -4.722783e+01 -1.200000e+02
      vertex   8.788983e+00 -4.784741e+01 -1.200000e+02
    endloop
  endfacet
  facet normal -0.000000e+00 0.000000e+00 -1.000000e+00
    outer loop
      vertex   1.251998e+01 -4.277626e+01 -1.200000e+02
      vertex   8.788983e+00 -4.784741e+01 -1.200000e+02
      vertex   5.486196e+00 -3.523037e+01 -1.200000e+02
    endloop
  endfacet
  facet normal 0.000000e+00 -0.000000e+00 -1.000000e+00
    outer loop
      vertex   5.486196e+00 -3.523037e+01 -1.200000e+02
      vertex   8.788983e+00 -4.784741e+01 -1.200000e+02
      vertex   3.050426e+00 -4.146313e+01 -1.200000e+02
    endloop
  endfacet
  facet normal 0.000000e+00 0.000000e+00 -1.000000e+00
    outer loop
      vertex   5.486196e+00 -3.523037e+01 -1.200000e+02
      vertex   3.050426e+00 -4.146313e+01 -1.200000e+02
      vertex   2.894579e+00 -4.072746e+01 -1.200000e+02
    endloop
  endfacet
  facet normal 0.000000e+00 -0.000000e+00 -1.000000e+00
    outer loop
      vertex   3.050426e+00 -4.146313e+01 -1.200000e+02
      vertex   8.788983e+00 -4.784741e+01 -1.200000e+02
      vertex   3.018422e+00 -4.221445e+01 -1.200000e+02
    endloop
  endfacet
  facet normal 0.000000e+00 0.000000e+00 -1.000000e+00
    outer loop
      vertex   3.018422e+00 -4.221445e+01 -1.200000e+02
      vertex   8.788983e+00 -4.784741e+01 -1.200000e+02
      vertex   5.877282e+00 -4.829160e+01 -1.200000e+02
    endloop
  endfacet
  facet normal 0.000000e+00 -0.000000e+00 -1.000000e+00
    outer loop
      vertex   3.018422e+00 -4.221445e+01 -1.200000e+02
      vertex   5.877282e+00 -4.829160e+01 -1.200000e+02
      vertex   2.800578e+00 -4.293420e+01 -1.200000e+02
    endloop
  endfacet
  facet normal 0.000000e+00 -0.000000e+00 -1.000000e+00
    outer loop
      vertex   2.800578e+00 -4.293420e+01 -1.200000e+02
      vertex   5.877282e+00 -4.829160e+01 -1.200000e+02
      vertex   2.410582e+00 -4.357717e+01 -1.200000e+02
    endloop
  endfacet
  facet normal 0.000000e+00 0.000000e+00 -1.000000e+00
    outer loop
      vertex   2.410582e+00 -4.357717e+01 -1.200000e+02
      vertex   5.877282e+00 -4.829160e+01 -1.200000e+02
      vertex   2.944037e+00 -4.855877e+01 -1.200000e+02
    endloop
  endfacet
  facet normal 0.000000e+00 -0.000000e+00 -1.000000e+00
    outer loop
      vertex   2.410582e+00 -4.357717e+01 -1.200000e+02
      vertex   2.944037e+00 -4.855877e+01 -1.200000e+02
      vertex   1.872939e+00 -4.410295e+01 -1.200000e+02
    endloop
  endfacet
  facet normal 0.000000e+00 -0.000000e+00 -1.000000e+00
    outer loop
      vertex   1.872939e+00 -4.410295e+01 -1.200000e+02
      vertex   2.944037e+00 -4.855877e+01 -1.200000e+02
      vertex   1.221432e+00 -4.447850e+01 -1.200000e+02
    endloop
  endfacet
  facet normal -7.812265e-15 -3.298182e-15 -1.000000e+00
    outer loop
      vertex   1.221432e+00 -4.447850e+01 -1.200000e+02
      vertex   2.944037e+00 -4.855877e+01 -1.200000e+02
      vertex   0.000000e+00 -4.589404e+01 -1.200000e+02
    endloop
  endfacet
  facet normal 3.679779e-15 -1.321437e-14 -1.000000e+00
    outer loop
      vertex   1.221432e+00 -4.447850e+01 -1.200000e+02
      vertex   0.000000e+00 -4.589404e+01 -1.200000e+02
      vertex   4.969959e-01 -4.468024e+01 -1.200000e+02
    endloop
  endfacet
  facet normal 2.392164e-16 -1.180562e-14 -1.000000e+00
    outer loop
      vertex   4.969959e-01 -4.468024e+01 -1.200000e+02
      vertex   0.000000e+00 -4.589404e+01 -1.200000e+02
      vertex   -2.548492e-01 -4.469547e+01 -1.200000e+02
    endloop
  endfacet
  facet normal -2.936359e-15 -1.248083e-14 -1.000000e+00
    outer loop
      vertex   -2.548492e-01 -4.469547e+01 -1.200000e+02
      vertex   0.000000e+00 -4.589404e+01 -1.200000e+02
      vertex   -9.868623e-01 -4.452325e+01 -1.200000e+02
    endloop
  endfacet
  facet normal -8.713714e-15 -1.664007e-14 -1.000000e+00
    outer loop
      vertex   -9.868623e-01 -4.452325e+01 -1.200000e+02
      vertex   0.000000e+00 -4.589404e+01 -1.200000e+02
      vertex   -1.653049e+00 -4.417440e+01 -1.200000e+02
    endloop
  endfacet
  facet normal 0.000000e+00 -8.263823e-15 -1.000000e+00
    outer loop
      vertex   -1.653049e+00 -4.417440e+01 -1.200000e+02
      vertex   0.000000e+00 -4.589404e+01 -1.200000e+02
      vertex   -5.000000e+00 -4.589404e+01 -1.200000e+02
    endloop
  endfacet
  facet normal -2.704672e-15 -2.999715e-15 -1.000000e+00
    outer loop
      vertex   -1.653049e+00 -4.417440e+01 -1.200000e+02
      vertex   -5.000000e+00 -4.589404e+01 -1.200000e+02
      vertex   -2.211549e+00 -4.367083e+01 -1.200000e+02
    endloop
  endfacet
  facet normal -3.333251e-15 -2.211323e-15 -1.000000e+00
    outer loop
      vertex   -2.211549e+00 -4.367083e+01 -1.200000e+02
      vertex   -5.000000e+00 -4.589404e+01 -1.200000e+02
      vertex   -2.627270e+00 -4.304419e+01 -1.200000e+02
    endloop
  endfacet
  facet normal -4.225686e-15 -1.468301e-15 -1.000000e+00
    outer loop
      vertex   -2.627270e+00 -4.304419e+01 -1.200000e+02
      vertex   -5.000000e+00 -4.589404e+01 -1.200000e+02
      vertex   -2.874092e+00 -4.233385e+01 -1.200000e+02
    endloop
  endfacet
  facet normal -5.866402e-15 -4.885760e-16 -1.000000e+00
    outer loop
      vertex   -2.874092e+00 -4.233385e+01 -1.200000e+02
      vertex   -5.000000e+00 -4.589404e+01 -1.200000e+02
      vertex   -2.936506e+00 -4.158444e+01 -1.200000e+02
    endloop
  endfacet
  facet normal -6.886791e-15 0.000000e+00 -1.000000e+00
    outer loop
      vertex   -2.936506e+00 -4.158444e+01 -1.200000e+02
      vertex   -5.000000e+00 -4.589404e+01 -1.200000e+02
      vertex   -5.000000e+00 -3.689404e+01 -1.200000e+02
    endloop
  endfacet
  facet normal -4.968629e-15 8.438759e-16 -1.000000e+00
    outer loop
      vertex   -2.936506e+00 -4.158444e+01 -1.200000e+02
      vertex   -5.000000e+00 -3.689404e+01 -1.200000e+02
      vertex   -2.810589e+00 -4.084306e+01 -1.200000e+02
    endloop
  endfacet
  facet normal -3.596898e-15 1.604390e-15 -1.000000e+00
    outer loop
      vertex   -2.810589e+00 -4.084306e+01 -1.200000e+02
      vertex   -5.000000e+00 -3.689404e+01 -1.200000e+02
      vertex   -2.504253e+00 -4.015629e+01 -1.200000e+02
    endloop
  endfacet
  facet normal -2.794661e-15 2.218134e-15 -1.000000e+00
    outer loop
      vertex   -2.504253e+00 -4.015629e+01 -1.200000e+02
      vertex   -5.000000e+00 -3.689404e+01 -1.200000e+02
      vertex   -2.036748e+00 -3.956727e+01 -1.200000e+02
    endloop
  endfacet
  facet normal -2.189620e-15 2.888818e-15 -1.000000e+00
    outer loop
      vertex   -2.036748e+00 -3.956727e+01 -1.200000e+02
      vertex   -5.000000e+00 -3.689404e+01 -1.200000e+02
      vertex   -1.437447e+00 -3.911302e+01 -1.200000e+02
    endloop
  endfacet
  facet normal 0.000000e+00 6.404240e-15 -1.000000e+00
    outer loop
      vertex   -1.437447e+00 -3.911302e+01 -1.200000e+02
      vertex   -5.000000e+00 -3.689404e+01 -1.200000e+02
      vertex   0.000000e+00 -3.689404e+01 -1.200000e+02
    endloop
  endfacet
  facet normal -3.689781e-15 8.794470e-15 -1.000000e+00
    outer loop
      vertex   -1.437447e+00 -3.911302e+01 -1.200000e+02
      vertex   0.000000e+00 -3.689404e+01 -1.200000e+02
      vertex   -7.440071e-01 -3.882208e+01 -1.200000e+02
    endloop
  endfacet
  facet normal -1.148379e-15 7.813774e-15 -1.000000e+00
    outer loop
      vertex   -7.440071e-01 -3.882208e+01 -1.200000e+02
      vertex   0.000000e+00 -3.689404e+01 -1.200000e+02
      vertex   0.000000e+00 -3.871274e+01 -1.200000e+02
    endloop
  endfacet
  facet normal 8.266632e-16 7.813774e-15 -1.000000e+00
    outer loop
      vertex   0.000000e+00 -3.871274e+01 -1.200000e+02
      vertex   0.000000e+00 -3.689404e+01 -1.200000e+02
      vertex   7.478259e-01 -3.879185e+01 -1.200000e+02
    endloop
  endfacet
  facet normal 3.270947e-15 8.776936e-15 -1.000000e+00
    outer loop
      vertex   7.478259e-01 -3.879185e+01 -1.200000e+02
      vertex   0.000000e+00 -3.689404e+01 -1.200000e+02
      vertex   1.452482e+00 -3.905446e+01 -1.200000e+02
    endloop
  endfacet
  facet normal -8.554059e-15 8.268021e-16 -1.000000e+00
    outer loop
      vertex   1.452482e+00 -3.905446e+01 -1.200000e+02
      vertex   0.000000e+00 -3.689404e+01 -1.200000e+02
      vertex   2.025794e+00 -3.312300e+01 -1.200000e+02
    endloop
  endfacet
  facet normal 0.000000e+00 0.000000e+00 -1.000000e+00
    outer loop
      vertex   1.452482e+00 -3.905446e+01 -1.200000e+02
      vertex   2.025794e+00 -3.312300e+01 -1.200000e+02
      vertex   2.991320e+00 -3.346659e+01 -1.200000e+02
    endloop
  endfacet
  facet normal -1.562863e-16 5.160288e-15 -1.000000e+00
    outer loop
      vertex   2.944037e+00 -4.855877e+01 -1.200000e+02
      vertex   0.000000e+00 -4.864793e+01 -1.200000e+02
      vertex   0.000000e+00 -4.589404e+01 -1.200000e+02
    endloop
  endfacet
  facet normal -2.403063e-16 -3.509018e-15 -1.000000e+00
    outer loop
      vertex   0.000000e+00 -3.284423e+01 -1.200000e+02
      vertex   1.022442e+00 -3.291425e+01 -1.200000e+02
      vertex   0.000000e+00 -3.689404e+01 -1.200000e+02
    endloop
  endfacet
  facet normal -7.052138e-16 -3.389579e-15 -1.000000e+00
    outer loop
      vertex   0.000000e+00 -3.689404e+01 -1.200000e+02
      vertex   1.022442e+00 -3.291425e+01 -1.200000e+02
      vertex   2.025794e+00 -3.312300e+01 -1.200000e+02
    endloop
  endfacet
  facet normal 0.000000e+00 0.000000e+00 -1.000000e+00
    outer loop
      vertex   1.452482e+00 -3.905446e+01 -1.200000e+02
      vertex   2.991320e+00 -3.346659e+01 -1.200000e+02
      vertex   2.069692e+00 -3.948406e+01 -1.200000e+02
    endloop
  endfacet
  facet normal 0.000000e+00 0.000000e+00 -1.000000e+00
    outer loop
      vertex   2.069692e+00 -3.948406e+01 -1.200000e+02
      vertex   2.991320e+00 -3.346659e+01 -1.200000e+02
      vertex   3.900992e+00 -3.393859e+01 -1.200000e+02
    endloop
  endfacet
  facet normal 0.000000e+00 0.000000e+00 -1.000000e+00
    outer loop
      vertex   2.069692e+00 -3.948406e+01 -1.200000e+02
      vertex   3.900992e+00 -3.393859e+01 -1.200000e+02
      vertex   4.737826e+00 -3.453020e+01 -1.200000e+02
    endloop
  endfacet
  facet normal 0.000000e+00 0.000000e+00 -1.000000e+00
    outer loop
      vertex   2.069692e+00 -3.948406e+01 -1.200000e+02
      vertex   4.737826e+00 -3.453020e+01 -1.200000e+02
      vertex   2.560675e+00 -4.005366e+01 -1.200000e+02
    endloop
  endfacet
  facet normal 0.000000e+00 0.000000e+00 -1.000000e+00
    outer loop
      vertex   2.560675e+00 -4.005366e+01 -1.200000e+02
      vertex   4.737826e+00 -3.453020e+01 -1.200000e+02
      vertex   5.486196e+00 -3.523037e+01 -1.200000e+02
    endloop
  endfacet
  facet normal 0.000000e+00 0.000000e+00 -1.000000e+00
    outer loop
      vertex   2.560675e+00 -4.005366e+01 -1.200000e+02
      vertex   5.486196e+00 -3.523037e+01 -1.200000e+02
      vertex   2.894579e+00 -4.072746e+01 -1.200000e+02
    endloop
  endfacet
  facet normal 0.000000e+00 0.000000e+00 -1.000000e+00
    outer loop
      vertex   3.200000e+01 -5.620214e+00 -1.200000e+02
      vertex   3.200000e+01 5.000000e+00 -1.200000e+02
      vertex   4.500000e+01 -1.000000e+01 -1.200000e+02
    endloop
  endfacet
  facet normal 7.287618e-16 6.315935e-16 -1.000000e+00
    outer loop
      vertex   4.500000e+01 -1.000000e+01 -1.200000e+02
      vertex   3.200000e+01 5.000000e+00 -1.200000e+02
      vertex   4.500000e+01 1.250000e+01 -1.200000e+02
    endloop
  endfacet
  facet normal 1.428640e-15 -5.815279e-16 -1.000000e+00
    outer loop
      vertex   4.500000e+01 1.250000e+01 -1.200000e+02
      vertex   3.200000e+01 5.000000e+00 -1.200000e+02
      vertex   3.737071e+01 1.819421e+01 -1.200000e+02
    endloop
  endfacet
  facet normal 8.559757e-16 -1.348802e-15 -1.000000e+00
    outer loop
      vertex   4.500000e+01 1.250000e+01 -1.200000e+02
      vertex   3.737071e+01 1.819421e+01 -1.200000e+02
      vertex   3.800564e+01 1.859715e+01 -1.200000e+02
    endloop
  endfacet
  facet normal 0.000000e+00 0.000000e+00 -1.000000e+00
    outer loop
      vertex   2.672467e+01 2.454571e+01 -1.200000e+02
      vertex   3.346445e+01 1.946343e+01 -1.200000e+02
      vertex   3.200000e+01 5.000000e+00 -1.200000e+02
    endloop
  endfacet
  facet normal 0.000000e+00 0.000000e+00 -1.000000e+00
    outer loop
      vertex   3.200000e+01 5.000000e+00 -1.200000e+02
      vertex   3.346445e+01 1.946343e+01 -1.200000e+02
      vertex   3.390646e+01 1.885505e+01 -1.200000e+02
    endloop
  endfacet
  facet normal 0.000000e+00 0.000000e+00 -1.000000e+00
    outer loop
      vertex   3.200000e+01 5.000000e+00 -1.200000e+02
      vertex   3.390646e+01 1.885505e+01 -1.200000e+02
      vertex   3.448589e+01 1.837571e+01 -1.200000e+02
    endloop
  endfacet
  facet normal 0.000000e+00 -0.000000e+00 -1.000000e+00
    outer loop
      vertex   2.672467e+01 4.064989e+01 -1.200000e+02
      vertex   2.925224e+01 3.887065e+01 -1.200000e+02
      vertex   2.672467e+01 2.454571e+01 -1.200000e+02
    endloop
  endfacet
  facet normal 0.000000e+00 0.000000e+00 -1.000000e+00
    outer loop
      vertex   2.672467e+01 2.454571e+01 -1.200000e+02
      vertex   2.925224e+01 3.887065e+01 -1.200000e+02
      vertex   3.166172e+01 3.693449e+01 -1.200000e+02
    endloop
  endfacet
  facet normal 0.000000e+00 0.000000e+00 -1.000000e+00
    outer loop
      vertex   2.672467e+01 2.454571e+01 -1.200000e+02
      vertex   3.166172e+01 3.693449e+01 -1.200000e+02
      vertex   3.394338e+01 3.484922e+01 -1.200000e+02
    endloop
  endfacet
  facet normal -0.000000e+00 0.000000e+00 -1.000000e+00
    outer loop
      vertex   3.608800e+01 3.262326e+01 -1.200000e+02
      vertex   3.448589e+01 2.344168e+01 -1.200000e+02
      vertex   3.394338e+01 3.484922e+01 -1.200000e+02
    endloop
  endfacet
  facet normal 0.000000e+00 -0.000000e+00 -1.000000e+00
    outer loop
      vertex   3.394338e+01 3.484922e+01 -1.200000e+02
      vertex   3.448589e+01 2.344168e+01 -1.200000e+02
      vertex   3.390646e+01 2.296234e+01 -1.200000e+02
    endloop
  endfacet
  facet normal 0.000000e+00 0.000000e+00 -1.000000e+00
    outer loop
      vertex   3.394338e+01 3.484922e+01 -1.200000e+02
      vertex   3.390646e+01 2.296234e+01 -1.200000e+02
      vertex   2.672467e+01 2.454571e+01 -1.200000e+02
    endloop
  endfacet
  facet normal 0.000000e+00 0.000000e+00 -1.000000e+00
    outer loop
      vertex   2.672467e+01 2.454571e+01 -1.200000e+02
      vertex   3.390646e+01 2.296234e+01 -1.200000e+02
      vertex   3.346445e+01 2.235396e+01 -1.200000e+02
    endloop
  endfacet
  facet normal 0.000000e+00 0.000000e+00 -1.000000e+00
    outer loop
      vertex   2.672467e+01 2.454571e+01 -1.200000e+02
      vertex   3.346445e+01 2.235396e+01 -1.200000e+02
      vertex   3.318762e+01 2.165476e+01 -1.200000e+02
    endloop
  endfacet
  facet normal -0.000000e+00 0.000000e+00 -1.000000e+00
    outer loop
      vertex   3.808693e+01 3.026560e+01 -1.200000e+02
      vertex   3.590500e+01 2.390277e+01 -1.200000e+02
      vertex   3.608800e+01 3.262326e+01 -1.200000e+02
    endloop
  endfacet
  facet normal 0.000000e+00 0.000000e+00 -1.000000e+00
    outer loop
      vertex   3.608800e+01 3.262326e+01 -1.200000e+02
      vertex   3.590500e+01 2.390277e+01 -1.200000e+02
      vertex   3.516632e+01 2.376186e+01 -1.200000e+02
    endloop
  endfacet
  facet normal 0.000000e+00 0.000000e+00 -1.000000e+00
    outer loop
      vertex   3.608800e+01 3.262326e+01 -1.200000e+02
      vertex   3.516632e+01 2.376186e+01 -1.200000e+02
      vertex   3.448589e+01 2.344168e+01 -1.200000e+02
    endloop
  endfacet
  facet normal -0.000000e+00 0.000000e+00 -1.000000e+00
    outer loop
      vertex   3.993211e+01 2.778575e+01 -1.200000e+02
      vertex   3.737071e+01 2.362318e+01 -1.200000e+02
      vertex   3.808693e+01 3.026560e+01 -1.200000e+02
    endloop
  endfacet
  facet normal 0.000000e+00 0.000000e+00 -1.000000e+00
    outer loop
      vertex   3.808693e+01 3.026560e+01 -1.200000e+02
      vertex   3.737071e+01 2.362318e+01 -1.200000e+02
      vertex   3.665551e+01 2.385556e+01 -1.200000e+02
    endloop
  endfacet
  facet normal 0.000000e+00 0.000000e+00 -1.000000e+00
    outer loop
      vertex   3.808693e+01 3.026560e+01 -1.200000e+02
      vertex   3.665551e+01 2.385556e+01 -1.200000e+02
      vertex   3.590500e+01 2.390277e+01 -1.200000e+02
    endloop
  endfacet
  facet normal -0.000000e+00 0.000000e+00 -1.000000e+00
    outer loop
      vertex   4.161607e+01 2.519373e+01 -1.200000e+02
      vertex   3.852042e+01 2.267205e+01 -1.200000e+02
      vertex   3.993211e+01 2.778575e+01 -1.200000e+02
    endloop
  endfacet
  facet normal 0.000000e+00 0.000000e+00 -1.000000e+00
    outer loop
      vertex   3.993211e+01 2.778575e+01 -1.200000e+02
      vertex   3.852042e+01 2.267205e+01 -1.200000e+02
      vertex   3.800564e+01 2.322023e+01 -1.200000e+02
    endloop
  endfacet
  facet normal 0.000000e+00 0.000000e+00 -1.000000e+00
    outer loop
      vertex   3.993211e+01 2.778575e+01 -1.200000e+02
      vertex   3.800564e+01 2.322023e+01 -1.200000e+02
      vertex   3.737071e+01 2.362318e+01 -1.200000e+02
    endloop
  endfacet
  facet normal -0.000000e+00 0.000000e+00 -1.000000e+00
    outer loop
      vertex   4.313202e+01 2.250000e+01 -1.200000e+02
      vertex   3.906971e+01 2.128469e+01 -1.200000e+02
      vertex   4.161607e+01 2.519373e+01 -1.200000e+02
    endloop
  endfacet
  facet normal 0.000000e+00 0.000000e+00 -1.000000e+00
    outer loop
      vertex   4.161607e+01 2.519373e+01 -1.200000e+02
      vertex   3.906971e+01 2.128469e+01 -1.200000e+02
      vertex   3.888270e+01 2.201307e+01 -1.200000e+02
    endloop
  endfacet
  facet normal 0.000000e+00 0.000000e+00 -1.000000e+00
    outer loop
      vertex   4.161607e+01 2.519373e+01 -1.200000e+02
      vertex   3.888270e+01 2.201307e+01 -1.200000e+02
      vertex   3.852042e+01 2.267205e+01 -1.200000e+02
    endloop
  endfacet
  facet normal 3.675543e-30 -1.421085e-15 -1.000000e+00
    outer loop
      vertex   5.000000e+01 2.250000e+01 -1.200000e+02
      vertex   4.500000e+01 1.250000e+01 -1.200000e+02
      vertex   4.313202e+01 2.250000e+01 -1.200000e+02
    endloop
  endfacet
  facet normal 8.059951e-16 -1.270527e-15 -1.000000e+00
    outer loop
      vertex   4.313202e+01 2.250000e+01 -1.200000e+02
      vertex   4.500000e+01 1.250000e+01 -1.200000e+02
      vertex   3.888270e+01 1.980432e+01 -1.200000e+02
    endloop
  endfacet
  facet normal 0.000000e+00 0.000000e+00 -1.000000e+00
    outer loop
      vertex   4.313202e+01 2.250000e+01 -1.200000e+02
      vertex   3.888270e+01 1.980432e+01 -1.200000e+02
      vertex   3.906971e+01 2.053269e+01 -1.200000e+02
    endloop
  endfacet
  facet normal -6.505619e-15 1.831724e-15 -1.000000e+00
    outer loop
      vertex   5.000000e+01 2.250000e+01 -1.200000e+02
      vertex   5.146837e+01 1.995692e+01 -1.200000e+02
      vertex   4.500000e+01 1.250000e+01 -1.200000e+02
    endloop
  endfacet
  facet normal -2.729746e-15 -1.443587e-15 -1.000000e+00
    outer loop
      vertex   4.500000e+01 1.250000e+01 -1.200000e+02
      vertex   5.146837e+01 1.995692e+01 -1.200000e+02
      vertex   5.279293e+01 1.745225e+01 -1.200000e+02
    endloop
  endfacet
  facet normal -2.801237e-15 -1.331087e-15 -1.000000e+00
    outer loop
      vertex   4.500000e+01 1.250000e+01 -1.200000e+02
      vertex   5.279293e+01 1.745225e+01 -1.200000e+02
      vertex   5.397160e+01 1.497176e+01 -1.200000e+02
    endloop
  endfacet
  facet normal -1.421085e-15 -6.340535e-15 -1.000000e+00
    outer loop
      vertex   5.397160e+01 1.497176e+01 -1.200000e+02
      vertex   5.500000e+01 1.250000e+01 -1.200000e+02
      vertex   4.500000e+01 1.250000e+01 -1.200000e+02
    endloop
  endfacet
  facet normal 5.981249e-13 0.000000e+00 -1.000000e+00
    outer loop
      vertex   4.500000e+01 -1.000000e+01 -1.200000e+02
      vertex   4.502376e+01 -1.000000e+01 -1.200000e+02
      vertex   4.502376e+01 -1.264210e+01 -1.200000e+02
    endloop
  endfacet
  facet normal -0.000000e+00 0.000000e+00 -1.000000e+00
    outer loop
      vertex   3.318762e+01 2.165476e+01 -1.200000e+02
      vertex   3.309337e+01 2.090869e+01 -1.200000e+02
      vertex   2.672467e+01 2.454571e+01 -1.200000e+02
    endloop
  endfacet
  facet normal 0.000000e+00 0.000000e+00 -1.000000e+00
    outer loop
      vertex   2.672467e+01 2.454571e+01 -1.200000e+02
      vertex   3.309337e+01 2.090869e+01 -1.200000e+02
      vertex   3.318762e+01 2.016262e+01 -1.200000e+02
    endloop
  endfacet
  facet normal 0.000000e+00 0.000000e+00 -1.000000e+00
    outer loop
      vertex   2.672467e+01 2.454571e+01 -1.200000e+02
      vertex   3.318762e+01 2.016262e+01 -1.200000e+02
      vertex   3.346445e+01 1.946343e+01 -1.200000e+02
    endloop
  endfacet
  facet normal 0.000000e+00 -0.000000e+00 -1.000000e+00
    outer loop
      vertex   3.448589e+01 1.837571e+01 -1.200000e+02
      vertex   3.516632e+01 1.805552e+01 -1.200000e+02
      vertex   3.200000e+01 5.000000e+00 -1.200000e+02
    endloop
  endfacet
  facet normal 0.000000e+00 0.000000e+00 -1.000000e+00
    outer loop
      vertex   3.200000e+01 5.000000e+00 -1.200000e+02
      vertex   3.516632e+01 1.805552e+01 -1.200000e+02
      vertex   3.590500e+01 1.791461e+01 -1.200000e+02
    endloop
  endfacet
  facet normal 0.000000e+00 0.000000e+00 -1.000000e+00
    outer loop
      vertex   3.200000e+01 5.000000e+00 -1.200000e+02
      vertex   3.590500e+01 1.791461e+01 -1.200000e+02
      vertex   3.665551e+01 1.796183e+01 -1.200000e+02
    endloop
  endfacet
  facet normal 0.000000e+00 -0.000000e+00 -1.000000e+00
    outer loop
      vertex   3.665551e+01 1.796183e+01 -1.200000e+02
      vertex   3.737071e+01 1.819421e+01 -1.200000e+02
      vertex   3.200000e+01 5.000000e+00 -1.200000e+02
    endloop
  endfacet
  facet normal 1.117208e-15 -1.049128e-15 -1.000000e+00
    outer loop
      vertex   3.800564e+01 1.859715e+01 -1.200000e+02
      vertex   3.852042e+01 1.914534e+01 -1.200000e+02
      vertex   4.500000e+01 1.250000e+01 -1.200000e+02
    endloop
  endfacet
  facet normal 1.402449e-15 -7.710028e-16 -1.000000e+00
    outer loop
      vertex   4.500000e+01 1.250000e+01 -1.200000e+02
      vertex   3.852042e+01 1.914534e+01 -1.200000e+02
      vertex   3.888270e+01 1.980432e+01 -1.200000e+02
    endloop
  endfacet
  facet normal 0.000000e+00 0.000000e+00 -1.000000e+00
    outer loop
      vertex   3.906971e+01 2.053269e+01 -1.200000e+02
      vertex   3.906971e+01 2.128469e+01 -1.200000e+02
      vertex   4.313202e+01 2.250000e+01 -1.200000e+02
    endloop
  endfacet
  facet normal -4.486483e-02 -9.989931e-01 -0.000000e+00
    outer loop
      vertex   0.000000e+00 2.350000e+01 -1.820575e+01
      vertex   0.000000e+00 2.350000e+01 -2.600000e+01
      vertex   2.106524e+00 2.340540e+01 -1.820575e+01
    endloop
  endfacet
  facet normal -4.486483e-02 -9.989931e-01 -0.000000e+00
    outer loop
      vertex   2.106524e+00 2.340540e+01 -1.820575e+01
      vertex   0.000000e+00 2.350000e+01 -2.600000e+01
      vertex   2.106524e+00 2.340540e+01 -2.600000e+01
    endloop
  endfacet
  facet normal -1.342333e-01 -9.909498e-01 -0.000000e+00
    outer loop
      vertex   2.106524e+00 2.340540e+01 -1.820575e+01
      vertex   2.106524e+00 2.340540e+01 -2.600000e+01
      vertex   4.196087e+00 2.312235e+01 -1.820575e+01
    endloop
  endfacet
  facet normal -1.342333e-01 -9.909498e-01 -0.000000e+00
    outer loop
      vertex   4.196087e+00 2.312235e+01 -1.820575e+01
      vertex   2.106524e+00 2.340540e+01 -2.600000e+01
      vertex   4.196087e+00 2.312235e+01 -2.600000e+01
    endloop
  endfacet
  facet normal -2.225209e-01 -9.749279e-01 -0.000000e+00
    outer loop
      vertex   4.196087e+00 2.312235e+01 -1.820575e+01
      vertex   4.196087e+00 2.312235e+01 -2.600000e+01
      vertex   6.251866e+00 2.265313e+01 -1.820575e+01
    endloop
  endfacet
  facet normal -2.225209e-01 -9.749279e-01 -0.000000e+00
    outer loop
      vertex   6.251866e+00 2.265313e+01 -1.820575e+01
      vertex   4.196087e+00 2.312235e+01 -2.600000e+01
      vertex   6.251866e+00 2.265313e+01 -2.600000e+01
    endloop
  endfacet
  facet normal -3.090170e-01 -9.510565e-01 -0.000000e+00
    outer loop
      vertex   6.251866e+00 2.265313e+01 -1.820575e+01
      vertex   6.251866e+00 2.265313e+01 -2.600000e+01
      vertex   8.257308e+00 2.200152e+01 -1.820575e+01
    endloop
  endfacet
  facet normal -3.090170e-01 -9.510565e-01 -0.000000e+00
    outer loop
      vertex   8.257308e+00 2.200152e+01 -1.820575e+01
      vertex   6.251866e+00 2.265313e+01 -2.600000e+01
      vertex   8.257308e+00 2.200152e+01 -2.600000e+01
    endloop
  endfacet
  facet normal -3.930250e-01 -9.195278e-01 -0.000000e+00
    outer loop
      vertex   8.257308e+00 2.200152e+01 -1.820575e+01
      vertex   8.257308e+00 2.200152e+01 -2.600000e+01
      vertex   1.019627e+01 2.117277e+01 -1.820575e+01
    endloop
  endfacet
  facet normal -3.930250e-01 -9.195278e-01 -0.000000e+00
    outer loop
      vertex   1.019627e+01 2.117277e+01 -1.820575e+01
      vertex   8.257308e+00 2.200152e+01 -2.600000e+01
      vertex   1.019627e+01 2.117277e+01 -2.600000e+01
    endloop
  endfacet
  facet normal -4.738687e-01 -8.805955e-01 -0.000000e+00
    outer loop
      vertex   1.019627e+01 2.117277e+01 -1.820575e+01
      vertex   1.019627e+01 2.117277e+01 -2.600000e+01
      vertex   1.205313e+01 2.017355e+01 -1.820575e+01
    endloop
  endfacet
  facet normal -4.738687e-01 -8.805955e-01 -0.000000e+00
    outer loop
      vertex   1.205313e+01 2.017355e+01 -1.820575e+01
      vertex   1.019627e+01 2.117277e+01 -2.600000e+01
      vertex   1.205313e+01 2.017355e+01 -2.600000e+01
    endloop
  endfacet
  facet normal -5.508970e-01 -8.345733e-01 -0.000000e+00
    outer loop
      vertex   1.205313e+01 2.017355e+01 -1.820575e+01
      vertex   1.205313e+01 2.017355e+01 -2.600000e+01
      vertex   1.381295e+01 1.901190e+01 -1.820575e+01
    endloop
  endfacet
  facet normal -5.508970e-01 -8.345733e-01 -0.000000e+00
    outer loop
      vertex   1.381295e+01 1.901190e+01 -1.820575e+01
      vertex   1.205313e+01 2.017355e+01 -2.600000e+01
      vertex   1.381295e+01 1.901190e+01 -2.600000e+01
    endloop
  endfacet
  facet normal -6.234898e-01 -7.818315e-01 -0.000000e+00
    outer loop
      vertex   1.381295e+01 1.901190e+01 -1.820575e+01
      vertex   1.381295e+01 1.901190e+01 -2.600000e+01
      vertex   1.546156e+01 1.769718e+01 -1.820575e+01
    endloop
  endfacet
  facet normal -6.234898e-01 -7.818315e-01 -0.000000e+00
    outer loop
      vertex   1.546156e+01 1.769718e+01 -1.820575e+01
      vertex   1.381295e+01 1.901190e+01 -2.600000e+01
      vertex   1.546156e+01 1.769718e+01 -2.600000e+01
    endloop
  endfacet
  facet normal -6.910627e-01 -7.227949e-01 -0.000000e+00
    outer loop
      vertex   1.546156e+01 1.769718e+01 -1.820575e+01
      vertex   1.546156e+01 1.769718e+01 -2.600000e+01
      vertex   1.698568e+01 1.623997e+01 -1.820575e+01
    endloop
  endfacet
  facet normal -6.910627e-01 -7.227949e-01 -0.000000e+00
    outer loop
      vertex   1.698568e+01 1.623997e+01 -1.820575e+01
      vertex   1.546156e+01 1.769718e+01 -2.600000e+01
      vertex   1.698568e+01 1.623997e+01 -2.600000e+01
    endloop
  endfacet
  facet normal -7.530715e-01 -6.579387e-01 -0.000000e+00
    outer loop
      vertex   1.698568e+01 1.623997e+01 -1.820575e+01
      vertex   1.698568e+01 1.623997e+01 -2.600000e+01
      vertex   1.837304e+01 1.465201e+01 -1.820575e+01
    endloop
  endfacet
  facet normal -7.530715e-01 -6.579387e-01 -0.000000e+00
    outer loop
      vertex   1.837304e+01 1.465201e+01 -1.820575e+01
      vertex   1.698568e+01 1.623997e+01 -2.600000e+01
      vertex   1.837304e+01 1.465201e+01 -2.600000e+01
    endloop
  endfacet
  facet normal -8.090170e-01 -5.877853e-01 -0.000000e+00
    outer loop
      vertex   1.837304e+01 1.465201e+01 -1.820575e+01
      vertex   1.837304e+01 1.465201e+01 -2.600000e+01
      vertex   1.961247e+01 1.294608e+01 -1.820575e+01
    endloop
  endfacet
  facet normal -8.090170e-01 -5.877853e-01 -0.000000e+00
    outer loop
      vertex   1.961247e+01 1.294608e+01 -1.820575e+01
      vertex   1.837304e+01 1.465201e+01 -2.600000e+01
      vertex   1.961247e+01 1.294608e+01 -2.600000e+01
    endloop
  endfacet
  facet normal -8.584488e-01 -5.128993e-01 -0.000000e+00
    outer loop
      vertex   1.961247e+01 1.294608e+01 -1.820575e+01
      vertex   1.961247e+01 1.294608e+01 -2.600000e+01
      vertex   2.069399e+01 1.113591e+01 -1.820575e+01
    endloop
  endfacet
  facet normal -8.584488e-01 -5.128993e-01 -0.000000e+00
    outer loop
      vertex   2.069399e+01 1.113591e+01 -1.820575e+01
      vertex   1.961247e+01 1.294608e+01 -2.600000e+01
      vertex   2.069399e+01 1.113591e+01 -2.600000e+01
    endloop
  endfacet
  facet normal -9.009689e-01 -4.338837e-01 -0.000000e+00
    outer loop
      vertex   2.069399e+01 1.113591e+01 -1.820575e+01
      vertex   2.069399e+01 1.113591e+01 -2.600000e+01
      vertex   2.160890e+01 9.236088e+00 -1.820575e+01
    endloop
  endfacet
  facet normal -9.009689e-01 -4.338837e-01 -0.000000e+00
    outer loop
      vertex   2.160890e+01 9.236088e+00 -1.820575e+01
      vertex   2.069399e+01 1.113591e+01 -2.600000e+01
      vertex   2.160890e+01 9.236088e+00 -2.600000e+01
    endloop
  endfacet
  facet normal -9.362349e-01 -3.513748e-01 -0.000000e+00
    outer loop
      vertex   2.160890e+01 9.236088e+00 -1.820575e+01
      vertex   2.160890e+01 9.236088e+00 -2.600000e+01
      vertex   2.234983e+01 7.261899e+00 -1.820575e+01
    endloop
  endfacet
  facet normal -9.362349e-01 -3.513748e-01 -0.000000e+00
    outer loop
      vertex   2.234983e+01 7.261899e+00 -1.820575e+01
      vertex   2.160890e+01 9.236088e+00 -2.600000e+01
      vertex   2.234983e+01 7.261899e+00 -2.600000e+01
    endloop
  endfacet
  facet normal -9.639629e-01 -2.660368e-01 -0.000000e+00
    outer loop
      vertex   2.234983e+01 7.261899e+00 -1.820575e+01
      vertex   2.234983e+01 7.261899e+00 -2.600000e+01
      vertex   2.291081e+01 5.229242e+00 -1.820575e+01
    endloop
  endfacet
  facet normal -9.639629e-01 -2.660368e-01 -0.000000e+00
    outer loop
      vertex   2.291081e+01 5.229242e+00 -1.820575e+01
      vertex   2.234983e+01 7.261899e+00 -2.600000e+01
      vertex   2.291081e+01 5.229242e+00 -2.600000e+01
    endloop
  endfacet
  facet normal -9.839296e-01 -1.785569e-01 -0.000000e+00
    outer loop
      vertex   2.291081e+01 5.229242e+00 -1.820575e+01
      vertex   2.291081e+01 5.229242e+00 -2.600000e+01
      vertex   2.328732e+01 3.154482e+00 -1.820575e+01
    endloop
  endfacet
  facet normal -9.839296e-01 -1.785569e-01 -0.000000e+00
    outer loop
      vertex   2.328732e+01 3.154482e+00 -1.820575e+01
      vertex   2.291081e+01 5.229242e+00 -2.600000e+01
      vertex   2.328732e+01 3.154482e+00 -2.600000e+01
    endloop
  endfacet
  facet normal -9.959743e-01 -8.963931e-02 -0.000000e+00
    outer loop
      vertex   2.328732e+01 3.154482e+00 -1.820575e+01
      vertex   2.328732e+01 3.154482e+00 -2.600000e+01
      vertex   2.347634e+01 1.054323e+00 -1.820575e+01
    endloop
  endfacet
  facet normal -9.959743e-01 -8.963931e-02 -0.000000e+00
    outer loop
      vertex   2.347634e+01 1.054323e+00 -1.820575e+01
      vertex   2.328732e+01 3.154482e+00 -2.600000e+01
      vertex   2.347634e+01 1.054323e+00 -2.600000e+01
    endloop
  endfacet
  facet normal -1.000000e+00 -0.000000e+00 -0.000000e+00
    outer loop
      vertex   2.347634e+01 1.054323e+00 -1.820575e+01
      vertex   2.347634e+01 1.054323e+00 -2.600000e+01
      vertex   2.347634e+01 -1.054324e+00 -1.820575e+01
    endloop
  endfacet
  facet normal -1.000000e+00 0.000000e+00 0.000000e+00
    outer loop
      vertex   2.347634e+01 -1.054324e+00 -1.820575e+01
      vertex   2.347634e+01 1.054323e+00 -2.600000e+01
      vertex   2.347634e+01 -1.054324e+00 -2.600000e+01
    endloop
  endfacet
  facet normal -9.959743e-01 8.963931e-02 0.000000e+00
    outer loop
      vertex   2.347634e+01 -1.054324e+00 -1.820575e+01
      vertex   2.347634e+01 -1.054324e+00 -2.600000e+01
      vertex   2.328732e+01 -3.154482e+00 -1.820575e+01
    endloop
  endfacet
  facet normal -9.959743e-01 8.963931e-02 0.000000e+00
    outer loop
      vertex   2.328732e+01 -3.154482e+00 -1.820575e+01
      vertex   2.347634e+01 -1.054324e+00 -2.600000e+01
      vertex   2.328732e+01 -3.154482e+00 -2.600000e+01
    endloop
  endfacet
  facet normal -9.839296e-01 1.785569e-01 0.000000e+00
    outer loop
      vertex   2.328732e+01 -3.154482e+00 -1.820575e+01
      vertex   2.328732e+01 -3.154482e+00 -2.600000e+01
      vertex   2.291081e+01 -5.229242e+00 -1.820575e+01
    endloop
  endfacet
  facet normal -9.839296e-01 1.785569e-01 0.000000e+00
    outer loop
      vertex   2.291081e+01 -5.229242e+00 -1.820575e+01
      vertex   2.328732e+01 -3.154482e+00 -2.600000e+01
      vertex   2.291081e+01 -5.229242e+00 -2.600000e+01
    endloop
  endfacet
  facet normal -9.639629e-01 2.660368e-01 0.000000e+00
    outer loop
      vertex   2.291081e+01 -5.229242e+00 -1.820575e+01
      vertex   2.291081e+01 -5.229242e+00 -2.600000e+01
      vertex   2.234983e+01 -7.261899e+00 -1.820575e+01
    endloop
  endfacet
  facet normal -9.639629e-01 2.660368e-01 0.000000e+00
    outer loop
      vertex   2.234983e+01 -7.261899e+00 -1.820575e+01
      vertex   2.291081e+01 -5.229242e+00 -2.600000e+01
      vertex   2.234983e+01 -7.261899e+00 -2.600000e+01
    endloop
  endfacet
  facet normal -9.362349e-01 3.513748e-01 0.000000e+00
    outer loop
      vertex   2.234983e+01 -7.261899e+00 -1.820575e+01
      vertex   2.234983e+01 -7.261899e+00 -2.600000e+01
      vertex   2.160890e+01 -9.236088e+00 -1.820575e+01
    endloop
  endfacet
  facet normal -9.362349e-01 3.513748e-01 0.000000e+00
    outer loop
      vertex   2.160890e+01 -9.236088e+00 -1.820575e+01
      vertex   2.234983e+01 -7.261899e+00 -2.600000e+01
      vertex   2.160890e+01 -9.236088e+00 -2.600000e+01
    endloop
  endfacet
  facet normal -9.009689e-01 4.338837e-01 0.000000e+00
    outer loop
      vertex   2.160890e+01 -9.236088e+00 -1.820575e+01
      vertex   2.160890e+01 -9.236088e+00 -2.600000e+01
      vertex   2.069399e+01 -1.113591e+01 -1.820575e+01
    endloop
  endfacet
  facet normal -9.009689e-01 4.338837e-01 0.000000e+00
    outer loop
      vertex   2.069399e+01 -1.113591e+01 -1.820575e+01
      vertex   2.160890e+01 -9.236088e+00 -2.600000e+01
      vertex   2.069399e+01 -1.113591e+01 -2.600000e+01
    endloop
  endfacet
  facet normal -8.584488e-01 5.128993e-01 0.000000e+00
    outer loop
      vertex   2.069399e+01 -1.113591e+01 -1.820575e+01
      vertex   2.069399e+01 -1.113591e+01 -2.600000e+01
      vertex   1.961247e+01 -1.294608e+01 -1.820575e+01
    endloop
  endfacet
  facet normal -8.584488e-01 5.128993e-01 0.000000e+00
    outer loop
      vertex   1.961247e+01 -1.294608e+01 -1.820575e+01
      vertex   2.069399e+01 -1.113591e+01 -2.600000e+01
      vertex   1.961247e+01 -1.294608e+01 -2.600000e+01
    endloop
  endfacet
  facet normal -8.090170e-01 5.877853e-01 0.000000e+00
    outer loop
      vertex   1.961247e+01 -1.294608e+01 -1.820575e+01
      vertex   1.961247e+01 -1.294608e+01 -2.600000e+01
      vertex   1.837304e+01 -1.465201e+01 -1.820575e+01
    endloop
  endfacet
  facet normal -8.090170e-01 5.877853e-01 0.000000e+00
    outer loop
      vertex   1.837304e+01 -1.465201e+01 -1.820575e+01
      vertex   1.961247e+01 -1.294608e+01 -2.600000e+01
      vertex   1.837304e+01 -1.465201e+01 -2.600000e+01
    endloop
  endfacet
  facet normal -7.530715e-01 6.579387e-01 0.000000e+00
    outer loop
      vertex   1.837304e+01 -1.465201e+01 -1.820575e+01
      vertex   1.837304e+01 -1.465201e+01 -2.600000e+01
      vertex   1.698568e+01 -1.623997e+01 -1.820575e+01
    endloop
  endfacet
  facet normal -7.530715e-01 6.579387e-01 0.000000e+00
    outer loop
      vertex   1.698568e+01 -1.623997e+01 -1.820575e+01
      vertex   1.837304e+01 -1.465201e+01 -2.600000e+01
      vertex   1.698568e+01 -1.623997e+01 -2.600000e+01
    endloop
  endfacet
  facet normal -6.910627e-01 7.227949e-01 0.000000e+00
    outer loop
      vertex   1.698568e+01 -1.623997e+01 -1.820575e+01
      vertex   1.698568e+01 -1.623997e+01 -2.600000e+01
      vertex   1.546156e+01 -1.769718e+01 -1.820575e+01
    endloop
  endfacet
  facet normal -6.910627e-01 7.227949e-01 0.000000e+00
    outer loop
      vertex   1.546156e+01 -1.769718e+01 -1.820575e+01
      vertex   1.698568e+01 -1.623997e+01 -2.600000e+01
      vertex   1.546156e+01 -1.769718e+01 -2.600000e+01
    endloop
  endfacet
  facet normal -6.234898e-01 7.818315e-01 0.000000e+00
    outer loop
      vertex   1.546156e+01 -1.769718e+01 -1.820575e+01
      vertex   1.546156e+01 -1.769718e+01 -2.600000e+01
      vertex   1.381295e+01 -1.901190e+01 -1.820575e+01
    endloop
  endfacet
  facet normal -6.234898e-01 7.818315e-01 0.000000e+00
    outer loop
      vertex   1.381295e+01 -1.901190e+01 -1.820575e+01
      vertex   1.546156e+01 -1.769718e+01 -2.600000e+01
      vertex   1.381295e+01 -1.901190e+01 -2.600000e+01
    endloop
  endfacet
  facet normal -5.508970e-01 8.345733e-01 0.000000e+00
    outer loop
      vertex   1.381295e+01 -1.901190e+01 -1.820575e+01
      vertex   1.381295e+01 -1.901190e+01 -2.600000e+01
      vertex   1.205313e+01 -2.017355e+01 -1.820575e+01
    endloop
  endfacet
  facet normal -5.508970e-01 8.345733e-01 0.000000e+00
    outer loop
      vertex   1.205313e+01 -2.017355e+01 -1.820575e+01
      vertex   1.381295e+01 -1.901190e+01 -2.600000e+01
      vertex   1.205313e+01 -2.017355e+01 -2.600000e+01
    endloop
  endfacet
  facet normal -4.738687e-01 8.805955e-01 0.000000e+00
    outer loop
      vertex   1.205313e+01 -2.017355e+01 -1.820575e+01
      vertex   1.205313e+01 -2.017355e+01 -2.600000e+01
      vertex   1.019627e+01 -2.117277e+01 -1.820575e+01
    endloop
  endfacet
  facet normal -4.738687e-01 8.805955e-01 0.000000e+00
    outer loop
      vertex   1.019627e+01 -2.117277e+01 -1.820575e+01
      vertex   1.205313e+01 -2.017355e+01 -2.600000e+01
      vertex   1.019627e+01 -2.117277e+01 -2.600000e+01
    endloop
  endfacet
  facet normal -3.930250e-01 9.195278e-01 0.000000e+00
    outer loop
      vertex   1.019627e+01 -2.117277e+01 -1.820575e+01
      vertex   1.019627e+01 -2.117277e+01 -2.600000e+01
      vertex   8.257308e+00 -2.200152e+01 -1.820575e+01
    endloop
  endfacet
  facet normal -3.930250e-01 9.195278e-01 0.000000e+00
    outer loop
      vertex   8.257308e+00 -2.200152e+01 -1.820575e+01
      vertex   1.019627e+01 -2.117277e+01 -2.600000e+01
      vertex   8.257308e+00 -2.200152e+01 -2.600000e+01
    endloop
  endfacet
  facet normal -3.090170e-01 9.510565e-01 0.000000e+00
    outer loop
      vertex   8.257308e+00 -2.200152e+01 -1.820575e+01
      vertex   8.257308e+00 -2.200152e+01 -2.600000e+01
      vertex   6.251866e+00 -2.265313e+01 -1.820575e+01
    endloop
  endfacet
  facet normal -3.090170e-01 9.510565e-01 0.000000e+00
    outer loop
      vertex   6.251866e+00 -2.265313e+01 -1.820575e+01
      vertex   8.257308e+00 -2.200152e+01 -2.600000e+01
      vertex   6.251866e+00 -2.265313e+01 -2.600000e+01
    endloop
  endfacet
  facet normal -2.225209e-01 9.749279e-01 0.000000e+00
    outer loop
      vertex   6.251866e+00 -2.265313e+01 -1.820575e+01
      vertex   6.251866e+00 -2.265313e+01 -2.600000e+01
      vertex   4.196087e+00 -2.312235e+01 -1.820575e+01
    endloop
  endfacet
  facet normal -2.225209e-01 9.749279e-01 0.000000e+00
    outer loop
      vertex   4.196087e+00 -2.312235e+01 -1.820575e+01
      vertex   6.251866e+00 -2.265313e+01 -2.600000e+01
      vertex   4.196087e+00 -2.312235e+01 -2.600000e+01
    endloop
  endfacet
  facet normal -1.342333e-01 9.909498e-01 0.000000e+00
    outer loop
      vertex   4.196087e+00 -2.312235e+01 -1.820575e+01
      vertex   4.196087e+00 -2.312235e+01 -2.600000e+01
      vertex   2.106524e+00 -2.340540e+01 -1.820575e+01
    endloop
  endfacet
  facet normal -1.342333e-01 9.909498e-01 0.000000e+00
    outer loop
      vertex   2.106524e+00 -2.340540e+01 -1.820575e+01
      vertex   4.196087e+00 -2.312235e+01 -2.600000e+01
      vertex   2.106524e+00 -2.340540e+01 -2.600000e+01
    endloop
  endfacet
  facet normal -4.486483e-02 9.989931e-01 0.000000e+00
    outer loop
      vertex   2.106524e+00 -2.340540e+01 -1.820575e+01
      vertex   2.106524e+00 -2.340540e+01 -2.600000e+01
      vertex   0.000000e+00 -2.350000e+01 -1.820575e+01
    endloop
  endfacet
  facet normal -4.486483e-02 9.989931e-01 0.000000e+00
    outer loop
      vertex   0.000000e+00 -2.350000e+01 -1.820575e+01
      vertex   2.106524e+00 -2.340540e+01 -2.600000e+01
      vertex   0.000000e+00 -2.350000e+01 -2.600000e+01
    endloop
  endfacet
  facet normal -0.000000e+00 6.395269e-01 7.687687e-01
    outer loop
      vertex   3.108163e+01 -9.750381e+00 -9.359584e+01
      vertex   3.827533e+01 -9.750381e+00 -9.359584e+01
      vertex   3.200000e+01 -5.620214e+00 -9.703166e+01
    endloop
  endfacet
  facet normal -5.175296e-16 6.395269e-01 7.687687e-01
    outer loop
      vertex   3.200000e+01 -5.620214e+00 -9.703166e+01
      vertex   3.827533e+01 -9.750381e+00 -9.359584e+01
      vertex   3.827533e+01 -1.761103e+00 -1.002420e+02
    endloop
  endfacet
  facet normal 0.000000e+00 6.395269e-01 7.687687e-01
    outer loop
      vertex   3.200000e+01 -5.620214e+00 -9.703166e+01
      vertex   3.827533e+01 -1.761103e+00 -1.002420e+02
      vertex   3.200000e+01 -1.761103e+00 -1.002420e+02
    endloop
  endfacet
  facet normal 0.000000e+00 -3.460098e-01 9.382309e-01
    outer loop
      vertex   3.200000e+01 -1.761103e+00 -1.002420e+02
      vertex   3.827533e+01 -1.761103e+00 -1.002420e+02
      vertex   3.200000e+01 5.000000e+00 -9.774857e+01
    endloop
  endfacet
  facet normal -2.860032e-16 -3.460098e-01 9.382309e-01
    outer loop
      vertex   3.200000e+01 5.000000e+00 -9.774857e+01
      vertex   3.827533e+01 -1.761103e+00 -1.002420e+02
      vertex   3.827533e+01 7.989279e+00 -9.664616e+01
    endloop
  endfacet
  facet normal 0.000000e+00 -3.460098e-01 9.382309e-01
    outer loop
      vertex   3.200000e+01 5.000000e+00 -9.774857e+01
      vertex   3.827533e+01 7.989279e+00 -9.664616e+01
      vertex   3.119320e+01 7.989279e+00 -9.664616e+01
    endloop
  endfacet
  facet normal 0.000000e+00 -9.855367e-01 1.694622e-01
    outer loop
      vertex   3.071789e+01 9.750381e+00 -8.640416e+01
      vertex   3.119320e+01 7.989279e+00 -9.664616e+01
      vertex   3.827533e+01 9.750381e+00 -8.640416e+01
    endloop
  endfacet
  facet normal 0.000000e+00 -9.855367e-01 1.694622e-01
    outer loop
      vertex   3.827533e+01 9.750381e+00 -8.640416e+01
      vertex   3.119320e+01 7.989279e+00 -9.664616e+01
      vertex   3.827533e+01 7.989279e+00 -9.664616e+01
    endloop
  endfacet
  facet normal -1.000000e+00 0.000000e+00 0.000000e+00
    outer loop
      vertex   3.827533e+01 -4.903926e+00 -8.902455e+01
      vertex   3.827533e+01 -5.000000e+00 -9.000000e+01
      vertex   3.827533e+01 -9.750381e+00 -9.359584e+01
    endloop
  endfacet
  facet normal -1.000000e+00 0.000000e+00 0.000000e+00
    outer loop
      vertex   3.827533e+01 -9.750381e+00 -9.359584e+01
      vertex   3.827533e+01 -5.000000e+00 -9.000000e+01
      vertex   3.827533e+01 -4.903926e+00 -9.097545e+01
    endloop
  endfacet
  facet normal -1.000000e+00 0.000000e+00 0.000000e+00
    outer loop
      vertex   3.827533e+01 -9.750381e+00 -9.359584e+01
      vertex   3.827533e+01 -4.903926e+00 -9.097545e+01
      vertex   3.827533e+01 -4.619398e+00 -9.191342e+01
    endloop
  endfacet
  facet normal -1.000000e+00 0.000000e+00 -0.000000e+00
    outer loop
      vertex   3.827533e+01 -4.619398e+00 -9.191342e+01
      vertex   3.827533e+01 -4.157348e+00 -9.277785e+01
      vertex   3.827533e+01 -9.750381e+00 -9.359584e+01
    endloop
  endfacet
  facet normal -1.000000e+00 0.000000e+00 0.000000e+00
    outer loop
      vertex   3.827533e+01 -9.750381e+00 -9.359584e+01
      vertex   3.827533e+01 -4.157348e+00 -9.277785e+01
      vertex   3.827533e+01 -3.535534e+00 -9.353553e+01
    endloop
  endfacet
  facet normal -1.000000e+00 0.000000e+00 0.000000e+00
    outer loop
      vertex   3.827533e+01 -9.750381e+00 -9.359584e+01
      vertex   3.827533e+01 -3.535534e+00 -9.353553e+01
      vertex   3.827533e+01 -1.761103e+00 -1.002420e+02
    endloop
  endfacet
  facet normal -1.000000e+00 0.000000e+00 0.000000e+00
    outer loop
      vertex   3.827533e+01 -1.761103e+00 -1.002420e+02
      vertex   3.827533e+01 -3.535534e+00 -9.353553e+01
      vertex   3.827533e+01 -2.777851e+00 -9.415735e+01
    endloop
  endfacet
  facet normal -1.000000e+00 0.000000e+00 0.000000e+00
    outer loop
      vertex   3.827533e+01 -1.761103e+00 -1.002420e+02
      vertex   3.827533e+01 -2.777851e+00 -9.415735e+01
      vertex   3.827533e+01 -1.913417e+00 -9.461940e+01
    endloop
  endfacet
  facet normal -1.000000e+00 0.000000e+00 0.000000e+00
    outer loop
      vertex   3.827533e+01 -1.913417e+00 -9.461940e+01
      vertex   3.827533e+01 -9.754516e-01 -9.490393e+01
      vertex   3.827533e+01 -1.761103e+00 -1.002420e+02
    endloop
  endfacet
  facet normal -1.000000e+00 0.000000e+00 0.000000e+00
    outer loop
      vertex   3.827533e+01 -1.761103e+00 -1.002420e+02
      vertex   3.827533e+01 -9.754516e-01 -9.490393e+01
      vertex   3.827533e+01 3.061617e-16 -9.500000e+01
    endloop
  endfacet
  facet normal -1.000000e+00 0.000000e+00 0.000000e+00
    outer loop
      vertex   3.827533e+01 -1.761103e+00 -1.002420e+02
      vertex   3.827533e+01 3.061617e-16 -9.500000e+01
      vertex   3.827533e+01 9.754516e-01 -9.490393e+01
    endloop
  endfacet
  facet normal -1.000000e+00 0.000000e+00 -0.000000e+00
    outer loop
      vertex   3.827533e+01 9.754516e-01 -9.490393e+01
      vertex   3.827533e+01 1.913417e+00 -9.461940e+01
      vertex   3.827533e+01 -1.761103e+00 -1.002420e+02
    endloop
  endfacet
  facet normal -1.000000e+00 0.000000e+00 0.000000e+00
    outer loop
      vertex   3.827533e+01 -1.761103e+00 -1.002420e+02
      vertex   3.827533e+01 1.913417e+00 -9.461940e+01
      vertex   3.827533e+01 7.989279e+00 -9.664616e+01
    endloop
  endfacet
  facet normal -1.000000e+00 0.000000e+00 0.000000e+00
    outer loop
      vertex   3.827533e+01 7.989279e+00 -9.664616e+01
      vertex   3.827533e+01 1.913417e+00 -9.461940e+01
      vertex   3.827533e+01 2.777851e+00 -9.415735e+01
    endloop
  endfacet
  facet normal -1.000000e+00 0.000000e+00 0.000000e+00
    outer loop
      vertex   3.827533e+01 7.989279e+00 -9.664616e+01
      vertex   3.827533e+01 2.777851e+00 -9.415735e+01
      vertex   3.827533e+01 3.535534e+00 -9.353553e+01
    endloop
  endfacet
  facet normal -1.000000e+00 0.000000e+00 0.000000e+00
    outer loop
      vertex   3.827533e+01 3.535534e+00 -9.353553e+01
      vertex   3.827533e+01 4.157348e+00 -9.277785e+01
      vertex   3.827533e+01 7.989279e+00 -9.664616e+01
    endloop
  endfacet
  facet normal -1.000000e+00 0.000000e+00 0.000000e+00
    outer loop
      vertex   3.827533e+01 7.989279e+00 -9.664616e+01
      vertex   3.827533e+01 4.157348e+00 -9.277785e+01
      vertex   3.827533e+01 4.619398e+00 -9.191342e+01
    endloop
  endfacet
  facet normal -1.000000e+00 0.000000e+00 0.000000e+00
    outer loop
      vertex   3.827533e+01 7.989279e+00 -9.664616e+01
      vertex   3.827533e+01 4.619398e+00 -9.191342e+01
      vertex   3.827533e+01 4.903926e+00 -9.097545e+01
    endloop
  endfacet
  facet normal -1.000000e+00 0.000000e+00 0.000000e+00
    outer loop
      vertex   3.827533e+01 7.989279e+00 -9.664616e+01
      vertex   3.827533e+01 4.903926e+00 -9.097545e+01
      vertex   3.827533e+01 9.750381e+00 -8.640416e+01
    endloop
  endfacet
  facet normal -1.000000e+00 0.000000e+00 0.000000e+00
    outer loop
      vertex   3.827533e+01 9.750381e+00 -8.640416e+01
      vertex   3.827533e+01 4.903926e+00 -9.097545e+01
      vertex   3.827533e+01 5.000000e+00 -9.000000e+01
    endloop
  endfacet
  facet normal -1.000000e+00 0.000000e+00 0.000000e+00
    outer loop
      vertex   3.827533e+01 9.750381e+00 -8.640416e+01
      vertex   3.827533e+01 5.000000e+00 -9.000000e+01
      vertex   3.827533e+01 4.903926e+00 -8.902455e+01
    endloop
  endfacet
  facet normal -1.000000e+00 0.000000e+00 0.000000e+00
    outer loop
      vertex   3.827533e+01 4.903926e+00 -8.902455e+01
      vertex   3.827533e+01 4.619398e+00 -8.808658e+01
      vertex   3.827533e+01 9.750381e+00 -8.640416e+01
    endloop
  endfacet
  facet normal -1.000000e+00 0.000000e+00 0.000000e+00
    outer loop
      vertex   3.827533e+01 9.750381e+00 -8.640416e+01
      vertex   3.827533e+01 4.619398e+00 -8.808658e+01
      vertex   3.827533e+01 4.157348e+00 -8.722215e+01
    endloop
  endfacet
  facet normal -1.000000e+00 0.000000e+00 0.000000e+00
    outer loop
      vertex   3.827533e+01 9.750381e+00 -8.640416e+01
      vertex   3.827533e+01 4.157348e+00 -8.722215e+01
      vertex   3.827533e+01 3.535534e+00 -8.646447e+01
    endloop
  endfacet
  facet normal -1.000000e+00 -0.000000e+00 0.000000e+00
    outer loop
      vertex   3.827533e+01 9.750381e+00 -8.640416e+01
      vertex   3.827533e+01 3.535534e+00 -8.646447e+01
      vertex   3.827533e+01 1.761103e+00 -7.975800e+01
    endloop
  endfacet
  facet normal -1.000000e+00 0.000000e+00 0.000000e+00
    outer loop
      vertex   3.827533e+01 1.761103e+00 -7.975800e+01
      vertex   3.827533e+01 3.535534e+00 -8.646447e+01
      vertex   3.827533e+01 2.777851e+00 -8.584265e+01
    endloop
  endfacet
  facet normal -1.000000e+00 0.000000e+00 0.000000e+00
    outer loop
      vertex   3.827533e+01 1.761103e+00 -7.975800e+01
      vertex   3.827533e+01 2.777851e+00 -8.584265e+01
      vertex   3.827533e+01 1.913417e+00 -8.538060e+01
    endloop
  endfacet
  facet normal -1.000000e+00 0.000000e+00 0.000000e+00
    outer loop
      vertex   3.827533e+01 1.913417e+00 -8.538060e+01
      vertex   3.827533e+01 9.754516e-01 -8.509607e+01
      vertex   3.827533e+01 1.761103e+00 -7.975800e+01
    endloop
  endfacet
  facet normal -1.000000e+00 0.000000e+00 0.000000e+00
    outer loop
      vertex   3.827533e+01 1.761103e+00 -7.975800e+01
      vertex   3.827533e+01 9.754516e-01 -8.509607e+01
      vertex   3.827533e+01 3.061617e-16 -8.500000e+01
    endloop
  endfacet
  facet normal -1.000000e+00 0.000000e+00 0.000000e+00
    outer loop
      vertex   3.827533e+01 1.761103e+00 -7.975800e+01
      vertex   3.827533e+01 3.061617e-16 -8.500000e+01
      vertex   3.827533e+01 -9.754516e-01 -8.509607e+01
    endloop
  endfacet
  facet normal -1.000000e+00 -0.000000e+00 0.000000e+00
    outer loop
      vertex   3.827533e+01 -9.754516e-01 -8.509607e+01
      vertex   3.827533e+01 -1.913417e+00 -8.538060e+01
      vertex   3.827533e+01 1.761103e+00 -7.975800e+01
    endloop
  endfacet
  facet normal -1.000000e+00 0.000000e+00 0.000000e+00
    outer loop
      vertex   3.827533e+01 1.761103e+00 -7.975800e+01
      vertex   3.827533e+01 -1.913417e+00 -8.538060e+01
      vertex   3.827533e+01 -7.989279e+00 -8.335384e+01
    endloop
  endfacet
  facet normal -1.000000e+00 0.000000e+00 0.000000e+00
    outer loop
      vertex   3.827533e+01 -7.989279e+00 -8.335384e+01
      vertex   3.827533e+01 -1.913417e+00 -8.538060e+01
      vertex   3.827533e+01 -2.777851e+00 -8.584265e+01
    endloop
  endfacet
  facet normal -1.000000e+00 0.000000e+00 0.000000e+00
    outer loop
      vertex   3.827533e+01 -7.989279e+00 -8.335384e+01
      vertex   3.827533e+01 -2.777851e+00 -8.584265e+01
      vertex   3.827533e+01 -3.535534e+00 -8.646447e+01
    endloop
  endfacet
  facet normal -1.000000e+00 -0.000000e+00 0.000000e+00
    outer loop
      vertex   3.827533e+01 -3.535534e+00 -8.646447e+01
      vertex   3.827533e+01 -4.157348e+00 -8.722215e+01
      vertex   3.827533e+01 -7.989279e+00 -8.335384e+01
    endloop
  endfacet
  facet normal -1.000000e+00 0.000000e+00 0.000000e+00
    outer loop
      vertex   3.827533e+01 -7.989279e+00 -8.335384e+01
      vertex   3.827533e+01 -4.157348e+00 -8.722215e+01
      vertex   3.827533e+01 -4.619398e+00 -8.808658e+01
    endloop
  endfacet
  facet normal -1.000000e+00 0.000000e+00 0.000000e+00
    outer loop
      vertex   3.827533e+01 -7.989279e+00 -8.335384e+01
      vertex   3.827533e+01 -4.619398e+00 -8.808658e+01
      vertex   3.827533e+01 -4.903926e+00 -8.902455e+01
    endloop
  endfacet
  facet normal -1.000000e+00 0.000000e+00 -0.000000e+00
    outer loop
      vertex   3.827533e+01 -7.989279e+00 -8.335384e+01
      vertex   3.827533e+01 -4.903926e+00 -8.902455e+01
      vertex   3.827533e+01 -9.750381e+00 -9.359584e+01
    endloop
  endfacet
  facet normal -1.495312e-13 1.000000e+00 0.000000e+00
    outer loop
      vertex   4.502376e+01 -1.000000e+01 -1.200000e+02
      vertex   4.500000e+01 -1.000000e+01 -1.200000e+02
      vertex   4.502376e+01 -1.000000e+01 -1.182843e+02
    endloop
  endfacet
  facet normal -1.495312e-13 1.000000e+00 0.000000e+00
    outer loop
      vertex   4.502376e+01 -1.000000e+01 -1.182843e+02
      vertex   4.500000e+01 -1.000000e+01 -1.200000e+02
      vertex   4.500000e+01 -1.000000e+01 -1.182843e+02
    endloop
  endfacet
  facet normal 1.000000e+00 0.000000e+00 0.000000e+00
    outer loop
      vertex   4.500000e+01 1.364291e+01 -1.167184e+02
      vertex   4.500000e+01 -1.264210e+01 -1.172062e+02
      vertex   4.500000e+01 1.250000e+01 -1.172718e+02
    endloop
  endfacet
  facet normal 1.000000e+00 0.000000e+00 0.000000e+00
    outer loop
      vertex   4.500000e+01 1.250000e+01 -1.172718e+02
      vertex   4.500000e+01 -1.264210e+01 -1.172062e+02
      vertex   4.500000e+01 -1.133388e+01 -1.177767e+02
    endloop
  endfacet
  facet normal 1.000000e+00 0.000000e+00 0.000000e+00
    outer loop
      vertex   4.500000e+01 1.250000e+01 -1.172718e+02
      vertex   4.500000e+01 -1.133388e+01 -1.177767e+02
      vertex   4.500000e+01 1.250000e+01 -1.200000e+02
    endloop
  endfacet
  facet normal 1.000000e+00 0.000000e+00 0.000000e+00
    outer loop
      vertex   4.500000e+01 1.250000e+01 -1.200000e+02
      vertex   4.500000e+01 -1.133388e+01 -1.177767e+02
      vertex   4.500000e+01 -1.000000e+01 -1.182843e+02
    endloop
  endfacet
  facet normal 1.000000e+00 0.000000e+00 0.000000e+00
    outer loop
      vertex   4.500000e+01 1.250000e+01 -1.200000e+02
      vertex   4.500000e+01 -1.000000e+01 -1.182843e+02
      vertex   4.500000e+01 -1.000000e+01 -1.200000e+02
    endloop
  endfacet
  facet normal 1.000000e+00 0.000000e+00 -0.000000e+00
    outer loop
      vertex   4.500000e+01 -1.264210e+01 -1.172062e+02
      vertex   4.500000e+01 1.364291e+01 -1.167184e+02
      vertex   4.500000e+01 -1.378211e+01 -1.166468e+02
    endloop
  endfacet
  facet normal 1.000000e+00 -0.000000e+00 0.000000e+00
    outer loop
      vertex   4.500000e+01 -1.378211e+01 -1.166468e+02
      vertex   4.500000e+01 1.364291e+01 -1.167184e+02
      vertex   4.500000e+01 1.476138e+01 -1.161171e+02
    endloop
  endfacet
  facet normal 1.000000e+00 0.000000e+00 -0.000000e+00
    outer loop
      vertex   4.500000e+01 -1.378211e+01 -1.166468e+02
      vertex   4.500000e+01 1.476138e+01 -1.161171e+02
      vertex   4.500000e+01 -1.489742e+01 -1.160397e+02
    endloop
  endfacet
  facet normal 1.000000e+00 -0.000000e+00 0.000000e+00
    outer loop
      vertex   4.500000e+01 -1.489742e+01 -1.160397e+02
      vertex   4.500000e+01 1.476138e+01 -1.161171e+02
      vertex   4.500000e+01 1.585339e+01 -1.154690e+02
    endloop
  endfacet
  facet normal 1.000000e+00 0.000000e+00 -0.000000e+00
    outer loop
      vertex   4.500000e+01 -1.489742e+01 -1.160397e+02
      vertex   4.500000e+01 1.585339e+01 -1.154690e+02
      vertex   4.500000e+01 -1.598604e+01 -1.153859e+02
    endloop
  endfacet
  facet normal 1.000000e+00 -0.000000e+00 0.000000e+00
    outer loop
      vertex   4.500000e+01 -1.598604e+01 -1.153859e+02
      vertex   4.500000e+01 1.585339e+01 -1.154690e+02
      vertex   4.500000e+01 1.691701e+01 -1.147753e+02
    endloop
  endfacet
  facet normal 1.000000e+00 0.000000e+00 -0.000000e+00
    outer loop
      vertex   4.500000e+01 -1.598604e+01 -1.153859e+02
      vertex   4.500000e+01 1.691701e+01 -1.147753e+02
      vertex   4.500000e+01 -1.704602e+01 -1.146867e+02
    endloop
  endfacet
  facet normal 1.000000e+00 -0.000000e+00 0.000000e+00
    outer loop
      vertex   4.500000e+01 -1.704602e+01 -1.146867e+02
      vertex   4.500000e+01 1.691701e+01 -1.147753e+02
      vertex   4.500000e+01 1.795031e+01 -1.140372e+02
    endloop
  endfacet
  facet normal 1.000000e+00 0.000000e+00 -0.000000e+00
    outer loop
      vertex   4.500000e+01 -1.704602e+01 -1.146867e+02
      vertex   4.500000e+01 1.795031e+01 -1.140372e+02
      vertex   4.500000e+01 -1.807546e+01 -1.139432e+02
    endloop
  endfacet
  facet normal 1.000000e+00 -0.000000e+00 0.000000e+00
    outer loop
      vertex   4.500000e+01 -1.807546e+01 -1.139432e+02
      vertex   4.500000e+01 1.795031e+01 -1.140372e+02
      vertex   4.500000e+01 1.895145e+01 -1.132560e+02
    endloop
  endfacet
  facet normal 1.000000e+00 0.000000e+00 -0.000000e+00
    outer loop
      vertex   4.500000e+01 -1.807546e+01 -1.139432e+02
      vertex   4.500000e+01 1.895145e+01 -1.132560e+02
      vertex   4.500000e+01 -1.907252e+01 -1.131568e+02
    endloop
  endfacet
  facet normal 1.000000e+00 -0.000000e+00 0.000000e+00
    outer loop
      vertex   4.500000e+01 -1.907252e+01 -1.131568e+02
      vertex   4.500000e+01 1.895145e+01 -1.132560e+02
      vertex   4.500000e+01 1.991864e+01 -1.124332e+02
    endloop
  endfacet
  facet normal 1.000000e+00 0.000000e+00 -0.000000e+00
    outer loop
      vertex   4.500000e+01 -1.907252e+01 -1.131568e+02
      vertex   4.500000e+01 1.991864e+01 -1.124332e+02
      vertex   4.500000e+01 -2.003540e+01 -1.123290e+02
    endloop
  endfacet
  facet normal 1.000000e+00 -0.000000e+00 0.000000e+00
    outer loop
      vertex   4.500000e+01 -2.003540e+01 -1.123290e+02
      vertex   4.500000e+01 1.991864e+01 -1.124332e+02
      vertex   4.500000e+01 2.085014e+01 -1.115702e+02
    endloop
  endfacet
  facet normal 1.000000e+00 0.000000e+00 -0.000000e+00
    outer loop
      vertex   4.500000e+01 -2.003540e+01 -1.123290e+02
      vertex   4.500000e+01 2.085014e+01 -1.115702e+02
      vertex   4.500000e+01 -2.096238e+01 -1.114611e+02
    endloop
  endfacet
  facet normal 1.000000e+00 -0.000000e+00 0.000000e+00
    outer loop
      vertex   4.500000e+01 -2.096238e+01 -1.114611e+02
      vertex   4.500000e+01 2.085014e+01 -1.115702e+02
      vertex   4.500000e+01 2.174429e+01 -1.106685e+02
    endloop
  endfacet
  facet normal 1.000000e+00 0.000000e+00 -0.000000e+00
    outer loop
      vertex   4.500000e+01 -2.096238e+01 -1.114611e+02
      vertex   4.500000e+01 2.174429e+01 -1.106685e+02
      vertex   4.500000e+01 -2.185181e+01 -1.105548e+02
    endloop
  endfacet
  facet normal 1.000000e+00 -0.000000e+00 0.000000e+00
    outer loop
      vertex   4.500000e+01 -2.185181e+01 -1.105548e+02
      vertex   4.500000e+01 2.174429e+01 -1.106685e+02
      vertex   4.500000e+01 2.259947e+01 -1.097298e+02
    endloop
  endfacet
  facet normal 1.000000e+00 0.000000e+00 -0.000000e+00
    outer loop
      vertex   4.500000e+01 -2.185181e+01 -1.105548e+02
      vertex   4.500000e+01 2.259947e+01 -1.097298e+02
      vertex   4.500000e+01 -2.270209e+01 -1.096116e+02
    endloop
  endfacet
  facet normal 1.000000e+00 -0.000000e+00 0.000000e+00
    outer loop
      vertex   4.500000e+01 -2.270209e+01 -1.096116e+02
      vertex   4.500000e+01 2.259947e+01 -1.097298e+02
      vertex   4.500000e+01 2.341417e+01 -1.087557e+02
    endloop
  endfacet
  facet normal 1.000000e+00 0.000000e+00 -0.000000e+00
    outer loop
      vertex   4.500000e+01 -2.270209e+01 -1.096116e+02
      vertex   4.500000e+01 2.341417e+01 -1.087557e+02
      vertex   4.500000e+01 -2.351169e+01 -1.086333e+02
    endloop
  endfacet
  facet normal 1.000000e+00 -0.000000e+00 0.000000e+00
    outer loop
      vertex   4.500000e+01 -2.351169e+01 -1.086333e+02
      vertex   4.500000e+01 2.341417e+01 -1.087557e+02
      vertex   4.500000e+01 2.418691e+01 -1.077481e+02
    endloop
  endfacet
  facet normal 1.000000e+00 0.000000e+00 -0.000000e+00
    outer loop
      vertex   4.500000e+01 -2.351169e+01 -1.086333e+02
      vertex   4.500000e+01 2.418691e+01 -1.077481e+02
      vertex   4.500000e+01 -2.427917e+01 -1.076216e+02
    endloop
  endfacet
  facet normal 1.000000e+00 -0.000000e+00 0.000000e+00
    outer loop
      vertex   4.500000e+01 -2.427917e+01 -1.076216e+02
      vertex   4.500000e+01 2.418691e+01 -1.077481e+02
      vertex   4.500000e+01 2.491632e+01 -1.067086e+02
    endloop
  endfacet
  facet normal 1.000000e+00 0.000000e+00 -0.000000e+00
    outer loop
      vertex   4.500000e+01 -2.427917e+01 -1.076216e+02
      vertex   4.500000e+01 2.491632e+01 -1.067086e+02
      vertex   4.500000e+01 -2.500314e+01 -1.065784e+02
    endloop
  endfacet
  facet normal 1.000000e+00 -0.000000e+00 0.000000e+00
    outer loop
      vertex   4.500000e+01 -2.500314e+01 -1.065784e+02
      vertex   4.500000e+01 2.491632e+01 -1.067086e+02
      vertex   4.500000e+01 2.560108e+01 -1.056392e+02
    endloop
  endfacet
  facet normal 1.000000e+00 0.000000e+00 -0.000000e+00
    outer loop
      vertex   4.500000e+01 -2.500314e+01 -1.065784e+02
      vertex   4.500000e+01 2.560108e+01 -1.056392e+02
      vertex   4.500000e+01 -2.568232e+01 -1.055054e+02
    endloop
  endfacet
  facet normal 1.000000e+00 -0.000000e+00 0.000000e+00
    outer loop
      vertex   4.500000e+01 -2.568232e+01 -1.055054e+02
      vertex   4.500000e+01 2.560108e+01 -1.056392e+02
      vertex   4.500000e+01 2.623998e+01 -1.045418e+02
    endloop
  endfacet
  facet normal 1.000000e+00 0.000000e+00 -0.000000e+00
    outer loop
      vertex   4.500000e+01 -2.568232e+01 -1.055054e+02
      vertex   4.500000e+01 2.623998e+01 -1.045418e+02
      vertex   4.500000e+01 -2.631548e+01 -1.044047e+02
    endloop
  endfacet
  facet normal 1.000000e+00 -0.000000e+00 0.000000e+00
    outer loop
      vertex   4.500000e+01 -2.631548e+01 -1.044047e+02
      vertex   4.500000e+01 2.623998e+01 -1.045418e+02
      vertex   4.500000e+01 2.683186e+01 -1.034183e+02
    endloop
  endfacet
  facet normal 1.000000e+00 0.000000e+00 -0.000000e+00
    outer loop
      vertex   4.500000e+01 -2.631548e+01 -1.044047e+02
      vertex   4.500000e+01 2.683186e+01 -1.034183e+02
      vertex   4.500000e+01 -2.690150e+01 -1.032782e+02
    endloop
  endfacet
  facet normal 1.000000e+00 -0.000000e+00 0.000000e+00
    outer loop
      vertex   4.500000e+01 -2.690150e+01 -1.032782e+02
      vertex   4.500000e+01 2.683186e+01 -1.034183e+02
      vertex   4.500000e+01 2.737567e+01 -1.022708e+02
    endloop
  endfacet
  facet normal 1.000000e+00 0.000000e+00 -0.000000e+00
    outer loop
      vertex   4.500000e+01 -2.690150e+01 -1.032782e+02
      vertex   4.500000e+01 2.737567e+01 -1.022708e+02
      vertex   4.500000e+01 -2.743931e+01 -1.021278e+02
    endloop
  endfacet
  facet normal 1.000000e+00 -0.000000e+00 0.000000e+00
    outer loop
      vertex   4.500000e+01 -2.743931e+01 -1.021278e+02
      vertex   4.500000e+01 2.737567e+01 -1.022708e+02
      vertex   4.500000e+01 2.787043e+01 -1.011013e+02
    endloop
  endfacet
  facet normal 1.000000e+00 0.000000e+00 -0.000000e+00
    outer loop
      vertex   4.500000e+01 -2.743931e+01 -1.021278e+02
      vertex   4.500000e+01 2.787043e+01 -1.011013e+02
      vertex   4.500000e+01 -2.792797e+01 -1.009558e+02
    endloop
  endfacet
  facet normal 1.000000e+00 -0.000000e+00 0.000000e+00
    outer loop
      vertex   4.500000e+01 -2.792797e+01 -1.009558e+02
      vertex   4.500000e+01 2.787043e+01 -1.011013e+02
      vertex   4.500000e+01 2.831526e+01 -9.991192e+01
    endloop
  endfacet
  facet normal 1.000000e+00 0.000000e+00 -0.000000e+00
    outer loop
      vertex   4.500000e+01 -2.792797e+01 -1.009558e+02
      vertex   4.500000e+01 2.831526e+01 -9.991192e+01
      vertex   4.500000e+01 -2.836658e+01 -9.976407e+01
    endloop
  endfacet
  facet normal 1.000000e+00 -0.000000e+00 0.000000e+00
    outer loop
      vertex   4.500000e+01 -2.836658e+01 -9.976407e+01
      vertex   4.500000e+01 2.831526e+01 -9.991192e+01
      vertex   4.500000e+01 2.870935e+01 -9.870477e+01
    endloop
  endfacet
  facet normal 1.000000e+00 0.000000e+00 -0.000000e+00
    outer loop
      vertex   4.500000e+01 -2.836658e+01 -9.976407e+01
      vertex   4.500000e+01 2.870935e+01 -9.870477e+01
      vertex   4.500000e+01 -2.875437e+01 -9.855489e+01
    endloop
  endfacet
  facet normal 1.000000e+00 -0.000000e+00 0.000000e+00
    outer loop
      vertex   4.500000e+01 -2.875437e+01 -9.855489e+01
      vertex   4.500000e+01 2.870935e+01 -9.870477e+01
      vertex   4.500000e+01 2.905201e+01 -9.748203e+01
    endloop
  endfacet
  facet normal 1.000000e+00 0.000000e+00 -0.000000e+00
    outer loop
      vertex   4.500000e+01 -2.875437e+01 -9.855489e+01
      vertex   4.500000e+01 2.905201e+01 -9.748203e+01
      vertex   4.500000e+01 -2.909064e+01 -9.733037e+01
    endloop
  endfacet
  facet normal 1.000000e+00 -0.000000e+00 0.000000e+00
    outer loop
      vertex   4.500000e+01 -2.909064e+01 -9.733037e+01
      vertex   4.500000e+01 2.905201e+01 -9.748203e+01
      vertex   4.500000e+01 2.934261e+01 -9.624589e+01
    endloop
  endfacet
  facet normal 1.000000e+00 0.000000e+00 -0.000000e+00
    outer loop
      vertex   4.500000e+01 -2.909064e+01 -9.733037e+01
      vertex   4.500000e+01 2.934261e+01 -9.624589e+01
      vertex   4.500000e+01 -2.937480e+01 -9.609273e+01
    endloop
  endfacet
  facet normal 1.000000e+00 -0.000000e+00 0.000000e+00
    outer loop
      vertex   4.500000e+01 -2.937480e+01 -9.609273e+01
      vertex   4.500000e+01 2.934261e+01 -9.624589e+01
      vertex   4.500000e+01 3.061617e-16 -9.500000e+01
    endloop
  endfacet
  facet normal 1.000000e+00 0.000000e+00 0.000000e+00
    outer loop
      vertex   4.500000e+01 -2.937480e+01 -9.609273e+01
      vertex   4.500000e+01 3.061617e-16 -9.500000e+01
      vertex   4.500000e+01 -9.754516e-01 -9.490393e+01
    endloop
  endfacet
  facet normal 1.000000e+00 0.000000e+00 -0.000000e+00
    outer loop
      vertex   4.500000e+01 2.934261e+01 -9.624589e+01
      vertex   4.500000e+01 2.958064e+01 -9.499855e+01
      vertex   4.500000e+01 3.061617e-16 -9.500000e+01
    endloop
  endfacet
  facet normal 1.000000e+00 0.000000e+00 0.000000e+00
    outer loop
      vertex   4.500000e+01 3.061617e-16 -9.500000e+01
      vertex   4.500000e+01 2.958064e+01 -9.499855e+01
      vertex   4.500000e+01 9.754516e-01 -9.490393e+01
    endloop
  endfacet
  facet normal 1.000000e+00 -0.000000e+00 0.000000e+00
    outer loop
      vertex   4.500000e+01 9.754516e-01 -9.490393e+01
      vertex   4.500000e+01 2.958064e+01 -9.499855e+01
      vertex   4.500000e+01 1.913417e+00 -9.461940e+01
    endloop
  endfacet
  facet normal 1.000000e+00 -0.000000e+00 0.000000e+00
    outer loop
      vertex   4.500000e+01 1.913417e+00 -9.461940e+01
      vertex   4.500000e+01 2.958064e+01 -9.499855e+01
      vertex   4.500000e+01 2.777851e+00 -9.415735e+01
    endloop
  endfacet
  facet normal 1.000000e+00 -0.000000e+00 0.000000e+00
    outer loop
      vertex   4.500000e+01 2.777851e+00 -9.415735e+01
      vertex   4.500000e+01 2.958064e+01 -9.499855e+01
      vertex   4.500000e+01 2.976568e+01 -9.374225e+01
    endloop
  endfacet
  facet normal 1.000000e+00 0.000000e+00 0.000000e+00
    outer loop
      vertex   4.500000e+01 2.777851e+00 -9.415735e+01
      vertex   4.500000e+01 2.976568e+01 -9.374225e+01
      vertex   4.500000e+01 3.535534e+00 -9.353553e+01
    endloop
  endfacet
  facet normal 1.000000e+00 -0.000000e+00 0.000000e+00
    outer loop
      vertex   4.500000e+01 3.535534e+00 -9.353553e+01
      vertex   4.500000e+01 2.976568e+01 -9.374225e+01
      vertex   4.500000e+01 4.157348e+00 -9.277785e+01
    endloop
  endfacet
  facet normal 1.000000e+00 -0.000000e+00 0.000000e+00
    outer loop
      vertex   4.500000e+01 4.157348e+00 -9.277785e+01
      vertex   4.500000e+01 2.976568e+01 -9.374225e+01
      vertex   4.500000e+01 2.989738e+01 -9.247925e+01
    endloop
  endfacet
  facet normal 1.000000e+00 0.000000e+00 0.000000e+00
    outer loop
      vertex   4.500000e+01 4.157348e+00 -9.277785e+01
      vertex   4.500000e+01 2.989738e+01 -9.247925e+01
      vertex   4.500000e+01 4.619398e+00 -9.191342e+01
    endloop
  endfacet
  facet normal 1.000000e+00 -0.000000e+00 0.000000e+00
    outer loop
      vertex   4.500000e+01 4.619398e+00 -9.191342e+01
      vertex   4.500000e+01 2.989738e+01 -9.247925e+01
      vertex   4.500000e+01 2.997552e+01 -9.121181e+01
    endloop
  endfacet
  facet normal 1.000000e+00 0.000000e+00 0.000000e+00
    outer loop
      vertex   4.500000e+01 4.619398e+00 -9.191342e+01
      vertex   4.500000e+01 2.997552e+01 -9.121181e+01
      vertex   4.500000e+01 4.903926e+00 -9.097545e+01
    endloop
  endfacet
  facet normal 1.000000e+00 -0.000000e+00 0.000000e+00
    outer loop
      vertex   4.500000e+01 4.903926e+00 -9.097545e+01
      vertex   4.500000e+01 2.997552e+01 -9.121181e+01
      vertex   4.500000e+01 5.000000e+00 -9.000000e+01
    endloop
  endfacet
  facet normal 1.000000e+00 -0.000000e+00 0.000000e+00
    outer loop
      vertex   4.500000e+01 5.000000e+00 -9.000000e+01
      vertex   4.500000e+01 2.997552e+01 -9.121181e+01
      vertex   4.500000e+01 2.999994e+01 -8.994220e+01
    endloop
  endfacet
  facet normal 1.000000e+00 0.000000e+00 -0.000000e+00
    outer loop
      vertex   4.500000e+01 5.000000e+00 -9.000000e+01
      vertex   4.500000e+01 2.999994e+01 -8.994220e+01
      vertex   4.500000e+01 4.903926e+00 -8.902455e+01
    endloop
  endfacet
  facet normal 1.000000e+00 -0.000000e+00 0.000000e+00
    outer loop
      vertex   4.500000e+01 4.903926e+00 -8.902455e+01
      vertex   4.500000e+01 2.999994e+01 -8.994220e+01
      vertex   4.500000e+01 2.997062e+01 -8.867269e+01
    endloop
  endfacet
  facet normal 1.000000e+00 0.000000e+00 -0.000000e+00
    outer loop
      vertex   4.500000e+01 4.903926e+00 -8.902455e+01
      vertex   4.500000e+01 2.997062e+01 -8.867269e+01
      vertex   4.500000e+01 4.619398e+00 -8.808658e+01
    endloop
  endfacet
  facet normal 1.000000e+00 -0.000000e+00 0.000000e+00
    outer loop
      vertex   4.500000e+01 4.619398e+00 -8.808658e+01
      vertex   4.500000e+01 2.997062e+01 -8.867269e+01
      vertex   4.500000e+01 2.988760e+01 -8.740556e+01
    endloop
  endfacet
  facet normal 1.000000e+00 0.000000e+00 -0.000000e+00
    outer loop
      vertex   4.500000e+01 4.619398e+00 -8.808658e+01
      vertex   4.500000e+01 2.988760e+01 -8.740556e+01
      vertex   4.500000e+01 4.157348e+00 -8.722215e+01
    endloop
  endfacet
  facet normal 1.000000e+00 -0.000000e+00 -0.000000e+00
    outer loop
      vertex   4.500000e+01 4.157348e+00 -8.722215e+01
      vertex   4.500000e+01 2.988760e+01 -8.740556e+01
      vertex   4.500000e+01 3.535534e+00 -8.646447e+01
    endloop
  endfacet
  facet normal 1.000000e+00 -0.000000e+00 0.000000e+00
    outer loop
      vertex   4.500000e+01 3.535534e+00 -8.646447e+01
      vertex   4.500000e+01 2.988760e+01 -8.740556e+01
      vertex   4.500000e+01 2.975104e+01 -8.614308e+01
    endloop
  endfacet
  facet normal 1.000000e+00 0.000000e+00 -0.000000e+00
    outer loop
      vertex   4.500000e+01 3.535534e+00 -8.646447e+01
      vertex   4.500000e+01 2.975104e+01 -8.614308e+01
      vertex   4.500000e+01 2.777851e+00 -8.584265e+01
    endloop
  endfacet
  facet normal 1.000000e+00 -0.000000e+00 -0.000000e+00
    outer loop
      vertex   4.500000e+01 2.777851e+00 -8.584265e+01
      vertex   4.500000e+01 2.975104e+01 -8.614308e+01
      vertex   4.500000e+01 1.913417e+00 -8.538060e+01
    endloop
  endfacet
  facet normal 1.000000e+00 -0.000000e+00 -0.000000e+00
    outer loop
      vertex   4.500000e+01 1.913417e+00 -8.538060e+01
      vertex   4.500000e+01 2.975104e+01 -8.614308e+01
      vertex   4.500000e+01 9.754516e-01 -8.509607e+01
    endloop
  endfacet
  facet normal 1.000000e+00 -0.000000e+00 -0.000000e+00
    outer loop
      vertex   4.500000e+01 9.754516e-01 -8.509607e+01
      vertex   4.500000e+01 2.975104e+01 -8.614308e+01
      vertex   4.500000e+01 3.061617e-16 -8.500000e+01
    endloop
  endfacet
  facet normal 1.000000e+00 -0.000000e+00 0.000000e+00
    outer loop
      vertex   4.500000e+01 3.061617e-16 -8.500000e+01
      vertex   4.500000e+01 2.975104e+01 -8.614308e+01
      vertex   4.500000e+01 2.956116e+01 -8.488751e+01
    endloop
  endfacet
  facet normal 1.000000e+00 0.000000e+00 -0.000000e+00
    outer loop
      vertex   4.500000e+01 3.061617e-16 -8.500000e+01
      vertex   4.500000e+01 2.956116e+01 -8.488751e+01
      vertex   4.500000e+01 -2.953409e+01 -8.473337e+01
    endloop
  endfacet
  facet normal 1.000000e+00 -0.000000e+00 0.000000e+00
    outer loop
      vertex   4.500000e+01 -2.953409e+01 -8.473337e+01
      vertex   4.500000e+01 2.956116e+01 -8.488751e+01
      vertex   4.500000e+01 2.931833e+01 -8.364110e+01
    endloop
  endfacet
  facet normal 1.000000e+00 0.000000e+00 0.000000e+00
    outer loop
      vertex   4.500000e+01 -2.953409e+01 -8.473337e+01
      vertex   4.500000e+01 2.931833e+01 -8.364110e+01
      vertex   4.500000e+01 -2.928476e+01 -8.348824e+01
    endloop
  endfacet
  facet normal 1.000000e+00 -0.000000e+00 0.000000e+00
    outer loop
      vertex   4.500000e+01 -2.928476e+01 -8.348824e+01
      vertex   4.500000e+01 2.931833e+01 -8.364110e+01
      vertex   4.500000e+01 2.902296e+01 -8.240608e+01
    endloop
  endfacet
  facet normal 1.000000e+00 0.000000e+00 0.000000e+00
    outer loop
      vertex   4.500000e+01 -2.928476e+01 -8.348824e+01
      vertex   4.500000e+01 2.902296e+01 -8.240608e+01
      vertex   4.500000e+01 -2.898295e+01 -8.225478e+01
    endloop
  endfacet
  facet normal 1.000000e+00 -0.000000e+00 0.000000e+00
    outer loop
      vertex   4.500000e+01 -2.898295e+01 -8.225478e+01
      vertex   4.500000e+01 2.902296e+01 -8.240608e+01
      vertex   4.500000e+01 2.867560e+01 -8.118467e+01
    endloop
  endfacet
  facet normal 1.000000e+00 0.000000e+00 0.000000e+00
    outer loop
      vertex   4.500000e+01 -2.898295e+01 -8.225478e+01
      vertex   4.500000e+01 2.867560e+01 -8.118467e+01
      vertex   4.500000e+01 -2.862922e+01 -8.103520e+01
    endloop
  endfacet
  facet normal 1.000000e+00 -0.000000e+00 0.000000e+00
    outer loop
      vertex   4.500000e+01 -2.862922e+01 -8.103520e+01
      vertex   4.500000e+01 2.867560e+01 -8.118467e+01
      vertex   4.500000e+01 2.827686e+01 -7.997905e+01
    endloop
  endfacet
  facet normal 1.000000e+00 0.000000e+00 0.000000e+00
    outer loop
      vertex   4.500000e+01 -2.862922e+01 -8.103520e+01
      vertex   4.500000e+01 2.827686e+01 -7.997905e+01
      vertex   4.500000e+01 -2.822419e+01 -7.983167e+01
    endloop
  endfacet
  facet normal 1.000000e+00 -0.000000e+00 0.000000e+00
    outer loop
      vertex   4.500000e+01 -2.822419e+01 -7.983167e+01
      vertex   4.500000e+01 2.827686e+01 -7.997905e+01
      vertex   4.500000e+01 2.782745e+01 -7.879139e+01
    endloop
  endfacet
  facet normal 1.000000e+00 0.000000e+00 0.000000e+00
    outer loop
      vertex   4.500000e+01 -2.822419e+01 -7.983167e+01
      vertex   4.500000e+01 2.782745e+01 -7.879139e+01
      vertex   4.500000e+01 -2.776860e+01 -7.864637e+01
    endloop
  endfacet
  facet normal 1.000000e+00 -0.000000e+00 0.000000e+00
    outer loop
      vertex   4.500000e+01 -2.776860e+01 -7.864637e+01
      vertex   4.500000e+01 2.782745e+01 -7.879139e+01
      vertex   4.500000e+01 2.732819e+01 -7.762380e+01
    endloop
  endfacet
  facet normal 1.000000e+00 0.000000e+00 0.000000e+00
    outer loop
      vertex   4.500000e+01 -2.776860e+01 -7.864637e+01
      vertex   4.500000e+01 2.732819e+01 -7.762380e+01
      vertex   4.500000e+01 -2.726325e+01 -7.748141e+01
    endloop
  endfacet
  facet normal 1.000000e+00 -0.000000e+00 0.000000e+00
    outer loop
      vertex   4.500000e+01 -2.726325e+01 -7.748141e+01
      vertex   4.500000e+01 2.732819e+01 -7.762380e+01
      vertex   4.500000e+01 2.677996e+01 -7.647840e+01
    endloop
  endfacet
  facet normal 1.000000e+00 0.000000e+00 0.000000e+00
    outer loop
      vertex   4.500000e+01 -2.726325e+01 -7.748141e+01
      vertex   4.500000e+01 2.677996e+01 -7.647840e+01
      vertex   4.500000e+01 2.618375e+01 -7.535722e+01
    endloop
  endfacet
  facet normal 1.000000e+00 0.000000e+00 0.000000e+00
    outer loop
      vertex   4.500000e+01 2.618375e+01 -7.535722e+01
      vertex   4.500000e+01 2.554063e+01 -7.426227e+01
      vertex   4.500000e+01 -2.726325e+01 -7.748141e+01
    endloop
  endfacet
  facet normal 1.000000e+00 0.000000e+00 0.000000e+00
    outer loop
      vertex   4.500000e+01 -2.726325e+01 -7.748141e+01
      vertex   4.500000e+01 2.554063e+01 -7.426227e+01
      vertex   4.500000e+01 2.485175e+01 -7.319552e+01
    endloop
  endfacet
  facet normal 1.000000e+00 0.000000e+00 0.000000e+00
    outer loop
      vertex   4.500000e+01 -2.726325e+01 -7.748141e+01
      vertex   4.500000e+01 2.485175e+01 -7.319552e+01
      vertex   4.500000e+01 2.411834e+01 -7.215888e+01
    endloop
  endfacet
  facet normal 1.000000e+00 0.000000e+00 0.000000e+00
    outer loop
      vertex   4.500000e+01 2.411834e+01 -7.215888e+01
      vertex   4.500000e+01 2.334172e+01 -7.115420e+01
      vertex   4.500000e+01 -2.726325e+01 -7.748141e+01
    endloop
  endfacet
  facet normal 1.000000e+00 0.000000e+00 0.000000e+00
    outer loop
      vertex   4.500000e+01 -2.726325e+01 -7.748141e+01
      vertex   4.500000e+01 2.334172e+01 -7.115420e+01
      vertex   4.500000e+01 2.252328e+01 -7.018330e+01
    endloop
  endfacet
  facet normal 1.000000e+00 0.000000e+00 0.000000e+00
    outer loop
      vertex   4.500000e+01 -2.726325e+01 -7.748141e+01
      vertex   4.500000e+01 2.252328e+01 -7.018330e+01
      vertex   4.500000e+01 2.166449e+01 -6.924789e+01
    endloop
  endfacet
  facet normal 1.000000e+00 0.000000e+00 0.000000e+00
    outer loop
      vertex   4.500000e+01 2.166449e+01 -6.924789e+01
      vertex   4.500000e+01 2.076688e+01 -6.834967e+01
      vertex   4.500000e+01 -2.726325e+01 -7.748141e+01
    endloop
  endfacet
  facet normal 1.000000e+00 0.000000e+00 0.000000e+00
    outer loop
      vertex   4.500000e+01 -2.726325e+01 -7.748141e+01
      vertex   4.500000e+01 2.076688e+01 -6.834967e+01
      vertex   4.500000e+01 1.983206e+01 -6.749023e+01
    endloop
  endfacet
  facet normal 1.000000e+00 0.000000e+00 0.000000e+00
    outer loop
      vertex   4.500000e+01 -2.726325e+01 -7.748141e+01
      vertex   4.500000e+01 1.983206e+01 -6.749023e+01
      vertex   4.500000e+01 1.886170e+01 -6.667113e+01
    endloop
  endfacet
  facet normal 1.000000e+00 0.000000e+00 0.000000e+00
    outer loop
      vertex   4.500000e+01 1.886170e+01 -6.667113e+01
      vertex   4.500000e+01 1.785756e+01 -6.589383e+01
      vertex   4.500000e+01 -2.726325e+01 -7.748141e+01
    endloop
  endfacet
  facet normal 1.000000e+00 0.000000e+00 0.000000e+00
    outer loop
      vertex   4.500000e+01 -2.726325e+01 -7.748141e+01
      vertex   4.500000e+01 1.785756e+01 -6.589383e+01
      vertex   4.500000e+01 1.682142e+01 -6.515971e+01
    endloop
  endfacet
  facet normal 1.000000e+00 0.000000e+00 0.000000e+00
    outer loop
      vertex   4.500000e+01 -2.726325e+01 -7.748141e+01
      vertex   4.500000e+01 1.682142e+01 -6.515971e+01
      vertex   4.500000e+01 1.575514e+01 -6.447010e+01
    endloop
  endfacet
  facet normal 1.000000e+00 0.000000e+00 0.000000e+00
    outer loop
      vertex   4.500000e+01 1.575514e+01 -6.447010e+01
      vertex   4.500000e+01 1.466063e+01 -6.382624e+01
      vertex   4.500000e+01 -2.726325e+01 -7.748141e+01
    endloop
  endfacet
  facet normal 1.000000e+00 0.000000e+00 0.000000e+00
    outer loop
      vertex   4.500000e+01 -2.726325e+01 -7.748141e+01
      vertex   4.500000e+01 1.466063e+01 -6.382624e+01
      vertex   4.500000e+01 1.353986e+01 -6.322927e+01
    endloop
  endfacet
  facet normal 1.000000e+00 0.000000e+00 0.000000e+00
    outer loop
      vertex   4.500000e+01 -2.726325e+01 -7.748141e+01
      vertex   4.500000e+01 1.353986e+01 -6.322927e+01
      vertex   4.500000e+01 1.239482e+01 -6.268026e+01
    endloop
  endfacet
  facet normal 1.000000e+00 0.000000e+00 0.000000e+00
    outer loop
      vertex   4.500000e+01 1.239482e+01 -6.268026e+01
      vertex   4.500000e+01 1.122758e+01 -6.218020e+01
      vertex   4.500000e+01 -2.726325e+01 -7.748141e+01
    endloop
  endfacet
  facet normal 1.000000e+00 0.000000e+00 0.000000e+00
    outer loop
      vertex   4.500000e+01 -2.726325e+01 -7.748141e+01
      vertex   4.500000e+01 1.122758e+01 -6.218020e+01
      vertex   4.500000e+01 1.004023e+01 -6.172998e+01
    endloop
  endfacet
  facet normal 1.000000e+00 0.000000e+00 0.000000e+00
    outer loop
      vertex   4.500000e+01 -2.726325e+01 -7.748141e+01
      vertex   4.500000e+01 1.004023e+01 -6.172998e+01
      vertex   4.500000e+01 8.834880e+00 -6.133042e+01
    endloop
  endfacet
  facet normal 1.000000e+00 0.000000e+00 0.000000e+00
    outer loop
      vertex   4.500000e+01 8.834880e+00 -6.133042e+01
      vertex   4.500000e+01 7.613705e+00 -6.098222e+01
      vertex   4.500000e+01 -2.726325e+01 -7.748141e+01
    endloop
  endfacet
  facet normal 1.000000e+00 0.000000e+00 0.000000e+00
    outer loop
      vertex   4.500000e+01 -2.726325e+01 -7.748141e+01
      vertex   4.500000e+01 7.613705e+00 -6.098222e+01
      vertex   4.500000e+01 6.378888e+00 -6.068601e+01
    endloop
  endfacet
  facet normal 1.000000e+00 0.000000e+00 0.000000e+00
    outer loop
      vertex   4.500000e+01 -2.726325e+01 -7.748141e+01
      vertex   4.500000e+01 6.378888e+00 -6.068601e+01
      vertex   4.500000e+01 5.132642e+00 -6.044233e+01
    endloop
  endfacet
  facet normal 1.000000e+00 0.000000e+00 0.000000e+00
    outer loop
      vertex   4.500000e+01 5.132642e+00 -6.044233e+01
      vertex   4.500000e+01 3.877201e+00 -6.025160e+01
      vertex   4.500000e+01 -2.726325e+01 -7.748141e+01
    endloop
  endfacet
  facet normal 1.000000e+00 0.000000e+00 0.000000e+00
    outer loop
      vertex   4.500000e+01 -2.726325e+01 -7.748141e+01
      vertex   4.500000e+01 3.877201e+00 -6.025160e+01
      vertex   4.500000e+01 2.614812e+00 -6.011417e+01
    endloop
  endfacet
  facet normal 1.000000e+00 0.000000e+00 0.000000e+00
    outer loop
      vertex   4.500000e+01 -2.726325e+01 -7.748141e+01
      vertex   4.500000e+01 2.614812e+00 -6.011417e+01
      vertex   4.500000e+01 1.347739e+00 -6.003029e+01
    endloop
  endfacet
  facet normal 1.000000e+00 0.000000e+00 0.000000e+00
    outer loop
      vertex   4.500000e+01 1.347739e+00 -6.003029e+01
      vertex   4.500000e+01 7.825112e-02 -6.000010e+01
      vertex   4.500000e+01 -2.726325e+01 -7.748141e+01
    endloop
  endfacet
  facet normal 1.000000e+00 0.000000e+00 0.000000e+00
    outer loop
      vertex   4.500000e+01 -2.726325e+01 -7.748141e+01
      vertex   4.500000e+01 7.825112e-02 -6.000010e+01
      vertex   4.500000e+01 -1.191377e+00 -6.002367e+01
    endloop
  endfacet
  facet normal 1.000000e+00 0.000000e+00 0.000000e+00
    outer loop
      vertex   4.500000e+01 -2.726325e+01 -7.748141e+01
      vertex   4.500000e+01 -1.191377e+00 -6.002367e+01
      vertex   4.500000e+01 -2.458871e+00 -6.010094e+01
    endloop
  endfacet
  facet normal 1.000000e+00 0.000000e+00 0.000000e+00
    outer loop
      vertex   4.500000e+01 -2.458871e+00 -6.010094e+01
      vertex   4.500000e+01 -3.721959e+00 -6.023178e+01
      vertex   4.500000e+01 -2.726325e+01 -7.748141e+01
    endloop
  endfacet
  facet normal 1.000000e+00 0.000000e+00 0.000000e+00
    outer loop
      vertex   4.500000e+01 -2.726325e+01 -7.748141e+01
      vertex   4.500000e+01 -3.721959e+00 -6.023178e+01
      vertex   4.500000e+01 -4.978378e+00 -6.041595e+01
    endloop
  endfacet
  facet normal 1.000000e+00 0.000000e+00 0.000000e+00
    outer loop
      vertex   4.500000e+01 -2.726325e+01 -7.748141e+01
      vertex   4.500000e+01 -4.978378e+00 -6.041595e+01
      vertex   4.500000e+01 -6.225878e+00 -6.065314e+01
    endloop
  endfacet
  facet normal 1.000000e+00 0.000000e+00 0.000000e+00
    outer loop
      vertex   4.500000e+01 -6.225878e+00 -6.065314e+01
      vertex   4.500000e+01 -7.462223e+00 -6.094290e+01
      vertex   4.500000e+01 -2.726325e+01 -7.748141e+01
    endloop
  endfacet
  facet normal 1.000000e+00 0.000000e+00 0.000000e+00
    outer loop
      vertex   4.500000e+01 -2.726325e+01 -7.748141e+01
      vertex   4.500000e+01 -7.462223e+00 -6.094290e+01
      vertex   4.500000e+01 -8.685199e+00 -6.128472e+01
    endloop
  endfacet
  facet normal 1.000000e+00 0.000000e+00 0.000000e+00
    outer loop
      vertex   4.500000e+01 -2.726325e+01 -7.748141e+01
      vertex   4.500000e+01 -8.685199e+00 -6.128472e+01
      vertex   4.500000e+01 -9.892613e+00 -6.167799e+01
    endloop
  endfacet
  facet normal 1.000000e+00 0.000000e+00 0.000000e+00
    outer loop
      vertex   4.500000e+01 -9.892613e+00 -6.167799e+01
      vertex   4.500000e+01 -1.108230e+01 -6.212201e+01
      vertex   4.500000e+01 -2.726325e+01 -7.748141e+01
    endloop
  endfacet
  facet normal 1.000000e+00 0.000000e+00 0.000000e+00
    outer loop
      vertex   4.500000e+01 -2.726325e+01 -7.748141e+01
      vertex   4.500000e+01 -1.108230e+01 -6.212201e+01
      vertex   4.500000e+01 -1.225214e+01 -6.261597e+01
    endloop
  endfacet
  facet normal 1.000000e+00 0.000000e+00 0.000000e+00
    outer loop
      vertex   4.500000e+01 -2.726325e+01 -7.748141e+01
      vertex   4.500000e+01 -1.225214e+01 -6.261597e+01
      vertex   4.500000e+01 -1.340002e+01 -6.315900e+01
    endloop
  endfacet
  facet normal 1.000000e+00 0.000000e+00 0.000000e+00
    outer loop
      vertex   4.500000e+01 -1.340002e+01 -6.315900e+01
      vertex   4.500000e+01 -1.452389e+01 -6.375011e+01
      vertex   4.500000e+01 -2.726325e+01 -7.748141e+01
    endloop
  endfacet
  facet normal 1.000000e+00 0.000000e+00 0.000000e+00
    outer loop
      vertex   4.500000e+01 -2.726325e+01 -7.748141e+01
      vertex   4.500000e+01 -1.452389e+01 -6.375011e+01
      vertex   4.500000e+01 -1.562174e+01 -6.438826e+01
    endloop
  endfacet
  facet normal 1.000000e+00 0.000000e+00 0.000000e+00
    outer loop
      vertex   4.500000e+01 -2.726325e+01 -7.748141e+01
      vertex   4.500000e+01 -1.562174e+01 -6.438826e+01
      vertex   4.500000e+01 -1.669160e+01 -6.507230e+01
    endloop
  endfacet
  facet normal 1.000000e+00 0.000000e+00 0.000000e+00
    outer loop
      vertex   4.500000e+01 -1.669160e+01 -6.507230e+01
      vertex   4.500000e+01 -1.773156e+01 -6.580100e+01
      vertex   4.500000e+01 -2.726325e+01 -7.748141e+01
    endloop
  endfacet
  facet normal 1.000000e+00 0.000000e+00 0.000000e+00
    outer loop
      vertex   4.500000e+01 -2.726325e+01 -7.748141e+01
      vertex   4.500000e+01 -1.773156e+01 -6.580100e+01
      vertex   4.500000e+01 -1.873975e+01 -6.657305e+01
    endloop
  endfacet
  facet normal 1.000000e+00 0.000000e+00 0.000000e+00
    outer loop
      vertex   4.500000e+01 -2.726325e+01 -7.748141e+01
      vertex   4.500000e+01 -1.873975e+01 -6.657305e+01
      vertex   4.500000e+01 -1.971436e+01 -6.738708e+01
    endloop
  endfacet
  facet normal 1.000000e+00 0.000000e+00 0.000000e+00
    outer loop
      vertex   4.500000e+01 -1.971436e+01 -6.738708e+01
      vertex   4.500000e+01 -2.065365e+01 -6.824163e+01
      vertex   4.500000e+01 -2.726325e+01 -7.748141e+01
    endloop
  endfacet
  facet normal 1.000000e+00 0.000000e+00 0.000000e+00
    outer loop
      vertex   4.500000e+01 -2.726325e+01 -7.748141e+01
      vertex   4.500000e+01 -2.065365e+01 -6.824163e+01
      vertex   4.500000e+01 -2.155593e+01 -6.913516e+01
    endloop
  endfacet
  facet normal 1.000000e+00 0.000000e+00 0.000000e+00
    outer loop
      vertex   4.500000e+01 -2.726325e+01 -7.748141e+01
      vertex   4.500000e+01 -2.155593e+01 -6.913516e+01
      vertex   4.500000e+01 -2.241960e+01 -7.006607e+01
    endloop
  endfacet
  facet normal 1.000000e+00 0.000000e+00 0.000000e+00
    outer loop
      vertex   4.500000e+01 -2.726325e+01 -7.748141e+01
      vertex   4.500000e+01 -2.241960e+01 -7.006607e+01
      vertex   4.500000e+01 -2.670906e+01 -7.633888e+01
    endloop
  endfacet
  facet normal 1.000000e+00 0.000000e+00 0.000000e+00
    outer loop
      vertex   4.500000e+01 -2.670906e+01 -7.633888e+01
      vertex   4.500000e+01 -2.241960e+01 -7.006607e+01
      vertex   4.500000e+01 -2.324309e+01 -7.103269e+01
    endloop
  endfacet
  facet normal 1.000000e+00 0.000000e+00 0.000000e+00
    outer loop
      vertex   4.500000e+01 -2.670906e+01 -7.633888e+01
      vertex   4.500000e+01 -2.324309e+01 -7.103269e+01
      vertex   4.500000e+01 -2.402494e+01 -7.203330e+01
    endloop
  endfacet
  facet normal 1.000000e+00 0.000000e+00 0.000000e+00
    outer loop
      vertex   4.500000e+01 -2.402494e+01 -7.203330e+01
      vertex   4.500000e+01 -2.476375e+01 -7.306610e+01
      vertex   4.500000e+01 -2.670906e+01 -7.633888e+01
    endloop
  endfacet
  facet normal 1.000000e+00 0.000000e+00 0.000000e+00
    outer loop
      vertex   4.500000e+01 -2.670906e+01 -7.633888e+01
      vertex   4.500000e+01 -2.476375e+01 -7.306610e+01
      vertex   4.500000e+01 -2.545818e+01 -7.412925e+01
    endloop
  endfacet
  facet normal 1.000000e+00 0.000000e+00 0.000000e+00
    outer loop
      vertex   4.500000e+01 -2.670906e+01 -7.633888e+01
      vertex   4.500000e+01 -2.545818e+01 -7.412925e+01
      vertex   4.500000e+01 -2.610701e+01 -7.522082e+01
    endloop
  endfacet
  facet normal 1.000000e+00 0.000000e+00 0.000000e+00
    outer loop
      vertex   4.500000e+01 -2.953409e+01 -8.473337e+01
      vertex   4.500000e+01 -2.973051e+01 -8.598793e+01
      vertex   4.500000e+01 3.061617e-16 -8.500000e+01
    endloop
  endfacet
  facet normal 1.000000e+00 0.000000e+00 0.000000e+00
    outer loop
      vertex   4.500000e+01 3.061617e-16 -8.500000e+01
      vertex   4.500000e+01 -2.973051e+01 -8.598793e+01
      vertex   4.500000e+01 -9.754516e-01 -8.509607e+01
    endloop
  endfacet
  facet normal 1.000000e+00 0.000000e+00 0.000000e+00
    outer loop
      vertex   4.500000e+01 -9.754516e-01 -8.509607e+01
      vertex   4.500000e+01 -2.973051e+01 -8.598793e+01
      vertex   4.500000e+01 -1.913417e+00 -8.538060e+01
    endloop
  endfacet
  facet normal 1.000000e+00 0.000000e+00 0.000000e+00
    outer loop
      vertex   4.500000e+01 -1.913417e+00 -8.538060e+01
      vertex   4.500000e+01 -2.973051e+01 -8.598793e+01
      vertex   4.500000e+01 -2.777851e+00 -8.584265e+01
    endloop
  endfacet
  facet normal 1.000000e+00 0.000000e+00 0.000000e+00
    outer loop
      vertex   4.500000e+01 -2.777851e+00 -8.584265e+01
      vertex   4.500000e+01 -2.973051e+01 -8.598793e+01
      vertex   4.500000e+01 -3.535534e+00 -8.646447e+01
    endloop
  endfacet
  facet normal 1.000000e+00 0.000000e+00 0.000000e+00
    outer loop
      vertex   4.500000e+01 -3.535534e+00 -8.646447e+01
      vertex   4.500000e+01 -2.973051e+01 -8.598793e+01
      vertex   4.500000e+01 -2.987366e+01 -8.724968e+01
    endloop
  endfacet
  facet normal 1.000000e+00 0.000000e+00 0.000000e+00
    outer loop
      vertex   4.500000e+01 -3.535534e+00 -8.646447e+01
      vertex   4.500000e+01 -2.987366e+01 -8.724968e+01
      vertex   4.500000e+01 -4.157348e+00 -8.722215e+01
    endloop
  endfacet
  facet normal 1.000000e+00 0.000000e+00 0.000000e+00
    outer loop
      vertex   4.500000e+01 -4.157348e+00 -8.722215e+01
      vertex   4.500000e+01 -2.987366e+01 -8.724968e+01
      vertex   4.500000e+01 -4.619398e+00 -8.808658e+01
    endloop
  endfacet
  facet normal 1.000000e+00 0.000000e+00 0.000000e+00
    outer loop
      vertex   4.500000e+01 -4.619398e+00 -8.808658e+01
      vertex   4.500000e+01 -2.987366e+01 -8.724968e+01
      vertex   4.500000e+01 -2.996329e+01 -8.851636e+01
    endloop
  endfacet
  facet normal 1.000000e+00 0.000000e+00 0.000000e+00
    outer loop
      vertex   4.500000e+01 -4.619398e+00 -8.808658e+01
      vertex   4.500000e+01 -2.996329e+01 -8.851636e+01
      vertex   4.500000e+01 -4.903926e+00 -8.902455e+01
    endloop
  endfacet
  facet normal 1.000000e+00 0.000000e+00 0.000000e+00
    outer loop
      vertex   4.500000e+01 -4.903926e+00 -8.902455e+01
      vertex   4.500000e+01 -2.996329e+01 -8.851636e+01
      vertex   4.500000e+01 -2.999923e+01 -8.978570e+01
    endloop
  endfacet
  facet normal 1.000000e+00 0.000000e+00 0.000000e+00
    outer loop
      vertex   4.500000e+01 -4.903926e+00 -8.902455e+01
      vertex   4.500000e+01 -2.999923e+01 -8.978570e+01
      vertex   4.500000e+01 -5.000000e+00 -9.000000e+01
    endloop
  endfacet
  facet normal 1.000000e+00 0.000000e+00 0.000000e+00
    outer loop
      vertex   4.500000e+01 -5.000000e+00 -9.000000e+01
      vertex   4.500000e+01 -2.999923e+01 -8.978570e+01
      vertex   4.500000e+01 -2.998143e+01 -9.105542e+01
    endloop
  endfacet
  facet normal 1.000000e+00 0.000000e+00 0.000000e+00
    outer loop
      vertex   4.500000e+01 -5.000000e+00 -9.000000e+01
      vertex   4.500000e+01 -2.998143e+01 -9.105542e+01
      vertex   4.500000e+01 -4.903926e+00 -9.097545e+01
    endloop
  endfacet
  facet normal 1.000000e+00 0.000000e+00 0.000000e+00
    outer loop
      vertex   4.500000e+01 -4.903926e+00 -9.097545e+01
      vertex   4.500000e+01 -2.998143e+01 -9.105542e+01
      vertex   4.500000e+01 -4.619398e+00 -9.191342e+01
    endloop
  endfacet
  facet normal 1.000000e+00 0.000000e+00 0.000000e+00
    outer loop
      vertex   4.500000e+01 -4.619398e+00 -9.191342e+01
      vertex   4.500000e+01 -2.998143e+01 -9.105542e+01
      vertex   4.500000e+01 -2.990991e+01 -9.232325e+01
    endloop
  endfacet
  facet normal 1.000000e+00 0.000000e+00 0.000000e+00
    outer loop
      vertex   4.500000e+01 -4.619398e+00 -9.191342e+01
      vertex   4.500000e+01 -2.990991e+01 -9.232325e+01
      vertex   4.500000e+01 -4.157348e+00 -9.277785e+01
    endloop
  endfacet
  facet normal 1.000000e+00 0.000000e+00 0.000000e+00
    outer loop
      vertex   4.500000e+01 -4.157348e+00 -9.277785e+01
      vertex   4.500000e+01 -2.990991e+01 -9.232325e+01
      vertex   4.500000e+01 -2.978479e+01 -9.358692e+01
    endloop
  endfacet
  facet normal 1.000000e+00 0.000000e+00 0.000000e+00
    outer loop
      vertex   4.500000e+01 -4.157348e+00 -9.277785e+01
      vertex   4.500000e+01 -2.978479e+01 -9.358692e+01
      vertex   4.500000e+01 -3.535534e+00 -9.353553e+01
    endloop
  endfacet
  facet normal 1.000000e+00 0.000000e+00 0.000000e+00
    outer loop
      vertex   4.500000e+01 -3.535534e+00 -9.353553e+01
      vertex   4.500000e+01 -2.978479e+01 -9.358692e+01
      vertex   4.500000e+01 -2.777851e+00 -9.415735e+01
    endloop
  endfacet
  facet normal 1.000000e+00 0.000000e+00 0.000000e+00
    outer loop
      vertex   4.500000e+01 -2.777851e+00 -9.415735e+01
      vertex   4.500000e+01 -2.978479e+01 -9.358692e+01
      vertex   4.500000e+01 -2.960632e+01 -9.484417e+01
    endloop
  endfacet
  facet normal 1.000000e+00 0.000000e+00 0.000000e+00
    outer loop
      vertex   4.500000e+01 -2.777851e+00 -9.415735e+01
      vertex   4.500000e+01 -2.960632e+01 -9.484417e+01
      vertex   4.500000e+01 -1.913417e+00 -9.461940e+01
    endloop
  endfacet
  facet normal 1.000000e+00 0.000000e+00 0.000000e+00
    outer loop
      vertex   4.500000e+01 -1.913417e+00 -9.461940e+01
      vertex   4.500000e+01 -2.960632e+01 -9.484417e+01
      vertex   4.500000e+01 -9.754516e-01 -9.490393e+01
    endloop
  endfacet
  facet normal 1.000000e+00 0.000000e+00 0.000000e+00
    outer loop
      vertex   4.500000e+01 -9.754516e-01 -9.490393e+01
      vertex   4.500000e+01 -2.960632e+01 -9.484417e+01
      vertex   4.500000e+01 -2.937480e+01 -9.609273e+01
    endloop
  endfacet
  facet normal -9.921147e-01 1.253332e-01 2.120348e-17
    outer loop
      vertex   4.090575e+01 -1.274607e+01 -3.920575e+01
      vertex   4.090575e+01 -1.274607e+01 -2.870575e+01
      vertex   4.100000e+01 -1.200000e+01 -3.920575e+01
    endloop
  endfacet
  facet normal -9.921147e-01 1.253332e-01 0.000000e+00
    outer loop
      vertex   4.100000e+01 -1.200000e+01 -3.920575e+01
      vertex   4.090575e+01 -1.274607e+01 -2.870575e+01
      vertex   4.100000e+01 -1.200000e+01 -2.870575e+01
    endloop
  endfacet
  facet normal -9.921147e-01 -1.253332e-01 0.000000e+00
    outer loop
      vertex   4.100000e+01 -1.200000e+01 -3.920575e+01
      vertex   4.100000e+01 -1.200000e+01 -2.870575e+01
      vertex   4.090575e+01 -1.125393e+01 -3.920575e+01
    endloop
  endfacet
  facet normal -9.921147e-01 -1.253332e-01 0.000000e+00
    outer loop
      vertex   4.090575e+01 -1.125393e+01 -3.920575e+01
      vertex   4.100000e+01 -1.200000e+01 -2.870575e+01
      vertex   4.090575e+01 -1.125393e+01 -2.870575e+01
    endloop
  endfacet
  facet normal -9.297765e-01 -3.681246e-01 0.000000e+00
    outer loop
      vertex   4.090575e+01 -1.125393e+01 -3.920575e+01
      vertex   4.090575e+01 -1.125393e+01 -2.870575e+01
      vertex   4.062892e+01 -1.055474e+01 -3.920575e+01
    endloop
  endfacet
  facet normal -9.297765e-01 -3.681246e-01 0.000000e+00
    outer loop
      vertex   4.062892e+01 -1.055474e+01 -3.920575e+01
      vertex   4.090575e+01 -1.125393e+01 -2.870575e+01
      vertex   4.062892e+01 -1.055474e+01 -2.870575e+01
    endloop
  endfacet
  facet normal -8.090170e-01 -5.877853e-01 0.000000e+00
    outer loop
      vertex   4.062892e+01 -1.055474e+01 -3.920575e+01
      vertex   4.062892e+01 -1.055474e+01 -2.870575e+01
      vertex   4.018691e+01 -9.946359e+00 -3.920575e+01
    endloop
  endfacet
  facet normal -8.090170e-01 -5.877853e-01 0.000000e+00
    outer loop
      vertex   4.018691e+01 -9.946359e+00 -3.920575e+01
      vertex   4.062892e+01 -1.055474e+01 -2.870575e+01
      vertex   4.018691e+01 -9.946359e+00 -2.870575e+01
    endloop
  endfacet
  facet normal -6.374240e-01 -7.705132e-01 0.000000e+00
    outer loop
      vertex   4.018691e+01 -9.946359e+00 -3.920575e+01
      vertex   4.018691e+01 -9.946359e+00 -2.870575e+01
      vertex   3.960748e+01 -9.467016e+00 -3.920575e+01
    endloop
  endfacet
  facet normal -6.374240e-01 -7.705132e-01 -1.303530e-16
    outer loop
      vertex   3.960748e+01 -9.467016e+00 -3.920575e+01
      vertex   4.018691e+01 -9.946359e+00 -2.870575e+01
      vertex   3.960748e+01 -9.467016e+00 -2.870575e+01
    endloop
  endfacet
  facet normal -4.257793e-01 -9.048271e-01 -1.530758e-16
    outer loop
      vertex   3.960748e+01 -9.467016e+00 -3.920575e+01
      vertex   3.960748e+01 -9.467016e+00 -2.870575e+01
      vertex   3.892705e+01 -9.146831e+00 -3.920575e+01
    endloop
  endfacet
  facet normal -4.257793e-01 -9.048271e-01 0.000000e+00
    outer loop
      vertex   3.892705e+01 -9.146831e+00 -3.920575e+01
      vertex   3.960748e+01 -9.467016e+00 -2.870575e+01
      vertex   3.892705e+01 -9.146831e+00 -2.870575e+01
    endloop
  endfacet
  facet normal -1.873813e-01 -9.822873e-01 0.000000e+00
    outer loop
      vertex   3.892705e+01 -9.146831e+00 -3.920575e+01
      vertex   3.892705e+01 -9.146831e+00 -2.870575e+01
      vertex   3.818837e+01 -9.005920e+00 -3.920575e+01
    endloop
  endfacet
  facet normal -1.873813e-01 -9.822873e-01 0.000000e+00
    outer loop
      vertex   3.818837e+01 -9.005920e+00 -3.920575e+01
      vertex   3.892705e+01 -9.146831e+00 -2.870575e+01
      vertex   3.818837e+01 -9.005920e+00 -2.870575e+01
    endloop
  endfacet
  facet normal 6.279052e-02 -9.980267e-01 0.000000e+00
    outer loop
      vertex   3.818837e+01 -9.005920e+00 -3.920575e+01
      vertex   3.818837e+01 -9.005920e+00 -2.870575e+01
      vertex   3.743786e+01 -9.053138e+00 -3.920575e+01
    endloop
  endfacet
  facet normal 6.279052e-02 -9.980267e-01 0.000000e+00
    outer loop
      vertex   3.743786e+01 -9.053138e+00 -3.920575e+01
      vertex   3.818837e+01 -9.005920e+00 -2.870575e+01
      vertex   3.743786e+01 -9.053138e+00 -2.870575e+01
    endloop
  endfacet
  facet normal 3.090170e-01 -9.510565e-01 0.000000e+00
    outer loop
      vertex   3.743786e+01 -9.053138e+00 -3.920575e+01
      vertex   3.743786e+01 -9.053138e+00 -2.870575e+01
      vertex   3.672266e+01 -9.285519e+00 -3.920575e+01
    endloop
  endfacet
  facet normal 3.090170e-01 -9.510565e-01 0.000000e+00
    outer loop
      vertex   3.672266e+01 -9.285519e+00 -3.920575e+01
      vertex   3.743786e+01 -9.053138e+00 -2.870575e+01
      vertex   3.672266e+01 -9.285519e+00 -2.870575e+01
    endloop
  endfacet
  facet normal 5.358268e-01 -8.443279e-01 0.000000e+00
    outer loop
      vertex   3.672266e+01 -9.285519e+00 -3.920575e+01
      vertex   3.672266e+01 -9.285519e+00 -2.870575e+01
      vertex   3.608773e+01 -9.688460e+00 -3.920575e+01
    endloop
  endfacet
  facet normal 5.358268e-01 -8.443279e-01 0.000000e+00
    outer loop
      vertex   3.608773e+01 -9.688460e+00 -3.920575e+01
      vertex   3.672266e+01 -9.285519e+00 -2.870575e+01
      vertex   3.608773e+01 -9.688460e+00 -2.870575e+01
    endloop
  endfacet
  facet normal 7.289686e-01 -6.845471e-01 0.000000e+00
    outer loop
      vertex   3.608773e+01 -9.688460e+00 -3.920575e+01
      vertex   3.608773e+01 -9.688460e+00 -2.870575e+01
      vertex   3.557295e+01 -1.023664e+01 -3.920575e+01
    endloop
  endfacet
  facet normal 7.289686e-01 -6.845471e-01 2.316190e-16
    outer loop
      vertex   3.557295e+01 -1.023664e+01 -3.920575e+01
      vertex   3.608773e+01 -9.688460e+00 -2.870575e+01
      vertex   3.557295e+01 -1.023664e+01 -2.870575e+01
    endloop
  endfacet
  facet normal 8.763067e-01 -4.817537e-01 1.630031e-16
    outer loop
      vertex   3.557295e+01 -1.023664e+01 -3.920575e+01
      vertex   3.557295e+01 -1.023664e+01 -2.870575e+01
      vertex   3.521067e+01 -1.089563e+01 -3.920575e+01
    endloop
  endfacet
  facet normal 8.763067e-01 -4.817537e-01 1.630031e-16
    outer loop
      vertex   3.521067e+01 -1.089563e+01 -3.920575e+01
      vertex   3.557295e+01 -1.023664e+01 -2.870575e+01
      vertex   3.521067e+01 -1.089563e+01 -2.870575e+01
    endloop
  endfacet
  facet normal 9.685832e-01 -2.486899e-01 8.414514e-17
    outer loop
      vertex   3.521067e+01 -1.089563e+01 -3.920575e+01
      vertex   3.521067e+01 -1.089563e+01 -2.870575e+01
      vertex   3.502366e+01 -1.162400e+01 -3.920575e+01
    endloop
  endfacet
  facet normal 9.685832e-01 -2.486899e-01 0.000000e+00
    outer loop
      vertex   3.502366e+01 -1.162400e+01 -3.920575e+01
      vertex   3.521067e+01 -1.089563e+01 -2.870575e+01
      vertex   3.502366e+01 -1.162400e+01 -2.870575e+01
    endloop
  endfacet
  facet normal 1.000000e+00 0.000000e+00 -0.000000e+00
    outer loop
      vertex   3.502366e+01 -1.162400e+01 -3.920575e+01
      vertex   3.502366e+01 -1.162400e+01 -2.870575e+01
      vertex   3.502366e+01 -1.237600e+01 -3.920575e+01
    endloop
  endfacet
  facet normal 1.000000e+00 0.000000e+00 0.000000e+00
    outer loop
      vertex   3.502366e+01 -1.237600e+01 -3.920575e+01
      vertex   3.502366e+01 -1.162400e+01 -2.870575e+01
      vertex   3.502366e+01 -1.237600e+01 -2.870575e+01
    endloop
  endfacet
  facet normal 9.685832e-01 2.486899e-01 -0.000000e+00
    outer loop
      vertex   3.502366e+01 -1.237600e+01 -3.920575e+01
      vertex   3.502366e+01 -1.237600e+01 -2.870575e+01
      vertex   3.521067e+01 -1.310437e+01 -3.920575e+01
    endloop
  endfacet
  facet normal 9.685832e-01 2.486899e-01 -0.000000e+00
    outer loop
      vertex   3.521067e+01 -1.310437e+01 -3.920575e+01
      vertex   3.502366e+01 -1.237600e+01 -2.870575e+01
      vertex   3.521067e+01 -1.310437e+01 -2.870575e+01
    endloop
  endfacet
  facet normal 8.763067e-01 4.817537e-01 -0.000000e+00
    outer loop
      vertex   3.521067e+01 -1.310437e+01 -3.920575e+01
      vertex   3.521067e+01 -1.310437e+01 -2.870575e+01
      vertex   3.557295e+01 -1.376336e+01 -3.920575e+01
    endloop
  endfacet
  facet normal 8.763067e-01 4.817537e-01 -0.000000e+00
    outer loop
      vertex   3.557295e+01 -1.376336e+01 -3.920575e+01
      vertex   3.521067e+01 -1.310437e+01 -2.870575e+01
      vertex   3.557295e+01 -1.376336e+01 -2.870575e+01
    endloop
  endfacet
  facet normal 7.289686e-01 6.845471e-01 -0.000000e+00
    outer loop
      vertex   3.557295e+01 -1.376336e+01 -3.920575e+01
      vertex   3.557295e+01 -1.376336e+01 -2.870575e+01
      vertex   3.608773e+01 -1.431154e+01 -3.920575e+01
    endloop
  endfacet
  facet normal 7.289686e-01 6.845471e-01 -0.000000e+00
    outer loop
      vertex   3.608773e+01 -1.431154e+01 -3.920575e+01
      vertex   3.557295e+01 -1.376336e+01 -2.870575e+01
      vertex   3.608773e+01 -1.431154e+01 -2.870575e+01
    endloop
  endfacet
  facet normal 5.358268e-01 8.443279e-01 -0.000000e+00
    outer loop
      vertex   3.608773e+01 -1.431154e+01 -3.920575e+01
      vertex   3.608773e+01 -1.431154e+01 -2.870575e+01
      vertex   3.672266e+01 -1.471448e+01 -3.920575e+01
    endloop
  endfacet
  facet normal 5.358268e-01 8.443279e-01 -0.000000e+00
    outer loop
      vertex   3.672266e+01 -1.471448e+01 -3.920575e+01
      vertex   3.608773e+01 -1.431154e+01 -2.870575e+01
      vertex   3.672266e+01 -1.471448e+01 -2.870575e+01
    endloop
  endfacet
  facet normal 3.090170e-01 9.510565e-01 -0.000000e+00
    outer loop
      vertex   3.672266e+01 -1.471448e+01 -3.920575e+01
      vertex   3.672266e+01 -1.471448e+01 -2.870575e+01
      vertex   3.743786e+01 -1.494686e+01 -3.920575e+01
    endloop
  endfacet
  facet normal 3.090170e-01 9.510565e-01 -3.217935e-16
    outer loop
      vertex   3.743786e+01 -1.494686e+01 -3.920575e+01
      vertex   3.672266e+01 -1.471448e+01 -2.870575e+01
      vertex   3.743786e+01 -1.494686e+01 -2.870575e+01
    endloop
  endfacet
  facet normal 6.279052e-02 9.980267e-01 -3.376860e-16
    outer loop
      vertex   3.743786e+01 -1.494686e+01 -3.920575e+01
      vertex   3.743786e+01 -1.494686e+01 -2.870575e+01
      vertex   3.818837e+01 -1.499408e+01 -3.920575e+01
    endloop
  endfacet
  facet normal 6.279052e-02 9.980267e-01 4.249081e-17
    outer loop
      vertex   3.818837e+01 -1.499408e+01 -3.920575e+01
      vertex   3.743786e+01 -1.494686e+01 -2.870575e+01
      vertex   3.818837e+01 -1.499408e+01 -2.870575e+01
    endloop
  endfacet
  facet normal -1.873813e-01 9.822873e-01 -1.268023e-16
    outer loop
      vertex   3.818837e+01 -1.499408e+01 -3.920575e+01
      vertex   3.818837e+01 -1.499408e+01 -2.870575e+01
      vertex   3.892705e+01 -1.485317e+01 -3.920575e+01
    endloop
  endfacet
  facet normal -1.873813e-01 9.822873e-01 0.000000e+00
    outer loop
      vertex   3.892705e+01 -1.485317e+01 -3.920575e+01
      vertex   3.818837e+01 -1.499408e+01 -2.870575e+01
      vertex   3.892705e+01 -1.485317e+01 -2.870575e+01
    endloop
  endfacet
  facet normal -4.257793e-01 9.048271e-01 0.000000e+00
    outer loop
      vertex   3.892705e+01 -1.485317e+01 -3.920575e+01
      vertex   3.892705e+01 -1.485317e+01 -2.870575e+01
      vertex   3.960748e+01 -1.453298e+01 -3.920575e+01
    endloop
  endfacet
  facet normal -4.257793e-01 9.048271e-01 0.000000e+00
    outer loop
      vertex   3.960748e+01 -1.453298e+01 -3.920575e+01
      vertex   3.892705e+01 -1.485317e+01 -2.870575e+01
      vertex   3.960748e+01 -1.453298e+01 -2.870575e+01
    endloop
  endfacet
  facet normal -6.374240e-01 7.705132e-01 0.000000e+00
    outer loop
      vertex   3.960748e+01 -1.453298e+01 -3.920575e+01
      vertex   3.960748e+01 -1.453298e+01 -2.870575e+01
      vertex   4.018691e+01 -1.405364e+01 -3.920575e+01
    endloop
  endfacet
  facet normal -6.374240e-01 7.705132e-01 1.303530e-16
    outer loop
      vertex   4.018691e+01 -1.405364e+01 -3.920575e+01
      vertex   3.960748e+01 -1.453298e+01 -2.870575e+01
      vertex   4.018691e+01 -1.405364e+01 -2.870575e+01
    endloop
  endfacet
  facet normal -8.090170e-01 5.877853e-01 9.943965e-17
    outer loop
      vertex   4.018691e+01 -1.405364e+01 -3.920575e+01
      vertex   4.018691e+01 -1.405364e+01 -2.870575e+01
      vertex   4.062892e+01 -1.344526e+01 -3.920575e+01
    endloop
  endfacet
  facet normal -8.090170e-01 5.877853e-01 0.000000e+00
    outer loop
      vertex   4.062892e+01 -1.344526e+01 -3.920575e+01
      vertex   4.018691e+01 -1.405364e+01 -2.870575e+01
      vertex   4.062892e+01 -1.344526e+01 -2.870575e+01
    endloop
  endfacet
  facet normal -9.297765e-01 3.681246e-01 0.000000e+00
    outer loop
      vertex   4.062892e+01 -1.344526e+01 -3.920575e+01
      vertex   4.062892e+01 -1.344526e+01 -2.870575e+01
      vertex   4.090575e+01 -1.274607e+01 -3.920575e+01
    endloop
  endfacet
  facet normal -9.297765e-01 3.681246e-01 6.227815e-17
    outer loop
      vertex   4.090575e+01 -1.274607e+01 -3.920575e+01
      vertex   4.062892e+01 -1.344526e+01 -2.870575e+01
      vertex   4.090575e+01 -1.274607e+01 -2.870575e+01
    endloop
  endfacet
  facet normal -9.921147e-01 -1.253332e-01 -2.120348e-17
    outer loop
      vertex   4.090575e+01 -1.125393e+01 -1.820575e+01
      vertex   4.090575e+01 -1.125393e+01 -2.870575e+01
      vertex   4.100000e+01 -1.200000e+01 -1.820575e+01
    endloop
  endfacet
  facet normal -9.921147e-01 -1.253332e-01 -0.000000e+00
    outer loop
      vertex   4.100000e+01 -1.200000e+01 -1.820575e+01
      vertex   4.090575e+01 -1.125393e+01 -2.870575e+01
      vertex   4.100000e+01 -1.200000e+01 -2.870575e+01
    endloop
  endfacet
  facet normal -9.921147e-01 1.253332e-01 0.000000e+00
    outer loop
      vertex   4.100000e+01 -1.200000e+01 -1.820575e+01
      vertex   4.100000e+01 -1.200000e+01 -2.870575e+01
      vertex   4.090575e+01 -1.274607e+01 -1.820575e+01
    endloop
  endfacet
  facet normal -9.921147e-01 1.253332e-01 0.000000e+00
    outer loop
      vertex   4.090575e+01 -1.274607e+01 -1.820575e+01
      vertex   4.100000e+01 -1.200000e+01 -2.870575e+01
      vertex   4.090575e+01 -1.274607e+01 -2.870575e+01
    endloop
  endfacet
  facet normal -9.297765e-01 3.681246e-01 0.000000e+00
    outer loop
      vertex   4.090575e+01 -1.274607e+01 -1.820575e+01
      vertex   4.090575e+01 -1.274607e+01 -2.870575e+01
      vertex   4.062892e+01 -1.344526e+01 -1.820575e+01
    endloop
  endfacet
  facet normal -9.297765e-01 3.681246e-01 0.000000e+00
    outer loop
      vertex   4.062892e+01 -1.344526e+01 -1.820575e+01
      vertex   4.090575e+01 -1.274607e+01 -2.870575e+01
      vertex   4.062892e+01 -1.344526e+01 -2.870575e+01
    endloop
  endfacet
  facet normal -8.090170e-01 5.877853e-01 0.000000e+00
    outer loop
      vertex   4.062892e+01 -1.344526e+01 -1.820575e+01
      vertex   4.062892e+01 -1.344526e+01 -2.870575e+01
      vertex   4.018691e+01 -1.405364e+01 -1.820575e+01
    endloop
  endfacet
  facet normal -8.090170e-01 5.877853e-01 0.000000e+00
    outer loop
      vertex   4.018691e+01 -1.405364e+01 -1.820575e+01
      vertex   4.062892e+01 -1.344526e+01 -2.870575e+01
      vertex   4.018691e+01 -1.405364e+01 -2.870575e+01
    endloop
  endfacet
  facet normal -6.374240e-01 7.705132e-01 0.000000e+00
    outer loop
      vertex   4.018691e+01 -1.405364e+01 -1.820575e+01
      vertex   4.018691e+01 -1.405364e+01 -2.870575e+01
      vertex   3.960748e+01 -1.453298e+01 -1.820575e+01
    endloop
  endfacet
  facet normal -6.374240e-01 7.705132e-01 1.303530e-16
    outer loop
      vertex   3.960748e+01 -1.453298e+01 -1.820575e+01
      vertex   4.018691e+01 -1.405364e+01 -2.870575e+01
      vertex   3.960748e+01 -1.453298e+01 -2.870575e+01
    endloop
  endfacet
  facet normal -4.257793e-01 9.048271e-01 1.530758e-16
    outer loop
      vertex   3.960748e+01 -1.453298e+01 -1.820575e+01
      vertex   3.960748e+01 -1.453298e+01 -2.870575e+01
      vertex   3.892705e+01 -1.485317e+01 -1.820575e+01
    endloop
  endfacet
  facet normal -4.257793e-01 9.048271e-01 0.000000e+00
    outer loop
      vertex   3.892705e+01 -1.485317e+01 -1.820575e+01
      vertex   3.960748e+01 -1.453298e+01 -2.870575e+01
      vertex   3.892705e+01 -1.485317e+01 -2.870575e+01
    endloop
  endfacet
  facet normal -1.873813e-01 9.822873e-01 0.000000e+00
    outer loop
      vertex   3.892705e+01 -1.485317e+01 -1.820575e+01
      vertex   3.892705e+01 -1.485317e+01 -2.870575e+01
      vertex   3.818837e+01 -1.499408e+01 -1.820575e+01
    endloop
  endfacet
  facet normal -1.873813e-01 9.822873e-01 0.000000e+00
    outer loop
      vertex   3.818837e+01 -1.499408e+01 -1.820575e+01
      vertex   3.892705e+01 -1.485317e+01 -2.870575e+01
      vertex   3.818837e+01 -1.499408e+01 -2.870575e+01
    endloop
  endfacet
  facet normal 6.279052e-02 9.980267e-01 0.000000e+00
    outer loop
      vertex   3.818837e+01 -1.499408e+01 -1.820575e+01
      vertex   3.818837e+01 -1.499408e+01 -2.870575e+01
      vertex   3.743786e+01 -1.494686e+01 -1.820575e+01
    endloop
  endfacet
  facet normal 6.279052e-02 9.980267e-01 0.000000e+00
    outer loop
      vertex   3.743786e+01 -1.494686e+01 -1.820575e+01
      vertex   3.818837e+01 -1.499408e+01 -2.870575e+01
      vertex   3.743786e+01 -1.494686e+01 -2.870575e+01
    endloop
  endfacet
  facet normal 3.090170e-01 9.510565e-01 0.000000e+00
    outer loop
      vertex   3.743786e+01 -1.494686e+01 -1.820575e+01
      vertex   3.743786e+01 -1.494686e+01 -2.870575e+01
      vertex   3.672266e+01 -1.471448e+01 -1.820575e+01
    endloop
  endfacet
  facet normal 3.090170e-01 9.510565e-01 0.000000e+00
    outer loop
      vertex   3.672266e+01 -1.471448e+01 -1.820575e+01
      vertex   3.743786e+01 -1.494686e+01 -2.870575e+01
      vertex   3.672266e+01 -1.471448e+01 -2.870575e+01
    endloop
  endfacet
  facet normal 5.358268e-01 8.443279e-01 0.000000e+00
    outer loop
      vertex   3.672266e+01 -1.471448e+01 -1.820575e+01
      vertex   3.672266e+01 -1.471448e+01 -2.870575e+01
      vertex   3.608773e+01 -1.431154e+01 -1.820575e+01
    endloop
  endfacet
  facet normal 5.358268e-01 8.443279e-01 0.000000e+00
    outer loop
      vertex   3.608773e+01 -1.431154e+01 -1.820575e+01
      vertex   3.672266e+01 -1.471448e+01 -2.870575e+01
      vertex   3.608773e+01 -1.431154e+01 -2.870575e+01
    endloop
  endfacet
  facet normal 7.289686e-01 6.845471e-01 0.000000e+00
    outer loop
      vertex   3.608773e+01 -1.431154e+01 -1.820575e+01
      vertex   3.608773e+01 -1.431154e+01 -2.870575e+01
      vertex   3.557295e+01 -1.376336e+01 -1.820575e+01
    endloop
  endfacet
  facet normal 7.289686e-01 6.845471e-01 -2.316190e-16
    outer loop
      vertex   3.557295e+01 -1.376336e+01 -1.820575e+01
      vertex   3.608773e+01 -1.431154e+01 -2.870575e+01
      vertex   3.557295e+01 -1.376336e+01 -2.870575e+01
    endloop
  endfacet
  facet normal 8.763067e-01 4.817537e-01 -1.630031e-16
    outer loop
      vertex   3.557295e+01 -1.376336e+01 -1.820575e+01
      vertex   3.557295e+01 -1.376336e+01 -2.870575e+01
      vertex   3.521067e+01 -1.310437e+01 -1.820575e+01
    endloop
  endfacet
  facet normal 8.763067e-01 4.817537e-01 -1.630031e-16
    outer loop
      vertex   3.521067e+01 -1.310437e+01 -1.820575e+01
      vertex   3.557295e+01 -1.376336e+01 -2.870575e+01
      vertex   3.521067e+01 -1.310437e+01 -2.870575e+01
    endloop
  endfacet
  facet normal 9.685832e-01 2.486899e-01 -8.414514e-17
    outer loop
      vertex   3.521067e+01 -1.310437e+01 -1.820575e+01
      vertex   3.521067e+01 -1.310437e+01 -2.870575e+01
      vertex   3.502366e+01 -1.237600e+01 -1.820575e+01
    endloop
  endfacet
  facet normal 9.685832e-01 2.486899e-01 0.000000e+00
    outer loop
      vertex   3.502366e+01 -1.237600e+01 -1.820575e+01
      vertex   3.521067e+01 -1.310437e+01 -2.870575e+01
      vertex   3.502366e+01 -1.237600e+01 -2.870575e+01
    endloop
  endfacet
  facet normal 1.000000e+00 -0.000000e+00 0.000000e+00
    outer loop
      vertex   3.502366e+01 -1.237600e+01 -1.820575e+01
      vertex   3.502366e+01 -1.237600e+01 -2.870575e+01
      vertex   3.502366e+01 -1.162400e+01 -1.820575e+01
    endloop
  endfacet
  facet normal 1.000000e+00 0.000000e+00 0.000000e+00
    outer loop
      vertex   3.502366e+01 -1.162400e+01 -1.820575e+01
      vertex   3.502366e+01 -1.237600e+01 -2.870575e+01
      vertex   3.502366e+01 -1.162400e+01 -2.870575e+01
    endloop
  endfacet
  facet normal 9.685832e-01 -2.486899e-01 0.000000e+00
    outer loop
      vertex   3.502366e+01 -1.162400e+01 -1.820575e+01
      vertex   3.502366e+01 -1.162400e+01 -2.870575e+01
      vertex   3.521067e+01 -1.089563e+01 -1.820575e+01
    endloop
  endfacet
  facet normal 9.685832e-01 -2.486899e-01 0.000000e+00
    outer loop
      vertex   3.521067e+01 -1.089563e+01 -1.820575e+01
      vertex   3.502366e+01 -1.162400e+01 -2.870575e+01
      vertex   3.521067e+01 -1.089563e+01 -2.870575e+01
    endloop
  endfacet
  facet normal 8.763067e-01 -4.817537e-01 0.000000e+00
    outer loop
      vertex   3.521067e+01 -1.089563e+01 -1.820575e+01
      vertex   3.521067e+01 -1.089563e+01 -2.870575e+01
      vertex   3.557295e+01 -1.023664e+01 -1.820575e+01
    endloop
  endfacet
  facet normal 8.763067e-01 -4.817537e-01 0.000000e+00
    outer loop
      vertex   3.557295e+01 -1.023664e+01 -1.820575e+01
      vertex   3.521067e+01 -1.089563e+01 -2.870575e+01
      vertex   3.557295e+01 -1.023664e+01 -2.870575e+01
    endloop
  endfacet
  facet normal 7.289686e-01 -6.845471e-01 0.000000e+00
    outer loop
      vertex   3.557295e+01 -1.023664e+01 -1.820575e+01
      vertex   3.557295e+01 -1.023664e+01 -2.870575e+01
      vertex   3.608773e+01 -9.688460e+00 -1.820575e+01
    endloop
  endfacet
  facet normal 7.289686e-01 -6.845471e-01 1.158095e-16
    outer loop
      vertex   3.608773e+01 -9.688460e+00 -1.820575e+01
      vertex   3.557295e+01 -1.023664e+01 -2.870575e+01
      vertex   3.608773e+01 -9.688460e+00 -2.870575e+01
    endloop
  endfacet
  facet normal 5.358268e-01 -8.443279e-01 1.428407e-16
    outer loop
      vertex   3.608773e+01 -9.688460e+00 -1.820575e+01
      vertex   3.608773e+01 -9.688460e+00 -2.870575e+01
      vertex   3.672266e+01 -9.285519e+00 -1.820575e+01
    endloop
  endfacet
  facet normal 5.358268e-01 -8.443279e-01 0.000000e+00
    outer loop
      vertex   3.672266e+01 -9.285519e+00 -1.820575e+01
      vertex   3.608773e+01 -9.688460e+00 -2.870575e+01
      vertex   3.672266e+01 -9.285519e+00 -2.870575e+01
    endloop
  endfacet
  facet normal 3.090170e-01 -9.510565e-01 0.000000e+00
    outer loop
      vertex   3.672266e+01 -9.285519e+00 -1.820575e+01
      vertex   3.672266e+01 -9.285519e+00 -2.870575e+01
      vertex   3.743786e+01 -9.053138e+00 -1.820575e+01
    endloop
  endfacet
  facet normal 3.090170e-01 -9.510565e-01 1.608967e-16
    outer loop
      vertex   3.743786e+01 -9.053138e+00 -1.820575e+01
      vertex   3.672266e+01 -9.285519e+00 -2.870575e+01
      vertex   3.743786e+01 -9.053138e+00 -2.870575e+01
    endloop
  endfacet
  facet normal 6.279052e-02 -9.980267e-01 1.688430e-16
    outer loop
      vertex   3.743786e+01 -9.053138e+00 -1.820575e+01
      vertex   3.743786e+01 -9.053138e+00 -2.870575e+01
      vertex   3.818837e+01 -9.005920e+00 -1.820575e+01
    endloop
  endfacet
  facet normal 6.279052e-02 -9.980267e-01 -4.249081e-17
    outer loop
      vertex   3.818837e+01 -9.005920e+00 -1.820575e+01
      vertex   3.743786e+01 -9.053138e+00 -2.870575e+01
      vertex   3.818837e+01 -9.005920e+00 -2.870575e+01
    endloop
  endfacet
  facet normal -1.873813e-01 -9.822873e-01 1.268023e-16
    outer loop
      vertex   3.818837e+01 -9.005920e+00 -1.820575e+01
      vertex   3.818837e+01 -9.005920e+00 -2.870575e+01
      vertex   3.892705e+01 -9.146831e+00 -1.820575e+01
    endloop
  endfacet
  facet normal -1.873813e-01 -9.822873e-01 -0.000000e+00
    outer loop
      vertex   3.892705e+01 -9.146831e+00 -1.820575e+01
      vertex   3.818837e+01 -9.005920e+00 -2.870575e+01
      vertex   3.892705e+01 -9.146831e+00 -2.870575e+01
    endloop
  endfacet
  facet normal -4.257793e-01 -9.048271e-01 -0.000000e+00
    outer loop
      vertex   3.892705e+01 -9.146831e+00 -1.820575e+01
      vertex   3.892705e+01 -9.146831e+00 -2.870575e+01
      vertex   3.960748e+01 -9.467016e+00 -1.820575e+01
    endloop
  endfacet
  facet normal -4.257793e-01 -9.048271e-01 -0.000000e+00
    outer loop
      vertex   3.960748e+01 -9.467016e+00 -1.820575e+01
      vertex   3.892705e+01 -9.146831e+00 -2.870575e+01
      vertex   3.960748e+01 -9.467016e+00 -2.870575e+01
    endloop
  endfacet
  facet normal -6.374240e-01 -7.705132e-01 -0.000000e+00
    outer loop
      vertex   3.960748e+01 -9.467016e+00 -1.820575e+01
      vertex   3.960748e+01 -9.467016e+00 -2.870575e+01
      vertex   4.018691e+01 -9.946359e+00 -1.820575e+01
    endloop
  endfacet
  facet normal -6.374240e-01 -7.705132e-01 -1.303530e-16
    outer loop
      vertex   4.018691e+01 -9.946359e+00 -1.820575e+01
      vertex   3.960748e+01 -9.467016e+00 -2.870575e+01
      vertex   4.018691e+01 -9.946359e+00 -2.870575e+01
    endloop
  endfacet
  facet normal -8.090170e-01 -5.877853e-01 -9.943965e-17
    outer loop
      vertex   4.018691e+01 -9.946359e+00 -1.820575e+01
      vertex   4.018691e+01 -9.946359e+00 -2.870575e+01
      vertex   4.062892e+01 -1.055474e+01 -1.820575e+01
    endloop
  endfacet
  facet normal -8.090170e-01 -5.877853e-01 -0.000000e+00
    outer loop
      vertex   4.062892e+01 -1.055474e+01 -1.820575e+01
      vertex   4.018691e+01 -9.946359e+00 -2.870575e+01
      vertex   4.062892e+01 -1.055474e+01 -2.870575e+01
    endloop
  endfacet
  facet normal -9.297765e-01 -3.681246e-01 -0.000000e+00
    outer loop
      vertex   4.062892e+01 -1.055474e+01 -1.820575e+01
      vertex   4.062892e+01 -1.055474e+01 -2.870575e+01
      vertex   4.090575e+01 -1.125393e+01 -1.820575e+01
    endloop
  endfacet
  facet normal -9.297765e-01 -3.681246e-01 -6.227815e-17
    outer loop
      vertex   4.090575e+01 -1.125393e+01 -1.820575e+01
      vertex   4.062892e+01 -1.055474e+01 -2.870575e+01
      vertex   4.090575e+01 -1.125393e+01 -2.870575e+01
    endloop
  endfacet
  facet normal -1.205367e-01 -9.927089e-01 -1.529401e-17
    outer loop
      vertex   7.179470e-01 -3.408718e+01 -1.820575e+01
      vertex   0.000000e+00 -3.400000e+01 -1.820575e+01
      vertex   7.179470e-01 -3.408718e+01 -2.870575e+01
    endloop
  endfacet
  facet normal -1.205367e-01 -9.927089e-01 0.000000e+00
    outer loop
      vertex   7.179470e-01 -3.408718e+01 -2.870575e+01
      vertex   0.000000e+00 -3.400000e+01 -1.820575e+01
      vertex   0.000000e+00 -3.400000e+01 -3.920575e+01
    endloop
  endfacet
  facet normal -1.205367e-01 -9.927089e-01 -1.401951e-17
    outer loop
      vertex   7.179470e-01 -3.408718e+01 -2.870575e+01
      vertex   0.000000e+00 -3.400000e+01 -3.920575e+01
      vertex   7.179470e-01 -3.408718e+01 -3.920575e+01
    endloop
  endfacet
  facet normal -3.546049e-01 -9.350162e-01 -4.124377e-17
    outer loop
      vertex   7.179470e-01 -3.408718e+01 -2.870575e+01
      vertex   7.179470e-01 -3.408718e+01 -3.920575e+01
      vertex   1.394170e+00 -3.434363e+01 -2.870575e+01
    endloop
  endfacet
  facet normal -3.546049e-01 -9.350162e-01 -2.999547e-17
    outer loop
      vertex   1.394170e+00 -3.434363e+01 -2.870575e+01
      vertex   7.179470e-01 -3.408718e+01 -3.920575e+01
      vertex   1.394170e+00 -3.434363e+01 -3.920575e+01
    endloop
  endfacet
  facet normal -5.680647e-01 -8.229839e-01 -4.805170e-17
    outer loop
      vertex   1.394170e+00 -3.434363e+01 -2.870575e+01
      vertex   1.394170e+00 -3.434363e+01 -3.920575e+01
      vertex   1.989368e+00 -3.475447e+01 -2.870575e+01
    endloop
  endfacet
  facet normal -5.680647e-01 -8.229839e-01 5.088675e-16
    outer loop
      vertex   1.989368e+00 -3.475447e+01 -2.870575e+01
      vertex   1.394170e+00 -3.434363e+01 -3.920575e+01
      vertex   1.989368e+00 -3.475447e+01 -3.920575e+01
    endloop
  endfacet
  facet normal -7.485107e-01 -6.631227e-01 3.854246e-16
    outer loop
      vertex   1.989368e+00 -3.475447e+01 -2.870575e+01
      vertex   1.989368e+00 -3.475447e+01 -3.920575e+01
      vertex   2.468952e+00 -3.529581e+01 -2.870575e+01
    endloop
  endfacet
  facet normal -7.485107e-01 -6.631227e-01 6.331534e-17
    outer loop
      vertex   2.468952e+00 -3.529581e+01 -2.870575e+01
      vertex   1.989368e+00 -3.475447e+01 -3.920575e+01
      vertex   2.468952e+00 -3.529581e+01 -3.920575e+01
    endloop
  endfacet
  facet normal -8.854560e-01 -4.647232e-01 7.489933e-17
    outer loop
      vertex   2.468952e+00 -3.529581e+01 -2.870575e+01
      vertex   2.468952e+00 -3.529581e+01 -3.920575e+01
      vertex   2.805049e+00 -3.593619e+01 -2.870575e+01
    endloop
  endfacet
  facet normal -8.854560e-01 -4.647232e-01 7.489933e-17
    outer loop
      vertex   2.805049e+00 -3.593619e+01 -2.870575e+01
      vertex   2.468952e+00 -3.529581e+01 -3.920575e+01
      vertex   2.805049e+00 -3.593619e+01 -3.920575e+01
    endloop
  endfacet
  facet normal -9.709418e-01 -2.393157e-01 8.213044e-17
    outer loop
      vertex   2.805049e+00 -3.593619e+01 -2.870575e+01
      vertex   2.805049e+00 -3.593619e+01 -3.920575e+01
      vertex   2.978127e+00 -3.663839e+01 -2.870575e+01
    endloop
  endfacet
  facet normal -9.709418e-01 -2.393157e-01 -0.000000e+00
    outer loop
      vertex   2.978127e+00 -3.663839e+01 -2.870575e+01
      vertex   2.805049e+00 -3.593619e+01 -3.920575e+01
      vertex   2.978127e+00 -3.663839e+01 -3.920575e+01
    endloop
  endfacet
  facet normal -1.000000e+00 -0.000000e+00 -0.000000e+00
    outer loop
      vertex   2.978127e+00 -3.663839e+01 -2.870575e+01
      vertex   2.978127e+00 -3.663839e+01 -3.920575e+01
      vertex   2.978127e+00 -3.736161e+01 -2.870575e+01
    endloop
  endfacet
  facet normal -1.000000e+00 0.000000e+00 -0.000000e+00
    outer loop
      vertex   2.978127e+00 -3.736161e+01 -2.870575e+01
      vertex   2.978127e+00 -3.663839e+01 -3.920575e+01
      vertex   2.978127e+00 -3.736161e+01 -3.920575e+01
    endloop
  endfacet
  facet normal -9.709418e-01 2.393157e-01 -1.619467e-16
    outer loop
      vertex   2.978127e+00 -3.736161e+01 -2.870575e+01
      vertex   2.978127e+00 -3.736161e+01 -3.920575e+01
      vertex   2.805049e+00 -3.806382e+01 -2.870575e+01
    endloop
  endfacet
  facet normal -9.709418e-01 2.393157e-01 8.213044e-17
    outer loop
      vertex   2.805049e+00 -3.806382e+01 -2.870575e+01
      vertex   2.978127e+00 -3.736161e+01 -3.920575e+01
      vertex   2.805049e+00 -3.806382e+01 -3.920575e+01
    endloop
  endfacet
  facet normal -8.854560e-01 4.647232e-01 7.489933e-17
    outer loop
      vertex   2.805049e+00 -3.806382e+01 -2.870575e+01
      vertex   2.805049e+00 -3.806382e+01 -3.920575e+01
      vertex   2.468952e+00 -3.870419e+01 -2.870575e+01
    endloop
  endfacet
  facet normal -8.854560e-01 4.647232e-01 1.497987e-16
    outer loop
      vertex   2.468952e+00 -3.870419e+01 -2.870575e+01
      vertex   2.805049e+00 -3.806382e+01 -3.920575e+01
      vertex   2.468952e+00 -3.870419e+01 -3.920575e+01
    endloop
  endfacet
  facet normal -7.485107e-01 6.631227e-01 1.266307e-16
    outer loop
      vertex   2.468952e+00 -3.870419e+01 -2.870575e+01
      vertex   2.468952e+00 -3.870419e+01 -3.920575e+01
      vertex   1.989368e+00 -3.924553e+01 -2.870575e+01
    endloop
  endfacet
  facet normal -7.485107e-01 6.631227e-01 -3.221093e-16
    outer loop
      vertex   1.989368e+00 -3.924553e+01 -2.870575e+01
      vertex   2.468952e+00 -3.870419e+01 -3.920575e+01
      vertex   1.989368e+00 -3.924553e+01 -3.920575e+01
    endloop
  endfacet
  facet normal -5.680647e-01 8.229839e-01 -4.608158e-16
    outer loop
      vertex   1.989368e+00 -3.924553e+01 -2.870575e+01
      vertex   1.989368e+00 -3.924553e+01 -3.920575e+01
      vertex   1.394170e+00 -3.965637e+01 -2.870575e+01
    endloop
  endfacet
  facet normal -5.680647e-01 8.229839e-01 -1.201292e-17
    outer loop
      vertex   1.394170e+00 -3.965637e+01 -2.870575e+01
      vertex   1.989368e+00 -3.924553e+01 -3.920575e+01
      vertex   1.394170e+00 -3.965637e+01 -3.920575e+01
    endloop
  endfacet
  facet normal -3.546049e-01 9.350162e-01 -7.498867e-18
    outer loop
      vertex   1.394170e+00 -3.965637e+01 -2.870575e+01
      vertex   1.394170e+00 -3.965637e+01 -3.920575e+01
      vertex   7.179470e-01 -3.991283e+01 -2.870575e+01
    endloop
  endfacet
  facet normal -3.546049e-01 9.350162e-01 8.623697e-17
    outer loop
      vertex   7.179470e-01 -3.991283e+01 -2.870575e+01
      vertex   1.394170e+00 -3.965637e+01 -3.920575e+01
      vertex   7.179470e-01 -3.991283e+01 -3.920575e+01
    endloop
  endfacet
  facet normal -1.205367e-01 9.927089e-01 2.931352e-17
    outer loop
      vertex   7.179470e-01 -3.991283e+01 -2.870575e+01
      vertex   7.179470e-01 -3.991283e+01 -3.920575e+01
      vertex   0.000000e+00 -4.000000e+01 -3.920575e+01
    endloop
  endfacet
  facet normal -1.205367e-01 9.927089e-01 0.000000e+00
    outer loop
      vertex   0.000000e+00 -4.000000e+01 -3.920575e+01
      vertex   0.000000e+00 -4.000000e+01 -1.820575e+01
      vertex   7.179470e-01 -3.991283e+01 -2.870575e+01
    endloop
  endfacet
  facet normal -1.205367e-01 9.927089e-01 0.000000e+00
    outer loop
      vertex   7.179470e-01 -3.991283e+01 -2.870575e+01
      vertex   0.000000e+00 -4.000000e+01 -1.820575e+01
      vertex   7.179470e-01 -3.991283e+01 -1.820575e+01
    endloop
  endfacet
  facet normal -3.546049e-01 9.350162e-01 0.000000e+00
    outer loop
      vertex   7.179470e-01 -3.991283e+01 -2.870575e+01
      vertex   7.179470e-01 -3.991283e+01 -1.820575e+01
      vertex   1.394170e+00 -3.965637e+01 -2.870575e+01
    endloop
  endfacet
  facet normal -3.546049e-01 9.350162e-01 0.000000e+00
    outer loop
      vertex   1.394170e+00 -3.965637e+01 -2.870575e+01
      vertex   7.179470e-01 -3.991283e+01 -1.820575e+01
      vertex   1.394170e+00 -3.965637e+01 -1.820575e+01
    endloop
  endfacet
  facet normal -5.680647e-01 8.229839e-01 0.000000e+00
    outer loop
      vertex   1.394170e+00 -3.965637e+01 -2.870575e+01
      vertex   1.394170e+00 -3.965637e+01 -1.820575e+01
      vertex   1.989368e+00 -3.924553e+01 -2.870575e+01
    endloop
  endfacet
  facet normal -5.680647e-01 8.229839e-01 0.000000e+00
    outer loop
      vertex   1.989368e+00 -3.924553e+01 -2.870575e+01
      vertex   1.394170e+00 -3.965637e+01 -1.820575e+01
      vertex   1.989368e+00 -3.924553e+01 -1.820575e+01
    endloop
  endfacet
  facet normal -7.485107e-01 6.631227e-01 0.000000e+00
    outer loop
      vertex   1.989368e+00 -3.924553e+01 -2.870575e+01
      vertex   1.989368e+00 -3.924553e+01 -1.820575e+01
      vertex   2.468952e+00 -3.870419e+01 -2.870575e+01
    endloop
  endfacet
  facet normal -7.485107e-01 6.631227e-01 -6.331534e-17
    outer loop
      vertex   2.468952e+00 -3.870419e+01 -2.870575e+01
      vertex   1.989368e+00 -3.924553e+01 -1.820575e+01
      vertex   2.468952e+00 -3.870419e+01 -1.820575e+01
    endloop
  endfacet
  facet normal -8.854560e-01 4.647232e-01 -7.489933e-17
    outer loop
      vertex   2.468952e+00 -3.870419e+01 -2.870575e+01
      vertex   2.468952e+00 -3.870419e+01 -1.820575e+01
      vertex   2.805049e+00 -3.806382e+01 -2.870575e+01
    endloop
  endfacet
  facet normal -8.854560e-01 4.647232e-01 -7.489933e-17
    outer loop
      vertex   2.805049e+00 -3.806382e+01 -2.870575e+01
      vertex   2.468952e+00 -3.870419e+01 -1.820575e+01
      vertex   2.805049e+00 -3.806382e+01 -1.820575e+01
    endloop
  endfacet
  facet normal -9.709418e-01 2.393157e-01 -8.213044e-17
    outer loop
      vertex   2.805049e+00 -3.806382e+01 -2.870575e+01
      vertex   2.805049e+00 -3.806382e+01 -1.820575e+01
      vertex   2.978127e+00 -3.736161e+01 -2.870575e+01
    endloop
  endfacet
  facet normal -9.709418e-01 2.393157e-01 0.000000e+00
    outer loop
      vertex   2.978127e+00 -3.736161e+01 -2.870575e+01
      vertex   2.805049e+00 -3.806382e+01 -1.820575e+01
      vertex   2.978127e+00 -3.736161e+01 -1.820575e+01
    endloop
  endfacet
  facet normal -1.000000e+00 0.000000e+00 0.000000e+00
    outer loop
      vertex   2.978127e+00 -3.736161e+01 -2.870575e+01
      vertex   2.978127e+00 -3.736161e+01 -1.820575e+01
      vertex   2.978127e+00 -3.663839e+01 -2.870575e+01
    endloop
  endfacet
  facet normal -1.000000e+00 0.000000e+00 0.000000e+00
    outer loop
      vertex   2.978127e+00 -3.663839e+01 -2.870575e+01
      vertex   2.978127e+00 -3.736161e+01 -1.820575e+01
      vertex   2.978127e+00 -3.663839e+01 -1.820575e+01
    endloop
  endfacet
  facet normal -9.709418e-01 -2.393157e-01 1.619467e-16
    outer loop
      vertex   2.978127e+00 -3.663839e+01 -2.870575e+01
      vertex   2.978127e+00 -3.663839e+01 -1.820575e+01
      vertex   2.805049e+00 -3.593619e+01 -2.870575e+01
    endloop
  endfacet
  facet normal -9.709418e-01 -2.393157e-01 -8.213044e-17
    outer loop
      vertex   2.805049e+00 -3.593619e+01 -2.870575e+01
      vertex   2.978127e+00 -3.663839e+01 -1.820575e+01
      vertex   2.805049e+00 -3.593619e+01 -1.820575e+01
    endloop
  endfacet
  facet normal -8.854560e-01 -4.647232e-01 -7.489933e-17
    outer loop
      vertex   2.805049e+00 -3.593619e+01 -2.870575e+01
      vertex   2.805049e+00 -3.593619e+01 -1.820575e+01
      vertex   2.468952e+00 -3.529581e+01 -2.870575e+01
    endloop
  endfacet
  facet normal -8.854560e-01 -4.647232e-01 -1.497987e-16
    outer loop
      vertex   2.468952e+00 -3.529581e+01 -2.870575e+01
      vertex   2.805049e+00 -3.593619e+01 -1.820575e+01
      vertex   2.468952e+00 -3.529581e+01 -1.820575e+01
    endloop
  endfacet
  facet normal -7.485107e-01 -6.631227e-01 -1.266307e-16
    outer loop
      vertex   2.468952e+00 -3.529581e+01 -2.870575e+01
      vertex   2.468952e+00 -3.529581e+01 -1.820575e+01
      vertex   1.989368e+00 -3.475447e+01 -2.870575e+01
    endloop
  endfacet
  facet normal -7.485107e-01 -6.631227e-01 -6.331534e-17
    outer loop
      vertex   1.989368e+00 -3.475447e+01 -2.870575e+01
      vertex   2.468952e+00 -3.529581e+01 -1.820575e+01
      vertex   1.989368e+00 -3.475447e+01 -1.820575e+01
    endloop
  endfacet
  facet normal -5.680647e-01 -8.229839e-01 -4.805170e-17
    outer loop
      vertex   1.989368e+00 -3.475447e+01 -2.870575e+01
      vertex   1.989368e+00 -3.475447e+01 -1.820575e+01
      vertex   1.394170e+00 -3.434363e+01 -2.870575e+01
    endloop
  endfacet
  facet normal -5.680647e-01 -8.229839e-01 6.006462e-17
    outer loop
      vertex   1.394170e+00 -3.434363e+01 -2.870575e+01
      vertex   1.989368e+00 -3.475447e+01 -1.820575e+01
      vertex   1.394170e+00 -3.434363e+01 -1.820575e+01
    endloop
  endfacet
  facet normal -3.546049e-01 -9.350162e-01 3.749433e-17
    outer loop
      vertex   1.394170e+00 -3.434363e+01 -2.870575e+01
      vertex   1.394170e+00 -3.434363e+01 -1.820575e+01
      vertex   7.179470e-01 -3.408718e+01 -2.870575e+01
    endloop
  endfacet
  facet normal -3.546049e-01 -9.350162e-01 -4.499320e-17
    outer loop
      vertex   7.179470e-01 -3.408718e+01 -2.870575e+01
      vertex   1.394170e+00 -3.434363e+01 -1.820575e+01
      vertex   7.179470e-01 -3.408718e+01 -1.820575e+01
    endloop
  endfacet
  facet normal -9.921147e-01 1.253332e-01 0.000000e+00
    outer loop
      vertex   4.090575e+01 1.025393e+01 -3.920575e+01
      vertex   4.090575e+01 1.025393e+01 -2.870575e+01
      vertex   4.100000e+01 1.100000e+01 -3.920575e+01
    endloop
  endfacet
  facet normal -9.921147e-01 1.253332e-01 0.000000e+00
    outer loop
      vertex   4.100000e+01 1.100000e+01 -3.920575e+01
      vertex   4.090575e+01 1.025393e+01 -2.870575e+01
      vertex   4.100000e+01 1.100000e+01 -2.870575e+01
    endloop
  endfacet
  facet normal -9.921147e-01 -1.253332e-01 0.000000e+00
    outer loop
      vertex   4.100000e+01 1.100000e+01 -3.920575e+01
      vertex   4.100000e+01 1.100000e+01 -2.870575e+01
      vertex   4.090575e+01 1.174607e+01 -3.920575e+01
    endloop
  endfacet
  facet normal -9.921147e-01 -1.253332e-01 -2.120348e-17
    outer loop
      vertex   4.090575e+01 1.174607e+01 -3.920575e+01
      vertex   4.100000e+01 1.100000e+01 -2.870575e+01
      vertex   4.090575e+01 1.174607e+01 -2.870575e+01
    endloop
  endfacet
  facet normal -9.297765e-01 -3.681246e-01 -6.227815e-17
    outer loop
      vertex   4.090575e+01 1.174607e+01 -3.920575e+01
      vertex   4.090575e+01 1.174607e+01 -2.870575e+01
      vertex   4.062892e+01 1.244526e+01 -3.920575e+01
    endloop
  endfacet
  facet normal -9.297765e-01 -3.681246e-01 6.227815e-17
    outer loop
      vertex   4.062892e+01 1.244526e+01 -3.920575e+01
      vertex   4.090575e+01 1.174607e+01 -2.870575e+01
      vertex   4.062892e+01 1.244526e+01 -2.870575e+01
    endloop
  endfacet
  facet normal -8.090170e-01 -5.877853e-01 9.943965e-17
    outer loop
      vertex   4.062892e+01 1.244526e+01 -3.920575e+01
      vertex   4.062892e+01 1.244526e+01 -2.870575e+01
      vertex   4.018691e+01 1.305364e+01 -3.920575e+01
    endloop
  endfacet
  facet normal -8.090170e-01 -5.877853e-01 -1.988793e-16
    outer loop
      vertex   4.018691e+01 1.305364e+01 -3.920575e+01
      vertex   4.062892e+01 1.244526e+01 -2.870575e+01
      vertex   4.018691e+01 1.305364e+01 -2.870575e+01
    endloop
  endfacet
  facet normal -6.374240e-01 -7.705132e-01 -2.607060e-16
    outer loop
      vertex   4.018691e+01 1.305364e+01 -3.920575e+01
      vertex   4.018691e+01 1.305364e+01 -2.870575e+01
      vertex   3.960748e+01 1.353298e+01 -3.920575e+01
    endloop
  endfacet
  facet normal -6.374240e-01 -7.705132e-01 0.000000e+00
    outer loop
      vertex   3.960748e+01 1.353298e+01 -3.920575e+01
      vertex   4.018691e+01 1.305364e+01 -2.870575e+01
      vertex   3.960748e+01 1.353298e+01 -2.870575e+01
    endloop
  endfacet
  facet normal -4.257793e-01 -9.048271e-01 0.000000e+00
    outer loop
      vertex   3.960748e+01 1.353298e+01 -3.920575e+01
      vertex   3.960748e+01 1.353298e+01 -2.870575e+01
      vertex   3.892705e+01 1.385317e+01 -3.920575e+01
    endloop
  endfacet
  facet normal -4.257793e-01 -9.048271e-01 0.000000e+00
    outer loop
      vertex   3.892705e+01 1.385317e+01 -3.920575e+01
      vertex   3.960748e+01 1.353298e+01 -2.870575e+01
      vertex   3.892705e+01 1.385317e+01 -2.870575e+01
    endloop
  endfacet
  facet normal -1.873813e-01 -9.822873e-01 0.000000e+00
    outer loop
      vertex   3.892705e+01 1.385317e+01 -3.920575e+01
      vertex   3.892705e+01 1.385317e+01 -2.870575e+01
      vertex   3.818837e+01 1.399408e+01 -3.920575e+01
    endloop
  endfacet
  facet normal -1.873813e-01 -9.822873e-01 0.000000e+00
    outer loop
      vertex   3.818837e+01 1.399408e+01 -3.920575e+01
      vertex   3.892705e+01 1.385317e+01 -2.870575e+01
      vertex   3.818837e+01 1.399408e+01 -2.870575e+01
    endloop
  endfacet
  facet normal 6.279052e-02 -9.980267e-01 0.000000e+00
    outer loop
      vertex   3.818837e+01 1.399408e+01 -3.920575e+01
      vertex   3.818837e+01 1.399408e+01 -2.870575e+01
      vertex   3.743786e+01 1.394686e+01 -3.920575e+01
    endloop
  endfacet
  facet normal 6.279052e-02 -9.980267e-01 0.000000e+00
    outer loop
      vertex   3.743786e+01 1.394686e+01 -3.920575e+01
      vertex   3.818837e+01 1.399408e+01 -2.870575e+01
      vertex   3.743786e+01 1.394686e+01 -2.870575e+01
    endloop
  endfacet
  facet normal 3.090170e-01 -9.510565e-01 0.000000e+00
    outer loop
      vertex   3.743786e+01 1.394686e+01 -3.920575e+01
      vertex   3.743786e+01 1.394686e+01 -2.870575e+01
      vertex   3.672266e+01 1.371448e+01 -3.920575e+01
    endloop
  endfacet
  facet normal 3.090170e-01 -9.510565e-01 0.000000e+00
    outer loop
      vertex   3.672266e+01 1.371448e+01 -3.920575e+01
      vertex   3.743786e+01 1.394686e+01 -2.870575e+01
      vertex   3.672266e+01 1.371448e+01 -2.870575e+01
    endloop
  endfacet
  facet normal 5.358268e-01 -8.443279e-01 0.000000e+00
    outer loop
      vertex   3.672266e+01 1.371448e+01 -3.920575e+01
      vertex   3.672266e+01 1.371448e+01 -2.870575e+01
      vertex   3.608773e+01 1.331154e+01 -3.920575e+01
    endloop
  endfacet
  facet normal 5.358268e-01 -8.443279e-01 0.000000e+00
    outer loop
      vertex   3.608773e+01 1.331154e+01 -3.920575e+01
      vertex   3.672266e+01 1.371448e+01 -2.870575e+01
      vertex   3.608773e+01 1.331154e+01 -2.870575e+01
    endloop
  endfacet
  facet normal 7.289686e-01 -6.845471e-01 0.000000e+00
    outer loop
      vertex   3.608773e+01 1.331154e+01 -3.920575e+01
      vertex   3.608773e+01 1.331154e+01 -2.870575e+01
      vertex   3.557295e+01 1.276336e+01 -3.920575e+01
    endloop
  endfacet
  facet normal 7.289686e-01 -6.845471e-01 0.000000e+00
    outer loop
      vertex   3.557295e+01 1.276336e+01 -3.920575e+01
      vertex   3.608773e+01 1.331154e+01 -2.870575e+01
      vertex   3.557295e+01 1.276336e+01 -2.870575e+01
    endloop
  endfacet
  facet normal 8.763067e-01 -4.817537e-01 0.000000e+00
    outer loop
      vertex   3.557295e+01 1.276336e+01 -3.920575e+01
      vertex   3.557295e+01 1.276336e+01 -2.870575e+01
      vertex   3.521067e+01 1.210437e+01 -3.920575e+01
    endloop
  endfacet
  facet normal 8.763067e-01 -4.817537e-01 8.150157e-17
    outer loop
      vertex   3.521067e+01 1.210437e+01 -3.920575e+01
      vertex   3.557295e+01 1.276336e+01 -2.870575e+01
      vertex   3.521067e+01 1.210437e+01 -2.870575e+01
    endloop
  endfacet
  facet normal 9.685832e-01 -2.486899e-01 4.207257e-17
    outer loop
      vertex   3.521067e+01 1.210437e+01 -3.920575e+01
      vertex   3.521067e+01 1.210437e+01 -2.870575e+01
      vertex   3.502366e+01 1.137600e+01 -3.920575e+01
    endloop
  endfacet
  facet normal 9.685832e-01 -2.486899e-01 0.000000e+00
    outer loop
      vertex   3.502366e+01 1.137600e+01 -3.920575e+01
      vertex   3.521067e+01 1.210437e+01 -2.870575e+01
      vertex   3.502366e+01 1.137600e+01 -2.870575e+01
    endloop
  endfacet
  facet normal 1.000000e+00 0.000000e+00 -0.000000e+00
    outer loop
      vertex   3.502366e+01 1.137600e+01 -3.920575e+01
      vertex   3.502366e+01 1.137600e+01 -2.870575e+01
      vertex   3.502366e+01 1.062400e+01 -3.920575e+01
    endloop
  endfacet
  facet normal 1.000000e+00 0.000000e+00 0.000000e+00
    outer loop
      vertex   3.502366e+01 1.062400e+01 -3.920575e+01
      vertex   3.502366e+01 1.137600e+01 -2.870575e+01
      vertex   3.502366e+01 1.062400e+01 -2.870575e+01
    endloop
  endfacet
  facet normal 9.685832e-01 2.486899e-01 -0.000000e+00
    outer loop
      vertex   3.502366e+01 1.062400e+01 -3.920575e+01
      vertex   3.502366e+01 1.062400e+01 -2.870575e+01
      vertex   3.521067e+01 9.895627e+00 -3.920575e+01
    endloop
  endfacet
  facet normal 9.685832e-01 2.486899e-01 -0.000000e+00
    outer loop
      vertex   3.521067e+01 9.895627e+00 -3.920575e+01
      vertex   3.502366e+01 1.062400e+01 -2.870575e+01
      vertex   3.521067e+01 9.895627e+00 -2.870575e+01
    endloop
  endfacet
  facet normal 8.763067e-01 4.817537e-01 -0.000000e+00
    outer loop
      vertex   3.521067e+01 9.895627e+00 -3.920575e+01
      vertex   3.521067e+01 9.895627e+00 -2.870575e+01
      vertex   3.557295e+01 9.236644e+00 -3.920575e+01
    endloop
  endfacet
  facet normal 8.763067e-01 4.817537e-01 -8.150157e-17
    outer loop
      vertex   3.557295e+01 9.236644e+00 -3.920575e+01
      vertex   3.521067e+01 9.895627e+00 -2.870575e+01
      vertex   3.557295e+01 9.236644e+00 -2.870575e+01
    endloop
  endfacet
  facet normal 7.289686e-01 6.845471e-01 -1.158095e-16
    outer loop
      vertex   3.557295e+01 9.236644e+00 -3.920575e+01
      vertex   3.557295e+01 9.236644e+00 -2.870575e+01
      vertex   3.608773e+01 8.688460e+00 -3.920575e+01
    endloop
  endfacet
  facet normal 7.289686e-01 6.845471e-01 -1.158095e-16
    outer loop
      vertex   3.608773e+01 8.688460e+00 -3.920575e+01
      vertex   3.557295e+01 9.236644e+00 -2.870575e+01
      vertex   3.608773e+01 8.688460e+00 -2.870575e+01
    endloop
  endfacet
  facet normal 5.358268e-01 8.443279e-01 -1.428407e-16
    outer loop
      vertex   3.608773e+01 8.688460e+00 -3.920575e+01
      vertex   3.608773e+01 8.688460e+00 -2.870575e+01
      vertex   3.672266e+01 8.285519e+00 -3.920575e+01
    endloop
  endfacet
  facet normal 5.358268e-01 8.443279e-01 -1.428407e-16
    outer loop
      vertex   3.672266e+01 8.285519e+00 -3.920575e+01
      vertex   3.608773e+01 8.688460e+00 -2.870575e+01
      vertex   3.672266e+01 8.285519e+00 -2.870575e+01
    endloop
  endfacet
  facet normal 3.090170e-01 9.510565e-01 -1.608967e-16
    outer loop
      vertex   3.672266e+01 8.285519e+00 -3.920575e+01
      vertex   3.672266e+01 8.285519e+00 -2.870575e+01
      vertex   3.743786e+01 8.053138e+00 -3.920575e+01
    endloop
  endfacet
  facet normal 3.090170e-01 9.510565e-01 2.091141e-16
    outer loop
      vertex   3.743786e+01 8.053138e+00 -3.920575e+01
      vertex   3.672266e+01 8.285519e+00 -2.870575e+01
      vertex   3.743786e+01 8.053138e+00 -2.870575e+01
    endloop
  endfacet
  facet normal 6.279052e-02 9.980267e-01 4.249081e-17
    outer loop
      vertex   3.743786e+01 8.053138e+00 -3.920575e+01
      vertex   3.743786e+01 8.053138e+00 -2.870575e+01
      vertex   3.818837e+01 8.005920e+00 -3.920575e+01
    endloop
  endfacet
  facet normal 6.279052e-02 9.980267e-01 4.249081e-17
    outer loop
      vertex   3.818837e+01 8.005920e+00 -3.920575e+01
      vertex   3.743786e+01 8.053138e+00 -2.870575e+01
      vertex   3.818837e+01 8.005920e+00 -2.870575e+01
    endloop
  endfacet
  facet normal -1.873813e-01 9.822873e-01 -1.268023e-16
    outer loop
      vertex   3.818837e+01 8.005920e+00 -3.920575e+01
      vertex   3.818837e+01 8.005920e+00 -2.870575e+01
      vertex   3.892705e+01 8.146831e+00 -3.920575e+01
    endloop
  endfacet
  facet normal -1.873813e-01 9.822873e-01 0.000000e+00
    outer loop
      vertex   3.892705e+01 8.146831e+00 -3.920575e+01
      vertex   3.818837e+01 8.005920e+00 -2.870575e+01
      vertex   3.892705e+01 8.146831e+00 -2.870575e+01
    endloop
  endfacet
  facet normal -4.257793e-01 9.048271e-01 0.000000e+00
    outer loop
      vertex   3.892705e+01 8.146831e+00 -3.920575e+01
      vertex   3.892705e+01 8.146831e+00 -2.870575e+01
      vertex   3.960748e+01 8.467016e+00 -3.920575e+01
    endloop
  endfacet
  facet normal -4.257793e-01 9.048271e-01 0.000000e+00
    outer loop
      vertex   3.960748e+01 8.467016e+00 -3.920575e+01
      vertex   3.892705e+01 8.146831e+00 -2.870575e+01
      vertex   3.960748e+01 8.467016e+00 -2.870575e+01
    endloop
  endfacet
  facet normal -6.374240e-01 7.705132e-01 0.000000e+00
    outer loop
      vertex   3.960748e+01 8.467016e+00 -3.920575e+01
      vertex   3.960748e+01 8.467016e+00 -2.870575e+01
      vertex   4.018691e+01 8.946359e+00 -3.920575e+01
    endloop
  endfacet
  facet normal -6.374240e-01 7.705132e-01 0.000000e+00
    outer loop
      vertex   4.018691e+01 8.946359e+00 -3.920575e+01
      vertex   3.960748e+01 8.467016e+00 -2.870575e+01
      vertex   4.018691e+01 8.946359e+00 -2.870575e+01
    endloop
  endfacet
  facet normal -8.090170e-01 5.877853e-01 0.000000e+00
    outer loop
      vertex   4.018691e+01 8.946359e+00 -3.920575e+01
      vertex   4.018691e+01 8.946359e+00 -2.870575e+01
      vertex   4.062892e+01 9.554739e+00 -3.920575e+01
    endloop
  endfacet
  facet normal -8.090170e-01 5.877853e-01 9.943965e-17
    outer loop
      vertex   4.062892e+01 9.554739e+00 -3.920575e+01
      vertex   4.018691e+01 8.946359e+00 -2.870575e+01
      vertex   4.062892e+01 9.554739e+00 -2.870575e+01
    endloop
  endfacet
  facet normal -9.297765e-01 3.681246e-01 6.227815e-17
    outer loop
      vertex   4.062892e+01 9.554739e+00 -3.920575e+01
      vertex   4.062892e+01 9.554739e+00 -2.870575e+01
      vertex   4.090575e+01 1.025393e+01 -3.920575e+01
    endloop
  endfacet
  facet normal -9.297765e-01 3.681246e-01 0.000000e+00
    outer loop
      vertex   4.090575e+01 1.025393e+01 -3.920575e+01
      vertex   4.062892e+01 9.554739e+00 -2.870575e+01
      vertex   4.090575e+01 1.025393e+01 -2.870575e+01
    endloop
  endfacet
  facet normal -9.921147e-01 -1.253332e-01 -0.000000e+00
    outer loop
      vertex   4.090575e+01 1.174607e+01 -1.820575e+01
      vertex   4.090575e+01 1.174607e+01 -2.870575e+01
      vertex   4.100000e+01 1.100000e+01 -1.820575e+01
    endloop
  endfacet
  facet normal -9.921147e-01 -1.253332e-01 -0.000000e+00
    outer loop
      vertex   4.100000e+01 1.100000e+01 -1.820575e+01
      vertex   4.090575e+01 1.174607e+01 -2.870575e+01
      vertex   4.100000e+01 1.100000e+01 -2.870575e+01
    endloop
  endfacet
  facet normal -9.921147e-01 1.253332e-01 0.000000e+00
    outer loop
      vertex   4.100000e+01 1.100000e+01 -1.820575e+01
      vertex   4.100000e+01 1.100000e+01 -2.870575e+01
      vertex   4.090575e+01 1.025393e+01 -1.820575e+01
    endloop
  endfacet
  facet normal -9.921147e-01 1.253332e-01 2.120348e-17
    outer loop
      vertex   4.090575e+01 1.025393e+01 -1.820575e+01
      vertex   4.100000e+01 1.100000e+01 -2.870575e+01
      vertex   4.090575e+01 1.025393e+01 -2.870575e+01
    endloop
  endfacet
  facet normal -9.297765e-01 3.681246e-01 6.227815e-17
    outer loop
      vertex   4.090575e+01 1.025393e+01 -1.820575e+01
      vertex   4.090575e+01 1.025393e+01 -2.870575e+01
      vertex   4.062892e+01 9.554739e+00 -1.820575e+01
    endloop
  endfacet
  facet normal -9.297765e-01 3.681246e-01 -6.227815e-17
    outer loop
      vertex   4.062892e+01 9.554739e+00 -1.820575e+01
      vertex   4.090575e+01 1.025393e+01 -2.870575e+01
      vertex   4.062892e+01 9.554739e+00 -2.870575e+01
    endloop
  endfacet
  facet normal -8.090170e-01 5.877853e-01 -9.943965e-17
    outer loop
      vertex   4.062892e+01 9.554739e+00 -1.820575e+01
      vertex   4.062892e+01 9.554739e+00 -2.870575e+01
      vertex   4.018691e+01 8.946359e+00 -1.820575e+01
    endloop
  endfacet
  facet normal -8.090170e-01 5.877853e-01 1.988793e-16
    outer loop
      vertex   4.018691e+01 8.946359e+00 -1.820575e+01
      vertex   4.062892e+01 9.554739e+00 -2.870575e+01
      vertex   4.018691e+01 8.946359e+00 -2.870575e+01
    endloop
  endfacet
  facet normal -6.374240e-01 7.705132e-01 2.607060e-16
    outer loop
      vertex   4.018691e+01 8.946359e+00 -1.820575e+01
      vertex   4.018691e+01 8.946359e+00 -2.870575e+01
      vertex   3.960748e+01 8.467016e+00 -1.820575e+01
    endloop
  endfacet
  facet normal -6.374240e-01 7.705132e-01 0.000000e+00
    outer loop
      vertex   3.960748e+01 8.467016e+00 -1.820575e+01
      vertex   4.018691e+01 8.946359e+00 -2.870575e+01
      vertex   3.960748e+01 8.467016e+00 -2.870575e+01
    endloop
  endfacet
  facet normal -4.257793e-01 9.048271e-01 0.000000e+00
    outer loop
      vertex   3.960748e+01 8.467016e+00 -1.820575e+01
      vertex   3.960748e+01 8.467016e+00 -2.870575e+01
      vertex   3.892705e+01 8.146831e+00 -1.820575e+01
    endloop
  endfacet
  facet normal -4.257793e-01 9.048271e-01 0.000000e+00
    outer loop
      vertex   3.892705e+01 8.146831e+00 -1.820575e+01
      vertex   3.960748e+01 8.467016e+00 -2.870575e+01
      vertex   3.892705e+01 8.146831e+00 -2.870575e+01
    endloop
  endfacet
  facet normal -1.873813e-01 9.822873e-01 0.000000e+00
    outer loop
      vertex   3.892705e+01 8.146831e+00 -1.820575e+01
      vertex   3.892705e+01 8.146831e+00 -2.870575e+01
      vertex   3.818837e+01 8.005920e+00 -1.820575e+01
    endloop
  endfacet
  facet normal -1.873813e-01 9.822873e-01 0.000000e+00
    outer loop
      vertex   3.818837e+01 8.005920e+00 -1.820575e+01
      vertex   3.892705e+01 8.146831e+00 -2.870575e+01
      vertex   3.818837e+01 8.005920e+00 -2.870575e+01
    endloop
  endfacet
  facet normal 6.279052e-02 9.980267e-01 0.000000e+00
    outer loop
      vertex   3.818837e+01 8.005920e+00 -1.820575e+01
      vertex   3.818837e+01 8.005920e+00 -2.870575e+01
      vertex   3.743786e+01 8.053138e+00 -1.820575e+01
    endloop
  endfacet
  facet normal 6.279052e-02 9.980267e-01 0.000000e+00
    outer loop
      vertex   3.743786e+01 8.053138e+00 -1.820575e+01
      vertex   3.818837e+01 8.005920e+00 -2.870575e+01
      vertex   3.743786e+01 8.053138e+00 -2.870575e+01
    endloop
  endfacet
  facet normal 3.090170e-01 9.510565e-01 0.000000e+00
    outer loop
      vertex   3.743786e+01 8.053138e+00 -1.820575e+01
      vertex   3.743786e+01 8.053138e+00 -2.870575e+01
      vertex   3.672266e+01 8.285519e+00 -1.820575e+01
    endloop
  endfacet
  facet normal 3.090170e-01 9.510565e-01 0.000000e+00
    outer loop
      vertex   3.672266e+01 8.285519e+00 -1.820575e+01
      vertex   3.743786e+01 8.053138e+00 -2.870575e+01
      vertex   3.672266e+01 8.285519e+00 -2.870575e+01
    endloop
  endfacet
  facet normal 5.358268e-01 8.443279e-01 0.000000e+00
    outer loop
      vertex   3.672266e+01 8.285519e+00 -1.820575e+01
      vertex   3.672266e+01 8.285519e+00 -2.870575e+01
      vertex   3.608773e+01 8.688460e+00 -1.820575e+01
    endloop
  endfacet
  facet normal 5.358268e-01 8.443279e-01 0.000000e+00
    outer loop
      vertex   3.608773e+01 8.688460e+00 -1.820575e+01
      vertex   3.672266e+01 8.285519e+00 -2.870575e+01
      vertex   3.608773e+01 8.688460e+00 -2.870575e+01
    endloop
  endfacet
  facet normal 7.289686e-01 6.845471e-01 0.000000e+00
    outer loop
      vertex   3.608773e+01 8.688460e+00 -1.820575e+01
      vertex   3.608773e+01 8.688460e+00 -2.870575e+01
      vertex   3.557295e+01 9.236644e+00 -1.820575e+01
    endloop
  endfacet
  facet normal 7.289686e-01 6.845471e-01 4.932984e-16
    outer loop
      vertex   3.557295e+01 9.236644e+00 -1.820575e+01
      vertex   3.608773e+01 8.688460e+00 -2.870575e+01
      vertex   3.557295e+01 9.236644e+00 -2.870575e+01
    endloop
  endfacet
  facet normal 8.763067e-01 4.817537e-01 5.930032e-16
    outer loop
      vertex   3.557295e+01 9.236644e+00 -1.820575e+01
      vertex   3.557295e+01 9.236644e+00 -2.870575e+01
      vertex   3.521067e+01 9.895627e+00 -1.820575e+01
    endloop
  endfacet
  facet normal 8.763067e-01 4.817537e-01 -8.150157e-17
    outer loop
      vertex   3.521067e+01 9.895627e+00 -1.820575e+01
      vertex   3.557295e+01 9.236644e+00 -2.870575e+01
      vertex   3.521067e+01 9.895627e+00 -2.870575e+01
    endloop
  endfacet
  facet normal 9.685832e-01 2.486899e-01 -4.207257e-17
    outer loop
      vertex   3.521067e+01 9.895627e+00 -1.820575e+01
      vertex   3.521067e+01 9.895627e+00 -2.870575e+01
      vertex   3.502366e+01 1.062400e+01 -1.820575e+01
    endloop
  endfacet
  facet normal 9.685832e-01 2.486899e-01 0.000000e+00
    outer loop
      vertex   3.502366e+01 1.062400e+01 -1.820575e+01
      vertex   3.521067e+01 9.895627e+00 -2.870575e+01
      vertex   3.502366e+01 1.062400e+01 -2.870575e+01
    endloop
  endfacet
  facet normal 1.000000e+00 -0.000000e+00 0.000000e+00
    outer loop
      vertex   3.502366e+01 1.062400e+01 -1.820575e+01
      vertex   3.502366e+01 1.062400e+01 -2.870575e+01
      vertex   3.502366e+01 1.137600e+01 -1.820575e+01
    endloop
  endfacet
  facet normal 1.000000e+00 0.000000e+00 0.000000e+00
    outer loop
      vertex   3.502366e+01 1.137600e+01 -1.820575e+01
      vertex   3.502366e+01 1.062400e+01 -2.870575e+01
      vertex   3.502366e+01 1.137600e+01 -2.870575e+01
    endloop
  endfacet
  facet normal 9.685832e-01 -2.486899e-01 0.000000e+00
    outer loop
      vertex   3.502366e+01 1.137600e+01 -1.820575e+01
      vertex   3.502366e+01 1.137600e+01 -2.870575e+01
      vertex   3.521067e+01 1.210437e+01 -1.820575e+01
    endloop
  endfacet
  facet normal 9.685832e-01 -2.486899e-01 0.000000e+00
    outer loop
      vertex   3.521067e+01 1.210437e+01 -1.820575e+01
      vertex   3.502366e+01 1.137600e+01 -2.870575e+01
      vertex   3.521067e+01 1.210437e+01 -2.870575e+01
    endloop
  endfacet
  facet normal 8.763067e-01 -4.817537e-01 0.000000e+00
    outer loop
      vertex   3.521067e+01 1.210437e+01 -1.820575e+01
      vertex   3.521067e+01 1.210437e+01 -2.870575e+01
      vertex   3.557295e+01 1.276336e+01 -1.820575e+01
    endloop
  endfacet
  facet normal 8.763067e-01 -4.817537e-01 -5.930032e-16
    outer loop
      vertex   3.557295e+01 1.276336e+01 -1.820575e+01
      vertex   3.521067e+01 1.210437e+01 -2.870575e+01
      vertex   3.557295e+01 1.276336e+01 -2.870575e+01
    endloop
  endfacet
  facet normal 7.289686e-01 -6.845471e-01 -4.932984e-16
    outer loop
      vertex   3.557295e+01 1.276336e+01 -1.820575e+01
      vertex   3.557295e+01 1.276336e+01 -2.870575e+01
      vertex   3.608773e+01 1.331154e+01 -1.820575e+01
    endloop
  endfacet
  facet normal 7.289686e-01 -6.845471e-01 2.316190e-16
    outer loop
      vertex   3.608773e+01 1.331154e+01 -1.820575e+01
      vertex   3.557295e+01 1.276336e+01 -2.870575e+01
      vertex   3.608773e+01 1.331154e+01 -2.870575e+01
    endloop
  endfacet
  facet normal 5.358268e-01 -8.443279e-01 2.856815e-16
    outer loop
      vertex   3.608773e+01 1.331154e+01 -1.820575e+01
      vertex   3.608773e+01 1.331154e+01 -2.870575e+01
      vertex   3.672266e+01 1.371448e+01 -1.820575e+01
    endloop
  endfacet
  facet normal 5.358268e-01 -8.443279e-01 0.000000e+00
    outer loop
      vertex   3.672266e+01 1.371448e+01 -1.820575e+01
      vertex   3.608773e+01 1.331154e+01 -2.870575e+01
      vertex   3.672266e+01 1.371448e+01 -2.870575e+01
    endloop
  endfacet
  facet normal 3.090170e-01 -9.510565e-01 0.000000e+00
    outer loop
      vertex   3.672266e+01 1.371448e+01 -1.820575e+01
      vertex   3.672266e+01 1.371448e+01 -2.870575e+01
      vertex   3.743786e+01 1.394686e+01 -1.820575e+01
    endloop
  endfacet
  facet normal 3.090170e-01 -9.510565e-01 -4.821734e-17
    outer loop
      vertex   3.743786e+01 1.394686e+01 -1.820575e+01
      vertex   3.672266e+01 1.371448e+01 -2.870575e+01
      vertex   3.743786e+01 1.394686e+01 -2.870575e+01
    endloop
  endfacet
  facet normal 6.279052e-02 -9.980267e-01 1.263522e-16
    outer loop
      vertex   3.743786e+01 1.394686e+01 -1.820575e+01
      vertex   3.743786e+01 1.394686e+01 -2.870575e+01
      vertex   3.818837e+01 1.399408e+01 -1.820575e+01
    endloop
  endfacet
  facet normal 6.279052e-02 -9.980267e-01 -4.249081e-17
    outer loop
      vertex   3.818837e+01 1.399408e+01 -1.820575e+01
      vertex   3.743786e+01 1.394686e+01 -2.870575e+01
      vertex   3.818837e+01 1.399408e+01 -2.870575e+01
    endloop
  endfacet
  facet normal -1.873813e-01 -9.822873e-01 1.268023e-16
    outer loop
      vertex   3.818837e+01 1.399408e+01 -1.820575e+01
      vertex   3.818837e+01 1.399408e+01 -2.870575e+01
      vertex   3.892705e+01 1.385317e+01 -1.820575e+01
    endloop
  endfacet
  facet normal -1.873813e-01 -9.822873e-01 -0.000000e+00
    outer loop
      vertex   3.892705e+01 1.385317e+01 -1.820575e+01
      vertex   3.818837e+01 1.399408e+01 -2.870575e+01
      vertex   3.892705e+01 1.385317e+01 -2.870575e+01
    endloop
  endfacet
  facet normal -4.257793e-01 -9.048271e-01 -0.000000e+00
    outer loop
      vertex   3.892705e+01 1.385317e+01 -1.820575e+01
      vertex   3.892705e+01 1.385317e+01 -2.870575e+01
      vertex   3.960748e+01 1.353298e+01 -1.820575e+01
    endloop
  endfacet
  facet normal -4.257793e-01 -9.048271e-01 -0.000000e+00
    outer loop
      vertex   3.960748e+01 1.353298e+01 -1.820575e+01
      vertex   3.892705e+01 1.385317e+01 -2.870575e+01
      vertex   3.960748e+01 1.353298e+01 -2.870575e+01
    endloop
  endfacet
  facet normal -6.374240e-01 -7.705132e-01 -0.000000e+00
    outer loop
      vertex   3.960748e+01 1.353298e+01 -1.820575e+01
      vertex   3.960748e+01 1.353298e+01 -2.870575e+01
      vertex   4.018691e+01 1.305364e+01 -1.820575e+01
    endloop
  endfacet
  facet normal -6.374240e-01 -7.705132e-01 -0.000000e+00
    outer loop
      vertex   4.018691e+01 1.305364e+01 -1.820575e+01
      vertex   3.960748e+01 1.353298e+01 -2.870575e+01
      vertex   4.018691e+01 1.305364e+01 -2.870575e+01
    endloop
  endfacet
  facet normal -8.090170e-01 -5.877853e-01 -0.000000e+00
    outer loop
      vertex   4.018691e+01 1.305364e+01 -1.820575e+01
      vertex   4.018691e+01 1.305364e+01 -2.870575e+01
      vertex   4.062892e+01 1.244526e+01 -1.820575e+01
    endloop
  endfacet
  facet normal -8.090170e-01 -5.877853e-01 -9.943965e-17
    outer loop
      vertex   4.062892e+01 1.244526e+01 -1.820575e+01
      vertex   4.018691e+01 1.305364e+01 -2.870575e+01
      vertex   4.062892e+01 1.244526e+01 -2.870575e+01
    endloop
  endfacet
  facet normal -9.297765e-01 -3.681246e-01 -6.227815e-17
    outer loop
      vertex   4.062892e+01 1.244526e+01 -1.820575e+01
      vertex   4.062892e+01 1.244526e+01 -2.870575e+01
      vertex   4.090575e+01 1.174607e+01 -1.820575e+01
    endloop
  endfacet
  facet normal -9.297765e-01 -3.681246e-01 -0.000000e+00
    outer loop
      vertex   4.090575e+01 1.174607e+01 -1.820575e+01
      vertex   4.062892e+01 1.244526e+01 -2.870575e+01
      vertex   4.090575e+01 1.174607e+01 -2.870575e+01
    endloop
  endfacet
  facet normal -1.052085e-01 9.944498e-01 -8.369772e-04
    outer loop
      vertex   7.478259e-01 -4.463239e+01 -8.820600e+01
      vertex   6.229202e-01 -4.465898e+01 -1.041030e+02
      vertex   8.673617e-17 -4.471151e+01 -8.820600e+01
    endloop
  endfacet
  facet normal -6.279050e-02 9.980264e-01 8.369772e-04
    outer loop
      vertex   8.673617e-17 -4.471151e+01 -8.820600e+01
      vertex   6.229202e-01 -4.465898e+01 -1.041030e+02
      vertex   -1.275953e-01 -4.470620e+01 -1.041030e+02
    endloop
  endfacet
  facet normal 1.454065e-01 9.893716e-01 -8.369772e-04
    outer loop
      vertex   8.673617e-17 -4.471151e+01 -8.820600e+01
      vertex   -1.275953e-01 -4.470620e+01 -1.041030e+02
      vertex   -7.440071e-01 -4.460216e+01 -8.820600e+01
    endloop
  endfacet
  facet normal 1.873812e-01 9.822869e-01 8.369772e-04
    outer loop
      vertex   -7.440071e-01 -4.460216e+01 -8.820600e+01
      vertex   -1.275953e-01 -4.470620e+01 -1.041030e+02
      vertex   -8.662747e-01 -4.456529e+01 -1.041030e+02
    endloop
  endfacet
  facet normal 3.868850e-01 9.221276e-01 -8.369772e-04
    outer loop
      vertex   -7.440071e-01 -4.460216e+01 -8.820600e+01
      vertex   -8.662747e-01 -4.456529e+01 -1.041030e+02
      vertex   -1.437447e+00 -4.431122e+01 -8.820600e+01
    endloop
  endfacet
  facet normal 4.257791e-01 9.048267e-01 8.369772e-04
    outer loop
      vertex   -1.437447e+00 -4.431122e+01 -8.820600e+01
      vertex   -8.662747e-01 -4.456529e+01 -1.041030e+02
      vertex   -1.546704e+00 -4.424510e+01 -1.041030e+02
    endloop
  endfacet
  facet normal 6.040541e-01 7.969429e-01 -8.369772e-04
    outer loop
      vertex   -1.437447e+00 -4.431122e+01 -8.820600e+01
      vertex   -1.546704e+00 -4.424510e+01 -1.041030e+02
      vertex   -2.036748e+00 -4.385697e+01 -8.820600e+01
    endloop
  endfacet
  facet normal 6.374238e-01 7.705130e-01 8.369772e-04
    outer loop
      vertex   -2.036748e+00 -4.385697e+01 -8.820600e+01
      vertex   -1.546704e+00 -4.424510e+01 -1.041030e+02
      vertex   -2.126130e+00 -4.376576e+01 -1.041030e+02
    endloop
  endfacet
  facet normal 7.832683e-01 6.216833e-01 -8.369772e-04
    outer loop
      vertex   -2.036748e+00 -4.385697e+01 -8.820600e+01
      vertex   -2.126130e+00 -4.376576e+01 -1.041030e+02
      vertex   -2.504253e+00 -4.326796e+01 -8.820600e+01
    endloop
  endfacet
  facet normal 8.090167e-01 5.877850e-01 8.369772e-04
    outer loop
      vertex   -2.504253e+00 -4.326796e+01 -8.820600e+01
      vertex   -2.126130e+00 -4.376576e+01 -1.041030e+02
      vertex   -2.568144e+00 -4.315738e+01 -1.041030e+02
    endloop
  endfacet
  facet normal 9.132668e-01 4.073611e-01 -8.369772e-04
    outer loop
      vertex   -2.504253e+00 -4.326796e+01 -8.820600e+01
      vertex   -2.568144e+00 -4.315738e+01 -1.041030e+02
      vertex   -2.810589e+00 -4.258118e+01 -8.820600e+01
    endloop
  endfacet
  facet normal 9.297762e-01 3.681244e-01 8.369772e-04
    outer loop
      vertex   -2.810589e+00 -4.258118e+01 -8.820600e+01
      vertex   -2.568144e+00 -4.315738e+01 -1.041030e+02
      vertex   -2.844973e+00 -4.245819e+01 -1.041030e+02
    endloop
  endfacet
  facet normal 9.858814e-01 1.674429e-01 -8.369772e-04
    outer loop
      vertex   -2.810589e+00 -4.258118e+01 -8.820600e+01
      vertex   -2.844973e+00 -4.245819e+01 -1.041030e+02
      vertex   -2.936506e+00 -4.183980e+01 -8.820600e+01
    endloop
  endfacet
  facet normal 9.921144e-01 1.253332e-01 8.369772e-04
    outer loop
      vertex   -2.936506e+00 -4.183980e+01 -8.820600e+01
      vertex   -2.844973e+00 -4.245819e+01 -1.041030e+02
      vertex   -2.939224e+00 -4.171212e+01 -1.041030e+02
    endloop
  endfacet
  facet normal 9.965495e-01 -8.299639e-02 -8.369772e-04
    outer loop
      vertex   -2.936506e+00 -4.183980e+01 -8.820600e+01
      vertex   -2.939224e+00 -4.171212e+01 -1.041030e+02
      vertex   -2.874092e+00 -4.109039e+01 -8.820600e+01
    endloop
  endfacet
  facet normal 9.921144e-01 -1.253332e-01 8.369772e-04
    outer loop
      vertex   -2.874092e+00 -4.109039e+01 -8.820600e+01
      vertex   -2.939224e+00 -4.171212e+01 -1.041030e+02
      vertex   -2.844973e+00 -4.096605e+01 -1.041030e+02
    endloop
  endfacet
  facet normal 9.446007e-01 -3.282207e-01 -8.369772e-04
    outer loop
      vertex   -2.874092e+00 -4.109039e+01 -8.820600e+01
      vertex   -2.844973e+00 -4.096605e+01 -1.041030e+02
      vertex   -2.627270e+00 -4.038005e+01 -8.820600e+01
    endloop
  endfacet
  facet normal 9.297762e-01 -3.681244e-01 8.369772e-04
    outer loop
      vertex   -2.627270e+00 -4.038005e+01 -8.820600e+01
      vertex   -2.844973e+00 -4.096605e+01 -1.041030e+02
      vertex   -2.568144e+00 -4.026686e+01 -1.041030e+02
    endloop
  endfacet
  facet normal 8.332992e-01 -5.528217e-01 -8.369772e-04
    outer loop
      vertex   -2.627270e+00 -4.038005e+01 -8.820600e+01
      vertex   -2.568144e+00 -4.026686e+01 -1.041030e+02
      vertex   -2.211549e+00 -3.975341e+01 -8.820600e+01
    endloop
  endfacet
  facet normal 8.090167e-01 -5.877850e-01 8.369772e-04
    outer loop
      vertex   -2.211549e+00 -3.975341e+01 -8.820600e+01
      vertex   -2.568144e+00 -4.026686e+01 -1.041030e+02
      vertex   -2.126130e+00 -3.965848e+01 -1.041030e+02
    endloop
  endfacet
  facet normal 6.696384e-01 -7.426868e-01 -8.369772e-04
    outer loop
      vertex   -2.211549e+00 -3.975341e+01 -8.820600e+01
      vertex   -2.126130e+00 -3.965848e+01 -1.041030e+02
      vertex   -1.653049e+00 -3.924984e+01 -8.820600e+01
    endloop
  endfacet
  facet normal 6.374238e-01 -7.705130e-01 8.369772e-04
    outer loop
      vertex   -1.653049e+00 -3.924984e+01 -8.820600e+01
      vertex   -2.126130e+00 -3.965848e+01 -1.041030e+02
      vertex   -1.546704e+00 -3.917914e+01 -1.041030e+02
    endloop
  endfacet
  facet normal 4.639017e-01 -8.858863e-01 -8.369772e-04
    outer loop
      vertex   -1.653049e+00 -3.924984e+01 -8.820600e+01
      vertex   -1.546704e+00 -3.917914e+01 -1.041030e+02
      vertex   -9.868623e-01 -3.890099e+01 -8.820600e+01
    endloop
  endfacet
  facet normal 4.257791e-01 -9.048267e-01 8.369772e-04
    outer loop
      vertex   -9.868623e-01 -3.890099e+01 -8.820600e+01
      vertex   -1.546704e+00 -3.917914e+01 -1.041030e+02
      vertex   -8.662747e-01 -3.885895e+01 -1.041030e+02
    endloop
  endfacet
  facet normal 2.290165e-01 -9.734222e-01 -8.369772e-04
    outer loop
      vertex   -9.868623e-01 -3.890099e+01 -8.820600e+01
      vertex   -8.662747e-01 -3.885895e+01 -1.041030e+02
      vertex   -2.548492e-01 -3.872877e+01 -8.820600e+01
    endloop
  endfacet
  facet normal 1.873812e-01 -9.822869e-01 8.369772e-04
    outer loop
      vertex   -2.548492e-01 -3.872877e+01 -8.820600e+01
      vertex   -8.662747e-01 -3.885895e+01 -1.041030e+02
      vertex   -1.275953e-01 -3.871804e+01 -1.041030e+02
    endloop
  endfacet
  facet normal -2.025876e-02 -9.997944e-01 -8.369772e-04
    outer loop
      vertex   -2.548492e-01 -3.872877e+01 -8.820600e+01
      vertex   -1.275953e-01 -3.871804e+01 -1.041030e+02
      vertex   4.969959e-01 -3.874401e+01 -8.820600e+01
    endloop
  endfacet
  facet normal -6.279050e-02 -9.980264e-01 8.369772e-04
    outer loop
      vertex   4.969959e-01 -3.874401e+01 -8.820600e+01
      vertex   -1.275953e-01 -3.871804e+01 -1.041030e+02
      vertex   6.229202e-01 -3.876526e+01 -1.041030e+02
    endloop
  endfacet
  facet normal -2.682611e-01 -9.633459e-01 -8.369772e-04
    outer loop
      vertex   4.969959e-01 -3.874401e+01 -8.820600e+01
      vertex   6.229202e-01 -3.876526e+01 -1.041030e+02
      vertex   1.221432e+00 -3.894574e+01 -8.820600e+01
    endloop
  endfacet
  facet normal -3.090169e-01 -9.510562e-01 8.369772e-04
    outer loop
      vertex   1.221432e+00 -3.894574e+01 -8.820600e+01
      vertex   6.229202e-01 -3.876526e+01 -1.041030e+02
      vertex   1.338114e+00 -3.899764e+01 -1.041030e+02
    endloop
  endfacet
  facet normal -4.994075e-01 -8.663668e-01 -8.369772e-04
    outer loop
      vertex   1.221432e+00 -3.894574e+01 -8.820600e+01
      vertex   1.338114e+00 -3.899764e+01 -1.041030e+02
      vertex   1.872939e+00 -3.932129e+01 -8.820600e+01
    endloop
  endfacet
  facet normal -5.358266e-01 -8.443276e-01 8.369772e-04
    outer loop
      vertex   1.872939e+00 -3.932129e+01 -8.820600e+01
      vertex   1.338114e+00 -3.899764e+01 -1.041030e+02
      vertex   1.973048e+00 -3.940058e+01 -1.041030e+02
    endloop
  endfacet
  facet normal -6.991744e-01 -7.149507e-01 -8.369772e-04
    outer loop
      vertex   1.872939e+00 -3.932129e+01 -8.820600e+01
      vertex   1.973048e+00 -3.940058e+01 -1.041030e+02
      vertex   2.410582e+00 -3.984707e+01 -8.820600e+01
    endloop
  endfacet
  facet normal -7.289684e-01 -6.845469e-01 8.369772e-04
    outer loop
      vertex   2.410582e+00 -3.984707e+01 -8.820600e+01
      vertex   1.973048e+00 -3.940058e+01 -1.041030e+02
      vertex   2.487827e+00 -3.994877e+01 -1.041030e+02
    endloop
  endfacet
  facet normal -8.550095e-01 -5.186116e-01 -8.369772e-04
    outer loop
      vertex   2.410582e+00 -3.984707e+01 -8.820600e+01
      vertex   2.487827e+00 -3.994877e+01 -1.041030e+02
      vertex   2.800578e+00 -4.049004e+01 -8.820600e+01
    endloop
  endfacet
  facet normal -8.763064e-01 -4.817535e-01 8.369772e-04
    outer loop
      vertex   2.800578e+00 -4.049004e+01 -8.820600e+01
      vertex   2.487827e+00 -3.994877e+01 -1.041030e+02
      vertex   2.850106e+00 -4.060775e+01 -1.041030e+02
    endloop
  endfacet
  facet normal -9.571213e-01 -2.896862e-01 -8.369772e-04
    outer loop
      vertex   2.800578e+00 -4.049004e+01 -8.820600e+01
      vertex   2.850106e+00 -4.060775e+01 -1.041030e+02
      vertex   3.018422e+00 -4.120979e+01 -8.820600e+01
    endloop
  endfacet
  facet normal -9.685828e-01 -2.486898e-01 8.369772e-04
    outer loop
      vertex   3.018422e+00 -4.120979e+01 -8.820600e+01
      vertex   2.850106e+00 -4.060775e+01 -1.041030e+02
      vertex   3.037120e+00 -4.133612e+01 -1.041030e+02
    endloop
  endfacet
  facet normal -9.990936e-01 -4.255883e-02 -8.369772e-04
    outer loop
      vertex   3.018422e+00 -4.120979e+01 -8.820600e+01
      vertex   3.037120e+00 -4.133612e+01 -1.041030e+02
      vertex   3.050426e+00 -4.196111e+01 -8.820600e+01
    endloop
  endfacet
  facet normal -9.999996e-01 5.897272e-16 8.369772e-04
    outer loop
      vertex   3.050426e+00 -4.196111e+01 -8.820600e+01
      vertex   3.037120e+00 -4.133612e+01 -1.041030e+02
      vertex   3.037120e+00 -4.208812e+01 -1.041030e+02
    endloop
  endfacet
  facet normal -9.782892e-01 2.072427e-01 -8.369772e-04
    outer loop
      vertex   3.050426e+00 -4.196111e+01 -8.820600e+01
      vertex   3.037120e+00 -4.208812e+01 -1.041030e+02
      vertex   2.894579e+00 -4.269678e+01 -8.820600e+01
    endloop
  endfacet
  facet normal -9.685828e-01 2.486898e-01 8.369772e-04
    outer loop
      vertex   2.894579e+00 -4.269678e+01 -8.820600e+01
      vertex   3.037120e+00 -4.208812e+01 -1.041030e+02
      vertex   2.850106e+00 -4.281649e+01 -1.041030e+02
    endloop
  endfacet
  facet normal -8.960153e-01 4.440224e-01 -8.369772e-04
    outer loop
      vertex   2.894579e+00 -4.269678e+01 -8.820600e+01
      vertex   2.850106e+00 -4.281649e+01 -1.041030e+02
      vertex   2.560675e+00 -4.337059e+01 -8.820600e+01
    endloop
  endfacet
  facet normal -8.763064e-01 4.817535e-01 8.369772e-04
    outer loop
      vertex   2.560675e+00 -4.337059e+01 -8.820600e+01
      vertex   2.850106e+00 -4.281649e+01 -1.041030e+02
      vertex   2.487827e+00 -4.347548e+01 -1.041030e+02
    endloop
  endfacet
  facet normal -7.574414e-01 6.529026e-01 -8.369772e-04
    outer loop
      vertex   2.560675e+00 -4.337059e+01 -8.820600e+01
      vertex   2.487827e+00 -4.347548e+01 -1.041030e+02
      vertex   2.069692e+00 -4.394018e+01 -8.820600e+01
    endloop
  endfacet
  facet normal -7.289684e-01 6.845469e-01 8.369772e-04
    outer loop
      vertex   2.069692e+00 -4.394018e+01 -8.820600e+01
      vertex   2.487827e+00 -4.347548e+01 -1.041030e+02
      vertex   1.973048e+00 -4.402366e+01 -1.041030e+02
    endloop
  endfacet
  facet normal -5.712747e-01 8.207585e-01 -8.369772e-04
    outer loop
      vertex   2.069692e+00 -4.394018e+01 -8.820600e+01
      vertex   1.973048e+00 -4.402366e+01 -1.041030e+02
      vertex   1.452482e+00 -4.436978e+01 -8.820600e+01
    endloop
  endfacet
  facet normal -5.358266e-01 8.443276e-01 8.369772e-04
    outer loop
      vertex   1.452482e+00 -4.436978e+01 -8.820600e+01
      vertex   1.973048e+00 -4.402366e+01 -1.041030e+02
      vertex   1.338114e+00 -4.442660e+01 -1.041030e+02
    endloop
  endfacet
  facet normal -3.492128e-01 9.370431e-01 -8.369772e-04
    outer loop
      vertex   1.452482e+00 -4.436978e+01 -8.820600e+01
      vertex   1.338114e+00 -4.442660e+01 -1.041030e+02
      vertex   7.478259e-01 -4.463239e+01 -8.820600e+01
    endloop
  endfacet
  facet normal -3.090169e-01 9.510562e-01 8.369772e-04
    outer loop
      vertex   7.478259e-01 -4.463239e+01 -8.820600e+01
      vertex   1.338114e+00 -4.442660e+01 -1.041030e+02
      vertex   6.229202e-01 -4.465898e+01 -1.041030e+02
    endloop
  endfacet
  facet normal -1.052085e-01 -9.944498e-01 8.369772e-04
    outer loop
      vertex   7.478259e-01 -3.879185e+01 -1.200000e+02
      vertex   6.229202e-01 -3.876526e+01 -1.041030e+02
      vertex   0.000000e+00 -3.871274e+01 -1.200000e+02
    endloop
  endfacet
  facet normal -6.279050e-02 -9.980264e-01 -8.369772e-04
    outer loop
      vertex   0.000000e+00 -3.871274e+01 -1.200000e+02
      vertex   6.229202e-01 -3.876526e+01 -1.041030e+02
      vertex   -1.275953e-01 -3.871804e+01 -1.041030e+02
    endloop
  endfacet
  facet normal 1.454065e-01 -9.893716e-01 8.369772e-04
    outer loop
      vertex   0.000000e+00 -3.871274e+01 -1.200000e+02
      vertex   -1.275953e-01 -3.871804e+01 -1.041030e+02
      vertex   -7.440071e-01 -3.882208e+01 -1.200000e+02
    endloop
  endfacet
  facet normal 1.873812e-01 -9.822869e-01 -8.369772e-04
    outer loop
      vertex   -7.440071e-01 -3.882208e+01 -1.200000e+02
      vertex   -1.275953e-01 -3.871804e+01 -1.041030e+02
      vertex   -8.662747e-01 -3.885895e+01 -1.041030e+02
    endloop
  endfacet
  facet normal 3.868850e-01 -9.221276e-01 8.369772e-04
    outer loop
      vertex   -7.440071e-01 -3.882208e+01 -1.200000e+02
      vertex   -8.662747e-01 -3.885895e+01 -1.041030e+02
      vertex   -1.437447e+00 -3.911302e+01 -1.200000e+02
    endloop
  endfacet
  facet normal 4.257791e-01 -9.048267e-01 -8.369772e-04
    outer loop
      vertex   -1.437447e+00 -3.911302e+01 -1.200000e+02
      vertex   -8.662747e-01 -3.885895e+01 -1.041030e+02
      vertex   -1.546704e+00 -3.917914e+01 -1.041030e+02
    endloop
  endfacet
  facet normal 6.040541e-01 -7.969429e-01 8.369772e-04
    outer loop
      vertex   -1.437447e+00 -3.911302e+01 -1.200000e+02
      vertex   -1.546704e+00 -3.917914e+01 -1.041030e+02
      vertex   -2.036748e+00 -3.956727e+01 -1.200000e+02
    endloop
  endfacet
  facet normal 6.374238e-01 -7.705130e-01 -8.369772e-04
    outer loop
      vertex   -2.036748e+00 -3.956727e+01 -1.200000e+02
      vertex   -1.546704e+00 -3.917914e+01 -1.041030e+02
      vertex   -2.126130e+00 -3.965848e+01 -1.041030e+02
    endloop
  endfacet
  facet normal 7.832683e-01 -6.216833e-01 8.369772e-04
    outer loop
      vertex   -2.036748e+00 -3.956727e+01 -1.200000e+02
      vertex   -2.126130e+00 -3.965848e+01 -1.041030e+02
      vertex   -2.504253e+00 -4.015629e+01 -1.200000e+02
    endloop
  endfacet
  facet normal 8.090167e-01 -5.877850e-01 -8.369772e-04
    outer loop
      vertex   -2.504253e+00 -4.015629e+01 -1.200000e+02
      vertex   -2.126130e+00 -3.965848e+01 -1.041030e+02
      vertex   -2.568144e+00 -4.026686e+01 -1.041030e+02
    endloop
  endfacet
  facet normal 9.132668e-01 -4.073611e-01 8.369772e-04
    outer loop
      vertex   -2.504253e+00 -4.015629e+01 -1.200000e+02
      vertex   -2.568144e+00 -4.026686e+01 -1.041030e+02
      vertex   -2.810589e+00 -4.084306e+01 -1.200000e+02
    endloop
  endfacet
  facet normal 9.297762e-01 -3.681244e-01 -8.369772e-04
    outer loop
      vertex   -2.810589e+00 -4.084306e+01 -1.200000e+02
      vertex   -2.568144e+00 -4.026686e+01 -1.041030e+02
      vertex   -2.844973e+00 -4.096605e+01 -1.041030e+02
    endloop
  endfacet
  facet normal 9.858814e-01 -1.674429e-01 8.369772e-04
    outer loop
      vertex   -2.810589e+00 -4.084306e+01 -1.200000e+02
      vertex   -2.844973e+00 -4.096605e+01 -1.041030e+02
      vertex   -2.936506e+00 -4.158444e+01 -1.200000e+02
    endloop
  endfacet
  facet normal 9.921144e-01 -1.253332e-01 -8.369772e-04
    outer loop
      vertex   -2.936506e+00 -4.158444e+01 -1.200000e+02
      vertex   -2.844973e+00 -4.096605e+01 -1.041030e+02
      vertex   -2.939224e+00 -4.171212e+01 -1.041030e+02
    endloop
  endfacet
  facet normal 9.965495e-01 8.299639e-02 8.369772e-04
    outer loop
      vertex   -2.936506e+00 -4.158444e+01 -1.200000e+02
      vertex   -2.939224e+00 -4.171212e+01 -1.041030e+02
      vertex   -2.874092e+00 -4.233385e+01 -1.200000e+02
    endloop
  endfacet
  facet normal 9.921144e-01 1.253332e-01 -8.369772e-04
    outer loop
      vertex   -2.874092e+00 -4.233385e+01 -1.200000e+02
      vertex   -2.939224e+00 -4.171212e+01 -1.041030e+02
      vertex   -2.844973e+00 -4.245819e+01 -1.041030e+02
    endloop
  endfacet
  facet normal 9.446007e-01 3.282207e-01 8.369772e-04
    outer loop
      vertex   -2.874092e+00 -4.233385e+01 -1.200000e+02
      vertex   -2.844973e+00 -4.245819e+01 -1.041030e+02
      vertex   -2.627270e+00 -4.304419e+01 -1.200000e+02
    endloop
  endfacet
  facet normal 9.297762e-01 3.681244e-01 -8.369772e-04
    outer loop
      vertex   -2.627270e+00 -4.304419e+01 -1.200000e+02
      vertex   -2.844973e+00 -4.245819e+01 -1.041030e+02
      vertex   -2.568144e+00 -4.315738e+01 -1.041030e+02
    endloop
  endfacet
  facet normal 8.332992e-01 5.528217e-01 8.369772e-04
    outer loop
      vertex   -2.627270e+00 -4.304419e+01 -1.200000e+02
      vertex   -2.568144e+00 -4.315738e+01 -1.041030e+02
      vertex   -2.211549e+00 -4.367083e+01 -1.200000e+02
    endloop
  endfacet
  facet normal 8.090167e-01 5.877850e-01 -8.369772e-04
    outer loop
      vertex   -2.211549e+00 -4.367083e+01 -1.200000e+02
      vertex   -2.568144e+00 -4.315738e+01 -1.041030e+02
      vertex   -2.126130e+00 -4.376576e+01 -1.041030e+02
    endloop
  endfacet
  facet normal 6.696384e-01 7.426868e-01 8.369772e-04
    outer loop
      vertex   -2.211549e+00 -4.367083e+01 -1.200000e+02
      vertex   -2.126130e+00 -4.376576e+01 -1.041030e+02
      vertex   -1.653049e+00 -4.417440e+01 -1.200000e+02
    endloop
  endfacet
  facet normal 6.374238e-01 7.705130e-01 -8.369772e-04
    outer loop
      vertex   -1.653049e+00 -4.417440e+01 -1.200000e+02
      vertex   -2.126130e+00 -4.376576e+01 -1.041030e+02
      vertex   -1.546704e+00 -4.424510e+01 -1.041030e+02
    endloop
  endfacet
  facet normal 4.639017e-01 8.858863e-01 8.369772e-04
    outer loop
      vertex   -1.653049e+00 -4.417440e+01 -1.200000e+02
      vertex   -1.546704e+00 -4.424510e+01 -1.041030e+02
      vertex   -9.868623e-01 -4.452325e+01 -1.200000e+02
    endloop
  endfacet
  facet normal 4.257791e-01 9.048267e-01 -8.369772e-04
    outer loop
      vertex   -9.868623e-01 -4.452325e+01 -1.200000e+02
      vertex   -1.546704e+00 -4.424510e+01 -1.041030e+02
      vertex   -8.662747e-01 -4.456529e+01 -1.041030e+02
    endloop
  endfacet
  facet normal 2.290165e-01 9.734222e-01 8.369772e-04
    outer loop
      vertex   -9.868623e-01 -4.452325e+01 -1.200000e+02
      vertex   -8.662747e-01 -4.456529e+01 -1.041030e+02
      vertex   -2.548492e-01 -4.469547e+01 -1.200000e+02
    endloop
  endfacet
  facet normal 1.873812e-01 9.822869e-01 -8.369772e-04
    outer loop
      vertex   -2.548492e-01 -4.469547e+01 -1.200000e+02
      vertex   -8.662747e-01 -4.456529e+01 -1.041030e+02
      vertex   -1.275953e-01 -4.470620e+01 -1.041030e+02
    endloop
  endfacet
  facet normal -2.025876e-02 9.997944e-01 8.369772e-04
    outer loop
      vertex   -2.548492e-01 -4.469547e+01 -1.200000e+02
      vertex   -1.275953e-01 -4.470620e+01 -1.041030e+02
      vertex   4.969959e-01 -4.468024e+01 -1.200000e+02
    endloop
  endfacet
  facet normal -6.279050e-02 9.980264e-01 -8.369772e-04
    outer loop
      vertex   4.969959e-01 -4.468024e+01 -1.200000e+02
      vertex   -1.275953e-01 -4.470620e+01 -1.041030e+02
      vertex   6.229202e-01 -4.465898e+01 -1.041030e+02
    endloop
  endfacet
  facet normal -2.682611e-01 9.633459e-01 8.369772e-04
    outer loop
      vertex   4.969959e-01 -4.468024e+01 -1.200000e+02
      vertex   6.229202e-01 -4.465898e+01 -1.041030e+02
      vertex   1.221432e+00 -4.447850e+01 -1.200000e+02
    endloop
  endfacet
  facet normal -3.090169e-01 9.510562e-01 -8.369772e-04
    outer loop
      vertex   1.221432e+00 -4.447850e+01 -1.200000e+02
      vertex   6.229202e-01 -4.465898e+01 -1.041030e+02
      vertex   1.338114e+00 -4.442660e+01 -1.041030e+02
    endloop
  endfacet
  facet normal -4.994075e-01 8.663668e-01 8.369772e-04
    outer loop
      vertex   1.221432e+00 -4.447850e+01 -1.200000e+02
      vertex   1.338114e+00 -4.442660e+01 -1.041030e+02
      vertex   1.872939e+00 -4.410295e+01 -1.200000e+02
    endloop
  endfacet
  facet normal -5.358266e-01 8.443276e-01 -8.369772e-04
    outer loop
      vertex   1.872939e+00 -4.410295e+01 -1.200000e+02
      vertex   1.338114e+00 -4.442660e+01 -1.041030e+02
      vertex   1.973048e+00 -4.402366e+01 -1.041030e+02
    endloop
  endfacet
  facet normal -6.991744e-01 7.149507e-01 8.369772e-04
    outer loop
      vertex   1.872939e+00 -4.410295e+01 -1.200000e+02
      vertex   1.973048e+00 -4.402366e+01 -1.041030e+02
      vertex   2.410582e+00 -4.357717e+01 -1.200000e+02
    endloop
  endfacet
  facet normal -7.289684e-01 6.845469e-01 -8.369772e-04
    outer loop
      vertex   2.410582e+00 -4.357717e+01 -1.200000e+02
      vertex   1.973048e+00 -4.402366e+01 -1.041030e+02
      vertex   2.487827e+00 -4.347548e+01 -1.041030e+02
    endloop
  endfacet
  facet normal -8.550095e-01 5.186116e-01 8.369772e-04
    outer loop
      vertex   2.410582e+00 -4.357717e+01 -1.200000e+02
      vertex   2.487827e+00 -4.347548e+01 -1.041030e+02
      vertex   2.800578e+00 -4.293420e+01 -1.200000e+02
    endloop
  endfacet
  facet normal -8.763064e-01 4.817535e-01 -8.369772e-04
    outer loop
      vertex   2.800578e+00 -4.293420e+01 -1.200000e+02
      vertex   2.487827e+00 -4.347548e+01 -1.041030e+02
      vertex   2.850106e+00 -4.281649e+01 -1.041030e+02
    endloop
  endfacet
  facet normal -9.571213e-01 2.896862e-01 8.369772e-04
    outer loop
      vertex   2.800578e+00 -4.293420e+01 -1.200000e+02
      vertex   2.850106e+00 -4.281649e+01 -1.041030e+02
      vertex   3.018422e+00 -4.221445e+01 -1.200000e+02
    endloop
  endfacet
  facet normal -9.685828e-01 2.486898e-01 -8.369772e-04
    outer loop
      vertex   3.018422e+00 -4.221445e+01 -1.200000e+02
      vertex   2.850106e+00 -4.281649e+01 -1.041030e+02
      vertex   3.037120e+00 -4.208812e+01 -1.041030e+02
    endloop
  endfacet
  facet normal -9.990936e-01 4.255883e-02 8.369772e-04
    outer loop
      vertex   3.018422e+00 -4.221445e+01 -1.200000e+02
      vertex   3.037120e+00 -4.208812e+01 -1.041030e+02
      vertex   3.050426e+00 -4.146313e+01 -1.200000e+02
    endloop
  endfacet
  facet normal -9.999996e-01 5.920489e-16 -8.369772e-04
    outer loop
      vertex   3.050426e+00 -4.146313e+01 -1.200000e+02
      vertex   3.037120e+00 -4.208812e+01 -1.041030e+02
      vertex   3.037120e+00 -4.133612e+01 -1.041030e+02
    endloop
  endfacet
  facet normal -9.782892e-01 -2.072427e-01 8.369772e-04
    outer loop
      vertex   3.050426e+00 -4.146313e+01 -1.200000e+02
      vertex   3.037120e+00 -4.133612e+01 -1.041030e+02
      vertex   2.894579e+00 -4.072746e+01 -1.200000e+02
    endloop
  endfacet
  facet normal -9.685828e-01 -2.486898e-01 -8.369772e-04
    outer loop
      vertex   2.894579e+00 -4.072746e+01 -1.200000e+02
      vertex   3.037120e+00 -4.133612e+01 -1.041030e+02
      vertex   2.850106e+00 -4.060775e+01 -1.041030e+02
    endloop
  endfacet
  facet normal -8.960153e-01 -4.440224e-01 8.369772e-04
    outer loop
      vertex   2.894579e+00 -4.072746e+01 -1.200000e+02
      vertex   2.850106e+00 -4.060775e+01 -1.041030e+02
      vertex   2.560675e+00 -4.005366e+01 -1.200000e+02
    endloop
  endfacet
  facet normal -8.763064e-01 -4.817535e-01 -8.369772e-04
    outer loop
      vertex   2.560675e+00 -4.005366e+01 -1.200000e+02
      vertex   2.850106e+00 -4.060775e+01 -1.041030e+02
      vertex   2.487827e+00 -3.994877e+01 -1.041030e+02
    endloop
  endfacet
  facet normal -7.574414e-01 -6.529026e-01 8.369772e-04
    outer loop
      vertex   2.560675e+00 -4.005366e+01 -1.200000e+02
      vertex   2.487827e+00 -3.994877e+01 -1.041030e+02
      vertex   2.069692e+00 -3.948406e+01 -1.200000e+02
    endloop
  endfacet
  facet normal -7.289684e-01 -6.845469e-01 -8.369772e-04
    outer loop
      vertex   2.069692e+00 -3.948406e+01 -1.200000e+02
      vertex   2.487827e+00 -3.994877e+01 -1.041030e+02
      vertex   1.973048e+00 -3.940058e+01 -1.041030e+02
    endloop
  endfacet
  facet normal -5.712747e-01 -8.207585e-01 8.369772e-04
    outer loop
      vertex   2.069692e+00 -3.948406e+01 -1.200000e+02
      vertex   1.973048e+00 -3.940058e+01 -1.041030e+02
      vertex   1.452482e+00 -3.905446e+01 -1.200000e+02
    endloop
  endfacet
  facet normal -5.358266e-01 -8.443276e-01 -8.369772e-04
    outer loop
      vertex   1.452482e+00 -3.905446e+01 -1.200000e+02
      vertex   1.973048e+00 -3.940058e+01 -1.041030e+02
      vertex   1.338114e+00 -3.899764e+01 -1.041030e+02
    endloop
  endfacet
  facet normal -3.492128e-01 -9.370431e-01 8.369772e-04
    outer loop
      vertex   1.452482e+00 -3.905446e+01 -1.200000e+02
      vertex   1.338114e+00 -3.899764e+01 -1.041030e+02
      vertex   7.478259e-01 -3.879185e+01 -1.200000e+02
    endloop
  endfacet
  facet normal -3.090169e-01 -9.510562e-01 -8.369772e-04
    outer loop
      vertex   7.478259e-01 -3.879185e+01 -1.200000e+02
      vertex   1.338114e+00 -3.899764e+01 -1.041030e+02
      vertex   6.229202e-01 -3.876526e+01 -1.041030e+02
    endloop
  endfacet
  facet normal 0.000000e+00 0.000000e+00 -1.000000e+00
    outer loop
      vertex   3.324840e+01 -2.154950e+01 -8.820575e+01
      vertex   3.315414e+01 -2.080343e+01 -8.820575e+01
      vertex   3.743148e+01 -1.808895e+01 -8.820575e+01
    endloop
  endfacet
  facet normal 0.000000e+00 0.000000e+00 -1.000000e+00
    outer loop
      vertex   3.743148e+01 -1.808895e+01 -8.820575e+01
      vertex   3.315414e+01 -2.080343e+01 -8.820575e+01
      vertex   3.324840e+01 -2.005736e+01 -8.820575e+01
    endloop
  endfacet
  facet normal 0.000000e+00 0.000000e+00 -1.000000e+00
    outer loop
      vertex   3.743148e+01 -1.808895e+01 -8.820575e+01
      vertex   3.324840e+01 -2.005736e+01 -8.820575e+01
      vertex   3.352522e+01 -1.935817e+01 -8.820575e+01
    endloop
  endfacet
  facet normal 0.000000e+00 0.000000e+00 -1.000000e+00
    outer loop
      vertex   3.352522e+01 -1.935817e+01 -8.820575e+01
      vertex   3.396724e+01 -1.874979e+01 -8.820575e+01
      vertex   3.743148e+01 -1.808895e+01 -8.820575e+01
    endloop
  endfacet
  facet normal 0.000000e+00 0.000000e+00 -1.000000e+00
    outer loop
      vertex   3.743148e+01 -1.808895e+01 -8.820575e+01
      vertex   3.396724e+01 -1.874979e+01 -8.820575e+01
      vertex   3.454666e+01 -1.827044e+01 -8.820575e+01
    endloop
  endfacet
  facet normal -0.000000e+00 0.000000e+00 -1.000000e+00
    outer loop
      vertex   3.743148e+01 -1.808895e+01 -8.820575e+01
      vertex   3.454666e+01 -1.827044e+01 -8.820575e+01
      vertex   3.522709e+01 -1.795026e+01 -8.820575e+01
    endloop
  endfacet
  facet normal 0.000000e+00 -0.000000e+00 -1.000000e+00
    outer loop
      vertex   3.596577e+01 -1.780935e+01 -8.820575e+01
      vertex   3.671629e+01 -1.785656e+01 -8.820575e+01
      vertex   3.522709e+01 -1.795026e+01 -8.820575e+01
    endloop
  endfacet
  facet normal 0.000000e+00 0.000000e+00 -1.000000e+00
    outer loop
      vertex   3.522709e+01 -1.795026e+01 -8.820575e+01
      vertex   3.671629e+01 -1.785656e+01 -8.820575e+01
      vertex   3.743148e+01 -1.808895e+01 -8.820575e+01
    endloop
  endfacet
  facet normal -0.000000e+00 0.000000e+00 -1.000000e+00
    outer loop
      vertex   3.806642e+01 -1.849189e+01 -8.820575e+01
      vertex   3.743148e+01 -2.351791e+01 -8.820575e+01
      vertex   3.743148e+01 -1.808895e+01 -8.820575e+01
    endloop
  endfacet
  facet normal 0.000000e+00 -0.000000e+00 -1.000000e+00
    outer loop
      vertex   3.743148e+01 -1.808895e+01 -8.820575e+01
      vertex   3.743148e+01 -2.351791e+01 -8.820575e+01
      vertex   3.671629e+01 -2.375029e+01 -8.820575e+01
    endloop
  endfacet
  facet normal 0.000000e+00 0.000000e+00 -1.000000e+00
    outer loop
      vertex   3.743148e+01 -1.808895e+01 -8.820575e+01
      vertex   3.671629e+01 -2.375029e+01 -8.820575e+01
      vertex   3.596577e+01 -2.379751e+01 -8.820575e+01
    endloop
  endfacet
  facet normal 0.000000e+00 0.000000e+00 -1.000000e+00
    outer loop
      vertex   3.743148e+01 -2.351791e+01 -8.820575e+01
      vertex   3.806642e+01 -1.849189e+01 -8.820575e+01
      vertex   3.806642e+01 -2.311497e+01 -8.820575e+01
    endloop
  endfacet
  facet normal 0.000000e+00 0.000000e+00 -1.000000e+00
    outer loop
      vertex   3.806642e+01 -2.311497e+01 -8.820575e+01
      vertex   3.806642e+01 -1.849189e+01 -8.820575e+01
      vertex   3.858120e+01 -1.904007e+01 -8.820575e+01
    endloop
  endfacet
  facet normal 0.000000e+00 0.000000e+00 -1.000000e+00
    outer loop
      vertex   3.806642e+01 -2.311497e+01 -8.820575e+01
      vertex   3.858120e+01 -1.904007e+01 -8.820575e+01
      vertex   3.858120e+01 -2.256678e+01 -8.820575e+01
    endloop
  endfacet
  facet normal 0.000000e+00 0.000000e+00 -1.000000e+00
    outer loop
      vertex   3.858120e+01 -2.256678e+01 -8.820575e+01
      vertex   3.858120e+01 -1.904007e+01 -8.820575e+01
      vertex   3.894347e+01 -1.969905e+01 -8.820575e+01
    endloop
  endfacet
  facet normal 0.000000e+00 0.000000e+00 -1.000000e+00
    outer loop
      vertex   3.858120e+01 -2.256678e+01 -8.820575e+01
      vertex   3.894347e+01 -1.969905e+01 -8.820575e+01
      vertex   3.894347e+01 -2.190780e+01 -8.820575e+01
    endloop
  endfacet
  facet normal 0.000000e+00 0.000000e+00 -1.000000e+00
    outer loop
      vertex   3.894347e+01 -2.190780e+01 -8.820575e+01
      vertex   3.894347e+01 -1.969905e+01 -8.820575e+01
      vertex   3.913049e+01 -2.042743e+01 -8.820575e+01
    endloop
  endfacet
  facet normal 0.000000e+00 0.000000e+00 -1.000000e+00
    outer loop
      vertex   3.894347e+01 -2.190780e+01 -8.820575e+01
      vertex   3.913049e+01 -2.042743e+01 -8.820575e+01
      vertex   3.913049e+01 -2.117943e+01 -8.820575e+01
    endloop
  endfacet
  facet normal 0.000000e+00 0.000000e+00 -1.000000e+00
    outer loop
      vertex   3.596577e+01 -2.379751e+01 -8.820575e+01
      vertex   3.522709e+01 -2.365660e+01 -8.820575e+01
      vertex   3.743148e+01 -1.808895e+01 -8.820575e+01
    endloop
  endfacet
  facet normal 0.000000e+00 0.000000e+00 -1.000000e+00
    outer loop
      vertex   3.743148e+01 -1.808895e+01 -8.820575e+01
      vertex   3.522709e+01 -2.365660e+01 -8.820575e+01
      vertex   3.454666e+01 -2.333641e+01 -8.820575e+01
    endloop
  endfacet
  facet normal 0.000000e+00 0.000000e+00 -1.000000e+00
    outer loop
      vertex   3.743148e+01 -1.808895e+01 -8.820575e+01
      vertex   3.454666e+01 -2.333641e+01 -8.820575e+01
      vertex   3.396724e+01 -2.285707e+01 -8.820575e+01
    endloop
  endfacet
  facet normal 0.000000e+00 0.000000e+00 -1.000000e+00
    outer loop
      vertex   3.396724e+01 -2.285707e+01 -8.820575e+01
      vertex   3.352522e+01 -2.224869e+01 -8.820575e+01
      vertex   3.743148e+01 -1.808895e+01 -8.820575e+01
    endloop
  endfacet
  facet normal 0.000000e+00 0.000000e+00 -1.000000e+00
    outer loop
      vertex   3.743148e+01 -1.808895e+01 -8.820575e+01
      vertex   3.352522e+01 -2.224869e+01 -8.820575e+01
      vertex   3.324840e+01 -2.154950e+01 -8.820575e+01
    endloop
  endfacet
  facet normal 9.921147e-01 1.253332e-01 0.000000e+00
    outer loop
      vertex   3.324840e+01 -2.154950e+01 -1.100000e+02
      vertex   3.324840e+01 -2.154950e+01 -1.200000e+02
      vertex   3.315414e+01 -2.080343e+01 -1.100000e+02
    endloop
  endfacet
  facet normal 9.921147e-01 1.253332e-01 0.000000e+00
    outer loop
      vertex   3.315414e+01 -2.080343e+01 -1.100000e+02
      vertex   3.324840e+01 -2.154950e+01 -1.200000e+02
      vertex   3.315414e+01 -2.080343e+01 -1.200000e+02
    endloop
  endfacet
  facet normal 9.921147e-01 -1.253332e-01 0.000000e+00
    outer loop
      vertex   3.315414e+01 -2.080343e+01 -1.100000e+02
      vertex   3.315414e+01 -2.080343e+01 -1.200000e+02
      vertex   3.324840e+01 -2.005736e+01 -1.100000e+02
    endloop
  endfacet
  facet normal 9.921147e-01 -1.253332e-01 0.000000e+00
    outer loop
      vertex   3.324840e+01 -2.005736e+01 -1.100000e+02
      vertex   3.315414e+01 -2.080343e+01 -1.200000e+02
      vertex   3.324840e+01 -2.005736e+01 -1.200000e+02
    endloop
  endfacet
  facet normal 9.297765e-01 -3.681246e-01 0.000000e+00
    outer loop
      vertex   3.324840e+01 -2.005736e+01 -1.100000e+02
      vertex   3.324840e+01 -2.005736e+01 -1.200000e+02
      vertex   3.352522e+01 -1.935817e+01 -1.100000e+02
    endloop
  endfacet
  facet normal 9.297765e-01 -3.681246e-01 0.000000e+00
    outer loop
      vertex   3.352522e+01 -1.935817e+01 -1.100000e+02
      vertex   3.324840e+01 -2.005736e+01 -1.200000e+02
      vertex   3.352522e+01 -1.935817e+01 -1.200000e+02
    endloop
  endfacet
  facet normal 8.090170e-01 -5.877853e-01 0.000000e+00
    outer loop
      vertex   3.352522e+01 -1.935817e+01 -1.100000e+02
      vertex   3.352522e+01 -1.935817e+01 -1.200000e+02
      vertex   3.396724e+01 -1.874979e+01 -1.100000e+02
    endloop
  endfacet
  facet normal 8.090170e-01 -5.877853e-01 0.000000e+00
    outer loop
      vertex   3.396724e+01 -1.874979e+01 -1.100000e+02
      vertex   3.352522e+01 -1.935817e+01 -1.200000e+02
      vertex   3.396724e+01 -1.874979e+01 -1.200000e+02
    endloop
  endfacet
  facet normal 6.374240e-01 -7.705132e-01 0.000000e+00
    outer loop
      vertex   3.396724e+01 -1.874979e+01 -1.100000e+02
      vertex   3.396724e+01 -1.874979e+01 -1.200000e+02
      vertex   3.454666e+01 -1.827044e+01 -1.100000e+02
    endloop
  endfacet
  facet normal 6.374240e-01 -7.705132e-01 0.000000e+00
    outer loop
      vertex   3.454666e+01 -1.827044e+01 -1.100000e+02
      vertex   3.396724e+01 -1.874979e+01 -1.200000e+02
      vertex   3.454666e+01 -1.827044e+01 -1.200000e+02
    endloop
  endfacet
  facet normal 4.257793e-01 -9.048271e-01 0.000000e+00
    outer loop
      vertex   3.454666e+01 -1.827044e+01 -1.100000e+02
      vertex   3.454666e+01 -1.827044e+01 -1.200000e+02
      vertex   3.522709e+01 -1.795026e+01 -1.100000e+02
    endloop
  endfacet
  facet normal 4.257793e-01 -9.048271e-01 0.000000e+00
    outer loop
      vertex   3.522709e+01 -1.795026e+01 -1.100000e+02
      vertex   3.454666e+01 -1.827044e+01 -1.200000e+02
      vertex   3.522709e+01 -1.795026e+01 -1.200000e+02
    endloop
  endfacet
  facet normal 1.873813e-01 -9.822873e-01 0.000000e+00
    outer loop
      vertex   3.522709e+01 -1.795026e+01 -1.100000e+02
      vertex   3.522709e+01 -1.795026e+01 -1.200000e+02
      vertex   3.596577e+01 -1.780935e+01 -1.100000e+02
    endloop
  endfacet
  facet normal 1.873813e-01 -9.822873e-01 0.000000e+00
    outer loop
      vertex   3.596577e+01 -1.780935e+01 -1.100000e+02
      vertex   3.522709e+01 -1.795026e+01 -1.200000e+02
      vertex   3.596577e+01 -1.780935e+01 -1.200000e+02
    endloop
  endfacet
  facet normal -6.279052e-02 -9.980267e-01 -0.000000e+00
    outer loop
      vertex   3.596577e+01 -1.780935e+01 -1.100000e+02
      vertex   3.596577e+01 -1.780935e+01 -1.200000e+02
      vertex   3.671629e+01 -1.785656e+01 -1.100000e+02
    endloop
  endfacet
  facet normal -6.279052e-02 -9.980267e-01 -0.000000e+00
    outer loop
      vertex   3.671629e+01 -1.785656e+01 -1.100000e+02
      vertex   3.596577e+01 -1.780935e+01 -1.200000e+02
      vertex   3.671629e+01 -1.785656e+01 -1.200000e+02
    endloop
  endfacet
  facet normal -3.090170e-01 -9.510565e-01 -0.000000e+00
    outer loop
      vertex   3.671629e+01 -1.785656e+01 -1.100000e+02
      vertex   3.671629e+01 -1.785656e+01 -1.200000e+02
      vertex   3.743148e+01 -1.808895e+01 -1.100000e+02
    endloop
  endfacet
  facet normal -3.090170e-01 -9.510565e-01 -0.000000e+00
    outer loop
      vertex   3.743148e+01 -1.808895e+01 -1.100000e+02
      vertex   3.671629e+01 -1.785656e+01 -1.200000e+02
      vertex   3.743148e+01 -1.808895e+01 -1.200000e+02
    endloop
  endfacet
  facet normal -5.358268e-01 -8.443279e-01 -0.000000e+00
    outer loop
      vertex   3.743148e+01 -1.808895e+01 -1.100000e+02
      vertex   3.743148e+01 -1.808895e+01 -1.200000e+02
      vertex   3.806642e+01 -1.849189e+01 -1.100000e+02
    endloop
  endfacet
  facet normal -5.358268e-01 -8.443279e-01 -0.000000e+00
    outer loop
      vertex   3.806642e+01 -1.849189e+01 -1.100000e+02
      vertex   3.743148e+01 -1.808895e+01 -1.200000e+02
      vertex   3.806642e+01 -1.849189e+01 -1.200000e+02
    endloop
  endfacet
  facet normal -7.289686e-01 -6.845471e-01 -0.000000e+00
    outer loop
      vertex   3.806642e+01 -1.849189e+01 -1.100000e+02
      vertex   3.806642e+01 -1.849189e+01 -1.200000e+02
      vertex   3.858120e+01 -1.904007e+01 -1.100000e+02
    endloop
  endfacet
  facet normal -7.289686e-01 -6.845471e-01 -0.000000e+00
    outer loop
      vertex   3.858120e+01 -1.904007e+01 -1.100000e+02
      vertex   3.806642e+01 -1.849189e+01 -1.200000e+02
      vertex   3.858120e+01 -1.904007e+01 -1.200000e+02
    endloop
  endfacet
  facet normal -8.763067e-01 -4.817537e-01 -0.000000e+00
    outer loop
      vertex   3.858120e+01 -1.904007e+01 -1.100000e+02
      vertex   3.858120e+01 -1.904007e+01 -1.200000e+02
      vertex   3.894347e+01 -1.969905e+01 -1.100000e+02
    endloop
  endfacet
  facet normal -8.763067e-01 -4.817537e-01 -0.000000e+00
    outer loop
      vertex   3.894347e+01 -1.969905e+01 -1.100000e+02
      vertex   3.858120e+01 -1.904007e+01 -1.200000e+02
      vertex   3.894347e+01 -1.969905e+01 -1.200000e+02
    endloop
  endfacet
  facet normal -9.685832e-01 -2.486899e-01 -0.000000e+00
    outer loop
      vertex   3.894347e+01 -1.969905e+01 -1.100000e+02
      vertex   3.894347e+01 -1.969905e+01 -1.200000e+02
      vertex   3.913049e+01 -2.042743e+01 -1.100000e+02
    endloop
  endfacet
  facet normal -9.685832e-01 -2.486899e-01 -0.000000e+00
    outer loop
      vertex   3.913049e+01 -2.042743e+01 -1.100000e+02
      vertex   3.894347e+01 -1.969905e+01 -1.200000e+02
      vertex   3.913049e+01 -2.042743e+01 -1.200000e+02
    endloop
  endfacet
  facet normal -1.000000e+00 -0.000000e+00 -0.000000e+00
    outer loop
      vertex   3.913049e+01 -2.042743e+01 -1.100000e+02
      vertex   3.913049e+01 -2.042743e+01 -1.200000e+02
      vertex   3.913049e+01 -2.117943e+01 -1.100000e+02
    endloop
  endfacet
  facet normal -1.000000e+00 0.000000e+00 0.000000e+00
    outer loop
      vertex   3.913049e+01 -2.117943e+01 -1.100000e+02
      vertex   3.913049e+01 -2.042743e+01 -1.200000e+02
      vertex   3.913049e+01 -2.117943e+01 -1.200000e+02
    endloop
  endfacet
  facet normal -9.685832e-01 2.486899e-01 0.000000e+00
    outer loop
      vertex   3.913049e+01 -2.117943e+01 -1.100000e+02
      vertex   3.913049e+01 -2.117943e+01 -1.200000e+02
      vertex   3.894347e+01 -2.190780e+01 -1.100000e+02
    endloop
  endfacet
  facet normal -9.685832e-01 2.486899e-01 0.000000e+00
    outer loop
      vertex   3.894347e+01 -2.190780e+01 -1.100000e+02
      vertex   3.913049e+01 -2.117943e+01 -1.200000e+02
      vertex   3.894347e+01 -2.190780e+01 -1.200000e+02
    endloop
  endfacet
  facet normal -8.763067e-01 4.817537e-01 0.000000e+00
    outer loop
      vertex   3.894347e+01 -2.190780e+01 -1.100000e+02
      vertex   3.894347e+01 -2.190780e+01 -1.200000e+02
      vertex   3.858120e+01 -2.256678e+01 -1.100000e+02
    endloop
  endfacet
  facet normal -8.763067e-01 4.817537e-01 0.000000e+00
    outer loop
      vertex   3.858120e+01 -2.256678e+01 -1.100000e+02
      vertex   3.894347e+01 -2.190780e+01 -1.200000e+02
      vertex   3.858120e+01 -2.256678e+01 -1.200000e+02
    endloop
  endfacet
  facet normal -7.289686e-01 6.845471e-01 0.000000e+00
    outer loop
      vertex   3.858120e+01 -2.256678e+01 -1.100000e+02
      vertex   3.858120e+01 -2.256678e+01 -1.200000e+02
      vertex   3.806642e+01 -2.311497e+01 -1.100000e+02
    endloop
  endfacet
  facet normal -7.289686e-01 6.845471e-01 0.000000e+00
    outer loop
      vertex   3.806642e+01 -2.311497e+01 -1.100000e+02
      vertex   3.858120e+01 -2.256678e+01 -1.200000e+02
      vertex   3.806642e+01 -2.311497e+01 -1.200000e+02
    endloop
  endfacet
  facet normal -5.358268e-01 8.443279e-01 0.000000e+00
    outer loop
      vertex   3.806642e+01 -2.311497e+01 -1.100000e+02
      vertex   3.806642e+01 -2.311497e+01 -1.200000e+02
      vertex   3.743148e+01 -2.351791e+01 -1.100000e+02
    endloop
  endfacet
  facet normal -5.358268e-01 8.443279e-01 0.000000e+00
    outer loop
      vertex   3.743148e+01 -2.351791e+01 -1.100000e+02
      vertex   3.806642e+01 -2.311497e+01 -1.200000e+02
      vertex   3.743148e+01 -2.351791e+01 -1.200000e+02
    endloop
  endfacet
  facet normal -3.090170e-01 9.510565e-01 0.000000e+00
    outer loop
      vertex   3.743148e+01 -2.351791e+01 -1.100000e+02
      vertex   3.743148e+01 -2.351791e+01 -1.200000e+02
      vertex   3.671629e+01 -2.375029e+01 -1.100000e+02
    endloop
  endfacet
  facet normal -3.090170e-01 9.510565e-01 0.000000e+00
    outer loop
      vertex   3.671629e+01 -2.375029e+01 -1.100000e+02
      vertex   3.743148e+01 -2.351791e+01 -1.200000e+02
      vertex   3.671629e+01 -2.375029e+01 -1.200000e+02
    endloop
  endfacet
  facet normal -6.279052e-02 9.980267e-01 0.000000e+00
    outer loop
      vertex   3.671629e+01 -2.375029e+01 -1.100000e+02
      vertex   3.671629e+01 -2.375029e+01 -1.200000e+02
      vertex   3.596577e+01 -2.379751e+01 -1.100000e+02
    endloop
  endfacet
  facet normal -6.279052e-02 9.980267e-01 0.000000e+00
    outer loop
      vertex   3.596577e+01 -2.379751e+01 -1.100000e+02
      vertex   3.671629e+01 -2.375029e+01 -1.200000e+02
      vertex   3.596577e+01 -2.379751e+01 -1.200000e+02
    endloop
  endfacet
  facet normal 1.873813e-01 9.822873e-01 0.000000e+00
    outer loop
      vertex   3.596577e+01 -2.379751e+01 -1.100000e+02
      vertex   3.596577e+01 -2.379751e+01 -1.200000e+02
      vertex   3.522709e+01 -2.365660e+01 -1.100000e+02
    endloop
  endfacet
  facet normal 1.873813e-01 9.822873e-01 0.000000e+00
    outer loop
      vertex   3.522709e+01 -2.365660e+01 -1.100000e+02
      vertex   3.596577e+01 -2.379751e+01 -1.200000e+02
      vertex   3.522709e+01 -2.365660e+01 -1.200000e+02
    endloop
  endfacet
  facet normal 4.257793e-01 9.048271e-01 0.000000e+00
    outer loop
      vertex   3.522709e+01 -2.365660e+01 -1.100000e+02
      vertex   3.522709e+01 -2.365660e+01 -1.200000e+02
      vertex   3.454666e+01 -2.333641e+01 -1.100000e+02
    endloop
  endfacet
  facet normal 4.257793e-01 9.048271e-01 0.000000e+00
    outer loop
      vertex   3.454666e+01 -2.333641e+01 -1.100000e+02
      vertex   3.522709e+01 -2.365660e+01 -1.200000e+02
      vertex   3.454666e+01 -2.333641e+01 -1.200000e+02
    endloop
  endfacet
  facet normal 6.374240e-01 7.705132e-01 0.000000e+00
    outer loop
      vertex   3.454666e+01 -2.333641e+01 -1.100000e+02
      vertex   3.454666e+01 -2.333641e+01 -1.200000e+02
      vertex   3.396724e+01 -2.285707e+01 -1.100000e+02
    endloop
  endfacet
  facet normal 6.374240e-01 7.705132e-01 0.000000e+00
    outer loop
      vertex   3.396724e+01 -2.285707e+01 -1.100000e+02
      vertex   3.454666e+01 -2.333641e+01 -1.200000e+02
      vertex   3.396724e+01 -2.285707e+01 -1.200000e+02
    endloop
  endfacet
  facet normal 8.090170e-01 5.877853e-01 0.000000e+00
    outer loop
      vertex   3.396724e+01 -2.285707e+01 -1.100000e+02
      vertex   3.396724e+01 -2.285707e+01 -1.200000e+02
      vertex   3.352522e+01 -2.224869e+01 -1.100000e+02
    endloop
  endfacet
  facet normal 8.090170e-01 5.877853e-01 0.000000e+00
    outer loop
      vertex   3.352522e+01 -2.224869e+01 -1.100000e+02
      vertex   3.396724e+01 -2.285707e+01 -1.200000e+02
      vertex   3.352522e+01 -2.224869e+01 -1.200000e+02
    endloop
  endfacet
  facet normal 9.297765e-01 3.681246e-01 0.000000e+00
    outer loop
      vertex   3.352522e+01 -2.224869e+01 -1.100000e+02
      vertex   3.352522e+01 -2.224869e+01 -1.200000e+02
      vertex   3.324840e+01 -2.154950e+01 -1.100000e+02
    endloop
  endfacet
  facet normal 9.297765e-01 3.681246e-01 0.000000e+00
    outer loop
      vertex   3.324840e+01 -2.154950e+01 -1.100000e+02
      vertex   3.352522e+01 -2.224869e+01 -1.200000e+02
      vertex   3.324840e+01 -2.154950e+01 -1.200000e+02
    endloop
  endfacet
  facet normal 0.000000e+00 0.000000e+00 -1.000000e+00
    outer loop
      vertex   3.318762e+01 2.016262e+01 -8.820575e+01
      vertex   3.309337e+01 2.090869e+01 -8.820575e+01
      vertex   3.737071e+01 2.362318e+01 -8.820575e+01
    endloop
  endfacet
  facet normal 0.000000e+00 0.000000e+00 -1.000000e+00
    outer loop
      vertex   3.737071e+01 2.362318e+01 -8.820575e+01
      vertex   3.309337e+01 2.090869e+01 -8.820575e+01
      vertex   3.318762e+01 2.165476e+01 -8.820575e+01
    endloop
  endfacet
  facet normal 0.000000e+00 0.000000e+00 -1.000000e+00
    outer loop
      vertex   3.737071e+01 2.362318e+01 -8.820575e+01
      vertex   3.318762e+01 2.165476e+01 -8.820575e+01
      vertex   3.346445e+01 2.235396e+01 -8.820575e+01
    endloop
  endfacet
  facet normal 0.000000e+00 0.000000e+00 -1.000000e+00
    outer loop
      vertex   3.346445e+01 2.235396e+01 -8.820575e+01
      vertex   3.390646e+01 2.296234e+01 -8.820575e+01
      vertex   3.737071e+01 2.362318e+01 -8.820575e+01
    endloop
  endfacet
  facet normal 0.000000e+00 0.000000e+00 -1.000000e+00
    outer loop
      vertex   3.737071e+01 2.362318e+01 -8.820575e+01
      vertex   3.390646e+01 2.296234e+01 -8.820575e+01
      vertex   3.448589e+01 2.344168e+01 -8.820575e+01
    endloop
  endfacet
  facet normal -0.000000e+00 0.000000e+00 -1.000000e+00
    outer loop
      vertex   3.737071e+01 2.362318e+01 -8.820575e+01
      vertex   3.448589e+01 2.344168e+01 -8.820575e+01
      vertex   3.516632e+01 2.376186e+01 -8.820575e+01
    endloop
  endfacet
  facet normal 0.000000e+00 -0.000000e+00 -1.000000e+00
    outer loop
      vertex   3.590500e+01 2.390277e+01 -8.820575e+01
      vertex   3.665551e+01 2.385556e+01 -8.820575e+01
      vertex   3.516632e+01 2.376186e+01 -8.820575e+01
    endloop
  endfacet
  facet normal 0.000000e+00 0.000000e+00 -1.000000e+00
    outer loop
      vertex   3.516632e+01 2.376186e+01 -8.820575e+01
      vertex   3.665551e+01 2.385556e+01 -8.820575e+01
      vertex   3.737071e+01 2.362318e+01 -8.820575e+01
    endloop
  endfacet
  facet normal -0.000000e+00 0.000000e+00 -1.000000e+00
    outer loop
      vertex   3.800564e+01 2.322023e+01 -8.820575e+01
      vertex   3.737071e+01 1.819421e+01 -8.820575e+01
      vertex   3.737071e+01 2.362318e+01 -8.820575e+01
    endloop
  endfacet
  facet normal 0.000000e+00 -0.000000e+00 -1.000000e+00
    outer loop
      vertex   3.737071e+01 2.362318e+01 -8.820575e+01
      vertex   3.737071e+01 1.819421e+01 -8.820575e+01
      vertex   3.665551e+01 1.796183e+01 -8.820575e+01
    endloop
  endfacet
  facet normal 0.000000e+00 0.000000e+00 -1.000000e+00
    outer loop
      vertex   3.737071e+01 2.362318e+01 -8.820575e+01
      vertex   3.665551e+01 1.796183e+01 -8.820575e+01
      vertex   3.590500e+01 1.791461e+01 -8.820575e+01
    endloop
  endfacet
  facet normal 0.000000e+00 0.000000e+00 -1.000000e+00
    outer loop
      vertex   3.737071e+01 1.819421e+01 -8.820575e+01
      vertex   3.800564e+01 2.322023e+01 -8.820575e+01
      vertex   3.800564e+01 1.859715e+01 -8.820575e+01
    endloop
  endfacet
  facet normal 0.000000e+00 0.000000e+00 -1.000000e+00
    outer loop
      vertex   3.800564e+01 1.859715e+01 -8.820575e+01
      vertex   3.800564e+01 2.322023e+01 -8.820575e+01
      vertex   3.852042e+01 2.267205e+01 -8.820575e+01
    endloop
  endfacet
  facet normal 0.000000e+00 0.000000e+00 -1.000000e+00
    outer loop
      vertex   3.800564e+01 1.859715e+01 -8.820575e+01
      vertex   3.852042e+01 2.267205e+01 -8.820575e+01
      vertex   3.852042e+01 1.914534e+01 -8.820575e+01
    endloop
  endfacet
  facet normal 0.000000e+00 0.000000e+00 -1.000000e+00
    outer loop
      vertex   3.852042e+01 1.914534e+01 -8.820575e+01
      vertex   3.852042e+01 2.267205e+01 -8.820575e+01
      vertex   3.888270e+01 2.201307e+01 -8.820575e+01
    endloop
  endfacet
  facet normal 0.000000e+00 0.000000e+00 -1.000000e+00
    outer loop
      vertex   3.852042e+01 1.914534e+01 -8.820575e+01
      vertex   3.888270e+01 2.201307e+01 -8.820575e+01
      vertex   3.888270e+01 1.980432e+01 -8.820575e+01
    endloop
  endfacet
  facet normal 0.000000e+00 0.000000e+00 -1.000000e+00
    outer loop
      vertex   3.888270e+01 1.980432e+01 -8.820575e+01
      vertex   3.888270e+01 2.201307e+01 -8.820575e+01
      vertex   3.906971e+01 2.128469e+01 -8.820575e+01
    endloop
  endfacet
  facet normal 0.000000e+00 0.000000e+00 -1.000000e+00
    outer loop
      vertex   3.888270e+01 1.980432e+01 -8.820575e+01
      vertex   3.906971e+01 2.128469e+01 -8.820575e+01
      vertex   3.906971e+01 2.053269e+01 -8.820575e+01
    endloop
  endfacet
  facet normal 0.000000e+00 0.000000e+00 -1.000000e+00
    outer loop
      vertex   3.590500e+01 1.791461e+01 -8.820575e+01
      vertex   3.516632e+01 1.805552e+01 -8.820575e+01
      vertex   3.737071e+01 2.362318e+01 -8.820575e+01
    endloop
  endfacet
  facet normal 0.000000e+00 0.000000e+00 -1.000000e+00
    outer loop
      vertex   3.737071e+01 2.362318e+01 -8.820575e+01
      vertex   3.516632e+01 1.805552e+01 -8.820575e+01
      vertex   3.448589e+01 1.837571e+01 -8.820575e+01
    endloop
  endfacet
  facet normal 0.000000e+00 0.000000e+00 -1.000000e+00
    outer loop
      vertex   3.737071e+01 2.362318e+01 -8.820575e+01
      vertex   3.448589e+01 1.837571e+01 -8.820575e+01
      vertex   3.390646e+01 1.885505e+01 -8.820575e+01
    endloop
  endfacet
  facet normal 0.000000e+00 0.000000e+00 -1.000000e+00
    outer loop
      vertex   3.390646e+01 1.885505e+01 -8.820575e+01
      vertex   3.346445e+01 1.946343e+01 -8.820575e+01
      vertex   3.737071e+01 2.362318e+01 -8.820575e+01
    endloop
  endfacet
  facet normal 0.000000e+00 0.000000e+00 -1.000000e+00
    outer loop
      vertex   3.737071e+01 2.362318e+01 -8.820575e+01
      vertex   3.346445e+01 1.946343e+01 -8.820575e+01
      vertex   3.318762e+01 2.016262e+01 -8.820575e+01
    endloop
  endfacet
  facet normal 9.921147e-01 1.253332e-01 0.000000e+00
    outer loop
      vertex   3.318762e+01 2.016262e+01 -1.100000e+02
      vertex   3.318762e+01 2.016262e+01 -1.200000e+02
      vertex   3.309337e+01 2.090869e+01 -1.100000e+02
    endloop
  endfacet
  facet normal 9.921147e-01 1.253332e-01 0.000000e+00
    outer loop
      vertex   3.309337e+01 2.090869e+01 -1.100000e+02
      vertex   3.318762e+01 2.016262e+01 -1.200000e+02
      vertex   3.309337e+01 2.090869e+01 -1.200000e+02
    endloop
  endfacet
  facet normal 9.921147e-01 -1.253332e-01 0.000000e+00
    outer loop
      vertex   3.309337e+01 2.090869e+01 -1.100000e+02
      vertex   3.309337e+01 2.090869e+01 -1.200000e+02
      vertex   3.318762e+01 2.165476e+01 -1.100000e+02
    endloop
  endfacet
  facet normal 9.921147e-01 -1.253332e-01 0.000000e+00
    outer loop
      vertex   3.318762e+01 2.165476e+01 -1.100000e+02
      vertex   3.309337e+01 2.090869e+01 -1.200000e+02
      vertex   3.318762e+01 2.165476e+01 -1.200000e+02
    endloop
  endfacet
  facet normal 9.297765e-01 -3.681246e-01 0.000000e+00
    outer loop
      vertex   3.318762e+01 2.165476e+01 -1.100000e+02
      vertex   3.318762e+01 2.165476e+01 -1.200000e+02
      vertex   3.346445e+01 2.235396e+01 -1.100000e+02
    endloop
  endfacet
  facet normal 9.297765e-01 -3.681246e-01 0.000000e+00
    outer loop
      vertex   3.346445e+01 2.235396e+01 -1.100000e+02
      vertex   3.318762e+01 2.165476e+01 -1.200000e+02
      vertex   3.346445e+01 2.235396e+01 -1.200000e+02
    endloop
  endfacet
  facet normal 8.090170e-01 -5.877853e-01 0.000000e+00
    outer loop
      vertex   3.346445e+01 2.235396e+01 -1.100000e+02
      vertex   3.346445e+01 2.235396e+01 -1.200000e+02
      vertex   3.390646e+01 2.296234e+01 -1.100000e+02
    endloop
  endfacet
  facet normal 8.090170e-01 -5.877853e-01 0.000000e+00
    outer loop
      vertex   3.390646e+01 2.296234e+01 -1.100000e+02
      vertex   3.346445e+01 2.235396e+01 -1.200000e+02
      vertex   3.390646e+01 2.296234e+01 -1.200000e+02
    endloop
  endfacet
  facet normal 6.374240e-01 -7.705132e-01 0.000000e+00
    outer loop
      vertex   3.390646e+01 2.296234e+01 -1.100000e+02
      vertex   3.390646e+01 2.296234e+01 -1.200000e+02
      vertex   3.448589e+01 2.344168e+01 -1.100000e+02
    endloop
  endfacet
  facet normal 6.374240e-01 -7.705132e-01 0.000000e+00
    outer loop
      vertex   3.448589e+01 2.344168e+01 -1.100000e+02
      vertex   3.390646e+01 2.296234e+01 -1.200000e+02
      vertex   3.448589e+01 2.344168e+01 -1.200000e+02
    endloop
  endfacet
  facet normal 4.257793e-01 -9.048271e-01 0.000000e+00
    outer loop
      vertex   3.448589e+01 2.344168e+01 -1.100000e+02
      vertex   3.448589e+01 2.344168e+01 -1.200000e+02
      vertex   3.516632e+01 2.376186e+01 -1.100000e+02
    endloop
  endfacet
  facet normal 4.257793e-01 -9.048271e-01 0.000000e+00
    outer loop
      vertex   3.516632e+01 2.376186e+01 -1.100000e+02
      vertex   3.448589e+01 2.344168e+01 -1.200000e+02
      vertex   3.516632e+01 2.376186e+01 -1.200000e+02
    endloop
  endfacet
  facet normal 1.873813e-01 -9.822873e-01 0.000000e+00
    outer loop
      vertex   3.516632e+01 2.376186e+01 -1.100000e+02
      vertex   3.516632e+01 2.376186e+01 -1.200000e+02
      vertex   3.590500e+01 2.390277e+01 -1.100000e+02
    endloop
  endfacet
  facet normal 1.873813e-01 -9.822873e-01 0.000000e+00
    outer loop
      vertex   3.590500e+01 2.390277e+01 -1.100000e+02
      vertex   3.516632e+01 2.376186e+01 -1.200000e+02
      vertex   3.590500e+01 2.390277e+01 -1.200000e+02
    endloop
  endfacet
  facet normal -6.279052e-02 -9.980267e-01 -0.000000e+00
    outer loop
      vertex   3.590500e+01 2.390277e+01 -1.100000e+02
      vertex   3.590500e+01 2.390277e+01 -1.200000e+02
      vertex   3.665551e+01 2.385556e+01 -1.100000e+02
    endloop
  endfacet
  facet normal -6.279052e-02 -9.980267e-01 -0.000000e+00
    outer loop
      vertex   3.665551e+01 2.385556e+01 -1.100000e+02
      vertex   3.590500e+01 2.390277e+01 -1.200000e+02
      vertex   3.665551e+01 2.385556e+01 -1.200000e+02
    endloop
  endfacet
  facet normal -3.090170e-01 -9.510565e-01 -0.000000e+00
    outer loop
      vertex   3.665551e+01 2.385556e+01 -1.100000e+02
      vertex   3.665551e+01 2.385556e+01 -1.200000e+02
      vertex   3.737071e+01 2.362318e+01 -1.100000e+02
    endloop
  endfacet
  facet normal -3.090170e-01 -9.510565e-01 -0.000000e+00
    outer loop
      vertex   3.737071e+01 2.362318e+01 -1.100000e+02
      vertex   3.665551e+01 2.385556e+01 -1.200000e+02
      vertex   3.737071e+01 2.362318e+01 -1.200000e+02
    endloop
  endfacet
  facet normal -5.358268e-01 -8.443279e-01 -0.000000e+00
    outer loop
      vertex   3.737071e+01 2.362318e+01 -1.100000e+02
      vertex   3.737071e+01 2.362318e+01 -1.200000e+02
      vertex   3.800564e+01 2.322023e+01 -1.100000e+02
    endloop
  endfacet
  facet normal -5.358268e-01 -8.443279e-01 -0.000000e+00
    outer loop
      vertex   3.800564e+01 2.322023e+01 -1.100000e+02
      vertex   3.737071e+01 2.362318e+01 -1.200000e+02
      vertex   3.800564e+01 2.322023e+01 -1.200000e+02
    endloop
  endfacet
  facet normal -7.289686e-01 -6.845471e-01 -0.000000e+00
    outer loop
      vertex   3.800564e+01 2.322023e+01 -1.100000e+02
      vertex   3.800564e+01 2.322023e+01 -1.200000e+02
      vertex   3.852042e+01 2.267205e+01 -1.100000e+02
    endloop
  endfacet
  facet normal -7.289686e-01 -6.845471e-01 -0.000000e+00
    outer loop
      vertex   3.852042e+01 2.267205e+01 -1.100000e+02
      vertex   3.800564e+01 2.322023e+01 -1.200000e+02
      vertex   3.852042e+01 2.267205e+01 -1.200000e+02
    endloop
  endfacet
  facet normal -8.763067e-01 -4.817537e-01 -0.000000e+00
    outer loop
      vertex   3.852042e+01 2.267205e+01 -1.100000e+02
      vertex   3.852042e+01 2.267205e+01 -1.200000e+02
      vertex   3.888270e+01 2.201307e+01 -1.100000e+02
    endloop
  endfacet
  facet normal -8.763067e-01 -4.817537e-01 -0.000000e+00
    outer loop
      vertex   3.888270e+01 2.201307e+01 -1.100000e+02
      vertex   3.852042e+01 2.267205e+01 -1.200000e+02
      vertex   3.888270e+01 2.201307e+01 -1.200000e+02
    endloop
  endfacet
  facet normal -9.685832e-01 -2.486899e-01 -0.000000e+00
    outer loop
      vertex   3.888270e+01 2.201307e+01 -1.100000e+02
      vertex   3.888270e+01 2.201307e+01 -1.200000e+02
      vertex   3.906971e+01 2.128469e+01 -1.100000e+02
    endloop
  endfacet
  facet normal -9.685832e-01 -2.486899e-01 -0.000000e+00
    outer loop
      vertex   3.906971e+01 2.128469e+01 -1.100000e+02
      vertex   3.888270e+01 2.201307e+01 -1.200000e+02
      vertex   3.906971e+01 2.128469e+01 -1.200000e+02
    endloop
  endfacet
  facet normal -1.000000e+00 -0.000000e+00 -0.000000e+00
    outer loop
      vertex   3.906971e+01 2.128469e+01 -1.100000e+02
      vertex   3.906971e+01 2.128469e+01 -1.200000e+02
      vertex   3.906971e+01 2.053269e+01 -1.100000e+02
    endloop
  endfacet
  facet normal -1.000000e+00 0.000000e+00 0.000000e+00
    outer loop
      vertex   3.906971e+01 2.053269e+01 -1.100000e+02
      vertex   3.906971e+01 2.128469e+01 -1.200000e+02
      vertex   3.906971e+01 2.053269e+01 -1.200000e+02
    endloop
  endfacet
  facet normal -9.685832e-01 2.486899e-01 0.000000e+00
    outer loop
      vertex   3.906971e+01 2.053269e+01 -1.100000e+02
      vertex   3.906971e+01 2.053269e+01 -1.200000e+02
      vertex   3.888270e+01 1.980432e+01 -1.100000e+02
    endloop
  endfacet
  facet normal -9.685832e-01 2.486899e-01 0.000000e+00
    outer loop
      vertex   3.888270e+01 1.980432e+01 -1.100000e+02
      vertex   3.906971e+01 2.053269e+01 -1.200000e+02
      vertex   3.888270e+01 1.980432e+01 -1.200000e+02
    endloop
  endfacet
  facet normal -8.763067e-01 4.817537e-01 0.000000e+00
    outer loop
      vertex   3.888270e+01 1.980432e+01 -1.100000e+02
      vertex   3.888270e+01 1.980432e+01 -1.200000e+02
      vertex   3.852042e+01 1.914534e+01 -1.100000e+02
    endloop
  endfacet
  facet normal -8.763067e-01 4.817537e-01 0.000000e+00
    outer loop
      vertex   3.852042e+01 1.914534e+01 -1.100000e+02
      vertex   3.888270e+01 1.980432e+01 -1.200000e+02
      vertex   3.852042e+01 1.914534e+01 -1.200000e+02
    endloop
  endfacet
  facet normal -7.289686e-01 6.845471e-01 0.000000e+00
    outer loop
      vertex   3.852042e+01 1.914534e+01 -1.100000e+02
      vertex   3.852042e+01 1.914534e+01 -1.200000e+02
      vertex   3.800564e+01 1.859715e+01 -1.100000e+02
    endloop
  endfacet
  facet normal -7.289686e-01 6.845471e-01 0.000000e+00
    outer loop
      vertex   3.800564e+01 1.859715e+01 -1.100000e+02
      vertex   3.852042e+01 1.914534e+01 -1.200000e+02
      vertex   3.800564e+01 1.859715e+01 -1.200000e+02
    endloop
  endfacet
  facet normal -5.358268e-01 8.443279e-01 0.000000e+00
    outer loop
      vertex   3.800564e+01 1.859715e+01 -1.100000e+02
      vertex   3.800564e+01 1.859715e+01 -1.200000e+02
      vertex   3.737071e+01 1.819421e+01 -1.100000e+02
    endloop
  endfacet
  facet normal -5.358268e-01 8.443279e-01 0.000000e+00
    outer loop
      vertex   3.737071e+01 1.819421e+01 -1.100000e+02
      vertex   3.800564e+01 1.859715e+01 -1.200000e+02
      vertex   3.737071e+01 1.819421e+01 -1.200000e+02
    endloop
  endfacet
  facet normal -3.090170e-01 9.510565e-01 0.000000e+00
    outer loop
      vertex   3.737071e+01 1.819421e+01 -1.100000e+02
      vertex   3.737071e+01 1.819421e+01 -1.200000e+02
      vertex   3.665551e+01 1.796183e+01 -1.100000e+02
    endloop
  endfacet
  facet normal -3.090170e-01 9.510565e-01 0.000000e+00
    outer loop
      vertex   3.665551e+01 1.796183e+01 -1.100000e+02
      vertex   3.737071e+01 1.819421e+01 -1.200000e+02
      vertex   3.665551e+01 1.796183e+01 -1.200000e+02
    endloop
  endfacet
  facet normal -6.279052e-02 9.980267e-01 0.000000e+00
    outer loop
      vertex   3.665551e+01 1.796183e+01 -1.100000e+02
      vertex   3.665551e+01 1.796183e+01 -1.200000e+02
      vertex   3.590500e+01 1.791461e+01 -1.100000e+02
    endloop
  endfacet
  facet normal -6.279052e-02 9.980267e-01 0.000000e+00
    outer loop
      vertex   3.590500e+01 1.791461e+01 -1.100000e+02
      vertex   3.665551e+01 1.796183e+01 -1.200000e+02
      vertex   3.590500e+01 1.791461e+01 -1.200000e+02
    endloop
  endfacet
  facet normal 1.873813e-01 9.822873e-01 0.000000e+00
    outer loop
      vertex   3.590500e+01 1.791461e+01 -1.100000e+02
      vertex   3.590500e+01 1.791461e+01 -1.200000e+02
      vertex   3.516632e+01 1.805552e+01 -1.100000e+02
    endloop
  endfacet
  facet normal 1.873813e-01 9.822873e-01 0.000000e+00
    outer loop
      vertex   3.516632e+01 1.805552e+01 -1.100000e+02
      vertex   3.590500e+01 1.791461e+01 -1.200000e+02
      vertex   3.516632e+01 1.805552e+01 -1.200000e+02
    endloop
  endfacet
  facet normal 4.257793e-01 9.048271e-01 0.000000e+00
    outer loop
      vertex   3.516632e+01 1.805552e+01 -1.100000e+02
      vertex   3.516632e+01 1.805552e+01 -1.200000e+02
      vertex   3.448589e+01 1.837571e+01 -1.100000e+02
    endloop
  endfacet
  facet normal 4.257793e-01 9.048271e-01 0.000000e+00
    outer loop
      vertex   3.448589e+01 1.837571e+01 -1.100000e+02
      vertex   3.516632e+01 1.805552e+01 -1.200000e+02
      vertex   3.448589e+01 1.837571e+01 -1.200000e+02
    endloop
  endfacet
  facet normal 6.374240e-01 7.705132e-01 0.000000e+00
    outer loop
      vertex   3.448589e+01 1.837571e+01 -1.100000e+02
      vertex   3.448589e+01 1.837571e+01 -1.200000e+02
      vertex   3.390646e+01 1.885505e+01 -1.100000e+02
    endloop
  endfacet
  facet normal 6.374240e-01 7.705132e-01 0.000000e+00
    outer loop
      vertex   3.390646e+01 1.885505e+01 -1.100000e+02
      vertex   3.448589e+01 1.837571e+01 -1.200000e+02
      vertex   3.390646e+01 1.885505e+01 -1.200000e+02
    endloop
  endfacet
  facet normal 8.090170e-01 5.877853e-01 0.000000e+00
    outer loop
      vertex   3.390646e+01 1.885505e+01 -1.100000e+02
      vertex   3.390646e+01 1.885505e+01 -1.200000e+02
      vertex   3.346445e+01 1.946343e+01 -1.100000e+02
    endloop
  endfacet
  facet normal 8.090170e-01 5.877853e-01 0.000000e+00
    outer loop
      vertex   3.346445e+01 1.946343e+01 -1.100000e+02
      vertex   3.390646e+01 1.885505e+01 -1.200000e+02
      vertex   3.346445e+01 1.946343e+01 -1.200000e+02
    endloop
  endfacet
  facet normal 9.297765e-01 3.681246e-01 0.000000e+00
    outer loop
      vertex   3.346445e+01 1.946343e+01 -1.100000e+02
      vertex   3.346445e+01 1.946343e+01 -1.200000e+02
      vertex   3.318762e+01 2.016262e+01 -1.100000e+02
    endloop
  endfacet
  facet normal 9.297765e-01 3.681246e-01 0.000000e+00
    outer loop
      vertex   3.318762e+01 2.016262e+01 -1.100000e+02
      vertex   3.346445e+01 1.946343e+01 -1.200000e+02
      vertex   3.318762e+01 2.016262e+01 -1.200000e+02
    endloop
  endfacet
  facet normal 2.340726e-15 0.000000e+00 -1.000000e+00
    outer loop
      vertex   0.000000e+00 -4.864793e+01 -3.820575e+01
      vertex   3.035566e+00 -4.855313e+01 -3.820575e+01
      vertex   0.000000e+00 -4.932697e+01 -3.820575e+01
    endloop
  endfacet
  facet normal 2.294754e-15 1.803375e-16 -1.000000e+00
    outer loop
      vertex   0.000000e+00 -4.932697e+01 -3.820575e+01
      vertex   3.035566e+00 -4.855313e+01 -3.820575e+01
      vertex   3.088772e+00 -4.923016e+01 -3.820575e+01
    endloop
  endfacet
  facet normal 0.000000e+00 0.000000e+00 -1.000000e+00
    outer loop
      vertex   3.088772e+00 -4.923016e+01 -3.820575e+01
      vertex   3.035566e+00 -4.855313e+01 -3.820575e+01
      vertex   6.059301e+00 -4.826910e+01 -3.820575e+01
    endloop
  endfacet
  facet normal 0.000000e+00 0.000000e+00 -1.000000e+00
    outer loop
      vertex   3.088772e+00 -4.923016e+01 -3.820575e+01
      vertex   6.059301e+00 -4.826910e+01 -3.820575e+01
      vertex   6.165420e+00 -4.894014e+01 -3.820575e+01
    endloop
  endfacet
  facet normal 0.000000e+00 0.000000e+00 -1.000000e+00
    outer loop
      vertex   6.165420e+00 -4.894014e+01 -3.820575e+01
      vertex   6.059301e+00 -4.826910e+01 -3.820575e+01
      vertex   9.059421e+00 -4.779695e+01 -3.820575e+01
    endloop
  endfacet
  facet normal 0.000000e+00 0.000000e+00 -1.000000e+00
    outer loop
      vertex   6.165420e+00 -4.894014e+01 -3.820575e+01
      vertex   9.059421e+00 -4.779695e+01 -3.820575e+01
      vertex   9.217870e+00 -4.845803e+01 -3.820575e+01
    endloop
  endfacet
  facet normal 0.000000e+00 0.000000e+00 -1.000000e+00
    outer loop
      vertex   9.217870e+00 -4.845803e+01 -3.820575e+01
      vertex   9.059421e+00 -4.779695e+01 -3.820575e+01
      vertex   1.202423e+01 -4.713851e+01 -3.820575e+01
    endloop
  endfacet
  facet normal 0.000000e+00 0.000000e+00 -1.000000e+00
    outer loop
      vertex   9.217870e+00 -4.845803e+01 -3.820575e+01
      vertex   1.202423e+01 -4.713851e+01 -3.820575e+01
      vertex   1.223414e+01 -4.778572e+01 -3.820575e+01
    endloop
  endfacet
  facet normal 0.000000e+00 0.000000e+00 -1.000000e+00
    outer loop
      vertex   1.223414e+01 -4.778572e+01 -3.820575e+01
      vertex   1.202423e+01 -4.713851e+01 -3.820575e+01
      vertex   1.494218e+01 -4.629636e+01 -3.820575e+01
    endloop
  endfacet
  facet normal 0.000000e+00 0.000000e+00 -1.000000e+00
    outer loop
      vertex   1.223414e+01 -4.778572e+01 -3.820575e+01
      vertex   1.494218e+01 -4.629636e+01 -3.820575e+01
      vertex   1.520239e+01 -4.692586e+01 -3.820575e+01
    endloop
  endfacet
  facet normal 0.000000e+00 0.000000e+00 -1.000000e+00
    outer loop
      vertex   1.520239e+01 -4.692586e+01 -3.820575e+01
      vertex   1.494218e+01 -4.629636e+01 -3.820575e+01
      vertex   1.780189e+01 -4.527377e+01 -3.820575e+01
    endloop
  endfacet
  facet normal 0.000000e+00 0.000000e+00 -1.000000e+00
    outer loop
      vertex   1.520239e+01 -4.692586e+01 -3.820575e+01
      vertex   1.780189e+01 -4.527377e+01 -3.820575e+01
      vertex   1.811098e+01 -4.588183e+01 -3.820575e+01
    endloop
  endfacet
  facet normal 0.000000e+00 0.000000e+00 -1.000000e+00
    outer loop
      vertex   1.811098e+01 -4.588183e+01 -3.820575e+01
      vertex   1.780189e+01 -4.527377e+01 -3.820575e+01
      vertex   2.059223e+01 -4.407473e+01 -3.820575e+01
    endloop
  endfacet
  facet normal 0.000000e+00 0.000000e+00 -1.000000e+00
    outer loop
      vertex   1.811098e+01 -4.588183e+01 -3.820575e+01
      vertex   2.059223e+01 -4.407473e+01 -3.820575e+01
      vertex   2.094848e+01 -4.465771e+01 -3.820575e+01
    endloop
  endfacet
  facet normal 0.000000e+00 0.000000e+00 -1.000000e+00
    outer loop
      vertex   2.094848e+01 -4.465771e+01 -3.820575e+01
      vertex   2.059223e+01 -4.407473e+01 -3.820575e+01
      vertex   2.330230e+01 -4.270391e+01 -3.820575e+01
    endloop
  endfacet
  facet normal 0.000000e+00 0.000000e+00 -1.000000e+00
    outer loop
      vertex   2.094848e+01 -4.465771e+01 -3.820575e+01
      vertex   2.330230e+01 -4.270391e+01 -3.820575e+01
      vertex   2.370376e+01 -4.325831e+01 -3.820575e+01
    endloop
  endfacet
  facet normal 0.000000e+00 0.000000e+00 -1.000000e+00
    outer loop
      vertex   2.370376e+01 -4.325831e+01 -3.820575e+01
      vertex   2.330230e+01 -4.270391e+01 -3.820575e+01
      vertex   2.592156e+01 -4.116666e+01 -3.820575e+01
    endloop
  endfacet
  facet normal 0.000000e+00 0.000000e+00 -1.000000e+00
    outer loop
      vertex   2.370376e+01 -4.325831e+01 -3.820575e+01
      vertex   2.592156e+01 -4.116666e+01 -3.820575e+01
      vertex   2.636601e+01 -4.168913e+01 -3.820575e+01
    endloop
  endfacet
  facet normal 0.000000e+00 0.000000e+00 -1.000000e+00
    outer loop
      vertex   2.636601e+01 -4.168913e+01 -3.820575e+01
      vertex   2.592156e+01 -4.116666e+01 -3.820575e+01
      vertex   2.843979e+01 -3.946897e+01 -3.820575e+01
    endloop
  endfacet
  facet normal 0.000000e+00 0.000000e+00 -1.000000e+00
    outer loop
      vertex   2.636601e+01 -4.168913e+01 -3.820575e+01
      vertex   2.843979e+01 -3.946897e+01 -3.820575e+01
      vertex   2.892477e+01 -3.995632e+01 -3.820575e+01
    endloop
  endfacet
  facet normal 0.000000e+00 0.000000e+00 -1.000000e+00
    outer loop
      vertex   2.892477e+01 -3.995632e+01 -3.820575e+01
      vertex   2.843979e+01 -3.946897e+01 -3.820575e+01
      vertex   3.084718e+01 -3.761745e+01 -3.820575e+01
    endloop
  endfacet
  facet normal 0.000000e+00 0.000000e+00 -1.000000e+00
    outer loop
      vertex   2.892477e+01 -3.995632e+01 -3.820575e+01
      vertex   3.084718e+01 -3.761745e+01 -3.820575e+01
      vertex   3.137000e+01 -3.806669e+01 -3.820575e+01
    endloop
  endfacet
  facet normal 0.000000e+00 0.000000e+00 -1.000000e+00
    outer loop
      vertex   3.137000e+01 -3.806669e+01 -3.820575e+01
      vertex   3.084718e+01 -3.761745e+01 -3.820575e+01
      vertex   3.313435e+01 -3.561932e+01 -3.820575e+01
    endloop
  endfacet
  facet normal 0.000000e+00 0.000000e+00 -1.000000e+00
    outer loop
      vertex   3.137000e+01 -3.806669e+01 -3.820575e+01
      vertex   3.313435e+01 -3.561932e+01 -3.820575e+01
      vertex   3.369211e+01 -3.602765e+01 -3.820575e+01
    endloop
  endfacet
  facet normal 0.000000e+00 0.000000e+00 -1.000000e+00
    outer loop
      vertex   3.369211e+01 -3.602765e+01 -3.820575e+01
      vertex   3.313435e+01 -3.561932e+01 -3.820575e+01
      vertex   3.529238e+01 -3.348237e+01 -3.820575e+01
    endloop
  endfacet
  facet normal 0.000000e+00 0.000000e+00 -1.000000e+00
    outer loop
      vertex   3.369211e+01 -3.602765e+01 -3.820575e+01
      vertex   3.529238e+01 -3.348237e+01 -3.820575e+01
      vertex   3.588198e+01 -3.384720e+01 -3.820575e+01
    endloop
  endfacet
  facet normal 0.000000e+00 0.000000e+00 -1.000000e+00
    outer loop
      vertex   3.588198e+01 -3.384720e+01 -3.820575e+01
      vertex   3.529238e+01 -3.348237e+01 -3.820575e+01
      vertex   3.731286e+01 -3.121493e+01 -3.820575e+01
    endloop
  endfacet
  facet normal 0.000000e+00 0.000000e+00 -1.000000e+00
    outer loop
      vertex   3.588198e+01 -3.384720e+01 -3.820575e+01
      vertex   3.731286e+01 -3.121493e+01 -3.820575e+01
      vertex   3.793102e+01 -3.153391e+01 -3.820575e+01
    endloop
  endfacet
  facet normal 0.000000e+00 0.000000e+00 -1.000000e+00
    outer loop
      vertex   3.793102e+01 -3.153391e+01 -3.820575e+01
      vertex   3.731286e+01 -3.121493e+01 -3.820575e+01
      vertex   3.918792e+01 -2.882583e+01 -3.820575e+01
    endloop
  endfacet
  facet normal 0.000000e+00 0.000000e+00 -1.000000e+00
    outer loop
      vertex   3.793102e+01 -3.153391e+01 -3.820575e+01
      vertex   3.918792e+01 -2.882583e+01 -3.820575e+01
      vertex   3.983118e+01 -2.909685e+01 -3.820575e+01
    endloop
  endfacet
  facet normal 0.000000e+00 0.000000e+00 -1.000000e+00
    outer loop
      vertex   3.983118e+01 -2.909685e+01 -3.820575e+01
      vertex   3.918792e+01 -2.882583e+01 -3.820575e+01
      vertex   4.091025e+01 -2.632438e+01 -3.820575e+01
    endloop
  endfacet
  facet normal 0.000000e+00 0.000000e+00 -1.000000e+00
    outer loop
      vertex   3.983118e+01 -2.909685e+01 -3.820575e+01
      vertex   4.091025e+01 -2.632438e+01 -3.820575e+01
      vertex   4.157501e+01 -2.654558e+01 -3.820575e+01
    endloop
  endfacet
  facet normal 0.000000e+00 0.000000e+00 -1.000000e+00
    outer loop
      vertex   4.157501e+01 -2.654558e+01 -3.820575e+01
      vertex   4.091025e+01 -2.632438e+01 -3.820575e+01
      vertex   4.247313e+01 -2.372034e+01 -3.820575e+01
    endloop
  endfacet
  facet normal 0.000000e+00 0.000000e+00 -1.000000e+00
    outer loop
      vertex   4.157501e+01 -2.654558e+01 -3.820575e+01
      vertex   4.247313e+01 -2.372034e+01 -3.820575e+01
      vertex   4.315566e+01 -2.389013e+01 -3.820575e+01
    endloop
  endfacet
  facet normal 0.000000e+00 0.000000e+00 -1.000000e+00
    outer loop
      vertex   4.315566e+01 -2.389013e+01 -3.820575e+01
      vertex   4.247313e+01 -2.372034e+01 -3.820575e+01
      vertex   4.387048e+01 -2.102385e+01 -3.820575e+01
    endloop
  endfacet
  facet normal 0.000000e+00 0.000000e+00 -1.000000e+00
    outer loop
      vertex   4.315566e+01 -2.389013e+01 -3.820575e+01
      vertex   4.387048e+01 -2.102385e+01 -3.820575e+01
      vertex   4.456693e+01 -2.114091e+01 -3.820575e+01
    endloop
  endfacet
  facet normal 0.000000e+00 0.000000e+00 -1.000000e+00
    outer loop
      vertex   4.456693e+01 -2.114091e+01 -3.820575e+01
      vertex   4.387048e+01 -2.102385e+01 -3.820575e+01
      vertex   4.509685e+01 -1.824542e+01 -3.820575e+01
    endloop
  endfacet
  facet normal 0.000000e+00 0.000000e+00 -1.000000e+00
    outer loop
      vertex   4.456693e+01 -2.114091e+01 -3.820575e+01
      vertex   4.509685e+01 -1.824542e+01 -3.820575e+01
      vertex   4.580328e+01 -1.830872e+01 -3.820575e+01
    endloop
  endfacet
  facet normal 0.000000e+00 0.000000e+00 -1.000000e+00
    outer loop
      vertex   4.580328e+01 -1.830872e+01 -3.820575e+01
      vertex   4.509685e+01 -1.824542e+01 -3.820575e+01
      vertex   4.614746e+01 -1.539588e+01 -3.820575e+01
    endloop
  endfacet
  facet normal 0.000000e+00 0.000000e+00 -1.000000e+00
    outer loop
      vertex   4.580328e+01 -1.830872e+01 -3.820575e+01
      vertex   4.614746e+01 -1.539588e+01 -3.820575e+01
      vertex   4.685985e+01 -1.540466e+01 -3.820575e+01
    endloop
  endfacet
  facet normal 0.000000e+00 0.000000e+00 -1.000000e+00
    outer loop
      vertex   4.685985e+01 -1.540466e+01 -3.820575e+01
      vertex   4.614746e+01 -1.539588e+01 -3.820575e+01
      vertex   4.701822e+01 -1.248634e+01 -3.820575e+01
    endloop
  endfacet
  facet normal 0.000000e+00 0.000000e+00 -1.000000e+00
    outer loop
      vertex   4.685985e+01 -1.540466e+01 -3.820575e+01
      vertex   4.701822e+01 -1.248634e+01 -3.820575e+01
      vertex   4.773251e+01 -1.244015e+01 -3.820575e+01
    endloop
  endfacet
  facet normal -0.000000e+00 0.000000e+00 -1.000000e+00
    outer loop
      vertex   4.773251e+01 -1.244015e+01 -3.820575e+01
      vertex   4.701822e+01 -1.248634e+01 -3.820575e+01
      vertex   4.770572e+01 -9.528135e+00 -3.820575e+01
    endloop
  endfacet
  facet normal 0.000000e+00 0.000000e+00 -1.000000e+00
    outer loop
      vertex   4.773251e+01 -1.244015e+01 -3.820575e+01
      vertex   4.770572e+01 -9.528135e+00 -3.820575e+01
      vertex   4.841782e+01 -9.426805e+00 -3.820575e+01
    endloop
  endfacet
  facet normal -0.000000e+00 0.000000e+00 -1.000000e+00
    outer loop
      vertex   4.841782e+01 -9.426805e+00 -3.820575e+01
      vertex   4.770572e+01 -9.528135e+00 -3.820575e+01
      vertex   4.820730e+01 -6.532794e+00 -3.820575e+01
    endloop
  endfacet
  facet normal 0.000000e+00 0.000000e+00 -1.000000e+00
    outer loop
      vertex   4.841782e+01 -9.426805e+00 -3.820575e+01
      vertex   4.820730e+01 -6.532794e+00 -3.820575e+01
      vertex   4.891309e+01 -6.376463e+00 -3.820575e+01
    endloop
  endfacet
  facet normal -0.000000e+00 0.000000e+00 -1.000000e+00
    outer loop
      vertex   4.891309e+01 -6.376463e+00 -3.820575e+01
      vertex   4.820730e+01 -6.532794e+00 -3.820575e+01
      vertex   4.852100e+01 -3.511992e+00 -3.820575e+01
    endloop
  endfacet
  facet normal 0.000000e+00 0.000000e+00 -1.000000e+00
    outer loop
      vertex   4.891309e+01 -6.376463e+00 -3.820575e+01
      vertex   4.852100e+01 -3.511992e+00 -3.820575e+01
      vertex   4.921638e+01 -3.301094e+00 -3.820575e+01
    endloop
  endfacet
  facet normal -0.000000e+00 0.000000e+00 -1.000000e+00
    outer loop
      vertex   4.921638e+01 -3.301094e+00 -3.820575e+01
      vertex   4.852100e+01 -3.511992e+00 -3.820575e+01
      vertex   4.864559e+01 -4.775030e-01 -3.820575e+01
    endloop
  endfacet
  facet normal 0.000000e+00 0.000000e+00 -1.000000e+00
    outer loop
      vertex   4.921638e+01 -3.301094e+00 -3.820575e+01
      vertex   4.864559e+01 -4.775030e-01 -3.820575e+01
      vertex   4.932651e+01 -2.127687e-01 -3.820575e+01
    endloop
  endfacet
  facet normal -0.000000e+00 0.000000e+00 -1.000000e+00
    outer loop
      vertex   4.932651e+01 -2.127687e-01 -3.820575e+01
      vertex   4.864559e+01 -4.775030e-01 -3.820575e+01
      vertex   4.858059e+01 2.558847e+00 -3.820575e+01
    endloop
  endfacet
  facet normal 0.000000e+00 0.000000e+00 -1.000000e+00
    outer loop
      vertex   4.932651e+01 -2.127687e-01 -3.820575e+01
      vertex   4.858059e+01 2.558847e+00 -3.820575e+01
      vertex   4.924303e+01 2.876392e+00 -3.820575e+01
    endloop
  endfacet
  facet normal -0.000000e+00 0.000000e+00 -1.000000e+00
    outer loop
      vertex   4.924303e+01 2.876392e+00 -3.820575e+01
      vertex   4.858059e+01 2.558847e+00 -3.820575e+01
      vertex   4.832625e+01 5.585225e+00 -3.820575e+01
    endloop
  endfacet
  facet normal 0.000000e+00 0.000000e+00 -1.000000e+00
    outer loop
      vertex   4.924303e+01 2.876392e+00 -3.820575e+01
      vertex   4.832625e+01 5.585225e+00 -3.820575e+01
      vertex   4.896628e+01 5.954263e+00 -3.820575e+01
    endloop
  endfacet
  facet normal -0.000000e+00 0.000000e+00 -1.000000e+00
    outer loop
      vertex   4.896628e+01 5.954263e+00 -3.820575e+01
      vertex   4.832625e+01 5.585225e+00 -3.820575e+01
      vertex   4.788357e+01 8.589834e+00 -3.820575e+01
    endloop
  endfacet
  facet normal 0.000000e+00 0.000000e+00 -1.000000e+00
    outer loop
      vertex   4.896628e+01 5.954263e+00 -3.820575e+01
      vertex   4.788357e+01 8.589834e+00 -3.820575e+01
      vertex   4.849734e+01 9.008764e+00 -3.820575e+01
    endloop
  endfacet
  facet normal -0.000000e+00 0.000000e+00 -1.000000e+00
    outer loop
      vertex   4.849734e+01 9.008764e+00 -3.820575e+01
      vertex   4.788357e+01 8.589834e+00 -3.820575e+01
      vertex   4.725426e+01 1.156097e+01 -3.820575e+01
    endloop
  endfacet
  facet normal 0.000000e+00 0.000000e+00 -1.000000e+00
    outer loop
      vertex   4.849734e+01 9.008764e+00 -3.820575e+01
      vertex   4.725426e+01 1.156097e+01 -3.820575e+01
      vertex   4.783805e+01 1.202791e+01 -3.820575e+01
    endloop
  endfacet
  facet normal -0.000000e+00 0.000000e+00 -1.000000e+00
    outer loop
      vertex   4.783805e+01 1.202791e+01 -3.820575e+01
      vertex   4.725426e+01 1.156097e+01 -3.820575e+01
      vertex   4.699100e+01 1.499984e+01 -3.820575e+01
    endloop
  endfacet
  facet normal 0.000000e+00 -0.000000e+00 -1.000000e+00
    outer loop
      vertex   4.699100e+01 1.499984e+01 -3.820575e+01
      vertex   4.725426e+01 1.156097e+01 -3.820575e+01
      vertex   4.644079e+01 1.448704e+01 -3.820575e+01
    endloop
  endfacet
  facet normal -0.000000e+00 0.000000e+00 -1.000000e+00
    outer loop
      vertex   4.699100e+01 1.499984e+01 -3.820575e+01
      vertex   4.644079e+01 1.448704e+01 -3.820575e+01
      vertex   4.595952e+01 1.791290e+01 -3.820575e+01
    endloop
  endfacet
  facet normal 0.000000e+00 -0.000000e+00 -1.000000e+00
    outer loop
      vertex   4.595952e+01 1.791290e+01 -3.820575e+01
      vertex   4.644079e+01 1.448704e+01 -3.820575e+01
      vertex   4.544632e+01 1.735665e+01 -3.820575e+01
    endloop
  endfacet
  facet normal -0.000000e+00 0.000000e+00 -1.000000e+00
    outer loop
      vertex   4.595952e+01 1.791290e+01 -3.820575e+01
      vertex   4.544632e+01 1.735665e+01 -3.820575e+01
      vertex   4.474765e+01 2.075566e+01 -3.820575e+01
    endloop
  endfacet
  facet normal 0.000000e+00 -0.000000e+00 -1.000000e+00
    outer loop
      vertex   4.474765e+01 2.075566e+01 -3.820575e+01
      vertex   4.544632e+01 1.735665e+01 -3.820575e+01
      vertex   4.427473e+01 2.015862e+01 -3.820575e+01
    endloop
  endfacet
  facet normal -0.000000e+00 0.000000e+00 -1.000000e+00
    outer loop
      vertex   4.474765e+01 2.075566e+01 -3.820575e+01
      vertex   4.427473e+01 2.015862e+01 -3.820575e+01
      vertex   4.336015e+01 2.351695e+01 -3.820575e+01
    endloop
  endfacet
  facet normal 0.000000e+00 -0.000000e+00 -1.000000e+00
    outer loop
      vertex   4.336015e+01 2.351695e+01 -3.820575e+01
      vertex   4.427473e+01 2.015862e+01 -3.820575e+01
      vertex   4.293058e+01 2.288202e+01 -3.820575e+01
    endloop
  endfacet
  facet normal -0.000000e+00 0.000000e+00 -1.000000e+00
    outer loop
      vertex   4.336015e+01 2.351695e+01 -3.820575e+01
      vertex   4.293058e+01 2.288202e+01 -3.820575e+01
      vertex   4.180247e+01 2.618594e+01 -3.820575e+01
    endloop
  endfacet
  facet normal 0.000000e+00 -0.000000e+00 -1.000000e+00
    outer loop
      vertex   4.180247e+01 2.618594e+01 -3.820575e+01
      vertex   4.293058e+01 2.288202e+01 -3.820575e+01
      vertex   4.141911e+01 2.551624e+01 -3.820575e+01
    endloop
  endfacet
  facet normal -0.000000e+00 0.000000e+00 -1.000000e+00
    outer loop
      vertex   4.180247e+01 2.618594e+01 -3.820575e+01
      vertex   4.141911e+01 2.551624e+01 -3.820575e+01
      vertex   4.008071e+01 2.875215e+01 -3.820575e+01
    endloop
  endfacet
  facet normal 0.000000e+00 -0.000000e+00 -1.000000e+00
    outer loop
      vertex   4.008071e+01 2.875215e+01 -3.820575e+01
      vertex   4.141911e+01 2.551624e+01 -3.820575e+01
      vertex   3.974622e+01 2.805101e+01 -3.820575e+01
    endloop
  endfacet
  facet normal -0.000000e+00 0.000000e+00 -1.000000e+00
    outer loop
      vertex   4.008071e+01 2.875215e+01 -3.820575e+01
      vertex   3.974622e+01 2.805101e+01 -3.820575e+01
      vertex   3.820165e+01 3.120551e+01 -3.820575e+01
    endloop
  endfacet
  facet normal 0.000000e+00 -0.000000e+00 -1.000000e+00
    outer loop
      vertex   3.820165e+01 3.120551e+01 -3.820575e+01
      vertex   3.974622e+01 2.805101e+01 -3.820575e+01
      vertex   3.791842e+01 3.047646e+01 -3.820575e+01
    endloop
  endfacet
  facet normal -0.000000e+00 0.000000e+00 -1.000000e+00
    outer loop
      vertex   3.820165e+01 3.120551e+01 -3.820575e+01
      vertex   3.791842e+01 3.047646e+01 -3.820575e+01
      vertex   3.617264e+01 3.353639e+01 -3.820575e+01
    endloop
  endfacet
  facet normal 0.000000e+00 -0.000000e+00 -1.000000e+00
    outer loop
      vertex   3.617264e+01 3.353639e+01 -3.820575e+01
      vertex   3.791842e+01 3.047646e+01 -3.820575e+01
      vertex   3.594284e+01 3.278313e+01 -3.820575e+01
    endloop
  endfacet
  facet normal -0.000000e+00 0.000000e+00 -1.000000e+00
    outer loop
      vertex   3.617264e+01 3.353639e+01 -3.820575e+01
      vertex   3.594284e+01 3.278313e+01 -3.820575e+01
      vertex   3.382717e+01 3.496203e+01 -3.820575e+01
    endloop
  endfacet
  facet normal 0.000000e+00 0.000000e+00 -1.000000e+00
    outer loop
      vertex   3.617264e+01 3.353639e+01 -3.820575e+01
      vertex   3.382717e+01 3.496203e+01 -3.820575e+01
      vertex   3.400166e+01 3.573565e+01 -3.820575e+01
    endloop
  endfacet
  facet normal -0.000000e+00 0.000000e+00 -1.000000e+00
    outer loop
      vertex   3.400166e+01 3.573565e+01 -3.820575e+01
      vertex   3.382717e+01 3.496203e+01 -3.820575e+01
      vertex   3.157967e+01 3.700467e+01 -3.820575e+01
    endloop
  endfacet
  facet normal 0.000000e+00 0.000000e+00 -1.000000e+00
    outer loop
      vertex   3.400166e+01 3.573565e+01 -3.820575e+01
      vertex   3.157967e+01 3.700467e+01 -3.820575e+01
      vertex   3.169723e+01 3.779465e+01 -3.820575e+01
    endloop
  endfacet
  facet normal -0.000000e+00 0.000000e+00 -1.000000e+00
    outer loop
      vertex   3.169723e+01 3.779465e+01 -3.820575e+01
      vertex   3.157967e+01 3.700467e+01 -3.820575e+01
      vertex   2.920909e+01 3.890309e+01 -3.820575e+01
    endloop
  endfacet
  facet normal 0.000000e+00 0.000000e+00 -1.000000e+00
    outer loop
      vertex   3.169723e+01 3.779465e+01 -3.820575e+01
      vertex   2.920909e+01 3.890309e+01 -3.820575e+01
      vertex   2.926838e+01 3.970530e+01 -3.820575e+01
    endloop
  endfacet
  facet normal -0.000000e+00 0.000000e+00 -1.000000e+00
    outer loop
      vertex   2.926838e+01 3.970530e+01 -3.820575e+01
      vertex   2.920909e+01 3.890309e+01 -3.820575e+01
      vertex   2.672467e+01 4.064989e+01 -3.820575e+01
    endloop
  endfacet
  facet normal 0.000000e+00 0.000000e+00 -1.000000e+00
    outer loop
      vertex   2.926838e+01 3.970530e+01 -3.820575e+01
      vertex   2.672467e+01 4.064989e+01 -3.820575e+01
      vertex   2.672467e+01 4.146012e+01 -3.820575e+01
    endloop
  endfacet
  facet normal 0.000000e+00 9.951847e-01 -9.801714e-02
    outer loop
      vertex   3.827533e+01 -4.903926e+00 -8.902455e+01
      vertex   4.500000e+01 -4.903926e+00 -8.902455e+01
      vertex   3.827533e+01 -5.000000e+00 -9.000000e+01
    endloop
  endfacet
  facet normal -2.628834e-15 9.951847e-01 -9.801714e-02
    outer loop
      vertex   3.827533e+01 -5.000000e+00 -9.000000e+01
      vertex   4.500000e+01 -4.903926e+00 -8.902455e+01
      vertex   4.500000e+01 -5.000000e+00 -9.000000e+01
    endloop
  endfacet
  facet normal -2.628834e-15 9.951847e-01 9.801714e-02
    outer loop
      vertex   3.827533e+01 -5.000000e+00 -9.000000e+01
      vertex   4.500000e+01 -5.000000e+00 -9.000000e+01
      vertex   3.827533e+01 -4.903926e+00 -9.097545e+01
    endloop
  endfacet
  facet normal -0.000000e+00 9.951847e-01 9.801714e-02
    outer loop
      vertex   3.827533e+01 -4.903926e+00 -9.097545e+01
      vertex   4.500000e+01 -5.000000e+00 -9.000000e+01
      vertex   4.500000e+01 -4.903926e+00 -9.097545e+01
    endloop
  endfacet
  facet normal -0.000000e+00 9.569403e-01 2.902847e-01
    outer loop
      vertex   3.827533e+01 -4.903926e+00 -9.097545e+01
      vertex   4.500000e+01 -4.903926e+00 -9.097545e+01
      vertex   3.827533e+01 -4.619398e+00 -9.191342e+01
    endloop
  endfacet
  facet normal -0.000000e+00 9.569403e-01 2.902847e-01
    outer loop
      vertex   3.827533e+01 -4.619398e+00 -9.191342e+01
      vertex   4.500000e+01 -4.903926e+00 -9.097545e+01
      vertex   4.500000e+01 -4.619398e+00 -9.191342e+01
    endloop
  endfacet
  facet normal -0.000000e+00 8.819213e-01 4.713967e-01
    outer loop
      vertex   3.827533e+01 -4.619398e+00 -9.191342e+01
      vertex   4.500000e+01 -4.619398e+00 -9.191342e+01
      vertex   3.827533e+01 -4.157348e+00 -9.277785e+01
    endloop
  endfacet
  facet normal -0.000000e+00 8.819213e-01 4.713967e-01
    outer loop
      vertex   3.827533e+01 -4.157348e+00 -9.277785e+01
      vertex   4.500000e+01 -4.619398e+00 -9.191342e+01
      vertex   4.500000e+01 -4.157348e+00 -9.277785e+01
    endloop
  endfacet
  facet normal -0.000000e+00 7.730105e-01 6.343933e-01
    outer loop
      vertex   3.827533e+01 -4.157348e+00 -9.277785e+01
      vertex   4.500000e+01 -4.157348e+00 -9.277785e+01
      vertex   3.827533e+01 -3.535534e+00 -9.353553e+01
    endloop
  endfacet
  facet normal -0.000000e+00 7.730105e-01 6.343933e-01
    outer loop
      vertex   3.827533e+01 -3.535534e+00 -9.353553e+01
      vertex   4.500000e+01 -4.157348e+00 -9.277785e+01
      vertex   4.500000e+01 -3.535534e+00 -9.353553e+01
    endloop
  endfacet
  facet normal -0.000000e+00 6.343933e-01 7.730105e-01
    outer loop
      vertex   3.827533e+01 -3.535534e+00 -9.353553e+01
      vertex   4.500000e+01 -3.535534e+00 -9.353553e+01
      vertex   3.827533e+01 -2.777851e+00 -9.415735e+01
    endloop
  endfacet
  facet normal -0.000000e+00 6.343933e-01 7.730105e-01
    outer loop
      vertex   3.827533e+01 -2.777851e+00 -9.415735e+01
      vertex   4.500000e+01 -3.535534e+00 -9.353553e+01
      vertex   4.500000e+01 -2.777851e+00 -9.415735e+01
    endloop
  endfacet
  facet normal -0.000000e+00 4.713967e-01 8.819213e-01
    outer loop
      vertex   3.827533e+01 -2.777851e+00 -9.415735e+01
      vertex   4.500000e+01 -2.777851e+00 -9.415735e+01
      vertex   3.827533e+01 -1.913417e+00 -9.461940e+01
    endloop
  endfacet
  facet normal -0.000000e+00 4.713967e-01 8.819213e-01
    outer loop
      vertex   3.827533e+01 -1.913417e+00 -9.461940e+01
      vertex   4.500000e+01 -2.777851e+00 -9.415735e+01
      vertex   4.500000e+01 -1.913417e+00 -9.461940e+01
    endloop
  endfacet
  facet normal -0.000000e+00 2.902847e-01 9.569403e-01
    outer loop
      vertex   3.827533e+01 -1.913417e+00 -9.461940e+01
      vertex   4.500000e+01 -1.913417e+00 -9.461940e+01
      vertex   3.827533e+01 -9.754516e-01 -9.490393e+01
    endloop
  endfacet
  facet normal -0.000000e+00 2.902847e-01 9.569403e-01
    outer loop
      vertex   3.827533e+01 -9.754516e-01 -9.490393e+01
      vertex   4.500000e+01 -1.913417e+00 -9.461940e+01
      vertex   4.500000e+01 -9.754516e-01 -9.490393e+01
    endloop
  endfacet
  facet normal -0.000000e+00 9.801714e-02 9.951847e-01
    outer loop
      vertex   3.827533e+01 -9.754516e-01 -9.490393e+01
      vertex   4.500000e+01 -9.754516e-01 -9.490393e+01
      vertex   3.827533e+01 3.061617e-16 -9.500000e+01
    endloop
  endfacet
  facet normal -0.000000e+00 9.801714e-02 9.951847e-01
    outer loop
      vertex   3.827533e+01 3.061617e-16 -9.500000e+01
      vertex   4.500000e+01 -9.754516e-01 -9.490393e+01
      vertex   4.500000e+01 3.061617e-16 -9.500000e+01
    endloop
  endfacet
  facet normal 0.000000e+00 -9.801714e-02 9.951847e-01
    outer loop
      vertex   3.827533e+01 3.061617e-16 -9.500000e+01
      vertex   4.500000e+01 3.061617e-16 -9.500000e+01
      vertex   3.827533e+01 9.754516e-01 -9.490393e+01
    endloop
  endfacet
  facet normal 0.000000e+00 -9.801714e-02 9.951847e-01
    outer loop
      vertex   3.827533e+01 9.754516e-01 -9.490393e+01
      vertex   4.500000e+01 3.061617e-16 -9.500000e+01
      vertex   4.500000e+01 9.754516e-01 -9.490393e+01
    endloop
  endfacet
  facet normal 0.000000e+00 -2.902847e-01 9.569403e-01
    outer loop
      vertex   3.827533e+01 9.754516e-01 -9.490393e+01
      vertex   4.500000e+01 9.754516e-01 -9.490393e+01
      vertex   3.827533e+01 1.913417e+00 -9.461940e+01
    endloop
  endfacet
  facet normal 0.000000e+00 -2.902847e-01 9.569403e-01
    outer loop
      vertex   3.827533e+01 1.913417e+00 -9.461940e+01
      vertex   4.500000e+01 9.754516e-01 -9.490393e+01
      vertex   4.500000e+01 1.913417e+00 -9.461940e+01
    endloop
  endfacet
  facet normal 0.000000e+00 -4.713967e-01 8.819213e-01
    outer loop
      vertex   3.827533e+01 1.913417e+00 -9.461940e+01
      vertex   4.500000e+01 1.913417e+00 -9.461940e+01
      vertex   3.827533e+01 2.777851e+00 -9.415735e+01
    endloop
  endfacet
  facet normal 0.000000e+00 -4.713967e-01 8.819213e-01
    outer loop
      vertex   3.827533e+01 2.777851e+00 -9.415735e+01
      vertex   4.500000e+01 1.913417e+00 -9.461940e+01
      vertex   4.500000e+01 2.777851e+00 -9.415735e+01
    endloop
  endfacet
  facet normal 0.000000e+00 -6.343933e-01 7.730105e-01
    outer loop
      vertex   3.827533e+01 2.777851e+00 -9.415735e+01
      vertex   4.500000e+01 2.777851e+00 -9.415735e+01
      vertex   3.827533e+01 3.535534e+00 -9.353553e+01
    endloop
  endfacet
  facet normal 0.000000e+00 -6.343933e-01 7.730105e-01
    outer loop
      vertex   3.827533e+01 3.535534e+00 -9.353553e+01
      vertex   4.500000e+01 2.777851e+00 -9.415735e+01
      vertex   4.500000e+01 3.535534e+00 -9.353553e+01
    endloop
  endfacet
  facet normal 0.000000e+00 -7.730105e-01 6.343933e-01
    outer loop
      vertex   3.827533e+01 3.535534e+00 -9.353553e+01
      vertex   4.500000e+01 3.535534e+00 -9.353553e+01
      vertex   3.827533e+01 4.157348e+00 -9.277785e+01
    endloop
  endfacet
  facet normal 0.000000e+00 -7.730105e-01 6.343933e-01
    outer loop
      vertex   3.827533e+01 4.157348e+00 -9.277785e+01
      vertex   4.500000e+01 3.535534e+00 -9.353553e+01
      vertex   4.500000e+01 4.157348e+00 -9.277785e+01
    endloop
  endfacet
  facet normal 0.000000e+00 -8.819213e-01 4.713967e-01
    outer loop
      vertex   3.827533e+01 4.157348e+00 -9.277785e+01
      vertex   4.500000e+01 4.157348e+00 -9.277785e+01
      vertex   3.827533e+01 4.619398e+00 -9.191342e+01
    endloop
  endfacet
  facet normal 0.000000e+00 -8.819213e-01 4.713967e-01
    outer loop
      vertex   3.827533e+01 4.619398e+00 -9.191342e+01
      vertex   4.500000e+01 4.157348e+00 -9.277785e+01
      vertex   4.500000e+01 4.619398e+00 -9.191342e+01
    endloop
  endfacet
  facet normal 0.000000e+00 -9.569403e-01 2.902847e-01
    outer loop
      vertex   3.827533e+01 4.619398e+00 -9.191342e+01
      vertex   4.500000e+01 4.619398e+00 -9.191342e+01
      vertex   3.827533e+01 4.903926e+00 -9.097545e+01
    endloop
  endfacet
  facet normal 0.000000e+00 -9.569403e-01 2.902847e-01
    outer loop
      vertex   3.827533e+01 4.903926e+00 -9.097545e+01
      vertex   4.500000e+01 4.619398e+00 -9.191342e+01
      vertex   4.500000e+01 4.903926e+00 -9.097545e+01
    endloop
  endfacet
  facet normal 0.000000e+00 -9.951847e-01 9.801714e-02
    outer loop
      vertex   3.827533e+01 4.903926e+00 -9.097545e+01
      vertex   4.500000e+01 4.903926e+00 -9.097545e+01
      vertex   3.827533e+01 5.000000e+00 -9.000000e+01
    endloop
  endfacet
  facet normal 0.000000e+00 -9.951847e-01 9.801714e-02
    outer loop
      vertex   3.827533e+01 5.000000e+00 -9.000000e+01
      vertex   4.500000e+01 4.903926e+00 -9.097545e+01
      vertex   4.500000e+01 5.000000e+00 -9.000000e+01
    endloop
  endfacet
  facet normal 0.000000e+00 -9.951847e-01 -9.801714e-02
    outer loop
      vertex   3.827533e+01 5.000000e+00 -9.000000e+01
      vertex   4.500000e+01 5.000000e+00 -9.000000e+01
      vertex   3.827533e+01 4.903926e+00 -8.902455e+01
    endloop
  endfacet
  facet normal 0.000000e+00 -9.951847e-01 -9.801714e-02
    outer loop
      vertex   3.827533e+01 4.903926e+00 -8.902455e+01
      vertex   4.500000e+01 5.000000e+00 -9.000000e+01
      vertex   4.500000e+01 4.903926e+00 -8.902455e+01
    endloop
  endfacet
  facet normal 0.000000e+00 -9.569403e-01 -2.902847e-01
    outer loop
      vertex   3.827533e+01 4.903926e+00 -8.902455e+01
      vertex   4.500000e+01 4.903926e+00 -8.902455e+01
      vertex   3.827533e+01 4.619398e+00 -8.808658e+01
    endloop
  endfacet
  facet normal 0.000000e+00 -9.569403e-01 -2.902847e-01
    outer loop
      vertex   3.827533e+01 4.619398e+00 -8.808658e+01
      vertex   4.500000e+01 4.903926e+00 -8.902455e+01
      vertex   4.500000e+01 4.619398e+00 -8.808658e+01
    endloop
  endfacet
  facet normal 0.000000e+00 -8.819213e-01 -4.713967e-01
    outer loop
      vertex   3.827533e+01 4.619398e+00 -8.808658e+01
      vertex   4.500000e+01 4.619398e+00 -8.808658e+01
      vertex   3.827533e+01 4.157348e+00 -8.722215e+01
    endloop
  endfacet
  facet normal 0.000000e+00 -8.819213e-01 -4.713967e-01
    outer loop
      vertex   3.827533e+01 4.157348e+00 -8.722215e+01
      vertex   4.500000e+01 4.619398e+00 -8.808658e+01
      vertex   4.500000e+01 4.157348e+00 -8.722215e+01
    endloop
  endfacet
  facet normal 0.000000e+00 -7.730105e-01 -6.343933e-01
    outer loop
      vertex   3.827533e+01 4.157348e+00 -8.722215e+01
      vertex   4.500000e+01 4.157348e+00 -8.722215e+01
      vertex   3.827533e+01 3.535534e+00 -8.646447e+01
    endloop
  endfacet
  facet normal 0.000000e+00 -7.730105e-01 -6.343933e-01
    outer loop
      vertex   3.827533e+01 3.535534e+00 -8.646447e+01
      vertex   4.500000e+01 4.157348e+00 -8.722215e+01
      vertex   4.500000e+01 3.535534e+00 -8.646447e+01
    endloop
  endfacet
  facet normal 0.000000e+00 -6.343933e-01 -7.730105e-01
    outer loop
      vertex   3.827533e+01 3.535534e+00 -8.646447e+01
      vertex   4.500000e+01 3.535534e+00 -8.646447e+01
      vertex   3.827533e+01 2.777851e+00 -8.584265e+01
    endloop
  endfacet
  facet normal 0.000000e+00 -6.343933e-01 -7.730105e-01
    outer loop
      vertex   3.827533e+01 2.777851e+00 -8.584265e+01
      vertex   4.500000e+01 3.535534e+00 -8.646447e+01
      vertex   4.500000e+01 2.777851e+00 -8.584265e+01
    endloop
  endfacet
  facet normal 0.000000e+00 -4.713967e-01 -8.819213e-01
    outer loop
      vertex   3.827533e+01 2.777851e+00 -8.584265e+01
      vertex   4.500000e+01 2.777851e+00 -8.584265e+01
      vertex   3.827533e+01 1.913417e+00 -8.538060e+01
    endloop
  endfacet
  facet normal 0.000000e+00 -4.713967e-01 -8.819213e-01
    outer loop
      vertex   3.827533e+01 1.913417e+00 -8.538060e+01
      vertex   4.500000e+01 2.777851e+00 -8.584265e+01
      vertex   4.500000e+01 1.913417e+00 -8.538060e+01
    endloop
  endfacet
  facet normal 0.000000e+00 -2.902847e-01 -9.569403e-01
    outer loop
      vertex   3.827533e+01 1.913417e+00 -8.538060e+01
      vertex   4.500000e+01 1.913417e+00 -8.538060e+01
      vertex   3.827533e+01 9.754516e-01 -8.509607e+01
    endloop
  endfacet
  facet normal 0.000000e+00 -2.902847e-01 -9.569403e-01
    outer loop
      vertex   3.827533e+01 9.754516e-01 -8.509607e+01
      vertex   4.500000e+01 1.913417e+00 -8.538060e+01
      vertex   4.500000e+01 9.754516e-01 -8.509607e+01
    endloop
  endfacet
  facet normal 0.000000e+00 -9.801714e-02 -9.951847e-01
    outer loop
      vertex   3.827533e+01 9.754516e-01 -8.509607e+01
      vertex   4.500000e+01 9.754516e-01 -8.509607e+01
      vertex   3.827533e+01 3.061617e-16 -8.500000e+01
    endloop
  endfacet
  facet normal 0.000000e+00 -9.801714e-02 -9.951847e-01
    outer loop
      vertex   3.827533e+01 3.061617e-16 -8.500000e+01
      vertex   4.500000e+01 9.754516e-01 -8.509607e+01
      vertex   4.500000e+01 3.061617e-16 -8.500000e+01
    endloop
  endfacet
  facet normal 0.000000e+00 9.801714e-02 -9.951847e-01
    outer loop
      vertex   3.827533e+01 3.061617e-16 -8.500000e+01
      vertex   4.500000e+01 3.061617e-16 -8.500000e+01
      vertex   3.827533e+01 -9.754516e-01 -8.509607e+01
    endloop
  endfacet
  facet normal 0.000000e+00 9.801714e-02 -9.951847e-01
    outer loop
      vertex   3.827533e+01 -9.754516e-01 -8.509607e+01
      vertex   4.500000e+01 3.061617e-16 -8.500000e+01
      vertex   4.500000e+01 -9.754516e-01 -8.509607e+01
    endloop
  endfacet
  facet normal 0.000000e+00 2.902847e-01 -9.569403e-01
    outer loop
      vertex   3.827533e+01 -9.754516e-01 -8.509607e+01
      vertex   4.500000e+01 -9.754516e-01 -8.509607e+01
      vertex   3.827533e+01 -1.913417e+00 -8.538060e+01
    endloop
  endfacet
  facet normal 0.000000e+00 2.902847e-01 -9.569403e-01
    outer loop
      vertex   3.827533e+01 -1.913417e+00 -8.538060e+01
      vertex   4.500000e+01 -9.754516e-01 -8.509607e+01
      vertex   4.500000e+01 -1.913417e+00 -8.538060e+01
    endloop
  endfacet
  facet normal 0.000000e+00 4.713967e-01 -8.819213e-01
    outer loop
      vertex   3.827533e+01 -1.913417e+00 -8.538060e+01
      vertex   4.500000e+01 -1.913417e+00 -8.538060e+01
      vertex   3.827533e+01 -2.777851e+00 -8.584265e+01
    endloop
  endfacet
  facet normal 0.000000e+00 4.713967e-01 -8.819213e-01
    outer loop
      vertex   3.827533e+01 -2.777851e+00 -8.584265e+01
      vertex   4.500000e+01 -1.913417e+00 -8.538060e+01
      vertex   4.500000e+01 -2.777851e+00 -8.584265e+01
    endloop
  endfacet
  facet normal 0.000000e+00 6.343933e-01 -7.730105e-01
    outer loop
      vertex   3.827533e+01 -2.777851e+00 -8.584265e+01
      vertex   4.500000e+01 -2.777851e+00 -8.584265e+01
      vertex   3.827533e+01 -3.535534e+00 -8.646447e+01
    endloop
  endfacet
  facet normal 0.000000e+00 6.343933e-01 -7.730105e-01
    outer loop
      vertex   3.827533e+01 -3.535534e+00 -8.646447e+01
      vertex   4.500000e+01 -2.777851e+00 -8.584265e+01
      vertex   4.500000e+01 -3.535534e+00 -8.646447e+01
    endloop
  endfacet
  facet normal 0.000000e+00 7.730105e-01 -6.343933e-01
    outer loop
      vertex   3.827533e+01 -3.535534e+00 -8.646447e+01
      vertex   4.500000e+01 -3.535534e+00 -8.646447e+01
      vertex   3.827533e+01 -4.157348e+00 -8.722215e+01
    endloop
  endfacet
  facet normal 0.000000e+00 7.730105e-01 -6.343933e-01
    outer loop
      vertex   3.827533e+01 -4.157348e+00 -8.722215e+01
      vertex   4.500000e+01 -3.535534e+00 -8.646447e+01
      vertex   4.500000e+01 -4.157348e+00 -8.722215e+01
    endloop
  endfacet
  facet normal 0.000000e+00 8.819213e-01 -4.713967e-01
    outer loop
      vertex   3.827533e+01 -4.157348e+00 -8.722215e+01
      vertex   4.500000e+01 -4.157348e+00 -8.722215e+01
      vertex   3.827533e+01 -4.619398e+00 -8.808658e+01
    endloop
  endfacet
  facet normal 0.000000e+00 8.819213e-01 -4.713967e-01
    outer loop
      vertex   3.827533e+01 -4.619398e+00 -8.808658e+01
      vertex   4.500000e+01 -4.157348e+00 -8.722215e+01
      vertex   4.500000e+01 -4.619398e+00 -8.808658e+01
    endloop
  endfacet
  facet normal 0.000000e+00 9.569403e-01 -2.902847e-01
    outer loop
      vertex   3.827533e+01 -4.619398e+00 -8.808658e+01
      vertex   4.500000e+01 -4.619398e+00 -8.808658e+01
      vertex   3.827533e+01 -4.903926e+00 -8.902455e+01
    endloop
  endfacet
  facet normal 0.000000e+00 9.569403e-01 -2.902847e-01
    outer loop
      vertex   3.827533e+01 -4.903926e+00 -8.902455e+01
      vertex   4.500000e+01 -4.619398e+00 -8.808658e+01
      vertex   4.500000e+01 -4.903926e+00 -8.902455e+01
    endloop
  endfacet
  facet normal -4.758192e-02 -9.988673e-01 -0.000000e+00
    outer loop
      vertex   0.000000e+00 2.059633e+01 -2.600000e+01
      vertex   0.000000e+00 2.059633e+01 -3.600000e+01
      vertex   1.957806e+00 2.050307e+01 -2.600000e+01
    endloop
  endfacet
  facet normal -4.758192e-02 -9.988673e-01 -0.000000e+00
    outer loop
      vertex   1.957806e+00 2.050307e+01 -2.600000e+01
      vertex   0.000000e+00 2.059633e+01 -3.600000e+01
      vertex   1.957806e+00 2.050307e+01 -3.600000e+01
    endloop
  endfacet
  facet normal -1.423148e-01 -9.898214e-01 -0.000000e+00
    outer loop
      vertex   1.957806e+00 2.050307e+01 -2.600000e+01
      vertex   1.957806e+00 2.050307e+01 -3.600000e+01
      vertex   3.897881e+00 2.022413e+01 -2.600000e+01
    endloop
  endfacet
  facet normal -1.423148e-01 -9.898214e-01 -6.952053e-17
    outer loop
      vertex   3.897881e+00 2.022413e+01 -2.600000e+01
      vertex   1.957806e+00 2.050307e+01 -3.600000e+01
      vertex   3.897881e+00 2.022413e+01 -3.600000e+01
    endloop
  endfacet
  facet normal -2.357589e-01 -9.718116e-01 -1.151678e-16
    outer loop
      vertex   3.897881e+00 2.022413e+01 -2.600000e+01
      vertex   3.897881e+00 2.022413e+01 -3.600000e+01
      vertex   5.802657e+00 1.976203e+01 -2.600000e+01
    endloop
  endfacet
  facet normal -2.357589e-01 -9.718116e-01 -1.256376e-16
    outer loop
      vertex   5.802657e+00 1.976203e+01 -2.600000e+01
      vertex   3.897881e+00 2.022413e+01 -3.600000e+01
      vertex   5.802657e+00 1.976203e+01 -3.600000e+01
    endloop
  endfacet
  facet normal -3.270680e-01 -9.450008e-01 -1.742968e-16
    outer loop
      vertex   5.802657e+00 1.976203e+01 -2.600000e+01
      vertex   5.802657e+00 1.976203e+01 -3.600000e+01
      vertex   7.654882e+00 1.912097e+01 -2.600000e+01
    endloop
  endfacet
  facet normal -3.270680e-01 -9.450008e-01 -0.000000e+00
    outer loop
      vertex   7.654882e+00 1.912097e+01 -2.600000e+01
      vertex   5.802657e+00 1.976203e+01 -3.600000e+01
      vertex   7.654882e+00 1.912097e+01 -3.600000e+01
    endloop
  endfacet
  facet normal -4.154150e-01 -9.096320e-01 -0.000000e+00
    outer loop
      vertex   7.654882e+00 1.912097e+01 -2.600000e+01
      vertex   7.654882e+00 1.912097e+01 -3.600000e+01
      vertex   9.437784e+00 1.830675e+01 -2.600000e+01
    endloop
  endfacet
  facet normal -4.154150e-01 -9.096320e-01 -0.000000e+00
    outer loop
      vertex   9.437784e+00 1.830675e+01 -2.600000e+01
      vertex   7.654882e+00 1.912097e+01 -3.600000e+01
      vertex   9.437784e+00 1.830675e+01 -3.600000e+01
    endloop
  endfacet
  facet normal -5.000000e-01 -8.660254e-01 -0.000000e+00
    outer loop
      vertex   9.437784e+00 1.830675e+01 -2.600000e+01
      vertex   9.437784e+00 1.830675e+01 -3.600000e+01
      vertex   1.113522e+01 1.732673e+01 -2.600000e+01
    endloop
  endfacet
  facet normal -5.000000e-01 -8.660254e-01 -1.776357e-16
    outer loop
      vertex   1.113522e+01 1.732673e+01 -2.600000e+01
      vertex   9.437784e+00 1.830675e+01 -3.600000e+01
      vertex   1.113522e+01 1.732673e+01 -3.600000e+01
    endloop
  endfacet
  facet normal -5.800569e-01 -8.145760e-01 -2.060776e-16
    outer loop
      vertex   1.113522e+01 1.732673e+01 -2.600000e+01
      vertex   1.113522e+01 1.732673e+01 -3.600000e+01
      vertex   1.273181e+01 1.618981e+01 -2.600000e+01
    endloop
  endfacet
  facet normal -5.800569e-01 -8.145760e-01 -1.030388e-16
    outer loop
      vertex   1.273181e+01 1.618981e+01 -2.600000e+01
      vertex   1.113522e+01 1.732673e+01 -3.600000e+01
      vertex   1.273181e+01 1.618981e+01 -3.600000e+01
    endloop
  endfacet
  facet normal -6.548607e-01 -7.557496e-01 -1.163266e-16
    outer loop
      vertex   1.273181e+01 1.618981e+01 -2.600000e+01
      vertex   1.273181e+01 1.618981e+01 -3.600000e+01
      vertex   1.421309e+01 1.490626e+01 -2.600000e+01
    endloop
  endfacet
  facet normal -6.548607e-01 -7.557496e-01 -1.792146e-17
    outer loop
      vertex   1.421309e+01 1.490626e+01 -2.600000e+01
      vertex   1.273181e+01 1.618981e+01 -3.600000e+01
      vertex   1.421309e+01 1.490626e+01 -3.600000e+01
    endloop
  endfacet
  facet normal -7.237340e-01 -6.900790e-01 5.978334e-18
    outer loop
      vertex   1.421309e+01 1.490626e+01 -2.600000e+01
      vertex   1.421309e+01 1.490626e+01 -3.600000e+01
      vertex   1.556567e+01 1.348773e+01 -2.600000e+01
    endloop
  endfacet
  facet normal -7.237340e-01 -6.900790e-01 -0.000000e+00
    outer loop
      vertex   1.556567e+01 1.348773e+01 -2.600000e+01
      vertex   1.421309e+01 1.490626e+01 -3.600000e+01
      vertex   1.556567e+01 1.348773e+01 -3.600000e+01
    endloop
  endfacet
  facet normal -7.860531e-01 -6.181590e-01 -0.000000e+00
    outer loop
      vertex   1.556567e+01 1.348773e+01 -2.600000e+01
      vertex   1.556567e+01 1.348773e+01 -3.600000e+01
      vertex   1.677727e+01 1.194704e+01 -2.600000e+01
    endloop
  endfacet
  facet normal -7.860531e-01 -6.181590e-01 1.098071e-16
    outer loop
      vertex   1.677727e+01 1.194704e+01 -2.600000e+01
      vertex   1.556567e+01 1.348773e+01 -3.600000e+01
      vertex   1.677727e+01 1.194704e+01 -3.600000e+01
    endloop
  endfacet
  facet normal -8.412535e-01 -5.406408e-01 9.603710e-17
    outer loop
      vertex   1.677727e+01 1.194704e+01 -2.600000e+01
      vertex   1.677727e+01 1.194704e+01 -3.600000e+01
      vertex   1.783694e+01 1.029816e+01 -2.600000e+01
    endloop
  endfacet
  facet normal -8.412535e-01 -5.406408e-01 1.920742e-16
    outer loop
      vertex   1.783694e+01 1.029816e+01 -2.600000e+01
      vertex   1.677727e+01 1.194704e+01 -3.600000e+01
      vertex   1.783694e+01 1.029816e+01 -3.600000e+01
    endloop
  endfacet
  facet normal -8.888354e-01 -4.582265e-01 1.627948e-16
    outer loop
      vertex   1.783694e+01 1.029816e+01 -2.600000e+01
      vertex   1.783694e+01 1.029816e+01 -3.600000e+01
      vertex   1.873508e+01 8.556024e+00 -2.600000e+01
    endloop
  endfacet
  facet normal -8.888354e-01 -4.582265e-01 -0.000000e+00
    outer loop
      vertex   1.873508e+01 8.556024e+00 -2.600000e+01
      vertex   1.783694e+01 1.029816e+01 -3.600000e+01
      vertex   1.873508e+01 8.556024e+00 -3.600000e+01
    endloop
  endfacet
  facet normal -9.283679e-01 -3.716625e-01 -0.000000e+00
    outer loop
      vertex   1.873508e+01 8.556024e+00 -2.600000e+01
      vertex   1.873508e+01 8.556024e+00 -3.600000e+01
      vertex   1.946355e+01 6.736399e+00 -2.600000e+01
    endloop
  endfacet
  facet normal -9.283679e-01 -3.716625e-01 1.320410e-16
    outer loop
      vertex   1.946355e+01 6.736399e+00 -2.600000e+01
      vertex   1.873508e+01 8.556024e+00 -3.600000e+01
      vertex   1.946355e+01 6.736399e+00 -3.600000e+01
    endloop
  endfacet
  facet normal -9.594930e-01 -2.817326e-01 1.000915e-16
    outer loop
      vertex   1.946355e+01 6.736399e+00 -2.600000e+01
      vertex   1.946355e+01 6.736399e+00 -3.600000e+01
      vertex   2.001575e+01 4.855769e+00 -2.600000e+01
    endloop
  endfacet
  facet normal -9.594930e-01 -2.817326e-01 -0.000000e+00
    outer loop
      vertex   2.001575e+01 4.855769e+00 -2.600000e+01
      vertex   1.946355e+01 6.736399e+00 -3.600000e+01
      vertex   2.001575e+01 4.855769e+00 -3.600000e+01
    endloop
  endfacet
  facet normal -9.819287e-01 -1.892512e-01 -0.000000e+00
    outer loop
      vertex   2.001575e+01 4.855769e+00 -2.600000e+01
      vertex   2.001575e+01 4.855769e+00 -3.600000e+01
      vertex   2.038669e+01 2.931163e+00 -2.600000e+01
    endloop
  endfacet
  facet normal -9.819287e-01 -1.892512e-01 8.404444e-17
    outer loop
      vertex   2.038669e+01 2.931163e+00 -2.600000e+01
      vertex   2.001575e+01 4.855769e+00 -3.600000e+01
      vertex   2.038669e+01 2.931163e+00 -3.600000e+01
    endloop
  endfacet
  facet normal -9.954719e-01 -9.505604e-02 4.221336e-17
    outer loop
      vertex   2.038669e+01 2.931163e+00 -2.600000e+01
      vertex   2.038669e+01 2.931163e+00 -3.600000e+01
      vertex   2.057300e+01 9.800128e-01 -2.600000e+01
    endloop
  endfacet
  facet normal -9.954719e-01 -9.505604e-02 -0.000000e+00
    outer loop
      vertex   2.057300e+01 9.800128e-01 -2.600000e+01
      vertex   2.038669e+01 2.931163e+00 -3.600000e+01
      vertex   2.057300e+01 9.800128e-01 -3.600000e+01
    endloop
  endfacet
  facet normal -1.000000e+00 -0.000000e+00 -0.000000e+00
    outer loop
      vertex   2.057300e+01 9.800128e-01 -2.600000e+01
      vertex   2.057300e+01 9.800128e-01 -3.600000e+01
      vertex   2.057300e+01 -9.800128e-01 -2.600000e+01
    endloop
  endfacet
  facet normal -1.000000e+00 0.000000e+00 0.000000e+00
    outer loop
      vertex   2.057300e+01 -9.800128e-01 -2.600000e+01
      vertex   2.057300e+01 9.800128e-01 -3.600000e+01
      vertex   2.057300e+01 -9.800128e-01 -3.600000e+01
    endloop
  endfacet
  facet normal -9.954719e-01 9.505604e-02 0.000000e+00
    outer loop
      vertex   2.057300e+01 -9.800128e-01 -2.600000e+01
      vertex   2.057300e+01 -9.800128e-01 -3.600000e+01
      vertex   2.038669e+01 -2.931163e+00 -2.600000e+01
    endloop
  endfacet
  facet normal -9.954719e-01 9.505604e-02 -4.221336e-17
    outer loop
      vertex   2.038669e+01 -2.931163e+00 -2.600000e+01
      vertex   2.057300e+01 -9.800128e-01 -3.600000e+01
      vertex   2.038669e+01 -2.931163e+00 -3.600000e+01
    endloop
  endfacet
  facet normal -9.819287e-01 1.892512e-01 -8.404444e-17
    outer loop
      vertex   2.038669e+01 -2.931163e+00 -2.600000e+01
      vertex   2.038669e+01 -2.931163e+00 -3.600000e+01
      vertex   2.001575e+01 -4.855769e+00 -2.600000e+01
    endloop
  endfacet
  facet normal -9.819287e-01 1.892512e-01 0.000000e+00
    outer loop
      vertex   2.001575e+01 -4.855769e+00 -2.600000e+01
      vertex   2.038669e+01 -2.931163e+00 -3.600000e+01
      vertex   2.001575e+01 -4.855769e+00 -3.600000e+01
    endloop
  endfacet
  facet normal -9.594930e-01 2.817326e-01 0.000000e+00
    outer loop
      vertex   2.001575e+01 -4.855769e+00 -2.600000e+01
      vertex   2.001575e+01 -4.855769e+00 -3.600000e+01
      vertex   1.946355e+01 -6.736399e+00 -2.600000e+01
    endloop
  endfacet
  facet normal -9.594930e-01 2.817326e-01 -1.000915e-16
    outer loop
      vertex   1.946355e+01 -6.736399e+00 -2.600000e+01
      vertex   2.001575e+01 -4.855769e+00 -3.600000e+01
      vertex   1.946355e+01 -6.736399e+00 -3.600000e+01
    endloop
  endfacet
  facet normal -9.283679e-01 3.716625e-01 -1.320410e-16
    outer loop
      vertex   1.946355e+01 -6.736399e+00 -2.600000e+01
      vertex   1.946355e+01 -6.736399e+00 -3.600000e+01
      vertex   1.873508e+01 -8.556024e+00 -2.600000e+01
    endloop
  endfacet
  facet normal -9.283679e-01 3.716625e-01 0.000000e+00
    outer loop
      vertex   1.873508e+01 -8.556024e+00 -2.600000e+01
      vertex   1.946355e+01 -6.736399e+00 -3.600000e+01
      vertex   1.873508e+01 -8.556024e+00 -3.600000e+01
    endloop
  endfacet
  facet normal -8.888354e-01 4.582265e-01 0.000000e+00
    outer loop
      vertex   1.873508e+01 -8.556024e+00 -2.600000e+01
      vertex   1.873508e+01 -8.556024e+00 -3.600000e+01
      vertex   1.783694e+01 -1.029816e+01 -2.600000e+01
    endloop
  endfacet
  facet normal -8.888354e-01 4.582265e-01 -1.627948e-16
    outer loop
      vertex   1.783694e+01 -1.029816e+01 -2.600000e+01
      vertex   1.873508e+01 -8.556024e+00 -3.600000e+01
      vertex   1.783694e+01 -1.029816e+01 -3.600000e+01
    endloop
  endfacet
  facet normal -8.412535e-01 5.406408e-01 -1.920742e-16
    outer loop
      vertex   1.783694e+01 -1.029816e+01 -2.600000e+01
      vertex   1.783694e+01 -1.029816e+01 -3.600000e+01
      vertex   1.677727e+01 -1.194704e+01 -2.600000e+01
    endloop
  endfacet
  facet normal -8.412535e-01 5.406408e-01 -9.603710e-17
    outer loop
      vertex   1.677727e+01 -1.194704e+01 -2.600000e+01
      vertex   1.783694e+01 -1.029816e+01 -3.600000e+01
      vertex   1.677727e+01 -1.194704e+01 -3.600000e+01
    endloop
  endfacet
  facet normal -7.860531e-01 6.181590e-01 -1.098071e-16
    outer loop
      vertex   1.677727e+01 -1.194704e+01 -2.600000e+01
      vertex   1.677727e+01 -1.194704e+01 -3.600000e+01
      vertex   1.556567e+01 -1.348773e+01 -2.600000e+01
    endloop
  endfacet
  facet normal -7.860531e-01 6.181590e-01 0.000000e+00
    outer loop
      vertex   1.556567e+01 -1.348773e+01 -2.600000e+01
      vertex   1.677727e+01 -1.194704e+01 -3.600000e+01
      vertex   1.556567e+01 -1.348773e+01 -3.600000e+01
    endloop
  endfacet
  facet normal -7.237340e-01 6.900790e-01 0.000000e+00
    outer loop
      vertex   1.556567e+01 -1.348773e+01 -2.600000e+01
      vertex   1.556567e+01 -1.348773e+01 -3.600000e+01
      vertex   1.421309e+01 -1.490626e+01 -2.600000e+01
    endloop
  endfacet
  facet normal -7.237340e-01 6.900790e-01 -5.978334e-18
    outer loop
      vertex   1.421309e+01 -1.490626e+01 -2.600000e+01
      vertex   1.556567e+01 -1.348773e+01 -3.600000e+01
      vertex   1.421309e+01 -1.490626e+01 -3.600000e+01
    endloop
  endfacet
  facet normal -6.548607e-01 7.557496e-01 1.792146e-17
    outer loop
      vertex   1.421309e+01 -1.490626e+01 -2.600000e+01
      vertex   1.421309e+01 -1.490626e+01 -3.600000e+01
      vertex   1.273181e+01 -1.618981e+01 -2.600000e+01
    endloop
  endfacet
  facet normal -6.548607e-01 7.557496e-01 1.163266e-16
    outer loop
      vertex   1.273181e+01 -1.618981e+01 -2.600000e+01
      vertex   1.421309e+01 -1.490626e+01 -3.600000e+01
      vertex   1.273181e+01 -1.618981e+01 -3.600000e+01
    endloop
  endfacet
  facet normal -5.800569e-01 8.145760e-01 1.030388e-16
    outer loop
      vertex   1.273181e+01 -1.618981e+01 -2.600000e+01
      vertex   1.273181e+01 -1.618981e+01 -3.600000e+01
      vertex   1.113522e+01 -1.732673e+01 -2.600000e+01
    endloop
  endfacet
  facet normal -5.800569e-01 8.145760e-01 2.060776e-16
    outer loop
      vertex   1.113522e+01 -1.732673e+01 -2.600000e+01
      vertex   1.273181e+01 -1.618981e+01 -3.600000e+01
      vertex   1.113522e+01 -1.732673e+01 -3.600000e+01
    endloop
  endfacet
  facet normal -5.000000e-01 8.660254e-01 1.776357e-16
    outer loop
      vertex   1.113522e+01 -1.732673e+01 -2.600000e+01
      vertex   1.113522e+01 -1.732673e+01 -3.600000e+01
      vertex   9.437784e+00 -1.830675e+01 -2.600000e+01
    endloop
  endfacet
  facet normal -5.000000e-01 8.660254e-01 0.000000e+00
    outer loop
      vertex   9.437784e+00 -1.830675e+01 -2.600000e+01
      vertex   1.113522e+01 -1.732673e+01 -3.600000e+01
      vertex   9.437784e+00 -1.830675e+01 -3.600000e+01
    endloop
  endfacet
  facet normal -4.154150e-01 9.096320e-01 0.000000e+00
    outer loop
      vertex   9.437784e+00 -1.830675e+01 -2.600000e+01
      vertex   9.437784e+00 -1.830675e+01 -3.600000e+01
      vertex   7.654882e+00 -1.912097e+01 -2.600000e+01
    endloop
  endfacet
  facet normal -4.154150e-01 9.096320e-01 0.000000e+00
    outer loop
      vertex   7.654882e+00 -1.912097e+01 -2.600000e+01
      vertex   9.437784e+00 -1.830675e+01 -3.600000e+01
      vertex   7.654882e+00 -1.912097e+01 -3.600000e+01
    endloop
  endfacet
  facet normal -3.270680e-01 9.450008e-01 0.000000e+00
    outer loop
      vertex   7.654882e+00 -1.912097e+01 -2.600000e+01
      vertex   7.654882e+00 -1.912097e+01 -3.600000e+01
      vertex   5.802657e+00 -1.976203e+01 -2.600000e+01
    endloop
  endfacet
  facet normal -3.270680e-01 9.450008e-01 1.742968e-16
    outer loop
      vertex   5.802657e+00 -1.976203e+01 -2.600000e+01
      vertex   7.654882e+00 -1.912097e+01 -3.600000e+01
      vertex   5.802657e+00 -1.976203e+01 -3.600000e+01
    endloop
  endfacet
  facet normal -2.357589e-01 9.718116e-01 1.256376e-16
    outer loop
      vertex   5.802657e+00 -1.976203e+01 -2.600000e+01
      vertex   5.802657e+00 -1.976203e+01 -3.600000e+01
      vertex   3.897881e+00 -2.022413e+01 -2.600000e+01
    endloop
  endfacet
  facet normal -2.357589e-01 9.718116e-01 1.151678e-16
    outer loop
      vertex   3.897881e+00 -2.022413e+01 -2.600000e+01
      vertex   5.802657e+00 -1.976203e+01 -3.600000e+01
      vertex   3.897881e+00 -2.022413e+01 -3.600000e+01
    endloop
  endfacet
  facet normal -1.423148e-01 9.898214e-01 6.952053e-17
    outer loop
      vertex   3.897881e+00 -2.022413e+01 -2.600000e+01
      vertex   3.897881e+00 -2.022413e+01 -3.600000e+01
      vertex   1.957806e+00 -2.050307e+01 -2.600000e+01
    endloop
  endfacet
  facet normal -1.423148e-01 9.898214e-01 0.000000e+00
    outer loop
      vertex   1.957806e+00 -2.050307e+01 -2.600000e+01
      vertex   3.897881e+00 -2.022413e+01 -3.600000e+01
      vertex   1.957806e+00 -2.050307e+01 -3.600000e+01
    endloop
  endfacet
  facet normal -4.758192e-02 9.988673e-01 0.000000e+00
    outer loop
      vertex   1.957806e+00 -2.050307e+01 -2.600000e+01
      vertex   1.957806e+00 -2.050307e+01 -3.600000e+01
      vertex   0.000000e+00 -2.059633e+01 -2.600000e+01
    endloop
  endfacet
  facet normal -4.758192e-02 9.988673e-01 0.000000e+00
    outer loop
      vertex   0.000000e+00 -2.059633e+01 -2.600000e+01
      vertex   1.957806e+00 -2.050307e+01 -3.600000e+01
      vertex   0.000000e+00 -2.059633e+01 -3.600000e+01
    endloop
  endfacet
  facet normal -0.000000e+00 0.000000e+00 1.000000e+00
    outer loop
      vertex   0.000000e+00 2.059633e+01 -2.600000e+01
      vertex   1.957806e+00 2.050307e+01 -2.600000e+01
      vertex   0.000000e+00 2.350000e+01 -2.600000e+01
    endloop
  endfacet
  facet normal 0.000000e+00 0.000000e+00 1.000000e+00
    outer loop
      vertex   0.000000e+00 2.350000e+01 -2.600000e+01
      vertex   1.957806e+00 2.050307e+01 -2.600000e+01
      vertex   2.106524e+00 2.340540e+01 -2.600000e+01
    endloop
  endfacet
  facet normal 0.000000e+00 0.000000e+00 1.000000e+00
    outer loop
      vertex   2.106524e+00 2.340540e+01 -2.600000e+01
      vertex   1.957806e+00 2.050307e+01 -2.600000e+01
      vertex   3.897881e+00 2.022413e+01 -2.600000e+01
    endloop
  endfacet
  facet normal 0.000000e+00 0.000000e+00 1.000000e+00
    outer loop
      vertex   2.106524e+00 2.340540e+01 -2.600000e+01
      vertex   3.897881e+00 2.022413e+01 -2.600000e+01
      vertex   4.196087e+00 2.312235e+01 -2.600000e+01
    endloop
  endfacet
  facet normal 0.000000e+00 0.000000e+00 1.000000e+00
    outer loop
      vertex   4.196087e+00 2.312235e+01 -2.600000e+01
      vertex   3.897881e+00 2.022413e+01 -2.600000e+01
      vertex   5.802657e+00 1.976203e+01 -2.600000e+01
    endloop
  endfacet
  facet normal 0.000000e+00 0.000000e+00 1.000000e+00
    outer loop
      vertex   4.196087e+00 2.312235e+01 -2.600000e+01
      vertex   5.802657e+00 1.976203e+01 -2.600000e+01
      vertex   6.251866e+00 2.265313e+01 -2.600000e+01
    endloop
  endfacet
  facet normal 0.000000e+00 0.000000e+00 1.000000e+00
    outer loop
      vertex   6.251866e+00 2.265313e+01 -2.600000e+01
      vertex   5.802657e+00 1.976203e+01 -2.600000e+01
      vertex   7.654882e+00 1.912097e+01 -2.600000e+01
    endloop
  endfacet
  facet normal 0.000000e+00 0.000000e+00 1.000000e+00
    outer loop
      vertex   6.251866e+00 2.265313e+01 -2.600000e+01
      vertex   7.654882e+00 1.912097e+01 -2.600000e+01
      vertex   8.257308e+00 2.200152e+01 -2.600000e+01
    endloop
  endfacet
  facet normal 0.000000e+00 0.000000e+00 1.000000e+00
    outer loop
      vertex   8.257308e+00 2.200152e+01 -2.600000e+01
      vertex   7.654882e+00 1.912097e+01 -2.600000e+01
      vertex   9.437784e+00 1.830675e+01 -2.600000e+01
    endloop
  endfacet
  facet normal 0.000000e+00 0.000000e+00 1.000000e+00
    outer loop
      vertex   8.257308e+00 2.200152e+01 -2.600000e+01
      vertex   9.437784e+00 1.830675e+01 -2.600000e+01
      vertex   1.019627e+01 2.117277e+01 -2.600000e+01
    endloop
  endfacet
  facet normal 0.000000e+00 0.000000e+00 1.000000e+00
    outer loop
      vertex   1.019627e+01 2.117277e+01 -2.600000e+01
      vertex   9.437784e+00 1.830675e+01 -2.600000e+01
      vertex   1.113522e+01 1.732673e+01 -2.600000e+01
    endloop
  endfacet
  facet normal 0.000000e+00 0.000000e+00 1.000000e+00
    outer loop
      vertex   1.019627e+01 2.117277e+01 -2.600000e+01
      vertex   1.113522e+01 1.732673e+01 -2.600000e+01
      vertex   1.205313e+01 2.017355e+01 -2.600000e+01
    endloop
  endfacet
  facet normal 0.000000e+00 0.000000e+00 1.000000e+00
    outer loop
      vertex   1.205313e+01 2.017355e+01 -2.600000e+01
      vertex   1.113522e+01 1.732673e+01 -2.600000e+01
      vertex   1.273181e+01 1.618981e+01 -2.600000e+01
    endloop
  endfacet
  facet normal 0.000000e+00 0.000000e+00 1.000000e+00
    outer loop
      vertex   1.205313e+01 2.017355e+01 -2.600000e+01
      vertex   1.273181e+01 1.618981e+01 -2.600000e+01
      vertex   1.381295e+01 1.901190e+01 -2.600000e+01
    endloop
  endfacet
  facet normal 0.000000e+00 0.000000e+00 1.000000e+00
    outer loop
      vertex   1.381295e+01 1.901190e+01 -2.600000e+01
      vertex   1.273181e+01 1.618981e+01 -2.600000e+01
      vertex   1.421309e+01 1.490626e+01 -2.600000e+01
    endloop
  endfacet
  facet normal 0.000000e+00 0.000000e+00 1.000000e+00
    outer loop
      vertex   1.381295e+01 1.901190e+01 -2.600000e+01
      vertex   1.421309e+01 1.490626e+01 -2.600000e+01
      vertex   1.546156e+01 1.769718e+01 -2.600000e+01
    endloop
  endfacet
  facet normal 0.000000e+00 0.000000e+00 1.000000e+00
    outer loop
      vertex   1.546156e+01 1.769718e+01 -2.600000e+01
      vertex   1.421309e+01 1.490626e+01 -2.600000e+01
      vertex   1.556567e+01 1.348773e+01 -2.600000e+01
    endloop
  endfacet
  facet normal 0.000000e+00 0.000000e+00 1.000000e+00
    outer loop
      vertex   1.546156e+01 1.769718e+01 -2.600000e+01
      vertex   1.556567e+01 1.348773e+01 -2.600000e+01
      vertex   1.698568e+01 1.623997e+01 -2.600000e+01
    endloop
  endfacet
  facet normal 0.000000e+00 0.000000e+00 1.000000e+00
    outer loop
      vertex   1.698568e+01 1.623997e+01 -2.600000e+01
      vertex   1.556567e+01 1.348773e+01 -2.600000e+01
      vertex   1.677727e+01 1.194704e+01 -2.600000e+01
    endloop
  endfacet
  facet normal 0.000000e+00 0.000000e+00 1.000000e+00
    outer loop
      vertex   1.698568e+01 1.623997e+01 -2.600000e+01
      vertex   1.677727e+01 1.194704e+01 -2.600000e+01
      vertex   1.837304e+01 1.465201e+01 -2.600000e+01
    endloop
  endfacet
  facet normal 0.000000e+00 0.000000e+00 1.000000e+00
    outer loop
      vertex   1.837304e+01 1.465201e+01 -2.600000e+01
      vertex   1.677727e+01 1.194704e+01 -2.600000e+01
      vertex   1.783694e+01 1.029816e+01 -2.600000e+01
    endloop
  endfacet
  facet normal 0.000000e+00 0.000000e+00 1.000000e+00
    outer loop
      vertex   1.837304e+01 1.465201e+01 -2.600000e+01
      vertex   1.783694e+01 1.029816e+01 -2.600000e+01
      vertex   1.961247e+01 1.294608e+01 -2.600000e+01
    endloop
  endfacet
  facet normal 0.000000e+00 0.000000e+00 1.000000e+00
    outer loop
      vertex   1.961247e+01 1.294608e+01 -2.600000e+01
      vertex   1.783694e+01 1.029816e+01 -2.600000e+01
      vertex   1.873508e+01 8.556024e+00 -2.600000e+01
    endloop
  endfacet
  facet normal 0.000000e+00 0.000000e+00 1.000000e+00
    outer loop
      vertex   1.961247e+01 1.294608e+01 -2.600000e+01
      vertex   1.873508e+01 8.556024e+00 -2.600000e+01
      vertex   2.069399e+01 1.113591e+01 -2.600000e+01
    endloop
  endfacet
  facet normal 0.000000e+00 0.000000e+00 1.000000e+00
    outer loop
      vertex   2.069399e+01 1.113591e+01 -2.600000e+01
      vertex   1.873508e+01 8.556024e+00 -2.600000e+01
      vertex   1.946355e+01 6.736399e+00 -2.600000e+01
    endloop
  endfacet
  facet normal 0.000000e+00 0.000000e+00 1.000000e+00
    outer loop
      vertex   2.069399e+01 1.113591e+01 -2.600000e+01
      vertex   1.946355e+01 6.736399e+00 -2.600000e+01
      vertex   2.160890e+01 9.236088e+00 -2.600000e+01
    endloop
  endfacet
  facet normal 0.000000e+00 0.000000e+00 1.000000e+00
    outer loop
      vertex   2.160890e+01 9.236088e+00 -2.600000e+01
      vertex   1.946355e+01 6.736399e+00 -2.600000e+01
      vertex   2.001575e+01 4.855769e+00 -2.600000e+01
    endloop
  endfacet
  facet normal 0.000000e+00 0.000000e+00 1.000000e+00
    outer loop
      vertex   2.160890e+01 9.236088e+00 -2.600000e+01
      vertex   2.001575e+01 4.855769e+00 -2.600000e+01
      vertex   2.234983e+01 7.261899e+00 -2.600000e+01
    endloop
  endfacet
  facet normal 0.000000e+00 0.000000e+00 1.000000e+00
    outer loop
      vertex   2.234983e+01 7.261899e+00 -2.600000e+01
      vertex   2.001575e+01 4.855769e+00 -2.600000e+01
      vertex   2.291081e+01 5.229242e+00 -2.600000e+01
    endloop
  endfacet
  facet normal 0.000000e+00 0.000000e+00 1.000000e+00
    outer loop
      vertex   2.291081e+01 5.229242e+00 -2.600000e+01
      vertex   2.001575e+01 4.855769e+00 -2.600000e+01
      vertex   2.038669e+01 2.931163e+00 -2.600000e+01
    endloop
  endfacet
  facet normal 0.000000e+00 0.000000e+00 1.000000e+00
    outer loop
      vertex   2.291081e+01 5.229242e+00 -2.600000e+01
      vertex   2.038669e+01 2.931163e+00 -2.600000e+01
      vertex   2.328732e+01 3.154482e+00 -2.600000e+01
    endloop
  endfacet
  facet normal 0.000000e+00 0.000000e+00 1.000000e+00
    outer loop
      vertex   2.328732e+01 3.154482e+00 -2.600000e+01
      vertex   2.038669e+01 2.931163e+00 -2.600000e+01
      vertex   2.057300e+01 9.800128e-01 -2.600000e+01
    endloop
  endfacet
  facet normal 0.000000e+00 0.000000e+00 1.000000e+00
    outer loop
      vertex   2.328732e+01 3.154482e+00 -2.600000e+01
      vertex   2.057300e+01 9.800128e-01 -2.600000e+01
      vertex   2.347634e+01 1.054323e+00 -2.600000e+01
    endloop
  endfacet
  facet normal 0.000000e+00 0.000000e+00 1.000000e+00
    outer loop
      vertex   2.347634e+01 1.054323e+00 -2.600000e+01
      vertex   2.057300e+01 9.800128e-01 -2.600000e+01
      vertex   2.057300e+01 -9.800128e-01 -2.600000e+01
    endloop
  endfacet
  facet normal 0.000000e+00 0.000000e+00 1.000000e+00
    outer loop
      vertex   2.347634e+01 1.054323e+00 -2.600000e+01
      vertex   2.057300e+01 -9.800128e-01 -2.600000e+01
      vertex   2.347634e+01 -1.054324e+00 -2.600000e+01
    endloop
  endfacet
  facet normal 0.000000e+00 0.000000e+00 1.000000e+00
    outer loop
      vertex   2.347634e+01 -1.054324e+00 -2.600000e+01
      vertex   2.057300e+01 -9.800128e-01 -2.600000e+01
      vertex   2.328732e+01 -3.154482e+00 -2.600000e+01
    endloop
  endfacet
  facet normal 0.000000e+00 0.000000e+00 1.000000e+00
    outer loop
      vertex   2.328732e+01 -3.154482e+00 -2.600000e+01
      vertex   2.057300e+01 -9.800128e-01 -2.600000e+01
      vertex   2.038669e+01 -2.931163e+00 -2.600000e+01
    endloop
  endfacet
  facet normal 0.000000e+00 0.000000e+00 1.000000e+00
    outer loop
      vertex   2.328732e+01 -3.154482e+00 -2.600000e+01
      vertex   2.038669e+01 -2.931163e+00 -2.600000e+01
      vertex   2.291081e+01 -5.229242e+00 -2.600000e+01
    endloop
  endfacet
  facet normal 0.000000e+00 0.000000e+00 1.000000e+00
    outer loop
      vertex   2.291081e+01 -5.229242e+00 -2.600000e+01
      vertex   2.038669e+01 -2.931163e+00 -2.600000e+01
      vertex   2.001575e+01 -4.855769e+00 -2.600000e+01
    endloop
  endfacet
  facet normal 0.000000e+00 0.000000e+00 1.000000e+00
    outer loop
      vertex   2.291081e+01 -5.229242e+00 -2.600000e+01
      vertex   2.001575e+01 -4.855769e+00 -2.600000e+01
      vertex   2.234983e+01 -7.261899e+00 -2.600000e+01
    endloop
  endfacet
  facet normal 0.000000e+00 0.000000e+00 1.000000e+00
    outer loop
      vertex   2.234983e+01 -7.261899e+00 -2.600000e+01
      vertex   2.001575e+01 -4.855769e+00 -2.600000e+01
      vertex   2.160890e+01 -9.236088e+00 -2.600000e+01
    endloop
  endfacet
  facet normal 0.000000e+00 0.000000e+00 1.000000e+00
    outer loop
      vertex   2.160890e+01 -9.236088e+00 -2.600000e+01
      vertex   2.001575e+01 -4.855769e+00 -2.600000e+01
      vertex   1.946355e+01 -6.736399e+00 -2.600000e+01
    endloop
  endfacet
  facet normal 0.000000e+00 0.000000e+00 1.000000e+00
    outer loop
      vertex   2.160890e+01 -9.236088e+00 -2.600000e+01
      vertex   1.946355e+01 -6.736399e+00 -2.600000e+01
      vertex   2.069399e+01 -1.113591e+01 -2.600000e+01
    endloop
  endfacet
  facet normal 0.000000e+00 0.000000e+00 1.000000e+00
    outer loop
      vertex   2.069399e+01 -1.113591e+01 -2.600000e+01
      vertex   1.946355e+01 -6.736399e+00 -2.600000e+01
      vertex   1.873508e+01 -8.556024e+00 -2.600000e+01
    endloop
  endfacet
  facet normal 0.000000e+00 0.000000e+00 1.000000e+00
    outer loop
      vertex   2.069399e+01 -1.113591e+01 -2.600000e+01
      vertex   1.873508e+01 -8.556024e+00 -2.600000e+01
      vertex   1.961247e+01 -1.294608e+01 -2.600000e+01
    endloop
  endfacet
  facet normal 0.000000e+00 0.000000e+00 1.000000e+00
    outer loop
      vertex   1.961247e+01 -1.294608e+01 -2.600000e+01
      vertex   1.873508e+01 -8.556024e+00 -2.600000e+01
      vertex   1.783694e+01 -1.029816e+01 -2.600000e+01
    endloop
  endfacet
  facet normal 0.000000e+00 0.000000e+00 1.000000e+00
    outer loop
      vertex   1.961247e+01 -1.294608e+01 -2.600000e+01
      vertex   1.783694e+01 -1.029816e+01 -2.600000e+01
      vertex   1.837304e+01 -1.465201e+01 -2.600000e+01
    endloop
  endfacet
  facet normal 0.000000e+00 0.000000e+00 1.000000e+00
    outer loop
      vertex   1.837304e+01 -1.465201e+01 -2.600000e+01
      vertex   1.783694e+01 -1.029816e+01 -2.600000e+01
      vertex   1.677727e+01 -1.194704e+01 -2.600000e+01
    endloop
  endfacet
  facet normal 0.000000e+00 0.000000e+00 1.000000e+00
    outer loop
      vertex   1.837304e+01 -1.465201e+01 -2.600000e+01
      vertex   1.677727e+01 -1.194704e+01 -2.600000e+01
      vertex   1.698568e+01 -1.623997e+01 -2.600000e+01
    endloop
  endfacet
  facet normal 0.000000e+00 0.000000e+00 1.000000e+00
    outer loop
      vertex   1.698568e+01 -1.623997e+01 -2.600000e+01
      vertex   1.677727e+01 -1.194704e+01 -2.600000e+01
      vertex   1.556567e+01 -1.348773e+01 -2.600000e+01
    endloop
  endfacet
  facet normal 0.000000e+00 0.000000e+00 1.000000e+00
    outer loop
      vertex   1.698568e+01 -1.623997e+01 -2.600000e+01
      vertex   1.556567e+01 -1.348773e+01 -2.600000e+01
      vertex   1.546156e+01 -1.769718e+01 -2.600000e+01
    endloop
  endfacet
  facet normal 0.000000e+00 -0.000000e+00 1.000000e+00
    outer loop
      vertex   1.546156e+01 -1.769718e+01 -2.600000e+01
      vertex   1.556567e+01 -1.348773e+01 -2.600000e+01
      vertex   1.421309e+01 -1.490626e+01 -2.600000e+01
    endloop
  endfacet
  facet normal 0.000000e+00 0.000000e+00 1.000000e+00
    outer loop
      vertex   1.546156e+01 -1.769718e+01 -2.600000e+01
      vertex   1.421309e+01 -1.490626e+01 -2.600000e+01
      vertex   1.381295e+01 -1.901190e+01 -2.600000e+01
    endloop
  endfacet
  facet normal 0.000000e+00 -0.000000e+00 1.000000e+00
    outer loop
      vertex   1.381295e+01 -1.901190e+01 -2.600000e+01
      vertex   1.421309e+01 -1.490626e+01 -2.600000e+01
      vertex   1.273181e+01 -1.618981e+01 -2.600000e+01
    endloop
  endfacet
  facet normal 0.000000e+00 0.000000e+00 1.000000e+00
    outer loop
      vertex   1.381295e+01 -1.901190e+01 -2.600000e+01
      vertex   1.273181e+01 -1.618981e+01 -2.600000e+01
      vertex   1.205313e+01 -2.017355e+01 -2.600000e+01
    endloop
  endfacet
  facet normal 0.000000e+00 -0.000000e+00 1.000000e+00
    outer loop
      vertex   1.205313e+01 -2.017355e+01 -2.600000e+01
      vertex   1.273181e+01 -1.618981e+01 -2.600000e+01
      vertex   1.113522e+01 -1.732673e+01 -2.600000e+01
    endloop
  endfacet
  facet normal 0.000000e+00 0.000000e+00 1.000000e+00
    outer loop
      vertex   1.205313e+01 -2.017355e+01 -2.600000e+01
      vertex   1.113522e+01 -1.732673e+01 -2.600000e+01
      vertex   1.019627e+01 -2.117277e+01 -2.600000e+01
    endloop
  endfacet
  facet normal 0.000000e+00 -0.000000e+00 1.000000e+00
    outer loop
      vertex   1.019627e+01 -2.117277e+01 -2.600000e+01
      vertex   1.113522e+01 -1.732673e+01 -2.600000e+01
      vertex   9.437784e+00 -1.830675e+01 -2.600000e+01
    endloop
  endfacet
  facet normal 0.000000e+00 0.000000e+00 1.000000e+00
    outer loop
      vertex   1.019627e+01 -2.117277e+01 -2.600000e+01
      vertex   9.437784e+00 -1.830675e+01 -2.600000e+01
      vertex   8.257308e+00 -2.200152e+01 -2.600000e+01
    endloop
  endfacet
  facet normal 0.000000e+00 -0.000000e+00 1.000000e+00
    outer loop
      vertex   8.257308e+00 -2.200152e+01 -2.600000e+01
      vertex   9.437784e+00 -1.830675e+01 -2.600000e+01
      vertex   7.654882e+00 -1.912097e+01 -2.600000e+01
    endloop
  endfacet
  facet normal 0.000000e+00 0.000000e+00 1.000000e+00
    outer loop
      vertex   8.257308e+00 -2.200152e+01 -2.600000e+01
      vertex   7.654882e+00 -1.912097e+01 -2.600000e+01
      vertex   6.251866e+00 -2.265313e+01 -2.600000e+01
    endloop
  endfacet
  facet normal 0.000000e+00 -0.000000e+00 1.000000e+00
    outer loop
      vertex   6.251866e+00 -2.265313e+01 -2.600000e+01
      vertex   7.654882e+00 -1.912097e+01 -2.600000e+01
      vertex   5.802657e+00 -1.976203e+01 -2.600000e+01
    endloop
  endfacet
  facet normal 0.000000e+00 0.000000e+00 1.000000e+00
    outer loop
      vertex   6.251866e+00 -2.265313e+01 -2.600000e+01
      vertex   5.802657e+00 -1.976203e+01 -2.600000e+01
      vertex   4.196087e+00 -2.312235e+01 -2.600000e+01
    endloop
  endfacet
  facet normal 0.000000e+00 -0.000000e+00 1.000000e+00
    outer loop
      vertex   4.196087e+00 -2.312235e+01 -2.600000e+01
      vertex   5.802657e+00 -1.976203e+01 -2.600000e+01
      vertex   3.897881e+00 -2.022413e+01 -2.600000e+01
    endloop
  endfacet
  facet normal 0.000000e+00 0.000000e+00 1.000000e+00
    outer loop
      vertex   4.196087e+00 -2.312235e+01 -2.600000e+01
      vertex   3.897881e+00 -2.022413e+01 -2.600000e+01
      vertex   2.106524e+00 -2.340540e+01 -2.600000e+01
    endloop
  endfacet
  facet normal 0.000000e+00 -0.000000e+00 1.000000e+00
    outer loop
      vertex   2.106524e+00 -2.340540e+01 -2.600000e+01
      vertex   3.897881e+00 -2.022413e+01 -2.600000e+01
      vertex   1.957806e+00 -2.050307e+01 -2.600000e+01
    endloop
  endfacet
  facet normal 0.000000e+00 0.000000e+00 1.000000e+00
    outer loop
      vertex   2.106524e+00 -2.340540e+01 -2.600000e+01
      vertex   1.957806e+00 -2.050307e+01 -2.600000e+01
      vertex   0.000000e+00 -2.350000e+01 -2.600000e+01
    endloop
  endfacet
  facet normal 0.000000e+00 0.000000e+00 1.000000e+00
    outer loop
      vertex   0.000000e+00 -2.350000e+01 -2.600000e+01
      vertex   1.957806e+00 -2.050307e+01 -2.600000e+01
      vertex   0.000000e+00 -2.059633e+01 -2.600000e+01
    endloop
  endfacet
endsolid
