solid ASCII
  facet normal 9.331742e-01 3.594244e-01 2.340229e-16
    outer loop
      vertex   -5.500000e+01 -1.250000e+01 -1.172718e+02
      vertex   -5.498390e+01 -1.254181e+01 -1.172526e+02
      vertex   -5.500000e+01 -1.250000e+01 -1.200000e+02
    endloop
  endfacet
  facet normal 9.328291e-01 3.603192e-01 1.564032e-05
    outer loop
      vertex   -5.500000e+01 -1.250000e+01 -1.200000e+02
      vertex   -5.498390e+01 -1.254181e+01 -1.172526e+02
      vertex   -5.496776e+01 -1.258358e+01 -1.172333e+02
    endloop
  endfacet
  facet normal 9.326612e-01 3.607536e-01 3.072120e-05
    outer loop
      vertex   -5.500000e+01 -1.250000e+01 -1.200000e+02
      vertex   -5.496776e+01 -1.258358e+01 -1.172333e+02
      vertex   -5.493540e+01 -1.266701e+01 -1.200000e+02
    endloop
  endfacet
  facet normal 9.324867e-01 3.612044e-01 1.508818e-05
    outer loop
      vertex   -5.493540e+01 -1.266701e+01 -1.200000e+02
      vertex   -5.496776e+01 -1.258358e+01 -1.172333e+02
      vertex   -5.495160e+01 -1.262531e+01 -1.172140e+02
    endloop
  endfacet
  facet normal 9.321468e-01 3.620806e-01 -0.000000e+00
    outer loop
      vertex   -5.493540e+01 -1.266701e+01 -1.200000e+02
      vertex   -5.495160e+01 -1.262531e+01 -1.172140e+02
      vertex   -5.493540e+01 -1.266701e+01 -1.171946e+02
    endloop
  endfacet
  facet normal -1.000000e+00 0.000000e+00 0.000000e+00
    outer loop
      vertex   -4.502409e+01 -1.266701e+01 -1.171946e+02
      vertex   -4.502409e+01 -1.178979e+01 -1.175862e+02
      vertex   -4.502409e+01 -1.266701e+01 -1.200000e+02
    endloop
  endfacet
  facet normal -1.000000e+00 0.000000e+00 0.000000e+00
    outer loop
      vertex   -4.502409e+01 -1.266701e+01 -1.200000e+02
      vertex   -4.502409e+01 -1.178979e+01 -1.175862e+02
      vertex   -4.502409e+01 -1.090048e+01 -1.179496e+02
    endloop
  endfacet
  facet normal -1.000000e+00 0.000000e+00 0.000000e+00
    outer loop
      vertex   -4.502409e+01 -1.266701e+01 -1.200000e+02
      vertex   -4.502409e+01 -1.090048e+01 -1.179496e+02
      vertex   -4.502409e+01 -1.000000e+01 -1.200000e+02
    endloop
  endfacet
  facet normal -1.000000e+00 0.000000e+00 0.000000e+00
    outer loop
      vertex   -4.502409e+01 -1.000000e+01 -1.200000e+02
      vertex   -4.502409e+01 -1.090048e+01 -1.179496e+02
      vertex   -4.502409e+01 -1.000000e+01 -1.182843e+02
    endloop
  endfacet
  facet normal -0.000000e+00 1.000000e+00 0.000000e+00
    outer loop
      vertex   -5.493540e+01 -1.266701e+01 -1.171946e+02
      vertex   -4.502409e+01 -1.266701e+01 -1.171946e+02
      vertex   -5.493540e+01 -1.266701e+01 -1.200000e+02
    endloop
  endfacet
  facet normal 0.000000e+00 1.000000e+00 0.000000e+00
    outer loop
      vertex   -5.493540e+01 -1.266701e+01 -1.200000e+02
      vertex   -4.502409e+01 -1.266701e+01 -1.171946e+02
      vertex   -4.502409e+01 -1.266701e+01 -1.200000e+02
    endloop
  endfacet
  facet normal -1.000000e+00 0.000000e+00 0.000000e+00
    outer loop
      vertex   -4.502409e+01 1.000000e+01 -1.182843e+02
      vertex   -4.502409e+01 1.084333e+01 -1.179718e+02
      vertex   -4.502409e+01 1.000000e+01 -1.200000e+02
    endloop
  endfacet
  facet normal -1.000000e+00 0.000000e+00 0.000000e+00
    outer loop
      vertex   -4.502409e+01 1.000000e+01 -1.200000e+02
      vertex   -4.502409e+01 1.084333e+01 -1.179718e+02
      vertex   -4.502409e+01 1.250000e+01 -1.200000e+02
    endloop
  endfacet
  facet normal -1.000000e+00 0.000000e+00 0.000000e+00
    outer loop
      vertex   -4.502409e+01 1.250000e+01 -1.200000e+02
      vertex   -4.502409e+01 1.084333e+01 -1.179718e+02
      vertex   -4.502409e+01 1.167691e+01 -1.176342e+02
    endloop
  endfacet
  facet normal -1.000000e+00 0.000000e+00 0.000000e+00
    outer loop
      vertex   -4.502409e+01 1.250000e+01 -1.200000e+02
      vertex   -4.502409e+01 1.167691e+01 -1.176342e+02
      vertex   -4.502409e+01 1.250000e+01 -1.172718e+02
    endloop
  endfacet
  facet normal -0.000000e+00 -1.000000e+00 -0.000000e+00
    outer loop
      vertex   -4.502409e+01 1.250000e+01 -1.172718e+02
      vertex   -5.500000e+01 1.250000e+01 -1.172718e+02
      vertex   -4.502409e+01 1.250000e+01 -1.200000e+02
    endloop
  endfacet
  facet normal 4.985808e-15 -1.000000e+00 1.823093e-14
    outer loop
      vertex   -4.502409e+01 1.250000e+01 -1.200000e+02
      vertex   -5.500000e+01 1.250000e+01 -1.172718e+02
      vertex   -5.500000e+01 1.250000e+01 -1.200000e+02
    endloop
  endfacet
  facet normal -0.000000e+00 1.000000e+00 2.070673e-15
    outer loop
      vertex   -4.502409e+01 -1.000000e+01 -1.182843e+02
      vertex   -4.500000e+01 -1.000000e+01 -1.182843e+02
      vertex   -4.502409e+01 -1.000000e+01 -1.200000e+02
    endloop
  endfacet
  facet normal 1.474988e-13 1.000000e+00 0.000000e+00
    outer loop
      vertex   -4.502409e+01 -1.000000e+01 -1.200000e+02
      vertex   -4.500000e+01 -1.000000e+01 -1.182843e+02
      vertex   -4.500000e+01 -1.000000e+01 -1.200000e+02
    endloop
  endfacet
  facet normal -1.000000e+00 0.000000e+00 0.000000e+00
    outer loop
      vertex   -5.500000e+01 -1.250000e+01 -1.200000e+02
      vertex   -5.500000e+01 -1.475041e+01 -1.189599e+02
      vertex   -5.500000e+01 -1.250000e+01 -1.172718e+02
    endloop
  endfacet
  facet normal -1.000000e+00 -0.000000e+00 0.000000e+00
    outer loop
      vertex   -5.500000e+01 -1.250000e+01 -1.172718e+02
      vertex   -5.500000e+01 -1.475041e+01 -1.189599e+02
      vertex   -5.500000e+01 -1.463313e+01 -1.161891e+02
    endloop
  endfacet
  facet normal -1.000000e+00 0.000000e+00 0.000000e+00
    outer loop
      vertex   -5.500000e+01 -1.463313e+01 -1.161891e+02
      vertex   -5.500000e+01 -1.475041e+01 -1.189599e+02
      vertex   -5.500000e+01 -1.691500e+01 -1.177513e+02
    endloop
  endfacet
  facet normal -1.000000e+00 -0.000000e+00 0.000000e+00
    outer loop
      vertex   -5.500000e+01 -1.463313e+01 -1.161891e+02
      vertex   -5.500000e+01 -1.691500e+01 -1.177513e+02
      vertex   -5.500000e+01 -1.667323e+01 -1.149400e+02
    endloop
  endfacet
  facet normal -1.000000e+00 0.000000e+00 0.000000e+00
    outer loop
      vertex   -5.500000e+01 -1.667323e+01 -1.149400e+02
      vertex   -5.500000e+01 -1.691500e+01 -1.177513e+02
      vertex   -5.500000e+01 -1.898115e+01 -1.163812e+02
    endloop
  endfacet
  facet normal -1.000000e+00 -0.000000e+00 0.000000e+00
    outer loop
      vertex   -5.500000e+01 -1.667323e+01 -1.149400e+02
      vertex   -5.500000e+01 -1.898115e+01 -1.163812e+02
      vertex   -5.500000e+01 -1.860731e+01 -1.135323e+02
    endloop
  endfacet
  facet normal -1.000000e+00 0.000000e+00 0.000000e+00
    outer loop
      vertex   -5.500000e+01 -1.860731e+01 -1.135323e+02
      vertex   -5.500000e+01 -1.898115e+01 -1.163812e+02
      vertex   -5.500000e+01 -2.093686e+01 -1.148576e+02
    endloop
  endfacet
  facet normal -1.000000e+00 -0.000000e+00 0.000000e+00
    outer loop
      vertex   -5.500000e+01 -1.860731e+01 -1.135323e+02
      vertex   -5.500000e+01 -2.093686e+01 -1.148576e+02
      vertex   -5.500000e+01 -2.042309e+01 -1.119749e+02
    endloop
  endfacet
  facet normal -1.000000e+00 0.000000e+00 0.000000e+00
    outer loop
      vertex   -5.500000e+01 -2.042309e+01 -1.119749e+02
      vertex   -5.500000e+01 -2.093686e+01 -1.148576e+02
      vertex   -5.500000e+01 -2.277074e+01 -1.131893e+02
    endloop
  endfacet
  facet normal -1.000000e+00 -0.000000e+00 0.000000e+00
    outer loop
      vertex   -5.500000e+01 -2.042309e+01 -1.119749e+02
      vertex   -5.500000e+01 -2.277074e+01 -1.131893e+02
      vertex   -5.500000e+01 -2.210901e+01 -1.102779e+02
    endloop
  endfacet
  facet normal -1.000000e+00 0.000000e+00 0.000000e+00
    outer loop
      vertex   -5.500000e+01 -2.210901e+01 -1.102779e+02
      vertex   -5.500000e+01 -2.277074e+01 -1.131893e+02
      vertex   -5.500000e+01 -2.447211e+01 -1.113861e+02
    endloop
  endfacet
  facet normal -1.000000e+00 -0.000000e+00 0.000000e+00
    outer loop
      vertex   -5.500000e+01 -2.210901e+01 -1.102779e+02
      vertex   -5.500000e+01 -2.447211e+01 -1.113861e+02
      vertex   -5.500000e+01 -2.365436e+01 -1.084519e+02
    endloop
  endfacet
  facet normal -1.000000e+00 0.000000e+00 0.000000e+00
    outer loop
      vertex   -5.500000e+01 -2.365436e+01 -1.084519e+02
      vertex   -5.500000e+01 -2.447211e+01 -1.113861e+02
      vertex   -5.500000e+01 -2.603109e+01 -1.094585e+02
    endloop
  endfacet
  facet normal -1.000000e+00 -0.000000e+00 0.000000e+00
    outer loop
      vertex   -5.500000e+01 -2.365436e+01 -1.084519e+02
      vertex   -5.500000e+01 -2.603109e+01 -1.094585e+02
      vertex   -5.500000e+01 -2.504931e+01 -1.065086e+02
    endloop
  endfacet
  facet normal -1.000000e+00 0.000000e+00 0.000000e+00
    outer loop
      vertex   -5.500000e+01 -2.504931e+01 -1.065086e+02
      vertex   -5.500000e+01 -2.603109e+01 -1.094585e+02
      vertex   -5.500000e+01 -2.743860e+01 -1.074176e+02
    endloop
  endfacet
  facet normal -1.000000e+00 -0.000000e+00 0.000000e+00
    outer loop
      vertex   -5.500000e+01 -2.504931e+01 -1.065086e+02
      vertex   -5.500000e+01 -2.743860e+01 -1.074176e+02
      vertex   -5.500000e+01 -2.628499e+01 -1.044603e+02
    endloop
  endfacet
  facet normal -1.000000e+00 0.000000e+00 0.000000e+00
    outer loop
      vertex   -5.500000e+01 -2.628499e+01 -1.044603e+02
      vertex   -5.500000e+01 -2.743860e+01 -1.074176e+02
      vertex   -5.500000e+01 -2.868644e+01 -1.052754e+02
    endloop
  endfacet
  facet normal -1.000000e+00 -0.000000e+00 0.000000e+00
    outer loop
      vertex   -5.500000e+01 -2.628499e+01 -1.044603e+02
      vertex   -5.500000e+01 -2.868644e+01 -1.052754e+02
      vertex   -5.500000e+01 -2.735354e+01 -1.023200e+02
    endloop
  endfacet
  facet normal -1.000000e+00 0.000000e+00 0.000000e+00
    outer loop
      vertex   -5.500000e+01 -2.735354e+01 -1.023200e+02
      vertex   -5.500000e+01 -2.868644e+01 -1.052754e+02
      vertex   -5.500000e+01 -2.976737e+01 -1.030443e+02
    endloop
  endfacet
  facet normal -1.000000e+00 -0.000000e+00 0.000000e+00
    outer loop
      vertex   -5.500000e+01 -2.735354e+01 -1.023200e+02
      vertex   -5.500000e+01 -2.976737e+01 -1.030443e+02
      vertex   -5.500000e+01 -2.824818e+01 -1.001015e+02
    endloop
  endfacet
  facet normal -1.000000e+00 0.000000e+00 0.000000e+00
    outer loop
      vertex   -5.500000e+01 -2.824818e+01 -1.001015e+02
      vertex   -5.500000e+01 -2.976737e+01 -1.030443e+02
      vertex   -5.500000e+01 -3.067508e+01 -1.007373e+02
    endloop
  endfacet
  facet normal -1.000000e+00 -0.000000e+00 0.000000e+00
    outer loop
      vertex   -5.500000e+01 -2.824818e+01 -1.001015e+02
      vertex   -5.500000e+01 -3.067508e+01 -1.007373e+02
      vertex   -5.500000e+01 -2.896321e+01 -9.781871e+01
    endloop
  endfacet
  facet normal -1.000000e+00 0.000000e+00 0.000000e+00
    outer loop
      vertex   -5.500000e+01 -2.896321e+01 -9.781871e+01
      vertex   -5.500000e+01 -3.067508e+01 -1.007373e+02
      vertex   -5.500000e+01 -3.140429e+01 -9.836783e+01
    endloop
  endfacet
  facet normal -1.000000e+00 -0.000000e+00 0.000000e+00
    outer loop
      vertex   -5.500000e+01 -2.896321e+01 -9.781871e+01
      vertex   -5.500000e+01 -3.140429e+01 -9.836783e+01
      vertex   -5.500000e+01 -2.949409e+01 -9.548622e+01
    endloop
  endfacet
  facet normal -1.000000e+00 0.000000e+00 0.000000e+00
    outer loop
      vertex   -5.500000e+01 -2.949409e+01 -9.548622e+01
      vertex   -5.500000e+01 -3.140429e+01 -9.836783e+01
      vertex   -5.500000e+01 -3.195077e+01 -9.594966e+01
    endloop
  endfacet
  facet normal -1.000000e+00 -0.000000e+00 0.000000e+00
    outer loop
      vertex   -5.500000e+01 -2.949409e+01 -9.548622e+01
      vertex   -5.500000e+01 -3.195077e+01 -9.594966e+01
      vertex   -5.500000e+01 -3.231133e+01 -9.349687e+01
    endloop
  endfacet
  facet normal -1.000000e+00 0.000000e+00 0.000000e+00
    outer loop
      vertex   -5.500000e+01 -2.949409e+01 -9.548622e+01
      vertex   -5.500000e+01 -3.231133e+01 -9.349687e+01
      vertex   -5.500000e+01 -2.983744e+01 -9.311884e+01
    endloop
  endfacet
  facet normal -1.000000e+00 -0.000000e+00 0.000000e+00
    outer loop
      vertex   -5.500000e+01 -2.983744e+01 -9.311884e+01
      vertex   -5.500000e+01 -3.231133e+01 -9.349687e+01
      vertex   -5.500000e+01 -3.248387e+01 -9.102373e+01
    endloop
  endfacet
  facet normal -1.000000e+00 0.000000e+00 0.000000e+00
    outer loop
      vertex   -5.500000e+01 -2.983744e+01 -9.311884e+01
      vertex   -5.500000e+01 -3.248387e+01 -9.102373e+01
      vertex   -5.500000e+01 -2.999108e+01 -9.073164e+01
    endloop
  endfacet
  facet normal -1.000000e+00 -0.000000e+00 0.000000e+00
    outer loop
      vertex   -5.500000e+01 -2.999108e+01 -9.073164e+01
      vertex   -5.500000e+01 -3.248387e+01 -9.102373e+01
      vertex   -5.500000e+01 -3.246740e+01 -8.854463e+01
    endloop
  endfacet
  facet normal -1.000000e+00 0.000000e+00 0.000000e+00
    outer loop
      vertex   -5.500000e+01 -2.999108e+01 -9.073164e+01
      vertex   -5.500000e+01 -3.246740e+01 -8.854463e+01
      vertex   -5.500000e+01 -2.995403e+01 -8.833978e+01
    endloop
  endfacet
  facet normal -1.000000e+00 -0.000000e+00 0.000000e+00
    outer loop
      vertex   -5.500000e+01 -2.995403e+01 -8.833978e+01
      vertex   -5.500000e+01 -3.246740e+01 -8.854463e+01
      vertex   -5.500000e+01 -3.226200e+01 -8.607401e+01
    endloop
  endfacet
  facet normal -1.000000e+00 0.000000e+00 0.000000e+00
    outer loop
      vertex   -5.500000e+01 -2.995403e+01 -8.833978e+01
      vertex   -5.500000e+01 -3.226200e+01 -8.607401e+01
      vertex   -5.500000e+01 -2.972652e+01 -8.595847e+01
    endloop
  endfacet
  facet normal -1.000000e+00 -0.000000e+00 0.000000e+00
    outer loop
      vertex   -5.500000e+01 -2.972652e+01 -8.595847e+01
      vertex   -5.500000e+01 -3.226200e+01 -8.607401e+01
      vertex   -5.500000e+01 -3.186887e+01 -8.362623e+01
    endloop
  endfacet
  facet normal -1.000000e+00 0.000000e+00 0.000000e+00
    outer loop
      vertex   -5.500000e+01 -2.972652e+01 -8.595847e+01
      vertex   -5.500000e+01 -3.186887e+01 -8.362623e+01
      vertex   -5.500000e+01 -2.931001e+01 -8.360287e+01
    endloop
  endfacet
  facet normal -1.000000e+00 -0.000000e+00 0.000000e+00
    outer loop
      vertex   -5.500000e+01 -2.931001e+01 -8.360287e+01
      vertex   -5.500000e+01 -3.186887e+01 -8.362623e+01
      vertex   -5.500000e+01 -3.129030e+01 -8.121553e+01
    endloop
  endfacet
  facet normal -1.000000e+00 0.000000e+00 0.000000e+00
    outer loop
      vertex   -5.500000e+01 -2.931001e+01 -8.360287e+01
      vertex   -5.500000e+01 -3.129030e+01 -8.121553e+01
      vertex   -5.500000e+01 -2.870714e+01 -8.128794e+01
    endloop
  endfacet
  facet normal -1.000000e+00 0.000000e+00 0.000000e+00
    outer loop
      vertex   -5.500000e+01 -2.870714e+01 -8.128794e+01
      vertex   -5.500000e+01 -3.129030e+01 -8.121553e+01
      vertex   -5.500000e+01 -3.052966e+01 -7.885595e+01
    endloop
  endfacet
  facet normal -1.000000e+00 0.000000e+00 0.000000e+00
    outer loop
      vertex   -5.500000e+01 -2.870714e+01 -8.128794e+01
      vertex   -5.500000e+01 -3.052966e+01 -7.885595e+01
      vertex   -5.500000e+01 -2.792175e+01 -7.902840e+01
    endloop
  endfacet
  facet normal -1.000000e+00 0.000000e+00 0.000000e+00
    outer loop
      vertex   -5.500000e+01 -2.792175e+01 -7.902840e+01
      vertex   -5.500000e+01 -3.052966e+01 -7.885595e+01
      vertex   -5.500000e+01 -2.959137e+01 -7.656122e+01
    endloop
  endfacet
  facet normal -1.000000e+00 0.000000e+00 0.000000e+00
    outer loop
      vertex   -5.500000e+01 -2.792175e+01 -7.902840e+01
      vertex   -5.500000e+01 -2.959137e+01 -7.656122e+01
      vertex   -5.500000e+01 -2.695882e+01 -7.683862e+01
    endloop
  endfacet
  facet normal -1.000000e+00 0.000000e+00 0.000000e+00
    outer loop
      vertex   -5.500000e+01 -2.695882e+01 -7.683862e+01
      vertex   -5.500000e+01 -2.959137e+01 -7.656122e+01
      vertex   -5.500000e+01 -2.848089e+01 -7.434469e+01
    endloop
  endfacet
  facet normal -1.000000e+00 0.000000e+00 0.000000e+00
    outer loop
      vertex   -5.500000e+01 -2.695882e+01 -7.683862e+01
      vertex   -5.500000e+01 -2.848089e+01 -7.434469e+01
      vertex   -5.500000e+01 -2.582449e+01 -7.473252e+01
    endloop
  endfacet
  facet normal -1.000000e+00 0.000000e+00 0.000000e+00
    outer loop
      vertex   -5.500000e+01 -2.582449e+01 -7.473252e+01
      vertex   -5.500000e+01 -2.848089e+01 -7.434469e+01
      vertex   -5.500000e+01 -2.720469e+01 -7.221925e+01
    endloop
  endfacet
  facet normal -1.000000e+00 0.000000e+00 0.000000e+00
    outer loop
      vertex   -5.500000e+01 -2.582449e+01 -7.473252e+01
      vertex   -5.500000e+01 -2.720469e+01 -7.221925e+01
      vertex   -5.500000e+01 -2.452595e+01 -7.272350e+01
    endloop
  endfacet
  facet normal -1.000000e+00 0.000000e+00 0.000000e+00
    outer loop
      vertex   -5.500000e+01 -2.452595e+01 -7.272350e+01
      vertex   -5.500000e+01 -2.720469e+01 -7.221925e+01
      vertex   -5.500000e+01 -2.577018e+01 -7.019728e+01
    endloop
  endfacet
  facet normal -1.000000e+00 0.000000e+00 0.000000e+00
    outer loop
      vertex   -5.500000e+01 -2.452595e+01 -7.272350e+01
      vertex   -5.500000e+01 -2.577018e+01 -7.019728e+01
      vertex   -5.500000e+01 -2.307148e+01 -7.082432e+01
    endloop
  endfacet
  facet normal -1.000000e+00 0.000000e+00 0.000000e+00
    outer loop
      vertex   -5.500000e+01 -2.307148e+01 -7.082432e+01
      vertex   -5.500000e+01 -2.577018e+01 -7.019728e+01
      vertex   -5.500000e+01 -2.418572e+01 -6.829053e+01
    endloop
  endfacet
  facet normal -1.000000e+00 0.000000e+00 0.000000e+00
    outer loop
      vertex   -5.500000e+01 -2.307148e+01 -7.082432e+01
      vertex   -5.500000e+01 -2.418572e+01 -6.829053e+01
      vertex   -5.500000e+01 -2.147032e+01 -6.904707e+01
    endloop
  endfacet
  facet normal -1.000000e+00 0.000000e+00 0.000000e+00
    outer loop
      vertex   -5.500000e+01 -2.147032e+01 -6.904707e+01
      vertex   -5.500000e+01 -2.418572e+01 -6.829053e+01
      vertex   -5.500000e+01 -2.246053e+01 -6.651011e+01
    endloop
  endfacet
  facet normal -1.000000e+00 0.000000e+00 0.000000e+00
    outer loop
      vertex   -5.500000e+01 -2.147032e+01 -6.904707e+01
      vertex   -5.500000e+01 -2.246053e+01 -6.651011e+01
      vertex   -5.500000e+01 -1.973264e+01 -6.740303e+01
    endloop
  endfacet
  facet normal -1.000000e+00 0.000000e+00 0.000000e+00
    outer loop
      vertex   -5.500000e+01 -1.973264e+01 -6.740303e+01
      vertex   -5.500000e+01 -2.246053e+01 -6.651011e+01
      vertex   -5.500000e+01 -2.060464e+01 -6.486638e+01
    endloop
  endfacet
  facet normal -1.000000e+00 0.000000e+00 0.000000e+00
    outer loop
      vertex   -5.500000e+01 -1.973264e+01 -6.740303e+01
      vertex   -5.500000e+01 -2.060464e+01 -6.486638e+01
      vertex   -5.500000e+01 -1.786950e+01 -6.590268e+01
    endloop
  endfacet
  facet normal -1.000000e+00 0.000000e+00 0.000000e+00
    outer loop
      vertex   -5.500000e+01 -1.786950e+01 -6.590268e+01
      vertex   -5.500000e+01 -2.060464e+01 -6.486638e+01
      vertex   -5.500000e+01 -1.862886e+01 -6.336890e+01
    endloop
  endfacet
  facet normal -1.000000e+00 0.000000e+00 0.000000e+00
    outer loop
      vertex   -5.500000e+01 -1.786950e+01 -6.590268e+01
      vertex   -5.500000e+01 -1.862886e+01 -6.336890e+01
      vertex   -5.500000e+01 -1.589274e+01 -6.455554e+01
    endloop
  endfacet
  facet normal -1.000000e+00 0.000000e+00 0.000000e+00
    outer loop
      vertex   -5.500000e+01 -1.589274e+01 -6.455554e+01
      vertex   -5.500000e+01 -1.862886e+01 -6.336890e+01
      vertex   -5.500000e+01 -1.654467e+01 -6.202637e+01
    endloop
  endfacet
  facet normal -1.000000e+00 0.000000e+00 0.000000e+00
    outer loop
      vertex   -5.500000e+01 -1.589274e+01 -6.455554e+01
      vertex   -5.500000e+01 -1.654467e+01 -6.202637e+01
      vertex   -5.500000e+01 -1.381494e+01 -6.337018e+01
    endloop
  endfacet
  facet normal -1.000000e+00 0.000000e+00 0.000000e+00
    outer loop
      vertex   -5.500000e+01 -1.381494e+01 -6.337018e+01
      vertex   -5.500000e+01 -1.654467e+01 -6.202637e+01
      vertex   -5.500000e+01 -1.436422e+01 -6.084663e+01
    endloop
  endfacet
  facet normal -1.000000e+00 0.000000e+00 0.000000e+00
    outer loop
      vertex   -5.500000e+01 -1.381494e+01 -6.337018e+01
      vertex   -5.500000e+01 -1.436422e+01 -6.084663e+01
      vertex   -5.500000e+01 -1.164929e+01 -6.235413e+01
    endloop
  endfacet
  facet normal -1.000000e+00 0.000000e+00 0.000000e+00
    outer loop
      vertex   -5.500000e+01 -1.164929e+01 -6.235413e+01
      vertex   -5.500000e+01 -1.436422e+01 -6.084663e+01
      vertex   -5.500000e+01 -1.210018e+01 -5.983652e+01
    endloop
  endfacet
  facet normal -1.000000e+00 0.000000e+00 0.000000e+00
    outer loop
      vertex   -5.500000e+01 -1.164929e+01 -6.235413e+01
      vertex   -5.500000e+01 -1.210018e+01 -5.983652e+01
      vertex   -5.500000e+01 -9.409578e+00 -6.151387e+01
    endloop
  endfacet
  facet normal -1.000000e+00 0.000000e+00 0.000000e+00
    outer loop
      vertex   -5.500000e+01 -9.409578e+00 -6.151387e+01
      vertex   -5.500000e+01 -1.210018e+01 -5.983652e+01
      vertex   -5.500000e+01 -9.765733e+00 -5.900193e+01
    endloop
  endfacet
  facet normal -1.000000e+00 0.000000e+00 0.000000e+00
    outer loop
      vertex   -5.500000e+01 -9.409578e+00 -6.151387e+01
      vertex   -5.500000e+01 -9.765733e+00 -5.900193e+01
      vertex   -5.500000e+01 -7.110037e+00 -6.085472e+01
    endloop
  endfacet
  facet normal -1.000000e+00 0.000000e+00 0.000000e+00
    outer loop
      vertex   -5.500000e+01 -7.110037e+00 -6.085472e+01
      vertex   -5.500000e+01 -9.765733e+00 -5.900193e+01
      vertex   -5.500000e+01 -7.374461e+00 -5.834771e+01
    endloop
  endfacet
  facet normal -1.000000e+00 0.000000e+00 0.000000e+00
    outer loop
      vertex   -5.500000e+01 -7.110037e+00 -6.085472e+01
      vertex   -5.500000e+01 -7.374461e+00 -5.834771e+01
      vertex   -5.500000e+01 -4.765290e+00 -6.038088e+01
    endloop
  endfacet
  facet normal -1.000000e+00 0.000000e+00 0.000000e+00
    outer loop
      vertex   -5.500000e+01 -4.765290e+00 -6.038088e+01
      vertex   -5.500000e+01 -7.374461e+00 -5.834771e+01
      vertex   -5.500000e+01 -4.940277e+00 -5.787768e+01
    endloop
  endfacet
  facet normal -1.000000e+00 0.000000e+00 0.000000e+00
    outer loop
      vertex   -5.500000e+01 -4.765290e+00 -6.038088e+01
      vertex   -5.500000e+01 -4.940277e+00 -5.787768e+01
      vertex   -5.500000e+01 -2.390244e+00 -6.009537e+01
    endloop
  endfacet
  facet normal -1.000000e+00 0.000000e+00 0.000000e+00
    outer loop
      vertex   -5.500000e+01 -2.390244e+00 -6.009537e+01
      vertex   -5.500000e+01 -4.940277e+00 -5.787768e+01
      vertex   -5.500000e+01 -2.477346e+00 -5.759456e+01
    endloop
  endfacet
  facet normal -1.000000e+00 0.000000e+00 0.000000e+00
    outer loop
      vertex   -5.500000e+01 -2.390244e+00 -6.009537e+01
      vertex   -5.500000e+01 -2.477346e+00 -5.759456e+01
      vertex   -5.500000e+01 -4.777979e-14 -6.000000e+01
    endloop
  endfacet
  facet normal -1.000000e+00 0.000000e+00 0.000000e+00
    outer loop
      vertex   -5.500000e+01 -4.777979e-14 -6.000000e+01
      vertex   -5.500000e+01 -2.477346e+00 -5.759456e+01
      vertex   -5.500000e+01 -5.970153e-15 -5.750000e+01
    endloop
  endfacet
  facet normal -1.000000e+00 0.000000e+00 0.000000e+00
    outer loop
      vertex   -5.500000e+01 -4.777979e-14 -6.000000e+01
      vertex   -5.500000e+01 -5.970153e-15 -5.750000e+01
      vertex   -5.500000e+01 2.477346e+00 -5.759456e+01
    endloop
  endfacet
  facet normal -1.000000e+00 0.000000e+00 0.000000e+00
    outer loop
      vertex   -5.500000e+01 -4.777979e-14 -6.000000e+01
      vertex   -5.500000e+01 2.477346e+00 -5.759456e+01
      vertex   -5.500000e+01 2.390244e+00 -6.009537e+01
    endloop
  endfacet
  facet normal -1.000000e+00 0.000000e+00 0.000000e+00
    outer loop
      vertex   -5.500000e+01 2.390244e+00 -6.009537e+01
      vertex   -5.500000e+01 2.477346e+00 -5.759456e+01
      vertex   -5.500000e+01 4.940277e+00 -5.787768e+01
    endloop
  endfacet
  facet normal -1.000000e+00 0.000000e+00 0.000000e+00
    outer loop
      vertex   -5.500000e+01 2.390244e+00 -6.009537e+01
      vertex   -5.500000e+01 4.940277e+00 -5.787768e+01
      vertex   -5.500000e+01 4.765290e+00 -6.038088e+01
    endloop
  endfacet
  facet normal -1.000000e+00 0.000000e+00 0.000000e+00
    outer loop
      vertex   -5.500000e+01 4.765290e+00 -6.038088e+01
      vertex   -5.500000e+01 4.940277e+00 -5.787768e+01
      vertex   -5.500000e+01 7.374461e+00 -5.834771e+01
    endloop
  endfacet
  facet normal -1.000000e+00 0.000000e+00 0.000000e+00
    outer loop
      vertex   -5.500000e+01 4.765290e+00 -6.038088e+01
      vertex   -5.500000e+01 7.374461e+00 -5.834771e+01
      vertex   -5.500000e+01 7.110037e+00 -6.085472e+01
    endloop
  endfacet
  facet normal -1.000000e+00 0.000000e+00 0.000000e+00
    outer loop
      vertex   -5.500000e+01 7.110037e+00 -6.085472e+01
      vertex   -5.500000e+01 7.374461e+00 -5.834771e+01
      vertex   -5.500000e+01 9.765733e+00 -5.900193e+01
    endloop
  endfacet
  facet normal -1.000000e+00 0.000000e+00 0.000000e+00
    outer loop
      vertex   -5.500000e+01 7.110037e+00 -6.085472e+01
      vertex   -5.500000e+01 9.765733e+00 -5.900193e+01
      vertex   -5.500000e+01 9.409578e+00 -6.151387e+01
    endloop
  endfacet
  facet normal -1.000000e+00 0.000000e+00 0.000000e+00
    outer loop
      vertex   -5.500000e+01 9.409578e+00 -6.151387e+01
      vertex   -5.500000e+01 9.765733e+00 -5.900193e+01
      vertex   -5.500000e+01 1.210018e+01 -5.983652e+01
    endloop
  endfacet
  facet normal -1.000000e+00 0.000000e+00 0.000000e+00
    outer loop
      vertex   -5.500000e+01 9.409578e+00 -6.151387e+01
      vertex   -5.500000e+01 1.210018e+01 -5.983652e+01
      vertex   -5.500000e+01 1.164929e+01 -6.235413e+01
    endloop
  endfacet
  facet normal -1.000000e+00 0.000000e+00 0.000000e+00
    outer loop
      vertex   -5.500000e+01 1.164929e+01 -6.235413e+01
      vertex   -5.500000e+01 1.210018e+01 -5.983652e+01
      vertex   -5.500000e+01 1.436422e+01 -6.084663e+01
    endloop
  endfacet
  facet normal -1.000000e+00 0.000000e+00 0.000000e+00
    outer loop
      vertex   -5.500000e+01 1.164929e+01 -6.235413e+01
      vertex   -5.500000e+01 1.436422e+01 -6.084663e+01
      vertex   -5.500000e+01 1.381494e+01 -6.337018e+01
    endloop
  endfacet
  facet normal -1.000000e+00 0.000000e+00 0.000000e+00
    outer loop
      vertex   -5.500000e+01 1.381494e+01 -6.337018e+01
      vertex   -5.500000e+01 1.436422e+01 -6.084663e+01
      vertex   -5.500000e+01 1.654467e+01 -6.202637e+01
    endloop
  endfacet
  facet normal -1.000000e+00 0.000000e+00 0.000000e+00
    outer loop
      vertex   -5.500000e+01 1.381494e+01 -6.337018e+01
      vertex   -5.500000e+01 1.654467e+01 -6.202637e+01
      vertex   -5.500000e+01 1.589274e+01 -6.455554e+01
    endloop
  endfacet
  facet normal -1.000000e+00 0.000000e+00 0.000000e+00
    outer loop
      vertex   -5.500000e+01 1.589274e+01 -6.455554e+01
      vertex   -5.500000e+01 1.654467e+01 -6.202637e+01
      vertex   -5.500000e+01 1.862886e+01 -6.336890e+01
    endloop
  endfacet
  facet normal -1.000000e+00 0.000000e+00 0.000000e+00
    outer loop
      vertex   -5.500000e+01 1.589274e+01 -6.455554e+01
      vertex   -5.500000e+01 1.862886e+01 -6.336890e+01
      vertex   -5.500000e+01 1.786950e+01 -6.590268e+01
    endloop
  endfacet
  facet normal -1.000000e+00 0.000000e+00 0.000000e+00
    outer loop
      vertex   -5.500000e+01 1.786950e+01 -6.590268e+01
      vertex   -5.500000e+01 1.862886e+01 -6.336890e+01
      vertex   -5.500000e+01 2.060464e+01 -6.486638e+01
    endloop
  endfacet
  facet normal -1.000000e+00 0.000000e+00 0.000000e+00
    outer loop
      vertex   -5.500000e+01 1.786950e+01 -6.590268e+01
      vertex   -5.500000e+01 2.060464e+01 -6.486638e+01
      vertex   -5.500000e+01 1.973264e+01 -6.740303e+01
    endloop
  endfacet
  facet normal -1.000000e+00 0.000000e+00 0.000000e+00
    outer loop
      vertex   -5.500000e+01 1.973264e+01 -6.740303e+01
      vertex   -5.500000e+01 2.060464e+01 -6.486638e+01
      vertex   -5.500000e+01 2.246053e+01 -6.651011e+01
    endloop
  endfacet
  facet normal -1.000000e+00 0.000000e+00 0.000000e+00
    outer loop
      vertex   -5.500000e+01 1.973264e+01 -6.740303e+01
      vertex   -5.500000e+01 2.246053e+01 -6.651011e+01
      vertex   -5.500000e+01 2.147032e+01 -6.904707e+01
    endloop
  endfacet
  facet normal -1.000000e+00 0.000000e+00 0.000000e+00
    outer loop
      vertex   -5.500000e+01 2.147032e+01 -6.904707e+01
      vertex   -5.500000e+01 2.246053e+01 -6.651011e+01
      vertex   -5.500000e+01 2.418572e+01 -6.829053e+01
    endloop
  endfacet
  facet normal -1.000000e+00 0.000000e+00 0.000000e+00
    outer loop
      vertex   -5.500000e+01 2.147032e+01 -6.904707e+01
      vertex   -5.500000e+01 2.418572e+01 -6.829053e+01
      vertex   -5.500000e+01 2.307148e+01 -7.082432e+01
    endloop
  endfacet
  facet normal -1.000000e+00 0.000000e+00 0.000000e+00
    outer loop
      vertex   -5.500000e+01 2.307148e+01 -7.082432e+01
      vertex   -5.500000e+01 2.418572e+01 -6.829053e+01
      vertex   -5.500000e+01 2.577018e+01 -7.019728e+01
    endloop
  endfacet
  facet normal -1.000000e+00 0.000000e+00 0.000000e+00
    outer loop
      vertex   -5.500000e+01 2.307148e+01 -7.082432e+01
      vertex   -5.500000e+01 2.577018e+01 -7.019728e+01
      vertex   -5.500000e+01 2.452595e+01 -7.272350e+01
    endloop
  endfacet
  facet normal -1.000000e+00 0.000000e+00 0.000000e+00
    outer loop
      vertex   -5.500000e+01 2.452595e+01 -7.272350e+01
      vertex   -5.500000e+01 2.577018e+01 -7.019728e+01
      vertex   -5.500000e+01 2.720469e+01 -7.221925e+01
    endloop
  endfacet
  facet normal -1.000000e+00 0.000000e+00 0.000000e+00
    outer loop
      vertex   -5.500000e+01 2.452595e+01 -7.272350e+01
      vertex   -5.500000e+01 2.720469e+01 -7.221925e+01
      vertex   -5.500000e+01 2.582449e+01 -7.473252e+01
    endloop
  endfacet
  facet normal -1.000000e+00 0.000000e+00 0.000000e+00
    outer loop
      vertex   -5.500000e+01 2.582449e+01 -7.473252e+01
      vertex   -5.500000e+01 2.720469e+01 -7.221925e+01
      vertex   -5.500000e+01 2.848089e+01 -7.434469e+01
    endloop
  endfacet
  facet normal -1.000000e+00 0.000000e+00 0.000000e+00
    outer loop
      vertex   -5.500000e+01 2.582449e+01 -7.473252e+01
      vertex   -5.500000e+01 2.848089e+01 -7.434469e+01
      vertex   -5.500000e+01 2.695882e+01 -7.683862e+01
    endloop
  endfacet
  facet normal -1.000000e+00 0.000000e+00 0.000000e+00
    outer loop
      vertex   -5.500000e+01 2.695882e+01 -7.683862e+01
      vertex   -5.500000e+01 2.848089e+01 -7.434469e+01
      vertex   -5.500000e+01 2.959137e+01 -7.656122e+01
    endloop
  endfacet
  facet normal -1.000000e+00 0.000000e+00 0.000000e+00
    outer loop
      vertex   -5.500000e+01 2.695882e+01 -7.683862e+01
      vertex   -5.500000e+01 2.959137e+01 -7.656122e+01
      vertex   -5.500000e+01 2.792175e+01 -7.902840e+01
    endloop
  endfacet
  facet normal -1.000000e+00 0.000000e+00 0.000000e+00
    outer loop
      vertex   -5.500000e+01 2.792175e+01 -7.902840e+01
      vertex   -5.500000e+01 2.959137e+01 -7.656122e+01
      vertex   -5.500000e+01 3.052966e+01 -7.885595e+01
    endloop
  endfacet
  facet normal -1.000000e+00 0.000000e+00 0.000000e+00
    outer loop
      vertex   -5.500000e+01 2.792175e+01 -7.902840e+01
      vertex   -5.500000e+01 3.052966e+01 -7.885595e+01
      vertex   -5.500000e+01 2.870714e+01 -8.128794e+01
    endloop
  endfacet
  facet normal -1.000000e+00 0.000000e+00 0.000000e+00
    outer loop
      vertex   -5.500000e+01 2.870714e+01 -8.128794e+01
      vertex   -5.500000e+01 3.052966e+01 -7.885595e+01
      vertex   -5.500000e+01 3.129030e+01 -8.121553e+01
    endloop
  endfacet
  facet normal -1.000000e+00 0.000000e+00 0.000000e+00
    outer loop
      vertex   -5.500000e+01 2.870714e+01 -8.128794e+01
      vertex   -5.500000e+01 3.129030e+01 -8.121553e+01
      vertex   -5.500000e+01 2.931001e+01 -8.360287e+01
    endloop
  endfacet
  facet normal -1.000000e+00 0.000000e+00 0.000000e+00
    outer loop
      vertex   -5.500000e+01 2.931001e+01 -8.360287e+01
      vertex   -5.500000e+01 3.129030e+01 -8.121553e+01
      vertex   -5.500000e+01 3.186887e+01 -8.362623e+01
    endloop
  endfacet
  facet normal -1.000000e+00 0.000000e+00 0.000000e+00
    outer loop
      vertex   -5.500000e+01 2.931001e+01 -8.360287e+01
      vertex   -5.500000e+01 3.186887e+01 -8.362623e+01
      vertex   -5.500000e+01 2.972652e+01 -8.595847e+01
    endloop
  endfacet
  facet normal -1.000000e+00 0.000000e+00 0.000000e+00
    outer loop
      vertex   -5.500000e+01 2.972652e+01 -8.595847e+01
      vertex   -5.500000e+01 3.186887e+01 -8.362623e+01
      vertex   -5.500000e+01 3.226200e+01 -8.607401e+01
    endloop
  endfacet
  facet normal -1.000000e+00 0.000000e+00 0.000000e+00
    outer loop
      vertex   -5.500000e+01 2.972652e+01 -8.595847e+01
      vertex   -5.500000e+01 3.226200e+01 -8.607401e+01
      vertex   -5.500000e+01 2.995403e+01 -8.833978e+01
    endloop
  endfacet
  facet normal -1.000000e+00 0.000000e+00 0.000000e+00
    outer loop
      vertex   -5.500000e+01 2.995403e+01 -8.833978e+01
      vertex   -5.500000e+01 3.226200e+01 -8.607401e+01
      vertex   -5.500000e+01 3.246740e+01 -8.854463e+01
    endloop
  endfacet
  facet normal -1.000000e+00 0.000000e+00 0.000000e+00
    outer loop
      vertex   -5.500000e+01 2.995403e+01 -8.833978e+01
      vertex   -5.500000e+01 3.246740e+01 -8.854463e+01
      vertex   -5.500000e+01 2.999108e+01 -9.073164e+01
    endloop
  endfacet
  facet normal -1.000000e+00 0.000000e+00 0.000000e+00
    outer loop
      vertex   -5.500000e+01 2.999108e+01 -9.073164e+01
      vertex   -5.500000e+01 3.246740e+01 -8.854463e+01
      vertex   -5.500000e+01 3.248387e+01 -9.102373e+01
    endloop
  endfacet
  facet normal -1.000000e+00 0.000000e+00 -0.000000e+00
    outer loop
      vertex   -5.500000e+01 2.999108e+01 -9.073164e+01
      vertex   -5.500000e+01 3.248387e+01 -9.102373e+01
      vertex   -5.500000e+01 2.983744e+01 -9.311884e+01
    endloop
  endfacet
  facet normal -1.000000e+00 0.000000e+00 0.000000e+00
    outer loop
      vertex   -5.500000e+01 2.983744e+01 -9.311884e+01
      vertex   -5.500000e+01 3.248387e+01 -9.102373e+01
      vertex   -5.500000e+01 3.231133e+01 -9.349687e+01
    endloop
  endfacet
  facet normal -1.000000e+00 0.000000e+00 -0.000000e+00
    outer loop
      vertex   -5.500000e+01 2.983744e+01 -9.311884e+01
      vertex   -5.500000e+01 3.231133e+01 -9.349687e+01
      vertex   -5.500000e+01 2.949409e+01 -9.548622e+01
    endloop
  endfacet
  facet normal -1.000000e+00 0.000000e+00 0.000000e+00
    outer loop
      vertex   -5.500000e+01 2.949409e+01 -9.548622e+01
      vertex   -5.500000e+01 3.231133e+01 -9.349687e+01
      vertex   -5.500000e+01 3.195077e+01 -9.594966e+01
    endloop
  endfacet
  facet normal -1.000000e+00 0.000000e+00 0.000000e+00
    outer loop
      vertex   -5.500000e+01 2.949409e+01 -9.548622e+01
      vertex   -5.500000e+01 3.195077e+01 -9.594966e+01
      vertex   -5.500000e+01 3.140429e+01 -9.836783e+01
    endloop
  endfacet
  facet normal -1.000000e+00 0.000000e+00 -0.000000e+00
    outer loop
      vertex   -5.500000e+01 2.949409e+01 -9.548622e+01
      vertex   -5.500000e+01 3.140429e+01 -9.836783e+01
      vertex   -5.500000e+01 2.896321e+01 -9.781871e+01
    endloop
  endfacet
  facet normal -1.000000e+00 0.000000e+00 0.000000e+00
    outer loop
      vertex   -5.500000e+01 2.896321e+01 -9.781871e+01
      vertex   -5.500000e+01 3.140429e+01 -9.836783e+01
      vertex   -5.500000e+01 3.067508e+01 -1.007373e+02
    endloop
  endfacet
  facet normal -1.000000e+00 0.000000e+00 -0.000000e+00
    outer loop
      vertex   -5.500000e+01 2.896321e+01 -9.781871e+01
      vertex   -5.500000e+01 3.067508e+01 -1.007373e+02
      vertex   -5.500000e+01 2.824818e+01 -1.001015e+02
    endloop
  endfacet
  facet normal -1.000000e+00 0.000000e+00 0.000000e+00
    outer loop
      vertex   -5.500000e+01 2.824818e+01 -1.001015e+02
      vertex   -5.500000e+01 3.067508e+01 -1.007373e+02
      vertex   -5.500000e+01 2.976737e+01 -1.030443e+02
    endloop
  endfacet
  facet normal -1.000000e+00 0.000000e+00 -0.000000e+00
    outer loop
      vertex   -5.500000e+01 2.824818e+01 -1.001015e+02
      vertex   -5.500000e+01 2.976737e+01 -1.030443e+02
      vertex   -5.500000e+01 2.735354e+01 -1.023200e+02
    endloop
  endfacet
  facet normal -1.000000e+00 0.000000e+00 0.000000e+00
    outer loop
      vertex   -5.500000e+01 2.735354e+01 -1.023200e+02
      vertex   -5.500000e+01 2.976737e+01 -1.030443e+02
      vertex   -5.500000e+01 2.868644e+01 -1.052754e+02
    endloop
  endfacet
  facet normal -1.000000e+00 0.000000e+00 -0.000000e+00
    outer loop
      vertex   -5.500000e+01 2.735354e+01 -1.023200e+02
      vertex   -5.500000e+01 2.868644e+01 -1.052754e+02
      vertex   -5.500000e+01 2.628499e+01 -1.044603e+02
    endloop
  endfacet
  facet normal -1.000000e+00 0.000000e+00 0.000000e+00
    outer loop
      vertex   -5.500000e+01 2.628499e+01 -1.044603e+02
      vertex   -5.500000e+01 2.868644e+01 -1.052754e+02
      vertex   -5.500000e+01 2.743860e+01 -1.074176e+02
    endloop
  endfacet
  facet normal -1.000000e+00 0.000000e+00 -0.000000e+00
    outer loop
      vertex   -5.500000e+01 2.628499e+01 -1.044603e+02
      vertex   -5.500000e+01 2.743860e+01 -1.074176e+02
      vertex   -5.500000e+01 2.504931e+01 -1.065086e+02
    endloop
  endfacet
  facet normal -1.000000e+00 0.000000e+00 0.000000e+00
    outer loop
      vertex   -5.500000e+01 2.504931e+01 -1.065086e+02
      vertex   -5.500000e+01 2.743860e+01 -1.074176e+02
      vertex   -5.500000e+01 2.603109e+01 -1.094585e+02
    endloop
  endfacet
  facet normal -1.000000e+00 0.000000e+00 -0.000000e+00
    outer loop
      vertex   -5.500000e+01 2.504931e+01 -1.065086e+02
      vertex   -5.500000e+01 2.603109e+01 -1.094585e+02
      vertex   -5.500000e+01 2.365436e+01 -1.084519e+02
    endloop
  endfacet
  facet normal -1.000000e+00 0.000000e+00 0.000000e+00
    outer loop
      vertex   -5.500000e+01 2.365436e+01 -1.084519e+02
      vertex   -5.500000e+01 2.603109e+01 -1.094585e+02
      vertex   -5.500000e+01 2.447211e+01 -1.113861e+02
    endloop
  endfacet
  facet normal -1.000000e+00 0.000000e+00 -0.000000e+00
    outer loop
      vertex   -5.500000e+01 2.365436e+01 -1.084519e+02
      vertex   -5.500000e+01 2.447211e+01 -1.113861e+02
      vertex   -5.500000e+01 2.210901e+01 -1.102779e+02
    endloop
  endfacet
  facet normal -1.000000e+00 0.000000e+00 0.000000e+00
    outer loop
      vertex   -5.500000e+01 2.210901e+01 -1.102779e+02
      vertex   -5.500000e+01 2.447211e+01 -1.113861e+02
      vertex   -5.500000e+01 2.277074e+01 -1.131893e+02
    endloop
  endfacet
  facet normal -1.000000e+00 0.000000e+00 -0.000000e+00
    outer loop
      vertex   -5.500000e+01 2.210901e+01 -1.102779e+02
      vertex   -5.500000e+01 2.277074e+01 -1.131893e+02
      vertex   -5.500000e+01 2.042309e+01 -1.119749e+02
    endloop
  endfacet
  facet normal -1.000000e+00 0.000000e+00 0.000000e+00
    outer loop
      vertex   -5.500000e+01 2.042309e+01 -1.119749e+02
      vertex   -5.500000e+01 2.277074e+01 -1.131893e+02
      vertex   -5.500000e+01 2.093686e+01 -1.148576e+02
    endloop
  endfacet
  facet normal -1.000000e+00 0.000000e+00 -0.000000e+00
    outer loop
      vertex   -5.500000e+01 2.042309e+01 -1.119749e+02
      vertex   -5.500000e+01 2.093686e+01 -1.148576e+02
      vertex   -5.500000e+01 1.860731e+01 -1.135323e+02
    endloop
  endfacet
  facet normal -1.000000e+00 0.000000e+00 0.000000e+00
    outer loop
      vertex   -5.500000e+01 1.860731e+01 -1.135323e+02
      vertex   -5.500000e+01 2.093686e+01 -1.148576e+02
      vertex   -5.500000e+01 1.898115e+01 -1.163812e+02
    endloop
  endfacet
  facet normal -1.000000e+00 0.000000e+00 -0.000000e+00
    outer loop
      vertex   -5.500000e+01 1.860731e+01 -1.135323e+02
      vertex   -5.500000e+01 1.898115e+01 -1.163812e+02
      vertex   -5.500000e+01 1.667323e+01 -1.149400e+02
    endloop
  endfacet
  facet normal -1.000000e+00 0.000000e+00 0.000000e+00
    outer loop
      vertex   -5.500000e+01 1.667323e+01 -1.149400e+02
      vertex   -5.500000e+01 1.898115e+01 -1.163812e+02
      vertex   -5.500000e+01 1.691500e+01 -1.177513e+02
    endloop
  endfacet
  facet normal -1.000000e+00 0.000000e+00 -0.000000e+00
    outer loop
      vertex   -5.500000e+01 1.667323e+01 -1.149400e+02
      vertex   -5.500000e+01 1.691500e+01 -1.177513e+02
      vertex   -5.500000e+01 1.463313e+01 -1.161891e+02
    endloop
  endfacet
  facet normal -1.000000e+00 0.000000e+00 0.000000e+00
    outer loop
      vertex   -5.500000e+01 1.463313e+01 -1.161891e+02
      vertex   -5.500000e+01 1.691500e+01 -1.177513e+02
      vertex   -5.500000e+01 1.475041e+01 -1.189599e+02
    endloop
  endfacet
  facet normal -1.000000e+00 0.000000e+00 -0.000000e+00
    outer loop
      vertex   -5.500000e+01 1.463313e+01 -1.161891e+02
      vertex   -5.500000e+01 1.475041e+01 -1.189599e+02
      vertex   -5.500000e+01 1.250000e+01 -1.172718e+02
    endloop
  endfacet
  facet normal -1.000000e+00 0.000000e+00 -0.000000e+00
    outer loop
      vertex   -5.500000e+01 1.250000e+01 -1.172718e+02
      vertex   -5.500000e+01 1.475041e+01 -1.189599e+02
      vertex   -5.500000e+01 1.250000e+01 -1.200000e+02
    endloop
  endfacet
  facet normal -0.000000e+00 0.000000e+00 -1.000000e+00
    outer loop
      vertex   -3.899912e+01 -2.165476e+01 -1.200000e+02
      vertex   -4.169133e+01 -2.506899e+01 -1.200000e+02
      vertex   -3.909337e+01 -2.090869e+01 -1.200000e+02
    endloop
  endfacet
  facet normal 0.000000e+00 0.000000e+00 -1.000000e+00
    outer loop
      vertex   -3.909337e+01 -2.090869e+01 -1.200000e+02
      vertex   -4.169133e+01 -2.506899e+01 -1.200000e+02
      vertex   -4.313202e+01 -2.250000e+01 -1.200000e+02
    endloop
  endfacet
  facet normal -0.000000e+00 0.000000e+00 -1.000000e+00
    outer loop
      vertex   -3.909337e+01 -2.090869e+01 -1.200000e+02
      vertex   -4.313202e+01 -2.250000e+01 -1.200000e+02
      vertex   -3.899912e+01 -2.016262e+01 -1.200000e+02
    endloop
  endfacet
  facet normal -7.371317e-16 1.303383e-15 -1.000000e+00
    outer loop
      vertex   -3.899912e+01 -2.016262e+01 -1.200000e+02
      vertex   -4.313202e+01 -2.250000e+01 -1.200000e+02
      vertex   -4.502409e+01 -1.266701e+01 -1.200000e+02
    endloop
  endfacet
  facet normal -1.580267e-15 6.256718e-16 -1.000000e+00
    outer loop
      vertex   -3.899912e+01 -2.016262e+01 -1.200000e+02
      vertex   -4.502409e+01 -1.266701e+01 -1.200000e+02
      vertex   -3.872229e+01 -1.946343e+01 -1.200000e+02
    endloop
  endfacet
  facet normal -1.264346e-15 9.186008e-16 -1.000000e+00
    outer loop
      vertex   -3.872229e+01 -1.946343e+01 -1.200000e+02
      vertex   -4.502409e+01 -1.266701e+01 -1.200000e+02
      vertex   -3.828027e+01 -1.885505e+01 -1.200000e+02
    endloop
  endfacet
  facet normal -9.990845e-16 1.207686e-15 -1.000000e+00
    outer loop
      vertex   -3.828027e+01 -1.885505e+01 -1.200000e+02
      vertex   -4.502409e+01 -1.266701e+01 -1.200000e+02
      vertex   -3.770085e+01 -1.837571e+01 -1.200000e+02
    endloop
  endfacet
  facet normal -6.051569e-15 -5.273740e-15 -1.000000e+00
    outer loop
      vertex   -3.770085e+01 -1.837571e+01 -1.200000e+02
      vertex   -4.502409e+01 -1.266701e+01 -1.200000e+02
      vertex   -4.500000e+01 -1.000000e+01 -1.200000e+02
    endloop
  endfacet
  facet normal 0.000000e+00 0.000000e+00 -1.000000e+00
    outer loop
      vertex   -3.770085e+01 -1.837571e+01 -1.200000e+02
      vertex   -4.500000e+01 -1.000000e+01 -1.200000e+02
      vertex   -3.702042e+01 -1.805552e+01 -1.200000e+02
    endloop
  endfacet
  facet normal 0.000000e+00 0.000000e+00 -1.000000e+00
    outer loop
      vertex   -3.702042e+01 -1.805552e+01 -1.200000e+02
      vertex   -4.500000e+01 -1.000000e+01 -1.200000e+02
      vertex   -3.200000e+01 -5.620214e+00 -1.200000e+02
    endloop
  endfacet
  facet normal 0.000000e+00 0.000000e+00 -1.000000e+00
    outer loop
      vertex   -3.702042e+01 -1.805552e+01 -1.200000e+02
      vertex   -3.200000e+01 -5.620214e+00 -1.200000e+02
      vertex   -3.628174e+01 -1.791461e+01 -1.200000e+02
    endloop
  endfacet
  facet normal 0.000000e+00 0.000000e+00 -1.000000e+00
    outer loop
      vertex   -3.628174e+01 -1.791461e+01 -1.200000e+02
      vertex   -3.200000e+01 -5.620214e+00 -1.200000e+02
      vertex   -3.553122e+01 -1.796183e+01 -1.200000e+02
    endloop
  endfacet
  facet normal 0.000000e+00 0.000000e+00 -1.000000e+00
    outer loop
      vertex   -3.553122e+01 -1.796183e+01 -1.200000e+02
      vertex   -3.200000e+01 -5.620214e+00 -1.200000e+02
      vertex   -3.481603e+01 -1.819421e+01 -1.200000e+02
    endloop
  endfacet
  facet normal 0.000000e+00 0.000000e+00 -1.000000e+00
    outer loop
      vertex   -3.481603e+01 -1.819421e+01 -1.200000e+02
      vertex   -3.200000e+01 -5.620214e+00 -1.200000e+02
      vertex   -3.418110e+01 -1.859715e+01 -1.200000e+02
    endloop
  endfacet
  facet normal 0.000000e+00 0.000000e+00 -1.000000e+00
    outer loop
      vertex   -3.418110e+01 -1.859715e+01 -1.200000e+02
      vertex   -3.200000e+01 -5.620214e+00 -1.200000e+02
      vertex   -3.366632e+01 -1.914534e+01 -1.200000e+02
    endloop
  endfacet
  facet normal 0.000000e+00 0.000000e+00 -1.000000e+00
    outer loop
      vertex   -3.366632e+01 -1.914534e+01 -1.200000e+02
      vertex   -3.200000e+01 -5.620214e+00 -1.200000e+02
      vertex   -3.330404e+01 -1.980432e+01 -1.200000e+02
    endloop
  endfacet
  facet normal 0.000000e+00 0.000000e+00 -1.000000e+00
    outer loop
      vertex   -3.330404e+01 -1.980432e+01 -1.200000e+02
      vertex   -3.200000e+01 -5.620214e+00 -1.200000e+02
      vertex   -3.311702e+01 -2.053269e+01 -1.200000e+02
    endloop
  endfacet
  facet normal 0.000000e+00 0.000000e+00 -1.000000e+00
    outer loop
      vertex   -3.311702e+01 -2.053269e+01 -1.200000e+02
      vertex   -3.200000e+01 -5.620214e+00 -1.200000e+02
      vertex   -2.528414e+01 -3.582316e+01 -1.200000e+02
    endloop
  endfacet
  facet normal 0.000000e+00 0.000000e+00 -1.000000e+00
    outer loop
      vertex   -3.311702e+01 -2.053269e+01 -1.200000e+02
      vertex   -2.528414e+01 -3.582316e+01 -1.200000e+02
      vertex   -3.311702e+01 -2.128469e+01 -1.200000e+02
    endloop
  endfacet
  facet normal 0.000000e+00 -0.000000e+00 -1.000000e+00
    outer loop
      vertex   -3.311702e+01 -2.128469e+01 -1.200000e+02
      vertex   -2.528414e+01 -3.582316e+01 -1.200000e+02
      vertex   -3.330404e+01 -2.201307e+01 -1.200000e+02
    endloop
  endfacet
  facet normal 0.000000e+00 0.000000e+00 -1.000000e+00
    outer loop
      vertex   -3.330404e+01 -2.201307e+01 -1.200000e+02
      vertex   -2.528414e+01 -3.582316e+01 -1.200000e+02
      vertex   -3.232022e+01 -3.635965e+01 -1.200000e+02
    endloop
  endfacet
  facet normal 0.000000e+00 -0.000000e+00 -1.000000e+00
    outer loop
      vertex   -3.330404e+01 -2.201307e+01 -1.200000e+02
      vertex   -3.232022e+01 -3.635965e+01 -1.200000e+02
      vertex   -3.366632e+01 -2.267205e+01 -1.200000e+02
    endloop
  endfacet
  facet normal 0.000000e+00 -0.000000e+00 -1.000000e+00
    outer loop
      vertex   -3.366632e+01 -2.267205e+01 -1.200000e+02
      vertex   -3.232022e+01 -3.635965e+01 -1.200000e+02
      vertex   -3.446137e+01 -3.433708e+01 -1.200000e+02
    endloop
  endfacet
  facet normal 0.000000e+00 0.000000e+00 -1.000000e+00
    outer loop
      vertex   -3.366632e+01 -2.267205e+01 -1.200000e+02
      vertex   -3.446137e+01 -3.433708e+01 -1.200000e+02
      vertex   -3.418110e+01 -2.322023e+01 -1.200000e+02
    endloop
  endfacet
  facet normal 0.000000e+00 0.000000e+00 -1.000000e+00
    outer loop
      vertex   -3.418110e+01 -2.322023e+01 -1.200000e+02
      vertex   -3.446137e+01 -3.433708e+01 -1.200000e+02
      vertex   -3.481603e+01 -2.362318e+01 -1.200000e+02
    endloop
  endfacet
  facet normal 0.000000e+00 -0.000000e+00 -1.000000e+00
    outer loop
      vertex   -3.481603e+01 -2.362318e+01 -1.200000e+02
      vertex   -3.446137e+01 -3.433708e+01 -1.200000e+02
      vertex   -3.647619e+01 -3.218864e+01 -1.200000e+02
    endloop
  endfacet
  facet normal 0.000000e+00 0.000000e+00 -1.000000e+00
    outer loop
      vertex   -3.481603e+01 -2.362318e+01 -1.200000e+02
      vertex   -3.647619e+01 -3.218864e+01 -1.200000e+02
      vertex   -3.553122e+01 -2.385556e+01 -1.200000e+02
    endloop
  endfacet
  facet normal 0.000000e+00 0.000000e+00 -1.000000e+00
    outer loop
      vertex   -3.553122e+01 -2.385556e+01 -1.200000e+02
      vertex   -3.647619e+01 -3.218864e+01 -1.200000e+02
      vertex   -3.628174e+01 -2.390277e+01 -1.200000e+02
    endloop
  endfacet
  facet normal 0.000000e+00 0.000000e+00 -1.000000e+00
    outer loop
      vertex   -3.628174e+01 -2.390277e+01 -1.200000e+02
      vertex   -3.647619e+01 -3.218864e+01 -1.200000e+02
      vertex   -3.835731e+01 -2.992221e+01 -1.200000e+02
    endloop
  endfacet
  facet normal -0.000000e+00 0.000000e+00 -1.000000e+00
    outer loop
      vertex   -3.628174e+01 -2.390277e+01 -1.200000e+02
      vertex   -3.835731e+01 -2.992221e+01 -1.200000e+02
      vertex   -3.702042e+01 -2.376186e+01 -1.200000e+02
    endloop
  endfacet
  facet normal -0.000000e+00 0.000000e+00 -1.000000e+00
    outer loop
      vertex   -3.702042e+01 -2.376186e+01 -1.200000e+02
      vertex   -3.835731e+01 -2.992221e+01 -1.200000e+02
      vertex   -3.770085e+01 -2.344168e+01 -1.200000e+02
    endloop
  endfacet
  facet normal 0.000000e+00 0.000000e+00 -1.000000e+00
    outer loop
      vertex   -3.770085e+01 -2.344168e+01 -1.200000e+02
      vertex   -3.835731e+01 -2.992221e+01 -1.200000e+02
      vertex   -4.009781e+01 -2.754609e+01 -1.200000e+02
    endloop
  endfacet
  facet normal -0.000000e+00 0.000000e+00 -1.000000e+00
    outer loop
      vertex   -3.770085e+01 -2.344168e+01 -1.200000e+02
      vertex   -4.009781e+01 -2.754609e+01 -1.200000e+02
      vertex   -3.828027e+01 -2.296234e+01 -1.200000e+02
    endloop
  endfacet
  facet normal -0.000000e+00 0.000000e+00 -1.000000e+00
    outer loop
      vertex   -3.828027e+01 -2.296234e+01 -1.200000e+02
      vertex   -4.009781e+01 -2.754609e+01 -1.200000e+02
      vertex   -3.872229e+01 -2.235396e+01 -1.200000e+02
    endloop
  endfacet
  facet normal 0.000000e+00 0.000000e+00 -1.000000e+00
    outer loop
      vertex   -3.872229e+01 -2.235396e+01 -1.200000e+02
      vertex   -4.009781e+01 -2.754609e+01 -1.200000e+02
      vertex   -4.169133e+01 -2.506899e+01 -1.200000e+02
    endloop
  endfacet
  facet normal -0.000000e+00 0.000000e+00 -1.000000e+00
    outer loop
      vertex   -3.872229e+01 -2.235396e+01 -1.200000e+02
      vertex   -4.169133e+01 -2.506899e+01 -1.200000e+02
      vertex   -3.899912e+01 -2.165476e+01 -1.200000e+02
    endloop
  endfacet
  facet normal 0.000000e+00 0.000000e+00 -1.000000e+00
    outer loop
      vertex   -3.905989e+01 2.005736e+01 -1.200000e+02
      vertex   -4.313202e+01 2.250000e+01 -1.200000e+02
      vertex   -3.915414e+01 2.080343e+01 -1.200000e+02
    endloop
  endfacet
  facet normal 0.000000e+00 0.000000e+00 -1.000000e+00
    outer loop
      vertex   -3.915414e+01 2.080343e+01 -1.200000e+02
      vertex   -4.313202e+01 2.250000e+01 -1.200000e+02
      vertex   -4.179292e+01 2.489926e+01 -1.200000e+02
    endloop
  endfacet
  facet normal 0.000000e+00 0.000000e+00 -1.000000e+00
    outer loop
      vertex   -3.915414e+01 2.080343e+01 -1.200000e+02
      vertex   -4.179292e+01 2.489926e+01 -1.200000e+02
      vertex   -3.905989e+01 2.154950e+01 -1.200000e+02
    endloop
  endfacet
  facet normal 0.000000e+00 0.000000e+00 -1.000000e+00
    outer loop
      vertex   -3.905989e+01 2.154950e+01 -1.200000e+02
      vertex   -4.179292e+01 2.489926e+01 -1.200000e+02
      vertex   -3.878306e+01 2.224869e+01 -1.200000e+02
    endloop
  endfacet
  facet normal 0.000000e+00 0.000000e+00 -1.000000e+00
    outer loop
      vertex   -3.878306e+01 2.224869e+01 -1.200000e+02
      vertex   -4.179292e+01 2.489926e+01 -1.200000e+02
      vertex   -4.032050e+01 2.721908e+01 -1.200000e+02
    endloop
  endfacet
  facet normal 0.000000e+00 0.000000e+00 -1.000000e+00
    outer loop
      vertex   -3.878306e+01 2.224869e+01 -1.200000e+02
      vertex   -4.032050e+01 2.721908e+01 -1.200000e+02
      vertex   -3.834105e+01 2.285707e+01 -1.200000e+02
    endloop
  endfacet
  facet normal 0.000000e+00 0.000000e+00 -1.000000e+00
    outer loop
      vertex   -3.834105e+01 2.285707e+01 -1.200000e+02
      vertex   -4.032050e+01 2.721908e+01 -1.200000e+02
      vertex   -3.776163e+01 2.333641e+01 -1.200000e+02
    endloop
  endfacet
  facet normal 0.000000e+00 0.000000e+00 -1.000000e+00
    outer loop
      vertex   -3.776163e+01 2.333641e+01 -1.200000e+02
      vertex   -4.032050e+01 2.721908e+01 -1.200000e+02
      vertex   -3.871946e+01 2.945208e+01 -1.200000e+02
    endloop
  endfacet
  facet normal 0.000000e+00 0.000000e+00 -1.000000e+00
    outer loop
      vertex   -3.776163e+01 2.333641e+01 -1.200000e+02
      vertex   -3.871946e+01 2.945208e+01 -1.200000e+02
      vertex   -3.708120e+01 2.365660e+01 -1.200000e+02
    endloop
  endfacet
  facet normal 0.000000e+00 0.000000e+00 -1.000000e+00
    outer loop
      vertex   -3.708120e+01 2.365660e+01 -1.200000e+02
      vertex   -3.871946e+01 2.945208e+01 -1.200000e+02
      vertex   -3.634252e+01 2.379751e+01 -1.200000e+02
    endloop
  endfacet
  facet normal 0.000000e+00 0.000000e+00 -1.000000e+00
    outer loop
      vertex   -3.634252e+01 2.379751e+01 -1.200000e+02
      vertex   -3.871946e+01 2.945208e+01 -1.200000e+02
      vertex   -3.699490e+01 3.159112e+01 -1.200000e+02
    endloop
  endfacet
  facet normal 0.000000e+00 0.000000e+00 -1.000000e+00
    outer loop
      vertex   -3.634252e+01 2.379751e+01 -1.200000e+02
      vertex   -3.699490e+01 3.159112e+01 -1.200000e+02
      vertex   -3.559200e+01 2.375029e+01 -1.200000e+02
    endloop
  endfacet
  facet normal 0.000000e+00 0.000000e+00 -1.000000e+00
    outer loop
      vertex   -3.559200e+01 2.375029e+01 -1.200000e+02
      vertex   -3.699490e+01 3.159112e+01 -1.200000e+02
      vertex   -3.487681e+01 2.351791e+01 -1.200000e+02
    endloop
  endfacet
  facet normal 0.000000e+00 0.000000e+00 -1.000000e+00
    outer loop
      vertex   -3.487681e+01 2.351791e+01 -1.200000e+02
      vertex   -3.699490e+01 3.159112e+01 -1.200000e+02
      vertex   -3.515232e+01 3.362939e+01 -1.200000e+02
    endloop
  endfacet
  facet normal 0.000000e+00 0.000000e+00 -1.000000e+00
    outer loop
      vertex   -3.487681e+01 2.351791e+01 -1.200000e+02
      vertex   -3.515232e+01 3.362939e+01 -1.200000e+02
      vertex   -3.424187e+01 2.311497e+01 -1.200000e+02
    endloop
  endfacet
  facet normal 0.000000e+00 0.000000e+00 -1.000000e+00
    outer loop
      vertex   -3.424187e+01 2.311497e+01 -1.200000e+02
      vertex   -3.515232e+01 3.362939e+01 -1.200000e+02
      vertex   -3.319761e+01 3.556037e+01 -1.200000e+02
    endloop
  endfacet
  facet normal 0.000000e+00 0.000000e+00 -1.000000e+00
    outer loop
      vertex   -3.424187e+01 2.311497e+01 -1.200000e+02
      vertex   -3.319761e+01 3.556037e+01 -1.200000e+02
      vertex   -3.372709e+01 2.256678e+01 -1.200000e+02
    endloop
  endfacet
  facet normal 0.000000e+00 0.000000e+00 -1.000000e+00
    outer loop
      vertex   -3.372709e+01 2.256678e+01 -1.200000e+02
      vertex   -3.319761e+01 3.556037e+01 -1.200000e+02
      vertex   -2.672467e+01 2.454571e+01 -1.200000e+02
    endloop
  endfacet
  facet normal 0.000000e+00 0.000000e+00 -1.000000e+00
    outer loop
      vertex   -3.372709e+01 2.256678e+01 -1.200000e+02
      vertex   -2.672467e+01 2.454571e+01 -1.200000e+02
      vertex   -3.336482e+01 2.190780e+01 -1.200000e+02
    endloop
  endfacet
  facet normal 0.000000e+00 0.000000e+00 -1.000000e+00
    outer loop
      vertex   -3.336482e+01 2.190780e+01 -1.200000e+02
      vertex   -2.672467e+01 2.454571e+01 -1.200000e+02
      vertex   -3.317780e+01 2.117943e+01 -1.200000e+02
    endloop
  endfacet
  facet normal 0.000000e+00 0.000000e+00 -1.000000e+00
    outer loop
      vertex   -3.317780e+01 2.117943e+01 -1.200000e+02
      vertex   -2.672467e+01 2.454571e+01 -1.200000e+02
      vertex   -3.317780e+01 2.042743e+01 -1.200000e+02
    endloop
  endfacet
  facet normal 0.000000e+00 -0.000000e+00 -1.000000e+00
    outer loop
      vertex   -3.317780e+01 2.042743e+01 -1.200000e+02
      vertex   -2.672467e+01 2.454571e+01 -1.200000e+02
      vertex   -3.336482e+01 1.969905e+01 -1.200000e+02
    endloop
  endfacet
  facet normal 0.000000e+00 0.000000e+00 -1.000000e+00
    outer loop
      vertex   -3.336482e+01 1.969905e+01 -1.200000e+02
      vertex   -2.672467e+01 2.454571e+01 -1.200000e+02
      vertex   -3.200000e+01 5.000000e+00 -1.200000e+02
    endloop
  endfacet
  facet normal 0.000000e+00 -0.000000e+00 -1.000000e+00
    outer loop
      vertex   -3.336482e+01 1.969905e+01 -1.200000e+02
      vertex   -3.200000e+01 5.000000e+00 -1.200000e+02
      vertex   -3.372709e+01 1.904007e+01 -1.200000e+02
    endloop
  endfacet
  facet normal 0.000000e+00 -0.000000e+00 -1.000000e+00
    outer loop
      vertex   -3.372709e+01 1.904007e+01 -1.200000e+02
      vertex   -3.200000e+01 5.000000e+00 -1.200000e+02
      vertex   -3.424187e+01 1.849189e+01 -1.200000e+02
    endloop
  endfacet
  facet normal 0.000000e+00 -0.000000e+00 -1.000000e+00
    outer loop
      vertex   -3.424187e+01 1.849189e+01 -1.200000e+02
      vertex   -3.200000e+01 5.000000e+00 -1.200000e+02
      vertex   -3.487681e+01 1.808895e+01 -1.200000e+02
    endloop
  endfacet
  facet normal 0.000000e+00 -0.000000e+00 -1.000000e+00
    outer loop
      vertex   -3.487681e+01 1.808895e+01 -1.200000e+02
      vertex   -3.200000e+01 5.000000e+00 -1.200000e+02
      vertex   -3.559200e+01 1.785656e+01 -1.200000e+02
    endloop
  endfacet
  facet normal 0.000000e+00 -0.000000e+00 -1.000000e+00
    outer loop
      vertex   -3.559200e+01 1.785656e+01 -1.200000e+02
      vertex   -3.200000e+01 5.000000e+00 -1.200000e+02
      vertex   -3.634252e+01 1.780935e+01 -1.200000e+02
    endloop
  endfacet
  facet normal -0.000000e+00 -0.000000e+00 -1.000000e+00
    outer loop
      vertex   -3.634252e+01 1.780935e+01 -1.200000e+02
      vertex   -3.200000e+01 5.000000e+00 -1.200000e+02
      vertex   -3.708120e+01 1.795026e+01 -1.200000e+02
    endloop
  endfacet
  facet normal 0.000000e+00 -0.000000e+00 -1.000000e+00
    outer loop
      vertex   -3.708120e+01 1.795026e+01 -1.200000e+02
      vertex   -3.200000e+01 5.000000e+00 -1.200000e+02
      vertex   -4.500000e+01 1.000000e+01 -1.200000e+02
    endloop
  endfacet
  facet normal -0.000000e+00 0.000000e+00 -1.000000e+00
    outer loop
      vertex   -3.708120e+01 1.795026e+01 -1.200000e+02
      vertex   -4.500000e+01 1.000000e+01 -1.200000e+02
      vertex   -3.776163e+01 1.827044e+01 -1.200000e+02
    endloop
  endfacet
  facet normal -6.424113e-15 5.622448e-15 -1.000000e+00
    outer loop
      vertex   -3.776163e+01 1.827044e+01 -1.200000e+02
      vertex   -4.500000e+01 1.000000e+01 -1.200000e+02
      vertex   -4.502409e+01 1.250000e+01 -1.200000e+02
    endloop
  endfacet
  facet normal -9.981125e-16 -1.206511e-15 -1.000000e+00
    outer loop
      vertex   -3.776163e+01 1.827044e+01 -1.200000e+02
      vertex   -4.502409e+01 1.250000e+01 -1.200000e+02
      vertex   -3.834105e+01 1.874979e+01 -1.200000e+02
    endloop
  endfacet
  facet normal -1.266139e-15 -9.199039e-16 -1.000000e+00
    outer loop
      vertex   -3.834105e+01 1.874979e+01 -1.200000e+02
      vertex   -4.502409e+01 1.250000e+01 -1.200000e+02
      vertex   -3.878306e+01 1.935817e+01 -1.200000e+02
    endloop
  endfacet
  facet normal -1.586677e-15 -6.282099e-16 -1.000000e+00
    outer loop
      vertex   -3.878306e+01 1.935817e+01 -1.200000e+02
      vertex   -4.502409e+01 1.250000e+01 -1.200000e+02
      vertex   -3.905989e+01 2.005736e+01 -1.200000e+02
    endloop
  endfacet
  facet normal -7.655451e-16 -1.276239e-15 -1.000000e+00
    outer loop
      vertex   -3.905989e+01 2.005736e+01 -1.200000e+02
      vertex   -4.502409e+01 1.250000e+01 -1.200000e+02
      vertex   -4.313202e+01 2.250000e+01 -1.200000e+02
    endloop
  endfacet
  facet normal 0.000000e+00 -8.771918e-14 -1.000000e+00
    outer loop
      vertex   -5.493540e+01 -1.266701e+01 -1.200000e+02
      vertex   -4.502409e+01 -1.266701e+01 -1.200000e+02
      vertex   -5.391546e+01 -1.509707e+01 -1.200000e+02
    endloop
  endfacet
  facet normal -2.120629e-14 -1.012723e-14 -1.000000e+00
    outer loop
      vertex   -5.391546e+01 -1.509707e+01 -1.200000e+02
      vertex   -4.502409e+01 -1.266701e+01 -1.200000e+02
      vertex   -5.275056e+01 -1.753635e+01 -1.200000e+02
    endloop
  endfacet
  facet normal -2.067962e-14 -1.096293e-14 -1.000000e+00
    outer loop
      vertex   -5.275056e+01 -1.753635e+01 -1.200000e+02
      vertex   -4.502409e+01 -1.266701e+01 -1.200000e+02
      vertex   -5.144476e+01 -1.999950e+01 -1.200000e+02
    endloop
  endfacet
  facet normal -8.256449e-14 4.322637e-14 -1.000000e+00
    outer loop
      vertex   -5.144476e+01 -1.999950e+01 -1.200000e+02
      vertex   -4.502409e+01 -1.266701e+01 -1.200000e+02
      vertex   -5.000000e+01 -2.250000e+01 -1.200000e+02
    endloop
  endfacet
  facet normal -1.495188e-30 1.445222e-15 -1.000000e+00
    outer loop
      vertex   -5.000000e+01 -2.250000e+01 -1.200000e+02
      vertex   -4.502409e+01 -1.266701e+01 -1.200000e+02
      vertex   -4.313202e+01 -2.250000e+01 -1.200000e+02
    endloop
  endfacet
  facet normal -5.899953e-13 0.000000e+00 -1.000000e+00
    outer loop
      vertex   -4.502409e+01 -1.266701e+01 -1.200000e+02
      vertex   -4.502409e+01 -1.000000e+01 -1.200000e+02
      vertex   -4.500000e+01 -1.000000e+01 -1.200000e+02
    endloop
  endfacet
  facet normal -0.000000e+00 0.000000e+00 -1.000000e+00
    outer loop
      vertex   -3.200000e+01 -5.620214e+00 -1.200000e+02
      vertex   -4.500000e+01 -1.000000e+01 -1.200000e+02
      vertex   -3.200000e+01 5.000000e+00 -1.200000e+02
    endloop
  endfacet
  facet normal -0.000000e+00 0.000000e+00 -1.000000e+00
    outer loop
      vertex   -3.200000e+01 5.000000e+00 -1.200000e+02
      vertex   -4.500000e+01 -1.000000e+01 -1.200000e+02
      vertex   -4.500000e+01 1.000000e+01 -1.200000e+02
    endloop
  endfacet
  facet normal -5.899953e-13 0.000000e+00 -1.000000e+00
    outer loop
      vertex   -4.500000e+01 1.000000e+01 -1.200000e+02
      vertex   -4.502409e+01 1.000000e+01 -1.200000e+02
      vertex   -4.502409e+01 1.250000e+01 -1.200000e+02
    endloop
  endfacet
  facet normal 1.424517e-15 -1.209124e-14 -1.000000e+00
    outer loop
      vertex   -5.500000e+01 1.250000e+01 -1.200000e+02
      vertex   -5.397160e+01 1.497176e+01 -1.200000e+02
      vertex   -4.502409e+01 1.250000e+01 -1.200000e+02
    endloop
  endfacet
  facet normal 4.211855e-15 -2.001382e-15 -1.000000e+00
    outer loop
      vertex   -4.502409e+01 1.250000e+01 -1.200000e+02
      vertex   -5.397160e+01 1.497176e+01 -1.200000e+02
      vertex   -5.279293e+01 1.745225e+01 -1.200000e+02
    endloop
  endfacet
  facet normal 1.221878e-14 1.055949e-14 -1.000000e+00
    outer loop
      vertex   -4.502409e+01 1.250000e+01 -1.200000e+02
      vertex   -5.279293e+01 1.745225e+01 -1.200000e+02
      vertex   -5.146837e+01 1.995692e+01 -1.200000e+02
    endloop
  endfacet
  facet normal -3.876286e-15 -3.349892e-15 -1.000000e+00
    outer loop
      vertex   -5.146837e+01 1.995692e+01 -1.200000e+02
      vertex   -5.000000e+01 2.250000e+01 -1.200000e+02
      vertex   -4.502409e+01 1.250000e+01 -1.200000e+02
    endloop
  endfacet
  facet normal 0.000000e+00 -1.421085e-15 -1.000000e+00
    outer loop
      vertex   -4.502409e+01 1.250000e+01 -1.200000e+02
      vertex   -5.000000e+01 2.250000e+01 -1.200000e+02
      vertex   -4.313202e+01 2.250000e+01 -1.200000e+02
    endloop
  endfacet
  facet normal 0.000000e+00 0.000000e+00 -1.000000e+00
    outer loop
      vertex   -3.319761e+01 3.556037e+01 -1.200000e+02
      vertex   -3.113699e+01 3.737792e+01 -1.200000e+02
      vertex   -2.672467e+01 2.454571e+01 -1.200000e+02
    endloop
  endfacet
  facet normal 0.000000e+00 0.000000e+00 -1.000000e+00
    outer loop
      vertex   -2.672467e+01 2.454571e+01 -1.200000e+02
      vertex   -3.113699e+01 3.737792e+01 -1.200000e+02
      vertex   -2.897705e+01 3.907623e+01 -1.200000e+02
    endloop
  endfacet
  facet normal 0.000000e+00 0.000000e+00 -1.000000e+00
    outer loop
      vertex   -2.672467e+01 2.454571e+01 -1.200000e+02
      vertex   -2.897705e+01 3.907623e+01 -1.200000e+02
      vertex   -2.672467e+01 4.064989e+01 -1.200000e+02
    endloop
  endfacet
  facet normal -0.000000e+00 0.000000e+00 -1.000000e+00
    outer loop
      vertex   -1.251998e+01 -4.277626e+01 -1.200000e+02
      vertex   -2.000888e+01 -4.434260e+01 -1.200000e+02
      vertex   -2.528414e+01 -3.582316e+01 -1.200000e+02
    endloop
  endfacet
  facet normal 0.000000e+00 0.000000e+00 -1.000000e+00
    outer loop
      vertex   -2.528414e+01 -3.582316e+01 -1.200000e+02
      vertex   -2.000888e+01 -4.434260e+01 -1.200000e+02
      vertex   -2.265570e+01 -4.305044e+01 -1.200000e+02
    endloop
  endfacet
  facet normal 0.000000e+00 0.000000e+00 -1.000000e+00
    outer loop
      vertex   -2.528414e+01 -3.582316e+01 -1.200000e+02
      vertex   -2.265570e+01 -4.305044e+01 -1.200000e+02
      vertex   -2.521946e+01 -4.160048e+01 -1.200000e+02
    endloop
  endfacet
  facet normal 6.976478e-15 -6.503010e-15 -1.000000e+00
    outer loop
      vertex   -5.486196e+00 -3.523037e+01 -1.200000e+02
      vertex   -5.000000e+00 -3.689404e+01 -1.200000e+02
      vertex   -1.251998e+01 -4.277626e+01 -1.200000e+02
    endloop
  endfacet
  facet normal 1.199461e-15 8.824786e-16 -1.000000e+00
    outer loop
      vertex   -1.251998e+01 -4.277626e+01 -1.200000e+02
      vertex   -5.000000e+00 -3.689404e+01 -1.200000e+02
      vertex   -8.788983e+00 -4.784741e+01 -1.200000e+02
    endloop
  endfacet
  facet normal 0.000000e+00 0.000000e+00 -1.000000e+00
    outer loop
      vertex   -1.251998e+01 -4.277626e+01 -1.200000e+02
      vertex   -8.788983e+00 -4.784741e+01 -1.200000e+02
      vertex   -1.166847e+01 -4.722783e+01 -1.200000e+02
    endloop
  endfacet
  facet normal 6.275738e-15 -6.707796e-15 -1.000000e+00
    outer loop
      vertex   -5.486196e+00 -3.523037e+01 -1.200000e+02
      vertex   -4.737826e+00 -3.453020e+01 -1.200000e+02
      vertex   -5.000000e+00 -3.689404e+01 -1.200000e+02
    endloop
  endfacet
  facet normal 4.611663e-15 -6.523234e-15 -1.000000e+00
    outer loop
      vertex   -5.000000e+00 -3.689404e+01 -1.200000e+02
      vertex   -4.737826e+00 -3.453020e+01 -1.200000e+02
      vertex   -3.900992e+00 -3.393859e+01 -1.200000e+02
    endloop
  endfacet
  facet normal 3.091384e-15 -5.957906e-15 -1.000000e+00
    outer loop
      vertex   -5.000000e+00 -3.689404e+01 -1.200000e+02
      vertex   -3.900992e+00 -3.393859e+01 -1.200000e+02
      vertex   -2.991320e+00 -3.346659e+01 -1.200000e+02
    endloop
  endfacet
  facet normal 0.000000e+00 -4.146182e-15 -1.000000e+00
    outer loop
      vertex   -5.000000e+00 -3.689404e+01 -1.200000e+02
      vertex   -2.991320e+00 -3.346659e+01 -1.200000e+02
      vertex   0.000000e+00 -3.689404e+01 -1.200000e+02
    endloop
  endfacet
  facet normal 1.125790e-15 -3.163646e-15 -1.000000e+00
    outer loop
      vertex   0.000000e+00 -3.689404e+01 -1.200000e+02
      vertex   -2.991320e+00 -3.346659e+01 -1.200000e+02
      vertex   -2.025794e+00 -3.312300e+01 -1.200000e+02
    endloop
  endfacet
  facet normal 7.052138e-16 -3.389579e-15 -1.000000e+00
    outer loop
      vertex   0.000000e+00 -3.689404e+01 -1.200000e+02
      vertex   -2.025794e+00 -3.312300e+01 -1.200000e+02
      vertex   -1.022442e+00 -3.291425e+01 -1.200000e+02
    endloop
  endfacet
  facet normal 2.403063e-16 -3.509018e-15 -1.000000e+00
    outer loop
      vertex   -1.022442e+00 -3.291425e+01 -1.200000e+02
      vertex   0.000000e+00 -3.284423e+01 -1.200000e+02
      vertex   0.000000e+00 -3.689404e+01 -1.200000e+02
    endloop
  endfacet
  facet normal 3.750572e-15 0.000000e+00 -1.000000e+00
    outer loop
      vertex   -5.000000e+00 -3.689404e+01 -1.200000e+02
      vertex   -5.000000e+00 -4.589404e+01 -1.200000e+02
      vertex   -8.788983e+00 -4.784741e+01 -1.200000e+02
    endloop
  endfacet
  facet normal 8.564086e-16 5.613854e-15 -1.000000e+00
    outer loop
      vertex   -8.788983e+00 -4.784741e+01 -1.200000e+02
      vertex   -5.000000e+00 -4.589404e+01 -1.200000e+02
      vertex   -5.877282e+00 -4.829160e+01 -1.200000e+02
    endloop
  endfacet
  facet normal 5.224507e-16 5.736052e-15 -1.000000e+00
    outer loop
      vertex   -5.877282e+00 -4.829160e+01 -1.200000e+02
      vertex   -5.000000e+00 -4.589404e+01 -1.200000e+02
      vertex   -2.944037e+00 -4.855877e+01 -1.200000e+02
    endloop
  endfacet
  facet normal 0.000000e+00 5.332956e-15 -1.000000e+00
    outer loop
      vertex   -2.944037e+00 -4.855877e+01 -1.200000e+02
      vertex   -5.000000e+00 -4.589404e+01 -1.200000e+02
      vertex   0.000000e+00 -4.589404e+01 -1.200000e+02
    endloop
  endfacet
  facet normal 1.562863e-16 5.160288e-15 -1.000000e+00
    outer loop
      vertex   -2.944037e+00 -4.855877e+01 -1.200000e+02
      vertex   0.000000e+00 -4.589404e+01 -1.200000e+02
      vertex   0.000000e+00 -4.864793e+01 -1.200000e+02
    endloop
  endfacet
  facet normal 0.000000e+00 0.000000e+00 -1.000000e+00
    outer loop
      vertex   -1.166847e+01 -4.722783e+01 -1.200000e+02
      vertex   -1.450518e+01 -4.643513e+01 -1.200000e+02
      vertex   -1.251998e+01 -4.277626e+01 -1.200000e+02
    endloop
  endfacet
  facet normal 0.000000e+00 0.000000e+00 -1.000000e+00
    outer loop
      vertex   -1.251998e+01 -4.277626e+01 -1.200000e+02
      vertex   -1.450518e+01 -4.643513e+01 -1.200000e+02
      vertex   -1.728872e+01 -4.547221e+01 -1.200000e+02
    endloop
  endfacet
  facet normal 0.000000e+00 0.000000e+00 -1.000000e+00
    outer loop
      vertex   -1.251998e+01 -4.277626e+01 -1.200000e+02
      vertex   -1.728872e+01 -4.547221e+01 -1.200000e+02
      vertex   -2.000888e+01 -4.434260e+01 -1.200000e+02
    endloop
  endfacet
  facet normal 0.000000e+00 0.000000e+00 -1.000000e+00
    outer loop
      vertex   -2.521946e+01 -4.160048e+01 -1.200000e+02
      vertex   -2.769079e+01 -3.999802e+01 -1.200000e+02
      vertex   -2.528414e+01 -3.582316e+01 -1.200000e+02
    endloop
  endfacet
  facet normal 0.000000e+00 0.000000e+00 -1.000000e+00
    outer loop
      vertex   -2.528414e+01 -3.582316e+01 -1.200000e+02
      vertex   -2.769079e+01 -3.999802e+01 -1.200000e+02
      vertex   -3.006060e+01 -3.824894e+01 -1.200000e+02
    endloop
  endfacet
  facet normal 0.000000e+00 0.000000e+00 -1.000000e+00
    outer loop
      vertex   -2.528414e+01 -3.582316e+01 -1.200000e+02
      vertex   -3.006060e+01 -3.824894e+01 -1.200000e+02
      vertex   -3.232022e+01 -3.635965e+01 -1.200000e+02
    endloop
  endfacet
  facet normal 1.000000e+00 0.000000e+00 0.000000e+00
    outer loop
      vertex   -5.000000e+00 -3.689404e+01 -5.220575e+01
      vertex   -5.000000e+00 -4.589404e+01 -5.220575e+01
      vertex   -5.000000e+00 -3.689404e+01 -1.200000e+02
    endloop
  endfacet
  facet normal 1.000000e+00 0.000000e+00 0.000000e+00
    outer loop
      vertex   -5.000000e+00 -3.689404e+01 -1.200000e+02
      vertex   -5.000000e+00 -4.589404e+01 -5.220575e+01
      vertex   -5.000000e+00 -4.589404e+01 -1.200000e+02
    endloop
  endfacet
  facet normal -0.000000e+00 -1.000000e+00 -0.000000e+00
    outer loop
      vertex   0.000000e+00 -3.689404e+01 -5.220575e+01
      vertex   -5.000000e+00 -3.689404e+01 -5.220575e+01
      vertex   0.000000e+00 -3.689404e+01 -1.200000e+02
    endloop
  endfacet
  facet normal 0.000000e+00 -1.000000e+00 0.000000e+00
    outer loop
      vertex   0.000000e+00 -3.689404e+01 -1.200000e+02
      vertex   -5.000000e+00 -3.689404e+01 -5.220575e+01
      vertex   -5.000000e+00 -3.689404e+01 -1.200000e+02
    endloop
  endfacet
  facet normal -0.000000e+00 1.000000e+00 0.000000e+00
    outer loop
      vertex   -5.000000e+00 -4.589404e+01 -5.220575e+01
      vertex   0.000000e+00 -4.589404e+01 -5.220575e+01
      vertex   -5.000000e+00 -4.589404e+01 -1.200000e+02
    endloop
  endfacet
  facet normal 0.000000e+00 1.000000e+00 0.000000e+00
    outer loop
      vertex   -5.000000e+00 -4.589404e+01 -1.200000e+02
      vertex   0.000000e+00 -4.589404e+01 -5.220575e+01
      vertex   0.000000e+00 -4.589404e+01 -1.200000e+02
    endloop
  endfacet
  facet normal -4.967325e-16 -2.064115e-14 1.000000e+00
    outer loop
      vertex   0.000000e+00 -4.864793e+01 -5.220575e+01
      vertex   0.000000e+00 -4.589404e+01 -5.220575e+01
      vertex   -2.340085e+00 -4.859162e+01 -5.220575e+01
    endloop
  endfacet
  facet normal 0.000000e+00 -2.107206e-14 1.000000e+00
    outer loop
      vertex   -2.340085e+00 -4.859162e+01 -5.220575e+01
      vertex   0.000000e+00 -4.589404e+01 -5.220575e+01
      vertex   -5.000000e+00 -4.589404e+01 -5.220575e+01
    endloop
  endfacet
  facet normal -1.640634e-15 -2.268979e-14 1.000000e+00
    outer loop
      vertex   -2.340085e+00 -4.859162e+01 -5.220575e+01
      vertex   -5.000000e+00 -4.589404e+01 -5.220575e+01
      vertex   -4.674752e+00 -4.842280e+01 -5.220575e+01
    endloop
  endfacet
  facet normal 3.140472e-14 -1.843950e-14 1.000000e+00
    outer loop
      vertex   -4.674752e+00 -4.842280e+01 -5.220575e+01
      vertex   -5.000000e+00 -4.589404e+01 -5.220575e+01
      vertex   -6.998596e+00 -4.814188e+01 -5.220575e+01
    endloop
  endfacet
  facet normal 1.137397e-14 -6.297966e-16 1.000000e+00
    outer loop
      vertex   -6.998596e+00 -4.814188e+01 -5.220575e+01
      vertex   -5.000000e+00 -4.589404e+01 -5.220575e+01
      vertex   -6.998596e+00 -3.685978e+01 -5.220575e+01
    endloop
  endfacet
  facet normal 1.065210e-14 -7.894919e-16 1.000000e+00
    outer loop
      vertex   -6.998596e+00 -3.685978e+01 -5.220575e+01
      vertex   -5.000000e+00 -4.589404e+01 -5.220575e+01
      vertex   -5.000000e+00 -3.689404e+01 -5.220575e+01
    endloop
  endfacet
  facet normal 1.071933e-14 3.132636e-15 1.000000e+00
    outer loop
      vertex   -6.998596e+00 -3.685978e+01 -5.220575e+01
      vertex   -5.000000e+00 -3.689404e+01 -5.220575e+01
      vertex   -5.486196e+00 -3.523037e+01 -5.220575e+01
    endloop
  endfacet
  facet normal 7.455947e-15 2.178939e-15 1.000000e+00
    outer loop
      vertex   -5.486196e+00 -3.523037e+01 -5.220575e+01
      vertex   -5.000000e+00 -3.689404e+01 -5.220575e+01
      vertex   -4.737826e+00 -3.453020e+01 -5.220575e+01
    endloop
  endfacet
  facet normal -2.305831e-15 3.261617e-15 1.000000e+00
    outer loop
      vertex   -4.737826e+00 -3.453020e+01 -5.220575e+01
      vertex   -5.000000e+00 -3.689404e+01 -5.220575e+01
      vertex   -3.900992e+00 -3.393859e+01 -5.220575e+01
    endloop
  endfacet
  facet normal -1.545692e-15 2.978953e-15 1.000000e+00
    outer loop
      vertex   -3.900992e+00 -3.393859e+01 -5.220575e+01
      vertex   -5.000000e+00 -3.689404e+01 -5.220575e+01
      vertex   -2.991320e+00 -3.346659e+01 -5.220575e+01
    endloop
  endfacet
  facet normal 0.000000e+00 2.073091e-15 1.000000e+00
    outer loop
      vertex   -2.991320e+00 -3.346659e+01 -5.220575e+01
      vertex   -5.000000e+00 -3.689404e+01 -5.220575e+01
      vertex   0.000000e+00 -3.689404e+01 -5.220575e+01
    endloop
  endfacet
  facet normal -5.628950e-16 1.581823e-15 1.000000e+00
    outer loop
      vertex   -2.991320e+00 -3.346659e+01 -5.220575e+01
      vertex   0.000000e+00 -3.689404e+01 -5.220575e+01
      vertex   -2.025794e+00 -3.312300e+01 -5.220575e+01
    endloop
  endfacet
  facet normal -3.526069e-16 1.694790e-15 1.000000e+00
    outer loop
      vertex   -2.025794e+00 -3.312300e+01 -5.220575e+01
      vertex   0.000000e+00 -3.689404e+01 -5.220575e+01
      vertex   -1.022442e+00 -3.291425e+01 -5.220575e+01
    endloop
  endfacet
  facet normal -6.949466e-15 0.000000e+00 1.000000e+00
    outer loop
      vertex   -1.022442e+00 -3.291425e+01 -5.220575e+01
      vertex   0.000000e+00 -3.689404e+01 -5.220575e+01
      vertex   0.000000e+00 -3.284423e+01 -5.220575e+01
    endloop
  endfacet
  facet normal -3.303246e-12 3.087826e-12 1.000000e+00
    outer loop
      vertex   -6.998450e+00 -3.685272e+01 -5.220575e+01
      vertex   -6.998500e+00 -3.685508e+01 -5.220575e+01
      vertex   -5.486196e+00 -3.523037e+01 -5.220575e+01
    endloop
  endfacet
  facet normal 1.441329e-14 -2.960433e-16 1.000000e+00
    outer loop
      vertex   -5.486196e+00 -3.523037e+01 -5.220575e+01
      vertex   -6.998500e+00 -3.685508e+01 -5.220575e+01
      vertex   -6.998548e+00 -3.685743e+01 -5.220575e+01
    endloop
  endfacet
  facet normal 1.440796e-14 -2.910861e-16 1.000000e+00
    outer loop
      vertex   -5.486196e+00 -3.523037e+01 -5.220575e+01
      vertex   -6.998548e+00 -3.685743e+01 -5.220575e+01
      vertex   -6.998596e+00 -3.685978e+01 -5.220575e+01
    endloop
  endfacet
  facet normal 1.000000e+00 -0.000000e+00 0.000000e+00
    outer loop
      vertex   0.000000e+00 -3.689404e+01 -5.220575e+01
      vertex   0.000000e+00 -3.689404e+01 -1.200000e+02
      vertex   0.000000e+00 -3.284423e+01 -5.220575e+01
    endloop
  endfacet
  facet normal 1.000000e+00 0.000000e+00 0.000000e+00
    outer loop
      vertex   0.000000e+00 -3.284423e+01 -5.220575e+01
      vertex   0.000000e+00 -3.689404e+01 -1.200000e+02
      vertex   0.000000e+00 -3.284423e+01 -1.200000e+02
    endloop
  endfacet
  facet normal 1.000000e+00 0.000000e+00 0.000000e+00
    outer loop
      vertex   -7.000000e+00 4.210596e+01 -1.820575e+01
      vertex   -7.000000e+00 3.210596e+01 -1.820575e+01
      vertex   -7.000000e+00 4.210596e+01 -2.800000e+01
    endloop
  endfacet
  facet normal 1.000000e+00 0.000000e+00 0.000000e+00
    outer loop
      vertex   -7.000000e+00 4.210596e+01 -2.800000e+01
      vertex   -7.000000e+00 3.210596e+01 -1.820575e+01
      vertex   -7.000000e+00 3.210596e+01 -2.800000e+01
    endloop
  endfacet
  facet normal -0.000000e+00 -1.000000e+00 -0.000000e+00
    outer loop
      vertex   0.000000e+00 4.210596e+01 -1.820575e+01
      vertex   -7.000000e+00 4.210596e+01 -1.820575e+01
      vertex   0.000000e+00 4.210596e+01 -2.800000e+01
    endloop
  endfacet
  facet normal 0.000000e+00 -1.000000e+00 0.000000e+00
    outer loop
      vertex   0.000000e+00 4.210596e+01 -2.800000e+01
      vertex   -7.000000e+00 4.210596e+01 -1.820575e+01
      vertex   -7.000000e+00 4.210596e+01 -2.800000e+01
    endloop
  endfacet
  facet normal -0.000000e+00 1.000000e+00 0.000000e+00
    outer loop
      vertex   -7.000000e+00 3.210596e+01 -1.820575e+01
      vertex   0.000000e+00 3.210596e+01 -1.820575e+01
      vertex   -7.000000e+00 3.210596e+01 -2.800000e+01
    endloop
  endfacet
  facet normal 0.000000e+00 1.000000e+00 0.000000e+00
    outer loop
      vertex   -7.000000e+00 3.210596e+01 -2.800000e+01
      vertex   0.000000e+00 3.210596e+01 -1.820575e+01
      vertex   0.000000e+00 3.210596e+01 -2.800000e+01
    endloop
  endfacet
  facet normal 1.000000e+00 0.000000e+00 -0.000000e+00
    outer loop
      vertex   0.000000e+00 3.210596e+01 -2.800000e+01
      vertex   0.000000e+00 3.210596e+01 -1.820575e+01
      vertex   0.000000e+00 2.550000e+01 -2.800000e+01
    endloop
  endfacet
  facet normal 1.000000e+00 0.000000e+00 -0.000000e+00
    outer loop
      vertex   0.000000e+00 2.550000e+01 -2.800000e+01
      vertex   0.000000e+00 3.210596e+01 -1.820575e+01
      vertex   0.000000e+00 2.350000e+01 -1.820575e+01
    endloop
  endfacet
  facet normal 1.000000e+00 0.000000e+00 0.000000e+00
    outer loop
      vertex   0.000000e+00 2.550000e+01 -2.800000e+01
      vertex   0.000000e+00 2.350000e+01 -1.820575e+01
      vertex   0.000000e+00 2.350000e+01 -2.600000e+01
    endloop
  endfacet
  facet normal 1.000000e+00 -0.000000e+00 0.000000e+00
    outer loop
      vertex   0.000000e+00 2.059633e+01 -2.600000e+01
      vertex   0.000000e+00 2.059633e+01 -3.600000e+01
      vertex   0.000000e+00 2.350000e+01 -2.600000e+01
    endloop
  endfacet
  facet normal 1.000000e+00 0.000000e+00 0.000000e+00
    outer loop
      vertex   0.000000e+00 2.350000e+01 -2.600000e+01
      vertex   0.000000e+00 2.059633e+01 -3.600000e+01
      vertex   0.000000e+00 2.550000e+01 -2.800000e+01
    endloop
  endfacet
  facet normal 1.000000e+00 0.000000e+00 0.000000e+00
    outer loop
      vertex   0.000000e+00 2.059633e+01 -3.600000e+01
      vertex   0.000000e+00 2.550000e+01 -3.600000e+01
      vertex   0.000000e+00 2.550000e+01 -2.800000e+01
    endloop
  endfacet
  facet normal 0.000000e+00 0.000000e+00 1.000000e+00
    outer loop
      vertex   -3.520425e+01 1.174607e+01 -1.820575e+01
      vertex   -3.511000e+01 1.100000e+01 -1.820575e+01
      vertex   -2.234983e+01 7.261899e+00 -1.820575e+01
    endloop
  endfacet
  facet normal 0.000000e+00 0.000000e+00 1.000000e+00
    outer loop
      vertex   -2.234983e+01 7.261899e+00 -1.820575e+01
      vertex   -3.511000e+01 1.100000e+01 -1.820575e+01
      vertex   -3.520425e+01 1.025393e+01 -1.820575e+01
    endloop
  endfacet
  facet normal 0.000000e+00 0.000000e+00 1.000000e+00
    outer loop
      vertex   -2.234983e+01 7.261899e+00 -1.820575e+01
      vertex   -3.520425e+01 1.025393e+01 -1.820575e+01
      vertex   -3.548108e+01 9.554739e+00 -1.820575e+01
    endloop
  endfacet
  facet normal 0.000000e+00 0.000000e+00 1.000000e+00
    outer loop
      vertex   -3.548108e+01 9.554739e+00 -1.820575e+01
      vertex   -3.592309e+01 8.946359e+00 -1.820575e+01
      vertex   -2.234983e+01 7.261899e+00 -1.820575e+01
    endloop
  endfacet
  facet normal 0.000000e+00 0.000000e+00 1.000000e+00
    outer loop
      vertex   -2.234983e+01 7.261899e+00 -1.820575e+01
      vertex   -3.592309e+01 8.946359e+00 -1.820575e+01
      vertex   -3.650252e+01 8.467016e+00 -1.820575e+01
    endloop
  endfacet
  facet normal 0.000000e+00 0.000000e+00 1.000000e+00
    outer loop
      vertex   -2.234983e+01 7.261899e+00 -1.820575e+01
      vertex   -3.650252e+01 8.467016e+00 -1.820575e+01
      vertex   -2.291081e+01 5.229242e+00 -1.820575e+01
    endloop
  endfacet
  facet normal 0.000000e+00 0.000000e+00 1.000000e+00
    outer loop
      vertex   -2.291081e+01 5.229242e+00 -1.820575e+01
      vertex   -3.650252e+01 8.467016e+00 -1.820575e+01
      vertex   -3.718295e+01 8.146831e+00 -1.820575e+01
    endloop
  endfacet
  facet normal 0.000000e+00 0.000000e+00 1.000000e+00
    outer loop
      vertex   -2.291081e+01 5.229242e+00 -1.820575e+01
      vertex   -3.718295e+01 8.146831e+00 -1.820575e+01
      vertex   -2.328732e+01 3.154482e+00 -1.820575e+01
    endloop
  endfacet
  facet normal 0.000000e+00 0.000000e+00 1.000000e+00
    outer loop
      vertex   -2.328732e+01 3.154482e+00 -1.820575e+01
      vertex   -3.718295e+01 8.146831e+00 -1.820575e+01
      vertex   -2.347634e+01 1.054323e+00 -1.820575e+01
    endloop
  endfacet
  facet normal 0.000000e+00 0.000000e+00 1.000000e+00
    outer loop
      vertex   -2.347634e+01 1.054323e+00 -1.820575e+01
      vertex   -3.718295e+01 8.146831e+00 -1.820575e+01
      vertex   -3.548108e+01 -1.055474e+01 -1.820575e+01
    endloop
  endfacet
  facet normal 0.000000e+00 0.000000e+00 1.000000e+00
    outer loop
      vertex   -2.347634e+01 1.054323e+00 -1.820575e+01
      vertex   -3.548108e+01 -1.055474e+01 -1.820575e+01
      vertex   -2.347634e+01 -1.054324e+00 -1.820575e+01
    endloop
  endfacet
  facet normal 0.000000e+00 0.000000e+00 1.000000e+00
    outer loop
      vertex   -2.347634e+01 -1.054324e+00 -1.820575e+01
      vertex   -3.548108e+01 -1.055474e+01 -1.820575e+01
      vertex   -3.520425e+01 -1.125393e+01 -1.820575e+01
    endloop
  endfacet
  facet normal 0.000000e+00 0.000000e+00 1.000000e+00
    outer loop
      vertex   -2.347634e+01 -1.054324e+00 -1.820575e+01
      vertex   -3.520425e+01 -1.125393e+01 -1.820575e+01
      vertex   -2.328732e+01 -3.154482e+00 -1.820575e+01
    endloop
  endfacet
  facet normal 0.000000e+00 0.000000e+00 1.000000e+00
    outer loop
      vertex   -2.328732e+01 -3.154482e+00 -1.820575e+01
      vertex   -3.520425e+01 -1.125393e+01 -1.820575e+01
      vertex   -2.291081e+01 -5.229242e+00 -1.820575e+01
    endloop
  endfacet
  facet normal 0.000000e+00 0.000000e+00 1.000000e+00
    outer loop
      vertex   -2.291081e+01 -5.229242e+00 -1.820575e+01
      vertex   -3.520425e+01 -1.125393e+01 -1.820575e+01
      vertex   -3.511000e+01 -1.200000e+01 -1.820575e+01
    endloop
  endfacet
  facet normal 0.000000e+00 0.000000e+00 1.000000e+00
    outer loop
      vertex   -2.291081e+01 -5.229242e+00 -1.820575e+01
      vertex   -3.511000e+01 -1.200000e+01 -1.820575e+01
      vertex   -2.234983e+01 -7.261899e+00 -1.820575e+01
    endloop
  endfacet
  facet normal 0.000000e+00 0.000000e+00 1.000000e+00
    outer loop
      vertex   -2.234983e+01 -7.261899e+00 -1.820575e+01
      vertex   -3.511000e+01 -1.200000e+01 -1.820575e+01
      vertex   -3.520425e+01 -1.274607e+01 -1.820575e+01
    endloop
  endfacet
  facet normal 0.000000e+00 0.000000e+00 1.000000e+00
    outer loop
      vertex   -2.234983e+01 -7.261899e+00 -1.820575e+01
      vertex   -3.520425e+01 -1.274607e+01 -1.820575e+01
      vertex   -2.160890e+01 -9.236088e+00 -1.820575e+01
    endloop
  endfacet
  facet normal 0.000000e+00 0.000000e+00 1.000000e+00
    outer loop
      vertex   -2.160890e+01 -9.236088e+00 -1.820575e+01
      vertex   -3.520425e+01 -1.274607e+01 -1.820575e+01
      vertex   -2.069400e+01 -1.113591e+01 -1.820575e+01
    endloop
  endfacet
  facet normal 0.000000e+00 0.000000e+00 1.000000e+00
    outer loop
      vertex   -2.069400e+01 -1.113591e+01 -1.820575e+01
      vertex   -3.520425e+01 -1.274607e+01 -1.820575e+01
      vertex   -3.548108e+01 -1.344526e+01 -1.820575e+01
    endloop
  endfacet
  facet normal 0.000000e+00 0.000000e+00 1.000000e+00
    outer loop
      vertex   -2.069400e+01 -1.113591e+01 -1.820575e+01
      vertex   -3.548108e+01 -1.344526e+01 -1.820575e+01
      vertex   -1.961247e+01 -1.294608e+01 -1.820575e+01
    endloop
  endfacet
  facet normal 0.000000e+00 0.000000e+00 1.000000e+00
    outer loop
      vertex   -1.961247e+01 -1.294608e+01 -1.820575e+01
      vertex   -3.548108e+01 -1.344526e+01 -1.820575e+01
      vertex   -3.592309e+01 -1.405364e+01 -1.820575e+01
    endloop
  endfacet
  facet normal 0.000000e+00 0.000000e+00 1.000000e+00
    outer loop
      vertex   -1.961247e+01 -1.294608e+01 -1.820575e+01
      vertex   -3.592309e+01 -1.405364e+01 -1.820575e+01
      vertex   -1.837304e+01 -1.465201e+01 -1.820575e+01
    endloop
  endfacet
  facet normal 0.000000e+00 0.000000e+00 1.000000e+00
    outer loop
      vertex   -1.837304e+01 -1.465201e+01 -1.820575e+01
      vertex   -3.592309e+01 -1.405364e+01 -1.820575e+01
      vertex   -1.698568e+01 -1.623997e+01 -1.820575e+01
    endloop
  endfacet
  facet normal 0.000000e+00 0.000000e+00 1.000000e+00
    outer loop
      vertex   -1.698568e+01 -1.623997e+01 -1.820575e+01
      vertex   -3.592309e+01 -1.405364e+01 -1.820575e+01
      vertex   -3.650252e+01 -1.453298e+01 -1.820575e+01
    endloop
  endfacet
  facet normal 0.000000e+00 0.000000e+00 1.000000e+00
    outer loop
      vertex   -1.698568e+01 -1.623997e+01 -1.820575e+01
      vertex   -3.650252e+01 -1.453298e+01 -1.820575e+01
      vertex   -3.718295e+01 -1.485317e+01 -1.820575e+01
    endloop
  endfacet
  facet normal -0.000000e+00 0.000000e+00 1.000000e+00
    outer loop
      vertex   -3.792163e+01 8.005920e+00 -1.820575e+01
      vertex   -3.718295e+01 -9.146831e+00 -1.820575e+01
      vertex   -3.718295e+01 8.146831e+00 -1.820575e+01
    endloop
  endfacet
  facet normal 0.000000e+00 0.000000e+00 1.000000e+00
    outer loop
      vertex   -3.718295e+01 8.146831e+00 -1.820575e+01
      vertex   -3.718295e+01 -9.146831e+00 -1.820575e+01
      vertex   -3.650252e+01 -9.467016e+00 -1.820575e+01
    endloop
  endfacet
  facet normal 0.000000e+00 0.000000e+00 1.000000e+00
    outer loop
      vertex   -3.718295e+01 8.146831e+00 -1.820575e+01
      vertex   -3.650252e+01 -9.467016e+00 -1.820575e+01
      vertex   -3.592309e+01 -9.946359e+00 -1.820575e+01
    endloop
  endfacet
  facet normal 0.000000e+00 0.000000e+00 1.000000e+00
    outer loop
      vertex   -3.718295e+01 -9.146831e+00 -1.820575e+01
      vertex   -3.792163e+01 8.005920e+00 -1.820575e+01
      vertex   -3.792163e+01 -9.005920e+00 -1.820575e+01
    endloop
  endfacet
  facet normal 0.000000e+00 0.000000e+00 1.000000e+00
    outer loop
      vertex   -3.792163e+01 -9.005920e+00 -1.820575e+01
      vertex   -3.792163e+01 8.005920e+00 -1.820575e+01
      vertex   -3.867214e+01 8.053138e+00 -1.820575e+01
    endloop
  endfacet
  facet normal 0.000000e+00 0.000000e+00 1.000000e+00
    outer loop
      vertex   -3.792163e+01 -9.005920e+00 -1.820575e+01
      vertex   -3.867214e+01 8.053138e+00 -1.820575e+01
      vertex   -3.938734e+01 8.285519e+00 -1.820575e+01
    endloop
  endfacet
  facet normal 0.000000e+00 0.000000e+00 1.000000e+00
    outer loop
      vertex   -3.938734e+01 8.285519e+00 -1.820575e+01
      vertex   -4.002227e+01 8.688460e+00 -1.820575e+01
      vertex   -3.792163e+01 -9.005920e+00 -1.820575e+01
    endloop
  endfacet
  facet normal 0.000000e+00 0.000000e+00 1.000000e+00
    outer loop
      vertex   -3.792163e+01 -9.005920e+00 -1.820575e+01
      vertex   -4.002227e+01 8.688460e+00 -1.820575e+01
      vertex   -4.053705e+01 9.236644e+00 -1.820575e+01
    endloop
  endfacet
  facet normal 0.000000e+00 0.000000e+00 1.000000e+00
    outer loop
      vertex   -3.792163e+01 -9.005920e+00 -1.820575e+01
      vertex   -4.053705e+01 9.236644e+00 -1.820575e+01
      vertex   -5.412257e+01 -4.708202e+00 -1.820575e+01
    endloop
  endfacet
  facet normal 0.000000e+00 -0.000000e+00 1.000000e+00
    outer loop
      vertex   -5.412257e+01 -4.708202e+00 -1.820575e+01
      vertex   -4.053705e+01 9.236644e+00 -1.820575e+01
      vertex   -5.430656e+01 -1.489029e+00 -1.820575e+01
    endloop
  endfacet
  facet normal 0.000000e+00 0.000000e+00 1.000000e+00
    outer loop
      vertex   -5.430656e+01 -1.489029e+00 -1.820575e+01
      vertex   -4.053705e+01 9.236644e+00 -1.820575e+01
      vertex   -4.089933e+01 9.895627e+00 -1.820575e+01
    endloop
  endfacet
  facet normal 0.000000e+00 0.000000e+00 1.000000e+00
    outer loop
      vertex   -5.430656e+01 -1.489029e+00 -1.820575e+01
      vertex   -4.089933e+01 9.895627e+00 -1.820575e+01
      vertex   -5.429924e+01 1.735388e+00 -1.820575e+01
    endloop
  endfacet
  facet normal 0.000000e+00 0.000000e+00 1.000000e+00
    outer loop
      vertex   -5.429924e+01 1.735388e+00 -1.820575e+01
      vertex   -4.089933e+01 9.895627e+00 -1.820575e+01
      vertex   -5.410065e+01 4.953693e+00 -1.820575e+01
    endloop
  endfacet
  facet normal 0.000000e+00 0.000000e+00 1.000000e+00
    outer loop
      vertex   -5.410065e+01 4.953693e+00 -1.820575e+01
      vertex   -4.089933e+01 9.895627e+00 -1.820575e+01
      vertex   -5.371148e+01 8.154547e+00 -1.820575e+01
    endloop
  endfacet
  facet normal 0.000000e+00 0.000000e+00 1.000000e+00
    outer loop
      vertex   -5.371148e+01 8.154547e+00 -1.820575e+01
      vertex   -4.089933e+01 9.895627e+00 -1.820575e+01
      vertex   -4.108634e+01 1.062400e+01 -1.820575e+01
    endloop
  endfacet
  facet normal 0.000000e+00 0.000000e+00 1.000000e+00
    outer loop
      vertex   -5.371148e+01 8.154547e+00 -1.820575e+01
      vertex   -4.108634e+01 1.062400e+01 -1.820575e+01
      vertex   -5.313309e+01 1.132667e+01 -1.820575e+01
    endloop
  endfacet
  facet normal -0.000000e+00 0.000000e+00 1.000000e+00
    outer loop
      vertex   -5.313309e+01 1.132667e+01 -1.820575e+01
      vertex   -4.108634e+01 1.062400e+01 -1.820575e+01
      vertex   -5.236754e+01 1.445890e+01 -1.820575e+01
    endloop
  endfacet
  facet normal 0.000000e+00 0.000000e+00 1.000000e+00
    outer loop
      vertex   -5.236754e+01 1.445890e+01 -1.820575e+01
      vertex   -4.108634e+01 1.062400e+01 -1.820575e+01
      vertex   -4.108634e+01 1.137600e+01 -1.820575e+01
    endloop
  endfacet
  facet normal 0.000000e+00 0.000000e+00 1.000000e+00
    outer loop
      vertex   -5.236754e+01 1.445890e+01 -1.820575e+01
      vertex   -4.108634e+01 1.137600e+01 -1.820575e+01
      vertex   -4.089933e+01 1.210437e+01 -1.820575e+01
    endloop
  endfacet
  facet normal 0.000000e+00 -0.000000e+00 1.000000e+00
    outer loop
      vertex   -4.089933e+01 1.210437e+01 -1.820575e+01
      vertex   -4.053705e+01 1.276336e+01 -1.820575e+01
      vertex   -5.236754e+01 1.445890e+01 -1.820575e+01
    endloop
  endfacet
  facet normal 0.000000e+00 0.000000e+00 1.000000e+00
    outer loop
      vertex   -5.236754e+01 1.445890e+01 -1.820575e+01
      vertex   -4.053705e+01 1.276336e+01 -1.820575e+01
      vertex   -4.002227e+01 1.331154e+01 -1.820575e+01
    endloop
  endfacet
  facet normal 0.000000e+00 0.000000e+00 1.000000e+00
    outer loop
      vertex   -5.236754e+01 1.445890e+01 -1.820575e+01
      vertex   -4.002227e+01 1.331154e+01 -1.820575e+01
      vertex   -3.938734e+01 1.371448e+01 -1.820575e+01
    endloop
  endfacet
  facet normal 0.000000e+00 -0.000000e+00 1.000000e+00
    outer loop
      vertex   -3.938734e+01 1.371448e+01 -1.820575e+01
      vertex   -3.867214e+01 1.394686e+01 -1.820575e+01
      vertex   -5.236754e+01 1.445890e+01 -1.820575e+01
    endloop
  endfacet
  facet normal 0.000000e+00 0.000000e+00 1.000000e+00
    outer loop
      vertex   -5.236754e+01 1.445890e+01 -1.820575e+01
      vertex   -3.867214e+01 1.394686e+01 -1.820575e+01
      vertex   -3.792163e+01 1.399408e+01 -1.820575e+01
    endloop
  endfacet
  facet normal -0.000000e+00 0.000000e+00 1.000000e+00
    outer loop
      vertex   -5.236754e+01 1.445890e+01 -1.820575e+01
      vertex   -3.792163e+01 1.399408e+01 -1.820575e+01
      vertex   -5.141751e+01 1.754020e+01 -1.820575e+01
    endloop
  endfacet
  facet normal -0.000000e+00 0.000000e+00 1.000000e+00
    outer loop
      vertex   -5.141751e+01 1.754020e+01 -1.820575e+01
      vertex   -3.792163e+01 1.399408e+01 -1.820575e+01
      vertex   -5.028636e+01 2.055970e+01 -1.820575e+01
    endloop
  endfacet
  facet normal -0.000000e+00 0.000000e+00 1.000000e+00
    outer loop
      vertex   -5.028636e+01 2.055970e+01 -1.820575e+01
      vertex   -3.792163e+01 1.399408e+01 -1.820575e+01
      vertex   -4.897806e+01 2.350678e+01 -1.820575e+01
    endloop
  endfacet
  facet normal -0.000000e+00 0.000000e+00 1.000000e+00
    outer loop
      vertex   -4.897806e+01 2.350678e+01 -1.820575e+01
      vertex   -3.792163e+01 1.399408e+01 -1.820575e+01
      vertex   -4.749723e+01 2.637105e+01 -1.820575e+01
    endloop
  endfacet
  facet normal -0.000000e+00 0.000000e+00 1.000000e+00
    outer loop
      vertex   -4.749723e+01 2.637105e+01 -1.820575e+01
      vertex   -3.792163e+01 1.399408e+01 -1.820575e+01
      vertex   -4.584908e+01 2.914243e+01 -1.820575e+01
    endloop
  endfacet
  facet normal -0.000000e+00 0.000000e+00 1.000000e+00
    outer loop
      vertex   -4.584908e+01 2.914243e+01 -1.820575e+01
      vertex   -3.792163e+01 1.399408e+01 -1.820575e+01
      vertex   -4.403942e+01 3.181115e+01 -1.820575e+01
    endloop
  endfacet
  facet normal -0.000000e+00 0.000000e+00 1.000000e+00
    outer loop
      vertex   -4.403942e+01 3.181115e+01 -1.820575e+01
      vertex   -3.792163e+01 1.399408e+01 -1.820575e+01
      vertex   -4.207462e+01 3.436780e+01 -1.820575e+01
    endloop
  endfacet
  facet normal -0.000000e+00 0.000000e+00 1.000000e+00
    outer loop
      vertex   -4.207462e+01 3.436780e+01 -1.820575e+01
      vertex   -3.792163e+01 1.399408e+01 -1.820575e+01
      vertex   -3.996160e+01 3.680339e+01 -1.820575e+01
    endloop
  endfacet
  facet normal 0.000000e+00 0.000000e+00 1.000000e+00
    outer loop
      vertex   -3.996160e+01 3.680339e+01 -1.820575e+01
      vertex   -3.792163e+01 1.399408e+01 -1.820575e+01
      vertex   -3.718295e+01 1.385317e+01 -1.820575e+01
    endloop
  endfacet
  facet normal -0.000000e+00 0.000000e+00 1.000000e+00
    outer loop
      vertex   -3.996160e+01 3.680339e+01 -1.820575e+01
      vertex   -3.718295e+01 1.385317e+01 -1.820575e+01
      vertex   -3.770782e+01 3.910933e+01 -1.820575e+01
    endloop
  endfacet
  facet normal 0.000000e+00 0.000000e+00 1.000000e+00
    outer loop
      vertex   -3.770782e+01 3.910933e+01 -1.820575e+01
      vertex   -3.718295e+01 1.385317e+01 -1.820575e+01
      vertex   -3.650252e+01 1.353298e+01 -1.820575e+01
    endloop
  endfacet
  facet normal -0.000000e+00 0.000000e+00 1.000000e+00
    outer loop
      vertex   -3.770782e+01 3.910933e+01 -1.820575e+01
      vertex   -3.650252e+01 1.353298e+01 -1.820575e+01
      vertex   -3.532120e+01 4.127750e+01 -1.820575e+01
    endloop
  endfacet
  facet normal 0.000000e+00 0.000000e+00 1.000000e+00
    outer loop
      vertex   -3.532120e+01 4.127750e+01 -1.820575e+01
      vertex   -3.650252e+01 1.353298e+01 -1.820575e+01
      vertex   -3.592309e+01 1.305364e+01 -1.820575e+01
    endloop
  endfacet
  facet normal -0.000000e+00 0.000000e+00 1.000000e+00
    outer loop
      vertex   -3.532120e+01 4.127750e+01 -1.820575e+01
      vertex   -3.592309e+01 1.305364e+01 -1.820575e+01
      vertex   -3.281015e+01 4.330027e+01 -1.820575e+01
    endloop
  endfacet
  facet normal 0.000000e+00 0.000000e+00 1.000000e+00
    outer loop
      vertex   -3.281015e+01 4.330027e+01 -1.820575e+01
      vertex   -3.592309e+01 1.305364e+01 -1.820575e+01
      vertex   -3.548108e+01 1.244526e+01 -1.820575e+01
    endloop
  endfacet
  facet normal 0.000000e+00 0.000000e+00 1.000000e+00
    outer loop
      vertex   -3.281015e+01 4.330027e+01 -1.820575e+01
      vertex   -3.548108e+01 1.244526e+01 -1.820575e+01
      vertex   -2.069400e+01 1.113591e+01 -1.820575e+01
    endloop
  endfacet
  facet normal 0.000000e+00 0.000000e+00 1.000000e+00
    outer loop
      vertex   -2.069400e+01 1.113591e+01 -1.820575e+01
      vertex   -3.548108e+01 1.244526e+01 -1.820575e+01
      vertex   -3.520425e+01 1.174607e+01 -1.820575e+01
    endloop
  endfacet
  facet normal 0.000000e+00 0.000000e+00 1.000000e+00
    outer loop
      vertex   -2.069400e+01 1.113591e+01 -1.820575e+01
      vertex   -3.520425e+01 1.174607e+01 -1.820575e+01
      vertex   -2.160890e+01 9.236088e+00 -1.820575e+01
    endloop
  endfacet
  facet normal 0.000000e+00 0.000000e+00 1.000000e+00
    outer loop
      vertex   -2.160890e+01 9.236088e+00 -1.820575e+01
      vertex   -3.520425e+01 1.174607e+01 -1.820575e+01
      vertex   -2.234983e+01 7.261899e+00 -1.820575e+01
    endloop
  endfacet
  facet normal 0.000000e+00 0.000000e+00 1.000000e+00
    outer loop
      vertex   -3.718295e+01 -1.485317e+01 -1.820575e+01
      vertex   -3.792163e+01 -1.499408e+01 -1.820575e+01
      vertex   -1.698568e+01 -1.623997e+01 -1.820575e+01
    endloop
  endfacet
  facet normal 0.000000e+00 0.000000e+00 1.000000e+00
    outer loop
      vertex   -1.698568e+01 -1.623997e+01 -1.820575e+01
      vertex   -3.792163e+01 -1.499408e+01 -1.820575e+01
      vertex   -3.300626e+01 -4.315097e+01 -1.820575e+01
    endloop
  endfacet
  facet normal 0.000000e+00 0.000000e+00 1.000000e+00
    outer loop
      vertex   -1.698568e+01 -1.623997e+01 -1.820575e+01
      vertex   -3.300626e+01 -4.315097e+01 -1.820575e+01
      vertex   -3.038814e+01 -4.503310e+01 -1.820575e+01
    endloop
  endfacet
  facet normal 0.000000e+00 0.000000e+00 1.000000e+00
    outer loop
      vertex   -3.867214e+01 -1.494686e+01 -1.820575e+01
      vertex   -4.223010e+01 -3.417657e+01 -1.820575e+01
      vertex   -3.792163e+01 -1.499408e+01 -1.820575e+01
    endloop
  endfacet
  facet normal 0.000000e+00 0.000000e+00 1.000000e+00
    outer loop
      vertex   -3.792163e+01 -1.499408e+01 -1.820575e+01
      vertex   -4.223010e+01 -3.417657e+01 -1.820575e+01
      vertex   -4.012816e+01 -3.662172e+01 -1.820575e+01
    endloop
  endfacet
  facet normal 0.000000e+00 0.000000e+00 1.000000e+00
    outer loop
      vertex   -3.792163e+01 -1.499408e+01 -1.820575e+01
      vertex   -4.012816e+01 -3.662172e+01 -1.820575e+01
      vertex   -3.788486e+01 -3.893786e+01 -1.820575e+01
    endloop
  endfacet
  facet normal 0.000000e+00 0.000000e+00 1.000000e+00
    outer loop
      vertex   -3.867214e+01 -1.494686e+01 -1.820575e+01
      vertex   -3.938734e+01 -1.471448e+01 -1.820575e+01
      vertex   -4.223010e+01 -3.417657e+01 -1.820575e+01
    endloop
  endfacet
  facet normal 0.000000e+00 -0.000000e+00 1.000000e+00
    outer loop
      vertex   -4.223010e+01 -3.417657e+01 -1.820575e+01
      vertex   -3.938734e+01 -1.471448e+01 -1.820575e+01
      vertex   -4.418328e+01 -3.161102e+01 -1.820575e+01
    endloop
  endfacet
  facet normal 0.000000e+00 0.000000e+00 1.000000e+00
    outer loop
      vertex   -4.418328e+01 -3.161102e+01 -1.820575e+01
      vertex   -3.938734e+01 -1.471448e+01 -1.820575e+01
      vertex   -4.002227e+01 -1.431154e+01 -1.820575e+01
    endloop
  endfacet
  facet normal 0.000000e+00 -0.000000e+00 1.000000e+00
    outer loop
      vertex   -4.418328e+01 -3.161102e+01 -1.820575e+01
      vertex   -4.002227e+01 -1.431154e+01 -1.820575e+01
      vertex   -4.598082e+01 -2.893412e+01 -1.820575e+01
    endloop
  endfacet
  facet normal 0.000000e+00 0.000000e+00 1.000000e+00
    outer loop
      vertex   -4.598082e+01 -2.893412e+01 -1.820575e+01
      vertex   -4.002227e+01 -1.431154e+01 -1.820575e+01
      vertex   -4.053705e+01 -1.376336e+01 -1.820575e+01
    endloop
  endfacet
  facet normal 0.000000e+00 -0.000000e+00 1.000000e+00
    outer loop
      vertex   -4.598082e+01 -2.893412e+01 -1.820575e+01
      vertex   -4.053705e+01 -1.376336e+01 -1.820575e+01
      vertex   -4.761638e+01 -2.615530e+01 -1.820575e+01
    endloop
  endfacet
  facet normal 0.000000e+00 0.000000e+00 1.000000e+00
    outer loop
      vertex   -4.761638e+01 -2.615530e+01 -1.820575e+01
      vertex   -4.053705e+01 -1.376336e+01 -1.820575e+01
      vertex   -4.089933e+01 -1.310437e+01 -1.820575e+01
    endloop
  endfacet
  facet normal 0.000000e+00 -0.000000e+00 1.000000e+00
    outer loop
      vertex   -4.761638e+01 -2.615530e+01 -1.820575e+01
      vertex   -4.089933e+01 -1.310437e+01 -1.820575e+01
      vertex   -4.908420e+01 -2.328434e+01 -1.820575e+01
    endloop
  endfacet
  facet normal 0.000000e+00 0.000000e+00 1.000000e+00
    outer loop
      vertex   -4.908420e+01 -2.328434e+01 -1.820575e+01
      vertex   -4.089933e+01 -1.310437e+01 -1.820575e+01
      vertex   -4.108634e+01 -1.237600e+01 -1.820575e+01
    endloop
  endfacet
  facet normal 0.000000e+00 -0.000000e+00 1.000000e+00
    outer loop
      vertex   -4.908420e+01 -2.328434e+01 -1.820575e+01
      vertex   -4.108634e+01 -1.237600e+01 -1.820575e+01
      vertex   -5.037912e+01 -2.033135e+01 -1.820575e+01
    endloop
  endfacet
  facet normal 0.000000e+00 -0.000000e+00 1.000000e+00
    outer loop
      vertex   -5.037912e+01 -2.033135e+01 -1.820575e+01
      vertex   -4.108634e+01 -1.237600e+01 -1.820575e+01
      vertex   -5.149656e+01 -1.730675e+01 -1.820575e+01
    endloop
  endfacet
  facet normal 0.000000e+00 0.000000e+00 1.000000e+00
    outer loop
      vertex   -5.149656e+01 -1.730675e+01 -1.820575e+01
      vertex   -4.108634e+01 -1.237600e+01 -1.820575e+01
      vertex   -4.108634e+01 -1.162400e+01 -1.820575e+01
    endloop
  endfacet
  facet normal 0.000000e+00 -0.000000e+00 1.000000e+00
    outer loop
      vertex   -5.149656e+01 -1.730675e+01 -1.820575e+01
      vertex   -4.108634e+01 -1.162400e+01 -1.820575e+01
      vertex   -5.243260e+01 -1.422118e+01 -1.820575e+01
    endloop
  endfacet
  facet normal 0.000000e+00 -0.000000e+00 1.000000e+00
    outer loop
      vertex   -5.243260e+01 -1.422118e+01 -1.820575e+01
      vertex   -4.108634e+01 -1.162400e+01 -1.820575e+01
      vertex   -5.318393e+01 -1.108551e+01 -1.820575e+01
    endloop
  endfacet
  facet normal -0.000000e+00 0.000000e+00 1.000000e+00
    outer loop
      vertex   -5.318393e+01 -1.108551e+01 -1.820575e+01
      vertex   -4.108634e+01 -1.162400e+01 -1.820575e+01
      vertex   -4.089933e+01 -1.089563e+01 -1.820575e+01
    endloop
  endfacet
  facet normal 0.000000e+00 -0.000000e+00 1.000000e+00
    outer loop
      vertex   -5.318393e+01 -1.108551e+01 -1.820575e+01
      vertex   -4.089933e+01 -1.089563e+01 -1.820575e+01
      vertex   -5.374792e+01 -7.910788e+00 -1.820575e+01
    endloop
  endfacet
  facet normal 0.000000e+00 0.000000e+00 1.000000e+00
    outer loop
      vertex   -5.374792e+01 -7.910788e+00 -1.820575e+01
      vertex   -4.089933e+01 -1.089563e+01 -1.820575e+01
      vertex   -4.053705e+01 -1.023664e+01 -1.820575e+01
    endloop
  endfacet
  facet normal 0.000000e+00 0.000000e+00 1.000000e+00
    outer loop
      vertex   -5.374792e+01 -7.910788e+00 -1.820575e+01
      vertex   -4.053705e+01 -1.023664e+01 -1.820575e+01
      vertex   -4.002227e+01 -9.688460e+00 -1.820575e+01
    endloop
  endfacet
  facet normal 0.000000e+00 -0.000000e+00 1.000000e+00
    outer loop
      vertex   -4.002227e+01 -9.688460e+00 -1.820575e+01
      vertex   -3.938734e+01 -9.285519e+00 -1.820575e+01
      vertex   -5.374792e+01 -7.910788e+00 -1.820575e+01
    endloop
  endfacet
  facet normal 0.000000e+00 0.000000e+00 1.000000e+00
    outer loop
      vertex   -5.374792e+01 -7.910788e+00 -1.820575e+01
      vertex   -3.938734e+01 -9.285519e+00 -1.820575e+01
      vertex   -3.867214e+01 -9.053138e+00 -1.820575e+01
    endloop
  endfacet
  facet normal 0.000000e+00 0.000000e+00 1.000000e+00
    outer loop
      vertex   -5.374792e+01 -7.910788e+00 -1.820575e+01
      vertex   -3.867214e+01 -9.053138e+00 -1.820575e+01
      vertex   -3.792163e+01 -9.005920e+00 -1.820575e+01
    endloop
  endfacet
  facet normal -0.000000e+00 -0.000000e+00 1.000000e+00
    outer loop
      vertex   -3.592309e+01 -9.946359e+00 -1.820575e+01
      vertex   -3.548108e+01 -1.055474e+01 -1.820575e+01
      vertex   -3.718295e+01 8.146831e+00 -1.820575e+01
    endloop
  endfacet
  facet normal -0.000000e+00 0.000000e+00 1.000000e+00
    outer loop
      vertex   -7.000000e+00 3.210596e+01 -1.820575e+01
      vertex   -4.196087e+00 2.312235e+01 -1.820575e+01
      vertex   0.000000e+00 3.210596e+01 -1.820575e+01
    endloop
  endfacet
  facet normal 0.000000e+00 0.000000e+00 1.000000e+00
    outer loop
      vertex   0.000000e+00 3.210596e+01 -1.820575e+01
      vertex   -4.196087e+00 2.312235e+01 -1.820575e+01
      vertex   -2.106524e+00 2.340540e+01 -1.820575e+01
    endloop
  endfacet
  facet normal 3.410138e-15 -8.256406e-16 1.000000e+00
    outer loop
      vertex   0.000000e+00 3.210596e+01 -1.820575e+01
      vertex   -2.106524e+00 2.340540e+01 -1.820575e+01
      vertex   0.000000e+00 2.350000e+01 -1.820575e+01
    endloop
  endfacet
  facet normal 0.000000e+00 0.000000e+00 1.000000e+00
    outer loop
      vertex   -7.000000e+00 4.210596e+01 -1.820575e+01
      vertex   -1.381295e+01 1.901190e+01 -1.820575e+01
      vertex   -7.000000e+00 3.210596e+01 -1.820575e+01
    endloop
  endfacet
  facet normal 0.000000e+00 0.000000e+00 1.000000e+00
    outer loop
      vertex   -7.000000e+00 3.210596e+01 -1.820575e+01
      vertex   -1.381295e+01 1.901190e+01 -1.820575e+01
      vertex   -1.205313e+01 2.017355e+01 -1.820575e+01
    endloop
  endfacet
  facet normal 0.000000e+00 0.000000e+00 1.000000e+00
    outer loop
      vertex   -7.000000e+00 3.210596e+01 -1.820575e+01
      vertex   -1.205313e+01 2.017355e+01 -1.820575e+01
      vertex   -1.019627e+01 2.117277e+01 -1.820575e+01
    endloop
  endfacet
  facet normal 0.000000e+00 -0.000000e+00 1.000000e+00
    outer loop
      vertex   0.000000e+00 4.210596e+01 -1.820575e+01
      vertex   0.000000e+00 4.517050e+01 -1.820575e+01
      vertex   -7.000000e+00 4.210596e+01 -1.820575e+01
    endloop
  endfacet
  facet normal 0.000000e+00 -0.000000e+00 1.000000e+00
    outer loop
      vertex   -7.000000e+00 4.210596e+01 -1.820575e+01
      vertex   0.000000e+00 4.517050e+01 -1.820575e+01
      vertex   -3.018353e+01 4.517050e+01 -1.820575e+01
    endloop
  endfacet
  facet normal 0.000000e+00 0.000000e+00 1.000000e+00
    outer loop
      vertex   -7.000000e+00 4.210596e+01 -1.820575e+01
      vertex   -3.018353e+01 4.517050e+01 -1.820575e+01
      vertex   -1.381295e+01 1.901190e+01 -1.820575e+01
    endloop
  endfacet
  facet normal 0.000000e+00 0.000000e+00 1.000000e+00
    outer loop
      vertex   -1.381295e+01 1.901190e+01 -1.820575e+01
      vertex   -3.018353e+01 4.517050e+01 -1.820575e+01
      vertex   -1.546156e+01 1.769718e+01 -1.820575e+01
    endloop
  endfacet
  facet normal 0.000000e+00 0.000000e+00 1.000000e+00
    outer loop
      vertex   -1.546156e+01 1.769718e+01 -1.820575e+01
      vertex   -3.018353e+01 4.517050e+01 -1.820575e+01
      vertex   -1.698568e+01 1.623997e+01 -1.820575e+01
    endloop
  endfacet
  facet normal 0.000000e+00 0.000000e+00 1.000000e+00
    outer loop
      vertex   -1.698568e+01 1.623997e+01 -1.820575e+01
      vertex   -3.018353e+01 4.517050e+01 -1.820575e+01
      vertex   -1.837304e+01 1.465201e+01 -1.820575e+01
    endloop
  endfacet
  facet normal 0.000000e+00 0.000000e+00 1.000000e+00
    outer loop
      vertex   -1.837304e+01 1.465201e+01 -1.820575e+01
      vertex   -3.018353e+01 4.517050e+01 -1.820575e+01
      vertex   -1.961247e+01 1.294608e+01 -1.820575e+01
    endloop
  endfacet
  facet normal 0.000000e+00 0.000000e+00 1.000000e+00
    outer loop
      vertex   -1.961247e+01 1.294608e+01 -1.820575e+01
      vertex   -3.018353e+01 4.517050e+01 -1.820575e+01
      vertex   -2.069400e+01 1.113591e+01 -1.820575e+01
    endloop
  endfacet
  facet normal 0.000000e+00 0.000000e+00 1.000000e+00
    outer loop
      vertex   -2.069400e+01 1.113591e+01 -1.820575e+01
      vertex   -3.018353e+01 4.517050e+01 -1.820575e+01
      vertex   -3.281015e+01 4.330027e+01 -1.820575e+01
    endloop
  endfacet
  facet normal 0.000000e+00 0.000000e+00 1.000000e+00
    outer loop
      vertex   -5.412257e+01 -4.708202e+00 -1.820575e+01
      vertex   -5.374792e+01 -7.910788e+00 -1.820575e+01
      vertex   -3.792163e+01 -9.005920e+00 -1.820575e+01
    endloop
  endfacet
  facet normal -0.000000e+00 -0.000000e+00 1.000000e+00
    outer loop
      vertex   -3.788486e+01 -3.893786e+01 -1.820575e+01
      vertex   -3.550810e+01 -4.111684e+01 -1.820575e+01
      vertex   -3.792163e+01 -1.499408e+01 -1.820575e+01
    endloop
  endfacet
  facet normal 0.000000e+00 0.000000e+00 1.000000e+00
    outer loop
      vertex   -3.792163e+01 -1.499408e+01 -1.820575e+01
      vertex   -3.550810e+01 -4.111684e+01 -1.820575e+01
      vertex   -3.300626e+01 -4.315097e+01 -1.820575e+01
    endloop
  endfacet
  facet normal -0.000000e+00 0.000000e+00 1.000000e+00
    outer loop
      vertex   -3.038814e+01 -4.503310e+01 -1.820575e+01
      vertex   -2.766298e+01 -4.675659e+01 -1.820575e+01
      vertex   -1.698568e+01 -1.623997e+01 -1.820575e+01
    endloop
  endfacet
  facet normal 0.000000e+00 0.000000e+00 1.000000e+00
    outer loop
      vertex   -1.698568e+01 -1.623997e+01 -1.820575e+01
      vertex   -2.766298e+01 -4.675659e+01 -1.820575e+01
      vertex   -2.484037e+01 -4.831537e+01 -1.820575e+01
    endloop
  endfacet
  facet normal 0.000000e+00 0.000000e+00 1.000000e+00
    outer loop
      vertex   -1.698568e+01 -1.623997e+01 -1.820575e+01
      vertex   -2.484037e+01 -4.831537e+01 -1.820575e+01
      vertex   -2.193026e+01 -4.970395e+01 -1.820575e+01
    endloop
  endfacet
  facet normal 0.000000e+00 0.000000e+00 1.000000e+00
    outer loop
      vertex   -1.698568e+01 -1.623997e+01 -1.820575e+01
      vertex   -2.193026e+01 -4.970395e+01 -1.820575e+01
      vertex   -1.546156e+01 -1.769718e+01 -1.820575e+01
    endloop
  endfacet
  facet normal 0.000000e+00 0.000000e+00 1.000000e+00
    outer loop
      vertex   -1.546156e+01 -1.769718e+01 -1.820575e+01
      vertex   -2.193026e+01 -4.970395e+01 -1.820575e+01
      vertex   -1.894289e+01 -5.091744e+01 -1.820575e+01
    endloop
  endfacet
  facet normal 0.000000e+00 0.000000e+00 1.000000e+00
    outer loop
      vertex   -1.546156e+01 -1.769718e+01 -1.820575e+01
      vertex   -1.894289e+01 -5.091744e+01 -1.820575e+01
      vertex   -1.381295e+01 -1.901190e+01 -1.820575e+01
    endloop
  endfacet
  facet normal 0.000000e+00 0.000000e+00 1.000000e+00
    outer loop
      vertex   -1.381295e+01 -1.901190e+01 -1.820575e+01
      vertex   -1.894289e+01 -5.091744e+01 -1.820575e+01
      vertex   -1.205313e+01 -2.017355e+01 -1.820575e+01
    endloop
  endfacet
  facet normal 0.000000e+00 0.000000e+00 1.000000e+00
    outer loop
      vertex   -1.205313e+01 -2.017355e+01 -1.820575e+01
      vertex   -1.894289e+01 -5.091744e+01 -1.820575e+01
      vertex   -1.588879e+01 -5.195157e+01 -1.820575e+01
    endloop
  endfacet
  facet normal 0.000000e+00 0.000000e+00 1.000000e+00
    outer loop
      vertex   -1.205313e+01 -2.017355e+01 -1.820575e+01
      vertex   -1.588879e+01 -5.195157e+01 -1.820575e+01
      vertex   -1.019627e+01 -2.117277e+01 -1.820575e+01
    endloop
  endfacet
  facet normal 0.000000e+00 0.000000e+00 1.000000e+00
    outer loop
      vertex   -1.019627e+01 -2.117277e+01 -1.820575e+01
      vertex   -1.588879e+01 -5.195157e+01 -1.820575e+01
      vertex   -1.277873e+01 -5.280268e+01 -1.820575e+01
    endloop
  endfacet
  facet normal 0.000000e+00 0.000000e+00 1.000000e+00
    outer loop
      vertex   -1.019627e+01 -2.117277e+01 -1.820575e+01
      vertex   -1.277873e+01 -5.280268e+01 -1.820575e+01
      vertex   -2.978127e+00 -3.663839e+01 -1.820575e+01
    endloop
  endfacet
  facet normal 0.000000e+00 0.000000e+00 1.000000e+00
    outer loop
      vertex   -2.978127e+00 -3.663839e+01 -1.820575e+01
      vertex   -1.277873e+01 -5.280268e+01 -1.820575e+01
      vertex   -2.978127e+00 -3.736161e+01 -1.820575e+01
    endloop
  endfacet
  facet normal 0.000000e+00 0.000000e+00 1.000000e+00
    outer loop
      vertex   -2.978127e+00 -3.736161e+01 -1.820575e+01
      vertex   -1.277873e+01 -5.280268e+01 -1.820575e+01
      vertex   -9.623643e+00 -5.346779e+01 -1.820575e+01
    endloop
  endfacet
  facet normal 0.000000e+00 0.000000e+00 1.000000e+00
    outer loop
      vertex   -2.978127e+00 -3.736161e+01 -1.820575e+01
      vertex   -9.623643e+00 -5.346779e+01 -1.820575e+01
      vertex   -2.805049e+00 -3.806382e+01 -1.820575e+01
    endloop
  endfacet
  facet normal 0.000000e+00 0.000000e+00 1.000000e+00
    outer loop
      vertex   -2.805049e+00 -3.806382e+01 -1.820575e+01
      vertex   -9.623643e+00 -5.346779e+01 -1.820575e+01
      vertex   -6.434658e+00 -5.394455e+01 -1.820575e+01
    endloop
  endfacet
  facet normal 0.000000e+00 0.000000e+00 1.000000e+00
    outer loop
      vertex   -2.805049e+00 -3.806382e+01 -1.820575e+01
      vertex   -6.434658e+00 -5.394455e+01 -1.820575e+01
      vertex   -2.468952e+00 -3.870419e+01 -1.820575e+01
    endloop
  endfacet
  facet normal 0.000000e+00 0.000000e+00 1.000000e+00
    outer loop
      vertex   -2.468952e+00 -3.870419e+01 -1.820575e+01
      vertex   -6.434658e+00 -5.394455e+01 -1.820575e+01
      vertex   -1.989368e+00 -3.924553e+01 -1.820575e+01
    endloop
  endfacet
  facet normal 0.000000e+00 0.000000e+00 1.000000e+00
    outer loop
      vertex   -1.989368e+00 -3.924553e+01 -1.820575e+01
      vertex   -6.434658e+00 -5.394455e+01 -1.820575e+01
      vertex   -3.223006e+00 -5.423128e+01 -1.820575e+01
    endloop
  endfacet
  facet normal 0.000000e+00 0.000000e+00 1.000000e+00
    outer loop
      vertex   -1.989368e+00 -3.924553e+01 -1.820575e+01
      vertex   -3.223006e+00 -5.423128e+01 -1.820575e+01
      vertex   -1.394170e+00 -3.965637e+01 -1.820575e+01
    endloop
  endfacet
  facet normal 0.000000e+00 0.000000e+00 1.000000e+00
    outer loop
      vertex   -1.394170e+00 -3.965637e+01 -1.820575e+01
      vertex   -3.223006e+00 -5.423128e+01 -1.820575e+01
      vertex   -7.179470e-01 -3.991283e+01 -1.820575e+01
    endloop
  endfacet
  facet normal 2.193205e-15 -3.837081e-16 1.000000e+00
    outer loop
      vertex   -7.179470e-01 -3.991283e+01 -1.820575e+01
      vertex   -3.223006e+00 -5.423128e+01 -1.820575e+01
      vertex   0.000000e+00 -5.432697e+01 -1.820575e+01
    endloop
  endfacet
  facet normal 9.896869e-15 0.000000e+00 1.000000e+00
    outer loop
      vertex   -7.179470e-01 -3.991283e+01 -1.820575e+01
      vertex   0.000000e+00 -5.432697e+01 -1.820575e+01
      vertex   0.000000e+00 -4.000000e+01 -1.820575e+01
    endloop
  endfacet
  facet normal 0.000000e+00 0.000000e+00 1.000000e+00
    outer loop
      vertex   -2.805049e+00 -3.593619e+01 -1.820575e+01
      vertex   -6.251866e+00 -2.265313e+01 -1.820575e+01
      vertex   -2.978127e+00 -3.663839e+01 -1.820575e+01
    endloop
  endfacet
  facet normal 0.000000e+00 0.000000e+00 1.000000e+00
    outer loop
      vertex   -2.978127e+00 -3.663839e+01 -1.820575e+01
      vertex   -6.251866e+00 -2.265313e+01 -1.820575e+01
      vertex   -8.257308e+00 -2.200152e+01 -1.820575e+01
    endloop
  endfacet
  facet normal 0.000000e+00 0.000000e+00 1.000000e+00
    outer loop
      vertex   -2.978127e+00 -3.663839e+01 -1.820575e+01
      vertex   -8.257308e+00 -2.200152e+01 -1.820575e+01
      vertex   -1.019627e+01 -2.117277e+01 -1.820575e+01
    endloop
  endfacet
  facet normal 0.000000e+00 0.000000e+00 1.000000e+00
    outer loop
      vertex   -6.251866e+00 -2.265313e+01 -1.820575e+01
      vertex   -2.805049e+00 -3.593619e+01 -1.820575e+01
      vertex   -4.196087e+00 -2.312235e+01 -1.820575e+01
    endloop
  endfacet
  facet normal 0.000000e+00 0.000000e+00 1.000000e+00
    outer loop
      vertex   -4.196087e+00 -2.312235e+01 -1.820575e+01
      vertex   -2.805049e+00 -3.593619e+01 -1.820575e+01
      vertex   -2.468952e+00 -3.529581e+01 -1.820575e+01
    endloop
  endfacet
  facet normal 0.000000e+00 0.000000e+00 1.000000e+00
    outer loop
      vertex   -4.196087e+00 -2.312235e+01 -1.820575e+01
      vertex   -2.468952e+00 -3.529581e+01 -1.820575e+01
      vertex   -1.989368e+00 -3.475447e+01 -1.820575e+01
    endloop
  endfacet
  facet normal 0.000000e+00 0.000000e+00 1.000000e+00
    outer loop
      vertex   -4.196087e+00 -2.312235e+01 -1.820575e+01
      vertex   -1.989368e+00 -3.475447e+01 -1.820575e+01
      vertex   -2.106524e+00 -2.340540e+01 -1.820575e+01
    endloop
  endfacet
  facet normal 0.000000e+00 0.000000e+00 1.000000e+00
    outer loop
      vertex   -2.106524e+00 -2.340540e+01 -1.820575e+01
      vertex   -1.989368e+00 -3.475447e+01 -1.820575e+01
      vertex   -1.394170e+00 -3.434363e+01 -1.820575e+01
    endloop
  endfacet
  facet normal 0.000000e+00 0.000000e+00 1.000000e+00
    outer loop
      vertex   -2.106524e+00 -2.340540e+01 -1.820575e+01
      vertex   -1.394170e+00 -3.434363e+01 -1.820575e+01
      vertex   -7.179470e-01 -3.408718e+01 -1.820575e+01
    endloop
  endfacet
  facet normal 9.896869e-15 -0.000000e+00 1.000000e+00
    outer loop
      vertex   0.000000e+00 -3.400000e+01 -1.820575e+01
      vertex   0.000000e+00 -2.350000e+01 -1.820575e+01
      vertex   -7.179470e-01 -3.408718e+01 -1.820575e+01
    endloop
  endfacet
  facet normal 3.392866e-15 4.410553e-16 1.000000e+00
    outer loop
      vertex   -7.179470e-01 -3.408718e+01 -1.820575e+01
      vertex   0.000000e+00 -2.350000e+01 -1.820575e+01
      vertex   -2.106524e+00 -2.340540e+01 -1.820575e+01
    endloop
  endfacet
  facet normal 0.000000e+00 0.000000e+00 1.000000e+00
    outer loop
      vertex   -1.019627e+01 2.117277e+01 -1.820575e+01
      vertex   -8.257308e+00 2.200152e+01 -1.820575e+01
      vertex   -7.000000e+00 3.210596e+01 -1.820575e+01
    endloop
  endfacet
  facet normal 0.000000e+00 0.000000e+00 1.000000e+00
    outer loop
      vertex   -7.000000e+00 3.210596e+01 -1.820575e+01
      vertex   -8.257308e+00 2.200152e+01 -1.820575e+01
      vertex   -6.251866e+00 2.265313e+01 -1.820575e+01
    endloop
  endfacet
  facet normal 0.000000e+00 0.000000e+00 1.000000e+00
    outer loop
      vertex   -7.000000e+00 3.210596e+01 -1.820575e+01
      vertex   -6.251866e+00 2.265313e+01 -1.820575e+01
      vertex   -4.196087e+00 2.312235e+01 -1.820575e+01
    endloop
  endfacet
  facet normal 1.000000e+00 -0.000000e+00 0.000000e+00
    outer loop
      vertex   0.000000e+00 4.210596e+01 -1.820575e+01
      vertex   0.000000e+00 4.210596e+01 -2.800000e+01
      vertex   0.000000e+00 4.517050e+01 -1.820575e+01
    endloop
  endfacet
  facet normal 1.000000e+00 0.000000e+00 0.000000e+00
    outer loop
      vertex   0.000000e+00 4.517050e+01 -1.820575e+01
      vertex   0.000000e+00 4.210596e+01 -2.800000e+01
      vertex   0.000000e+00 4.517050e+01 -2.800000e+01
    endloop
  endfacet
  facet normal 0.000000e+00 9.951847e-01 9.801714e-02
    outer loop
      vertex   -3.672467e+01 -4.903926e+00 -9.097545e+01
      vertex   -4.500000e+01 -4.903926e+00 -9.097545e+01
      vertex   -3.672467e+01 -5.000000e+00 -9.000000e+01
    endloop
  endfacet
  facet normal 2.136232e-15 9.951847e-01 9.801714e-02
    outer loop
      vertex   -3.672467e+01 -5.000000e+00 -9.000000e+01
      vertex   -4.500000e+01 -4.903926e+00 -9.097545e+01
      vertex   -4.500000e+01 -5.000000e+00 -9.000000e+01
    endloop
  endfacet
  facet normal 2.136232e-15 9.951847e-01 -9.801714e-02
    outer loop
      vertex   -3.672467e+01 -5.000000e+00 -9.000000e+01
      vertex   -4.500000e+01 -5.000000e+00 -9.000000e+01
      vertex   -3.672467e+01 -4.903926e+00 -8.902455e+01
    endloop
  endfacet
  facet normal 0.000000e+00 9.951847e-01 -9.801714e-02
    outer loop
      vertex   -3.672467e+01 -4.903926e+00 -8.902455e+01
      vertex   -4.500000e+01 -5.000000e+00 -9.000000e+01
      vertex   -4.500000e+01 -4.903926e+00 -8.902455e+01
    endloop
  endfacet
  facet normal 0.000000e+00 9.569403e-01 -2.902847e-01
    outer loop
      vertex   -3.672467e+01 -4.903926e+00 -8.902455e+01
      vertex   -4.500000e+01 -4.903926e+00 -8.902455e+01
      vertex   -3.672467e+01 -4.619398e+00 -8.808658e+01
    endloop
  endfacet
  facet normal 0.000000e+00 9.569403e-01 -2.902847e-01
    outer loop
      vertex   -3.672467e+01 -4.619398e+00 -8.808658e+01
      vertex   -4.500000e+01 -4.903926e+00 -8.902455e+01
      vertex   -4.500000e+01 -4.619398e+00 -8.808658e+01
    endloop
  endfacet
  facet normal 0.000000e+00 8.819213e-01 -4.713967e-01
    outer loop
      vertex   -3.672467e+01 -4.619398e+00 -8.808658e+01
      vertex   -4.500000e+01 -4.619398e+00 -8.808658e+01
      vertex   -3.672467e+01 -4.157348e+00 -8.722215e+01
    endloop
  endfacet
  facet normal 0.000000e+00 8.819213e-01 -4.713967e-01
    outer loop
      vertex   -3.672467e+01 -4.157348e+00 -8.722215e+01
      vertex   -4.500000e+01 -4.619398e+00 -8.808658e+01
      vertex   -4.500000e+01 -4.157348e+00 -8.722215e+01
    endloop
  endfacet
  facet normal 0.000000e+00 7.730105e-01 -6.343933e-01
    outer loop
      vertex   -3.672467e+01 -4.157348e+00 -8.722215e+01
      vertex   -4.500000e+01 -4.157348e+00 -8.722215e+01
      vertex   -3.672467e+01 -3.535534e+00 -8.646447e+01
    endloop
  endfacet
  facet normal 0.000000e+00 7.730105e-01 -6.343933e-01
    outer loop
      vertex   -3.672467e+01 -3.535534e+00 -8.646447e+01
      vertex   -4.500000e+01 -4.157348e+00 -8.722215e+01
      vertex   -4.500000e+01 -3.535534e+00 -8.646447e+01
    endloop
  endfacet
  facet normal 0.000000e+00 6.343933e-01 -7.730105e-01
    outer loop
      vertex   -3.672467e+01 -3.535534e+00 -8.646447e+01
      vertex   -4.500000e+01 -3.535534e+00 -8.646447e+01
      vertex   -3.672467e+01 -2.777851e+00 -8.584265e+01
    endloop
  endfacet
  facet normal 0.000000e+00 6.343933e-01 -7.730105e-01
    outer loop
      vertex   -3.672467e+01 -2.777851e+00 -8.584265e+01
      vertex   -4.500000e+01 -3.535534e+00 -8.646447e+01
      vertex   -4.500000e+01 -2.777851e+00 -8.584265e+01
    endloop
  endfacet
  facet normal 0.000000e+00 4.713967e-01 -8.819213e-01
    outer loop
      vertex   -3.672467e+01 -2.777851e+00 -8.584265e+01
      vertex   -4.500000e+01 -2.777851e+00 -8.584265e+01
      vertex   -3.672467e+01 -1.913417e+00 -8.538060e+01
    endloop
  endfacet
  facet normal 0.000000e+00 4.713967e-01 -8.819213e-01
    outer loop
      vertex   -3.672467e+01 -1.913417e+00 -8.538060e+01
      vertex   -4.500000e+01 -2.777851e+00 -8.584265e+01
      vertex   -4.500000e+01 -1.913417e+00 -8.538060e+01
    endloop
  endfacet
  facet normal 0.000000e+00 2.902847e-01 -9.569403e-01
    outer loop
      vertex   -3.672467e+01 -1.913417e+00 -8.538060e+01
      vertex   -4.500000e+01 -1.913417e+00 -8.538060e+01
      vertex   -3.672467e+01 -9.754516e-01 -8.509607e+01
    endloop
  endfacet
  facet normal 0.000000e+00 2.902847e-01 -9.569403e-01
    outer loop
      vertex   -3.672467e+01 -9.754516e-01 -8.509607e+01
      vertex   -4.500000e+01 -1.913417e+00 -8.538060e+01
      vertex   -4.500000e+01 -9.754516e-01 -8.509607e+01
    endloop
  endfacet
  facet normal 0.000000e+00 9.801714e-02 -9.951847e-01
    outer loop
      vertex   -3.672467e+01 -9.754516e-01 -8.509607e+01
      vertex   -4.500000e+01 -9.754516e-01 -8.509607e+01
      vertex   -3.672467e+01 3.061617e-16 -8.500000e+01
    endloop
  endfacet
  facet normal 0.000000e+00 9.801714e-02 -9.951847e-01
    outer loop
      vertex   -3.672467e+01 3.061617e-16 -8.500000e+01
      vertex   -4.500000e+01 -9.754516e-01 -8.509607e+01
      vertex   -4.500000e+01 3.061617e-16 -8.500000e+01
    endloop
  endfacet
  facet normal -0.000000e+00 -9.801714e-02 -9.951847e-01
    outer loop
      vertex   -3.672467e+01 3.061617e-16 -8.500000e+01
      vertex   -4.500000e+01 3.061617e-16 -8.500000e+01
      vertex   -3.672467e+01 9.754516e-01 -8.509607e+01
    endloop
  endfacet
  facet normal -0.000000e+00 -9.801714e-02 -9.951847e-01
    outer loop
      vertex   -3.672467e+01 9.754516e-01 -8.509607e+01
      vertex   -4.500000e+01 3.061617e-16 -8.500000e+01
      vertex   -4.500000e+01 9.754516e-01 -8.509607e+01
    endloop
  endfacet
  facet normal -0.000000e+00 -2.902847e-01 -9.569403e-01
    outer loop
      vertex   -3.672467e+01 9.754516e-01 -8.509607e+01
      vertex   -4.500000e+01 9.754516e-01 -8.509607e+01
      vertex   -3.672467e+01 1.913417e+00 -8.538060e+01
    endloop
  endfacet
  facet normal -0.000000e+00 -2.902847e-01 -9.569403e-01
    outer loop
      vertex   -3.672467e+01 1.913417e+00 -8.538060e+01
      vertex   -4.500000e+01 9.754516e-01 -8.509607e+01
      vertex   -4.500000e+01 1.913417e+00 -8.538060e+01
    endloop
  endfacet
  facet normal -0.000000e+00 -4.713967e-01 -8.819213e-01
    outer loop
      vertex   -3.672467e+01 1.913417e+00 -8.538060e+01
      vertex   -4.500000e+01 1.913417e+00 -8.538060e+01
      vertex   -3.672467e+01 2.777851e+00 -8.584265e+01
    endloop
  endfacet
  facet normal -0.000000e+00 -4.713967e-01 -8.819213e-01
    outer loop
      vertex   -3.672467e+01 2.777851e+00 -8.584265e+01
      vertex   -4.500000e+01 1.913417e+00 -8.538060e+01
      vertex   -4.500000e+01 2.777851e+00 -8.584265e+01
    endloop
  endfacet
  facet normal -0.000000e+00 -6.343933e-01 -7.730105e-01
    outer loop
      vertex   -3.672467e+01 2.777851e+00 -8.584265e+01
      vertex   -4.500000e+01 2.777851e+00 -8.584265e+01
      vertex   -3.672467e+01 3.535534e+00 -8.646447e+01
    endloop
  endfacet
  facet normal -0.000000e+00 -6.343933e-01 -7.730105e-01
    outer loop
      vertex   -3.672467e+01 3.535534e+00 -8.646447e+01
      vertex   -4.500000e+01 2.777851e+00 -8.584265e+01
      vertex   -4.500000e+01 3.535534e+00 -8.646447e+01
    endloop
  endfacet
  facet normal -0.000000e+00 -7.730105e-01 -6.343933e-01
    outer loop
      vertex   -3.672467e+01 3.535534e+00 -8.646447e+01
      vertex   -4.500000e+01 3.535534e+00 -8.646447e+01
      vertex   -3.672467e+01 4.157348e+00 -8.722215e+01
    endloop
  endfacet
  facet normal -0.000000e+00 -7.730105e-01 -6.343933e-01
    outer loop
      vertex   -3.672467e+01 4.157348e+00 -8.722215e+01
      vertex   -4.500000e+01 3.535534e+00 -8.646447e+01
      vertex   -4.500000e+01 4.157348e+00 -8.722215e+01
    endloop
  endfacet
  facet normal -0.000000e+00 -8.819213e-01 -4.713967e-01
    outer loop
      vertex   -3.672467e+01 4.157348e+00 -8.722215e+01
      vertex   -4.500000e+01 4.157348e+00 -8.722215e+01
      vertex   -3.672467e+01 4.619398e+00 -8.808658e+01
    endloop
  endfacet
  facet normal -0.000000e+00 -8.819213e-01 -4.713967e-01
    outer loop
      vertex   -3.672467e+01 4.619398e+00 -8.808658e+01
      vertex   -4.500000e+01 4.157348e+00 -8.722215e+01
      vertex   -4.500000e+01 4.619398e+00 -8.808658e+01
    endloop
  endfacet
  facet normal -0.000000e+00 -9.569403e-01 -2.902847e-01
    outer loop
      vertex   -3.672467e+01 4.619398e+00 -8.808658e+01
      vertex   -4.500000e+01 4.619398e+00 -8.808658e+01
      vertex   -3.672467e+01 4.903926e+00 -8.902455e+01
    endloop
  endfacet
  facet normal -0.000000e+00 -9.569403e-01 -2.902847e-01
    outer loop
      vertex   -3.672467e+01 4.903926e+00 -8.902455e+01
      vertex   -4.500000e+01 4.619398e+00 -8.808658e+01
      vertex   -4.500000e+01 4.903926e+00 -8.902455e+01
    endloop
  endfacet
  facet normal -0.000000e+00 -9.951847e-01 -9.801714e-02
    outer loop
      vertex   -3.672467e+01 4.903926e+00 -8.902455e+01
      vertex   -4.500000e+01 4.903926e+00 -8.902455e+01
      vertex   -3.672467e+01 5.000000e+00 -9.000000e+01
    endloop
  endfacet
  facet normal -0.000000e+00 -9.951847e-01 -9.801714e-02
    outer loop
      vertex   -3.672467e+01 5.000000e+00 -9.000000e+01
      vertex   -4.500000e+01 4.903926e+00 -8.902455e+01
      vertex   -4.500000e+01 5.000000e+00 -9.000000e+01
    endloop
  endfacet
  facet normal 0.000000e+00 -9.951847e-01 9.801714e-02
    outer loop
      vertex   -3.672467e+01 5.000000e+00 -9.000000e+01
      vertex   -4.500000e+01 5.000000e+00 -9.000000e+01
      vertex   -3.672467e+01 4.903926e+00 -9.097545e+01
    endloop
  endfacet
  facet normal 0.000000e+00 -9.951847e-01 9.801714e-02
    outer loop
      vertex   -3.672467e+01 4.903926e+00 -9.097545e+01
      vertex   -4.500000e+01 5.000000e+00 -9.000000e+01
      vertex   -4.500000e+01 4.903926e+00 -9.097545e+01
    endloop
  endfacet
  facet normal 0.000000e+00 -9.569403e-01 2.902847e-01
    outer loop
      vertex   -3.672467e+01 4.903926e+00 -9.097545e+01
      vertex   -4.500000e+01 4.903926e+00 -9.097545e+01
      vertex   -3.672467e+01 4.619398e+00 -9.191342e+01
    endloop
  endfacet
  facet normal 0.000000e+00 -9.569403e-01 2.902847e-01
    outer loop
      vertex   -3.672467e+01 4.619398e+00 -9.191342e+01
      vertex   -4.500000e+01 4.903926e+00 -9.097545e+01
      vertex   -4.500000e+01 4.619398e+00 -9.191342e+01
    endloop
  endfacet
  facet normal 0.000000e+00 -8.819213e-01 4.713967e-01
    outer loop
      vertex   -3.672467e+01 4.619398e+00 -9.191342e+01
      vertex   -4.500000e+01 4.619398e+00 -9.191342e+01
      vertex   -3.672467e+01 4.157348e+00 -9.277785e+01
    endloop
  endfacet
  facet normal 0.000000e+00 -8.819213e-01 4.713967e-01
    outer loop
      vertex   -3.672467e+01 4.157348e+00 -9.277785e+01
      vertex   -4.500000e+01 4.619398e+00 -9.191342e+01
      vertex   -4.500000e+01 4.157348e+00 -9.277785e+01
    endloop
  endfacet
  facet normal 0.000000e+00 -7.730105e-01 6.343933e-01
    outer loop
      vertex   -3.672467e+01 4.157348e+00 -9.277785e+01
      vertex   -4.500000e+01 4.157348e+00 -9.277785e+01
      vertex   -3.672467e+01 3.535534e+00 -9.353553e+01
    endloop
  endfacet
  facet normal 0.000000e+00 -7.730105e-01 6.343933e-01
    outer loop
      vertex   -3.672467e+01 3.535534e+00 -9.353553e+01
      vertex   -4.500000e+01 4.157348e+00 -9.277785e+01
      vertex   -4.500000e+01 3.535534e+00 -9.353553e+01
    endloop
  endfacet
  facet normal 0.000000e+00 -6.343933e-01 7.730105e-01
    outer loop
      vertex   -3.672467e+01 3.535534e+00 -9.353553e+01
      vertex   -4.500000e+01 3.535534e+00 -9.353553e+01
      vertex   -3.672467e+01 2.777851e+00 -9.415735e+01
    endloop
  endfacet
  facet normal 0.000000e+00 -6.343933e-01 7.730105e-01
    outer loop
      vertex   -3.672467e+01 2.777851e+00 -9.415735e+01
      vertex   -4.500000e+01 3.535534e+00 -9.353553e+01
      vertex   -4.500000e+01 2.777851e+00 -9.415735e+01
    endloop
  endfacet
  facet normal 0.000000e+00 -4.713967e-01 8.819213e-01
    outer loop
      vertex   -3.672467e+01 2.777851e+00 -9.415735e+01
      vertex   -4.500000e+01 2.777851e+00 -9.415735e+01
      vertex   -3.672467e+01 1.913417e+00 -9.461940e+01
    endloop
  endfacet
  facet normal 0.000000e+00 -4.713967e-01 8.819213e-01
    outer loop
      vertex   -3.672467e+01 1.913417e+00 -9.461940e+01
      vertex   -4.500000e+01 2.777851e+00 -9.415735e+01
      vertex   -4.500000e+01 1.913417e+00 -9.461940e+01
    endloop
  endfacet
  facet normal 0.000000e+00 -2.902847e-01 9.569403e-01
    outer loop
      vertex   -3.672467e+01 1.913417e+00 -9.461940e+01
      vertex   -4.500000e+01 1.913417e+00 -9.461940e+01
      vertex   -3.672467e+01 9.754516e-01 -9.490393e+01
    endloop
  endfacet
  facet normal 0.000000e+00 -2.902847e-01 9.569403e-01
    outer loop
      vertex   -3.672467e+01 9.754516e-01 -9.490393e+01
      vertex   -4.500000e+01 1.913417e+00 -9.461940e+01
      vertex   -4.500000e+01 9.754516e-01 -9.490393e+01
    endloop
  endfacet
  facet normal 0.000000e+00 -9.801714e-02 9.951847e-01
    outer loop
      vertex   -3.672467e+01 9.754516e-01 -9.490393e+01
      vertex   -4.500000e+01 9.754516e-01 -9.490393e+01
      vertex   -3.672467e+01 3.061617e-16 -9.500000e+01
    endloop
  endfacet
  facet normal 0.000000e+00 -9.801714e-02 9.951847e-01
    outer loop
      vertex   -3.672467e+01 3.061617e-16 -9.500000e+01
      vertex   -4.500000e+01 9.754516e-01 -9.490393e+01
      vertex   -4.500000e+01 3.061617e-16 -9.500000e+01
    endloop
  endfacet
  facet normal 0.000000e+00 9.801714e-02 9.951847e-01
    outer loop
      vertex   -3.672467e+01 3.061617e-16 -9.500000e+01
      vertex   -4.500000e+01 3.061617e-16 -9.500000e+01
      vertex   -3.672467e+01 -9.754516e-01 -9.490393e+01
    endloop
  endfacet
  facet normal 0.000000e+00 9.801714e-02 9.951847e-01
    outer loop
      vertex   -3.672467e+01 -9.754516e-01 -9.490393e+01
      vertex   -4.500000e+01 3.061617e-16 -9.500000e+01
      vertex   -4.500000e+01 -9.754516e-01 -9.490393e+01
    endloop
  endfacet
  facet normal 0.000000e+00 2.902847e-01 9.569403e-01
    outer loop
      vertex   -3.672467e+01 -9.754516e-01 -9.490393e+01
      vertex   -4.500000e+01 -9.754516e-01 -9.490393e+01
      vertex   -3.672467e+01 -1.913417e+00 -9.461940e+01
    endloop
  endfacet
  facet normal 0.000000e+00 2.902847e-01 9.569403e-01
    outer loop
      vertex   -3.672467e+01 -1.913417e+00 -9.461940e+01
      vertex   -4.500000e+01 -9.754516e-01 -9.490393e+01
      vertex   -4.500000e+01 -1.913417e+00 -9.461940e+01
    endloop
  endfacet
  facet normal 0.000000e+00 4.713967e-01 8.819213e-01
    outer loop
      vertex   -3.672467e+01 -1.913417e+00 -9.461940e+01
      vertex   -4.500000e+01 -1.913417e+00 -9.461940e+01
      vertex   -3.672467e+01 -2.777851e+00 -9.415735e+01
    endloop
  endfacet
  facet normal 0.000000e+00 4.713967e-01 8.819213e-01
    outer loop
      vertex   -3.672467e+01 -2.777851e+00 -9.415735e+01
      vertex   -4.500000e+01 -1.913417e+00 -9.461940e+01
      vertex   -4.500000e+01 -2.777851e+00 -9.415735e+01
    endloop
  endfacet
  facet normal 0.000000e+00 6.343933e-01 7.730105e-01
    outer loop
      vertex   -3.672467e+01 -2.777851e+00 -9.415735e+01
      vertex   -4.500000e+01 -2.777851e+00 -9.415735e+01
      vertex   -3.672467e+01 -3.535534e+00 -9.353553e+01
    endloop
  endfacet
  facet normal 0.000000e+00 6.343933e-01 7.730105e-01
    outer loop
      vertex   -3.672467e+01 -3.535534e+00 -9.353553e+01
      vertex   -4.500000e+01 -2.777851e+00 -9.415735e+01
      vertex   -4.500000e+01 -3.535534e+00 -9.353553e+01
    endloop
  endfacet
  facet normal 0.000000e+00 7.730105e-01 6.343933e-01
    outer loop
      vertex   -3.672467e+01 -3.535534e+00 -9.353553e+01
      vertex   -4.500000e+01 -3.535534e+00 -9.353553e+01
      vertex   -3.672467e+01 -4.157348e+00 -9.277785e+01
    endloop
  endfacet
  facet normal 0.000000e+00 7.730105e-01 6.343933e-01
    outer loop
      vertex   -3.672467e+01 -4.157348e+00 -9.277785e+01
      vertex   -4.500000e+01 -3.535534e+00 -9.353553e+01
      vertex   -4.500000e+01 -4.157348e+00 -9.277785e+01
    endloop
  endfacet
  facet normal 0.000000e+00 8.819213e-01 4.713967e-01
    outer loop
      vertex   -3.672467e+01 -4.157348e+00 -9.277785e+01
      vertex   -4.500000e+01 -4.157348e+00 -9.277785e+01
      vertex   -3.672467e+01 -4.619398e+00 -9.191342e+01
    endloop
  endfacet
  facet normal 0.000000e+00 8.819213e-01 4.713967e-01
    outer loop
      vertex   -3.672467e+01 -4.619398e+00 -9.191342e+01
      vertex   -4.500000e+01 -4.157348e+00 -9.277785e+01
      vertex   -4.500000e+01 -4.619398e+00 -9.191342e+01
    endloop
  endfacet
  facet normal 0.000000e+00 9.569403e-01 2.902847e-01
    outer loop
      vertex   -3.672467e+01 -4.619398e+00 -9.191342e+01
      vertex   -4.500000e+01 -4.619398e+00 -9.191342e+01
      vertex   -3.672467e+01 -4.903926e+00 -9.097545e+01
    endloop
  endfacet
  facet normal 0.000000e+00 9.569403e-01 2.902847e-01
    outer loop
      vertex   -3.672467e+01 -4.903926e+00 -9.097545e+01
      vertex   -4.500000e+01 -4.619398e+00 -9.191342e+01
      vertex   -4.500000e+01 -4.903926e+00 -9.097545e+01
    endloop
  endfacet
  facet normal 9.921147e-01 1.253332e-01 0.000000e+00
    outer loop
      vertex   -3.905989e+01 2.005736e+01 -1.100000e+02
      vertex   -3.905989e+01 2.005736e+01 -1.200000e+02
      vertex   -3.915414e+01 2.080343e+01 -1.100000e+02
    endloop
  endfacet
  facet normal 9.921147e-01 1.253332e-01 0.000000e+00
    outer loop
      vertex   -3.915414e+01 2.080343e+01 -1.100000e+02
      vertex   -3.905989e+01 2.005736e+01 -1.200000e+02
      vertex   -3.915414e+01 2.080343e+01 -1.200000e+02
    endloop
  endfacet
  facet normal 9.921147e-01 -1.253332e-01 0.000000e+00
    outer loop
      vertex   -3.915414e+01 2.080343e+01 -1.100000e+02
      vertex   -3.915414e+01 2.080343e+01 -1.200000e+02
      vertex   -3.905989e+01 2.154950e+01 -1.100000e+02
    endloop
  endfacet
  facet normal 9.921147e-01 -1.253332e-01 0.000000e+00
    outer loop
      vertex   -3.905989e+01 2.154950e+01 -1.100000e+02
      vertex   -3.915414e+01 2.080343e+01 -1.200000e+02
      vertex   -3.905989e+01 2.154950e+01 -1.200000e+02
    endloop
  endfacet
  facet normal 9.297765e-01 -3.681246e-01 0.000000e+00
    outer loop
      vertex   -3.905989e+01 2.154950e+01 -1.100000e+02
      vertex   -3.905989e+01 2.154950e+01 -1.200000e+02
      vertex   -3.878306e+01 2.224869e+01 -1.100000e+02
    endloop
  endfacet
  facet normal 9.297765e-01 -3.681246e-01 0.000000e+00
    outer loop
      vertex   -3.878306e+01 2.224869e+01 -1.100000e+02
      vertex   -3.905989e+01 2.154950e+01 -1.200000e+02
      vertex   -3.878306e+01 2.224869e+01 -1.200000e+02
    endloop
  endfacet
  facet normal 8.090170e-01 -5.877853e-01 0.000000e+00
    outer loop
      vertex   -3.878306e+01 2.224869e+01 -1.100000e+02
      vertex   -3.878306e+01 2.224869e+01 -1.200000e+02
      vertex   -3.834105e+01 2.285707e+01 -1.100000e+02
    endloop
  endfacet
  facet normal 8.090170e-01 -5.877853e-01 0.000000e+00
    outer loop
      vertex   -3.834105e+01 2.285707e+01 -1.100000e+02
      vertex   -3.878306e+01 2.224869e+01 -1.200000e+02
      vertex   -3.834105e+01 2.285707e+01 -1.200000e+02
    endloop
  endfacet
  facet normal 6.374240e-01 -7.705132e-01 0.000000e+00
    outer loop
      vertex   -3.834105e+01 2.285707e+01 -1.100000e+02
      vertex   -3.834105e+01 2.285707e+01 -1.200000e+02
      vertex   -3.776163e+01 2.333641e+01 -1.100000e+02
    endloop
  endfacet
  facet normal 6.374240e-01 -7.705132e-01 0.000000e+00
    outer loop
      vertex   -3.776163e+01 2.333641e+01 -1.100000e+02
      vertex   -3.834105e+01 2.285707e+01 -1.200000e+02
      vertex   -3.776163e+01 2.333641e+01 -1.200000e+02
    endloop
  endfacet
  facet normal 4.257793e-01 -9.048271e-01 0.000000e+00
    outer loop
      vertex   -3.776163e+01 2.333641e+01 -1.100000e+02
      vertex   -3.776163e+01 2.333641e+01 -1.200000e+02
      vertex   -3.708120e+01 2.365660e+01 -1.100000e+02
    endloop
  endfacet
  facet normal 4.257793e-01 -9.048271e-01 0.000000e+00
    outer loop
      vertex   -3.708120e+01 2.365660e+01 -1.100000e+02
      vertex   -3.776163e+01 2.333641e+01 -1.200000e+02
      vertex   -3.708120e+01 2.365660e+01 -1.200000e+02
    endloop
  endfacet
  facet normal 1.873813e-01 -9.822873e-01 0.000000e+00
    outer loop
      vertex   -3.708120e+01 2.365660e+01 -1.100000e+02
      vertex   -3.708120e+01 2.365660e+01 -1.200000e+02
      vertex   -3.634252e+01 2.379751e+01 -1.100000e+02
    endloop
  endfacet
  facet normal 1.873813e-01 -9.822873e-01 0.000000e+00
    outer loop
      vertex   -3.634252e+01 2.379751e+01 -1.100000e+02
      vertex   -3.708120e+01 2.365660e+01 -1.200000e+02
      vertex   -3.634252e+01 2.379751e+01 -1.200000e+02
    endloop
  endfacet
  facet normal -6.279052e-02 -9.980267e-01 -0.000000e+00
    outer loop
      vertex   -3.634252e+01 2.379751e+01 -1.100000e+02
      vertex   -3.634252e+01 2.379751e+01 -1.200000e+02
      vertex   -3.559200e+01 2.375029e+01 -1.100000e+02
    endloop
  endfacet
  facet normal -6.279052e-02 -9.980267e-01 -0.000000e+00
    outer loop
      vertex   -3.559200e+01 2.375029e+01 -1.100000e+02
      vertex   -3.634252e+01 2.379751e+01 -1.200000e+02
      vertex   -3.559200e+01 2.375029e+01 -1.200000e+02
    endloop
  endfacet
  facet normal -3.090170e-01 -9.510565e-01 -0.000000e+00
    outer loop
      vertex   -3.559200e+01 2.375029e+01 -1.100000e+02
      vertex   -3.559200e+01 2.375029e+01 -1.200000e+02
      vertex   -3.487681e+01 2.351791e+01 -1.100000e+02
    endloop
  endfacet
  facet normal -3.090170e-01 -9.510565e-01 -0.000000e+00
    outer loop
      vertex   -3.487681e+01 2.351791e+01 -1.100000e+02
      vertex   -3.559200e+01 2.375029e+01 -1.200000e+02
      vertex   -3.487681e+01 2.351791e+01 -1.200000e+02
    endloop
  endfacet
  facet normal -5.358268e-01 -8.443279e-01 -0.000000e+00
    outer loop
      vertex   -3.487681e+01 2.351791e+01 -1.100000e+02
      vertex   -3.487681e+01 2.351791e+01 -1.200000e+02
      vertex   -3.424187e+01 2.311497e+01 -1.100000e+02
    endloop
  endfacet
  facet normal -5.358268e-01 -8.443279e-01 -0.000000e+00
    outer loop
      vertex   -3.424187e+01 2.311497e+01 -1.100000e+02
      vertex   -3.487681e+01 2.351791e+01 -1.200000e+02
      vertex   -3.424187e+01 2.311497e+01 -1.200000e+02
    endloop
  endfacet
  facet normal -7.289686e-01 -6.845471e-01 -0.000000e+00
    outer loop
      vertex   -3.424187e+01 2.311497e+01 -1.100000e+02
      vertex   -3.424187e+01 2.311497e+01 -1.200000e+02
      vertex   -3.372709e+01 2.256678e+01 -1.100000e+02
    endloop
  endfacet
  facet normal -7.289686e-01 -6.845471e-01 -0.000000e+00
    outer loop
      vertex   -3.372709e+01 2.256678e+01 -1.100000e+02
      vertex   -3.424187e+01 2.311497e+01 -1.200000e+02
      vertex   -3.372709e+01 2.256678e+01 -1.200000e+02
    endloop
  endfacet
  facet normal -8.763067e-01 -4.817537e-01 -0.000000e+00
    outer loop
      vertex   -3.372709e+01 2.256678e+01 -1.100000e+02
      vertex   -3.372709e+01 2.256678e+01 -1.200000e+02
      vertex   -3.336482e+01 2.190780e+01 -1.100000e+02
    endloop
  endfacet
  facet normal -8.763067e-01 -4.817537e-01 -0.000000e+00
    outer loop
      vertex   -3.336482e+01 2.190780e+01 -1.100000e+02
      vertex   -3.372709e+01 2.256678e+01 -1.200000e+02
      vertex   -3.336482e+01 2.190780e+01 -1.200000e+02
    endloop
  endfacet
  facet normal -9.685832e-01 -2.486899e-01 -0.000000e+00
    outer loop
      vertex   -3.336482e+01 2.190780e+01 -1.100000e+02
      vertex   -3.336482e+01 2.190780e+01 -1.200000e+02
      vertex   -3.317780e+01 2.117943e+01 -1.100000e+02
    endloop
  endfacet
  facet normal -9.685832e-01 -2.486899e-01 -0.000000e+00
    outer loop
      vertex   -3.317780e+01 2.117943e+01 -1.100000e+02
      vertex   -3.336482e+01 2.190780e+01 -1.200000e+02
      vertex   -3.317780e+01 2.117943e+01 -1.200000e+02
    endloop
  endfacet
  facet normal -1.000000e+00 -0.000000e+00 -0.000000e+00
    outer loop
      vertex   -3.317780e+01 2.117943e+01 -1.100000e+02
      vertex   -3.317780e+01 2.117943e+01 -1.200000e+02
      vertex   -3.317780e+01 2.042743e+01 -1.100000e+02
    endloop
  endfacet
  facet normal -1.000000e+00 0.000000e+00 0.000000e+00
    outer loop
      vertex   -3.317780e+01 2.042743e+01 -1.100000e+02
      vertex   -3.317780e+01 2.117943e+01 -1.200000e+02
      vertex   -3.317780e+01 2.042743e+01 -1.200000e+02
    endloop
  endfacet
  facet normal -9.685832e-01 2.486899e-01 0.000000e+00
    outer loop
      vertex   -3.317780e+01 2.042743e+01 -1.100000e+02
      vertex   -3.317780e+01 2.042743e+01 -1.200000e+02
      vertex   -3.336482e+01 1.969905e+01 -1.100000e+02
    endloop
  endfacet
  facet normal -9.685832e-01 2.486899e-01 0.000000e+00
    outer loop
      vertex   -3.336482e+01 1.969905e+01 -1.100000e+02
      vertex   -3.317780e+01 2.042743e+01 -1.200000e+02
      vertex   -3.336482e+01 1.969905e+01 -1.200000e+02
    endloop
  endfacet
  facet normal -8.763067e-01 4.817537e-01 0.000000e+00
    outer loop
      vertex   -3.336482e+01 1.969905e+01 -1.100000e+02
      vertex   -3.336482e+01 1.969905e+01 -1.200000e+02
      vertex   -3.372709e+01 1.904007e+01 -1.100000e+02
    endloop
  endfacet
  facet normal -8.763067e-01 4.817537e-01 0.000000e+00
    outer loop
      vertex   -3.372709e+01 1.904007e+01 -1.100000e+02
      vertex   -3.336482e+01 1.969905e+01 -1.200000e+02
      vertex   -3.372709e+01 1.904007e+01 -1.200000e+02
    endloop
  endfacet
  facet normal -7.289686e-01 6.845471e-01 0.000000e+00
    outer loop
      vertex   -3.372709e+01 1.904007e+01 -1.100000e+02
      vertex   -3.372709e+01 1.904007e+01 -1.200000e+02
      vertex   -3.424187e+01 1.849189e+01 -1.100000e+02
    endloop
  endfacet
  facet normal -7.289686e-01 6.845471e-01 0.000000e+00
    outer loop
      vertex   -3.424187e+01 1.849189e+01 -1.100000e+02
      vertex   -3.372709e+01 1.904007e+01 -1.200000e+02
      vertex   -3.424187e+01 1.849189e+01 -1.200000e+02
    endloop
  endfacet
  facet normal -5.358268e-01 8.443279e-01 0.000000e+00
    outer loop
      vertex   -3.424187e+01 1.849189e+01 -1.100000e+02
      vertex   -3.424187e+01 1.849189e+01 -1.200000e+02
      vertex   -3.487681e+01 1.808895e+01 -1.100000e+02
    endloop
  endfacet
  facet normal -5.358268e-01 8.443279e-01 0.000000e+00
    outer loop
      vertex   -3.487681e+01 1.808895e+01 -1.100000e+02
      vertex   -3.424187e+01 1.849189e+01 -1.200000e+02
      vertex   -3.487681e+01 1.808895e+01 -1.200000e+02
    endloop
  endfacet
  facet normal -3.090170e-01 9.510565e-01 0.000000e+00
    outer loop
      vertex   -3.487681e+01 1.808895e+01 -1.100000e+02
      vertex   -3.487681e+01 1.808895e+01 -1.200000e+02
      vertex   -3.559200e+01 1.785656e+01 -1.100000e+02
    endloop
  endfacet
  facet normal -3.090170e-01 9.510565e-01 0.000000e+00
    outer loop
      vertex   -3.559200e+01 1.785656e+01 -1.100000e+02
      vertex   -3.487681e+01 1.808895e+01 -1.200000e+02
      vertex   -3.559200e+01 1.785656e+01 -1.200000e+02
    endloop
  endfacet
  facet normal -6.279052e-02 9.980267e-01 0.000000e+00
    outer loop
      vertex   -3.559200e+01 1.785656e+01 -1.100000e+02
      vertex   -3.559200e+01 1.785656e+01 -1.200000e+02
      vertex   -3.634252e+01 1.780935e+01 -1.100000e+02
    endloop
  endfacet
  facet normal -6.279052e-02 9.980267e-01 0.000000e+00
    outer loop
      vertex   -3.634252e+01 1.780935e+01 -1.100000e+02
      vertex   -3.559200e+01 1.785656e+01 -1.200000e+02
      vertex   -3.634252e+01 1.780935e+01 -1.200000e+02
    endloop
  endfacet
  facet normal 1.873813e-01 9.822873e-01 0.000000e+00
    outer loop
      vertex   -3.634252e+01 1.780935e+01 -1.100000e+02
      vertex   -3.634252e+01 1.780935e+01 -1.200000e+02
      vertex   -3.708120e+01 1.795026e+01 -1.100000e+02
    endloop
  endfacet
  facet normal 1.873813e-01 9.822873e-01 0.000000e+00
    outer loop
      vertex   -3.708120e+01 1.795026e+01 -1.100000e+02
      vertex   -3.634252e+01 1.780935e+01 -1.200000e+02
      vertex   -3.708120e+01 1.795026e+01 -1.200000e+02
    endloop
  endfacet
  facet normal 4.257793e-01 9.048271e-01 0.000000e+00
    outer loop
      vertex   -3.708120e+01 1.795026e+01 -1.100000e+02
      vertex   -3.708120e+01 1.795026e+01 -1.200000e+02
      vertex   -3.776163e+01 1.827044e+01 -1.100000e+02
    endloop
  endfacet
  facet normal 4.257793e-01 9.048271e-01 0.000000e+00
    outer loop
      vertex   -3.776163e+01 1.827044e+01 -1.100000e+02
      vertex   -3.708120e+01 1.795026e+01 -1.200000e+02
      vertex   -3.776163e+01 1.827044e+01 -1.200000e+02
    endloop
  endfacet
  facet normal 6.374240e-01 7.705132e-01 0.000000e+00
    outer loop
      vertex   -3.776163e+01 1.827044e+01 -1.100000e+02
      vertex   -3.776163e+01 1.827044e+01 -1.200000e+02
      vertex   -3.834105e+01 1.874979e+01 -1.100000e+02
    endloop
  endfacet
  facet normal 6.374240e-01 7.705132e-01 0.000000e+00
    outer loop
      vertex   -3.834105e+01 1.874979e+01 -1.100000e+02
      vertex   -3.776163e+01 1.827044e+01 -1.200000e+02
      vertex   -3.834105e+01 1.874979e+01 -1.200000e+02
    endloop
  endfacet
  facet normal 8.090170e-01 5.877853e-01 0.000000e+00
    outer loop
      vertex   -3.834105e+01 1.874979e+01 -1.100000e+02
      vertex   -3.834105e+01 1.874979e+01 -1.200000e+02
      vertex   -3.878306e+01 1.935817e+01 -1.100000e+02
    endloop
  endfacet
  facet normal 8.090170e-01 5.877853e-01 0.000000e+00
    outer loop
      vertex   -3.878306e+01 1.935817e+01 -1.100000e+02
      vertex   -3.834105e+01 1.874979e+01 -1.200000e+02
      vertex   -3.878306e+01 1.935817e+01 -1.200000e+02
    endloop
  endfacet
  facet normal 9.297765e-01 3.681246e-01 0.000000e+00
    outer loop
      vertex   -3.878306e+01 1.935817e+01 -1.100000e+02
      vertex   -3.878306e+01 1.935817e+01 -1.200000e+02
      vertex   -3.905989e+01 2.005736e+01 -1.100000e+02
    endloop
  endfacet
  facet normal 9.297765e-01 3.681246e-01 0.000000e+00
    outer loop
      vertex   -3.905989e+01 2.005736e+01 -1.100000e+02
      vertex   -3.878306e+01 1.935817e+01 -1.200000e+02
      vertex   -3.905989e+01 2.005736e+01 -1.200000e+02
    endloop
  endfacet
  facet normal 0.000000e+00 0.000000e+00 -1.000000e+00
    outer loop
      vertex   -3.905989e+01 2.005736e+01 -8.820575e+01
      vertex   -3.915414e+01 2.080343e+01 -8.820575e+01
      vertex   -3.487681e+01 2.351791e+01 -8.820575e+01
    endloop
  endfacet
  facet normal 0.000000e+00 0.000000e+00 -1.000000e+00
    outer loop
      vertex   -3.487681e+01 2.351791e+01 -8.820575e+01
      vertex   -3.915414e+01 2.080343e+01 -8.820575e+01
      vertex   -3.905989e+01 2.154950e+01 -8.820575e+01
    endloop
  endfacet
  facet normal 0.000000e+00 0.000000e+00 -1.000000e+00
    outer loop
      vertex   -3.487681e+01 2.351791e+01 -8.820575e+01
      vertex   -3.905989e+01 2.154950e+01 -8.820575e+01
      vertex   -3.878306e+01 2.224869e+01 -8.820575e+01
    endloop
  endfacet
  facet normal 0.000000e+00 0.000000e+00 -1.000000e+00
    outer loop
      vertex   -3.878306e+01 2.224869e+01 -8.820575e+01
      vertex   -3.834105e+01 2.285707e+01 -8.820575e+01
      vertex   -3.487681e+01 2.351791e+01 -8.820575e+01
    endloop
  endfacet
  facet normal 0.000000e+00 0.000000e+00 -1.000000e+00
    outer loop
      vertex   -3.487681e+01 2.351791e+01 -8.820575e+01
      vertex   -3.834105e+01 2.285707e+01 -8.820575e+01
      vertex   -3.776163e+01 2.333641e+01 -8.820575e+01
    endloop
  endfacet
  facet normal -0.000000e+00 0.000000e+00 -1.000000e+00
    outer loop
      vertex   -3.487681e+01 2.351791e+01 -8.820575e+01
      vertex   -3.776163e+01 2.333641e+01 -8.820575e+01
      vertex   -3.708120e+01 2.365660e+01 -8.820575e+01
    endloop
  endfacet
  facet normal 0.000000e+00 -0.000000e+00 -1.000000e+00
    outer loop
      vertex   -3.634252e+01 2.379751e+01 -8.820575e+01
      vertex   -3.559200e+01 2.375029e+01 -8.820575e+01
      vertex   -3.708120e+01 2.365660e+01 -8.820575e+01
    endloop
  endfacet
  facet normal 0.000000e+00 0.000000e+00 -1.000000e+00
    outer loop
      vertex   -3.708120e+01 2.365660e+01 -8.820575e+01
      vertex   -3.559200e+01 2.375029e+01 -8.820575e+01
      vertex   -3.487681e+01 2.351791e+01 -8.820575e+01
    endloop
  endfacet
  facet normal -0.000000e+00 0.000000e+00 -1.000000e+00
    outer loop
      vertex   -3.424187e+01 2.311497e+01 -8.820575e+01
      vertex   -3.487681e+01 1.808895e+01 -8.820575e+01
      vertex   -3.487681e+01 2.351791e+01 -8.820575e+01
    endloop
  endfacet
  facet normal 0.000000e+00 -0.000000e+00 -1.000000e+00
    outer loop
      vertex   -3.487681e+01 2.351791e+01 -8.820575e+01
      vertex   -3.487681e+01 1.808895e+01 -8.820575e+01
      vertex   -3.559200e+01 1.785656e+01 -8.820575e+01
    endloop
  endfacet
  facet normal 0.000000e+00 0.000000e+00 -1.000000e+00
    outer loop
      vertex   -3.487681e+01 2.351791e+01 -8.820575e+01
      vertex   -3.559200e+01 1.785656e+01 -8.820575e+01
      vertex   -3.634252e+01 1.780935e+01 -8.820575e+01
    endloop
  endfacet
  facet normal 0.000000e+00 0.000000e+00 -1.000000e+00
    outer loop
      vertex   -3.487681e+01 1.808895e+01 -8.820575e+01
      vertex   -3.424187e+01 2.311497e+01 -8.820575e+01
      vertex   -3.424187e+01 1.849189e+01 -8.820575e+01
    endloop
  endfacet
  facet normal 0.000000e+00 0.000000e+00 -1.000000e+00
    outer loop
      vertex   -3.424187e+01 1.849189e+01 -8.820575e+01
      vertex   -3.424187e+01 2.311497e+01 -8.820575e+01
      vertex   -3.372709e+01 2.256678e+01 -8.820575e+01
    endloop
  endfacet
  facet normal 0.000000e+00 0.000000e+00 -1.000000e+00
    outer loop
      vertex   -3.424187e+01 1.849189e+01 -8.820575e+01
      vertex   -3.372709e+01 2.256678e+01 -8.820575e+01
      vertex   -3.372709e+01 1.904007e+01 -8.820575e+01
    endloop
  endfacet
  facet normal 0.000000e+00 0.000000e+00 -1.000000e+00
    outer loop
      vertex   -3.372709e+01 1.904007e+01 -8.820575e+01
      vertex   -3.372709e+01 2.256678e+01 -8.820575e+01
      vertex   -3.336482e+01 2.190780e+01 -8.820575e+01
    endloop
  endfacet
  facet normal 0.000000e+00 0.000000e+00 -1.000000e+00
    outer loop
      vertex   -3.372709e+01 1.904007e+01 -8.820575e+01
      vertex   -3.336482e+01 2.190780e+01 -8.820575e+01
      vertex   -3.336482e+01 1.969905e+01 -8.820575e+01
    endloop
  endfacet
  facet normal 0.000000e+00 0.000000e+00 -1.000000e+00
    outer loop
      vertex   -3.336482e+01 1.969905e+01 -8.820575e+01
      vertex   -3.336482e+01 2.190780e+01 -8.820575e+01
      vertex   -3.317780e+01 2.117943e+01 -8.820575e+01
    endloop
  endfacet
  facet normal 0.000000e+00 0.000000e+00 -1.000000e+00
    outer loop
      vertex   -3.336482e+01 1.969905e+01 -8.820575e+01
      vertex   -3.317780e+01 2.117943e+01 -8.820575e+01
      vertex   -3.317780e+01 2.042743e+01 -8.820575e+01
    endloop
  endfacet
  facet normal 0.000000e+00 0.000000e+00 -1.000000e+00
    outer loop
      vertex   -3.634252e+01 1.780935e+01 -8.820575e+01
      vertex   -3.708120e+01 1.795026e+01 -8.820575e+01
      vertex   -3.487681e+01 2.351791e+01 -8.820575e+01
    endloop
  endfacet
  facet normal 0.000000e+00 0.000000e+00 -1.000000e+00
    outer loop
      vertex   -3.487681e+01 2.351791e+01 -8.820575e+01
      vertex   -3.708120e+01 1.795026e+01 -8.820575e+01
      vertex   -3.776163e+01 1.827044e+01 -8.820575e+01
    endloop
  endfacet
  facet normal 0.000000e+00 0.000000e+00 -1.000000e+00
    outer loop
      vertex   -3.487681e+01 2.351791e+01 -8.820575e+01
      vertex   -3.776163e+01 1.827044e+01 -8.820575e+01
      vertex   -3.834105e+01 1.874979e+01 -8.820575e+01
    endloop
  endfacet
  facet normal 0.000000e+00 0.000000e+00 -1.000000e+00
    outer loop
      vertex   -3.834105e+01 1.874979e+01 -8.820575e+01
      vertex   -3.878306e+01 1.935817e+01 -8.820575e+01
      vertex   -3.487681e+01 2.351791e+01 -8.820575e+01
    endloop
  endfacet
  facet normal 0.000000e+00 0.000000e+00 -1.000000e+00
    outer loop
      vertex   -3.487681e+01 2.351791e+01 -8.820575e+01
      vertex   -3.878306e+01 1.935817e+01 -8.820575e+01
      vertex   -3.905989e+01 2.005736e+01 -8.820575e+01
    endloop
  endfacet
  facet normal 9.921147e-01 1.253332e-01 0.000000e+00
    outer loop
      vertex   -3.899912e+01 -2.165476e+01 -1.100000e+02
      vertex   -3.899912e+01 -2.165476e+01 -1.200000e+02
      vertex   -3.909337e+01 -2.090869e+01 -1.100000e+02
    endloop
  endfacet
  facet normal 9.921147e-01 1.253332e-01 0.000000e+00
    outer loop
      vertex   -3.909337e+01 -2.090869e+01 -1.100000e+02
      vertex   -3.899912e+01 -2.165476e+01 -1.200000e+02
      vertex   -3.909337e+01 -2.090869e+01 -1.200000e+02
    endloop
  endfacet
  facet normal 9.921147e-01 -1.253332e-01 0.000000e+00
    outer loop
      vertex   -3.909337e+01 -2.090869e+01 -1.100000e+02
      vertex   -3.909337e+01 -2.090869e+01 -1.200000e+02
      vertex   -3.899912e+01 -2.016262e+01 -1.100000e+02
    endloop
  endfacet
  facet normal 9.921147e-01 -1.253332e-01 0.000000e+00
    outer loop
      vertex   -3.899912e+01 -2.016262e+01 -1.100000e+02
      vertex   -3.909337e+01 -2.090869e+01 -1.200000e+02
      vertex   -3.899912e+01 -2.016262e+01 -1.200000e+02
    endloop
  endfacet
  facet normal 9.297765e-01 -3.681246e-01 0.000000e+00
    outer loop
      vertex   -3.899912e+01 -2.016262e+01 -1.100000e+02
      vertex   -3.899912e+01 -2.016262e+01 -1.200000e+02
      vertex   -3.872229e+01 -1.946343e+01 -1.100000e+02
    endloop
  endfacet
  facet normal 9.297765e-01 -3.681246e-01 0.000000e+00
    outer loop
      vertex   -3.872229e+01 -1.946343e+01 -1.100000e+02
      vertex   -3.899912e+01 -2.016262e+01 -1.200000e+02
      vertex   -3.872229e+01 -1.946343e+01 -1.200000e+02
    endloop
  endfacet
  facet normal 8.090170e-01 -5.877853e-01 0.000000e+00
    outer loop
      vertex   -3.872229e+01 -1.946343e+01 -1.100000e+02
      vertex   -3.872229e+01 -1.946343e+01 -1.200000e+02
      vertex   -3.828027e+01 -1.885505e+01 -1.100000e+02
    endloop
  endfacet
  facet normal 8.090170e-01 -5.877853e-01 0.000000e+00
    outer loop
      vertex   -3.828027e+01 -1.885505e+01 -1.100000e+02
      vertex   -3.872229e+01 -1.946343e+01 -1.200000e+02
      vertex   -3.828027e+01 -1.885505e+01 -1.200000e+02
    endloop
  endfacet
  facet normal 6.374240e-01 -7.705132e-01 0.000000e+00
    outer loop
      vertex   -3.828027e+01 -1.885505e+01 -1.100000e+02
      vertex   -3.828027e+01 -1.885505e+01 -1.200000e+02
      vertex   -3.770085e+01 -1.837571e+01 -1.100000e+02
    endloop
  endfacet
  facet normal 6.374240e-01 -7.705132e-01 0.000000e+00
    outer loop
      vertex   -3.770085e+01 -1.837571e+01 -1.100000e+02
      vertex   -3.828027e+01 -1.885505e+01 -1.200000e+02
      vertex   -3.770085e+01 -1.837571e+01 -1.200000e+02
    endloop
  endfacet
  facet normal 4.257793e-01 -9.048271e-01 0.000000e+00
    outer loop
      vertex   -3.770085e+01 -1.837571e+01 -1.100000e+02
      vertex   -3.770085e+01 -1.837571e+01 -1.200000e+02
      vertex   -3.702042e+01 -1.805552e+01 -1.100000e+02
    endloop
  endfacet
  facet normal 4.257793e-01 -9.048271e-01 0.000000e+00
    outer loop
      vertex   -3.702042e+01 -1.805552e+01 -1.100000e+02
      vertex   -3.770085e+01 -1.837571e+01 -1.200000e+02
      vertex   -3.702042e+01 -1.805552e+01 -1.200000e+02
    endloop
  endfacet
  facet normal 1.873813e-01 -9.822873e-01 0.000000e+00
    outer loop
      vertex   -3.702042e+01 -1.805552e+01 -1.100000e+02
      vertex   -3.702042e+01 -1.805552e+01 -1.200000e+02
      vertex   -3.628174e+01 -1.791461e+01 -1.100000e+02
    endloop
  endfacet
  facet normal 1.873813e-01 -9.822873e-01 0.000000e+00
    outer loop
      vertex   -3.628174e+01 -1.791461e+01 -1.100000e+02
      vertex   -3.702042e+01 -1.805552e+01 -1.200000e+02
      vertex   -3.628174e+01 -1.791461e+01 -1.200000e+02
    endloop
  endfacet
  facet normal -6.279052e-02 -9.980267e-01 -0.000000e+00
    outer loop
      vertex   -3.628174e+01 -1.791461e+01 -1.100000e+02
      vertex   -3.628174e+01 -1.791461e+01 -1.200000e+02
      vertex   -3.553122e+01 -1.796183e+01 -1.100000e+02
    endloop
  endfacet
  facet normal -6.279052e-02 -9.980267e-01 -0.000000e+00
    outer loop
      vertex   -3.553122e+01 -1.796183e+01 -1.100000e+02
      vertex   -3.628174e+01 -1.791461e+01 -1.200000e+02
      vertex   -3.553122e+01 -1.796183e+01 -1.200000e+02
    endloop
  endfacet
  facet normal -3.090170e-01 -9.510565e-01 -0.000000e+00
    outer loop
      vertex   -3.553122e+01 -1.796183e+01 -1.100000e+02
      vertex   -3.553122e+01 -1.796183e+01 -1.200000e+02
      vertex   -3.481603e+01 -1.819421e+01 -1.100000e+02
    endloop
  endfacet
  facet normal -3.090170e-01 -9.510565e-01 -0.000000e+00
    outer loop
      vertex   -3.481603e+01 -1.819421e+01 -1.100000e+02
      vertex   -3.553122e+01 -1.796183e+01 -1.200000e+02
      vertex   -3.481603e+01 -1.819421e+01 -1.200000e+02
    endloop
  endfacet
  facet normal -5.358268e-01 -8.443279e-01 -0.000000e+00
    outer loop
      vertex   -3.481603e+01 -1.819421e+01 -1.100000e+02
      vertex   -3.481603e+01 -1.819421e+01 -1.200000e+02
      vertex   -3.418110e+01 -1.859715e+01 -1.100000e+02
    endloop
  endfacet
  facet normal -5.358268e-01 -8.443279e-01 -0.000000e+00
    outer loop
      vertex   -3.418110e+01 -1.859715e+01 -1.100000e+02
      vertex   -3.481603e+01 -1.819421e+01 -1.200000e+02
      vertex   -3.418110e+01 -1.859715e+01 -1.200000e+02
    endloop
  endfacet
  facet normal -7.289686e-01 -6.845471e-01 -0.000000e+00
    outer loop
      vertex   -3.418110e+01 -1.859715e+01 -1.100000e+02
      vertex   -3.418110e+01 -1.859715e+01 -1.200000e+02
      vertex   -3.366632e+01 -1.914534e+01 -1.100000e+02
    endloop
  endfacet
  facet normal -7.289686e-01 -6.845471e-01 -0.000000e+00
    outer loop
      vertex   -3.366632e+01 -1.914534e+01 -1.100000e+02
      vertex   -3.418110e+01 -1.859715e+01 -1.200000e+02
      vertex   -3.366632e+01 -1.914534e+01 -1.200000e+02
    endloop
  endfacet
  facet normal -8.763067e-01 -4.817537e-01 -0.000000e+00
    outer loop
      vertex   -3.366632e+01 -1.914534e+01 -1.100000e+02
      vertex   -3.366632e+01 -1.914534e+01 -1.200000e+02
      vertex   -3.330404e+01 -1.980432e+01 -1.100000e+02
    endloop
  endfacet
  facet normal -8.763067e-01 -4.817537e-01 -0.000000e+00
    outer loop
      vertex   -3.330404e+01 -1.980432e+01 -1.100000e+02
      vertex   -3.366632e+01 -1.914534e+01 -1.200000e+02
      vertex   -3.330404e+01 -1.980432e+01 -1.200000e+02
    endloop
  endfacet
  facet normal -9.685832e-01 -2.486899e-01 -0.000000e+00
    outer loop
      vertex   -3.330404e+01 -1.980432e+01 -1.100000e+02
      vertex   -3.330404e+01 -1.980432e+01 -1.200000e+02
      vertex   -3.311702e+01 -2.053269e+01 -1.100000e+02
    endloop
  endfacet
  facet normal -9.685832e-01 -2.486899e-01 -0.000000e+00
    outer loop
      vertex   -3.311702e+01 -2.053269e+01 -1.100000e+02
      vertex   -3.330404e+01 -1.980432e+01 -1.200000e+02
      vertex   -3.311702e+01 -2.053269e+01 -1.200000e+02
    endloop
  endfacet
  facet normal -1.000000e+00 -0.000000e+00 -0.000000e+00
    outer loop
      vertex   -3.311702e+01 -2.053269e+01 -1.100000e+02
      vertex   -3.311702e+01 -2.053269e+01 -1.200000e+02
      vertex   -3.311702e+01 -2.128469e+01 -1.100000e+02
    endloop
  endfacet
  facet normal -1.000000e+00 0.000000e+00 0.000000e+00
    outer loop
      vertex   -3.311702e+01 -2.128469e+01 -1.100000e+02
      vertex   -3.311702e+01 -2.053269e+01 -1.200000e+02
      vertex   -3.311702e+01 -2.128469e+01 -1.200000e+02
    endloop
  endfacet
  facet normal -9.685832e-01 2.486899e-01 0.000000e+00
    outer loop
      vertex   -3.311702e+01 -2.128469e+01 -1.100000e+02
      vertex   -3.311702e+01 -2.128469e+01 -1.200000e+02
      vertex   -3.330404e+01 -2.201307e+01 -1.100000e+02
    endloop
  endfacet
  facet normal -9.685832e-01 2.486899e-01 0.000000e+00
    outer loop
      vertex   -3.330404e+01 -2.201307e+01 -1.100000e+02
      vertex   -3.311702e+01 -2.128469e+01 -1.200000e+02
      vertex   -3.330404e+01 -2.201307e+01 -1.200000e+02
    endloop
  endfacet
  facet normal -8.763067e-01 4.817537e-01 0.000000e+00
    outer loop
      vertex   -3.330404e+01 -2.201307e+01 -1.100000e+02
      vertex   -3.330404e+01 -2.201307e+01 -1.200000e+02
      vertex   -3.366632e+01 -2.267205e+01 -1.100000e+02
    endloop
  endfacet
  facet normal -8.763067e-01 4.817537e-01 0.000000e+00
    outer loop
      vertex   -3.366632e+01 -2.267205e+01 -1.100000e+02
      vertex   -3.330404e+01 -2.201307e+01 -1.200000e+02
      vertex   -3.366632e+01 -2.267205e+01 -1.200000e+02
    endloop
  endfacet
  facet normal -7.289686e-01 6.845471e-01 0.000000e+00
    outer loop
      vertex   -3.366632e+01 -2.267205e+01 -1.100000e+02
      vertex   -3.366632e+01 -2.267205e+01 -1.200000e+02
      vertex   -3.418110e+01 -2.322023e+01 -1.100000e+02
    endloop
  endfacet
  facet normal -7.289686e-01 6.845471e-01 0.000000e+00
    outer loop
      vertex   -3.418110e+01 -2.322023e+01 -1.100000e+02
      vertex   -3.366632e+01 -2.267205e+01 -1.200000e+02
      vertex   -3.418110e+01 -2.322023e+01 -1.200000e+02
    endloop
  endfacet
  facet normal -5.358268e-01 8.443279e-01 0.000000e+00
    outer loop
      vertex   -3.418110e+01 -2.322023e+01 -1.100000e+02
      vertex   -3.418110e+01 -2.322023e+01 -1.200000e+02
      vertex   -3.481603e+01 -2.362318e+01 -1.100000e+02
    endloop
  endfacet
  facet normal -5.358268e-01 8.443279e-01 0.000000e+00
    outer loop
      vertex   -3.481603e+01 -2.362318e+01 -1.100000e+02
      vertex   -3.418110e+01 -2.322023e+01 -1.200000e+02
      vertex   -3.481603e+01 -2.362318e+01 -1.200000e+02
    endloop
  endfacet
  facet normal -3.090170e-01 9.510565e-01 0.000000e+00
    outer loop
      vertex   -3.481603e+01 -2.362318e+01 -1.100000e+02
      vertex   -3.481603e+01 -2.362318e+01 -1.200000e+02
      vertex   -3.553122e+01 -2.385556e+01 -1.100000e+02
    endloop
  endfacet
  facet normal -3.090170e-01 9.510565e-01 0.000000e+00
    outer loop
      vertex   -3.553122e+01 -2.385556e+01 -1.100000e+02
      vertex   -3.481603e+01 -2.362318e+01 -1.200000e+02
      vertex   -3.553122e+01 -2.385556e+01 -1.200000e+02
    endloop
  endfacet
  facet normal -6.279052e-02 9.980267e-01 0.000000e+00
    outer loop
      vertex   -3.553122e+01 -2.385556e+01 -1.100000e+02
      vertex   -3.553122e+01 -2.385556e+01 -1.200000e+02
      vertex   -3.628174e+01 -2.390277e+01 -1.100000e+02
    endloop
  endfacet
  facet normal -6.279052e-02 9.980267e-01 0.000000e+00
    outer loop
      vertex   -3.628174e+01 -2.390277e+01 -1.100000e+02
      vertex   -3.553122e+01 -2.385556e+01 -1.200000e+02
      vertex   -3.628174e+01 -2.390277e+01 -1.200000e+02
    endloop
  endfacet
  facet normal 1.873813e-01 9.822873e-01 0.000000e+00
    outer loop
      vertex   -3.628174e+01 -2.390277e+01 -1.100000e+02
      vertex   -3.628174e+01 -2.390277e+01 -1.200000e+02
      vertex   -3.702042e+01 -2.376186e+01 -1.100000e+02
    endloop
  endfacet
  facet normal 1.873813e-01 9.822873e-01 0.000000e+00
    outer loop
      vertex   -3.702042e+01 -2.376186e+01 -1.100000e+02
      vertex   -3.628174e+01 -2.390277e+01 -1.200000e+02
      vertex   -3.702042e+01 -2.376186e+01 -1.200000e+02
    endloop
  endfacet
  facet normal 4.257793e-01 9.048271e-01 0.000000e+00
    outer loop
      vertex   -3.702042e+01 -2.376186e+01 -1.100000e+02
      vertex   -3.702042e+01 -2.376186e+01 -1.200000e+02
      vertex   -3.770085e+01 -2.344168e+01 -1.100000e+02
    endloop
  endfacet
  facet normal 4.257793e-01 9.048271e-01 0.000000e+00
    outer loop
      vertex   -3.770085e+01 -2.344168e+01 -1.100000e+02
      vertex   -3.702042e+01 -2.376186e+01 -1.200000e+02
      vertex   -3.770085e+01 -2.344168e+01 -1.200000e+02
    endloop
  endfacet
  facet normal 6.374240e-01 7.705132e-01 0.000000e+00
    outer loop
      vertex   -3.770085e+01 -2.344168e+01 -1.100000e+02
      vertex   -3.770085e+01 -2.344168e+01 -1.200000e+02
      vertex   -3.828027e+01 -2.296234e+01 -1.100000e+02
    endloop
  endfacet
  facet normal 6.374240e-01 7.705132e-01 0.000000e+00
    outer loop
      vertex   -3.828027e+01 -2.296234e+01 -1.100000e+02
      vertex   -3.770085e+01 -2.344168e+01 -1.200000e+02
      vertex   -3.828027e+01 -2.296234e+01 -1.200000e+02
    endloop
  endfacet
  facet normal 8.090170e-01 5.877853e-01 0.000000e+00
    outer loop
      vertex   -3.828027e+01 -2.296234e+01 -1.100000e+02
      vertex   -3.828027e+01 -2.296234e+01 -1.200000e+02
      vertex   -3.872229e+01 -2.235396e+01 -1.100000e+02
    endloop
  endfacet
  facet normal 8.090170e-01 5.877853e-01 0.000000e+00
    outer loop
      vertex   -3.872229e+01 -2.235396e+01 -1.100000e+02
      vertex   -3.828027e+01 -2.296234e+01 -1.200000e+02
      vertex   -3.872229e+01 -2.235396e+01 -1.200000e+02
    endloop
  endfacet
  facet normal 9.297765e-01 3.681246e-01 0.000000e+00
    outer loop
      vertex   -3.872229e+01 -2.235396e+01 -1.100000e+02
      vertex   -3.872229e+01 -2.235396e+01 -1.200000e+02
      vertex   -3.899912e+01 -2.165476e+01 -1.100000e+02
    endloop
  endfacet
  facet normal 9.297765e-01 3.681246e-01 0.000000e+00
    outer loop
      vertex   -3.899912e+01 -2.165476e+01 -1.100000e+02
      vertex   -3.872229e+01 -2.235396e+01 -1.200000e+02
      vertex   -3.899912e+01 -2.165476e+01 -1.200000e+02
    endloop
  endfacet
  facet normal 0.000000e+00 0.000000e+00 -1.000000e+00
    outer loop
      vertex   -3.899912e+01 -2.165476e+01 -8.820575e+01
      vertex   -3.909337e+01 -2.090869e+01 -8.820575e+01
      vertex   -3.481603e+01 -1.819421e+01 -8.820575e+01
    endloop
  endfacet
  facet normal 0.000000e+00 0.000000e+00 -1.000000e+00
    outer loop
      vertex   -3.481603e+01 -1.819421e+01 -8.820575e+01
      vertex   -3.909337e+01 -2.090869e+01 -8.820575e+01
      vertex   -3.899912e+01 -2.016262e+01 -8.820575e+01
    endloop
  endfacet
  facet normal 0.000000e+00 0.000000e+00 -1.000000e+00
    outer loop
      vertex   -3.481603e+01 -1.819421e+01 -8.820575e+01
      vertex   -3.899912e+01 -2.016262e+01 -8.820575e+01
      vertex   -3.872229e+01 -1.946343e+01 -8.820575e+01
    endloop
  endfacet
  facet normal 0.000000e+00 0.000000e+00 -1.000000e+00
    outer loop
      vertex   -3.872229e+01 -1.946343e+01 -8.820575e+01
      vertex   -3.828027e+01 -1.885505e+01 -8.820575e+01
      vertex   -3.481603e+01 -1.819421e+01 -8.820575e+01
    endloop
  endfacet
  facet normal 0.000000e+00 0.000000e+00 -1.000000e+00
    outer loop
      vertex   -3.481603e+01 -1.819421e+01 -8.820575e+01
      vertex   -3.828027e+01 -1.885505e+01 -8.820575e+01
      vertex   -3.770085e+01 -1.837571e+01 -8.820575e+01
    endloop
  endfacet
  facet normal -0.000000e+00 0.000000e+00 -1.000000e+00
    outer loop
      vertex   -3.481603e+01 -1.819421e+01 -8.820575e+01
      vertex   -3.770085e+01 -1.837571e+01 -8.820575e+01
      vertex   -3.702042e+01 -1.805552e+01 -8.820575e+01
    endloop
  endfacet
  facet normal 0.000000e+00 -0.000000e+00 -1.000000e+00
    outer loop
      vertex   -3.628174e+01 -1.791461e+01 -8.820575e+01
      vertex   -3.553122e+01 -1.796183e+01 -8.820575e+01
      vertex   -3.702042e+01 -1.805552e+01 -8.820575e+01
    endloop
  endfacet
  facet normal 0.000000e+00 0.000000e+00 -1.000000e+00
    outer loop
      vertex   -3.702042e+01 -1.805552e+01 -8.820575e+01
      vertex   -3.553122e+01 -1.796183e+01 -8.820575e+01
      vertex   -3.481603e+01 -1.819421e+01 -8.820575e+01
    endloop
  endfacet
  facet normal -0.000000e+00 0.000000e+00 -1.000000e+00
    outer loop
      vertex   -3.418110e+01 -1.859715e+01 -8.820575e+01
      vertex   -3.481603e+01 -2.362318e+01 -8.820575e+01
      vertex   -3.481603e+01 -1.819421e+01 -8.820575e+01
    endloop
  endfacet
  facet normal 0.000000e+00 -0.000000e+00 -1.000000e+00
    outer loop
      vertex   -3.481603e+01 -1.819421e+01 -8.820575e+01
      vertex   -3.481603e+01 -2.362318e+01 -8.820575e+01
      vertex   -3.553122e+01 -2.385556e+01 -8.820575e+01
    endloop
  endfacet
  facet normal 0.000000e+00 0.000000e+00 -1.000000e+00
    outer loop
      vertex   -3.481603e+01 -1.819421e+01 -8.820575e+01
      vertex   -3.553122e+01 -2.385556e+01 -8.820575e+01
      vertex   -3.628174e+01 -2.390277e+01 -8.820575e+01
    endloop
  endfacet
  facet normal 0.000000e+00 0.000000e+00 -1.000000e+00
    outer loop
      vertex   -3.481603e+01 -2.362318e+01 -8.820575e+01
      vertex   -3.418110e+01 -1.859715e+01 -8.820575e+01
      vertex   -3.418110e+01 -2.322023e+01 -8.820575e+01
    endloop
  endfacet
  facet normal 0.000000e+00 0.000000e+00 -1.000000e+00
    outer loop
      vertex   -3.418110e+01 -2.322023e+01 -8.820575e+01
      vertex   -3.418110e+01 -1.859715e+01 -8.820575e+01
      vertex   -3.366632e+01 -1.914534e+01 -8.820575e+01
    endloop
  endfacet
  facet normal 0.000000e+00 0.000000e+00 -1.000000e+00
    outer loop
      vertex   -3.418110e+01 -2.322023e+01 -8.820575e+01
      vertex   -3.366632e+01 -1.914534e+01 -8.820575e+01
      vertex   -3.366632e+01 -2.267205e+01 -8.820575e+01
    endloop
  endfacet
  facet normal 0.000000e+00 0.000000e+00 -1.000000e+00
    outer loop
      vertex   -3.366632e+01 -2.267205e+01 -8.820575e+01
      vertex   -3.366632e+01 -1.914534e+01 -8.820575e+01
      vertex   -3.330404e+01 -1.980432e+01 -8.820575e+01
    endloop
  endfacet
  facet normal 0.000000e+00 0.000000e+00 -1.000000e+00
    outer loop
      vertex   -3.366632e+01 -2.267205e+01 -8.820575e+01
      vertex   -3.330404e+01 -1.980432e+01 -8.820575e+01
      vertex   -3.330404e+01 -2.201307e+01 -8.820575e+01
    endloop
  endfacet
  facet normal 0.000000e+00 0.000000e+00 -1.000000e+00
    outer loop
      vertex   -3.330404e+01 -2.201307e+01 -8.820575e+01
      vertex   -3.330404e+01 -1.980432e+01 -8.820575e+01
      vertex   -3.311702e+01 -2.053269e+01 -8.820575e+01
    endloop
  endfacet
  facet normal 0.000000e+00 0.000000e+00 -1.000000e+00
    outer loop
      vertex   -3.330404e+01 -2.201307e+01 -8.820575e+01
      vertex   -3.311702e+01 -2.053269e+01 -8.820575e+01
      vertex   -3.311702e+01 -2.128469e+01 -8.820575e+01
    endloop
  endfacet
  facet normal 0.000000e+00 0.000000e+00 -1.000000e+00
    outer loop
      vertex   -3.628174e+01 -2.390277e+01 -8.820575e+01
      vertex   -3.702042e+01 -2.376186e+01 -8.820575e+01
      vertex   -3.481603e+01 -1.819421e+01 -8.820575e+01
    endloop
  endfacet
  facet normal 0.000000e+00 0.000000e+00 -1.000000e+00
    outer loop
      vertex   -3.481603e+01 -1.819421e+01 -8.820575e+01
      vertex   -3.702042e+01 -2.376186e+01 -8.820575e+01
      vertex   -3.770085e+01 -2.344168e+01 -8.820575e+01
    endloop
  endfacet
  facet normal 0.000000e+00 0.000000e+00 -1.000000e+00
    outer loop
      vertex   -3.481603e+01 -1.819421e+01 -8.820575e+01
      vertex   -3.770085e+01 -2.344168e+01 -8.820575e+01
      vertex   -3.828027e+01 -2.296234e+01 -8.820575e+01
    endloop
  endfacet
  facet normal 0.000000e+00 0.000000e+00 -1.000000e+00
    outer loop
      vertex   -3.828027e+01 -2.296234e+01 -8.820575e+01
      vertex   -3.872229e+01 -2.235396e+01 -8.820575e+01
      vertex   -3.481603e+01 -1.819421e+01 -8.820575e+01
    endloop
  endfacet
  facet normal 0.000000e+00 0.000000e+00 -1.000000e+00
    outer loop
      vertex   -3.481603e+01 -1.819421e+01 -8.820575e+01
      vertex   -3.872229e+01 -2.235396e+01 -8.820575e+01
      vertex   -3.899912e+01 -2.165476e+01 -8.820575e+01
    endloop
  endfacet
  facet normal -9.921147e-01 1.253332e-01 0.000000e+00
    outer loop
      vertex   -3.520425e+01 -1.274607e+01 -3.920575e+01
      vertex   -3.520425e+01 -1.274607e+01 -2.870575e+01
      vertex   -3.511000e+01 -1.200000e+01 -3.920575e+01
    endloop
  endfacet
  facet normal -9.921147e-01 1.253332e-01 0.000000e+00
    outer loop
      vertex   -3.511000e+01 -1.200000e+01 -3.920575e+01
      vertex   -3.520425e+01 -1.274607e+01 -2.870575e+01
      vertex   -3.511000e+01 -1.200000e+01 -2.870575e+01
    endloop
  endfacet
  facet normal -9.921147e-01 -1.253332e-01 0.000000e+00
    outer loop
      vertex   -3.511000e+01 -1.200000e+01 -3.920575e+01
      vertex   -3.511000e+01 -1.200000e+01 -2.870575e+01
      vertex   -3.520425e+01 -1.125393e+01 -3.920575e+01
    endloop
  endfacet
  facet normal -9.921147e-01 -1.253332e-01 -2.120348e-17
    outer loop
      vertex   -3.520425e+01 -1.125393e+01 -3.920575e+01
      vertex   -3.511000e+01 -1.200000e+01 -2.870575e+01
      vertex   -3.520425e+01 -1.125393e+01 -2.870575e+01
    endloop
  endfacet
  facet normal -9.297765e-01 -3.681246e-01 -6.227815e-17
    outer loop
      vertex   -3.520425e+01 -1.125393e+01 -3.920575e+01
      vertex   -3.520425e+01 -1.125393e+01 -2.870575e+01
      vertex   -3.548108e+01 -1.055474e+01 -3.920575e+01
    endloop
  endfacet
  facet normal -9.297765e-01 -3.681246e-01 0.000000e+00
    outer loop
      vertex   -3.548108e+01 -1.055474e+01 -3.920575e+01
      vertex   -3.520425e+01 -1.125393e+01 -2.870575e+01
      vertex   -3.548108e+01 -1.055474e+01 -2.870575e+01
    endloop
  endfacet
  facet normal -8.090170e-01 -5.877853e-01 0.000000e+00
    outer loop
      vertex   -3.548108e+01 -1.055474e+01 -3.920575e+01
      vertex   -3.548108e+01 -1.055474e+01 -2.870575e+01
      vertex   -3.592309e+01 -9.946359e+00 -3.920575e+01
    endloop
  endfacet
  facet normal -8.090170e-01 -5.877853e-01 -9.943965e-17
    outer loop
      vertex   -3.592309e+01 -9.946359e+00 -3.920575e+01
      vertex   -3.548108e+01 -1.055474e+01 -2.870575e+01
      vertex   -3.592309e+01 -9.946359e+00 -2.870575e+01
    endloop
  endfacet
  facet normal -6.374240e-01 -7.705132e-01 -1.303530e-16
    outer loop
      vertex   -3.592309e+01 -9.946359e+00 -3.920575e+01
      vertex   -3.592309e+01 -9.946359e+00 -2.870575e+01
      vertex   -3.650252e+01 -9.467016e+00 -3.920575e+01
    endloop
  endfacet
  facet normal -6.374240e-01 -7.705132e-01 0.000000e+00
    outer loop
      vertex   -3.650252e+01 -9.467016e+00 -3.920575e+01
      vertex   -3.592309e+01 -9.946359e+00 -2.870575e+01
      vertex   -3.650252e+01 -9.467016e+00 -2.870575e+01
    endloop
  endfacet
  facet normal -4.257793e-01 -9.048271e-01 0.000000e+00
    outer loop
      vertex   -3.650252e+01 -9.467016e+00 -3.920575e+01
      vertex   -3.650252e+01 -9.467016e+00 -2.870575e+01
      vertex   -3.718295e+01 -9.146831e+00 -3.920575e+01
    endloop
  endfacet
  facet normal -4.257793e-01 -9.048271e-01 0.000000e+00
    outer loop
      vertex   -3.718295e+01 -9.146831e+00 -3.920575e+01
      vertex   -3.650252e+01 -9.467016e+00 -2.870575e+01
      vertex   -3.718295e+01 -9.146831e+00 -2.870575e+01
    endloop
  endfacet
  facet normal -1.873813e-01 -9.822873e-01 0.000000e+00
    outer loop
      vertex   -3.718295e+01 -9.146831e+00 -3.920575e+01
      vertex   -3.718295e+01 -9.146831e+00 -2.870575e+01
      vertex   -3.792163e+01 -9.005920e+00 -3.920575e+01
    endloop
  endfacet
  facet normal -1.873813e-01 -9.822873e-01 0.000000e+00
    outer loop
      vertex   -3.792163e+01 -9.005920e+00 -3.920575e+01
      vertex   -3.718295e+01 -9.146831e+00 -2.870575e+01
      vertex   -3.792163e+01 -9.005920e+00 -2.870575e+01
    endloop
  endfacet
  facet normal 6.279052e-02 -9.980267e-01 0.000000e+00
    outer loop
      vertex   -3.792163e+01 -9.005920e+00 -3.920575e+01
      vertex   -3.792163e+01 -9.005920e+00 -2.870575e+01
      vertex   -3.867214e+01 -9.053138e+00 -3.920575e+01
    endloop
  endfacet
  facet normal 6.279052e-02 -9.980267e-01 0.000000e+00
    outer loop
      vertex   -3.867214e+01 -9.053138e+00 -3.920575e+01
      vertex   -3.792163e+01 -9.005920e+00 -2.870575e+01
      vertex   -3.867214e+01 -9.053138e+00 -2.870575e+01
    endloop
  endfacet
  facet normal 3.090170e-01 -9.510565e-01 0.000000e+00
    outer loop
      vertex   -3.867214e+01 -9.053138e+00 -3.920575e+01
      vertex   -3.867214e+01 -9.053138e+00 -2.870575e+01
      vertex   -3.938734e+01 -9.285519e+00 -3.920575e+01
    endloop
  endfacet
  facet normal 3.090170e-01 -9.510565e-01 0.000000e+00
    outer loop
      vertex   -3.938734e+01 -9.285519e+00 -3.920575e+01
      vertex   -3.867214e+01 -9.053138e+00 -2.870575e+01
      vertex   -3.938734e+01 -9.285519e+00 -2.870575e+01
    endloop
  endfacet
  facet normal 5.358268e-01 -8.443279e-01 0.000000e+00
    outer loop
      vertex   -3.938734e+01 -9.285519e+00 -3.920575e+01
      vertex   -3.938734e+01 -9.285519e+00 -2.870575e+01
      vertex   -4.002227e+01 -9.688460e+00 -3.920575e+01
    endloop
  endfacet
  facet normal 5.358268e-01 -8.443279e-01 0.000000e+00
    outer loop
      vertex   -4.002227e+01 -9.688460e+00 -3.920575e+01
      vertex   -3.938734e+01 -9.285519e+00 -2.870575e+01
      vertex   -4.002227e+01 -9.688460e+00 -2.870575e+01
    endloop
  endfacet
  facet normal 7.289686e-01 -6.845471e-01 0.000000e+00
    outer loop
      vertex   -4.002227e+01 -9.688460e+00 -3.920575e+01
      vertex   -4.002227e+01 -9.688460e+00 -2.870575e+01
      vertex   -4.053705e+01 -1.023664e+01 -3.920575e+01
    endloop
  endfacet
  facet normal 7.289686e-01 -6.845471e-01 0.000000e+00
    outer loop
      vertex   -4.053705e+01 -1.023664e+01 -3.920575e+01
      vertex   -4.002227e+01 -9.688460e+00 -2.870575e+01
      vertex   -4.053705e+01 -1.023664e+01 -2.870575e+01
    endloop
  endfacet
  facet normal 8.763067e-01 -4.817537e-01 0.000000e+00
    outer loop
      vertex   -4.053705e+01 -1.023664e+01 -3.920575e+01
      vertex   -4.053705e+01 -1.023664e+01 -2.870575e+01
      vertex   -4.089933e+01 -1.089563e+01 -3.920575e+01
    endloop
  endfacet
  facet normal 8.763067e-01 -4.817537e-01 8.150157e-17
    outer loop
      vertex   -4.089933e+01 -1.089563e+01 -3.920575e+01
      vertex   -4.053705e+01 -1.023664e+01 -2.870575e+01
      vertex   -4.089933e+01 -1.089563e+01 -2.870575e+01
    endloop
  endfacet
  facet normal 9.685832e-01 -2.486899e-01 4.207257e-17
    outer loop
      vertex   -4.089933e+01 -1.089563e+01 -3.920575e+01
      vertex   -4.089933e+01 -1.089563e+01 -2.870575e+01
      vertex   -4.108634e+01 -1.162400e+01 -3.920575e+01
    endloop
  endfacet
  facet normal 9.685832e-01 -2.486899e-01 0.000000e+00
    outer loop
      vertex   -4.108634e+01 -1.162400e+01 -3.920575e+01
      vertex   -4.089933e+01 -1.089563e+01 -2.870575e+01
      vertex   -4.108634e+01 -1.162400e+01 -2.870575e+01
    endloop
  endfacet
  facet normal 1.000000e+00 0.000000e+00 -0.000000e+00
    outer loop
      vertex   -4.108634e+01 -1.162400e+01 -3.920575e+01
      vertex   -4.108634e+01 -1.162400e+01 -2.870575e+01
      vertex   -4.108634e+01 -1.237600e+01 -3.920575e+01
    endloop
  endfacet
  facet normal 1.000000e+00 0.000000e+00 0.000000e+00
    outer loop
      vertex   -4.108634e+01 -1.237600e+01 -3.920575e+01
      vertex   -4.108634e+01 -1.162400e+01 -2.870575e+01
      vertex   -4.108634e+01 -1.237600e+01 -2.870575e+01
    endloop
  endfacet
  facet normal 9.685832e-01 2.486899e-01 -0.000000e+00
    outer loop
      vertex   -4.108634e+01 -1.237600e+01 -3.920575e+01
      vertex   -4.108634e+01 -1.237600e+01 -2.870575e+01
      vertex   -4.089933e+01 -1.310437e+01 -3.920575e+01
    endloop
  endfacet
  facet normal 9.685832e-01 2.486899e-01 -0.000000e+00
    outer loop
      vertex   -4.089933e+01 -1.310437e+01 -3.920575e+01
      vertex   -4.108634e+01 -1.237600e+01 -2.870575e+01
      vertex   -4.089933e+01 -1.310437e+01 -2.870575e+01
    endloop
  endfacet
  facet normal 8.763067e-01 4.817537e-01 -0.000000e+00
    outer loop
      vertex   -4.089933e+01 -1.310437e+01 -3.920575e+01
      vertex   -4.089933e+01 -1.310437e+01 -2.870575e+01
      vertex   -4.053705e+01 -1.376336e+01 -3.920575e+01
    endloop
  endfacet
  facet normal 8.763067e-01 4.817537e-01 -0.000000e+00
    outer loop
      vertex   -4.053705e+01 -1.376336e+01 -3.920575e+01
      vertex   -4.089933e+01 -1.310437e+01 -2.870575e+01
      vertex   -4.053705e+01 -1.376336e+01 -2.870575e+01
    endloop
  endfacet
  facet normal 7.289686e-01 6.845471e-01 -0.000000e+00
    outer loop
      vertex   -4.053705e+01 -1.376336e+01 -3.920575e+01
      vertex   -4.053705e+01 -1.376336e+01 -2.870575e+01
      vertex   -4.002227e+01 -1.431154e+01 -3.920575e+01
    endloop
  endfacet
  facet normal 7.289686e-01 6.845471e-01 -2.316190e-16
    outer loop
      vertex   -4.002227e+01 -1.431154e+01 -3.920575e+01
      vertex   -4.053705e+01 -1.376336e+01 -2.870575e+01
      vertex   -4.002227e+01 -1.431154e+01 -2.870575e+01
    endloop
  endfacet
  facet normal 5.358268e-01 8.443279e-01 -2.856815e-16
    outer loop
      vertex   -4.002227e+01 -1.431154e+01 -3.920575e+01
      vertex   -4.002227e+01 -1.431154e+01 -2.870575e+01
      vertex   -3.938734e+01 -1.471448e+01 -3.920575e+01
    endloop
  endfacet
  facet normal 5.358268e-01 8.443279e-01 -0.000000e+00
    outer loop
      vertex   -3.938734e+01 -1.471448e+01 -3.920575e+01
      vertex   -4.002227e+01 -1.431154e+01 -2.870575e+01
      vertex   -3.938734e+01 -1.471448e+01 -2.870575e+01
    endloop
  endfacet
  facet normal 3.090170e-01 9.510565e-01 -0.000000e+00
    outer loop
      vertex   -3.938734e+01 -1.471448e+01 -3.920575e+01
      vertex   -3.938734e+01 -1.471448e+01 -2.870575e+01
      vertex   -3.867214e+01 -1.494686e+01 -3.920575e+01
    endloop
  endfacet
  facet normal 3.090170e-01 9.510565e-01 -1.608967e-16
    outer loop
      vertex   -3.867214e+01 -1.494686e+01 -3.920575e+01
      vertex   -3.938734e+01 -1.471448e+01 -2.870575e+01
      vertex   -3.867214e+01 -1.494686e+01 -2.870575e+01
    endloop
  endfacet
  facet normal 6.279052e-02 9.980267e-01 -1.688430e-16
    outer loop
      vertex   -3.867214e+01 -1.494686e+01 -3.920575e+01
      vertex   -3.867214e+01 -1.494686e+01 -2.870575e+01
      vertex   -3.792163e+01 -1.499408e+01 -3.920575e+01
    endloop
  endfacet
  facet normal 6.279052e-02 9.980267e-01 4.249081e-17
    outer loop
      vertex   -3.792163e+01 -1.499408e+01 -3.920575e+01
      vertex   -3.867214e+01 -1.494686e+01 -2.870575e+01
      vertex   -3.792163e+01 -1.499408e+01 -2.870575e+01
    endloop
  endfacet
  facet normal -1.873813e-01 9.822873e-01 -1.268023e-16
    outer loop
      vertex   -3.792163e+01 -1.499408e+01 -3.920575e+01
      vertex   -3.792163e+01 -1.499408e+01 -2.870575e+01
      vertex   -3.718295e+01 -1.485317e+01 -3.920575e+01
    endloop
  endfacet
  facet normal -1.873813e-01 9.822873e-01 0.000000e+00
    outer loop
      vertex   -3.718295e+01 -1.485317e+01 -3.920575e+01
      vertex   -3.792163e+01 -1.499408e+01 -2.870575e+01
      vertex   -3.718295e+01 -1.485317e+01 -2.870575e+01
    endloop
  endfacet
  facet normal -4.257793e-01 9.048271e-01 0.000000e+00
    outer loop
      vertex   -3.718295e+01 -1.485317e+01 -3.920575e+01
      vertex   -3.718295e+01 -1.485317e+01 -2.870575e+01
      vertex   -3.650252e+01 -1.453298e+01 -3.920575e+01
    endloop
  endfacet
  facet normal -4.257793e-01 9.048271e-01 0.000000e+00
    outer loop
      vertex   -3.650252e+01 -1.453298e+01 -3.920575e+01
      vertex   -3.718295e+01 -1.485317e+01 -2.870575e+01
      vertex   -3.650252e+01 -1.453298e+01 -2.870575e+01
    endloop
  endfacet
  facet normal -6.374240e-01 7.705132e-01 0.000000e+00
    outer loop
      vertex   -3.650252e+01 -1.453298e+01 -3.920575e+01
      vertex   -3.650252e+01 -1.453298e+01 -2.870575e+01
      vertex   -3.592309e+01 -1.405364e+01 -3.920575e+01
    endloop
  endfacet
  facet normal -6.374240e-01 7.705132e-01 0.000000e+00
    outer loop
      vertex   -3.592309e+01 -1.405364e+01 -3.920575e+01
      vertex   -3.650252e+01 -1.453298e+01 -2.870575e+01
      vertex   -3.592309e+01 -1.405364e+01 -2.870575e+01
    endloop
  endfacet
  facet normal -8.090170e-01 5.877853e-01 0.000000e+00
    outer loop
      vertex   -3.592309e+01 -1.405364e+01 -3.920575e+01
      vertex   -3.592309e+01 -1.405364e+01 -2.870575e+01
      vertex   -3.548108e+01 -1.344526e+01 -3.920575e+01
    endloop
  endfacet
  facet normal -8.090170e-01 5.877853e-01 0.000000e+00
    outer loop
      vertex   -3.548108e+01 -1.344526e+01 -3.920575e+01
      vertex   -3.592309e+01 -1.405364e+01 -2.870575e+01
      vertex   -3.548108e+01 -1.344526e+01 -2.870575e+01
    endloop
  endfacet
  facet normal -9.297765e-01 3.681246e-01 0.000000e+00
    outer loop
      vertex   -3.548108e+01 -1.344526e+01 -3.920575e+01
      vertex   -3.548108e+01 -1.344526e+01 -2.870575e+01
      vertex   -3.520425e+01 -1.274607e+01 -3.920575e+01
    endloop
  endfacet
  facet normal -9.297765e-01 3.681246e-01 0.000000e+00
    outer loop
      vertex   -3.520425e+01 -1.274607e+01 -3.920575e+01
      vertex   -3.548108e+01 -1.344526e+01 -2.870575e+01
      vertex   -3.520425e+01 -1.274607e+01 -2.870575e+01
    endloop
  endfacet
  facet normal -9.921147e-01 -1.253332e-01 -0.000000e+00
    outer loop
      vertex   -3.520425e+01 -1.125393e+01 -1.820575e+01
      vertex   -3.520425e+01 -1.125393e+01 -2.870575e+01
      vertex   -3.511000e+01 -1.200000e+01 -1.820575e+01
    endloop
  endfacet
  facet normal -9.921147e-01 -1.253332e-01 -0.000000e+00
    outer loop
      vertex   -3.511000e+01 -1.200000e+01 -1.820575e+01
      vertex   -3.520425e+01 -1.125393e+01 -2.870575e+01
      vertex   -3.511000e+01 -1.200000e+01 -2.870575e+01
    endloop
  endfacet
  facet normal -9.921147e-01 1.253332e-01 0.000000e+00
    outer loop
      vertex   -3.511000e+01 -1.200000e+01 -1.820575e+01
      vertex   -3.511000e+01 -1.200000e+01 -2.870575e+01
      vertex   -3.520425e+01 -1.274607e+01 -1.820575e+01
    endloop
  endfacet
  facet normal -9.921147e-01 1.253332e-01 2.120348e-17
    outer loop
      vertex   -3.520425e+01 -1.274607e+01 -1.820575e+01
      vertex   -3.511000e+01 -1.200000e+01 -2.870575e+01
      vertex   -3.520425e+01 -1.274607e+01 -2.870575e+01
    endloop
  endfacet
  facet normal -9.297765e-01 3.681246e-01 6.227815e-17
    outer loop
      vertex   -3.520425e+01 -1.274607e+01 -1.820575e+01
      vertex   -3.520425e+01 -1.274607e+01 -2.870575e+01
      vertex   -3.548108e+01 -1.344526e+01 -1.820575e+01
    endloop
  endfacet
  facet normal -9.297765e-01 3.681246e-01 0.000000e+00
    outer loop
      vertex   -3.548108e+01 -1.344526e+01 -1.820575e+01
      vertex   -3.520425e+01 -1.274607e+01 -2.870575e+01
      vertex   -3.548108e+01 -1.344526e+01 -2.870575e+01
    endloop
  endfacet
  facet normal -8.090170e-01 5.877853e-01 0.000000e+00
    outer loop
      vertex   -3.548108e+01 -1.344526e+01 -1.820575e+01
      vertex   -3.548108e+01 -1.344526e+01 -2.870575e+01
      vertex   -3.592309e+01 -1.405364e+01 -1.820575e+01
    endloop
  endfacet
  facet normal -8.090170e-01 5.877853e-01 1.988793e-16
    outer loop
      vertex   -3.592309e+01 -1.405364e+01 -1.820575e+01
      vertex   -3.548108e+01 -1.344526e+01 -2.870575e+01
      vertex   -3.592309e+01 -1.405364e+01 -2.870575e+01
    endloop
  endfacet
  facet normal -6.374240e-01 7.705132e-01 2.607060e-16
    outer loop
      vertex   -3.592309e+01 -1.405364e+01 -1.820575e+01
      vertex   -3.592309e+01 -1.405364e+01 -2.870575e+01
      vertex   -3.650252e+01 -1.453298e+01 -1.820575e+01
    endloop
  endfacet
  facet normal -6.374240e-01 7.705132e-01 0.000000e+00
    outer loop
      vertex   -3.650252e+01 -1.453298e+01 -1.820575e+01
      vertex   -3.592309e+01 -1.405364e+01 -2.870575e+01
      vertex   -3.650252e+01 -1.453298e+01 -2.870575e+01
    endloop
  endfacet
  facet normal -4.257793e-01 9.048271e-01 0.000000e+00
    outer loop
      vertex   -3.650252e+01 -1.453298e+01 -1.820575e+01
      vertex   -3.650252e+01 -1.453298e+01 -2.870575e+01
      vertex   -3.718295e+01 -1.485317e+01 -1.820575e+01
    endloop
  endfacet
  facet normal -4.257793e-01 9.048271e-01 0.000000e+00
    outer loop
      vertex   -3.718295e+01 -1.485317e+01 -1.820575e+01
      vertex   -3.650252e+01 -1.453298e+01 -2.870575e+01
      vertex   -3.718295e+01 -1.485317e+01 -2.870575e+01
    endloop
  endfacet
  facet normal -1.873813e-01 9.822873e-01 0.000000e+00
    outer loop
      vertex   -3.718295e+01 -1.485317e+01 -1.820575e+01
      vertex   -3.718295e+01 -1.485317e+01 -2.870575e+01
      vertex   -3.792163e+01 -1.499408e+01 -1.820575e+01
    endloop
  endfacet
  facet normal -1.873813e-01 9.822873e-01 0.000000e+00
    outer loop
      vertex   -3.792163e+01 -1.499408e+01 -1.820575e+01
      vertex   -3.718295e+01 -1.485317e+01 -2.870575e+01
      vertex   -3.792163e+01 -1.499408e+01 -2.870575e+01
    endloop
  endfacet
  facet normal 6.279052e-02 9.980267e-01 0.000000e+00
    outer loop
      vertex   -3.792163e+01 -1.499408e+01 -1.820575e+01
      vertex   -3.792163e+01 -1.499408e+01 -2.870575e+01
      vertex   -3.867214e+01 -1.494686e+01 -1.820575e+01
    endloop
  endfacet
  facet normal 6.279052e-02 9.980267e-01 0.000000e+00
    outer loop
      vertex   -3.867214e+01 -1.494686e+01 -1.820575e+01
      vertex   -3.792163e+01 -1.499408e+01 -2.870575e+01
      vertex   -3.867214e+01 -1.494686e+01 -2.870575e+01
    endloop
  endfacet
  facet normal 3.090170e-01 9.510565e-01 0.000000e+00
    outer loop
      vertex   -3.867214e+01 -1.494686e+01 -1.820575e+01
      vertex   -3.867214e+01 -1.494686e+01 -2.870575e+01
      vertex   -3.938734e+01 -1.471448e+01 -1.820575e+01
    endloop
  endfacet
  facet normal 3.090170e-01 9.510565e-01 0.000000e+00
    outer loop
      vertex   -3.938734e+01 -1.471448e+01 -1.820575e+01
      vertex   -3.867214e+01 -1.494686e+01 -2.870575e+01
      vertex   -3.938734e+01 -1.471448e+01 -2.870575e+01
    endloop
  endfacet
  facet normal 5.358268e-01 8.443279e-01 0.000000e+00
    outer loop
      vertex   -3.938734e+01 -1.471448e+01 -1.820575e+01
      vertex   -3.938734e+01 -1.471448e+01 -2.870575e+01
      vertex   -4.002227e+01 -1.431154e+01 -1.820575e+01
    endloop
  endfacet
  facet normal 5.358268e-01 8.443279e-01 0.000000e+00
    outer loop
      vertex   -4.002227e+01 -1.431154e+01 -1.820575e+01
      vertex   -3.938734e+01 -1.471448e+01 -2.870575e+01
      vertex   -4.002227e+01 -1.431154e+01 -2.870575e+01
    endloop
  endfacet
  facet normal 7.289686e-01 6.845471e-01 0.000000e+00
    outer loop
      vertex   -4.002227e+01 -1.431154e+01 -1.820575e+01
      vertex   -4.002227e+01 -1.431154e+01 -2.870575e+01
      vertex   -4.053705e+01 -1.376336e+01 -1.820575e+01
    endloop
  endfacet
  facet normal 7.289686e-01 6.845471e-01 0.000000e+00
    outer loop
      vertex   -4.053705e+01 -1.376336e+01 -1.820575e+01
      vertex   -4.002227e+01 -1.431154e+01 -2.870575e+01
      vertex   -4.053705e+01 -1.376336e+01 -2.870575e+01
    endloop
  endfacet
  facet normal 8.763067e-01 4.817537e-01 0.000000e+00
    outer loop
      vertex   -4.053705e+01 -1.376336e+01 -1.820575e+01
      vertex   -4.053705e+01 -1.376336e+01 -2.870575e+01
      vertex   -4.089933e+01 -1.310437e+01 -1.820575e+01
    endloop
  endfacet
  facet normal 8.763067e-01 4.817537e-01 -8.150157e-17
    outer loop
      vertex   -4.089933e+01 -1.310437e+01 -1.820575e+01
      vertex   -4.053705e+01 -1.376336e+01 -2.870575e+01
      vertex   -4.089933e+01 -1.310437e+01 -2.870575e+01
    endloop
  endfacet
  facet normal 9.685832e-01 2.486899e-01 -4.207257e-17
    outer loop
      vertex   -4.089933e+01 -1.310437e+01 -1.820575e+01
      vertex   -4.089933e+01 -1.310437e+01 -2.870575e+01
      vertex   -4.108634e+01 -1.237600e+01 -1.820575e+01
    endloop
  endfacet
  facet normal 9.685832e-01 2.486899e-01 0.000000e+00
    outer loop
      vertex   -4.108634e+01 -1.237600e+01 -1.820575e+01
      vertex   -4.089933e+01 -1.310437e+01 -2.870575e+01
      vertex   -4.108634e+01 -1.237600e+01 -2.870575e+01
    endloop
  endfacet
  facet normal 1.000000e+00 -0.000000e+00 0.000000e+00
    outer loop
      vertex   -4.108634e+01 -1.237600e+01 -1.820575e+01
      vertex   -4.108634e+01 -1.237600e+01 -2.870575e+01
      vertex   -4.108634e+01 -1.162400e+01 -1.820575e+01
    endloop
  endfacet
  facet normal 1.000000e+00 0.000000e+00 0.000000e+00
    outer loop
      vertex   -4.108634e+01 -1.162400e+01 -1.820575e+01
      vertex   -4.108634e+01 -1.237600e+01 -2.870575e+01
      vertex   -4.108634e+01 -1.162400e+01 -2.870575e+01
    endloop
  endfacet
  facet normal 9.685832e-01 -2.486899e-01 0.000000e+00
    outer loop
      vertex   -4.108634e+01 -1.162400e+01 -1.820575e+01
      vertex   -4.108634e+01 -1.162400e+01 -2.870575e+01
      vertex   -4.089933e+01 -1.089563e+01 -1.820575e+01
    endloop
  endfacet
  facet normal 9.685832e-01 -2.486899e-01 0.000000e+00
    outer loop
      vertex   -4.089933e+01 -1.089563e+01 -1.820575e+01
      vertex   -4.108634e+01 -1.162400e+01 -2.870575e+01
      vertex   -4.089933e+01 -1.089563e+01 -2.870575e+01
    endloop
  endfacet
  facet normal 8.763067e-01 -4.817537e-01 0.000000e+00
    outer loop
      vertex   -4.089933e+01 -1.089563e+01 -1.820575e+01
      vertex   -4.089933e+01 -1.089563e+01 -2.870575e+01
      vertex   -4.053705e+01 -1.023664e+01 -1.820575e+01
    endloop
  endfacet
  facet normal 8.763067e-01 -4.817537e-01 0.000000e+00
    outer loop
      vertex   -4.053705e+01 -1.023664e+01 -1.820575e+01
      vertex   -4.089933e+01 -1.089563e+01 -2.870575e+01
      vertex   -4.053705e+01 -1.023664e+01 -2.870575e+01
    endloop
  endfacet
  facet normal 7.289686e-01 -6.845471e-01 0.000000e+00
    outer loop
      vertex   -4.053705e+01 -1.023664e+01 -1.820575e+01
      vertex   -4.053705e+01 -1.023664e+01 -2.870575e+01
      vertex   -4.002227e+01 -9.688460e+00 -1.820575e+01
    endloop
  endfacet
  facet normal 7.289686e-01 -6.845471e-01 1.158095e-16
    outer loop
      vertex   -4.002227e+01 -9.688460e+00 -1.820575e+01
      vertex   -4.053705e+01 -1.023664e+01 -2.870575e+01
      vertex   -4.002227e+01 -9.688460e+00 -2.870575e+01
    endloop
  endfacet
  facet normal 5.358268e-01 -8.443279e-01 1.428407e-16
    outer loop
      vertex   -4.002227e+01 -9.688460e+00 -1.820575e+01
      vertex   -4.002227e+01 -9.688460e+00 -2.870575e+01
      vertex   -3.938734e+01 -9.285519e+00 -1.820575e+01
    endloop
  endfacet
  facet normal 5.358268e-01 -8.443279e-01 1.428407e-16
    outer loop
      vertex   -3.938734e+01 -9.285519e+00 -1.820575e+01
      vertex   -4.002227e+01 -9.688460e+00 -2.870575e+01
      vertex   -3.938734e+01 -9.285519e+00 -2.870575e+01
    endloop
  endfacet
  facet normal 3.090170e-01 -9.510565e-01 1.608967e-16
    outer loop
      vertex   -3.938734e+01 -9.285519e+00 -1.820575e+01
      vertex   -3.938734e+01 -9.285519e+00 -2.870575e+01
      vertex   -3.867214e+01 -9.053138e+00 -1.820575e+01
    endloop
  endfacet
  facet normal 3.090170e-01 -9.510565e-01 0.000000e+00
    outer loop
      vertex   -3.867214e+01 -9.053138e+00 -1.820575e+01
      vertex   -3.938734e+01 -9.285519e+00 -2.870575e+01
      vertex   -3.867214e+01 -9.053138e+00 -2.870575e+01
    endloop
  endfacet
  facet normal 6.279052e-02 -9.980267e-01 0.000000e+00
    outer loop
      vertex   -3.867214e+01 -9.053138e+00 -1.820575e+01
      vertex   -3.867214e+01 -9.053138e+00 -2.870575e+01
      vertex   -3.792163e+01 -9.005920e+00 -1.820575e+01
    endloop
  endfacet
  facet normal 6.279052e-02 -9.980267e-01 -4.249081e-17
    outer loop
      vertex   -3.792163e+01 -9.005920e+00 -1.820575e+01
      vertex   -3.867214e+01 -9.053138e+00 -2.870575e+01
      vertex   -3.792163e+01 -9.005920e+00 -2.870575e+01
    endloop
  endfacet
  facet normal -1.873813e-01 -9.822873e-01 1.268023e-16
    outer loop
      vertex   -3.792163e+01 -9.005920e+00 -1.820575e+01
      vertex   -3.792163e+01 -9.005920e+00 -2.870575e+01
      vertex   -3.718295e+01 -9.146831e+00 -1.820575e+01
    endloop
  endfacet
  facet normal -1.873813e-01 -9.822873e-01 -0.000000e+00
    outer loop
      vertex   -3.718295e+01 -9.146831e+00 -1.820575e+01
      vertex   -3.792163e+01 -9.005920e+00 -2.870575e+01
      vertex   -3.718295e+01 -9.146831e+00 -2.870575e+01
    endloop
  endfacet
  facet normal -4.257793e-01 -9.048271e-01 -0.000000e+00
    outer loop
      vertex   -3.718295e+01 -9.146831e+00 -1.820575e+01
      vertex   -3.718295e+01 -9.146831e+00 -2.870575e+01
      vertex   -3.650252e+01 -9.467016e+00 -1.820575e+01
    endloop
  endfacet
  facet normal -4.257793e-01 -9.048271e-01 -0.000000e+00
    outer loop
      vertex   -3.650252e+01 -9.467016e+00 -1.820575e+01
      vertex   -3.718295e+01 -9.146831e+00 -2.870575e+01
      vertex   -3.650252e+01 -9.467016e+00 -2.870575e+01
    endloop
  endfacet
  facet normal -6.374240e-01 -7.705132e-01 -0.000000e+00
    outer loop
      vertex   -3.650252e+01 -9.467016e+00 -1.820575e+01
      vertex   -3.650252e+01 -9.467016e+00 -2.870575e+01
      vertex   -3.592309e+01 -9.946359e+00 -1.820575e+01
    endloop
  endfacet
  facet normal -6.374240e-01 -7.705132e-01 -1.303530e-16
    outer loop
      vertex   -3.592309e+01 -9.946359e+00 -1.820575e+01
      vertex   -3.650252e+01 -9.467016e+00 -2.870575e+01
      vertex   -3.592309e+01 -9.946359e+00 -2.870575e+01
    endloop
  endfacet
  facet normal -8.090170e-01 -5.877853e-01 -9.943965e-17
    outer loop
      vertex   -3.592309e+01 -9.946359e+00 -1.820575e+01
      vertex   -3.592309e+01 -9.946359e+00 -2.870575e+01
      vertex   -3.548108e+01 -1.055474e+01 -1.820575e+01
    endloop
  endfacet
  facet normal -8.090170e-01 -5.877853e-01 -0.000000e+00
    outer loop
      vertex   -3.548108e+01 -1.055474e+01 -1.820575e+01
      vertex   -3.592309e+01 -9.946359e+00 -2.870575e+01
      vertex   -3.548108e+01 -1.055474e+01 -2.870575e+01
    endloop
  endfacet
  facet normal -9.297765e-01 -3.681246e-01 -0.000000e+00
    outer loop
      vertex   -3.548108e+01 -1.055474e+01 -1.820575e+01
      vertex   -3.548108e+01 -1.055474e+01 -2.870575e+01
      vertex   -3.520425e+01 -1.125393e+01 -1.820575e+01
    endloop
  endfacet
  facet normal -9.297765e-01 -3.681246e-01 -0.000000e+00
    outer loop
      vertex   -3.520425e+01 -1.125393e+01 -1.820575e+01
      vertex   -3.548108e+01 -1.055474e+01 -2.870575e+01
      vertex   -3.520425e+01 -1.125393e+01 -2.870575e+01
    endloop
  endfacet
  facet normal -9.921147e-01 1.253332e-01 0.000000e+00
    outer loop
      vertex   -3.520425e+01 1.025393e+01 -3.920575e+01
      vertex   -3.520425e+01 1.025393e+01 -2.870575e+01
      vertex   -3.511000e+01 1.100000e+01 -3.920575e+01
    endloop
  endfacet
  facet normal -9.921147e-01 1.253332e-01 0.000000e+00
    outer loop
      vertex   -3.511000e+01 1.100000e+01 -3.920575e+01
      vertex   -3.520425e+01 1.025393e+01 -2.870575e+01
      vertex   -3.511000e+01 1.100000e+01 -2.870575e+01
    endloop
  endfacet
  facet normal -9.921147e-01 -1.253332e-01 0.000000e+00
    outer loop
      vertex   -3.511000e+01 1.100000e+01 -3.920575e+01
      vertex   -3.511000e+01 1.100000e+01 -2.870575e+01
      vertex   -3.520425e+01 1.174607e+01 -3.920575e+01
    endloop
  endfacet
  facet normal -9.921147e-01 -1.253332e-01 -2.120348e-17
    outer loop
      vertex   -3.520425e+01 1.174607e+01 -3.920575e+01
      vertex   -3.511000e+01 1.100000e+01 -2.870575e+01
      vertex   -3.520425e+01 1.174607e+01 -2.870575e+01
    endloop
  endfacet
  facet normal -9.297765e-01 -3.681246e-01 -6.227815e-17
    outer loop
      vertex   -3.520425e+01 1.174607e+01 -3.920575e+01
      vertex   -3.520425e+01 1.174607e+01 -2.870575e+01
      vertex   -3.548108e+01 1.244526e+01 -3.920575e+01
    endloop
  endfacet
  facet normal -9.297765e-01 -3.681246e-01 0.000000e+00
    outer loop
      vertex   -3.548108e+01 1.244526e+01 -3.920575e+01
      vertex   -3.520425e+01 1.174607e+01 -2.870575e+01
      vertex   -3.548108e+01 1.244526e+01 -2.870575e+01
    endloop
  endfacet
  facet normal -8.090170e-01 -5.877853e-01 0.000000e+00
    outer loop
      vertex   -3.548108e+01 1.244526e+01 -3.920575e+01
      vertex   -3.548108e+01 1.244526e+01 -2.870575e+01
      vertex   -3.592309e+01 1.305364e+01 -3.920575e+01
    endloop
  endfacet
  facet normal -8.090170e-01 -5.877853e-01 -1.988793e-16
    outer loop
      vertex   -3.592309e+01 1.305364e+01 -3.920575e+01
      vertex   -3.548108e+01 1.244526e+01 -2.870575e+01
      vertex   -3.592309e+01 1.305364e+01 -2.870575e+01
    endloop
  endfacet
  facet normal -6.374240e-01 -7.705132e-01 -2.607060e-16
    outer loop
      vertex   -3.592309e+01 1.305364e+01 -3.920575e+01
      vertex   -3.592309e+01 1.305364e+01 -2.870575e+01
      vertex   -3.650252e+01 1.353298e+01 -3.920575e+01
    endloop
  endfacet
  facet normal -6.374240e-01 -7.705132e-01 0.000000e+00
    outer loop
      vertex   -3.650252e+01 1.353298e+01 -3.920575e+01
      vertex   -3.592309e+01 1.305364e+01 -2.870575e+01
      vertex   -3.650252e+01 1.353298e+01 -2.870575e+01
    endloop
  endfacet
  facet normal -4.257793e-01 -9.048271e-01 0.000000e+00
    outer loop
      vertex   -3.650252e+01 1.353298e+01 -3.920575e+01
      vertex   -3.650252e+01 1.353298e+01 -2.870575e+01
      vertex   -3.718295e+01 1.385317e+01 -3.920575e+01
    endloop
  endfacet
  facet normal -4.257793e-01 -9.048271e-01 0.000000e+00
    outer loop
      vertex   -3.718295e+01 1.385317e+01 -3.920575e+01
      vertex   -3.650252e+01 1.353298e+01 -2.870575e+01
      vertex   -3.718295e+01 1.385317e+01 -2.870575e+01
    endloop
  endfacet
  facet normal -1.873813e-01 -9.822873e-01 0.000000e+00
    outer loop
      vertex   -3.718295e+01 1.385317e+01 -3.920575e+01
      vertex   -3.718295e+01 1.385317e+01 -2.870575e+01
      vertex   -3.792163e+01 1.399408e+01 -3.920575e+01
    endloop
  endfacet
  facet normal -1.873813e-01 -9.822873e-01 0.000000e+00
    outer loop
      vertex   -3.792163e+01 1.399408e+01 -3.920575e+01
      vertex   -3.718295e+01 1.385317e+01 -2.870575e+01
      vertex   -3.792163e+01 1.399408e+01 -2.870575e+01
    endloop
  endfacet
  facet normal 6.279052e-02 -9.980267e-01 0.000000e+00
    outer loop
      vertex   -3.792163e+01 1.399408e+01 -3.920575e+01
      vertex   -3.792163e+01 1.399408e+01 -2.870575e+01
      vertex   -3.867214e+01 1.394686e+01 -3.920575e+01
    endloop
  endfacet
  facet normal 6.279052e-02 -9.980267e-01 0.000000e+00
    outer loop
      vertex   -3.867214e+01 1.394686e+01 -3.920575e+01
      vertex   -3.792163e+01 1.399408e+01 -2.870575e+01
      vertex   -3.867214e+01 1.394686e+01 -2.870575e+01
    endloop
  endfacet
  facet normal 3.090170e-01 -9.510565e-01 0.000000e+00
    outer loop
      vertex   -3.867214e+01 1.394686e+01 -3.920575e+01
      vertex   -3.867214e+01 1.394686e+01 -2.870575e+01
      vertex   -3.938734e+01 1.371448e+01 -3.920575e+01
    endloop
  endfacet
  facet normal 3.090170e-01 -9.510565e-01 0.000000e+00
    outer loop
      vertex   -3.938734e+01 1.371448e+01 -3.920575e+01
      vertex   -3.867214e+01 1.394686e+01 -2.870575e+01
      vertex   -3.938734e+01 1.371448e+01 -2.870575e+01
    endloop
  endfacet
  facet normal 5.358268e-01 -8.443279e-01 0.000000e+00
    outer loop
      vertex   -3.938734e+01 1.371448e+01 -3.920575e+01
      vertex   -3.938734e+01 1.371448e+01 -2.870575e+01
      vertex   -4.002227e+01 1.331154e+01 -3.920575e+01
    endloop
  endfacet
  facet normal 5.358268e-01 -8.443279e-01 0.000000e+00
    outer loop
      vertex   -4.002227e+01 1.331154e+01 -3.920575e+01
      vertex   -3.938734e+01 1.371448e+01 -2.870575e+01
      vertex   -4.002227e+01 1.331154e+01 -2.870575e+01
    endloop
  endfacet
  facet normal 7.289686e-01 -6.845471e-01 0.000000e+00
    outer loop
      vertex   -4.002227e+01 1.331154e+01 -3.920575e+01
      vertex   -4.002227e+01 1.331154e+01 -2.870575e+01
      vertex   -4.053705e+01 1.276336e+01 -3.920575e+01
    endloop
  endfacet
  facet normal 7.289686e-01 -6.845471e-01 0.000000e+00
    outer loop
      vertex   -4.053705e+01 1.276336e+01 -3.920575e+01
      vertex   -4.002227e+01 1.331154e+01 -2.870575e+01
      vertex   -4.053705e+01 1.276336e+01 -2.870575e+01
    endloop
  endfacet
  facet normal 8.763067e-01 -4.817537e-01 0.000000e+00
    outer loop
      vertex   -4.053705e+01 1.276336e+01 -3.920575e+01
      vertex   -4.053705e+01 1.276336e+01 -2.870575e+01
      vertex   -4.089933e+01 1.210437e+01 -3.920575e+01
    endloop
  endfacet
  facet normal 8.763067e-01 -4.817537e-01 8.150157e-17
    outer loop
      vertex   -4.089933e+01 1.210437e+01 -3.920575e+01
      vertex   -4.053705e+01 1.276336e+01 -2.870575e+01
      vertex   -4.089933e+01 1.210437e+01 -2.870575e+01
    endloop
  endfacet
  facet normal 9.685832e-01 -2.486899e-01 4.207257e-17
    outer loop
      vertex   -4.089933e+01 1.210437e+01 -3.920575e+01
      vertex   -4.089933e+01 1.210437e+01 -2.870575e+01
      vertex   -4.108634e+01 1.137600e+01 -3.920575e+01
    endloop
  endfacet
  facet normal 9.685832e-01 -2.486899e-01 0.000000e+00
    outer loop
      vertex   -4.108634e+01 1.137600e+01 -3.920575e+01
      vertex   -4.089933e+01 1.210437e+01 -2.870575e+01
      vertex   -4.108634e+01 1.137600e+01 -2.870575e+01
    endloop
  endfacet
  facet normal 1.000000e+00 0.000000e+00 -0.000000e+00
    outer loop
      vertex   -4.108634e+01 1.137600e+01 -3.920575e+01
      vertex   -4.108634e+01 1.137600e+01 -2.870575e+01
      vertex   -4.108634e+01 1.062400e+01 -3.920575e+01
    endloop
  endfacet
  facet normal 1.000000e+00 0.000000e+00 0.000000e+00
    outer loop
      vertex   -4.108634e+01 1.062400e+01 -3.920575e+01
      vertex   -4.108634e+01 1.137600e+01 -2.870575e+01
      vertex   -4.108634e+01 1.062400e+01 -2.870575e+01
    endloop
  endfacet
  facet normal 9.685832e-01 2.486899e-01 -0.000000e+00
    outer loop
      vertex   -4.108634e+01 1.062400e+01 -3.920575e+01
      vertex   -4.108634e+01 1.062400e+01 -2.870575e+01
      vertex   -4.089933e+01 9.895627e+00 -3.920575e+01
    endloop
  endfacet
  facet normal 9.685832e-01 2.486899e-01 -0.000000e+00
    outer loop
      vertex   -4.089933e+01 9.895627e+00 -3.920575e+01
      vertex   -4.108634e+01 1.062400e+01 -2.870575e+01
      vertex   -4.089933e+01 9.895627e+00 -2.870575e+01
    endloop
  endfacet
  facet normal 8.763067e-01 4.817537e-01 -0.000000e+00
    outer loop
      vertex   -4.089933e+01 9.895627e+00 -3.920575e+01
      vertex   -4.089933e+01 9.895627e+00 -2.870575e+01
      vertex   -4.053705e+01 9.236644e+00 -3.920575e+01
    endloop
  endfacet
  facet normal 8.763067e-01 4.817537e-01 -8.150157e-17
    outer loop
      vertex   -4.053705e+01 9.236644e+00 -3.920575e+01
      vertex   -4.089933e+01 9.895627e+00 -2.870575e+01
      vertex   -4.053705e+01 9.236644e+00 -2.870575e+01
    endloop
  endfacet
  facet normal 7.289686e-01 6.845471e-01 -1.158095e-16
    outer loop
      vertex   -4.053705e+01 9.236644e+00 -3.920575e+01
      vertex   -4.053705e+01 9.236644e+00 -2.870575e+01
      vertex   -4.002227e+01 8.688460e+00 -3.920575e+01
    endloop
  endfacet
  facet normal 7.289686e-01 6.845471e-01 -1.158095e-16
    outer loop
      vertex   -4.002227e+01 8.688460e+00 -3.920575e+01
      vertex   -4.053705e+01 9.236644e+00 -2.870575e+01
      vertex   -4.002227e+01 8.688460e+00 -2.870575e+01
    endloop
  endfacet
  facet normal 5.358268e-01 8.443279e-01 -1.428407e-16
    outer loop
      vertex   -4.002227e+01 8.688460e+00 -3.920575e+01
      vertex   -4.002227e+01 8.688460e+00 -2.870575e+01
      vertex   -3.938734e+01 8.285519e+00 -3.920575e+01
    endloop
  endfacet
  facet normal 5.358268e-01 8.443279e-01 -1.428407e-16
    outer loop
      vertex   -3.938734e+01 8.285519e+00 -3.920575e+01
      vertex   -4.002227e+01 8.688460e+00 -2.870575e+01
      vertex   -3.938734e+01 8.285519e+00 -2.870575e+01
    endloop
  endfacet
  facet normal 3.090170e-01 9.510565e-01 -1.608967e-16
    outer loop
      vertex   -3.938734e+01 8.285519e+00 -3.920575e+01
      vertex   -3.938734e+01 8.285519e+00 -2.870575e+01
      vertex   -3.867214e+01 8.053138e+00 -3.920575e+01
    endloop
  endfacet
  facet normal 3.090170e-01 9.510565e-01 -0.000000e+00
    outer loop
      vertex   -3.867214e+01 8.053138e+00 -3.920575e+01
      vertex   -3.938734e+01 8.285519e+00 -2.870575e+01
      vertex   -3.867214e+01 8.053138e+00 -2.870575e+01
    endloop
  endfacet
  facet normal 6.279052e-02 9.980267e-01 -0.000000e+00
    outer loop
      vertex   -3.867214e+01 8.053138e+00 -3.920575e+01
      vertex   -3.867214e+01 8.053138e+00 -2.870575e+01
      vertex   -3.792163e+01 8.005920e+00 -3.920575e+01
    endloop
  endfacet
  facet normal 6.279052e-02 9.980267e-01 4.249081e-17
    outer loop
      vertex   -3.792163e+01 8.005920e+00 -3.920575e+01
      vertex   -3.867214e+01 8.053138e+00 -2.870575e+01
      vertex   -3.792163e+01 8.005920e+00 -2.870575e+01
    endloop
  endfacet
  facet normal -1.873813e-01 9.822873e-01 -1.268023e-16
    outer loop
      vertex   -3.792163e+01 8.005920e+00 -3.920575e+01
      vertex   -3.792163e+01 8.005920e+00 -2.870575e+01
      vertex   -3.718295e+01 8.146831e+00 -3.920575e+01
    endloop
  endfacet
  facet normal -1.873813e-01 9.822873e-01 0.000000e+00
    outer loop
      vertex   -3.718295e+01 8.146831e+00 -3.920575e+01
      vertex   -3.792163e+01 8.005920e+00 -2.870575e+01
      vertex   -3.718295e+01 8.146831e+00 -2.870575e+01
    endloop
  endfacet
  facet normal -4.257793e-01 9.048271e-01 0.000000e+00
    outer loop
      vertex   -3.718295e+01 8.146831e+00 -3.920575e+01
      vertex   -3.718295e+01 8.146831e+00 -2.870575e+01
      vertex   -3.650252e+01 8.467016e+00 -3.920575e+01
    endloop
  endfacet
  facet normal -4.257793e-01 9.048271e-01 0.000000e+00
    outer loop
      vertex   -3.650252e+01 8.467016e+00 -3.920575e+01
      vertex   -3.718295e+01 8.146831e+00 -2.870575e+01
      vertex   -3.650252e+01 8.467016e+00 -2.870575e+01
    endloop
  endfacet
  facet normal -6.374240e-01 7.705132e-01 0.000000e+00
    outer loop
      vertex   -3.650252e+01 8.467016e+00 -3.920575e+01
      vertex   -3.650252e+01 8.467016e+00 -2.870575e+01
      vertex   -3.592309e+01 8.946359e+00 -3.920575e+01
    endloop
  endfacet
  facet normal -6.374240e-01 7.705132e-01 1.303530e-16
    outer loop
      vertex   -3.592309e+01 8.946359e+00 -3.920575e+01
      vertex   -3.650252e+01 8.467016e+00 -2.870575e+01
      vertex   -3.592309e+01 8.946359e+00 -2.870575e+01
    endloop
  endfacet
  facet normal -8.090170e-01 5.877853e-01 9.943965e-17
    outer loop
      vertex   -3.592309e+01 8.946359e+00 -3.920575e+01
      vertex   -3.592309e+01 8.946359e+00 -2.870575e+01
      vertex   -3.548108e+01 9.554739e+00 -3.920575e+01
    endloop
  endfacet
  facet normal -8.090170e-01 5.877853e-01 0.000000e+00
    outer loop
      vertex   -3.548108e+01 9.554739e+00 -3.920575e+01
      vertex   -3.592309e+01 8.946359e+00 -2.870575e+01
      vertex   -3.548108e+01 9.554739e+00 -2.870575e+01
    endloop
  endfacet
  facet normal -9.297765e-01 3.681246e-01 0.000000e+00
    outer loop
      vertex   -3.548108e+01 9.554739e+00 -3.920575e+01
      vertex   -3.548108e+01 9.554739e+00 -2.870575e+01
      vertex   -3.520425e+01 1.025393e+01 -3.920575e+01
    endloop
  endfacet
  facet normal -9.297765e-01 3.681246e-01 0.000000e+00
    outer loop
      vertex   -3.520425e+01 1.025393e+01 -3.920575e+01
      vertex   -3.548108e+01 9.554739e+00 -2.870575e+01
      vertex   -3.520425e+01 1.025393e+01 -2.870575e+01
    endloop
  endfacet
  facet normal -9.921147e-01 -1.253332e-01 -0.000000e+00
    outer loop
      vertex   -3.520425e+01 1.174607e+01 -1.820575e+01
      vertex   -3.520425e+01 1.174607e+01 -2.870575e+01
      vertex   -3.511000e+01 1.100000e+01 -1.820575e+01
    endloop
  endfacet
  facet normal -9.921147e-01 -1.253332e-01 -0.000000e+00
    outer loop
      vertex   -3.511000e+01 1.100000e+01 -1.820575e+01
      vertex   -3.520425e+01 1.174607e+01 -2.870575e+01
      vertex   -3.511000e+01 1.100000e+01 -2.870575e+01
    endloop
  endfacet
  facet normal -9.921147e-01 1.253332e-01 0.000000e+00
    outer loop
      vertex   -3.511000e+01 1.100000e+01 -1.820575e+01
      vertex   -3.511000e+01 1.100000e+01 -2.870575e+01
      vertex   -3.520425e+01 1.025393e+01 -1.820575e+01
    endloop
  endfacet
  facet normal -9.921147e-01 1.253332e-01 2.120348e-17
    outer loop
      vertex   -3.520425e+01 1.025393e+01 -1.820575e+01
      vertex   -3.511000e+01 1.100000e+01 -2.870575e+01
      vertex   -3.520425e+01 1.025393e+01 -2.870575e+01
    endloop
  endfacet
  facet normal -9.297765e-01 3.681246e-01 6.227815e-17
    outer loop
      vertex   -3.520425e+01 1.025393e+01 -1.820575e+01
      vertex   -3.520425e+01 1.025393e+01 -2.870575e+01
      vertex   -3.548108e+01 9.554739e+00 -1.820575e+01
    endloop
  endfacet
  facet normal -9.297765e-01 3.681246e-01 0.000000e+00
    outer loop
      vertex   -3.548108e+01 9.554739e+00 -1.820575e+01
      vertex   -3.520425e+01 1.025393e+01 -2.870575e+01
      vertex   -3.548108e+01 9.554739e+00 -2.870575e+01
    endloop
  endfacet
  facet normal -8.090170e-01 5.877853e-01 0.000000e+00
    outer loop
      vertex   -3.548108e+01 9.554739e+00 -1.820575e+01
      vertex   -3.548108e+01 9.554739e+00 -2.870575e+01
      vertex   -3.592309e+01 8.946359e+00 -1.820575e+01
    endloop
  endfacet
  facet normal -8.090170e-01 5.877853e-01 9.943965e-17
    outer loop
      vertex   -3.592309e+01 8.946359e+00 -1.820575e+01
      vertex   -3.548108e+01 9.554739e+00 -2.870575e+01
      vertex   -3.592309e+01 8.946359e+00 -2.870575e+01
    endloop
  endfacet
  facet normal -6.374240e-01 7.705132e-01 1.303530e-16
    outer loop
      vertex   -3.592309e+01 8.946359e+00 -1.820575e+01
      vertex   -3.592309e+01 8.946359e+00 -2.870575e+01
      vertex   -3.650252e+01 8.467016e+00 -1.820575e+01
    endloop
  endfacet
  facet normal -6.374240e-01 7.705132e-01 0.000000e+00
    outer loop
      vertex   -3.650252e+01 8.467016e+00 -1.820575e+01
      vertex   -3.592309e+01 8.946359e+00 -2.870575e+01
      vertex   -3.650252e+01 8.467016e+00 -2.870575e+01
    endloop
  endfacet
  facet normal -4.257793e-01 9.048271e-01 0.000000e+00
    outer loop
      vertex   -3.650252e+01 8.467016e+00 -1.820575e+01
      vertex   -3.650252e+01 8.467016e+00 -2.870575e+01
      vertex   -3.718295e+01 8.146831e+00 -1.820575e+01
    endloop
  endfacet
  facet normal -4.257793e-01 9.048271e-01 0.000000e+00
    outer loop
      vertex   -3.718295e+01 8.146831e+00 -1.820575e+01
      vertex   -3.650252e+01 8.467016e+00 -2.870575e+01
      vertex   -3.718295e+01 8.146831e+00 -2.870575e+01
    endloop
  endfacet
  facet normal -1.873813e-01 9.822873e-01 0.000000e+00
    outer loop
      vertex   -3.718295e+01 8.146831e+00 -1.820575e+01
      vertex   -3.718295e+01 8.146831e+00 -2.870575e+01
      vertex   -3.792163e+01 8.005920e+00 -1.820575e+01
    endloop
  endfacet
  facet normal -1.873813e-01 9.822873e-01 0.000000e+00
    outer loop
      vertex   -3.792163e+01 8.005920e+00 -1.820575e+01
      vertex   -3.718295e+01 8.146831e+00 -2.870575e+01
      vertex   -3.792163e+01 8.005920e+00 -2.870575e+01
    endloop
  endfacet
  facet normal 6.279052e-02 9.980267e-01 0.000000e+00
    outer loop
      vertex   -3.792163e+01 8.005920e+00 -1.820575e+01
      vertex   -3.792163e+01 8.005920e+00 -2.870575e+01
      vertex   -3.867214e+01 8.053138e+00 -1.820575e+01
    endloop
  endfacet
  facet normal 6.279052e-02 9.980267e-01 0.000000e+00
    outer loop
      vertex   -3.867214e+01 8.053138e+00 -1.820575e+01
      vertex   -3.792163e+01 8.005920e+00 -2.870575e+01
      vertex   -3.867214e+01 8.053138e+00 -2.870575e+01
    endloop
  endfacet
  facet normal 3.090170e-01 9.510565e-01 0.000000e+00
    outer loop
      vertex   -3.867214e+01 8.053138e+00 -1.820575e+01
      vertex   -3.867214e+01 8.053138e+00 -2.870575e+01
      vertex   -3.938734e+01 8.285519e+00 -1.820575e+01
    endloop
  endfacet
  facet normal 3.090170e-01 9.510565e-01 0.000000e+00
    outer loop
      vertex   -3.938734e+01 8.285519e+00 -1.820575e+01
      vertex   -3.867214e+01 8.053138e+00 -2.870575e+01
      vertex   -3.938734e+01 8.285519e+00 -2.870575e+01
    endloop
  endfacet
  facet normal 5.358268e-01 8.443279e-01 0.000000e+00
    outer loop
      vertex   -3.938734e+01 8.285519e+00 -1.820575e+01
      vertex   -3.938734e+01 8.285519e+00 -2.870575e+01
      vertex   -4.002227e+01 8.688460e+00 -1.820575e+01
    endloop
  endfacet
  facet normal 5.358268e-01 8.443279e-01 0.000000e+00
    outer loop
      vertex   -4.002227e+01 8.688460e+00 -1.820575e+01
      vertex   -3.938734e+01 8.285519e+00 -2.870575e+01
      vertex   -4.002227e+01 8.688460e+00 -2.870575e+01
    endloop
  endfacet
  facet normal 7.289686e-01 6.845471e-01 0.000000e+00
    outer loop
      vertex   -4.002227e+01 8.688460e+00 -1.820575e+01
      vertex   -4.002227e+01 8.688460e+00 -2.870575e+01
      vertex   -4.053705e+01 9.236644e+00 -1.820575e+01
    endloop
  endfacet
  facet normal 7.289686e-01 6.845471e-01 0.000000e+00
    outer loop
      vertex   -4.053705e+01 9.236644e+00 -1.820575e+01
      vertex   -4.002227e+01 8.688460e+00 -2.870575e+01
      vertex   -4.053705e+01 9.236644e+00 -2.870575e+01
    endloop
  endfacet
  facet normal 8.763067e-01 4.817537e-01 0.000000e+00
    outer loop
      vertex   -4.053705e+01 9.236644e+00 -1.820575e+01
      vertex   -4.053705e+01 9.236644e+00 -2.870575e+01
      vertex   -4.089933e+01 9.895627e+00 -1.820575e+01
    endloop
  endfacet
  facet normal 8.763067e-01 4.817537e-01 -8.150157e-17
    outer loop
      vertex   -4.089933e+01 9.895627e+00 -1.820575e+01
      vertex   -4.053705e+01 9.236644e+00 -2.870575e+01
      vertex   -4.089933e+01 9.895627e+00 -2.870575e+01
    endloop
  endfacet
  facet normal 9.685832e-01 2.486899e-01 -4.207257e-17
    outer loop
      vertex   -4.089933e+01 9.895627e+00 -1.820575e+01
      vertex   -4.089933e+01 9.895627e+00 -2.870575e+01
      vertex   -4.108634e+01 1.062400e+01 -1.820575e+01
    endloop
  endfacet
  facet normal 9.685832e-01 2.486899e-01 0.000000e+00
    outer loop
      vertex   -4.108634e+01 1.062400e+01 -1.820575e+01
      vertex   -4.089933e+01 9.895627e+00 -2.870575e+01
      vertex   -4.108634e+01 1.062400e+01 -2.870575e+01
    endloop
  endfacet
  facet normal 1.000000e+00 -0.000000e+00 0.000000e+00
    outer loop
      vertex   -4.108634e+01 1.062400e+01 -1.820575e+01
      vertex   -4.108634e+01 1.062400e+01 -2.870575e+01
      vertex   -4.108634e+01 1.137600e+01 -1.820575e+01
    endloop
  endfacet
  facet normal 1.000000e+00 0.000000e+00 0.000000e+00
    outer loop
      vertex   -4.108634e+01 1.137600e+01 -1.820575e+01
      vertex   -4.108634e+01 1.062400e+01 -2.870575e+01
      vertex   -4.108634e+01 1.137600e+01 -2.870575e+01
    endloop
  endfacet
  facet normal 9.685832e-01 -2.486899e-01 0.000000e+00
    outer loop
      vertex   -4.108634e+01 1.137600e+01 -1.820575e+01
      vertex   -4.108634e+01 1.137600e+01 -2.870575e+01
      vertex   -4.089933e+01 1.210437e+01 -1.820575e+01
    endloop
  endfacet
  facet normal 9.685832e-01 -2.486899e-01 0.000000e+00
    outer loop
      vertex   -4.089933e+01 1.210437e+01 -1.820575e+01
      vertex   -4.108634e+01 1.137600e+01 -2.870575e+01
      vertex   -4.089933e+01 1.210437e+01 -2.870575e+01
    endloop
  endfacet
  facet normal 8.763067e-01 -4.817537e-01 0.000000e+00
    outer loop
      vertex   -4.089933e+01 1.210437e+01 -1.820575e+01
      vertex   -4.089933e+01 1.210437e+01 -2.870575e+01
      vertex   -4.053705e+01 1.276336e+01 -1.820575e+01
    endloop
  endfacet
  facet normal 8.763067e-01 -4.817537e-01 0.000000e+00
    outer loop
      vertex   -4.053705e+01 1.276336e+01 -1.820575e+01
      vertex   -4.089933e+01 1.210437e+01 -2.870575e+01
      vertex   -4.053705e+01 1.276336e+01 -2.870575e+01
    endloop
  endfacet
  facet normal 7.289686e-01 -6.845471e-01 0.000000e+00
    outer loop
      vertex   -4.053705e+01 1.276336e+01 -1.820575e+01
      vertex   -4.053705e+01 1.276336e+01 -2.870575e+01
      vertex   -4.002227e+01 1.331154e+01 -1.820575e+01
    endloop
  endfacet
  facet normal 7.289686e-01 -6.845471e-01 2.316190e-16
    outer loop
      vertex   -4.002227e+01 1.331154e+01 -1.820575e+01
      vertex   -4.053705e+01 1.276336e+01 -2.870575e+01
      vertex   -4.002227e+01 1.331154e+01 -2.870575e+01
    endloop
  endfacet
  facet normal 5.358268e-01 -8.443279e-01 2.856815e-16
    outer loop
      vertex   -4.002227e+01 1.331154e+01 -1.820575e+01
      vertex   -4.002227e+01 1.331154e+01 -2.870575e+01
      vertex   -3.938734e+01 1.371448e+01 -1.820575e+01
    endloop
  endfacet
  facet normal 5.358268e-01 -8.443279e-01 0.000000e+00
    outer loop
      vertex   -3.938734e+01 1.371448e+01 -1.820575e+01
      vertex   -4.002227e+01 1.331154e+01 -2.870575e+01
      vertex   -3.938734e+01 1.371448e+01 -2.870575e+01
    endloop
  endfacet
  facet normal 3.090170e-01 -9.510565e-01 0.000000e+00
    outer loop
      vertex   -3.938734e+01 1.371448e+01 -1.820575e+01
      vertex   -3.938734e+01 1.371448e+01 -2.870575e+01
      vertex   -3.867214e+01 1.394686e+01 -1.820575e+01
    endloop
  endfacet
  facet normal 3.090170e-01 -9.510565e-01 1.608967e-16
    outer loop
      vertex   -3.867214e+01 1.394686e+01 -1.820575e+01
      vertex   -3.938734e+01 1.371448e+01 -2.870575e+01
      vertex   -3.867214e+01 1.394686e+01 -2.870575e+01
    endloop
  endfacet
  facet normal 6.279052e-02 -9.980267e-01 1.688430e-16
    outer loop
      vertex   -3.867214e+01 1.394686e+01 -1.820575e+01
      vertex   -3.867214e+01 1.394686e+01 -2.870575e+01
      vertex   -3.792163e+01 1.399408e+01 -1.820575e+01
    endloop
  endfacet
  facet normal 6.279052e-02 -9.980267e-01 -4.249081e-17
    outer loop
      vertex   -3.792163e+01 1.399408e+01 -1.820575e+01
      vertex   -3.867214e+01 1.394686e+01 -2.870575e+01
      vertex   -3.792163e+01 1.399408e+01 -2.870575e+01
    endloop
  endfacet
  facet normal -1.873813e-01 -9.822873e-01 1.268023e-16
    outer loop
      vertex   -3.792163e+01 1.399408e+01 -1.820575e+01
      vertex   -3.792163e+01 1.399408e+01 -2.870575e+01
      vertex   -3.718295e+01 1.385317e+01 -1.820575e+01
    endloop
  endfacet
  facet normal -1.873813e-01 -9.822873e-01 -0.000000e+00
    outer loop
      vertex   -3.718295e+01 1.385317e+01 -1.820575e+01
      vertex   -3.792163e+01 1.399408e+01 -2.870575e+01
      vertex   -3.718295e+01 1.385317e+01 -2.870575e+01
    endloop
  endfacet
  facet normal -4.257793e-01 -9.048271e-01 -0.000000e+00
    outer loop
      vertex   -3.718295e+01 1.385317e+01 -1.820575e+01
      vertex   -3.718295e+01 1.385317e+01 -2.870575e+01
      vertex   -3.650252e+01 1.353298e+01 -1.820575e+01
    endloop
  endfacet
  facet normal -4.257793e-01 -9.048271e-01 -0.000000e+00
    outer loop
      vertex   -3.650252e+01 1.353298e+01 -1.820575e+01
      vertex   -3.718295e+01 1.385317e+01 -2.870575e+01
      vertex   -3.650252e+01 1.353298e+01 -2.870575e+01
    endloop
  endfacet
  facet normal -6.374240e-01 -7.705132e-01 -0.000000e+00
    outer loop
      vertex   -3.650252e+01 1.353298e+01 -1.820575e+01
      vertex   -3.650252e+01 1.353298e+01 -2.870575e+01
      vertex   -3.592309e+01 1.305364e+01 -1.820575e+01
    endloop
  endfacet
  facet normal -6.374240e-01 -7.705132e-01 -0.000000e+00
    outer loop
      vertex   -3.592309e+01 1.305364e+01 -1.820575e+01
      vertex   -3.650252e+01 1.353298e+01 -2.870575e+01
      vertex   -3.592309e+01 1.305364e+01 -2.870575e+01
    endloop
  endfacet
  facet normal -8.090170e-01 -5.877853e-01 -0.000000e+00
    outer loop
      vertex   -3.592309e+01 1.305364e+01 -1.820575e+01
      vertex   -3.592309e+01 1.305364e+01 -2.870575e+01
      vertex   -3.548108e+01 1.244526e+01 -1.820575e+01
    endloop
  endfacet
  facet normal -8.090170e-01 -5.877853e-01 -0.000000e+00
    outer loop
      vertex   -3.548108e+01 1.244526e+01 -1.820575e+01
      vertex   -3.592309e+01 1.305364e+01 -2.870575e+01
      vertex   -3.548108e+01 1.244526e+01 -2.870575e+01
    endloop
  endfacet
  facet normal -9.297765e-01 -3.681246e-01 -0.000000e+00
    outer loop
      vertex   -3.548108e+01 1.244526e+01 -1.820575e+01
      vertex   -3.548108e+01 1.244526e+01 -2.870575e+01
      vertex   -3.520425e+01 1.174607e+01 -1.820575e+01
    endloop
  endfacet
  facet normal -9.297765e-01 -3.681246e-01 -0.000000e+00
    outer loop
      vertex   -3.520425e+01 1.174607e+01 -1.820575e+01
      vertex   -3.548108e+01 1.244526e+01 -2.870575e+01
      vertex   -3.520425e+01 1.174607e+01 -2.870575e+01
    endloop
  endfacet
  facet normal -1.000000e+00 0.000000e+00 0.000000e+00
    outer loop
      vertex   -4.500000e+01 -1.134659e+01 -1.177715e+02
      vertex   -4.500000e+01 1.126138e+01 -1.178061e+02
      vertex   -4.500000e+01 -1.000000e+01 -1.182843e+02
    endloop
  endfacet
  facet normal -1.000000e+00 0.000000e+00 0.000000e+00
    outer loop
      vertex   -4.500000e+01 -1.000000e+01 -1.182843e+02
      vertex   -4.500000e+01 1.126138e+01 -1.178061e+02
      vertex   -4.500000e+01 1.000000e+01 -1.182843e+02
    endloop
  endfacet
  facet normal -1.000000e+00 0.000000e+00 0.000000e+00
    outer loop
      vertex   -4.500000e+01 -1.000000e+01 -1.182843e+02
      vertex   -4.500000e+01 1.000000e+01 -1.182843e+02
      vertex   -4.500000e+01 -1.000000e+01 -1.200000e+02
    endloop
  endfacet
  facet normal -1.000000e+00 0.000000e+00 0.000000e+00
    outer loop
      vertex   -4.500000e+01 -1.000000e+01 -1.200000e+02
      vertex   -4.500000e+01 1.000000e+01 -1.182843e+02
      vertex   -4.500000e+01 1.000000e+01 -1.200000e+02
    endloop
  endfacet
  facet normal -1.000000e+00 0.000000e+00 0.000000e+00
    outer loop
      vertex   -4.500000e+01 1.126138e+01 -1.178061e+02
      vertex   -4.500000e+01 -1.134659e+01 -1.177715e+02
      vertex   -4.500000e+01 1.250000e+01 -1.172718e+02
    endloop
  endfacet
  facet normal -1.000000e+00 -0.000000e+00 0.000000e+00
    outer loop
      vertex   -4.500000e+01 1.250000e+01 -1.172718e+02
      vertex   -4.500000e+01 -1.134659e+01 -1.177715e+02
      vertex   -4.500000e+01 -1.266701e+01 -1.171946e+02
    endloop
  endfacet
  facet normal -1.000000e+00 0.000000e+00 0.000000e+00
    outer loop
      vertex   -4.500000e+01 1.250000e+01 -1.172718e+02
      vertex   -4.500000e+01 -1.266701e+01 -1.171946e+02
      vertex   -4.500000e+01 1.364272e+01 -1.167185e+02
    endloop
  endfacet
  facet normal -1.000000e+00 -0.000000e+00 0.000000e+00
    outer loop
      vertex   -4.500000e+01 1.364272e+01 -1.167185e+02
      vertex   -4.500000e+01 -1.266701e+01 -1.171946e+02
      vertex   -4.500000e+01 -1.380631e+01 -1.166343e+02
    endloop
  endfacet
  facet normal -1.000000e+00 0.000000e+00 0.000000e+00
    outer loop
      vertex   -4.500000e+01 1.364272e+01 -1.167185e+02
      vertex   -4.500000e+01 -1.380631e+01 -1.166343e+02
      vertex   -4.500000e+01 1.476100e+01 -1.161173e+02
    endloop
  endfacet
  facet normal -1.000000e+00 -0.000000e+00 0.000000e+00
    outer loop
      vertex   -4.500000e+01 1.476100e+01 -1.161173e+02
      vertex   -4.500000e+01 -1.380631e+01 -1.166343e+02
      vertex   -4.500000e+01 -1.492089e+01 -1.160263e+02
    endloop
  endfacet
  facet normal -1.000000e+00 0.000000e+00 0.000000e+00
    outer loop
      vertex   -4.500000e+01 1.476100e+01 -1.161173e+02
      vertex   -4.500000e+01 -1.492089e+01 -1.160263e+02
      vertex   -4.500000e+01 1.585285e+01 -1.154693e+02
    endloop
  endfacet
  facet normal -1.000000e+00 -0.000000e+00 0.000000e+00
    outer loop
      vertex   -4.500000e+01 1.585285e+01 -1.154693e+02
      vertex   -4.500000e+01 -1.492089e+01 -1.160263e+02
      vertex   -4.500000e+01 -1.600874e+01 -1.153716e+02
    endloop
  endfacet
  facet normal -1.000000e+00 0.000000e+00 0.000000e+00
    outer loop
      vertex   -4.500000e+01 1.585285e+01 -1.154693e+02
      vertex   -4.500000e+01 -1.600874e+01 -1.153716e+02
      vertex   -4.500000e+01 1.691630e+01 -1.147758e+02
    endloop
  endfacet
  facet normal -1.000000e+00 -0.000000e+00 0.000000e+00
    outer loop
      vertex   -4.500000e+01 1.691630e+01 -1.147758e+02
      vertex   -4.500000e+01 -1.600874e+01 -1.153716e+02
      vertex   -4.500000e+01 -1.706791e+01 -1.146716e+02
    endloop
  endfacet
  facet normal -1.000000e+00 0.000000e+00 0.000000e+00
    outer loop
      vertex   -4.500000e+01 1.691630e+01 -1.147758e+02
      vertex   -4.500000e+01 -1.706791e+01 -1.146716e+02
      vertex   -4.500000e+01 1.794945e+01 -1.140378e+02
    endloop
  endfacet
  facet normal -1.000000e+00 -0.000000e+00 0.000000e+00
    outer loop
      vertex   -4.500000e+01 1.794945e+01 -1.140378e+02
      vertex   -4.500000e+01 -1.706791e+01 -1.146716e+02
      vertex   -4.500000e+01 -1.809652e+01 -1.139273e+02
    endloop
  endfacet
  facet normal -1.000000e+00 0.000000e+00 0.000000e+00
    outer loop
      vertex   -4.500000e+01 1.794945e+01 -1.140378e+02
      vertex   -4.500000e+01 -1.809652e+01 -1.139273e+02
      vertex   -4.500000e+01 1.895046e+01 -1.132568e+02
    endloop
  endfacet
  facet normal -1.000000e+00 -0.000000e+00 0.000000e+00
    outer loop
      vertex   -4.500000e+01 1.895046e+01 -1.132568e+02
      vertex   -4.500000e+01 -1.809652e+01 -1.139273e+02
      vertex   -4.500000e+01 -1.909272e+01 -1.131402e+02
    endloop
  endfacet
  facet normal -1.000000e+00 0.000000e+00 0.000000e+00
    outer loop
      vertex   -4.500000e+01 1.895046e+01 -1.132568e+02
      vertex   -4.500000e+01 -1.909272e+01 -1.131402e+02
      vertex   -4.500000e+01 1.991752e+01 -1.124342e+02
    endloop
  endfacet
  facet normal -1.000000e+00 -0.000000e+00 0.000000e+00
    outer loop
      vertex   -4.500000e+01 1.991752e+01 -1.124342e+02
      vertex   -4.500000e+01 -1.909272e+01 -1.131402e+02
      vertex   -4.500000e+01 -2.005472e+01 -1.123116e+02
    endloop
  endfacet
  facet normal -1.000000e+00 0.000000e+00 0.000000e+00
    outer loop
      vertex   -4.500000e+01 1.991752e+01 -1.124342e+02
      vertex   -4.500000e+01 -2.005472e+01 -1.123116e+02
      vertex   -4.500000e+01 2.084891e+01 -1.115713e+02
    endloop
  endfacet
  facet normal -1.000000e+00 -0.000000e+00 0.000000e+00
    outer loop
      vertex   -4.500000e+01 2.084891e+01 -1.115713e+02
      vertex   -4.500000e+01 -2.005472e+01 -1.123116e+02
      vertex   -4.500000e+01 -2.098080e+01 -1.114431e+02
    endloop
  endfacet
  facet normal -1.000000e+00 0.000000e+00 0.000000e+00
    outer loop
      vertex   -4.500000e+01 2.084891e+01 -1.115713e+02
      vertex   -4.500000e+01 -2.098080e+01 -1.114431e+02
      vertex   -4.500000e+01 2.174296e+01 -1.106699e+02
    endloop
  endfacet
  facet normal -1.000000e+00 -0.000000e+00 0.000000e+00
    outer loop
      vertex   -4.500000e+01 2.174296e+01 -1.106699e+02
      vertex   -4.500000e+01 -2.098080e+01 -1.114431e+02
      vertex   -4.500000e+01 -2.186930e+01 -1.105362e+02
    endloop
  endfacet
  facet normal -1.000000e+00 0.000000e+00 0.000000e+00
    outer loop
      vertex   -4.500000e+01 2.174296e+01 -1.106699e+02
      vertex   -4.500000e+01 -2.186930e+01 -1.105362e+02
      vertex   -4.500000e+01 2.259806e+01 -1.097314e+02
    endloop
  endfacet
  facet normal -1.000000e+00 -0.000000e+00 0.000000e+00
    outer loop
      vertex   -4.500000e+01 2.259806e+01 -1.097314e+02
      vertex   -4.500000e+01 -2.186930e+01 -1.105362e+02
      vertex   -4.500000e+01 -2.271864e+01 -1.095924e+02
    endloop
  endfacet
  facet normal -1.000000e+00 0.000000e+00 0.000000e+00
    outer loop
      vertex   -4.500000e+01 2.259806e+01 -1.097314e+02
      vertex   -4.500000e+01 -2.271864e+01 -1.095924e+02
      vertex   -4.500000e+01 2.341269e+01 -1.087576e+02
    endloop
  endfacet
  facet normal -1.000000e+00 -0.000000e+00 0.000000e+00
    outer loop
      vertex   -4.500000e+01 2.341269e+01 -1.087576e+02
      vertex   -4.500000e+01 -2.271864e+01 -1.095924e+02
      vertex   -4.500000e+01 -2.352728e+01 -1.086136e+02
    endloop
  endfacet
  facet normal -1.000000e+00 0.000000e+00 0.000000e+00
    outer loop
      vertex   -4.500000e+01 2.341269e+01 -1.087576e+02
      vertex   -4.500000e+01 -2.352728e+01 -1.086136e+02
      vertex   -4.500000e+01 2.418538e+01 -1.077501e+02
    endloop
  endfacet
  facet normal -1.000000e+00 -0.000000e+00 0.000000e+00
    outer loop
      vertex   -4.500000e+01 2.418538e+01 -1.077501e+02
      vertex   -4.500000e+01 -2.352728e+01 -1.086136e+02
      vertex   -4.500000e+01 -2.429378e+01 -1.076015e+02
    endloop
  endfacet
  facet normal -1.000000e+00 0.000000e+00 0.000000e+00
    outer loop
      vertex   -4.500000e+01 2.418538e+01 -1.077501e+02
      vertex   -4.500000e+01 -2.429378e+01 -1.076015e+02
      vertex   -4.500000e+01 2.491476e+01 -1.067109e+02
    endloop
  endfacet
  facet normal -1.000000e+00 -0.000000e+00 0.000000e+00
    outer loop
      vertex   -4.500000e+01 2.491476e+01 -1.067109e+02
      vertex   -4.500000e+01 -2.429378e+01 -1.076015e+02
      vertex   -4.500000e+01 -2.501677e+01 -1.065578e+02
    endloop
  endfacet
  facet normal -1.000000e+00 0.000000e+00 0.000000e+00
    outer loop
      vertex   -4.500000e+01 2.491476e+01 -1.067109e+02
      vertex   -4.500000e+01 -2.501677e+01 -1.065578e+02
      vertex   -4.500000e+01 2.559952e+01 -1.056418e+02
    endloop
  endfacet
  facet normal -1.000000e+00 -0.000000e+00 0.000000e+00
    outer loop
      vertex   -4.500000e+01 2.559952e+01 -1.056418e+02
      vertex   -4.500000e+01 -2.501677e+01 -1.065578e+02
      vertex   -4.500000e+01 -2.569496e+01 -1.054845e+02
    endloop
  endfacet
  facet normal -1.000000e+00 0.000000e+00 0.000000e+00
    outer loop
      vertex   -4.500000e+01 2.559952e+01 -1.056418e+02
      vertex   -4.500000e+01 -2.569496e+01 -1.054845e+02
      vertex   -4.500000e+01 2.623842e+01 -1.045446e+02
    endloop
  endfacet
  facet normal -1.000000e+00 -0.000000e+00 0.000000e+00
    outer loop
      vertex   -4.500000e+01 2.623842e+01 -1.045446e+02
      vertex   -4.500000e+01 -2.569496e+01 -1.054845e+02
      vertex   -4.500000e+01 -2.632712e+01 -1.043834e+02
    endloop
  endfacet
  facet normal -1.000000e+00 0.000000e+00 0.000000e+00
    outer loop
      vertex   -4.500000e+01 2.623842e+01 -1.045446e+02
      vertex   -4.500000e+01 -2.632712e+01 -1.043834e+02
      vertex   -4.500000e+01 2.683033e+01 -1.034214e+02
    endloop
  endfacet
  facet normal -1.000000e+00 -0.000000e+00 0.000000e+00
    outer loop
      vertex   -4.500000e+01 2.683033e+01 -1.034214e+02
      vertex   -4.500000e+01 -2.632712e+01 -1.043834e+02
      vertex   -4.500000e+01 -2.691213e+01 -1.032566e+02
    endloop
  endfacet
  facet normal -1.000000e+00 0.000000e+00 0.000000e+00
    outer loop
      vertex   -4.500000e+01 2.683033e+01 -1.034214e+02
      vertex   -4.500000e+01 -2.691213e+01 -1.032566e+02
      vertex   -4.500000e+01 2.737418e+01 -1.022741e+02
    endloop
  endfacet
  facet normal -1.000000e+00 -0.000000e+00 0.000000e+00
    outer loop
      vertex   -4.500000e+01 2.737418e+01 -1.022741e+02
      vertex   -4.500000e+01 -2.691213e+01 -1.032566e+02
      vertex   -4.500000e+01 -2.744893e+01 -1.021060e+02
    endloop
  endfacet
  facet normal -1.000000e+00 0.000000e+00 0.000000e+00
    outer loop
      vertex   -4.500000e+01 2.737418e+01 -1.022741e+02
      vertex   -4.500000e+01 -2.744893e+01 -1.021060e+02
      vertex   -4.500000e+01 2.786900e+01 -1.011049e+02
    endloop
  endfacet
  facet normal -1.000000e+00 -0.000000e+00 0.000000e+00
    outer loop
      vertex   -4.500000e+01 2.786900e+01 -1.011049e+02
      vertex   -4.500000e+01 -2.744893e+01 -1.021060e+02
      vertex   -4.500000e+01 -2.793658e+01 -1.009338e+02
    endloop
  endfacet
  facet normal -1.000000e+00 0.000000e+00 0.000000e+00
    outer loop
      vertex   -4.500000e+01 2.786900e+01 -1.011049e+02
      vertex   -4.500000e+01 -2.793658e+01 -1.009338e+02
      vertex   -4.500000e+01 2.831391e+01 -9.991577e+01
    endloop
  endfacet
  facet normal -1.000000e+00 -0.000000e+00 0.000000e+00
    outer loop
      vertex   -4.500000e+01 2.831391e+01 -9.991577e+01
      vertex   -4.500000e+01 -2.793658e+01 -1.009338e+02
      vertex   -4.500000e+01 -2.837419e+01 -9.974195e+01
    endloop
  endfacet
  facet normal -1.000000e+00 0.000000e+00 0.000000e+00
    outer loop
      vertex   -4.500000e+01 2.831391e+01 -9.991577e+01
      vertex   -4.500000e+01 -2.837419e+01 -9.974195e+01
      vertex   -4.500000e+01 2.870811e+01 -9.870888e+01
    endloop
  endfacet
  facet normal -1.000000e+00 -0.000000e+00 0.000000e+00
    outer loop
      vertex   -4.500000e+01 2.870811e+01 -9.870888e+01
      vertex   -4.500000e+01 -2.837419e+01 -9.974195e+01
      vertex   -4.500000e+01 -2.876097e+01 -9.853267e+01
    endloop
  endfacet
  facet normal -1.000000e+00 0.000000e+00 0.000000e+00
    outer loop
      vertex   -4.500000e+01 2.870811e+01 -9.870888e+01
      vertex   -4.500000e+01 -2.876097e+01 -9.853267e+01
      vertex   -4.500000e+01 2.905088e+01 -9.748640e+01
    endloop
  endfacet
  facet normal -1.000000e+00 -0.000000e+00 0.000000e+00
    outer loop
      vertex   -4.500000e+01 2.905088e+01 -9.748640e+01
      vertex   -4.500000e+01 -2.876097e+01 -9.853267e+01
      vertex   -4.500000e+01 -2.909625e+01 -9.730810e+01
    endloop
  endfacet
  facet normal -1.000000e+00 0.000000e+00 0.000000e+00
    outer loop
      vertex   -4.500000e+01 2.905088e+01 -9.748640e+01
      vertex   -4.500000e+01 -2.909625e+01 -9.730810e+01
      vertex   -4.500000e+01 2.934163e+01 -9.625050e+01
    endloop
  endfacet
  facet normal -1.000000e+00 -0.000000e+00 0.000000e+00
    outer loop
      vertex   -4.500000e+01 2.934163e+01 -9.625050e+01
      vertex   -4.500000e+01 -2.909625e+01 -9.730810e+01
      vertex   -4.500000e+01 -2.937941e+01 -9.607045e+01
    endloop
  endfacet
  facet normal -1.000000e+00 0.000000e+00 0.000000e+00
    outer loop
      vertex   -4.500000e+01 2.934163e+01 -9.625050e+01
      vertex   -4.500000e+01 -2.937941e+01 -9.607045e+01
      vertex   -4.500000e+01 2.957982e+01 -9.500341e+01
    endloop
  endfacet
  facet normal -1.000000e+00 -0.000000e+00 0.000000e+00
    outer loop
      vertex   -4.500000e+01 2.957982e+01 -9.500341e+01
      vertex   -4.500000e+01 -2.937941e+01 -9.607045e+01
      vertex   -4.500000e+01 3.061617e-16 -9.500000e+01
    endloop
  endfacet
  facet normal -1.000000e+00 0.000000e+00 0.000000e+00
    outer loop
      vertex   -4.500000e+01 2.957982e+01 -9.500341e+01
      vertex   -4.500000e+01 3.061617e-16 -9.500000e+01
      vertex   -4.500000e+01 9.754516e-01 -9.490393e+01
    endloop
  endfacet
  facet normal -1.000000e+00 -0.000000e+00 0.000000e+00
    outer loop
      vertex   -4.500000e+01 3.061617e-16 -9.500000e+01
      vertex   -4.500000e+01 -2.937941e+01 -9.607045e+01
      vertex   -4.500000e+01 -9.754516e-01 -9.490393e+01
    endloop
  endfacet
  facet normal -1.000000e+00 -0.000000e+00 0.000000e+00
    outer loop
      vertex   -4.500000e+01 -9.754516e-01 -9.490393e+01
      vertex   -4.500000e+01 -2.937941e+01 -9.607045e+01
      vertex   -4.500000e+01 -2.960995e+01 -9.482193e+01
    endloop
  endfacet
  facet normal -1.000000e+00 0.000000e+00 0.000000e+00
    outer loop
      vertex   -4.500000e+01 -9.754516e-01 -9.490393e+01
      vertex   -4.500000e+01 -2.960995e+01 -9.482193e+01
      vertex   -4.500000e+01 -1.913417e+00 -9.461940e+01
    endloop
  endfacet
  facet normal -1.000000e+00 -0.000000e+00 0.000000e+00
    outer loop
      vertex   -4.500000e+01 -1.913417e+00 -9.461940e+01
      vertex   -4.500000e+01 -2.960995e+01 -9.482193e+01
      vertex   -4.500000e+01 -2.777851e+00 -9.415735e+01
    endloop
  endfacet
  facet normal -1.000000e+00 -0.000000e+00 0.000000e+00
    outer loop
      vertex   -4.500000e+01 -2.777851e+00 -9.415735e+01
      vertex   -4.500000e+01 -2.960995e+01 -9.482193e+01
      vertex   -4.500000e+01 -2.978745e+01 -9.356476e+01
    endloop
  endfacet
  facet normal -1.000000e+00 0.000000e+00 0.000000e+00
    outer loop
      vertex   -4.500000e+01 -2.777851e+00 -9.415735e+01
      vertex   -4.500000e+01 -2.978745e+01 -9.356476e+01
      vertex   -4.500000e+01 -3.535534e+00 -9.353553e+01
    endloop
  endfacet
  facet normal -1.000000e+00 -0.000000e+00 0.000000e+00
    outer loop
      vertex   -4.500000e+01 -3.535534e+00 -9.353553e+01
      vertex   -4.500000e+01 -2.978745e+01 -9.356476e+01
      vertex   -4.500000e+01 -4.157348e+00 -9.277785e+01
    endloop
  endfacet
  facet normal -1.000000e+00 -0.000000e+00 0.000000e+00
    outer loop
      vertex   -4.500000e+01 -4.157348e+00 -9.277785e+01
      vertex   -4.500000e+01 -2.978745e+01 -9.356476e+01
      vertex   -4.500000e+01 -2.991161e+01 -9.230122e+01
    endloop
  endfacet
  facet normal -1.000000e+00 0.000000e+00 0.000000e+00
    outer loop
      vertex   -4.500000e+01 -4.157348e+00 -9.277785e+01
      vertex   -4.500000e+01 -2.991161e+01 -9.230122e+01
      vertex   -4.500000e+01 -4.619398e+00 -9.191342e+01
    endloop
  endfacet
  facet normal -1.000000e+00 -0.000000e+00 0.000000e+00
    outer loop
      vertex   -4.500000e+01 -4.619398e+00 -9.191342e+01
      vertex   -4.500000e+01 -2.991161e+01 -9.230122e+01
      vertex   -4.500000e+01 -2.998219e+01 -9.103355e+01
    endloop
  endfacet
  facet normal -1.000000e+00 0.000000e+00 0.000000e+00
    outer loop
      vertex   -4.500000e+01 -4.619398e+00 -9.191342e+01
      vertex   -4.500000e+01 -2.998219e+01 -9.103355e+01
      vertex   -4.500000e+01 -4.903926e+00 -9.097545e+01
    endloop
  endfacet
  facet normal -1.000000e+00 -0.000000e+00 0.000000e+00
    outer loop
      vertex   -4.500000e+01 -4.903926e+00 -9.097545e+01
      vertex   -4.500000e+01 -2.998219e+01 -9.103355e+01
      vertex   -4.500000e+01 -5.000000e+00 -9.000000e+01
    endloop
  endfacet
  facet normal -1.000000e+00 -0.000000e+00 0.000000e+00
    outer loop
      vertex   -4.500000e+01 -5.000000e+00 -9.000000e+01
      vertex   -4.500000e+01 -2.998219e+01 -9.103355e+01
      vertex   -4.500000e+01 -2.999907e+01 -8.976403e+01
    endloop
  endfacet
  facet normal -1.000000e+00 0.000000e+00 0.000000e+00
    outer loop
      vertex   -4.500000e+01 -5.000000e+00 -9.000000e+01
      vertex   -4.500000e+01 -2.999907e+01 -8.976403e+01
      vertex   -4.500000e+01 -4.903926e+00 -8.902455e+01
    endloop
  endfacet
  facet normal -1.000000e+00 -0.000000e+00 0.000000e+00
    outer loop
      vertex   -4.500000e+01 -4.903926e+00 -8.902455e+01
      vertex   -4.500000e+01 -2.999907e+01 -8.976403e+01
      vertex   -4.500000e+01 -2.996222e+01 -8.849493e+01
    endloop
  endfacet
  facet normal -1.000000e+00 0.000000e+00 0.000000e+00
    outer loop
      vertex   -4.500000e+01 -4.903926e+00 -8.902455e+01
      vertex   -4.500000e+01 -2.996222e+01 -8.849493e+01
      vertex   -4.500000e+01 -4.619398e+00 -8.808658e+01
    endloop
  endfacet
  facet normal -1.000000e+00 -0.000000e+00 0.000000e+00
    outer loop
      vertex   -4.500000e+01 -4.619398e+00 -8.808658e+01
      vertex   -4.500000e+01 -2.996222e+01 -8.849493e+01
      vertex   -4.500000e+01 -2.987171e+01 -8.722853e+01
    endloop
  endfacet
  facet normal -1.000000e+00 0.000000e+00 0.000000e+00
    outer loop
      vertex   -4.500000e+01 -4.619398e+00 -8.808658e+01
      vertex   -4.500000e+01 -2.987171e+01 -8.722853e+01
      vertex   -4.500000e+01 -4.157348e+00 -8.722215e+01
    endloop
  endfacet
  facet normal -1.000000e+00 -0.000000e+00 0.000000e+00
    outer loop
      vertex   -4.500000e+01 -4.157348e+00 -8.722215e+01
      vertex   -4.500000e+01 -2.987171e+01 -8.722853e+01
      vertex   -4.500000e+01 -3.535534e+00 -8.646447e+01
    endloop
  endfacet
  facet normal -1.000000e+00 -0.000000e+00 0.000000e+00
    outer loop
      vertex   -4.500000e+01 -3.535534e+00 -8.646447e+01
      vertex   -4.500000e+01 -2.987171e+01 -8.722853e+01
      vertex   -4.500000e+01 -2.972769e+01 -8.596709e+01
    endloop
  endfacet
  facet normal -1.000000e+00 0.000000e+00 0.000000e+00
    outer loop
      vertex   -4.500000e+01 -3.535534e+00 -8.646447e+01
      vertex   -4.500000e+01 -2.972769e+01 -8.596709e+01
      vertex   -4.500000e+01 -2.777851e+00 -8.584265e+01
    endloop
  endfacet
  facet normal -1.000000e+00 -0.000000e+00 0.000000e+00
    outer loop
      vertex   -4.500000e+01 -2.777851e+00 -8.584265e+01
      vertex   -4.500000e+01 -2.972769e+01 -8.596709e+01
      vertex   -4.500000e+01 -1.913417e+00 -8.538060e+01
    endloop
  endfacet
  facet normal -1.000000e+00 -0.000000e+00 0.000000e+00
    outer loop
      vertex   -4.500000e+01 -1.913417e+00 -8.538060e+01
      vertex   -4.500000e+01 -2.972769e+01 -8.596709e+01
      vertex   -4.500000e+01 -9.754516e-01 -8.509607e+01
    endloop
  endfacet
  facet normal -1.000000e+00 -0.000000e+00 0.000000e+00
    outer loop
      vertex   -4.500000e+01 -9.754516e-01 -8.509607e+01
      vertex   -4.500000e+01 -2.972769e+01 -8.596709e+01
      vertex   -4.500000e+01 3.061617e-16 -8.500000e+01
    endloop
  endfacet
  facet normal -1.000000e+00 -0.000000e+00 0.000000e+00
    outer loop
      vertex   -4.500000e+01 3.061617e-16 -8.500000e+01
      vertex   -4.500000e+01 -2.972769e+01 -8.596709e+01
      vertex   -4.500000e+01 -2.953043e+01 -8.471288e+01
    endloop
  endfacet
  facet normal -1.000000e+00 0.000000e+00 0.000000e+00
    outer loop
      vertex   -4.500000e+01 3.061617e-16 -8.500000e+01
      vertex   -4.500000e+01 -2.953043e+01 -8.471288e+01
      vertex   -4.500000e+01 2.956230e+01 -8.489407e+01
    endloop
  endfacet
  facet normal -1.000000e+00 0.000000e+00 0.000000e+00
    outer loop
      vertex   -4.500000e+01 2.956230e+01 -8.489407e+01
      vertex   -4.500000e+01 -2.953043e+01 -8.471288e+01
      vertex   -4.500000e+01 2.931978e+01 -8.364781e+01
    endloop
  endfacet
  facet normal -1.000000e+00 -0.000000e+00 0.000000e+00
    outer loop
      vertex   -4.500000e+01 2.931978e+01 -8.364781e+01
      vertex   -4.500000e+01 -2.953043e+01 -8.471288e+01
      vertex   -4.500000e+01 -2.928028e+01 -8.346813e+01
    endloop
  endfacet
  facet normal -1.000000e+00 0.000000e+00 0.000000e+00
    outer loop
      vertex   -4.500000e+01 2.931978e+01 -8.364781e+01
      vertex   -4.500000e+01 -2.928028e+01 -8.346813e+01
      vertex   -4.500000e+01 2.902476e+01 -8.241293e+01
    endloop
  endfacet
  facet normal -1.000000e+00 -0.000000e+00 0.000000e+00
    outer loop
      vertex   -4.500000e+01 2.902476e+01 -8.241293e+01
      vertex   -4.500000e+01 -2.928028e+01 -8.346813e+01
      vertex   -4.500000e+01 -2.897768e+01 -8.223508e+01
    endloop
  endfacet
  facet normal -1.000000e+00 0.000000e+00 0.000000e+00
    outer loop
      vertex   -4.500000e+01 2.902476e+01 -8.241293e+01
      vertex   -4.500000e+01 -2.897768e+01 -8.223508e+01
      vertex   -4.500000e+01 2.867774e+01 -8.119164e+01
    endloop
  endfacet
  facet normal -1.000000e+00 -0.000000e+00 0.000000e+00
    outer loop
      vertex   -4.500000e+01 2.867774e+01 -8.119164e+01
      vertex   -4.500000e+01 -2.897768e+01 -8.223508e+01
      vertex   -4.500000e+01 -2.862319e+01 -8.101595e+01
    endloop
  endfacet
  facet normal -1.000000e+00 0.000000e+00 0.000000e+00
    outer loop
      vertex   -4.500000e+01 2.867774e+01 -8.119164e+01
      vertex   -4.500000e+01 -2.862319e+01 -8.101595e+01
      vertex   -4.500000e+01 2.827936e+01 -7.998613e+01
    endloop
  endfacet
  facet normal -1.000000e+00 -0.000000e+00 0.000000e+00
    outer loop
      vertex   -4.500000e+01 2.827936e+01 -7.998613e+01
      vertex   -4.500000e+01 -2.862319e+01 -8.101595e+01
      vertex   -4.500000e+01 -2.821742e+01 -7.981290e+01
    endloop
  endfacet
  facet normal -1.000000e+00 0.000000e+00 0.000000e+00
    outer loop
      vertex   -4.500000e+01 2.827936e+01 -7.998613e+01
      vertex   -4.500000e+01 -2.821742e+01 -7.981290e+01
      vertex   -4.500000e+01 2.783034e+01 -7.879855e+01
    endloop
  endfacet
  facet normal -1.000000e+00 -0.000000e+00 0.000000e+00
    outer loop
      vertex   -4.500000e+01 2.783034e+01 -7.879855e+01
      vertex   -4.500000e+01 -2.821742e+01 -7.981290e+01
      vertex   -4.500000e+01 -2.776112e+01 -7.862810e+01
    endloop
  endfacet
  facet normal -1.000000e+00 0.000000e+00 0.000000e+00
    outer loop
      vertex   -4.500000e+01 2.783034e+01 -7.879855e+01
      vertex   -4.500000e+01 -2.776112e+01 -7.862810e+01
      vertex   -4.500000e+01 2.733146e+01 -7.763104e+01
    endloop
  endfacet
  facet normal -1.000000e+00 -0.000000e+00 0.000000e+00
    outer loop
      vertex   -4.500000e+01 2.733146e+01 -7.763104e+01
      vertex   -4.500000e+01 -2.776112e+01 -7.862810e+01
      vertex   -4.500000e+01 -2.725510e+01 -7.746366e+01
    endloop
  endfacet
  facet normal -1.000000e+00 0.000000e+00 0.000000e+00
    outer loop
      vertex   -4.500000e+01 2.733146e+01 -7.763104e+01
      vertex   -4.500000e+01 -2.725510e+01 -7.746366e+01
      vertex   -4.500000e+01 2.678363e+01 -7.648568e+01
    endloop
  endfacet
  facet normal -1.000000e+00 -0.000000e+00 0.000000e+00
    outer loop
      vertex   -4.500000e+01 2.678363e+01 -7.648568e+01
      vertex   -4.500000e+01 -2.725510e+01 -7.746366e+01
      vertex   -4.500000e+01 2.618784e+01 -7.536452e+01
    endloop
  endfacet
  facet normal -1.000000e+00 -0.000000e+00 0.000000e+00
    outer loop
      vertex   -4.500000e+01 2.618784e+01 -7.536452e+01
      vertex   -4.500000e+01 -2.725510e+01 -7.746366e+01
      vertex   -4.500000e+01 2.554513e+01 -7.426958e+01
    endloop
  endfacet
  facet normal -1.000000e+00 -0.000000e+00 0.000000e+00
    outer loop
      vertex   -4.500000e+01 2.554513e+01 -7.426958e+01
      vertex   -4.500000e+01 -2.725510e+01 -7.746366e+01
      vertex   -4.500000e+01 2.485668e+01 -7.320281e+01
    endloop
  endfacet
  facet normal -1.000000e+00 -0.000000e+00 0.000000e+00
    outer loop
      vertex   -4.500000e+01 2.485668e+01 -7.320281e+01
      vertex   -4.500000e+01 -2.725510e+01 -7.746366e+01
      vertex   -4.500000e+01 2.412370e+01 -7.216613e+01
    endloop
  endfacet
  facet normal -1.000000e+00 -0.000000e+00 0.000000e+00
    outer loop
      vertex   -4.500000e+01 2.412370e+01 -7.216613e+01
      vertex   -4.500000e+01 -2.725510e+01 -7.746366e+01
      vertex   -4.500000e+01 2.334752e+01 -7.116139e+01
    endloop
  endfacet
  facet normal -1.000000e+00 -0.000000e+00 0.000000e+00
    outer loop
      vertex   -4.500000e+01 2.334752e+01 -7.116139e+01
      vertex   -4.500000e+01 -2.725510e+01 -7.746366e+01
      vertex   -4.500000e+01 2.252952e+01 -7.019039e+01
    endloop
  endfacet
  facet normal -1.000000e+00 -0.000000e+00 0.000000e+00
    outer loop
      vertex   -4.500000e+01 2.252952e+01 -7.019039e+01
      vertex   -4.500000e+01 -2.725510e+01 -7.746366e+01
      vertex   -4.500000e+01 2.167117e+01 -6.925487e+01
    endloop
  endfacet
  facet normal -1.000000e+00 0.000000e+00 0.000000e+00
    outer loop
      vertex   -4.500000e+01 2.167117e+01 -6.925487e+01
      vertex   -4.500000e+01 -2.725510e+01 -7.746366e+01
      vertex   -4.500000e+01 -2.670026e+01 -7.632168e+01
    endloop
  endfacet
  facet normal -1.000000e+00 -0.000000e+00 0.000000e+00
    outer loop
      vertex   -4.500000e+01 2.167117e+01 -6.925487e+01
      vertex   -4.500000e+01 -2.670026e+01 -7.632168e+01
      vertex   -4.500000e+01 2.077400e+01 -6.835650e+01
    endloop
  endfacet
  facet normal -1.000000e+00 -0.000000e+00 0.000000e+00
    outer loop
      vertex   -4.500000e+01 2.077400e+01 -6.835650e+01
      vertex   -4.500000e+01 -2.670026e+01 -7.632168e+01
      vertex   -4.500000e+01 1.983962e+01 -6.749690e+01
    endloop
  endfacet
  facet normal -1.000000e+00 -0.000000e+00 0.000000e+00
    outer loop
      vertex   -4.500000e+01 1.983962e+01 -6.749690e+01
      vertex   -4.500000e+01 -2.670026e+01 -7.632168e+01
      vertex   -4.500000e+01 1.886971e+01 -6.667761e+01
    endloop
  endfacet
  facet normal -1.000000e+00 -0.000000e+00 0.000000e+00
    outer loop
      vertex   -4.500000e+01 1.886971e+01 -6.667761e+01
      vertex   -4.500000e+01 -2.670026e+01 -7.632168e+01
      vertex   -4.500000e+01 1.786601e+01 -6.590009e+01
    endloop
  endfacet
  facet normal -1.000000e+00 -0.000000e+00 0.000000e+00
    outer loop
      vertex   -4.500000e+01 1.786601e+01 -6.590009e+01
      vertex   -4.500000e+01 -2.670026e+01 -7.632168e+01
      vertex   -4.500000e+01 1.683030e+01 -6.516573e+01
    endloop
  endfacet
  facet normal -1.000000e+00 -0.000000e+00 0.000000e+00
    outer loop
      vertex   -4.500000e+01 1.683030e+01 -6.516573e+01
      vertex   -4.500000e+01 -2.670026e+01 -7.632168e+01
      vertex   -4.500000e+01 1.576445e+01 -6.447585e+01
    endloop
  endfacet
  facet normal -1.000000e+00 -0.000000e+00 0.000000e+00
    outer loop
      vertex   -4.500000e+01 1.576445e+01 -6.447585e+01
      vertex   -4.500000e+01 -2.670026e+01 -7.632168e+01
      vertex   -4.500000e+01 1.467037e+01 -6.383169e+01
    endloop
  endfacet
  facet normal -1.000000e+00 -0.000000e+00 0.000000e+00
    outer loop
      vertex   -4.500000e+01 1.467037e+01 -6.383169e+01
      vertex   -4.500000e+01 -2.670026e+01 -7.632168e+01
      vertex   -4.500000e+01 1.355001e+01 -6.323440e+01
    endloop
  endfacet
  facet normal -1.000000e+00 -0.000000e+00 0.000000e+00
    outer loop
      vertex   -4.500000e+01 1.355001e+01 -6.323440e+01
      vertex   -4.500000e+01 -2.670026e+01 -7.632168e+01
      vertex   -4.500000e+01 1.240538e+01 -6.268505e+01
    endloop
  endfacet
  facet normal -1.000000e+00 -0.000000e+00 0.000000e+00
    outer loop
      vertex   -4.500000e+01 1.240538e+01 -6.268505e+01
      vertex   -4.500000e+01 -2.670026e+01 -7.632168e+01
      vertex   -4.500000e+01 1.123853e+01 -6.218462e+01
    endloop
  endfacet
  facet normal -1.000000e+00 -0.000000e+00 0.000000e+00
    outer loop
      vertex   -4.500000e+01 1.123853e+01 -6.218462e+01
      vertex   -4.500000e+01 -2.670026e+01 -7.632168e+01
      vertex   -4.500000e+01 1.005155e+01 -6.173401e+01
    endloop
  endfacet
  facet normal -1.000000e+00 -0.000000e+00 0.000000e+00
    outer loop
      vertex   -4.500000e+01 1.005155e+01 -6.173401e+01
      vertex   -4.500000e+01 -2.670026e+01 -7.632168e+01
      vertex   -4.500000e+01 8.846570e+00 -6.133402e+01
    endloop
  endfacet
  facet normal -1.000000e+00 -0.000000e+00 0.000000e+00
    outer loop
      vertex   -4.500000e+01 8.846570e+00 -6.133402e+01
      vertex   -4.500000e+01 -2.670026e+01 -7.632168e+01
      vertex   -4.500000e+01 7.625744e+00 -6.098538e+01
    endloop
  endfacet
  facet normal -1.000000e+00 -0.000000e+00 0.000000e+00
    outer loop
      vertex   -4.500000e+01 7.625744e+00 -6.098538e+01
      vertex   -4.500000e+01 -2.670026e+01 -7.632168e+01
      vertex   -4.500000e+01 6.391260e+00 -6.068871e+01
    endloop
  endfacet
  facet normal -1.000000e+00 -0.000000e+00 0.000000e+00
    outer loop
      vertex   -4.500000e+01 6.391260e+00 -6.068871e+01
      vertex   -4.500000e+01 -2.670026e+01 -7.632168e+01
      vertex   -4.500000e+01 5.145329e+00 -6.044453e+01
    endloop
  endfacet
  facet normal -1.000000e+00 -0.000000e+00 0.000000e+00
    outer loop
      vertex   -4.500000e+01 5.145329e+00 -6.044453e+01
      vertex   -4.500000e+01 -2.670026e+01 -7.632168e+01
      vertex   -4.500000e+01 3.890182e+00 -6.025329e+01
    endloop
  endfacet
  facet normal -1.000000e+00 -0.000000e+00 0.000000e+00
    outer loop
      vertex   -4.500000e+01 3.890182e+00 -6.025329e+01
      vertex   -4.500000e+01 -2.670026e+01 -7.632168e+01
      vertex   -4.500000e+01 2.628067e+00 -6.011533e+01
    endloop
  endfacet
  facet normal -1.000000e+00 -0.000000e+00 0.000000e+00
    outer loop
      vertex   -4.500000e+01 2.628067e+00 -6.011533e+01
      vertex   -4.500000e+01 -2.670026e+01 -7.632168e+01
      vertex   -4.500000e+01 1.361246e+00 -6.003090e+01
    endloop
  endfacet
  facet normal -1.000000e+00 -0.000000e+00 0.000000e+00
    outer loop
      vertex   -4.500000e+01 1.361246e+00 -6.003090e+01
      vertex   -4.500000e+01 -2.670026e+01 -7.632168e+01
      vertex   -4.500000e+01 9.198608e-02 -6.000014e+01
    endloop
  endfacet
  facet normal -1.000000e+00 0.000000e+00 0.000000e+00
    outer loop
      vertex   -4.500000e+01 9.198608e-02 -6.000014e+01
      vertex   -4.500000e+01 -2.670026e+01 -7.632168e+01
      vertex   -4.500000e+01 -1.177438e+00 -6.002311e+01
    endloop
  endfacet
  facet normal -1.000000e+00 0.000000e+00 0.000000e+00
    outer loop
      vertex   -4.500000e+01 -1.177438e+00 -6.002311e+01
      vertex   -4.500000e+01 -2.670026e+01 -7.632168e+01
      vertex   -4.500000e+01 -2.444754e+00 -6.009978e+01
    endloop
  endfacet
  facet normal -1.000000e+00 0.000000e+00 0.000000e+00
    outer loop
      vertex   -4.500000e+01 -2.444754e+00 -6.009978e+01
      vertex   -4.500000e+01 -2.670026e+01 -7.632168e+01
      vertex   -4.500000e+01 -3.707691e+00 -6.023000e+01
    endloop
  endfacet
  facet normal -1.000000e+00 0.000000e+00 0.000000e+00
    outer loop
      vertex   -4.500000e+01 -3.707691e+00 -6.023000e+01
      vertex   -4.500000e+01 -2.670026e+01 -7.632168e+01
      vertex   -4.500000e+01 -4.963987e+00 -6.041354e+01
    endloop
  endfacet
  facet normal -1.000000e+00 0.000000e+00 0.000000e+00
    outer loop
      vertex   -4.500000e+01 -4.963987e+00 -6.041354e+01
      vertex   -4.500000e+01 -2.670026e+01 -7.632168e+01
      vertex   -4.500000e+01 -6.211392e+00 -6.065007e+01
    endloop
  endfacet
  facet normal -1.000000e+00 0.000000e+00 0.000000e+00
    outer loop
      vertex   -4.500000e+01 -6.211392e+00 -6.065007e+01
      vertex   -4.500000e+01 -2.670026e+01 -7.632168e+01
      vertex   -4.500000e+01 -7.447672e+00 -6.093916e+01
    endloop
  endfacet
  facet normal -1.000000e+00 0.000000e+00 0.000000e+00
    outer loop
      vertex   -4.500000e+01 -7.447672e+00 -6.093916e+01
      vertex   -4.500000e+01 -2.670026e+01 -7.632168e+01
      vertex   -4.500000e+01 -8.670613e+00 -6.128031e+01
    endloop
  endfacet
  facet normal -1.000000e+00 0.000000e+00 0.000000e+00
    outer loop
      vertex   -4.500000e+01 -8.670613e+00 -6.128031e+01
      vertex   -4.500000e+01 -2.670026e+01 -7.632168e+01
      vertex   -4.500000e+01 -9.878024e+00 -6.167290e+01
    endloop
  endfacet
  facet normal -1.000000e+00 0.000000e+00 0.000000e+00
    outer loop
      vertex   -4.500000e+01 -9.878024e+00 -6.167290e+01
      vertex   -4.500000e+01 -2.670026e+01 -7.632168e+01
      vertex   -4.500000e+01 -1.106774e+01 -6.211622e+01
    endloop
  endfacet
  facet normal -1.000000e+00 0.000000e+00 0.000000e+00
    outer loop
      vertex   -4.500000e+01 -1.106774e+01 -6.211622e+01
      vertex   -4.500000e+01 -2.670026e+01 -7.632168e+01
      vertex   -4.500000e+01 -1.223764e+01 -6.260949e+01
    endloop
  endfacet
  facet normal -1.000000e+00 0.000000e+00 0.000000e+00
    outer loop
      vertex   -4.500000e+01 -1.223764e+01 -6.260949e+01
      vertex   -4.500000e+01 -2.670026e+01 -7.632168e+01
      vertex   -4.500000e+01 -1.338562e+01 -6.315181e+01
    endloop
  endfacet
  facet normal -1.000000e+00 0.000000e+00 0.000000e+00
    outer loop
      vertex   -4.500000e+01 -1.338562e+01 -6.315181e+01
      vertex   -4.500000e+01 -2.670026e+01 -7.632168e+01
      vertex   -4.500000e+01 -1.450962e+01 -6.374222e+01
    endloop
  endfacet
  facet normal -1.000000e+00 0.000000e+00 0.000000e+00
    outer loop
      vertex   -4.500000e+01 -1.450962e+01 -6.374222e+01
      vertex   -4.500000e+01 -2.670026e+01 -7.632168e+01
      vertex   -4.500000e+01 -1.560763e+01 -6.437966e+01
    endloop
  endfacet
  facet normal -1.000000e+00 0.000000e+00 0.000000e+00
    outer loop
      vertex   -4.500000e+01 -1.560763e+01 -6.437966e+01
      vertex   -4.500000e+01 -2.670026e+01 -7.632168e+01
      vertex   -4.500000e+01 -1.667769e+01 -6.506299e+01
    endloop
  endfacet
  facet normal -1.000000e+00 0.000000e+00 0.000000e+00
    outer loop
      vertex   -4.500000e+01 -1.667769e+01 -6.506299e+01
      vertex   -4.500000e+01 -2.670026e+01 -7.632168e+01
      vertex   -4.500000e+01 -1.771788e+01 -6.579098e+01
    endloop
  endfacet
  facet normal -1.000000e+00 0.000000e+00 0.000000e+00
    outer loop
      vertex   -4.500000e+01 -1.771788e+01 -6.579098e+01
      vertex   -4.500000e+01 -2.670026e+01 -7.632168e+01
      vertex   -4.500000e+01 -1.872634e+01 -6.656233e+01
    endloop
  endfacet
  facet normal -1.000000e+00 0.000000e+00 0.000000e+00
    outer loop
      vertex   -4.500000e+01 -1.872634e+01 -6.656233e+01
      vertex   -4.500000e+01 -2.670026e+01 -7.632168e+01
      vertex   -4.500000e+01 -1.970125e+01 -6.737566e+01
    endloop
  endfacet
  facet normal -1.000000e+00 0.000000e+00 0.000000e+00
    outer loop
      vertex   -4.500000e+01 -1.970125e+01 -6.737566e+01
      vertex   -4.500000e+01 -2.670026e+01 -7.632168e+01
      vertex   -4.500000e+01 -2.064088e+01 -6.822952e+01
    endloop
  endfacet
  facet normal -1.000000e+00 0.000000e+00 0.000000e+00
    outer loop
      vertex   -4.500000e+01 -2.064088e+01 -6.822952e+01
      vertex   -4.500000e+01 -2.670026e+01 -7.632168e+01
      vertex   -4.500000e+01 -2.154354e+01 -6.912236e+01
    endloop
  endfacet
  facet normal -1.000000e+00 0.000000e+00 0.000000e+00
    outer loop
      vertex   -4.500000e+01 -2.154354e+01 -6.912236e+01
      vertex   -4.500000e+01 -2.670026e+01 -7.632168e+01
      vertex   -4.500000e+01 -2.240761e+01 -7.005260e+01
    endloop
  endfacet
  facet normal -1.000000e+00 0.000000e+00 0.000000e+00
    outer loop
      vertex   -4.500000e+01 -2.240761e+01 -7.005260e+01
      vertex   -4.500000e+01 -2.670026e+01 -7.632168e+01
      vertex   -4.500000e+01 -2.323155e+01 -7.101856e+01
    endloop
  endfacet
  facet normal -1.000000e+00 0.000000e+00 0.000000e+00
    outer loop
      vertex   -4.500000e+01 -2.323155e+01 -7.101856e+01
      vertex   -4.500000e+01 -2.670026e+01 -7.632168e+01
      vertex   -4.500000e+01 -2.401388e+01 -7.201853e+01
    endloop
  endfacet
  facet normal -1.000000e+00 0.000000e+00 0.000000e+00
    outer loop
      vertex   -4.500000e+01 -2.401388e+01 -7.201853e+01
      vertex   -4.500000e+01 -2.670026e+01 -7.632168e+01
      vertex   -4.500000e+01 -2.475320e+01 -7.305070e+01
    endloop
  endfacet
  facet normal -1.000000e+00 0.000000e+00 0.000000e+00
    outer loop
      vertex   -4.500000e+01 -2.475320e+01 -7.305070e+01
      vertex   -4.500000e+01 -2.670026e+01 -7.632168e+01
      vertex   -4.500000e+01 -2.544819e+01 -7.411322e+01
    endloop
  endfacet
  facet normal -1.000000e+00 0.000000e+00 0.000000e+00
    outer loop
      vertex   -4.500000e+01 -2.544819e+01 -7.411322e+01
      vertex   -4.500000e+01 -2.670026e+01 -7.632168e+01
      vertex   -4.500000e+01 -2.609759e+01 -7.520420e+01
    endloop
  endfacet
  facet normal -1.000000e+00 -0.000000e+00 0.000000e+00
    outer loop
      vertex   -4.500000e+01 2.975186e+01 -8.614947e+01
      vertex   -4.500000e+01 4.903926e+00 -8.902455e+01
      vertex   -4.500000e+01 2.956230e+01 -8.489407e+01
    endloop
  endfacet
  facet normal -1.000000e+00 0.000000e+00 0.000000e+00
    outer loop
      vertex   -4.500000e+01 2.956230e+01 -8.489407e+01
      vertex   -4.500000e+01 4.903926e+00 -8.902455e+01
      vertex   -4.500000e+01 4.619398e+00 -8.808658e+01
    endloop
  endfacet
  facet normal -1.000000e+00 0.000000e+00 0.000000e+00
    outer loop
      vertex   -4.500000e+01 2.956230e+01 -8.489407e+01
      vertex   -4.500000e+01 4.619398e+00 -8.808658e+01
      vertex   -4.500000e+01 4.157348e+00 -8.722215e+01
    endloop
  endfacet
  facet normal -1.000000e+00 0.000000e+00 -0.000000e+00
    outer loop
      vertex   -4.500000e+01 2.975186e+01 -8.614947e+01
      vertex   -4.500000e+01 2.988814e+01 -8.741176e+01
      vertex   -4.500000e+01 4.903926e+00 -8.902455e+01
    endloop
  endfacet
  facet normal -1.000000e+00 0.000000e+00 0.000000e+00
    outer loop
      vertex   -4.500000e+01 4.903926e+00 -8.902455e+01
      vertex   -4.500000e+01 2.988814e+01 -8.741176e+01
      vertex   -4.500000e+01 5.000000e+00 -9.000000e+01
    endloop
  endfacet
  facet normal -1.000000e+00 0.000000e+00 0.000000e+00
    outer loop
      vertex   -4.500000e+01 5.000000e+00 -9.000000e+01
      vertex   -4.500000e+01 2.988814e+01 -8.741176e+01
      vertex   -4.500000e+01 2.997089e+01 -8.867870e+01
    endloop
  endfacet
  facet normal -1.000000e+00 0.000000e+00 0.000000e+00
    outer loop
      vertex   -4.500000e+01 5.000000e+00 -9.000000e+01
      vertex   -4.500000e+01 2.997089e+01 -8.867870e+01
      vertex   -4.500000e+01 2.999995e+01 -8.994800e+01
    endloop
  endfacet
  facet normal -1.000000e+00 0.000000e+00 0.000000e+00
    outer loop
      vertex   -4.500000e+01 2.999995e+01 -8.994800e+01
      vertex   -4.500000e+01 2.997529e+01 -9.121739e+01
      vertex   -4.500000e+01 5.000000e+00 -9.000000e+01
    endloop
  endfacet
  facet normal -1.000000e+00 0.000000e+00 0.000000e+00
    outer loop
      vertex   -4.500000e+01 5.000000e+00 -9.000000e+01
      vertex   -4.500000e+01 2.997529e+01 -9.121739e+01
      vertex   -4.500000e+01 2.989694e+01 -9.248460e+01
    endloop
  endfacet
  facet normal -1.000000e+00 0.000000e+00 -0.000000e+00
    outer loop
      vertex   -4.500000e+01 5.000000e+00 -9.000000e+01
      vertex   -4.500000e+01 2.989694e+01 -9.248460e+01
      vertex   -4.500000e+01 4.903926e+00 -9.097545e+01
    endloop
  endfacet
  facet normal -1.000000e+00 0.000000e+00 0.000000e+00
    outer loop
      vertex   -4.500000e+01 4.903926e+00 -9.097545e+01
      vertex   -4.500000e+01 2.989694e+01 -9.248460e+01
      vertex   -4.500000e+01 2.976503e+01 -9.374736e+01
    endloop
  endfacet
  facet normal -1.000000e+00 0.000000e+00 0.000000e+00
    outer loop
      vertex   -4.500000e+01 4.903926e+00 -9.097545e+01
      vertex   -4.500000e+01 2.976503e+01 -9.374736e+01
      vertex   -4.500000e+01 2.957982e+01 -9.500341e+01
    endloop
  endfacet
  facet normal -1.000000e+00 0.000000e+00 0.000000e+00
    outer loop
      vertex   -4.500000e+01 9.754516e-01 -9.490393e+01
      vertex   -4.500000e+01 1.913417e+00 -9.461940e+01
      vertex   -4.500000e+01 2.957982e+01 -9.500341e+01
    endloop
  endfacet
  facet normal -1.000000e+00 0.000000e+00 0.000000e+00
    outer loop
      vertex   -4.500000e+01 2.957982e+01 -9.500341e+01
      vertex   -4.500000e+01 1.913417e+00 -9.461940e+01
      vertex   -4.500000e+01 2.777851e+00 -9.415735e+01
    endloop
  endfacet
  facet normal -1.000000e+00 0.000000e+00 0.000000e+00
    outer loop
      vertex   -4.500000e+01 2.957982e+01 -9.500341e+01
      vertex   -4.500000e+01 2.777851e+00 -9.415735e+01
      vertex   -4.500000e+01 3.535534e+00 -9.353553e+01
    endloop
  endfacet
  facet normal -1.000000e+00 0.000000e+00 0.000000e+00
    outer loop
      vertex   -4.500000e+01 3.535534e+00 -9.353553e+01
      vertex   -4.500000e+01 4.157348e+00 -9.277785e+01
      vertex   -4.500000e+01 2.957982e+01 -9.500341e+01
    endloop
  endfacet
  facet normal -1.000000e+00 0.000000e+00 0.000000e+00
    outer loop
      vertex   -4.500000e+01 2.957982e+01 -9.500341e+01
      vertex   -4.500000e+01 4.157348e+00 -9.277785e+01
      vertex   -4.500000e+01 4.619398e+00 -9.191342e+01
    endloop
  endfacet
  facet normal -1.000000e+00 0.000000e+00 0.000000e+00
    outer loop
      vertex   -4.500000e+01 2.957982e+01 -9.500341e+01
      vertex   -4.500000e+01 4.619398e+00 -9.191342e+01
      vertex   -4.500000e+01 4.903926e+00 -9.097545e+01
    endloop
  endfacet
  facet normal -1.000000e+00 0.000000e+00 0.000000e+00
    outer loop
      vertex   -4.500000e+01 4.157348e+00 -8.722215e+01
      vertex   -4.500000e+01 3.535534e+00 -8.646447e+01
      vertex   -4.500000e+01 2.956230e+01 -8.489407e+01
    endloop
  endfacet
  facet normal -1.000000e+00 0.000000e+00 0.000000e+00
    outer loop
      vertex   -4.500000e+01 2.956230e+01 -8.489407e+01
      vertex   -4.500000e+01 3.535534e+00 -8.646447e+01
      vertex   -4.500000e+01 2.777851e+00 -8.584265e+01
    endloop
  endfacet
  facet normal -1.000000e+00 0.000000e+00 0.000000e+00
    outer loop
      vertex   -4.500000e+01 2.956230e+01 -8.489407e+01
      vertex   -4.500000e+01 2.777851e+00 -8.584265e+01
      vertex   -4.500000e+01 1.913417e+00 -8.538060e+01
    endloop
  endfacet
  facet normal -1.000000e+00 0.000000e+00 0.000000e+00
    outer loop
      vertex   -4.500000e+01 1.913417e+00 -8.538060e+01
      vertex   -4.500000e+01 9.754516e-01 -8.509607e+01
      vertex   -4.500000e+01 2.956230e+01 -8.489407e+01
    endloop
  endfacet
  facet normal -1.000000e+00 0.000000e+00 0.000000e+00
    outer loop
      vertex   -4.500000e+01 2.956230e+01 -8.489407e+01
      vertex   -4.500000e+01 9.754516e-01 -8.509607e+01
      vertex   -4.500000e+01 3.061617e-16 -8.500000e+01
    endloop
  endfacet
  facet normal -1.622487e-12 -1.000000e+00 -2.277741e-14
    outer loop
      vertex   -4.502409e+01 1.000000e+01 -1.200000e+02
      vertex   -4.500000e+01 1.000000e+01 -1.200000e+02
      vertex   -4.502409e+01 1.000000e+01 -1.182843e+02
    endloop
  endfacet
  facet normal 0.000000e+00 -1.000000e+00 0.000000e+00
    outer loop
      vertex   -4.502409e+01 1.000000e+01 -1.182843e+02
      vertex   -4.500000e+01 1.000000e+01 -1.200000e+02
      vertex   -4.500000e+01 1.000000e+01 -1.182843e+02
    endloop
  endfacet
  facet normal 1.000000e+00 0.000000e+00 0.000000e+00
    outer loop
      vertex   -3.672467e+01 -4.903926e+00 -9.097545e+01
      vertex   -3.672467e+01 -5.000000e+00 -9.000000e+01
      vertex   -3.672467e+01 -9.750381e+00 -9.359584e+01
    endloop
  endfacet
  facet normal 1.000000e+00 0.000000e+00 0.000000e+00
    outer loop
      vertex   -3.672467e+01 -9.750381e+00 -9.359584e+01
      vertex   -3.672467e+01 -5.000000e+00 -9.000000e+01
      vertex   -3.672467e+01 -4.903926e+00 -8.902455e+01
    endloop
  endfacet
  facet normal 1.000000e+00 0.000000e+00 0.000000e+00
    outer loop
      vertex   -3.672467e+01 -9.750381e+00 -9.359584e+01
      vertex   -3.672467e+01 -4.903926e+00 -8.902455e+01
      vertex   -3.672467e+01 -7.989279e+00 -8.335384e+01
    endloop
  endfacet
  facet normal 1.000000e+00 0.000000e+00 0.000000e+00
    outer loop
      vertex   -3.672467e+01 -7.989279e+00 -8.335384e+01
      vertex   -3.672467e+01 -4.903926e+00 -8.902455e+01
      vertex   -3.672467e+01 -4.619398e+00 -8.808658e+01
    endloop
  endfacet
  facet normal 1.000000e+00 0.000000e+00 0.000000e+00
    outer loop
      vertex   -3.672467e+01 -7.989279e+00 -8.335384e+01
      vertex   -3.672467e+01 -4.619398e+00 -8.808658e+01
      vertex   -3.672467e+01 -4.157348e+00 -8.722215e+01
    endloop
  endfacet
  facet normal 1.000000e+00 0.000000e+00 -0.000000e+00
    outer loop
      vertex   -3.672467e+01 -4.157348e+00 -8.722215e+01
      vertex   -3.672467e+01 -3.535534e+00 -8.646447e+01
      vertex   -3.672467e+01 -7.989279e+00 -8.335384e+01
    endloop
  endfacet
  facet normal 1.000000e+00 0.000000e+00 0.000000e+00
    outer loop
      vertex   -3.672467e+01 -7.989279e+00 -8.335384e+01
      vertex   -3.672467e+01 -3.535534e+00 -8.646447e+01
      vertex   -3.672467e+01 -2.777851e+00 -8.584265e+01
    endloop
  endfacet
  facet normal 1.000000e+00 0.000000e+00 0.000000e+00
    outer loop
      vertex   -3.672467e+01 -7.989279e+00 -8.335384e+01
      vertex   -3.672467e+01 -2.777851e+00 -8.584265e+01
      vertex   -3.672467e+01 -1.913417e+00 -8.538060e+01
    endloop
  endfacet
  facet normal 1.000000e+00 -0.000000e+00 0.000000e+00
    outer loop
      vertex   -3.672467e+01 -7.989279e+00 -8.335384e+01
      vertex   -3.672467e+01 -1.913417e+00 -8.538060e+01
      vertex   -3.672467e+01 1.761103e+00 -7.975800e+01
    endloop
  endfacet
  facet normal 1.000000e+00 0.000000e+00 0.000000e+00
    outer loop
      vertex   -3.672467e+01 1.761103e+00 -7.975800e+01
      vertex   -3.672467e+01 -1.913417e+00 -8.538060e+01
      vertex   -3.672467e+01 -9.754516e-01 -8.509607e+01
    endloop
  endfacet
  facet normal 1.000000e+00 0.000000e+00 0.000000e+00
    outer loop
      vertex   -3.672467e+01 1.761103e+00 -7.975800e+01
      vertex   -3.672467e+01 -9.754516e-01 -8.509607e+01
      vertex   -3.672467e+01 3.061617e-16 -8.500000e+01
    endloop
  endfacet
  facet normal 1.000000e+00 -0.000000e+00 0.000000e+00
    outer loop
      vertex   -3.672467e+01 3.061617e-16 -8.500000e+01
      vertex   -3.672467e+01 9.754516e-01 -8.509607e+01
      vertex   -3.672467e+01 1.761103e+00 -7.975800e+01
    endloop
  endfacet
  facet normal 1.000000e+00 0.000000e+00 0.000000e+00
    outer loop
      vertex   -3.672467e+01 1.761103e+00 -7.975800e+01
      vertex   -3.672467e+01 9.754516e-01 -8.509607e+01
      vertex   -3.672467e+01 1.913417e+00 -8.538060e+01
    endloop
  endfacet
  facet normal 1.000000e+00 0.000000e+00 0.000000e+00
    outer loop
      vertex   -3.672467e+01 1.761103e+00 -7.975800e+01
      vertex   -3.672467e+01 1.913417e+00 -8.538060e+01
      vertex   -3.672467e+01 2.777851e+00 -8.584265e+01
    endloop
  endfacet
  facet normal 1.000000e+00 -0.000000e+00 -0.000000e+00
    outer loop
      vertex   -3.672467e+01 2.777851e+00 -8.584265e+01
      vertex   -3.672467e+01 3.535534e+00 -8.646447e+01
      vertex   -3.672467e+01 1.761103e+00 -7.975800e+01
    endloop
  endfacet
  facet normal 1.000000e+00 0.000000e+00 0.000000e+00
    outer loop
      vertex   -3.672467e+01 1.761103e+00 -7.975800e+01
      vertex   -3.672467e+01 3.535534e+00 -8.646447e+01
      vertex   -3.672467e+01 9.750381e+00 -8.640416e+01
    endloop
  endfacet
  facet normal 1.000000e+00 0.000000e+00 0.000000e+00
    outer loop
      vertex   -3.672467e+01 9.750381e+00 -8.640416e+01
      vertex   -3.672467e+01 3.535534e+00 -8.646447e+01
      vertex   -3.672467e+01 4.157348e+00 -8.722215e+01
    endloop
  endfacet
  facet normal 1.000000e+00 0.000000e+00 0.000000e+00
    outer loop
      vertex   -3.672467e+01 9.750381e+00 -8.640416e+01
      vertex   -3.672467e+01 4.157348e+00 -8.722215e+01
      vertex   -3.672467e+01 4.619398e+00 -8.808658e+01
    endloop
  endfacet
  facet normal 1.000000e+00 -0.000000e+00 0.000000e+00
    outer loop
      vertex   -3.672467e+01 4.619398e+00 -8.808658e+01
      vertex   -3.672467e+01 4.903926e+00 -8.902455e+01
      vertex   -3.672467e+01 9.750381e+00 -8.640416e+01
    endloop
  endfacet
  facet normal 1.000000e+00 0.000000e+00 0.000000e+00
    outer loop
      vertex   -3.672467e+01 9.750381e+00 -8.640416e+01
      vertex   -3.672467e+01 4.903926e+00 -8.902455e+01
      vertex   -3.672467e+01 5.000000e+00 -9.000000e+01
    endloop
  endfacet
  facet normal 1.000000e+00 0.000000e+00 0.000000e+00
    outer loop
      vertex   -3.672467e+01 9.750381e+00 -8.640416e+01
      vertex   -3.672467e+01 5.000000e+00 -9.000000e+01
      vertex   -3.672467e+01 4.903926e+00 -9.097545e+01
    endloop
  endfacet
  facet normal 1.000000e+00 0.000000e+00 0.000000e+00
    outer loop
      vertex   -3.672467e+01 9.750381e+00 -8.640416e+01
      vertex   -3.672467e+01 4.903926e+00 -9.097545e+01
      vertex   -3.672467e+01 7.989279e+00 -9.664616e+01
    endloop
  endfacet
  facet normal 1.000000e+00 0.000000e+00 0.000000e+00
    outer loop
      vertex   -3.672467e+01 7.989279e+00 -9.664616e+01
      vertex   -3.672467e+01 4.903926e+00 -9.097545e+01
      vertex   -3.672467e+01 4.619398e+00 -9.191342e+01
    endloop
  endfacet
  facet normal 1.000000e+00 0.000000e+00 0.000000e+00
    outer loop
      vertex   -3.672467e+01 7.989279e+00 -9.664616e+01
      vertex   -3.672467e+01 4.619398e+00 -9.191342e+01
      vertex   -3.672467e+01 4.157348e+00 -9.277785e+01
    endloop
  endfacet
  facet normal 1.000000e+00 0.000000e+00 0.000000e+00
    outer loop
      vertex   -3.672467e+01 4.157348e+00 -9.277785e+01
      vertex   -3.672467e+01 3.535534e+00 -9.353553e+01
      vertex   -3.672467e+01 7.989279e+00 -9.664616e+01
    endloop
  endfacet
  facet normal 1.000000e+00 0.000000e+00 0.000000e+00
    outer loop
      vertex   -3.672467e+01 7.989279e+00 -9.664616e+01
      vertex   -3.672467e+01 3.535534e+00 -9.353553e+01
      vertex   -3.672467e+01 2.777851e+00 -9.415735e+01
    endloop
  endfacet
  facet normal 1.000000e+00 0.000000e+00 0.000000e+00
    outer loop
      vertex   -3.672467e+01 7.989279e+00 -9.664616e+01
      vertex   -3.672467e+01 2.777851e+00 -9.415735e+01
      vertex   -3.672467e+01 1.913417e+00 -9.461940e+01
    endloop
  endfacet
  facet normal 1.000000e+00 0.000000e+00 0.000000e+00
    outer loop
      vertex   -3.672467e+01 7.989279e+00 -9.664616e+01
      vertex   -3.672467e+01 1.913417e+00 -9.461940e+01
      vertex   -3.672467e+01 -1.761103e+00 -1.002420e+02
    endloop
  endfacet
  facet normal 1.000000e+00 0.000000e+00 0.000000e+00
    outer loop
      vertex   -3.672467e+01 -1.761103e+00 -1.002420e+02
      vertex   -3.672467e+01 1.913417e+00 -9.461940e+01
      vertex   -3.672467e+01 9.754516e-01 -9.490393e+01
    endloop
  endfacet
  facet normal 1.000000e+00 0.000000e+00 0.000000e+00
    outer loop
      vertex   -3.672467e+01 -1.761103e+00 -1.002420e+02
      vertex   -3.672467e+01 9.754516e-01 -9.490393e+01
      vertex   -3.672467e+01 3.061617e-16 -9.500000e+01
    endloop
  endfacet
  facet normal 1.000000e+00 0.000000e+00 0.000000e+00
    outer loop
      vertex   -3.672467e+01 3.061617e-16 -9.500000e+01
      vertex   -3.672467e+01 -9.754516e-01 -9.490393e+01
      vertex   -3.672467e+01 -1.761103e+00 -1.002420e+02
    endloop
  endfacet
  facet normal 1.000000e+00 0.000000e+00 -0.000000e+00
    outer loop
      vertex   -3.672467e+01 -1.761103e+00 -1.002420e+02
      vertex   -3.672467e+01 -9.754516e-01 -9.490393e+01
      vertex   -3.672467e+01 -1.913417e+00 -9.461940e+01
    endloop
  endfacet
  facet normal 1.000000e+00 0.000000e+00 0.000000e+00
    outer loop
      vertex   -3.672467e+01 -1.761103e+00 -1.002420e+02
      vertex   -3.672467e+01 -1.913417e+00 -9.461940e+01
      vertex   -3.672467e+01 -2.777851e+00 -9.415735e+01
    endloop
  endfacet
  facet normal 1.000000e+00 0.000000e+00 0.000000e+00
    outer loop
      vertex   -3.672467e+01 -2.777851e+00 -9.415735e+01
      vertex   -3.672467e+01 -3.535534e+00 -9.353553e+01
      vertex   -3.672467e+01 -1.761103e+00 -1.002420e+02
    endloop
  endfacet
  facet normal 1.000000e+00 0.000000e+00 0.000000e+00
    outer loop
      vertex   -3.672467e+01 -1.761103e+00 -1.002420e+02
      vertex   -3.672467e+01 -3.535534e+00 -9.353553e+01
      vertex   -3.672467e+01 -9.750381e+00 -9.359584e+01
    endloop
  endfacet
  facet normal 1.000000e+00 0.000000e+00 0.000000e+00
    outer loop
      vertex   -3.672467e+01 -9.750381e+00 -9.359584e+01
      vertex   -3.672467e+01 -3.535534e+00 -9.353553e+01
      vertex   -3.672467e+01 -4.157348e+00 -9.277785e+01
    endloop
  endfacet
  facet normal 1.000000e+00 0.000000e+00 0.000000e+00
    outer loop
      vertex   -3.672467e+01 -9.750381e+00 -9.359584e+01
      vertex   -3.672467e+01 -4.157348e+00 -9.277785e+01
      vertex   -3.672467e+01 -4.619398e+00 -9.191342e+01
    endloop
  endfacet
  facet normal 1.000000e+00 0.000000e+00 0.000000e+00
    outer loop
      vertex   -3.672467e+01 -4.619398e+00 -9.191342e+01
      vertex   -3.672467e+01 -4.903926e+00 -9.097545e+01
      vertex   -3.672467e+01 -9.750381e+00 -9.359584e+01
    endloop
  endfacet
  facet normal 0.000000e+00 -3.460098e-01 9.382309e-01
    outer loop
      vertex   -3.119320e+01 7.989279e+00 -9.664616e+01
      vertex   -3.672467e+01 7.989279e+00 -9.664616e+01
      vertex   -3.200000e+01 5.000000e+00 -9.774857e+01
    endloop
  endfacet
  facet normal -1.284327e-15 -3.460098e-01 9.382309e-01
    outer loop
      vertex   -3.200000e+01 5.000000e+00 -9.774857e+01
      vertex   -3.672467e+01 7.989279e+00 -9.664616e+01
      vertex   -3.672467e+01 -1.761103e+00 -1.002420e+02
    endloop
  endfacet
  facet normal 0.000000e+00 -3.460098e-01 9.382309e-01
    outer loop
      vertex   -3.200000e+01 5.000000e+00 -9.774857e+01
      vertex   -3.672467e+01 -1.761103e+00 -1.002420e+02
      vertex   -3.200000e+01 -1.761103e+00 -1.002420e+02
    endloop
  endfacet
  facet normal 0.000000e+00 6.395269e-01 7.687687e-01
    outer loop
      vertex   -3.200000e+01 -1.761103e+00 -1.002420e+02
      vertex   -3.672467e+01 -1.761103e+00 -1.002420e+02
      vertex   -3.200000e+01 -5.620214e+00 -9.703166e+01
    endloop
  endfacet
  facet normal 1.483307e-15 6.395269e-01 7.687687e-01
    outer loop
      vertex   -3.200000e+01 -5.620214e+00 -9.703166e+01
      vertex   -3.672467e+01 -1.761103e+00 -1.002420e+02
      vertex   -3.672467e+01 -9.750381e+00 -9.359584e+01
    endloop
  endfacet
  facet normal 0.000000e+00 6.395269e-01 7.687687e-01
    outer loop
      vertex   -3.200000e+01 -5.620214e+00 -9.703166e+01
      vertex   -3.672467e+01 -9.750381e+00 -9.359584e+01
      vertex   -3.108163e+01 -9.750381e+00 -9.359584e+01
    endloop
  endfacet
  facet normal 0.000000e+00 9.855367e-01 -1.694622e-01
    outer loop
      vertex   -3.108163e+01 -9.750381e+00 -9.359584e+01
      vertex   -3.672467e+01 -9.750381e+00 -9.359584e+01
      vertex   -3.147322e+01 -7.989279e+00 -8.335384e+01
    endloop
  endfacet
  facet normal 0.000000e+00 9.855367e-01 -1.694622e-01
    outer loop
      vertex   -3.147322e+01 -7.989279e+00 -8.335384e+01
      vertex   -3.672467e+01 -9.750381e+00 -9.359584e+01
      vertex   -3.672467e+01 -7.989279e+00 -8.335384e+01
    endloop
  endfacet
  facet normal -2.405819e-02 -9.997106e-01 0.000000e+00
    outer loop
      vertex   0.000000e+00 -4.864793e+01 -3.920575e+01
      vertex   0.000000e+00 -4.864793e+01 -3.820575e+01
      vertex   -2.340085e+00 -4.859162e+01 -3.920575e+01
    endloop
  endfacet
  facet normal -3.121016e-02 -9.993724e-01 1.675527e-02
    outer loop
      vertex   -2.340085e+00 -4.859162e+01 -3.920575e+01
      vertex   0.000000e+00 -4.864793e+01 -3.820575e+01
      vertex   -3.035566e+00 -4.855313e+01 -3.820575e+01
    endloop
  endfacet
  facet normal -7.211387e-02 -9.973269e-01 -1.177122e-02
    outer loop
      vertex   -2.340085e+00 -4.859162e+01 -3.920575e+01
      vertex   -3.035566e+00 -4.855313e+01 -3.820575e+01
      vertex   -4.674752e+00 -4.842280e+01 -3.920575e+01
    endloop
  endfacet
  facet normal -9.349606e-02 -9.953414e-01 2.353694e-02
    outer loop
      vertex   -4.674752e+00 -4.842280e+01 -3.920575e+01
      vertex   -3.035566e+00 -4.855313e+01 -3.820575e+01
      vertex   -6.059301e+00 -4.826910e+01 -3.820575e+01
    endloop
  endfacet
  facet normal -1.200015e-01 -9.926810e-01 -1.357009e-02
    outer loop
      vertex   -4.674752e+00 -4.842280e+01 -3.920575e+01
      vertex   -6.059301e+00 -4.826910e+01 -3.820575e+01
      vertex   -6.998596e+00 -4.814188e+01 -3.920575e+01
    endloop
  endfacet
  facet normal -1.554327e-01 -9.876368e-01 2.035193e-02
    outer loop
      vertex   -6.998596e+00 -4.814188e+01 -3.920575e+01
      vertex   -6.059301e+00 -4.826910e+01 -3.820575e+01
      vertex   -9.059421e+00 -4.779695e+01 -3.820575e+01
    endloop
  endfacet
  facet normal -1.650812e-01 -9.862800e-01 -1.127858e-17
    outer loop
      vertex   -6.998596e+00 -4.814188e+01 -3.920575e+01
      vertex   -9.059421e+00 -4.779695e+01 -3.820575e+01
      vertex   -6.998596e+00 -4.814188e+01 -5.220575e+01
    endloop
  endfacet
  facet normal -1.652836e-01 -9.862461e-01 -3.062724e-05
    outer loop
      vertex   -6.998596e+00 -4.814188e+01 -5.220575e+01
      vertex   -9.059421e+00 -4.779695e+01 -3.820575e+01
      vertex   -9.115713e+00 -4.778624e+01 -7.910288e+01
    endloop
  endfacet
  facet normal -1.564344e-01 -9.876881e-01 -7.462286e-04
    outer loop
      vertex   -6.998596e+00 -4.814188e+01 -5.220575e+01
      vertex   -9.115713e+00 -4.778624e+01 -7.910288e+01
      vertex   -6.097203e+00 -4.826433e+01 -7.910288e+01
    endloop
  endfacet
  facet normal -1.564345e-01 -9.876883e-01 2.275466e-04
    outer loop
      vertex   -6.097203e+00 -4.826433e+01 -7.910288e+01
      vertex   -9.115713e+00 -4.778624e+01 -7.910288e+01
      vertex   -8.788983e+00 -4.784741e+01 -1.200000e+02
    endloop
  endfacet
  facet normal -1.508080e-01 -9.885631e-01 -1.516979e-04
    outer loop
      vertex   -6.097203e+00 -4.826433e+01 -7.910288e+01
      vertex   -8.788983e+00 -4.784741e+01 -1.200000e+02
      vertex   -5.877282e+00 -4.829160e+01 -1.200000e+02
    endloop
  endfacet
  facet normal -2.168019e-01 -9.762156e-01 4.291017e-05
    outer loop
      vertex   -9.059421e+00 -4.779695e+01 -3.820575e+01
      vertex   -1.202423e+01 -4.713851e+01 -3.820575e+01
      vertex   -9.115713e+00 -4.778624e+01 -7.910288e+01
    endloop
  endfacet
  facet normal -2.181432e-01 -9.759168e-01 -5.721355e-05
    outer loop
      vertex   -9.115713e+00 -4.778624e+01 -7.910288e+01
      vertex   -1.202423e+01 -4.713851e+01 -3.820575e+01
      vertex   -1.209825e+01 -4.711957e+01 -7.910288e+01
    endloop
  endfacet
  facet normal -2.181432e-01 -9.759167e-01 2.910581e-04
    outer loop
      vertex   -9.115713e+00 -4.778624e+01 -7.910288e+01
      vertex   -1.209825e+01 -4.711957e+01 -7.910288e+01
      vertex   -1.166847e+01 -4.722783e+01 -1.200000e+02
    endloop
  endfacet
  facet normal -2.691342e-01 -9.631026e-01 -2.787207e-04
    outer loop
      vertex   -1.166847e+01 -4.722783e+01 -1.200000e+02
      vertex   -1.209825e+01 -4.711957e+01 -7.910288e+01
      vertex   -1.450518e+01 -4.643513e+01 -1.200000e+02
    endloop
  endfacet
  facet normal -2.789911e-01 -9.602936e-01 3.484002e-04
    outer loop
      vertex   -1.450518e+01 -4.643513e+01 -1.200000e+02
      vertex   -1.209825e+01 -4.711957e+01 -7.910288e+01
      vertex   -1.503304e+01 -4.626693e+01 -7.910288e+01
    endloop
  endfacet
  facet normal -3.269252e-01 -9.450502e-01 -3.329782e-04
    outer loop
      vertex   -1.450518e+01 -4.643513e+01 -1.200000e+02
      vertex   -1.503304e+01 -4.626693e+01 -7.910288e+01
      vertex   -1.728872e+01 -4.547221e+01 -1.200000e+02
    endloop
  endfacet
  facet normal -3.387379e-01 -9.408807e-01 3.995729e-04
    outer loop
      vertex   -1.728872e+01 -4.547221e+01 -1.200000e+02
      vertex   -1.503304e+01 -4.626693e+01 -7.910288e+01
      vertex   -1.790850e+01 -4.523170e+01 -7.910288e+01
    endloop
  endfacet
  facet normal -3.835178e-01 -9.235334e-01 -3.810659e-04
    outer loop
      vertex   -1.728872e+01 -4.547221e+01 -1.200000e+02
      vertex   -1.790850e+01 -4.523170e+01 -7.910288e+01
      vertex   -2.000888e+01 -4.434260e+01 -1.200000e+02
    endloop
  endfacet
  facet normal -3.971479e-01 -9.177545e-01 4.445756e-04
    outer loop
      vertex   -2.000888e+01 -4.434260e+01 -1.200000e+02
      vertex   -1.790850e+01 -4.523170e+01 -7.910288e+01
      vertex   -2.071328e+01 -4.401796e+01 -7.910288e+01
    endloop
  endfacet
  facet normal -4.387045e-01 -8.986313e-01 -4.229837e-04
    outer loop
      vertex   -2.000888e+01 -4.434260e+01 -1.200000e+02
      vertex   -2.071328e+01 -4.401796e+01 -7.910288e+01
      vertex   -2.265570e+01 -4.305044e+01 -1.200000e+02
    endloop
  endfacet
  facet normal -4.539904e-01 -8.910064e-01 4.834083e-04
    outer loop
      vertex   -2.265570e+01 -4.305044e+01 -1.200000e+02
      vertex   -2.071328e+01 -4.401796e+01 -7.910288e+01
      vertex   -2.343632e+01 -4.263051e+01 -7.910288e+01
    endloop
  endfacet
  facet normal -4.922831e-01 -8.704350e-01 -4.587313e-04
    outer loop
      vertex   -2.265570e+01 -4.305044e+01 -1.200000e+02
      vertex   -2.343632e+01 -4.263051e+01 -7.910288e+01
      vertex   -2.521946e+01 -4.160048e+01 -1.200000e+02
    endloop
  endfacet
  facet normal -5.090413e-01 -8.607419e-01 5.160708e-04
    outer loop
      vertex   -2.521946e+01 -4.160048e+01 -1.200000e+02
      vertex   -2.343632e+01 -4.263051e+01 -7.910288e+01
      vertex   -2.606687e+01 -4.107481e+01 -7.910288e+01
    endloop
  endfacet
  facet normal -5.440571e-01 -8.390481e-01 -4.883085e-04
    outer loop
      vertex   -2.521946e+01 -4.160048e+01 -1.200000e+02
      vertex   -2.606687e+01 -4.107481e+01 -7.910288e+01
      vertex   -2.769079e+01 -3.999802e+01 -1.200000e+02
    endloop
  endfacet
  facet normal -5.620833e-01 -8.270805e-01 5.425628e-04
    outer loop
      vertex   -2.769079e+01 -3.999802e+01 -1.200000e+02
      vertex   -2.606687e+01 -4.107481e+01 -7.910288e+01
      vertex   -2.859454e+01 -3.935700e+01 -7.910288e+01
    endloop
  endfacet
  facet normal -5.938368e-01 -8.045854e-01 -5.117152e-04
    outer loop
      vertex   -2.769079e+01 -3.999802e+01 -1.200000e+02
      vertex   -2.859454e+01 -3.935700e+01 -7.910288e+01
      vertex   -3.006060e+01 -3.824894e+01 -1.200000e+02
    endloop
  endfacet
  facet normal -6.123850e-01 -7.905595e-01 5.332120e-04
    outer loop
      vertex   -3.006060e+01 -3.824894e+01 -1.200000e+02
      vertex   -2.859454e+01 -3.935700e+01 -7.910288e+01
      vertex   -3.095982e+01 -3.752480e+01 -7.910288e+01
    endloop
  endfacet
  facet normal -6.282783e-01 -7.779886e-01 -3.882512e-05
    outer loop
      vertex   -3.006060e+01 -3.824894e+01 -1.200000e+02
      vertex   -3.095982e+01 -3.752480e+01 -7.910288e+01
      vertex   -3.098987e+01 -3.749999e+01 -9.002953e+01
    endloop
  endfacet
  facet normal -6.370484e-01 -7.708238e-01 1.561834e-06
    outer loop
      vertex   -3.098987e+01 -3.749999e+01 -9.002953e+01
      vertex   -3.095982e+01 -3.752480e+01 -7.910288e+01
      vertex   -3.102233e+01 -3.747314e+01 -7.910288e+01
    endloop
  endfacet
  facet normal -6.314015e-01 -7.754561e-01 2.971857e-05
    outer loop
      vertex   -3.098987e+01 -3.749999e+01 -9.002953e+01
      vertex   -3.102233e+01 -3.747314e+01 -7.910288e+01
      vertex   -3.102552e+01 -3.747091e+01 -8.852713e+01
    endloop
  endfacet
  facet normal -6.364020e-01 -7.713576e-01 3.238159e-05
    outer loop
      vertex   -3.102552e+01 -3.747091e+01 -8.852713e+01
      vertex   -3.102233e+01 -3.747314e+01 -7.910288e+01
      vertex   -3.113357e+01 -3.738170e+01 -8.702831e+01
    endloop
  endfacet
  facet normal -6.410639e-01 -7.674875e-01 1.424652e-04
    outer loop
      vertex   -3.113357e+01 -3.738170e+01 -8.702831e+01
      vertex   -3.102233e+01 -3.747314e+01 -7.910288e+01
      vertex   -3.131125e+01 -3.723301e+01 -8.553631e+01
    endloop
  endfacet
  facet normal -6.453809e-01 -7.638608e-01 4.717004e-04
    outer loop
      vertex   -3.131125e+01 -3.723301e+01 -8.553631e+01
      vertex   -3.102233e+01 -3.747314e+01 -7.910288e+01
      vertex   -3.155580e+01 -3.702547e+01 -8.405437e+01
    endloop
  endfacet
  facet normal -6.492239e-01 -7.605964e-01 1.180876e-03
    outer loop
      vertex   -3.155580e+01 -3.702547e+01 -8.405437e+01
      vertex   -3.102233e+01 -3.747314e+01 -7.910288e+01
      vertex   -3.186445e+01 -3.675973e+01 -8.258571e+01
    endloop
  endfacet
  facet normal -6.465715e-01 -7.628534e-01 7.722711e-05
    outer loop
      vertex   -3.186445e+01 -3.675973e+01 -8.258571e+01
      vertex   -3.102233e+01 -3.747314e+01 -7.910288e+01
      vertex   -3.084718e+01 -3.761745e+01 -3.820575e+01
    endloop
  endfacet
  facet normal -6.576069e-01 -7.533611e-01 5.136354e-04
    outer loop
      vertex   -3.186445e+01 -3.675973e+01 -8.258571e+01
      vertex   -3.084718e+01 -3.761745e+01 -3.820575e+01
      vertex   -3.223352e+01 -3.643659e+01 -8.113331e+01
    endloop
  endfacet
  facet normal -6.579181e-01 -7.530893e-01 5.311645e-04
    outer loop
      vertex   -3.223352e+01 -3.643659e+01 -8.113331e+01
      vertex   -3.084718e+01 -3.761745e+01 -3.820575e+01
      vertex   -3.313435e+01 -3.561932e+01 -3.820575e+01
    endloop
  endfacet
  facet normal -6.665239e-01 -7.454836e-01 2.057774e-04
    outer loop
      vertex   -3.223352e+01 -3.643659e+01 -8.113331e+01
      vertex   -3.313435e+01 -3.561932e+01 -3.820575e+01
      vertex   -3.265723e+01 -3.605736e+01 -7.969956e+01
    endloop
  endfacet
  facet normal -6.761858e-01 -7.367311e-01 2.280817e-06
    outer loop
      vertex   -3.265723e+01 -3.605736e+01 -7.969956e+01
      vertex   -3.313435e+01 -3.561932e+01 -3.820575e+01
      vertex   -3.312995e+01 -3.562349e+01 -7.828684e+01
    endloop
  endfacet
  facet normal -6.863732e-01 -7.272495e-01 1.761027e-07
    outer loop
      vertex   -3.312995e+01 -3.562349e+01 -7.828684e+01
      vertex   -3.313435e+01 -3.561932e+01 -3.820575e+01
      vertex   -3.364604e+01 -3.513640e+01 -7.689757e+01
    endloop
  endfacet
  facet normal -6.970126e-01 -7.170589e-01 2.680721e-04
    outer loop
      vertex   -3.364604e+01 -3.513640e+01 -7.689757e+01
      vertex   -3.313435e+01 -3.561932e+01 -3.820575e+01
      vertex   -3.419990e+01 -3.459752e+01 -7.553413e+01
    endloop
  endfacet
  facet normal -7.036278e-01 -7.105685e-01 6.345695e-04
    outer loop
      vertex   -3.419990e+01 -3.459752e+01 -7.553413e+01
      vertex   -3.313435e+01 -3.561932e+01 -3.820575e+01
      vertex   -3.529238e+01 -3.348237e+01 -3.820575e+01
    endloop
  endfacet
  facet normal -7.087916e-01 -7.054179e-01 3.295731e-04
    outer loop
      vertex   -3.419990e+01 -3.459752e+01 -7.553413e+01
      vertex   -3.529238e+01 -3.348237e+01 -3.820575e+01
      vertex   -3.478581e+01 -3.400818e+01 -7.419852e+01
    endloop
  endfacet
  facet normal -7.216026e-01 -6.923075e-01 -4.225835e-05
    outer loop
      vertex   -3.478581e+01 -3.400818e+01 -7.419852e+01
      vertex   -3.529238e+01 -3.348237e+01 -3.820575e+01
      vertex   -3.539816e+01 -3.336999e+01 -7.289225e+01
    endloop
  endfacet
  facet normal -7.341925e-01 -6.789413e-01 3.944314e-05
    outer loop
      vertex   -3.539816e+01 -3.336999e+01 -7.289225e+01
      vertex   -3.529238e+01 -3.348237e+01 -3.820575e+01
      vertex   -3.603158e+01 -3.268496e+01 -7.161733e+01
    endloop
  endfacet
  facet normal -7.465951e-01 -6.652783e-01 6.399273e-04
    outer loop
      vertex   -3.603158e+01 -3.268496e+01 -7.161733e+01
      vertex   -3.529238e+01 -3.348237e+01 -3.820575e+01
      vertex   -3.731286e+01 -3.121493e+01 -3.820575e+01
    endloop
  endfacet
  facet normal -7.467181e-01 -6.651403e-01 6.291391e-04
    outer loop
      vertex   -3.603158e+01 -3.268496e+01 -7.161733e+01
      vertex   -3.731286e+01 -3.121493e+01 -3.820575e+01
      vertex   -3.668067e+01 -3.195508e+01 -7.037575e+01
    endloop
  endfacet
  facet normal -7.606939e-01 -6.491108e-01 -1.430934e-05
    outer loop
      vertex   -3.668067e+01 -3.195508e+01 -7.037575e+01
      vertex   -3.731286e+01 -3.121493e+01 -3.820575e+01
      vertex   -3.734005e+01 -3.118239e+01 -6.916953e+01
    endloop
  endfacet
  facet normal -7.745288e-01 -6.325386e-01 1.525630e-05
    outer loop
      vertex   -3.734005e+01 -3.118239e+01 -6.916953e+01
      vertex   -3.731286e+01 -3.121493e+01 -3.820575e+01
      vertex   -3.800438e+01 -3.036890e+01 -6.800069e+01
    endloop
  endfacet
  facet normal -7.866527e-01 -6.173953e-01 7.266385e-04
    outer loop
      vertex   -3.800438e+01 -3.036890e+01 -6.800069e+01
      vertex   -3.731286e+01 -3.121493e+01 -3.820575e+01
      vertex   -3.918792e+01 -2.882583e+01 -3.820575e+01
    endloop
  endfacet
  facet normal -7.879332e-01 -6.157605e-01 5.911039e-04
    outer loop
      vertex   -3.800438e+01 -3.036890e+01 -6.800069e+01
      vertex   -3.918792e+01 -2.882583e+01 -3.820575e+01
      vertex   -3.866899e+01 -2.951737e+01 -6.687114e+01
    endloop
  endfacet
  facet normal -8.018383e-01 -5.975411e-01 -1.001498e-04
    outer loop
      vertex   -3.866899e+01 -2.951737e+01 -6.687114e+01
      vertex   -3.918792e+01 -2.882583e+01 -3.820575e+01
      vertex   -3.932964e+01 -2.863102e+01 -6.578269e+01
    endloop
  endfacet
  facet normal -8.150271e-01 -5.794228e-01 9.561948e-05
    outer loop
      vertex   -3.932964e+01 -2.863102e+01 -6.578269e+01
      vertex   -3.918792e+01 -2.882583e+01 -3.820575e+01
      vertex   -3.998208e+01 -2.771312e+01 -6.473714e+01
    endloop
  endfacet
  facet normal -8.236443e-01 -5.671061e-01 8.701083e-04
    outer loop
      vertex   -3.998208e+01 -2.771312e+01 -6.473714e+01
      vertex   -3.918792e+01 -2.882583e+01 -3.820575e+01
      vertex   -4.091025e+01 -2.632438e+01 -3.820575e+01
    endloop
  endfacet
  facet normal -8.281484e-01 -5.605089e-01 3.672184e-04
    outer loop
      vertex   -3.998208e+01 -2.771312e+01 -6.473714e+01
      vertex   -4.091025e+01 -2.632438e+01 -3.820575e+01
      vertex   -4.062205e+01 -2.676691e+01 -6.373631e+01
    endloop
  endfacet
  facet normal -8.416332e-01 -5.400496e-01 -1.396254e-04
    outer loop
      vertex   -4.062205e+01 -2.676691e+01 -6.373631e+01
      vertex   -4.091025e+01 -2.632438e+01 -3.820575e+01
      vertex   -4.125067e+01 -2.578750e+01 -6.277420e+01
    endloop
  endfacet
  facet normal -8.543388e-01 -5.197163e-01 4.807620e-04
    outer loop
      vertex   -4.125067e+01 -2.578750e+01 -6.277420e+01
      vertex   -4.091025e+01 -2.632438e+01 -3.820575e+01
      vertex   -4.187716e+01 -2.475677e+01 -6.183410e+01
    endloop
  endfacet
  facet normal -8.574259e-01 -5.146066e-01 9.460881e-04
    outer loop
      vertex   -4.187716e+01 -2.475677e+01 -6.183410e+01
      vertex   -4.091025e+01 -2.632438e+01 -3.820575e+01
      vertex   -4.247313e+01 -2.372034e+01 -3.820575e+01
    endloop
  endfacet
  facet normal -8.673118e-01 -4.977652e-01 -4.199714e-05
    outer loop
      vertex   -4.187716e+01 -2.475677e+01 -6.183410e+01
      vertex   -4.247313e+01 -2.372034e+01 -3.820575e+01
      vertex   -4.249780e+01 -2.367544e+01 -6.091936e+01
    endloop
  endfacet
  facet normal -8.798747e-01 -4.752057e-01 1.624337e-05
    outer loop
      vertex   -4.249780e+01 -2.367544e+01 -6.091936e+01
      vertex   -4.247313e+01 -2.372034e+01 -3.820575e+01
      vertex   -4.310822e+01 -2.254518e+01 -6.003430e+01
    endloop
  endfacet
  facet normal -8.878657e-01 -4.601015e-01 1.061881e-03
    outer loop
      vertex   -4.310822e+01 -2.254518e+01 -6.003430e+01
      vertex   -4.247313e+01 -2.372034e+01 -3.820575e+01
      vertex   -4.387048e+01 -2.102385e+01 -3.820575e+01
    endloop
  endfacet
  facet normal -8.921797e-01 -4.516804e-01 3.243261e-04
    outer loop
      vertex   -4.310822e+01 -2.254518e+01 -6.003430e+01
      vertex   -4.387048e+01 -2.102385e+01 -3.820575e+01
      vertex   -4.370403e+01 -2.136769e+01 -5.918327e+01
    endloop
  endfacet
  facet normal -9.044841e-01 -4.265073e-01 -1.859127e-04
    outer loop
      vertex   -4.370403e+01 -2.136769e+01 -5.918327e+01
      vertex   -4.387048e+01 -2.102385e+01 -3.820575e+01
      vertex   -4.428088e+01 -2.014473e+01 -5.837047e+01
    endloop
  endfacet
  facet normal -9.115525e-01 -4.111832e-01 6.260297e-04
    outer loop
      vertex   -4.428088e+01 -2.014473e+01 -5.837047e+01
      vertex   -4.387048e+01 -2.102385e+01 -3.820575e+01
      vertex   -4.478540e+01 -1.899709e+01 -3.920575e+01
    endloop
  endfacet
  facet normal -9.154461e-01 -4.024406e-01 5.449849e-17
    outer loop
      vertex   -4.428088e+01 -2.014473e+01 -5.837047e+01
      vertex   -4.478540e+01 -1.899709e+01 -3.920575e+01
      vertex   -4.478540e+01 -1.899709e+01 -5.220575e+01
    endloop
  endfacet
  facet normal -2.772940e-01 -9.607851e-01 5.684698e-05
    outer loop
      vertex   -1.202423e+01 -4.713851e+01 -3.820575e+01
      vertex   -1.494218e+01 -4.629636e+01 -3.820575e+01
      vertex   -1.209825e+01 -4.711957e+01 -7.910288e+01
    endloop
  endfacet
  facet normal -2.789911e-01 -9.602937e-01 -7.105873e-05
    outer loop
      vertex   -1.209825e+01 -4.711957e+01 -7.910288e+01
      vertex   -1.494218e+01 -4.629636e+01 -3.820575e+01
      vertex   -1.503304e+01 -4.626693e+01 -7.910288e+01
    endloop
  endfacet
  facet normal -3.367054e-01 -9.416101e-01 7.060051e-05
    outer loop
      vertex   -1.494218e+01 -4.629636e+01 -3.820575e+01
      vertex   -1.780189e+01 -4.527377e+01 -3.820575e+01
      vertex   -1.503304e+01 -4.626693e+01 -7.910288e+01
    endloop
  endfacet
  facet normal -3.387379e-01 -9.408808e-01 -8.472061e-05
    outer loop
      vertex   -1.503304e+01 -4.626693e+01 -7.910288e+01
      vertex   -1.780189e+01 -4.527377e+01 -3.820575e+01
      vertex   -1.790850e+01 -4.523170e+01 -7.910288e+01
    endloop
  endfacet
  facet normal -3.948044e-01 -9.187652e-01 8.417075e-05
    outer loop
      vertex   -1.780189e+01 -4.527377e+01 -3.820575e+01
      vertex   -2.059223e+01 -4.407473e+01 -3.820575e+01
      vertex   -1.790850e+01 -4.523170e+01 -7.910288e+01
    endloop
  endfacet
  facet normal -3.971479e-01 -9.177546e-01 -9.819920e-05
    outer loop
      vertex   -1.790850e+01 -4.523170e+01 -7.910288e+01
      vertex   -2.059223e+01 -4.407473e+01 -3.820575e+01
      vertex   -2.071328e+01 -4.401796e+01 -7.910288e+01
    endloop
  endfacet
  facet normal -4.513648e-01 -8.923395e-01 9.755769e-05
    outer loop
      vertex   -2.059223e+01 -4.407473e+01 -3.820575e+01
      vertex   -2.330230e+01 -4.270391e+01 -3.820575e+01
      vertex   -2.071328e+01 -4.401796e+01 -7.910288e+01
    endloop
  endfacet
  facet normal -4.539905e-01 -8.910065e-01 -1.114945e-04
    outer loop
      vertex   -2.071328e+01 -4.401796e+01 -7.910288e+01
      vertex   -2.330230e+01 -4.270391e+01 -3.820575e+01
      vertex   -2.343632e+01 -4.263051e+01 -7.910288e+01
    endloop
  endfacet
  facet normal -5.061660e-01 -8.624361e-01 1.107613e-04
    outer loop
      vertex   -2.330230e+01 -4.270391e+01 -3.820575e+01
      vertex   -2.592156e+01 -4.116666e+01 -3.820575e+01
      vertex   -2.343632e+01 -4.263051e+01 -7.910288e+01
    endloop
  endfacet
  facet normal -5.090414e-01 -8.607420e-01 -1.246065e-04
    outer loop
      vertex   -2.343632e+01 -4.263051e+01 -7.910288e+01
      vertex   -2.592156e+01 -4.116666e+01 -3.820575e+01
      vertex   -2.606687e+01 -4.107481e+01 -7.910288e+01
    endloop
  endfacet
  facet normal -5.589945e-01 -8.291713e-01 1.237817e-04
    outer loop
      vertex   -2.592156e+01 -4.116666e+01 -3.820575e+01
      vertex   -2.843979e+01 -3.946897e+01 -3.820575e+01
      vertex   -2.606687e+01 -4.107481e+01 -7.910288e+01
    endloop
  endfacet
  facet normal -5.620834e-01 -8.270806e-01 -1.375352e-04
    outer loop
      vertex   -2.606687e+01 -4.107481e+01 -7.910288e+01
      vertex   -2.843979e+01 -3.946897e+01 -3.820575e+01
      vertex   -2.859454e+01 -3.935700e+01 -7.910288e+01
    endloop
  endfacet
  facet normal -6.096444e-01 -7.926750e-01 1.366187e-04
    outer loop
      vertex   -2.843979e+01 -3.946897e+01 -3.820575e+01
      vertex   -3.084718e+01 -3.761745e+01 -3.820575e+01
      vertex   -2.859454e+01 -3.935700e+01 -7.910288e+01
    endloop
  endfacet
  facet normal -6.123851e-01 -7.905596e-01 -1.043227e-04
    outer loop
      vertex   -2.859454e+01 -3.935700e+01 -7.910288e+01
      vertex   -3.084718e+01 -3.761745e+01 -3.820575e+01
      vertex   -3.095982e+01 -3.752480e+01 -7.910288e+01
    endloop
  endfacet
  facet normal -9.146876e-01 -4.037337e-01 1.859257e-02
    outer loop
      vertex   -4.387048e+01 -2.102385e+01 -3.820575e+01
      vertex   -4.509685e+01 -1.824542e+01 -3.820575e+01
      vertex   -4.478540e+01 -1.899709e+01 -3.920575e+01
    endloop
  endfacet
  facet normal -9.316944e-01 -3.628234e-01 -1.745546e-02
    outer loop
      vertex   -4.478540e+01 -1.899709e+01 -3.920575e+01
      vertex   -4.509685e+01 -1.824542e+01 -3.820575e+01
      vertex   -4.583812e+01 -1.629380e+01 -3.920575e+01
    endloop
  endfacet
  facet normal -9.380650e-01 -3.458597e-01 2.037352e-02
    outer loop
      vertex   -4.583812e+01 -1.629380e+01 -3.920575e+01
      vertex   -4.509685e+01 -1.824542e+01 -3.820575e+01
      vertex   -4.614746e+01 -1.539588e+01 -3.820575e+01
    endloop
  endfacet
  facet normal -9.516369e-01 -3.066341e-01 -1.904632e-02
    outer loop
      vertex   -4.583812e+01 -1.629380e+01 -3.920575e+01
      vertex   -4.614746e+01 -1.539588e+01 -3.820575e+01
      vertex   -4.672784e+01 -1.353257e+01 -3.920575e+01
    endloop
  endfacet
  facet normal -9.577899e-01 -2.866432e-01 2.177394e-02
    outer loop
      vertex   -4.672784e+01 -1.353257e+01 -3.920575e+01
      vertex   -4.614746e+01 -1.539588e+01 -3.820575e+01
      vertex   -4.701822e+01 -1.248634e+01 -3.820575e+01
    endloop
  endfacet
  facet normal -9.681992e-01 -2.493590e-01 -2.025668e-02
    outer loop
      vertex   -4.672784e+01 -1.353257e+01 -3.920575e+01
      vertex   -4.701822e+01 -1.248634e+01 -3.820575e+01
      vertex   -4.745138e+01 -1.072322e+01 -3.920575e+01
    endloop
  endfacet
  facet normal -9.737875e-01 -2.263147e-01 2.279393e-02
    outer loop
      vertex   -4.745138e+01 -1.072322e+01 -3.920575e+01
      vertex   -4.701822e+01 -1.248634e+01 -3.820575e+01
      vertex   -4.770572e+01 -9.528135e+00 -3.820575e+01
    endloop
  endfacet
  facet normal -9.813243e-01 -1.912012e-01 -2.108659e-02
    outer loop
      vertex   -4.745138e+01 -1.072322e+01 -3.920575e+01
      vertex   -4.770572e+01 -9.528135e+00 -3.820575e+01
      vertex   -4.800619e+01 -7.875732e+00 -3.920575e+01
    endloop
  endfacet
  facet normal -9.859970e-01 -1.651082e-01 2.343355e-02
    outer loop
      vertex   -4.800619e+01 -7.875732e+00 -3.920575e+01
      vertex   -4.770572e+01 -9.528135e+00 -3.820575e+01
      vertex   -4.820730e+01 -6.532794e+00 -3.820575e+01
    endloop
  endfacet
  facet normal -9.909669e-01 -1.323665e-01 -2.153610e-02
    outer loop
      vertex   -4.800619e+01 -7.875732e+00 -3.920575e+01
      vertex   -4.820730e+01 -6.532794e+00 -3.820575e+01
      vertex   -4.839028e+01 -5.000237e+00 -3.920575e+01
    endloop
  endfacet
  facet normal -9.943721e-01 -1.032609e-01 2.369283e-02
    outer loop
      vertex   -4.839028e+01 -5.000237e+00 -3.920575e+01
      vertex   -4.820730e+01 -6.532794e+00 -3.820575e+01
      vertex   -4.852100e+01 -3.511992e+00 -3.820575e+01
    endloop
  endfacet
  facet normal -9.961467e-01 -8.770159e-02 3.047293e-04
    outer loop
      vertex   -4.839028e+01 -5.000237e+00 -3.920575e+01
      vertex   -4.852100e+01 -3.511992e+00 -3.820575e+01
      vertex   -4.843469e+01 -4.542941e+00 -5.277686e+01
    endloop
  endfacet
  facet normal -9.969738e-01 -7.773673e-02 -4.052134e-04
    outer loop
      vertex   -4.843469e+01 -4.542941e+00 -5.277686e+01
      vertex   -4.852100e+01 -3.511992e+00 -3.820575e+01
      vertex   -4.855316e+01 -3.024402e+00 -5.262284e+01
    endloop
  endfacet
  facet normal -9.989005e-01 -4.687697e-02 6.427703e-04
    outer loop
      vertex   -4.855316e+01 -3.024402e+00 -5.262284e+01
      vertex   -4.852100e+01 -3.511992e+00 -3.820575e+01
      vertex   -4.862424e+01 -1.508466e+00 -5.253066e+01
    endloop
  endfacet
  facet normal -9.991571e-01 -4.102370e-02 1.463277e-03
    outer loop
      vertex   -4.862424e+01 -1.508466e+00 -5.253066e+01
      vertex   -4.852100e+01 -3.511992e+00 -3.820575e+01
      vertex   -4.864559e+01 -4.775030e-01 -3.820575e+01
    endloop
  endfacet
  facet normal -9.998767e-01 -1.569817e-02 -3.604733e-04
    outer loop
      vertex   -4.862424e+01 -1.508466e+00 -5.253066e+01
      vertex   -4.864559e+01 -4.775030e-01 -3.820575e+01
      vertex   -4.864793e+01 2.359224e-15 -5.250000e+01
    endloop
  endfacet
  facet normal -9.998762e-01 1.571949e-02 6.890418e-04
    outer loop
      vertex   -4.864793e+01 2.359224e-15 -5.250000e+01
      vertex   -4.864559e+01 -4.775030e-01 -3.820575e+01
      vertex   -4.862424e+01 1.508466e+00 -5.253066e+01
    endloop
  endfacet
  facet normal -9.997699e-01 2.140231e-02 1.477052e-03
    outer loop
      vertex   -4.862424e+01 1.508466e+00 -5.253066e+01
      vertex   -4.864559e+01 -4.775030e-01 -3.820575e+01
      vertex   -4.858059e+01 2.558847e+00 -3.820575e+01
    endloop
  endfacet
  facet normal -9.989035e-01 4.681437e-02 -3.889399e-04
    outer loop
      vertex   -4.862424e+01 1.508466e+00 -5.253066e+01
      vertex   -4.858059e+01 2.558847e+00 -3.820575e+01
      vertex   -4.855316e+01 3.024402e+00 -5.262284e+01
    endloop
  endfacet
  facet normal -9.976963e-01 6.783794e-02 2.922479e-04
    outer loop
      vertex   -4.855316e+01 3.024402e+00 -5.262284e+01
      vertex   -4.858059e+01 2.558847e+00 -3.820575e+01
      vertex   -4.848144e+01 4.021405e+00 -3.920575e+01
    endloop
  endfacet
  facet normal -9.974226e-01 7.175115e-02 1.164089e-15
    outer loop
      vertex   -4.855316e+01 3.024402e+00 -5.262284e+01
      vertex   -4.848144e+01 4.021405e+00 -3.920575e+01
      vertex   -4.848144e+01 4.021405e+00 -5.220575e+01
    endloop
  endfacet
  facet normal -9.962080e-01 8.372154e-02 2.367049e-02
    outer loop
      vertex   -4.858059e+01 2.558847e+00 -3.820575e+01
      vertex   -4.832625e+01 5.585225e+00 -3.820575e+01
      vertex   -4.848144e+01 4.021405e+00 -3.920575e+01
    endloop
  endfacet
  facet normal -9.934758e-01 1.120751e-01 -2.109344e-02
    outer loop
      vertex   -4.848144e+01 4.021405e+00 -3.920575e+01
      vertex   -4.832625e+01 5.585225e+00 -3.820575e+01
      vertex   -4.815888e+01 6.880699e+00 -3.920575e+01
    endloop
  endfacet
  facet normal -9.890527e-01 1.457219e-01 2.323544e-02
    outer loop
      vertex   -4.815888e+01 6.880699e+00 -3.920575e+01
      vertex   -4.832625e+01 5.585225e+00 -3.820575e+01
      vertex   -4.788357e+01 8.589834e+00 -3.820575e+01
    endloop
  endfacet
  facet normal -9.851261e-01 1.706180e-01 -2.039639e-02
    outer loop
      vertex   -4.815888e+01 6.880699e+00 -3.920575e+01
      vertex   -4.788357e+01 8.589834e+00 -3.820575e+01
      vertex   -4.766783e+01 9.715922e+00 -3.920575e+01
    endloop
  endfacet
  facet normal -9.780538e-01 2.071580e-01 2.227660e-02
    outer loop
      vertex   -4.766783e+01 9.715922e+00 -3.920575e+01
      vertex   -4.788357e+01 8.589834e+00 -3.820575e+01
      vertex   -4.725426e+01 1.156097e+01 -3.820575e+01
    endloop
  endfacet
  facet normal -9.733391e-01 2.285679e-01 -1.917544e-02
    outer loop
      vertex   -4.766783e+01 9.715922e+00 -3.920575e+01
      vertex   -4.725426e+01 1.156097e+01 -3.820575e+01
      vertex   -4.701002e+01 1.251715e+01 -3.920575e+01
    endloop
  endfacet
  facet normal -9.632523e-01 2.677922e-01 2.079389e-02
    outer loop
      vertex   -4.701002e+01 1.251715e+01 -3.920575e+01
      vertex   -4.725426e+01 1.156097e+01 -3.820575e+01
      vertex   -4.644079e+01 1.448704e+01 -3.820575e+01
    endloop
  endfacet
  facet normal -9.581537e-01 2.857232e-01 -1.743049e-02
    outer loop
      vertex   -4.701002e+01 1.251715e+01 -3.920575e+01
      vertex   -4.644079e+01 1.448704e+01 -3.820575e+01
      vertex   -4.618775e+01 1.527459e+01 -3.920575e+01
    endloop
  endfacet
  facet normal -9.447029e-01 3.273890e-01 1.878716e-02
    outer loop
      vertex   -4.618775e+01 1.527459e+01 -3.920575e+01
      vertex   -4.644079e+01 1.448704e+01 -3.820575e+01
      vertex   -4.544632e+01 1.735665e+01 -3.820575e+01
    endloop
  endfacet
  facet normal -9.396198e-01 3.418842e-01 -1.516143e-02
    outer loop
      vertex   -4.618775e+01 1.527459e+01 -3.920575e+01
      vertex   -4.544632e+01 1.735665e+01 -3.820575e+01
      vertex   -4.520389e+01 1.797860e+01 -3.920575e+01
    endloop
  endfacet
  facet normal -9.224742e-01 3.857163e-01 1.625630e-02
    outer loop
      vertex   -4.520389e+01 1.797860e+01 -3.920575e+01
      vertex   -4.544632e+01 1.735665e+01 -3.820575e+01
      vertex   -4.427473e+01 2.015862e+01 -3.820575e+01
    endloop
  endfacet
  facet normal -9.200466e-01 3.918084e-01 7.197853e-04
    outer loop
      vertex   -4.520389e+01 1.797860e+01 -3.920575e+01
      vertex   -4.427473e+01 2.015862e+01 -3.820575e+01
      vertex   -4.483489e+01 1.887886e+01 -5.759934e+01
    endloop
  endfacet
  facet normal -9.161054e-01 4.009376e-01 3.521700e-06
    outer loop
      vertex   -4.483489e+01 1.887886e+01 -5.759934e+01
      vertex   -4.427473e+01 2.015862e+01 -3.820575e+01
      vertex   -4.428088e+01 2.014473e+01 -5.837047e+01
    endloop
  endfacet
  facet normal -9.044410e-01 4.265988e-01 -1.771190e-05
    outer loop
      vertex   -4.428088e+01 2.014473e+01 -5.837047e+01
      vertex   -4.427473e+01 2.015862e+01 -3.820575e+01
      vertex   -4.370403e+01 2.136769e+01 -5.918327e+01
    endloop
  endfacet
  facet normal -8.967263e-01 4.425840e-01 1.113499e-03
    outer loop
      vertex   -4.370403e+01 2.136769e+01 -5.918327e+01
      vertex   -4.427473e+01 2.015862e+01 -3.820575e+01
      vertex   -4.293058e+01 2.288202e+01 -3.820575e+01
    endloop
  endfacet
  facet normal -8.921895e-01 4.516612e-01 2.909527e-04
    outer loop
      vertex   -4.370403e+01 2.136769e+01 -5.918327e+01
      vertex   -4.293058e+01 2.288202e+01 -3.820575e+01
      vertex   -4.310822e+01 2.254518e+01 -6.003430e+01
    endloop
  endfacet
  facet normal -8.799358e-01 4.750926e-01 -1.703397e-04
    outer loop
      vertex   -4.310822e+01 2.254518e+01 -6.003430e+01
      vertex   -4.293058e+01 2.288202e+01 -3.820575e+01
      vertex   -4.249780e+01 2.367544e+01 -6.091936e+01
    endloop
  endfacet
  facet normal -8.673625e-01 4.976762e-01 8.581064e-04
    outer loop
      vertex   -4.249780e+01 2.367544e+01 -6.091936e+01
      vertex   -4.293058e+01 2.288202e+01 -3.820575e+01
      vertex   -4.141911e+01 2.551624e+01 -3.820575e+01
    endloop
  endfacet
  facet normal -8.670072e-01 4.982950e-01 7.910820e-04
    outer loop
      vertex   -4.249780e+01 2.367544e+01 -6.091936e+01
      vertex   -4.141911e+01 2.551624e+01 -3.820575e+01
      vertex   -4.187716e+01 2.475677e+01 -6.183410e+01
    endloop
  endfacet
  facet normal -8.545843e-01 5.193127e-01 -1.252972e-04
    outer loop
      vertex   -4.187716e+01 2.475677e+01 -6.183410e+01
      vertex   -4.141911e+01 2.551624e+01 -3.820575e+01
      vertex   -4.125067e+01 2.578750e+01 -6.277420e+01
    endloop
  endfacet
  facet normal -8.414833e-01 5.402831e-01 1.960527e-04
    outer loop
      vertex   -4.125067e+01 2.578750e+01 -6.277420e+01
      vertex   -4.141911e+01 2.551624e+01 -3.820575e+01
      vertex   -4.062205e+01 2.676691e+01 -6.373631e+01
    endloop
  endfacet
  facet normal -8.346179e-01 5.508286e-01 9.269841e-04
    outer loop
      vertex   -4.062205e+01 2.676691e+01 -6.373631e+01
      vertex   -4.141911e+01 2.551624e+01 -3.820575e+01
      vertex   -3.974622e+01 2.805101e+01 -3.820575e+01
    endloop
  endfacet
  facet normal -8.282179e-01 5.604062e-01 2.257094e-04
    outer loop
      vertex   -4.062205e+01 2.676691e+01 -6.373631e+01
      vertex   -3.974622e+01 2.805101e+01 -3.820575e+01
      vertex   -3.998208e+01 2.771312e+01 -6.473714e+01
    endloop
  endfacet
  facet normal -8.151487e-01 5.792517e-01 -1.304803e-04
    outer loop
      vertex   -3.998208e+01 2.771312e+01 -6.473714e+01
      vertex   -3.974622e+01 2.805101e+01 -3.820575e+01
      vertex   -3.932964e+01 2.863102e+01 -6.578269e+01
    endloop
  endfacet
  facet normal -8.015028e-01 5.979909e-01 4.697865e-04
    outer loop
      vertex   -3.932964e+01 2.863102e+01 -6.578269e+01
      vertex   -3.974622e+01 2.805101e+01 -3.820575e+01
      vertex   -3.866899e+01 2.951737e+01 -6.687114e+01
    endloop
  endfacet
  facet normal -7.986206e-01 6.018343e-01 7.747049e-04
    outer loop
      vertex   -3.866899e+01 2.951737e+01 -6.687114e+01
      vertex   -3.974622e+01 2.805101e+01 -3.820575e+01
      vertex   -3.791842e+01 3.047646e+01 -3.820575e+01
    endloop
  endfacet
  facet normal -7.882798e-01 6.153170e-01 5.283487e-05
    outer loop
      vertex   -3.866899e+01 2.951737e+01 -6.687114e+01
      vertex   -3.791842e+01 3.047646e+01 -3.820575e+01
      vertex   -3.800438e+01 3.036890e+01 -6.800069e+01
    endloop
  endfacet
  facet normal -7.745738e-01 6.324835e-01 -4.868043e-05
    outer loop
      vertex   -3.800438e+01 3.036890e+01 -6.800069e+01
      vertex   -3.791842e+01 3.047646e+01 -3.820575e+01
      vertex   -3.734005e+01 3.118239e+01 -6.916953e+01
    endloop
  endfacet
  facet normal -7.595107e-01 6.504945e-01 6.433028e-04
    outer loop
      vertex   -3.734005e+01 3.118239e+01 -6.916953e+01
      vertex   -3.791842e+01 3.047646e+01 -3.820575e+01
      vertex   -3.594284e+01 3.278313e+01 -3.820575e+01
    endloop
  endfacet
  facet normal -7.601357e-01 6.497640e-01 7.092710e-04
    outer loop
      vertex   -3.734005e+01 3.118239e+01 -6.916953e+01
      vertex   -3.594284e+01 3.278313e+01 -3.820575e+01
      vertex   -3.668067e+01 3.195508e+01 -7.037575e+01
    endloop
  endfacet
  facet normal -7.472230e-01 6.645734e-01 3.192135e-05
    outer loop
      vertex   -3.668067e+01 3.195508e+01 -7.037575e+01
      vertex   -3.594284e+01 3.278313e+01 -3.820575e+01
      vertex   -3.603158e+01 3.268496e+01 -7.161733e+01
    endloop
  endfacet
  facet normal -7.342704e-01 6.788571e-01 -4.445190e-05
    outer loop
      vertex   -3.603158e+01 3.268496e+01 -7.161733e+01
      vertex   -3.594284e+01 3.278313e+01 -3.820575e+01
      vertex   -3.539816e+01 3.336999e+01 -7.289225e+01
    endloop
  endfacet
  facet normal -7.211533e-01 6.927754e-01 3.970055e-04
    outer loop
      vertex   -3.539816e+01 3.336999e+01 -7.289225e+01
      vertex   -3.594284e+01 3.278313e+01 -3.820575e+01
      vertex   -3.478581e+01 3.400818e+01 -7.419852e+01
    endloop
  endfacet
  facet normal -7.174407e-01 6.966193e-01 6.471823e-04
    outer loop
      vertex   -3.478581e+01 3.400818e+01 -7.419852e+01
      vertex   -3.594284e+01 3.278313e+01 -3.820575e+01
      vertex   -3.382717e+01 3.496203e+01 -3.820575e+01
    endloop
  endfacet
  facet normal -7.089476e-01 7.052611e-01 1.919593e-04
    outer loop
      vertex   -3.478581e+01 3.400818e+01 -7.419852e+01
      vertex   -3.382717e+01 3.496203e+01 -3.820575e+01
      vertex   -3.419990e+01 3.459752e+01 -7.553413e+01
    endloop
  endfacet
  facet normal -6.973959e-01 7.166861e-01 -3.495116e-05
    outer loop
      vertex   -3.419990e+01 3.459752e+01 -7.553413e+01
      vertex   -3.382717e+01 3.496203e+01 -3.820575e+01
      vertex   -3.364604e+01 3.513640e+01 -7.689757e+01
    endloop
  endfacet
  facet normal -6.862808e-01 7.273367e-01 6.507909e-05
    outer loop
      vertex   -3.364604e+01 3.513640e+01 -7.689757e+01
      vertex   -3.382717e+01 3.496203e+01 -3.820575e+01
      vertex   -3.312995e+01 3.562349e+01 -7.828684e+01
    endloop
  endfacet
  facet normal -6.725745e-01 7.400292e-01 5.129705e-04
    outer loop
      vertex   -3.312995e+01 3.562349e+01 -7.828684e+01
      vertex   -3.382717e+01 3.496203e+01 -3.820575e+01
      vertex   -3.157967e+01 3.700467e+01 -3.820575e+01
    endloop
  endfacet
  facet normal -6.750725e-01 7.377511e-01 6.880899e-04
    outer loop
      vertex   -3.312995e+01 3.562349e+01 -7.828684e+01
      vertex   -3.157967e+01 3.700467e+01 -3.820575e+01
      vertex   -3.265723e+01 3.605736e+01 -7.969956e+01
    endloop
  endfacet
  facet normal -6.663790e-01 7.456131e-01 2.828367e-04
    outer loop
      vertex   -3.265723e+01 3.605736e+01 -7.969956e+01
      vertex   -3.157967e+01 3.700467e+01 -3.820575e+01
      vertex   -3.223352e+01 3.643659e+01 -8.113331e+01
    endloop
  endfacet
  facet normal -6.585892e-01 7.525026e-01 7.301339e-05
    outer loop
      vertex   -3.223352e+01 3.643659e+01 -8.113331e+01
      vertex   -3.157967e+01 3.700467e+01 -3.820575e+01
      vertex   -3.186445e+01 3.675973e+01 -8.258571e+01
    endloop
  endfacet
  facet normal -6.462289e-01 7.631436e-01 -6.503084e-05
    outer loop
      vertex   -3.186445e+01 3.675973e+01 -8.258571e+01
      vertex   -3.157967e+01 3.700467e+01 -3.820575e+01
      vertex   -3.102233e+01 3.747314e+01 -7.910288e+01
    endloop
  endfacet
  facet normal -6.492239e-01 7.605964e-01 1.180876e-03
    outer loop
      vertex   -3.186445e+01 3.675973e+01 -8.258571e+01
      vertex   -3.102233e+01 3.747314e+01 -7.910288e+01
      vertex   -3.155580e+01 3.702547e+01 -8.405437e+01
    endloop
  endfacet
  facet normal -6.453809e-01 7.638608e-01 4.717004e-04
    outer loop
      vertex   -3.155580e+01 3.702547e+01 -8.405437e+01
      vertex   -3.102233e+01 3.747314e+01 -7.910288e+01
      vertex   -3.131125e+01 3.723301e+01 -8.553631e+01
    endloop
  endfacet
  facet normal -6.410639e-01 7.674875e-01 1.424652e-04
    outer loop
      vertex   -3.131125e+01 3.723301e+01 -8.553631e+01
      vertex   -3.102233e+01 3.747314e+01 -7.910288e+01
      vertex   -3.113357e+01 3.738170e+01 -8.702831e+01
    endloop
  endfacet
  facet normal -6.364020e-01 7.713576e-01 3.238159e-05
    outer loop
      vertex   -3.113357e+01 3.738170e+01 -8.702831e+01
      vertex   -3.102233e+01 3.747314e+01 -7.910288e+01
      vertex   -3.102552e+01 3.747091e+01 -8.852713e+01
    endloop
  endfacet
  facet normal -6.314015e-01 7.754561e-01 2.971857e-05
    outer loop
      vertex   -3.102552e+01 3.747091e+01 -8.852713e+01
      vertex   -3.102233e+01 3.747314e+01 -7.910288e+01
      vertex   -3.098987e+01 3.749999e+01 -9.002953e+01
    endloop
  endfacet
  facet normal -6.155526e-01 7.880958e-01 1.078567e-04
    outer loop
      vertex   -3.098987e+01 3.749999e+01 -9.002953e+01
      vertex   -3.102233e+01 3.747314e+01 -7.910288e+01
      vertex   -2.897705e+01 3.907623e+01 -1.200000e+02
    endloop
  endfacet
  facet normal -6.180944e-01 7.861039e-01 -1.676086e-04
    outer loop
      vertex   -3.098987e+01 3.749999e+01 -9.002953e+01
      vertex   -2.897705e+01 3.907623e+01 -1.200000e+02
      vertex   -3.113699e+01 3.737792e+01 -1.200000e+02
    endloop
  endfacet
  facet normal -6.250871e-01 7.805549e-01 4.225292e-04
    outer loop
      vertex   -3.157967e+01 3.700467e+01 -3.820575e+01
      vertex   -2.920909e+01 3.890309e+01 -3.820575e+01
      vertex   -3.102233e+01 3.747314e+01 -7.910288e+01
    endloop
  endfacet
  facet normal -6.130437e-01 7.900489e-01 -4.433853e-04
    outer loop
      vertex   -3.102233e+01 3.747314e+01 -7.910288e+01
      vertex   -2.920909e+01 3.890309e+01 -3.820575e+01
      vertex   -2.859454e+01 3.935700e+01 -7.910288e+01
    endloop
  endfacet
  facet normal -6.130438e-01 7.900489e-01 3.098830e-04
    outer loop
      vertex   -3.102233e+01 3.747314e+01 -7.910288e+01
      vertex   -2.859454e+01 3.935700e+01 -7.910288e+01
      vertex   -2.897705e+01 3.907623e+01 -1.200000e+02
    endloop
  endfacet
  facet normal -5.727267e-01 8.197463e-01 -2.710856e-04
    outer loop
      vertex   -2.897705e+01 3.907623e+01 -1.200000e+02
      vertex   -2.859454e+01 3.935700e+01 -7.910288e+01
      vertex   -2.672467e+01 4.064989e+01 -1.200000e+02
    endloop
  endfacet
  facet normal -5.687221e-01 8.225297e-01 0.000000e+00
    outer loop
      vertex   -2.672467e+01 4.064989e+01 -1.200000e+02
      vertex   -2.859454e+01 3.935700e+01 -7.910288e+01
      vertex   -2.672467e+01 4.064989e+01 -3.820575e+01
    endloop
  endfacet
  facet normal -5.751634e-01 8.180384e-01 4.364868e-04
    outer loop
      vertex   -2.672467e+01 4.064989e+01 -3.820575e+01
      vertex   -2.859454e+01 3.935700e+01 -7.910288e+01
      vertex   -2.920909e+01 3.890309e+01 -3.820575e+01
    endloop
  endfacet
  facet normal -6.614900e-01 7.499534e-01 -9.182301e-04
    outer loop
      vertex   -3.319761e+01 3.556037e+01 -1.200000e+02
      vertex   -3.224917e+01 3.642274e+01 -9.892339e+01
      vertex   -3.113699e+01 3.737792e+01 -1.200000e+02
    endloop
  endfacet
  facet normal -6.577736e-01 7.532155e-01 -5.742825e-04
    outer loop
      vertex   -3.113699e+01 3.737792e+01 -1.200000e+02
      vertex   -3.224917e+01 3.642274e+01 -9.892339e+01
      vertex   -3.187785e+01 3.674812e+01 -9.747168e+01
    endloop
  endfacet
  facet normal -6.520085e-01 7.582116e-01 -2.450255e-04
    outer loop
      vertex   -3.113699e+01 3.737792e+01 -1.200000e+02
      vertex   -3.187785e+01 3.674812e+01 -9.747168e+01
      vertex   -3.156673e+01 3.701613e+01 -9.600360e+01
    endloop
  endfacet
  facet normal -7.027755e-01 7.114106e-01 -1.251808e-03
    outer loop
      vertex   -3.515232e+01 3.362939e+01 -1.200000e+02
      vertex   -3.422235e+01 3.457531e+01 -1.045189e+02
      vertex   -3.319761e+01 3.556037e+01 -1.200000e+02
    endloop
  endfacet
  facet normal -6.971349e-01 7.169398e-01 -5.266167e-04
    outer loop
      vertex   -3.319761e+01 3.556037e+01 -1.200000e+02
      vertex   -3.422235e+01 3.457531e+01 -1.045189e+02
      vertex   -3.366713e+01 3.511620e+01 -1.031565e+02
    endloop
  endfacet
  facet normal -6.868209e-01 7.268267e-01 2.161230e-05
    outer loop
      vertex   -3.319761e+01 3.556037e+01 -1.200000e+02
      vertex   -3.366713e+01 3.511620e+01 -1.031565e+02
      vertex   -3.314944e+01 3.560535e+01 -1.017682e+02
    endloop
  endfacet
  facet normal -7.418189e-01 6.705983e-01 -1.640041e-03
    outer loop
      vertex   -3.699490e+01 3.159112e+01 -1.200000e+02
      vertex   -3.605682e+01 3.265712e+01 -1.084321e+02
      vertex   -3.515232e+01 3.362939e+01 -1.200000e+02
    endloop
  endfacet
  facet normal -7.343865e-01 6.787314e-01 -3.753310e-04
    outer loop
      vertex   -3.515232e+01 3.362939e+01 -1.200000e+02
      vertex   -3.605682e+01 3.265712e+01 -1.084321e+02
      vertex   -3.542269e+01 3.334395e+01 -1.071584e+02
    endloop
  endfacet
  facet normal -7.222227e-01 6.916606e-01 1.681509e-04
    outer loop
      vertex   -3.515232e+01 3.362939e+01 -1.200000e+02
      vertex   -3.542269e+01 3.334395e+01 -1.071584e+02
      vertex   -3.480940e+01 3.398402e+01 -1.058534e+02
    endloop
  endfacet
  facet normal -7.784951e-01 6.276463e-01 -2.330238e-03
    outer loop
      vertex   -3.871946e+01 2.945208e+01 -1.200000e+02
      vertex   -3.803051e+01 3.033614e+01 -1.120444e+02
      vertex   -3.699490e+01 3.159112e+01 -1.200000e+02
    endloop
  endfacet
  facet normal -7.743873e-01 6.327111e-01 -9.965285e-04
    outer loop
      vertex   -3.699490e+01 3.159112e+01 -1.200000e+02
      vertex   -3.803051e+01 3.033614e+01 -1.120444e+02
      vertex   -3.736609e+01 3.115118e+01 -1.108771e+02
    endloop
  endfacet
  facet normal -7.614343e-01 6.482421e-01 2.794574e-04
    outer loop
      vertex   -3.699490e+01 3.159112e+01 -1.200000e+02
      vertex   -3.736609e+01 3.115118e+01 -1.108771e+02
      vertex   -3.670641e+01 3.192552e+01 -1.096723e+02
    endloop
  endfacet
  facet normal -8.126873e-01 5.826918e-01 -3.095602e-03
    outer loop
      vertex   -4.032050e+01 2.721908e+01 -1.200000e+02
      vertex   -3.935546e+01 2.859554e+01 -1.142592e+02
      vertex   -3.871946e+01 2.945208e+01 -1.200000e+02
    endloop
  endfacet
  facet normal -8.023918e-01 5.967976e-01 1.496161e-04
    outer loop
      vertex   -3.871946e+01 2.945208e+01 -1.200000e+02
      vertex   -3.935546e+01 2.859554e+01 -1.142592e+02
      vertex   -3.869505e+01 2.948318e+01 -1.131724e+02
    endloop
  endfacet
  facet normal -7.888606e-01 6.145721e-01 2.027811e-05
    outer loop
      vertex   -3.871946e+01 2.945208e+01 -1.200000e+02
      vertex   -3.869505e+01 2.948318e+01 -1.131724e+02
      vertex   -3.803051e+01 3.033614e+01 -1.120444e+02
    endloop
  endfacet
  facet normal -8.442747e-01 5.358709e-01 -6.530827e-03
    outer loop
      vertex   -4.179292e+01 2.489926e+01 -1.200000e+02
      vertex   -4.127536e+01 2.574803e+01 -1.172632e+02
      vertex   -4.032050e+01 2.721908e+01 -1.200000e+02
    endloop
  endfacet
  facet normal -8.409318e-01 5.411352e-01 -2.534883e-03
    outer loop
      vertex   -4.032050e+01 2.721908e+01 -1.200000e+02
      vertex   -4.127536e+01 2.574803e+01 -1.172632e+02
      vertex   -4.064688e+01 2.672920e+01 -1.163021e+02
    endloop
  endfacet
  facet normal -8.292615e-01 5.588602e-01 8.432355e-04
    outer loop
      vertex   -4.032050e+01 2.721908e+01 -1.200000e+02
      vertex   -4.064688e+01 2.672920e+01 -1.163021e+02
      vertex   -4.000748e+01 2.767646e+01 -1.153030e+02
    endloop
  endfacet
  facet normal -8.729936e-01 4.872449e-01 -2.178646e-02
    outer loop
      vertex   -4.313202e+01 2.250000e+01 -1.200000e+02
      vertex   -4.252214e+01 2.363224e+01 -1.191163e+02
      vertex   -4.179292e+01 2.489926e+01 -1.200000e+02
    endloop
  endfacet
  facet normal -8.671814e-01 4.979899e-01 -1.584695e-03
    outer loop
      vertex   -4.179292e+01 2.489926e+01 -1.200000e+02
      vertex   -4.252214e+01 2.363224e+01 -1.191163e+02
      vertex   -4.190177e+01 2.471543e+01 -1.182025e+02
    endloop
  endfacet
  facet normal -8.554493e-01 5.178852e-01 1.160434e-03
    outer loop
      vertex   -4.179292e+01 2.489926e+01 -1.200000e+02
      vertex   -4.190177e+01 2.471543e+01 -1.182025e+02
      vertex   -4.127536e+01 2.574803e+01 -1.172632e+02
    endloop
  endfacet
  facet normal -8.143975e-01 5.803032e-01 -2.235421e-03
    outer loop
      vertex   -4.000748e+01 2.767646e+01 -1.153030e+02
      vertex   -3.935546e+01 2.859554e+01 -1.142592e+02
      vertex   -4.032050e+01 2.721908e+01 -1.200000e+02
    endloop
  endfacet
  facet normal -7.472253e-01 6.645705e-01 -6.461408e-04
    outer loop
      vertex   -3.670641e+01 3.192552e+01 -1.096723e+02
      vertex   -3.605682e+01 3.265712e+01 -1.084321e+02
      vertex   -3.699490e+01 3.159112e+01 -1.200000e+02
    endloop
  endfacet
  facet normal -7.090961e-01 7.051116e-01 -4.872359e-04
    outer loop
      vertex   -3.480940e+01 3.398402e+01 -1.058534e+02
      vertex   -3.422235e+01 3.457531e+01 -1.045189e+02
      vertex   -3.515232e+01 3.362939e+01 -1.200000e+02
    endloop
  endfacet
  facet normal -6.765263e-01 7.364185e-01 -2.924738e-05
    outer loop
      vertex   -3.314944e+01 3.560535e+01 -1.017682e+02
      vertex   -3.267491e+01 3.604134e+01 -1.003564e+02
      vertex   -3.319761e+01 3.556037e+01 -1.200000e+02
    endloop
  endfacet
  facet normal -6.662658e-01 7.457141e-01 -5.298661e-04
    outer loop
      vertex   -3.319761e+01 3.556037e+01 -1.200000e+02
      vertex   -3.267491e+01 3.604134e+01 -1.003564e+02
      vertex   -3.224917e+01 3.642274e+01 -9.892339e+01
    endloop
  endfacet
  facet normal -6.469439e-01 7.625376e-01 -8.910226e-05
    outer loop
      vertex   -3.156673e+01 3.701613e+01 -9.600360e+01
      vertex   -3.131961e+01 3.722596e+01 -9.452212e+01
      vertex   -3.113699e+01 3.737792e+01 -1.200000e+02
    endloop
  endfacet
  facet normal -6.418415e-01 7.668373e-01 -2.688371e-05
    outer loop
      vertex   -3.113699e+01 3.737792e+01 -1.200000e+02
      vertex   -3.131961e+01 3.722596e+01 -9.452212e+01
      vertex   -3.113925e+01 3.737698e+01 -9.303045e+01
    endloop
  endfacet
  facet normal -6.366532e-01 7.711503e-01 -2.629806e-05
    outer loop
      vertex   -3.113699e+01 3.737792e+01 -1.200000e+02
      vertex   -3.113925e+01 3.737698e+01 -9.303045e+01
      vertex   -3.102842e+01 3.746853e+01 -9.153185e+01
    endloop
  endfacet
  facet normal -6.307892e-01 7.759543e-01 -6.395372e-05
    outer loop
      vertex   -3.102842e+01 3.746853e+01 -9.153185e+01
      vertex   -3.098987e+01 3.749999e+01 -9.002953e+01
      vertex   -3.113699e+01 3.737792e+01 -1.200000e+02
    endloop
  endfacet
  facet normal -9.252932e-01 3.792526e-01 4.145772e-16
    outer loop
      vertex   -4.520389e+01 1.797860e+01 -3.920575e+01
      vertex   -4.483489e+01 1.887886e+01 -5.759934e+01
      vertex   -4.520389e+01 1.797860e+01 -5.220575e+01
    endloop
  endfacet
  facet normal -9.273531e-01 3.741861e-01 -9.865921e-04
    outer loop
      vertex   -4.520389e+01 1.797860e+01 -5.220575e+01
      vertex   -4.483489e+01 1.887886e+01 -5.759934e+01
      vertex   -4.536257e+01 1.757301e+01 -5.687298e+01
    endloop
  endfacet
  facet normal -9.373702e-01 3.483311e-01 1.600787e-03
    outer loop
      vertex   -4.520389e+01 1.797860e+01 -5.220575e+01
      vertex   -4.536257e+01 1.757301e+01 -5.687298e+01
      vertex   -4.586043e+01 1.623016e+01 -5.619451e+01
    endloop
  endfacet
  facet normal -9.397170e-01 3.419195e-01 4.797498e-03
    outer loop
      vertex   -4.520389e+01 1.797860e+01 -5.220575e+01
      vertex   -4.586043e+01 1.623016e+01 -5.619451e+01
      vertex   -4.618775e+01 1.527459e+01 -5.220575e+01
    endloop
  endfacet
  facet normal -9.477096e-01 3.191312e-01 -1.317662e-03
    outer loop
      vertex   -4.618775e+01 1.527459e+01 -5.220575e+01
      vertex   -4.586043e+01 1.623016e+01 -5.619451e+01
      vertex   -4.632496e+01 1.485324e+01 -5.556701e+01
    endloop
  endfacet
  facet normal -9.565163e-01 2.916684e-01 2.484486e-03
    outer loop
      vertex   -4.618775e+01 1.527459e+01 -5.220575e+01
      vertex   -4.632496e+01 1.485324e+01 -5.556701e+01
      vertex   -4.675293e+01 1.344485e+01 -5.499329e+01
    endloop
  endfacet
  facet normal -9.582776e-01 2.857601e-01 6.719810e-03
    outer loop
      vertex   -4.618775e+01 1.527459e+01 -5.220575e+01
      vertex   -4.675293e+01 1.344485e+01 -5.499329e+01
      vertex   -4.701002e+01 1.251715e+01 -5.220575e+01
    endloop
  endfacet
  facet normal -9.654351e-01 2.606334e-01 -2.302549e-03
    outer loop
      vertex   -4.701002e+01 1.251715e+01 -5.220575e+01
      vertex   -4.675293e+01 1.344485e+01 -5.499329e+01
      vertex   -4.714205e+01 1.200805e+01 -5.447516e+01
    endloop
  endfacet
  facet normal -9.724436e-01 2.330990e-01 4.282111e-03
    outer loop
      vertex   -4.701002e+01 1.251715e+01 -5.220575e+01
      vertex   -4.714205e+01 1.200805e+01 -5.447516e+01
      vertex   -4.749025e+01 1.054694e+01 -5.401436e+01
    endloop
  endfacet
  facet normal -9.734746e-01 2.285997e-01 9.457140e-03
    outer loop
      vertex   -4.701002e+01 1.251715e+01 -5.220575e+01
      vertex   -4.749025e+01 1.054694e+01 -5.401436e+01
      vertex   -4.766783e+01 9.715922e+00 -5.220575e+01
    endloop
  endfacet
  facet normal -9.796280e-01 2.007826e-01 -3.928518e-03
    outer loop
      vertex   -4.766783e+01 9.715922e+00 -5.220575e+01
      vertex   -4.749025e+01 1.054694e+01 -5.401436e+01
      vertex   -4.779546e+01 9.065672e+00 -5.361262e+01
    endloop
  endfacet
  facet normal -9.848397e-01 1.732183e-01 9.284466e-03
    outer loop
      vertex   -4.766783e+01 9.715922e+00 -5.220575e+01
      vertex   -4.779546e+01 9.065672e+00 -5.361262e+01
      vertex   -4.805560e+01 7.568358e+00 -5.327168e+01
    endloop
  endfacet
  facet normal -9.852257e-01 1.706353e-01 1.462899e-02
    outer loop
      vertex   -4.766783e+01 9.715922e+00 -5.220575e+01
      vertex   -4.805560e+01 7.568358e+00 -5.327168e+01
      vertex   -4.815888e+01 6.880699e+00 -5.220575e+01
    endloop
  endfacet
  facet normal -9.903085e-01 1.387358e-01 -6.442775e-03
    outer loop
      vertex   -4.815888e+01 6.880699e+00 -5.220575e+01
      vertex   -4.805560e+01 7.568358e+00 -5.327168e+01
      vertex   -4.826884e+01 6.059215e+00 -5.299304e+01
    endloop
  endfacet
  facet normal -9.934604e-01 1.120734e-01 2.181811e-02
    outer loop
      vertex   -4.815888e+01 6.880699e+00 -5.220575e+01
      vertex   -4.826884e+01 6.059215e+00 -5.299304e+01
      vertex   -4.848144e+01 4.021405e+00 -5.220575e+01
    endloop
  endfacet
  facet normal -9.935384e-01 1.116111e-01 2.060035e-02
    outer loop
      vertex   -4.848144e+01 4.021405e+00 -5.220575e+01
      vertex   -4.826884e+01 6.059215e+00 -5.299304e+01
      vertex   -4.843469e+01 4.542941e+00 -5.277686e+01
    endloop
  endfacet
  facet normal -9.969940e-01 7.659703e-02 -1.165723e-02
    outer loop
      vertex   -4.848144e+01 4.021405e+00 -5.220575e+01
      vertex   -4.843469e+01 4.542941e+00 -5.277686e+01
      vertex   -4.855316e+01 3.024402e+00 -5.262284e+01
    endloop
  endfacet
  facet normal -9.953170e-01 -9.666441e-02 -9.245949e-17
    outer loop
      vertex   -4.839028e+01 -5.000237e+00 -3.920575e+01
      vertex   -4.843469e+01 -4.542941e+00 -5.277686e+01
      vertex   -4.839028e+01 -5.000237e+00 -5.220575e+01
    endloop
  endfacet
  facet normal -9.941671e-01 -1.074939e-01 -8.760735e-03
    outer loop
      vertex   -4.839028e+01 -5.000237e+00 -5.220575e+01
      vertex   -4.843469e+01 -4.542941e+00 -5.277686e+01
      vertex   -4.826884e+01 -6.059215e+00 -5.299304e+01
    endloop
  endfacet
  facet normal -9.908823e-01 -1.323552e-01 2.518697e-02
    outer loop
      vertex   -4.839028e+01 -5.000237e+00 -5.220575e+01
      vertex   -4.826884e+01 -6.059215e+00 -5.299304e+01
      vertex   -4.800619e+01 -7.875732e+00 -5.220575e+01
    endloop
  endfacet
  facet normal -9.900157e-01 -1.408585e-01 5.277971e-03
    outer loop
      vertex   -4.800619e+01 -7.875732e+00 -5.220575e+01
      vertex   -4.826884e+01 -6.059215e+00 -5.299304e+01
      vertex   -4.805560e+01 -7.568358e+00 -5.327168e+01
    endloop
  endfacet
  facet normal -9.853675e-01 -1.704083e-01 -3.458650e-03
    outer loop
      vertex   -4.800619e+01 -7.875732e+00 -5.220575e+01
      vertex   -4.805560e+01 -7.568358e+00 -5.327168e+01
      vertex   -4.779546e+01 -9.065672e+00 -5.361262e+01
    endloop
  endfacet
  facet normal -9.814360e-01 -1.912230e-01 1.473543e-02
    outer loop
      vertex   -4.800619e+01 -7.875732e+00 -5.220575e+01
      vertex   -4.779546e+01 -9.065672e+00 -5.361262e+01
      vertex   -4.745138e+01 -1.072322e+01 -5.220575e+01
    endloop
  endfacet
  facet normal -9.793524e-01 -2.021560e-01 1.344724e-03
    outer loop
      vertex   -4.745138e+01 -1.072322e+01 -5.220575e+01
      vertex   -4.779546e+01 -9.065672e+00 -5.361262e+01
      vertex   -4.749025e+01 -1.054694e+01 -5.401436e+01
    endloop
  endfacet
  facet normal -9.728730e-01 -2.313341e-01 -1.638380e-03
    outer loop
      vertex   -4.745138e+01 -1.072322e+01 -5.220575e+01
      vertex   -4.749025e+01 -1.054694e+01 -5.401436e+01
      vertex   -4.714205e+01 -1.200805e+01 -5.447516e+01
    endloop
  endfacet
  facet normal -9.683569e-01 -2.493997e-01 9.204992e-03
    outer loop
      vertex   -4.745138e+01 -1.072322e+01 -5.220575e+01
      vertex   -4.714205e+01 -1.200805e+01 -5.447516e+01
      vertex   -4.672784e+01 -1.353257e+01 -5.220575e+01
    endloop
  endfacet
  facet normal -9.651868e-01 -2.615611e-01 4.566276e-04
    outer loop
      vertex   -4.672784e+01 -1.353257e+01 -5.220575e+01
      vertex   -4.714205e+01 -1.200805e+01 -5.447516e+01
      vertex   -4.675293e+01 -1.344485e+01 -5.499329e+01
    endloop
  endfacet
  facet normal -9.568612e-01 -2.905451e-01 -5.304455e-04
    outer loop
      vertex   -4.672784e+01 -1.353257e+01 -5.220575e+01
      vertex   -4.675293e+01 -1.344485e+01 -5.499329e+01
      vertex   -4.632496e+01 -1.485324e+01 -5.556701e+01
    endloop
  endfacet
  facet normal -9.517899e-01 -3.066835e-01 6.418282e-03
    outer loop
      vertex   -4.672784e+01 -1.353257e+01 -5.220575e+01
      vertex   -4.632496e+01 -1.485324e+01 -5.556701e+01
      vertex   -4.583812e+01 -1.629380e+01 -5.220575e+01
    endloop
  endfacet
  facet normal -9.475015e-01 -3.197511e-01 1.966131e-04
    outer loop
      vertex   -4.583812e+01 -1.629380e+01 -5.220575e+01
      vertex   -4.632496e+01 -1.485324e+01 -5.556701e+01
      vertex   -4.586043e+01 -1.623016e+01 -5.619451e+01
    endloop
  endfacet
  facet normal -9.376848e-01 -3.474869e-01 -3.008597e-04
    outer loop
      vertex   -4.583812e+01 -1.629380e+01 -5.220575e+01
      vertex   -4.586043e+01 -1.623016e+01 -5.619451e+01
      vertex   -4.536257e+01 -1.757301e+01 -5.687298e+01
    endloop
  endfacet
  facet normal -9.318269e-01 -3.628750e-01 4.513628e-03
    outer loop
      vertex   -4.583812e+01 -1.629380e+01 -5.220575e+01
      vertex   -4.536257e+01 -1.757301e+01 -5.687298e+01
      vertex   -4.478540e+01 -1.899709e+01 -5.220575e+01
    endloop
  endfacet
  facet normal -9.271066e-01 -3.747977e-01 2.919968e-04
    outer loop
      vertex   -4.478540e+01 -1.899709e+01 -5.220575e+01
      vertex   -4.536257e+01 -1.757301e+01 -5.687298e+01
      vertex   -4.483489e+01 -1.887886e+01 -5.759934e+01
    endloop
  endfacet
  facet normal -9.161904e-01 -4.007430e-01 -3.769436e-04
    outer loop
      vertex   -4.478540e+01 -1.899709e+01 -5.220575e+01
      vertex   -4.483489e+01 -1.887886e+01 -5.759934e+01
      vertex   -4.428088e+01 -2.014473e+01 -5.837047e+01
    endloop
  endfacet
  facet normal -6.296868e-01 -7.768491e-01 -1.109723e-04
    outer loop
      vertex   -3.098987e+01 -3.749999e+01 -9.002953e+01
      vertex   -3.102842e+01 -3.746853e+01 -9.153185e+01
      vertex   -3.006060e+01 -3.824894e+01 -1.200000e+02
    endloop
  endfacet
  facet normal -6.340104e-01 -7.733244e-01 -3.545822e-04
    outer loop
      vertex   -3.006060e+01 -3.824894e+01 -1.200000e+02
      vertex   -3.102842e+01 -3.746853e+01 -9.153185e+01
      vertex   -3.113925e+01 -3.737698e+01 -9.303045e+01
    endloop
  endfacet
  facet normal -6.387168e-01 -7.694416e-01 -6.683543e-04
    outer loop
      vertex   -3.006060e+01 -3.824894e+01 -1.200000e+02
      vertex   -3.113925e+01 -3.737698e+01 -9.303045e+01
      vertex   -3.131961e+01 -3.722596e+01 -9.452212e+01
    endloop
  endfacet
  facet normal -6.435278e-01 -7.654220e-01 -1.067485e-03
    outer loop
      vertex   -3.131961e+01 -3.722596e+01 -9.452212e+01
      vertex   -3.156673e+01 -3.701613e+01 -9.600360e+01
      vertex   -3.006060e+01 -3.824894e+01 -1.200000e+02
    endloop
  endfacet
  facet normal -6.414395e-01 -7.671732e-01 -8.464469e-04
    outer loop
      vertex   -3.006060e+01 -3.824894e+01 -1.200000e+02
      vertex   -3.156673e+01 -3.701613e+01 -9.600360e+01
      vertex   -3.232022e+01 -3.635965e+01 -1.200000e+02
    endloop
  endfacet
  facet normal -6.519309e-01 -7.582784e-01 -2.736776e-04
    outer loop
      vertex   -3.232022e+01 -3.635965e+01 -1.200000e+02
      vertex   -3.156673e+01 -3.701613e+01 -9.600360e+01
      vertex   -3.187785e+01 -3.674812e+01 -9.747168e+01
    endloop
  endfacet
  facet normal -6.589787e-01 -7.521616e-01 -2.981072e-05
    outer loop
      vertex   -3.232022e+01 -3.635965e+01 -1.200000e+02
      vertex   -3.187785e+01 -3.674812e+01 -9.747168e+01
      vertex   -3.224917e+01 -3.642274e+01 -9.892339e+01
    endloop
  endfacet
  facet normal -6.672938e-01 -7.447946e-01 2.027036e-05
    outer loop
      vertex   -3.224917e+01 -3.642274e+01 -9.892339e+01
      vertex   -3.267491e+01 -3.604134e+01 -1.003564e+02
      vertex   -3.232022e+01 -3.635965e+01 -1.200000e+02
    endloop
  endfacet
  facet normal -6.761387e-01 -7.367743e-01 -2.693997e-04
    outer loop
      vertex   -3.232022e+01 -3.635965e+01 -1.200000e+02
      vertex   -3.267491e+01 -3.604134e+01 -1.003564e+02
      vertex   -3.314944e+01 -3.560535e+01 -1.017682e+02
    endloop
  endfacet
  facet normal -6.853156e-01 -7.282455e-01 -1.039639e-03
    outer loop
      vertex   -3.232022e+01 -3.635965e+01 -1.200000e+02
      vertex   -3.314944e+01 -3.560535e+01 -1.017682e+02
      vertex   -3.366713e+01 -3.511620e+01 -1.031565e+02
    endloop
  endfacet
  facet normal -6.866907e-01 -7.269486e-01 -1.245344e-03
    outer loop
      vertex   -3.232022e+01 -3.635965e+01 -1.200000e+02
      vertex   -3.366713e+01 -3.511620e+01 -1.031565e+02
      vertex   -3.446137e+01 -3.433708e+01 -1.200000e+02
    endloop
  endfacet
  facet normal -6.974723e-01 -7.166117e-01 -2.587958e-04
    outer loop
      vertex   -3.446137e+01 -3.433708e+01 -1.200000e+02
      vertex   -3.366713e+01 -3.511620e+01 -1.031565e+02
      vertex   -3.422235e+01 -3.457531e+01 -1.045189e+02
    endloop
  endfacet
  facet normal -7.097803e-01 -7.044231e-01 1.187965e-04
    outer loop
      vertex   -3.446137e+01 -3.433708e+01 -1.200000e+02
      vertex   -3.422235e+01 -3.457531e+01 -1.045189e+02
      vertex   -3.480940e+01 -3.398402e+01 -1.058534e+02
    endloop
  endfacet
  facet normal -7.215697e-01 -6.923417e-01 -4.727616e-04
    outer loop
      vertex   -3.480940e+01 -3.398402e+01 -1.058534e+02
      vertex   -3.542269e+01 -3.334395e+01 -1.071584e+02
      vertex   -3.446137e+01 -3.433708e+01 -1.200000e+02
    endloop
  endfacet
  facet normal -7.294245e-01 -6.840592e-01 -1.701319e-03
    outer loop
      vertex   -3.446137e+01 -3.433708e+01 -1.200000e+02
      vertex   -3.542269e+01 -3.334395e+01 -1.071584e+02
      vertex   -3.647619e+01 -3.218864e+01 -1.200000e+02
    endloop
  endfacet
  facet normal -7.338988e-01 -6.792583e-01 -9.023367e-04
    outer loop
      vertex   -3.647619e+01 -3.218864e+01 -1.200000e+02
      vertex   -3.542269e+01 -3.334395e+01 -1.071584e+02
      vertex   -3.605682e+01 -3.265712e+01 -1.084321e+02
    endloop
  endfacet
  facet normal -7.479685e-01 -6.637342e-01 2.364295e-04
    outer loop
      vertex   -3.647619e+01 -3.218864e+01 -1.200000e+02
      vertex   -3.605682e+01 -3.265712e+01 -1.084321e+02
      vertex   -3.670641e+01 -3.192552e+01 -1.096723e+02
    endloop
  endfacet
  facet normal -7.608893e-01 -6.488816e-01 -4.299941e-04
    outer loop
      vertex   -3.670641e+01 -3.192552e+01 -1.096723e+02
      vertex   -3.736609e+01 -3.115118e+01 -1.108771e+02
      vertex   -3.647619e+01 -3.218864e+01 -1.200000e+02
    endloop
  endfacet
  facet normal -7.694838e-01 -6.386617e-01 -2.430554e-03
    outer loop
      vertex   -3.647619e+01 -3.218864e+01 -1.200000e+02
      vertex   -3.736609e+01 -3.115118e+01 -1.108771e+02
      vertex   -3.835731e+01 -2.992221e+01 -1.200000e+02
    endloop
  endfacet
  facet normal -7.743005e-01 -6.328170e-01 -1.119851e-03
    outer loop
      vertex   -3.835731e+01 -2.992221e+01 -1.200000e+02
      vertex   -3.736609e+01 -3.115118e+01 -1.108771e+02
      vertex   -3.803051e+01 -3.033614e+01 -1.120444e+02
    endloop
  endfacet
  facet normal -7.891410e-01 -6.142120e-01 4.577975e-04
    outer loop
      vertex   -3.835731e+01 -2.992221e+01 -1.200000e+02
      vertex   -3.803051e+01 -3.033614e+01 -1.120444e+02
      vertex   -3.869505e+01 -2.948318e+01 -1.131724e+02
    endloop
  endfacet
  facet normal -8.015940e-01 -5.978676e-01 -1.209195e-03
    outer loop
      vertex   -3.869505e+01 -2.948318e+01 -1.131724e+02
      vertex   -3.935546e+01 -2.859554e+01 -1.142592e+02
      vertex   -3.835731e+01 -2.992221e+01 -1.200000e+02
    endloop
  endfacet
  facet normal -8.067203e-01 -5.909218e-01 -3.705660e-03
    outer loop
      vertex   -3.835731e+01 -2.992221e+01 -1.200000e+02
      vertex   -3.935546e+01 -2.859554e+01 -1.142592e+02
      vertex   -4.009781e+01 -2.754609e+01 -1.200000e+02
    endloop
  endfacet
  facet normal -8.153909e-01 -5.789106e-01 -3.887323e-04
    outer loop
      vertex   -4.009781e+01 -2.754609e+01 -1.200000e+02
      vertex   -3.935546e+01 -2.859554e+01 -1.142592e+02
      vertex   -4.000748e+01 -2.767646e+01 -1.153030e+02
    endloop
  endfacet
  facet normal -8.290559e-01 -5.591655e-01 4.221367e-04
    outer loop
      vertex   -4.009781e+01 -2.754609e+01 -1.200000e+02
      vertex   -4.000748e+01 -2.767646e+01 -1.153030e+02
      vertex   -4.064688e+01 -2.672920e+01 -1.163021e+02
    endloop
  endfacet
  facet normal -8.399023e-01 -5.427162e-01 -4.822035e-03
    outer loop
      vertex   -4.064688e+01 -2.672920e+01 -1.163021e+02
      vertex   -4.127536e+01 -2.574803e+01 -1.172632e+02
      vertex   -4.009781e+01 -2.754609e+01 -1.200000e+02
    endloop
  endfacet
  facet normal -8.409912e-01 -5.410109e-01 -6.410939e-03
    outer loop
      vertex   -4.009781e+01 -2.754609e+01 -1.200000e+02
      vertex   -4.127536e+01 -2.574803e+01 -1.172632e+02
      vertex   -4.169133e+01 -2.506899e+01 -1.200000e+02
    endloop
  endfacet
  facet normal -8.556382e-01 -5.175718e-01 1.630877e-03
    outer loop
      vertex   -4.169133e+01 -2.506899e+01 -1.200000e+02
      vertex   -4.127536e+01 -2.574803e+01 -1.172632e+02
      vertex   -4.190177e+01 -2.471543e+01 -1.182025e+02
    endloop
  endfacet
  facet normal -8.665565e-01 -4.990681e-01 -3.287077e-03
    outer loop
      vertex   -4.169133e+01 -2.506899e+01 -1.200000e+02
      vertex   -4.190177e+01 -2.471543e+01 -1.182025e+02
      vertex   -4.252214e+01 -2.363224e+01 -1.191163e+02
    endloop
  endfacet
  facet normal -8.719411e-01 -4.889852e-01 -2.474249e-02
    outer loop
      vertex   -4.252214e+01 -2.363224e+01 -1.191163e+02
      vertex   -4.313202e+01 -2.250000e+01 -1.200000e+02
      vertex   -4.169133e+01 -2.506899e+01 -1.200000e+02
    endloop
  endfacet
  facet normal -2.103566e-01 -9.776247e-01 -2.182939e-04
    outer loop
      vertex   -1.166847e+01 -4.722783e+01 -1.200000e+02
      vertex   -8.788983e+00 -4.784741e+01 -1.200000e+02
      vertex   -9.115713e+00 -4.778624e+01 -7.910288e+01
    endloop
  endfacet
  facet normal -9.410831e-02 -9.955620e-01 1.578662e-04
    outer loop
      vertex   -6.097203e+00 -4.826433e+01 -7.910288e+01
      vertex   -5.877282e+00 -4.829160e+01 -1.200000e+02
      vertex   -3.054629e+00 -4.855194e+01 -7.910288e+01
    endloop
  endfacet
  facet normal -9.070647e-02 -9.958777e-01 -7.893314e-05
    outer loop
      vertex   -3.054629e+00 -4.855194e+01 -7.910288e+01
      vertex   -5.877282e+00 -4.829160e+01 -1.200000e+02
      vertex   -2.944037e+00 -4.855877e+01 -1.200000e+02
    endloop
  endfacet
  facet normal -3.211543e-02 -9.994842e-01 8.010790e-05
    outer loop
      vertex   -3.054629e+00 -4.855194e+01 -7.910288e+01
      vertex   -2.944037e+00 -4.855877e+01 -1.200000e+02
      vertex   0.000000e+00 -4.864793e+01 -5.220575e+01
    endloop
  endfacet
  facet normal -3.027248e-02 -9.995417e-01 -0.000000e+00
    outer loop
      vertex   0.000000e+00 -4.864793e+01 -5.220575e+01
      vertex   -2.944037e+00 -4.855877e+01 -1.200000e+02
      vertex   0.000000e+00 -4.864793e+01 -1.200000e+02
    endloop
  endfacet
  facet normal -2.405818e-02 -9.997102e-01 -8.357382e-04
    outer loop
      vertex   0.000000e+00 -4.864793e+01 -5.220575e+01
      vertex   -2.340085e+00 -4.859162e+01 -5.220575e+01
      vertex   -3.054629e+00 -4.855194e+01 -7.910288e+01
    endloop
  endfacet
  facet normal -7.211886e-02 -9.973959e-01 4.444476e-04
    outer loop
      vertex   -3.054629e+00 -4.855194e+01 -7.910288e+01
      vertex   -2.340085e+00 -4.859162e+01 -5.220575e+01
      vertex   -4.674752e+00 -4.842280e+01 -5.220575e+01
    endloop
  endfacet
  facet normal -9.410828e-02 -9.955616e-01 -8.888709e-04
    outer loop
      vertex   -3.054629e+00 -4.855194e+01 -7.910288e+01
      vertex   -4.674752e+00 -4.842280e+01 -5.220575e+01
      vertex   -6.097203e+00 -4.826433e+01 -7.910288e+01
    endloop
  endfacet
  facet normal -1.200126e-01 -9.927722e-01 4.975083e-04
    outer loop
      vertex   -6.097203e+00 -4.826433e+01 -7.910288e+01
      vertex   -4.674752e+00 -4.842280e+01 -5.220575e+01
      vertex   -6.998596e+00 -4.814188e+01 -5.220575e+01
    endloop
  endfacet
  facet normal -6.370484e-01 -7.708238e-01 8.318416e-06
    outer loop
      vertex   -3.084718e+01 -3.761745e+01 -3.820575e+01
      vertex   -3.102233e+01 -3.747314e+01 -7.910288e+01
      vertex   -3.095982e+01 -3.752480e+01 -7.910288e+01
    endloop
  endfacet
  facet normal 9.801501e-02 4.505639e-01 8.873473e-01
    outer loop
      vertex   -5.495160e+01 -1.262531e+01 -1.172140e+02
      vertex   -5.500000e+01 -1.463313e+01 -1.161891e+02
      vertex   -5.493540e+01 -1.266701e+01 -1.171946e+02
    endloop
  endfacet
  facet normal 1.992532e-03 4.552580e-01 8.903573e-01
    outer loop
      vertex   -5.493540e+01 -1.266701e+01 -1.171946e+02
      vertex   -5.500000e+01 -1.463313e+01 -1.161891e+02
      vertex   -4.500000e+01 -1.380631e+01 -1.166343e+02
    endloop
  endfacet
  facet normal -0.000000e+00 4.413207e-01 8.973494e-01
    outer loop
      vertex   -5.493540e+01 -1.266701e+01 -1.171946e+02
      vertex   -4.500000e+01 -1.380631e+01 -1.166343e+02
      vertex   -4.502409e+01 -1.266701e+01 -1.171946e+02
    endloop
  endfacet
  facet normal -6.509430e-14 4.413207e-01 8.973494e-01
    outer loop
      vertex   -4.502409e+01 -1.266701e+01 -1.171946e+02
      vertex   -4.500000e+01 -1.380631e+01 -1.166343e+02
      vertex   -4.500000e+01 -1.266701e+01 -1.171946e+02
    endloop
  endfacet
  facet normal -6.013019e-14 4.076655e-01 9.131313e-01
    outer loop
      vertex   -4.502409e+01 -1.266701e+01 -1.171946e+02
      vertex   -4.500000e+01 -1.266701e+01 -1.171946e+02
      vertex   -4.502409e+01 -1.178979e+01 -1.175862e+02
    endloop
  endfacet
  facet normal -3.041765e-01 3.813721e-01 8.729444e-01
    outer loop
      vertex   -4.502409e+01 -1.178979e+01 -1.175862e+02
      vertex   -4.500000e+01 -1.266701e+01 -1.171946e+02
      vertex   -4.500000e+01 -1.134659e+01 -1.177715e+02
    endloop
  endfacet
  facet normal 1.576616e-01 3.734894e-01 9.141381e-01
    outer loop
      vertex   -4.502409e+01 -1.178979e+01 -1.175862e+02
      vertex   -4.500000e+01 -1.134659e+01 -1.177715e+02
      vertex   -4.502409e+01 -1.090048e+01 -1.179496e+02
    endloop
  endfacet
  facet normal -3.041765e-01 3.390161e-01 8.902498e-01
    outer loop
      vertex   -4.502409e+01 -1.090048e+01 -1.179496e+02
      vertex   -4.500000e+01 -1.134659e+01 -1.177715e+02
      vertex   -4.500000e+01 -1.000000e+01 -1.182843e+02
    endloop
  endfacet
  facet normal 0.000000e+00 3.483861e-01 9.373511e-01
    outer loop
      vertex   -4.502409e+01 -1.090048e+01 -1.179496e+02
      vertex   -4.500000e+01 -1.000000e+01 -1.182843e+02
      vertex   -4.502409e+01 -1.000000e+01 -1.182843e+02
    endloop
  endfacet
  facet normal 1.022523e-01 4.502889e-01 8.870087e-01
    outer loop
      vertex   -5.495160e+01 -1.262531e+01 -1.172140e+02
      vertex   -5.496776e+01 -1.258358e+01 -1.172333e+02
      vertex   -5.500000e+01 -1.463313e+01 -1.161891e+02
    endloop
  endfacet
  facet normal 1.065896e-01 4.500280e-01 8.866304e-01
    outer loop
      vertex   -5.500000e+01 -1.463313e+01 -1.161891e+02
      vertex   -5.496776e+01 -1.258358e+01 -1.172333e+02
      vertex   -5.498390e+01 -1.254181e+01 -1.172526e+02
    endloop
  endfacet
  facet normal 1.110276e-01 4.497806e-01 8.862112e-01
    outer loop
      vertex   -5.500000e+01 -1.463313e+01 -1.161891e+02
      vertex   -5.498390e+01 -1.254181e+01 -1.172526e+02
      vertex   -5.500000e+01 -1.250000e+01 -1.172718e+02
    endloop
  endfacet
  facet normal 2.113260e-03 5.221868e-01 8.528285e-01
    outer loop
      vertex   -5.500000e+01 -1.667323e+01 -1.149400e+02
      vertex   -4.500000e+01 -1.600874e+01 -1.153716e+02
      vertex   -5.500000e+01 -1.463313e+01 -1.161891e+02
    endloop
  endfacet
  facet normal 8.818208e-04 5.156089e-01 8.568236e-01
    outer loop
      vertex   -5.500000e+01 -1.463313e+01 -1.161891e+02
      vertex   -4.500000e+01 -1.600874e+01 -1.153716e+02
      vertex   -4.500000e+01 -1.492089e+01 -1.160263e+02
    endloop
  endfacet
  facet normal -5.174825e-04 4.788937e-01 8.778727e-01
    outer loop
      vertex   -5.500000e+01 -1.463313e+01 -1.161891e+02
      vertex   -4.500000e+01 -1.492089e+01 -1.160263e+02
      vertex   -4.500000e+01 -1.380631e+01 -1.166343e+02
    endloop
  endfacet
  facet normal 1.879903e-03 5.884759e-01 8.085126e-01
    outer loop
      vertex   -5.500000e+01 -1.860731e+01 -1.135323e+02
      vertex   -4.500000e+01 -1.809652e+01 -1.139273e+02
      vertex   -5.500000e+01 -1.667323e+01 -1.149400e+02
    endloop
  endfacet
  facet normal 1.389625e-03 5.862047e-01 8.101618e-01
    outer loop
      vertex   -5.500000e+01 -1.667323e+01 -1.149400e+02
      vertex   -4.500000e+01 -1.809652e+01 -1.139273e+02
      vertex   -4.500000e+01 -1.706791e+01 -1.146716e+02
    endloop
  endfacet
  facet normal -6.303615e-04 5.514009e-01 8.342402e-01
    outer loop
      vertex   -5.500000e+01 -1.667323e+01 -1.149400e+02
      vertex   -4.500000e+01 -1.706791e+01 -1.146716e+02
      vertex   -4.500000e+01 -1.600874e+01 -1.153716e+02
    endloop
  endfacet
  facet normal -6.715307e-04 6.199594e-01 7.846336e-01
    outer loop
      vertex   -4.500000e+01 -1.809652e+01 -1.139273e+02
      vertex   -5.500000e+01 -1.860731e+01 -1.135323e+02
      vertex   -4.500000e+01 -1.909272e+01 -1.131402e+02
    endloop
  endfacet
  facet normal 1.839219e-03 6.510232e-01 7.590556e-01
    outer loop
      vertex   -4.500000e+01 -1.909272e+01 -1.131402e+02
      vertex   -5.500000e+01 -1.860731e+01 -1.135323e+02
      vertex   -5.500000e+01 -2.042309e+01 -1.119749e+02
    endloop
  endfacet
  facet normal 1.470979e-03 6.526027e-01 7.576988e-01
    outer loop
      vertex   -4.500000e+01 -1.909272e+01 -1.131402e+02
      vertex   -5.500000e+01 -2.042309e+01 -1.119749e+02
      vertex   -4.500000e+01 -2.005472e+01 -1.123116e+02
    endloop
  endfacet
  facet normal -6.409891e-04 6.840784e-01 7.294082e-01
    outer loop
      vertex   -4.500000e+01 -2.005472e+01 -1.123116e+02
      vertex   -5.500000e+01 -2.042309e+01 -1.119749e+02
      vertex   -4.500000e+01 -2.098080e+01 -1.114431e+02
    endloop
  endfacet
  facet normal 2.083202e-03 7.094308e-01 7.047720e-01
    outer loop
      vertex   -4.500000e+01 -2.098080e+01 -1.114431e+02
      vertex   -5.500000e+01 -2.042309e+01 -1.119749e+02
      vertex   -5.500000e+01 -2.210901e+01 -1.102779e+02
    endloop
  endfacet
  facet normal 9.525538e-04 7.143280e-01 6.998104e-01
    outer loop
      vertex   -4.500000e+01 -2.098080e+01 -1.114431e+02
      vertex   -5.500000e+01 -2.210901e+01 -1.102779e+02
      vertex   -4.500000e+01 -2.186930e+01 -1.105362e+02
    endloop
  endfacet
  facet normal -5.387373e-04 7.432986e-01 6.689595e-01
    outer loop
      vertex   -4.500000e+01 -2.186930e+01 -1.105362e+02
      vertex   -5.500000e+01 -2.210901e+01 -1.102779e+02
      vertex   -4.500000e+01 -2.271864e+01 -1.095924e+02
    endloop
  endfacet
  facet normal 2.255482e-03 7.633277e-01 6.460075e-01
    outer loop
      vertex   -4.500000e+01 -2.271864e+01 -1.095924e+02
      vertex   -5.500000e+01 -2.210901e+01 -1.102779e+02
      vertex   -5.500000e+01 -2.365436e+01 -1.084519e+02
    endloop
  endfacet
  facet normal 5.058003e-04 7.709377e-01 6.369103e-01
    outer loop
      vertex   -4.500000e+01 -2.271864e+01 -1.095924e+02
      vertex   -5.500000e+01 -2.365436e+01 -1.084519e+02
      vertex   -4.500000e+01 -2.352728e+01 -1.086136e+02
    endloop
  endfacet
  facet normal -3.647777e-04 7.971961e-01 6.037204e-01
    outer loop
      vertex   -4.500000e+01 -2.352728e+01 -1.086136e+02
      vertex   -5.500000e+01 -2.365436e+01 -1.084519e+02
      vertex   -4.500000e+01 -2.429378e+01 -1.076015e+02
    endloop
  endfacet
  facet normal 2.356055e-03 8.123714e-01 5.831357e-01
    outer loop
      vertex   -4.500000e+01 -2.429378e+01 -1.076015e+02
      vertex   -5.500000e+01 -2.365436e+01 -1.084519e+02
      vertex   -5.500000e+01 -2.504931e+01 -1.065086e+02
    endloop
  endfacet
  facet normal 1.307293e-04 8.220266e-01 5.694491e-01
    outer loop
      vertex   -4.500000e+01 -2.429378e+01 -1.076015e+02
      vertex   -5.500000e+01 -2.504931e+01 -1.065086e+02
      vertex   -4.500000e+01 -2.501677e+01 -1.065578e+02
    endloop
  endfacet
  facet normal -1.191146e-04 8.453847e-01 5.341579e-01
    outer loop
      vertex   -4.500000e+01 -2.501677e+01 -1.065578e+02
      vertex   -5.500000e+01 -2.504931e+01 -1.065086e+02
      vertex   -4.500000e+01 -2.569496e+01 -1.054845e+02
    endloop
  endfacet
  facet normal 2.384918e-03 8.562499e-01 5.165563e-01
    outer loop
      vertex   -4.500000e+01 -2.569496e+01 -1.054845e+02
      vertex   -5.500000e+01 -2.504931e+01 -1.065086e+02
      vertex   -5.500000e+01 -2.628499e+01 -1.044603e+02
    endloop
  endfacet
  facet normal -1.726501e-04 8.672287e-01 4.979099e-01
    outer loop
      vertex   -4.500000e+01 -2.569496e+01 -1.054845e+02
      vertex   -5.500000e+01 -2.628499e+01 -1.044603e+02
      vertex   -4.500000e+01 -2.632712e+01 -1.043834e+02
    endloop
  endfacet
  facet normal 1.982462e-04 8.875194e-01 4.607702e-01
    outer loop
      vertex   -4.500000e+01 -2.632712e+01 -1.043834e+02
      vertex   -5.500000e+01 -2.628499e+01 -1.044603e+02
      vertex   -4.500000e+01 -2.691213e+01 -1.032566e+02
    endloop
  endfacet
  facet normal 2.342070e-03 8.946844e-01 4.466926e-01
    outer loop
      vertex   -4.500000e+01 -2.691213e+01 -1.032566e+02
      vertex   -5.500000e+01 -2.628499e+01 -1.044603e+02
      vertex   -5.500000e+01 -2.735354e+01 -1.023200e+02
    endloop
  endfacet
  facet normal -4.043305e-04 9.062205e-01 4.228052e-01
    outer loop
      vertex   -4.500000e+01 -2.691213e+01 -1.032566e+02
      vertex   -5.500000e+01 -2.735354e+01 -1.023200e+02
      vertex   -4.500000e+01 -2.744893e+01 -1.021060e+02
    endloop
  endfacet
  facet normal 5.872970e-04 9.232984e-01 3.840829e-01
    outer loop
      vertex   -4.500000e+01 -2.744893e+01 -1.021060e+02
      vertex   -5.500000e+01 -2.735354e+01 -1.023200e+02
      vertex   -4.500000e+01 -2.793658e+01 -1.009338e+02
    endloop
  endfacet
  facet normal 2.227514e-03 9.274305e-01 3.739888e-01
    outer loop
      vertex   -4.500000e+01 -2.793658e+01 -1.009338e+02
      vertex   -5.500000e+01 -2.735354e+01 -1.023200e+02
      vertex   -5.500000e+01 -2.824818e+01 -1.001015e+02
    endloop
  endfacet
  facet normal -5.643063e-04 9.387228e-01 3.446727e-01
    outer loop
      vertex   -4.500000e+01 -2.793658e+01 -1.009338e+02
      vertex   -5.500000e+01 -2.824818e+01 -1.001015e+02
      vertex   -4.500000e+01 -2.837419e+01 -9.974195e+01
    endloop
  endfacet
  facet normal 1.048028e-03 9.524654e-01 3.046450e-01
    outer loop
      vertex   -4.500000e+01 -2.837419e+01 -9.974195e+01
      vertex   -5.500000e+01 -2.824818e+01 -1.001015e+02
      vertex   -4.500000e+01 -2.876097e+01 -9.853267e+01
    endloop
  endfacet
  facet normal 2.041250e-03 9.542800e-01 2.989072e-01
    outer loop
      vertex   -4.500000e+01 -2.876097e+01 -9.853267e+01
      vertex   -5.500000e+01 -2.824818e+01 -1.001015e+02
      vertex   -5.500000e+01 -2.896321e+01 -9.781871e+01
    endloop
  endfacet
  facet normal -6.525738e-04 9.645028e-01 2.640720e-01
    outer loop
      vertex   -4.500000e+01 -2.876097e+01 -9.853267e+01
      vertex   -5.500000e+01 -2.896321e+01 -9.781871e+01
      vertex   -4.500000e+01 -2.909625e+01 -9.730810e+01
    endloop
  endfacet
  facet normal 1.580428e-03 9.748113e-01 2.230256e-01
    outer loop
      vertex   -4.500000e+01 -2.909625e+01 -9.730810e+01
      vertex   -5.500000e+01 -2.896321e+01 -9.781871e+01
      vertex   -4.500000e+01 -2.937941e+01 -9.607045e+01
    endloop
  endfacet
  facet normal 1.783284e-03 9.750621e-01 2.219250e-01
    outer loop
      vertex   -4.500000e+01 -2.937941e+01 -9.607045e+01
      vertex   -5.500000e+01 -2.896321e+01 -9.781871e+01
      vertex   -5.500000e+01 -2.949409e+01 -9.548622e+01
    endloop
  endfacet
  facet normal -6.691309e-04 9.833759e-01 1.815802e-01
    outer loop
      vertex   -4.500000e+01 -2.937941e+01 -9.607045e+01
      vertex   -5.500000e+01 -2.949409e+01 -9.548622e+01
      vertex   -4.500000e+01 -2.960995e+01 -9.482193e+01
    endloop
  endfacet
  facet normal 1.931038e-03 9.896439e-01 1.435316e-01
    outer loop
      vertex   -4.500000e+01 -2.960995e+01 -9.482193e+01
      vertex   -5.500000e+01 -2.949409e+01 -9.548622e+01
      vertex   -5.500000e+01 -2.983744e+01 -9.311884e+01
    endloop
  endfacet
  facet normal 1.284971e-03 9.901776e-01 1.398093e-01
    outer loop
      vertex   -4.500000e+01 -2.960995e+01 -9.482193e+01
      vertex   -5.500000e+01 -2.983744e+01 -9.311884e+01
      vertex   -4.500000e+01 -2.978745e+01 -9.356476e+01
    endloop
  endfacet
  facet normal -6.139772e-04 9.952071e-01 9.778819e-02
    outer loop
      vertex   -4.500000e+01 -2.978745e+01 -9.356476e+01
      vertex   -5.500000e+01 -2.983744e+01 -9.311884e+01
      vertex   -4.500000e+01 -2.991161e+01 -9.230122e+01
    endloop
  endfacet
  facet normal 2.150413e-03 9.979331e-01 6.422555e-02
    outer loop
      vertex   -4.500000e+01 -2.991161e+01 -9.230122e+01
      vertex   -5.500000e+01 -2.983744e+01 -9.311884e+01
      vertex   -5.500000e+01 -2.999108e+01 -9.073164e+01
    endloop
  endfacet
  facet normal 7.911434e-04 9.984533e-01 5.559181e-02
    outer loop
      vertex   -4.500000e+01 -2.991161e+01 -9.230122e+01
      vertex   -5.500000e+01 -2.999108e+01 -9.073164e+01
      vertex   -4.500000e+01 -2.998219e+01 -9.103355e+01
    endloop
  endfacet
  facet normal -4.871140e-04 9.999115e-01 1.329587e-02
    outer loop
      vertex   -4.500000e+01 -2.998219e+01 -9.103355e+01
      vertex   -5.500000e+01 -2.999108e+01 -9.073164e+01
      vertex   -4.500000e+01 -2.999907e+01 -8.976403e+01
    endloop
  endfacet
  facet normal 2.298082e-03 9.998774e-01 -1.548873e-02
    outer loop
      vertex   -4.500000e+01 -2.999907e+01 -8.976403e+01
      vertex   -5.500000e+01 -2.999108e+01 -9.073164e+01
      vertex   -5.500000e+01 -2.995403e+01 -8.833978e+01
    endloop
  endfacet
  facet normal 3.689912e-04 9.995786e-01 -2.902389e-02
    outer loop
      vertex   -4.500000e+01 -2.999907e+01 -8.976403e+01
      vertex   -5.500000e+01 -2.995403e+01 -8.833978e+01
      vertex   -4.500000e+01 -2.996222e+01 -8.849493e+01
    endloop
  endfacet
  facet normal -2.885443e-04 9.974555e-01 -7.129167e-02
    outer loop
      vertex   -4.500000e+01 -2.996222e+01 -8.849493e+01
      vertex   -5.500000e+01 -2.995403e+01 -8.833978e+01
      vertex   -4.500000e+01 -2.987171e+01 -8.722853e+01
    endloop
  endfacet
  facet normal 2.374043e-03 9.954645e-01 -9.510450e-02
    outer loop
      vertex   -4.500000e+01 -2.987171e+01 -8.722853e+01
      vertex   -5.500000e+01 -2.995403e+01 -8.833978e+01
      vertex   -5.500000e+01 -2.972652e+01 -8.595847e+01
    endloop
  endfacet
  facet normal 1.852473e-05 9.935458e-01 -1.134318e-01
    outer loop
      vertex   -4.500000e+01 -2.987171e+01 -8.722853e+01
      vertex   -5.500000e+01 -2.972652e+01 -8.595847e+01
      vertex   -4.500000e+01 -2.972769e+01 -8.596709e+01
    endloop
  endfacet
  facet normal -1.827278e-05 9.878566e-01 -1.553687e-01
    outer loop
      vertex   -4.500000e+01 -2.972769e+01 -8.596709e+01
      vertex   -5.500000e+01 -2.972652e+01 -8.595847e+01
      vertex   -4.500000e+01 -2.953043e+01 -8.471288e+01
    endloop
  endfacet
  facet normal 2.378294e-03 9.847224e-01 -1.741156e-01
    outer loop
      vertex   -4.500000e+01 -2.953043e+01 -8.471288e+01
      vertex   -5.500000e+01 -2.972652e+01 -8.595847e+01
      vertex   -5.500000e+01 -2.931001e+01 -8.360287e+01
    endloop
  endfacet
  facet normal -2.602473e-04 9.803980e-01 -1.970273e-01
    outer loop
      vertex   -4.500000e+01 -2.953043e+01 -8.471288e+01
      vertex   -5.500000e+01 -2.931001e+01 -8.360287e+01
      vertex   -4.500000e+01 -2.928028e+01 -8.346813e+01
    endloop
  endfacet
  facet normal 3.236940e-04 9.711834e-01 -2.383331e-01
    outer loop
      vertex   -4.500000e+01 -2.928028e+01 -8.346813e+01
      vertex   -5.500000e+01 -2.931001e+01 -8.360287e+01
      vertex   -4.500000e+01 -2.897768e+01 -8.223508e+01
    endloop
  endfacet
  facet normal 2.310835e-03 9.677194e-01 -2.520196e-01
    outer loop
      vertex   -4.500000e+01 -2.897768e+01 -8.223508e+01
      vertex   -5.500000e+01 -2.931001e+01 -8.360287e+01
      vertex   -5.500000e+01 -2.870714e+01 -8.128794e+01
    endloop
  endfacet
  facet normal -4.673183e-04 9.602294e-01 -2.792120e-01
    outer loop
      vertex   -4.500000e+01 -2.897768e+01 -8.223508e+01
      vertex   -5.500000e+01 -2.870714e+01 -8.128794e+01
      vertex   -4.500000e+01 -2.862319e+01 -8.101595e+01
    endloop
  endfacet
  facet normal 7.373477e-04 9.475554e-01 -3.195907e-01
    outer loop
      vertex   -4.500000e+01 -2.862319e+01 -8.101595e+01
      vertex   -5.500000e+01 -2.870714e+01 -8.128794e+01
      vertex   -4.500000e+01 -2.821742e+01 -7.981290e+01
    endloop
  endfacet
  facet normal 2.171667e-03 9.445636e-01 -3.283214e-01
    outer loop
      vertex   -4.500000e+01 -2.821742e+01 -7.981290e+01
      vertex   -5.500000e+01 -2.870714e+01 -8.128794e+01
      vertex   -5.500000e+01 -2.792175e+01 -7.902840e+01
    endloop
  endfacet
  facet normal -6.026832e-04 9.331845e-01 -3.593971e-01
    outer loop
      vertex   -4.500000e+01 -2.821742e+01 -7.981290e+01
      vertex   -5.500000e+01 -2.792175e+01 -7.902840e+01
      vertex   -4.500000e+01 -2.776112e+01 -7.862810e+01
    endloop
  endfacet
  facet normal 1.222678e-03 9.171416e-01 -3.985596e-01
    outer loop
      vertex   -4.500000e+01 -2.776112e+01 -7.862810e+01
      vertex   -5.500000e+01 -2.792175e+01 -7.902840e+01
      vertex   -4.500000e+01 -2.725510e+01 -7.746366e+01
    endloop
  endfacet
  facet normal 1.960794e-03 9.154022e-01 -4.025357e-01
    outer loop
      vertex   -4.500000e+01 -2.725510e+01 -7.746366e+01
      vertex   -5.500000e+01 -2.792175e+01 -7.902840e+01
      vertex   -5.500000e+01 -2.695882e+01 -7.683862e+01
    endloop
  endfacet
  facet normal -6.663388e-04 8.994571e-01 -4.370086e-01
    outer loop
      vertex   -4.500000e+01 -2.725510e+01 -7.746366e+01
      vertex   -5.500000e+01 -2.695882e+01 -7.683862e+01
      vertex   -4.500000e+01 -2.670026e+01 -7.632168e+01
    endloop
  endfacet
  facet normal 1.747946e-03 8.804204e-01 -4.741907e-01
    outer loop
      vertex   -4.500000e+01 -2.670026e+01 -7.632168e+01
      vertex   -5.500000e+01 -2.695882e+01 -7.683862e+01
      vertex   -5.500000e+01 -2.582449e+01 -7.473252e+01
    endloop
  endfacet
  facet normal 1.648301e-03 8.801600e-01 -4.746742e-01
    outer loop
      vertex   -4.500000e+01 -2.670026e+01 -7.632168e+01
      vertex   -5.500000e+01 -2.582449e+01 -7.473252e+01
      vertex   -4.500000e+01 -2.609759e+01 -7.520420e+01
    endloop
  endfacet
  facet normal -6.582838e-04 8.592886e-01 -5.114907e-01
    outer loop
      vertex   -4.500000e+01 -2.609759e+01 -7.520420e+01
      vertex   -5.500000e+01 -2.582449e+01 -7.473252e+01
      vertex   -4.500000e+01 -2.544819e+01 -7.411322e+01
    endloop
  endfacet
  facet normal 2.014412e-03 8.398400e-01 -5.428302e-01
    outer loop
      vertex   -4.500000e+01 -2.544819e+01 -7.411322e+01
      vertex   -5.500000e+01 -2.582449e+01 -7.473252e+01
      vertex   -5.500000e+01 -2.452595e+01 -7.272350e+01
    endloop
  endfacet
  facet normal 1.107405e-03 8.368767e-01 -5.473903e-01
    outer loop
      vertex   -4.500000e+01 -2.544819e+01 -7.411322e+01
      vertex   -5.500000e+01 -2.452595e+01 -7.272350e+01
      vertex   -4.500000e+01 -2.475320e+01 -7.305070e+01
    endloop
  endfacet
  facet normal -5.785182e-04 8.129667e-01 -5.823099e-01
    outer loop
      vertex   -4.500000e+01 -2.475320e+01 -7.305070e+01
      vertex   -5.500000e+01 -2.452595e+01 -7.272350e+01
      vertex   -4.500000e+01 -2.401388e+01 -7.201853e+01
    endloop
  endfacet
  facet normal 2.209177e-03 7.939199e-01 -6.080183e-01
    outer loop
      vertex   -4.500000e+01 -2.401388e+01 -7.201853e+01
      vertex   -5.500000e+01 -2.452595e+01 -7.272350e+01
      vertex   -5.500000e+01 -2.307148e+01 -7.082432e+01
    endloop
  endfacet
  facet normal 6.381761e-04 7.876002e-01 -6.161863e-01
    outer loop
      vertex   -4.500000e+01 -2.401388e+01 -7.201853e+01
      vertex   -5.500000e+01 -2.307148e+01 -7.082432e+01
      vertex   -4.500000e+01 -2.323155e+01 -7.101856e+01
    endloop
  endfacet
  facet normal -4.270440e-04 7.608231e-01 -6.489592e-01
    outer loop
      vertex   -4.500000e+01 -2.323155e+01 -7.101856e+01
      vertex   -5.500000e+01 -2.307148e+01 -7.082432e+01
      vertex   -4.500000e+01 -2.240761e+01 -7.005260e+01
    endloop
  endfacet
  facet normal 2.332235e-03 7.429520e-01 -6.693406e-01
    outer loop
      vertex   -4.500000e+01 -2.240761e+01 -7.005260e+01
      vertex   -5.500000e+01 -2.307148e+01 -7.082432e+01
      vertex   -5.500000e+01 -2.147032e+01 -6.904707e+01
    endloop
  endfacet
  facet normal 2.406263e-04 7.326833e-01 -6.805697e-01
    outer loop
      vertex   -4.500000e+01 -2.240761e+01 -7.005260e+01
      vertex   -5.500000e+01 -2.147032e+01 -6.904707e+01
      vertex   -4.500000e+01 -2.154354e+01 -6.912236e+01
    endloop
  endfacet
  facet normal -2.038646e-04 7.032312e-01 -7.109613e-01
    outer loop
      vertex   -4.500000e+01 -2.154354e+01 -6.912236e+01
      vertex   -5.500000e+01 -2.147032e+01 -6.904707e+01
      vertex   -4.500000e+01 -2.064088e+01 -6.822952e+01
    endloop
  endfacet
  facet normal 2.383585e-03 6.872605e-01 -7.264072e-01
    outer loop
      vertex   -4.500000e+01 -2.064088e+01 -6.822952e+01
      vertex   -5.500000e+01 -2.147032e+01 -6.904707e+01
      vertex   -5.500000e+01 -1.973264e+01 -6.740303e+01
    endloop
  endfacet
  facet normal -8.523453e-05 6.725195e-01 -7.400794e-01
    outer loop
      vertex   -4.500000e+01 -2.064088e+01 -6.822952e+01
      vertex   -5.500000e+01 -1.973264e+01 -6.740303e+01
      vertex   -4.500000e+01 -1.970125e+01 -6.737566e+01
    endloop
  endfacet
  facet normal 9.101445e-05 6.406033e-01 -7.678720e-01
    outer loop
      vertex   -4.500000e+01 -1.970125e+01 -6.737566e+01
      vertex   -5.500000e+01 -1.973264e+01 -6.740303e+01
      vertex   -4.500000e+01 -1.872634e+01 -6.656233e+01
    endloop
  endfacet
  facet normal 2.363224e-03 6.271993e-01 -7.788552e-01
    outer loop
      vertex   -4.500000e+01 -1.872634e+01 -6.656233e+01
      vertex   -5.500000e+01 -1.973264e+01 -6.740303e+01
      vertex   -5.500000e+01 -1.786950e+01 -6.590268e+01
    endloop
  endfacet
  facet normal -3.393985e-04 6.075397e-01 -7.942893e-01
    outer loop
      vertex   -4.500000e+01 -1.872634e+01 -6.656233e+01
      vertex   -5.500000e+01 -1.786950e+01 -6.590268e+01
      vertex   -4.500000e+01 -1.771788e+01 -6.579098e+01
    endloop
  endfacet
  facet normal 4.575861e-04 5.733879e-01 -8.192839e-01
    outer loop
      vertex   -4.500000e+01 -1.771788e+01 -6.579098e+01
      vertex   -5.500000e+01 -1.786950e+01 -6.590268e+01
      vertex   -4.500000e+01 -1.667769e+01 -6.506299e+01
    endloop
  endfacet
  facet normal 2.271153e-03 5.631504e-01 -8.263513e-01
    outer loop
      vertex   -4.500000e+01 -1.667769e+01 -6.506299e+01
      vertex   -5.500000e+01 -1.786950e+01 -6.590268e+01
      vertex   -5.500000e+01 -1.589274e+01 -6.455554e+01
    endloop
  endfacet
  facet normal -5.218594e-04 5.382092e-01 -8.428111e-01
    outer loop
      vertex   -4.500000e+01 -1.667769e+01 -6.506299e+01
      vertex   -5.500000e+01 -1.589274e+01 -6.455554e+01
      vertex   -4.500000e+01 -1.560763e+01 -6.437966e+01
    endloop
  endfacet
  facet normal 8.958415e-04 5.020664e-01 -8.648286e-01
    outer loop
      vertex   -4.500000e+01 -1.560763e+01 -6.437966e+01
      vertex   -5.500000e+01 -1.589274e+01 -6.455554e+01
      vertex   -4.500000e+01 -1.450962e+01 -6.374222e+01
    endloop
  endfacet
  facet normal 2.107374e-03 4.955209e-01 -8.685935e-01
    outer loop
      vertex   -4.500000e+01 -1.450962e+01 -6.374222e+01
      vertex   -5.500000e+01 -1.589274e+01 -6.455554e+01
      vertex   -5.500000e+01 -1.381494e+01 -6.337018e+01
    endloop
  endfacet
  facet normal -6.326130e-04 4.650246e-01 -8.852975e-01
    outer loop
      vertex   -4.500000e+01 -1.450962e+01 -6.374222e+01
      vertex   -5.500000e+01 -1.381494e+01 -6.337018e+01
      vertex   -4.500000e+01 -1.338562e+01 -6.315181e+01
    endloop
  endfacet
  facet normal 1.405770e-03 4.271495e-01 -9.041799e-01
    outer loop
      vertex   -4.500000e+01 -1.338562e+01 -6.315181e+01
      vertex   -5.500000e+01 -1.381494e+01 -6.337018e+01
      vertex   -4.500000e+01 -1.223764e+01 -6.260949e+01
    endloop
  endfacet
  facet normal 1.871892e-03 4.247407e-01 -9.053131e-01
    outer loop
      vertex   -4.500000e+01 -1.223764e+01 -6.260949e+01
      vertex   -5.500000e+01 -1.381494e+01 -6.337018e+01
      vertex   -5.500000e+01 -1.164929e+01 -6.235413e+01
    endloop
  endfacet
  facet normal -6.716567e-04 3.885099e-01 -9.214443e-01
    outer loop
      vertex   -4.500000e+01 -1.223764e+01 -6.260949e+01
      vertex   -5.500000e+01 -1.164929e+01 -6.235413e+01
      vertex   -4.500000e+01 -1.106774e+01 -6.211622e+01
    endloop
  endfacet
  facet normal 1.847482e-03 3.512598e-01 -9.362762e-01
    outer loop
      vertex   -4.500000e+01 -1.106774e+01 -6.211622e+01
      vertex   -5.500000e+01 -1.164929e+01 -6.235413e+01
      vertex   -5.500000e+01 -9.409578e+00 -6.151387e+01
    endloop
  endfacet
  facet normal 1.454582e-03 3.491739e-01 -9.370568e-01
    outer loop
      vertex   -4.500000e+01 -1.106774e+01 -6.211622e+01
      vertex   -5.500000e+01 -9.409578e+00 -6.151387e+01
      vertex   -4.500000e+01 -9.878024e+00 -6.167290e+01
    endloop
  endfacet
  facet normal -6.389895e-04 3.092131e-01 -9.509926e-01
    outer loop
      vertex   -4.500000e+01 -9.878024e+00 -6.167290e+01
      vertex   -5.500000e+01 -9.409578e+00 -6.151387e+01
      vertex   -4.500000e+01 -8.670613e+00 -6.128031e+01
    endloop
  endfacet
  facet normal 2.089340e-03 2.755454e-01 -9.612858e-01
    outer loop
      vertex   -4.500000e+01 -8.670613e+00 -6.128031e+01
      vertex   -5.500000e+01 -9.409578e+00 -6.151387e+01
      vertex   -5.500000e+01 -7.110037e+00 -6.085472e+01
    endloop
  endfacet
  facet normal 9.382812e-04 2.686981e-01 -9.632240e-01
    outer loop
      vertex   -4.500000e+01 -8.670613e+00 -6.128031e+01
      vertex   -5.500000e+01 -7.110037e+00 -6.085472e+01
      vertex   -4.500000e+01 -7.447672e+00 -6.093916e+01
    endloop
  endfacet
  facet normal -5.346123e-04 2.277020e-01 -9.737307e-01
    outer loop
      vertex   -4.500000e+01 -7.447672e+00 -6.093916e+01
      vertex   -5.500000e+01 -7.110037e+00 -6.085472e+01
      vertex   -4.500000e+01 -6.211392e+00 -6.065007e+01
    endloop
  endfacet
  facet normal 2.259494e-03 1.980791e-01 -9.801834e-01
    outer loop
      vertex   -4.500000e+01 -6.211392e+00 -6.065007e+01
      vertex   -5.500000e+01 -7.110037e+00 -6.085472e+01
      vertex   -5.500000e+01 -4.765290e+00 -6.038088e+01
    endloop
  endfacet
  facet normal 4.936523e-04 1.862980e-01 -9.824932e-01
    outer loop
      vertex   -4.500000e+01 -6.211392e+00 -6.065007e+01
      vertex   -5.500000e+01 -4.765290e+00 -6.038088e+01
      vertex   -4.500000e+01 -4.963987e+00 -6.041354e+01
    endloop
  endfacet
  facet normal -3.585274e-04 1.445603e-01 -9.894959e-01
    outer loop
      vertex   -4.500000e+01 -4.963987e+00 -6.041354e+01
      vertex   -5.500000e+01 -4.765290e+00 -6.038088e+01
      vertex   -4.500000e+01 -3.707691e+00 -6.023000e+01
    endloop
  endfacet
  facet normal 2.357942e-03 1.193535e-01 -9.928490e-01
    outer loop
      vertex   -4.500000e+01 -3.707691e+00 -6.023000e+01
      vertex   -5.500000e+01 -4.765290e+00 -6.038088e+01
      vertex   -5.500000e+01 -2.390244e+00 -6.009537e+01
    endloop
  endfacet
  facet normal 1.207061e-04 1.025637e-01 -9.947264e-01
    outer loop
      vertex   -4.500000e+01 -3.707691e+00 -6.023000e+01
      vertex   -5.500000e+01 -2.390244e+00 -6.009537e+01
      vertex   -4.500000e+01 -2.444754e+00 -6.009978e+01
    endloop
  endfacet
  facet normal -1.107391e-04 6.038339e-02 -9.981753e-01
    outer loop
      vertex   -4.500000e+01 -2.444754e+00 -6.009978e+01
      vertex   -5.500000e+01 -2.390244e+00 -6.009537e+01
      vertex   -4.500000e+01 -1.177438e+00 -6.002311e+01
    endloop
  endfacet
  facet normal 2.384679e-03 3.986898e-02 -9.992021e-01
    outer loop
      vertex   -4.500000e+01 -1.177438e+00 -6.002311e+01
      vertex   -5.500000e+01 -2.390244e+00 -6.009537e+01
      vertex   -5.500000e+01 -4.777979e-14 -6.000000e+01
    endloop
  endfacet
  facet normal -1.805482e-04 1.809492e-02 -9.998363e-01
    outer loop
      vertex   -4.500000e+01 -1.177438e+00 -6.002311e+01
      vertex   -5.500000e+01 -4.777979e-14 -6.000000e+01
      vertex   -4.500000e+01 9.198608e-02 -6.000014e+01
    endloop
  endfacet
  facet normal 2.087468e-04 -2.422595e-02 -9.997065e-01
    outer loop
      vertex   -4.500000e+01 9.198608e-02 -6.000014e+01
      vertex   -5.500000e+01 -4.777979e-14 -6.000000e+01
      vertex   -4.500000e+01 1.361246e+00 -6.003090e+01
    endloop
  endfacet
  facet normal 2.339706e-03 -3.986899e-02 -9.992022e-01
    outer loop
      vertex   -4.500000e+01 1.361246e+00 -6.003090e+01
      vertex   -5.500000e+01 -4.777979e-14 -6.000000e+01
      vertex   -5.500000e+01 2.390244e+00 -6.009537e+01
    endloop
  endfacet
  facet normal -4.101033e-04 -6.650343e-02 -9.977861e-01
    outer loop
      vertex   -4.500000e+01 1.361246e+00 -6.003090e+01
      vertex   -5.500000e+01 2.390244e+00 -6.009537e+01
      vertex   -4.500000e+01 2.628067e+00 -6.011533e+01
    endloop
  endfacet
  facet normal 5.999223e-04 -1.086618e-01 -9.940786e-01
    outer loop
      vertex   -4.500000e+01 2.628067e+00 -6.011533e+01
      vertex   -5.500000e+01 2.390244e+00 -6.009537e+01
      vertex   -4.500000e+01 3.890182e+00 -6.025329e+01
    endloop
  endfacet
  facet normal 2.223024e-03 -1.193535e-01 -9.928493e-01
    outer loop
      vertex   -4.500000e+01 3.890182e+00 -6.025329e+01
      vertex   -5.500000e+01 2.390244e+00 -6.009537e+01
      vertex   -5.500000e+01 4.765290e+00 -6.038088e+01
    endloop
  endfacet
  facet normal -5.679538e-04 -1.506255e-01 -9.885907e-01
    outer loop
      vertex   -4.500000e+01 3.890182e+00 -6.025329e+01
      vertex   -5.500000e+01 4.765290e+00 -6.038088e+01
      vertex   -4.500000e+01 5.145329e+00 -6.044453e+01
    endloop
  endfacet
  facet normal 1.062778e-03 -1.923194e-01 -9.813318e-01
    outer loop
      vertex   -4.500000e+01 5.145329e+00 -6.044453e+01
      vertex   -5.500000e+01 4.765290e+00 -6.038088e+01
      vertex   -4.500000e+01 6.391260e+00 -6.068871e+01
    endloop
  endfacet
  facet normal 2.034635e-03 -1.980792e-01 -9.801839e-01
    outer loop
      vertex   -4.500000e+01 6.391260e+00 -6.068871e+01
      vertex   -5.500000e+01 4.765290e+00 -6.038088e+01
      vertex   -5.500000e+01 7.110037e+00 -6.085472e+01
    endloop
  endfacet
  facet normal -6.540958e-04 -2.336690e-01 -9.723160e-01
    outer loop
      vertex   -4.500000e+01 6.391260e+00 -6.068871e+01
      vertex   -5.500000e+01 7.110037e+00 -6.085472e+01
      vertex   -4.500000e+01 7.625744e+00 -6.098538e+01
    endloop
  endfacet
  facet normal 1.597302e-03 -2.745997e-01 -9.615573e-01
    outer loop
      vertex   -4.500000e+01 7.625744e+00 -6.098538e+01
      vertex   -5.500000e+01 7.110037e+00 -6.085472e+01
      vertex   -4.500000e+01 8.846570e+00 -6.133402e+01
    endloop
  endfacet
  facet normal 1.774544e-03 -2.755456e-01 -9.612864e-01
    outer loop
      vertex   -4.500000e+01 8.846570e+00 -6.133402e+01
      vertex   -5.500000e+01 7.110037e+00 -6.085472e+01
      vertex   -5.500000e+01 9.409578e+00 -6.151387e+01
    endloop
  endfacet
  facet normal -6.685274e-04 -3.150391e-01 -9.490784e-01
    outer loop
      vertex   -4.500000e+01 8.846570e+00 -6.133402e+01
      vertex   -5.500000e+01 9.409578e+00 -6.151387e+01
      vertex   -4.500000e+01 1.005155e+01 -6.173401e+01
    endloop
  endfacet
  facet normal 1.938572e-03 -3.512598e-01 -9.362760e-01
    outer loop
      vertex   -4.500000e+01 1.005155e+01 -6.173401e+01
      vertex   -5.500000e+01 9.409578e+00 -6.151387e+01
      vertex   -5.500000e+01 1.164929e+01 -6.235413e+01
    endloop
  endfacet
  facet normal 1.269303e-03 -3.549138e-01 -9.348982e-01
    outer loop
      vertex   -4.500000e+01 1.005155e+01 -6.173401e+01
      vertex   -5.500000e+01 1.164929e+01 -6.235413e+01
      vertex   -4.500000e+01 1.123853e+01 -6.218462e+01
    endloop
  endfacet
  facet normal -6.112482e-04 -3.941533e-01 -9.190445e-01
    outer loop
      vertex   -4.500000e+01 1.123853e+01 -6.218462e+01
      vertex   -5.500000e+01 1.164929e+01 -6.235413e+01
      vertex   -4.500000e+01 1.240538e+01 -6.268505e+01
    endloop
  endfacet
  facet normal 2.155821e-03 -4.247405e-01 -9.053126e-01
    outer loop
      vertex   -4.500000e+01 1.240538e+01 -6.268505e+01
      vertex   -5.500000e+01 1.164929e+01 -6.235413e+01
      vertex   -5.500000e+01 1.381494e+01 -6.337018e+01
    endloop
  endfacet
  facet normal 7.776000e-04 -4.326865e-01 -9.015441e-01
    outer loop
      vertex   -4.500000e+01 1.240538e+01 -6.268505e+01
      vertex   -5.500000e+01 1.381494e+01 -6.337018e+01
      vertex   -4.500000e+01 1.355001e+01 -6.323440e+01
    endloop
  endfacet
  facet normal -4.822595e-04 -4.704449e-01 -8.824293e-01
    outer loop
      vertex   -4.500000e+01 1.355001e+01 -6.323440e+01
      vertex   -5.500000e+01 1.381494e+01 -6.337018e+01
      vertex   -4.500000e+01 1.467037e+01 -6.383169e+01
    endloop
  endfacet
  facet normal 2.301365e-03 -4.955206e-01 -8.685931e-01
    outer loop
      vertex   -4.500000e+01 1.467037e+01 -6.383169e+01
      vertex   -5.500000e+01 1.381494e+01 -6.337018e+01
      vertex   -5.500000e+01 1.589274e+01 -6.455554e+01
    endloop
  endfacet
  facet normal 3.575724e-04 -5.073606e-01 -8.617338e-01
    outer loop
      vertex   -4.500000e+01 1.467037e+01 -6.383169e+01
      vertex   -5.500000e+01 1.589274e+01 -6.455554e+01
      vertex   -4.500000e+01 1.576445e+01 -6.447585e+01
    endloop
  endfacet
  facet normal -2.815645e-04 -5.433676e-01 -8.394949e-01
    outer loop
      vertex   -4.500000e+01 1.576445e+01 -6.447585e+01
      vertex   -5.500000e+01 1.589274e+01 -6.455554e+01
      vertex   -4.500000e+01 1.683030e+01 -6.516573e+01
    endloop
  endfacet
  facet normal 2.375201e-03 -5.631502e-01 -8.263511e-01
    outer loop
      vertex   -4.500000e+01 1.683030e+01 -6.516573e+01
      vertex   -5.500000e+01 1.589274e+01 -6.455554e+01
      vertex   -5.500000e+01 1.786950e+01 -6.590268e+01
    endloop
  endfacet
  facet normal 9.230872e-06 -5.784014e-01 -8.157523e-01
    outer loop
      vertex   -4.500000e+01 1.683030e+01 -6.516573e+01
      vertex   -5.500000e+01 1.786950e+01 -6.590268e+01
      vertex   -4.500000e+01 1.786601e+01 -6.590009e+01
    endloop
  endfacet
  facet normal -9.167885e-06 -6.123992e-01 -7.905487e-01
    outer loop
      vertex   -4.500000e+01 1.786601e+01 -6.590009e+01
      vertex   -5.500000e+01 1.786950e+01 -6.590268e+01
      vertex   -4.500000e+01 1.886971e+01 -6.667761e+01
    endloop
  endfacet
  facet normal 2.377326e-03 -6.271993e-01 -7.788552e-01
    outer loop
      vertex   -4.500000e+01 1.886971e+01 -6.667761e+01
      vertex   -5.500000e+01 1.786950e+01 -6.590268e+01
      vertex   -5.500000e+01 1.973264e+01 -6.740303e+01
    endloop
  endfacet
  facet normal -2.674160e-04 -6.453001e-01 -7.639291e-01
    outer loop
      vertex   -4.500000e+01 1.886971e+01 -6.667761e+01
      vertex   -5.500000e+01 1.973264e+01 -6.740303e+01
      vertex   -4.500000e+01 1.983962e+01 -6.749690e+01
    endloop
  endfacet
  facet normal 3.349238e-04 -6.770453e-01 -7.359413e-01
    outer loop
      vertex   -4.500000e+01 1.983962e+01 -6.749690e+01
      vertex   -5.500000e+01 1.973264e+01 -6.740303e+01
      vertex   -4.500000e+01 2.077400e+01 -6.835650e+01
    endloop
  endfacet
  facet normal 2.307741e-03 -6.872606e-01 -7.264073e-01
    outer loop
      vertex   -4.500000e+01 2.077400e+01 -6.835650e+01
      vertex   -5.500000e+01 1.973264e+01 -6.740303e+01
      vertex   -5.500000e+01 2.147032e+01 -6.904707e+01
    endloop
  endfacet
  facet normal -4.723617e-04 -7.075778e-01 -7.066353e-01
    outer loop
      vertex   -4.500000e+01 2.077400e+01 -6.835650e+01
      vertex   -5.500000e+01 2.147032e+01 -6.904707e+01
      vertex   -4.500000e+01 2.167117e+01 -6.925487e+01
    endloop
  endfacet
  facet normal 7.507021e-04 -7.368428e-01 -6.760637e-01
    outer loop
      vertex   -4.500000e+01 2.167117e+01 -6.925487e+01
      vertex   -5.500000e+01 2.147032e+01 -6.904707e+01
      vertex   -4.500000e+01 2.252952e+01 -7.019039e+01
    endloop
  endfacet
  facet normal 2.166448e-03 -7.429523e-01 -6.693409e-01
    outer loop
      vertex   -4.500000e+01 2.252952e+01 -7.019039e+01
      vertex   -5.500000e+01 2.147032e+01 -6.904707e+01
      vertex   -5.500000e+01 2.307148e+01 -7.082432e+01
    endloop
  endfacet
  facet normal -6.056012e-04 -7.647884e-01 -6.442813e-01
    outer loop
      vertex   -4.500000e+01 2.252952e+01 -7.019039e+01
      vertex   -5.500000e+01 2.307148e+01 -7.082432e+01
      vertex   -4.500000e+01 2.334752e+01 -7.116139e+01
    endloop
  endfacet
  facet normal 1.238157e-03 -7.913636e-01 -6.113445e-01
    outer loop
      vertex   -4.500000e+01 2.334752e+01 -7.116139e+01
      vertex   -5.500000e+01 2.307148e+01 -7.082432e+01
      vertex   -4.500000e+01 2.412370e+01 -7.216613e+01
    endloop
  endfacet
  facet normal 1.953450e-03 -7.939203e-01 -6.080187e-01
    outer loop
      vertex   -4.500000e+01 2.412370e+01 -7.216613e+01
      vertex   -5.500000e+01 2.307148e+01 -7.082432e+01
      vertex   -5.500000e+01 2.452595e+01 -7.272350e+01
    endloop
  endfacet
  facet normal -6.671314e-04 -8.165223e-01 -5.773135e-01
    outer loop
      vertex   -4.500000e+01 2.412370e+01 -7.216613e+01
      vertex   -5.500000e+01 2.452595e+01 -7.272350e+01
      vertex   -4.500000e+01 2.485668e+01 -7.320281e+01
    endloop
  endfacet
  facet normal 1.756875e-03 -8.398405e-01 -5.428305e-01
    outer loop
      vertex   -4.500000e+01 2.485668e+01 -7.320281e+01
      vertex   -5.500000e+01 2.452595e+01 -7.272350e+01
      vertex   -5.500000e+01 2.582449e+01 -7.473252e+01
    endloop
  endfacet
  facet normal 1.631239e-03 -8.402172e-01 -5.422475e-01
    outer loop
      vertex   -4.500000e+01 2.485668e+01 -7.320281e+01
      vertex   -5.500000e+01 2.582449e+01 -7.473252e+01
      vertex   -4.500000e+01 2.554513e+01 -7.426958e+01
    endloop
  endfacet
  facet normal -6.569508e-04 -8.624091e-01 -5.062116e-01
    outer loop
      vertex   -4.500000e+01 2.554513e+01 -7.426958e+01
      vertex   -5.500000e+01 2.582449e+01 -7.473252e+01
      vertex   -4.500000e+01 2.618784e+01 -7.536452e+01
    endloop
  endfacet
  facet normal 2.021216e-03 -8.804200e-01 -4.741904e-01
    outer loop
      vertex   -4.500000e+01 2.618784e+01 -7.536452e+01
      vertex   -5.500000e+01 2.582449e+01 -7.473252e+01
      vertex   -5.500000e+01 2.695882e+01 -7.683862e+01
    endloop
  endfacet
  facet normal 1.092466e-03 -8.830550e-01 -4.692681e-01
    outer loop
      vertex   -4.500000e+01 2.618784e+01 -7.536452e+01
      vertex   -5.500000e+01 2.695882e+01 -7.683862e+01
      vertex   -4.500000e+01 2.678363e+01 -7.648568e+01
    endloop
  endfacet
  facet normal -5.750597e-04 -9.021201e-01 -4.314846e-01
    outer loop
      vertex   -4.500000e+01 2.678363e+01 -7.648568e+01
      vertex   -5.500000e+01 2.695882e+01 -7.683862e+01
      vertex   -4.500000e+01 2.733146e+01 -7.763104e+01
    endloop
  endfacet
  facet normal 2.213856e-03 -9.154017e-01 -4.025355e-01
    outer loop
      vertex   -4.500000e+01 2.733146e+01 -7.763104e+01
      vertex   -5.500000e+01 2.695882e+01 -7.683862e+01
      vertex   -5.500000e+01 2.792175e+01 -7.902840e+01
    endloop
  endfacet
  facet normal 6.253619e-04 -9.195690e-01 -3.929280e-01
    outer loop
      vertex   -4.500000e+01 2.733146e+01 -7.763104e+01
      vertex   -5.500000e+01 2.792175e+01 -7.902840e+01
      vertex   -4.500000e+01 2.783034e+01 -7.879855e+01
    endloop
  endfacet
  facet normal -4.214601e-04 -9.353710e-01 -3.536678e-01
    outer loop
      vertex   -4.500000e+01 2.783034e+01 -7.879855e+01
      vertex   -5.500000e+01 2.792175e+01 -7.902840e+01
      vertex   -4.500000e+01 2.827936e+01 -7.998613e+01
    endloop
  endfacet
  facet normal 2.334789e-03 -9.445632e-01 -3.283213e-01
    outer loop
      vertex   -4.500000e+01 2.827936e+01 -7.998613e+01
      vertex   -5.500000e+01 2.792175e+01 -7.902840e+01
      vertex   -5.500000e+01 2.870714e+01 -8.128794e+01
    endloop
  endfacet
  facet normal 2.299368e-04 -9.494977e-01 -3.137740e-01
    outer loop
      vertex   -4.500000e+01 2.827936e+01 -7.998613e+01
      vertex   -5.500000e+01 2.870714e+01 -8.128794e+01
      vertex   -4.500000e+01 2.867774e+01 -8.119164e+01
    endloop
  endfacet
  facet normal -1.961555e-04 -9.619236e-01 -2.733183e-01
    outer loop
      vertex   -4.500000e+01 2.867774e+01 -8.119164e+01
      vertex   -5.500000e+01 2.870714e+01 -8.128794e+01
      vertex   -4.500000e+01 2.902476e+01 -8.241293e+01
    endloop
  endfacet
  facet normal 2.384012e-03 -9.677192e-01 -2.520196e-01
    outer loop
      vertex   -4.500000e+01 2.902476e+01 -8.241293e+01
      vertex   -5.500000e+01 2.870714e+01 -8.128794e+01
      vertex   -5.500000e+01 2.931001e+01 -8.360287e+01
    endloop
  endfacet
  facet normal -9.379904e-05 -9.726267e-01 -2.323730e-01
    outer loop
      vertex   -4.500000e+01 2.902476e+01 -8.241293e+01
      vertex   -5.500000e+01 2.931001e+01 -8.360287e+01
      vertex   -4.500000e+01 2.931978e+01 -8.364781e+01
    endloop
  endfacet
  facet normal 1.008487e-04 -9.815878e-01 -1.910115e-01
    outer loop
      vertex   -4.500000e+01 2.931978e+01 -8.364781e+01
      vertex   -5.500000e+01 2.931001e+01 -8.360287e+01
      vertex   -4.500000e+01 2.956230e+01 -8.489407e+01
    endloop
  endfacet
  facet normal 2.361526e-03 -9.847224e-01 -1.741156e-01
    outer loop
      vertex   -4.500000e+01 2.956230e+01 -8.489407e+01
      vertex   -5.500000e+01 2.931001e+01 -8.360287e+01
      vertex   -5.500000e+01 2.972652e+01 -8.595847e+01
    endloop
  endfacet
  facet normal -3.458378e-04 -9.887907e-01 -1.493079e-01
    outer loop
      vertex   -4.500000e+01 2.956230e+01 -8.489407e+01
      vertex   -5.500000e+01 2.972652e+01 -8.595847e+01
      vertex   -4.500000e+01 2.975186e+01 -8.614947e+01
    endloop
  endfacet
  facet normal 4.695452e-04 -9.942226e-01 -1.073368e-01
    outer loop
      vertex   -4.500000e+01 2.975186e+01 -8.614947e+01
      vertex   -5.500000e+01 2.972652e+01 -8.595847e+01
      vertex   -4.500000e+01 2.988814e+01 -8.741176e+01
    endloop
  endfacet
  facet normal 2.267330e-03 -9.954647e-01 -9.510452e-02
    outer loop
      vertex   -4.500000e+01 2.988814e+01 -8.741176e+01
      vertex   -5.500000e+01 2.972652e+01 -8.595847e+01
      vertex   -5.500000e+01 2.995403e+01 -8.833978e+01
    endloop
  endfacet
  facet normal -5.261734e-04 -9.978738e-01 -6.517355e-02
    outer loop
      vertex   -4.500000e+01 2.988814e+01 -8.741176e+01
      vertex   -5.500000e+01 2.995403e+01 -8.833978e+01
      vertex   -4.500000e+01 2.997089e+01 -8.867870e+01
    endloop
  endfacet
  facet normal 9.099251e-04 -9.997375e-01 -2.289355e-02
    outer loop
      vertex   -4.500000e+01 2.997089e+01 -8.867870e+01
      vertex   -5.500000e+01 2.995403e+01 -8.833978e+01
      vertex   -4.500000e+01 2.999995e+01 -8.994800e+01
    endloop
  endfacet
  facet normal 2.101426e-03 -9.998778e-01 -1.548874e-02
    outer loop
      vertex   -4.500000e+01 2.999995e+01 -8.994800e+01
      vertex   -5.500000e+01 2.995403e+01 -8.833978e+01
      vertex   -5.500000e+01 2.999108e+01 -9.073164e+01
    endloop
  endfacet
  facet normal -6.348015e-04 -9.998111e-01 1.942745e-02
    outer loop
      vertex   -4.500000e+01 2.999995e+01 -8.994800e+01
      vertex   -5.500000e+01 2.999108e+01 -9.073164e+01
      vertex   -4.500000e+01 2.997529e+01 -9.121739e+01
    endloop
  endfacet
  facet normal 1.421977e-03 -9.980929e-01 6.171361e-02
    outer loop
      vertex   -4.500000e+01 2.997529e+01 -9.121739e+01
      vertex   -5.500000e+01 2.999108e+01 -9.073164e+01
      vertex   -4.500000e+01 2.989694e+01 -9.248460e+01
    endloop
  endfacet
  facet normal 1.863818e-03 -9.979337e-01 6.422559e-02
    outer loop
      vertex   -4.500000e+01 2.989694e+01 -9.248460e+01
      vertex   -5.500000e+01 2.999108e+01 -9.073164e+01
      vertex   -5.500000e+01 2.983744e+01 -9.311884e+01
    endloop
  endfacet
  facet normal -6.717197e-04 -9.945886e-01 1.038893e-01
    outer loop
      vertex   -4.500000e+01 2.989694e+01 -9.248460e+01
      vertex   -5.500000e+01 2.983744e+01 -9.311884e+01
      vertex   -4.500000e+01 2.976503e+01 -9.374736e+01
    endloop
  endfacet
  facet normal 1.855681e-03 -9.896440e-01 1.435316e-01
    outer loop
      vertex   -4.500000e+01 2.976503e+01 -9.374736e+01
      vertex   -5.500000e+01 2.983744e+01 -9.311884e+01
      vertex   -5.500000e+01 2.949409e+01 -9.548622e+01
    endloop
  endfacet
  facet normal 1.438248e-03 -9.893014e-01 1.458788e-01
    outer loop
      vertex   -4.500000e+01 2.976503e+01 -9.374736e+01
      vertex   -5.500000e+01 2.949409e+01 -9.548622e+01
      vertex   -4.500000e+01 2.957982e+01 -9.500341e+01
    endloop
  endfacet
  facet normal -6.369270e-04 -9.822439e-01 1.876073e-01
    outer loop
      vertex   -4.500000e+01 2.957982e+01 -9.500341e+01
      vertex   -5.500000e+01 2.949409e+01 -9.548622e+01
      vertex   -4.500000e+01 2.934163e+01 -9.625050e+01
    endloop
  endfacet
  facet normal 2.095414e-03 -9.750615e-01 2.219248e-01
    outer loop
      vertex   -4.500000e+01 2.934163e+01 -9.625050e+01
      vertex   -5.500000e+01 2.949409e+01 -9.548622e+01
      vertex   -5.500000e+01 2.896321e+01 -9.781871e+01
    endloop
  endfacet
  facet normal 9.240717e-04 -9.734261e-01 2.289995e-01
    outer loop
      vertex   -4.500000e+01 2.934163e+01 -9.625050e+01
      vertex   -5.500000e+01 2.896321e+01 -9.781871e+01
      vertex   -4.500000e+01 2.905088e+01 -9.748640e+01
    endloop
  endfacet
  facet normal -5.304243e-04 -9.628653e-01 2.699817e-01
    outer loop
      vertex   -4.500000e+01 2.905088e+01 -9.748640e+01
      vertex   -5.500000e+01 2.896321e+01 -9.781871e+01
      vertex   -4.500000e+01 2.870811e+01 -9.870888e+01
    endloop
  endfacet
  facet normal 2.263444e-03 -9.542795e-01 2.989070e-01
    outer loop
      vertex   -4.500000e+01 2.870811e+01 -9.870888e+01
      vertex   -5.500000e+01 2.896321e+01 -9.781871e+01
      vertex   -5.500000e+01 2.824818e+01 -1.001015e+02
    endloop
  endfacet
  facet normal 4.815673e-04 -9.505797e-01 3.104803e-01
    outer loop
      vertex   -4.500000e+01 2.870811e+01 -9.870888e+01
      vertex   -5.500000e+01 2.824818e+01 -1.001015e+02
      vertex   -4.500000e+01 2.831391e+01 -9.991577e+01
    endloop
  endfacet
  facet normal -3.522141e-04 -9.365915e-01 3.504228e-01
    outer loop
      vertex   -4.500000e+01 2.831391e+01 -9.991577e+01
      vertex   -5.500000e+01 2.824818e+01 -1.001015e+02
      vertex   -4.500000e+01 2.786900e+01 -1.011049e+02
    endloop
  endfacet
  facet normal 2.359765e-03 -9.274302e-01 3.739887e-01
    outer loop
      vertex   -4.500000e+01 2.786900e+01 -1.011049e+02
      vertex   -5.500000e+01 2.824818e+01 -1.001015e+02
      vertex   -5.500000e+01 2.735354e+01 -1.023200e+02
    endloop
  endfacet
  facet normal 1.107459e-04 -9.209259e-01 3.897377e-01
    outer loop
      vertex   -4.500000e+01 2.786900e+01 -1.011049e+02
      vertex   -5.500000e+01 2.735354e+01 -1.023200e+02
      vertex   -4.500000e+01 2.737418e+01 -1.022741e+02
    endloop
  endfacet
  facet normal -1.023006e-04 -9.036107e-01 4.283546e-01
    outer loop
      vertex   -4.500000e+01 2.737418e+01 -1.022741e+02
      vertex   -5.500000e+01 2.735354e+01 -1.023200e+02
      vertex   -4.500000e+01 2.683033e+01 -1.034214e+02
    endloop
  endfacet
  facet normal 2.384377e-03 -8.946843e-01 4.466926e-01
    outer loop
      vertex   -4.500000e+01 2.683033e+01 -1.034214e+02
      vertex   -5.500000e+01 2.735354e+01 -1.023200e+02
      vertex   -5.500000e+01 2.628499e+01 -1.044603e+02
    endloop
  endfacet
  facet normal -1.883833e-04 -8.846771e-01 4.662042e-01
    outer loop
      vertex   -4.500000e+01 2.683033e+01 -1.034214e+02
      vertex   -5.500000e+01 2.628499e+01 -1.044603e+02
      vertex   -4.500000e+01 2.623842e+01 -1.045446e+02
    endloop
  endfacet
  facet normal 2.193103e-04 -8.641590e-01 5.032188e-01
    outer loop
      vertex   -4.500000e+01 2.623842e+01 -1.045446e+02
      vertex   -5.500000e+01 2.628499e+01 -1.044603e+02
      vertex   -4.500000e+01 2.559952e+01 -1.056418e+02
    endloop
  endfacet
  facet normal 2.337279e-03 -8.562500e-01 5.165563e-01
    outer loop
      vertex   -4.500000e+01 2.559952e+01 -1.056418e+02
      vertex   -5.500000e+01 2.628499e+01 -1.044603e+02
      vertex   -5.500000e+01 2.504931e+01 -1.065086e+02
    endloop
  endfacet
  facet normal -4.158132e-04 -8.420931e-01 5.393320e-01
    outer loop
      vertex   -4.500000e+01 2.559952e+01 -1.056418e+02
      vertex   -5.500000e+01 2.504931e+01 -1.065086e+02
      vertex   -4.500000e+01 2.491476e+01 -1.067109e+02
    endloop
  endfacet
  facet normal 6.126106e-04 -8.185189e-01 5.744793e-01
    outer loop
      vertex   -4.500000e+01 2.491476e+01 -1.067109e+02
      vertex   -5.500000e+01 2.504931e+01 -1.065086e+02
      vertex   -4.500000e+01 2.418538e+01 -1.077501e+02
    endloop
  endfacet
  facet normal 2.218471e-03 -8.123716e-01 5.831359e-01
    outer loop
      vertex   -4.500000e+01 2.418538e+01 -1.077501e+02
      vertex   -5.500000e+01 2.504931e+01 -1.065086e+02
      vertex   -5.500000e+01 2.365436e+01 -1.084519e+02
    endloop
  endfacet
  facet normal -5.715382e-04 -7.934788e-01 6.085977e-01
    outer loop
      vertex   -4.500000e+01 2.418538e+01 -1.077501e+02
      vertex   -5.500000e+01 2.365436e+01 -1.084519e+02
      vertex   -4.500000e+01 2.341269e+01 -1.087576e+02
    endloop
  endfacet
  facet normal 1.077591e-03 -7.670171e-01 6.416257e-01
    outer loop
      vertex   -4.500000e+01 2.341269e+01 -1.087576e+02
      vertex   -5.500000e+01 2.365436e+01 -1.084519e+02
      vertex   -4.500000e+01 2.259806e+01 -1.097314e+02
    endloop
  endfacet
  facet normal 2.027957e-03 -7.633281e-01 6.460078e-01
    outer loop
      vertex   -4.500000e+01 2.259806e+01 -1.097314e+02
      vertex   -5.500000e+01 2.365436e+01 -1.084519e+02
      vertex   -5.500000e+01 2.210901e+01 -1.102779e+02
    endloop
  endfacet
  facet normal -6.555548e-04 -7.391823e-01 6.735051e-01
    outer loop
      vertex   -4.500000e+01 2.259806e+01 -1.097314e+02
      vertex   -5.500000e+01 2.210901e+01 -1.102779e+02
      vertex   -4.500000e+01 2.174296e+01 -1.106699e+02
    endloop
  endfacet
  facet normal 1.614239e-03 -7.100225e-01 7.041772e-01
    outer loop
      vertex   -4.500000e+01 2.174296e+01 -1.106699e+02
      vertex   -5.500000e+01 2.210901e+01 -1.102779e+02
      vertex   -4.500000e+01 2.084891e+01 -1.115713e+02
    endloop
  endfacet
  facet normal 1.765741e-03 -7.094312e-01 7.047725e-01
    outer loop
      vertex   -4.500000e+01 2.084891e+01 -1.115713e+02
      vertex   -5.500000e+01 2.210901e+01 -1.102779e+02
      vertex   -5.500000e+01 2.042309e+01 -1.119749e+02
    endloop
  endfacet
  facet normal -6.678609e-04 -6.795925e-01 7.335895e-01
    outer loop
      vertex   -4.500000e+01 2.084891e+01 -1.115713e+02
      vertex   -5.500000e+01 2.042309e+01 -1.119749e+02
      vertex   -4.500000e+01 1.991752e+01 -1.124342e+02
    endloop
  endfacet
  facet normal 1.946042e-03 -6.510231e-01 7.590555e-01
    outer loop
      vertex   -4.500000e+01 1.991752e+01 -1.124342e+02
      vertex   -5.500000e+01 2.042309e+01 -1.119749e+02
      vertex   -5.500000e+01 1.860731e+01 -1.135323e+02
    endloop
  endfacet
  facet normal 1.253699e-03 -6.479442e-01 7.616868e-01
    outer loop
      vertex   -4.500000e+01 1.991752e+01 -1.124342e+02
      vertex   -5.500000e+01 1.860731e+01 -1.135323e+02
      vertex   -4.500000e+01 1.895046e+01 -1.132568e+02
    endloop
  endfacet
  facet normal -6.084562e-04 -6.151361e-01 7.884207e-01
    outer loop
      vertex   -4.500000e+01 1.895046e+01 -1.132568e+02
      vertex   -5.500000e+01 1.860731e+01 -1.135323e+02
      vertex   -4.500000e+01 1.794945e+01 -1.140378e+02
    endloop
  endfacet
  facet normal 2.161166e-03 -5.884756e-01 8.085121e-01
    outer loop
      vertex   -4.500000e+01 1.794945e+01 -1.140378e+02
      vertex   -5.500000e+01 1.860731e+01 -1.135323e+02
      vertex   -5.500000e+01 1.667323e+01 -1.149400e+02
    endloop
  endfacet
  facet normal 7.641196e-04 -5.812258e-01 8.137420e-01
    outer loop
      vertex   -4.500000e+01 1.794945e+01 -1.140378e+02
      vertex   -5.500000e+01 1.667323e+01 -1.149400e+02
      vertex   -4.500000e+01 1.691630e+01 -1.147758e+02
    endloop
  endfacet
  facet normal -4.773421e-04 -5.462747e-01 8.376060e-01
    outer loop
      vertex   -4.500000e+01 1.691630e+01 -1.147758e+02
      vertex   -5.500000e+01 1.667323e+01 -1.149400e+02
      vertex   -4.500000e+01 1.585285e+01 -1.154693e+02
    endloop
  endfacet
  facet normal 2.304585e-03 -5.221865e-01 8.528282e-01
    outer loop
      vertex   -4.500000e+01 1.585285e+01 -1.154693e+02
      vertex   -5.500000e+01 1.667323e+01 -1.149400e+02
      vertex   -5.500000e+01 1.463313e+01 -1.161891e+02
    endloop
  endfacet
  facet normal 3.462166e-04 -5.103451e-01 8.599697e-01
    outer loop
      vertex   -4.500000e+01 1.585285e+01 -1.154693e+02
      vertex   -5.500000e+01 1.463313e+01 -1.161891e+02
      vertex   -4.500000e+01 1.476100e+01 -1.161173e+02
    endloop
  endfacet
  facet normal -2.745218e-04 -4.735013e-01 8.807931e-01
    outer loop
      vertex   -4.500000e+01 1.476100e+01 -1.161173e+02
      vertex   -5.500000e+01 1.463313e+01 -1.161891e+02
      vertex   -4.500000e+01 1.364272e+01 -1.167185e+02
    endloop
  endfacet
  facet normal 2.376295e-03 -4.525775e-01 8.917219e-01
    outer loop
      vertex   -4.500000e+01 1.364272e+01 -1.167185e+02
      vertex   -5.500000e+01 1.463313e+01 -1.161891e+02
      vertex   -5.500000e+01 1.250000e+01 -1.172718e+02
    endloop
  endfacet
  facet normal 0.000000e+00 -4.358096e-01 9.000389e-01
    outer loop
      vertex   -4.500000e+01 1.364272e+01 -1.167185e+02
      vertex   -5.500000e+01 1.250000e+01 -1.172718e+02
      vertex   -4.502409e+01 1.250000e+01 -1.172718e+02
    endloop
  endfacet
  facet normal -6.171768e-14 -4.358096e-01 9.000389e-01
    outer loop
      vertex   -4.500000e+01 1.364272e+01 -1.167185e+02
      vertex   -4.502409e+01 1.250000e+01 -1.172718e+02
      vertex   -4.500000e+01 1.250000e+01 -1.172718e+02
    endloop
  endfacet
  facet normal -5.944112e-14 -4.029938e-01 9.152027e-01
    outer loop
      vertex   -4.500000e+01 1.250000e+01 -1.172718e+02
      vertex   -4.502409e+01 1.250000e+01 -1.172718e+02
      vertex   -4.502409e+01 1.167691e+01 -1.176342e+02
    endloop
  endfacet
  facet normal -2.694919e-01 -3.814677e-01 8.842265e-01
    outer loop
      vertex   -4.500000e+01 1.250000e+01 -1.172718e+02
      vertex   -4.502409e+01 1.167691e+01 -1.176342e+02
      vertex   -4.500000e+01 1.126138e+01 -1.178061e+02
    endloop
  endfacet
  facet normal 1.385766e-01 -3.717577e-01 9.179285e-01
    outer loop
      vertex   -4.500000e+01 1.126138e+01 -1.178061e+02
      vertex   -4.502409e+01 1.167691e+01 -1.176342e+02
      vertex   -4.502409e+01 1.084333e+01 -1.179718e+02
    endloop
  endfacet
  facet normal -2.694919e-01 -3.413324e-01 9.004811e-01
    outer loop
      vertex   -4.500000e+01 1.126138e+01 -1.178061e+02
      vertex   -4.502409e+01 1.084333e+01 -1.179718e+02
      vertex   -4.500000e+01 1.000000e+01 -1.182843e+02
    endloop
  endfacet
  facet normal 0.000000e+00 -3.474278e-01 9.377067e-01
    outer loop
      vertex   -4.500000e+01 1.000000e+01 -1.182843e+02
      vertex   -4.502409e+01 1.084333e+01 -1.179718e+02
      vertex   -4.502409e+01 1.000000e+01 -1.182843e+02
    endloop
  endfacet
  facet normal 0.000000e+00 6.152731e-01 -7.883140e-01
    outer loop
      vertex   -4.313202e+01 2.250000e+01 -1.200000e+02
      vertex   -5.000000e+01 2.250000e+01 -1.200000e+02
      vertex   -4.252214e+01 2.363224e+01 -1.191163e+02
    endloop
  endfacet
  facet normal -3.160517e-03 6.281584e-01 -7.780791e-01
    outer loop
      vertex   -4.252214e+01 2.363224e+01 -1.191163e+02
      vertex   -5.000000e+01 2.250000e+01 -1.200000e+02
      vertex   -5.000000e+01 2.458212e+01 -1.183191e+02
    endloop
  endfacet
  facet normal 3.873813e-04 6.446637e-01 -7.644662e-01
    outer loop
      vertex   -4.252214e+01 2.363224e+01 -1.191163e+02
      vertex   -5.000000e+01 2.458212e+01 -1.183191e+02
      vertex   -4.190177e+01 2.471543e+01 -1.182025e+02
    endloop
  endfacet
  facet normal -4.378705e-04 6.730538e-01 -7.395934e-01
    outer loop
      vertex   -4.190177e+01 2.471543e+01 -1.182025e+02
      vertex   -5.000000e+01 2.458212e+01 -1.183191e+02
      vertex   -4.127536e+01 2.574803e+01 -1.172632e+02
    endloop
  endfacet
  facet normal -2.643058e-03 6.820476e-01 -7.313030e-01
    outer loop
      vertex   -4.127536e+01 2.574803e+01 -1.172632e+02
      vertex   -5.000000e+01 2.458212e+01 -1.183191e+02
      vertex   -5.000000e+01 2.653906e+01 -1.164939e+02
    endloop
  endfacet
  facet normal 4.335314e-04 6.996375e-01 -7.144978e-01
    outer loop
      vertex   -4.127536e+01 2.574803e+01 -1.172632e+02
      vertex   -5.000000e+01 2.653906e+01 -1.164939e+02
      vertex   -4.064688e+01 2.672920e+01 -1.163021e+02
    endloop
  endfacet
  facet normal -6.465949e-04 7.258660e-01 -6.878359e-01
    outer loop
      vertex   -4.064688e+01 2.672920e+01 -1.163021e+02
      vertex   -5.000000e+01 2.653906e+01 -1.164939e+02
      vertex   -4.000748e+01 2.767646e+01 -1.153030e+02
    endloop
  endfacet
  facet normal -2.235788e-03 7.324636e-01 -6.808026e-01
    outer loop
      vertex   -4.000748e+01 2.767646e+01 -1.153030e+02
      vertex   -5.000000e+01 2.653906e+01 -1.164939e+02
      vertex   -5.000000e+01 2.836087e+01 -1.145339e+02
    endloop
  endfacet
  facet normal 5.137813e-04 7.503716e-01 -6.610161e-01
    outer loop
      vertex   -4.000748e+01 2.767646e+01 -1.153030e+02
      vertex   -5.000000e+01 2.836087e+01 -1.145339e+02
      vertex   -3.935546e+01 2.859554e+01 -1.142592e+02
    endloop
  endfacet
  facet normal -7.643583e-04 7.747287e-01 -6.322933e-01
    outer loop
      vertex   -3.935546e+01 2.859554e+01 -1.142592e+02
      vertex   -5.000000e+01 2.836087e+01 -1.145339e+02
      vertex   -3.869505e+01 2.948318e+01 -1.131724e+02
    endloop
  endfacet
  facet normal -1.860586e-03 7.791497e-01 -6.268352e-01
    outer loop
      vertex   -3.869505e+01 2.948318e+01 -1.131724e+02
      vertex   -5.000000e+01 2.836087e+01 -1.145339e+02
      vertex   -5.000000e+01 3.003825e+01 -1.124489e+02
    endloop
  endfacet
  facet normal 5.414211e-04 7.974699e-01 -6.033585e-01
    outer loop
      vertex   -3.869505e+01 2.948318e+01 -1.131724e+02
      vertex   -5.000000e+01 3.003825e+01 -1.124489e+02
      vertex   -3.803051e+01 3.033614e+01 -1.120444e+02
    endloop
  endfacet
  facet normal -1.082150e-03 8.202108e-01 -5.720604e-01
    outer loop
      vertex   -3.803051e+01 3.033614e+01 -1.120444e+02
      vertex   -5.000000e+01 3.003825e+01 -1.124489e+02
      vertex   -3.736609e+01 3.115118e+01 -1.108771e+02
    endloop
  endfacet
  facet normal -1.524830e-03 8.218682e-01 -5.696757e-01
    outer loop
      vertex   -3.736609e+01 3.115118e+01 -1.108771e+02
      vertex   -5.000000e+01 3.003825e+01 -1.124489e+02
      vertex   -5.000000e+01 3.156268e+01 -1.102496e+02
    endloop
  endfacet
  facet normal 5.316225e-04 8.410984e-01 -5.408819e-01
    outer loop
      vertex   -3.736609e+01 3.115118e+01 -1.108771e+02
      vertex   -5.000000e+01 3.156268e+01 -1.102496e+02
      vertex   -3.670641e+01 3.192552e+01 -1.096723e+02
    endloop
  endfacet
  facet normal -1.353058e-03 8.604014e-01 -5.096151e-01
    outer loop
      vertex   -3.670641e+01 3.192552e+01 -1.096723e+02
      vertex   -5.000000e+01 3.156268e+01 -1.102496e+02
      vertex   -5.000000e+01 3.292639e+01 -1.079472e+02
    endloop
  endfacet
  facet normal -1.016157e-03 8.615440e-01 -5.076819e-01
    outer loop
      vertex   -3.670641e+01 3.192552e+01 -1.096723e+02
      vertex   -5.000000e+01 3.292639e+01 -1.079472e+02
      vertex   -3.605682e+01 3.265712e+01 -1.084321e+02
    endloop
  endfacet
  facet normal 4.840241e-04 8.800753e-01 -4.748339e-01
    outer loop
      vertex   -3.605682e+01 3.265712e+01 -1.084321e+02
      vertex   -5.000000e+01 3.292639e+01 -1.079472e+02
      vertex   -3.542269e+01 3.334395e+01 -1.071584e+02
    endloop
  endfacet
  facet normal -1.438968e-03 8.945531e-01 -4.469594e-01
    outer loop
      vertex   -3.542269e+01 3.334395e+01 -1.071584e+02
      vertex   -5.000000e+01 3.292639e+01 -1.079472e+02
      vertex   -5.000000e+01 3.412244e+01 -1.055534e+02
    endloop
  endfacet
  facet normal -5.085283e-04 8.979265e-01 -4.401450e-01
    outer loop
      vertex   -3.542269e+01 3.334395e+01 -1.071584e+02
      vertex   -5.000000e+01 3.412244e+01 -1.055534e+02
      vertex   -3.480940e+01 3.398402e+01 -1.058534e+02
    endloop
  endfacet
  facet normal 3.295066e-04 9.142187e-01 -4.052210e-01
    outer loop
      vertex   -3.480940e+01 3.398402e+01 -1.058534e+02
      vertex   -5.000000e+01 3.412244e+01 -1.055534e+02
      vertex   -3.422235e+01 3.457531e+01 -1.045189e+02
    endloop
  endfacet
  facet normal -1.476345e-03 9.241497e-01 -3.820277e-01
    outer loop
      vertex   -3.422235e+01 3.457531e+01 -1.045189e+02
      vertex   -5.000000e+01 3.412244e+01 -1.055534e+02
      vertex   -5.000000e+01 3.514473e+01 -1.030804e+02
    endloop
  endfacet
  facet normal -9.440108e-05 9.294432e-01 -3.689652e-01
    outer loop
      vertex   -3.422235e+01 3.457531e+01 -1.045189e+02
      vertex   -5.000000e+01 3.514473e+01 -1.030804e+02
      vertex   -3.366713e+01 3.511620e+01 -1.031565e+02
    endloop
  endfacet
  facet normal 1.000827e-04 9.431571e-01 -3.323472e-01
    outer loop
      vertex   -3.366713e+01 3.511620e+01 -1.031565e+02
      vertex   -5.000000e+01 3.514473e+01 -1.030804e+02
      vertex   -3.314944e+01 3.560535e+01 -1.017682e+02
    endloop
  endfacet
  facet normal -1.399921e-03 9.490406e-01 -3.151508e-01
    outer loop
      vertex   -3.314944e+01 3.560535e+01 -1.017682e+02
      vertex   -5.000000e+01 3.514473e+01 -1.030804e+02
      vertex   -5.000000e+01 3.598806e+01 -1.005408e+02
    endloop
  endfacet
  facet normal 2.045079e-04 9.554588e-01 -2.951245e-01
    outer loop
      vertex   -3.314944e+01 3.560535e+01 -1.017682e+02
      vertex   -5.000000e+01 3.598806e+01 -1.005408e+02
      vertex   -3.267491e+01 3.604134e+01 -1.003564e+02
    endloop
  endfacet
  facet normal -2.335309e-04 9.663741e-01 -2.571402e-01
    outer loop
      vertex   -3.267491e+01 3.604134e+01 -1.003564e+02
      vertex   -5.000000e+01 3.598806e+01 -1.005408e+02
      vertex   -3.224917e+01 3.642274e+01 -9.892339e+01
    endloop
  endfacet
  facet normal -1.254391e-03 9.690990e-01 -2.466691e-01
    outer loop
      vertex   -3.224917e+01 3.642274e+01 -9.892339e+01
      vertex   -5.000000e+01 3.598806e+01 -1.005408e+02
      vertex   -5.000000e+01 3.664814e+01 -9.794757e+01
    endloop
  endfacet
  facet normal 3.625424e-04 9.757704e-01 -2.187968e-01
    outer loop
      vertex   -3.224917e+01 3.642274e+01 -9.892339e+01
      vertex   -5.000000e+01 3.664814e+01 -9.794757e+01
      vertex   -3.187785e+01 3.674812e+01 -9.747168e+01
    endloop
  endfacet
  facet normal -7.149611e-04 9.837677e-01 -1.794454e-01
    outer loop
      vertex   -3.187785e+01 3.674812e+01 -9.747168e+01
      vertex   -5.000000e+01 3.664814e+01 -9.794757e+01
      vertex   -3.156673e+01 3.701613e+01 -9.600360e+01
    endloop
  endfacet
  facet normal -9.891858e-04 9.842227e-01 -1.769313e-01
    outer loop
      vertex   -3.156673e+01 3.701613e+01 -9.600360e+01
      vertex   -5.000000e+01 3.664814e+01 -9.794757e+01
      vertex   -5.000000e+01 3.712160e+01 -9.531383e+01
    endloop
  endfacet
  facet normal 4.150200e-04 9.901082e-01 -1.403055e-01
    outer loop
      vertex   -3.156673e+01 3.701613e+01 -9.600360e+01
      vertex   -5.000000e+01 3.712160e+01 -9.531383e+01
      vertex   -3.131961e+01 3.722596e+01 -9.452212e+01
    endloop
  endfacet
  facet normal -1.050137e-03 9.943344e-01 -1.062925e-01
    outer loop
      vertex   -3.131961e+01 3.722596e+01 -9.452212e+01
      vertex   -5.000000e+01 3.712160e+01 -9.531383e+01
      vertex   -5.000000e+01 3.740603e+01 -9.265303e+01
    endloop
  endfacet
  facet normal -4.815955e-04 9.949201e-01 -1.006667e-01
    outer loop
      vertex   -3.131961e+01 3.722596e+01 -9.452212e+01
      vertex   -5.000000e+01 3.740603e+01 -9.265303e+01
      vertex   -3.113925e+01 3.737698e+01 -9.303045e+01
    endloop
  endfacet
  facet normal 3.170601e-04 9.981375e-01 -6.100343e-02
    outer loop
      vertex   -3.113925e+01 3.737698e+01 -9.303045e+01
      vertex   -5.000000e+01 3.740603e+01 -9.265303e+01
      vertex   -3.102842e+01 3.746853e+01 -9.153185e+01
    endloop
  endfacet
  facet normal -1.217154e-03 9.993826e-01 -3.511242e-02
    outer loop
      vertex   -3.102842e+01 3.746853e+01 -9.153185e+01
      vertex   -5.000000e+01 3.740603e+01 -9.265303e+01
      vertex   -5.000000e+01 3.749999e+01 -8.997872e+01
    endloop
  endfacet
  facet normal -5.563970e-05 9.997809e-01 -2.093245e-02
    outer loop
      vertex   -3.102842e+01 3.746853e+01 -9.153185e+01
      vertex   -5.000000e+01 3.749999e+01 -8.997872e+01
      vertex   -3.098987e+01 3.749999e+01 -9.002953e+01
    endloop
  endfacet
  facet normal 5.202140e-05 9.998127e-01 1.935473e-02
    outer loop
      vertex   -3.098987e+01 3.749999e+01 -9.002953e+01
      vertex   -5.000000e+01 3.749999e+01 -8.997872e+01
      vertex   -3.102552e+01 3.747091e+01 -8.852713e+01
    endloop
  endfacet
  facet normal -1.240959e-03 9.993421e-01 3.624641e-02
    outer loop
      vertex   -3.102552e+01 3.747091e+01 -8.852713e+01
      vertex   -5.000000e+01 3.749999e+01 -8.997872e+01
      vertex   -5.000000e+01 3.740300e+01 -8.730452e+01
    endloop
  endfacet
  facet normal 2.569147e-04 9.982324e-01 5.943141e-02
    outer loop
      vertex   -3.102552e+01 3.747091e+01 -8.852713e+01
      vertex   -5.000000e+01 3.740300e+01 -8.730452e+01
      vertex   -3.113357e+01 3.738170e+01 -8.702831e+01
    endloop
  endfacet
  facet normal -3.278423e-04 9.950745e-01 9.912908e-02
    outer loop
      vertex   -3.113357e+01 3.738170e+01 -8.702831e+01
      vertex   -5.000000e+01 3.740300e+01 -8.730452e+01
      vertex   -3.131125e+01 3.723301e+01 -8.553631e+01
    endloop
  endfacet
  facet normal -1.120176e-03 9.942130e-01 1.074207e-01
    outer loop
      vertex   -3.131125e+01 3.723301e+01 -8.553631e+01
      vertex   -5.000000e+01 3.740300e+01 -8.730452e+01
      vertex   -5.000000e+01 3.711555e+01 -8.464405e+01
    endloop
  endfacet
  facet normal 4.001882e-04 9.903269e-01 1.387536e-01
    outer loop
      vertex   -3.131125e+01 3.723301e+01 -8.553631e+01
      vertex   -5.000000e+01 3.711555e+01 -8.464405e+01
      vertex   -3.155580e+01 3.702547e+01 -8.405437e+01
    endloop
  endfacet
  facet normal -8.810015e-04 9.840538e-01 1.778688e-01
    outer loop
      vertex   -3.155580e+01 3.702547e+01 -8.405437e+01
      vertex   -5.000000e+01 3.711555e+01 -8.464405e+01
      vertex   -3.186445e+01 3.675973e+01 -8.258571e+01
    endloop
  endfacet
  facet normal -9.019792e-04 9.840214e-01 1.780480e-01
    outer loop
      vertex   -3.186445e+01 3.675973e+01 -8.258571e+01
      vertex   -5.000000e+01 3.711555e+01 -8.464405e+01
      vertex   -5.000000e+01 3.663910e+01 -8.201085e+01
    endloop
  endfacet
  facet normal 3.941492e-04 9.761097e-01 2.172778e-01
    outer loop
      vertex   -3.186445e+01 3.675973e+01 -8.258571e+01
      vertex   -5.000000e+01 3.663910e+01 -8.201085e+01
      vertex   -3.223352e+01 3.643659e+01 -8.113331e+01
    endloop
  endfacet
  facet normal -1.194991e-03 9.688185e-01 2.477686e-01
    outer loop
      vertex   -3.223352e+01 3.643659e+01 -8.113331e+01
      vertex   -5.000000e+01 3.663910e+01 -8.201085e+01
      vertex   -5.000000e+01 3.597608e+01 -7.941833e+01
    endloop
  endfacet
  facet normal -3.864462e-04 9.667830e-01 2.555982e-01
    outer loop
      vertex   -3.223352e+01 3.643659e+01 -8.113331e+01
      vertex   -5.000000e+01 3.597608e+01 -7.941833e+01
      vertex   -3.265723e+01 3.605736e+01 -7.969956e+01
    endloop
  endfacet
  facet normal 2.819371e-04 9.559061e-01 2.936724e-01
    outer loop
      vertex   -3.265723e+01 3.605736e+01 -7.969956e+01
      vertex   -5.000000e+01 3.597608e+01 -7.941833e+01
      vertex   -3.312995e+01 3.562349e+01 -7.828684e+01
    endloop
  endfacet
  facet normal -1.381821e-03 9.486824e-01 3.162275e-01
    outer loop
      vertex   -3.312995e+01 3.562349e+01 -7.828684e+01
      vertex   -5.000000e+01 3.597608e+01 -7.941833e+01
      vertex   -5.000000e+01 3.512987e+01 -7.687969e+01
    endloop
  endfacet
  facet normal -1.526618e-05 9.436811e-01 3.308564e-01
    outer loop
      vertex   -3.312995e+01 3.562349e+01 -7.828684e+01
      vertex   -5.000000e+01 3.512987e+01 -7.687969e+01
      vertex   -3.364604e+01 3.513640e+01 -7.689757e+01
    endloop
  endfacet
  facet normal 3.034779e-05 9.299926e-01 3.675782e-01
    outer loop
      vertex   -3.364604e+01 3.513640e+01 -7.689757e+01
      vertex   -5.000000e+01 3.512987e+01 -7.687969e+01
      vertex   -3.419990e+01 3.459752e+01 -7.553413e+01
    endloop
  endfacet
  facet normal -1.500973e-03 9.237156e-01 3.830761e-01
    outer loop
      vertex   -3.419990e+01 3.459752e+01 -7.553413e+01
      vertex   -5.000000e+01 3.512987e+01 -7.687969e+01
      vertex   -5.000000e+01 3.410477e+01 -7.440786e+01
    endloop
  endfacet
  facet normal 2.518620e-04 9.148523e-01 4.037885e-01
    outer loop
      vertex   -3.419990e+01 3.459752e+01 -7.553413e+01
      vertex   -5.000000e+01 3.410477e+01 -7.440786e+01
      vertex   -3.478581e+01 3.400818e+01 -7.419852e+01
    endloop
  endfacet
  facet normal -3.339209e-04 8.985628e-01 4.388448e-01
    outer loop
      vertex   -3.478581e+01 3.400818e+01 -7.419852e+01
      vertex   -5.000000e+01 3.410477e+01 -7.440786e+01
      vertex   -3.539816e+01 3.336999e+01 -7.289225e+01
    endloop
  endfacet
  facet normal -1.508833e-03 8.940453e-01 4.479741e-01
    outer loop
      vertex   -3.539816e+01 3.336999e+01 -7.289225e+01
      vertex   -5.000000e+01 3.410477e+01 -7.440786e+01
      vertex   -5.000000e+01 3.290601e+01 -7.201543e+01
    endloop
  endfacet
  facet normal 4.440672e-04 8.808005e-01 4.734874e-01
    outer loop
      vertex   -3.539816e+01 3.336999e+01 -7.289225e+01
      vertex   -5.000000e+01 3.290601e+01 -7.201543e+01
      vertex   -3.603158e+01 3.268496e+01 -7.161733e+01
    endloop
  endfacet
  facet normal -7.895044e-04 8.622556e-01 5.064728e-01
    outer loop
      vertex   -3.603158e+01 3.268496e+01 -7.161733e+01
      vertex   -5.000000e+01 3.290601e+01 -7.201543e+01
      vertex   -3.668067e+01 3.195508e+01 -7.037575e+01
    endloop
  endfacet
  facet normal -1.470196e-03 8.598224e-01 5.105910e-01
    outer loop
      vertex   -3.668067e+01 3.195508e+01 -7.037575e+01
      vertex   -5.000000e+01 3.290601e+01 -7.201543e+01
      vertex   -5.000000e+01 3.153969e+01 -6.971458e+01
    endloop
  endfacet
  facet normal 5.291686e-04 8.419115e-01 5.396154e-01
    outer loop
      vertex   -3.668067e+01 3.195508e+01 -7.037575e+01
      vertex   -5.000000e+01 3.153969e+01 -6.971458e+01
      vertex   -3.734005e+01 3.118239e+01 -6.916953e+01
    endloop
  endfacet
  facet normal -1.395381e-03 8.211516e-01 5.707084e-01
    outer loop
      vertex   -3.734005e+01 3.118239e+01 -6.916953e+01
      vertex   -5.000000e+01 3.153969e+01 -6.971458e+01
      vertex   -3.800438e+01 3.036890e+01 -6.800069e+01
    endloop
  endfacet
  facet normal -1.374229e-03 8.212214e-01 5.706080e-01
    outer loop
      vertex   -3.800438e+01 3.036890e+01 -6.800069e+01
      vertex   -5.000000e+01 3.153969e+01 -6.971458e+01
      vertex   -5.000000e+01 3.001276e+01 -6.751702e+01
    endloop
  endfacet
  facet normal 5.782233e-04 7.983513e-01 6.021917e-01
    outer loop
      vertex   -3.800438e+01 3.036890e+01 -6.800069e+01
      vertex   -5.000000e+01 3.001276e+01 -6.751702e+01
      vertex   -3.866899e+01 2.951737e+01 -6.687114e+01
    endloop
  endfacet
  facet normal -1.747490e-03 7.784380e-01 6.277190e-01
    outer loop
      vertex   -3.866899e+01 2.951737e+01 -6.687114e+01
      vertex   -5.000000e+01 3.001276e+01 -6.751702e+01
      vertex   -5.000000e+01 2.833301e+01 -6.543395e+01
    endloop
  endfacet
  facet normal -1.041337e-03 7.757345e-01 6.310585e-01
    outer loop
      vertex   -3.866899e+01 2.951737e+01 -6.687114e+01
      vertex   -5.000000e+01 2.833301e+01 -6.543395e+01
      vertex   -3.932964e+01 2.863102e+01 -6.578269e+01
    endloop
  endfacet
  facet normal 5.851719e-04 7.513080e-01 6.599515e-01
    outer loop
      vertex   -3.932964e+01 2.863102e+01 -6.578269e+01
      vertex   -5.000000e+01 2.833301e+01 -6.543395e+01
      vertex   -3.998208e+01 2.771312e+01 -6.473714e+01
    endloop
  endfacet
  facet normal -2.136813e-03 7.316907e-01 6.816334e-01
    outer loop
      vertex   -3.998208e+01 2.771312e+01 -6.473714e+01
      vertex   -5.000000e+01 2.833301e+01 -6.543395e+01
      vertex   -5.000000e+01 2.650898e+01 -6.347597e+01
    endloop
  endfacet
  facet normal -9.307482e-04 7.269512e-01 6.866884e-01
    outer loop
      vertex   -3.998208e+01 2.771312e+01 -6.473714e+01
      vertex   -5.000000e+01 2.650898e+01 -6.347597e+01
      vertex   -4.062205e+01 2.676691e+01 -6.373631e+01
    endloop
  endfacet
  facet normal 5.396413e-04 7.006033e-01 7.135508e-01
    outer loop
      vertex   -4.062205e+01 2.676691e+01 -6.373631e+01
      vertex   -5.000000e+01 2.650898e+01 -6.347597e+01
      vertex   -4.125067e+01 2.578750e+01 -6.277420e+01
    endloop
  endfacet
  facet normal -2.544884e-03 6.812175e-01 7.320766e-01
    outer loop
      vertex   -4.125067e+01 2.578750e+01 -6.277420e+01
      vertex   -5.000000e+01 2.650898e+01 -6.347597e+01
      vertex   -5.000000e+01 2.454997e+01 -6.165306e+01
    endloop
  endfacet
  facet normal -7.000473e-04 6.741112e-01 7.386296e-01
    outer loop
      vertex   -4.125067e+01 2.578750e+01 -6.277420e+01
      vertex   -5.000000e+01 2.454997e+01 -6.165306e+01
      vertex   -4.187716e+01 2.475677e+01 -6.183410e+01
    endloop
  endfacet
  facet normal 5.817894e-04 6.456514e-01 7.636321e-01
    outer loop
      vertex   -4.187716e+01 2.475677e+01 -6.183410e+01
      vertex   -5.000000e+01 2.454997e+01 -6.165306e+01
      vertex   -4.249780e+01 2.367544e+01 -6.091936e+01
    endloop
  endfacet
  facet normal -3.042870e-03 6.272753e-01 7.787916e-01
    outer loop
      vertex   -4.249780e+01 2.367544e+01 -6.091936e+01
      vertex   -5.000000e+01 2.454997e+01 -6.165306e+01
      vertex   -5.000000e+01 2.246594e+01 -5.997449e+01
    endloop
  endfacet
  facet normal -2.563906e-04 6.166124e-01 7.872668e-01
    outer loop
      vertex   -4.249780e+01 2.367544e+01 -6.091936e+01
      vertex   -5.000000e+01 2.246594e+01 -5.997449e+01
      vertex   -4.310822e+01 2.254518e+01 -6.003430e+01
    endloop
  endfacet
  facet normal 3.013836e-04 5.856731e-01 8.105473e-01
    outer loop
      vertex   -4.310822e+01 2.254518e+01 -6.003430e+01
      vertex   -5.000000e+01 2.246594e+01 -5.997449e+01
      vertex   -4.370403e+01 2.136769e+01 -5.918327e+01
    endloop
  endfacet
  facet normal -3.789892e-03 5.701385e-01 8.215399e-01
    outer loop
      vertex   -4.370403e+01 2.136769e+01 -5.918327e+01
      vertex   -5.000000e+01 2.246594e+01 -5.997449e+01
      vertex   -5.000000e+01 2.026752e+01 -5.844881e+01
    endloop
  endfacet
  facet normal 4.708524e-04 5.533650e-01 8.329387e-01
    outer loop
      vertex   -4.370403e+01 2.136769e+01 -5.918327e+01
      vertex   -5.000000e+01 2.026752e+01 -5.844881e+01
      vertex   -4.428088e+01 2.014473e+01 -5.837047e+01
    endloop
  endfacet
  facet normal -5.241128e-04 5.204081e-01 8.539175e-01
    outer loop
      vertex   -4.428088e+01 2.014473e+01 -5.837047e+01
      vertex   -5.000000e+01 2.026752e+01 -5.844881e+01
      vertex   -4.483489e+01 1.887886e+01 -5.759934e+01
    endloop
  endfacet
  facet normal -4.313399e-03 5.100989e-01 8.601049e-01
    outer loop
      vertex   -4.483489e+01 1.887886e+01 -5.759934e+01
      vertex   -5.000000e+01 2.026752e+01 -5.844881e+01
      vertex   -5.000000e+01 1.796590e+01 -5.708379e+01
    endloop
  endfacet
  facet normal 1.407540e-03 4.856614e-01 8.741459e-01
    outer loop
      vertex   -4.483489e+01 1.887886e+01 -5.759934e+01
      vertex   -5.000000e+01 1.796590e+01 -5.708379e+01
      vertex   -4.536257e+01 1.757301e+01 -5.687298e+01
    endloop
  endfacet
  facet normal -2.295935e-03 4.516344e-01 8.922001e-01
    outer loop
      vertex   -4.536257e+01 1.757301e+01 -5.687298e+01
      vertex   -5.000000e+01 1.796590e+01 -5.708379e+01
      vertex   -4.586043e+01 1.623016e+01 -5.619451e+01
    endloop
  endfacet
  facet normal -4.494330e-03 4.474628e-01 8.942913e-01
    outer loop
      vertex   -4.586043e+01 1.623016e+01 -5.619451e+01
      vertex   -5.000000e+01 1.796590e+01 -5.708379e+01
      vertex   -5.000000e+01 1.557278e+01 -5.588639e+01
    endloop
  endfacet
  facet normal 1.982753e-03 4.141378e-01 9.102120e-01
    outer loop
      vertex   -4.586043e+01 1.623016e+01 -5.619451e+01
      vertex   -5.000000e+01 1.557278e+01 -5.588639e+01
      vertex   -4.632496e+01 1.485324e+01 -5.556701e+01
    endloop
  endfacet
  facet normal -5.393874e-03 3.825468e-01 9.239204e-01
    outer loop
      vertex   -4.632496e+01 1.485324e+01 -5.556701e+01
      vertex   -5.000000e+01 1.557278e+01 -5.588639e+01
      vertex   -5.000000e+01 1.310038e+01 -5.486270e+01
    endloop
  endfacet
  facet normal -2.866650e-03 3.780034e-01 9.257998e-01
    outer loop
      vertex   -4.632496e+01 1.485324e+01 -5.556701e+01
      vertex   -5.000000e+01 1.310038e+01 -5.486270e+01
      vertex   -4.675293e+01 1.344485e+01 -5.499329e+01
    endloop
  endfacet
  facet normal 1.901244e-03 3.387723e-01 9.408665e-01
    outer loop
      vertex   -4.675293e+01 1.344485e+01 -5.499329e+01
      vertex   -5.000000e+01 1.310038e+01 -5.486270e+01
      vertex   -4.714205e+01 1.200805e+01 -5.447516e+01
    endloop
  endfacet
  facet normal -8.005199e-03 3.156794e-01 9.488322e-01
    outer loop
      vertex   -4.714205e+01 1.200805e+01 -5.447516e+01
      vertex   -5.000000e+01 1.310038e+01 -5.486270e+01
      vertex   -5.000000e+01 1.056126e+01 -5.401792e+01
    endloop
  endfacet
  facet normal 3.605000e-04 3.006984e-01 9.537192e-01
    outer loop
      vertex   -4.714205e+01 1.200805e+01 -5.447516e+01
      vertex   -5.000000e+01 1.056126e+01 -5.401792e+01
      vertex   -4.749025e+01 1.054694e+01 -5.401436e+01
    endloop
  endfacet
  facet normal 1.220243e-04 2.617340e-01 9.651400e-01
    outer loop
      vertex   -4.749025e+01 1.054694e+01 -5.401436e+01
      vertex   -5.000000e+01 1.056126e+01 -5.401792e+01
      vertex   -4.779546e+01 9.065672e+00 -5.361262e+01
    endloop
  endfacet
  facet normal -1.042677e-02 2.472056e-01 9.689069e-01
    outer loop
      vertex   -4.779546e+01 9.065672e+00 -5.361262e+01
      vertex   -5.000000e+01 1.056126e+01 -5.401792e+01
      vertex   -5.000000e+01 7.968363e+00 -5.335638e+01
    endloop
  endfacet
  facet normal 3.090152e-03 2.215083e-01 9.751536e-01
    outer loop
      vertex   -4.779546e+01 9.065672e+00 -5.361262e+01
      vertex   -5.000000e+01 7.968363e+00 -5.335638e+01
      vertex   -4.805560e+01 7.568358e+00 -5.327168e+01
    endloop
  endfacet
  facet normal -5.329688e-03 1.822903e-01 9.832303e-01
    outer loop
      vertex   -4.805560e+01 7.568358e+00 -5.327168e+01
      vertex   -5.000000e+01 7.968363e+00 -5.335638e+01
      vertex   -4.826884e+01 6.059215e+00 -5.299304e+01
    endloop
  endfacet
  facet normal -1.081045e-02 1.774794e-01 9.840651e-01
    outer loop
      vertex   -4.826884e+01 6.059215e+00 -5.299304e+01
      vertex   -5.000000e+01 7.968363e+00 -5.335638e+01
      vertex   -5.000000e+01 5.334892e+00 -5.288142e+01
    endloop
  endfacet
  facet normal 5.004639e-03 1.406034e-01 9.900533e-01
    outer loop
      vertex   -4.826884e+01 6.059215e+00 -5.299304e+01
      vertex   -5.000000e+01 5.334892e+00 -5.288142e+01
      vertex   -4.843469e+01 4.542941e+00 -5.277686e+01
    endloop
  endfacet
  facet normal -1.235017e-02 1.068485e-01 9.941986e-01
    outer loop
      vertex   -4.843469e+01 4.542941e+00 -5.277686e+01
      vertex   -5.000000e+01 5.334892e+00 -5.288142e+01
      vertex   -5.000000e+01 2.674255e+00 -5.259548e+01
    endloop
  endfacet
  facet normal -5.711514e-03 1.013493e-01 9.948345e-01
    outer loop
      vertex   -4.843469e+01 4.542941e+00 -5.277686e+01
      vertex   -5.000000e+01 2.674255e+00 -5.259548e+01
      vertex   -4.855316e+01 3.024402e+00 -5.262284e+01
    endloop
  endfacet
  facet normal 4.237484e-03 6.049894e-02 9.981593e-01
    outer loop
      vertex   -4.855316e+01 3.024402e+00 -5.262284e+01
      vertex   -5.000000e+01 2.674255e+00 -5.259548e+01
      vertex   -4.862424e+01 1.508466e+00 -5.253066e+01
    endloop
  endfacet
  facet normal -1.684831e-02 3.567438e-02 9.992214e-01
    outer loop
      vertex   -4.862424e+01 1.508466e+00 -5.253066e+01
      vertex   -5.000000e+01 2.674255e+00 -5.259548e+01
      vertex   -5.000000e+01 2.296213e-15 -5.250000e+01
    endloop
  endfacet
  facet normal -3.401469e-18 2.031989e-02 9.997935e-01
    outer loop
      vertex   -4.862424e+01 1.508466e+00 -5.253066e+01
      vertex   -5.000000e+01 2.296213e-15 -5.250000e+01
      vertex   -4.864793e+01 2.359224e-15 -5.250000e+01
    endloop
  endfacet
  facet normal 9.469792e-19 -2.031989e-02 9.997935e-01
    outer loop
      vertex   -4.864793e+01 2.359224e-15 -5.250000e+01
      vertex   -5.000000e+01 2.296213e-15 -5.250000e+01
      vertex   -4.862424e+01 -1.508466e+00 -5.253066e+01
    endloop
  endfacet
  facet normal -1.684831e-02 -3.567438e-02 9.992214e-01
    outer loop
      vertex   -4.862424e+01 -1.508466e+00 -5.253066e+01
      vertex   -5.000000e+01 2.296213e-15 -5.250000e+01
      vertex   -5.000000e+01 -2.674255e+00 -5.259548e+01
    endloop
  endfacet
  facet normal 4.237484e-03 -6.049894e-02 9.981593e-01
    outer loop
      vertex   -4.862424e+01 -1.508466e+00 -5.253066e+01
      vertex   -5.000000e+01 -2.674255e+00 -5.259548e+01
      vertex   -4.855316e+01 -3.024402e+00 -5.262284e+01
    endloop
  endfacet
  facet normal -5.711514e-03 -1.013493e-01 9.948345e-01
    outer loop
      vertex   -4.855316e+01 -3.024402e+00 -5.262284e+01
      vertex   -5.000000e+01 -2.674255e+00 -5.259548e+01
      vertex   -4.843469e+01 -4.542941e+00 -5.277686e+01
    endloop
  endfacet
  facet normal -1.235017e-02 -1.068485e-01 9.941986e-01
    outer loop
      vertex   -4.843469e+01 -4.542941e+00 -5.277686e+01
      vertex   -5.000000e+01 -2.674255e+00 -5.259548e+01
      vertex   -5.000000e+01 -5.334892e+00 -5.288142e+01
    endloop
  endfacet
  facet normal 5.004639e-03 -1.406034e-01 9.900533e-01
    outer loop
      vertex   -4.843469e+01 -4.542941e+00 -5.277686e+01
      vertex   -5.000000e+01 -5.334892e+00 -5.288142e+01
      vertex   -4.826884e+01 -6.059215e+00 -5.299304e+01
    endloop
  endfacet
  facet normal -1.081045e-02 -1.774794e-01 9.840651e-01
    outer loop
      vertex   -4.826884e+01 -6.059215e+00 -5.299304e+01
      vertex   -5.000000e+01 -5.334892e+00 -5.288142e+01
      vertex   -5.000000e+01 -7.968363e+00 -5.335638e+01
    endloop
  endfacet
  facet normal -5.329688e-03 -1.822903e-01 9.832303e-01
    outer loop
      vertex   -4.826884e+01 -6.059215e+00 -5.299304e+01
      vertex   -5.000000e+01 -7.968363e+00 -5.335638e+01
      vertex   -4.805560e+01 -7.568358e+00 -5.327168e+01
    endloop
  endfacet
  facet normal 3.090152e-03 -2.215083e-01 9.751536e-01
    outer loop
      vertex   -4.805560e+01 -7.568358e+00 -5.327168e+01
      vertex   -5.000000e+01 -7.968363e+00 -5.335638e+01
      vertex   -4.779546e+01 -9.065672e+00 -5.361262e+01
    endloop
  endfacet
  facet normal -1.042677e-02 -2.472056e-01 9.689069e-01
    outer loop
      vertex   -4.779546e+01 -9.065672e+00 -5.361262e+01
      vertex   -5.000000e+01 -7.968363e+00 -5.335638e+01
      vertex   -5.000000e+01 -1.056126e+01 -5.401792e+01
    endloop
  endfacet
  facet normal 1.220243e-04 -2.617340e-01 9.651400e-01
    outer loop
      vertex   -4.779546e+01 -9.065672e+00 -5.361262e+01
      vertex   -5.000000e+01 -1.056126e+01 -5.401792e+01
      vertex   -4.749025e+01 -1.054694e+01 -5.401436e+01
    endloop
  endfacet
  facet normal 3.605000e-04 -3.006984e-01 9.537192e-01
    outer loop
      vertex   -4.749025e+01 -1.054694e+01 -5.401436e+01
      vertex   -5.000000e+01 -1.056126e+01 -5.401792e+01
      vertex   -4.714205e+01 -1.200805e+01 -5.447516e+01
    endloop
  endfacet
  facet normal -8.005199e-03 -3.156794e-01 9.488322e-01
    outer loop
      vertex   -4.714205e+01 -1.200805e+01 -5.447516e+01
      vertex   -5.000000e+01 -1.056126e+01 -5.401792e+01
      vertex   -5.000000e+01 -1.310038e+01 -5.486270e+01
    endloop
  endfacet
  facet normal 1.901244e-03 -3.387723e-01 9.408665e-01
    outer loop
      vertex   -4.714205e+01 -1.200805e+01 -5.447516e+01
      vertex   -5.000000e+01 -1.310038e+01 -5.486270e+01
      vertex   -4.675293e+01 -1.344485e+01 -5.499329e+01
    endloop
  endfacet
  facet normal -2.866650e-03 -3.780034e-01 9.257998e-01
    outer loop
      vertex   -4.675293e+01 -1.344485e+01 -5.499329e+01
      vertex   -5.000000e+01 -1.310038e+01 -5.486270e+01
      vertex   -4.632496e+01 -1.485324e+01 -5.556701e+01
    endloop
  endfacet
  facet normal -5.393874e-03 -3.825468e-01 9.239204e-01
    outer loop
      vertex   -4.632496e+01 -1.485324e+01 -5.556701e+01
      vertex   -5.000000e+01 -1.310038e+01 -5.486270e+01
      vertex   -5.000000e+01 -1.557278e+01 -5.588639e+01
    endloop
  endfacet
  facet normal 1.982753e-03 -4.141378e-01 9.102120e-01
    outer loop
      vertex   -4.632496e+01 -1.485324e+01 -5.556701e+01
      vertex   -5.000000e+01 -1.557278e+01 -5.588639e+01
      vertex   -4.586043e+01 -1.623016e+01 -5.619451e+01
    endloop
  endfacet
  facet normal -4.494330e-03 -4.474628e-01 8.942913e-01
    outer loop
      vertex   -4.586043e+01 -1.623016e+01 -5.619451e+01
      vertex   -5.000000e+01 -1.557278e+01 -5.588639e+01
      vertex   -5.000000e+01 -1.796590e+01 -5.708379e+01
    endloop
  endfacet
  facet normal -2.295935e-03 -4.516344e-01 8.922001e-01
    outer loop
      vertex   -4.586043e+01 -1.623016e+01 -5.619451e+01
      vertex   -5.000000e+01 -1.796590e+01 -5.708379e+01
      vertex   -4.536257e+01 -1.757301e+01 -5.687298e+01
    endloop
  endfacet
  facet normal 1.407540e-03 -4.856614e-01 8.741459e-01
    outer loop
      vertex   -4.536257e+01 -1.757301e+01 -5.687298e+01
      vertex   -5.000000e+01 -1.796590e+01 -5.708379e+01
      vertex   -4.483489e+01 -1.887886e+01 -5.759934e+01
    endloop
  endfacet
  facet normal -4.313399e-03 -5.100989e-01 8.601049e-01
    outer loop
      vertex   -4.483489e+01 -1.887886e+01 -5.759934e+01
      vertex   -5.000000e+01 -1.796590e+01 -5.708379e+01
      vertex   -5.000000e+01 -2.026752e+01 -5.844881e+01
    endloop
  endfacet
  facet normal -5.241128e-04 -5.204081e-01 8.539175e-01
    outer loop
      vertex   -4.483489e+01 -1.887886e+01 -5.759934e+01
      vertex   -5.000000e+01 -2.026752e+01 -5.844881e+01
      vertex   -4.428088e+01 -2.014473e+01 -5.837047e+01
    endloop
  endfacet
  facet normal 4.708524e-04 -5.533650e-01 8.329387e-01
    outer loop
      vertex   -4.428088e+01 -2.014473e+01 -5.837047e+01
      vertex   -5.000000e+01 -2.026752e+01 -5.844881e+01
      vertex   -4.370403e+01 -2.136769e+01 -5.918327e+01
    endloop
  endfacet
  facet normal -3.789892e-03 -5.701385e-01 8.215399e-01
    outer loop
      vertex   -4.370403e+01 -2.136769e+01 -5.918327e+01
      vertex   -5.000000e+01 -2.026752e+01 -5.844881e+01
      vertex   -5.000000e+01 -2.246594e+01 -5.997449e+01
    endloop
  endfacet
  facet normal 3.013836e-04 -5.856731e-01 8.105473e-01
    outer loop
      vertex   -4.370403e+01 -2.136769e+01 -5.918327e+01
      vertex   -5.000000e+01 -2.246594e+01 -5.997449e+01
      vertex   -4.310822e+01 -2.254518e+01 -6.003430e+01
    endloop
  endfacet
  facet normal -2.563906e-04 -6.166124e-01 7.872668e-01
    outer loop
      vertex   -4.310822e+01 -2.254518e+01 -6.003430e+01
      vertex   -5.000000e+01 -2.246594e+01 -5.997449e+01
      vertex   -4.249780e+01 -2.367544e+01 -6.091936e+01
    endloop
  endfacet
  facet normal -3.042870e-03 -6.272753e-01 7.787916e-01
    outer loop
      vertex   -4.249780e+01 -2.367544e+01 -6.091936e+01
      vertex   -5.000000e+01 -2.246594e+01 -5.997449e+01
      vertex   -5.000000e+01 -2.454997e+01 -6.165306e+01
    endloop
  endfacet
  facet normal 5.817894e-04 -6.456514e-01 7.636321e-01
    outer loop
      vertex   -4.249780e+01 -2.367544e+01 -6.091936e+01
      vertex   -5.000000e+01 -2.454997e+01 -6.165306e+01
      vertex   -4.187716e+01 -2.475677e+01 -6.183410e+01
    endloop
  endfacet
  facet normal -7.000473e-04 -6.741112e-01 7.386296e-01
    outer loop
      vertex   -4.187716e+01 -2.475677e+01 -6.183410e+01
      vertex   -5.000000e+01 -2.454997e+01 -6.165306e+01
      vertex   -4.125067e+01 -2.578750e+01 -6.277420e+01
    endloop
  endfacet
  facet normal -2.544884e-03 -6.812175e-01 7.320766e-01
    outer loop
      vertex   -4.125067e+01 -2.578750e+01 -6.277420e+01
      vertex   -5.000000e+01 -2.454997e+01 -6.165306e+01
      vertex   -5.000000e+01 -2.650898e+01 -6.347597e+01
    endloop
  endfacet
  facet normal 5.396413e-04 -7.006033e-01 7.135508e-01
    outer loop
      vertex   -4.125067e+01 -2.578750e+01 -6.277420e+01
      vertex   -5.000000e+01 -2.650898e+01 -6.347597e+01
      vertex   -4.062205e+01 -2.676691e+01 -6.373631e+01
    endloop
  endfacet
  facet normal -9.307482e-04 -7.269512e-01 6.866884e-01
    outer loop
      vertex   -4.062205e+01 -2.676691e+01 -6.373631e+01
      vertex   -5.000000e+01 -2.650898e+01 -6.347597e+01
      vertex   -3.998208e+01 -2.771312e+01 -6.473714e+01
    endloop
  endfacet
  facet normal -2.136813e-03 -7.316907e-01 6.816334e-01
    outer loop
      vertex   -3.998208e+01 -2.771312e+01 -6.473714e+01
      vertex   -5.000000e+01 -2.650898e+01 -6.347597e+01
      vertex   -5.000000e+01 -2.833301e+01 -6.543395e+01
    endloop
  endfacet
  facet normal 5.851719e-04 -7.513080e-01 6.599515e-01
    outer loop
      vertex   -3.998208e+01 -2.771312e+01 -6.473714e+01
      vertex   -5.000000e+01 -2.833301e+01 -6.543395e+01
      vertex   -3.932964e+01 -2.863102e+01 -6.578269e+01
    endloop
  endfacet
  facet normal -1.041337e-03 -7.757345e-01 6.310585e-01
    outer loop
      vertex   -3.932964e+01 -2.863102e+01 -6.578269e+01
      vertex   -5.000000e+01 -2.833301e+01 -6.543395e+01
      vertex   -3.866899e+01 -2.951737e+01 -6.687114e+01
    endloop
  endfacet
  facet normal -1.747490e-03 -7.784380e-01 6.277190e-01
    outer loop
      vertex   -3.866899e+01 -2.951737e+01 -6.687114e+01
      vertex   -5.000000e+01 -2.833301e+01 -6.543395e+01
      vertex   -5.000000e+01 -3.001276e+01 -6.751702e+01
    endloop
  endfacet
  facet normal 5.782233e-04 -7.983513e-01 6.021917e-01
    outer loop
      vertex   -3.866899e+01 -2.951737e+01 -6.687114e+01
      vertex   -5.000000e+01 -3.001276e+01 -6.751702e+01
      vertex   -3.800438e+01 -3.036890e+01 -6.800069e+01
    endloop
  endfacet
  facet normal -1.367457e-03 -8.211442e-01 5.707191e-01
    outer loop
      vertex   -3.800438e+01 -3.036890e+01 -6.800069e+01
      vertex   -5.000000e+01 -3.001276e+01 -6.751702e+01
      vertex   -3.734005e+01 -3.118239e+01 -6.916953e+01
    endloop
  endfacet
  facet normal -1.389090e-03 -8.212214e-01 5.706080e-01
    outer loop
      vertex   -3.734005e+01 -3.118239e+01 -6.916953e+01
      vertex   -5.000000e+01 -3.001276e+01 -6.751702e+01
      vertex   -5.000000e+01 -3.153969e+01 -6.971458e+01
    endloop
  endfacet
  facet normal 5.291686e-04 -8.419115e-01 5.396154e-01
    outer loop
      vertex   -3.734005e+01 -3.118239e+01 -6.916953e+01
      vertex   -5.000000e+01 -3.153969e+01 -6.971458e+01
      vertex   -3.668067e+01 -3.195508e+01 -7.037575e+01
    endloop
  endfacet
  facet normal -1.470196e-03 -8.598224e-01 5.105910e-01
    outer loop
      vertex   -3.668067e+01 -3.195508e+01 -7.037575e+01
      vertex   -5.000000e+01 -3.153969e+01 -6.971458e+01
      vertex   -5.000000e+01 -3.290601e+01 -7.201543e+01
    endloop
  endfacet
  facet normal -7.895044e-04 -8.622556e-01 5.064728e-01
    outer loop
      vertex   -3.668067e+01 -3.195508e+01 -7.037575e+01
      vertex   -5.000000e+01 -3.290601e+01 -7.201543e+01
      vertex   -3.603158e+01 -3.268496e+01 -7.161733e+01
    endloop
  endfacet
  facet normal 4.440672e-04 -8.808005e-01 4.734874e-01
    outer loop
      vertex   -3.603158e+01 -3.268496e+01 -7.161733e+01
      vertex   -5.000000e+01 -3.290601e+01 -7.201543e+01
      vertex   -3.539816e+01 -3.336999e+01 -7.289225e+01
    endloop
  endfacet
  facet normal -1.508833e-03 -8.940453e-01 4.479741e-01
    outer loop
      vertex   -3.539816e+01 -3.336999e+01 -7.289225e+01
      vertex   -5.000000e+01 -3.290601e+01 -7.201543e+01
      vertex   -5.000000e+01 -3.410477e+01 -7.440786e+01
    endloop
  endfacet
  facet normal -3.339209e-04 -8.985628e-01 4.388448e-01
    outer loop
      vertex   -3.539816e+01 -3.336999e+01 -7.289225e+01
      vertex   -5.000000e+01 -3.410477e+01 -7.440786e+01
      vertex   -3.478581e+01 -3.400818e+01 -7.419852e+01
    endloop
  endfacet
  facet normal 2.518620e-04 -9.148523e-01 4.037885e-01
    outer loop
      vertex   -3.478581e+01 -3.400818e+01 -7.419852e+01
      vertex   -5.000000e+01 -3.410477e+01 -7.440786e+01
      vertex   -3.419990e+01 -3.459752e+01 -7.553413e+01
    endloop
  endfacet
  facet normal -1.500973e-03 -9.237156e-01 3.830761e-01
    outer loop
      vertex   -3.419990e+01 -3.459752e+01 -7.553413e+01
      vertex   -5.000000e+01 -3.410477e+01 -7.440786e+01
      vertex   -5.000000e+01 -3.512987e+01 -7.687969e+01
    endloop
  endfacet
  facet normal 3.034779e-05 -9.299926e-01 3.675782e-01
    outer loop
      vertex   -3.419990e+01 -3.459752e+01 -7.553413e+01
      vertex   -5.000000e+01 -3.512987e+01 -7.687969e+01
      vertex   -3.364604e+01 -3.513640e+01 -7.689757e+01
    endloop
  endfacet
  facet normal -1.526618e-05 -9.436811e-01 3.308564e-01
    outer loop
      vertex   -3.364604e+01 -3.513640e+01 -7.689757e+01
      vertex   -5.000000e+01 -3.512987e+01 -7.687969e+01
      vertex   -3.312995e+01 -3.562349e+01 -7.828684e+01
    endloop
  endfacet
  facet normal -1.381821e-03 -9.486824e-01 3.162275e-01
    outer loop
      vertex   -3.312995e+01 -3.562349e+01 -7.828684e+01
      vertex   -5.000000e+01 -3.512987e+01 -7.687969e+01
      vertex   -5.000000e+01 -3.597608e+01 -7.941833e+01
    endloop
  endfacet
  facet normal 2.819371e-04 -9.559061e-01 2.936724e-01
    outer loop
      vertex   -3.312995e+01 -3.562349e+01 -7.828684e+01
      vertex   -5.000000e+01 -3.597608e+01 -7.941833e+01
      vertex   -3.265723e+01 -3.605736e+01 -7.969956e+01
    endloop
  endfacet
  facet normal -3.864462e-04 -9.667830e-01 2.555982e-01
    outer loop
      vertex   -3.265723e+01 -3.605736e+01 -7.969956e+01
      vertex   -5.000000e+01 -3.597608e+01 -7.941833e+01
      vertex   -3.223352e+01 -3.643659e+01 -8.113331e+01
    endloop
  endfacet
  facet normal -1.194991e-03 -9.688185e-01 2.477686e-01
    outer loop
      vertex   -3.223352e+01 -3.643659e+01 -8.113331e+01
      vertex   -5.000000e+01 -3.597608e+01 -7.941833e+01
      vertex   -5.000000e+01 -3.663910e+01 -8.201085e+01
    endloop
  endfacet
  facet normal 3.941492e-04 -9.761097e-01 2.172778e-01
    outer loop
      vertex   -3.223352e+01 -3.643659e+01 -8.113331e+01
      vertex   -5.000000e+01 -3.663910e+01 -8.201085e+01
      vertex   -3.186445e+01 -3.675973e+01 -8.258571e+01
    endloop
  endfacet
  facet normal -9.080571e-04 -9.840548e-01 1.778633e-01
    outer loop
      vertex   -3.186445e+01 -3.675973e+01 -8.258571e+01
      vertex   -5.000000e+01 -3.663910e+01 -8.201085e+01
      vertex   -3.155580e+01 -3.702547e+01 -8.405437e+01
    endloop
  endfacet
  facet normal -8.868898e-04 -9.840214e-01 1.780480e-01
    outer loop
      vertex   -3.155580e+01 -3.702547e+01 -8.405437e+01
      vertex   -5.000000e+01 -3.663910e+01 -8.201085e+01
      vertex   -5.000000e+01 -3.711555e+01 -8.464405e+01
    endloop
  endfacet
  facet normal 4.001882e-04 -9.903269e-01 1.387536e-01
    outer loop
      vertex   -3.155580e+01 -3.702547e+01 -8.405437e+01
      vertex   -5.000000e+01 -3.711555e+01 -8.464405e+01
      vertex   -3.131125e+01 -3.723301e+01 -8.553631e+01
    endloop
  endfacet
  facet normal -1.120176e-03 -9.942130e-01 1.074207e-01
    outer loop
      vertex   -3.131125e+01 -3.723301e+01 -8.553631e+01
      vertex   -5.000000e+01 -3.711555e+01 -8.464405e+01
      vertex   -5.000000e+01 -3.740300e+01 -8.730452e+01
    endloop
  endfacet
  facet normal -3.278423e-04 -9.950745e-01 9.912908e-02
    outer loop
      vertex   -3.131125e+01 -3.723301e+01 -8.553631e+01
      vertex   -5.000000e+01 -3.740300e+01 -8.730452e+01
      vertex   -3.113357e+01 -3.738170e+01 -8.702831e+01
    endloop
  endfacet
  facet normal 2.569147e-04 -9.982324e-01 5.943141e-02
    outer loop
      vertex   -3.113357e+01 -3.738170e+01 -8.702831e+01
      vertex   -5.000000e+01 -3.740300e+01 -8.730452e+01
      vertex   -3.102552e+01 -3.747091e+01 -8.852713e+01
    endloop
  endfacet
  facet normal -1.240959e-03 -9.993421e-01 3.624641e-02
    outer loop
      vertex   -3.102552e+01 -3.747091e+01 -8.852713e+01
      vertex   -5.000000e+01 -3.740300e+01 -8.730452e+01
      vertex   -5.000000e+01 -3.749999e+01 -8.997872e+01
    endloop
  endfacet
  facet normal 5.202140e-05 -9.998127e-01 1.935473e-02
    outer loop
      vertex   -3.102552e+01 -3.747091e+01 -8.852713e+01
      vertex   -5.000000e+01 -3.749999e+01 -8.997872e+01
      vertex   -3.098987e+01 -3.749999e+01 -9.002953e+01
    endloop
  endfacet
  facet normal -5.563970e-05 -9.997809e-01 -2.093245e-02
    outer loop
      vertex   -3.098987e+01 -3.749999e+01 -9.002953e+01
      vertex   -5.000000e+01 -3.749999e+01 -8.997872e+01
      vertex   -3.102842e+01 -3.746853e+01 -9.153185e+01
    endloop
  endfacet
  facet normal -1.217154e-03 -9.993826e-01 -3.511242e-02
    outer loop
      vertex   -3.102842e+01 -3.746853e+01 -9.153185e+01
      vertex   -5.000000e+01 -3.749999e+01 -8.997872e+01
      vertex   -5.000000e+01 -3.740603e+01 -9.265303e+01
    endloop
  endfacet
  facet normal 3.170601e-04 -9.981375e-01 -6.100343e-02
    outer loop
      vertex   -3.102842e+01 -3.746853e+01 -9.153185e+01
      vertex   -5.000000e+01 -3.740603e+01 -9.265303e+01
      vertex   -3.113925e+01 -3.737698e+01 -9.303045e+01
    endloop
  endfacet
  facet normal -4.815955e-04 -9.949201e-01 -1.006667e-01
    outer loop
      vertex   -3.113925e+01 -3.737698e+01 -9.303045e+01
      vertex   -5.000000e+01 -3.740603e+01 -9.265303e+01
      vertex   -3.131961e+01 -3.722596e+01 -9.452212e+01
    endloop
  endfacet
  facet normal -1.050137e-03 -9.943344e-01 -1.062925e-01
    outer loop
      vertex   -3.131961e+01 -3.722596e+01 -9.452212e+01
      vertex   -5.000000e+01 -3.740603e+01 -9.265303e+01
      vertex   -5.000000e+01 -3.712160e+01 -9.531383e+01
    endloop
  endfacet
  facet normal 4.150200e-04 -9.901082e-01 -1.403055e-01
    outer loop
      vertex   -3.131961e+01 -3.722596e+01 -9.452212e+01
      vertex   -5.000000e+01 -3.712160e+01 -9.531383e+01
      vertex   -3.156673e+01 -3.701613e+01 -9.600360e+01
    endloop
  endfacet
  facet normal -9.891858e-04 -9.842227e-01 -1.769313e-01
    outer loop
      vertex   -3.156673e+01 -3.701613e+01 -9.600360e+01
      vertex   -5.000000e+01 -3.712160e+01 -9.531383e+01
      vertex   -5.000000e+01 -3.664814e+01 -9.794757e+01
    endloop
  endfacet
  facet normal -7.149611e-04 -9.837677e-01 -1.794454e-01
    outer loop
      vertex   -3.156673e+01 -3.701613e+01 -9.600360e+01
      vertex   -5.000000e+01 -3.664814e+01 -9.794757e+01
      vertex   -3.187785e+01 -3.674812e+01 -9.747168e+01
    endloop
  endfacet
  facet normal 3.625424e-04 -9.757704e-01 -2.187968e-01
    outer loop
      vertex   -3.187785e+01 -3.674812e+01 -9.747168e+01
      vertex   -5.000000e+01 -3.664814e+01 -9.794757e+01
      vertex   -3.224917e+01 -3.642274e+01 -9.892339e+01
    endloop
  endfacet
  facet normal -1.254391e-03 -9.690990e-01 -2.466691e-01
    outer loop
      vertex   -3.224917e+01 -3.642274e+01 -9.892339e+01
      vertex   -5.000000e+01 -3.664814e+01 -9.794757e+01
      vertex   -5.000000e+01 -3.598806e+01 -1.005408e+02
    endloop
  endfacet
  facet normal -2.335309e-04 -9.663741e-01 -2.571402e-01
    outer loop
      vertex   -3.224917e+01 -3.642274e+01 -9.892339e+01
      vertex   -5.000000e+01 -3.598806e+01 -1.005408e+02
      vertex   -3.267491e+01 -3.604134e+01 -1.003564e+02
    endloop
  endfacet
  facet normal 2.045079e-04 -9.554588e-01 -2.951245e-01
    outer loop
      vertex   -3.267491e+01 -3.604134e+01 -1.003564e+02
      vertex   -5.000000e+01 -3.598806e+01 -1.005408e+02
      vertex   -3.314944e+01 -3.560535e+01 -1.017682e+02
    endloop
  endfacet
  facet normal -1.399921e-03 -9.490406e-01 -3.151508e-01
    outer loop
      vertex   -3.314944e+01 -3.560535e+01 -1.017682e+02
      vertex   -5.000000e+01 -3.598806e+01 -1.005408e+02
      vertex   -5.000000e+01 -3.514473e+01 -1.030804e+02
    endloop
  endfacet
  facet normal 1.000827e-04 -9.431571e-01 -3.323472e-01
    outer loop
      vertex   -3.314944e+01 -3.560535e+01 -1.017682e+02
      vertex   -5.000000e+01 -3.514473e+01 -1.030804e+02
      vertex   -3.366713e+01 -3.511620e+01 -1.031565e+02
    endloop
  endfacet
  facet normal -9.440108e-05 -9.294432e-01 -3.689652e-01
    outer loop
      vertex   -3.366713e+01 -3.511620e+01 -1.031565e+02
      vertex   -5.000000e+01 -3.514473e+01 -1.030804e+02
      vertex   -3.422235e+01 -3.457531e+01 -1.045189e+02
    endloop
  endfacet
  facet normal -1.476345e-03 -9.241497e-01 -3.820277e-01
    outer loop
      vertex   -3.422235e+01 -3.457531e+01 -1.045189e+02
      vertex   -5.000000e+01 -3.514473e+01 -1.030804e+02
      vertex   -5.000000e+01 -3.412244e+01 -1.055534e+02
    endloop
  endfacet
  facet normal 3.295066e-04 -9.142187e-01 -4.052210e-01
    outer loop
      vertex   -3.422235e+01 -3.457531e+01 -1.045189e+02
      vertex   -5.000000e+01 -3.412244e+01 -1.055534e+02
      vertex   -3.480940e+01 -3.398402e+01 -1.058534e+02
    endloop
  endfacet
  facet normal -5.085283e-04 -8.979265e-01 -4.401450e-01
    outer loop
      vertex   -3.480940e+01 -3.398402e+01 -1.058534e+02
      vertex   -5.000000e+01 -3.412244e+01 -1.055534e+02
      vertex   -3.542269e+01 -3.334395e+01 -1.071584e+02
    endloop
  endfacet
  facet normal -1.438968e-03 -8.945531e-01 -4.469594e-01
    outer loop
      vertex   -3.542269e+01 -3.334395e+01 -1.071584e+02
      vertex   -5.000000e+01 -3.412244e+01 -1.055534e+02
      vertex   -5.000000e+01 -3.292639e+01 -1.079472e+02
    endloop
  endfacet
  facet normal 4.840241e-04 -8.800753e-01 -4.748339e-01
    outer loop
      vertex   -3.542269e+01 -3.334395e+01 -1.071584e+02
      vertex   -5.000000e+01 -3.292639e+01 -1.079472e+02
      vertex   -3.605682e+01 -3.265712e+01 -1.084321e+02
    endloop
  endfacet
  facet normal -1.016157e-03 -8.615440e-01 -5.076819e-01
    outer loop
      vertex   -3.605682e+01 -3.265712e+01 -1.084321e+02
      vertex   -5.000000e+01 -3.292639e+01 -1.079472e+02
      vertex   -3.670641e+01 -3.192552e+01 -1.096723e+02
    endloop
  endfacet
  facet normal -1.353058e-03 -8.604014e-01 -5.096151e-01
    outer loop
      vertex   -3.670641e+01 -3.192552e+01 -1.096723e+02
      vertex   -5.000000e+01 -3.292639e+01 -1.079472e+02
      vertex   -5.000000e+01 -3.156268e+01 -1.102496e+02
    endloop
  endfacet
  facet normal 5.316225e-04 -8.410984e-01 -5.408819e-01
    outer loop
      vertex   -3.670641e+01 -3.192552e+01 -1.096723e+02
      vertex   -5.000000e+01 -3.156268e+01 -1.102496e+02
      vertex   -3.736609e+01 -3.115118e+01 -1.108771e+02
    endloop
  endfacet
  facet normal -1.524830e-03 -8.218682e-01 -5.696757e-01
    outer loop
      vertex   -3.736609e+01 -3.115118e+01 -1.108771e+02
      vertex   -5.000000e+01 -3.156268e+01 -1.102496e+02
      vertex   -5.000000e+01 -3.003825e+01 -1.124489e+02
    endloop
  endfacet
  facet normal -1.082150e-03 -8.202108e-01 -5.720604e-01
    outer loop
      vertex   -3.736609e+01 -3.115118e+01 -1.108771e+02
      vertex   -5.000000e+01 -3.003825e+01 -1.124489e+02
      vertex   -3.803051e+01 -3.033614e+01 -1.120444e+02
    endloop
  endfacet
  facet normal 5.414211e-04 -7.974699e-01 -6.033585e-01
    outer loop
      vertex   -3.803051e+01 -3.033614e+01 -1.120444e+02
      vertex   -5.000000e+01 -3.003825e+01 -1.124489e+02
      vertex   -3.869505e+01 -2.948318e+01 -1.131724e+02
    endloop
  endfacet
  facet normal -1.860586e-03 -7.791497e-01 -6.268352e-01
    outer loop
      vertex   -3.869505e+01 -2.948318e+01 -1.131724e+02
      vertex   -5.000000e+01 -3.003825e+01 -1.124489e+02
      vertex   -5.000000e+01 -2.836087e+01 -1.145339e+02
    endloop
  endfacet
  facet normal -7.643583e-04 -7.747287e-01 -6.322933e-01
    outer loop
      vertex   -3.869505e+01 -2.948318e+01 -1.131724e+02
      vertex   -5.000000e+01 -2.836087e+01 -1.145339e+02
      vertex   -3.935546e+01 -2.859554e+01 -1.142592e+02
    endloop
  endfacet
  facet normal 5.137813e-04 -7.503716e-01 -6.610161e-01
    outer loop
      vertex   -3.935546e+01 -2.859554e+01 -1.142592e+02
      vertex   -5.000000e+01 -2.836087e+01 -1.145339e+02
      vertex   -4.000748e+01 -2.767646e+01 -1.153030e+02
    endloop
  endfacet
  facet normal -2.235788e-03 -7.324636e-01 -6.808026e-01
    outer loop
      vertex   -4.000748e+01 -2.767646e+01 -1.153030e+02
      vertex   -5.000000e+01 -2.836087e+01 -1.145339e+02
      vertex   -5.000000e+01 -2.653906e+01 -1.164939e+02
    endloop
  endfacet
  facet normal -6.465949e-04 -7.258660e-01 -6.878359e-01
    outer loop
      vertex   -4.000748e+01 -2.767646e+01 -1.153030e+02
      vertex   -5.000000e+01 -2.653906e+01 -1.164939e+02
      vertex   -4.064688e+01 -2.672920e+01 -1.163021e+02
    endloop
  endfacet
  facet normal 4.335314e-04 -6.996375e-01 -7.144978e-01
    outer loop
      vertex   -4.064688e+01 -2.672920e+01 -1.163021e+02
      vertex   -5.000000e+01 -2.653906e+01 -1.164939e+02
      vertex   -4.127536e+01 -2.574803e+01 -1.172632e+02
    endloop
  endfacet
  facet normal -2.643058e-03 -6.820476e-01 -7.313030e-01
    outer loop
      vertex   -4.127536e+01 -2.574803e+01 -1.172632e+02
      vertex   -5.000000e+01 -2.653906e+01 -1.164939e+02
      vertex   -5.000000e+01 -2.458212e+01 -1.183191e+02
    endloop
  endfacet
  facet normal -4.378705e-04 -6.730538e-01 -7.395934e-01
    outer loop
      vertex   -4.127536e+01 -2.574803e+01 -1.172632e+02
      vertex   -5.000000e+01 -2.458212e+01 -1.183191e+02
      vertex   -4.190177e+01 -2.471543e+01 -1.182025e+02
    endloop
  endfacet
  facet normal 3.873813e-04 -6.446637e-01 -7.644662e-01
    outer loop
      vertex   -4.190177e+01 -2.471543e+01 -1.182025e+02
      vertex   -5.000000e+01 -2.458212e+01 -1.183191e+02
      vertex   -4.252214e+01 -2.363224e+01 -1.191163e+02
    endloop
  endfacet
  facet normal -3.160517e-03 -6.281584e-01 -7.780791e-01
    outer loop
      vertex   -4.252214e+01 -2.363224e+01 -1.191163e+02
      vertex   -5.000000e+01 -2.458212e+01 -1.183191e+02
      vertex   -5.000000e+01 -2.250000e+01 -1.200000e+02
    endloop
  endfacet
  facet normal 6.302754e-16 -6.152731e-01 -7.883140e-01
    outer loop
      vertex   -4.252214e+01 -2.363224e+01 -1.191163e+02
      vertex   -5.000000e+01 -2.250000e+01 -1.200000e+02
      vertex   -4.313202e+01 -2.250000e+01 -1.200000e+02
    endloop
  endfacet
  facet normal -7.352135e-01 -2.843808e-01 -6.152956e-01
    outer loop
      vertex   -5.500000e+01 -1.250000e+01 -1.200000e+02
      vertex   -5.493540e+01 -1.266701e+01 -1.200000e+02
      vertex   -5.500000e+01 -1.475041e+01 -1.189599e+02
    endloop
  endfacet
  facet normal -7.086548e-01 -2.974361e-01 -6.397969e-01
    outer loop
      vertex   -5.500000e+01 -1.475041e+01 -1.189599e+02
      vertex   -5.493540e+01 -1.266701e+01 -1.200000e+02
      vertex   -5.391546e+01 -1.509707e+01 -1.200000e+02
    endloop
  endfacet
  facet normal -7.055680e-01 -3.369494e-01 -6.234090e-01
    outer loop
      vertex   -5.500000e+01 -1.475041e+01 -1.189599e+02
      vertex   -5.391546e+01 -1.509707e+01 -1.200000e+02
      vertex   -5.275056e+01 -1.753635e+01 -1.200000e+02
    endloop
  endfacet
  facet normal -7.097450e-01 -3.434341e-01 -6.150733e-01
    outer loop
      vertex   -5.500000e+01 -1.475041e+01 -1.189599e+02
      vertex   -5.275056e+01 -1.753635e+01 -1.200000e+02
      vertex   -5.500000e+01 -1.691500e+01 -1.177513e+02
    endloop
  endfacet
  facet normal -7.053333e-01 -3.739200e-01 -6.022365e-01
    outer loop
      vertex   -5.500000e+01 -1.691500e+01 -1.177513e+02
      vertex   -5.275056e+01 -1.753635e+01 -1.200000e+02
      vertex   -5.144476e+01 -1.999950e+01 -1.200000e+02
    endloop
  endfacet
  facet normal -7.094361e-01 -3.894914e-01 -5.873643e-01
    outer loop
      vertex   -5.500000e+01 -1.691500e+01 -1.177513e+02
      vertex   -5.144476e+01 -1.999950e+01 -1.200000e+02
      vertex   -5.500000e+01 -1.898115e+01 -1.163812e+02
    endloop
  endfacet
  facet normal -7.060539e-01 -4.079511e-01 -5.788470e-01
    outer loop
      vertex   -5.500000e+01 -1.898115e+01 -1.163812e+02
      vertex   -5.144476e+01 -1.999950e+01 -1.200000e+02
      vertex   -5.000000e+01 -2.250000e+01 -1.200000e+02
    endloop
  endfacet
  facet normal -7.083298e-01 -4.338140e-01 -5.568432e-01
    outer loop
      vertex   -5.500000e+01 -1.898115e+01 -1.163812e+02
      vertex   -5.000000e+01 -2.250000e+01 -1.200000e+02
      vertex   -5.500000e+01 -2.093686e+01 -1.148576e+02
    endloop
  endfacet
  facet normal -7.059127e-01 -4.449261e-01 -5.511153e-01
    outer loop
      vertex   -5.500000e+01 -2.093686e+01 -1.148576e+02
      vertex   -5.000000e+01 -2.250000e+01 -1.200000e+02
      vertex   -5.000000e+01 -2.458212e+01 -1.183191e+02
    endloop
  endfacet
  facet normal -7.080593e-01 -4.751803e-01 -5.223559e-01
    outer loop
      vertex   -5.500000e+01 -2.093686e+01 -1.148576e+02
      vertex   -5.000000e+01 -2.458212e+01 -1.183191e+02
      vertex   -5.500000e+01 -2.277074e+01 -1.131893e+02
    endloop
  endfacet
  facet normal -7.061772e-01 -4.829153e-01 -5.177900e-01
    outer loop
      vertex   -5.500000e+01 -2.277074e+01 -1.131893e+02
      vertex   -5.000000e+01 -2.458212e+01 -1.183191e+02
      vertex   -5.000000e+01 -2.653906e+01 -1.164939e+02
    endloop
  endfacet
  facet normal -7.077244e-01 -5.138591e-01 -4.848453e-01
    outer loop
      vertex   -5.500000e+01 -2.277074e+01 -1.131893e+02
      vertex   -5.000000e+01 -2.653906e+01 -1.164939e+02
      vertex   -5.500000e+01 -2.447211e+01 -1.113861e+02
    endloop
  endfacet
  facet normal -7.064974e-01 -5.183772e-01 -4.818158e-01
    outer loop
      vertex   -5.500000e+01 -2.447211e+01 -1.113861e+02
      vertex   -5.000000e+01 -2.653906e+01 -1.164939e+02
      vertex   -5.000000e+01 -2.836087e+01 -1.145339e+02
    endloop
  endfacet
  facet normal -7.073248e-01 -5.496330e-01 -4.445169e-01
    outer loop
      vertex   -5.500000e+01 -2.447211e+01 -1.113861e+02
      vertex   -5.000000e+01 -2.836087e+01 -1.145339e+02
      vertex   -5.500000e+01 -2.603109e+01 -1.094585e+02
    endloop
  endfacet
  facet normal -7.068729e-01 -5.511251e-01 -4.433867e-01
    outer loop
      vertex   -5.500000e+01 -2.603109e+01 -1.094585e+02
      vertex   -5.000000e+01 -2.836087e+01 -1.145339e+02
      vertex   -5.000000e+01 -3.003825e+01 -1.124489e+02
    endloop
  endfacet
  facet normal -7.068903e-01 -5.813271e-01 -4.029453e-01
    outer loop
      vertex   -5.500000e+01 -2.603109e+01 -1.094585e+02
      vertex   -5.000000e+01 -3.003825e+01 -1.124489e+02
      vertex   -5.000000e+01 -3.156268e+01 -1.102496e+02
    endloop
  endfacet
  facet normal -7.073061e-01 -5.819329e-01 -4.013378e-01
    outer loop
      vertex   -5.500000e+01 -2.603109e+01 -1.094585e+02
      vertex   -5.000000e+01 -3.156268e+01 -1.102496e+02
      vertex   -5.500000e+01 -2.743860e+01 -1.074176e+02
    endloop
  endfacet
  facet normal -7.065124e-01 -6.089072e-01 -3.606553e-01
    outer loop
      vertex   -5.500000e+01 -2.743860e+01 -1.074176e+02
      vertex   -5.000000e+01 -3.156268e+01 -1.102496e+02
      vertex   -5.000000e+01 -3.292639e+01 -1.079472e+02
    endloop
  endfacet
  facet normal -7.077086e-01 -6.104841e-01 -3.556089e-01
    outer loop
      vertex   -5.500000e+01 -2.743860e+01 -1.074176e+02
      vertex   -5.000000e+01 -3.292639e+01 -1.079472e+02
      vertex   -5.500000e+01 -2.868644e+01 -1.052754e+02
    endloop
  endfacet
  facet normal -7.061898e-01 -6.333644e-01 -3.164576e-01
    outer loop
      vertex   -5.500000e+01 -2.868644e+01 -1.052754e+02
      vertex   -5.000000e+01 -3.292639e+01 -1.079472e+02
      vertex   -5.000000e+01 -3.412244e+01 -1.055534e+02
    endloop
  endfacet
  facet normal -7.080463e-01 -6.355100e-01 -3.078920e-01
    outer loop
      vertex   -5.500000e+01 -2.868644e+01 -1.052754e+02
      vertex   -5.000000e+01 -3.412244e+01 -1.055534e+02
      vertex   -5.500000e+01 -2.976737e+01 -1.030443e+02
    endloop
  endfacet
  facet normal -7.059229e-01 -6.545655e-01 -2.705862e-01
    outer loop
      vertex   -5.500000e+01 -2.976737e+01 -1.030443e+02
      vertex   -5.000000e+01 -3.412244e+01 -1.055534e+02
      vertex   -5.000000e+01 -3.514473e+01 -1.030804e+02
    endloop
  endfacet
  facet normal -7.083195e-01 -6.568754e-01 -2.584534e-01
    outer loop
      vertex   -5.500000e+01 -2.976737e+01 -1.030443e+02
      vertex   -5.000000e+01 -3.514473e+01 -1.030804e+02
      vertex   -5.500000e+01 -3.067508e+01 -1.007373e+02
    endloop
  endfacet
  facet normal -7.057118e-01 -6.723950e-01 -2.232842e-01
    outer loop
      vertex   -5.500000e+01 -3.067508e+01 -1.007373e+02
      vertex   -5.000000e+01 -3.514473e+01 -1.030804e+02
      vertex   -5.000000e+01 -3.598806e+01 -1.005408e+02
    endloop
  endfacet
  facet normal -7.085285e-01 -6.744647e-01 -2.075688e-01
    outer loop
      vertex   -5.500000e+01 -3.067508e+01 -1.007373e+02
      vertex   -5.000000e+01 -3.598806e+01 -1.005408e+02
      vertex   -5.500000e+01 -3.140429e+01 -9.836783e+01
    endloop
  endfacet
  facet normal -7.055565e-01 -6.867560e-01 -1.748031e-01
    outer loop
      vertex   -5.500000e+01 -3.140429e+01 -9.836783e+01
      vertex   -5.000000e+01 -3.598806e+01 -1.005408e+02
      vertex   -5.000000e+01 -3.664814e+01 -9.794757e+01
    endloop
  endfacet
  facet normal -7.086734e-01 -6.881826e-01 -1.555210e-01
    outer loop
      vertex   -5.500000e+01 -3.140429e+01 -9.836783e+01
      vertex   -5.000000e+01 -3.664814e+01 -9.794757e+01
      vertex   -5.500000e+01 -3.195077e+01 -9.594966e+01
    endloop
  endfacet
  facet normal -7.054574e-01 -6.975705e-01 -1.254005e-01
    outer loop
      vertex   -5.500000e+01 -3.195077e+01 -9.594966e+01
      vertex   -5.000000e+01 -3.664814e+01 -9.794757e+01
      vertex   -5.000000e+01 -3.712160e+01 -9.531383e+01
    endloop
  endfacet
  facet normal -7.087543e-01 -6.979547e-01 -1.025993e-01
    outer loop
      vertex   -5.500000e+01 -3.195077e+01 -9.594966e+01
      vertex   -5.000000e+01 -3.712160e+01 -9.531383e+01
      vertex   -5.500000e+01 -3.231133e+01 -9.349687e+01
    endloop
  endfacet
  facet normal -7.054144e-01 -7.047798e-01 -7.533963e-02
    outer loop
      vertex   -5.500000e+01 -3.231133e+01 -9.349687e+01
      vertex   -5.000000e+01 -3.712160e+01 -9.531383e+01
      vertex   -5.000000e+01 -3.740603e+01 -9.265303e+01
    endloop
  endfacet
  facet normal -7.087713e-01 -7.037278e-01 -4.909730e-02
    outer loop
      vertex   -5.500000e+01 -3.231133e+01 -9.349687e+01
      vertex   -5.000000e+01 -3.740603e+01 -9.265303e+01
      vertex   -5.500000e+01 -3.248387e+01 -9.102373e+01
    endloop
  endfacet
  facet normal -7.054275e-01 -7.083450e-01 -2.488707e-02
    outer loop
      vertex   -5.500000e+01 -3.248387e+01 -9.102373e+01
      vertex   -5.000000e+01 -3.740603e+01 -9.265303e+01
      vertex   -5.000000e+01 -3.749999e+01 -8.997872e+01
    endloop
  endfacet
  facet normal -7.087244e-01 -7.054699e-01 4.688236e-03
    outer loop
      vertex   -5.500000e+01 -3.248387e+01 -9.102373e+01
      vertex   -5.000000e+01 -3.749999e+01 -8.997872e+01
      vertex   -5.500000e+01 -3.246740e+01 -8.854463e+01
    endloop
  endfacet
  facet normal -7.054968e-01 -7.082474e-01 2.568832e-02
    outer loop
      vertex   -5.500000e+01 -3.246740e+01 -8.854463e+01
      vertex   -5.000000e+01 -3.749999e+01 -8.997872e+01
      vertex   -5.000000e+01 -3.740300e+01 -8.730452e+01
    endloop
  endfacet
  facet normal -7.086136e-01 -7.031709e-01 5.845899e-02
    outer loop
      vertex   -5.500000e+01 -3.246740e+01 -8.854463e+01
      vertex   -5.000000e+01 -3.740300e+01 -8.730452e+01
      vertex   -5.500000e+01 -3.226200e+01 -8.607401e+01
    endloop
  endfacet
  facet normal -7.056222e-01 -7.044881e-01 7.611708e-02
    outer loop
      vertex   -5.500000e+01 -3.226200e+01 -8.607401e+01
      vertex   -5.000000e+01 -3.740300e+01 -8.730452e+01
      vertex   -5.000000e+01 -3.711555e+01 -8.464405e+01
    endloop
  endfacet
  facet normal -7.084387e-01 -6.968423e-01 1.119167e-01
    outer loop
      vertex   -5.500000e+01 -3.226200e+01 -8.607401e+01
      vertex   -5.000000e+01 -3.711555e+01 -8.464405e+01
      vertex   -5.500000e+01 -3.186887e+01 -8.362623e+01
    endloop
  endfacet
  facet normal -7.058036e-01 -6.970885e-01 1.261306e-01
    outer loop
      vertex   -5.500000e+01 -3.186887e+01 -8.362623e+01
      vertex   -5.000000e+01 -3.711555e+01 -8.464405e+01
      vertex   -5.000000e+01 -3.663910e+01 -8.201085e+01
    endloop
  endfacet
  facet normal -7.081997e-01 -6.865172e-01 1.647646e-01
    outer loop
      vertex   -5.500000e+01 -3.186887e+01 -8.362623e+01
      vertex   -5.000000e+01 -3.663910e+01 -8.201085e+01
      vertex   -5.500000e+01 -3.129030e+01 -8.121553e+01
    endloop
  endfacet
  facet normal -7.060408e-01 -6.860898e-01 1.754627e-01
    outer loop
      vertex   -5.500000e+01 -3.129030e+01 -8.121553e+01
      vertex   -5.000000e+01 -3.663910e+01 -8.201085e+01
      vertex   -5.000000e+01 -3.597608e+01 -7.941833e+01
    endloop
  endfacet
  facet normal -7.078964e-01 -6.722499e-01 2.167090e-01
    outer loop
      vertex   -5.500000e+01 -3.129030e+01 -8.121553e+01
      vertex   -5.000000e+01 -3.597608e+01 -7.941833e+01
      vertex   -5.500000e+01 -3.052966e+01 -7.885595e+01
    endloop
  endfacet
  facet normal -7.063338e-01 -6.715529e-01 2.238510e-01
    outer loop
      vertex   -5.500000e+01 -3.052966e+01 -7.885595e+01
      vertex   -5.000000e+01 -3.597608e+01 -7.941833e+01
      vertex   -5.000000e+01 -3.512987e+01 -7.687969e+01
    endloop
  endfacet
  facet normal -7.075284e-01 -6.541163e-01 2.674609e-01
    outer loop
      vertex   -5.500000e+01 -3.052966e+01 -7.885595e+01
      vertex   -5.000000e+01 -3.512987e+01 -7.687969e+01
      vertex   -5.500000e+01 -2.959137e+01 -7.656122e+01
    endloop
  endfacet
  facet normal -7.066823e-01 -6.535582e-01 2.710385e-01
    outer loop
      vertex   -5.500000e+01 -2.959137e+01 -7.656122e+01
      vertex   -5.000000e+01 -3.512987e+01 -7.687969e+01
      vertex   -5.000000e+01 -3.410477e+01 -7.440786e+01
    endloop
  endfacet
  facet normal -7.070956e-01 -6.322130e-01 3.167374e-01
    outer loop
      vertex   -5.500000e+01 -2.959137e+01 -7.656122e+01
      vertex   -5.000000e+01 -3.410477e+01 -7.440786e+01
      vertex   -5.500000e+01 -2.848089e+01 -7.434469e+01
    endloop
  endfacet
  facet normal -7.070860e-01 -6.322048e-01 3.167752e-01
    outer loop
      vertex   -5.500000e+01 -2.848089e+01 -7.434469e+01
      vertex   -5.000000e+01 -3.410477e+01 -7.440786e+01
      vertex   -5.000000e+01 -3.290601e+01 -7.201543e+01
    endloop
  endfacet
  facet normal -7.066904e-01 -6.083448e-01 3.612553e-01
    outer loop
      vertex   -5.500000e+01 -2.848089e+01 -7.434469e+01
      vertex   -5.000000e+01 -3.290601e+01 -7.201543e+01
      vertex   -5.000000e+01 -3.153969e+01 -6.971458e+01
    endloop
  endfacet
  facet normal -7.075198e-01 -6.058660e-01 3.637885e-01
    outer loop
      vertex   -5.500000e+01 -2.848089e+01 -7.434469e+01
      vertex   -5.000000e+01 -3.153969e+01 -6.971458e+01
      vertex   -5.500000e+01 -2.720469e+01 -7.221925e+01
    endloop
  endfacet
  facet normal -7.063407e-01 -5.813202e-01 4.039178e-01
    outer loop
      vertex   -5.500000e+01 -2.720469e+01 -7.221925e+01
      vertex   -5.000000e+01 -3.153969e+01 -6.971458e+01
      vertex   -5.000000e+01 -3.001276e+01 -6.751702e+01
    endloop
  endfacet
  facet normal -7.078891e-01 -5.760714e-01 4.086988e-01
    outer loop
      vertex   -5.500000e+01 -2.720469e+01 -7.221925e+01
      vertex   -5.000000e+01 -3.001276e+01 -6.751702e+01
      vertex   -5.500000e+01 -2.577018e+01 -7.019728e+01
    endloop
  endfacet
  facet normal -7.060465e-01 -5.512637e-01 4.445296e-01
    outer loop
      vertex   -5.500000e+01 -2.577018e+01 -7.019728e+01
      vertex   -5.000000e+01 -3.001276e+01 -6.751702e+01
      vertex   -5.000000e+01 -2.833301e+01 -6.543395e+01
    endloop
  endfacet
  facet normal -7.081939e-01 -5.430069e-01 4.512261e-01
    outer loop
      vertex   -5.500000e+01 -2.577018e+01 -7.019728e+01
      vertex   -5.000000e+01 -2.833301e+01 -6.543395e+01
      vertex   -5.500000e+01 -2.418572e+01 -6.829053e+01
    endloop
  endfacet
  facet normal -7.058081e-01 -5.183332e-01 4.828723e-01
    outer loop
      vertex   -5.500000e+01 -2.418572e+01 -6.829053e+01
      vertex   -5.000000e+01 -2.833301e+01 -6.543395e+01
      vertex   -5.000000e+01 -2.650898e+01 -6.347597e+01
    endloop
  endfacet
  facet normal -7.084342e-01 -5.068587e-01 4.911367e-01
    outer loop
      vertex   -5.500000e+01 -2.418572e+01 -6.829053e+01
      vertex   -5.000000e+01 -2.650898e+01 -6.347597e+01
      vertex   -5.500000e+01 -2.246053e+01 -6.651011e+01
    endloop
  endfacet
  facet normal -7.056255e-01 -4.827021e-01 5.187402e-01
    outer loop
      vertex   -5.500000e+01 -2.246053e+01 -6.651011e+01
      vertex   -5.000000e+01 -2.650898e+01 -6.347597e+01
      vertex   -5.000000e+01 -2.454997e+01 -6.165306e+01
    endloop
  endfacet
  facet normal -7.086105e-01 -4.678293e-01 5.282111e-01
    outer loop
      vertex   -5.500000e+01 -2.246053e+01 -6.651011e+01
      vertex   -5.000000e+01 -2.454997e+01 -6.165306e+01
      vertex   -5.500000e+01 -2.060464e+01 -6.486638e+01
    endloop
  endfacet
  facet normal -7.054989e-01 -4.445590e-01 5.519408e-01
    outer loop
      vertex   -5.500000e+01 -2.060464e+01 -6.486638e+01
      vertex   -5.000000e+01 -2.454997e+01 -6.165306e+01
      vertex   -5.000000e+01 -2.246594e+01 -5.997449e+01
    endloop
  endfacet
  facet normal -7.087227e-01 -4.261367e-01 5.622453e-01
    outer loop
      vertex   -5.500000e+01 -2.060464e+01 -6.486638e+01
      vertex   -5.000000e+01 -2.246594e+01 -5.997449e+01
      vertex   -5.500000e+01 -1.862886e+01 -6.336890e+01
    endloop
  endfacet
  facet normal -7.054284e-01 -4.041063e-01 5.822962e-01
    outer loop
      vertex   -5.500000e+01 -1.862886e+01 -6.336890e+01
      vertex   -5.000000e+01 -2.246594e+01 -5.997449e+01
      vertex   -5.000000e+01 -2.026752e+01 -5.844881e+01
    endloop
  endfacet
  facet normal -7.087709e-01 -3.820129e-01 5.930514e-01
    outer loop
      vertex   -5.500000e+01 -1.862886e+01 -6.336890e+01
      vertex   -5.000000e+01 -2.026752e+01 -5.844881e+01
      vertex   -5.500000e+01 -1.654467e+01 -6.202637e+01
    endloop
  endfacet
  facet normal -7.054141e-01 -3.615592e-01 6.096441e-01
    outer loop
      vertex   -5.500000e+01 -1.654467e+01 -6.202637e+01
      vertex   -5.000000e+01 -2.026752e+01 -5.844881e+01
      vertex   -5.000000e+01 -1.796590e+01 -5.708379e+01
    endloop
  endfacet
  facet normal -7.087553e-01 -3.357029e-01 6.204591e-01
    outer loop
      vertex   -5.500000e+01 -1.654467e+01 -6.202637e+01
      vertex   -5.000000e+01 -1.796590e+01 -5.708379e+01
      vertex   -5.500000e+01 -1.436422e+01 -6.084663e+01
    endloop
  endfacet
  facet normal -7.054559e-01 -3.171442e-01 6.338388e-01
    outer loop
      vertex   -5.500000e+01 -1.436422e+01 -6.084663e+01
      vertex   -5.000000e+01 -1.796590e+01 -5.708379e+01
      vertex   -5.000000e+01 -1.557278e+01 -5.588639e+01
    endloop
  endfacet
  facet normal -7.086758e-01 -2.874636e-01 6.443162e-01
    outer loop
      vertex   -5.500000e+01 -1.436422e+01 -6.084663e+01
      vertex   -5.000000e+01 -1.557278e+01 -5.588639e+01
      vertex   -5.500000e+01 -1.210018e+01 -5.983652e+01
    endloop
  endfacet
  facet normal -7.055538e-01 -2.710982e-01 6.547515e-01
    outer loop
      vertex   -5.500000e+01 -1.210018e+01 -5.983652e+01
      vertex   -5.000000e+01 -1.557278e+01 -5.588639e+01
      vertex   -5.000000e+01 -1.310038e+01 -5.486270e+01
    endloop
  endfacet
  facet normal -7.085323e-01 -2.375621e-01 6.644895e-01
    outer loop
      vertex   -5.500000e+01 -1.210018e+01 -5.983652e+01
      vertex   -5.000000e+01 -1.310038e+01 -5.486270e+01
      vertex   -5.500000e+01 -9.765733e+00 -5.900193e+01
    endloop
  endfacet
  facet normal -7.057078e-01 -2.236669e-01 6.722719e-01
    outer loop
      vertex   -5.500000e+01 -9.765733e+00 -5.900193e+01
      vertex   -5.000000e+01 -1.310038e+01 -5.486270e+01
      vertex   -5.000000e+01 -1.056126e+01 -5.401792e+01
    endloop
  endfacet
  facet normal -7.083247e-01 -1.862746e-01 6.808656e-01
    outer loop
      vertex   -5.500000e+01 -9.765733e+00 -5.900193e+01
      vertex   -5.000000e+01 -1.056126e+01 -5.401792e+01
      vertex   -5.500000e+01 -7.374461e+00 -5.834771e+01
    endloop
  endfacet
  facet normal -7.059178e-01 -1.751037e-01 6.863081e-01
    outer loop
      vertex   -5.500000e+01 -7.374461e+00 -5.834771e+01
      vertex   -5.000000e+01 -1.056126e+01 -5.401792e+01
      vertex   -5.000000e+01 -7.968363e+00 -5.335638e+01
    endloop
  endfacet
  facet normal -7.080528e-01 -1.338846e-01 6.933514e-01
    outer loop
      vertex   -5.500000e+01 -7.374461e+00 -5.834771e+01
      vertex   -5.000000e+01 -7.968363e+00 -5.335638e+01
      vertex   -5.500000e+01 -4.940277e+00 -5.787768e+01
    endloop
  endfacet
  facet normal -7.061835e-01 -1.256679e-01 6.967872e-01
    outer loop
      vertex   -5.500000e+01 -4.940277e+00 -5.787768e+01
      vertex   -5.000000e+01 -7.968363e+00 -5.335638e+01
      vertex   -5.000000e+01 -5.334892e+00 -5.288142e+01
    endloop
  endfacet
  facet normal -7.077165e-01 -8.068216e-02 7.018744e-01
    outer loop
      vertex   -5.500000e+01 -4.940277e+00 -5.787768e+01
      vertex   -5.000000e+01 -5.334892e+00 -5.288142e+01
      vertex   -5.500000e+01 -2.477346e+00 -5.759456e+01
    endloop
  endfacet
  facet normal -7.065049e-01 -7.562333e-02 7.036562e-01
    outer loop
      vertex   -5.500000e+01 -2.477346e+00 -5.759456e+01
      vertex   -5.000000e+01 -5.334892e+00 -5.288142e+01
      vertex   -5.000000e+01 -2.674255e+00 -5.259548e+01
    endloop
  endfacet
  facet normal -7.073155e-01 -2.696163e-02 7.063837e-01
    outer loop
      vertex   -5.500000e+01 -2.477346e+00 -5.759456e+01
      vertex   -5.000000e+01 -2.674255e+00 -5.259548e+01
      vertex   -5.500000e+01 -5.970153e-15 -5.750000e+01
    endloop
  endfacet
  facet normal -7.068816e-01 -2.523721e-02 7.068816e-01
    outer loop
      vertex   -5.500000e+01 -5.970153e-15 -5.750000e+01
      vertex   -5.000000e+01 -2.674255e+00 -5.259548e+01
      vertex   -5.000000e+01 2.296213e-15 -5.250000e+01
    endloop
  endfacet
  facet normal -7.068816e-01 2.523721e-02 7.068816e-01
    outer loop
      vertex   -5.500000e+01 -5.970153e-15 -5.750000e+01
      vertex   -5.000000e+01 2.296213e-15 -5.250000e+01
      vertex   -5.000000e+01 2.674255e+00 -5.259548e+01
    endloop
  endfacet
  facet normal -7.073155e-01 2.696163e-02 7.063837e-01
    outer loop
      vertex   -5.500000e+01 -5.970153e-15 -5.750000e+01
      vertex   -5.000000e+01 2.674255e+00 -5.259548e+01
      vertex   -5.500000e+01 2.477346e+00 -5.759456e+01
    endloop
  endfacet
  facet normal -7.065049e-01 7.562333e-02 7.036562e-01
    outer loop
      vertex   -5.500000e+01 2.477346e+00 -5.759456e+01
      vertex   -5.000000e+01 2.674255e+00 -5.259548e+01
      vertex   -5.000000e+01 5.334892e+00 -5.288142e+01
    endloop
  endfacet
  facet normal -7.077165e-01 8.068216e-02 7.018744e-01
    outer loop
      vertex   -5.500000e+01 2.477346e+00 -5.759456e+01
      vertex   -5.000000e+01 5.334892e+00 -5.288142e+01
      vertex   -5.500000e+01 4.940277e+00 -5.787768e+01
    endloop
  endfacet
  facet normal -7.061835e-01 1.256679e-01 6.967872e-01
    outer loop
      vertex   -5.500000e+01 4.940277e+00 -5.787768e+01
      vertex   -5.000000e+01 5.334892e+00 -5.288142e+01
      vertex   -5.000000e+01 7.968363e+00 -5.335638e+01
    endloop
  endfacet
  facet normal -7.080528e-01 1.338846e-01 6.933514e-01
    outer loop
      vertex   -5.500000e+01 4.940277e+00 -5.787768e+01
      vertex   -5.000000e+01 7.968363e+00 -5.335638e+01
      vertex   -5.500000e+01 7.374461e+00 -5.834771e+01
    endloop
  endfacet
  facet normal -7.059178e-01 1.751037e-01 6.863081e-01
    outer loop
      vertex   -5.500000e+01 7.374461e+00 -5.834771e+01
      vertex   -5.000000e+01 7.968363e+00 -5.335638e+01
      vertex   -5.000000e+01 1.056126e+01 -5.401792e+01
    endloop
  endfacet
  facet normal -7.083247e-01 1.862746e-01 6.808656e-01
    outer loop
      vertex   -5.500000e+01 7.374461e+00 -5.834771e+01
      vertex   -5.000000e+01 1.056126e+01 -5.401792e+01
      vertex   -5.500000e+01 9.765733e+00 -5.900193e+01
    endloop
  endfacet
  facet normal -7.057078e-01 2.236669e-01 6.722719e-01
    outer loop
      vertex   -5.500000e+01 9.765733e+00 -5.900193e+01
      vertex   -5.000000e+01 1.056126e+01 -5.401792e+01
      vertex   -5.000000e+01 1.310038e+01 -5.486270e+01
    endloop
  endfacet
  facet normal -7.085323e-01 2.375621e-01 6.644895e-01
    outer loop
      vertex   -5.500000e+01 9.765733e+00 -5.900193e+01
      vertex   -5.000000e+01 1.310038e+01 -5.486270e+01
      vertex   -5.500000e+01 1.210018e+01 -5.983652e+01
    endloop
  endfacet
  facet normal -7.055538e-01 2.710982e-01 6.547515e-01
    outer loop
      vertex   -5.500000e+01 1.210018e+01 -5.983652e+01
      vertex   -5.000000e+01 1.310038e+01 -5.486270e+01
      vertex   -5.000000e+01 1.557278e+01 -5.588639e+01
    endloop
  endfacet
  facet normal -7.086758e-01 2.874636e-01 6.443162e-01
    outer loop
      vertex   -5.500000e+01 1.210018e+01 -5.983652e+01
      vertex   -5.000000e+01 1.557278e+01 -5.588639e+01
      vertex   -5.500000e+01 1.436422e+01 -6.084663e+01
    endloop
  endfacet
  facet normal -7.054559e-01 3.171442e-01 6.338388e-01
    outer loop
      vertex   -5.500000e+01 1.436422e+01 -6.084663e+01
      vertex   -5.000000e+01 1.557278e+01 -5.588639e+01
      vertex   -5.000000e+01 1.796590e+01 -5.708379e+01
    endloop
  endfacet
  facet normal -7.087553e-01 3.357029e-01 6.204591e-01
    outer loop
      vertex   -5.500000e+01 1.436422e+01 -6.084663e+01
      vertex   -5.000000e+01 1.796590e+01 -5.708379e+01
      vertex   -5.500000e+01 1.654467e+01 -6.202637e+01
    endloop
  endfacet
  facet normal -7.054141e-01 3.615592e-01 6.096441e-01
    outer loop
      vertex   -5.500000e+01 1.654467e+01 -6.202637e+01
      vertex   -5.000000e+01 1.796590e+01 -5.708379e+01
      vertex   -5.000000e+01 2.026752e+01 -5.844881e+01
    endloop
  endfacet
  facet normal -7.087709e-01 3.820129e-01 5.930514e-01
    outer loop
      vertex   -5.500000e+01 1.654467e+01 -6.202637e+01
      vertex   -5.000000e+01 2.026752e+01 -5.844881e+01
      vertex   -5.500000e+01 1.862886e+01 -6.336890e+01
    endloop
  endfacet
  facet normal -7.054284e-01 4.041063e-01 5.822962e-01
    outer loop
      vertex   -5.500000e+01 1.862886e+01 -6.336890e+01
      vertex   -5.000000e+01 2.026752e+01 -5.844881e+01
      vertex   -5.000000e+01 2.246594e+01 -5.997449e+01
    endloop
  endfacet
  facet normal -7.087227e-01 4.261367e-01 5.622453e-01
    outer loop
      vertex   -5.500000e+01 1.862886e+01 -6.336890e+01
      vertex   -5.000000e+01 2.246594e+01 -5.997449e+01
      vertex   -5.500000e+01 2.060464e+01 -6.486638e+01
    endloop
  endfacet
  facet normal -7.054989e-01 4.445590e-01 5.519408e-01
    outer loop
      vertex   -5.500000e+01 2.060464e+01 -6.486638e+01
      vertex   -5.000000e+01 2.246594e+01 -5.997449e+01
      vertex   -5.000000e+01 2.454997e+01 -6.165306e+01
    endloop
  endfacet
  facet normal -7.086105e-01 4.678293e-01 5.282111e-01
    outer loop
      vertex   -5.500000e+01 2.060464e+01 -6.486638e+01
      vertex   -5.000000e+01 2.454997e+01 -6.165306e+01
      vertex   -5.500000e+01 2.246053e+01 -6.651011e+01
    endloop
  endfacet
  facet normal -7.056255e-01 4.827021e-01 5.187402e-01
    outer loop
      vertex   -5.500000e+01 2.246053e+01 -6.651011e+01
      vertex   -5.000000e+01 2.454997e+01 -6.165306e+01
      vertex   -5.000000e+01 2.650898e+01 -6.347597e+01
    endloop
  endfacet
  facet normal -7.084342e-01 5.068587e-01 4.911367e-01
    outer loop
      vertex   -5.500000e+01 2.246053e+01 -6.651011e+01
      vertex   -5.000000e+01 2.650898e+01 -6.347597e+01
      vertex   -5.500000e+01 2.418572e+01 -6.829053e+01
    endloop
  endfacet
  facet normal -7.058081e-01 5.183332e-01 4.828723e-01
    outer loop
      vertex   -5.500000e+01 2.418572e+01 -6.829053e+01
      vertex   -5.000000e+01 2.650898e+01 -6.347597e+01
      vertex   -5.000000e+01 2.833301e+01 -6.543395e+01
    endloop
  endfacet
  facet normal -7.081939e-01 5.430069e-01 4.512261e-01
    outer loop
      vertex   -5.500000e+01 2.418572e+01 -6.829053e+01
      vertex   -5.000000e+01 2.833301e+01 -6.543395e+01
      vertex   -5.500000e+01 2.577018e+01 -7.019728e+01
    endloop
  endfacet
  facet normal -7.060465e-01 5.512637e-01 4.445296e-01
    outer loop
      vertex   -5.500000e+01 2.577018e+01 -7.019728e+01
      vertex   -5.000000e+01 2.833301e+01 -6.543395e+01
      vertex   -5.000000e+01 3.001276e+01 -6.751702e+01
    endloop
  endfacet
  facet normal -7.078891e-01 5.760714e-01 4.086988e-01
    outer loop
      vertex   -5.500000e+01 2.577018e+01 -7.019728e+01
      vertex   -5.000000e+01 3.001276e+01 -6.751702e+01
      vertex   -5.500000e+01 2.720469e+01 -7.221925e+01
    endloop
  endfacet
  facet normal -7.063407e-01 5.813202e-01 4.039178e-01
    outer loop
      vertex   -5.500000e+01 2.720469e+01 -7.221925e+01
      vertex   -5.000000e+01 3.001276e+01 -6.751702e+01
      vertex   -5.000000e+01 3.153969e+01 -6.971458e+01
    endloop
  endfacet
  facet normal -7.075198e-01 6.058660e-01 3.637885e-01
    outer loop
      vertex   -5.500000e+01 2.720469e+01 -7.221925e+01
      vertex   -5.000000e+01 3.153969e+01 -6.971458e+01
      vertex   -5.500000e+01 2.848089e+01 -7.434469e+01
    endloop
  endfacet
  facet normal -7.066904e-01 6.083448e-01 3.612553e-01
    outer loop
      vertex   -5.500000e+01 2.848089e+01 -7.434469e+01
      vertex   -5.000000e+01 3.153969e+01 -6.971458e+01
      vertex   -5.000000e+01 3.290601e+01 -7.201543e+01
    endloop
  endfacet
  facet normal -7.070860e-01 6.322048e-01 3.167752e-01
    outer loop
      vertex   -5.500000e+01 2.848089e+01 -7.434469e+01
      vertex   -5.000000e+01 3.290601e+01 -7.201543e+01
      vertex   -5.000000e+01 3.410477e+01 -7.440786e+01
    endloop
  endfacet
  facet normal -7.070956e-01 6.322130e-01 3.167374e-01
    outer loop
      vertex   -5.500000e+01 2.848089e+01 -7.434469e+01
      vertex   -5.000000e+01 3.410477e+01 -7.440786e+01
      vertex   -5.500000e+01 2.959137e+01 -7.656122e+01
    endloop
  endfacet
  facet normal -7.066823e-01 6.535582e-01 2.710385e-01
    outer loop
      vertex   -5.500000e+01 2.959137e+01 -7.656122e+01
      vertex   -5.000000e+01 3.410477e+01 -7.440786e+01
      vertex   -5.000000e+01 3.512987e+01 -7.687969e+01
    endloop
  endfacet
  facet normal -7.075284e-01 6.541163e-01 2.674609e-01
    outer loop
      vertex   -5.500000e+01 2.959137e+01 -7.656122e+01
      vertex   -5.000000e+01 3.512987e+01 -7.687969e+01
      vertex   -5.500000e+01 3.052966e+01 -7.885595e+01
    endloop
  endfacet
  facet normal -7.063338e-01 6.715529e-01 2.238510e-01
    outer loop
      vertex   -5.500000e+01 3.052966e+01 -7.885595e+01
      vertex   -5.000000e+01 3.512987e+01 -7.687969e+01
      vertex   -5.000000e+01 3.597608e+01 -7.941833e+01
    endloop
  endfacet
  facet normal -7.078964e-01 6.722499e-01 2.167090e-01
    outer loop
      vertex   -5.500000e+01 3.052966e+01 -7.885595e+01
      vertex   -5.000000e+01 3.597608e+01 -7.941833e+01
      vertex   -5.500000e+01 3.129030e+01 -8.121553e+01
    endloop
  endfacet
  facet normal -7.060408e-01 6.860898e-01 1.754627e-01
    outer loop
      vertex   -5.500000e+01 3.129030e+01 -8.121553e+01
      vertex   -5.000000e+01 3.597608e+01 -7.941833e+01
      vertex   -5.000000e+01 3.663910e+01 -8.201085e+01
    endloop
  endfacet
  facet normal -7.081997e-01 6.865172e-01 1.647646e-01
    outer loop
      vertex   -5.500000e+01 3.129030e+01 -8.121553e+01
      vertex   -5.000000e+01 3.663910e+01 -8.201085e+01
      vertex   -5.500000e+01 3.186887e+01 -8.362623e+01
    endloop
  endfacet
  facet normal -7.058036e-01 6.970885e-01 1.261306e-01
    outer loop
      vertex   -5.500000e+01 3.186887e+01 -8.362623e+01
      vertex   -5.000000e+01 3.663910e+01 -8.201085e+01
      vertex   -5.000000e+01 3.711555e+01 -8.464405e+01
    endloop
  endfacet
  facet normal -7.084387e-01 6.968423e-01 1.119167e-01
    outer loop
      vertex   -5.500000e+01 3.186887e+01 -8.362623e+01
      vertex   -5.000000e+01 3.711555e+01 -8.464405e+01
      vertex   -5.500000e+01 3.226200e+01 -8.607401e+01
    endloop
  endfacet
  facet normal -7.056222e-01 7.044881e-01 7.611708e-02
    outer loop
      vertex   -5.500000e+01 3.226200e+01 -8.607401e+01
      vertex   -5.000000e+01 3.711555e+01 -8.464405e+01
      vertex   -5.000000e+01 3.740300e+01 -8.730452e+01
    endloop
  endfacet
  facet normal -7.086136e-01 7.031709e-01 5.845899e-02
    outer loop
      vertex   -5.500000e+01 3.226200e+01 -8.607401e+01
      vertex   -5.000000e+01 3.740300e+01 -8.730452e+01
      vertex   -5.500000e+01 3.246740e+01 -8.854463e+01
    endloop
  endfacet
  facet normal -7.054968e-01 7.082474e-01 2.568832e-02
    outer loop
      vertex   -5.500000e+01 3.246740e+01 -8.854463e+01
      vertex   -5.000000e+01 3.740300e+01 -8.730452e+01
      vertex   -5.000000e+01 3.749999e+01 -8.997872e+01
    endloop
  endfacet
  facet normal -7.087244e-01 7.054699e-01 4.688236e-03
    outer loop
      vertex   -5.500000e+01 3.246740e+01 -8.854463e+01
      vertex   -5.000000e+01 3.749999e+01 -8.997872e+01
      vertex   -5.500000e+01 3.248387e+01 -9.102373e+01
    endloop
  endfacet
  facet normal -7.054275e-01 7.083450e-01 -2.488707e-02
    outer loop
      vertex   -5.500000e+01 3.248387e+01 -9.102373e+01
      vertex   -5.000000e+01 3.749999e+01 -8.997872e+01
      vertex   -5.000000e+01 3.740603e+01 -9.265303e+01
    endloop
  endfacet
  facet normal -7.087713e-01 7.037278e-01 -4.909730e-02
    outer loop
      vertex   -5.500000e+01 3.248387e+01 -9.102373e+01
      vertex   -5.000000e+01 3.740603e+01 -9.265303e+01
      vertex   -5.500000e+01 3.231133e+01 -9.349687e+01
    endloop
  endfacet
  facet normal -7.054144e-01 7.047798e-01 -7.533963e-02
    outer loop
      vertex   -5.500000e+01 3.231133e+01 -9.349687e+01
      vertex   -5.000000e+01 3.740603e+01 -9.265303e+01
      vertex   -5.000000e+01 3.712160e+01 -9.531383e+01
    endloop
  endfacet
  facet normal -7.087543e-01 6.979547e-01 -1.025993e-01
    outer loop
      vertex   -5.500000e+01 3.231133e+01 -9.349687e+01
      vertex   -5.000000e+01 3.712160e+01 -9.531383e+01
      vertex   -5.500000e+01 3.195077e+01 -9.594966e+01
    endloop
  endfacet
  facet normal -7.054574e-01 6.975705e-01 -1.254005e-01
    outer loop
      vertex   -5.500000e+01 3.195077e+01 -9.594966e+01
      vertex   -5.000000e+01 3.712160e+01 -9.531383e+01
      vertex   -5.000000e+01 3.664814e+01 -9.794757e+01
    endloop
  endfacet
  facet normal -7.086734e-01 6.881826e-01 -1.555210e-01
    outer loop
      vertex   -5.500000e+01 3.195077e+01 -9.594966e+01
      vertex   -5.000000e+01 3.664814e+01 -9.794757e+01
      vertex   -5.500000e+01 3.140429e+01 -9.836783e+01
    endloop
  endfacet
  facet normal -7.055565e-01 6.867560e-01 -1.748031e-01
    outer loop
      vertex   -5.500000e+01 3.140429e+01 -9.836783e+01
      vertex   -5.000000e+01 3.664814e+01 -9.794757e+01
      vertex   -5.000000e+01 3.598806e+01 -1.005408e+02
    endloop
  endfacet
  facet normal -7.085285e-01 6.744647e-01 -2.075688e-01
    outer loop
      vertex   -5.500000e+01 3.140429e+01 -9.836783e+01
      vertex   -5.000000e+01 3.598806e+01 -1.005408e+02
      vertex   -5.500000e+01 3.067508e+01 -1.007373e+02
    endloop
  endfacet
  facet normal -7.057118e-01 6.723950e-01 -2.232842e-01
    outer loop
      vertex   -5.500000e+01 3.067508e+01 -1.007373e+02
      vertex   -5.000000e+01 3.598806e+01 -1.005408e+02
      vertex   -5.000000e+01 3.514473e+01 -1.030804e+02
    endloop
  endfacet
  facet normal -7.083195e-01 6.568754e-01 -2.584534e-01
    outer loop
      vertex   -5.500000e+01 3.067508e+01 -1.007373e+02
      vertex   -5.000000e+01 3.514473e+01 -1.030804e+02
      vertex   -5.500000e+01 2.976737e+01 -1.030443e+02
    endloop
  endfacet
  facet normal -7.059229e-01 6.545655e-01 -2.705862e-01
    outer loop
      vertex   -5.500000e+01 2.976737e+01 -1.030443e+02
      vertex   -5.000000e+01 3.514473e+01 -1.030804e+02
      vertex   -5.000000e+01 3.412244e+01 -1.055534e+02
    endloop
  endfacet
  facet normal -7.080463e-01 6.355100e-01 -3.078920e-01
    outer loop
      vertex   -5.500000e+01 2.976737e+01 -1.030443e+02
      vertex   -5.000000e+01 3.412244e+01 -1.055534e+02
      vertex   -5.500000e+01 2.868644e+01 -1.052754e+02
    endloop
  endfacet
  facet normal -7.061898e-01 6.333644e-01 -3.164576e-01
    outer loop
      vertex   -5.500000e+01 2.868644e+01 -1.052754e+02
      vertex   -5.000000e+01 3.412244e+01 -1.055534e+02
      vertex   -5.000000e+01 3.292639e+01 -1.079472e+02
    endloop
  endfacet
  facet normal -7.077086e-01 6.104841e-01 -3.556089e-01
    outer loop
      vertex   -5.500000e+01 2.868644e+01 -1.052754e+02
      vertex   -5.000000e+01 3.292639e+01 -1.079472e+02
      vertex   -5.500000e+01 2.743860e+01 -1.074176e+02
    endloop
  endfacet
  facet normal -7.065124e-01 6.089072e-01 -3.606553e-01
    outer loop
      vertex   -5.500000e+01 2.743860e+01 -1.074176e+02
      vertex   -5.000000e+01 3.292639e+01 -1.079472e+02
      vertex   -5.000000e+01 3.156268e+01 -1.102496e+02
    endloop
  endfacet
  facet normal -7.073061e-01 5.819329e-01 -4.013378e-01
    outer loop
      vertex   -5.500000e+01 2.743860e+01 -1.074176e+02
      vertex   -5.000000e+01 3.156268e+01 -1.102496e+02
      vertex   -5.500000e+01 2.603109e+01 -1.094585e+02
    endloop
  endfacet
  facet normal -7.068903e-01 5.813271e-01 -4.029453e-01
    outer loop
      vertex   -5.500000e+01 2.603109e+01 -1.094585e+02
      vertex   -5.000000e+01 3.156268e+01 -1.102496e+02
      vertex   -5.000000e+01 3.003825e+01 -1.124489e+02
    endloop
  endfacet
  facet normal -7.068729e-01 5.511251e-01 -4.433867e-01
    outer loop
      vertex   -5.500000e+01 2.603109e+01 -1.094585e+02
      vertex   -5.000000e+01 3.003825e+01 -1.124489e+02
      vertex   -5.000000e+01 2.836087e+01 -1.145339e+02
    endloop
  endfacet
  facet normal -7.073248e-01 5.496330e-01 -4.445169e-01
    outer loop
      vertex   -5.500000e+01 2.603109e+01 -1.094585e+02
      vertex   -5.000000e+01 2.836087e+01 -1.145339e+02
      vertex   -5.500000e+01 2.447211e+01 -1.113861e+02
    endloop
  endfacet
  facet normal -7.064974e-01 5.183772e-01 -4.818158e-01
    outer loop
      vertex   -5.500000e+01 2.447211e+01 -1.113861e+02
      vertex   -5.000000e+01 2.836087e+01 -1.145339e+02
      vertex   -5.000000e+01 2.653906e+01 -1.164939e+02
    endloop
  endfacet
  facet normal -7.077244e-01 5.138591e-01 -4.848453e-01
    outer loop
      vertex   -5.500000e+01 2.447211e+01 -1.113861e+02
      vertex   -5.000000e+01 2.653906e+01 -1.164939e+02
      vertex   -5.500000e+01 2.277074e+01 -1.131893e+02
    endloop
  endfacet
  facet normal -7.061772e-01 4.829153e-01 -5.177900e-01
    outer loop
      vertex   -5.500000e+01 2.277074e+01 -1.131893e+02
      vertex   -5.000000e+01 2.653906e+01 -1.164939e+02
      vertex   -5.000000e+01 2.458212e+01 -1.183191e+02
    endloop
  endfacet
  facet normal -7.080593e-01 4.751803e-01 -5.223559e-01
    outer loop
      vertex   -5.500000e+01 2.277074e+01 -1.131893e+02
      vertex   -5.000000e+01 2.458212e+01 -1.183191e+02
      vertex   -5.500000e+01 2.093686e+01 -1.148576e+02
    endloop
  endfacet
  facet normal -7.059127e-01 4.449261e-01 -5.511153e-01
    outer loop
      vertex   -5.500000e+01 2.093686e+01 -1.148576e+02
      vertex   -5.000000e+01 2.458212e+01 -1.183191e+02
      vertex   -5.000000e+01 2.250000e+01 -1.200000e+02
    endloop
  endfacet
  facet normal -7.083298e-01 4.338140e-01 -5.568432e-01
    outer loop
      vertex   -5.500000e+01 2.093686e+01 -1.148576e+02
      vertex   -5.000000e+01 2.250000e+01 -1.200000e+02
      vertex   -5.500000e+01 1.898115e+01 -1.163812e+02
    endloop
  endfacet
  facet normal -7.060234e-01 4.076556e-01 -5.790922e-01
    outer loop
      vertex   -5.500000e+01 1.898115e+01 -1.163812e+02
      vertex   -5.000000e+01 2.250000e+01 -1.200000e+02
      vertex   -5.146837e+01 1.995692e+01 -1.200000e+02
    endloop
  endfacet
  facet normal -7.094585e-01 3.894789e-01 -5.873456e-01
    outer loop
      vertex   -5.500000e+01 1.898115e+01 -1.163812e+02
      vertex   -5.146837e+01 1.995692e+01 -1.200000e+02
      vertex   -5.500000e+01 1.691500e+01 -1.177513e+02
    endloop
  endfacet
  facet normal -7.051855e-01 3.729274e-01 -6.030246e-01
    outer loop
      vertex   -5.500000e+01 1.691500e+01 -1.177513e+02
      vertex   -5.146837e+01 1.995692e+01 -1.200000e+02
      vertex   -5.279293e+01 1.745225e+01 -1.200000e+02
    endloop
  endfacet
  facet normal -7.100114e-01 3.433032e-01 -6.148388e-01
    outer loop
      vertex   -5.500000e+01 1.691500e+01 -1.177513e+02
      vertex   -5.279293e+01 1.745225e+01 -1.200000e+02
      vertex   -5.500000e+01 1.475041e+01 -1.189599e+02
    endloop
  endfacet
  facet normal -7.047039e-01 3.348599e-01 -6.255088e-01
    outer loop
      vertex   -5.500000e+01 1.475041e+01 -1.189599e+02
      vertex   -5.279293e+01 1.745225e+01 -1.200000e+02
      vertex   -5.397160e+01 1.497176e+01 -1.200000e+02
    endloop
  endfacet
  facet normal -7.100477e-01 2.954223e-01 -6.391854e-01
    outer loop
      vertex   -5.500000e+01 1.475041e+01 -1.189599e+02
      vertex   -5.397160e+01 1.497176e+01 -1.200000e+02
      vertex   -5.500000e+01 1.250000e+01 -1.200000e+02
    endloop
  endfacet
  facet normal 0.000000e+00 3.460098e-01 -9.382309e-01
    outer loop
      vertex   -3.200000e+01 1.761103e+00 -7.975800e+01
      vertex   -3.200000e+01 -5.620214e+00 -8.248016e+01
      vertex   -3.672467e+01 1.761103e+00 -7.975800e+01
    endloop
  endfacet
  facet normal -7.235643e-17 3.460098e-01 -9.382309e-01
    outer loop
      vertex   -3.672467e+01 1.761103e+00 -7.975800e+01
      vertex   -3.200000e+01 -5.620214e+00 -8.248016e+01
      vertex   -3.672467e+01 -7.989279e+00 -8.335384e+01
    endloop
  endfacet
  facet normal 0.000000e+00 3.460098e-01 -9.382309e-01
    outer loop
      vertex   -3.672467e+01 -7.989279e+00 -8.335384e+01
      vertex   -3.200000e+01 -5.620214e+00 -8.248016e+01
      vertex   -3.147322e+01 -7.989279e+00 -8.335384e+01
    endloop
  endfacet
  facet normal -0.000000e+00 -6.395269e-01 -7.687687e-01
    outer loop
      vertex   -3.071789e+01 9.750381e+00 -8.640416e+01
      vertex   -3.200000e+01 5.000000e+00 -8.245239e+01
      vertex   -3.672467e+01 9.750381e+00 -8.640416e+01
    endloop
  endfacet
  facet normal 1.157703e-15 -6.395269e-01 -7.687687e-01
    outer loop
      vertex   -3.672467e+01 9.750381e+00 -8.640416e+01
      vertex   -3.200000e+01 5.000000e+00 -8.245239e+01
      vertex   -3.672467e+01 1.761103e+00 -7.975800e+01
    endloop
  endfacet
  facet normal 0.000000e+00 -6.395269e-01 -7.687687e-01
    outer loop
      vertex   -3.672467e+01 1.761103e+00 -7.975800e+01
      vertex   -3.200000e+01 5.000000e+00 -8.245239e+01
      vertex   -3.200000e+01 1.761103e+00 -7.975800e+01
    endloop
  endfacet
  facet normal 0.000000e+00 -9.855367e-01 1.694622e-01
    outer loop
      vertex   -3.071789e+01 9.750381e+00 -8.640416e+01
      vertex   -3.672467e+01 9.750381e+00 -8.640416e+01
      vertex   -3.119320e+01 7.989279e+00 -9.664616e+01
    endloop
  endfacet
  facet normal 0.000000e+00 -9.855367e-01 1.694622e-01
    outer loop
      vertex   -3.119320e+01 7.989279e+00 -9.664616e+01
      vertex   -3.672467e+01 9.750381e+00 -8.640416e+01
      vertex   -3.672467e+01 7.989279e+00 -9.664616e+01
    endloop
  endfacet
  facet normal 1.000000e+00 -1.050927e-15 0.000000e+00
    outer loop
      vertex   -3.200000e+01 5.000000e+00 -9.774857e+01
      vertex   -3.200000e+01 -1.761103e+00 -1.002420e+02
      vertex   -3.200000e+01 5.000000e+00 -1.200000e+02
    endloop
  endfacet
  facet normal 1.000000e+00 -6.690474e-16 1.306776e-16
    outer loop
      vertex   -3.200000e+01 5.000000e+00 -1.200000e+02
      vertex   -3.200000e+01 -1.761103e+00 -1.002420e+02
      vertex   -3.200000e+01 -5.620214e+00 -1.200000e+02
    endloop
  endfacet
  facet normal 1.000000e+00 0.000000e+00 0.000000e+00
    outer loop
      vertex   -3.200000e+01 -5.620214e+00 -1.200000e+02
      vertex   -3.200000e+01 -1.761103e+00 -1.002420e+02
      vertex   -3.200000e+01 -5.620214e+00 -9.703166e+01
    endloop
  endfacet
  facet normal 9.761590e-01 2.170566e-01 -8.272590e-16
    outer loop
      vertex   -2.715806e+01 -2.739564e+01 -1.100000e+02
      vertex   -2.528414e+01 -3.582316e+01 -1.200000e+02
      vertex   -3.004777e+01 -1.439990e+01 -1.100000e+02
    endloop
  endfacet
  facet normal 9.761590e-01 2.170566e-01 9.645189e-16
    outer loop
      vertex   -3.004777e+01 -1.439990e+01 -1.100000e+02
      vertex   -2.528414e+01 -3.582316e+01 -1.200000e+02
      vertex   -3.200000e+01 -5.620214e+00 -1.200000e+02
    endloop
  endfacet
  facet normal 9.761590e-01 2.170566e-01 -4.095682e-16
    outer loop
      vertex   -3.004777e+01 -1.439990e+01 -1.100000e+02
      vertex   -3.200000e+01 -5.620214e+00 -1.200000e+02
      vertex   -3.108163e+01 -9.750381e+00 -9.359584e+01
    endloop
  endfacet
  facet normal 9.761590e-01 2.170566e-01 0.000000e+00
    outer loop
      vertex   -3.108163e+01 -9.750381e+00 -9.359584e+01
      vertex   -3.200000e+01 -5.620214e+00 -1.200000e+02
      vertex   -3.200000e+01 -5.620214e+00 -9.703166e+01
    endloop
  endfacet
  facet normal 9.761590e-01 2.170566e-01 -3.081738e-16
    outer loop
      vertex   -2.715806e+01 -2.739564e+01 -1.100000e+02
      vertex   -2.715806e+01 -2.739564e+01 -9.500000e+01
      vertex   -2.528414e+01 -3.582316e+01 -1.200000e+02
    endloop
  endfacet
  facet normal 9.761590e-01 2.170566e-01 1.676391e-17
    outer loop
      vertex   -2.528414e+01 -3.582316e+01 -1.200000e+02
      vertex   -2.715806e+01 -2.739564e+01 -9.500000e+01
      vertex   -2.528414e+01 -3.582316e+01 -2.800000e+01
    endloop
  endfacet
  facet normal 9.761590e-01 2.170566e-01 9.559083e-17
    outer loop
      vertex   -2.528414e+01 -3.582316e+01 -2.800000e+01
      vertex   -2.715806e+01 -2.739564e+01 -9.500000e+01
      vertex   -3.004777e+01 -1.439990e+01 -9.500000e+01
    endloop
  endfacet
  facet normal 9.761590e-01 2.170566e-01 5.484116e-17
    outer loop
      vertex   -2.528414e+01 -3.582316e+01 -2.800000e+01
      vertex   -3.004777e+01 -1.439990e+01 -9.500000e+01
      vertex   -3.200000e+01 -5.620214e+00 -2.800000e+01
    endloop
  endfacet
  facet normal 9.761590e-01 2.170566e-01 -1.165677e-16
    outer loop
      vertex   -3.200000e+01 -5.620214e+00 -2.800000e+01
      vertex   -3.004777e+01 -1.439990e+01 -9.500000e+01
      vertex   -3.147322e+01 -7.989279e+00 -8.335384e+01
    endloop
  endfacet
  facet normal 9.761590e-01 2.170566e-01 -1.202357e-16
    outer loop
      vertex   -3.200000e+01 -5.620214e+00 -2.800000e+01
      vertex   -3.147322e+01 -7.989279e+00 -8.335384e+01
      vertex   -3.200000e+01 -5.620214e+00 -8.248016e+01
    endloop
  endfacet
  facet normal 9.761590e-01 2.170566e-01 3.840764e-17
    outer loop
      vertex   -3.147322e+01 -7.989279e+00 -8.335384e+01
      vertex   -3.004777e+01 -1.439990e+01 -9.500000e+01
      vertex   -3.108163e+01 -9.750381e+00 -9.359584e+01
    endloop
  endfacet
  facet normal 9.761590e-01 2.170566e-01 -1.156125e-15
    outer loop
      vertex   -3.108163e+01 -9.750381e+00 -9.359584e+01
      vertex   -3.004777e+01 -1.439990e+01 -9.500000e+01
      vertex   -3.004777e+01 -1.439990e+01 -1.100000e+02
    endloop
  endfacet
  facet normal 4.783659e-01 8.781606e-01 -6.782290e-17
    outer loop
      vertex   -1.251998e+01 -4.277626e+01 -1.200000e+02
      vertex   -2.528414e+01 -3.582316e+01 -1.200000e+02
      vertex   -1.251998e+01 -4.277626e+01 -2.800000e+01
    endloop
  endfacet
  facet normal 4.783659e-01 8.781606e-01 7.438959e-17
    outer loop
      vertex   -1.251998e+01 -4.277626e+01 -2.800000e+01
      vertex   -2.528414e+01 -3.582316e+01 -1.200000e+02
      vertex   -2.528414e+01 -3.582316e+01 -2.800000e+01
    endloop
  endfacet
  facet normal 1.000000e+00 0.000000e+00 -0.000000e+00
    outer loop
      vertex   -3.200000e+01 5.000000e+00 -8.245239e+01
      vertex   -3.200000e+01 5.000000e+00 -2.800000e+01
      vertex   -3.200000e+01 1.761103e+00 -7.975800e+01
    endloop
  endfacet
  facet normal 1.000000e+00 0.000000e+00 -0.000000e+00
    outer loop
      vertex   -3.200000e+01 1.761103e+00 -7.975800e+01
      vertex   -3.200000e+01 5.000000e+00 -2.800000e+01
      vertex   -3.200000e+01 -5.620214e+00 -2.800000e+01
    endloop
  endfacet
  facet normal 1.000000e+00 -9.145249e-16 -1.304223e-16
    outer loop
      vertex   -3.200000e+01 1.761103e+00 -7.975800e+01
      vertex   -3.200000e+01 -5.620214e+00 -2.800000e+01
      vertex   -3.200000e+01 -5.620214e+00 -8.248016e+01
    endloop
  endfacet
  facet normal 9.654540e-01 -2.605734e-01 8.148919e-18
    outer loop
      vertex   -2.672467e+01 2.454571e+01 -9.500000e+01
      vertex   -2.672467e+01 2.454571e+01 -2.800000e+01
      vertex   -2.948641e+01 1.431314e+01 -9.500000e+01
    endloop
  endfacet
  facet normal 9.654540e-01 -2.605734e-01 1.089126e-16
    outer loop
      vertex   -2.948641e+01 1.431314e+01 -9.500000e+01
      vertex   -2.672467e+01 2.454571e+01 -2.800000e+01
      vertex   -3.071789e+01 9.750381e+00 -8.640416e+01
    endloop
  endfacet
  facet normal 9.654540e-01 -2.605734e-01 2.356142e-16
    outer loop
      vertex   -2.948641e+01 1.431314e+01 -9.500000e+01
      vertex   -3.071789e+01 9.750381e+00 -8.640416e+01
      vertex   -3.119320e+01 7.989279e+00 -9.664616e+01
    endloop
  endfacet
  facet normal 9.654540e-01 -2.605734e-01 -2.403735e-17
    outer loop
      vertex   -2.672467e+01 2.454571e+01 -2.800000e+01
      vertex   -3.200000e+01 5.000000e+00 -2.800000e+01
      vertex   -3.071789e+01 9.750381e+00 -8.640416e+01
    endloop
  endfacet
  facet normal 9.654540e-01 -2.605734e-01 0.000000e+00
    outer loop
      vertex   -3.071789e+01 9.750381e+00 -8.640416e+01
      vertex   -3.200000e+01 5.000000e+00 -2.800000e+01
      vertex   -3.200000e+01 5.000000e+00 -8.245239e+01
    endloop
  endfacet
  facet normal 9.654540e-01 -2.605734e-01 0.000000e+00
    outer loop
      vertex   -3.200000e+01 5.000000e+00 -9.774857e+01
      vertex   -3.200000e+01 5.000000e+00 -1.200000e+02
      vertex   -3.119320e+01 7.989279e+00 -9.664616e+01
    endloop
  endfacet
  facet normal 9.654540e-01 -2.605734e-01 9.141513e-18
    outer loop
      vertex   -3.119320e+01 7.989279e+00 -9.664616e+01
      vertex   -3.200000e+01 5.000000e+00 -1.200000e+02
      vertex   -2.948641e+01 1.431314e+01 -1.100000e+02
    endloop
  endfacet
  facet normal 9.654540e-01 -2.605734e-01 -1.807959e-17
    outer loop
      vertex   -3.119320e+01 7.989279e+00 -9.664616e+01
      vertex   -2.948641e+01 1.431314e+01 -1.100000e+02
      vertex   -2.948641e+01 1.431314e+01 -9.500000e+01
    endloop
  endfacet
  facet normal 9.654540e-01 -2.605734e-01 -1.403881e-16
    outer loop
      vertex   -3.200000e+01 5.000000e+00 -1.200000e+02
      vertex   -2.672467e+01 2.454571e+01 -1.200000e+02
      vertex   -2.948641e+01 1.431314e+01 -1.100000e+02
    endloop
  endfacet
  facet normal 9.654540e-01 -2.605734e-01 -6.704046e-17
    outer loop
      vertex   -2.948641e+01 1.431314e+01 -1.100000e+02
      vertex   -2.672467e+01 2.454571e+01 -1.200000e+02
      vertex   -2.672467e+01 2.454571e+01 -1.100000e+02
    endloop
  endfacet
  facet normal -3.740483e-01 6.026889e-01 -7.048787e-01
    outer loop
      vertex   -2.586792e+01 4.200000e+01 -3.300000e+01
      vertex   -2.615473e+01 4.182200e+01 -3.300000e+01
      vertex   -2.672467e+01 4.200000e+01 -3.254536e+01
    endloop
  endfacet
  facet normal -3.770589e-01 5.983615e-01 -7.069584e-01
    outer loop
      vertex   -2.672467e+01 4.200000e+01 -3.254536e+01
      vertex   -2.615473e+01 4.182200e+01 -3.300000e+01
      vertex   -2.644032e+01 4.164203e+01 -3.300000e+01
    endloop
  endfacet
  facet normal -3.810066e-01 5.955512e-01 -7.072147e-01
    outer loop
      vertex   -2.672467e+01 4.200000e+01 -3.254536e+01
      vertex   -2.644032e+01 4.164203e+01 -3.300000e+01
      vertex   -2.672467e+01 4.146012e+01 -3.300000e+01
    endloop
  endfacet
  facet normal 5.389070e-01 -8.423652e-01 0.000000e+00
    outer loop
      vertex   -2.672467e+01 4.146012e+01 -2.800000e+01
      vertex   -2.672467e+01 4.146012e+01 -3.300000e+01
      vertex   -2.644032e+01 4.164203e+01 -2.800000e+01
    endloop
  endfacet
  facet normal 5.389070e-01 -8.423652e-01 0.000000e+00
    outer loop
      vertex   -2.644032e+01 4.164203e+01 -2.800000e+01
      vertex   -2.672467e+01 4.146012e+01 -3.300000e+01
      vertex   -2.644032e+01 4.164203e+01 -3.300000e+01
    endloop
  endfacet
  facet normal 5.331299e-01 -8.460334e-01 0.000000e+00
    outer loop
      vertex   -2.644032e+01 4.164203e+01 -2.800000e+01
      vertex   -2.644032e+01 4.164203e+01 -3.300000e+01
      vertex   -2.615473e+01 4.182200e+01 -2.800000e+01
    endloop
  endfacet
  facet normal 5.331299e-01 -8.460334e-01 0.000000e+00
    outer loop
      vertex   -2.615473e+01 4.182200e+01 -2.800000e+01
      vertex   -2.644032e+01 4.164203e+01 -3.300000e+01
      vertex   -2.615473e+01 4.182200e+01 -3.300000e+01
    endloop
  endfacet
  facet normal 5.273268e-01 -8.496626e-01 0.000000e+00
    outer loop
      vertex   -2.615473e+01 4.182200e+01 -2.800000e+01
      vertex   -2.615473e+01 4.182200e+01 -3.300000e+01
      vertex   -2.586792e+01 4.200000e+01 -2.800000e+01
    endloop
  endfacet
  facet normal 5.273268e-01 -8.496626e-01 3.746882e-16
    outer loop
      vertex   -2.586792e+01 4.200000e+01 -2.800000e+01
      vertex   -2.615473e+01 4.182200e+01 -3.300000e+01
      vertex   -2.586792e+01 4.200000e+01 -3.300000e+01
    endloop
  endfacet
  facet normal 0.000000e+00 1.000000e+00 0.000000e+00
    outer loop
      vertex   -2.586792e+01 4.200000e+01 -3.300000e+01
      vertex   -2.672467e+01 4.200000e+01 -3.254536e+01
      vertex   -2.586792e+01 4.200000e+01 -2.800000e+01
    endloop
  endfacet
  facet normal 0.000000e+00 1.000000e+00 0.000000e+00
    outer loop
      vertex   -2.586792e+01 4.200000e+01 -2.800000e+01
      vertex   -2.672467e+01 4.200000e+01 -3.254536e+01
      vertex   -2.672467e+01 4.200000e+01 -2.800000e+01
    endloop
  endfacet
  facet normal -0.000000e+00 0.000000e+00 -1.000000e+00
    outer loop
      vertex   0.000000e+00 2.059633e+01 -3.600000e+01
      vertex   -1.957806e+00 2.050307e+01 -3.600000e+01
      vertex   0.000000e+00 2.550000e+01 -3.600000e+01
    endloop
  endfacet
  facet normal 0.000000e+00 0.000000e+00 -1.000000e+00
    outer loop
      vertex   0.000000e+00 2.550000e+01 -3.600000e+01
      vertex   -1.957806e+00 2.050307e+01 -3.600000e+01
      vertex   -2.162551e+00 2.540814e+01 -3.600000e+01
    endloop
  endfacet
  facet normal 0.000000e+00 -0.000000e+00 -1.000000e+00
    outer loop
      vertex   -2.162551e+00 2.540814e+01 -3.600000e+01
      vertex   -1.957806e+00 2.050307e+01 -3.600000e+01
      vertex   -3.897881e+00 2.022413e+01 -3.600000e+01
    endloop
  endfacet
  facet normal 0.000000e+00 0.000000e+00 -1.000000e+00
    outer loop
      vertex   -2.162551e+00 2.540814e+01 -3.600000e+01
      vertex   -3.897881e+00 2.022413e+01 -3.600000e+01
      vertex   -4.309521e+00 2.513321e+01 -3.600000e+01
    endloop
  endfacet
  facet normal 0.000000e+00 -0.000000e+00 -1.000000e+00
    outer loop
      vertex   -4.309521e+00 2.513321e+01 -3.600000e+01
      vertex   -3.897881e+00 2.022413e+01 -3.600000e+01
      vertex   -5.802657e+00 1.976203e+01 -3.600000e+01
    endloop
  endfacet
  facet normal 0.000000e+00 0.000000e+00 -1.000000e+00
    outer loop
      vertex   -4.309521e+00 2.513321e+01 -3.600000e+01
      vertex   -5.802657e+00 1.976203e+01 -3.600000e+01
      vertex   -6.425441e+00 2.467719e+01 -3.600000e+01
    endloop
  endfacet
  facet normal 0.000000e+00 -0.000000e+00 -1.000000e+00
    outer loop
      vertex   -6.425441e+00 2.467719e+01 -3.600000e+01
      vertex   -5.802657e+00 1.976203e+01 -3.600000e+01
      vertex   -7.654882e+00 1.912097e+01 -3.600000e+01
    endloop
  endfacet
  facet normal 0.000000e+00 0.000000e+00 -1.000000e+00
    outer loop
      vertex   -6.425441e+00 2.467719e+01 -3.600000e+01
      vertex   -7.654882e+00 1.912097e+01 -3.600000e+01
      vertex   -8.495065e+00 2.404337e+01 -3.600000e+01
    endloop
  endfacet
  facet normal 0.000000e+00 -0.000000e+00 -1.000000e+00
    outer loop
      vertex   -8.495065e+00 2.404337e+01 -3.600000e+01
      vertex   -7.654882e+00 1.912097e+01 -3.600000e+01
      vertex   -9.437784e+00 1.830675e+01 -3.600000e+01
    endloop
  endfacet
  facet normal 0.000000e+00 0.000000e+00 -1.000000e+00
    outer loop
      vertex   -8.495065e+00 2.404337e+01 -3.600000e+01
      vertex   -9.437784e+00 1.830675e+01 -3.600000e+01
      vertex   -1.050348e+01 2.323633e+01 -3.600000e+01
    endloop
  endfacet
  facet normal 0.000000e+00 -0.000000e+00 -1.000000e+00
    outer loop
      vertex   -1.050348e+01 2.323633e+01 -3.600000e+01
      vertex   -9.437784e+00 1.830675e+01 -3.600000e+01
      vertex   -1.113522e+01 1.732673e+01 -3.600000e+01
    endloop
  endfacet
  facet normal 0.000000e+00 0.000000e+00 -1.000000e+00
    outer loop
      vertex   -1.050348e+01 2.323633e+01 -3.600000e+01
      vertex   -1.113522e+01 1.732673e+01 -3.600000e+01
      vertex   -1.243622e+01 2.226186e+01 -3.600000e+01
    endloop
  endfacet
  facet normal 0.000000e+00 -0.000000e+00 -1.000000e+00
    outer loop
      vertex   -1.243622e+01 2.226186e+01 -3.600000e+01
      vertex   -1.113522e+01 1.732673e+01 -3.600000e+01
      vertex   -1.273181e+01 1.618981e+01 -3.600000e+01
    endloop
  endfacet
  facet normal 0.000000e+00 0.000000e+00 -1.000000e+00
    outer loop
      vertex   -1.243622e+01 2.226186e+01 -3.600000e+01
      vertex   -1.273181e+01 1.618981e+01 -3.600000e+01
      vertex   -1.427936e+01 2.112700e+01 -3.600000e+01
    endloop
  endfacet
  facet normal 0.000000e+00 0.000000e+00 -1.000000e+00
    outer loop
      vertex   -1.427936e+01 2.112700e+01 -3.600000e+01
      vertex   -1.273181e+01 1.618981e+01 -3.600000e+01
      vertex   -1.421309e+01 1.490626e+01 -3.600000e+01
    endloop
  endfacet
  facet normal 0.000000e+00 -0.000000e+00 -1.000000e+00
    outer loop
      vertex   -1.427936e+01 2.112700e+01 -3.600000e+01
      vertex   -1.421309e+01 1.490626e+01 -3.600000e+01
      vertex   -1.601961e+01 1.983991e+01 -3.600000e+01
    endloop
  endfacet
  facet normal 0.000000e+00 0.000000e+00 -1.000000e+00
    outer loop
      vertex   -1.601961e+01 1.983991e+01 -3.600000e+01
      vertex   -1.421309e+01 1.490626e+01 -3.600000e+01
      vertex   -1.556567e+01 1.348773e+01 -3.600000e+01
    endloop
  endfacet
  facet normal 0.000000e+00 -0.000000e+00 -1.000000e+00
    outer loop
      vertex   -1.601961e+01 1.983991e+01 -3.600000e+01
      vertex   -1.556567e+01 1.348773e+01 -3.600000e+01
      vertex   -1.764444e+01 1.840988e+01 -3.600000e+01
    endloop
  endfacet
  facet normal 0.000000e+00 0.000000e+00 -1.000000e+00
    outer loop
      vertex   -1.764444e+01 1.840988e+01 -3.600000e+01
      vertex   -1.556567e+01 1.348773e+01 -3.600000e+01
      vertex   -1.677727e+01 1.194704e+01 -3.600000e+01
    endloop
  endfacet
  facet normal 0.000000e+00 -0.000000e+00 -1.000000e+00
    outer loop
      vertex   -1.764444e+01 1.840988e+01 -3.600000e+01
      vertex   -1.677727e+01 1.194704e+01 -3.600000e+01
      vertex   -1.914214e+01 1.684721e+01 -3.600000e+01
    endloop
  endfacet
  facet normal 0.000000e+00 0.000000e+00 -1.000000e+00
    outer loop
      vertex   -1.914214e+01 1.684721e+01 -3.600000e+01
      vertex   -1.677727e+01 1.194704e+01 -3.600000e+01
      vertex   -1.783694e+01 1.029816e+01 -3.600000e+01
    endloop
  endfacet
  facet normal 0.000000e+00 -0.000000e+00 -1.000000e+00
    outer loop
      vertex   -1.914214e+01 1.684721e+01 -3.600000e+01
      vertex   -1.783694e+01 1.029816e+01 -3.600000e+01
      vertex   -2.050193e+01 1.516315e+01 -3.600000e+01
    endloop
  endfacet
  facet normal 0.000000e+00 0.000000e+00 -1.000000e+00
    outer loop
      vertex   -2.050193e+01 1.516315e+01 -3.600000e+01
      vertex   -1.783694e+01 1.029816e+01 -3.600000e+01
      vertex   -1.873508e+01 8.556024e+00 -3.600000e+01
    endloop
  endfacet
  facet normal 0.000000e+00 -0.000000e+00 -1.000000e+00
    outer loop
      vertex   -2.050193e+01 1.516315e+01 -3.600000e+01
      vertex   -1.873508e+01 8.556024e+00 -3.600000e+01
      vertex   -2.171399e+01 1.336984e+01 -3.600000e+01
    endloop
  endfacet
  facet normal 0.000000e+00 0.000000e+00 -1.000000e+00
    outer loop
      vertex   -2.171399e+01 1.336984e+01 -3.600000e+01
      vertex   -1.873508e+01 8.556024e+00 -3.600000e+01
      vertex   -1.946355e+01 6.736399e+00 -3.600000e+01
    endloop
  endfacet
  facet normal 0.000000e+00 -0.000000e+00 -1.000000e+00
    outer loop
      vertex   -2.171399e+01 1.336984e+01 -3.600000e+01
      vertex   -1.946355e+01 6.736399e+00 -3.600000e+01
      vertex   -2.276961e+01 1.148020e+01 -3.600000e+01
    endloop
  endfacet
  facet normal 0.000000e+00 0.000000e+00 -1.000000e+00
    outer loop
      vertex   -2.276961e+01 1.148020e+01 -3.600000e+01
      vertex   -1.946355e+01 6.736399e+00 -3.600000e+01
      vertex   -2.001575e+01 4.855769e+00 -3.600000e+01
    endloop
  endfacet
  facet normal 0.000000e+00 -0.000000e+00 -1.000000e+00
    outer loop
      vertex   -2.276961e+01 1.148020e+01 -3.600000e+01
      vertex   -2.001575e+01 4.855769e+00 -3.600000e+01
      vertex   -2.366117e+01 9.507840e+00 -3.600000e+01
    endloop
  endfacet
  facet normal 0.000000e+00 -0.000000e+00 -1.000000e+00
    outer loop
      vertex   -2.366117e+01 9.507840e+00 -3.600000e+01
      vertex   -2.001575e+01 4.855769e+00 -3.600000e+01
      vertex   -2.438225e+01 7.466981e+00 -3.600000e+01
    endloop
  endfacet
  facet normal 0.000000e+00 0.000000e+00 -1.000000e+00
    outer loop
      vertex   -2.438225e+01 7.466981e+00 -3.600000e+01
      vertex   -2.001575e+01 4.855769e+00 -3.600000e+01
      vertex   -2.038669e+01 2.931163e+00 -3.600000e+01
    endloop
  endfacet
  facet normal 0.000000e+00 -0.000000e+00 -1.000000e+00
    outer loop
      vertex   -2.438225e+01 7.466981e+00 -3.600000e+01
      vertex   -2.038669e+01 2.931163e+00 -3.600000e+01
      vertex   -2.492766e+01 5.372321e+00 -3.600000e+01
    endloop
  endfacet
  facet normal 0.000000e+00 0.000000e+00 -1.000000e+00
    outer loop
      vertex   -2.492766e+01 5.372321e+00 -3.600000e+01
      vertex   -2.038669e+01 2.931163e+00 -3.600000e+01
      vertex   -2.057300e+01 9.800128e-01 -3.600000e+01
    endloop
  endfacet
  facet normal 0.000000e+00 -0.000000e+00 -1.000000e+00
    outer loop
      vertex   -2.492766e+01 5.372321e+00 -3.600000e+01
      vertex   -2.057300e+01 9.800128e-01 -3.600000e+01
      vertex   -2.529346e+01 3.238954e+00 -3.600000e+01
    endloop
  endfacet
  facet normal 0.000000e+00 -0.000000e+00 -1.000000e+00
    outer loop
      vertex   -2.529346e+01 3.238954e+00 -3.600000e+01
      vertex   -2.057300e+01 9.800128e-01 -3.600000e+01
      vertex   -2.547702e+01 1.082251e+00 -3.600000e+01
    endloop
  endfacet
  facet normal 0.000000e+00 0.000000e+00 -1.000000e+00
    outer loop
      vertex   -2.547702e+01 1.082251e+00 -3.600000e+01
      vertex   -2.057300e+01 9.800128e-01 -3.600000e+01
      vertex   -2.057300e+01 -9.800128e-01 -3.600000e+01
    endloop
  endfacet
  facet normal 0.000000e+00 0.000000e+00 -1.000000e+00
    outer loop
      vertex   -2.547702e+01 1.082251e+00 -3.600000e+01
      vertex   -2.057300e+01 -9.800128e-01 -3.600000e+01
      vertex   -2.547702e+01 -1.082251e+00 -3.600000e+01
    endloop
  endfacet
  facet normal 0.000000e+00 0.000000e+00 -1.000000e+00
    outer loop
      vertex   -2.547702e+01 -1.082251e+00 -3.600000e+01
      vertex   -2.057300e+01 -9.800128e-01 -3.600000e+01
      vertex   -2.529346e+01 -3.238954e+00 -3.600000e+01
    endloop
  endfacet
  facet normal 0.000000e+00 0.000000e+00 -1.000000e+00
    outer loop
      vertex   -2.529346e+01 -3.238954e+00 -3.600000e+01
      vertex   -2.057300e+01 -9.800128e-01 -3.600000e+01
      vertex   -2.492766e+01 -5.372321e+00 -3.600000e+01
    endloop
  endfacet
  facet normal 0.000000e+00 0.000000e+00 -1.000000e+00
    outer loop
      vertex   -2.492766e+01 -5.372321e+00 -3.600000e+01
      vertex   -2.057300e+01 -9.800128e-01 -3.600000e+01
      vertex   -2.038669e+01 -2.931163e+00 -3.600000e+01
    endloop
  endfacet
  facet normal 0.000000e+00 0.000000e+00 -1.000000e+00
    outer loop
      vertex   -2.492766e+01 -5.372321e+00 -3.600000e+01
      vertex   -2.038669e+01 -2.931163e+00 -3.600000e+01
      vertex   -2.438225e+01 -7.466981e+00 -3.600000e+01
    endloop
  endfacet
  facet normal 0.000000e+00 0.000000e+00 -1.000000e+00
    outer loop
      vertex   -2.438225e+01 -7.466981e+00 -3.600000e+01
      vertex   -2.038669e+01 -2.931163e+00 -3.600000e+01
      vertex   -2.001575e+01 -4.855769e+00 -3.600000e+01
    endloop
  endfacet
  facet normal 0.000000e+00 0.000000e+00 -1.000000e+00
    outer loop
      vertex   -2.438225e+01 -7.466981e+00 -3.600000e+01
      vertex   -2.001575e+01 -4.855769e+00 -3.600000e+01
      vertex   -2.366117e+01 -9.507840e+00 -3.600000e+01
    endloop
  endfacet
  facet normal 0.000000e+00 0.000000e+00 -1.000000e+00
    outer loop
      vertex   -2.366117e+01 -9.507840e+00 -3.600000e+01
      vertex   -2.001575e+01 -4.855769e+00 -3.600000e+01
      vertex   -2.276961e+01 -1.148020e+01 -3.600000e+01
    endloop
  endfacet
  facet normal 0.000000e+00 0.000000e+00 -1.000000e+00
    outer loop
      vertex   -2.276961e+01 -1.148020e+01 -3.600000e+01
      vertex   -2.001575e+01 -4.855769e+00 -3.600000e+01
      vertex   -1.946355e+01 -6.736399e+00 -3.600000e+01
    endloop
  endfacet
  facet normal 0.000000e+00 0.000000e+00 -1.000000e+00
    outer loop
      vertex   -2.276961e+01 -1.148020e+01 -3.600000e+01
      vertex   -1.946355e+01 -6.736399e+00 -3.600000e+01
      vertex   -2.171399e+01 -1.336984e+01 -3.600000e+01
    endloop
  endfacet
  facet normal 0.000000e+00 0.000000e+00 -1.000000e+00
    outer loop
      vertex   -2.171399e+01 -1.336984e+01 -3.600000e+01
      vertex   -1.946355e+01 -6.736399e+00 -3.600000e+01
      vertex   -1.873508e+01 -8.556024e+00 -3.600000e+01
    endloop
  endfacet
  facet normal 0.000000e+00 0.000000e+00 -1.000000e+00
    outer loop
      vertex   -2.171399e+01 -1.336984e+01 -3.600000e+01
      vertex   -1.873508e+01 -8.556024e+00 -3.600000e+01
      vertex   -2.050193e+01 -1.516315e+01 -3.600000e+01
    endloop
  endfacet
  facet normal 0.000000e+00 0.000000e+00 -1.000000e+00
    outer loop
      vertex   -2.050193e+01 -1.516315e+01 -3.600000e+01
      vertex   -1.873508e+01 -8.556024e+00 -3.600000e+01
      vertex   -1.783694e+01 -1.029816e+01 -3.600000e+01
    endloop
  endfacet
  facet normal 0.000000e+00 0.000000e+00 -1.000000e+00
    outer loop
      vertex   -2.050193e+01 -1.516315e+01 -3.600000e+01
      vertex   -1.783694e+01 -1.029816e+01 -3.600000e+01
      vertex   -1.914214e+01 -1.684721e+01 -3.600000e+01
    endloop
  endfacet
  facet normal 0.000000e+00 0.000000e+00 -1.000000e+00
    outer loop
      vertex   -1.914214e+01 -1.684721e+01 -3.600000e+01
      vertex   -1.783694e+01 -1.029816e+01 -3.600000e+01
      vertex   -1.677727e+01 -1.194704e+01 -3.600000e+01
    endloop
  endfacet
  facet normal 0.000000e+00 0.000000e+00 -1.000000e+00
    outer loop
      vertex   -1.914214e+01 -1.684721e+01 -3.600000e+01
      vertex   -1.677727e+01 -1.194704e+01 -3.600000e+01
      vertex   -1.764444e+01 -1.840988e+01 -3.600000e+01
    endloop
  endfacet
  facet normal 0.000000e+00 0.000000e+00 -1.000000e+00
    outer loop
      vertex   -1.764444e+01 -1.840988e+01 -3.600000e+01
      vertex   -1.677727e+01 -1.194704e+01 -3.600000e+01
      vertex   -1.556567e+01 -1.348773e+01 -3.600000e+01
    endloop
  endfacet
  facet normal 0.000000e+00 0.000000e+00 -1.000000e+00
    outer loop
      vertex   -1.764444e+01 -1.840988e+01 -3.600000e+01
      vertex   -1.556567e+01 -1.348773e+01 -3.600000e+01
      vertex   -1.601961e+01 -1.983991e+01 -3.600000e+01
    endloop
  endfacet
  facet normal 0.000000e+00 0.000000e+00 -1.000000e+00
    outer loop
      vertex   -1.601961e+01 -1.983991e+01 -3.600000e+01
      vertex   -1.556567e+01 -1.348773e+01 -3.600000e+01
      vertex   -1.421309e+01 -1.490626e+01 -3.600000e+01
    endloop
  endfacet
  facet normal 0.000000e+00 0.000000e+00 -1.000000e+00
    outer loop
      vertex   -1.601961e+01 -1.983991e+01 -3.600000e+01
      vertex   -1.421309e+01 -1.490626e+01 -3.600000e+01
      vertex   -1.427936e+01 -2.112700e+01 -3.600000e+01
    endloop
  endfacet
  facet normal 0.000000e+00 0.000000e+00 -1.000000e+00
    outer loop
      vertex   -1.427936e+01 -2.112700e+01 -3.600000e+01
      vertex   -1.421309e+01 -1.490626e+01 -3.600000e+01
      vertex   -1.273181e+01 -1.618981e+01 -3.600000e+01
    endloop
  endfacet
  facet normal 0.000000e+00 0.000000e+00 -1.000000e+00
    outer loop
      vertex   -1.427936e+01 -2.112700e+01 -3.600000e+01
      vertex   -1.273181e+01 -1.618981e+01 -3.600000e+01
      vertex   -1.243622e+01 -2.226186e+01 -3.600000e+01
    endloop
  endfacet
  facet normal 0.000000e+00 0.000000e+00 -1.000000e+00
    outer loop
      vertex   -1.243622e+01 -2.226186e+01 -3.600000e+01
      vertex   -1.273181e+01 -1.618981e+01 -3.600000e+01
      vertex   -1.113522e+01 -1.732673e+01 -3.600000e+01
    endloop
  endfacet
  facet normal 0.000000e+00 0.000000e+00 -1.000000e+00
    outer loop
      vertex   -1.243622e+01 -2.226186e+01 -3.600000e+01
      vertex   -1.113522e+01 -1.732673e+01 -3.600000e+01
      vertex   -1.050348e+01 -2.323633e+01 -3.600000e+01
    endloop
  endfacet
  facet normal 0.000000e+00 0.000000e+00 -1.000000e+00
    outer loop
      vertex   -1.050348e+01 -2.323633e+01 -3.600000e+01
      vertex   -1.113522e+01 -1.732673e+01 -3.600000e+01
      vertex   -9.437784e+00 -1.830675e+01 -3.600000e+01
    endloop
  endfacet
  facet normal 0.000000e+00 0.000000e+00 -1.000000e+00
    outer loop
      vertex   -1.050348e+01 -2.323633e+01 -3.600000e+01
      vertex   -9.437784e+00 -1.830675e+01 -3.600000e+01
      vertex   -8.495065e+00 -2.404337e+01 -3.600000e+01
    endloop
  endfacet
  facet normal 0.000000e+00 0.000000e+00 -1.000000e+00
    outer loop
      vertex   -8.495065e+00 -2.404337e+01 -3.600000e+01
      vertex   -9.437784e+00 -1.830675e+01 -3.600000e+01
      vertex   -7.654882e+00 -1.912097e+01 -3.600000e+01
    endloop
  endfacet
  facet normal 0.000000e+00 0.000000e+00 -1.000000e+00
    outer loop
      vertex   -8.495065e+00 -2.404337e+01 -3.600000e+01
      vertex   -7.654882e+00 -1.912097e+01 -3.600000e+01
      vertex   -6.425441e+00 -2.467719e+01 -3.600000e+01
    endloop
  endfacet
  facet normal 0.000000e+00 0.000000e+00 -1.000000e+00
    outer loop
      vertex   -6.425441e+00 -2.467719e+01 -3.600000e+01
      vertex   -7.654882e+00 -1.912097e+01 -3.600000e+01
      vertex   -5.802657e+00 -1.976203e+01 -3.600000e+01
    endloop
  endfacet
  facet normal 0.000000e+00 0.000000e+00 -1.000000e+00
    outer loop
      vertex   -6.425441e+00 -2.467719e+01 -3.600000e+01
      vertex   -5.802657e+00 -1.976203e+01 -3.600000e+01
      vertex   -4.309521e+00 -2.513321e+01 -3.600000e+01
    endloop
  endfacet
  facet normal 0.000000e+00 0.000000e+00 -1.000000e+00
    outer loop
      vertex   -4.309521e+00 -2.513321e+01 -3.600000e+01
      vertex   -5.802657e+00 -1.976203e+01 -3.600000e+01
      vertex   -3.897881e+00 -2.022413e+01 -3.600000e+01
    endloop
  endfacet
  facet normal 0.000000e+00 0.000000e+00 -1.000000e+00
    outer loop
      vertex   -4.309521e+00 -2.513321e+01 -3.600000e+01
      vertex   -3.897881e+00 -2.022413e+01 -3.600000e+01
      vertex   -2.162551e+00 -2.540814e+01 -3.600000e+01
    endloop
  endfacet
  facet normal 0.000000e+00 0.000000e+00 -1.000000e+00
    outer loop
      vertex   -2.162551e+00 -2.540814e+01 -3.600000e+01
      vertex   -3.897881e+00 -2.022413e+01 -3.600000e+01
      vertex   -1.957806e+00 -2.050307e+01 -3.600000e+01
    endloop
  endfacet
  facet normal 0.000000e+00 0.000000e+00 -1.000000e+00
    outer loop
      vertex   -2.162551e+00 -2.540814e+01 -3.600000e+01
      vertex   -1.957806e+00 -2.050307e+01 -3.600000e+01
      vertex   0.000000e+00 -2.550000e+01 -3.600000e+01
    endloop
  endfacet
  facet normal 0.000000e+00 0.000000e+00 -1.000000e+00
    outer loop
      vertex   0.000000e+00 -2.550000e+01 -3.600000e+01
      vertex   -1.957806e+00 -2.050307e+01 -3.600000e+01
      vertex   0.000000e+00 -2.059633e+01 -3.600000e+01
    endloop
  endfacet
  facet normal -4.244120e-02 9.990990e-01 0.000000e+00
    outer loop
      vertex   0.000000e+00 2.550000e+01 -2.800000e+01
      vertex   0.000000e+00 2.550000e+01 -3.600000e+01
      vertex   -2.162551e+00 2.540814e+01 -2.800000e+01
    endloop
  endfacet
  facet normal -4.244120e-02 9.990990e-01 5.889900e-17
    outer loop
      vertex   -2.162551e+00 2.540814e+01 -2.800000e+01
      vertex   0.000000e+00 2.550000e+01 -3.600000e+01
      vertex   -2.162551e+00 2.540814e+01 -3.600000e+01
    endloop
  endfacet
  facet normal -1.270178e-01 9.919004e-01 1.762726e-16
    outer loop
      vertex   -2.162551e+00 2.540814e+01 -2.800000e+01
      vertex   -2.162551e+00 2.540814e+01 -3.600000e+01
      vertex   -4.309521e+00 2.513321e+01 -3.600000e+01
    endloop
  endfacet
  facet normal -1.270178e-01 9.919004e-01 8.335002e-17
    outer loop
      vertex   -2.162551e+00 2.540814e+01 -2.800000e+01
      vertex   -4.309521e+00 2.513321e+01 -3.600000e+01
      vertex   -4.309521e+00 2.513321e+01 -2.800000e+01
    endloop
  endfacet
  facet normal -2.106793e-01 9.775552e-01 1.403406e-16
    outer loop
      vertex   -4.309521e+00 2.513321e+01 -2.800000e+01
      vertex   -4.309521e+00 2.513321e+01 -3.600000e+01
      vertex   -6.425441e+00 2.467719e+01 -3.600000e+01
    endloop
  endfacet
  facet normal -2.106793e-01 9.775552e-01 -1.089962e-16
    outer loop
      vertex   -4.309521e+00 2.513321e+01 -2.800000e+01
      vertex   -6.425441e+00 2.467719e+01 -3.600000e+01
      vertex   -6.425441e+00 2.467719e+01 -2.800000e+01
    endloop
  endfacet
  facet normal -2.928228e-01 9.561667e-01 3.051468e-17
    outer loop
      vertex   -6.425441e+00 2.467719e+01 -2.800000e+01
      vertex   -6.425441e+00 2.467719e+01 -3.600000e+01
      vertex   -8.495065e+00 2.404337e+01 -3.600000e+01
    endloop
  endfacet
  facet normal -2.928228e-01 9.561667e-01 0.000000e+00
    outer loop
      vertex   -6.425441e+00 2.467719e+01 -2.800000e+01
      vertex   -8.495065e+00 2.404337e+01 -3.600000e+01
      vertex   -8.495065e+00 2.404337e+01 -2.800000e+01
    endloop
  endfacet
  facet normal -3.728565e-01 9.278890e-01 0.000000e+00
    outer loop
      vertex   -8.495065e+00 2.404337e+01 -2.800000e+01
      vertex   -8.495065e+00 2.404337e+01 -3.600000e+01
      vertex   -1.050348e+01 2.323633e+01 -3.600000e+01
    endloop
  endfacet
  facet normal -3.728565e-01 9.278890e-01 7.693848e-17
    outer loop
      vertex   -8.495065e+00 2.404337e+01 -2.800000e+01
      vertex   -1.050348e+01 2.323633e+01 -3.600000e+01
      vertex   -1.050348e+01 2.323633e+01 -2.800000e+01
    endloop
  endfacet
  facet normal -4.502037e-01 8.929259e-01 2.032531e-16
    outer loop
      vertex   -1.050348e+01 2.323633e+01 -2.800000e+01
      vertex   -1.050348e+01 2.323633e+01 -3.600000e+01
      vertex   -1.243622e+01 2.226186e+01 -3.600000e+01
    endloop
  endfacet
  facet normal -4.502037e-01 8.929259e-01 -1.923462e-16
    outer loop
      vertex   -1.050348e+01 2.323633e+01 -2.800000e+01
      vertex   -1.243622e+01 2.226186e+01 -3.600000e+01
      vertex   -1.243622e+01 2.226186e+01 -2.800000e+01
    endloop
  endfacet
  facet normal -5.243073e-01 8.515291e-01 -5.779219e-17
    outer loop
      vertex   -1.243622e+01 2.226186e+01 -2.800000e+01
      vertex   -1.243622e+01 2.226186e+01 -3.600000e+01
      vertex   -1.427936e+01 2.112700e+01 -3.600000e+01
    endloop
  endfacet
  facet normal -5.243073e-01 8.515291e-01 -1.795231e-16
    outer loop
      vertex   -1.243622e+01 2.226186e+01 -2.800000e+01
      vertex   -1.427936e+01 2.112700e+01 -3.600000e+01
      vertex   -1.427936e+01 2.112700e+01 -2.800000e+01
    endloop
  endfacet
  facet normal -5.946332e-01 8.039971e-01 -5.391746e-17
    outer loop
      vertex   -1.427936e+01 2.112700e+01 -2.800000e+01
      vertex   -1.427936e+01 2.112700e+01 -3.600000e+01
      vertex   -1.601961e+01 1.983991e+01 -3.600000e+01
    endloop
  endfacet
  facet normal -5.946332e-01 8.039971e-01 7.693848e-17
    outer loop
      vertex   -1.427936e+01 2.112700e+01 -2.800000e+01
      vertex   -1.601961e+01 1.983991e+01 -3.600000e+01
      vertex   -1.601961e+01 1.983991e+01 -2.800000e+01
    endloop
  endfacet
  facet normal -6.606747e-01 7.506723e-01 2.134646e-16
    outer loop
      vertex   -1.601961e+01 1.983991e+01 -2.800000e+01
      vertex   -1.601961e+01 1.983991e+01 -3.600000e+01
      vertex   -1.764444e+01 1.840988e+01 -3.600000e+01
    endloop
  endfacet
  facet normal -6.606747e-01 7.506723e-01 0.000000e+00
    outer loop
      vertex   -1.601961e+01 1.983991e+01 -2.800000e+01
      vertex   -1.764444e+01 1.840988e+01 -3.600000e+01
      vertex   -1.764444e+01 1.840988e+01 -2.800000e+01
    endloop
  endfacet
  facet normal -7.219561e-01 6.919389e-01 0.000000e+00
    outer loop
      vertex   -1.764444e+01 1.840988e+01 -2.800000e+01
      vertex   -1.764444e+01 1.840988e+01 -3.600000e+01
      vertex   -1.914214e+01 1.684721e+01 -3.600000e+01
    endloop
  endfacet
  facet normal -7.219561e-01 6.919389e-01 2.564616e-17
    outer loop
      vertex   -1.764444e+01 1.840988e+01 -2.800000e+01
      vertex   -1.914214e+01 1.684721e+01 -3.600000e+01
      vertex   -1.914214e+01 1.684721e+01 -2.800000e+01
    endloop
  endfacet
  facet normal -7.780358e-01 6.282200e-01 1.330631e-16
    outer loop
      vertex   -1.914214e+01 1.684721e+01 -2.800000e+01
      vertex   -1.914214e+01 1.684721e+01 -3.600000e+01
      vertex   -2.050193e+01 1.516315e+01 -3.600000e+01
    endloop
  endfacet
  facet normal -7.780358e-01 6.282200e-01 0.000000e+00
    outer loop
      vertex   -1.914214e+01 1.684721e+01 -2.800000e+01
      vertex   -2.050193e+01 1.516315e+01 -3.600000e+01
      vertex   -2.050193e+01 1.516315e+01 -2.800000e+01
    endloop
  endfacet
  facet normal -8.285096e-01 5.599748e-01 0.000000e+00
    outer loop
      vertex   -2.050193e+01 1.516315e+01 -2.800000e+01
      vertex   -2.050193e+01 1.516315e+01 -3.600000e+01
      vertex   -2.171399e+01 1.336984e+01 -3.600000e+01
    endloop
  endfacet
  facet normal -8.285096e-01 5.599748e-01 1.282308e-16
    outer loop
      vertex   -2.050193e+01 1.516315e+01 -2.800000e+01
      vertex   -2.171399e+01 1.336984e+01 -3.600000e+01
      vertex   -2.171399e+01 1.336984e+01 -2.800000e+01
    endloop
  endfacet
  facet normal -8.730141e-01 4.876949e-01 2.339421e-16
    outer loop
      vertex   -2.171399e+01 1.336984e+01 -2.800000e+01
      vertex   -2.171399e+01 1.336984e+01 -3.600000e+01
      vertex   -2.276961e+01 1.148020e+01 -3.600000e+01
    endloop
  endfacet
  facet normal -8.730141e-01 4.876949e-01 0.000000e+00
    outer loop
      vertex   -2.171399e+01 1.336984e+01 -2.800000e+01
      vertex   -2.276961e+01 1.148020e+01 -3.600000e+01
      vertex   -2.276961e+01 1.148020e+01 -2.800000e+01
    endloop
  endfacet
  facet normal -9.112285e-01 4.119012e-01 0.000000e+00
    outer loop
      vertex   -2.276961e+01 1.148020e+01 -2.800000e+01
      vertex   -2.276961e+01 1.148020e+01 -3.600000e+01
      vertex   -2.366117e+01 9.507840e+00 -3.600000e+01
    endloop
  endfacet
  facet normal -9.112285e-01 4.119012e-01 0.000000e+00
    outer loop
      vertex   -2.276961e+01 1.148020e+01 -2.800000e+01
      vertex   -2.366117e+01 9.507840e+00 -3.600000e+01
      vertex   -2.366117e+01 9.507840e+00 -2.800000e+01
    endloop
  endfacet
  facet normal -9.428774e-01 3.331398e-01 0.000000e+00
    outer loop
      vertex   -2.366117e+01 9.507840e+00 -2.800000e+01
      vertex   -2.366117e+01 9.507840e+00 -3.600000e+01
      vertex   -2.438225e+01 7.466981e+00 -3.600000e+01
    endloop
  endfacet
  facet normal -9.428774e-01 3.331398e-01 -4.359847e-16
    outer loop
      vertex   -2.366117e+01 9.507840e+00 -2.800000e+01
      vertex   -2.438225e+01 7.466981e+00 -3.600000e+01
      vertex   -2.438225e+01 7.466981e+00 -2.800000e+01
    endloop
  endfacet
  facet normal -9.677329e-01 2.519781e-01 -3.357022e-16
    outer loop
      vertex   -2.438225e+01 7.466981e+00 -2.800000e+01
      vertex   -2.438225e+01 7.466981e+00 -3.600000e+01
      vertex   -2.492766e+01 5.372321e+00 -3.600000e+01
    endloop
  endfacet
  facet normal -9.677329e-01 2.519781e-01 1.025846e-16
    outer loop
      vertex   -2.438225e+01 7.466981e+00 -2.800000e+01
      vertex   -2.492766e+01 5.372321e+00 -3.600000e+01
      vertex   -2.492766e+01 5.372321e+00 -2.800000e+01
    endloop
  endfacet
  facet normal -9.856159e-01 1.690008e-01 2.125471e-16
    outer loop
      vertex   -2.492766e+01 5.372321e+00 -2.800000e+01
      vertex   -2.492766e+01 5.372321e+00 -3.600000e+01
      vertex   -2.529346e+01 3.238954e+00 -3.600000e+01
    endloop
  endfacet
  facet normal -9.856159e-01 1.690008e-01 -2.308155e-16
    outer loop
      vertex   -2.492766e+01 5.372321e+00 -2.800000e+01
      vertex   -2.529346e+01 3.238954e+00 -3.600000e+01
      vertex   -2.529346e+01 3.238954e+00 -2.800000e+01
    endloop
  endfacet
  facet normal -9.963975e-01 8.480592e-02 -1.176919e-16
    outer loop
      vertex   -2.529346e+01 3.238954e+00 -2.800000e+01
      vertex   -2.529346e+01 3.238954e+00 -3.600000e+01
      vertex   -2.547702e+01 1.082251e+00 -3.600000e+01
    endloop
  endfacet
  facet normal -9.963975e-01 8.480592e-02 0.000000e+00
    outer loop
      vertex   -2.529346e+01 3.238954e+00 -2.800000e+01
      vertex   -2.547702e+01 1.082251e+00 -3.600000e+01
      vertex   -2.547702e+01 1.082251e+00 -2.800000e+01
    endloop
  endfacet
  facet normal -1.000000e+00 0.000000e+00 -0.000000e+00
    outer loop
      vertex   -2.547702e+01 1.082251e+00 -2.800000e+01
      vertex   -2.547702e+01 1.082251e+00 -3.600000e+01
      vertex   -2.547702e+01 -1.082251e+00 -3.600000e+01
    endloop
  endfacet
  facet normal -1.000000e+00 -0.000000e+00 0.000000e+00
    outer loop
      vertex   -2.547702e+01 1.082251e+00 -2.800000e+01
      vertex   -2.547702e+01 -1.082251e+00 -3.600000e+01
      vertex   -2.547702e+01 -1.082251e+00 -2.800000e+01
    endloop
  endfacet
  facet normal -9.963975e-01 -8.480592e-02 1.200457e-16
    outer loop
      vertex   -2.547702e+01 -1.082251e+00 -2.800000e+01
      vertex   -2.547702e+01 -1.082251e+00 -3.600000e+01
      vertex   -2.529346e+01 -3.238954e+00 -3.600000e+01
    endloop
  endfacet
  facet normal -9.963975e-01 -8.480592e-02 2.340212e-16
    outer loop
      vertex   -2.547702e+01 -1.082251e+00 -2.800000e+01
      vertex   -2.529346e+01 -3.238954e+00 -3.600000e+01
      vertex   -2.529346e+01 -3.238954e+00 -2.800000e+01
    endloop
  endfacet
  facet normal -9.856159e-01 -1.690008e-01 4.690715e-16
    outer loop
      vertex   -2.529346e+01 -3.238954e+00 -2.800000e+01
      vertex   -2.529346e+01 -3.238954e+00 -3.600000e+01
      vertex   -2.492766e+01 -5.372321e+00 -3.600000e+01
    endloop
  endfacet
  facet normal -9.856159e-01 -1.690008e-01 2.628732e-16
    outer loop
      vertex   -2.529346e+01 -3.238954e+00 -2.800000e+01
      vertex   -2.492766e+01 -5.372321e+00 -3.600000e+01
      vertex   -2.492766e+01 -5.372321e+00 -2.800000e+01
    endloop
  endfacet
  facet normal -9.677329e-01 -2.519781e-01 3.916526e-16
    outer loop
      vertex   -2.492766e+01 -5.372321e+00 -2.800000e+01
      vertex   -2.492766e+01 -5.372321e+00 -3.600000e+01
      vertex   -2.438225e+01 -7.466981e+00 -3.600000e+01
    endloop
  endfacet
  facet normal -9.677329e-01 -2.519781e-01 0.000000e+00
    outer loop
      vertex   -2.492766e+01 -5.372321e+00 -2.800000e+01
      vertex   -2.438225e+01 -7.466981e+00 -3.600000e+01
      vertex   -2.438225e+01 -7.466981e+00 -2.800000e+01
    endloop
  endfacet
  facet normal -9.428774e-01 -3.331398e-01 -0.000000e+00
    outer loop
      vertex   -2.438225e+01 -7.466981e+00 -2.800000e+01
      vertex   -2.438225e+01 -7.466981e+00 -3.600000e+01
      vertex   -2.366117e+01 -9.507840e+00 -3.600000e+01
    endloop
  endfacet
  facet normal -9.428774e-01 -3.331398e-01 0.000000e+00
    outer loop
      vertex   -2.438225e+01 -7.466981e+00 -2.800000e+01
      vertex   -2.366117e+01 -9.507840e+00 -3.600000e+01
      vertex   -2.366117e+01 -9.507840e+00 -2.800000e+01
    endloop
  endfacet
  facet normal -9.112285e-01 -4.119012e-01 -0.000000e+00
    outer loop
      vertex   -2.366117e+01 -9.507840e+00 -2.800000e+01
      vertex   -2.366117e+01 -9.507840e+00 -3.600000e+01
      vertex   -2.276961e+01 -1.148020e+01 -3.600000e+01
    endloop
  endfacet
  facet normal -9.112285e-01 -4.119012e-01 0.000000e+00
    outer loop
      vertex   -2.366117e+01 -9.507840e+00 -2.800000e+01
      vertex   -2.276961e+01 -1.148020e+01 -3.600000e+01
      vertex   -2.276961e+01 -1.148020e+01 -2.800000e+01
    endloop
  endfacet
  facet normal -8.730141e-01 -4.876949e-01 -0.000000e+00
    outer loop
      vertex   -2.276961e+01 -1.148020e+01 -2.800000e+01
      vertex   -2.276961e+01 -1.148020e+01 -3.600000e+01
      vertex   -2.171399e+01 -1.336984e+01 -3.600000e+01
    endloop
  endfacet
  facet normal -8.730141e-01 -4.876949e-01 2.564616e-16
    outer loop
      vertex   -2.276961e+01 -1.148020e+01 -2.800000e+01
      vertex   -2.171399e+01 -1.336984e+01 -3.600000e+01
      vertex   -2.171399e+01 -1.336984e+01 -2.800000e+01
    endloop
  endfacet
  facet normal -8.285096e-01 -5.599748e-01 3.781041e-16
    outer loop
      vertex   -2.171399e+01 -1.336984e+01 -2.800000e+01
      vertex   -2.171399e+01 -1.336984e+01 -3.600000e+01
      vertex   -2.050193e+01 -1.516315e+01 -3.600000e+01
    endloop
  endfacet
  facet normal -8.285096e-01 -5.599748e-01 1.282308e-16
    outer loop
      vertex   -2.171399e+01 -1.336984e+01 -2.800000e+01
      vertex   -2.050193e+01 -1.516315e+01 -3.600000e+01
      vertex   -2.050193e+01 -1.516315e+01 -2.800000e+01
    endloop
  endfacet
  facet normal -7.780358e-01 -6.282200e-01 2.124542e-16
    outer loop
      vertex   -2.050193e+01 -1.516315e+01 -2.800000e+01
      vertex   -2.050193e+01 -1.516315e+01 -3.600000e+01
      vertex   -1.914214e+01 -1.684721e+01 -3.600000e+01
    endloop
  endfacet
  facet normal -7.780358e-01 -6.282200e-01 0.000000e+00
    outer loop
      vertex   -2.050193e+01 -1.516315e+01 -2.800000e+01
      vertex   -1.914214e+01 -1.684721e+01 -3.600000e+01
      vertex   -1.914214e+01 -1.684721e+01 -2.800000e+01
    endloop
  endfacet
  facet normal -7.219561e-01 -6.919389e-01 -0.000000e+00
    outer loop
      vertex   -1.914214e+01 -1.684721e+01 -2.800000e+01
      vertex   -1.914214e+01 -1.684721e+01 -3.600000e+01
      vertex   -1.764444e+01 -1.840988e+01 -3.600000e+01
    endloop
  endfacet
  facet normal -7.219561e-01 -6.919389e-01 0.000000e+00
    outer loop
      vertex   -1.914214e+01 -1.684721e+01 -2.800000e+01
      vertex   -1.764444e+01 -1.840988e+01 -3.600000e+01
      vertex   -1.764444e+01 -1.840988e+01 -2.800000e+01
    endloop
  endfacet
  facet normal -6.606747e-01 -7.506723e-01 -0.000000e+00
    outer loop
      vertex   -1.764444e+01 -1.840988e+01 -2.800000e+01
      vertex   -1.764444e+01 -1.840988e+01 -3.600000e+01
      vertex   -1.601961e+01 -1.983991e+01 -3.600000e+01
    endloop
  endfacet
  facet normal -6.606747e-01 -7.506723e-01 -7.693848e-16
    outer loop
      vertex   -1.764444e+01 -1.840988e+01 -2.800000e+01
      vertex   -1.601961e+01 -1.983991e+01 -3.600000e+01
      vertex   -1.601961e+01 -1.983991e+01 -2.800000e+01
    endloop
  endfacet
  facet normal -5.946332e-01 -8.039971e-01 -5.132817e-16
    outer loop
      vertex   -1.601961e+01 -1.983991e+01 -2.800000e+01
      vertex   -1.601961e+01 -1.983991e+01 -3.600000e+01
      vertex   -1.427936e+01 -2.112700e+01 -3.600000e+01
    endloop
  endfacet
  facet normal -5.946332e-01 -8.039971e-01 0.000000e+00
    outer loop
      vertex   -1.601961e+01 -1.983991e+01 -2.800000e+01
      vertex   -1.427936e+01 -2.112700e+01 -3.600000e+01
      vertex   -1.427936e+01 -2.112700e+01 -2.800000e+01
    endloop
  endfacet
  facet normal -5.243073e-01 -8.515291e-01 -0.000000e+00
    outer loop
      vertex   -1.427936e+01 -2.112700e+01 -2.800000e+01
      vertex   -1.427936e+01 -2.112700e+01 -3.600000e+01
      vertex   -1.243622e+01 -2.226186e+01 -3.600000e+01
    endloop
  endfacet
  facet normal -5.243073e-01 -8.515291e-01 0.000000e+00
    outer loop
      vertex   -1.427936e+01 -2.112700e+01 -2.800000e+01
      vertex   -1.243622e+01 -2.226186e+01 -3.600000e+01
      vertex   -1.243622e+01 -2.226186e+01 -2.800000e+01
    endloop
  endfacet
  facet normal -4.502037e-01 -8.929259e-01 -0.000000e+00
    outer loop
      vertex   -1.243622e+01 -2.226186e+01 -2.800000e+01
      vertex   -1.243622e+01 -2.226186e+01 -3.600000e+01
      vertex   -1.050348e+01 -2.323633e+01 -3.600000e+01
    endloop
  endfacet
  facet normal -4.502037e-01 -8.929259e-01 0.000000e+00
    outer loop
      vertex   -1.243622e+01 -2.226186e+01 -2.800000e+01
      vertex   -1.050348e+01 -2.323633e+01 -3.600000e+01
      vertex   -1.050348e+01 -2.323633e+01 -2.800000e+01
    endloop
  endfacet
  facet normal -3.728565e-01 -9.278890e-01 -0.000000e+00
    outer loop
      vertex   -1.050348e+01 -2.323633e+01 -2.800000e+01
      vertex   -1.050348e+01 -2.323633e+01 -3.600000e+01
      vertex   -8.495065e+00 -2.404337e+01 -3.600000e+01
    endloop
  endfacet
  facet normal -3.728565e-01 -9.278890e-01 0.000000e+00
    outer loop
      vertex   -1.050348e+01 -2.323633e+01 -2.800000e+01
      vertex   -8.495065e+00 -2.404337e+01 -3.600000e+01
      vertex   -8.495065e+00 -2.404337e+01 -2.800000e+01
    endloop
  endfacet
  facet normal -2.928228e-01 -9.561667e-01 -0.000000e+00
    outer loop
      vertex   -8.495065e+00 -2.404337e+01 -2.800000e+01
      vertex   -8.495065e+00 -2.404337e+01 -3.600000e+01
      vertex   -6.425441e+00 -2.467719e+01 -3.600000e+01
    endloop
  endfacet
  facet normal -2.928228e-01 -9.561667e-01 -4.231617e-16
    outer loop
      vertex   -8.495065e+00 -2.404337e+01 -2.800000e+01
      vertex   -6.425441e+00 -2.467719e+01 -3.600000e+01
      vertex   -6.425441e+00 -2.467719e+01 -2.800000e+01
    endloop
  endfacet
  facet normal -2.106793e-01 -9.775552e-01 -1.740208e-16
    outer loop
      vertex   -6.425441e+00 -2.467719e+01 -2.800000e+01
      vertex   -6.425441e+00 -2.467719e+01 -3.600000e+01
      vertex   -4.309521e+00 -2.513321e+01 -3.600000e+01
    endloop
  endfacet
  facet normal -2.106793e-01 -9.775552e-01 0.000000e+00
    outer loop
      vertex   -6.425441e+00 -2.467719e+01 -2.800000e+01
      vertex   -4.309521e+00 -2.513321e+01 -3.600000e+01
      vertex   -4.309521e+00 -2.513321e+01 -2.800000e+01
    endloop
  endfacet
  facet normal -1.270178e-01 -9.919004e-01 -0.000000e+00
    outer loop
      vertex   -4.309521e+00 -2.513321e+01 -2.800000e+01
      vertex   -4.309521e+00 -2.513321e+01 -3.600000e+01
      vertex   -2.162551e+00 -2.540814e+01 -3.600000e+01
    endloop
  endfacet
  facet normal -1.270178e-01 -9.919004e-01 0.000000e+00
    outer loop
      vertex   -4.309521e+00 -2.513321e+01 -2.800000e+01
      vertex   -2.162551e+00 -2.540814e+01 -3.600000e+01
      vertex   -2.162551e+00 -2.540814e+01 -2.800000e+01
    endloop
  endfacet
  facet normal -4.244120e-02 -9.990990e-01 -0.000000e+00
    outer loop
      vertex   -2.162551e+00 -2.540814e+01 -2.800000e+01
      vertex   -2.162551e+00 -2.540814e+01 -3.600000e+01
      vertex   0.000000e+00 -2.550000e+01 -2.800000e+01
    endloop
  endfacet
  facet normal -4.244120e-02 -9.990990e-01 -0.000000e+00
    outer loop
      vertex   0.000000e+00 -2.550000e+01 -2.800000e+01
      vertex   -2.162551e+00 -2.540814e+01 -3.600000e+01
      vertex   0.000000e+00 -2.550000e+01 -3.600000e+01
    endloop
  endfacet
  facet normal -7.314928e-01 6.818491e-01 -5.797880e-17
    outer loop
      vertex   -5.486196e+00 -3.523037e+01 -3.920575e+01
      vertex   -6.998450e+00 -3.685272e+01 -3.920575e+01
      vertex   -5.486196e+00 -3.523037e+01 -2.800000e+01
    endloop
  endfacet
  facet normal -7.314928e-01 6.818491e-01 -1.075689e-16
    outer loop
      vertex   -5.486196e+00 -3.523037e+01 -2.800000e+01
      vertex   -6.998450e+00 -3.685272e+01 -3.920575e+01
      vertex   -1.251998e+01 -4.277626e+01 -2.800000e+01
    endloop
  endfacet
  facet normal -7.314928e-01 6.818491e-01 -6.749566e-17
    outer loop
      vertex   -1.251998e+01 -4.277626e+01 -2.800000e+01
      vertex   -6.998450e+00 -3.685272e+01 -3.920575e+01
      vertex   -6.998450e+00 -3.685272e+01 -5.220575e+01
    endloop
  endfacet
  facet normal -7.314928e-01 6.818491e-01 -5.266119e-17
    outer loop
      vertex   -1.251998e+01 -4.277626e+01 -2.800000e+01
      vertex   -6.998450e+00 -3.685272e+01 -5.220575e+01
      vertex   -1.251998e+01 -4.277626e+01 -1.200000e+02
    endloop
  endfacet
  facet normal -7.314928e-01 6.818491e-01 0.000000e+00
    outer loop
      vertex   -1.251998e+01 -4.277626e+01 -1.200000e+02
      vertex   -6.998450e+00 -3.685272e+01 -5.220575e+01
      vertex   -5.486196e+00 -3.523037e+01 -1.200000e+02
    endloop
  endfacet
  facet normal -7.314928e-01 6.818491e-01 -9.583352e-18
    outer loop
      vertex   -5.486196e+00 -3.523037e+01 -1.200000e+02
      vertex   -6.998450e+00 -3.685272e+01 -5.220575e+01
      vertex   -5.486196e+00 -3.523037e+01 -5.220575e+01
    endloop
  endfacet
  facet normal 2.892961e-15 1.000000e+00 1.024821e-15
    outer loop
      vertex   -4.848144e+01 4.021405e+00 -3.920575e+01
      vertex   -3.865700e+01 4.021405e+00 -3.920575e+01
      vertex   -4.848144e+01 4.021405e+00 -5.220575e+01
    endloop
  endfacet
  facet normal 2.892961e-15 1.000000e+00 1.024821e-15
    outer loop
      vertex   -4.848144e+01 4.021405e+00 -5.220575e+01
      vertex   -3.865700e+01 4.021405e+00 -3.920575e+01
      vertex   -3.865700e+01 4.021405e+00 -5.220575e+01
    endloop
  endfacet
  facet normal -4.228505e-03 9.999911e-01 1.022501e-15
    outer loop
      vertex   -3.865700e+01 4.021405e+00 -5.220575e+01
      vertex   -3.865700e+01 4.021405e+00 -3.920575e+01
      vertex   -3.750400e+01 4.026280e+00 -5.220575e+01
    endloop
  endfacet
  facet normal -4.228505e-03 9.999911e-01 9.564913e-16
    outer loop
      vertex   -3.750400e+01 4.026280e+00 -5.220575e+01
      vertex   -3.865700e+01 4.021405e+00 -3.920575e+01
      vertex   -3.750400e+01 4.026280e+00 -3.920575e+01
    endloop
  endfacet
  facet normal -1.683252e-01 9.857315e-01 9.428520e-16
    outer loop
      vertex   -3.750400e+01 4.026280e+00 -5.220575e+01
      vertex   -3.750400e+01 4.026280e+00 -3.920575e+01
      vertex   -3.636745e+01 4.220360e+00 -5.220575e+01
    endloop
  endfacet
  facet normal -1.683252e-01 9.857315e-01 9.428520e-16
    outer loop
      vertex   -3.636745e+01 4.220360e+00 -5.220575e+01
      vertex   -3.750400e+01 4.026280e+00 -3.920575e+01
      vertex   -3.636745e+01 4.220360e+00 -3.920575e+01
    endloop
  endfacet
  facet normal -3.278551e-01 9.447280e-01 9.036322e-16
    outer loop
      vertex   -3.636745e+01 4.220360e+00 -5.220575e+01
      vertex   -3.636745e+01 4.220360e+00 -3.920575e+01
      vertex   -3.527817e+01 4.598379e+00 -5.220575e+01
    endloop
  endfacet
  facet normal -3.278551e-01 9.447280e-01 9.036322e-16
    outer loop
      vertex   -3.527817e+01 4.598379e+00 -5.220575e+01
      vertex   -3.636745e+01 4.220360e+00 -3.920575e+01
      vertex   -3.527817e+01 4.598379e+00 -3.920575e+01
    endloop
  endfacet
  facet normal -4.784899e-01 8.780931e-01 8.398959e-16
    outer loop
      vertex   -3.527817e+01 4.598379e+00 -5.220575e+01
      vertex   -3.527817e+01 4.598379e+00 -3.920575e+01
      vertex   -3.426573e+01 5.150081e+00 -5.220575e+01
    endloop
  endfacet
  facet normal -4.784899e-01 8.780931e-01 8.398959e-16
    outer loop
      vertex   -3.426573e+01 5.150081e+00 -5.220575e+01
      vertex   -3.527817e+01 4.598379e+00 -3.920575e+01
      vertex   -3.426573e+01 5.150081e+00 -3.920575e+01
    endloop
  endfacet
  facet normal -6.161428e-01 7.876345e-01 7.533723e-16
    outer loop
      vertex   -3.426573e+01 5.150081e+00 -5.220575e+01
      vertex   -3.426573e+01 5.150081e+00 -3.920575e+01
      vertex   -3.335758e+01 5.860497e+00 -5.220575e+01
    endloop
  endfacet
  facet normal -6.161428e-01 7.876345e-01 6.995600e-16
    outer loop
      vertex   -3.335758e+01 5.860497e+00 -5.220575e+01
      vertex   -3.426573e+01 5.150081e+00 -3.920575e+01
      vertex   -3.335758e+01 5.860497e+00 -3.920575e+01
    endloop
  endfacet
  facet normal -7.370790e-01 6.758066e-01 6.002368e-16
    outer loop
      vertex   -3.335758e+01 5.860497e+00 -5.220575e+01
      vertex   -3.335758e+01 5.860497e+00 -3.920575e+01
      vertex   -3.257837e+01 6.710353e+00 -5.220575e+01
    endloop
  endfacet
  facet normal -7.370790e-01 6.758066e-01 6.464089e-16
    outer loop
      vertex   -3.257837e+01 6.710353e+00 -5.220575e+01
      vertex   -3.335758e+01 5.860497e+00 -3.920575e+01
      vertex   -3.257837e+01 6.710353e+00 -3.920575e+01
    endloop
  endfacet
  facet normal -8.380175e-01 5.456433e-01 5.219077e-16
    outer loop
      vertex   -3.257837e+01 6.710353e+00 -5.220575e+01
      vertex   -3.257837e+01 6.710353e+00 -3.920575e+01
      vertex   -3.194924e+01 7.676592e+00 -5.220575e+01
    endloop
  endfacet
  facet normal -8.380175e-01 5.456433e-01 5.219077e-16
    outer loop
      vertex   -3.194924e+01 7.676592e+00 -5.220575e+01
      vertex   -3.257837e+01 6.710353e+00 -3.920575e+01
      vertex   -3.194924e+01 7.676592e+00 -3.920575e+01
    endloop
  endfacet
  facet normal -9.162198e-01 4.006761e-01 3.832467e-16
    outer loop
      vertex   -3.194924e+01 7.676592e+00 -5.220575e+01
      vertex   -3.194924e+01 7.676592e+00 -3.920575e+01
      vertex   -3.148726e+01 8.732999e+00 -5.220575e+01
    endloop
  endfacet
  facet normal -9.162198e-01 4.006761e-01 3.284971e-16
    outer loop
      vertex   -3.148726e+01 8.732999e+00 -5.220575e+01
      vertex   -3.194924e+01 7.676592e+00 -3.920575e+01
      vertex   -3.148726e+01 8.732999e+00 -3.920575e+01
    endloop
  endfacet
  facet normal -9.695640e-01 2.448382e-01 2.007323e-16
    outer loop
      vertex   -3.148726e+01 8.732999e+00 -5.220575e+01
      vertex   -3.148726e+01 8.732999e+00 -3.920575e+01
      vertex   -3.120496e+01 9.850911e+00 -5.220575e+01
    endloop
  endfacet
  facet normal -9.695640e-01 2.448382e-01 2.007323e-16
    outer loop
      vertex   -3.120496e+01 9.850911e+00 -5.220575e+01
      vertex   -3.148726e+01 8.732999e+00 -3.920575e+01
      vertex   -3.120496e+01 9.850911e+00 -3.920575e+01
    endloop
  endfacet
  facet normal -9.966028e-01 8.235755e-02 6.752141e-17
    outer loop
      vertex   -3.120496e+01 9.850911e+00 -5.220575e+01
      vertex   -3.120496e+01 9.850911e+00 -3.920575e+01
      vertex   -3.111000e+01 1.100000e+01 -5.220575e+01
    endloop
  endfacet
  facet normal -9.966028e-01 8.235755e-02 7.877498e-17
    outer loop
      vertex   -3.111000e+01 1.100000e+01 -5.220575e+01
      vertex   -3.120496e+01 9.850911e+00 -3.920575e+01
      vertex   -3.111000e+01 1.100000e+01 -3.920575e+01
    endloop
  endfacet
  facet normal -9.966028e-01 -8.235755e-02 -7.877498e-17
    outer loop
      vertex   -3.111000e+01 1.100000e+01 -5.220575e+01
      vertex   -3.111000e+01 1.100000e+01 -3.920575e+01
      vertex   -3.120496e+01 1.214909e+01 -5.220575e+01
    endloop
  endfacet
  facet normal -9.966028e-01 -8.235755e-02 -7.877498e-17
    outer loop
      vertex   -3.120496e+01 1.214909e+01 -5.220575e+01
      vertex   -3.111000e+01 1.100000e+01 -3.920575e+01
      vertex   -3.120496e+01 1.214909e+01 -3.920575e+01
    endloop
  endfacet
  facet normal -9.695640e-01 -2.448382e-01 -2.341877e-16
    outer loop
      vertex   -3.120496e+01 1.214909e+01 -5.220575e+01
      vertex   -3.120496e+01 1.214909e+01 -3.920575e+01
      vertex   -3.148726e+01 1.326700e+01 -5.220575e+01
    endloop
  endfacet
  facet normal -9.695640e-01 -2.448382e-01 -2.007323e-16
    outer loop
      vertex   -3.148726e+01 1.326700e+01 -5.220575e+01
      vertex   -3.120496e+01 1.214909e+01 -3.920575e+01
      vertex   -3.148726e+01 1.326700e+01 -3.920575e+01
    endloop
  endfacet
  facet normal -9.162198e-01 -4.006761e-01 -3.284971e-16
    outer loop
      vertex   -3.148726e+01 1.326700e+01 -5.220575e+01
      vertex   -3.148726e+01 1.326700e+01 -3.920575e+01
      vertex   -3.194924e+01 1.432341e+01 -5.220575e+01
    endloop
  endfacet
  facet normal -9.162198e-01 -4.006761e-01 -4.379962e-16
    outer loop
      vertex   -3.194924e+01 1.432341e+01 -5.220575e+01
      vertex   -3.148726e+01 1.326700e+01 -3.920575e+01
      vertex   -3.194924e+01 1.432341e+01 -3.920575e+01
    endloop
  endfacet
  facet normal -8.380175e-01 -5.456433e-01 -5.964660e-16
    outer loop
      vertex   -3.194924e+01 1.432341e+01 -5.220575e+01
      vertex   -3.194924e+01 1.432341e+01 -3.920575e+01
      vertex   -3.257837e+01 1.528965e+01 -5.220575e+01
    endloop
  endfacet
  facet normal -8.380175e-01 -5.456433e-01 -4.473495e-16
    outer loop
      vertex   -3.257837e+01 1.528965e+01 -5.220575e+01
      vertex   -3.194924e+01 1.432341e+01 -3.920575e+01
      vertex   -3.257837e+01 1.528965e+01 -3.920575e+01
    endloop
  endfacet
  facet normal -7.370790e-01 -6.758066e-01 -5.540648e-16
    outer loop
      vertex   -3.257837e+01 1.528965e+01 -5.220575e+01
      vertex   -3.257837e+01 1.528965e+01 -3.920575e+01
      vertex   -3.335758e+01 1.613950e+01 -5.220575e+01
    endloop
  endfacet
  facet normal -7.370790e-01 -6.758066e-01 -7.387530e-16
    outer loop
      vertex   -3.335758e+01 1.613950e+01 -5.220575e+01
      vertex   -3.257837e+01 1.528965e+01 -3.920575e+01
      vertex   -3.335758e+01 1.613950e+01 -3.920575e+01
    endloop
  endfacet
  facet normal -6.161428e-01 -7.876345e-01 -8.609969e-16
    outer loop
      vertex   -3.335758e+01 1.613950e+01 -5.220575e+01
      vertex   -3.335758e+01 1.613950e+01 -3.920575e+01
      vertex   -3.426573e+01 1.684992e+01 -5.220575e+01
    endloop
  endfacet
  facet normal -6.161428e-01 -7.876345e-01 -6.457477e-16
    outer loop
      vertex   -3.426573e+01 1.684992e+01 -5.220575e+01
      vertex   -3.335758e+01 1.613950e+01 -3.920575e+01
      vertex   -3.426573e+01 1.684992e+01 -3.920575e+01
    endloop
  endfacet
  facet normal -4.784899e-01 -8.780931e-01 -7.199107e-16
    outer loop
      vertex   -3.426573e+01 1.684992e+01 -5.220575e+01
      vertex   -3.426573e+01 1.684992e+01 -3.920575e+01
      vertex   -3.527817e+01 1.740162e+01 -5.220575e+01
    endloop
  endfacet
  facet normal -4.784899e-01 -8.780931e-01 -9.598810e-16
    outer loop
      vertex   -3.527817e+01 1.740162e+01 -5.220575e+01
      vertex   -3.426573e+01 1.684992e+01 -3.920575e+01
      vertex   -3.527817e+01 1.740162e+01 -3.920575e+01
    endloop
  endfacet
  facet normal -3.278551e-01 -9.447280e-01 -1.032723e-15
    outer loop
      vertex   -3.527817e+01 1.740162e+01 -5.220575e+01
      vertex   -3.527817e+01 1.740162e+01 -3.920575e+01
      vertex   -3.636745e+01 1.777964e+01 -5.220575e+01
    endloop
  endfacet
  facet normal -3.278551e-01 -9.447280e-01 -7.745419e-16
    outer loop
      vertex   -3.636745e+01 1.777964e+01 -5.220575e+01
      vertex   -3.527817e+01 1.740162e+01 -3.920575e+01
      vertex   -3.636745e+01 1.777964e+01 -3.920575e+01
    endloop
  endfacet
  facet normal -1.683252e-01 -9.857315e-01 -8.081589e-16
    outer loop
      vertex   -3.636745e+01 1.777964e+01 -5.220575e+01
      vertex   -3.636745e+01 1.777964e+01 -3.920575e+01
      vertex   -3.750400e+01 1.797372e+01 -5.220575e+01
    endloop
  endfacet
  facet normal -1.683252e-01 -9.857315e-01 -1.077545e-15
    outer loop
      vertex   -3.750400e+01 1.797372e+01 -5.220575e+01
      vertex   -3.636745e+01 1.777964e+01 -3.920575e+01
      vertex   -3.750400e+01 1.797372e+01 -3.920575e+01
    endloop
  endfacet
  facet normal -4.228505e-03 -9.999911e-01 -1.093133e-15
    outer loop
      vertex   -3.750400e+01 1.797372e+01 -5.220575e+01
      vertex   -3.750400e+01 1.797372e+01 -3.920575e+01
      vertex   -3.865700e+01 1.797860e+01 -5.220575e+01
    endloop
  endfacet
  facet normal -4.228505e-03 -9.999911e-01 -1.095444e-15
    outer loop
      vertex   -3.865700e+01 1.797860e+01 -5.220575e+01
      vertex   -3.750400e+01 1.797372e+01 -3.920575e+01
      vertex   -3.865700e+01 1.797860e+01 -3.920575e+01
    endloop
  endfacet
  facet normal 0.000000e+00 0.000000e+00 -1.000000e+00
    outer loop
      vertex   -3.520425e+01 1.174607e+01 -3.920575e+01
      vertex   -3.120496e+01 1.214909e+01 -3.920575e+01
      vertex   -3.511000e+01 1.100000e+01 -3.920575e+01
    endloop
  endfacet
  facet normal 0.000000e+00 0.000000e+00 -1.000000e+00
    outer loop
      vertex   -3.511000e+01 1.100000e+01 -3.920575e+01
      vertex   -3.120496e+01 1.214909e+01 -3.920575e+01
      vertex   -3.111000e+01 1.100000e+01 -3.920575e+01
    endloop
  endfacet
  facet normal 0.000000e+00 0.000000e+00 -1.000000e+00
    outer loop
      vertex   -3.511000e+01 1.100000e+01 -3.920575e+01
      vertex   -3.111000e+01 1.100000e+01 -3.920575e+01
      vertex   -3.120496e+01 9.850911e+00 -3.920575e+01
    endloop
  endfacet
  facet normal -6.246135e-16 6.198247e-15 -1.000000e+00
    outer loop
      vertex   -3.120496e+01 1.214909e+01 -3.920575e+01
      vertex   -3.520425e+01 1.174607e+01 -3.920575e+01
      vertex   -3.148726e+01 1.326700e+01 -3.920575e+01
    endloop
  endfacet
  facet normal 1.645090e-15 6.513374e-16 -1.000000e+00
    outer loop
      vertex   -3.148726e+01 1.326700e+01 -3.920575e+01
      vertex   -3.520425e+01 1.174607e+01 -3.920575e+01
      vertex   -3.548108e+01 1.244526e+01 -3.920575e+01
    endloop
  endfacet
  facet normal 1.632238e-15 7.138013e-16 -1.000000e+00
    outer loop
      vertex   -3.148726e+01 1.326700e+01 -3.920575e+01
      vertex   -3.548108e+01 1.244526e+01 -3.920575e+01
      vertex   -3.194924e+01 1.432341e+01 -3.920575e+01
    endloop
  endfacet
  facet normal 1.451155e-15 1.054326e-15 -1.000000e+00
    outer loop
      vertex   -3.194924e+01 1.432341e+01 -3.920575e+01
      vertex   -3.548108e+01 1.244526e+01 -3.920575e+01
      vertex   -3.592309e+01 1.305364e+01 -3.920575e+01
    endloop
  endfacet
  facet normal 1.480108e-15 9.637161e-16 -1.000000e+00
    outer loop
      vertex   -3.194924e+01 1.432341e+01 -3.920575e+01
      vertex   -3.592309e+01 1.305364e+01 -3.920575e+01
      vertex   -3.257837e+01 1.528965e+01 -3.920575e+01
    endloop
  endfacet
  facet normal -4.305766e-15 9.618502e-15 -1.000000e+00
    outer loop
      vertex   -3.257837e+01 1.528965e+01 -3.920575e+01
      vertex   -3.592309e+01 1.305364e+01 -3.920575e+01
      vertex   -3.650252e+01 1.353298e+01 -3.920575e+01
    endloop
  endfacet
  facet normal -0.000000e+00 0.000000e+00 -1.000000e+00
    outer loop
      vertex   -3.257837e+01 1.528965e+01 -3.920575e+01
      vertex   -3.650252e+01 1.353298e+01 -3.920575e+01
      vertex   -3.335758e+01 1.613950e+01 -3.920575e+01
    endloop
  endfacet
  facet normal -0.000000e+00 0.000000e+00 -1.000000e+00
    outer loop
      vertex   -3.335758e+01 1.613950e+01 -3.920575e+01
      vertex   -3.650252e+01 1.353298e+01 -3.920575e+01
      vertex   -3.426573e+01 1.684992e+01 -3.920575e+01
    endloop
  endfacet
  facet normal 0.000000e+00 0.000000e+00 -1.000000e+00
    outer loop
      vertex   -3.426573e+01 1.684992e+01 -3.920575e+01
      vertex   -3.650252e+01 1.353298e+01 -3.920575e+01
      vertex   -3.718295e+01 1.385317e+01 -3.920575e+01
    endloop
  endfacet
  facet normal -0.000000e+00 0.000000e+00 -1.000000e+00
    outer loop
      vertex   -3.426573e+01 1.684992e+01 -3.920575e+01
      vertex   -3.718295e+01 1.385317e+01 -3.920575e+01
      vertex   -3.527817e+01 1.740162e+01 -3.920575e+01
    endloop
  endfacet
  facet normal -0.000000e+00 0.000000e+00 -1.000000e+00
    outer loop
      vertex   -3.527817e+01 1.740162e+01 -3.920575e+01
      vertex   -3.718295e+01 1.385317e+01 -3.920575e+01
      vertex   -3.636745e+01 1.777964e+01 -3.920575e+01
    endloop
  endfacet
  facet normal 0.000000e+00 0.000000e+00 -1.000000e+00
    outer loop
      vertex   -3.636745e+01 1.777964e+01 -3.920575e+01
      vertex   -3.718295e+01 1.385317e+01 -3.920575e+01
      vertex   -3.792163e+01 1.399408e+01 -3.920575e+01
    endloop
  endfacet
  facet normal -0.000000e+00 0.000000e+00 -1.000000e+00
    outer loop
      vertex   -3.636745e+01 1.777964e+01 -3.920575e+01
      vertex   -3.792163e+01 1.399408e+01 -3.920575e+01
      vertex   -3.750400e+01 1.797372e+01 -3.920575e+01
    endloop
  endfacet
  facet normal -2.463939e-14 2.585668e-15 -1.000000e+00
    outer loop
      vertex   -3.750400e+01 1.797372e+01 -3.920575e+01
      vertex   -3.792163e+01 1.399408e+01 -3.920575e+01
      vertex   -3.865700e+01 1.797860e+01 -3.920575e+01
    endloop
  endfacet
  facet normal -4.436219e-16 7.051167e-15 -1.000000e+00
    outer loop
      vertex   -3.865700e+01 1.797860e+01 -3.920575e+01
      vertex   -3.792163e+01 1.399408e+01 -3.920575e+01
      vertex   -3.867214e+01 1.394686e+01 -3.920575e+01
    endloop
  endfacet
  facet normal -2.293321e-15 7.058116e-15 -1.000000e+00
    outer loop
      vertex   -3.865700e+01 1.797860e+01 -3.920575e+01
      vertex   -3.867214e+01 1.394686e+01 -3.920575e+01
      vertex   -3.938734e+01 1.371448e+01 -3.920575e+01
    endloop
  endfacet
  facet normal 4.341255e-15 5.921774e-15 -1.000000e+00
    outer loop
      vertex   -3.865700e+01 1.797860e+01 -3.920575e+01
      vertex   -3.938734e+01 1.371448e+01 -3.920575e+01
      vertex   -4.520389e+01 1.797860e+01 -3.920575e+01
    endloop
  endfacet
  facet normal 0.000000e+00 0.000000e+00 -1.000000e+00
    outer loop
      vertex   -4.520389e+01 1.797860e+01 -3.920575e+01
      vertex   -3.938734e+01 1.371448e+01 -3.920575e+01
      vertex   -4.002227e+01 1.331154e+01 -3.920575e+01
    endloop
  endfacet
  facet normal -1.782601e-15 -1.979139e-15 -1.000000e+00
    outer loop
      vertex   -4.520389e+01 1.797860e+01 -3.920575e+01
      vertex   -4.002227e+01 1.331154e+01 -3.920575e+01
      vertex   -4.618775e+01 1.527459e+01 -3.920575e+01
    endloop
  endfacet
  facet normal 2.289850e-15 1.081144e-14 -1.000000e+00
    outer loop
      vertex   -4.618775e+01 1.527459e+01 -3.920575e+01
      vertex   -4.002227e+01 1.331154e+01 -3.920575e+01
      vertex   -4.053705e+01 1.276336e+01 -3.920575e+01
    endloop
  endfacet
  facet normal -2.021096e-15 1.111107e-15 -1.000000e+00
    outer loop
      vertex   -4.618775e+01 1.527459e+01 -3.920575e+01
      vertex   -4.053705e+01 1.276336e+01 -3.920575e+01
      vertex   -4.089933e+01 1.210437e+01 -3.920575e+01
    endloop
  endfacet
  facet normal -2.279652e-15 6.797963e-16 -1.000000e+00
    outer loop
      vertex   -4.618775e+01 1.527459e+01 -3.920575e+01
      vertex   -4.089933e+01 1.210437e+01 -3.920575e+01
      vertex   -4.701002e+01 1.251715e+01 -3.920575e+01
    endloop
  endfacet
  facet normal -2.285925e-15 5.869258e-16 -1.000000e+00
    outer loop
      vertex   -4.701002e+01 1.251715e+01 -3.920575e+01
      vertex   -4.089933e+01 1.210437e+01 -3.920575e+01
      vertex   -4.108634e+01 1.137600e+01 -3.920575e+01
    endloop
  endfacet
  facet normal -2.398992e-15 0.000000e+00 -1.000000e+00
    outer loop
      vertex   -4.701002e+01 1.251715e+01 -3.920575e+01
      vertex   -4.108634e+01 1.137600e+01 -3.920575e+01
      vertex   -4.108634e+01 1.062400e+01 -3.920575e+01
    endloop
  endfacet
  facet normal -1.477456e-15 2.883486e-15 -1.000000e+00
    outer loop
      vertex   -4.701002e+01 1.251715e+01 -3.920575e+01
      vertex   -4.108634e+01 1.062400e+01 -3.920575e+01
      vertex   -4.766783e+01 9.715922e+00 -3.920575e+01
    endloop
  endfacet
  facet normal -1.042671e-15 -2.677124e-16 -1.000000e+00
    outer loop
      vertex   -4.766783e+01 9.715922e+00 -3.920575e+01
      vertex   -4.108634e+01 1.062400e+01 -3.920575e+01
      vertex   -4.089933e+01 9.895627e+00 -3.920575e+01
    endloop
  endfacet
  facet normal -1.034676e-15 -5.688181e-16 -1.000000e+00
    outer loop
      vertex   -4.766783e+01 9.715922e+00 -3.920575e+01
      vertex   -4.089933e+01 9.895627e+00 -3.920575e+01
      vertex   -4.053705e+01 9.236644e+00 -3.920575e+01
    endloop
  endfacet
  facet normal -9.849787e-16 1.705925e-16 -1.000000e+00
    outer loop
      vertex   -4.766783e+01 9.715922e+00 -3.920575e+01
      vertex   -4.053705e+01 9.236644e+00 -3.920575e+01
      vertex   -4.815888e+01 6.880699e+00 -3.920575e+01
    endloop
  endfacet
  facet normal -3.827724e-15 9.367285e-15 -1.000000e+00
    outer loop
      vertex   -4.815888e+01 6.880699e+00 -3.920575e+01
      vertex   -4.053705e+01 9.236644e+00 -3.920575e+01
      vertex   -4.002227e+01 8.688460e+00 -3.920575e+01
    endloop
  endfacet
  facet normal -1.322334e-15 -1.909293e-15 -1.000000e+00
    outer loop
      vertex   -4.815888e+01 6.880699e+00 -3.920575e+01
      vertex   -4.002227e+01 8.688460e+00 -3.920575e+01
      vertex   -3.865700e+01 4.021405e+00 -3.920575e+01
    endloop
  endfacet
  facet normal -1.186447e-15 -1.869541e-15 -1.000000e+00
    outer loop
      vertex   -3.865700e+01 4.021405e+00 -3.920575e+01
      vertex   -4.002227e+01 8.688460e+00 -3.920575e+01
      vertex   -3.938734e+01 8.285519e+00 -3.920575e+01
    endloop
  endfacet
  facet normal -5.733302e-16 -1.764529e-15 -1.000000e+00
    outer loop
      vertex   -3.865700e+01 4.021405e+00 -3.920575e+01
      vertex   -3.938734e+01 8.285519e+00 -3.920575e+01
      vertex   -3.867214e+01 8.053138e+00 -3.920575e+01
    endloop
  endfacet
  facet normal -1.109055e-16 -1.762792e-15 -1.000000e+00
    outer loop
      vertex   -3.867214e+01 8.053138e+00 -3.920575e+01
      vertex   -3.792163e+01 8.005920e+00 -3.920575e+01
      vertex   -3.865700e+01 4.021405e+00 -3.920575e+01
    endloop
  endfacet
  facet normal -6.159847e-15 -6.464171e-16 -1.000000e+00
    outer loop
      vertex   -3.865700e+01 4.021405e+00 -3.920575e+01
      vertex   -3.792163e+01 8.005920e+00 -3.920575e+01
      vertex   -3.750400e+01 4.026280e+00 -3.920575e+01
    endloop
  endfacet
  facet normal 0.000000e+00 0.000000e+00 -1.000000e+00
    outer loop
      vertex   -3.750400e+01 4.026280e+00 -3.920575e+01
      vertex   -3.792163e+01 8.005920e+00 -3.920575e+01
      vertex   -3.636745e+01 4.220360e+00 -3.920575e+01
    endloop
  endfacet
  facet normal 0.000000e+00 0.000000e+00 -1.000000e+00
    outer loop
      vertex   -3.636745e+01 4.220360e+00 -3.920575e+01
      vertex   -3.792163e+01 8.005920e+00 -3.920575e+01
      vertex   -3.718295e+01 8.146831e+00 -3.920575e+01
    endloop
  endfacet
  facet normal 0.000000e+00 0.000000e+00 -1.000000e+00
    outer loop
      vertex   -3.636745e+01 4.220360e+00 -3.920575e+01
      vertex   -3.718295e+01 8.146831e+00 -3.920575e+01
      vertex   -3.527817e+01 4.598379e+00 -3.920575e+01
    endloop
  endfacet
  facet normal 0.000000e+00 0.000000e+00 -1.000000e+00
    outer loop
      vertex   -3.527817e+01 4.598379e+00 -3.920575e+01
      vertex   -3.718295e+01 8.146831e+00 -3.920575e+01
      vertex   -3.426573e+01 5.150081e+00 -3.920575e+01
    endloop
  endfacet
  facet normal 0.000000e+00 0.000000e+00 -1.000000e+00
    outer loop
      vertex   -3.426573e+01 5.150081e+00 -3.920575e+01
      vertex   -3.718295e+01 8.146831e+00 -3.920575e+01
      vertex   -3.650252e+01 8.467016e+00 -3.920575e+01
    endloop
  endfacet
  facet normal 0.000000e+00 0.000000e+00 -1.000000e+00
    outer loop
      vertex   -3.426573e+01 5.150081e+00 -3.920575e+01
      vertex   -3.650252e+01 8.467016e+00 -3.920575e+01
      vertex   -3.335758e+01 5.860497e+00 -3.920575e+01
    endloop
  endfacet
  facet normal 0.000000e+00 0.000000e+00 -1.000000e+00
    outer loop
      vertex   -3.335758e+01 5.860497e+00 -3.920575e+01
      vertex   -3.650252e+01 8.467016e+00 -3.920575e+01
      vertex   -3.257837e+01 6.710353e+00 -3.920575e+01
    endloop
  endfacet
  facet normal 4.305766e-15 9.618502e-15 -1.000000e+00
    outer loop
      vertex   -3.257837e+01 6.710353e+00 -3.920575e+01
      vertex   -3.650252e+01 8.467016e+00 -3.920575e+01
      vertex   -3.592309e+01 8.946359e+00 -3.920575e+01
    endloop
  endfacet
  facet normal -1.480108e-15 9.637161e-16 -1.000000e+00
    outer loop
      vertex   -3.257837e+01 6.710353e+00 -3.920575e+01
      vertex   -3.592309e+01 8.946359e+00 -3.920575e+01
      vertex   -3.194924e+01 7.676592e+00 -3.920575e+01
    endloop
  endfacet
  facet normal -1.451155e-15 1.054326e-15 -1.000000e+00
    outer loop
      vertex   -3.194924e+01 7.676592e+00 -3.920575e+01
      vertex   -3.592309e+01 8.946359e+00 -3.920575e+01
      vertex   -3.548108e+01 9.554739e+00 -3.920575e+01
    endloop
  endfacet
  facet normal -1.632238e-15 7.138013e-16 -1.000000e+00
    outer loop
      vertex   -3.194924e+01 7.676592e+00 -3.920575e+01
      vertex   -3.548108e+01 9.554739e+00 -3.920575e+01
      vertex   -3.148726e+01 8.732999e+00 -3.920575e+01
    endloop
  endfacet
  facet normal -1.645090e-15 6.513374e-16 -1.000000e+00
    outer loop
      vertex   -3.148726e+01 8.732999e+00 -3.920575e+01
      vertex   -3.548108e+01 9.554739e+00 -3.920575e+01
      vertex   -3.520425e+01 1.025393e+01 -3.920575e+01
    endloop
  endfacet
  facet normal 6.246135e-16 6.198247e-15 -1.000000e+00
    outer loop
      vertex   -3.148726e+01 8.732999e+00 -3.920575e+01
      vertex   -3.520425e+01 1.025393e+01 -3.920575e+01
      vertex   -3.120496e+01 9.850911e+00 -3.920575e+01
    endloop
  endfacet
  facet normal 0.000000e+00 0.000000e+00 -1.000000e+00
    outer loop
      vertex   -3.120496e+01 9.850911e+00 -3.920575e+01
      vertex   -3.520425e+01 1.025393e+01 -3.920575e+01
      vertex   -3.511000e+01 1.100000e+01 -3.920575e+01
    endloop
  endfacet
  facet normal 7.232402e-16 4.888467e-15 -1.000000e+00
    outer loop
      vertex   -4.848144e+01 4.021405e+00 -3.920575e+01
      vertex   -4.815888e+01 6.880699e+00 -3.920575e+01
      vertex   -3.865700e+01 4.021405e+00 -3.920575e+01
    endloop
  endfacet
  facet normal -3.255941e-15 -1.000000e+00 -1.093143e-15
    outer loop
      vertex   -4.520389e+01 1.797860e+01 -5.220575e+01
      vertex   -3.865700e+01 1.797860e+01 -5.220575e+01
      vertex   -4.520389e+01 1.797860e+01 -3.920575e+01
    endloop
  endfacet
  facet normal -3.255941e-15 -1.000000e+00 -1.093143e-15
    outer loop
      vertex   -4.520389e+01 1.797860e+01 -3.920575e+01
      vertex   -3.865700e+01 1.797860e+01 -5.220575e+01
      vertex   -3.865700e+01 1.797860e+01 -3.920575e+01
    endloop
  endfacet
  facet normal -2.566735e-29 -7.883234e-15 1.000000e+00
    outer loop
      vertex   -4.520389e+01 1.797860e+01 -5.220575e+01
      vertex   -4.618775e+01 1.527459e+01 -5.220575e+01
      vertex   -3.865700e+01 1.797860e+01 -5.220575e+01
    endloop
  endfacet
  facet normal -2.133801e-15 -1.940517e-15 1.000000e+00
    outer loop
      vertex   -3.865700e+01 1.797860e+01 -5.220575e+01
      vertex   -4.618775e+01 1.527459e+01 -5.220575e+01
      vertex   -4.701002e+01 1.251715e+01 -5.220575e+01
    endloop
  endfacet
  facet normal -1.546718e-15 -2.838434e-15 1.000000e+00
    outer loop
      vertex   -3.865700e+01 1.797860e+01 -5.220575e+01
      vertex   -4.701002e+01 1.251715e+01 -5.220575e+01
      vertex   -3.194924e+01 1.432341e+01 -5.220575e+01
    endloop
  endfacet
  facet normal -1.793091e-15 -7.841444e-16 1.000000e+00
    outer loop
      vertex   -3.194924e+01 1.432341e+01 -5.220575e+01
      vertex   -4.701002e+01 1.251715e+01 -5.220575e+01
      vertex   -3.148726e+01 1.326700e+01 -5.220575e+01
    endloop
  endfacet
  facet normal -1.808904e-15 -4.567917e-16 1.000000e+00
    outer loop
      vertex   -3.148726e+01 1.326700e+01 -5.220575e+01
      vertex   -4.701002e+01 1.251715e+01 -5.220575e+01
      vertex   -3.120496e+01 1.214909e+01 -5.220575e+01
    endloop
  endfacet
  facet normal -1.801734e-15 -1.488922e-16 1.000000e+00
    outer loop
      vertex   -3.120496e+01 1.214909e+01 -5.220575e+01
      vertex   -4.701002e+01 1.251715e+01 -5.220575e+01
      vertex   -3.111000e+01 1.100000e+01 -5.220575e+01
    endloop
  endfacet
  facet normal -1.773542e-15 1.465625e-16 1.000000e+00
    outer loop
      vertex   -3.111000e+01 1.100000e+01 -5.220575e+01
      vertex   -4.701002e+01 1.251715e+01 -5.220575e+01
      vertex   -3.120496e+01 9.850911e+00 -5.220575e+01
    endloop
  endfacet
  facet normal -1.724791e-15 4.355511e-16 1.000000e+00
    outer loop
      vertex   -3.120496e+01 9.850911e+00 -5.220575e+01
      vertex   -4.701002e+01 1.251715e+01 -5.220575e+01
      vertex   -3.148726e+01 8.732999e+00 -5.220575e+01
    endloop
  endfacet
  facet normal -2.944496e-15 -4.567731e-15 1.000000e+00
    outer loop
      vertex   -3.148726e+01 8.732999e+00 -5.220575e+01
      vertex   -4.701002e+01 1.251715e+01 -5.220575e+01
      vertex   -3.865700e+01 4.021405e+00 -5.220575e+01
    endloop
  endfacet
  facet normal -8.344123e-15 3.649006e-15 1.000000e+00
    outer loop
      vertex   -3.148726e+01 8.732999e+00 -5.220575e+01
      vertex   -3.865700e+01 4.021405e+00 -5.220575e+01
      vertex   -3.194924e+01 7.676592e+00 -5.220575e+01
    endloop
  endfacet
  facet normal -9.850813e-15 6.413983e-15 1.000000e+00
    outer loop
      vertex   -3.194924e+01 7.676592e+00 -5.220575e+01
      vertex   -3.865700e+01 4.021405e+00 -5.220575e+01
      vertex   -3.257837e+01 6.710353e+00 -5.220575e+01
    endloop
  endfacet
  facet normal 6.450297e-16 -1.731289e-14 1.000000e+00
    outer loop
      vertex   -3.257837e+01 6.710353e+00 -5.220575e+01
      vertex   -3.865700e+01 4.021405e+00 -5.220575e+01
      vertex   -3.335758e+01 5.860497e+00 -5.220575e+01
    endloop
  endfacet
  facet normal -9.639539e-15 1.232252e-14 1.000000e+00
    outer loop
      vertex   -3.335758e+01 5.860497e+00 -5.220575e+01
      vertex   -3.865700e+01 4.021405e+00 -5.220575e+01
      vertex   -3.426573e+01 5.150081e+00 -5.220575e+01
    endloop
  endfacet
  facet normal -1.225073e-14 2.248173e-14 1.000000e+00
    outer loop
      vertex   -3.426573e+01 5.150081e+00 -5.220575e+01
      vertex   -3.865700e+01 4.021405e+00 -5.220575e+01
      vertex   -3.527817e+01 4.598379e+00 -5.220575e+01
    endloop
  endfacet
  facet normal -1.656034e-14 4.771932e-14 1.000000e+00
    outer loop
      vertex   -3.527817e+01 4.598379e+00 -5.220575e+01
      vertex   -3.865700e+01 4.021405e+00 -5.220575e+01
      vertex   -3.636745e+01 4.220360e+00 -5.220575e+01
    endloop
  endfacet
  facet normal -2.527623e-14 1.480205e-13 1.000000e+00
    outer loop
      vertex   -3.636745e+01 4.220360e+00 -5.220575e+01
      vertex   -3.865700e+01 4.021405e+00 -5.220575e+01
      vertex   -3.750400e+01 4.026280e+00 -5.220575e+01
    endloop
  endfacet
  facet normal 1.373286e-15 -3.224869e-16 1.000000e+00
    outer loop
      vertex   -4.701002e+01 1.251715e+01 -5.220575e+01
      vertex   -4.766783e+01 9.715922e+00 -5.220575e+01
      vertex   -3.865700e+01 4.021405e+00 -5.220575e+01
    endloop
  endfacet
  facet normal 1.421499e-15 -2.461953e-16 1.000000e+00
    outer loop
      vertex   -3.865700e+01 4.021405e+00 -5.220575e+01
      vertex   -4.766783e+01 9.715922e+00 -5.220575e+01
      vertex   -4.815888e+01 6.880699e+00 -5.220575e+01
    endloop
  endfacet
  facet normal -1.437818e-29 -4.970056e-15 1.000000e+00
    outer loop
      vertex   -3.865700e+01 4.021405e+00 -5.220575e+01
      vertex   -4.815888e+01 6.880699e+00 -5.220575e+01
      vertex   -4.848144e+01 4.021405e+00 -5.220575e+01
    endloop
  endfacet
  facet normal 0.000000e+00 0.000000e+00 1.000000e+00
    outer loop
      vertex   -3.194924e+01 1.432341e+01 -5.220575e+01
      vertex   -3.257837e+01 1.528965e+01 -5.220575e+01
      vertex   -3.865700e+01 1.797860e+01 -5.220575e+01
    endloop
  endfacet
  facet normal -6.222058e-15 -1.406557e-14 1.000000e+00
    outer loop
      vertex   -3.865700e+01 1.797860e+01 -5.220575e+01
      vertex   -3.257837e+01 1.528965e+01 -5.220575e+01
      vertex   -3.335758e+01 1.613950e+01 -5.220575e+01
    endloop
  endfacet
  facet normal -2.409885e-15 -3.080631e-15 1.000000e+00
    outer loop
      vertex   -3.865700e+01 1.797860e+01 -5.220575e+01
      vertex   -3.335758e+01 1.613950e+01 -5.220575e+01
      vertex   -3.426573e+01 1.684992e+01 -5.220575e+01
    endloop
  endfacet
  facet normal -3.062683e-15 -5.620433e-15 1.000000e+00
    outer loop
      vertex   -3.426573e+01 1.684992e+01 -5.220575e+01
      vertex   -3.527817e+01 1.740162e+01 -5.220575e+01
      vertex   -3.865700e+01 1.797860e+01 -5.220575e+01
    endloop
  endfacet
  facet normal -4.140086e-15 -1.192983e-14 1.000000e+00
    outer loop
      vertex   -3.865700e+01 1.797860e+01 -5.220575e+01
      vertex   -3.527817e+01 1.740162e+01 -5.220575e+01
      vertex   -3.636745e+01 1.777964e+01 -5.220575e+01
    endloop
  endfacet
  facet normal -6.319059e-15 -3.700512e-14 1.000000e+00
    outer loop
      vertex   -3.865700e+01 1.797860e+01 -5.220575e+01
      vertex   -3.636745e+01 1.777964e+01 -5.220575e+01
      vertex   -3.750400e+01 1.797372e+01 -5.220575e+01
    endloop
  endfacet
  facet normal 2.743971e-15 1.000000e+00 1.093143e-15
    outer loop
      vertex   -4.478540e+01 -1.899709e+01 -3.920575e+01
      vertex   -3.831172e+01 -1.899709e+01 -3.920575e+01
      vertex   -4.478540e+01 -1.899709e+01 -5.220575e+01
    endloop
  endfacet
  facet normal 2.743971e-15 1.000000e+00 1.093143e-15
    outer loop
      vertex   -4.478540e+01 -1.899709e+01 -5.220575e+01
      vertex   -3.831172e+01 -1.899709e+01 -3.920575e+01
      vertex   -3.831172e+01 -1.899709e+01 -5.220575e+01
    endloop
  endfacet
  facet normal -5.062303e-02 9.987178e-01 1.064072e-15
    outer loop
      vertex   -3.831172e+01 -1.899709e+01 -5.220575e+01
      vertex   -3.831172e+01 -1.899709e+01 -3.920575e+01
      vertex   -3.720179e+01 -1.894083e+01 -5.220575e+01
    endloop
  endfacet
  facet normal -5.062303e-02 9.987178e-01 1.091741e-15
    outer loop
      vertex   -3.720179e+01 -1.894083e+01 -5.220575e+01
      vertex   -3.831172e+01 -1.899709e+01 -3.920575e+01
      vertex   -3.720179e+01 -1.894083e+01 -3.920575e+01
    endloop
  endfacet
  facet normal -2.080463e-01 9.781190e-01 1.069224e-15
    outer loop
      vertex   -3.720179e+01 -1.894083e+01 -5.220575e+01
      vertex   -3.720179e+01 -1.894083e+01 -3.920575e+01
      vertex   -3.611475e+01 -1.870962e+01 -5.220575e+01
    endloop
  endfacet
  facet normal -2.080463e-01 9.781190e-01 9.555115e-16
    outer loop
      vertex   -3.611475e+01 -1.870962e+01 -5.220575e+01
      vertex   -3.720179e+01 -1.894083e+01 -3.920575e+01
      vertex   -3.611475e+01 -1.870962e+01 -3.920575e+01
    endloop
  endfacet
  facet normal -3.602254e-01 9.328653e-01 8.228660e-16
    outer loop
      vertex   -3.611475e+01 -1.870962e+01 -5.220575e+01
      vertex   -3.611475e+01 -1.870962e+01 -3.920575e+01
      vertex   -3.507801e+01 -1.830928e+01 -5.220575e+01
    endloop
  endfacet
  facet normal -3.602254e-01 9.328653e-01 8.228660e-16
    outer loop
      vertex   -3.507801e+01 -1.830928e+01 -5.220575e+01
      vertex   -3.611475e+01 -1.870962e+01 -3.920575e+01
      vertex   -3.507801e+01 -1.830928e+01 -3.920575e+01
    endloop
  endfacet
  facet normal -5.033246e-01 8.640974e-01 6.694790e-16
    outer loop
      vertex   -3.507801e+01 -1.830928e+01 -5.220575e+01
      vertex   -3.507801e+01 -1.830928e+01 -3.920575e+01
      vertex   -3.411769e+01 -1.774991e+01 -5.220575e+01
    endloop
  endfacet
  facet normal -5.033246e-01 8.640974e-01 9.056244e-16
    outer loop
      vertex   -3.411769e+01 -1.774991e+01 -5.220575e+01
      vertex   -3.507801e+01 -1.830928e+01 -3.920575e+01
      vertex   -3.411769e+01 -1.774991e+01 -3.920575e+01
    endloop
  endfacet
  facet normal -6.337368e-01 7.735488e-01 7.106166e-16
    outer loop
      vertex   -3.411769e+01 -1.774991e+01 -5.220575e+01
      vertex   -3.411769e+01 -1.774991e+01 -3.920575e+01
      vertex   -3.325800e+01 -1.704560e+01 -5.220575e+01
    endloop
  endfacet
  facet normal -6.337368e-01 7.735488e-01 8.455992e-16
    outer loop
      vertex   -3.325800e+01 -1.704560e+01 -5.220575e+01
      vertex   -3.411769e+01 -1.774991e+01 -3.920575e+01
      vertex   -3.325800e+01 -1.704560e+01 -3.920575e+01
    endloop
  endfacet
  facet normal -7.481747e-01 6.635018e-01 7.253021e-16
    outer loop
      vertex   -3.325800e+01 -1.704560e+01 -5.220575e+01
      vertex   -3.325800e+01 -1.704560e+01 -3.920575e+01
      vertex   -3.252061e+01 -1.621411e+01 -5.220575e+01
    endloop
  endfacet
  facet normal -7.481747e-01 6.635018e-01 7.253021e-16
    outer loop
      vertex   -3.252061e+01 -1.621411e+01 -5.220575e+01
      vertex   -3.325800e+01 -1.704560e+01 -3.920575e+01
      vertex   -3.252061e+01 -1.621411e+01 -3.920575e+01
    endloop
  endfacet
  facet normal -8.437539e-01 5.367303e-01 5.867228e-16
    outer loop
      vertex   -3.252061e+01 -1.621411e+01 -5.220575e+01
      vertex   -3.252061e+01 -1.621411e+01 -3.920575e+01
      vertex   -3.192411e+01 -1.527640e+01 -5.220575e+01
    endloop
  endfacet
  facet normal -8.437539e-01 5.367303e-01 5.867228e-16
    outer loop
      vertex   -3.192411e+01 -1.527640e+01 -5.220575e+01
      vertex   -3.252061e+01 -1.621411e+01 -3.920575e+01
      vertex   -3.192411e+01 -1.527640e+01 -3.920575e+01
    endloop
  endfacet
  facet normal -9.180651e-01 3.964297e-01 4.333543e-16
    outer loop
      vertex   -3.192411e+01 -1.527640e+01 -5.220575e+01
      vertex   -3.192411e+01 -1.527640e+01 -3.920575e+01
      vertex   -3.148354e+01 -1.425610e+01 -5.220575e+01
    endloop
  endfacet
  facet normal -9.180651e-01 3.964297e-01 4.875235e-16
    outer loop
      vertex   -3.148354e+01 -1.425610e+01 -5.220575e+01
      vertex   -3.192411e+01 -1.527640e+01 -3.920575e+01
      vertex   -3.148354e+01 -1.425610e+01 -3.920575e+01
    endloop
  endfacet
  facet normal -9.692351e-01 2.461366e-01 3.026953e-16
    outer loop
      vertex   -3.148354e+01 -1.425610e+01 -5.220575e+01
      vertex   -3.148354e+01 -1.425610e+01 -3.920575e+01
      vertex   -3.120999e+01 -1.317894e+01 -5.220575e+01
    endloop
  endfacet
  facet normal -9.692351e-01 2.461366e-01 3.026953e-16
    outer loop
      vertex   -3.120999e+01 -1.317894e+01 -5.220575e+01
      vertex   -3.148354e+01 -1.425610e+01 -3.920575e+01
      vertex   -3.120999e+01 -1.317894e+01 -3.920575e+01
    endloop
  endfacet
  facet normal -9.959743e-01 8.963933e-02 1.102372e-16
    outer loop
      vertex   -3.120999e+01 -1.317894e+01 -5.220575e+01
      vertex   -3.120999e+01 -1.317894e+01 -3.920575e+01
      vertex   -3.111037e+01 -1.207205e+01 -5.220575e+01
    endloop
  endfacet
  facet normal -9.959743e-01 8.963933e-02 9.798858e-17
    outer loop
      vertex   -3.111037e+01 -1.207205e+01 -5.220575e+01
      vertex   -3.120999e+01 -1.317894e+01 -3.920575e+01
      vertex   -3.111037e+01 -1.207205e+01 -3.920575e+01
    endloop
  endfacet
  facet normal -9.976085e-01 -6.911746e-02 -7.555525e-17
    outer loop
      vertex   -3.111037e+01 -1.207205e+01 -5.220575e+01
      vertex   -3.111037e+01 -1.207205e+01 -3.920575e+01
      vertex   -3.118719e+01 -1.096336e+01 -5.220575e+01
    endloop
  endfacet
  facet normal -9.976085e-01 -6.911746e-02 -6.611084e-17
    outer loop
      vertex   -3.118719e+01 -1.096336e+01 -5.220575e+01
      vertex   -3.111037e+01 -1.207205e+01 -3.920575e+01
      vertex   -3.118719e+01 -1.096336e+01 -3.920575e+01
    endloop
  endfacet
  facet normal -9.740967e-01 -2.261321e-01 -2.162953e-16
    outer loop
      vertex   -3.118719e+01 -1.096336e+01 -5.220575e+01
      vertex   -3.118719e+01 -1.096336e+01 -3.920575e+01
      vertex   -3.143850e+01 -9.880787e+00 -5.220575e+01
    endloop
  endfacet
  facet normal -9.740967e-01 -2.261321e-01 -2.162953e-16
    outer loop
      vertex   -3.143850e+01 -9.880787e+00 -5.220575e+01
      vertex   -3.118719e+01 -1.096336e+01 -3.920575e+01
      vertex   -3.143850e+01 -9.880787e+00 -3.920575e+01
    endloop
  endfacet
  facet normal -9.260313e-01 -3.774467e-01 -3.610277e-16
    outer loop
      vertex   -3.143850e+01 -9.880787e+00 -5.220575e+01
      vertex   -3.143850e+01 -9.880787e+00 -3.920575e+01
      vertex   -3.185798e+01 -8.851636e+00 -5.220575e+01
    endloop
  endfacet
  facet normal -9.260313e-01 -3.774467e-01 -3.610277e-16
    outer loop
      vertex   -3.185798e+01 -8.851636e+00 -5.220575e+01
      vertex   -3.143850e+01 -9.880787e+00 -3.920575e+01
      vertex   -3.185798e+01 -8.851636e+00 -3.920575e+01
    endloop
  endfacet
  facet normal -8.546241e-01 -5.192472e-01 -4.966599e-16
    outer loop
      vertex   -3.185798e+01 -8.851636e+00 -5.220575e+01
      vertex   -3.185798e+01 -8.851636e+00 -3.920575e+01
      vertex   -3.243505e+01 -7.901844e+00 -5.220575e+01
    endloop
  endfacet
  facet normal -8.546241e-01 -5.192472e-01 -5.321356e-16
    outer loop
      vertex   -3.243505e+01 -7.901844e+00 -5.220575e+01
      vertex   -3.185798e+01 -8.851636e+00 -3.920575e+01
      vertex   -3.243505e+01 -7.901844e+00 -3.920575e+01
    endloop
  endfacet
  facet normal -7.616748e-01 -6.479594e-01 -6.640426e-16
    outer loop
      vertex   -3.243505e+01 -7.901844e+00 -5.220575e+01
      vertex   -3.243505e+01 -7.901844e+00 -3.920575e+01
      vertex   -3.315516e+01 -7.055352e+00 -5.220575e+01
    endloop
  endfacet
  facet normal -7.616748e-01 -6.479594e-01 -6.197731e-16
    outer loop
      vertex   -3.315516e+01 -7.055352e+00 -5.220575e+01
      vertex   -3.243505e+01 -7.901844e+00 -3.920575e+01
      vertex   -3.315516e+01 -7.055352e+00 -3.920575e+01
    endloop
  endfacet
  facet normal -6.495265e-01 -7.603389e-01 -7.272640e-16
    outer loop
      vertex   -3.315516e+01 -7.055352e+00 -5.220575e+01
      vertex   -3.315516e+01 -7.055352e+00 -3.920575e+01
      vertex   -3.400017e+01 -6.333496e+00 -5.220575e+01
    endloop
  endfacet
  facet normal -6.495265e-01 -7.603389e-01 -7.272640e-16
    outer loop
      vertex   -3.400017e+01 -6.333496e+00 -5.220575e+01
      vertex   -3.315516e+01 -7.055352e+00 -3.920575e+01
      vertex   -3.400017e+01 -6.333496e+00 -3.920575e+01
    endloop
  endfacet
  facet normal -5.210060e-01 -8.535530e-01 -8.164233e-16
    outer loop
      vertex   -3.400017e+01 -6.333496e+00 -5.220575e+01
      vertex   -3.400017e+01 -6.333496e+00 -3.920575e+01
      vertex   -3.494877e+01 -5.754473e+00 -5.220575e+01
    endloop
  endfacet
  facet normal -5.210060e-01 -8.535530e-01 -8.747393e-16
    outer loop
      vertex   -3.494877e+01 -5.754473e+00 -5.220575e+01
      vertex   -3.400017e+01 -6.333496e+00 -3.920575e+01
      vertex   -3.494877e+01 -5.754473e+00 -3.920575e+01
    endloop
  endfacet
  facet normal -3.793528e-01 -9.252521e-01 -9.482180e-16
    outer loop
      vertex   -3.494877e+01 -5.754473e+00 -5.220575e+01
      vertex   -3.494877e+01 -5.754473e+00 -3.920575e+01
      vertex   -3.597705e+01 -5.332877e+00 -5.220575e+01
    endloop
  endfacet
  facet normal -3.793528e-01 -9.252521e-01 -8.217889e-16
    outer loop
      vertex   -3.597705e+01 -5.332877e+00 -5.220575e+01
      vertex   -3.494877e+01 -5.754473e+00 -3.920575e+01
      vertex   -3.597705e+01 -5.332877e+00 -3.920575e+01
    endloop
  endfacet
  facet normal -2.281375e-01 -9.736289e-01 -8.647562e-16
    outer loop
      vertex   -3.597705e+01 -5.332877e+00 -5.220575e+01
      vertex   -3.597705e+01 -5.332877e+00 -3.920575e+01
      vertex   -3.705910e+01 -5.079335e+00 -5.220575e+01
    endloop
  endfacet
  facet normal -2.281375e-01 -9.736289e-01 -9.977956e-16
    outer loop
      vertex   -3.705910e+01 -5.079335e+00 -5.220575e+01
      vertex   -3.597705e+01 -5.332877e+00 -3.920575e+01
      vertex   -3.705910e+01 -5.079335e+00 -3.920575e+01
    endloop
  endfacet
  facet normal -7.117165e-02 -9.974641e-01 -1.022222e-15
    outer loop
      vertex   -3.705910e+01 -5.079335e+00 -5.220575e+01
      vertex   -3.705910e+01 -5.079335e+00 -3.920575e+01
      vertex   -3.816764e+01 -5.000237e+00 -5.220575e+01
    endloop
  endfacet
  facet normal -7.117165e-02 -9.974641e-01 -1.061123e-15
    outer loop
      vertex   -3.816764e+01 -5.000237e+00 -5.220575e+01
      vertex   -3.705910e+01 -5.079335e+00 -3.920575e+01
      vertex   -3.816764e+01 -5.000237e+00 -3.920575e+01
    endloop
  endfacet
  facet normal 0.000000e+00 0.000000e+00 -1.000000e+00
    outer loop
      vertex   -3.520425e+01 -1.125393e+01 -3.920575e+01
      vertex   -3.118719e+01 -1.096336e+01 -3.920575e+01
      vertex   -3.511000e+01 -1.200000e+01 -3.920575e+01
    endloop
  endfacet
  facet normal 0.000000e+00 0.000000e+00 -1.000000e+00
    outer loop
      vertex   -3.511000e+01 -1.200000e+01 -3.920575e+01
      vertex   -3.118719e+01 -1.096336e+01 -3.920575e+01
      vertex   -3.111037e+01 -1.207205e+01 -3.920575e+01
    endloop
  endfacet
  facet normal 0.000000e+00 0.000000e+00 -1.000000e+00
    outer loop
      vertex   -3.511000e+01 -1.200000e+01 -3.920575e+01
      vertex   -3.111037e+01 -1.207205e+01 -3.920575e+01
      vertex   -3.120999e+01 -1.317894e+01 -3.920575e+01
    endloop
  endfacet
  facet normal -0.000000e+00 0.000000e+00 -1.000000e+00
    outer loop
      vertex   -3.118719e+01 -1.096336e+01 -3.920575e+01
      vertex   -3.520425e+01 -1.125393e+01 -3.920575e+01
      vertex   -3.143850e+01 -9.880787e+00 -3.920575e+01
    endloop
  endfacet
  facet normal 0.000000e+00 0.000000e+00 -1.000000e+00
    outer loop
      vertex   -3.143850e+01 -9.880787e+00 -3.920575e+01
      vertex   -3.520425e+01 -1.125393e+01 -3.920575e+01
      vertex   -3.548108e+01 -1.055474e+01 -3.920575e+01
    endloop
  endfacet
  facet normal -1.077779e-15 6.464866e-15 -1.000000e+00
    outer loop
      vertex   -3.143850e+01 -9.880787e+00 -3.920575e+01
      vertex   -3.548108e+01 -1.055474e+01 -3.920575e+01
      vertex   -3.185798e+01 -8.851636e+00 -3.920575e+01
    endloop
  endfacet
  facet normal 1.461877e-15 1.062116e-15 -1.000000e+00
    outer loop
      vertex   -3.185798e+01 -8.851636e+00 -3.920575e+01
      vertex   -3.548108e+01 -1.055474e+01 -3.920575e+01
      vertex   -3.592309e+01 -9.946359e+00 -3.920575e+01
    endloop
  endfacet
  facet normal 1.502127e-15 9.126533e-16 -1.000000e+00
    outer loop
      vertex   -3.185798e+01 -8.851636e+00 -3.920575e+01
      vertex   -3.592309e+01 -9.946359e+00 -3.920575e+01
      vertex   -3.243505e+01 -7.901844e+00 -3.920575e+01
    endloop
  endfacet
  facet normal 1.359286e-15 1.156349e-15 -1.000000e+00
    outer loop
      vertex   -3.243505e+01 -7.901844e+00 -3.920575e+01
      vertex   -3.592309e+01 -9.946359e+00 -3.920575e+01
      vertex   -3.315516e+01 -7.055352e+00 -3.920575e+01
    endloop
  endfacet
  facet normal -5.708331e-15 7.923093e-15 -1.000000e+00
    outer loop
      vertex   -3.315516e+01 -7.055352e+00 -3.920575e+01
      vertex   -3.592309e+01 -9.946359e+00 -3.920575e+01
      vertex   -3.650252e+01 -9.467016e+00 -3.920575e+01
    endloop
  endfacet
  facet normal -0.000000e+00 0.000000e+00 -1.000000e+00
    outer loop
      vertex   -3.315516e+01 -7.055352e+00 -3.920575e+01
      vertex   -3.650252e+01 -9.467016e+00 -3.920575e+01
      vertex   -3.400017e+01 -6.333496e+00 -3.920575e+01
    endloop
  endfacet
  facet normal 0.000000e+00 0.000000e+00 -1.000000e+00
    outer loop
      vertex   -3.400017e+01 -6.333496e+00 -3.920575e+01
      vertex   -3.650252e+01 -9.467016e+00 -3.920575e+01
      vertex   -3.718295e+01 -9.146831e+00 -3.920575e+01
    endloop
  endfacet
  facet normal -0.000000e+00 0.000000e+00 -1.000000e+00
    outer loop
      vertex   -3.400017e+01 -6.333496e+00 -3.920575e+01
      vertex   -3.718295e+01 -9.146831e+00 -3.920575e+01
      vertex   -3.494877e+01 -5.754473e+00 -3.920575e+01
    endloop
  endfacet
  facet normal -0.000000e+00 0.000000e+00 -1.000000e+00
    outer loop
      vertex   -3.494877e+01 -5.754473e+00 -3.920575e+01
      vertex   -3.718295e+01 -9.146831e+00 -3.920575e+01
      vertex   -3.597705e+01 -5.332877e+00 -3.920575e+01
    endloop
  endfacet
  facet normal 0.000000e+00 0.000000e+00 -1.000000e+00
    outer loop
      vertex   -3.597705e+01 -5.332877e+00 -3.920575e+01
      vertex   -3.718295e+01 -9.146831e+00 -3.920575e+01
      vertex   -3.792163e+01 -9.005920e+00 -3.920575e+01
    endloop
  endfacet
  facet normal -0.000000e+00 0.000000e+00 -1.000000e+00
    outer loop
      vertex   -3.597705e+01 -5.332877e+00 -3.920575e+01
      vertex   -3.792163e+01 -9.005920e+00 -3.920575e+01
      vertex   -3.705910e+01 -5.079335e+00 -3.920575e+01
    endloop
  endfacet
  facet normal -2.524326e-14 5.545019e-15 -1.000000e+00
    outer loop
      vertex   -3.705910e+01 -5.079335e+00 -3.920575e+01
      vertex   -3.792163e+01 -9.005920e+00 -3.920575e+01
      vertex   -3.816764e+01 -5.000237e+00 -3.920575e+01
    endloop
  endfacet
  facet normal -4.446832e-16 7.068037e-15 -1.000000e+00
    outer loop
      vertex   -3.816764e+01 -5.000237e+00 -3.920575e+01
      vertex   -3.792163e+01 -9.005920e+00 -3.920575e+01
      vertex   -3.867214e+01 -9.053138e+00 -3.920575e+01
    endloop
  endfacet
  facet normal -2.374602e-15 7.308273e-15 -1.000000e+00
    outer loop
      vertex   -3.816764e+01 -5.000237e+00 -3.920575e+01
      vertex   -3.867214e+01 -9.053138e+00 -3.920575e+01
      vertex   -3.938734e+01 -9.285519e+00 -3.920575e+01
    endloop
  endfacet
  facet normal -5.136925e-15 8.094499e-15 -1.000000e+00
    outer loop
      vertex   -3.938734e+01 -9.285519e+00 -3.920575e+01
      vertex   -4.002227e+01 -9.688460e+00 -3.920575e+01
      vertex   -3.816764e+01 -5.000237e+00 -3.920575e+01
    endloop
  endfacet
  facet normal 2.896244e-15 4.916627e-15 -1.000000e+00
    outer loop
      vertex   -3.816764e+01 -5.000237e+00 -3.920575e+01
      vertex   -4.002227e+01 -9.688460e+00 -3.920575e+01
      vertex   -4.800619e+01 -7.875732e+00 -3.920575e+01
    endloop
  endfacet
  facet normal 2.780272e-15 5.313425e-15 -1.000000e+00
    outer loop
      vertex   -3.816764e+01 -5.000237e+00 -3.920575e+01
      vertex   -4.800619e+01 -7.875732e+00 -3.920575e+01
      vertex   -4.839028e+01 -5.000237e+00 -3.920575e+01
    endloop
  endfacet
  facet normal 3.892866e-15 9.306113e-15 -1.000000e+00
    outer loop
      vertex   -4.002227e+01 -9.688460e+00 -3.920575e+01
      vertex   -4.053705e+01 -1.023664e+01 -3.920575e+01
      vertex   -4.800619e+01 -7.875732e+00 -3.920575e+01
    endloop
  endfacet
  facet normal 1.013738e-15 1.975167e-16 -1.000000e+00
    outer loop
      vertex   -4.800619e+01 -7.875732e+00 -3.920575e+01
      vertex   -4.053705e+01 -1.023664e+01 -3.920575e+01
      vertex   -4.745138e+01 -1.072322e+01 -3.920575e+01
    endloop
  endfacet
  facet normal 1.068994e-15 -5.876844e-16 -1.000000e+00
    outer loop
      vertex   -4.745138e+01 -1.072322e+01 -3.920575e+01
      vertex   -4.053705e+01 -1.023664e+01 -3.920575e+01
      vertex   -4.089933e+01 -1.089563e+01 -3.920575e+01
    endloop
  endfacet
  facet normal 1.077180e-15 -2.765729e-16 -1.000000e+00
    outer loop
      vertex   -4.745138e+01 -1.072322e+01 -3.920575e+01
      vertex   -4.089933e+01 -1.089563e+01 -3.920575e+01
      vertex   -4.108634e+01 -1.162400e+01 -3.920575e+01
    endloop
  endfacet
  facet normal 1.530021e-15 2.923259e-15 -1.000000e+00
    outer loop
      vertex   -4.745138e+01 -1.072322e+01 -3.920575e+01
      vertex   -4.108634e+01 -1.162400e+01 -3.920575e+01
      vertex   -4.672784e+01 -1.353257e+01 -3.920575e+01
    endloop
  endfacet
  facet normal 2.518989e-15 0.000000e+00 -1.000000e+00
    outer loop
      vertex   -4.672784e+01 -1.353257e+01 -3.920575e+01
      vertex   -4.108634e+01 -1.162400e+01 -3.920575e+01
      vertex   -4.108634e+01 -1.237600e+01 -3.920575e+01
    endloop
  endfacet
  facet normal 2.393024e-15 6.144242e-16 -1.000000e+00
    outer loop
      vertex   -4.672784e+01 -1.353257e+01 -3.920575e+01
      vertex   -4.108634e+01 -1.237600e+01 -3.920575e+01
      vertex   -4.089933e+01 -1.310437e+01 -3.920575e+01
    endloop
  endfacet
  facet normal 2.197104e-15 3.281228e-15 -1.000000e+00
    outer loop
      vertex   -4.672784e+01 -1.353257e+01 -3.920575e+01
      vertex   -4.089933e+01 -1.310437e+01 -3.920575e+01
      vertex   -4.583812e+01 -1.629380e+01 -3.920575e+01
    endloop
  endfacet
  facet normal 3.185246e-15 1.751104e-15 -1.000000e+00
    outer loop
      vertex   -4.583812e+01 -1.629380e+01 -3.920575e+01
      vertex   -4.089933e+01 -1.310437e+01 -3.920575e+01
      vertex   -4.053705e+01 -1.376336e+01 -3.920575e+01
    endloop
  endfacet
  facet normal -1.495676e-15 1.155722e-14 -1.000000e+00
    outer loop
      vertex   -4.583812e+01 -1.629380e+01 -3.920575e+01
      vertex   -4.053705e+01 -1.376336e+01 -3.920575e+01
      vertex   -4.002227e+01 -1.431154e+01 -3.920575e+01
    endloop
  endfacet
  facet normal 3.738946e-15 -3.800845e-15 -1.000000e+00
    outer loop
      vertex   -4.583812e+01 -1.629380e+01 -3.920575e+01
      vertex   -4.002227e+01 -1.431154e+01 -3.920575e+01
      vertex   -4.478540e+01 -1.899709e+01 -3.920575e+01
    endloop
  endfacet
  facet normal 0.000000e+00 0.000000e+00 -1.000000e+00
    outer loop
      vertex   -4.478540e+01 -1.899709e+01 -3.920575e+01
      vertex   -4.002227e+01 -1.431154e+01 -3.920575e+01
      vertex   -3.938734e+01 -1.471448e+01 -3.920575e+01
    endloop
  endfacet
  facet normal 1.097588e-15 -1.383465e-15 -1.000000e+00
    outer loop
      vertex   -4.478540e+01 -1.899709e+01 -3.920575e+01
      vertex   -3.938734e+01 -1.471448e+01 -3.920575e+01
      vertex   -3.831172e+01 -1.899709e+01 -3.920575e+01
    endloop
  endfacet
  facet normal -5.869873e-16 -1.806561e-15 -1.000000e+00
    outer loop
      vertex   -3.831172e+01 -1.899709e+01 -3.920575e+01
      vertex   -3.938734e+01 -1.471448e+01 -3.920575e+01
      vertex   -3.867214e+01 -1.494686e+01 -3.920575e+01
    endloop
  endfacet
  facet normal -1.109943e-16 -1.764204e-15 -1.000000e+00
    outer loop
      vertex   -3.831172e+01 -1.899709e+01 -3.920575e+01
      vertex   -3.867214e+01 -1.494686e+01 -3.920575e+01
      vertex   -3.792163e+01 -1.499408e+01 -3.920575e+01
    endloop
  endfacet
  facet normal 0.000000e+00 -0.000000e+00 -1.000000e+00
    outer loop
      vertex   -3.718295e+01 -1.485317e+01 -3.920575e+01
      vertex   -3.611475e+01 -1.870962e+01 -3.920575e+01
      vertex   -3.792163e+01 -1.499408e+01 -3.920575e+01
    endloop
  endfacet
  facet normal 0.000000e+00 0.000000e+00 -1.000000e+00
    outer loop
      vertex   -3.792163e+01 -1.499408e+01 -3.920575e+01
      vertex   -3.611475e+01 -1.870962e+01 -3.920575e+01
      vertex   -3.720179e+01 -1.894083e+01 -3.920575e+01
    endloop
  endfacet
  facet normal -6.343041e-15 -1.156889e-15 -1.000000e+00
    outer loop
      vertex   -3.792163e+01 -1.499408e+01 -3.920575e+01
      vertex   -3.720179e+01 -1.894083e+01 -3.920575e+01
      vertex   -3.831172e+01 -1.899709e+01 -3.920575e+01
    endloop
  endfacet
  facet normal 0.000000e+00 -0.000000e+00 -1.000000e+00
    outer loop
      vertex   -3.650252e+01 -1.453298e+01 -3.920575e+01
      vertex   -3.411769e+01 -1.774991e+01 -3.920575e+01
      vertex   -3.718295e+01 -1.485317e+01 -3.920575e+01
    endloop
  endfacet
  facet normal 0.000000e+00 0.000000e+00 -1.000000e+00
    outer loop
      vertex   -3.718295e+01 -1.485317e+01 -3.920575e+01
      vertex   -3.411769e+01 -1.774991e+01 -3.920575e+01
      vertex   -3.507801e+01 -1.830928e+01 -3.920575e+01
    endloop
  endfacet
  facet normal 0.000000e+00 0.000000e+00 -1.000000e+00
    outer loop
      vertex   -3.718295e+01 -1.485317e+01 -3.920575e+01
      vertex   -3.507801e+01 -1.830928e+01 -3.920575e+01
      vertex   -3.611475e+01 -1.870962e+01 -3.920575e+01
    endloop
  endfacet
  facet normal 4.143605e-15 9.814521e-15 -1.000000e+00
    outer loop
      vertex   -3.592309e+01 -1.405364e+01 -3.920575e+01
      vertex   -3.252061e+01 -1.621411e+01 -3.920575e+01
      vertex   -3.650252e+01 -1.453298e+01 -3.920575e+01
    endloop
  endfacet
  facet normal 0.000000e+00 0.000000e+00 -1.000000e+00
    outer loop
      vertex   -3.650252e+01 -1.453298e+01 -3.920575e+01
      vertex   -3.252061e+01 -1.621411e+01 -3.920575e+01
      vertex   -3.325800e+01 -1.704560e+01 -3.920575e+01
    endloop
  endfacet
  facet normal 0.000000e+00 0.000000e+00 -1.000000e+00
    outer loop
      vertex   -3.650252e+01 -1.453298e+01 -3.920575e+01
      vertex   -3.325800e+01 -1.704560e+01 -3.920575e+01
      vertex   -3.411769e+01 -1.774991e+01 -3.920575e+01
    endloop
  endfacet
  facet normal -1.487485e-15 9.462219e-16 -1.000000e+00
    outer loop
      vertex   -3.252061e+01 -1.621411e+01 -3.920575e+01
      vertex   -3.592309e+01 -1.405364e+01 -3.920575e+01
      vertex   -3.192411e+01 -1.527640e+01 -3.920575e+01
    endloop
  endfacet
  facet normal -1.453835e-15 1.056273e-15 -1.000000e+00
    outer loop
      vertex   -3.192411e+01 -1.527640e+01 -3.920575e+01
      vertex   -3.592309e+01 -1.405364e+01 -3.920575e+01
      vertex   -3.548108e+01 -1.344526e+01 -3.920575e+01
    endloop
  endfacet
  facet normal -1.634306e-15 7.057099e-16 -1.000000e+00
    outer loop
      vertex   -3.192411e+01 -1.527640e+01 -3.920575e+01
      vertex   -3.548108e+01 -1.344526e+01 -3.920575e+01
      vertex   -3.148354e+01 -1.425610e+01 -3.920575e+01
    endloop
  endfacet
  facet normal -1.645317e-15 6.514270e-16 -1.000000e+00
    outer loop
      vertex   -3.148354e+01 -1.425610e+01 -3.920575e+01
      vertex   -3.548108e+01 -1.344526e+01 -3.920575e+01
      vertex   -3.520425e+01 -1.274607e+01 -3.920575e+01
    endloop
  endfacet
  facet normal 6.957208e-16 6.419733e-15 -1.000000e+00
    outer loop
      vertex   -3.148354e+01 -1.425610e+01 -3.920575e+01
      vertex   -3.520425e+01 -1.274607e+01 -3.920575e+01
      vertex   -3.120999e+01 -1.317894e+01 -3.920575e+01
    endloop
  endfacet
  facet normal 0.000000e+00 0.000000e+00 -1.000000e+00
    outer loop
      vertex   -3.120999e+01 -1.317894e+01 -3.920575e+01
      vertex   -3.520425e+01 -1.274607e+01 -3.920575e+01
      vertex   -3.511000e+01 -1.200000e+01 -3.920575e+01
    endloop
  endfacet
  facet normal -2.780272e-15 -1.000000e+00 -9.564998e-16
    outer loop
      vertex   -4.839028e+01 -5.000237e+00 -5.220575e+01
      vertex   -3.816764e+01 -5.000237e+00 -5.220575e+01
      vertex   -4.839028e+01 -5.000237e+00 -3.920575e+01
    endloop
  endfacet
  facet normal -2.867155e-15 -1.000000e+00 -1.024821e-15
    outer loop
      vertex   -4.839028e+01 -5.000237e+00 -3.920575e+01
      vertex   -3.816764e+01 -5.000237e+00 -5.220575e+01
      vertex   -3.816764e+01 -5.000237e+00 -3.920575e+01
    endloop
  endfacet
  facet normal -4.809091e-29 -1.729720e-14 1.000000e+00
    outer loop
      vertex   -4.839028e+01 -5.000237e+00 -5.220575e+01
      vertex   -4.800619e+01 -7.875732e+00 -5.220575e+01
      vertex   -3.816764e+01 -5.000237e+00 -5.220575e+01
    endloop
  endfacet
  facet normal -4.783047e-15 -9.319288e-16 1.000000e+00
    outer loop
      vertex   -3.816764e+01 -5.000237e+00 -5.220575e+01
      vertex   -4.800619e+01 -7.875732e+00 -5.220575e+01
      vertex   -4.745138e+01 -1.072322e+01 -5.220575e+01
    endloop
  endfacet
  facet normal -3.277971e-15 -3.373442e-15 1.000000e+00
    outer loop
      vertex   -3.816764e+01 -5.000237e+00 -5.220575e+01
      vertex   -4.745138e+01 -1.072322e+01 -5.220575e+01
      vertex   -4.672784e+01 -1.353257e+01 -5.220575e+01
    endloop
  endfacet
  facet normal -2.135253e-15 -6.880161e-16 1.000000e+00
    outer loop
      vertex   -4.583812e+01 -1.629380e+01 -5.220575e+01
      vertex   -3.831172e+01 -1.899709e+01 -5.220575e+01
      vertex   -4.672784e+01 -1.353257e+01 -5.220575e+01
    endloop
  endfacet
  facet normal -7.984753e-16 1.370806e-15 1.000000e+00
    outer loop
      vertex   -4.672784e+01 -1.353257e+01 -5.220575e+01
      vertex   -3.831172e+01 -1.899709e+01 -5.220575e+01
      vertex   -3.192411e+01 -1.527640e+01 -5.220575e+01
    endloop
  endfacet
  facet normal -9.134863e-16 3.944526e-16 1.000000e+00
    outer loop
      vertex   -4.672784e+01 -1.353257e+01 -5.220575e+01
      vertex   -3.192411e+01 -1.527640e+01 -5.220575e+01
      vertex   -3.148354e+01 -1.425610e+01 -5.220575e+01
    endloop
  endfacet
  facet normal 1.442472e-29 5.256877e-15 1.000000e+00
    outer loop
      vertex   -4.583812e+01 -1.629380e+01 -5.220575e+01
      vertex   -4.478540e+01 -1.899709e+01 -5.220575e+01
      vertex   -3.831172e+01 -1.899709e+01 -5.220575e+01
    endloop
  endfacet
  facet normal 8.404544e-15 -3.951354e-14 1.000000e+00
    outer loop
      vertex   -3.720179e+01 -1.894083e+01 -5.220575e+01
      vertex   -3.611475e+01 -1.870962e+01 -5.220575e+01
      vertex   -3.831172e+01 -1.899709e+01 -5.220575e+01
    endloop
  endfacet
  facet normal 4.891834e-15 -1.266824e-14 1.000000e+00
    outer loop
      vertex   -3.831172e+01 -1.899709e+01 -5.220575e+01
      vertex   -3.611475e+01 -1.870962e+01 -5.220575e+01
      vertex   -3.507801e+01 -1.830928e+01 -5.220575e+01
    endloop
  endfacet
  facet normal 3.461177e-15 -5.942078e-15 1.000000e+00
    outer loop
      vertex   -3.831172e+01 -1.899709e+01 -5.220575e+01
      vertex   -3.507801e+01 -1.830928e+01 -5.220575e+01
      vertex   -3.411769e+01 -1.774991e+01 -5.220575e+01
    endloop
  endfacet
  facet normal 2.659513e-15 -3.246242e-15 1.000000e+00
    outer loop
      vertex   -3.411769e+01 -1.774991e+01 -5.220575e+01
      vertex   -3.325800e+01 -1.704560e+01 -5.220575e+01
      vertex   -3.831172e+01 -1.899709e+01 -5.220575e+01
    endloop
  endfacet
  facet normal 7.156529e-15 -1.489203e-14 1.000000e+00
    outer loop
      vertex   -3.831172e+01 -1.899709e+01 -5.220575e+01
      vertex   -3.325800e+01 -1.704560e+01 -5.220575e+01
      vertex   -3.252061e+01 -1.621411e+01 -5.220575e+01
    endloop
  endfacet
  facet normal 0.000000e+00 0.000000e+00 1.000000e+00
    outer loop
      vertex   -3.831172e+01 -1.899709e+01 -5.220575e+01
      vertex   -3.252061e+01 -1.621411e+01 -5.220575e+01
      vertex   -3.192411e+01 -1.527640e+01 -5.220575e+01
    endloop
  endfacet
  facet normal -9.211058e-16 2.339142e-16 1.000000e+00
    outer loop
      vertex   -3.148354e+01 -1.425610e+01 -5.220575e+01
      vertex   -3.120999e+01 -1.317894e+01 -5.220575e+01
      vertex   -4.672784e+01 -1.353257e+01 -5.220575e+01
    endloop
  endfacet
  facet normal -9.176572e-16 8.259067e-17 1.000000e+00
    outer loop
      vertex   -4.672784e+01 -1.353257e+01 -5.220575e+01
      vertex   -3.120999e+01 -1.317894e+01 -5.220575e+01
      vertex   -3.111037e+01 -1.207205e+01 -5.220575e+01
    endloop
  endfacet
  facet normal -9.040758e-16 -6.263722e-17 1.000000e+00
    outer loop
      vertex   -4.672784e+01 -1.353257e+01 -5.220575e+01
      vertex   -3.111037e+01 -1.207205e+01 -5.220575e+01
      vertex   -3.118719e+01 -1.096336e+01 -5.220575e+01
    endloop
  endfacet
  facet normal -8.806334e-16 -2.044350e-16 1.000000e+00
    outer loop
      vertex   -3.118719e+01 -1.096336e+01 -5.220575e+01
      vertex   -3.143850e+01 -9.880787e+00 -5.220575e+01
      vertex   -4.672784e+01 -1.353257e+01 -5.220575e+01
    endloop
  endfacet
  facet normal -8.470039e-16 -3.452354e-16 1.000000e+00
    outer loop
      vertex   -4.672784e+01 -1.353257e+01 -5.220575e+01
      vertex   -3.143850e+01 -9.880787e+00 -5.220575e+01
      vertex   -3.185798e+01 -8.851636e+00 -5.220575e+01
    endloop
  endfacet
  facet normal 1.668439e-15 -8.336004e-15 1.000000e+00
    outer loop
      vertex   -4.672784e+01 -1.353257e+01 -5.220575e+01
      vertex   -3.185798e+01 -8.851636e+00 -5.220575e+01
      vertex   -3.816764e+01 -5.000237e+00 -5.220575e+01
    endloop
  endfacet
  facet normal 1.073962e-14 6.525109e-15 1.000000e+00
    outer loop
      vertex   -3.816764e+01 -5.000237e+00 -5.220575e+01
      vertex   -3.185798e+01 -8.851636e+00 -5.220575e+01
      vertex   -3.243505e+01 -7.901844e+00 -5.220575e+01
    endloop
  endfacet
  facet normal -1.862457e-15 -1.837233e-14 1.000000e+00
    outer loop
      vertex   -3.816764e+01 -5.000237e+00 -5.220575e+01
      vertex   -3.243505e+01 -7.901844e+00 -5.220575e+01
      vertex   -3.315516e+01 -7.055352e+00 -5.220575e+01
    endloop
  endfacet
  facet normal 1.090310e-14 1.276322e-14 1.000000e+00
    outer loop
      vertex   -3.315516e+01 -7.055352e+00 -5.220575e+01
      vertex   -3.400017e+01 -6.333496e+00 -5.220575e+01
      vertex   -3.816764e+01 -5.000237e+00 -5.220575e+01
    endloop
  endfacet
  facet normal 1.433106e-14 2.347827e-14 1.000000e+00
    outer loop
      vertex   -3.816764e+01 -5.000237e+00 -5.220575e+01
      vertex   -3.400017e+01 -6.333496e+00 -5.220575e+01
      vertex   -3.494877e+01 -5.754473e+00 -5.220575e+01
    endloop
  endfacet
  facet normal 2.060633e-14 5.025942e-14 1.000000e+00
    outer loop
      vertex   -3.816764e+01 -5.000237e+00 -5.220575e+01
      vertex   -3.494877e+01 -5.754473e+00 -5.220575e+01
      vertex   -3.597705e+01 -5.332877e+00 -5.220575e+01
    endloop
  endfacet
  facet normal 3.686471e-14 1.573286e-13 1.000000e+00
    outer loop
      vertex   -3.597705e+01 -5.332877e+00 -5.220575e+01
      vertex   -3.705910e+01 -5.079335e+00 -5.220575e+01
      vertex   -3.816764e+01 -5.000237e+00 -5.220575e+01
    endloop
  endfacet
  facet normal 9.997822e-01 -2.087151e-02 6.830653e-17
    outer loop
      vertex   -6.998450e+00 -3.685272e+01 -5.220575e+01
      vertex   -6.998450e+00 -3.685272e+01 -3.920575e+01
      vertex   -6.998500e+00 -3.685508e+01 -5.220575e+01
    endloop
  endfacet
  facet normal 9.997822e-01 -2.087151e-02 1.252053e-16
    outer loop
      vertex   -6.998500e+00 -3.685508e+01 -5.220575e+01
      vertex   -6.998450e+00 -3.685272e+01 -3.920575e+01
      vertex   -6.998500e+00 -3.685508e+01 -3.920575e+01
    endloop
  endfacet
  facet normal 9.997891e-01 -2.053527e-02 1.253900e-16
    outer loop
      vertex   -6.998500e+00 -3.685508e+01 -5.220575e+01
      vertex   -6.998500e+00 -3.685508e+01 -3.920575e+01
      vertex   -6.998548e+00 -3.685743e+01 -5.220575e+01
    endloop
  endfacet
  facet normal 9.997891e-01 -2.053527e-02 1.824730e-16
    outer loop
      vertex   -6.998548e+00 -3.685743e+01 -5.220575e+01
      vertex   -6.998500e+00 -3.685508e+01 -3.920575e+01
      vertex   -6.998548e+00 -3.685743e+01 -3.920575e+01
    endloop
  endfacet
  facet normal 9.997960e-01 -2.019903e-02 1.828420e-16
    outer loop
      vertex   -6.998548e+00 -3.685743e+01 -5.220575e+01
      vertex   -6.998548e+00 -3.685743e+01 -3.920575e+01
      vertex   -6.998596e+00 -3.685978e+01 -5.220575e+01
    endloop
  endfacet
  facet normal 9.997960e-01 -2.019903e-02 5.726727e-17
    outer loop
      vertex   -6.998596e+00 -3.685978e+01 -5.220575e+01
      vertex   -6.998548e+00 -3.685743e+01 -3.920575e+01
      vertex   -6.998596e+00 -3.685978e+01 -3.920575e+01
    endloop
  endfacet
  facet normal 1.000000e+00 -2.912809e-15 6.832142e-17
    outer loop
      vertex   -6.998596e+00 -4.814188e+01 -5.220575e+01
      vertex   -6.998596e+00 -3.685978e+01 -5.220575e+01
      vertex   -6.998596e+00 -4.814188e+01 -3.920575e+01
    endloop
  endfacet
  facet normal 1.000000e+00 -2.912809e-15 6.832142e-17
    outer loop
      vertex   -6.998596e+00 -4.814188e+01 -3.920575e+01
      vertex   -6.998596e+00 -3.685978e+01 -5.220575e+01
      vertex   -6.998596e+00 -3.685978e+01 -3.920575e+01
    endloop
  endfacet
  facet normal 9.921147e-01 1.253332e-01 6.553679e-17
    outer loop
      vertex   -3.905989e+01 2.005736e+01 -8.820575e+01
      vertex   -3.905989e+01 2.005736e+01 -9.500000e+01
      vertex   -3.915414e+01 2.080343e+01 -8.820575e+01
    endloop
  endfacet
  facet normal 9.921147e-01 1.253332e-01 0.000000e+00
    outer loop
      vertex   -3.915414e+01 2.080343e+01 -8.820575e+01
      vertex   -3.905989e+01 2.005736e+01 -9.500000e+01
      vertex   -3.915414e+01 2.080343e+01 -9.500000e+01
    endloop
  endfacet
  facet normal 9.921147e-01 -1.253332e-01 0.000000e+00
    outer loop
      vertex   -3.915414e+01 2.080343e+01 -8.820575e+01
      vertex   -3.915414e+01 2.080343e+01 -9.500000e+01
      vertex   -3.905989e+01 2.154950e+01 -8.820575e+01
    endloop
  endfacet
  facet normal 9.921147e-01 -1.253332e-01 -1.310736e-16
    outer loop
      vertex   -3.905989e+01 2.154950e+01 -8.820575e+01
      vertex   -3.915414e+01 2.080343e+01 -9.500000e+01
      vertex   -3.905989e+01 2.154950e+01 -9.500000e+01
    endloop
  endfacet
  facet normal 9.297765e-01 -3.681246e-01 -3.849849e-16
    outer loop
      vertex   -3.905989e+01 2.154950e+01 -8.820575e+01
      vertex   -3.905989e+01 2.154950e+01 -9.500000e+01
      vertex   -3.878306e+01 2.224869e+01 -8.820575e+01
    endloop
  endfacet
  facet normal 9.297765e-01 -3.681246e-01 0.000000e+00
    outer loop
      vertex   -3.878306e+01 2.224869e+01 -8.820575e+01
      vertex   -3.905989e+01 2.154950e+01 -9.500000e+01
      vertex   -3.878306e+01 2.224869e+01 -9.500000e+01
    endloop
  endfacet
  facet normal 8.090170e-01 -5.877853e-01 0.000000e+00
    outer loop
      vertex   -3.878306e+01 2.224869e+01 -8.820575e+01
      vertex   -3.878306e+01 2.224869e+01 -9.500000e+01
      vertex   -3.834105e+01 2.285707e+01 -8.820575e+01
    endloop
  endfacet
  facet normal 8.090170e-01 -5.877853e-01 8.460705e-16
    outer loop
      vertex   -3.834105e+01 2.285707e+01 -8.820575e+01
      vertex   -3.878306e+01 2.224869e+01 -9.500000e+01
      vertex   -3.834105e+01 2.285707e+01 -9.500000e+01
    endloop
  endfacet
  facet normal 6.374240e-01 -7.705132e-01 6.666184e-16
    outer loop
      vertex   -3.834105e+01 2.285707e+01 -8.820575e+01
      vertex   -3.834105e+01 2.285707e+01 -9.500000e+01
      vertex   -3.776163e+01 2.333641e+01 -8.820575e+01
    endloop
  endfacet
  facet normal 6.374240e-01 -7.705132e-01 6.666184e-16
    outer loop
      vertex   -3.776163e+01 2.333641e+01 -8.820575e+01
      vertex   -3.834105e+01 2.285707e+01 -9.500000e+01
      vertex   -3.776163e+01 2.333641e+01 -9.500000e+01
    endloop
  endfacet
  facet normal 4.257793e-01 -9.048271e-01 4.452803e-16
    outer loop
      vertex   -3.776163e+01 2.333641e+01 -8.820575e+01
      vertex   -3.776163e+01 2.333641e+01 -9.500000e+01
      vertex   -3.708120e+01 2.365660e+01 -8.820575e+01
    endloop
  endfacet
  facet normal 4.257793e-01 -9.048271e-01 0.000000e+00
    outer loop
      vertex   -3.708120e+01 2.365660e+01 -8.820575e+01
      vertex   -3.776163e+01 2.333641e+01 -9.500000e+01
      vertex   -3.708120e+01 2.365660e+01 -9.500000e+01
    endloop
  endfacet
  facet normal 1.873813e-01 -9.822873e-01 0.000000e+00
    outer loop
      vertex   -3.708120e+01 2.365660e+01 -8.820575e+01
      vertex   -3.708120e+01 2.365660e+01 -9.500000e+01
      vertex   -3.634252e+01 2.379751e+01 -8.820575e+01
    endloop
  endfacet
  facet normal 1.873813e-01 -9.822873e-01 0.000000e+00
    outer loop
      vertex   -3.634252e+01 2.379751e+01 -8.820575e+01
      vertex   -3.708120e+01 2.365660e+01 -9.500000e+01
      vertex   -3.634252e+01 2.379751e+01 -9.500000e+01
    endloop
  endfacet
  facet normal -6.279052e-02 -9.980267e-01 -0.000000e+00
    outer loop
      vertex   -3.634252e+01 2.379751e+01 -8.820575e+01
      vertex   -3.634252e+01 2.379751e+01 -9.500000e+01
      vertex   -3.559200e+01 2.375029e+01 -8.820575e+01
    endloop
  endfacet
  facet normal -6.279052e-02 -9.980267e-01 1.043737e-15
    outer loop
      vertex   -3.559200e+01 2.375029e+01 -8.820575e+01
      vertex   -3.634252e+01 2.379751e+01 -9.500000e+01
      vertex   -3.559200e+01 2.375029e+01 -9.500000e+01
    endloop
  endfacet
  facet normal -3.090170e-01 -9.510565e-01 9.946155e-16
    outer loop
      vertex   -3.559200e+01 2.375029e+01 -8.820575e+01
      vertex   -3.559200e+01 2.375029e+01 -9.500000e+01
      vertex   -3.487681e+01 2.351791e+01 -8.820575e+01
    endloop
  endfacet
  facet normal -3.090170e-01 -9.510565e-01 -0.000000e+00
    outer loop
      vertex   -3.487681e+01 2.351791e+01 -8.820575e+01
      vertex   -3.559200e+01 2.375029e+01 -9.500000e+01
      vertex   -3.487681e+01 2.351791e+01 -9.500000e+01
    endloop
  endfacet
  facet normal -5.358268e-01 -8.443279e-01 -0.000000e+00
    outer loop
      vertex   -3.487681e+01 2.351791e+01 -8.820575e+01
      vertex   -3.487681e+01 2.351791e+01 -9.500000e+01
      vertex   -3.424187e+01 2.311497e+01 -8.820575e+01
    endloop
  endfacet
  facet normal -5.358268e-01 -8.443279e-01 4.414993e-16
    outer loop
      vertex   -3.424187e+01 2.311497e+01 -8.820575e+01
      vertex   -3.487681e+01 2.351791e+01 -9.500000e+01
      vertex   -3.424187e+01 2.311497e+01 -9.500000e+01
    endloop
  endfacet
  facet normal -7.289686e-01 -6.845471e-01 3.579499e-16
    outer loop
      vertex   -3.424187e+01 2.311497e+01 -8.820575e+01
      vertex   -3.424187e+01 2.311497e+01 -9.500000e+01
      vertex   -3.372709e+01 2.256678e+01 -8.820575e+01
    endloop
  endfacet
  facet normal -7.289686e-01 -6.845471e-01 -0.000000e+00
    outer loop
      vertex   -3.372709e+01 2.256678e+01 -8.820575e+01
      vertex   -3.424187e+01 2.311497e+01 -9.500000e+01
      vertex   -3.372709e+01 2.256678e+01 -9.500000e+01
    endloop
  endfacet
  facet normal -8.763067e-01 -4.817537e-01 -0.000000e+00
    outer loop
      vertex   -3.372709e+01 2.256678e+01 -8.820575e+01
      vertex   -3.372709e+01 2.256678e+01 -9.500000e+01
      vertex   -3.336482e+01 2.190780e+01 -8.820575e+01
    endloop
  endfacet
  facet normal -8.763067e-01 -4.817537e-01 -0.000000e+00
    outer loop
      vertex   -3.336482e+01 2.190780e+01 -8.820575e+01
      vertex   -3.372709e+01 2.256678e+01 -9.500000e+01
      vertex   -3.336482e+01 2.190780e+01 -9.500000e+01
    endloop
  endfacet
  facet normal -9.685832e-01 -2.486899e-01 -0.000000e+00
    outer loop
      vertex   -3.336482e+01 2.190780e+01 -8.820575e+01
      vertex   -3.336482e+01 2.190780e+01 -9.500000e+01
      vertex   -3.317780e+01 2.117943e+01 -8.820575e+01
    endloop
  endfacet
  facet normal -9.685832e-01 -2.486899e-01 -0.000000e+00
    outer loop
      vertex   -3.317780e+01 2.117943e+01 -8.820575e+01
      vertex   -3.336482e+01 2.190780e+01 -9.500000e+01
      vertex   -3.317780e+01 2.117943e+01 -9.500000e+01
    endloop
  endfacet
  facet normal -1.000000e+00 -0.000000e+00 -0.000000e+00
    outer loop
      vertex   -3.317780e+01 2.117943e+01 -8.820575e+01
      vertex   -3.317780e+01 2.117943e+01 -9.500000e+01
      vertex   -3.317780e+01 2.042743e+01 -8.820575e+01
    endloop
  endfacet
  facet normal -1.000000e+00 0.000000e+00 0.000000e+00
    outer loop
      vertex   -3.317780e+01 2.042743e+01 -8.820575e+01
      vertex   -3.317780e+01 2.117943e+01 -9.500000e+01
      vertex   -3.317780e+01 2.042743e+01 -9.500000e+01
    endloop
  endfacet
  facet normal -9.685832e-01 2.486899e-01 0.000000e+00
    outer loop
      vertex   -3.317780e+01 2.042743e+01 -8.820575e+01
      vertex   -3.317780e+01 2.042743e+01 -9.500000e+01
      vertex   -3.336482e+01 1.969905e+01 -8.820575e+01
    endloop
  endfacet
  facet normal -9.685832e-01 2.486899e-01 -1.300400e-16
    outer loop
      vertex   -3.336482e+01 1.969905e+01 -8.820575e+01
      vertex   -3.317780e+01 2.042743e+01 -9.500000e+01
      vertex   -3.336482e+01 1.969905e+01 -9.500000e+01
    endloop
  endfacet
  facet normal -8.763067e-01 4.817537e-01 -2.519092e-16
    outer loop
      vertex   -3.336482e+01 1.969905e+01 -8.820575e+01
      vertex   -3.336482e+01 1.969905e+01 -9.500000e+01
      vertex   -3.372709e+01 1.904007e+01 -8.820575e+01
    endloop
  endfacet
  facet normal -8.763067e-01 4.817537e-01 -2.519092e-16
    outer loop
      vertex   -3.372709e+01 1.904007e+01 -8.820575e+01
      vertex   -3.336482e+01 1.969905e+01 -9.500000e+01
      vertex   -3.372709e+01 1.904007e+01 -9.500000e+01
    endloop
  endfacet
  facet normal -7.289686e-01 6.845471e-01 -3.579499e-16
    outer loop
      vertex   -3.372709e+01 1.904007e+01 -8.820575e+01
      vertex   -3.372709e+01 1.904007e+01 -9.500000e+01
      vertex   -3.424187e+01 1.849189e+01 -8.820575e+01
    endloop
  endfacet
  facet normal -7.289686e-01 6.845471e-01 0.000000e+00
    outer loop
      vertex   -3.424187e+01 1.849189e+01 -8.820575e+01
      vertex   -3.372709e+01 1.904007e+01 -9.500000e+01
      vertex   -3.424187e+01 1.849189e+01 -9.500000e+01
    endloop
  endfacet
  facet normal -5.358268e-01 8.443279e-01 0.000000e+00
    outer loop
      vertex   -3.424187e+01 1.849189e+01 -8.820575e+01
      vertex   -3.424187e+01 1.849189e+01 -9.500000e+01
      vertex   -3.487681e+01 1.808895e+01 -8.820575e+01
    endloop
  endfacet
  facet normal -5.358268e-01 8.443279e-01 -4.414993e-16
    outer loop
      vertex   -3.487681e+01 1.808895e+01 -8.820575e+01
      vertex   -3.424187e+01 1.849189e+01 -9.500000e+01
      vertex   -3.487681e+01 1.808895e+01 -9.500000e+01
    endloop
  endfacet
  facet normal -3.090170e-01 9.510565e-01 -4.973078e-16
    outer loop
      vertex   -3.487681e+01 1.808895e+01 -8.820575e+01
      vertex   -3.487681e+01 1.808895e+01 -9.500000e+01
      vertex   -3.559200e+01 1.785656e+01 -8.820575e+01
    endloop
  endfacet
  facet normal -3.090170e-01 9.510565e-01 0.000000e+00
    outer loop
      vertex   -3.559200e+01 1.785656e+01 -8.820575e+01
      vertex   -3.487681e+01 1.808895e+01 -9.500000e+01
      vertex   -3.559200e+01 1.785656e+01 -9.500000e+01
    endloop
  endfacet
  facet normal -6.279052e-02 9.980267e-01 0.000000e+00
    outer loop
      vertex   -3.559200e+01 1.785656e+01 -8.820575e+01
      vertex   -3.559200e+01 1.785656e+01 -9.500000e+01
      vertex   -3.634252e+01 1.780935e+01 -8.820575e+01
    endloop
  endfacet
  facet normal -6.279052e-02 9.980267e-01 0.000000e+00
    outer loop
      vertex   -3.634252e+01 1.780935e+01 -8.820575e+01
      vertex   -3.559200e+01 1.785656e+01 -9.500000e+01
      vertex   -3.634252e+01 1.780935e+01 -9.500000e+01
    endloop
  endfacet
  facet normal 1.873813e-01 9.822873e-01 0.000000e+00
    outer loop
      vertex   -3.634252e+01 1.780935e+01 -8.820575e+01
      vertex   -3.634252e+01 1.780935e+01 -9.500000e+01
      vertex   -3.708120e+01 1.795026e+01 -8.820575e+01
    endloop
  endfacet
  facet normal 1.873813e-01 9.822873e-01 0.000000e+00
    outer loop
      vertex   -3.708120e+01 1.795026e+01 -8.820575e+01
      vertex   -3.634252e+01 1.780935e+01 -9.500000e+01
      vertex   -3.708120e+01 1.795026e+01 -9.500000e+01
    endloop
  endfacet
  facet normal 4.257793e-01 9.048271e-01 0.000000e+00
    outer loop
      vertex   -3.708120e+01 1.795026e+01 -8.820575e+01
      vertex   -3.708120e+01 1.795026e+01 -9.500000e+01
      vertex   -3.776163e+01 1.827044e+01 -8.820575e+01
    endloop
  endfacet
  facet normal 4.257793e-01 9.048271e-01 -4.452803e-16
    outer loop
      vertex   -3.776163e+01 1.827044e+01 -8.820575e+01
      vertex   -3.708120e+01 1.795026e+01 -9.500000e+01
      vertex   -3.776163e+01 1.827044e+01 -9.500000e+01
    endloop
  endfacet
  facet normal 6.374240e-01 7.705132e-01 -6.666184e-16
    outer loop
      vertex   -3.776163e+01 1.827044e+01 -8.820575e+01
      vertex   -3.776163e+01 1.827044e+01 -9.500000e+01
      vertex   -3.834105e+01 1.874979e+01 -8.820575e+01
    endloop
  endfacet
  facet normal 6.374240e-01 7.705132e-01 -6.666184e-16
    outer loop
      vertex   -3.834105e+01 1.874979e+01 -8.820575e+01
      vertex   -3.776163e+01 1.827044e+01 -9.500000e+01
      vertex   -3.834105e+01 1.874979e+01 -9.500000e+01
    endloop
  endfacet
  facet normal 8.090170e-01 5.877853e-01 -8.460705e-16
    outer loop
      vertex   -3.834105e+01 1.874979e+01 -8.820575e+01
      vertex   -3.834105e+01 1.874979e+01 -9.500000e+01
      vertex   -3.878306e+01 1.935817e+01 -8.820575e+01
    endloop
  endfacet
  facet normal 8.090170e-01 5.877853e-01 0.000000e+00
    outer loop
      vertex   -3.878306e+01 1.935817e+01 -8.820575e+01
      vertex   -3.834105e+01 1.874979e+01 -9.500000e+01
      vertex   -3.878306e+01 1.935817e+01 -9.500000e+01
    endloop
  endfacet
  facet normal 9.297765e-01 3.681246e-01 0.000000e+00
    outer loop
      vertex   -3.878306e+01 1.935817e+01 -8.820575e+01
      vertex   -3.878306e+01 1.935817e+01 -9.500000e+01
      vertex   -3.905989e+01 2.005736e+01 -8.820575e+01
    endloop
  endfacet
  facet normal 9.297765e-01 3.681246e-01 1.924924e-16
    outer loop
      vertex   -3.905989e+01 2.005736e+01 -8.820575e+01
      vertex   -3.878306e+01 1.935817e+01 -9.500000e+01
      vertex   -3.905989e+01 2.005736e+01 -9.500000e+01
    endloop
  endfacet
  facet normal 9.921147e-01 1.253332e-01 6.553679e-17
    outer loop
      vertex   -3.899912e+01 -2.165476e+01 -8.820575e+01
      vertex   -3.899912e+01 -2.165476e+01 -9.500000e+01
      vertex   -3.909337e+01 -2.090869e+01 -8.820575e+01
    endloop
  endfacet
  facet normal 9.921147e-01 1.253332e-01 0.000000e+00
    outer loop
      vertex   -3.909337e+01 -2.090869e+01 -8.820575e+01
      vertex   -3.899912e+01 -2.165476e+01 -9.500000e+01
      vertex   -3.909337e+01 -2.090869e+01 -9.500000e+01
    endloop
  endfacet
  facet normal 9.921147e-01 -1.253332e-01 0.000000e+00
    outer loop
      vertex   -3.909337e+01 -2.090869e+01 -8.820575e+01
      vertex   -3.909337e+01 -2.090869e+01 -9.500000e+01
      vertex   -3.899912e+01 -2.016262e+01 -8.820575e+01
    endloop
  endfacet
  facet normal 9.921147e-01 -1.253332e-01 -6.553679e-17
    outer loop
      vertex   -3.899912e+01 -2.016262e+01 -8.820575e+01
      vertex   -3.909337e+01 -2.090869e+01 -9.500000e+01
      vertex   -3.899912e+01 -2.016262e+01 -9.500000e+01
    endloop
  endfacet
  facet normal 9.297765e-01 -3.681246e-01 -1.924924e-16
    outer loop
      vertex   -3.899912e+01 -2.016262e+01 -8.820575e+01
      vertex   -3.899912e+01 -2.016262e+01 -9.500000e+01
      vertex   -3.872229e+01 -1.946343e+01 -8.820575e+01
    endloop
  endfacet
  facet normal 9.297765e-01 -3.681246e-01 0.000000e+00
    outer loop
      vertex   -3.872229e+01 -1.946343e+01 -8.820575e+01
      vertex   -3.899912e+01 -2.016262e+01 -9.500000e+01
      vertex   -3.872229e+01 -1.946343e+01 -9.500000e+01
    endloop
  endfacet
  facet normal 8.090170e-01 -5.877853e-01 0.000000e+00
    outer loop
      vertex   -3.872229e+01 -1.946343e+01 -8.820575e+01
      vertex   -3.872229e+01 -1.946343e+01 -9.500000e+01
      vertex   -3.828027e+01 -1.885505e+01 -8.820575e+01
    endloop
  endfacet
  facet normal 8.090170e-01 -5.877853e-01 0.000000e+00
    outer loop
      vertex   -3.828027e+01 -1.885505e+01 -8.820575e+01
      vertex   -3.872229e+01 -1.946343e+01 -9.500000e+01
      vertex   -3.828027e+01 -1.885505e+01 -9.500000e+01
    endloop
  endfacet
  facet normal 6.374240e-01 -7.705132e-01 0.000000e+00
    outer loop
      vertex   -3.828027e+01 -1.885505e+01 -8.820575e+01
      vertex   -3.828027e+01 -1.885505e+01 -9.500000e+01
      vertex   -3.770085e+01 -1.837571e+01 -8.820575e+01
    endloop
  endfacet
  facet normal 6.374240e-01 -7.705132e-01 -4.029016e-16
    outer loop
      vertex   -3.770085e+01 -1.837571e+01 -8.820575e+01
      vertex   -3.828027e+01 -1.885505e+01 -9.500000e+01
      vertex   -3.770085e+01 -1.837571e+01 -9.500000e+01
    endloop
  endfacet
  facet normal 4.257793e-01 -9.048271e-01 -4.731344e-16
    outer loop
      vertex   -3.770085e+01 -1.837571e+01 -8.820575e+01
      vertex   -3.770085e+01 -1.837571e+01 -9.500000e+01
      vertex   -3.702042e+01 -1.805552e+01 -8.820575e+01
    endloop
  endfacet
  facet normal 4.257793e-01 -9.048271e-01 0.000000e+00
    outer loop
      vertex   -3.702042e+01 -1.805552e+01 -8.820575e+01
      vertex   -3.770085e+01 -1.837571e+01 -9.500000e+01
      vertex   -3.702042e+01 -1.805552e+01 -9.500000e+01
    endloop
  endfacet
  facet normal 1.873813e-01 -9.822873e-01 0.000000e+00
    outer loop
      vertex   -3.702042e+01 -1.805552e+01 -8.820575e+01
      vertex   -3.702042e+01 -1.805552e+01 -9.500000e+01
      vertex   -3.628174e+01 -1.791461e+01 -8.820575e+01
    endloop
  endfacet
  facet normal 1.873813e-01 -9.822873e-01 1.959635e-16
    outer loop
      vertex   -3.628174e+01 -1.791461e+01 -8.820575e+01
      vertex   -3.702042e+01 -1.805552e+01 -9.500000e+01
      vertex   -3.628174e+01 -1.791461e+01 -9.500000e+01
    endloop
  endfacet
  facet normal -6.279052e-02 -9.980267e-01 -6.566637e-17
    outer loop
      vertex   -3.628174e+01 -1.791461e+01 -8.820575e+01
      vertex   -3.628174e+01 -1.791461e+01 -9.500000e+01
      vertex   -3.553122e+01 -1.796183e+01 -8.820575e+01
    endloop
  endfacet
  facet normal -6.279052e-02 -9.980267e-01 -6.566637e-17
    outer loop
      vertex   -3.553122e+01 -1.796183e+01 -8.820575e+01
      vertex   -3.628174e+01 -1.791461e+01 -9.500000e+01
      vertex   -3.553122e+01 -1.796183e+01 -9.500000e+01
    endloop
  endfacet
  facet normal -3.090170e-01 -9.510565e-01 -3.231702e-16
    outer loop
      vertex   -3.553122e+01 -1.796183e+01 -8.820575e+01
      vertex   -3.553122e+01 -1.796183e+01 -9.500000e+01
      vertex   -3.481603e+01 -1.819421e+01 -8.820575e+01
    endloop
  endfacet
  facet normal -3.090170e-01 -9.510565e-01 4.973078e-16
    outer loop
      vertex   -3.481603e+01 -1.819421e+01 -8.820575e+01
      vertex   -3.553122e+01 -1.796183e+01 -9.500000e+01
      vertex   -3.481603e+01 -1.819421e+01 -9.500000e+01
    endloop
  endfacet
  facet normal -5.358268e-01 -8.443279e-01 4.414993e-16
    outer loop
      vertex   -3.481603e+01 -1.819421e+01 -8.820575e+01
      vertex   -3.481603e+01 -1.819421e+01 -9.500000e+01
      vertex   -3.418110e+01 -1.859715e+01 -8.820575e+01
    endloop
  endfacet
  facet normal -5.358268e-01 -8.443279e-01 4.414993e-16
    outer loop
      vertex   -3.418110e+01 -1.859715e+01 -8.820575e+01
      vertex   -3.481603e+01 -1.819421e+01 -9.500000e+01
      vertex   -3.418110e+01 -1.859715e+01 -9.500000e+01
    endloop
  endfacet
  facet normal -7.289686e-01 -6.845471e-01 3.579499e-16
    outer loop
      vertex   -3.418110e+01 -1.859715e+01 -8.820575e+01
      vertex   -3.418110e+01 -1.859715e+01 -9.500000e+01
      vertex   -3.366632e+01 -1.914534e+01 -8.820575e+01
    endloop
  endfacet
  facet normal -7.289686e-01 -6.845471e-01 -4.044060e-16
    outer loop
      vertex   -3.366632e+01 -1.914534e+01 -8.820575e+01
      vertex   -3.418110e+01 -1.859715e+01 -9.500000e+01
      vertex   -3.366632e+01 -1.914534e+01 -9.500000e+01
    endloop
  endfacet
  facet normal -8.763067e-01 -4.817537e-01 -6.645329e-16
    outer loop
      vertex   -3.366632e+01 -1.914534e+01 -8.820575e+01
      vertex   -3.366632e+01 -1.914534e+01 -9.500000e+01
      vertex   -3.330404e+01 -1.980432e+01 -8.820575e+01
    endloop
  endfacet
  facet normal -8.763067e-01 -4.817537e-01 -6.645329e-16
    outer loop
      vertex   -3.330404e+01 -1.980432e+01 -8.820575e+01
      vertex   -3.366632e+01 -1.914534e+01 -9.500000e+01
      vertex   -3.330404e+01 -1.980432e+01 -9.500000e+01
    endloop
  endfacet
  facet normal -9.685832e-01 -2.486899e-01 -8.829049e-16
    outer loop
      vertex   -3.330404e+01 -1.980432e+01 -8.820575e+01
      vertex   -3.330404e+01 -1.980432e+01 -9.500000e+01
      vertex   -3.311702e+01 -2.053269e+01 -8.820575e+01
    endloop
  endfacet
  facet normal -9.685832e-01 -2.486899e-01 -0.000000e+00
    outer loop
      vertex   -3.311702e+01 -2.053269e+01 -8.820575e+01
      vertex   -3.330404e+01 -1.980432e+01 -9.500000e+01
      vertex   -3.311702e+01 -2.053269e+01 -9.500000e+01
    endloop
  endfacet
  facet normal -1.000000e+00 -0.000000e+00 -0.000000e+00
    outer loop
      vertex   -3.311702e+01 -2.053269e+01 -8.820575e+01
      vertex   -3.311702e+01 -2.053269e+01 -9.500000e+01
      vertex   -3.311702e+01 -2.128469e+01 -8.820575e+01
    endloop
  endfacet
  facet normal -1.000000e+00 0.000000e+00 0.000000e+00
    outer loop
      vertex   -3.311702e+01 -2.128469e+01 -8.820575e+01
      vertex   -3.311702e+01 -2.053269e+01 -9.500000e+01
      vertex   -3.311702e+01 -2.128469e+01 -9.500000e+01
    endloop
  endfacet
  facet normal -9.685832e-01 2.486899e-01 0.000000e+00
    outer loop
      vertex   -3.311702e+01 -2.128469e+01 -8.820575e+01
      vertex   -3.311702e+01 -2.128469e+01 -9.500000e+01
      vertex   -3.330404e+01 -2.201307e+01 -8.820575e+01
    endloop
  endfacet
  facet normal -9.685832e-01 2.486899e-01 1.012945e-15
    outer loop
      vertex   -3.330404e+01 -2.201307e+01 -8.820575e+01
      vertex   -3.311702e+01 -2.128469e+01 -9.500000e+01
      vertex   -3.330404e+01 -2.201307e+01 -9.500000e+01
    endloop
  endfacet
  facet normal -8.763067e-01 4.817537e-01 9.164421e-16
    outer loop
      vertex   -3.330404e+01 -2.201307e+01 -8.820575e+01
      vertex   -3.330404e+01 -2.201307e+01 -9.500000e+01
      vertex   -3.366632e+01 -2.267205e+01 -8.820575e+01
    endloop
  endfacet
  facet normal -8.763067e-01 4.817537e-01 9.164421e-16
    outer loop
      vertex   -3.366632e+01 -2.267205e+01 -8.820575e+01
      vertex   -3.330404e+01 -2.201307e+01 -9.500000e+01
      vertex   -3.366632e+01 -2.267205e+01 -9.500000e+01
    endloop
  endfacet
  facet normal -7.289686e-01 6.845471e-01 7.623559e-16
    outer loop
      vertex   -3.366632e+01 -2.267205e+01 -8.820575e+01
      vertex   -3.366632e+01 -2.267205e+01 -9.500000e+01
      vertex   -3.418110e+01 -2.322023e+01 -8.820575e+01
    endloop
  endfacet
  facet normal -7.289686e-01 6.845471e-01 0.000000e+00
    outer loop
      vertex   -3.418110e+01 -2.322023e+01 -8.820575e+01
      vertex   -3.366632e+01 -2.267205e+01 -9.500000e+01
      vertex   -3.418110e+01 -2.322023e+01 -9.500000e+01
    endloop
  endfacet
  facet normal -5.358268e-01 8.443279e-01 0.000000e+00
    outer loop
      vertex   -3.418110e+01 -2.322023e+01 -8.820575e+01
      vertex   -3.418110e+01 -2.322023e+01 -9.500000e+01
      vertex   -3.481603e+01 -2.362318e+01 -8.820575e+01
    endloop
  endfacet
  facet normal -5.358268e-01 8.443279e-01 0.000000e+00
    outer loop
      vertex   -3.481603e+01 -2.362318e+01 -8.820575e+01
      vertex   -3.418110e+01 -2.322023e+01 -9.500000e+01
      vertex   -3.481603e+01 -2.362318e+01 -9.500000e+01
    endloop
  endfacet
  facet normal -3.090170e-01 9.510565e-01 0.000000e+00
    outer loop
      vertex   -3.481603e+01 -2.362318e+01 -8.820575e+01
      vertex   -3.481603e+01 -2.362318e+01 -9.500000e+01
      vertex   -3.553122e+01 -2.385556e+01 -8.820575e+01
    endloop
  endfacet
  facet normal -3.090170e-01 9.510565e-01 -6.714454e-16
    outer loop
      vertex   -3.553122e+01 -2.385556e+01 -8.820575e+01
      vertex   -3.481603e+01 -2.362318e+01 -9.500000e+01
      vertex   -3.553122e+01 -2.385556e+01 -9.500000e+01
    endloop
  endfacet
  facet normal -6.279052e-02 9.980267e-01 -9.780706e-16
    outer loop
      vertex   -3.553122e+01 -2.385556e+01 -8.820575e+01
      vertex   -3.553122e+01 -2.385556e+01 -9.500000e+01
      vertex   -3.628174e+01 -2.390277e+01 -8.820575e+01
    endloop
  endfacet
  facet normal -6.279052e-02 9.980267e-01 6.566637e-17
    outer loop
      vertex   -3.628174e+01 -2.390277e+01 -8.820575e+01
      vertex   -3.553122e+01 -2.385556e+01 -9.500000e+01
      vertex   -3.628174e+01 -2.390277e+01 -9.500000e+01
    endloop
  endfacet
  facet normal 1.873813e-01 9.822873e-01 -1.959635e-16
    outer loop
      vertex   -3.628174e+01 -2.390277e+01 -8.820575e+01
      vertex   -3.628174e+01 -2.390277e+01 -9.500000e+01
      vertex   -3.702042e+01 -2.376186e+01 -8.820575e+01
    endloop
  endfacet
  facet normal 1.873813e-01 9.822873e-01 0.000000e+00
    outer loop
      vertex   -3.702042e+01 -2.376186e+01 -8.820575e+01
      vertex   -3.628174e+01 -2.390277e+01 -9.500000e+01
      vertex   -3.702042e+01 -2.376186e+01 -9.500000e+01
    endloop
  endfacet
  facet normal 4.257793e-01 9.048271e-01 0.000000e+00
    outer loop
      vertex   -3.702042e+01 -2.376186e+01 -8.820575e+01
      vertex   -3.702042e+01 -2.376186e+01 -9.500000e+01
      vertex   -3.770085e+01 -2.344168e+01 -8.820575e+01
    endloop
  endfacet
  facet normal 4.257793e-01 9.048271e-01 0.000000e+00
    outer loop
      vertex   -3.770085e+01 -2.344168e+01 -8.820575e+01
      vertex   -3.702042e+01 -2.376186e+01 -9.500000e+01
      vertex   -3.770085e+01 -2.344168e+01 -9.500000e+01
    endloop
  endfacet
  facet normal 6.374240e-01 7.705132e-01 0.000000e+00
    outer loop
      vertex   -3.770085e+01 -2.344168e+01 -8.820575e+01
      vertex   -3.770085e+01 -2.344168e+01 -9.500000e+01
      vertex   -3.828027e+01 -2.296234e+01 -8.820575e+01
    endloop
  endfacet
  facet normal 6.374240e-01 7.705132e-01 0.000000e+00
    outer loop
      vertex   -3.828027e+01 -2.296234e+01 -8.820575e+01
      vertex   -3.770085e+01 -2.344168e+01 -9.500000e+01
      vertex   -3.828027e+01 -2.296234e+01 -9.500000e+01
    endloop
  endfacet
  facet normal 8.090170e-01 5.877853e-01 0.000000e+00
    outer loop
      vertex   -3.828027e+01 -2.296234e+01 -8.820575e+01
      vertex   -3.828027e+01 -2.296234e+01 -9.500000e+01
      vertex   -3.872229e+01 -2.235396e+01 -8.820575e+01
    endloop
  endfacet
  facet normal 8.090170e-01 5.877853e-01 0.000000e+00
    outer loop
      vertex   -3.872229e+01 -2.235396e+01 -8.820575e+01
      vertex   -3.828027e+01 -2.296234e+01 -9.500000e+01
      vertex   -3.872229e+01 -2.235396e+01 -9.500000e+01
    endloop
  endfacet
  facet normal 9.297765e-01 3.681246e-01 0.000000e+00
    outer loop
      vertex   -3.872229e+01 -2.235396e+01 -8.820575e+01
      vertex   -3.872229e+01 -2.235396e+01 -9.500000e+01
      vertex   -3.899912e+01 -2.165476e+01 -8.820575e+01
    endloop
  endfacet
  facet normal 9.297765e-01 3.681246e-01 1.924924e-16
    outer loop
      vertex   -3.899912e+01 -2.165476e+01 -8.820575e+01
      vertex   -3.872229e+01 -2.235396e+01 -9.500000e+01
      vertex   -3.899912e+01 -2.165476e+01 -9.500000e+01
    endloop
  endfacet
  facet normal 1.000000e+00 0.000000e+00 -1.060512e-16
    outer loop
      vertex   -2.672467e+01 2.454571e+01 -9.500000e+01
      vertex   -2.672467e+01 2.731717e+01 -9.500000e+01
      vertex   -2.672467e+01 2.454571e+01 -2.800000e+01
    endloop
  endfacet
  facet normal 1.000000e+00 3.840766e-16 -9.016378e-17
    outer loop
      vertex   -2.672467e+01 2.454571e+01 -2.800000e+01
      vertex   -2.672467e+01 2.731717e+01 -9.500000e+01
      vertex   -2.672467e+01 4.064989e+01 -3.820575e+01
    endloop
  endfacet
  facet normal 1.000000e+00 4.200812e-16 -3.335020e-17
    outer loop
      vertex   -2.672467e+01 2.454571e+01 -2.800000e+01
      vertex   -2.672467e+01 4.064989e+01 -3.820575e+01
      vertex   -2.672467e+01 4.146012e+01 -2.800000e+01
    endloop
  endfacet
  facet normal 1.000000e+00 0.000000e+00 0.000000e+00
    outer loop
      vertex   -2.672467e+01 4.146012e+01 -2.800000e+01
      vertex   -2.672467e+01 4.064989e+01 -3.820575e+01
      vertex   -2.672467e+01 4.146012e+01 -3.300000e+01
    endloop
  endfacet
  facet normal 1.000000e+00 0.000000e+00 0.000000e+00
    outer loop
      vertex   -2.672467e+01 4.146012e+01 -3.300000e+01
      vertex   -2.672467e+01 4.064989e+01 -3.820575e+01
      vertex   -2.672467e+01 4.146012e+01 -3.820575e+01
    endloop
  endfacet
  facet normal 1.000000e+00 3.667556e-07 0.000000e+00
    outer loop
      vertex   -2.672467e+01 4.146012e+01 -3.300000e+01
      vertex   -2.672467e+01 4.146012e+01 -3.820575e+01
      vertex   -2.672467e+01 4.200000e+01 -3.254536e+01
    endloop
  endfacet
  facet normal 1.000000e+00 -3.218222e-08 3.805003e-08
    outer loop
      vertex   -2.672467e+01 4.200000e+01 -3.254536e+01
      vertex   -2.672467e+01 4.146012e+01 -3.820575e+01
      vertex   -2.672467e+01 4.328687e+01 -3.666071e+01
    endloop
  endfacet
  facet normal 1.000000e+00 -2.931719e-07 -4.356164e-08
    outer loop
      vertex   -2.672467e+01 4.200000e+01 -3.254536e+01
      vertex   -2.672467e+01 4.328687e+01 -3.666071e+01
      vertex   -2.672467e+01 4.200000e+01 -2.800000e+01
    endloop
  endfacet
  facet normal 1.000000e+00 -0.000000e+00 4.102104e-16
    outer loop
      vertex   -2.672467e+01 4.200000e+01 -2.800000e+01
      vertex   -2.672467e+01 4.328687e+01 -3.666071e+01
      vertex   -2.672467e+01 4.517050e+01 -2.800000e+01
    endloop
  endfacet
  facet normal 1.000000e+00 1.886104e-15 0.000000e+00
    outer loop
      vertex   -2.672467e+01 4.517050e+01 -2.800000e+01
      vertex   -2.672467e+01 4.328687e+01 -3.666071e+01
      vertex   -2.672467e+01 4.517050e+01 -3.504861e+01
    endloop
  endfacet
  facet normal 1.000000e+00 0.000000e+00 0.000000e+00
    outer loop
      vertex   -2.672467e+01 4.064989e+01 -3.820575e+01
      vertex   -2.672467e+01 2.731717e+01 -9.500000e+01
      vertex   -2.672467e+01 4.064989e+01 -1.200000e+02
    endloop
  endfacet
  facet normal 1.000000e+00 -4.441098e-16 -2.368476e-16
    outer loop
      vertex   -2.672467e+01 4.064989e+01 -1.200000e+02
      vertex   -2.672467e+01 2.731717e+01 -9.500000e+01
      vertex   -2.672467e+01 2.731717e+01 -1.100000e+02
    endloop
  endfacet
  facet normal 1.000000e+00 4.412163e-16 9.435326e-16
    outer loop
      vertex   -2.672467e+01 4.064989e+01 -1.200000e+02
      vertex   -2.672467e+01 2.731717e+01 -1.100000e+02
      vertex   -2.672467e+01 2.454571e+01 -1.200000e+02
    endloop
  endfacet
  facet normal 1.000000e+00 1.281891e-15 7.105427e-16
    outer loop
      vertex   -2.672467e+01 2.454571e+01 -1.200000e+02
      vertex   -2.672467e+01 2.731717e+01 -1.100000e+02
      vertex   -2.672467e+01 2.454571e+01 -1.100000e+02
    endloop
  endfacet
  facet normal -1.457136e-03 9.999989e-01 9.470442e-16
    outer loop
      vertex   -2.948641e+01 1.431314e+01 -1.100000e+02
      vertex   -3.614467e+01 1.430343e+01 -1.100000e+02
      vertex   -2.948641e+01 1.431314e+01 -9.500000e+01
    endloop
  endfacet
  facet normal -1.457136e-03 9.999989e-01 9.466861e-16
    outer loop
      vertex   -2.948641e+01 1.431314e+01 -9.500000e+01
      vertex   -3.614467e+01 1.430343e+01 -1.100000e+02
      vertex   -3.614467e+01 1.430343e+01 -9.500000e+01
    endloop
  endfacet
  facet normal 8.112710e-02 9.967038e-01 9.826970e-16
    outer loop
      vertex   -3.614467e+01 1.430343e+01 -9.500000e+01
      vertex   -3.614467e+01 1.430343e+01 -1.100000e+02
      vertex   -3.721467e+01 1.439053e+01 -9.500000e+01
    endloop
  endfacet
  facet normal 8.112710e-02 9.967038e-01 1.180334e-15
    outer loop
      vertex   -3.721467e+01 1.439053e+01 -9.500000e+01
      vertex   -3.614467e+01 1.430343e+01 -1.100000e+02
      vertex   -3.721467e+01 1.439053e+01 -1.100000e+02
    endloop
  endfacet
  facet normal 2.440727e-01 9.697569e-01 1.148423e-15
    outer loop
      vertex   -3.721467e+01 1.439053e+01 -9.500000e+01
      vertex   -3.721467e+01 1.439053e+01 -1.100000e+02
      vertex   -3.825573e+01 1.465255e+01 -9.500000e+01
    endloop
  endfacet
  facet normal 2.440727e-01 9.697569e-01 1.148423e-15
    outer loop
      vertex   -3.825573e+01 1.465255e+01 -9.500000e+01
      vertex   -3.721467e+01 1.439053e+01 -1.100000e+02
      vertex   -3.825573e+01 1.465255e+01 -1.100000e+02
    endloop
  endfacet
  facet normal 4.003606e-01 9.163577e-01 1.085185e-15
    outer loop
      vertex   -3.825573e+01 1.465255e+01 -9.500000e+01
      vertex   -3.825573e+01 1.465255e+01 -1.100000e+02
      vertex   -3.923947e+01 1.508235e+01 -9.500000e+01
    endloop
  endfacet
  facet normal 4.003606e-01 9.163577e-01 1.302223e-15
    outer loop
      vertex   -3.923947e+01 1.508235e+01 -9.500000e+01
      vertex   -3.825573e+01 1.465255e+01 -1.100000e+02
      vertex   -3.923947e+01 1.508235e+01 -1.100000e+02
    endloop
  endfacet
  facet normal 5.457277e-01 8.379625e-01 1.190816e-15
    outer loop
      vertex   -3.923947e+01 1.508235e+01 -9.500000e+01
      vertex   -3.923947e+01 1.508235e+01 -1.100000e+02
      vertex   -4.013905e+01 1.566820e+01 -9.500000e+01
    endloop
  endfacet
  facet normal 5.457277e-01 8.379625e-01 9.923470e-16
    outer loop
      vertex   -4.013905e+01 1.566820e+01 -9.500000e+01
      vertex   -3.923947e+01 1.508235e+01 -1.100000e+02
      vertex   -4.013905e+01 1.566820e+01 -1.100000e+02
    endloop
  endfacet
  facet normal 6.762088e-01 7.367100e-01 8.724399e-16
    outer loop
      vertex   -4.013905e+01 1.566820e+01 -9.500000e+01
      vertex   -4.013905e+01 1.566820e+01 -1.100000e+02
      vertex   -4.092993e+01 1.639413e+01 -9.500000e+01
    endloop
  endfacet
  facet normal 6.762088e-01 7.367100e-01 8.724399e-16
    outer loop
      vertex   -4.092993e+01 1.639413e+01 -9.500000e+01
      vertex   -4.013905e+01 1.566820e+01 -1.100000e+02
      vertex   -4.092993e+01 1.639413e+01 -1.100000e+02
    endloop
  endfacet
  facet normal 7.882447e-01 6.153619e-01 7.287349e-16
    outer loop
      vertex   -4.092993e+01 1.639413e+01 -9.500000e+01
      vertex   -4.092993e+01 1.639413e+01 -1.100000e+02
      vertex   -4.159054e+01 1.724034e+01 -9.500000e+01
    endloop
  endfacet
  facet normal 7.882447e-01 6.153619e-01 1.247870e-15
    outer loop
      vertex   -4.159054e+01 1.724034e+01 -9.500000e+01
      vertex   -4.092993e+01 1.639413e+01 -1.100000e+02
      vertex   -4.159054e+01 1.724034e+01 -1.100000e+02
    endloop
  endfacet
  facet normal 8.787793e-01 4.772283e-01 1.094456e-15
    outer loop
      vertex   -4.159054e+01 1.724034e+01 -9.500000e+01
      vertex   -4.159054e+01 1.724034e+01 -1.100000e+02
      vertex   -4.210286e+01 1.818374e+01 -9.500000e+01
    endloop
  endfacet
  facet normal 8.787793e-01 4.772283e-01 6.781823e-16
    outer loop
      vertex   -4.210286e+01 1.818374e+01 -9.500000e+01
      vertex   -4.159054e+01 1.724034e+01 -1.100000e+02
      vertex   -4.210286e+01 1.818374e+01 -1.100000e+02
    endloop
  endfacet
  facet normal 9.453431e-01 3.260772e-01 4.633836e-16
    outer loop
      vertex   -4.210286e+01 1.818374e+01 -9.500000e+01
      vertex   -4.210286e+01 1.818374e+01 -1.100000e+02
      vertex   -4.245291e+01 1.919859e+01 -9.500000e+01
    endloop
  endfacet
  facet normal 9.453431e-01 3.260772e-01 9.111881e-16
    outer loop
      vertex   -4.245291e+01 1.919859e+01 -9.500000e+01
      vertex   -4.210286e+01 1.818374e+01 -1.100000e+02
      vertex   -4.245291e+01 1.919859e+01 -1.100000e+02
    endloop
  endfacet
  facet normal 9.861204e-01 1.660316e-01 7.030656e-16
    outer loop
      vertex   -4.245291e+01 1.919859e+01 -9.500000e+01
      vertex   -4.245291e+01 1.919859e+01 -1.100000e+02
      vertex   -4.263115e+01 2.025722e+01 -9.500000e+01
    endloop
  endfacet
  facet normal 9.861204e-01 1.660316e-01 7.030656e-16
    outer loop
      vertex   -4.263115e+01 2.025722e+01 -9.500000e+01
      vertex   -4.245291e+01 1.919859e+01 -1.100000e+02
      vertex   -4.263115e+01 2.025722e+01 -1.100000e+02
    endloop
  endfacet
  facet normal 9.999989e-01 1.457040e-03 4.757652e-16
    outer loop
      vertex   -4.263115e+01 2.025722e+01 -9.500000e+01
      vertex   -4.263115e+01 2.025722e+01 -1.100000e+02
      vertex   -4.263272e+01 2.133075e+01 -9.500000e+01
    endloop
  endfacet
  facet normal 9.999989e-01 1.457040e-03 4.757652e-16
    outer loop
      vertex   -4.263272e+01 2.133075e+01 -9.500000e+01
      vertex   -4.263115e+01 2.025722e+01 -1.100000e+02
      vertex   -4.263272e+01 2.133075e+01 -1.100000e+02
    endloop
  endfacet
  facet normal 9.866001e-01 -1.631573e-01 2.354873e-16
    outer loop
      vertex   -4.263272e+01 2.133075e+01 -9.500000e+01
      vertex   -4.263272e+01 2.133075e+01 -1.100000e+02
      vertex   -4.245756e+01 2.238990e+01 -9.500000e+01
    endloop
  endfacet
  facet normal 9.866001e-01 -1.631573e-01 2.354873e-16
    outer loop
      vertex   -4.245756e+01 2.238990e+01 -9.500000e+01
      vertex   -4.263272e+01 2.133075e+01 -1.100000e+02
      vertex   -4.245756e+01 2.238990e+01 -1.100000e+02
    endloop
  endfacet
  facet normal 9.462893e-01 -3.233210e-01 -1.121417e-17
    outer loop
      vertex   -4.245756e+01 2.238990e+01 -9.500000e+01
      vertex   -4.245756e+01 2.238990e+01 -1.100000e+02
      vertex   -4.211047e+01 2.340577e+01 -9.500000e+01
    endloop
  endfacet
  facet normal 9.462893e-01 -3.233210e-01 -6.126225e-16
    outer loop
      vertex   -4.211047e+01 2.340577e+01 -9.500000e+01
      vertex   -4.245756e+01 2.238990e+01 -1.100000e+02
      vertex   -4.211047e+01 2.340577e+01 -1.100000e+02
    endloop
  endfacet
  facet normal 8.801663e-01 -4.746655e-01 -8.993870e-16
    outer loop
      vertex   -4.211047e+01 2.340577e+01 -9.500000e+01
      vertex   -4.211047e+01 2.340577e+01 -1.100000e+02
      vertex   -4.160090e+01 2.435066e+01 -9.500000e+01
    endloop
  endfacet
  facet normal 8.801663e-01 -4.746655e-01 -2.576097e-16
    outer loop
      vertex   -4.160090e+01 2.435066e+01 -9.500000e+01
      vertex   -4.211047e+01 2.340577e+01 -1.100000e+02
      vertex   -4.160090e+01 2.435066e+01 -1.100000e+02
    endloop
  endfacet
  facet normal 7.900346e-01 -6.130623e-01 -4.969783e-16
    outer loop
      vertex   -4.160090e+01 2.435066e+01 -9.500000e+01
      vertex   -4.160090e+01 2.435066e+01 -1.100000e+02
      vertex   -4.094276e+01 2.519878e+01 -9.500000e+01
    endloop
  endfacet
  facet normal 7.900346e-01 -6.130623e-01 -4.969783e-16
    outer loop
      vertex   -4.094276e+01 2.519878e+01 -9.500000e+01
      vertex   -4.160090e+01 2.435066e+01 -1.100000e+02
      vertex   -4.094276e+01 2.519878e+01 -1.100000e+02
    endloop
  endfacet
  facet normal 6.783528e-01 -7.347363e-01 -7.227907e-16
    outer loop
      vertex   -4.094276e+01 2.519878e+01 -9.500000e+01
      vertex   -4.094276e+01 2.519878e+01 -1.100000e+02
      vertex   -4.015400e+01 2.592702e+01 -9.500000e+01
    endloop
  endfacet
  facet normal 6.783528e-01 -7.347363e-01 -6.960821e-16
    outer loop
      vertex   -4.015400e+01 2.592702e+01 -9.500000e+01
      vertex   -4.094276e+01 2.519878e+01 -1.100000e+02
      vertex   -4.015400e+01 2.592702e+01 -1.100000e+02
    endloop
  endfacet
  facet normal 5.481673e-01 -8.363687e-01 -7.923676e-16
    outer loop
      vertex   -4.015400e+01 2.592702e+01 -9.500000e+01
      vertex   -4.015400e+01 2.592702e+01 -1.100000e+02
      vertex   -3.925613e+01 2.651549e+01 -9.500000e+01
    endloop
  endfacet
  facet normal 5.481673e-01 -8.363687e-01 -7.307953e-16
    outer loop
      vertex   -3.925613e+01 2.651549e+01 -9.500000e+01
      vertex   -4.015400e+01 2.592702e+01 -1.100000e+02
      vertex   -3.925613e+01 2.651549e+01 -1.100000e+02
    endloop
  endfacet
  facet normal 4.030293e-01 -9.151871e-01 -8.928862e-16
    outer loop
      vertex   -3.925613e+01 2.651549e+01 -9.500000e+01
      vertex   -3.925613e+01 2.651549e+01 -1.100000e+02
      vertex   -3.827365e+01 2.694816e+01 -9.500000e+01
    endloop
  endfacet
  facet normal 4.030293e-01 -9.151871e-01 -8.928862e-16
    outer loop
      vertex   -3.827365e+01 2.694816e+01 -9.500000e+01
      vertex   -3.925613e+01 2.651549e+01 -1.100000e+02
      vertex   -3.827365e+01 2.694816e+01 -1.100000e+02
    endloop
  endfacet
  facet normal 2.468976e-01 -9.690416e-01 -1.030622e-15
    outer loop
      vertex   -3.827365e+01 2.694816e+01 -9.500000e+01
      vertex   -3.827365e+01 2.694816e+01 -1.100000e+02
      vertex   -3.723335e+01 2.721321e+01 -9.500000e+01
    endloop
  endfacet
  facet normal 2.468976e-01 -9.690416e-01 -1.260137e-15
    outer loop
      vertex   -3.723335e+01 2.721321e+01 -9.500000e+01
      vertex   -3.827365e+01 2.694816e+01 -1.100000e+02
      vertex   -3.723335e+01 2.721321e+01 -1.100000e+02
    endloop
  endfacet
  facet normal 8.403123e-02 -9.964631e-01 -1.376254e-15
    outer loop
      vertex   -3.723335e+01 2.721321e+01 -9.500000e+01
      vertex   -3.723335e+01 2.721321e+01 -1.100000e+02
      vertex   -3.616361e+01 2.730342e+01 -9.500000e+01
    endloop
  endfacet
  facet normal 8.403123e-02 -9.964631e-01 -9.042343e-16
    outer loop
      vertex   -3.616361e+01 2.730342e+01 -9.500000e+01
      vertex   -3.723335e+01 2.721321e+01 -1.100000e+02
      vertex   -3.616361e+01 2.730342e+01 -1.100000e+02
    endloop
  endfacet
  facet normal 0.000000e+00 0.000000e+00 1.000000e+00
    outer loop
      vertex   -2.672467e+01 2.454571e+01 -1.100000e+02
      vertex   -3.317780e+01 2.042743e+01 -1.100000e+02
      vertex   -2.948641e+01 1.431314e+01 -1.100000e+02
    endloop
  endfacet
  facet normal 0.000000e+00 0.000000e+00 1.000000e+00
    outer loop
      vertex   -2.948641e+01 1.431314e+01 -1.100000e+02
      vertex   -3.317780e+01 2.042743e+01 -1.100000e+02
      vertex   -3.336482e+01 1.969905e+01 -1.100000e+02
    endloop
  endfacet
  facet normal 0.000000e+00 0.000000e+00 1.000000e+00
    outer loop
      vertex   -2.948641e+01 1.431314e+01 -1.100000e+02
      vertex   -3.336482e+01 1.969905e+01 -1.100000e+02
      vertex   -3.372709e+01 1.904007e+01 -1.100000e+02
    endloop
  endfacet
  facet normal 0.000000e+00 0.000000e+00 1.000000e+00
    outer loop
      vertex   -2.672467e+01 2.731717e+01 -1.100000e+02
      vertex   -3.424187e+01 2.311497e+01 -1.100000e+02
      vertex   -2.672467e+01 2.454571e+01 -1.100000e+02
    endloop
  endfacet
  facet normal 0.000000e+00 0.000000e+00 1.000000e+00
    outer loop
      vertex   -2.672467e+01 2.454571e+01 -1.100000e+02
      vertex   -3.424187e+01 2.311497e+01 -1.100000e+02
      vertex   -3.372709e+01 2.256678e+01 -1.100000e+02
    endloop
  endfacet
  facet normal 0.000000e+00 0.000000e+00 1.000000e+00
    outer loop
      vertex   -2.672467e+01 2.454571e+01 -1.100000e+02
      vertex   -3.372709e+01 2.256678e+01 -1.100000e+02
      vertex   -3.336482e+01 2.190780e+01 -1.100000e+02
    endloop
  endfacet
  facet normal 0.000000e+00 0.000000e+00 1.000000e+00
    outer loop
      vertex   -2.672467e+01 2.731717e+01 -1.100000e+02
      vertex   -3.616361e+01 2.730342e+01 -1.100000e+02
      vertex   -3.424187e+01 2.311497e+01 -1.100000e+02
    endloop
  endfacet
  facet normal 0.000000e+00 0.000000e+00 1.000000e+00
    outer loop
      vertex   -3.424187e+01 2.311497e+01 -1.100000e+02
      vertex   -3.616361e+01 2.730342e+01 -1.100000e+02
      vertex   -3.487681e+01 2.351791e+01 -1.100000e+02
    endloop
  endfacet
  facet normal 0.000000e+00 0.000000e+00 1.000000e+00
    outer loop
      vertex   -3.487681e+01 2.351791e+01 -1.100000e+02
      vertex   -3.616361e+01 2.730342e+01 -1.100000e+02
      vertex   -3.559200e+01 2.375029e+01 -1.100000e+02
    endloop
  endfacet
  facet normal 0.000000e+00 0.000000e+00 1.000000e+00
    outer loop
      vertex   -3.559200e+01 2.375029e+01 -1.100000e+02
      vertex   -3.616361e+01 2.730342e+01 -1.100000e+02
      vertex   -3.634252e+01 2.379751e+01 -1.100000e+02
    endloop
  endfacet
  facet normal 0.000000e+00 -0.000000e+00 1.000000e+00
    outer loop
      vertex   -3.634252e+01 2.379751e+01 -1.100000e+02
      vertex   -3.616361e+01 2.730342e+01 -1.100000e+02
      vertex   -3.723335e+01 2.721321e+01 -1.100000e+02
    endloop
  endfacet
  facet normal 0.000000e+00 0.000000e+00 1.000000e+00
    outer loop
      vertex   -3.634252e+01 2.379751e+01 -1.100000e+02
      vertex   -3.723335e+01 2.721321e+01 -1.100000e+02
      vertex   -3.827365e+01 2.694816e+01 -1.100000e+02
    endloop
  endfacet
  facet normal 0.000000e+00 0.000000e+00 1.000000e+00
    outer loop
      vertex   -3.634252e+01 2.379751e+01 -1.100000e+02
      vertex   -3.827365e+01 2.694816e+01 -1.100000e+02
      vertex   -3.708120e+01 2.365660e+01 -1.100000e+02
    endloop
  endfacet
  facet normal 0.000000e+00 0.000000e+00 1.000000e+00
    outer loop
      vertex   -3.708120e+01 2.365660e+01 -1.100000e+02
      vertex   -3.827365e+01 2.694816e+01 -1.100000e+02
      vertex   -3.925613e+01 2.651549e+01 -1.100000e+02
    endloop
  endfacet
  facet normal 0.000000e+00 0.000000e+00 1.000000e+00
    outer loop
      vertex   -3.708120e+01 2.365660e+01 -1.100000e+02
      vertex   -3.925613e+01 2.651549e+01 -1.100000e+02
      vertex   -3.776163e+01 2.333641e+01 -1.100000e+02
    endloop
  endfacet
  facet normal 0.000000e+00 0.000000e+00 1.000000e+00
    outer loop
      vertex   -3.776163e+01 2.333641e+01 -1.100000e+02
      vertex   -3.925613e+01 2.651549e+01 -1.100000e+02
      vertex   -4.015400e+01 2.592702e+01 -1.100000e+02
    endloop
  endfacet
  facet normal 0.000000e+00 0.000000e+00 1.000000e+00
    outer loop
      vertex   -3.776163e+01 2.333641e+01 -1.100000e+02
      vertex   -4.015400e+01 2.592702e+01 -1.100000e+02
      vertex   -4.094276e+01 2.519878e+01 -1.100000e+02
    endloop
  endfacet
  facet normal 0.000000e+00 0.000000e+00 1.000000e+00
    outer loop
      vertex   -3.776163e+01 2.333641e+01 -1.100000e+02
      vertex   -4.094276e+01 2.519878e+01 -1.100000e+02
      vertex   -3.834105e+01 2.285707e+01 -1.100000e+02
    endloop
  endfacet
  facet normal 0.000000e+00 0.000000e+00 1.000000e+00
    outer loop
      vertex   -3.834105e+01 2.285707e+01 -1.100000e+02
      vertex   -4.094276e+01 2.519878e+01 -1.100000e+02
      vertex   -4.160090e+01 2.435066e+01 -1.100000e+02
    endloop
  endfacet
  facet normal 0.000000e+00 0.000000e+00 1.000000e+00
    outer loop
      vertex   -3.834105e+01 2.285707e+01 -1.100000e+02
      vertex   -4.160090e+01 2.435066e+01 -1.100000e+02
      vertex   -3.878306e+01 2.224869e+01 -1.100000e+02
    endloop
  endfacet
  facet normal 0.000000e+00 0.000000e+00 1.000000e+00
    outer loop
      vertex   -3.878306e+01 2.224869e+01 -1.100000e+02
      vertex   -4.160090e+01 2.435066e+01 -1.100000e+02
      vertex   -4.211047e+01 2.340577e+01 -1.100000e+02
    endloop
  endfacet
  facet normal 0.000000e+00 0.000000e+00 1.000000e+00
    outer loop
      vertex   -3.878306e+01 2.224869e+01 -1.100000e+02
      vertex   -4.211047e+01 2.340577e+01 -1.100000e+02
      vertex   -4.245756e+01 2.238990e+01 -1.100000e+02
    endloop
  endfacet
  facet normal 0.000000e+00 0.000000e+00 1.000000e+00
    outer loop
      vertex   -3.878306e+01 2.224869e+01 -1.100000e+02
      vertex   -4.245756e+01 2.238990e+01 -1.100000e+02
      vertex   -3.905989e+01 2.154950e+01 -1.100000e+02
    endloop
  endfacet
  facet normal 0.000000e+00 0.000000e+00 1.000000e+00
    outer loop
      vertex   -3.905989e+01 2.154950e+01 -1.100000e+02
      vertex   -4.245756e+01 2.238990e+01 -1.100000e+02
      vertex   -4.263272e+01 2.133075e+01 -1.100000e+02
    endloop
  endfacet
  facet normal 0.000000e+00 0.000000e+00 1.000000e+00
    outer loop
      vertex   -3.905989e+01 2.154950e+01 -1.100000e+02
      vertex   -4.263272e+01 2.133075e+01 -1.100000e+02
      vertex   -3.915414e+01 2.080343e+01 -1.100000e+02
    endloop
  endfacet
  facet normal 0.000000e+00 0.000000e+00 1.000000e+00
    outer loop
      vertex   -3.915414e+01 2.080343e+01 -1.100000e+02
      vertex   -4.263272e+01 2.133075e+01 -1.100000e+02
      vertex   -4.263115e+01 2.025722e+01 -1.100000e+02
    endloop
  endfacet
  facet normal 0.000000e+00 0.000000e+00 1.000000e+00
    outer loop
      vertex   -3.915414e+01 2.080343e+01 -1.100000e+02
      vertex   -4.263115e+01 2.025722e+01 -1.100000e+02
      vertex   -3.905989e+01 2.005736e+01 -1.100000e+02
    endloop
  endfacet
  facet normal 0.000000e+00 0.000000e+00 1.000000e+00
    outer loop
      vertex   -3.905989e+01 2.005736e+01 -1.100000e+02
      vertex   -4.263115e+01 2.025722e+01 -1.100000e+02
      vertex   -4.245291e+01 1.919859e+01 -1.100000e+02
    endloop
  endfacet
  facet normal 0.000000e+00 0.000000e+00 1.000000e+00
    outer loop
      vertex   -3.905989e+01 2.005736e+01 -1.100000e+02
      vertex   -4.245291e+01 1.919859e+01 -1.100000e+02
      vertex   -3.878306e+01 1.935817e+01 -1.100000e+02
    endloop
  endfacet
  facet normal 0.000000e+00 0.000000e+00 1.000000e+00
    outer loop
      vertex   -3.878306e+01 1.935817e+01 -1.100000e+02
      vertex   -4.245291e+01 1.919859e+01 -1.100000e+02
      vertex   -4.210286e+01 1.818374e+01 -1.100000e+02
    endloop
  endfacet
  facet normal 0.000000e+00 0.000000e+00 1.000000e+00
    outer loop
      vertex   -3.878306e+01 1.935817e+01 -1.100000e+02
      vertex   -4.210286e+01 1.818374e+01 -1.100000e+02
      vertex   -4.159054e+01 1.724034e+01 -1.100000e+02
    endloop
  endfacet
  facet normal 0.000000e+00 0.000000e+00 1.000000e+00
    outer loop
      vertex   -3.878306e+01 1.935817e+01 -1.100000e+02
      vertex   -4.159054e+01 1.724034e+01 -1.100000e+02
      vertex   -3.834105e+01 1.874979e+01 -1.100000e+02
    endloop
  endfacet
  facet normal 0.000000e+00 0.000000e+00 1.000000e+00
    outer loop
      vertex   -3.834105e+01 1.874979e+01 -1.100000e+02
      vertex   -4.159054e+01 1.724034e+01 -1.100000e+02
      vertex   -4.092993e+01 1.639413e+01 -1.100000e+02
    endloop
  endfacet
  facet normal 0.000000e+00 0.000000e+00 1.000000e+00
    outer loop
      vertex   -3.834105e+01 1.874979e+01 -1.100000e+02
      vertex   -4.092993e+01 1.639413e+01 -1.100000e+02
      vertex   -3.776163e+01 1.827044e+01 -1.100000e+02
    endloop
  endfacet
  facet normal 0.000000e+00 0.000000e+00 1.000000e+00
    outer loop
      vertex   -3.776163e+01 1.827044e+01 -1.100000e+02
      vertex   -4.092993e+01 1.639413e+01 -1.100000e+02
      vertex   -4.013905e+01 1.566820e+01 -1.100000e+02
    endloop
  endfacet
  facet normal 0.000000e+00 0.000000e+00 1.000000e+00
    outer loop
      vertex   -3.776163e+01 1.827044e+01 -1.100000e+02
      vertex   -4.013905e+01 1.566820e+01 -1.100000e+02
      vertex   -3.923947e+01 1.508235e+01 -1.100000e+02
    endloop
  endfacet
  facet normal 0.000000e+00 0.000000e+00 1.000000e+00
    outer loop
      vertex   -3.776163e+01 1.827044e+01 -1.100000e+02
      vertex   -3.923947e+01 1.508235e+01 -1.100000e+02
      vertex   -3.708120e+01 1.795026e+01 -1.100000e+02
    endloop
  endfacet
  facet normal 0.000000e+00 0.000000e+00 1.000000e+00
    outer loop
      vertex   -3.708120e+01 1.795026e+01 -1.100000e+02
      vertex   -3.923947e+01 1.508235e+01 -1.100000e+02
      vertex   -3.825573e+01 1.465255e+01 -1.100000e+02
    endloop
  endfacet
  facet normal 0.000000e+00 0.000000e+00 1.000000e+00
    outer loop
      vertex   -3.708120e+01 1.795026e+01 -1.100000e+02
      vertex   -3.825573e+01 1.465255e+01 -1.100000e+02
      vertex   -3.634252e+01 1.780935e+01 -1.100000e+02
    endloop
  endfacet
  facet normal 0.000000e+00 0.000000e+00 1.000000e+00
    outer loop
      vertex   -3.634252e+01 1.780935e+01 -1.100000e+02
      vertex   -3.825573e+01 1.465255e+01 -1.100000e+02
      vertex   -3.721467e+01 1.439053e+01 -1.100000e+02
    endloop
  endfacet
  facet normal 1.301110e-14 -3.319164e-15 1.000000e+00
    outer loop
      vertex   -3.634252e+01 1.780935e+01 -1.100000e+02
      vertex   -3.721467e+01 1.439053e+01 -1.100000e+02
      vertex   -3.614467e+01 1.430343e+01 -1.100000e+02
    endloop
  endfacet
  facet normal -2.129888e-15 -3.040656e-15 1.000000e+00
    outer loop
      vertex   -2.948641e+01 1.431314e+01 -1.100000e+02
      vertex   -3.487681e+01 1.808895e+01 -1.100000e+02
      vertex   -3.614467e+01 1.430343e+01 -1.100000e+02
    endloop
  endfacet
  facet normal 1.368700e-15 -4.212424e-15 1.000000e+00
    outer loop
      vertex   -3.614467e+01 1.430343e+01 -1.100000e+02
      vertex   -3.487681e+01 1.808895e+01 -1.100000e+02
      vertex   -3.559200e+01 1.785656e+01 -1.100000e+02
    endloop
  endfacet
  facet normal 2.541159e-16 -4.039056e-15 1.000000e+00
    outer loop
      vertex   -3.614467e+01 1.430343e+01 -1.100000e+02
      vertex   -3.559200e+01 1.785656e+01 -1.100000e+02
      vertex   -3.634252e+01 1.780935e+01 -1.100000e+02
    endloop
  endfacet
  facet normal -0.000000e+00 0.000000e+00 1.000000e+00
    outer loop
      vertex   -3.336482e+01 2.190780e+01 -1.100000e+02
      vertex   -3.317780e+01 2.117943e+01 -1.100000e+02
      vertex   -2.672467e+01 2.454571e+01 -1.100000e+02
    endloop
  endfacet
  facet normal 0.000000e+00 0.000000e+00 1.000000e+00
    outer loop
      vertex   -2.672467e+01 2.454571e+01 -1.100000e+02
      vertex   -3.317780e+01 2.117943e+01 -1.100000e+02
      vertex   -3.317780e+01 2.042743e+01 -1.100000e+02
    endloop
  endfacet
  facet normal 0.000000e+00 0.000000e+00 1.000000e+00
    outer loop
      vertex   -3.372709e+01 1.904007e+01 -1.100000e+02
      vertex   -3.424187e+01 1.849189e+01 -1.100000e+02
      vertex   -2.948641e+01 1.431314e+01 -1.100000e+02
    endloop
  endfacet
  facet normal 0.000000e+00 0.000000e+00 1.000000e+00
    outer loop
      vertex   -2.948641e+01 1.431314e+01 -1.100000e+02
      vertex   -3.424187e+01 1.849189e+01 -1.100000e+02
      vertex   -3.487681e+01 1.808895e+01 -1.100000e+02
    endloop
  endfacet
  facet normal 0.000000e+00 0.000000e+00 -1.000000e+00
    outer loop
      vertex   -2.948641e+01 1.431314e+01 -9.500000e+01
      vertex   -3.317780e+01 2.042743e+01 -9.500000e+01
      vertex   -2.672467e+01 2.454571e+01 -9.500000e+01
    endloop
  endfacet
  facet normal 0.000000e+00 0.000000e+00 -1.000000e+00
    outer loop
      vertex   -2.672467e+01 2.454571e+01 -9.500000e+01
      vertex   -3.317780e+01 2.042743e+01 -9.500000e+01
      vertex   -3.317780e+01 2.117943e+01 -9.500000e+01
    endloop
  endfacet
  facet normal 0.000000e+00 0.000000e+00 -1.000000e+00
    outer loop
      vertex   -2.672467e+01 2.454571e+01 -9.500000e+01
      vertex   -3.317780e+01 2.117943e+01 -9.500000e+01
      vertex   -3.336482e+01 2.190780e+01 -9.500000e+01
    endloop
  endfacet
  facet normal 2.129888e-15 3.040656e-15 -1.000000e+00
    outer loop
      vertex   -3.614467e+01 1.430343e+01 -9.500000e+01
      vertex   -3.487681e+01 1.808895e+01 -9.500000e+01
      vertex   -2.948641e+01 1.431314e+01 -9.500000e+01
    endloop
  endfacet
  facet normal 0.000000e+00 0.000000e+00 -1.000000e+00
    outer loop
      vertex   -2.948641e+01 1.431314e+01 -9.500000e+01
      vertex   -3.487681e+01 1.808895e+01 -9.500000e+01
      vertex   -3.424187e+01 1.849189e+01 -9.500000e+01
    endloop
  endfacet
  facet normal 0.000000e+00 0.000000e+00 -1.000000e+00
    outer loop
      vertex   -2.948641e+01 1.431314e+01 -9.500000e+01
      vertex   -3.424187e+01 1.849189e+01 -9.500000e+01
      vertex   -3.372709e+01 1.904007e+01 -9.500000e+01
    endloop
  endfacet
  facet normal 3.314503e-16 4.072101e-15 -1.000000e+00
    outer loop
      vertex   -3.721467e+01 1.439053e+01 -9.500000e+01
      vertex   -3.634252e+01 1.780935e+01 -9.500000e+01
      vertex   -3.614467e+01 1.430343e+01 -9.500000e+01
    endloop
  endfacet
  facet normal -2.541159e-16 4.039056e-15 -1.000000e+00
    outer loop
      vertex   -3.614467e+01 1.430343e+01 -9.500000e+01
      vertex   -3.634252e+01 1.780935e+01 -9.500000e+01
      vertex   -3.559200e+01 1.785656e+01 -9.500000e+01
    endloop
  endfacet
  facet normal -1.368700e-15 4.212424e-15 -1.000000e+00
    outer loop
      vertex   -3.614467e+01 1.430343e+01 -9.500000e+01
      vertex   -3.559200e+01 1.785656e+01 -9.500000e+01
      vertex   -3.487681e+01 1.808895e+01 -9.500000e+01
    endloop
  endfacet
  facet normal 9.830481e-16 3.905876e-15 -1.000000e+00
    outer loop
      vertex   -3.721467e+01 1.439053e+01 -9.500000e+01
      vertex   -3.825573e+01 1.465255e+01 -9.500000e+01
      vertex   -3.634252e+01 1.780935e+01 -9.500000e+01
    endloop
  endfacet
  facet normal 7.697461e-16 4.035150e-15 -1.000000e+00
    outer loop
      vertex   -3.634252e+01 1.780935e+01 -9.500000e+01
      vertex   -3.825573e+01 1.465255e+01 -9.500000e+01
      vertex   -3.708120e+01 1.795026e+01 -9.500000e+01
    endloop
  endfacet
  facet normal 1.629230e-15 3.729031e-15 -1.000000e+00
    outer loop
      vertex   -3.708120e+01 1.795026e+01 -9.500000e+01
      vertex   -3.825573e+01 1.465255e+01 -9.500000e+01
      vertex   -3.923947e+01 1.508235e+01 -9.500000e+01
    endloop
  endfacet
  facet normal 1.721923e-15 3.659273e-15 -1.000000e+00
    outer loop
      vertex   -3.708120e+01 1.795026e+01 -9.500000e+01
      vertex   -3.923947e+01 1.508235e+01 -9.500000e+01
      vertex   -3.776163e+01 1.827044e+01 -9.500000e+01
    endloop
  endfacet
  facet normal 2.229799e-15 3.423847e-15 -1.000000e+00
    outer loop
      vertex   -3.776163e+01 1.827044e+01 -9.500000e+01
      vertex   -3.923947e+01 1.508235e+01 -9.500000e+01
      vertex   -4.013905e+01 1.566820e+01 -9.500000e+01
    endloop
  endfacet
  facet normal 2.726308e-15 2.970234e-15 -1.000000e+00
    outer loop
      vertex   -3.776163e+01 1.827044e+01 -9.500000e+01
      vertex   -4.013905e+01 1.566820e+01 -9.500000e+01
      vertex   -4.092993e+01 1.639413e+01 -9.500000e+01
    endloop
  endfacet
  facet normal 2.614032e-15 3.159821e-15 -1.000000e+00
    outer loop
      vertex   -3.776163e+01 1.827044e+01 -9.500000e+01
      vertex   -4.092993e+01 1.639413e+01 -9.500000e+01
      vertex   -3.834105e+01 1.874979e+01 -9.500000e+01
    endloop
  endfacet
  facet normal 3.209407e-15 2.505500e-15 -1.000000e+00
    outer loop
      vertex   -3.834105e+01 1.874979e+01 -9.500000e+01
      vertex   -4.092993e+01 1.639413e+01 -9.500000e+01
      vertex   -4.159054e+01 1.724034e+01 -9.500000e+01
    endloop
  endfacet
  facet normal 3.269744e-15 2.375608e-15 -1.000000e+00
    outer loop
      vertex   -3.834105e+01 1.874979e+01 -9.500000e+01
      vertex   -4.159054e+01 1.724034e+01 -9.500000e+01
      vertex   -3.878306e+01 1.935817e+01 -9.500000e+01
    endloop
  endfacet
  facet normal 3.590794e-15 1.950010e-15 -1.000000e+00
    outer loop
      vertex   -3.878306e+01 1.935817e+01 -9.500000e+01
      vertex   -4.159054e+01 1.724034e+01 -9.500000e+01
      vertex   -4.210286e+01 1.818374e+01 -9.500000e+01
    endloop
  endfacet
  facet normal 3.815105e-15 1.315944e-15 -1.000000e+00
    outer loop
      vertex   -3.878306e+01 1.935817e+01 -9.500000e+01
      vertex   -4.210286e+01 1.818374e+01 -9.500000e+01
      vertex   -4.245291e+01 1.919859e+01 -9.500000e+01
    endloop
  endfacet
  facet normal 3.806788e-15 1.507214e-15 -1.000000e+00
    outer loop
      vertex   -3.878306e+01 1.935817e+01 -9.500000e+01
      vertex   -4.245291e+01 1.919859e+01 -9.500000e+01
      vertex   -3.905989e+01 2.005736e+01 -9.500000e+01
    endloop
  endfacet
  facet normal 4.017078e-15 6.763493e-16 -1.000000e+00
    outer loop
      vertex   -3.905989e+01 2.005736e+01 -9.500000e+01
      vertex   -4.245291e+01 1.919859e+01 -9.500000e+01
      vertex   -4.263115e+01 2.025722e+01 -9.500000e+01
    endloop
  endfacet
  facet normal 4.007560e-15 5.062726e-16 -1.000000e+00
    outer loop
      vertex   -3.905989e+01 2.005736e+01 -9.500000e+01
      vertex   -4.263115e+01 2.025722e+01 -9.500000e+01
      vertex   -3.915414e+01 2.080343e+01 -9.500000e+01
    endloop
  endfacet
  facet normal 4.086155e-15 5.953698e-18 -1.000000e+00
    outer loop
      vertex   -3.915414e+01 2.080343e+01 -9.500000e+01
      vertex   -4.263115e+01 2.025722e+01 -9.500000e+01
      vertex   -4.263272e+01 2.133075e+01 -9.500000e+01
    endloop
  endfacet
  facet normal 4.008487e-15 -5.063897e-16 -1.000000e+00
    outer loop
      vertex   -3.915414e+01 2.080343e+01 -9.500000e+01
      vertex   -4.263272e+01 2.133075e+01 -9.500000e+01
      vertex   -3.905989e+01 2.154950e+01 -9.500000e+01
    endloop
  endfacet
  facet normal 4.018167e-15 -6.644974e-16 -1.000000e+00
    outer loop
      vertex   -3.905989e+01 2.154950e+01 -9.500000e+01
      vertex   -4.263272e+01 2.133075e+01 -9.500000e+01
      vertex   -4.245756e+01 2.238990e+01 -9.500000e+01
    endloop
  endfacet
  facet normal 3.809462e-15 -1.508273e-15 -1.000000e+00
    outer loop
      vertex   -3.905989e+01 2.154950e+01 -9.500000e+01
      vertex   -4.245756e+01 2.238990e+01 -9.500000e+01
      vertex   -3.878306e+01 2.224869e+01 -9.500000e+01
    endloop
  endfacet
  facet normal 3.817302e-15 -1.304267e-15 -1.000000e+00
    outer loop
      vertex   -3.878306e+01 2.224869e+01 -9.500000e+01
      vertex   -4.245756e+01 2.238990e+01 -9.500000e+01
      vertex   -4.211047e+01 2.340577e+01 -9.500000e+01
    endloop
  endfacet
  facet normal 3.596402e-15 -1.939506e-15 -1.000000e+00
    outer loop
      vertex   -3.878306e+01 2.224869e+01 -9.500000e+01
      vertex   -4.211047e+01 2.340577e+01 -9.500000e+01
      vertex   -4.160090e+01 2.435066e+01 -9.500000e+01
    endloop
  endfacet
  facet normal 3.270617e-15 -2.376243e-15 -1.000000e+00
    outer loop
      vertex   -3.878306e+01 2.224869e+01 -9.500000e+01
      vertex   -4.160090e+01 2.435066e+01 -9.500000e+01
      vertex   -3.834105e+01 2.285707e+01 -9.500000e+01
    endloop
  endfacet
  facet normal 3.215950e-15 -2.495558e-15 -1.000000e+00
    outer loop
      vertex   -3.834105e+01 2.285707e+01 -9.500000e+01
      vertex   -4.160090e+01 2.435066e+01 -9.500000e+01
      vertex   -4.094276e+01 2.519878e+01 -9.500000e+01
    endloop
  endfacet
  facet normal 2.615964e-15 -3.162158e-15 -1.000000e+00
    outer loop
      vertex   -3.834105e+01 2.285707e+01 -9.500000e+01
      vertex   -4.094276e+01 2.519878e+01 -9.500000e+01
      vertex   -3.776163e+01 2.333641e+01 -9.500000e+01
    endloop
  endfacet
  facet normal 2.733747e-15 -2.960972e-15 -1.000000e+00
    outer loop
      vertex   -3.776163e+01 2.333641e+01 -9.500000e+01
      vertex   -4.094276e+01 2.519878e+01 -9.500000e+01
      vertex   -4.015400e+01 2.592702e+01 -9.500000e+01
    endloop
  endfacet
  facet normal 2.239693e-15 -3.417221e-15 -1.000000e+00
    outer loop
      vertex   -3.776163e+01 2.333641e+01 -9.500000e+01
      vertex   -4.015400e+01 2.592702e+01 -9.500000e+01
      vertex   -3.925613e+01 2.651549e+01 -9.500000e+01
    endloop
  endfacet
  facet normal 1.722445e-15 -3.660382e-15 -1.000000e+00
    outer loop
      vertex   -3.776163e+01 2.333641e+01 -9.500000e+01
      vertex   -3.925613e+01 2.651549e+01 -9.500000e+01
      vertex   -3.708120e+01 2.365660e+01 -9.500000e+01
    endloop
  endfacet
  facet normal 1.639683e-15 -3.723344e-15 -1.000000e+00
    outer loop
      vertex   -3.708120e+01 2.365660e+01 -9.500000e+01
      vertex   -3.925613e+01 2.651549e+01 -9.500000e+01
      vertex   -3.827365e+01 2.694816e+01 -9.500000e+01
    endloop
  endfacet
  facet normal 7.703439e-16 -4.038284e-15 -1.000000e+00
    outer loop
      vertex   -3.708120e+01 2.365660e+01 -9.500000e+01
      vertex   -3.827365e+01 2.694816e+01 -9.500000e+01
      vertex   -3.634252e+01 2.379751e+01 -9.500000e+01
    endloop
  endfacet
  facet normal 9.939725e-16 -3.901215e-15 -1.000000e+00
    outer loop
      vertex   -3.634252e+01 2.379751e+01 -9.500000e+01
      vertex   -3.827365e+01 2.694816e+01 -9.500000e+01
      vertex   -3.723335e+01 2.721321e+01 -9.500000e+01
    endloop
  endfacet
  facet normal 1.334188e-14 -6.808159e-16 -1.000000e+00
    outer loop
      vertex   -3.634252e+01 2.379751e+01 -9.500000e+01
      vertex   -3.723335e+01 2.721321e+01 -9.500000e+01
      vertex   -3.616361e+01 2.730342e+01 -9.500000e+01
    endloop
  endfacet
  facet normal 0.000000e+00 0.000000e+00 -1.000000e+00
    outer loop
      vertex   -2.672467e+01 2.731717e+01 -9.500000e+01
      vertex   -3.424187e+01 2.311497e+01 -9.500000e+01
      vertex   -3.616361e+01 2.730342e+01 -9.500000e+01
    endloop
  endfacet
  facet normal 0.000000e+00 0.000000e+00 -1.000000e+00
    outer loop
      vertex   -3.616361e+01 2.730342e+01 -9.500000e+01
      vertex   -3.424187e+01 2.311497e+01 -9.500000e+01
      vertex   -3.487681e+01 2.351791e+01 -9.500000e+01
    endloop
  endfacet
  facet normal 0.000000e+00 0.000000e+00 -1.000000e+00
    outer loop
      vertex   -3.616361e+01 2.730342e+01 -9.500000e+01
      vertex   -3.487681e+01 2.351791e+01 -9.500000e+01
      vertex   -3.559200e+01 2.375029e+01 -9.500000e+01
    endloop
  endfacet
  facet normal 0.000000e+00 -0.000000e+00 -1.000000e+00
    outer loop
      vertex   -2.672467e+01 2.731717e+01 -9.500000e+01
      vertex   -2.672467e+01 2.454571e+01 -9.500000e+01
      vertex   -3.424187e+01 2.311497e+01 -9.500000e+01
    endloop
  endfacet
  facet normal 0.000000e+00 0.000000e+00 -1.000000e+00
    outer loop
      vertex   -3.424187e+01 2.311497e+01 -9.500000e+01
      vertex   -2.672467e+01 2.454571e+01 -9.500000e+01
      vertex   -3.372709e+01 2.256678e+01 -9.500000e+01
    endloop
  endfacet
  facet normal 0.000000e+00 0.000000e+00 -1.000000e+00
    outer loop
      vertex   -3.372709e+01 2.256678e+01 -9.500000e+01
      vertex   -2.672467e+01 2.454571e+01 -9.500000e+01
      vertex   -3.336482e+01 2.190780e+01 -9.500000e+01
    endloop
  endfacet
  facet normal 0.000000e+00 0.000000e+00 -1.000000e+00
    outer loop
      vertex   -3.372709e+01 1.904007e+01 -9.500000e+01
      vertex   -3.336482e+01 1.969905e+01 -9.500000e+01
      vertex   -2.948641e+01 1.431314e+01 -9.500000e+01
    endloop
  endfacet
  facet normal 0.000000e+00 0.000000e+00 -1.000000e+00
    outer loop
      vertex   -2.948641e+01 1.431314e+01 -9.500000e+01
      vertex   -3.336482e+01 1.969905e+01 -9.500000e+01
      vertex   -3.317780e+01 2.042743e+01 -9.500000e+01
    endloop
  endfacet
  facet normal 0.000000e+00 0.000000e+00 -1.000000e+00
    outer loop
      vertex   -3.559200e+01 2.375029e+01 -9.500000e+01
      vertex   -3.634252e+01 2.379751e+01 -9.500000e+01
      vertex   -3.616361e+01 2.730342e+01 -9.500000e+01
    endloop
  endfacet
  facet normal 1.456945e-03 -9.999989e-01 -7.108871e-16
    outer loop
      vertex   -2.672467e+01 2.731717e+01 -9.500000e+01
      vertex   -3.616361e+01 2.730342e+01 -9.500000e+01
      vertex   -2.672467e+01 2.731717e+01 -1.100000e+02
    endloop
  endfacet
  facet normal 1.456945e-03 -9.999989e-01 -9.466559e-16
    outer loop
      vertex   -2.672467e+01 2.731717e+01 -1.100000e+02
      vertex   -3.616361e+01 2.730342e+01 -9.500000e+01
      vertex   -3.616361e+01 2.730342e+01 -1.100000e+02
    endloop
  endfacet
  facet normal 8.112216e-02 9.967042e-01 1.454829e-15
    outer loop
      vertex   -3.608386e+01 -2.740869e+01 -9.500000e+01
      vertex   -3.608386e+01 -2.740869e+01 -1.100000e+02
      vertex   -3.715386e+01 -2.732160e+01 -9.500000e+01
    endloop
  endfacet
  facet normal 8.112216e-02 9.967042e-01 9.826950e-16
    outer loop
      vertex   -3.715386e+01 -2.732160e+01 -9.500000e+01
      vertex   -3.608386e+01 -2.740869e+01 -1.100000e+02
      vertex   -3.715386e+01 -2.732160e+01 -1.100000e+02
    endloop
  endfacet
  facet normal 2.440683e-01 9.697580e-01 1.034353e-15
    outer loop
      vertex   -3.715386e+01 -2.732160e+01 -9.500000e+01
      vertex   -3.715386e+01 -2.732160e+01 -1.100000e+02
      vertex   -3.819493e+01 -2.705958e+01 -9.500000e+01
    endloop
  endfacet
  facet normal 2.440683e-01 9.697580e-01 1.149967e-15
    outer loop
      vertex   -3.819493e+01 -2.705958e+01 -9.500000e+01
      vertex   -3.715386e+01 -2.732160e+01 -1.100000e+02
      vertex   -3.819493e+01 -2.705958e+01 -1.100000e+02
    endloop
  endfacet
  facet normal 4.003568e-01 9.163593e-01 1.247444e-15
    outer loop
      vertex   -3.819493e+01 -2.705958e+01 -9.500000e+01
      vertex   -3.819493e+01 -2.705958e+01 -1.100000e+02
      vertex   -3.917867e+01 -2.662979e+01 -9.500000e+01
    endloop
  endfacet
  facet normal 4.003568e-01 9.163593e-01 1.247444e-15
    outer loop
      vertex   -3.917867e+01 -2.662979e+01 -9.500000e+01
      vertex   -3.819493e+01 -2.705958e+01 -1.100000e+02
      vertex   -3.917867e+01 -2.662979e+01 -1.100000e+02
    endloop
  endfacet
  facet normal 5.457246e-01 8.379646e-01 1.310894e-15
    outer loop
      vertex   -3.917867e+01 -2.662979e+01 -9.500000e+01
      vertex   -3.917867e+01 -2.662979e+01 -1.100000e+02
      vertex   -4.007825e+01 -2.604393e+01 -9.500000e+01
    endloop
  endfacet
  facet normal 5.457246e-01 8.379646e-01 1.052387e-15
    outer loop
      vertex   -4.007825e+01 -2.604393e+01 -9.500000e+01
      vertex   -3.917867e+01 -2.662979e+01 -1.100000e+02
      vertex   -4.007825e+01 -2.604393e+01 -1.100000e+02
    endloop
  endfacet
  facet normal 6.762064e-01 7.367122e-01 1.018270e-15
    outer loop
      vertex   -4.007825e+01 -2.604393e+01 -9.500000e+01
      vertex   -4.007825e+01 -2.604393e+01 -1.100000e+02
      vertex   -4.086914e+01 -2.531800e+01 -9.500000e+01
    endloop
  endfacet
  facet normal 6.762064e-01 7.367122e-01 8.437812e-16
    outer loop
      vertex   -4.086914e+01 -2.531800e+01 -9.500000e+01
      vertex   -4.007825e+01 -2.604393e+01 -1.100000e+02
      vertex   -4.086914e+01 -2.531800e+01 -1.100000e+02
    endloop
  endfacet
  facet normal 7.882429e-01 6.153642e-01 8.106294e-16
    outer loop
      vertex   -4.086914e+01 -2.531800e+01 -9.500000e+01
      vertex   -4.086914e+01 -2.531800e+01 -1.100000e+02
      vertex   -4.152975e+01 -2.447180e+01 -9.500000e+01
    endloop
  endfacet
  facet normal 7.882429e-01 6.153642e-01 9.563769e-16
    outer loop
      vertex   -4.152975e+01 -2.447180e+01 -9.500000e+01
      vertex   -4.086914e+01 -2.531800e+01 -1.100000e+02
      vertex   -4.152975e+01 -2.447180e+01 -1.100000e+02
    endloop
  endfacet
  facet normal 8.787781e-01 4.772305e-01 8.683965e-16
    outer loop
      vertex   -4.152975e+01 -2.447180e+01 -9.500000e+01
      vertex   -4.152975e+01 -2.447180e+01 -1.100000e+02
      vertex   -4.204208e+01 -2.352840e+01 -9.500000e+01
    endloop
  endfacet
  facet normal 8.787781e-01 4.772305e-01 1.094458e-15
    outer loop
      vertex   -4.204208e+01 -2.352840e+01 -9.500000e+01
      vertex   -4.152975e+01 -2.447180e+01 -1.100000e+02
      vertex   -4.204208e+01 -2.352840e+01 -1.100000e+02
    endloop
  endfacet
  facet normal 9.453425e-01 3.260792e-01 9.111905e-16
    outer loop
      vertex   -4.204208e+01 -2.352840e+01 -9.500000e+01
      vertex   -4.204208e+01 -2.352840e+01 -1.100000e+02
      vertex   -4.239214e+01 -2.251354e+01 -9.500000e+01
    endloop
  endfacet
  facet normal 9.453425e-01 3.260792e-01 8.339595e-16
    outer loop
      vertex   -4.239214e+01 -2.251354e+01 -9.500000e+01
      vertex   -4.204208e+01 -2.352840e+01 -1.100000e+02
      vertex   -4.239214e+01 -2.251354e+01 -1.100000e+02
    endloop
  endfacet
  facet normal 9.861202e-01 1.660332e-01 6.637432e-16
    outer loop
      vertex   -4.239214e+01 -2.251354e+01 -9.500000e+01
      vertex   -4.239214e+01 -2.251354e+01 -1.100000e+02
      vertex   -4.257038e+01 -2.145491e+01 -9.500000e+01
    endloop
  endfacet
  facet normal 9.861202e-01 1.660332e-01 1.572983e-16
    outer loop
      vertex   -4.257038e+01 -2.145491e+01 -9.500000e+01
      vertex   -4.239214e+01 -2.251354e+01 -1.100000e+02
      vertex   -4.257038e+01 -2.145491e+01 -1.100000e+02
    endloop
  endfacet
  facet normal 9.999989e-01 1.458267e-03 1.381548e-18
    outer loop
      vertex   -4.257038e+01 -2.145491e+01 -9.500000e+01
      vertex   -4.257038e+01 -2.145491e+01 -1.100000e+02
      vertex   -4.257194e+01 -2.038137e+01 -9.500000e+01
    endloop
  endfacet
  facet normal 9.999989e-01 1.458267e-03 1.381548e-18
    outer loop
      vertex   -4.257194e+01 -2.038137e+01 -9.500000e+01
      vertex   -4.257038e+01 -2.145491e+01 -1.100000e+02
      vertex   -4.257194e+01 -2.038137e+01 -1.100000e+02
    endloop
  endfacet
  facet normal 9.866002e-01 -1.631565e-01 -1.545728e-16
    outer loop
      vertex   -4.257194e+01 -2.038137e+01 -9.500000e+01
      vertex   -4.257194e+01 -2.038137e+01 -1.100000e+02
      vertex   -4.239679e+01 -1.932223e+01 -9.500000e+01
    endloop
  endfacet
  facet normal 9.866002e-01 -1.631565e-01 -1.545728e-16
    outer loop
      vertex   -4.239679e+01 -1.932223e+01 -9.500000e+01
      vertex   -4.257194e+01 -2.038137e+01 -1.100000e+02
      vertex   -4.239679e+01 -1.932223e+01 -1.100000e+02
    endloop
  endfacet
  facet normal 9.462895e-01 -3.233207e-01 -3.063109e-16
    outer loop
      vertex   -4.239679e+01 -1.932223e+01 -9.500000e+01
      vertex   -4.239679e+01 -1.932223e+01 -1.100000e+02
      vertex   -4.204969e+01 -1.830635e+01 -9.500000e+01
    endloop
  endfacet
  facet normal 9.462895e-01 -3.233207e-01 -3.828886e-16
    outer loop
      vertex   -4.204969e+01 -1.830635e+01 -9.500000e+01
      vertex   -4.239679e+01 -1.932223e+01 -1.100000e+02
      vertex   -4.204969e+01 -1.830635e+01 -1.100000e+02
    endloop
  endfacet
  facet normal 8.801663e-01 -4.746655e-01 -5.621169e-16
    outer loop
      vertex   -4.204969e+01 -1.830635e+01 -9.500000e+01
      vertex   -4.204969e+01 -1.830635e+01 -1.100000e+02
      vertex   -4.154012e+01 -1.736146e+01 -9.500000e+01
    endloop
  endfacet
  facet normal 8.801663e-01 -4.746655e-01 -5.621169e-16
    outer loop
      vertex   -4.154012e+01 -1.736146e+01 -9.500000e+01
      vertex   -4.204969e+01 -1.830635e+01 -1.100000e+02
      vertex   -4.154012e+01 -1.736146e+01 -1.100000e+02
    endloop
  endfacet
  facet normal 7.900343e-01 -6.130626e-01 -7.260120e-16
    outer loop
      vertex   -4.154012e+01 -1.736146e+01 -9.500000e+01
      vertex   -4.154012e+01 -1.736146e+01 -1.100000e+02
      vertex   -4.088198e+01 -1.651333e+01 -9.500000e+01
    endloop
  endfacet
  facet normal 7.900343e-01 -6.130626e-01 -7.260120e-16
    outer loop
      vertex   -4.088198e+01 -1.651333e+01 -9.500000e+01
      vertex   -4.154012e+01 -1.736146e+01 -1.100000e+02
      vertex   -4.088198e+01 -1.651333e+01 -1.100000e+02
    endloop
  endfacet
  facet normal 6.783522e-01 -7.347369e-01 -8.701033e-16
    outer loop
      vertex   -4.088198e+01 -1.651333e+01 -9.500000e+01
      vertex   -4.088198e+01 -1.651333e+01 -1.100000e+02
      vertex   -4.009321e+01 -1.578510e+01 -9.500000e+01
    endloop
  endfacet
  facet normal 6.783522e-01 -7.347369e-01 -4.617608e-16
    outer loop
      vertex   -4.009321e+01 -1.578510e+01 -9.500000e+01
      vertex   -4.088198e+01 -1.651333e+01 -1.100000e+02
      vertex   -4.009321e+01 -1.578510e+01 -1.100000e+02
    endloop
  endfacet
  facet normal 5.481663e-01 -8.363694e-01 -6.317506e-16
    outer loop
      vertex   -4.009321e+01 -1.578510e+01 -9.500000e+01
      vertex   -4.009321e+01 -1.578510e+01 -1.100000e+02
      vertex   -3.919534e+01 -1.519662e+01 -9.500000e+01
    endloop
  endfacet
  facet normal 5.481663e-01 -8.363694e-01 -7.307966e-16
    outer loop
      vertex   -3.919534e+01 -1.519662e+01 -9.500000e+01
      vertex   -4.009321e+01 -1.578510e+01 -1.100000e+02
      vertex   -3.919534e+01 -1.519662e+01 -1.100000e+02
    endloop
  endfacet
  facet normal 4.030277e-01 -9.151878e-01 -8.928878e-16
    outer loop
      vertex   -3.919534e+01 -1.519662e+01 -9.500000e+01
      vertex   -3.919534e+01 -1.519662e+01 -1.100000e+02
      vertex   -3.821286e+01 -1.476396e+01 -9.500000e+01
    endloop
  endfacet
  facet normal 4.030277e-01 -9.151878e-01 -8.928878e-16
    outer loop
      vertex   -3.821286e+01 -1.476396e+01 -9.500000e+01
      vertex   -3.919534e+01 -1.519662e+01 -1.100000e+02
      vertex   -3.821286e+01 -1.476396e+01 -1.100000e+02
    endloop
  endfacet
  facet normal 2.468956e-01 -9.690421e-01 -1.030623e-15
    outer loop
      vertex   -3.821286e+01 -1.476396e+01 -9.500000e+01
      vertex   -3.821286e+01 -1.476396e+01 -1.100000e+02
      vertex   -3.717256e+01 -1.449891e+01 -9.500000e+01
    endloop
  endfacet
  facet normal 2.468956e-01 -9.690421e-01 -1.030623e-15
    outer loop
      vertex   -3.717256e+01 -1.449891e+01 -9.500000e+01
      vertex   -3.821286e+01 -1.476396e+01 -1.100000e+02
      vertex   -3.717256e+01 -1.449891e+01 -1.100000e+02
    endloop
  endfacet
  facet normal 8.402874e-02 -9.964633e-01 -1.140246e-15
    outer loop
      vertex   -3.717256e+01 -1.449891e+01 -9.500000e+01
      vertex   -3.717256e+01 -1.449891e+01 -1.100000e+02
      vertex   -3.610282e+01 -1.440870e+01 -9.500000e+01
    endloop
  endfacet
  facet normal 8.402874e-02 -9.964633e-01 -1.140246e-15
    outer loop
      vertex   -3.610282e+01 -1.440870e+01 -9.500000e+01
      vertex   -3.717256e+01 -1.449891e+01 -1.100000e+02
      vertex   -3.610282e+01 -1.440870e+01 -1.100000e+02
    endloop
  endfacet
  facet normal 0.000000e+00 0.000000e+00 -1.000000e+00
    outer loop
      vertex   -3.899912e+01 -2.165476e+01 -9.500000e+01
      vertex   -4.257038e+01 -2.145491e+01 -9.500000e+01
      vertex   -3.909337e+01 -2.090869e+01 -9.500000e+01
    endloop
  endfacet
  facet normal -0.000000e+00 0.000000e+00 -1.000000e+00
    outer loop
      vertex   -3.909337e+01 -2.090869e+01 -9.500000e+01
      vertex   -4.257038e+01 -2.145491e+01 -9.500000e+01
      vertex   -4.257194e+01 -2.038137e+01 -9.500000e+01
    endloop
  endfacet
  facet normal 0.000000e+00 0.000000e+00 -1.000000e+00
    outer loop
      vertex   -3.909337e+01 -2.090869e+01 -9.500000e+01
      vertex   -4.257194e+01 -2.038137e+01 -9.500000e+01
      vertex   -3.899912e+01 -2.016262e+01 -9.500000e+01
    endloop
  endfacet
  facet normal -0.000000e+00 0.000000e+00 -1.000000e+00
    outer loop
      vertex   -3.899912e+01 -2.016262e+01 -9.500000e+01
      vertex   -4.257194e+01 -2.038137e+01 -9.500000e+01
      vertex   -4.239679e+01 -1.932223e+01 -9.500000e+01
    endloop
  endfacet
  facet normal 0.000000e+00 0.000000e+00 -1.000000e+00
    outer loop
      vertex   -3.899912e+01 -2.016262e+01 -9.500000e+01
      vertex   -4.239679e+01 -1.932223e+01 -9.500000e+01
      vertex   -3.872229e+01 -1.946343e+01 -9.500000e+01
    endloop
  endfacet
  facet normal 0.000000e+00 0.000000e+00 -1.000000e+00
    outer loop
      vertex   -3.872229e+01 -1.946343e+01 -9.500000e+01
      vertex   -4.239679e+01 -1.932223e+01 -9.500000e+01
      vertex   -4.204969e+01 -1.830635e+01 -9.500000e+01
    endloop
  endfacet
  facet normal 0.000000e+00 0.000000e+00 -1.000000e+00
    outer loop
      vertex   -3.872229e+01 -1.946343e+01 -9.500000e+01
      vertex   -4.204969e+01 -1.830635e+01 -9.500000e+01
      vertex   -4.154012e+01 -1.736146e+01 -9.500000e+01
    endloop
  endfacet
  facet normal 0.000000e+00 0.000000e+00 -1.000000e+00
    outer loop
      vertex   -4.257038e+01 -2.145491e+01 -9.500000e+01
      vertex   -3.899912e+01 -2.165476e+01 -9.500000e+01
      vertex   -4.239214e+01 -2.251354e+01 -9.500000e+01
    endloop
  endfacet
  facet normal 0.000000e+00 0.000000e+00 -1.000000e+00
    outer loop
      vertex   -4.239214e+01 -2.251354e+01 -9.500000e+01
      vertex   -3.899912e+01 -2.165476e+01 -9.500000e+01
      vertex   -3.872229e+01 -2.235396e+01 -9.500000e+01
    endloop
  endfacet
  facet normal 0.000000e+00 0.000000e+00 -1.000000e+00
    outer loop
      vertex   -4.239214e+01 -2.251354e+01 -9.500000e+01
      vertex   -3.872229e+01 -2.235396e+01 -9.500000e+01
      vertex   -4.204208e+01 -2.352840e+01 -9.500000e+01
    endloop
  endfacet
  facet normal 0.000000e+00 0.000000e+00 -1.000000e+00
    outer loop
      vertex   -4.204208e+01 -2.352840e+01 -9.500000e+01
      vertex   -3.872229e+01 -2.235396e+01 -9.500000e+01
      vertex   -4.152975e+01 -2.447180e+01 -9.500000e+01
    endloop
  endfacet
  facet normal 0.000000e+00 0.000000e+00 -1.000000e+00
    outer loop
      vertex   -4.152975e+01 -2.447180e+01 -9.500000e+01
      vertex   -3.872229e+01 -2.235396e+01 -9.500000e+01
      vertex   -3.828027e+01 -2.296234e+01 -9.500000e+01
    endloop
  endfacet
  facet normal 0.000000e+00 0.000000e+00 -1.000000e+00
    outer loop
      vertex   -4.152975e+01 -2.447180e+01 -9.500000e+01
      vertex   -3.828027e+01 -2.296234e+01 -9.500000e+01
      vertex   -4.086914e+01 -2.531800e+01 -9.500000e+01
    endloop
  endfacet
  facet normal 0.000000e+00 0.000000e+00 -1.000000e+00
    outer loop
      vertex   -4.086914e+01 -2.531800e+01 -9.500000e+01
      vertex   -3.828027e+01 -2.296234e+01 -9.500000e+01
      vertex   -3.770085e+01 -2.344168e+01 -9.500000e+01
    endloop
  endfacet
  facet normal 0.000000e+00 0.000000e+00 -1.000000e+00
    outer loop
      vertex   -4.086914e+01 -2.531800e+01 -9.500000e+01
      vertex   -3.770085e+01 -2.344168e+01 -9.500000e+01
      vertex   -4.007825e+01 -2.604393e+01 -9.500000e+01
    endloop
  endfacet
  facet normal 0.000000e+00 0.000000e+00 -1.000000e+00
    outer loop
      vertex   -4.007825e+01 -2.604393e+01 -9.500000e+01
      vertex   -3.770085e+01 -2.344168e+01 -9.500000e+01
      vertex   -3.917867e+01 -2.662979e+01 -9.500000e+01
    endloop
  endfacet
  facet normal 0.000000e+00 0.000000e+00 -1.000000e+00
    outer loop
      vertex   -3.917867e+01 -2.662979e+01 -9.500000e+01
      vertex   -3.770085e+01 -2.344168e+01 -9.500000e+01
      vertex   -3.702042e+01 -2.376186e+01 -9.500000e+01
    endloop
  endfacet
  facet normal 0.000000e+00 0.000000e+00 -1.000000e+00
    outer loop
      vertex   -3.917867e+01 -2.662979e+01 -9.500000e+01
      vertex   -3.702042e+01 -2.376186e+01 -9.500000e+01
      vertex   -3.819493e+01 -2.705958e+01 -9.500000e+01
    endloop
  endfacet
  facet normal 0.000000e+00 0.000000e+00 -1.000000e+00
    outer loop
      vertex   -3.819493e+01 -2.705958e+01 -9.500000e+01
      vertex   -3.702042e+01 -2.376186e+01 -9.500000e+01
      vertex   -3.628174e+01 -2.390277e+01 -9.500000e+01
    endloop
  endfacet
  facet normal 0.000000e+00 0.000000e+00 -1.000000e+00
    outer loop
      vertex   -3.819493e+01 -2.705958e+01 -9.500000e+01
      vertex   -3.628174e+01 -2.390277e+01 -9.500000e+01
      vertex   -3.715386e+01 -2.732160e+01 -9.500000e+01
    endloop
  endfacet
  facet normal -1.301108e-14 3.319041e-15 -1.000000e+00
    outer loop
      vertex   -3.715386e+01 -2.732160e+01 -9.500000e+01
      vertex   -3.628174e+01 -2.390277e+01 -9.500000e+01
      vertex   -3.608386e+01 -2.740869e+01 -9.500000e+01
    endloop
  endfacet
  facet normal -2.541157e-16 4.039054e-15 -1.000000e+00
    outer loop
      vertex   -3.608386e+01 -2.740869e+01 -9.500000e+01
      vertex   -3.628174e+01 -2.390277e+01 -9.500000e+01
      vertex   -3.553122e+01 -2.385556e+01 -9.500000e+01
    endloop
  endfacet
  facet normal -1.368695e-15 4.212411e-15 -1.000000e+00
    outer loop
      vertex   -3.608386e+01 -2.740869e+01 -9.500000e+01
      vertex   -3.553122e+01 -2.385556e+01 -9.500000e+01
      vertex   -3.481603e+01 -2.362318e+01 -9.500000e+01
    endloop
  endfacet
  facet normal -3.025402e-15 4.767270e-15 -1.000000e+00
    outer loop
      vertex   -3.481603e+01 -2.362318e+01 -9.500000e+01
      vertex   -3.418110e+01 -2.322023e+01 -9.500000e+01
      vertex   -3.608386e+01 -2.740869e+01 -9.500000e+01
    endloop
  endfacet
  facet normal 1.588204e-15 2.671361e-15 -1.000000e+00
    outer loop
      vertex   -3.608386e+01 -2.740869e+01 -9.500000e+01
      vertex   -3.418110e+01 -2.322023e+01 -9.500000e+01
      vertex   -2.715806e+01 -2.739564e+01 -9.500000e+01
    endloop
  endfacet
  facet normal 0.000000e+00 0.000000e+00 -1.000000e+00
    outer loop
      vertex   -2.715806e+01 -2.739564e+01 -9.500000e+01
      vertex   -3.418110e+01 -2.322023e+01 -9.500000e+01
      vertex   -3.366632e+01 -2.267205e+01 -9.500000e+01
    endloop
  endfacet
  facet normal 0.000000e+00 0.000000e+00 -1.000000e+00
    outer loop
      vertex   -2.715806e+01 -2.739564e+01 -9.500000e+01
      vertex   -3.366632e+01 -2.267205e+01 -9.500000e+01
      vertex   -3.330404e+01 -2.201307e+01 -9.500000e+01
    endloop
  endfacet
  facet normal 0.000000e+00 0.000000e+00 -1.000000e+00
    outer loop
      vertex   -3.330404e+01 -2.201307e+01 -9.500000e+01
      vertex   -3.311702e+01 -2.128469e+01 -9.500000e+01
      vertex   -2.715806e+01 -2.739564e+01 -9.500000e+01
    endloop
  endfacet
  facet normal 0.000000e+00 0.000000e+00 -1.000000e+00
    outer loop
      vertex   -2.715806e+01 -2.739564e+01 -9.500000e+01
      vertex   -3.311702e+01 -2.128469e+01 -9.500000e+01
      vertex   -3.311702e+01 -2.053269e+01 -9.500000e+01
    endloop
  endfacet
  facet normal 1.692928e-15 1.469937e-15 -1.000000e+00
    outer loop
      vertex   -2.715806e+01 -2.739564e+01 -9.500000e+01
      vertex   -3.311702e+01 -2.053269e+01 -9.500000e+01
      vertex   -3.004777e+01 -1.439990e+01 -9.500000e+01
    endloop
  endfacet
  facet normal 3.060119e-15 7.857050e-16 -1.000000e+00
    outer loop
      vertex   -3.004777e+01 -1.439990e+01 -9.500000e+01
      vertex   -3.311702e+01 -2.053269e+01 -9.500000e+01
      vertex   -3.330404e+01 -1.980432e+01 -9.500000e+01
    endloop
  endfacet
  facet normal 2.281997e-15 1.254538e-15 -1.000000e+00
    outer loop
      vertex   -3.004777e+01 -1.439990e+01 -9.500000e+01
      vertex   -3.330404e+01 -1.980432e+01 -9.500000e+01
      vertex   -3.366632e+01 -1.914534e+01 -9.500000e+01
    endloop
  endfacet
  facet normal 1.759898e-15 1.652655e-15 -1.000000e+00
    outer loop
      vertex   -3.366632e+01 -1.914534e+01 -9.500000e+01
      vertex   -3.418110e+01 -1.859715e+01 -9.500000e+01
      vertex   -3.004777e+01 -1.439990e+01 -9.500000e+01
    endloop
  endfacet
  facet normal 1.322291e-15 2.083597e-15 -1.000000e+00
    outer loop
      vertex   -3.004777e+01 -1.439990e+01 -9.500000e+01
      vertex   -3.418110e+01 -1.859715e+01 -9.500000e+01
      vertex   -3.481603e+01 -1.819421e+01 -9.500000e+01
    endloop
  endfacet
  facet normal -5.456525e-18 3.752156e-15 -1.000000e+00
    outer loop
      vertex   -3.004777e+01 -1.439990e+01 -9.500000e+01
      vertex   -3.481603e+01 -1.819421e+01 -9.500000e+01
      vertex   -3.610282e+01 -1.440870e+01 -9.500000e+01
    endloop
  endfacet
  facet normal 1.371199e-15 4.220116e-15 -1.000000e+00
    outer loop
      vertex   -3.610282e+01 -1.440870e+01 -9.500000e+01
      vertex   -3.481603e+01 -1.819421e+01 -9.500000e+01
      vertex   -3.553122e+01 -1.796183e+01 -9.500000e+01
    endloop
  endfacet
  facet normal 2.542019e-16 4.040424e-15 -1.000000e+00
    outer loop
      vertex   -3.610282e+01 -1.440870e+01 -9.500000e+01
      vertex   -3.553122e+01 -1.796183e+01 -9.500000e+01
      vertex   -3.628174e+01 -1.791461e+01 -9.500000e+01
    endloop
  endfacet
  facet normal 1.299856e-14 3.390034e-15 -1.000000e+00
    outer loop
      vertex   -3.610282e+01 -1.440870e+01 -9.500000e+01
      vertex   -3.628174e+01 -1.791461e+01 -9.500000e+01
      vertex   -3.717256e+01 -1.449891e+01 -9.500000e+01
    endloop
  endfacet
  facet normal 0.000000e+00 0.000000e+00 -1.000000e+00
    outer loop
      vertex   -3.717256e+01 -1.449891e+01 -9.500000e+01
      vertex   -3.628174e+01 -1.791461e+01 -9.500000e+01
      vertex   -3.702042e+01 -1.805552e+01 -9.500000e+01
    endloop
  endfacet
  facet normal 0.000000e+00 -0.000000e+00 -1.000000e+00
    outer loop
      vertex   -3.717256e+01 -1.449891e+01 -9.500000e+01
      vertex   -3.702042e+01 -1.805552e+01 -9.500000e+01
      vertex   -3.821286e+01 -1.476396e+01 -9.500000e+01
    endloop
  endfacet
  facet normal 0.000000e+00 -0.000000e+00 -1.000000e+00
    outer loop
      vertex   -3.821286e+01 -1.476396e+01 -9.500000e+01
      vertex   -3.702042e+01 -1.805552e+01 -9.500000e+01
      vertex   -3.919534e+01 -1.519662e+01 -9.500000e+01
    endloop
  endfacet
  facet normal 0.000000e+00 0.000000e+00 -1.000000e+00
    outer loop
      vertex   -3.919534e+01 -1.519662e+01 -9.500000e+01
      vertex   -3.702042e+01 -1.805552e+01 -9.500000e+01
      vertex   -3.770085e+01 -1.837571e+01 -9.500000e+01
    endloop
  endfacet
  facet normal 0.000000e+00 -0.000000e+00 -1.000000e+00
    outer loop
      vertex   -3.919534e+01 -1.519662e+01 -9.500000e+01
      vertex   -3.770085e+01 -1.837571e+01 -9.500000e+01
      vertex   -4.009321e+01 -1.578510e+01 -9.500000e+01
    endloop
  endfacet
  facet normal 0.000000e+00 -0.000000e+00 -1.000000e+00
    outer loop
      vertex   -4.009321e+01 -1.578510e+01 -9.500000e+01
      vertex   -3.770085e+01 -1.837571e+01 -9.500000e+01
      vertex   -4.088198e+01 -1.651333e+01 -9.500000e+01
    endloop
  endfacet
  facet normal 0.000000e+00 0.000000e+00 -1.000000e+00
    outer loop
      vertex   -4.088198e+01 -1.651333e+01 -9.500000e+01
      vertex   -3.770085e+01 -1.837571e+01 -9.500000e+01
      vertex   -3.828027e+01 -1.885505e+01 -9.500000e+01
    endloop
  endfacet
  facet normal 0.000000e+00 -0.000000e+00 -1.000000e+00
    outer loop
      vertex   -4.088198e+01 -1.651333e+01 -9.500000e+01
      vertex   -3.828027e+01 -1.885505e+01 -9.500000e+01
      vertex   -4.154012e+01 -1.736146e+01 -9.500000e+01
    endloop
  endfacet
  facet normal 0.000000e+00 0.000000e+00 -1.000000e+00
    outer loop
      vertex   -4.154012e+01 -1.736146e+01 -9.500000e+01
      vertex   -3.828027e+01 -1.885505e+01 -9.500000e+01
      vertex   -3.872229e+01 -1.946343e+01 -9.500000e+01
    endloop
  endfacet
  facet normal -1.692928e-15 -1.469937e-15 1.000000e+00
    outer loop
      vertex   -3.004777e+01 -1.439990e+01 -1.100000e+02
      vertex   -3.311702e+01 -2.053269e+01 -1.100000e+02
      vertex   -2.715806e+01 -2.739564e+01 -1.100000e+02
    endloop
  endfacet
  facet normal 0.000000e+00 0.000000e+00 1.000000e+00
    outer loop
      vertex   -2.715806e+01 -2.739564e+01 -1.100000e+02
      vertex   -3.311702e+01 -2.053269e+01 -1.100000e+02
      vertex   -3.311702e+01 -2.128469e+01 -1.100000e+02
    endloop
  endfacet
  facet normal 0.000000e+00 0.000000e+00 1.000000e+00
    outer loop
      vertex   -2.715806e+01 -2.739564e+01 -1.100000e+02
      vertex   -3.311702e+01 -2.128469e+01 -1.100000e+02
      vertex   -3.330404e+01 -2.201307e+01 -1.100000e+02
    endloop
  endfacet
  facet normal 5.456525e-18 -3.752156e-15 1.000000e+00
    outer loop
      vertex   -3.610282e+01 -1.440870e+01 -1.100000e+02
      vertex   -3.481603e+01 -1.819421e+01 -1.100000e+02
      vertex   -3.004777e+01 -1.439990e+01 -1.100000e+02
    endloop
  endfacet
  facet normal -1.322291e-15 -2.083597e-15 1.000000e+00
    outer loop
      vertex   -3.004777e+01 -1.439990e+01 -1.100000e+02
      vertex   -3.481603e+01 -1.819421e+01 -1.100000e+02
      vertex   -3.418110e+01 -1.859715e+01 -1.100000e+02
    endloop
  endfacet
  facet normal -1.759898e-15 -1.652655e-15 1.000000e+00
    outer loop
      vertex   -3.004777e+01 -1.439990e+01 -1.100000e+02
      vertex   -3.418110e+01 -1.859715e+01 -1.100000e+02
      vertex   -3.366632e+01 -1.914534e+01 -1.100000e+02
    endloop
  endfacet
  facet normal -1.299856e-14 -3.390034e-15 1.000000e+00
    outer loop
      vertex   -3.717256e+01 -1.449891e+01 -1.100000e+02
      vertex   -3.628174e+01 -1.791461e+01 -1.100000e+02
      vertex   -3.610282e+01 -1.440870e+01 -1.100000e+02
    endloop
  endfacet
  facet normal -2.542019e-16 -4.040424e-15 1.000000e+00
    outer loop
      vertex   -3.610282e+01 -1.440870e+01 -1.100000e+02
      vertex   -3.628174e+01 -1.791461e+01 -1.100000e+02
      vertex   -3.553122e+01 -1.796183e+01 -1.100000e+02
    endloop
  endfacet
  facet normal -1.371199e-15 -4.220116e-15 1.000000e+00
    outer loop
      vertex   -3.610282e+01 -1.440870e+01 -1.100000e+02
      vertex   -3.553122e+01 -1.796183e+01 -1.100000e+02
      vertex   -3.481603e+01 -1.819421e+01 -1.100000e+02
    endloop
  endfacet
  facet normal 0.000000e+00 0.000000e+00 1.000000e+00
    outer loop
      vertex   -3.628174e+01 -1.791461e+01 -1.100000e+02
      vertex   -3.717256e+01 -1.449891e+01 -1.100000e+02
      vertex   -3.702042e+01 -1.805552e+01 -1.100000e+02
    endloop
  endfacet
  facet normal 0.000000e+00 0.000000e+00 1.000000e+00
    outer loop
      vertex   -3.702042e+01 -1.805552e+01 -1.100000e+02
      vertex   -3.717256e+01 -1.449891e+01 -1.100000e+02
      vertex   -3.821286e+01 -1.476396e+01 -1.100000e+02
    endloop
  endfacet
  facet normal 0.000000e+00 0.000000e+00 1.000000e+00
    outer loop
      vertex   -3.702042e+01 -1.805552e+01 -1.100000e+02
      vertex   -3.821286e+01 -1.476396e+01 -1.100000e+02
      vertex   -3.919534e+01 -1.519662e+01 -1.100000e+02
    endloop
  endfacet
  facet normal 0.000000e+00 0.000000e+00 1.000000e+00
    outer loop
      vertex   -3.702042e+01 -1.805552e+01 -1.100000e+02
      vertex   -3.919534e+01 -1.519662e+01 -1.100000e+02
      vertex   -3.770085e+01 -1.837571e+01 -1.100000e+02
    endloop
  endfacet
  facet normal 0.000000e+00 0.000000e+00 1.000000e+00
    outer loop
      vertex   -3.770085e+01 -1.837571e+01 -1.100000e+02
      vertex   -3.919534e+01 -1.519662e+01 -1.100000e+02
      vertex   -4.009321e+01 -1.578510e+01 -1.100000e+02
    endloop
  endfacet
  facet normal 0.000000e+00 0.000000e+00 1.000000e+00
    outer loop
      vertex   -3.770085e+01 -1.837571e+01 -1.100000e+02
      vertex   -4.009321e+01 -1.578510e+01 -1.100000e+02
      vertex   -4.088198e+01 -1.651333e+01 -1.100000e+02
    endloop
  endfacet
  facet normal 0.000000e+00 0.000000e+00 1.000000e+00
    outer loop
      vertex   -3.770085e+01 -1.837571e+01 -1.100000e+02
      vertex   -4.088198e+01 -1.651333e+01 -1.100000e+02
      vertex   -3.828027e+01 -1.885505e+01 -1.100000e+02
    endloop
  endfacet
  facet normal 0.000000e+00 0.000000e+00 1.000000e+00
    outer loop
      vertex   -3.828027e+01 -1.885505e+01 -1.100000e+02
      vertex   -4.088198e+01 -1.651333e+01 -1.100000e+02
      vertex   -4.154012e+01 -1.736146e+01 -1.100000e+02
    endloop
  endfacet
  facet normal 0.000000e+00 0.000000e+00 1.000000e+00
    outer loop
      vertex   -3.828027e+01 -1.885505e+01 -1.100000e+02
      vertex   -4.154012e+01 -1.736146e+01 -1.100000e+02
      vertex   -3.872229e+01 -1.946343e+01 -1.100000e+02
    endloop
  endfacet
  facet normal 0.000000e+00 0.000000e+00 1.000000e+00
    outer loop
      vertex   -3.872229e+01 -1.946343e+01 -1.100000e+02
      vertex   -4.154012e+01 -1.736146e+01 -1.100000e+02
      vertex   -4.204969e+01 -1.830635e+01 -1.100000e+02
    endloop
  endfacet
  facet normal 0.000000e+00 0.000000e+00 1.000000e+00
    outer loop
      vertex   -3.872229e+01 -1.946343e+01 -1.100000e+02
      vertex   -4.204969e+01 -1.830635e+01 -1.100000e+02
      vertex   -4.239679e+01 -1.932223e+01 -1.100000e+02
    endloop
  endfacet
  facet normal 0.000000e+00 0.000000e+00 1.000000e+00
    outer loop
      vertex   -3.872229e+01 -1.946343e+01 -1.100000e+02
      vertex   -4.239679e+01 -1.932223e+01 -1.100000e+02
      vertex   -3.899912e+01 -2.016262e+01 -1.100000e+02
    endloop
  endfacet
  facet normal 0.000000e+00 0.000000e+00 1.000000e+00
    outer loop
      vertex   -3.899912e+01 -2.016262e+01 -1.100000e+02
      vertex   -4.239679e+01 -1.932223e+01 -1.100000e+02
      vertex   -4.257194e+01 -2.038137e+01 -1.100000e+02
    endloop
  endfacet
  facet normal 0.000000e+00 0.000000e+00 1.000000e+00
    outer loop
      vertex   -3.899912e+01 -2.016262e+01 -1.100000e+02
      vertex   -4.257194e+01 -2.038137e+01 -1.100000e+02
      vertex   -3.909337e+01 -2.090869e+01 -1.100000e+02
    endloop
  endfacet
  facet normal 0.000000e+00 0.000000e+00 1.000000e+00
    outer loop
      vertex   -3.909337e+01 -2.090869e+01 -1.100000e+02
      vertex   -4.257194e+01 -2.038137e+01 -1.100000e+02
      vertex   -4.257038e+01 -2.145491e+01 -1.100000e+02
    endloop
  endfacet
  facet normal 0.000000e+00 0.000000e+00 1.000000e+00
    outer loop
      vertex   -3.909337e+01 -2.090869e+01 -1.100000e+02
      vertex   -4.257038e+01 -2.145491e+01 -1.100000e+02
      vertex   -3.899912e+01 -2.165476e+01 -1.100000e+02
    endloop
  endfacet
  facet normal 0.000000e+00 0.000000e+00 1.000000e+00
    outer loop
      vertex   -3.899912e+01 -2.165476e+01 -1.100000e+02
      vertex   -4.257038e+01 -2.145491e+01 -1.100000e+02
      vertex   -4.239214e+01 -2.251354e+01 -1.100000e+02
    endloop
  endfacet
  facet normal 0.000000e+00 0.000000e+00 1.000000e+00
    outer loop
      vertex   -3.899912e+01 -2.165476e+01 -1.100000e+02
      vertex   -4.239214e+01 -2.251354e+01 -1.100000e+02
      vertex   -3.872229e+01 -2.235396e+01 -1.100000e+02
    endloop
  endfacet
  facet normal 0.000000e+00 0.000000e+00 1.000000e+00
    outer loop
      vertex   -3.872229e+01 -2.235396e+01 -1.100000e+02
      vertex   -4.239214e+01 -2.251354e+01 -1.100000e+02
      vertex   -4.204208e+01 -2.352840e+01 -1.100000e+02
    endloop
  endfacet
  facet normal 0.000000e+00 0.000000e+00 1.000000e+00
    outer loop
      vertex   -3.872229e+01 -2.235396e+01 -1.100000e+02
      vertex   -4.204208e+01 -2.352840e+01 -1.100000e+02
      vertex   -4.152975e+01 -2.447180e+01 -1.100000e+02
    endloop
  endfacet
  facet normal 0.000000e+00 0.000000e+00 1.000000e+00
    outer loop
      vertex   -3.872229e+01 -2.235396e+01 -1.100000e+02
      vertex   -4.152975e+01 -2.447180e+01 -1.100000e+02
      vertex   -3.828027e+01 -2.296234e+01 -1.100000e+02
    endloop
  endfacet
  facet normal 0.000000e+00 0.000000e+00 1.000000e+00
    outer loop
      vertex   -3.828027e+01 -2.296234e+01 -1.100000e+02
      vertex   -4.152975e+01 -2.447180e+01 -1.100000e+02
      vertex   -4.086914e+01 -2.531800e+01 -1.100000e+02
    endloop
  endfacet
  facet normal 0.000000e+00 0.000000e+00 1.000000e+00
    outer loop
      vertex   -3.828027e+01 -2.296234e+01 -1.100000e+02
      vertex   -4.086914e+01 -2.531800e+01 -1.100000e+02
      vertex   -3.770085e+01 -2.344168e+01 -1.100000e+02
    endloop
  endfacet
  facet normal 0.000000e+00 0.000000e+00 1.000000e+00
    outer loop
      vertex   -3.770085e+01 -2.344168e+01 -1.100000e+02
      vertex   -4.086914e+01 -2.531800e+01 -1.100000e+02
      vertex   -4.007825e+01 -2.604393e+01 -1.100000e+02
    endloop
  endfacet
  facet normal 0.000000e+00 0.000000e+00 1.000000e+00
    outer loop
      vertex   -3.770085e+01 -2.344168e+01 -1.100000e+02
      vertex   -4.007825e+01 -2.604393e+01 -1.100000e+02
      vertex   -3.917867e+01 -2.662979e+01 -1.100000e+02
    endloop
  endfacet
  facet normal 0.000000e+00 0.000000e+00 1.000000e+00
    outer loop
      vertex   -3.770085e+01 -2.344168e+01 -1.100000e+02
      vertex   -3.917867e+01 -2.662979e+01 -1.100000e+02
      vertex   -3.702042e+01 -2.376186e+01 -1.100000e+02
    endloop
  endfacet
  facet normal 0.000000e+00 0.000000e+00 1.000000e+00
    outer loop
      vertex   -3.702042e+01 -2.376186e+01 -1.100000e+02
      vertex   -3.917867e+01 -2.662979e+01 -1.100000e+02
      vertex   -3.819493e+01 -2.705958e+01 -1.100000e+02
    endloop
  endfacet
  facet normal 0.000000e+00 0.000000e+00 1.000000e+00
    outer loop
      vertex   -3.702042e+01 -2.376186e+01 -1.100000e+02
      vertex   -3.819493e+01 -2.705958e+01 -1.100000e+02
      vertex   -3.628174e+01 -2.390277e+01 -1.100000e+02
    endloop
  endfacet
  facet normal 0.000000e+00 0.000000e+00 1.000000e+00
    outer loop
      vertex   -3.628174e+01 -2.390277e+01 -1.100000e+02
      vertex   -3.819493e+01 -2.705958e+01 -1.100000e+02
      vertex   -3.715386e+01 -2.732160e+01 -1.100000e+02
    endloop
  endfacet
  facet normal 1.301108e-14 -3.319041e-15 1.000000e+00
    outer loop
      vertex   -3.628174e+01 -2.390277e+01 -1.100000e+02
      vertex   -3.715386e+01 -2.732160e+01 -1.100000e+02
      vertex   -3.608386e+01 -2.740869e+01 -1.100000e+02
    endloop
  endfacet
  facet normal -1.588204e-15 -2.671361e-15 1.000000e+00
    outer loop
      vertex   -2.715806e+01 -2.739564e+01 -1.100000e+02
      vertex   -3.418110e+01 -2.322023e+01 -1.100000e+02
      vertex   -3.608386e+01 -2.740869e+01 -1.100000e+02
    endloop
  endfacet
  facet normal 3.025402e-15 -4.767270e-15 1.000000e+00
    outer loop
      vertex   -3.608386e+01 -2.740869e+01 -1.100000e+02
      vertex   -3.418110e+01 -2.322023e+01 -1.100000e+02
      vertex   -3.481603e+01 -2.362318e+01 -1.100000e+02
    endloop
  endfacet
  facet normal 1.368695e-15 -4.212411e-15 1.000000e+00
    outer loop
      vertex   -3.608386e+01 -2.740869e+01 -1.100000e+02
      vertex   -3.481603e+01 -2.362318e+01 -1.100000e+02
      vertex   -3.553122e+01 -2.385556e+01 -1.100000e+02
    endloop
  endfacet
  facet normal -2.281997e-15 -1.254538e-15 1.000000e+00
    outer loop
      vertex   -3.366632e+01 -1.914534e+01 -1.100000e+02
      vertex   -3.330404e+01 -1.980432e+01 -1.100000e+02
      vertex   -3.004777e+01 -1.439990e+01 -1.100000e+02
    endloop
  endfacet
  facet normal -3.060119e-15 -7.857050e-16 1.000000e+00
    outer loop
      vertex   -3.004777e+01 -1.439990e+01 -1.100000e+02
      vertex   -3.330404e+01 -1.980432e+01 -1.100000e+02
      vertex   -3.311702e+01 -2.053269e+01 -1.100000e+02
    endloop
  endfacet
  facet normal 0.000000e+00 0.000000e+00 1.000000e+00
    outer loop
      vertex   -3.330404e+01 -2.201307e+01 -1.100000e+02
      vertex   -3.366632e+01 -2.267205e+01 -1.100000e+02
      vertex   -2.715806e+01 -2.739564e+01 -1.100000e+02
    endloop
  endfacet
  facet normal 0.000000e+00 0.000000e+00 1.000000e+00
    outer loop
      vertex   -2.715806e+01 -2.739564e+01 -1.100000e+02
      vertex   -3.366632e+01 -2.267205e+01 -1.100000e+02
      vertex   -3.418110e+01 -2.322023e+01 -1.100000e+02
    endloop
  endfacet
  facet normal 2.541157e-16 -4.039054e-15 1.000000e+00
    outer loop
      vertex   -3.553122e+01 -2.385556e+01 -1.100000e+02
      vertex   -3.628174e+01 -2.390277e+01 -1.100000e+02
      vertex   -3.608386e+01 -2.740869e+01 -1.100000e+02
    endloop
  endfacet
  facet normal 1.454235e-03 -9.999989e-01 -1.067880e-15
    outer loop
      vertex   -3.004777e+01 -1.439990e+01 -9.500000e+01
      vertex   -3.610282e+01 -1.440870e+01 -9.500000e+01
      vertex   -3.004777e+01 -1.439990e+01 -1.100000e+02
    endloop
  endfacet
  facet normal 1.454235e-03 -9.999989e-01 -1.183478e-15
    outer loop
      vertex   -3.004777e+01 -1.439990e+01 -1.100000e+02
      vertex   -3.610282e+01 -1.440870e+01 -9.500000e+01
      vertex   -3.610282e+01 -1.440870e+01 -1.100000e+02
    endloop
  endfacet
  facet normal -1.462299e-03 9.999989e-01 7.112347e-16
    outer loop
      vertex   -2.715806e+01 -2.739564e+01 -1.100000e+02
      vertex   -3.608386e+01 -2.740869e+01 -1.100000e+02
      vertex   -2.715806e+01 -2.739564e+01 -9.500000e+01
    endloop
  endfacet
  facet normal -1.462299e-03 9.999989e-01 1.420356e-15
    outer loop
      vertex   -2.715806e+01 -2.739564e+01 -9.500000e+01
      vertex   -3.608386e+01 -2.740869e+01 -1.100000e+02
      vertex   -3.608386e+01 -2.740869e+01 -9.500000e+01
    endloop
  endfacet
  facet normal -6.832247e-02 9.976633e-01 0.000000e+00
    outer loop
      vertex   -1.022442e+00 -3.291425e+01 -5.220575e+01
      vertex   0.000000e+00 -3.284423e+01 -5.220575e+01
      vertex   -1.022442e+00 -3.291425e+01 -7.480384e+01
    endloop
  endfacet
  facet normal -6.832247e-02 9.976633e-01 0.000000e+00
    outer loop
      vertex   -1.022442e+00 -3.291425e+01 -7.480384e+01
      vertex   0.000000e+00 -3.284423e+01 -5.220575e+01
      vertex   0.000000e+00 -3.284423e+01 -1.200000e+02
    endloop
  endfacet
  facet normal -6.832247e-02 9.976633e-01 6.713240e-19
    outer loop
      vertex   -1.022442e+00 -3.291425e+01 -7.480384e+01
      vertex   0.000000e+00 -3.284423e+01 -1.200000e+02
      vertex   -1.022442e+00 -3.291425e+01 -9.740192e+01
    endloop
  endfacet
  facet normal -6.832247e-02 9.976633e-01 0.000000e+00
    outer loop
      vertex   -1.022442e+00 -3.291425e+01 -9.740192e+01
      vertex   0.000000e+00 -3.284423e+01 -1.200000e+02
      vertex   -1.022442e+00 -3.291425e+01 -1.200000e+02
    endloop
  endfacet
  facet normal -2.036917e-01 9.790351e-01 0.000000e+00
    outer loop
      vertex   -1.022442e+00 -3.291425e+01 -9.740192e+01
      vertex   -1.022442e+00 -3.291425e+01 -1.200000e+02
      vertex   -2.025794e+00 -3.312300e+01 -9.740192e+01
    endloop
  endfacet
  facet normal -2.036917e-01 9.790351e-01 -4.002874e-18
    outer loop
      vertex   -2.025794e+00 -3.312300e+01 -9.740192e+01
      vertex   -1.022442e+00 -3.291425e+01 -1.200000e+02
      vertex   -2.025794e+00 -3.312300e+01 -1.200000e+02
    endloop
  endfacet
  facet normal -3.352576e-01 9.421265e-01 -6.588360e-18
    outer loop
      vertex   -2.025794e+00 -3.312300e+01 -9.740192e+01
      vertex   -2.025794e+00 -3.312300e+01 -1.200000e+02
      vertex   -2.991320e+00 -3.346659e+01 -9.740192e+01
    endloop
  endfacet
  facet normal -3.352576e-01 9.421265e-01 3.225826e-16
    outer loop
      vertex   -2.991320e+00 -3.346659e+01 -9.740192e+01
      vertex   -2.025794e+00 -3.312300e+01 -1.200000e+02
      vertex   -2.991320e+00 -3.346659e+01 -1.200000e+02
    endloop
  endfacet
  facet normal -4.605637e-01 8.876267e-01 3.152963e-16
    outer loop
      vertex   -2.991320e+00 -3.346659e+01 -9.740192e+01
      vertex   -2.991320e+00 -3.346659e+01 -1.200000e+02
      vertex   -3.900992e+00 -3.393859e+01 -9.740192e+01
    endloop
  endfacet
  facet normal -4.605637e-01 8.876267e-01 2.715248e-17
    outer loop
      vertex   -3.900992e+00 -3.393859e+01 -9.740192e+01
      vertex   -2.991320e+00 -3.346659e+01 -1.200000e+02
      vertex   -3.900992e+00 -3.393859e+01 -1.200000e+02
    endloop
  endfacet
  facet normal -5.772702e-01 8.165532e-01 3.403290e-17
    outer loop
      vertex   -3.900992e+00 -3.393859e+01 -9.740192e+01
      vertex   -3.900992e+00 -3.393859e+01 -1.200000e+02
      vertex   -4.737826e+00 -3.453020e+01 -9.740192e+01
    endloop
  endfacet
  facet normal -5.772702e-01 8.165532e-01 0.000000e+00
    outer loop
      vertex   -4.737826e+00 -3.453020e+01 -9.740192e+01
      vertex   -3.900992e+00 -3.393859e+01 -1.200000e+02
      vertex   -4.737826e+00 -3.453020e+01 -1.200000e+02
    endloop
  endfacet
  facet normal -6.831979e-01 7.302332e-01 0.000000e+00
    outer loop
      vertex   -4.737826e+00 -3.453020e+01 -9.740192e+01
      vertex   -4.737826e+00 -3.453020e+01 -1.200000e+02
      vertex   -5.486196e+00 -3.523037e+01 -1.200000e+02
    endloop
  endfacet
  facet normal -6.831979e-01 7.302332e-01 -8.950637e-18
    outer loop
      vertex   -5.486196e+00 -3.523037e+01 -1.200000e+02
      vertex   -5.486196e+00 -3.523037e+01 -5.220575e+01
      vertex   -4.737826e+00 -3.453020e+01 -9.740192e+01
    endloop
  endfacet
  facet normal -6.831979e-01 7.302332e-01 -5.370382e-17
    outer loop
      vertex   -4.737826e+00 -3.453020e+01 -9.740192e+01
      vertex   -5.486196e+00 -3.523037e+01 -5.220575e+01
      vertex   -4.737826e+00 -3.453020e+01 -7.480384e+01
    endloop
  endfacet
  facet normal -5.772702e-01 8.165532e-01 -4.537720e-17
    outer loop
      vertex   -4.737826e+00 -3.453020e+01 -9.740192e+01
      vertex   -4.737826e+00 -3.453020e+01 -7.480384e+01
      vertex   -3.900992e+00 -3.393859e+01 -9.740192e+01
    endloop
  endfacet
  facet normal -5.772702e-01 8.165532e-01 0.000000e+00
    outer loop
      vertex   -3.900992e+00 -3.393859e+01 -9.740192e+01
      vertex   -4.737826e+00 -3.453020e+01 -7.480384e+01
      vertex   -3.900992e+00 -3.393859e+01 -7.480384e+01
    endloop
  endfacet
  facet normal -4.605637e-01 8.876267e-01 0.000000e+00
    outer loop
      vertex   -3.900992e+00 -3.393859e+01 -9.740192e+01
      vertex   -3.900992e+00 -3.393859e+01 -7.480384e+01
      vertex   -2.991320e+00 -3.346659e+01 -9.740192e+01
    endloop
  endfacet
  facet normal -4.605637e-01 8.876267e-01 0.000000e+00
    outer loop
      vertex   -2.991320e+00 -3.346659e+01 -9.740192e+01
      vertex   -3.900992e+00 -3.393859e+01 -7.480384e+01
      vertex   -2.991320e+00 -3.346659e+01 -7.480384e+01
    endloop
  endfacet
  facet normal -3.352576e-01 9.421265e-01 0.000000e+00
    outer loop
      vertex   -2.991320e+00 -3.346659e+01 -9.740192e+01
      vertex   -2.991320e+00 -3.346659e+01 -7.480384e+01
      vertex   -2.025794e+00 -3.312300e+01 -9.740192e+01
    endloop
  endfacet
  facet normal -3.352576e-01 9.421265e-01 0.000000e+00
    outer loop
      vertex   -2.025794e+00 -3.312300e+01 -9.740192e+01
      vertex   -2.991320e+00 -3.346659e+01 -7.480384e+01
      vertex   -2.025794e+00 -3.312300e+01 -7.480384e+01
    endloop
  endfacet
  facet normal -2.036917e-01 9.790351e-01 0.000000e+00
    outer loop
      vertex   -2.025794e+00 -3.312300e+01 -9.740192e+01
      vertex   -2.025794e+00 -3.312300e+01 -7.480384e+01
      vertex   -1.022442e+00 -3.291425e+01 -9.740192e+01
    endloop
  endfacet
  facet normal -2.036917e-01 9.790351e-01 2.001437e-18
    outer loop
      vertex   -1.022442e+00 -3.291425e+01 -9.740192e+01
      vertex   -2.025794e+00 -3.312300e+01 -7.480384e+01
      vertex   -1.022442e+00 -3.291425e+01 -7.480384e+01
    endloop
  endfacet
  facet normal -6.831979e-01 7.302332e-01 2.828368e-16
    outer loop
      vertex   -5.486196e+00 -3.523037e+01 -5.220575e+01
      vertex   -4.737826e+00 -3.453020e+01 -5.220575e+01
      vertex   -4.737826e+00 -3.453020e+01 -7.480384e+01
    endloop
  endfacet
  facet normal -5.772702e-01 8.165532e-01 3.021229e-16
    outer loop
      vertex   -4.737826e+00 -3.453020e+01 -7.480384e+01
      vertex   -4.737826e+00 -3.453020e+01 -5.220575e+01
      vertex   -3.900992e+00 -3.393859e+01 -7.480384e+01
    endloop
  endfacet
  facet normal -5.772702e-01 8.165532e-01 -3.355690e-17
    outer loop
      vertex   -4.737826e+00 -3.453020e+01 -5.220575e+01
      vertex   -3.900992e+00 -3.393859e+01 -5.220575e+01
      vertex   -3.900992e+00 -3.393859e+01 -7.480384e+01
    endloop
  endfacet
  facet normal -4.605637e-01 8.876267e-01 -2.715248e-17
    outer loop
      vertex   -3.900992e+00 -3.393859e+01 -7.480384e+01
      vertex   -3.900992e+00 -3.393859e+01 -5.220575e+01
      vertex   -2.991320e+00 -3.346659e+01 -7.480384e+01
    endloop
  endfacet
  facet normal -4.605637e-01 8.876267e-01 -3.139968e-16
    outer loop
      vertex   -3.900992e+00 -3.393859e+01 -5.220575e+01
      vertex   -2.991320e+00 -3.346659e+01 -5.220575e+01
      vertex   -2.991320e+00 -3.346659e+01 -7.480384e+01
    endloop
  endfacet
  facet normal -3.352576e-01 9.421265e-01 -3.225826e-16
    outer loop
      vertex   -2.991320e+00 -3.346659e+01 -7.480384e+01
      vertex   -2.991320e+00 -3.346659e+01 -5.220575e+01
      vertex   -2.025794e+00 -3.312300e+01 -7.480384e+01
    endloop
  endfacet
  facet normal -3.352576e-01 9.421265e-01 7.190765e-18
    outer loop
      vertex   -2.991320e+00 -3.346659e+01 -5.220575e+01
      vertex   -2.025794e+00 -3.312300e+01 -5.220575e+01
      vertex   -2.025794e+00 -3.312300e+01 -7.480384e+01
    endloop
  endfacet
  facet normal -2.036917e-01 9.790351e-01 4.002874e-18
    outer loop
      vertex   -2.025794e+00 -3.312300e+01 -7.480384e+01
      vertex   -2.025794e+00 -3.312300e+01 -5.220575e+01
      vertex   -1.022442e+00 -3.291425e+01 -7.480384e+01
    endloop
  endfacet
  facet normal -2.036917e-01 9.790351e-01 0.000000e+00
    outer loop
      vertex   -2.025794e+00 -3.312300e+01 -5.220575e+01
      vertex   -1.022442e+00 -3.291425e+01 -5.220575e+01
      vertex   -1.022442e+00 -3.291425e+01 -7.480384e+01
    endloop
  endfacet
  facet normal 1.205367e-01 -9.927089e-01 7.647006e-18
    outer loop
      vertex   -7.179470e-01 -3.408718e+01 -3.920575e+01
      vertex   0.000000e+00 -3.400000e+01 -3.920575e+01
      vertex   -7.179470e-01 -3.408718e+01 -2.870575e+01
    endloop
  endfacet
  facet normal 1.205367e-01 -9.927089e-01 0.000000e+00
    outer loop
      vertex   -7.179470e-01 -3.408718e+01 -2.870575e+01
      vertex   0.000000e+00 -3.400000e+01 -3.920575e+01
      vertex   0.000000e+00 -3.400000e+01 -1.820575e+01
    endloop
  endfacet
  facet normal 1.205367e-01 -9.927089e-01 0.000000e+00
    outer loop
      vertex   -7.179470e-01 -3.408718e+01 -2.870575e+01
      vertex   0.000000e+00 -3.400000e+01 -1.820575e+01
      vertex   -7.179470e-01 -3.408718e+01 -1.820575e+01
    endloop
  endfacet
  facet normal 3.546049e-01 -9.350162e-01 0.000000e+00
    outer loop
      vertex   -7.179470e-01 -3.408718e+01 -2.870575e+01
      vertex   -7.179470e-01 -3.408718e+01 -1.820575e+01
      vertex   -1.394170e+00 -3.434363e+01 -2.870575e+01
    endloop
  endfacet
  facet normal 3.546049e-01 -9.350162e-01 2.999547e-17
    outer loop
      vertex   -1.394170e+00 -3.434363e+01 -2.870575e+01
      vertex   -7.179470e-01 -3.408718e+01 -1.820575e+01
      vertex   -1.394170e+00 -3.434363e+01 -1.820575e+01
    endloop
  endfacet
  facet normal 5.680647e-01 -8.229839e-01 4.805170e-17
    outer loop
      vertex   -1.394170e+00 -3.434363e+01 -2.870575e+01
      vertex   -1.394170e+00 -3.434363e+01 -1.820575e+01
      vertex   -1.989368e+00 -3.475447e+01 -2.870575e+01
    endloop
  endfacet
  facet normal 5.680647e-01 -8.229839e-01 -5.449063e-16
    outer loop
      vertex   -1.989368e+00 -3.475447e+01 -2.870575e+01
      vertex   -1.394170e+00 -3.434363e+01 -1.820575e+01
      vertex   -1.989368e+00 -3.475447e+01 -1.820575e+01
    endloop
  endfacet
  facet normal 7.485107e-01 -6.631227e-01 -4.329112e-16
    outer loop
      vertex   -1.989368e+00 -3.475447e+01 -2.870575e+01
      vertex   -1.989368e+00 -3.475447e+01 -1.820575e+01
      vertex   -2.468952e+00 -3.529581e+01 -2.870575e+01
    endloop
  endfacet
  facet normal 7.485107e-01 -6.631227e-01 -6.331534e-17
    outer loop
      vertex   -2.468952e+00 -3.529581e+01 -2.870575e+01
      vertex   -1.989368e+00 -3.475447e+01 -1.820575e+01
      vertex   -2.468952e+00 -3.529581e+01 -1.820575e+01
    endloop
  endfacet
  facet normal 8.854560e-01 -4.647232e-01 -7.489933e-17
    outer loop
      vertex   -2.468952e+00 -3.529581e+01 -2.870575e+01
      vertex   -2.468952e+00 -3.529581e+01 -1.820575e+01
      vertex   -2.805049e+00 -3.593619e+01 -2.870575e+01
    endloop
  endfacet
  facet normal 8.854560e-01 -4.647232e-01 -7.489933e-17
    outer loop
      vertex   -2.805049e+00 -3.593619e+01 -2.870575e+01
      vertex   -2.468952e+00 -3.529581e+01 -1.820575e+01
      vertex   -2.805049e+00 -3.593619e+01 -1.820575e+01
    endloop
  endfacet
  facet normal 9.709418e-01 -2.393157e-01 -8.213044e-17
    outer loop
      vertex   -2.805049e+00 -3.593619e+01 -2.870575e+01
      vertex   -2.805049e+00 -3.593619e+01 -1.820575e+01
      vertex   -2.978127e+00 -3.663839e+01 -2.870575e+01
    endloop
  endfacet
  facet normal 9.709418e-01 -2.393157e-01 -1.619467e-16
    outer loop
      vertex   -2.978127e+00 -3.663839e+01 -2.870575e+01
      vertex   -2.805049e+00 -3.593619e+01 -1.820575e+01
      vertex   -2.978127e+00 -3.663839e+01 -1.820575e+01
    endloop
  endfacet
  facet normal 1.000000e+00 0.000000e+00 0.000000e+00
    outer loop
      vertex   -2.978127e+00 -3.663839e+01 -2.870575e+01
      vertex   -2.978127e+00 -3.663839e+01 -1.820575e+01
      vertex   -2.978127e+00 -3.736161e+01 -2.870575e+01
    endloop
  endfacet
  facet normal 1.000000e+00 0.000000e+00 0.000000e+00
    outer loop
      vertex   -2.978127e+00 -3.736161e+01 -2.870575e+01
      vertex   -2.978127e+00 -3.663839e+01 -1.820575e+01
      vertex   -2.978127e+00 -3.736161e+01 -1.820575e+01
    endloop
  endfacet
  facet normal 9.709418e-01 2.393157e-01 -0.000000e+00
    outer loop
      vertex   -2.978127e+00 -3.736161e+01 -2.870575e+01
      vertex   -2.978127e+00 -3.736161e+01 -1.820575e+01
      vertex   -2.805049e+00 -3.806382e+01 -2.870575e+01
    endloop
  endfacet
  facet normal 9.709418e-01 2.393157e-01 -8.213044e-17
    outer loop
      vertex   -2.805049e+00 -3.806382e+01 -2.870575e+01
      vertex   -2.978127e+00 -3.736161e+01 -1.820575e+01
      vertex   -2.805049e+00 -3.806382e+01 -1.820575e+01
    endloop
  endfacet
  facet normal 8.854560e-01 4.647232e-01 -7.489933e-17
    outer loop
      vertex   -2.805049e+00 -3.806382e+01 -2.870575e+01
      vertex   -2.805049e+00 -3.806382e+01 -1.820575e+01
      vertex   -2.468952e+00 -3.870419e+01 -2.870575e+01
    endloop
  endfacet
  facet normal 8.854560e-01 4.647232e-01 -1.497987e-16
    outer loop
      vertex   -2.468952e+00 -3.870419e+01 -2.870575e+01
      vertex   -2.805049e+00 -3.806382e+01 -1.820575e+01
      vertex   -2.468952e+00 -3.870419e+01 -1.820575e+01
    endloop
  endfacet
  facet normal 7.485107e-01 6.631227e-01 -1.266307e-16
    outer loop
      vertex   -2.468952e+00 -3.870419e+01 -2.870575e+01
      vertex   -2.468952e+00 -3.870419e+01 -1.820575e+01
      vertex   -1.989368e+00 -3.924553e+01 -2.870575e+01
    endloop
  endfacet
  facet normal 7.485107e-01 6.631227e-01 -1.582884e-17
    outer loop
      vertex   -1.989368e+00 -3.924553e+01 -2.870575e+01
      vertex   -2.468952e+00 -3.870419e+01 -1.820575e+01
      vertex   -1.989368e+00 -3.924553e+01 -1.820575e+01
    endloop
  endfacet
  facet normal 5.680647e-01 8.229839e-01 -1.201292e-17
    outer loop
      vertex   -1.989368e+00 -3.924553e+01 -2.870575e+01
      vertex   -1.989368e+00 -3.924553e+01 -1.820575e+01
      vertex   -1.394170e+00 -3.965637e+01 -2.870575e+01
    endloop
  endfacet
  facet normal 5.680647e-01 8.229839e-01 4.805170e-17
    outer loop
      vertex   -1.394170e+00 -3.965637e+01 -2.870575e+01
      vertex   -1.989368e+00 -3.924553e+01 -1.820575e+01
      vertex   -1.394170e+00 -3.965637e+01 -1.820575e+01
    endloop
  endfacet
  facet normal 3.546049e-01 9.350162e-01 2.999547e-17
    outer loop
      vertex   -1.394170e+00 -3.965637e+01 -2.870575e+01
      vertex   -1.394170e+00 -3.965637e+01 -1.820575e+01
      vertex   -7.179470e-01 -3.991283e+01 -2.870575e+01
    endloop
  endfacet
  facet normal 3.546049e-01 9.350162e-01 -2.249660e-17
    outer loop
      vertex   -7.179470e-01 -3.991283e+01 -2.870575e+01
      vertex   -1.394170e+00 -3.965637e+01 -1.820575e+01
      vertex   -7.179470e-01 -3.991283e+01 -1.820575e+01
    endloop
  endfacet
  facet normal 1.205367e-01 9.927089e-01 -7.647006e-18
    outer loop
      vertex   -7.179470e-01 -3.991283e+01 -2.870575e+01
      vertex   -7.179470e-01 -3.991283e+01 -1.820575e+01
      vertex   0.000000e+00 -4.000000e+01 -1.820575e+01
    endloop
  endfacet
  facet normal 1.205367e-01 9.927089e-01 0.000000e+00
    outer loop
      vertex   0.000000e+00 -4.000000e+01 -1.820575e+01
      vertex   0.000000e+00 -4.000000e+01 -3.920575e+01
      vertex   -7.179470e-01 -3.991283e+01 -2.870575e+01
    endloop
  endfacet
  facet normal 1.205367e-01 9.927089e-01 0.000000e+00
    outer loop
      vertex   -7.179470e-01 -3.991283e+01 -2.870575e+01
      vertex   0.000000e+00 -4.000000e+01 -3.920575e+01
      vertex   -7.179470e-01 -3.991283e+01 -3.920575e+01
    endloop
  endfacet
  facet normal 3.546049e-01 9.350162e-01 0.000000e+00
    outer loop
      vertex   -7.179470e-01 -3.991283e+01 -2.870575e+01
      vertex   -7.179470e-01 -3.991283e+01 -3.920575e+01
      vertex   -1.394170e+00 -3.965637e+01 -2.870575e+01
    endloop
  endfacet
  facet normal 3.546049e-01 9.350162e-01 -2.999547e-17
    outer loop
      vertex   -1.394170e+00 -3.965637e+01 -2.870575e+01
      vertex   -7.179470e-01 -3.991283e+01 -3.920575e+01
      vertex   -1.394170e+00 -3.965637e+01 -3.920575e+01
    endloop
  endfacet
  facet normal 5.680647e-01 8.229839e-01 -4.805170e-17
    outer loop
      vertex   -1.394170e+00 -3.965637e+01 -2.870575e+01
      vertex   -1.394170e+00 -3.965637e+01 -3.920575e+01
      vertex   -1.989368e+00 -3.924553e+01 -2.870575e+01
    endloop
  endfacet
  facet normal 5.680647e-01 8.229839e-01 5.449063e-16
    outer loop
      vertex   -1.989368e+00 -3.924553e+01 -2.870575e+01
      vertex   -1.394170e+00 -3.965637e+01 -3.920575e+01
      vertex   -1.989368e+00 -3.924553e+01 -3.920575e+01
    endloop
  endfacet
  facet normal 7.485107e-01 6.631227e-01 4.329112e-16
    outer loop
      vertex   -1.989368e+00 -3.924553e+01 -2.870575e+01
      vertex   -1.989368e+00 -3.924553e+01 -3.920575e+01
      vertex   -2.468952e+00 -3.870419e+01 -2.870575e+01
    endloop
  endfacet
  facet normal 7.485107e-01 6.631227e-01 9.497301e-17
    outer loop
      vertex   -2.468952e+00 -3.870419e+01 -2.870575e+01
      vertex   -1.989368e+00 -3.924553e+01 -3.920575e+01
      vertex   -2.468952e+00 -3.870419e+01 -3.920575e+01
    endloop
  endfacet
  facet normal 8.854560e-01 4.647232e-01 1.123490e-16
    outer loop
      vertex   -2.468952e+00 -3.870419e+01 -2.870575e+01
      vertex   -2.468952e+00 -3.870419e+01 -3.920575e+01
      vertex   -2.805049e+00 -3.806382e+01 -2.870575e+01
    endloop
  endfacet
  facet normal 8.854560e-01 4.647232e-01 7.489933e-17
    outer loop
      vertex   -2.805049e+00 -3.806382e+01 -2.870575e+01
      vertex   -2.468952e+00 -3.870419e+01 -3.920575e+01
      vertex   -2.805049e+00 -3.806382e+01 -3.920575e+01
    endloop
  endfacet
  facet normal 9.709418e-01 2.393157e-01 8.213044e-17
    outer loop
      vertex   -2.805049e+00 -3.806382e+01 -2.870575e+01
      vertex   -2.805049e+00 -3.806382e+01 -3.920575e+01
      vertex   -2.978127e+00 -3.736161e+01 -2.870575e+01
    endloop
  endfacet
  facet normal 9.709418e-01 2.393157e-01 1.619467e-16
    outer loop
      vertex   -2.978127e+00 -3.736161e+01 -2.870575e+01
      vertex   -2.805049e+00 -3.806382e+01 -3.920575e+01
      vertex   -2.978127e+00 -3.736161e+01 -3.920575e+01
    endloop
  endfacet
  facet normal 1.000000e+00 -0.000000e+00 0.000000e+00
    outer loop
      vertex   -2.978127e+00 -3.736161e+01 -2.870575e+01
      vertex   -2.978127e+00 -3.736161e+01 -3.920575e+01
      vertex   -2.978127e+00 -3.663839e+01 -2.870575e+01
    endloop
  endfacet
  facet normal 1.000000e+00 0.000000e+00 0.000000e+00
    outer loop
      vertex   -2.978127e+00 -3.663839e+01 -2.870575e+01
      vertex   -2.978127e+00 -3.736161e+01 -3.920575e+01
      vertex   -2.978127e+00 -3.663839e+01 -3.920575e+01
    endloop
  endfacet
  facet normal 9.709418e-01 -2.393157e-01 0.000000e+00
    outer loop
      vertex   -2.978127e+00 -3.663839e+01 -2.870575e+01
      vertex   -2.978127e+00 -3.663839e+01 -3.920575e+01
      vertex   -2.805049e+00 -3.593619e+01 -2.870575e+01
    endloop
  endfacet
  facet normal 9.709418e-01 -2.393157e-01 8.213044e-17
    outer loop
      vertex   -2.805049e+00 -3.593619e+01 -2.870575e+01
      vertex   -2.978127e+00 -3.663839e+01 -3.920575e+01
      vertex   -2.805049e+00 -3.593619e+01 -3.920575e+01
    endloop
  endfacet
  facet normal 8.854560e-01 -4.647232e-01 7.489933e-17
    outer loop
      vertex   -2.805049e+00 -3.593619e+01 -2.870575e+01
      vertex   -2.805049e+00 -3.593619e+01 -3.920575e+01
      vertex   -2.468952e+00 -3.529581e+01 -2.870575e+01
    endloop
  endfacet
  facet normal 8.854560e-01 -4.647232e-01 1.123490e-16
    outer loop
      vertex   -2.468952e+00 -3.529581e+01 -2.870575e+01
      vertex   -2.805049e+00 -3.593619e+01 -3.920575e+01
      vertex   -2.468952e+00 -3.529581e+01 -3.920575e+01
    endloop
  endfacet
  facet normal 7.485107e-01 -6.631227e-01 9.497301e-17
    outer loop
      vertex   -2.468952e+00 -3.529581e+01 -2.870575e+01
      vertex   -2.468952e+00 -3.529581e+01 -3.920575e+01
      vertex   -1.989368e+00 -3.475447e+01 -2.870575e+01
    endloop
  endfacet
  facet normal 7.485107e-01 -6.631227e-01 1.582884e-17
    outer loop
      vertex   -1.989368e+00 -3.475447e+01 -2.870575e+01
      vertex   -2.468952e+00 -3.529581e+01 -3.920575e+01
      vertex   -1.989368e+00 -3.475447e+01 -3.920575e+01
    endloop
  endfacet
  facet normal 5.680647e-01 -8.229839e-01 1.201292e-17
    outer loop
      vertex   -1.989368e+00 -3.475447e+01 -2.870575e+01
      vertex   -1.989368e+00 -3.475447e+01 -3.920575e+01
      vertex   -1.394170e+00 -3.434363e+01 -2.870575e+01
    endloop
  endfacet
  facet normal 5.680647e-01 -8.229839e-01 -4.805170e-17
    outer loop
      vertex   -1.394170e+00 -3.434363e+01 -2.870575e+01
      vertex   -1.989368e+00 -3.475447e+01 -3.920575e+01
      vertex   -1.394170e+00 -3.434363e+01 -3.920575e+01
    endloop
  endfacet
  facet normal 3.546049e-01 -9.350162e-01 -2.999547e-17
    outer loop
      vertex   -1.394170e+00 -3.434363e+01 -2.870575e+01
      vertex   -1.394170e+00 -3.434363e+01 -3.920575e+01
      vertex   -7.179470e-01 -3.408718e+01 -2.870575e+01
    endloop
  endfacet
  facet normal 3.546049e-01 -9.350162e-01 2.249660e-17
    outer loop
      vertex   -7.179470e-01 -3.408718e+01 -2.870575e+01
      vertex   -1.394170e+00 -3.434363e+01 -3.920575e+01
      vertex   -7.179470e-01 -3.408718e+01 -3.920575e+01
    endloop
  endfacet
  facet normal -2.967611e-02 -9.995596e-01 0.000000e+00
    outer loop
      vertex   0.000000e+00 -5.432697e+01 -3.320575e+01
      vertex   0.000000e+00 -5.432697e+01 -1.820575e+01
      vertex   -3.223006e+00 -5.423128e+01 -3.320575e+01
    endloop
  endfacet
  facet normal -2.967611e-02 -9.995596e-01 -7.380150e-17
    outer loop
      vertex   -3.223006e+00 -5.423128e+01 -3.320575e+01
      vertex   0.000000e+00 -5.432697e+01 -1.820575e+01
      vertex   -3.223006e+00 -5.423128e+01 -1.820575e+01
    endloop
  endfacet
  facet normal -8.892378e-02 -9.960384e-01 -2.211445e-16
    outer loop
      vertex   -3.223006e+00 -5.423128e+01 -3.320575e+01
      vertex   -3.223006e+00 -5.423128e+01 -1.820575e+01
      vertex   -6.434658e+00 -5.394455e+01 -3.320575e+01
    endloop
  endfacet
  facet normal -8.892378e-02 -9.960384e-01 2.559394e-16
    outer loop
      vertex   -6.434658e+00 -5.394455e+01 -3.320575e+01
      vertex   -3.223006e+00 -5.423128e+01 -1.820575e+01
      vertex   -6.434658e+00 -5.394455e+01 -1.820575e+01
    endloop
  endfacet
  facet normal -1.478582e-01 -9.890086e-01 1.095350e-16
    outer loop
      vertex   -6.434658e+00 -5.394455e+01 -3.320575e+01
      vertex   -6.434658e+00 -5.394455e+01 -1.820575e+01
      vertex   -9.623643e+00 -5.346779e+01 -3.320575e+01
    endloop
  endfacet
  facet normal -1.478582e-01 -9.890086e-01 -3.852185e-16
    outer loop
      vertex   -9.623643e+00 -5.346779e+01 -3.320575e+01
      vertex   -6.434658e+00 -5.394455e+01 -1.820575e+01
      vertex   -9.623643e+00 -5.346779e+01 -1.820575e+01
    endloop
  endfacet
  facet normal -2.062718e-01 -9.784947e-01 -5.374047e-16
    outer loop
      vertex   -9.623643e+00 -5.346779e+01 -3.320575e+01
      vertex   -9.623643e+00 -5.346779e+01 -1.820575e+01
      vertex   -1.277873e+01 -5.280268e+01 -3.320575e+01
    endloop
  endfacet
  facet normal -2.062718e-01 -9.784947e-01 -4.885497e-16
    outer loop
      vertex   -1.277873e+01 -5.280268e+01 -3.320575e+01
      vertex   -9.623643e+00 -5.346779e+01 -1.820575e+01
      vertex   -1.277873e+01 -5.280268e+01 -1.820575e+01
    endloop
  endfacet
  facet normal -2.639587e-01 -9.645340e-01 -6.251798e-16
    outer loop
      vertex   -1.277873e+01 -5.280268e+01 -3.320575e+01
      vertex   -1.277873e+01 -5.280268e+01 -1.820575e+01
      vertex   -1.588879e+01 -5.195157e+01 -3.320575e+01
    endloop
  endfacet
  facet normal -2.639587e-01 -9.645340e-01 -1.995438e-16
    outer loop
      vertex   -1.588879e+01 -5.195157e+01 -3.320575e+01
      vertex   -1.277873e+01 -5.280268e+01 -1.820575e+01
      vertex   -1.588879e+01 -5.195157e+01 -1.820575e+01
    endloop
  endfacet
  facet normal -3.207158e-01 -9.471755e-01 -3.489156e-16
    outer loop
      vertex   -1.588879e+01 -5.195157e+01 -3.320575e+01
      vertex   -1.588879e+01 -5.195157e+01 -1.820575e+01
      vertex   -1.894289e+01 -5.091744e+01 -3.320575e+01
    endloop
  endfacet
  facet normal -3.207158e-01 -9.471755e-01 -3.798038e-16
    outer loop
      vertex   -1.894289e+01 -5.091744e+01 -3.320575e+01
      vertex   -1.588879e+01 -5.195157e+01 -1.820575e+01
      vertex   -1.894289e+01 -5.091744e+01 -1.820575e+01
    endloop
  endfacet
  facet normal -3.763431e-01 -9.264804e-01 -4.456798e-16
    outer loop
      vertex   -1.894289e+01 -5.091744e+01 -3.320575e+01
      vertex   -1.894289e+01 -5.091744e+01 -1.820575e+01
      vertex   -2.193026e+01 -4.970395e+01 -3.320575e+01
    endloop
  endfacet
  facet normal -3.763431e-01 -9.264804e-01 -1.850824e-16
    outer loop
      vertex   -2.193026e+01 -4.970395e+01 -3.320575e+01
      vertex   -1.894289e+01 -5.091744e+01 -1.820575e+01
      vertex   -2.193026e+01 -4.970395e+01 -1.820575e+01
    endloop
  endfacet
  facet normal -4.306447e-01 -9.025215e-01 -2.864600e-16
    outer loop
      vertex   -2.193026e+01 -4.970395e+01 -3.320575e+01
      vertex   -2.193026e+01 -4.970395e+01 -1.820575e+01
      vertex   -2.484037e+01 -4.831537e+01 -3.320575e+01
    endloop
  endfacet
  facet normal -4.306447e-01 -9.025215e-01 2.235258e-16
    outer loop
      vertex   -2.484037e+01 -4.831537e+01 -3.320575e+01
      vertex   -2.193026e+01 -4.970395e+01 -1.820575e+01
      vertex   -2.484037e+01 -4.831537e+01 -1.820575e+01
    endloop
  endfacet
  facet normal -4.834293e-01 -8.753834e-01 1.856668e-16
    outer loop
      vertex   -2.484037e+01 -4.831537e+01 -3.320575e+01
      vertex   -2.484037e+01 -4.831537e+01 -1.820575e+01
      vertex   -2.766298e+01 -4.675659e+01 -3.320575e+01
    endloop
  endfacet
  facet normal -4.834293e-01 -8.753834e-01 7.116775e-17
    outer loop
      vertex   -2.766298e+01 -4.675659e+01 -3.320575e+01
      vertex   -2.484037e+01 -4.831537e+01 -1.820575e+01
      vertex   -2.766298e+01 -4.675659e+01 -1.820575e+01
    endloop
  endfacet
  facet normal -5.345108e-01 -8.451616e-01 2.055618e-17
    outer loop
      vertex   -2.766298e+01 -4.675659e+01 -3.320575e+01
      vertex   -2.766298e+01 -4.675659e+01 -1.820575e+01
      vertex   -3.038814e+01 -4.503310e+01 -3.320575e+01
    endloop
  endfacet
  facet normal -5.345108e-01 -8.451616e-01 -2.326390e-16
    outer loop
      vertex   -3.038814e+01 -4.503310e+01 -3.320575e+01
      vertex   -2.766298e+01 -4.675659e+01 -1.820575e+01
      vertex   -3.038814e+01 -4.503310e+01 -1.820575e+01
    endloop
  endfacet
  facet normal -5.837095e-01 -8.119626e-01 -3.066282e-16
    outer loop
      vertex   -3.038814e+01 -4.503310e+01 -3.320575e+01
      vertex   -3.038814e+01 -4.503310e+01 -1.820575e+01
      vertex   -3.300626e+01 -4.315097e+01 -3.320575e+01
    endloop
  endfacet
  facet normal -5.837095e-01 -8.119626e-01 8.773679e-16
    outer loop
      vertex   -3.300626e+01 -4.315097e+01 -3.320575e+01
      vertex   -3.038814e+01 -4.503310e+01 -1.820575e+01
      vertex   -3.300626e+01 -4.315097e+01 -1.820575e+01
    endloop
  endfacet
  facet normal -6.308519e-01 -7.759032e-01 8.037933e-16
    outer loop
      vertex   -3.300626e+01 -4.315097e+01 -3.320575e+01
      vertex   -3.300626e+01 -4.315097e+01 -1.820575e+01
      vertex   -3.550810e+01 -4.111684e+01 -3.320575e+01
    endloop
  endfacet
  facet normal -6.308519e-01 -7.759032e-01 -5.976630e-16
    outer loop
      vertex   -3.550810e+01 -4.111684e+01 -3.320575e+01
      vertex   -3.300626e+01 -4.315097e+01 -1.820575e+01
      vertex   -3.550810e+01 -4.111684e+01 -1.820575e+01
    endloop
  endfacet
  facet normal -6.757721e-01 -7.371106e-01 -6.402199e-16
    outer loop
      vertex   -3.550810e+01 -4.111684e+01 -3.320575e+01
      vertex   -3.550810e+01 -4.111684e+01 -1.820575e+01
      vertex   -3.788486e+01 -3.893786e+01 -3.320575e+01
    endloop
  endfacet
  facet normal -6.757721e-01 -7.371106e-01 8.716732e-17
    outer loop
      vertex   -3.788486e+01 -3.893786e+01 -3.320575e+01
      vertex   -3.550810e+01 -4.111684e+01 -1.820575e+01
      vertex   -3.788486e+01 -3.893786e+01 -1.820575e+01
    endloop
  endfacet
  facet normal -7.183117e-01 -6.957214e-01 -3.210272e-17
    outer loop
      vertex   -3.788486e+01 -3.893786e+01 -3.320575e+01
      vertex   -3.788486e+01 -3.893786e+01 -1.820575e+01
      vertex   -4.012816e+01 -3.662172e+01 -3.320575e+01
    endloop
  endfacet
  facet normal -7.183117e-01 -6.957214e-01 -7.126243e-16
    outer loop
      vertex   -4.012816e+01 -3.662172e+01 -3.320575e+01
      vertex   -3.788486e+01 -3.893786e+01 -1.820575e+01
      vertex   -4.012816e+01 -3.662172e+01 -1.820575e+01
    endloop
  endfacet
  facet normal -7.583209e-01 -6.518814e-01 -8.696856e-16
    outer loop
      vertex   -4.012816e+01 -3.662172e+01 -3.320575e+01
      vertex   -4.012816e+01 -3.662172e+01 -1.820575e+01
      vertex   -4.223010e+01 -3.417657e+01 -3.320575e+01
    endloop
  endfacet
  facet normal -7.583209e-01 -6.518814e-01 -2.016796e-16
    outer loop
      vertex   -4.223010e+01 -3.417657e+01 -3.320575e+01
      vertex   -4.012816e+01 -3.662172e+01 -1.820575e+01
      vertex   -4.223010e+01 -3.417657e+01 -1.820575e+01
    endloop
  endfacet
  facet normal -7.956588e-01 -6.057450e-01 -3.598450e-16
    outer loop
      vertex   -4.223010e+01 -3.417657e+01 -3.320575e+01
      vertex   -4.223010e+01 -3.417657e+01 -1.820575e+01
      vertex   -4.418328e+01 -3.161102e+01 -3.320575e+01
    endloop
  endfacet
  facet normal -7.956588e-01 -6.057450e-01 3.939544e-16
    outer loop
      vertex   -4.418328e+01 -3.161102e+01 -3.320575e+01
      vertex   -4.223010e+01 -3.417657e+01 -1.820575e+01
      vertex   -4.418328e+01 -3.161102e+01 -1.820575e+01
    endloop
  endfacet
  facet normal -8.301939e-01 -5.574748e-01 2.697748e-16
    outer loop
      vertex   -4.418328e+01 -3.161102e+01 -3.320575e+01
      vertex   -4.418328e+01 -3.161102e+01 -1.820575e+01
      vertex   -4.598082e+01 -2.893412e+01 -3.320575e+01
    endloop
  endfacet
  facet normal -8.301939e-01 -5.574748e-01 4.018113e-16
    outer loop
      vertex   -4.598082e+01 -2.893412e+01 -3.320575e+01
      vertex   -4.418328e+01 -3.161102e+01 -1.820575e+01
      vertex   -4.598082e+01 -2.893412e+01 -1.820575e+01
    endloop
  endfacet
  facet normal -8.618044e-01 -5.072407e-01 2.647835e-16
    outer loop
      vertex   -4.598082e+01 -2.893412e+01 -3.320575e+01
      vertex   -4.598082e+01 -2.893412e+01 -1.820575e+01
      vertex   -4.761638e+01 -2.615530e+01 -3.320575e+01
    endloop
  endfacet
  facet normal -8.618044e-01 -5.072407e-01 -2.635878e-16
    outer loop
      vertex   -4.761638e+01 -2.615530e+01 -3.320575e+01
      vertex   -4.598082e+01 -2.893412e+01 -1.820575e+01
      vertex   -4.761638e+01 -2.615530e+01 -1.820575e+01
    endloop
  endfacet
  facet normal -8.903791e-01 -4.552198e-01 -4.027631e-16
    outer loop
      vertex   -4.761638e+01 -2.615530e+01 -3.320575e+01
      vertex   -4.761638e+01 -2.615530e+01 -1.820575e+01
      vertex   -4.908420e+01 -2.328434e+01 -3.320575e+01
    endloop
  endfacet
  facet normal -8.903791e-01 -4.552198e-01 -1.871277e-16
    outer loop
      vertex   -4.908420e+01 -2.328434e+01 -3.320575e+01
      vertex   -4.761638e+01 -2.615530e+01 -1.820575e+01
      vertex   -4.908420e+01 -2.328434e+01 -1.820575e+01
    endloop
  endfacet
  facet normal -9.158172e-01 -4.015953e-01 -3.502858e-16
    outer loop
      vertex   -4.908420e+01 -2.328434e+01 -3.320575e+01
      vertex   -4.908420e+01 -2.328434e+01 -1.820575e+01
      vertex   -5.037912e+01 -2.033135e+01 -3.320575e+01
    endloop
  endfacet
  facet normal -9.158172e-01 -4.015953e-01 5.173506e-16
    outer loop
      vertex   -5.037912e+01 -2.033135e+01 -3.320575e+01
      vertex   -4.908420e+01 -2.328434e+01 -1.820575e+01
      vertex   -5.037912e+01 -2.033135e+01 -1.820575e+01
    endloop
  endfacet
  facet normal -9.380292e-01 -3.465561e-01 3.764699e-16
    outer loop
      vertex   -5.037912e+01 -2.033135e+01 -3.320575e+01
      vertex   -5.037912e+01 -2.033135e+01 -1.820575e+01
      vertex   -5.149656e+01 -1.730675e+01 -3.320575e+01
    endloop
  endfacet
  facet normal -9.380292e-01 -3.465561e-01 -6.787000e-17
    outer loop
      vertex   -5.149656e+01 -1.730675e+01 -3.320575e+01
      vertex   -5.037912e+01 -2.033135e+01 -1.820575e+01
      vertex   -5.149656e+01 -1.730675e+01 -1.820575e+01
    endloop
  endfacet
  facet normal -9.569369e-01 -2.902961e-01 -2.190333e-16
    outer loop
      vertex   -5.149656e+01 -1.730675e+01 -3.320575e+01
      vertex   -5.149656e+01 -1.730675e+01 -1.820575e+01
      vertex   -5.243260e+01 -1.422118e+01 -3.320575e+01
    endloop
  endfacet
  facet normal -9.569369e-01 -2.902961e-01 1.655071e-16
    outer loop
      vertex   -5.243260e+01 -1.422118e+01 -3.320575e+01
      vertex   -5.149656e+01 -1.730675e+01 -1.820575e+01
      vertex   -5.243260e+01 -1.422118e+01 -1.820575e+01
    endloop
  endfacet
  facet normal -9.724735e-01 -2.330135e-01 3.604220e-17
    outer loop
      vertex   -5.243260e+01 -1.422118e+01 -3.320575e+01
      vertex   -5.243260e+01 -1.422118e+01 -1.820575e+01
      vertex   -5.318393e+01 -1.108551e+01 -3.320575e+01
    endloop
  endfacet
  facet normal -9.724735e-01 -2.330135e-01 5.518869e-16
    outer loop
      vertex   -5.318393e+01 -1.108551e+01 -3.320575e+01
      vertex   -5.243260e+01 -1.422118e+01 -1.820575e+01
      vertex   -5.318393e+01 -1.108551e+01 -1.820575e+01
    endloop
  endfacet
  facet normal -9.845844e-01 -1.749101e-01 4.142703e-16
    outer loop
      vertex   -5.318393e+01 -1.108551e+01 -3.320575e+01
      vertex   -5.318393e+01 -1.108551e+01 -1.820575e+01
      vertex   -5.374792e+01 -7.910788e+00 -3.320575e+01
    endloop
  endfacet
  facet normal -9.845844e-01 -1.749101e-01 -4.176586e-17
    outer loop
      vertex   -5.374792e+01 -7.910788e+00 -3.320575e+01
      vertex   -5.318393e+01 -1.108551e+01 -1.820575e+01
      vertex   -5.374792e+01 -7.910788e+00 -1.820575e+01
    endloop
  endfacet
  facet normal -9.932270e-01 -1.161905e-01 -1.884127e-16
    outer loop
      vertex   -5.374792e+01 -7.910788e+00 -3.320575e+01
      vertex   -5.374792e+01 -7.910788e+00 -1.820575e+01
      vertex   -5.412257e+01 -4.708202e+00 -3.320575e+01
    endloop
  endfacet
  facet normal -9.932270e-01 -1.161905e-01 2.889540e-16
    outer loop
      vertex   -5.412257e+01 -4.708202e+00 -3.320575e+01
      vertex   -5.374792e+01 -7.910788e+00 -1.820575e+01
      vertex   -5.412257e+01 -4.708202e+00 -1.820575e+01
    endloop
  endfacet
  facet normal -9.983707e-01 -5.706155e-02 1.419063e-16
    outer loop
      vertex   -5.412257e+01 -4.708202e+00 -3.320575e+01
      vertex   -5.412257e+01 -4.708202e+00 -1.820575e+01
      vertex   -5.430656e+01 -1.489029e+00 -3.320575e+01
    endloop
  endfacet
  facet normal -9.983707e-01 -5.706155e-02 1.419063e-16
    outer loop
      vertex   -5.430656e+01 -1.489029e+00 -3.320575e+01
      vertex   -5.412257e+01 -4.708202e+00 -1.820575e+01
      vertex   -5.430656e+01 -1.489029e+00 -1.820575e+01
    endloop
  endfacet
  facet normal -9.999974e-01 2.268372e-03 -5.641212e-18
    outer loop
      vertex   -5.430656e+01 -1.489029e+00 -3.320575e+01
      vertex   -5.430656e+01 -1.489029e+00 -1.820575e+01
      vertex   -5.429924e+01 1.735388e+00 -3.320575e+01
    endloop
  endfacet
  facet normal -9.999974e-01 2.268372e-03 -9.368442e-18
    outer loop
      vertex   -5.429924e+01 1.735388e+00 -3.320575e+01
      vertex   -5.430656e+01 -1.489029e+00 -1.820575e+01
      vertex   -5.429924e+01 1.735388e+00 -1.820575e+01
    endloop
  endfacet
  facet normal -9.981015e-01 6.159030e-02 -2.543698e-16
    outer loop
      vertex   -5.429924e+01 1.735388e+00 -3.320575e+01
      vertex   -5.429924e+01 1.735388e+00 -1.820575e+01
      vertex   -5.410065e+01 4.953693e+00 -3.320575e+01
    endloop
  endfacet
  facet normal -9.981015e-01 6.159030e-02 -1.531689e-16
    outer loop
      vertex   -5.410065e+01 4.953693e+00 -3.320575e+01
      vertex   -5.429924e+01 1.735388e+00 -1.820575e+01
      vertex   -5.410065e+01 4.953693e+00 -1.820575e+01
    endloop
  endfacet
  facet normal -9.926896e-01 1.206953e-01 -3.001570e-16
    outer loop
      vertex   -5.410065e+01 4.953693e+00 -3.320575e+01
      vertex   -5.410065e+01 4.953693e+00 -1.820575e+01
      vertex   -5.371148e+01 8.154547e+00 -3.320575e+01
    endloop
  endfacet
  facet normal -9.926896e-01 1.206953e-01 6.546007e-16
    outer loop
      vertex   -5.371148e+01 8.154547e+00 -3.320575e+01
      vertex   -5.410065e+01 4.953693e+00 -1.820575e+01
      vertex   -5.371148e+01 8.154547e+00 -1.820575e+01
    endloop
  endfacet
  facet normal -9.837808e-01 1.793751e-01 5.071789e-16
    outer loop
      vertex   -5.371148e+01 8.154547e+00 -3.320575e+01
      vertex   -5.371148e+01 8.154547e+00 -1.820575e+01
      vertex   -5.313309e+01 1.132667e+01 -3.320575e+01
    endloop
  endfacet
  facet normal -9.837808e-01 1.793751e-01 -4.673300e-16
    outer loop
      vertex   -5.313309e+01 1.132667e+01 -3.320575e+01
      vertex   -5.371148e+01 8.154547e+00 -1.820575e+01
      vertex   -5.313309e+01 1.132667e+01 -1.820575e+01
    endloop
  endfacet
  facet normal -9.714064e-01 2.374230e-01 -6.185636e-16
    outer loop
      vertex   -5.313309e+01 1.132667e+01 -3.320575e+01
      vertex   -5.313309e+01 1.132667e+01 -1.820575e+01
      vertex   -5.236754e+01 1.445890e+01 -3.320575e+01
    endloop
  endfacet
  facet normal -9.714064e-01 2.374230e-01 -1.021801e-16
    outer loop
      vertex   -5.236754e+01 1.445890e+01 -3.320575e+01
      vertex   -5.313309e+01 1.132667e+01 -1.820575e+01
      vertex   -5.236754e+01 1.445890e+01 -1.820575e+01
    endloop
  endfacet
  facet normal -9.556100e-01 2.946345e-01 -2.451669e-16
    outer loop
      vertex   -5.236754e+01 1.445890e+01 -3.320575e+01
      vertex   -5.236754e+01 1.445890e+01 -1.820575e+01
      vertex   -5.141751e+01 1.754020e+01 -3.320575e+01
    endloop
  endfacet
  facet normal -9.556100e-01 2.946345e-01 2.075010e-16
    outer loop
      vertex   -5.141751e+01 1.754020e+01 -3.320575e+01
      vertex   -5.236754e+01 1.445890e+01 -1.820575e+01
      vertex   -5.141751e+01 1.754020e+01 -1.820575e+01
    endloop
  endfacet
  facet normal -9.364473e-01 3.508082e-01 5.630053e-17
    outer loop
      vertex   -5.141751e+01 1.754020e+01 -3.320575e+01
      vertex   -5.141751e+01 1.754020e+01 -1.820575e+01
      vertex   -5.028636e+01 2.055970e+01 -3.320575e+01
    endloop
  endfacet
  facet normal -9.364473e-01 3.508082e-01 -2.211139e-16
    outer loop
      vertex   -5.028636e+01 2.055970e+01 -3.320575e+01
      vertex   -5.141751e+01 1.754020e+01 -1.820575e+01
      vertex   -5.028636e+01 2.055970e+01 -1.820575e+01
    endloop
  endfacet
  facet normal -9.139859e-01 4.057460e-01 -3.358490e-16
    outer loop
      vertex   -5.028636e+01 2.055970e+01 -3.320575e+01
      vertex   -5.028636e+01 2.055970e+01 -1.820575e+01
      vertex   -4.897806e+01 2.350678e+01 -3.320575e+01
    endloop
  endfacet
  facet normal -9.139859e-01 4.057460e-01 -9.509824e-17
    outer loop
      vertex   -4.897806e+01 2.350678e+01 -3.320575e+01
      vertex   -5.028636e+01 2.055970e+01 -1.820575e+01
      vertex   -4.897806e+01 2.350678e+01 -1.820575e+01
    endloop
  endfacet
  facet normal -8.883047e-01 4.592545e-01 -2.461620e-16
    outer loop
      vertex   -4.897806e+01 2.350678e+01 -3.320575e+01
      vertex   -4.897806e+01 2.350678e+01 -1.820575e+01
      vertex   -4.749723e+01 2.637105e+01 -3.320575e+01
    endloop
  endfacet
  facet normal -8.883047e-01 4.592545e-01 -1.373887e-16
    outer loop
      vertex   -4.749723e+01 2.637105e+01 -3.320575e+01
      vertex   -4.897806e+01 2.350678e+01 -1.820575e+01
      vertex   -4.749723e+01 2.637105e+01 -1.820575e+01
    endloop
  endfacet
  facet normal -8.594943e-01 5.111453e-01 -2.752951e-16
    outer loop
      vertex   -4.749723e+01 2.637105e+01 -3.320575e+01
      vertex   -4.749723e+01 2.637105e+01 -1.820575e+01
      vertex   -4.584908e+01 2.914243e+01 -3.320575e+01
    endloop
  endfacet
  facet normal -8.594943e-01 5.111453e-01 1.318432e-16
    outer loop
      vertex   -4.584908e+01 2.914243e+01 -3.320575e+01
      vertex   -4.749723e+01 2.637105e+01 -1.820575e+01
      vertex   -4.584908e+01 2.914243e+01 -1.820575e+01
    endloop
  endfacet
  facet normal -8.276562e-01 5.612354e-01 -2.017497e-17
    outer loop
      vertex   -4.584908e+01 2.914243e+01 -3.320575e+01
      vertex   -4.584908e+01 2.914243e+01 -1.820575e+01
      vertex   -4.403942e+01 3.181115e+01 -3.320575e+01
    endloop
  endfacet
  facet normal -8.276562e-01 5.612354e-01 -4.122317e-16
    outer loop
      vertex   -4.403942e+01 3.181115e+01 -3.320575e+01
      vertex   -4.584908e+01 2.914243e+01 -1.820575e+01
      vertex   -4.403942e+01 3.181115e+01 -1.820575e+01
    endloop
  endfacet
  facet normal -7.929025e-01 6.093485e-01 -5.477162e-16
    outer loop
      vertex   -4.403942e+01 3.181115e+01 -3.320575e+01
      vertex   -4.403942e+01 3.181115e+01 -1.820575e+01
      vertex   -4.207462e+01 3.436780e+01 -3.320575e+01
    endloop
  endfacet
  facet normal -7.929025e-01 6.093485e-01 2.608460e-16
    outer loop
      vertex   -4.207462e+01 3.436780e+01 -3.320575e+01
      vertex   -4.403942e+01 3.181115e+01 -1.820575e+01
      vertex   -4.207462e+01 3.436780e+01 -1.820575e+01
    endloop
  endfacet
  facet normal -7.553557e-01 6.553150e-01 1.421664e-16
    outer loop
      vertex   -4.207462e+01 3.436780e+01 -3.320575e+01
      vertex   -4.207462e+01 3.436780e+01 -1.820575e+01
      vertex   -3.996160e+01 3.680339e+01 -3.320575e+01
    endloop
  endfacet
  facet normal -7.553557e-01 6.553150e-01 -1.682531e-16
    outer loop
      vertex   -3.996160e+01 3.680339e+01 -3.320575e+01
      vertex   -4.207462e+01 3.436780e+01 -1.820575e+01
      vertex   -3.996160e+01 3.680339e+01 -1.820575e+01
    endloop
  endfacet
  facet normal -7.151480e-01 6.989731e-01 -3.081142e-16
    outer loop
      vertex   -3.996160e+01 3.680339e+01 -3.320575e+01
      vertex   -3.996160e+01 3.680339e+01 -1.820575e+01
      vertex   -3.770782e+01 3.910933e+01 -3.320575e+01
    endloop
  endfacet
  facet normal -7.151480e-01 6.989731e-01 3.694101e-16
    outer loop
      vertex   -3.770782e+01 3.910933e+01 -3.320575e+01
      vertex   -3.996160e+01 3.680339e+01 -1.820575e+01
      vertex   -3.770782e+01 3.910933e+01 -1.820575e+01
    endloop
  endfacet
  facet normal -6.724211e-01 7.401688e-01 1.901554e-16
    outer loop
      vertex   -3.770782e+01 3.910933e+01 -3.320575e+01
      vertex   -3.770782e+01 3.910933e+01 -1.820575e+01
      vertex   -3.532120e+01 4.127750e+01 -3.320575e+01
    endloop
  endfacet
  facet normal -6.724211e-01 7.401688e-01 -6.418360e-17
    outer loop
      vertex   -3.532120e+01 4.127750e+01 -3.320575e+01
      vertex   -3.770782e+01 3.910933e+01 -1.820575e+01
      vertex   -3.532120e+01 4.127750e+01 -1.820575e+01
    endloop
  endfacet
  facet normal -6.273254e-01 7.787573e-01 -1.434651e-16
    outer loop
      vertex   -3.532120e+01 4.127750e+01 -3.320575e+01
      vertex   -3.532120e+01 4.127750e+01 -1.820575e+01
      vertex   -3.281015e+01 4.330027e+01 -3.320575e+01
    endloop
  endfacet
  facet normal -6.273254e-01 7.787573e-01 -2.151976e-16
    outer loop
      vertex   -3.281015e+01 4.330027e+01 -3.320575e+01
      vertex   -3.532120e+01 4.127750e+01 -1.820575e+01
      vertex   -3.281015e+01 4.330027e+01 -1.820575e+01
    endloop
  endfacet
  facet normal -5.800198e-01 8.146024e-01 -3.333618e-16
    outer loop
      vertex   -3.281015e+01 4.330027e+01 -3.320575e+01
      vertex   -3.281015e+01 4.330027e+01 -1.820575e+01
      vertex   -3.018353e+01 4.517050e+01 -3.320575e+01
    endloop
  endfacet
  facet normal -5.800198e-01 8.146024e-01 0.000000e+00
    outer loop
      vertex   -3.018353e+01 4.517050e+01 -3.320575e+01
      vertex   -3.281015e+01 4.330027e+01 -1.820575e+01
      vertex   -3.018353e+01 4.517050e+01 -1.820575e+01
    endloop
  endfacet
  facet normal -1.492957e-15 1.229561e-14 -1.000000e+00
    outer loop
      vertex   0.000000e+00 -3.400000e+01 -3.920575e+01
      vertex   -7.179470e-01 -3.408718e+01 -3.920575e+01
      vertex   0.000000e+00 -3.284423e+01 -3.920575e+01
    endloop
  endfacet
  facet normal 1.365615e-14 3.545191e-15 -1.000000e+00
    outer loop
      vertex   0.000000e+00 -3.284423e+01 -3.920575e+01
      vertex   -7.179470e-01 -3.408718e+01 -3.920575e+01
      vertex   -1.022442e+00 -3.291425e+01 -3.920575e+01
    endloop
  endfacet
  facet normal 0.000000e+00 -0.000000e+00 -1.000000e+00
    outer loop
      vertex   -1.022442e+00 -3.291425e+01 -3.920575e+01
      vertex   -7.179470e-01 -3.408718e+01 -3.920575e+01
      vertex   -1.394170e+00 -3.434363e+01 -3.920575e+01
    endloop
  endfacet
  facet normal 0.000000e+00 0.000000e+00 -1.000000e+00
    outer loop
      vertex   -1.022442e+00 -3.291425e+01 -3.920575e+01
      vertex   -1.394170e+00 -3.434363e+01 -3.920575e+01
      vertex   -2.025794e+00 -3.312300e+01 -3.920575e+01
    endloop
  endfacet
  facet normal 0.000000e+00 0.000000e+00 -1.000000e+00
    outer loop
      vertex   -2.025794e+00 -3.312300e+01 -3.920575e+01
      vertex   -1.394170e+00 -3.434363e+01 -3.920575e+01
      vertex   -1.989368e+00 -3.475447e+01 -3.920575e+01
    endloop
  endfacet
  facet normal 0.000000e+00 -0.000000e+00 -1.000000e+00
    outer loop
      vertex   -2.025794e+00 -3.312300e+01 -3.920575e+01
      vertex   -1.989368e+00 -3.475447e+01 -3.920575e+01
      vertex   -2.991320e+00 -3.346659e+01 -3.920575e+01
    endloop
  endfacet
  facet normal 0.000000e+00 0.000000e+00 -1.000000e+00
    outer loop
      vertex   -2.991320e+00 -3.346659e+01 -3.920575e+01
      vertex   -1.989368e+00 -3.475447e+01 -3.920575e+01
      vertex   -2.468952e+00 -3.529581e+01 -3.920575e+01
    endloop
  endfacet
  facet normal 0.000000e+00 0.000000e+00 -1.000000e+00
    outer loop
      vertex   -2.991320e+00 -3.346659e+01 -3.920575e+01
      vertex   -2.468952e+00 -3.529581e+01 -3.920575e+01
      vertex   -2.805049e+00 -3.593619e+01 -3.920575e+01
    endloop
  endfacet
  facet normal 0.000000e+00 -0.000000e+00 -1.000000e+00
    outer loop
      vertex   -2.991320e+00 -3.346659e+01 -3.920575e+01
      vertex   -2.805049e+00 -3.593619e+01 -3.920575e+01
      vertex   -3.900992e+00 -3.393859e+01 -3.920575e+01
    endloop
  endfacet
  facet normal 0.000000e+00 0.000000e+00 -1.000000e+00
    outer loop
      vertex   -3.900992e+00 -3.393859e+01 -3.920575e+01
      vertex   -2.805049e+00 -3.593619e+01 -3.920575e+01
      vertex   -2.978127e+00 -3.663839e+01 -3.920575e+01
    endloop
  endfacet
  facet normal 0.000000e+00 -0.000000e+00 -1.000000e+00
    outer loop
      vertex   -3.900992e+00 -3.393859e+01 -3.920575e+01
      vertex   -2.978127e+00 -3.663839e+01 -3.920575e+01
      vertex   -4.737826e+00 -3.453020e+01 -3.920575e+01
    endloop
  endfacet
  facet normal 0.000000e+00 0.000000e+00 -1.000000e+00
    outer loop
      vertex   -4.737826e+00 -3.453020e+01 -3.920575e+01
      vertex   -2.978127e+00 -3.663839e+01 -3.920575e+01
      vertex   -2.978127e+00 -3.736161e+01 -3.920575e+01
    endloop
  endfacet
  facet normal -1.801095e-14 -1.119366e-14 -1.000000e+00
    outer loop
      vertex   -4.737826e+00 -3.453020e+01 -3.920575e+01
      vertex   -2.978127e+00 -3.736161e+01 -3.920575e+01
      vertex   -5.486196e+00 -3.523037e+01 -3.920575e+01
    endloop
  endfacet
  facet normal -1.075079e-14 -2.649831e-15 -1.000000e+00
    outer loop
      vertex   -5.486196e+00 -3.523037e+01 -3.920575e+01
      vertex   -2.978127e+00 -3.736161e+01 -3.920575e+01
      vertex   -2.805049e+00 -3.806382e+01 -3.920575e+01
    endloop
  endfacet
  facet normal -2.415511e-15 5.237411e-15 -1.000000e+00
    outer loop
      vertex   -5.486196e+00 -3.523037e+01 -3.920575e+01
      vertex   -2.805049e+00 -3.806382e+01 -3.920575e+01
      vertex   -4.674752e+00 -4.842280e+01 -3.920575e+01
    endloop
  endfacet
  facet normal 6.807344e-15 3.572770e-15 -1.000000e+00
    outer loop
      vertex   -4.674752e+00 -4.842280e+01 -3.920575e+01
      vertex   -2.805049e+00 -3.806382e+01 -3.920575e+01
      vertex   -2.468952e+00 -3.870419e+01 -3.920575e+01
    endloop
  endfacet
  facet normal 3.640792e-16 5.035176e-15 -1.000000e+00
    outer loop
      vertex   -4.674752e+00 -4.842280e+01 -3.920575e+01
      vertex   -2.468952e+00 -3.870419e+01 -3.920575e+01
      vertex   -2.340085e+00 -4.859162e+01 -3.920575e+01
    endloop
  endfacet
  facet normal -9.274081e-15 4.909557e-15 -1.000000e+00
    outer loop
      vertex   -2.340085e+00 -4.859162e+01 -3.920575e+01
      vertex   -2.468952e+00 -3.870419e+01 -3.920575e+01
      vertex   -1.989368e+00 -3.924553e+01 -3.920575e+01
    endloop
  endfacet
  facet normal 3.069110e-15 4.446373e-15 -1.000000e+00
    outer loop
      vertex   -2.340085e+00 -4.859162e+01 -3.920575e+01
      vertex   -1.989368e+00 -3.924553e+01 -3.920575e+01
      vertex   -1.394170e+00 -3.965637e+01 -3.920575e+01
    endloop
  endfacet
  facet normal 1.739662e-15 4.587112e-15 -1.000000e+00
    outer loop
      vertex   -1.394170e+00 -3.965637e+01 -3.920575e+01
      vertex   -7.179470e-01 -3.991283e+01 -3.920575e+01
      vertex   -2.340085e+00 -4.859162e+01 -3.920575e+01
    endloop
  endfacet
  facet normal 3.140486e-15 4.325287e-15 -1.000000e+00
    outer loop
      vertex   -2.340085e+00 -4.859162e+01 -3.920575e+01
      vertex   -7.179470e-01 -3.991283e+01 -3.920575e+01
      vertex   0.000000e+00 -4.864793e+01 -3.920575e+01
    endloop
  endfacet
  facet normal 4.988216e-16 4.108166e-15 -1.000000e+00
    outer loop
      vertex   0.000000e+00 -4.864793e+01 -3.920575e+01
      vertex   -7.179470e-01 -3.991283e+01 -3.920575e+01
      vertex   0.000000e+00 -4.000000e+01 -3.920575e+01
    endloop
  endfacet
  facet normal -1.788891e-14 3.778779e-15 -1.000000e+00
    outer loop
      vertex   -6.998596e+00 -4.814188e+01 -3.920575e+01
      vertex   -6.998596e+00 -3.685978e+01 -3.920575e+01
      vertex   -4.674752e+00 -4.842280e+01 -3.920575e+01
    endloop
  endfacet
  facet normal -1.425435e-14 4.509224e-15 -1.000000e+00
    outer loop
      vertex   -4.674752e+00 -4.842280e+01 -3.920575e+01
      vertex   -6.998596e+00 -3.685978e+01 -3.920575e+01
      vertex   -5.486196e+00 -3.523037e+01 -3.920575e+01
    endloop
  endfacet
  facet normal 1.328948e-11 -1.234379e-11 -1.000000e+00
    outer loop
      vertex   -6.998596e+00 -3.685978e+01 -3.920575e+01
      vertex   -6.998548e+00 -3.685743e+01 -3.920575e+01
      vertex   -5.486196e+00 -3.523037e+01 -3.920575e+01
    endloop
  endfacet
  facet normal 9.608860e-15 -1.973622e-16 -1.000000e+00
    outer loop
      vertex   -5.486196e+00 -3.523037e+01 -3.920575e+01
      vertex   -6.998548e+00 -3.685743e+01 -3.920575e+01
      vertex   -6.998500e+00 -3.685508e+01 -3.920575e+01
    endloop
  endfacet
  facet normal 3.327277e-12 -3.088328e-12 -1.000000e+00
    outer loop
      vertex   -5.486196e+00 -3.523037e+01 -3.920575e+01
      vertex   -6.998500e+00 -3.685508e+01 -3.920575e+01
      vertex   -6.998450e+00 -3.685272e+01 -3.920575e+01
    endloop
  endfacet
  facet normal -2.098880e-02 -7.069510e-01 -7.069510e-01
    outer loop
      vertex   0.000000e+00 -5.432697e+01 -3.320575e+01
      vertex   -3.223006e+00 -5.423128e+01 -3.320575e+01
      vertex   0.000000e+00 -4.932697e+01 -3.820575e+01
    endloop
  endfacet
  facet normal -2.162134e-02 -7.067355e-01 -7.071474e-01
    outer loop
      vertex   0.000000e+00 -4.932697e+01 -3.820575e+01
      vertex   -3.223006e+00 -5.423128e+01 -3.320575e+01
      vertex   -3.015322e+00 -4.923472e+01 -3.820575e+01
    endloop
  endfacet
  facet normal -6.290859e-02 -7.046413e-01 -7.067695e-01
    outer loop
      vertex   -3.015322e+00 -4.923472e+01 -3.820575e+01
      vertex   -3.223006e+00 -5.423128e+01 -3.320575e+01
      vertex   -6.434658e+00 -5.394455e+01 -3.320575e+01
    endloop
  endfacet
  facet normal -6.476543e-02 -7.038996e-01 -7.073407e-01
    outer loop
      vertex   -3.015322e+00 -4.923472e+01 -3.820575e+01
      vertex   -6.434658e+00 -5.394455e+01 -3.320575e+01
      vertex   -6.019367e+00 -4.895832e+01 -3.820575e+01
    endloop
  endfacet
  facet normal -1.046265e-01 -6.998362e-01 -7.065993e-01
    outer loop
      vertex   -6.019367e+00 -4.895832e+01 -3.820575e+01
      vertex   -6.434658e+00 -5.394455e+01 -3.320575e+01
      vertex   -9.623643e+00 -5.346779e+01 -3.320575e+01
    endloop
  endfacet
  facet normal -1.076456e-01 -6.984454e-01 -7.075213e-01
    outer loop
      vertex   -6.019367e+00 -4.895832e+01 -3.820575e+01
      vertex   -9.623643e+00 -5.346779e+01 -3.320575e+01
      vertex   -9.000897e+00 -4.849880e+01 -3.820575e+01
    endloop
  endfacet
  facet normal -1.459935e-01 -6.925517e-01 -7.064404e-01
    outer loop
      vertex   -9.000897e+00 -4.849880e+01 -3.820575e+01
      vertex   -9.623643e+00 -5.346779e+01 -3.320575e+01
      vertex   -1.277873e+01 -5.280268e+01 -3.320575e+01
    endloop
  endfacet
  facet normal -1.501041e-01 -6.903945e-01 -7.076893e-01
    outer loop
      vertex   -9.000897e+00 -4.849880e+01 -3.820575e+01
      vertex   -1.277873e+01 -5.280268e+01 -3.320575e+01
      vertex   -1.194876e+01 -4.785788e+01 -3.820575e+01
    endloop
  endfacet
  facet normal -1.868616e-01 -6.828128e-01 -7.062927e-01
    outer loop
      vertex   -1.194876e+01 -4.785788e+01 -3.820575e+01
      vertex   -1.277873e+01 -5.280268e+01 -3.320575e+01
      vertex   -1.588879e+01 -5.195157e+01 -3.320575e+01
    endloop
  endfacet
  facet normal -1.919844e-01 -6.797778e-01 -7.078447e-01
    outer loop
      vertex   -1.194876e+01 -4.785788e+01 -3.820575e+01
      vertex   -1.588879e+01 -5.195157e+01 -3.320575e+01
      vertex   -1.485193e+01 -4.703796e+01 -3.820575e+01
    endloop
  endfacet
  facet normal -2.270847e-01 -6.706531e-01 -7.061564e-01
    outer loop
      vertex   -1.485193e+01 -4.703796e+01 -3.820575e+01
      vertex   -1.588879e+01 -5.195157e+01 -3.320575e+01
      vertex   -1.894289e+01 -5.091744e+01 -3.320575e+01
    endloop
  endfacet
  facet normal -2.331324e-01 -6.666356e-01 -7.079875e-01
    outer loop
      vertex   -1.485193e+01 -4.703796e+01 -3.820575e+01
      vertex   -1.894289e+01 -5.091744e+01 -3.320575e+01
      vertex   -1.769956e+01 -4.604210e+01 -3.820575e+01
    endloop
  endfacet
  facet normal -2.665188e-01 -6.561152e-01 -7.060315e-01
    outer loop
      vertex   -1.769956e+01 -4.604210e+01 -3.820575e+01
      vertex   -1.894289e+01 -5.091744e+01 -3.320575e+01
      vertex   -2.193026e+01 -4.970395e+01 -3.320575e+01
    endloop
  endfacet
  facet normal -2.733968e-01 -6.510173e-01 -7.081177e-01
    outer loop
      vertex   -1.769956e+01 -4.604210e+01 -3.820575e+01
      vertex   -2.193026e+01 -4.970395e+01 -3.320575e+01
      vertex   -2.048098e+01 -4.487404e+01 -3.820575e+01
    endloop
  endfacet
  facet normal -3.050229e-01 -6.392503e-01 -7.059179e-01
    outer loop
      vertex   -2.048098e+01 -4.487404e+01 -3.820575e+01
      vertex   -2.193026e+01 -4.970395e+01 -3.320575e+01
      vertex   -2.484037e+01 -4.831537e+01 -3.320575e+01
    endloop
  endfacet
  facet normal -3.126295e-01 -6.329814e-01 -7.082354e-01
    outer loop
      vertex   -2.048098e+01 -4.487404e+01 -3.820575e+01
      vertex   -2.484037e+01 -4.831537e+01 -3.320575e+01
      vertex   -2.318579e+01 -4.353813e+01 -3.820575e+01
    endloop
  endfacet
  facet normal -3.424591e-01 -6.201176e-01 -7.058158e-01
    outer loop
      vertex   -2.318579e+01 -4.353813e+01 -3.820575e+01
      vertex   -2.484037e+01 -4.831537e+01 -3.320575e+01
      vertex   -2.766298e+01 -4.675659e+01 -3.320575e+01
    endloop
  endfacet
  facet normal -3.506861e-01 -6.125953e-01 -7.083405e-01
    outer loop
      vertex   -2.318579e+01 -4.353813e+01 -3.820575e+01
      vertex   -2.766298e+01 -4.675659e+01 -3.320575e+01
      vertex   -2.580389e+01 -4.203938e+01 -3.820575e+01
    endloop
  endfacet
  facet normal -3.786934e-01 -5.987851e-01 -7.057250e-01
    outer loop
      vertex   -2.580389e+01 -4.203938e+01 -3.820575e+01
      vertex   -2.766298e+01 -4.675659e+01 -3.320575e+01
      vertex   -3.038814e+01 -4.503310e+01 -3.320575e+01
    endloop
  endfacet
  facet normal -3.874268e-01 -5.899347e-01 -7.084331e-01
    outer loop
      vertex   -2.580389e+01 -4.203938e+01 -3.820575e+01
      vertex   -3.038814e+01 -4.503310e+01 -3.320575e+01
      vertex   -2.832547e+01 -4.038338e+01 -3.820575e+01
    endloop
  endfacet
  facet normal -4.135961e-01 -5.753282e-01 -7.056456e-01
    outer loop
      vertex   -2.832547e+01 -4.038338e+01 -3.820575e+01
      vertex   -3.038814e+01 -4.503310e+01 -3.320575e+01
      vertex   -3.300626e+01 -4.315097e+01 -3.320575e+01
    endloop
  endfacet
  facet normal -4.227163e-01 -5.650839e-01 -7.085133e-01
    outer loop
      vertex   -2.832547e+01 -4.038338e+01 -3.820575e+01
      vertex   -3.300626e+01 -4.315097e+01 -3.320575e+01
      vertex   -3.074110e+01 -3.857634e+01 -3.820575e+01
    endloop
  endfacet
  facet normal -4.470422e-01 -5.498303e-01 -7.055777e-01
    outer loop
      vertex   -3.074110e+01 -3.857634e+01 -3.820575e+01
      vertex   -3.300626e+01 -4.315097e+01 -3.320575e+01
      vertex   -3.550810e+01 -4.111684e+01 -3.320575e+01
    endloop
  endfacet
  facet normal -4.564250e-01 -5.381350e-01 -7.085809e-01
    outer loop
      vertex   -3.074110e+01 -3.857634e+01 -3.820575e+01
      vertex   -3.550810e+01 -4.111684e+01 -3.320575e+01
      vertex   -3.304176e+01 -3.662502e+01 -3.820575e+01
    endloop
  endfacet
  facet normal -4.789121e-01 -5.223820e-01 -7.055212e-01
    outer loop
      vertex   -3.304176e+01 -3.662502e+01 -3.820575e+01
      vertex   -3.550810e+01 -4.111684e+01 -3.320575e+01
      vertex   -3.788486e+01 -3.893786e+01 -3.320575e+01
    endloop
  endfacet
  facet normal -4.884289e-01 -5.091876e-01 -7.086361e-01
    outer loop
      vertex   -3.304176e+01 -3.662502e+01 -3.820575e+01
      vertex   -3.788486e+01 -3.893786e+01 -3.320575e+01
      vertex   -3.521882e+01 -3.453671e+01 -3.820575e+01
    endloop
  endfacet
  facet normal -5.090916e-01 -4.930812e-01 -7.054762e-01
    outer loop
      vertex   -3.521882e+01 -3.453671e+01 -3.820575e+01
      vertex   -3.788486e+01 -3.893786e+01 -3.320575e+01
      vertex   -4.012816e+01 -3.662172e+01 -3.320575e+01
    endloop
  endfacet
  facet normal -5.186102e-01 -4.783490e-01 -7.086788e-01
    outer loop
      vertex   -3.521882e+01 -3.453671e+01 -3.820575e+01
      vertex   -4.012816e+01 -3.662172e+01 -3.320575e+01
      vertex   -3.726416e+01 -3.231922e+01 -3.820575e+01
    endloop
  endfacet
  facet normal -5.374729e-01 -4.620321e-01 -7.054426e-01
    outer loop
      vertex   -3.726416e+01 -3.231922e+01 -3.820575e+01
      vertex   -4.012816e+01 -3.662172e+01 -3.320575e+01
      vertex   -4.223010e+01 -3.417657e+01 -3.320575e+01
    endloop
  endfacet
  facet normal -5.468579e-01 -4.457329e-01 -7.087091e-01
    outer loop
      vertex   -3.726416e+01 -3.231922e+01 -3.820575e+01
      vertex   -4.223010e+01 -3.417657e+01 -3.320575e+01
      vertex   -3.917013e+01 -2.998084e+01 -3.820575e+01
    endloop
  endfacet
  facet normal -5.639543e-01 -4.293454e-01 -7.054205e-01
    outer loop
      vertex   -3.917013e+01 -2.998084e+01 -3.820575e+01
      vertex   -4.223010e+01 -3.417657e+01 -3.320575e+01
      vertex   -4.418328e+01 -3.161102e+01 -3.320575e+01
    endloop
  endfacet
  facet normal -5.730680e-01 -4.114599e-01 -7.087269e-01
    outer loop
      vertex   -3.917013e+01 -2.998084e+01 -3.820575e+01
      vertex   -4.418328e+01 -3.161102e+01 -3.320575e+01
      vertex   -4.092958e+01 -2.753033e+01 -3.820575e+01
    endloop
  endfacet
  facet normal -5.884411e-01 -3.951379e-01 -7.054098e-01
    outer loop
      vertex   -4.092958e+01 -2.753033e+01 -3.820575e+01
      vertex   -4.418328e+01 -3.161102e+01 -3.320575e+01
      vertex   -4.598082e+01 -2.893412e+01 -3.320575e+01
    endloop
  endfacet
  facet normal -5.971440e-01 -3.756563e-01 -7.087322e-01
    outer loop
      vertex   -4.092958e+01 -2.753033e+01 -3.820575e+01
      vertex   -4.598082e+01 -2.893412e+01 -3.320575e+01
      vertex   -4.253594e+01 -2.497685e+01 -3.820575e+01
    endloop
  endfacet
  facet normal -6.108460e-01 -3.595316e-01 -7.054106e-01
    outer loop
      vertex   -4.253594e+01 -2.497685e+01 -3.820575e+01
      vertex   -4.598082e+01 -2.893412e+01 -3.320575e+01
      vertex   -4.761638e+01 -2.615530e+01 -3.320575e+01
    endloop
  endfacet
  facet normal -6.189971e-01 -3.384542e-01 -7.087251e-01
    outer loop
      vertex   -4.253594e+01 -2.497685e+01 -3.820575e+01
      vertex   -4.761638e+01 -2.615530e+01 -3.320575e+01
      vertex   -4.398321e+01 -2.232995e+01 -3.820575e+01
    endloop
  endfacet
  facet normal -6.310888e-01 -3.226537e-01 -7.054229e-01
    outer loop
      vertex   -4.398321e+01 -2.232995e+01 -3.820575e+01
      vertex   -4.761638e+01 -2.615530e+01 -3.320575e+01
      vertex   -4.908420e+01 -2.328434e+01 -3.320575e+01
    endloop
  endfacet
  facet normal -6.385467e-01 -2.999907e-01 -7.087056e-01
    outer loop
      vertex   -4.398321e+01 -2.232995e+01 -3.820575e+01
      vertex   -4.908420e+01 -2.328434e+01 -3.320575e+01
      vertex   -4.526597e+01 -1.959952e+01 -3.820575e+01
    endloop
  endfacet
  facet normal -6.490974e-01 -2.846359e-01 -7.054466e-01
    outer loop
      vertex   -4.526597e+01 -1.959952e+01 -3.820575e+01
      vertex   -4.908420e+01 -2.328434e+01 -3.320575e+01
      vertex   -5.037912e+01 -2.033135e+01 -3.320575e+01
    endloop
  endfacet
  facet normal -6.557207e-01 -2.604077e-01 -7.086736e-01
    outer loop
      vertex   -4.526597e+01 -1.959952e+01 -3.820575e+01
      vertex   -5.037912e+01 -2.033135e+01 -3.320575e+01
      vertex   -4.637942e+01 -1.679579e+01 -3.820575e+01
    endloop
  endfacet
  facet normal -6.648076e-01 -2.456140e-01 -7.054818e-01
    outer loop
      vertex   -4.637942e+01 -1.679579e+01 -3.820575e+01
      vertex   -5.037912e+01 -2.033135e+01 -3.320575e+01
      vertex   -5.149656e+01 -1.730675e+01 -3.320575e+01
    endloop
  endfacet
  facet normal -6.704554e-01 -2.198508e-01 -7.086291e-01
    outer loop
      vertex   -4.637942e+01 -1.679579e+01 -3.820575e+01
      vertex   -5.149656e+01 -1.730675e+01 -3.320575e+01
      vertex   -4.731940e+01 -1.392924e+01 -3.820575e+01
    endloop
  endfacet
  facet normal -6.781635e-01 -2.057275e-01 -7.055285e-01
    outer loop
      vertex   -4.731940e+01 -1.392924e+01 -3.820575e+01
      vertex   -5.149656e+01 -1.730675e+01 -3.320575e+01
      vertex   -5.243260e+01 -1.422118e+01 -3.320575e+01
    endloop
  endfacet
  facet normal -6.826961e-01 -1.784697e-01 -7.085722e-01
    outer loop
      vertex   -4.731940e+01 -1.392924e+01 -3.820575e+01
      vertex   -5.243260e+01 -1.422118e+01 -3.320575e+01
      vertex   -4.808239e+01 -1.101059e+01 -3.820575e+01
    endloop
  endfacet
  facet normal -6.891178e-01 -1.651189e-01 -7.055866e-01
    outer loop
      vertex   -4.808239e+01 -1.101059e+01 -3.820575e+01
      vertex   -5.243260e+01 -1.422118e+01 -3.320575e+01
      vertex   -5.318393e+01 -1.108551e+01 -3.320575e+01
    endloop
  endfacet
  facet normal -6.923975e-01 -1.364166e-01 -7.085028e-01
    outer loop
      vertex   -4.808239e+01 -1.101059e+01 -3.820575e+01
      vertex   -5.318393e+01 -1.108551e+01 -3.320575e+01
      vertex   -4.866554e+01 -8.050756e+00 -3.820575e+01
    endloop
  endfacet
  facet normal -6.976317e-01 -1.239333e-01 -7.056561e-01
    outer loop
      vertex   -4.866554e+01 -8.050756e+00 -3.820575e+01
      vertex   -5.318393e+01 -1.108551e+01 -3.320575e+01
      vertex   -5.374792e+01 -7.910788e+00 -3.320575e+01
    endloop
  endfacet
  facet normal -6.995231e-01 -9.384669e-02 -7.084209e-01
    outer loop
      vertex   -4.866554e+01 -8.050756e+00 -3.820575e+01
      vertex   -5.374792e+01 -7.910788e+00 -3.320575e+01
      vertex   -4.906667e+01 -5.060810e+00 -3.820575e+01
    endloop
  endfacet
  facet normal -7.036753e-01 -8.231790e-02 -7.057370e-01
    outer loop
      vertex   -4.906667e+01 -5.060810e+00 -3.820575e+01
      vertex   -5.374792e+01 -7.910788e+00 -3.320575e+01
      vertex   -5.412257e+01 -4.708202e+00 -3.320575e+01
    endloop
  endfacet
  facet normal -7.040462e-01 -5.091666e-02 -7.083265e-01
    outer loop
      vertex   -4.906667e+01 -5.060810e+00 -3.820575e+01
      vertex   -5.412257e+01 -4.708202e+00 -3.320575e+01
      vertex   -4.928427e+01 -2.051935e+00 -3.820575e+01
    endloop
  endfacet
  facet normal -7.072277e-01 -4.042136e-02 -7.058294e-01
    outer loop
      vertex   -4.928427e+01 -2.051935e+00 -3.820575e+01
      vertex   -5.412257e+01 -4.708202e+00 -3.320575e+01
      vertex   -5.430656e+01 -1.489029e+00 -3.320575e+01
    endloop
  endfacet
  facet normal -7.059493e-01 -7.784780e-03 -7.082196e-01
    outer loop
      vertex   -4.928427e+01 -2.051935e+00 -3.820575e+01
      vertex   -5.430656e+01 -1.489029e+00 -3.320575e+01
      vertex   -4.931753e+01 9.646145e-01 -3.820575e+01
    endloop
  endfacet
  facet normal -7.082766e-01 1.606639e-03 -7.059332e-01
    outer loop
      vertex   -4.931753e+01 9.646145e-01 -3.820575e+01
      vertex   -5.430656e+01 -1.489029e+00 -3.320575e+01
      vertex   -5.429924e+01 1.735388e+00 -3.320575e+01
    endloop
  endfacet
  facet normal -7.052246e-01 3.538996e-02 -7.081002e-01
    outer loop
      vertex   -4.931753e+01 9.646145e-01 -3.820575e+01
      vertex   -5.429924e+01 1.735388e+00 -3.320575e+01
      vertex   -4.916634e+01 3.977556e+00 -3.820575e+01
    endloop
  endfacet
  facet normal -7.068192e-01 4.361601e-02 -7.060483e-01
    outer loop
      vertex   -4.916634e+01 3.977556e+00 -3.820575e+01
      vertex   -5.429924e+01 1.735388e+00 -3.320575e+01
      vertex   -5.410065e+01 4.953693e+00 -3.320575e+01
    endloop
  endfacet
  facet normal -7.018738e-01 7.844835e-02 -7.079682e-01
    outer loop
      vertex   -4.916634e+01 3.977556e+00 -3.820575e+01
      vertex   -5.410065e+01 4.953693e+00 -3.320575e+01
      vertex   -4.883124e+01 6.975621e+00 -3.820575e+01
    endloop
  endfacet
  facet normal -7.028614e-01 8.545677e-02 -7.061749e-01
    outer loop
      vertex   -4.883124e+01 6.975621e+00 -3.820575e+01
      vertex   -5.410065e+01 4.953693e+00 -3.320575e+01
      vertex   -5.371148e+01 8.154547e+00 -3.320575e+01
    endloop
  endfacet
  facet normal -6.959085e-01 1.212316e-01 -7.078236e-01
    outer loop
      vertex   -4.883124e+01 6.975621e+00 -3.820575e+01
      vertex   -5.371148e+01 8.154547e+00 -3.320575e+01
      vertex   -4.831351e+01 9.947595e+00 -3.820575e+01
    endloop
  endfacet
  facet normal -6.964183e-01 1.269796e-01 -7.063128e-01
    outer loop
      vertex   -4.831351e+01 9.947595e+00 -3.820575e+01
      vertex   -5.371148e+01 8.154547e+00 -3.320575e+01
      vertex   -5.313309e+01 1.132667e+01 -3.320575e+01
    endloop
  endfacet
  facet normal -6.873494e-01 1.635817e-01 -7.076665e-01
    outer loop
      vertex   -4.831351e+01 9.947595e+00 -3.820575e+01
      vertex   -5.313309e+01 1.132667e+01 -3.320575e+01
      vertex   -4.761506e+01 1.288236e+01 -3.820575e+01
    endloop
  endfacet
  facet normal -6.875138e-01 1.680363e-01 -7.064620e-01
    outer loop
      vertex   -4.761506e+01 1.288236e+01 -3.820575e+01
      vertex   -5.313309e+01 1.132667e+01 -3.320575e+01
      vertex   -5.236754e+01 1.445890e+01 -3.320575e+01
    endloop
  endfacet
  facet normal -6.762270e-01 2.053423e-01 -7.074967e-01
    outer loop
      vertex   -4.761506e+01 1.288236e+01 -3.820575e+01
      vertex   -5.236754e+01 1.445890e+01 -3.320575e+01
      vertex   -4.673853e+01 1.576895e+01 -3.820575e+01
    endloop
  endfacet
  facet normal -6.761808e-01 2.084807e-01 -7.066225e-01
    outer loop
      vertex   -4.673853e+01 1.576895e+01 -3.820575e+01
      vertex   -5.236754e+01 1.445890e+01 -3.320575e+01
      vertex   -5.141751e+01 1.754020e+01 -3.320575e+01
    endloop
  endfacet
  facet normal -6.625810e-01 2.463592e-01 -7.073143e-01
    outer loop
      vertex   -4.673853e+01 1.576895e+01 -3.820575e+01
      vertex   -5.141751e+01 1.754020e+01 -3.320575e+01
      vertex   -4.568718e+01 1.859655e+01 -3.820575e+01
    endloop
  endfacet
  facet normal -6.624608e-01 2.481684e-01 -7.067943e-01
    outer loop
      vertex   -4.568718e+01 1.859655e+01 -3.820575e+01
      vertex   -5.141751e+01 1.754020e+01 -3.320575e+01
      vertex   -5.028636e+01 2.055970e+01 -3.320575e+01
    endloop
  endfacet
  facet normal -6.464605e-01 2.864806e-01 -7.071193e-01
    outer loop
      vertex   -4.568718e+01 1.859655e+01 -3.820575e+01
      vertex   -5.028636e+01 2.055970e+01 -3.320575e+01
      vertex   -4.446494e+01 2.135459e+01 -3.820575e+01
    endloop
  endfacet
  facet normal -6.464039e-01 2.869583e-01 -7.069774e-01
    outer loop
      vertex   -4.446494e+01 2.135459e+01 -3.820575e+01
      vertex   -5.028636e+01 2.055970e+01 -3.320575e+01
      vertex   -4.897806e+01 2.350678e+01 -3.320575e+01
    endloop
  endfacet
  facet normal -6.282878e-01 3.248255e-01 -7.069249e-01
    outer loop
      vertex   -4.446494e+01 2.135459e+01 -3.820575e+01
      vertex   -4.897806e+01 2.350678e+01 -3.320575e+01
      vertex   -4.749723e+01 2.637105e+01 -3.320575e+01
    endloop
  endfacet
  facet normal -6.276895e-01 3.254368e-01 -7.071753e-01
    outer loop
      vertex   -4.446494e+01 2.135459e+01 -3.820575e+01
      vertex   -4.749723e+01 2.637105e+01 -3.320575e+01
      vertex   -4.307639e+01 2.403277e+01 -3.820575e+01
    endloop
  endfacet
  facet normal -6.080651e-01 3.616191e-01 -7.067450e-01
    outer loop
      vertex   -4.307639e+01 2.403277e+01 -3.820575e+01
      vertex   -4.749723e+01 2.637105e+01 -3.320575e+01
      vertex   -4.584908e+01 2.914243e+01 -3.320575e+01
    endloop
  endfacet
  facet normal -6.064575e-01 3.631000e-01 -7.073668e-01
    outer loop
      vertex   -4.307639e+01 2.403277e+01 -3.820575e+01
      vertex   -4.584908e+01 2.914243e+01 -3.320575e+01
      vertex   -4.152673e+01 2.662105e+01 -3.820575e+01
    endloop
  endfacet
  facet normal -5.856800e-01 3.971508e-01 -7.065763e-01
    outer loop
      vertex   -4.152673e+01 2.662105e+01 -3.820575e+01
      vertex   -4.584908e+01 2.914243e+01 -3.320575e+01
      vertex   -4.403942e+01 3.181115e+01 -3.320575e+01
    endloop
  endfacet
  facet normal -5.829796e-01 3.993920e-01 -7.075456e-01
    outer loop
      vertex   -4.152673e+01 2.662105e+01 -3.820575e+01
      vertex   -4.403942e+01 3.181115e+01 -3.320575e+01
      vertex   -3.982174e+01 2.910977e+01 -3.820575e+01
    endloop
  endfacet
  facet normal -5.612116e-01 4.312931e-01 -7.064190e-01
    outer loop
      vertex   -3.982174e+01 2.910977e+01 -3.820575e+01
      vertex   -4.403942e+01 3.181115e+01 -3.320575e+01
      vertex   -4.207462e+01 3.436780e+01 -3.320575e+01
    endloop
  endfacet
  facet normal -5.573434e-01 4.341799e-01 -7.077119e-01
    outer loop
      vertex   -3.982174e+01 2.910977e+01 -3.820575e+01
      vertex   -4.207462e+01 3.436780e+01 -3.320575e+01
      vertex   -3.796781e+01 3.148960e+01 -3.820575e+01
    endloop
  endfacet
  facet normal -5.347463e-01 4.639235e-01 -7.062729e-01
    outer loop
      vertex   -3.796781e+01 3.148960e+01 -3.820575e+01
      vertex   -4.207462e+01 3.436780e+01 -3.320575e+01
      vertex   -3.996160e+01 3.680339e+01 -3.320575e+01
    endloop
  endfacet
  facet normal -5.296446e-01 4.673361e-01 -7.078655e-01
    outer loop
      vertex   -3.796781e+01 3.148960e+01 -3.820575e+01
      vertex   -3.996160e+01 3.680339e+01 -3.320575e+01
      vertex   -3.597187e+01 3.375166e+01 -3.820575e+01
    endloop
  endfacet
  facet normal -5.063777e-01 4.949246e-01 -7.061382e-01
    outer loop
      vertex   -3.597187e+01 3.375166e+01 -3.820575e+01
      vertex   -3.996160e+01 3.680339e+01 -3.320575e+01
      vertex   -3.770782e+01 3.910933e+01 -3.320575e+01
    endloop
  endfacet
  facet normal -4.999861e-01 4.987391e-01 -7.080065e-01
    outer loop
      vertex   -3.597187e+01 3.375166e+01 -3.820575e+01
      vertex   -3.770782e+01 3.910933e+01 -3.320575e+01
      vertex   -3.384138e+01 3.588747e+01 -3.820575e+01
    endloop
  endfacet
  facet normal -4.762066e-01 5.241853e-01 -7.060149e-01
    outer loop
      vertex   -3.384138e+01 3.588747e+01 -3.820575e+01
      vertex   -3.770782e+01 3.910933e+01 -3.320575e+01
      vertex   -3.532120e+01 4.127750e+01 -3.320575e+01
    endloop
  endfacet
  facet normal -4.684780e-01 5.282738e-01 -7.081349e-01
    outer loop
      vertex   -3.384138e+01 3.588747e+01 -3.820575e+01
      vertex   -3.532120e+01 4.127750e+01 -3.320575e+01
      vertex   -3.158431e+01 3.788906e+01 -3.820575e+01
    endloop
  endfacet
  facet normal -4.443400e-01 5.516005e-01 -7.059029e-01
    outer loop
      vertex   -3.158431e+01 3.788906e+01 -3.820575e+01
      vertex   -3.532120e+01 4.127750e+01 -3.320575e+01
      vertex   -3.281015e+01 4.330027e+01 -3.320575e+01
    endloop
  endfacet
  facet normal -4.352372e-01 5.558321e-01 -7.082509e-01
    outer loop
      vertex   -3.158431e+01 3.788906e+01 -3.820575e+01
      vertex   -3.281015e+01 4.330027e+01 -3.320575e+01
      vertex   -2.920912e+01 3.974893e+01 -3.820575e+01
    endloop
  endfacet
  facet normal -4.108912e-01 5.770715e-01 -7.058023e-01
    outer loop
      vertex   -2.920912e+01 3.974893e+01 -3.820575e+01
      vertex   -3.281015e+01 4.330027e+01 -3.320575e+01
      vertex   -3.018353e+01 4.517050e+01 -3.320575e+01
    endloop
  endfacet
  facet normal -4.003868e-01 5.813129e-01 -7.083543e-01
    outer loop
      vertex   -2.920912e+01 3.974893e+01 -3.820575e+01
      vertex   -3.018353e+01 4.517050e+01 -3.320575e+01
      vertex   -2.672467e+01 4.146012e+01 -3.820575e+01
    endloop
  endfacet
  facet normal -3.846612e-01 5.937790e-01 -7.067265e-01
    outer loop
      vertex   -2.672467e+01 4.146012e+01 -3.820575e+01
      vertex   -3.018353e+01 4.517050e+01 -3.320575e+01
      vertex   -2.843822e+01 4.517050e+01 -3.415570e+01
    endloop
  endfacet
  facet normal -3.764240e-01 5.982804e-01 -7.073652e-01
    outer loop
      vertex   -2.672467e+01 4.146012e+01 -3.820575e+01
      vertex   -2.843822e+01 4.517050e+01 -3.415570e+01
      vertex   -2.672467e+01 4.328687e+01 -3.666071e+01
    endloop
  endfacet
  facet normal -3.680954e-01 6.045715e-01 -7.063987e-01
    outer loop
      vertex   -2.672467e+01 4.328687e+01 -3.666071e+01
      vertex   -2.843822e+01 4.517050e+01 -3.415570e+01
      vertex   -2.672467e+01 4.517050e+01 -3.504861e+01
    endloop
  endfacet
  facet normal -2.356440e-15 0.000000e+00 -1.000000e+00
    outer loop
      vertex   0.000000e+00 -4.932697e+01 -3.820575e+01
      vertex   -3.015322e+00 -4.923472e+01 -3.820575e+01
      vertex   0.000000e+00 -4.864793e+01 -3.820575e+01
    endloop
  endfacet
  facet normal -2.342899e-15 -6.958540e-17 -1.000000e+00
    outer loop
      vertex   0.000000e+00 -4.864793e+01 -3.820575e+01
      vertex   -3.015322e+00 -4.923472e+01 -3.820575e+01
      vertex   -3.035566e+00 -4.855313e+01 -3.820575e+01
    endloop
  endfacet
  facet normal 0.000000e+00 -0.000000e+00 -1.000000e+00
    outer loop
      vertex   -3.035566e+00 -4.855313e+01 -3.820575e+01
      vertex   -3.015322e+00 -4.923472e+01 -3.820575e+01
      vertex   -6.019367e+00 -4.895832e+01 -3.820575e+01
    endloop
  endfacet
  facet normal -0.000000e+00 0.000000e+00 -1.000000e+00
    outer loop
      vertex   -3.035566e+00 -4.855313e+01 -3.820575e+01
      vertex   -6.019367e+00 -4.895832e+01 -3.820575e+01
      vertex   -6.059301e+00 -4.826910e+01 -3.820575e+01
    endloop
  endfacet
  facet normal 0.000000e+00 -0.000000e+00 -1.000000e+00
    outer loop
      vertex   -6.059301e+00 -4.826910e+01 -3.820575e+01
      vertex   -6.019367e+00 -4.895832e+01 -3.820575e+01
      vertex   -9.000897e+00 -4.849880e+01 -3.820575e+01
    endloop
  endfacet
  facet normal -0.000000e+00 0.000000e+00 -1.000000e+00
    outer loop
      vertex   -6.059301e+00 -4.826910e+01 -3.820575e+01
      vertex   -9.000897e+00 -4.849880e+01 -3.820575e+01
      vertex   -9.059421e+00 -4.779695e+01 -3.820575e+01
    endloop
  endfacet
  facet normal 0.000000e+00 -0.000000e+00 -1.000000e+00
    outer loop
      vertex   -9.059421e+00 -4.779695e+01 -3.820575e+01
      vertex   -9.000897e+00 -4.849880e+01 -3.820575e+01
      vertex   -1.194876e+01 -4.785788e+01 -3.820575e+01
    endloop
  endfacet
  facet normal -0.000000e+00 0.000000e+00 -1.000000e+00
    outer loop
      vertex   -9.059421e+00 -4.779695e+01 -3.820575e+01
      vertex   -1.194876e+01 -4.785788e+01 -3.820575e+01
      vertex   -1.202423e+01 -4.713851e+01 -3.820575e+01
    endloop
  endfacet
  facet normal -0.000000e+00 -0.000000e+00 -1.000000e+00
    outer loop
      vertex   -1.202423e+01 -4.713851e+01 -3.820575e+01
      vertex   -1.194876e+01 -4.785788e+01 -3.820575e+01
      vertex   -1.485193e+01 -4.703796e+01 -3.820575e+01
    endloop
  endfacet
  facet normal 0.000000e+00 0.000000e+00 -1.000000e+00
    outer loop
      vertex   -1.202423e+01 -4.713851e+01 -3.820575e+01
      vertex   -1.485193e+01 -4.703796e+01 -3.820575e+01
      vertex   -1.494218e+01 -4.629636e+01 -3.820575e+01
    endloop
  endfacet
  facet normal -0.000000e+00 -0.000000e+00 -1.000000e+00
    outer loop
      vertex   -1.494218e+01 -4.629636e+01 -3.820575e+01
      vertex   -1.485193e+01 -4.703796e+01 -3.820575e+01
      vertex   -1.769956e+01 -4.604210e+01 -3.820575e+01
    endloop
  endfacet
  facet normal 0.000000e+00 0.000000e+00 -1.000000e+00
    outer loop
      vertex   -1.494218e+01 -4.629636e+01 -3.820575e+01
      vertex   -1.769956e+01 -4.604210e+01 -3.820575e+01
      vertex   -1.780189e+01 -4.527377e+01 -3.820575e+01
    endloop
  endfacet
  facet normal -0.000000e+00 -0.000000e+00 -1.000000e+00
    outer loop
      vertex   -1.780189e+01 -4.527377e+01 -3.820575e+01
      vertex   -1.769956e+01 -4.604210e+01 -3.820575e+01
      vertex   -2.048098e+01 -4.487404e+01 -3.820575e+01
    endloop
  endfacet
  facet normal 0.000000e+00 0.000000e+00 -1.000000e+00
    outer loop
      vertex   -1.780189e+01 -4.527377e+01 -3.820575e+01
      vertex   -2.048098e+01 -4.487404e+01 -3.820575e+01
      vertex   -2.059223e+01 -4.407473e+01 -3.820575e+01
    endloop
  endfacet
  facet normal -0.000000e+00 -0.000000e+00 -1.000000e+00
    outer loop
      vertex   -2.059223e+01 -4.407473e+01 -3.820575e+01
      vertex   -2.048098e+01 -4.487404e+01 -3.820575e+01
      vertex   -2.318579e+01 -4.353813e+01 -3.820575e+01
    endloop
  endfacet
  facet normal 0.000000e+00 0.000000e+00 -1.000000e+00
    outer loop
      vertex   -2.059223e+01 -4.407473e+01 -3.820575e+01
      vertex   -2.318579e+01 -4.353813e+01 -3.820575e+01
      vertex   -2.330230e+01 -4.270391e+01 -3.820575e+01
    endloop
  endfacet
  facet normal -0.000000e+00 -0.000000e+00 -1.000000e+00
    outer loop
      vertex   -2.330230e+01 -4.270391e+01 -3.820575e+01
      vertex   -2.318579e+01 -4.353813e+01 -3.820575e+01
      vertex   -2.580389e+01 -4.203938e+01 -3.820575e+01
    endloop
  endfacet
  facet normal 0.000000e+00 0.000000e+00 -1.000000e+00
    outer loop
      vertex   -2.330230e+01 -4.270391e+01 -3.820575e+01
      vertex   -2.580389e+01 -4.203938e+01 -3.820575e+01
      vertex   -2.592156e+01 -4.116666e+01 -3.820575e+01
    endloop
  endfacet
  facet normal -0.000000e+00 -0.000000e+00 -1.000000e+00
    outer loop
      vertex   -2.592156e+01 -4.116666e+01 -3.820575e+01
      vertex   -2.580389e+01 -4.203938e+01 -3.820575e+01
      vertex   -2.832547e+01 -4.038338e+01 -3.820575e+01
    endloop
  endfacet
  facet normal 0.000000e+00 0.000000e+00 -1.000000e+00
    outer loop
      vertex   -2.592156e+01 -4.116666e+01 -3.820575e+01
      vertex   -2.832547e+01 -4.038338e+01 -3.820575e+01
      vertex   -2.843979e+01 -3.946897e+01 -3.820575e+01
    endloop
  endfacet
  facet normal -0.000000e+00 -0.000000e+00 -1.000000e+00
    outer loop
      vertex   -2.843979e+01 -3.946897e+01 -3.820575e+01
      vertex   -2.832547e+01 -4.038338e+01 -3.820575e+01
      vertex   -3.074110e+01 -3.857634e+01 -3.820575e+01
    endloop
  endfacet
  facet normal 0.000000e+00 0.000000e+00 -1.000000e+00
    outer loop
      vertex   -2.843979e+01 -3.946897e+01 -3.820575e+01
      vertex   -3.074110e+01 -3.857634e+01 -3.820575e+01
      vertex   -3.084718e+01 -3.761745e+01 -3.820575e+01
    endloop
  endfacet
  facet normal -0.000000e+00 -0.000000e+00 -1.000000e+00
    outer loop
      vertex   -3.084718e+01 -3.761745e+01 -3.820575e+01
      vertex   -3.074110e+01 -3.857634e+01 -3.820575e+01
      vertex   -3.304176e+01 -3.662502e+01 -3.820575e+01
    endloop
  endfacet
  facet normal 0.000000e+00 0.000000e+00 -1.000000e+00
    outer loop
      vertex   -3.084718e+01 -3.761745e+01 -3.820575e+01
      vertex   -3.304176e+01 -3.662502e+01 -3.820575e+01
      vertex   -3.313435e+01 -3.561932e+01 -3.820575e+01
    endloop
  endfacet
  facet normal -0.000000e+00 -0.000000e+00 -1.000000e+00
    outer loop
      vertex   -3.313435e+01 -3.561932e+01 -3.820575e+01
      vertex   -3.304176e+01 -3.662502e+01 -3.820575e+01
      vertex   -3.521882e+01 -3.453671e+01 -3.820575e+01
    endloop
  endfacet
  facet normal 0.000000e+00 0.000000e+00 -1.000000e+00
    outer loop
      vertex   -3.313435e+01 -3.561932e+01 -3.820575e+01
      vertex   -3.521882e+01 -3.453671e+01 -3.820575e+01
      vertex   -3.529238e+01 -3.348237e+01 -3.820575e+01
    endloop
  endfacet
  facet normal -0.000000e+00 -0.000000e+00 -1.000000e+00
    outer loop
      vertex   -3.529238e+01 -3.348237e+01 -3.820575e+01
      vertex   -3.521882e+01 -3.453671e+01 -3.820575e+01
      vertex   -3.726416e+01 -3.231922e+01 -3.820575e+01
    endloop
  endfacet
  facet normal 0.000000e+00 0.000000e+00 -1.000000e+00
    outer loop
      vertex   -3.529238e+01 -3.348237e+01 -3.820575e+01
      vertex   -3.726416e+01 -3.231922e+01 -3.820575e+01
      vertex   -3.731286e+01 -3.121493e+01 -3.820575e+01
    endloop
  endfacet
  facet normal -0.000000e+00 -0.000000e+00 -1.000000e+00
    outer loop
      vertex   -3.731286e+01 -3.121493e+01 -3.820575e+01
      vertex   -3.726416e+01 -3.231922e+01 -3.820575e+01
      vertex   -3.917013e+01 -2.998084e+01 -3.820575e+01
    endloop
  endfacet
  facet normal 0.000000e+00 0.000000e+00 -1.000000e+00
    outer loop
      vertex   -3.731286e+01 -3.121493e+01 -3.820575e+01
      vertex   -3.917013e+01 -2.998084e+01 -3.820575e+01
      vertex   -3.918792e+01 -2.882583e+01 -3.820575e+01
    endloop
  endfacet
  facet normal -0.000000e+00 -0.000000e+00 -1.000000e+00
    outer loop
      vertex   -3.918792e+01 -2.882583e+01 -3.820575e+01
      vertex   -3.917013e+01 -2.998084e+01 -3.820575e+01
      vertex   -4.092958e+01 -2.753033e+01 -3.820575e+01
    endloop
  endfacet
  facet normal 0.000000e+00 0.000000e+00 -1.000000e+00
    outer loop
      vertex   -3.918792e+01 -2.882583e+01 -3.820575e+01
      vertex   -4.092958e+01 -2.753033e+01 -3.820575e+01
      vertex   -4.091025e+01 -2.632438e+01 -3.820575e+01
    endloop
  endfacet
  facet normal -0.000000e+00 0.000000e+00 -1.000000e+00
    outer loop
      vertex   -4.091025e+01 -2.632438e+01 -3.820575e+01
      vertex   -4.092958e+01 -2.753033e+01 -3.820575e+01
      vertex   -4.253594e+01 -2.497685e+01 -3.820575e+01
    endloop
  endfacet
  facet normal 0.000000e+00 0.000000e+00 -1.000000e+00
    outer loop
      vertex   -4.091025e+01 -2.632438e+01 -3.820575e+01
      vertex   -4.253594e+01 -2.497685e+01 -3.820575e+01
      vertex   -4.247313e+01 -2.372034e+01 -3.820575e+01
    endloop
  endfacet
  facet normal -0.000000e+00 0.000000e+00 -1.000000e+00
    outer loop
      vertex   -4.247313e+01 -2.372034e+01 -3.820575e+01
      vertex   -4.253594e+01 -2.497685e+01 -3.820575e+01
      vertex   -4.398321e+01 -2.232995e+01 -3.820575e+01
    endloop
  endfacet
  facet normal 0.000000e+00 0.000000e+00 -1.000000e+00
    outer loop
      vertex   -4.247313e+01 -2.372034e+01 -3.820575e+01
      vertex   -4.398321e+01 -2.232995e+01 -3.820575e+01
      vertex   -4.387048e+01 -2.102385e+01 -3.820575e+01
    endloop
  endfacet
  facet normal -0.000000e+00 0.000000e+00 -1.000000e+00
    outer loop
      vertex   -4.387048e+01 -2.102385e+01 -3.820575e+01
      vertex   -4.398321e+01 -2.232995e+01 -3.820575e+01
      vertex   -4.526597e+01 -1.959952e+01 -3.820575e+01
    endloop
  endfacet
  facet normal 0.000000e+00 0.000000e+00 -1.000000e+00
    outer loop
      vertex   -4.387048e+01 -2.102385e+01 -3.820575e+01
      vertex   -4.526597e+01 -1.959952e+01 -3.820575e+01
      vertex   -4.509685e+01 -1.824542e+01 -3.820575e+01
    endloop
  endfacet
  facet normal -0.000000e+00 0.000000e+00 -1.000000e+00
    outer loop
      vertex   -4.509685e+01 -1.824542e+01 -3.820575e+01
      vertex   -4.526597e+01 -1.959952e+01 -3.820575e+01
      vertex   -4.637942e+01 -1.679579e+01 -3.820575e+01
    endloop
  endfacet
  facet normal 0.000000e+00 0.000000e+00 -1.000000e+00
    outer loop
      vertex   -4.509685e+01 -1.824542e+01 -3.820575e+01
      vertex   -4.637942e+01 -1.679579e+01 -3.820575e+01
      vertex   -4.614746e+01 -1.539588e+01 -3.820575e+01
    endloop
  endfacet
  facet normal -0.000000e+00 0.000000e+00 -1.000000e+00
    outer loop
      vertex   -4.614746e+01 -1.539588e+01 -3.820575e+01
      vertex   -4.637942e+01 -1.679579e+01 -3.820575e+01
      vertex   -4.731940e+01 -1.392924e+01 -3.820575e+01
    endloop
  endfacet
  facet normal 0.000000e+00 0.000000e+00 -1.000000e+00
    outer loop
      vertex   -4.614746e+01 -1.539588e+01 -3.820575e+01
      vertex   -4.731940e+01 -1.392924e+01 -3.820575e+01
      vertex   -4.701822e+01 -1.248634e+01 -3.820575e+01
    endloop
  endfacet
  facet normal -0.000000e+00 0.000000e+00 -1.000000e+00
    outer loop
      vertex   -4.701822e+01 -1.248634e+01 -3.820575e+01
      vertex   -4.731940e+01 -1.392924e+01 -3.820575e+01
      vertex   -4.808239e+01 -1.101059e+01 -3.820575e+01
    endloop
  endfacet
  facet normal 0.000000e+00 0.000000e+00 -1.000000e+00
    outer loop
      vertex   -4.701822e+01 -1.248634e+01 -3.820575e+01
      vertex   -4.808239e+01 -1.101059e+01 -3.820575e+01
      vertex   -4.770572e+01 -9.528135e+00 -3.820575e+01
    endloop
  endfacet
  facet normal -0.000000e+00 0.000000e+00 -1.000000e+00
    outer loop
      vertex   -4.770572e+01 -9.528135e+00 -3.820575e+01
      vertex   -4.808239e+01 -1.101059e+01 -3.820575e+01
      vertex   -4.866554e+01 -8.050756e+00 -3.820575e+01
    endloop
  endfacet
  facet normal 0.000000e+00 0.000000e+00 -1.000000e+00
    outer loop
      vertex   -4.770572e+01 -9.528135e+00 -3.820575e+01
      vertex   -4.866554e+01 -8.050756e+00 -3.820575e+01
      vertex   -4.820730e+01 -6.532794e+00 -3.820575e+01
    endloop
  endfacet
  facet normal -0.000000e+00 0.000000e+00 -1.000000e+00
    outer loop
      vertex   -4.820730e+01 -6.532794e+00 -3.820575e+01
      vertex   -4.866554e+01 -8.050756e+00 -3.820575e+01
      vertex   -4.906667e+01 -5.060810e+00 -3.820575e+01
    endloop
  endfacet
  facet normal 0.000000e+00 0.000000e+00 -1.000000e+00
    outer loop
      vertex   -4.820730e+01 -6.532794e+00 -3.820575e+01
      vertex   -4.906667e+01 -5.060810e+00 -3.820575e+01
      vertex   -4.852100e+01 -3.511992e+00 -3.820575e+01
    endloop
  endfacet
  facet normal -0.000000e+00 0.000000e+00 -1.000000e+00
    outer loop
      vertex   -4.852100e+01 -3.511992e+00 -3.820575e+01
      vertex   -4.906667e+01 -5.060810e+00 -3.820575e+01
      vertex   -4.928427e+01 -2.051935e+00 -3.820575e+01
    endloop
  endfacet
  facet normal 0.000000e+00 0.000000e+00 -1.000000e+00
    outer loop
      vertex   -4.852100e+01 -3.511992e+00 -3.820575e+01
      vertex   -4.928427e+01 -2.051935e+00 -3.820575e+01
      vertex   -4.864559e+01 -4.775030e-01 -3.820575e+01
    endloop
  endfacet
  facet normal -0.000000e+00 0.000000e+00 -1.000000e+00
    outer loop
      vertex   -4.864559e+01 -4.775030e-01 -3.820575e+01
      vertex   -4.928427e+01 -2.051935e+00 -3.820575e+01
      vertex   -4.931753e+01 9.646145e-01 -3.820575e+01
    endloop
  endfacet
  facet normal 0.000000e+00 0.000000e+00 -1.000000e+00
    outer loop
      vertex   -4.864559e+01 -4.775030e-01 -3.820575e+01
      vertex   -4.931753e+01 9.646145e-01 -3.820575e+01
      vertex   -4.858059e+01 2.558847e+00 -3.820575e+01
    endloop
  endfacet
  facet normal -0.000000e+00 0.000000e+00 -1.000000e+00
    outer loop
      vertex   -4.858059e+01 2.558847e+00 -3.820575e+01
      vertex   -4.931753e+01 9.646145e-01 -3.820575e+01
      vertex   -4.916634e+01 3.977556e+00 -3.820575e+01
    endloop
  endfacet
  facet normal 0.000000e+00 0.000000e+00 -1.000000e+00
    outer loop
      vertex   -4.858059e+01 2.558847e+00 -3.820575e+01
      vertex   -4.916634e+01 3.977556e+00 -3.820575e+01
      vertex   -4.832625e+01 5.585225e+00 -3.820575e+01
    endloop
  endfacet
  facet normal -0.000000e+00 0.000000e+00 -1.000000e+00
    outer loop
      vertex   -4.832625e+01 5.585225e+00 -3.820575e+01
      vertex   -4.916634e+01 3.977556e+00 -3.820575e+01
      vertex   -4.883124e+01 6.975621e+00 -3.820575e+01
    endloop
  endfacet
  facet normal 0.000000e+00 0.000000e+00 -1.000000e+00
    outer loop
      vertex   -4.832625e+01 5.585225e+00 -3.820575e+01
      vertex   -4.883124e+01 6.975621e+00 -3.820575e+01
      vertex   -4.788357e+01 8.589834e+00 -3.820575e+01
    endloop
  endfacet
  facet normal -0.000000e+00 0.000000e+00 -1.000000e+00
    outer loop
      vertex   -4.788357e+01 8.589834e+00 -3.820575e+01
      vertex   -4.883124e+01 6.975621e+00 -3.820575e+01
      vertex   -4.831351e+01 9.947595e+00 -3.820575e+01
    endloop
  endfacet
  facet normal 0.000000e+00 0.000000e+00 -1.000000e+00
    outer loop
      vertex   -4.788357e+01 8.589834e+00 -3.820575e+01
      vertex   -4.831351e+01 9.947595e+00 -3.820575e+01
      vertex   -4.725426e+01 1.156097e+01 -3.820575e+01
    endloop
  endfacet
  facet normal -0.000000e+00 0.000000e+00 -1.000000e+00
    outer loop
      vertex   -4.725426e+01 1.156097e+01 -3.820575e+01
      vertex   -4.831351e+01 9.947595e+00 -3.820575e+01
      vertex   -4.761506e+01 1.288236e+01 -3.820575e+01
    endloop
  endfacet
  facet normal 0.000000e+00 0.000000e+00 -1.000000e+00
    outer loop
      vertex   -4.725426e+01 1.156097e+01 -3.820575e+01
      vertex   -4.761506e+01 1.288236e+01 -3.820575e+01
      vertex   -4.644079e+01 1.448704e+01 -3.820575e+01
    endloop
  endfacet
  facet normal -0.000000e+00 0.000000e+00 -1.000000e+00
    outer loop
      vertex   -4.644079e+01 1.448704e+01 -3.820575e+01
      vertex   -4.761506e+01 1.288236e+01 -3.820575e+01
      vertex   -4.673853e+01 1.576895e+01 -3.820575e+01
    endloop
  endfacet
  facet normal 0.000000e+00 0.000000e+00 -1.000000e+00
    outer loop
      vertex   -4.644079e+01 1.448704e+01 -3.820575e+01
      vertex   -4.673853e+01 1.576895e+01 -3.820575e+01
      vertex   -4.544632e+01 1.735665e+01 -3.820575e+01
    endloop
  endfacet
  facet normal -0.000000e+00 0.000000e+00 -1.000000e+00
    outer loop
      vertex   -4.544632e+01 1.735665e+01 -3.820575e+01
      vertex   -4.673853e+01 1.576895e+01 -3.820575e+01
      vertex   -4.568718e+01 1.859655e+01 -3.820575e+01
    endloop
  endfacet
  facet normal 0.000000e+00 0.000000e+00 -1.000000e+00
    outer loop
      vertex   -4.544632e+01 1.735665e+01 -3.820575e+01
      vertex   -4.568718e+01 1.859655e+01 -3.820575e+01
      vertex   -4.427473e+01 2.015862e+01 -3.820575e+01
    endloop
  endfacet
  facet normal -0.000000e+00 0.000000e+00 -1.000000e+00
    outer loop
      vertex   -4.427473e+01 2.015862e+01 -3.820575e+01
      vertex   -4.568718e+01 1.859655e+01 -3.820575e+01
      vertex   -4.446494e+01 2.135459e+01 -3.820575e+01
    endloop
  endfacet
  facet normal 0.000000e+00 0.000000e+00 -1.000000e+00
    outer loop
      vertex   -4.427473e+01 2.015862e+01 -3.820575e+01
      vertex   -4.446494e+01 2.135459e+01 -3.820575e+01
      vertex   -4.293058e+01 2.288202e+01 -3.820575e+01
    endloop
  endfacet
  facet normal -0.000000e+00 0.000000e+00 -1.000000e+00
    outer loop
      vertex   -4.293058e+01 2.288202e+01 -3.820575e+01
      vertex   -4.446494e+01 2.135459e+01 -3.820575e+01
      vertex   -4.307639e+01 2.403277e+01 -3.820575e+01
    endloop
  endfacet
  facet normal 0.000000e+00 0.000000e+00 -1.000000e+00
    outer loop
      vertex   -4.293058e+01 2.288202e+01 -3.820575e+01
      vertex   -4.307639e+01 2.403277e+01 -3.820575e+01
      vertex   -4.141911e+01 2.551624e+01 -3.820575e+01
    endloop
  endfacet
  facet normal -0.000000e+00 0.000000e+00 -1.000000e+00
    outer loop
      vertex   -4.141911e+01 2.551624e+01 -3.820575e+01
      vertex   -4.307639e+01 2.403277e+01 -3.820575e+01
      vertex   -4.152673e+01 2.662105e+01 -3.820575e+01
    endloop
  endfacet
  facet normal 0.000000e+00 0.000000e+00 -1.000000e+00
    outer loop
      vertex   -4.141911e+01 2.551624e+01 -3.820575e+01
      vertex   -4.152673e+01 2.662105e+01 -3.820575e+01
      vertex   -3.974622e+01 2.805101e+01 -3.820575e+01
    endloop
  endfacet
  facet normal -0.000000e+00 0.000000e+00 -1.000000e+00
    outer loop
      vertex   -3.974622e+01 2.805101e+01 -3.820575e+01
      vertex   -4.152673e+01 2.662105e+01 -3.820575e+01
      vertex   -3.982174e+01 2.910977e+01 -3.820575e+01
    endloop
  endfacet
  facet normal 0.000000e+00 0.000000e+00 -1.000000e+00
    outer loop
      vertex   -3.974622e+01 2.805101e+01 -3.820575e+01
      vertex   -3.982174e+01 2.910977e+01 -3.820575e+01
      vertex   -3.791842e+01 3.047646e+01 -3.820575e+01
    endloop
  endfacet
  facet normal -0.000000e+00 0.000000e+00 -1.000000e+00
    outer loop
      vertex   -3.791842e+01 3.047646e+01 -3.820575e+01
      vertex   -3.982174e+01 2.910977e+01 -3.820575e+01
      vertex   -3.796781e+01 3.148960e+01 -3.820575e+01
    endloop
  endfacet
  facet normal 0.000000e+00 0.000000e+00 -1.000000e+00
    outer loop
      vertex   -3.791842e+01 3.047646e+01 -3.820575e+01
      vertex   -3.796781e+01 3.148960e+01 -3.820575e+01
      vertex   -3.594284e+01 3.278313e+01 -3.820575e+01
    endloop
  endfacet
  facet normal -0.000000e+00 0.000000e+00 -1.000000e+00
    outer loop
      vertex   -3.594284e+01 3.278313e+01 -3.820575e+01
      vertex   -3.796781e+01 3.148960e+01 -3.820575e+01
      vertex   -3.597187e+01 3.375166e+01 -3.820575e+01
    endloop
  endfacet
  facet normal 0.000000e+00 0.000000e+00 -1.000000e+00
    outer loop
      vertex   -3.594284e+01 3.278313e+01 -3.820575e+01
      vertex   -3.597187e+01 3.375166e+01 -3.820575e+01
      vertex   -3.382717e+01 3.496203e+01 -3.820575e+01
    endloop
  endfacet
  facet normal -0.000000e+00 0.000000e+00 -1.000000e+00
    outer loop
      vertex   -3.382717e+01 3.496203e+01 -3.820575e+01
      vertex   -3.597187e+01 3.375166e+01 -3.820575e+01
      vertex   -3.384138e+01 3.588747e+01 -3.820575e+01
    endloop
  endfacet
  facet normal 0.000000e+00 0.000000e+00 -1.000000e+00
    outer loop
      vertex   -3.382717e+01 3.496203e+01 -3.820575e+01
      vertex   -3.384138e+01 3.588747e+01 -3.820575e+01
      vertex   -3.157967e+01 3.700467e+01 -3.820575e+01
    endloop
  endfacet
  facet normal -0.000000e+00 0.000000e+00 -1.000000e+00
    outer loop
      vertex   -3.157967e+01 3.700467e+01 -3.820575e+01
      vertex   -3.384138e+01 3.588747e+01 -3.820575e+01
      vertex   -3.158431e+01 3.788906e+01 -3.820575e+01
    endloop
  endfacet
  facet normal 0.000000e+00 0.000000e+00 -1.000000e+00
    outer loop
      vertex   -3.157967e+01 3.700467e+01 -3.820575e+01
      vertex   -3.158431e+01 3.788906e+01 -3.820575e+01
      vertex   -2.920909e+01 3.890309e+01 -3.820575e+01
    endloop
  endfacet
  facet normal -0.000000e+00 0.000000e+00 -1.000000e+00
    outer loop
      vertex   -2.920909e+01 3.890309e+01 -3.820575e+01
      vertex   -3.158431e+01 3.788906e+01 -3.820575e+01
      vertex   -2.920912e+01 3.974893e+01 -3.820575e+01
    endloop
  endfacet
  facet normal 2.859926e-15 9.612262e-20 -1.000000e+00
    outer loop
      vertex   -2.920909e+01 3.890309e+01 -3.820575e+01
      vertex   -2.920912e+01 3.974893e+01 -3.820575e+01
      vertex   -2.672467e+01 4.064989e+01 -3.820575e+01
    endloop
  endfacet
  facet normal 2.859961e-15 0.000000e+00 -1.000000e+00
    outer loop
      vertex   -2.672467e+01 4.064989e+01 -3.820575e+01
      vertex   -2.920912e+01 3.974893e+01 -3.820575e+01
      vertex   -2.672467e+01 4.146012e+01 -3.820575e+01
    endloop
  endfacet
  facet normal 4.486483e-02 -9.989931e-01 0.000000e+00
    outer loop
      vertex   0.000000e+00 2.350000e+01 -2.600000e+01
      vertex   0.000000e+00 2.350000e+01 -1.820575e+01
      vertex   -2.106524e+00 2.340540e+01 -2.600000e+01
    endloop
  endfacet
  facet normal 4.486483e-02 -9.989931e-01 0.000000e+00
    outer loop
      vertex   -2.106524e+00 2.340540e+01 -2.600000e+01
      vertex   0.000000e+00 2.350000e+01 -1.820575e+01
      vertex   -2.106524e+00 2.340540e+01 -1.820575e+01
    endloop
  endfacet
  facet normal 1.342333e-01 -9.909498e-01 0.000000e+00
    outer loop
      vertex   -2.106524e+00 2.340540e+01 -2.600000e+01
      vertex   -2.106524e+00 2.340540e+01 -1.820575e+01
      vertex   -4.196087e+00 2.312235e+01 -2.600000e+01
    endloop
  endfacet
  facet normal 1.342333e-01 -9.909498e-01 0.000000e+00
    outer loop
      vertex   -4.196087e+00 2.312235e+01 -2.600000e+01
      vertex   -2.106524e+00 2.340540e+01 -1.820575e+01
      vertex   -4.196087e+00 2.312235e+01 -1.820575e+01
    endloop
  endfacet
  facet normal 2.225209e-01 -9.749279e-01 0.000000e+00
    outer loop
      vertex   -4.196087e+00 2.312235e+01 -2.600000e+01
      vertex   -4.196087e+00 2.312235e+01 -1.820575e+01
      vertex   -6.251866e+00 2.265313e+01 -2.600000e+01
    endloop
  endfacet
  facet normal 2.225209e-01 -9.749279e-01 0.000000e+00
    outer loop
      vertex   -6.251866e+00 2.265313e+01 -2.600000e+01
      vertex   -4.196087e+00 2.312235e+01 -1.820575e+01
      vertex   -6.251866e+00 2.265313e+01 -1.820575e+01
    endloop
  endfacet
  facet normal 3.090170e-01 -9.510565e-01 0.000000e+00
    outer loop
      vertex   -6.251866e+00 2.265313e+01 -2.600000e+01
      vertex   -6.251866e+00 2.265313e+01 -1.820575e+01
      vertex   -8.257308e+00 2.200152e+01 -2.600000e+01
    endloop
  endfacet
  facet normal 3.090170e-01 -9.510565e-01 0.000000e+00
    outer loop
      vertex   -8.257308e+00 2.200152e+01 -2.600000e+01
      vertex   -6.251866e+00 2.265313e+01 -1.820575e+01
      vertex   -8.257308e+00 2.200152e+01 -1.820575e+01
    endloop
  endfacet
  facet normal 3.930250e-01 -9.195278e-01 0.000000e+00
    outer loop
      vertex   -8.257308e+00 2.200152e+01 -2.600000e+01
      vertex   -8.257308e+00 2.200152e+01 -1.820575e+01
      vertex   -1.019627e+01 2.117277e+01 -2.600000e+01
    endloop
  endfacet
  facet normal 3.930250e-01 -9.195278e-01 0.000000e+00
    outer loop
      vertex   -1.019627e+01 2.117277e+01 -2.600000e+01
      vertex   -8.257308e+00 2.200152e+01 -1.820575e+01
      vertex   -1.019627e+01 2.117277e+01 -1.820575e+01
    endloop
  endfacet
  facet normal 4.738687e-01 -8.805955e-01 0.000000e+00
    outer loop
      vertex   -1.019627e+01 2.117277e+01 -2.600000e+01
      vertex   -1.019627e+01 2.117277e+01 -1.820575e+01
      vertex   -1.205313e+01 2.017355e+01 -2.600000e+01
    endloop
  endfacet
  facet normal 4.738687e-01 -8.805955e-01 0.000000e+00
    outer loop
      vertex   -1.205313e+01 2.017355e+01 -2.600000e+01
      vertex   -1.019627e+01 2.117277e+01 -1.820575e+01
      vertex   -1.205313e+01 2.017355e+01 -1.820575e+01
    endloop
  endfacet
  facet normal 5.508970e-01 -8.345733e-01 0.000000e+00
    outer loop
      vertex   -1.205313e+01 2.017355e+01 -2.600000e+01
      vertex   -1.205313e+01 2.017355e+01 -1.820575e+01
      vertex   -1.381295e+01 1.901190e+01 -2.600000e+01
    endloop
  endfacet
  facet normal 5.508970e-01 -8.345733e-01 0.000000e+00
    outer loop
      vertex   -1.381295e+01 1.901190e+01 -2.600000e+01
      vertex   -1.205313e+01 2.017355e+01 -1.820575e+01
      vertex   -1.381295e+01 1.901190e+01 -1.820575e+01
    endloop
  endfacet
  facet normal 6.234898e-01 -7.818315e-01 0.000000e+00
    outer loop
      vertex   -1.381295e+01 1.901190e+01 -2.600000e+01
      vertex   -1.381295e+01 1.901190e+01 -1.820575e+01
      vertex   -1.546156e+01 1.769718e+01 -2.600000e+01
    endloop
  endfacet
  facet normal 6.234898e-01 -7.818315e-01 0.000000e+00
    outer loop
      vertex   -1.546156e+01 1.769718e+01 -2.600000e+01
      vertex   -1.381295e+01 1.901190e+01 -1.820575e+01
      vertex   -1.546156e+01 1.769718e+01 -1.820575e+01
    endloop
  endfacet
  facet normal 6.910626e-01 -7.227949e-01 0.000000e+00
    outer loop
      vertex   -1.546156e+01 1.769718e+01 -2.600000e+01
      vertex   -1.546156e+01 1.769718e+01 -1.820575e+01
      vertex   -1.698568e+01 1.623997e+01 -2.600000e+01
    endloop
  endfacet
  facet normal 6.910626e-01 -7.227949e-01 0.000000e+00
    outer loop
      vertex   -1.698568e+01 1.623997e+01 -2.600000e+01
      vertex   -1.546156e+01 1.769718e+01 -1.820575e+01
      vertex   -1.698568e+01 1.623997e+01 -1.820575e+01
    endloop
  endfacet
  facet normal 7.530715e-01 -6.579387e-01 0.000000e+00
    outer loop
      vertex   -1.698568e+01 1.623997e+01 -2.600000e+01
      vertex   -1.698568e+01 1.623997e+01 -1.820575e+01
      vertex   -1.837304e+01 1.465201e+01 -2.600000e+01
    endloop
  endfacet
  facet normal 7.530715e-01 -6.579387e-01 0.000000e+00
    outer loop
      vertex   -1.837304e+01 1.465201e+01 -2.600000e+01
      vertex   -1.698568e+01 1.623997e+01 -1.820575e+01
      vertex   -1.837304e+01 1.465201e+01 -1.820575e+01
    endloop
  endfacet
  facet normal 8.090170e-01 -5.877853e-01 0.000000e+00
    outer loop
      vertex   -1.837304e+01 1.465201e+01 -2.600000e+01
      vertex   -1.837304e+01 1.465201e+01 -1.820575e+01
      vertex   -1.961247e+01 1.294608e+01 -2.600000e+01
    endloop
  endfacet
  facet normal 8.090170e-01 -5.877853e-01 0.000000e+00
    outer loop
      vertex   -1.961247e+01 1.294608e+01 -2.600000e+01
      vertex   -1.837304e+01 1.465201e+01 -1.820575e+01
      vertex   -1.961247e+01 1.294608e+01 -1.820575e+01
    endloop
  endfacet
  facet normal 8.584488e-01 -5.128993e-01 0.000000e+00
    outer loop
      vertex   -1.961247e+01 1.294608e+01 -2.600000e+01
      vertex   -1.961247e+01 1.294608e+01 -1.820575e+01
      vertex   -2.069400e+01 1.113591e+01 -2.600000e+01
    endloop
  endfacet
  facet normal 8.584488e-01 -5.128993e-01 0.000000e+00
    outer loop
      vertex   -2.069400e+01 1.113591e+01 -2.600000e+01
      vertex   -1.961247e+01 1.294608e+01 -1.820575e+01
      vertex   -2.069400e+01 1.113591e+01 -1.820575e+01
    endloop
  endfacet
  facet normal 9.009689e-01 -4.338837e-01 0.000000e+00
    outer loop
      vertex   -2.069400e+01 1.113591e+01 -2.600000e+01
      vertex   -2.069400e+01 1.113591e+01 -1.820575e+01
      vertex   -2.160890e+01 9.236088e+00 -2.600000e+01
    endloop
  endfacet
  facet normal 9.009689e-01 -4.338837e-01 0.000000e+00
    outer loop
      vertex   -2.160890e+01 9.236088e+00 -2.600000e+01
      vertex   -2.069400e+01 1.113591e+01 -1.820575e+01
      vertex   -2.160890e+01 9.236088e+00 -1.820575e+01
    endloop
  endfacet
  facet normal 9.362349e-01 -3.513748e-01 0.000000e+00
    outer loop
      vertex   -2.160890e+01 9.236088e+00 -2.600000e+01
      vertex   -2.160890e+01 9.236088e+00 -1.820575e+01
      vertex   -2.234983e+01 7.261899e+00 -2.600000e+01
    endloop
  endfacet
  facet normal 9.362349e-01 -3.513748e-01 0.000000e+00
    outer loop
      vertex   -2.234983e+01 7.261899e+00 -2.600000e+01
      vertex   -2.160890e+01 9.236088e+00 -1.820575e+01
      vertex   -2.234983e+01 7.261899e+00 -1.820575e+01
    endloop
  endfacet
  facet normal 9.639629e-01 -2.660368e-01 0.000000e+00
    outer loop
      vertex   -2.234983e+01 7.261899e+00 -2.600000e+01
      vertex   -2.234983e+01 7.261899e+00 -1.820575e+01
      vertex   -2.291081e+01 5.229242e+00 -2.600000e+01
    endloop
  endfacet
  facet normal 9.639629e-01 -2.660368e-01 0.000000e+00
    outer loop
      vertex   -2.291081e+01 5.229242e+00 -2.600000e+01
      vertex   -2.234983e+01 7.261899e+00 -1.820575e+01
      vertex   -2.291081e+01 5.229242e+00 -1.820575e+01
    endloop
  endfacet
  facet normal 9.839296e-01 -1.785569e-01 0.000000e+00
    outer loop
      vertex   -2.291081e+01 5.229242e+00 -2.600000e+01
      vertex   -2.291081e+01 5.229242e+00 -1.820575e+01
      vertex   -2.328732e+01 3.154482e+00 -2.600000e+01
    endloop
  endfacet
  facet normal 9.839296e-01 -1.785569e-01 0.000000e+00
    outer loop
      vertex   -2.328732e+01 3.154482e+00 -2.600000e+01
      vertex   -2.291081e+01 5.229242e+00 -1.820575e+01
      vertex   -2.328732e+01 3.154482e+00 -1.820575e+01
    endloop
  endfacet
  facet normal 9.959743e-01 -8.963931e-02 0.000000e+00
    outer loop
      vertex   -2.328732e+01 3.154482e+00 -2.600000e+01
      vertex   -2.328732e+01 3.154482e+00 -1.820575e+01
      vertex   -2.347634e+01 1.054323e+00 -2.600000e+01
    endloop
  endfacet
  facet normal 9.959743e-01 -8.963931e-02 0.000000e+00
    outer loop
      vertex   -2.347634e+01 1.054323e+00 -2.600000e+01
      vertex   -2.328732e+01 3.154482e+00 -1.820575e+01
      vertex   -2.347634e+01 1.054323e+00 -1.820575e+01
    endloop
  endfacet
  facet normal 1.000000e+00 1.684831e-15 -0.000000e+00
    outer loop
      vertex   -2.347634e+01 1.054323e+00 -2.600000e+01
      vertex   -2.347634e+01 1.054323e+00 -1.820575e+01
      vertex   -2.347634e+01 -1.054324e+00 -2.600000e+01
    endloop
  endfacet
  facet normal 1.000000e+00 1.684831e-15 -0.000000e+00
    outer loop
      vertex   -2.347634e+01 -1.054324e+00 -2.600000e+01
      vertex   -2.347634e+01 1.054323e+00 -1.820575e+01
      vertex   -2.347634e+01 -1.054324e+00 -1.820575e+01
    endloop
  endfacet
  facet normal 9.959743e-01 8.963931e-02 -0.000000e+00
    outer loop
      vertex   -2.347634e+01 -1.054324e+00 -2.600000e+01
      vertex   -2.347634e+01 -1.054324e+00 -1.820575e+01
      vertex   -2.328732e+01 -3.154482e+00 -2.600000e+01
    endloop
  endfacet
  facet normal 9.959743e-01 8.963931e-02 -0.000000e+00
    outer loop
      vertex   -2.328732e+01 -3.154482e+00 -2.600000e+01
      vertex   -2.347634e+01 -1.054324e+00 -1.820575e+01
      vertex   -2.328732e+01 -3.154482e+00 -1.820575e+01
    endloop
  endfacet
  facet normal 9.839296e-01 1.785569e-01 -0.000000e+00
    outer loop
      vertex   -2.328732e+01 -3.154482e+00 -2.600000e+01
      vertex   -2.328732e+01 -3.154482e+00 -1.820575e+01
      vertex   -2.291081e+01 -5.229242e+00 -2.600000e+01
    endloop
  endfacet
  facet normal 9.839296e-01 1.785569e-01 -0.000000e+00
    outer loop
      vertex   -2.291081e+01 -5.229242e+00 -2.600000e+01
      vertex   -2.328732e+01 -3.154482e+00 -1.820575e+01
      vertex   -2.291081e+01 -5.229242e+00 -1.820575e+01
    endloop
  endfacet
  facet normal 9.639629e-01 2.660368e-01 -0.000000e+00
    outer loop
      vertex   -2.291081e+01 -5.229242e+00 -2.600000e+01
      vertex   -2.291081e+01 -5.229242e+00 -1.820575e+01
      vertex   -2.234983e+01 -7.261899e+00 -2.600000e+01
    endloop
  endfacet
  facet normal 9.639629e-01 2.660368e-01 -0.000000e+00
    outer loop
      vertex   -2.234983e+01 -7.261899e+00 -2.600000e+01
      vertex   -2.291081e+01 -5.229242e+00 -1.820575e+01
      vertex   -2.234983e+01 -7.261899e+00 -1.820575e+01
    endloop
  endfacet
  facet normal 9.362349e-01 3.513748e-01 -0.000000e+00
    outer loop
      vertex   -2.234983e+01 -7.261899e+00 -2.600000e+01
      vertex   -2.234983e+01 -7.261899e+00 -1.820575e+01
      vertex   -2.160890e+01 -9.236088e+00 -2.600000e+01
    endloop
  endfacet
  facet normal 9.362349e-01 3.513748e-01 -0.000000e+00
    outer loop
      vertex   -2.160890e+01 -9.236088e+00 -2.600000e+01
      vertex   -2.234983e+01 -7.261899e+00 -1.820575e+01
      vertex   -2.160890e+01 -9.236088e+00 -1.820575e+01
    endloop
  endfacet
  facet normal 9.009689e-01 4.338837e-01 -0.000000e+00
    outer loop
      vertex   -2.160890e+01 -9.236088e+00 -2.600000e+01
      vertex   -2.160890e+01 -9.236088e+00 -1.820575e+01
      vertex   -2.069400e+01 -1.113591e+01 -2.600000e+01
    endloop
  endfacet
  facet normal 9.009689e-01 4.338837e-01 -0.000000e+00
    outer loop
      vertex   -2.069400e+01 -1.113591e+01 -2.600000e+01
      vertex   -2.160890e+01 -9.236088e+00 -1.820575e+01
      vertex   -2.069400e+01 -1.113591e+01 -1.820575e+01
    endloop
  endfacet
  facet normal 8.584488e-01 5.128993e-01 -0.000000e+00
    outer loop
      vertex   -2.069400e+01 -1.113591e+01 -2.600000e+01
      vertex   -2.069400e+01 -1.113591e+01 -1.820575e+01
      vertex   -1.961247e+01 -1.294608e+01 -2.600000e+01
    endloop
  endfacet
  facet normal 8.584488e-01 5.128993e-01 -0.000000e+00
    outer loop
      vertex   -1.961247e+01 -1.294608e+01 -2.600000e+01
      vertex   -2.069400e+01 -1.113591e+01 -1.820575e+01
      vertex   -1.961247e+01 -1.294608e+01 -1.820575e+01
    endloop
  endfacet
  facet normal 8.090170e-01 5.877853e-01 -0.000000e+00
    outer loop
      vertex   -1.961247e+01 -1.294608e+01 -2.600000e+01
      vertex   -1.961247e+01 -1.294608e+01 -1.820575e+01
      vertex   -1.837304e+01 -1.465201e+01 -2.600000e+01
    endloop
  endfacet
  facet normal 8.090170e-01 5.877853e-01 -0.000000e+00
    outer loop
      vertex   -1.837304e+01 -1.465201e+01 -2.600000e+01
      vertex   -1.961247e+01 -1.294608e+01 -1.820575e+01
      vertex   -1.837304e+01 -1.465201e+01 -1.820575e+01
    endloop
  endfacet
  facet normal 7.530715e-01 6.579387e-01 -0.000000e+00
    outer loop
      vertex   -1.837304e+01 -1.465201e+01 -2.600000e+01
      vertex   -1.837304e+01 -1.465201e+01 -1.820575e+01
      vertex   -1.698568e+01 -1.623997e+01 -2.600000e+01
    endloop
  endfacet
  facet normal 7.530715e-01 6.579387e-01 -0.000000e+00
    outer loop
      vertex   -1.698568e+01 -1.623997e+01 -2.600000e+01
      vertex   -1.837304e+01 -1.465201e+01 -1.820575e+01
      vertex   -1.698568e+01 -1.623997e+01 -1.820575e+01
    endloop
  endfacet
  facet normal 6.910626e-01 7.227949e-01 -0.000000e+00
    outer loop
      vertex   -1.698568e+01 -1.623997e+01 -2.600000e+01
      vertex   -1.698568e+01 -1.623997e+01 -1.820575e+01
      vertex   -1.546156e+01 -1.769718e+01 -2.600000e+01
    endloop
  endfacet
  facet normal 6.910626e-01 7.227949e-01 -0.000000e+00
    outer loop
      vertex   -1.546156e+01 -1.769718e+01 -2.600000e+01
      vertex   -1.698568e+01 -1.623997e+01 -1.820575e+01
      vertex   -1.546156e+01 -1.769718e+01 -1.820575e+01
    endloop
  endfacet
  facet normal 6.234898e-01 7.818315e-01 -0.000000e+00
    outer loop
      vertex   -1.546156e+01 -1.769718e+01 -2.600000e+01
      vertex   -1.546156e+01 -1.769718e+01 -1.820575e+01
      vertex   -1.381295e+01 -1.901190e+01 -2.600000e+01
    endloop
  endfacet
  facet normal 6.234898e-01 7.818315e-01 -0.000000e+00
    outer loop
      vertex   -1.381295e+01 -1.901190e+01 -2.600000e+01
      vertex   -1.546156e+01 -1.769718e+01 -1.820575e+01
      vertex   -1.381295e+01 -1.901190e+01 -1.820575e+01
    endloop
  endfacet
  facet normal 5.508970e-01 8.345733e-01 -0.000000e+00
    outer loop
      vertex   -1.381295e+01 -1.901190e+01 -2.600000e+01
      vertex   -1.381295e+01 -1.901190e+01 -1.820575e+01
      vertex   -1.205313e+01 -2.017355e+01 -2.600000e+01
    endloop
  endfacet
  facet normal 5.508970e-01 8.345733e-01 -0.000000e+00
    outer loop
      vertex   -1.205313e+01 -2.017355e+01 -2.600000e+01
      vertex   -1.381295e+01 -1.901190e+01 -1.820575e+01
      vertex   -1.205313e+01 -2.017355e+01 -1.820575e+01
    endloop
  endfacet
  facet normal 4.738687e-01 8.805955e-01 -0.000000e+00
    outer loop
      vertex   -1.205313e+01 -2.017355e+01 -2.600000e+01
      vertex   -1.205313e+01 -2.017355e+01 -1.820575e+01
      vertex   -1.019627e+01 -2.117277e+01 -2.600000e+01
    endloop
  endfacet
  facet normal 4.738687e-01 8.805955e-01 -0.000000e+00
    outer loop
      vertex   -1.019627e+01 -2.117277e+01 -2.600000e+01
      vertex   -1.205313e+01 -2.017355e+01 -1.820575e+01
      vertex   -1.019627e+01 -2.117277e+01 -1.820575e+01
    endloop
  endfacet
  facet normal 3.930250e-01 9.195278e-01 -0.000000e+00
    outer loop
      vertex   -1.019627e+01 -2.117277e+01 -2.600000e+01
      vertex   -1.019627e+01 -2.117277e+01 -1.820575e+01
      vertex   -8.257308e+00 -2.200152e+01 -2.600000e+01
    endloop
  endfacet
  facet normal 3.930250e-01 9.195278e-01 -0.000000e+00
    outer loop
      vertex   -8.257308e+00 -2.200152e+01 -2.600000e+01
      vertex   -1.019627e+01 -2.117277e+01 -1.820575e+01
      vertex   -8.257308e+00 -2.200152e+01 -1.820575e+01
    endloop
  endfacet
  facet normal 3.090170e-01 9.510565e-01 -0.000000e+00
    outer loop
      vertex   -8.257308e+00 -2.200152e+01 -2.600000e+01
      vertex   -8.257308e+00 -2.200152e+01 -1.820575e+01
      vertex   -6.251866e+00 -2.265313e+01 -2.600000e+01
    endloop
  endfacet
  facet normal 3.090170e-01 9.510565e-01 -0.000000e+00
    outer loop
      vertex   -6.251866e+00 -2.265313e+01 -2.600000e+01
      vertex   -8.257308e+00 -2.200152e+01 -1.820575e+01
      vertex   -6.251866e+00 -2.265313e+01 -1.820575e+01
    endloop
  endfacet
  facet normal 2.225209e-01 9.749279e-01 -0.000000e+00
    outer loop
      vertex   -6.251866e+00 -2.265313e+01 -2.600000e+01
      vertex   -6.251866e+00 -2.265313e+01 -1.820575e+01
      vertex   -4.196087e+00 -2.312235e+01 -2.600000e+01
    endloop
  endfacet
  facet normal 2.225209e-01 9.749279e-01 -0.000000e+00
    outer loop
      vertex   -4.196087e+00 -2.312235e+01 -2.600000e+01
      vertex   -6.251866e+00 -2.265313e+01 -1.820575e+01
      vertex   -4.196087e+00 -2.312235e+01 -1.820575e+01
    endloop
  endfacet
  facet normal 1.342333e-01 9.909498e-01 -0.000000e+00
    outer loop
      vertex   -4.196087e+00 -2.312235e+01 -2.600000e+01
      vertex   -4.196087e+00 -2.312235e+01 -1.820575e+01
      vertex   -2.106524e+00 -2.340540e+01 -2.600000e+01
    endloop
  endfacet
  facet normal 1.342333e-01 9.909498e-01 -0.000000e+00
    outer loop
      vertex   -2.106524e+00 -2.340540e+01 -2.600000e+01
      vertex   -4.196087e+00 -2.312235e+01 -1.820575e+01
      vertex   -2.106524e+00 -2.340540e+01 -1.820575e+01
    endloop
  endfacet
  facet normal 4.486483e-02 9.989931e-01 -0.000000e+00
    outer loop
      vertex   -2.106524e+00 -2.340540e+01 -2.600000e+01
      vertex   -2.106524e+00 -2.340540e+01 -1.820575e+01
      vertex   0.000000e+00 -2.350000e+01 -2.600000e+01
    endloop
  endfacet
  facet normal 4.486483e-02 9.989931e-01 -0.000000e+00
    outer loop
      vertex   0.000000e+00 -2.350000e+01 -2.600000e+01
      vertex   -2.106524e+00 -2.340540e+01 -1.820575e+01
      vertex   0.000000e+00 -2.350000e+01 -1.820575e+01
    endloop
  endfacet
  facet normal 0.000000e+00 -0.000000e+00 1.000000e+00
    outer loop
      vertex   0.000000e+00 2.059633e+01 -2.600000e+01
      vertex   0.000000e+00 2.350000e+01 -2.600000e+01
      vertex   -1.957806e+00 2.050307e+01 -2.600000e+01
    endloop
  endfacet
  facet normal 0.000000e+00 -0.000000e+00 1.000000e+00
    outer loop
      vertex   -1.957806e+00 2.050307e+01 -2.600000e+01
      vertex   0.000000e+00 2.350000e+01 -2.600000e+01
      vertex   -2.106524e+00 2.340540e+01 -2.600000e+01
    endloop
  endfacet
  facet normal 0.000000e+00 0.000000e+00 1.000000e+00
    outer loop
      vertex   -1.957806e+00 2.050307e+01 -2.600000e+01
      vertex   -2.106524e+00 2.340540e+01 -2.600000e+01
      vertex   -3.897881e+00 2.022413e+01 -2.600000e+01
    endloop
  endfacet
  facet normal 0.000000e+00 -0.000000e+00 1.000000e+00
    outer loop
      vertex   -3.897881e+00 2.022413e+01 -2.600000e+01
      vertex   -2.106524e+00 2.340540e+01 -2.600000e+01
      vertex   -4.196087e+00 2.312235e+01 -2.600000e+01
    endloop
  endfacet
  facet normal 0.000000e+00 0.000000e+00 1.000000e+00
    outer loop
      vertex   -3.897881e+00 2.022413e+01 -2.600000e+01
      vertex   -4.196087e+00 2.312235e+01 -2.600000e+01
      vertex   -5.802657e+00 1.976203e+01 -2.600000e+01
    endloop
  endfacet
  facet normal 0.000000e+00 -0.000000e+00 1.000000e+00
    outer loop
      vertex   -5.802657e+00 1.976203e+01 -2.600000e+01
      vertex   -4.196087e+00 2.312235e+01 -2.600000e+01
      vertex   -6.251866e+00 2.265313e+01 -2.600000e+01
    endloop
  endfacet
  facet normal 0.000000e+00 0.000000e+00 1.000000e+00
    outer loop
      vertex   -5.802657e+00 1.976203e+01 -2.600000e+01
      vertex   -6.251866e+00 2.265313e+01 -2.600000e+01
      vertex   -7.654882e+00 1.912097e+01 -2.600000e+01
    endloop
  endfacet
  facet normal 0.000000e+00 -0.000000e+00 1.000000e+00
    outer loop
      vertex   -7.654882e+00 1.912097e+01 -2.600000e+01
      vertex   -6.251866e+00 2.265313e+01 -2.600000e+01
      vertex   -8.257308e+00 2.200152e+01 -2.600000e+01
    endloop
  endfacet
  facet normal 0.000000e+00 0.000000e+00 1.000000e+00
    outer loop
      vertex   -7.654882e+00 1.912097e+01 -2.600000e+01
      vertex   -8.257308e+00 2.200152e+01 -2.600000e+01
      vertex   -9.437784e+00 1.830675e+01 -2.600000e+01
    endloop
  endfacet
  facet normal 0.000000e+00 -0.000000e+00 1.000000e+00
    outer loop
      vertex   -9.437784e+00 1.830675e+01 -2.600000e+01
      vertex   -8.257308e+00 2.200152e+01 -2.600000e+01
      vertex   -1.019627e+01 2.117277e+01 -2.600000e+01
    endloop
  endfacet
  facet normal 0.000000e+00 0.000000e+00 1.000000e+00
    outer loop
      vertex   -9.437784e+00 1.830675e+01 -2.600000e+01
      vertex   -1.019627e+01 2.117277e+01 -2.600000e+01
      vertex   -1.113522e+01 1.732673e+01 -2.600000e+01
    endloop
  endfacet
  facet normal 0.000000e+00 -0.000000e+00 1.000000e+00
    outer loop
      vertex   -1.113522e+01 1.732673e+01 -2.600000e+01
      vertex   -1.019627e+01 2.117277e+01 -2.600000e+01
      vertex   -1.205313e+01 2.017355e+01 -2.600000e+01
    endloop
  endfacet
  facet normal 0.000000e+00 0.000000e+00 1.000000e+00
    outer loop
      vertex   -1.113522e+01 1.732673e+01 -2.600000e+01
      vertex   -1.205313e+01 2.017355e+01 -2.600000e+01
      vertex   -1.273181e+01 1.618981e+01 -2.600000e+01
    endloop
  endfacet
  facet normal 0.000000e+00 -0.000000e+00 1.000000e+00
    outer loop
      vertex   -1.273181e+01 1.618981e+01 -2.600000e+01
      vertex   -1.205313e+01 2.017355e+01 -2.600000e+01
      vertex   -1.381295e+01 1.901190e+01 -2.600000e+01
    endloop
  endfacet
  facet normal 0.000000e+00 0.000000e+00 1.000000e+00
    outer loop
      vertex   -1.273181e+01 1.618981e+01 -2.600000e+01
      vertex   -1.381295e+01 1.901190e+01 -2.600000e+01
      vertex   -1.421309e+01 1.490626e+01 -2.600000e+01
    endloop
  endfacet
  facet normal 0.000000e+00 -0.000000e+00 1.000000e+00
    outer loop
      vertex   -1.421309e+01 1.490626e+01 -2.600000e+01
      vertex   -1.381295e+01 1.901190e+01 -2.600000e+01
      vertex   -1.546156e+01 1.769718e+01 -2.600000e+01
    endloop
  endfacet
  facet normal 0.000000e+00 0.000000e+00 1.000000e+00
    outer loop
      vertex   -1.421309e+01 1.490626e+01 -2.600000e+01
      vertex   -1.546156e+01 1.769718e+01 -2.600000e+01
      vertex   -1.556567e+01 1.348773e+01 -2.600000e+01
    endloop
  endfacet
  facet normal 0.000000e+00 -0.000000e+00 1.000000e+00
    outer loop
      vertex   -1.556567e+01 1.348773e+01 -2.600000e+01
      vertex   -1.546156e+01 1.769718e+01 -2.600000e+01
      vertex   -1.698568e+01 1.623997e+01 -2.600000e+01
    endloop
  endfacet
  facet normal 0.000000e+00 0.000000e+00 1.000000e+00
    outer loop
      vertex   -1.556567e+01 1.348773e+01 -2.600000e+01
      vertex   -1.698568e+01 1.623997e+01 -2.600000e+01
      vertex   -1.677727e+01 1.194704e+01 -2.600000e+01
    endloop
  endfacet
  facet normal 0.000000e+00 0.000000e+00 1.000000e+00
    outer loop
      vertex   -1.677727e+01 1.194704e+01 -2.600000e+01
      vertex   -1.698568e+01 1.623997e+01 -2.600000e+01
      vertex   -1.837304e+01 1.465201e+01 -2.600000e+01
    endloop
  endfacet
  facet normal 0.000000e+00 0.000000e+00 1.000000e+00
    outer loop
      vertex   -1.677727e+01 1.194704e+01 -2.600000e+01
      vertex   -1.837304e+01 1.465201e+01 -2.600000e+01
      vertex   -1.783694e+01 1.029816e+01 -2.600000e+01
    endloop
  endfacet
  facet normal 0.000000e+00 0.000000e+00 1.000000e+00
    outer loop
      vertex   -1.783694e+01 1.029816e+01 -2.600000e+01
      vertex   -1.837304e+01 1.465201e+01 -2.600000e+01
      vertex   -1.961247e+01 1.294608e+01 -2.600000e+01
    endloop
  endfacet
  facet normal 0.000000e+00 0.000000e+00 1.000000e+00
    outer loop
      vertex   -1.783694e+01 1.029816e+01 -2.600000e+01
      vertex   -1.961247e+01 1.294608e+01 -2.600000e+01
      vertex   -1.873508e+01 8.556024e+00 -2.600000e+01
    endloop
  endfacet
  facet normal 0.000000e+00 0.000000e+00 1.000000e+00
    outer loop
      vertex   -1.873508e+01 8.556024e+00 -2.600000e+01
      vertex   -1.961247e+01 1.294608e+01 -2.600000e+01
      vertex   -2.069400e+01 1.113591e+01 -2.600000e+01
    endloop
  endfacet
  facet normal 0.000000e+00 0.000000e+00 1.000000e+00
    outer loop
      vertex   -1.873508e+01 8.556024e+00 -2.600000e+01
      vertex   -2.069400e+01 1.113591e+01 -2.600000e+01
      vertex   -1.946355e+01 6.736399e+00 -2.600000e+01
    endloop
  endfacet
  facet normal 0.000000e+00 0.000000e+00 1.000000e+00
    outer loop
      vertex   -1.946355e+01 6.736399e+00 -2.600000e+01
      vertex   -2.069400e+01 1.113591e+01 -2.600000e+01
      vertex   -2.160890e+01 9.236088e+00 -2.600000e+01
    endloop
  endfacet
  facet normal 0.000000e+00 0.000000e+00 1.000000e+00
    outer loop
      vertex   -1.946355e+01 6.736399e+00 -2.600000e+01
      vertex   -2.160890e+01 9.236088e+00 -2.600000e+01
      vertex   -2.001575e+01 4.855769e+00 -2.600000e+01
    endloop
  endfacet
  facet normal 0.000000e+00 0.000000e+00 1.000000e+00
    outer loop
      vertex   -2.001575e+01 4.855769e+00 -2.600000e+01
      vertex   -2.160890e+01 9.236088e+00 -2.600000e+01
      vertex   -2.234983e+01 7.261899e+00 -2.600000e+01
    endloop
  endfacet
  facet normal 0.000000e+00 0.000000e+00 1.000000e+00
    outer loop
      vertex   -2.001575e+01 4.855769e+00 -2.600000e+01
      vertex   -2.234983e+01 7.261899e+00 -2.600000e+01
      vertex   -2.291081e+01 5.229242e+00 -2.600000e+01
    endloop
  endfacet
  facet normal 0.000000e+00 0.000000e+00 1.000000e+00
    outer loop
      vertex   -2.001575e+01 4.855769e+00 -2.600000e+01
      vertex   -2.291081e+01 5.229242e+00 -2.600000e+01
      vertex   -2.038669e+01 2.931163e+00 -2.600000e+01
    endloop
  endfacet
  facet normal 0.000000e+00 0.000000e+00 1.000000e+00
    outer loop
      vertex   -2.038669e+01 2.931163e+00 -2.600000e+01
      vertex   -2.291081e+01 5.229242e+00 -2.600000e+01
      vertex   -2.328732e+01 3.154482e+00 -2.600000e+01
    endloop
  endfacet
  facet normal 0.000000e+00 0.000000e+00 1.000000e+00
    outer loop
      vertex   -2.038669e+01 2.931163e+00 -2.600000e+01
      vertex   -2.328732e+01 3.154482e+00 -2.600000e+01
      vertex   -2.057300e+01 9.800128e-01 -2.600000e+01
    endloop
  endfacet
  facet normal 0.000000e+00 0.000000e+00 1.000000e+00
    outer loop
      vertex   -2.057300e+01 9.800128e-01 -2.600000e+01
      vertex   -2.328732e+01 3.154482e+00 -2.600000e+01
      vertex   -2.347634e+01 1.054323e+00 -2.600000e+01
    endloop
  endfacet
  facet normal 0.000000e+00 0.000000e+00 1.000000e+00
    outer loop
      vertex   -2.057300e+01 9.800128e-01 -2.600000e+01
      vertex   -2.347634e+01 1.054323e+00 -2.600000e+01
      vertex   -2.057300e+01 -9.800128e-01 -2.600000e+01
    endloop
  endfacet
  facet normal 0.000000e+00 0.000000e+00 1.000000e+00
    outer loop
      vertex   -2.057300e+01 -9.800128e-01 -2.600000e+01
      vertex   -2.347634e+01 1.054323e+00 -2.600000e+01
      vertex   -2.347634e+01 -1.054324e+00 -2.600000e+01
    endloop
  endfacet
  facet normal 0.000000e+00 0.000000e+00 1.000000e+00
    outer loop
      vertex   -2.057300e+01 -9.800128e-01 -2.600000e+01
      vertex   -2.347634e+01 -1.054324e+00 -2.600000e+01
      vertex   -2.328732e+01 -3.154482e+00 -2.600000e+01
    endloop
  endfacet
  facet normal 0.000000e+00 0.000000e+00 1.000000e+00
    outer loop
      vertex   -2.057300e+01 -9.800128e-01 -2.600000e+01
      vertex   -2.328732e+01 -3.154482e+00 -2.600000e+01
      vertex   -2.038669e+01 -2.931163e+00 -2.600000e+01
    endloop
  endfacet
  facet normal 0.000000e+00 0.000000e+00 1.000000e+00
    outer loop
      vertex   -2.038669e+01 -2.931163e+00 -2.600000e+01
      vertex   -2.328732e+01 -3.154482e+00 -2.600000e+01
      vertex   -2.291081e+01 -5.229242e+00 -2.600000e+01
    endloop
  endfacet
  facet normal 0.000000e+00 0.000000e+00 1.000000e+00
    outer loop
      vertex   -2.038669e+01 -2.931163e+00 -2.600000e+01
      vertex   -2.291081e+01 -5.229242e+00 -2.600000e+01
      vertex   -2.001575e+01 -4.855769e+00 -2.600000e+01
    endloop
  endfacet
  facet normal 0.000000e+00 0.000000e+00 1.000000e+00
    outer loop
      vertex   -2.001575e+01 -4.855769e+00 -2.600000e+01
      vertex   -2.291081e+01 -5.229242e+00 -2.600000e+01
      vertex   -2.234983e+01 -7.261899e+00 -2.600000e+01
    endloop
  endfacet
  facet normal 0.000000e+00 0.000000e+00 1.000000e+00
    outer loop
      vertex   -2.001575e+01 -4.855769e+00 -2.600000e+01
      vertex   -2.234983e+01 -7.261899e+00 -2.600000e+01
      vertex   -2.160890e+01 -9.236088e+00 -2.600000e+01
    endloop
  endfacet
  facet normal 0.000000e+00 0.000000e+00 1.000000e+00
    outer loop
      vertex   -2.001575e+01 -4.855769e+00 -2.600000e+01
      vertex   -2.160890e+01 -9.236088e+00 -2.600000e+01
      vertex   -1.946355e+01 -6.736399e+00 -2.600000e+01
    endloop
  endfacet
  facet normal 0.000000e+00 0.000000e+00 1.000000e+00
    outer loop
      vertex   -1.946355e+01 -6.736399e+00 -2.600000e+01
      vertex   -2.160890e+01 -9.236088e+00 -2.600000e+01
      vertex   -2.069400e+01 -1.113591e+01 -2.600000e+01
    endloop
  endfacet
  facet normal 0.000000e+00 0.000000e+00 1.000000e+00
    outer loop
      vertex   -1.946355e+01 -6.736399e+00 -2.600000e+01
      vertex   -2.069400e+01 -1.113591e+01 -2.600000e+01
      vertex   -1.873508e+01 -8.556024e+00 -2.600000e+01
    endloop
  endfacet
  facet normal 0.000000e+00 0.000000e+00 1.000000e+00
    outer loop
      vertex   -1.873508e+01 -8.556024e+00 -2.600000e+01
      vertex   -2.069400e+01 -1.113591e+01 -2.600000e+01
      vertex   -1.961247e+01 -1.294608e+01 -2.600000e+01
    endloop
  endfacet
  facet normal 0.000000e+00 0.000000e+00 1.000000e+00
    outer loop
      vertex   -1.873508e+01 -8.556024e+00 -2.600000e+01
      vertex   -1.961247e+01 -1.294608e+01 -2.600000e+01
      vertex   -1.783694e+01 -1.029816e+01 -2.600000e+01
    endloop
  endfacet
  facet normal 0.000000e+00 0.000000e+00 1.000000e+00
    outer loop
      vertex   -1.783694e+01 -1.029816e+01 -2.600000e+01
      vertex   -1.961247e+01 -1.294608e+01 -2.600000e+01
      vertex   -1.837304e+01 -1.465201e+01 -2.600000e+01
    endloop
  endfacet
  facet normal 0.000000e+00 0.000000e+00 1.000000e+00
    outer loop
      vertex   -1.783694e+01 -1.029816e+01 -2.600000e+01
      vertex   -1.837304e+01 -1.465201e+01 -2.600000e+01
      vertex   -1.677727e+01 -1.194704e+01 -2.600000e+01
    endloop
  endfacet
  facet normal 0.000000e+00 0.000000e+00 1.000000e+00
    outer loop
      vertex   -1.677727e+01 -1.194704e+01 -2.600000e+01
      vertex   -1.837304e+01 -1.465201e+01 -2.600000e+01
      vertex   -1.698568e+01 -1.623997e+01 -2.600000e+01
    endloop
  endfacet
  facet normal 0.000000e+00 0.000000e+00 1.000000e+00
    outer loop
      vertex   -1.677727e+01 -1.194704e+01 -2.600000e+01
      vertex   -1.698568e+01 -1.623997e+01 -2.600000e+01
      vertex   -1.556567e+01 -1.348773e+01 -2.600000e+01
    endloop
  endfacet
  facet normal 0.000000e+00 0.000000e+00 1.000000e+00
    outer loop
      vertex   -1.556567e+01 -1.348773e+01 -2.600000e+01
      vertex   -1.698568e+01 -1.623997e+01 -2.600000e+01
      vertex   -1.546156e+01 -1.769718e+01 -2.600000e+01
    endloop
  endfacet
  facet normal 0.000000e+00 0.000000e+00 1.000000e+00
    outer loop
      vertex   -1.556567e+01 -1.348773e+01 -2.600000e+01
      vertex   -1.546156e+01 -1.769718e+01 -2.600000e+01
      vertex   -1.421309e+01 -1.490626e+01 -2.600000e+01
    endloop
  endfacet
  facet normal 0.000000e+00 0.000000e+00 1.000000e+00
    outer loop
      vertex   -1.421309e+01 -1.490626e+01 -2.600000e+01
      vertex   -1.546156e+01 -1.769718e+01 -2.600000e+01
      vertex   -1.381295e+01 -1.901190e+01 -2.600000e+01
    endloop
  endfacet
  facet normal 0.000000e+00 0.000000e+00 1.000000e+00
    outer loop
      vertex   -1.421309e+01 -1.490626e+01 -2.600000e+01
      vertex   -1.381295e+01 -1.901190e+01 -2.600000e+01
      vertex   -1.273181e+01 -1.618981e+01 -2.600000e+01
    endloop
  endfacet
  facet normal 0.000000e+00 0.000000e+00 1.000000e+00
    outer loop
      vertex   -1.273181e+01 -1.618981e+01 -2.600000e+01
      vertex   -1.381295e+01 -1.901190e+01 -2.600000e+01
      vertex   -1.205313e+01 -2.017355e+01 -2.600000e+01
    endloop
  endfacet
  facet normal 0.000000e+00 0.000000e+00 1.000000e+00
    outer loop
      vertex   -1.273181e+01 -1.618981e+01 -2.600000e+01
      vertex   -1.205313e+01 -2.017355e+01 -2.600000e+01
      vertex   -1.113522e+01 -1.732673e+01 -2.600000e+01
    endloop
  endfacet
  facet normal 0.000000e+00 0.000000e+00 1.000000e+00
    outer loop
      vertex   -1.113522e+01 -1.732673e+01 -2.600000e+01
      vertex   -1.205313e+01 -2.017355e+01 -2.600000e+01
      vertex   -1.019627e+01 -2.117277e+01 -2.600000e+01
    endloop
  endfacet
  facet normal 0.000000e+00 0.000000e+00 1.000000e+00
    outer loop
      vertex   -1.113522e+01 -1.732673e+01 -2.600000e+01
      vertex   -1.019627e+01 -2.117277e+01 -2.600000e+01
      vertex   -9.437784e+00 -1.830675e+01 -2.600000e+01
    endloop
  endfacet
  facet normal 0.000000e+00 0.000000e+00 1.000000e+00
    outer loop
      vertex   -9.437784e+00 -1.830675e+01 -2.600000e+01
      vertex   -1.019627e+01 -2.117277e+01 -2.600000e+01
      vertex   -8.257308e+00 -2.200152e+01 -2.600000e+01
    endloop
  endfacet
  facet normal 0.000000e+00 0.000000e+00 1.000000e+00
    outer loop
      vertex   -9.437784e+00 -1.830675e+01 -2.600000e+01
      vertex   -8.257308e+00 -2.200152e+01 -2.600000e+01
      vertex   -7.654882e+00 -1.912097e+01 -2.600000e+01
    endloop
  endfacet
  facet normal 0.000000e+00 0.000000e+00 1.000000e+00
    outer loop
      vertex   -7.654882e+00 -1.912097e+01 -2.600000e+01
      vertex   -8.257308e+00 -2.200152e+01 -2.600000e+01
      vertex   -6.251866e+00 -2.265313e+01 -2.600000e+01
    endloop
  endfacet
  facet normal 0.000000e+00 0.000000e+00 1.000000e+00
    outer loop
      vertex   -7.654882e+00 -1.912097e+01 -2.600000e+01
      vertex   -6.251866e+00 -2.265313e+01 -2.600000e+01
      vertex   -5.802657e+00 -1.976203e+01 -2.600000e+01
    endloop
  endfacet
  facet normal 0.000000e+00 0.000000e+00 1.000000e+00
    outer loop
      vertex   -5.802657e+00 -1.976203e+01 -2.600000e+01
      vertex   -6.251866e+00 -2.265313e+01 -2.600000e+01
      vertex   -4.196087e+00 -2.312235e+01 -2.600000e+01
    endloop
  endfacet
  facet normal 0.000000e+00 0.000000e+00 1.000000e+00
    outer loop
      vertex   -5.802657e+00 -1.976203e+01 -2.600000e+01
      vertex   -4.196087e+00 -2.312235e+01 -2.600000e+01
      vertex   -3.897881e+00 -2.022413e+01 -2.600000e+01
    endloop
  endfacet
  facet normal 0.000000e+00 0.000000e+00 1.000000e+00
    outer loop
      vertex   -3.897881e+00 -2.022413e+01 -2.600000e+01
      vertex   -4.196087e+00 -2.312235e+01 -2.600000e+01
      vertex   -2.106524e+00 -2.340540e+01 -2.600000e+01
    endloop
  endfacet
  facet normal 0.000000e+00 0.000000e+00 1.000000e+00
    outer loop
      vertex   -3.897881e+00 -2.022413e+01 -2.600000e+01
      vertex   -2.106524e+00 -2.340540e+01 -2.600000e+01
      vertex   -1.957806e+00 -2.050307e+01 -2.600000e+01
    endloop
  endfacet
  facet normal 0.000000e+00 0.000000e+00 1.000000e+00
    outer loop
      vertex   -1.957806e+00 -2.050307e+01 -2.600000e+01
      vertex   -2.106524e+00 -2.340540e+01 -2.600000e+01
      vertex   0.000000e+00 -2.350000e+01 -2.600000e+01
    endloop
  endfacet
  facet normal 0.000000e+00 0.000000e+00 1.000000e+00
    outer loop
      vertex   -1.957806e+00 -2.050307e+01 -2.600000e+01
      vertex   0.000000e+00 -2.350000e+01 -2.600000e+01
      vertex   0.000000e+00 -2.059633e+01 -2.600000e+01
    endloop
  endfacet
  facet normal 4.758192e-02 -9.988673e-01 0.000000e+00
    outer loop
      vertex   0.000000e+00 2.059633e+01 -3.600000e+01
      vertex   0.000000e+00 2.059633e+01 -2.600000e+01
      vertex   -1.957806e+00 2.050307e+01 -3.600000e+01
    endloop
  endfacet
  facet normal 4.758192e-02 -9.988673e-01 2.007408e-17
    outer loop
      vertex   -1.957806e+00 2.050307e+01 -3.600000e+01
      vertex   0.000000e+00 2.059633e+01 -2.600000e+01
      vertex   -1.957806e+00 2.050307e+01 -2.600000e+01
    endloop
  endfacet
  facet normal 1.423148e-01 -9.898214e-01 6.004046e-17
    outer loop
      vertex   -1.957806e+00 2.050307e+01 -3.600000e+01
      vertex   -1.957806e+00 2.050307e+01 -2.600000e+01
      vertex   -3.897881e+00 2.022413e+01 -3.600000e+01
    endloop
  endfacet
  facet normal 1.423148e-01 -9.898214e-01 2.758146e-16
    outer loop
      vertex   -3.897881e+00 2.022413e+01 -3.600000e+01
      vertex   -1.957806e+00 2.050307e+01 -2.600000e+01
      vertex   -3.897881e+00 2.022413e+01 -2.600000e+01
    endloop
  endfacet
  facet normal 2.357589e-01 -9.718116e-01 2.196192e-16
    outer loop
      vertex   -3.897881e+00 2.022413e+01 -3.600000e+01
      vertex   -3.897881e+00 2.022413e+01 -2.600000e+01
      vertex   -5.802657e+00 1.976203e+01 -3.600000e+01
    endloop
  endfacet
  facet normal 2.357589e-01 -9.718116e-01 8.375840e-17
    outer loop
      vertex   -5.802657e+00 1.976203e+01 -3.600000e+01
      vertex   -3.897881e+00 2.022413e+01 -2.600000e+01
      vertex   -5.802657e+00 1.976203e+01 -2.600000e+01
    endloop
  endfacet
  facet normal 3.270680e-01 -9.450008e-01 1.161979e-16
    outer loop
      vertex   -5.802657e+00 1.976203e+01 -3.600000e+01
      vertex   -5.802657e+00 1.976203e+01 -2.600000e+01
      vertex   -7.654882e+00 1.912097e+01 -3.600000e+01
    endloop
  endfacet
  facet normal 3.270680e-01 -9.450008e-01 -4.191139e-17
    outer loop
      vertex   -7.654882e+00 1.912097e+01 -3.600000e+01
      vertex   -5.802657e+00 1.976203e+01 -2.600000e+01
      vertex   -7.654882e+00 1.912097e+01 -2.600000e+01
    endloop
  endfacet
  facet normal 4.154150e-01 -9.096320e-01 -1.564852e-16
    outer loop
      vertex   -7.654882e+00 1.912097e+01 -3.600000e+01
      vertex   -7.654882e+00 1.912097e+01 -2.600000e+01
      vertex   -9.437784e+00 1.830675e+01 -3.600000e+01
    endloop
  endfacet
  facet normal 4.154150e-01 -9.096320e-01 1.017886e-16
    outer loop
      vertex   -9.437784e+00 1.830675e+01 -3.600000e+01
      vertex   -7.654882e+00 1.912097e+01 -2.600000e+01
      vertex   -9.437784e+00 1.830675e+01 -2.600000e+01
    endloop
  endfacet
  facet normal 5.000000e-01 -8.660254e-01 4.122050e-17
    outer loop
      vertex   -9.437784e+00 1.830675e+01 -3.600000e+01
      vertex   -9.437784e+00 1.830675e+01 -2.600000e+01
      vertex   -1.113522e+01 1.732673e+01 -3.600000e+01
    endloop
  endfacet
  facet normal 5.000000e-01 -8.660254e-01 8.881784e-17
    outer loop
      vertex   -1.113522e+01 1.732673e+01 -3.600000e+01
      vertex   -9.437784e+00 1.830675e+01 -2.600000e+01
      vertex   -1.113522e+01 1.732673e+01 -2.600000e+01
    endloop
  endfacet
  facet normal 5.800569e-01 -8.145760e-01 1.030388e-16
    outer loop
      vertex   -1.113522e+01 1.732673e+01 -3.600000e+01
      vertex   -1.113522e+01 1.732673e+01 -2.600000e+01
      vertex   -1.273181e+01 1.618981e+01 -3.600000e+01
    endloop
  endfacet
  facet normal 5.800569e-01 -8.145760e-01 8.331790e-17
    outer loop
      vertex   -1.273181e+01 1.618981e+01 -3.600000e+01
      vertex   -1.113522e+01 1.732673e+01 -2.600000e+01
      vertex   -1.273181e+01 1.618981e+01 -2.600000e+01
    endloop
  endfacet
  facet normal 6.548607e-01 -7.557496e-01 3.584292e-17
    outer loop
      vertex   -1.273181e+01 1.618981e+01 -3.600000e+01
      vertex   -1.273181e+01 1.618981e+01 -2.600000e+01
      vertex   -1.421309e+01 1.490626e+01 -3.600000e+01
    endloop
  endfacet
  facet normal 6.548607e-01 -7.557496e-01 5.376437e-17
    outer loop
      vertex   -1.421309e+01 1.490626e+01 -3.600000e+01
      vertex   -1.273181e+01 1.618981e+01 -2.600000e+01
      vertex   -1.421309e+01 1.490626e+01 -2.600000e+01
    endloop
  endfacet
  facet normal 7.237340e-01 -6.900790e-01 -1.793500e-17
    outer loop
      vertex   -1.421309e+01 1.490626e+01 -3.600000e+01
      vertex   -1.421309e+01 1.490626e+01 -2.600000e+01
      vertex   -1.556567e+01 1.348773e+01 -3.600000e+01
    endloop
  endfacet
  facet normal 7.237340e-01 -6.900790e-01 1.046477e-16
    outer loop
      vertex   -1.556567e+01 1.348773e+01 -3.600000e+01
      vertex   -1.421309e+01 1.490626e+01 -2.600000e+01
      vertex   -1.556567e+01 1.348773e+01 -2.600000e+01
    endloop
  endfacet
  facet normal 7.860531e-01 -6.181590e-01 2.033514e-17
    outer loop
      vertex   -1.556567e+01 1.348773e+01 -3.600000e+01
      vertex   -1.556567e+01 1.348773e+01 -2.600000e+01
      vertex   -1.677727e+01 1.194704e+01 -3.600000e+01
    endloop
  endfacet
  facet normal 7.860531e-01 -6.181590e-01 5.015912e-17
    outer loop
      vertex   -1.677727e+01 1.194704e+01 -3.600000e+01
      vertex   -1.556567e+01 1.348773e+01 -2.600000e+01
      vertex   -1.677727e+01 1.194704e+01 -2.600000e+01
    endloop
  endfacet
  facet normal 8.412535e-01 -5.406408e-01 -1.076199e-17
    outer loop
      vertex   -1.677727e+01 1.194704e+01 -3.600000e+01
      vertex   -1.677727e+01 1.194704e+01 -2.600000e+01
      vertex   -1.783694e+01 1.029816e+01 -3.600000e+01
    endloop
  endfacet
  facet normal 8.412535e-01 -5.406408e-01 -1.920742e-16
    outer loop
      vertex   -1.783694e+01 1.029816e+01 -3.600000e+01
      vertex   -1.677727e+01 1.194704e+01 -2.600000e+01
      vertex   -1.783694e+01 1.029816e+01 -2.600000e+01
    endloop
  endfacet
  facet normal 8.888354e-01 -4.582265e-01 -1.627948e-16
    outer loop
      vertex   -1.783694e+01 1.029816e+01 -3.600000e+01
      vertex   -1.783694e+01 1.029816e+01 -2.600000e+01
      vertex   -1.873508e+01 8.556024e+00 -3.600000e+01
    endloop
  endfacet
  facet normal 8.888354e-01 -4.582265e-01 8.139738e-17
    outer loop
      vertex   -1.873508e+01 8.556024e+00 -3.600000e+01
      vertex   -1.783694e+01 1.029816e+01 -2.600000e+01
      vertex   -1.873508e+01 8.556024e+00 -2.600000e+01
    endloop
  endfacet
  facet normal 9.283679e-01 -3.716625e-01 6.602051e-17
    outer loop
      vertex   -1.873508e+01 8.556024e+00 -3.600000e+01
      vertex   -1.873508e+01 8.556024e+00 -2.600000e+01
      vertex   -1.946355e+01 6.736399e+00 -3.600000e+01
    endloop
  endfacet
  facet normal 9.283679e-01 -3.716625e-01 1.650513e-16
    outer loop
      vertex   -1.946355e+01 6.736399e+00 -3.600000e+01
      vertex   -1.873508e+01 8.556024e+00 -2.600000e+01
      vertex   -1.946355e+01 6.736399e+00 -2.600000e+01
    endloop
  endfacet
  facet normal 9.594930e-01 -2.817326e-01 1.251144e-16
    outer loop
      vertex   -1.946355e+01 6.736399e+00 -3.600000e+01
      vertex   -1.946355e+01 6.736399e+00 -2.600000e+01
      vertex   -2.001575e+01 4.855769e+00 -3.600000e+01
    endloop
  endfacet
  facet normal 9.594930e-01 -2.817326e-01 1.501373e-16
    outer loop
      vertex   -2.001575e+01 4.855769e+00 -3.600000e+01
      vertex   -1.946355e+01 6.736399e+00 -2.600000e+01
      vertex   -2.001575e+01 4.855769e+00 -2.600000e+01
    endloop
  endfacet
  facet normal 9.819287e-01 -1.892512e-01 1.008533e-16
    outer loop
      vertex   -2.001575e+01 4.855769e+00 -3.600000e+01
      vertex   -2.001575e+01 4.855769e+00 -2.600000e+01
      vertex   -2.038669e+01 2.931163e+00 -3.600000e+01
    endloop
  endfacet
  facet normal 9.819287e-01 -1.892512e-01 8.404444e-17
    outer loop
      vertex   -2.038669e+01 2.931163e+00 -3.600000e+01
      vertex   -2.001575e+01 4.855769e+00 -2.600000e+01
      vertex   -2.038669e+01 2.931163e+00 -2.600000e+01
    endloop
  endfacet
  facet normal 9.954719e-01 -9.505604e-02 4.221336e-17
    outer loop
      vertex   -2.038669e+01 2.931163e+00 -3.600000e+01
      vertex   -2.038669e+01 2.931163e+00 -2.600000e+01
      vertex   -2.057300e+01 9.800128e-01 -3.600000e+01
    endloop
  endfacet
  facet normal 9.954719e-01 -9.505604e-02 4.854537e-17
    outer loop
      vertex   -2.057300e+01 9.800128e-01 -3.600000e+01
      vertex   -2.038669e+01 2.931163e+00 -2.600000e+01
      vertex   -2.057300e+01 9.800128e-01 -2.600000e+01
    endloop
  endfacet
  facet normal 1.000000e+00 0.000000e+00 -0.000000e+00
    outer loop
      vertex   -2.057300e+01 9.800128e-01 -3.600000e+01
      vertex   -2.057300e+01 9.800128e-01 -2.600000e+01
      vertex   -2.057300e+01 -9.800128e-01 -3.600000e+01
    endloop
  endfacet
  facet normal 1.000000e+00 0.000000e+00 0.000000e+00
    outer loop
      vertex   -2.057300e+01 -9.800128e-01 -3.600000e+01
      vertex   -2.057300e+01 9.800128e-01 -2.600000e+01
      vertex   -2.057300e+01 -9.800128e-01 -2.600000e+01
    endloop
  endfacet
  facet normal 9.954719e-01 9.505604e-02 -4.854537e-17
    outer loop
      vertex   -2.057300e+01 -9.800128e-01 -3.600000e+01
      vertex   -2.057300e+01 -9.800128e-01 -2.600000e+01
      vertex   -2.038669e+01 -2.931163e+00 -3.600000e+01
    endloop
  endfacet
  facet normal 9.954719e-01 9.505604e-02 -4.221336e-17
    outer loop
      vertex   -2.038669e+01 -2.931163e+00 -3.600000e+01
      vertex   -2.057300e+01 -9.800128e-01 -2.600000e+01
      vertex   -2.038669e+01 -2.931163e+00 -2.600000e+01
    endloop
  endfacet
  facet normal 9.819287e-01 1.892512e-01 -8.404444e-17
    outer loop
      vertex   -2.038669e+01 -2.931163e+00 -3.600000e+01
      vertex   -2.038669e+01 -2.931163e+00 -2.600000e+01
      vertex   -2.001575e+01 -4.855769e+00 -3.600000e+01
    endloop
  endfacet
  facet normal 9.819287e-01 1.892512e-01 -1.008533e-16
    outer loop
      vertex   -2.001575e+01 -4.855769e+00 -3.600000e+01
      vertex   -2.038669e+01 -2.931163e+00 -2.600000e+01
      vertex   -2.001575e+01 -4.855769e+00 -2.600000e+01
    endloop
  endfacet
  facet normal 9.594930e-01 2.817326e-01 -1.501373e-16
    outer loop
      vertex   -2.001575e+01 -4.855769e+00 -3.600000e+01
      vertex   -2.001575e+01 -4.855769e+00 -2.600000e+01
      vertex   -1.946355e+01 -6.736399e+00 -3.600000e+01
    endloop
  endfacet
  facet normal 9.594930e-01 2.817326e-01 -1.251144e-16
    outer loop
      vertex   -1.946355e+01 -6.736399e+00 -3.600000e+01
      vertex   -2.001575e+01 -4.855769e+00 -2.600000e+01
      vertex   -1.946355e+01 -6.736399e+00 -2.600000e+01
    endloop
  endfacet
  facet normal 9.283679e-01 3.716625e-01 -1.650513e-16
    outer loop
      vertex   -1.946355e+01 -6.736399e+00 -3.600000e+01
      vertex   -1.946355e+01 -6.736399e+00 -2.600000e+01
      vertex   -1.873508e+01 -8.556024e+00 -3.600000e+01
    endloop
  endfacet
  facet normal 9.283679e-01 3.716625e-01 -6.602051e-17
    outer loop
      vertex   -1.873508e+01 -8.556024e+00 -3.600000e+01
      vertex   -1.946355e+01 -6.736399e+00 -2.600000e+01
      vertex   -1.873508e+01 -8.556024e+00 -2.600000e+01
    endloop
  endfacet
  facet normal 8.888354e-01 4.582265e-01 -8.139738e-17
    outer loop
      vertex   -1.873508e+01 -8.556024e+00 -3.600000e+01
      vertex   -1.873508e+01 -8.556024e+00 -2.600000e+01
      vertex   -1.783694e+01 -1.029816e+01 -3.600000e+01
    endloop
  endfacet
  facet normal 8.888354e-01 4.582265e-01 1.627948e-16
    outer loop
      vertex   -1.783694e+01 -1.029816e+01 -3.600000e+01
      vertex   -1.873508e+01 -8.556024e+00 -2.600000e+01
      vertex   -1.783694e+01 -1.029816e+01 -2.600000e+01
    endloop
  endfacet
  facet normal 8.412535e-01 5.406408e-01 1.920742e-16
    outer loop
      vertex   -1.783694e+01 -1.029816e+01 -3.600000e+01
      vertex   -1.783694e+01 -1.029816e+01 -2.600000e+01
      vertex   -1.677727e+01 -1.194704e+01 -3.600000e+01
    endloop
  endfacet
  facet normal 8.412535e-01 5.406408e-01 1.076199e-17
    outer loop
      vertex   -1.677727e+01 -1.194704e+01 -3.600000e+01
      vertex   -1.783694e+01 -1.029816e+01 -2.600000e+01
      vertex   -1.677727e+01 -1.194704e+01 -2.600000e+01
    endloop
  endfacet
  facet normal 7.860531e-01 6.181590e-01 -5.015912e-17
    outer loop
      vertex   -1.677727e+01 -1.194704e+01 -3.600000e+01
      vertex   -1.677727e+01 -1.194704e+01 -2.600000e+01
      vertex   -1.556567e+01 -1.348773e+01 -3.600000e+01
    endloop
  endfacet
  facet normal 7.860531e-01 6.181590e-01 -2.033514e-17
    outer loop
      vertex   -1.556567e+01 -1.348773e+01 -3.600000e+01
      vertex   -1.677727e+01 -1.194704e+01 -2.600000e+01
      vertex   -1.556567e+01 -1.348773e+01 -2.600000e+01
    endloop
  endfacet
  facet normal 7.237340e-01 6.900790e-01 -1.046477e-16
    outer loop
      vertex   -1.556567e+01 -1.348773e+01 -3.600000e+01
      vertex   -1.556567e+01 -1.348773e+01 -2.600000e+01
      vertex   -1.421309e+01 -1.490626e+01 -3.600000e+01
    endloop
  endfacet
  facet normal 7.237340e-01 6.900790e-01 1.793500e-17
    outer loop
      vertex   -1.421309e+01 -1.490626e+01 -3.600000e+01
      vertex   -1.556567e+01 -1.348773e+01 -2.600000e+01
      vertex   -1.421309e+01 -1.490626e+01 -2.600000e+01
    endloop
  endfacet
  facet normal 6.548607e-01 7.557496e-01 -5.376437e-17
    outer loop
      vertex   -1.421309e+01 -1.490626e+01 -3.600000e+01
      vertex   -1.421309e+01 -1.490626e+01 -2.600000e+01
      vertex   -1.273181e+01 -1.618981e+01 -3.600000e+01
    endloop
  endfacet
  facet normal 6.548607e-01 7.557496e-01 -3.584292e-17
    outer loop
      vertex   -1.273181e+01 -1.618981e+01 -3.600000e+01
      vertex   -1.421309e+01 -1.490626e+01 -2.600000e+01
      vertex   -1.273181e+01 -1.618981e+01 -2.600000e+01
    endloop
  endfacet
  facet normal 5.800569e-01 8.145760e-01 -8.331790e-17
    outer loop
      vertex   -1.273181e+01 -1.618981e+01 -3.600000e+01
      vertex   -1.273181e+01 -1.618981e+01 -2.600000e+01
      vertex   -1.113522e+01 -1.732673e+01 -3.600000e+01
    endloop
  endfacet
  facet normal 5.800569e-01 8.145760e-01 -1.030388e-16
    outer loop
      vertex   -1.113522e+01 -1.732673e+01 -3.600000e+01
      vertex   -1.273181e+01 -1.618981e+01 -2.600000e+01
      vertex   -1.113522e+01 -1.732673e+01 -2.600000e+01
    endloop
  endfacet
  facet normal 5.000000e-01 8.660254e-01 -8.881784e-17
    outer loop
      vertex   -1.113522e+01 -1.732673e+01 -3.600000e+01
      vertex   -1.113522e+01 -1.732673e+01 -2.600000e+01
      vertex   -9.437784e+00 -1.830675e+01 -3.600000e+01
    endloop
  endfacet
  facet normal 5.000000e-01 8.660254e-01 -4.122050e-17
    outer loop
      vertex   -9.437784e+00 -1.830675e+01 -3.600000e+01
      vertex   -1.113522e+01 -1.732673e+01 -2.600000e+01
      vertex   -9.437784e+00 -1.830675e+01 -2.600000e+01
    endloop
  endfacet
  facet normal 4.154150e-01 9.096320e-01 -1.017886e-16
    outer loop
      vertex   -9.437784e+00 -1.830675e+01 -3.600000e+01
      vertex   -9.437784e+00 -1.830675e+01 -2.600000e+01
      vertex   -7.654882e+00 -1.912097e+01 -3.600000e+01
    endloop
  endfacet
  facet normal 4.154150e-01 9.096320e-01 1.564852e-16
    outer loop
      vertex   -7.654882e+00 -1.912097e+01 -3.600000e+01
      vertex   -9.437784e+00 -1.830675e+01 -2.600000e+01
      vertex   -7.654882e+00 -1.912097e+01 -2.600000e+01
    endloop
  endfacet
  facet normal 3.270680e-01 9.450008e-01 4.191139e-17
    outer loop
      vertex   -7.654882e+00 -1.912097e+01 -3.600000e+01
      vertex   -7.654882e+00 -1.912097e+01 -2.600000e+01
      vertex   -5.802657e+00 -1.976203e+01 -3.600000e+01
    endloop
  endfacet
  facet normal 3.270680e-01 9.450008e-01 -1.161979e-16
    outer loop
      vertex   -5.802657e+00 -1.976203e+01 -3.600000e+01
      vertex   -7.654882e+00 -1.912097e+01 -2.600000e+01
      vertex   -5.802657e+00 -1.976203e+01 -2.600000e+01
    endloop
  endfacet
  facet normal 2.357589e-01 9.718116e-01 -8.375840e-17
    outer loop
      vertex   -5.802657e+00 -1.976203e+01 -3.600000e+01
      vertex   -5.802657e+00 -1.976203e+01 -2.600000e+01
      vertex   -3.897881e+00 -2.022413e+01 -3.600000e+01
    endloop
  endfacet
  facet normal 2.357589e-01 9.718116e-01 -2.196192e-16
    outer loop
      vertex   -3.897881e+00 -2.022413e+01 -3.600000e+01
      vertex   -5.802657e+00 -1.976203e+01 -2.600000e+01
      vertex   -3.897881e+00 -2.022413e+01 -2.600000e+01
    endloop
  endfacet
  facet normal 1.423148e-01 9.898214e-01 -2.758146e-16
    outer loop
      vertex   -3.897881e+00 -2.022413e+01 -3.600000e+01
      vertex   -3.897881e+00 -2.022413e+01 -2.600000e+01
      vertex   -1.957806e+00 -2.050307e+01 -3.600000e+01
    endloop
  endfacet
  facet normal 1.423148e-01 9.898214e-01 -6.004046e-17
    outer loop
      vertex   -1.957806e+00 -2.050307e+01 -3.600000e+01
      vertex   -3.897881e+00 -2.022413e+01 -2.600000e+01
      vertex   -1.957806e+00 -2.050307e+01 -2.600000e+01
    endloop
  endfacet
  facet normal 4.758192e-02 9.988673e-01 -2.007408e-17
    outer loop
      vertex   -1.957806e+00 -2.050307e+01 -3.600000e+01
      vertex   -1.957806e+00 -2.050307e+01 -2.600000e+01
      vertex   0.000000e+00 -2.059633e+01 -3.600000e+01
    endloop
  endfacet
  facet normal 4.758192e-02 9.988673e-01 -0.000000e+00
    outer loop
      vertex   0.000000e+00 -2.059633e+01 -3.600000e+01
      vertex   -1.957806e+00 -2.050307e+01 -2.600000e+01
      vertex   0.000000e+00 -2.059633e+01 -2.600000e+01
    endloop
  endfacet
  facet normal -6.832247e-02 9.976633e-01 0.000000e+00
    outer loop
      vertex   0.000000e+00 -3.284423e+01 -2.800000e+01
      vertex   0.000000e+00 -3.284423e+01 -3.920575e+01
      vertex   -1.022442e+00 -3.291425e+01 -2.800000e+01
    endloop
  endfacet
  facet normal -6.832247e-02 9.976633e-01 2.707651e-18
    outer loop
      vertex   -1.022442e+00 -3.291425e+01 -2.800000e+01
      vertex   0.000000e+00 -3.284423e+01 -3.920575e+01
      vertex   -1.022442e+00 -3.291425e+01 -3.920575e+01
    endloop
  endfacet
  facet normal -2.036917e-01 9.790351e-01 8.072396e-18
    outer loop
      vertex   -1.022442e+00 -3.291425e+01 -2.800000e+01
      vertex   -1.022442e+00 -3.291425e+01 -3.920575e+01
      vertex   -2.025794e+00 -3.312300e+01 -2.800000e+01
    endloop
  endfacet
  facet normal -2.036917e-01 9.790351e-01 8.072396e-18
    outer loop
      vertex   -2.025794e+00 -3.312300e+01 -2.800000e+01
      vertex   -1.022442e+00 -3.291425e+01 -3.920575e+01
      vertex   -2.025794e+00 -3.312300e+01 -3.920575e+01
    endloop
  endfacet
  facet normal -3.352576e-01 9.421265e-01 1.328641e-17
    outer loop
      vertex   -2.025794e+00 -3.312300e+01 -2.800000e+01
      vertex   -2.025794e+00 -3.312300e+01 -3.920575e+01
      vertex   -2.991320e+00 -3.346659e+01 -2.800000e+01
    endloop
  endfacet
  facet normal -3.352576e-01 9.421265e-01 2.657283e-17
    outer loop
      vertex   -2.991320e+00 -3.346659e+01 -2.800000e+01
      vertex   -2.025794e+00 -3.312300e+01 -3.920575e+01
      vertex   -2.991320e+00 -3.346659e+01 -3.920575e+01
    endloop
  endfacet
  facet normal -4.605637e-01 8.876267e-01 3.650470e-17
    outer loop
      vertex   -2.991320e+00 -3.346659e+01 -2.800000e+01
      vertex   -2.991320e+00 -3.346659e+01 -3.920575e+01
      vertex   -3.900992e+00 -3.393859e+01 -2.800000e+01
    endloop
  endfacet
  facet normal -4.605637e-01 8.876267e-01 -5.263282e-16
    outer loop
      vertex   -3.900992e+00 -3.393859e+01 -2.800000e+01
      vertex   -2.991320e+00 -3.346659e+01 -3.920575e+01
      vertex   -3.900992e+00 -3.393859e+01 -3.920575e+01
    endloop
  endfacet
  facet normal -5.772702e-01 8.165532e-01 -4.720112e-16
    outer loop
      vertex   -3.900992e+00 -3.393859e+01 -2.800000e+01
      vertex   -3.900992e+00 -3.393859e+01 -3.920575e+01
      vertex   -4.737826e+00 -3.453020e+01 -2.800000e+01
    endloop
  endfacet
  facet normal -5.772702e-01 8.165532e-01 -5.177661e-16
    outer loop
      vertex   -4.737826e+00 -3.453020e+01 -2.800000e+01
      vertex   -3.900992e+00 -3.393859e+01 -3.920575e+01
      vertex   -4.737826e+00 -3.453020e+01 -3.920575e+01
    endloop
  endfacet
  facet normal -6.831979e-01 7.302332e-01 -4.630317e-16
    outer loop
      vertex   -4.737826e+00 -3.453020e+01 -2.800000e+01
      vertex   -4.737826e+00 -3.453020e+01 -3.920575e+01
      vertex   -5.486196e+00 -3.523037e+01 -2.800000e+01
    endloop
  endfacet
  facet normal -6.831979e-01 7.302332e-01 -5.415090e-17
    outer loop
      vertex   -5.486196e+00 -3.523037e+01 -2.800000e+01
      vertex   -4.737826e+00 -3.453020e+01 -3.920575e+01
      vertex   -5.486196e+00 -3.523037e+01 -3.920575e+01
    endloop
  endfacet
  facet normal 0.000000e+00 2.955180e-14 -1.000000e+00
    outer loop
      vertex   0.000000e+00 3.210596e+01 -2.800000e+01
      vertex   -4.309521e+00 2.513321e+01 -2.800000e+01
      vertex   -7.000000e+00 3.210596e+01 -2.800000e+01
    endloop
  endfacet
  facet normal -5.879935e-15 2.728300e-14 -1.000000e+00
    outer loop
      vertex   -7.000000e+00 3.210596e+01 -2.800000e+01
      vertex   -4.309521e+00 2.513321e+01 -2.800000e+01
      vertex   -6.425441e+00 2.467719e+01 -2.800000e+01
    endloop
  endfacet
  facet normal -8.298048e-15 2.709597e-14 -1.000000e+00
    outer loop
      vertex   -7.000000e+00 3.210596e+01 -2.800000e+01
      vertex   -6.425441e+00 2.467719e+01 -2.800000e+01
      vertex   -8.495065e+00 2.404337e+01 -2.800000e+01
    endloop
  endfacet
  facet normal 2.006313e-15 3.011705e-14 -1.000000e+00
    outer loop
      vertex   0.000000e+00 2.550000e+01 -2.800000e+01
      vertex   -2.162551e+00 2.540814e+01 -2.800000e+01
      vertex   0.000000e+00 3.210596e+01 -2.800000e+01
    endloop
  endfacet
  facet normal -4.109501e-15 3.209169e-14 -1.000000e+00
    outer loop
      vertex   0.000000e+00 3.210596e+01 -2.800000e+01
      vertex   -2.162551e+00 2.540814e+01 -2.800000e+01
      vertex   -4.309521e+00 2.513321e+01 -2.800000e+01
    endloop
  endfacet
  facet normal -1.109658e-14 2.761491e-14 -1.000000e+00
    outer loop
      vertex   -8.495065e+00 2.404337e+01 -2.800000e+01
      vertex   -1.050348e+01 2.323633e+01 -2.800000e+01
      vertex   -7.000000e+00 3.210596e+01 -2.800000e+01
    endloop
  endfacet
  facet normal 5.881503e-14 0.000000e+00 -1.000000e+00
    outer loop
      vertex   -7.000000e+00 3.210596e+01 -2.800000e+01
      vertex   -1.050348e+01 2.323633e+01 -2.800000e+01
      vertex   -7.000000e+00 4.210596e+01 -2.800000e+01
    endloop
  endfacet
  facet normal -6.074412e-15 1.204788e-14 -1.000000e+00
    outer loop
      vertex   -7.000000e+00 4.210596e+01 -2.800000e+01
      vertex   -1.050348e+01 2.323633e+01 -2.800000e+01
      vertex   -1.243622e+01 2.226186e+01 -2.800000e+01
    endloop
  endfacet
  facet normal -7.690820e-15 1.249069e-14 -1.000000e+00
    outer loop
      vertex   -7.000000e+00 4.210596e+01 -2.800000e+01
      vertex   -1.243622e+01 2.226186e+01 -2.800000e+01
      vertex   -1.427936e+01 2.112700e+01 -2.800000e+01
    endloop
  endfacet
  facet normal 2.215651e-08 -7.687937e-09 -1.000000e+00
    outer loop
      vertex   -7.000000e+00 4.210596e+01 -2.800000e+01
      vertex   -1.427936e+01 2.112700e+01 -2.800000e+01
      vertex   -2.586792e+01 4.200000e+01 -2.800000e+01
    endloop
  endfacet
  facet normal 1.048040e-08 -1.417044e-08 -1.000000e+00
    outer loop
      vertex   -2.586792e+01 4.200000e+01 -2.800000e+01
      vertex   -1.427936e+01 2.112700e+01 -2.800000e+01
      vertex   -1.601961e+01 1.983991e+01 -2.800000e+01
    endloop
  endfacet
  facet normal 1.191172e-08 -1.353434e-08 -1.000000e+00
    outer loop
      vertex   -2.586792e+01 4.200000e+01 -2.800000e+01
      vertex   -1.601961e+01 1.983991e+01 -2.800000e+01
      vertex   -1.764444e+01 1.840988e+01 -2.800000e+01
    endloop
  endfacet
  facet normal 1.353211e-08 -1.296947e-08 -1.000000e+00
    outer loop
      vertex   -1.764444e+01 1.840988e+01 -2.800000e+01
      vertex   -1.914214e+01 1.684721e+01 -2.800000e+01
      vertex   -2.586792e+01 4.200000e+01 -2.800000e+01
    endloop
  endfacet
  facet normal -2.311783e-08 -2.276955e-08 -1.000000e+00
    outer loop
      vertex   -2.586792e+01 4.200000e+01 -2.800000e+01
      vertex   -1.914214e+01 1.684721e+01 -2.800000e+01
      vertex   -2.672467e+01 2.454571e+01 -2.800000e+01
    endloop
  endfacet
  facet normal -1.485139e-06 4.899371e-08 -1.000000e+00
    outer loop
      vertex   -2.586792e+01 4.200000e+01 -2.800000e+01
      vertex   -2.672467e+01 2.454571e+01 -2.800000e+01
      vertex   -2.615473e+01 4.182200e+01 -2.800000e+01
    endloop
  endfacet
  facet normal 0.000000e+00 0.000000e+00 -1.000000e+00
    outer loop
      vertex   -2.615473e+01 4.182200e+01 -2.800000e+01
      vertex   -2.672467e+01 2.454571e+01 -2.800000e+01
      vertex   -2.644032e+01 4.164203e+01 -2.800000e+01
    endloop
  endfacet
  facet normal 0.000000e+00 0.000000e+00 -1.000000e+00
    outer loop
      vertex   -2.644032e+01 4.164203e+01 -2.800000e+01
      vertex   -2.672467e+01 2.454571e+01 -2.800000e+01
      vertex   -2.672467e+01 4.146012e+01 -2.800000e+01
    endloop
  endfacet
  facet normal -0.000000e+00 0.000000e+00 -1.000000e+00
    outer loop
      vertex   -1.914214e+01 1.684721e+01 -2.800000e+01
      vertex   -2.050193e+01 1.516315e+01 -2.800000e+01
      vertex   -2.672467e+01 2.454571e+01 -2.800000e+01
    endloop
  endfacet
  facet normal 0.000000e+00 0.000000e+00 -1.000000e+00
    outer loop
      vertex   -2.672467e+01 2.454571e+01 -2.800000e+01
      vertex   -2.050193e+01 1.516315e+01 -2.800000e+01
      vertex   -2.171399e+01 1.336984e+01 -2.800000e+01
    endloop
  endfacet
  facet normal 0.000000e+00 0.000000e+00 -1.000000e+00
    outer loop
      vertex   -2.672467e+01 2.454571e+01 -2.800000e+01
      vertex   -2.171399e+01 1.336984e+01 -2.800000e+01
      vertex   -2.276961e+01 1.148020e+01 -2.800000e+01
    endloop
  endfacet
  facet normal -0.000000e+00 0.000000e+00 -1.000000e+00
    outer loop
      vertex   -2.276961e+01 1.148020e+01 -2.800000e+01
      vertex   -2.366117e+01 9.507840e+00 -2.800000e+01
      vertex   -2.672467e+01 2.454571e+01 -2.800000e+01
    endloop
  endfacet
  facet normal 0.000000e+00 0.000000e+00 -1.000000e+00
    outer loop
      vertex   -2.672467e+01 2.454571e+01 -2.800000e+01
      vertex   -2.366117e+01 9.507840e+00 -2.800000e+01
      vertex   -2.438225e+01 7.466981e+00 -2.800000e+01
    endloop
  endfacet
  facet normal 0.000000e+00 0.000000e+00 -1.000000e+00
    outer loop
      vertex   -2.672467e+01 2.454571e+01 -2.800000e+01
      vertex   -2.438225e+01 7.466981e+00 -2.800000e+01
      vertex   -2.492766e+01 5.372321e+00 -2.800000e+01
    endloop
  endfacet
  facet normal 0.000000e+00 -0.000000e+00 -1.000000e+00
    outer loop
      vertex   -2.672467e+01 2.454571e+01 -2.800000e+01
      vertex   -2.492766e+01 5.372321e+00 -2.800000e+01
      vertex   -3.200000e+01 5.000000e+00 -2.800000e+01
    endloop
  endfacet
  facet normal 0.000000e+00 0.000000e+00 -1.000000e+00
    outer loop
      vertex   -3.200000e+01 5.000000e+00 -2.800000e+01
      vertex   -2.492766e+01 5.372321e+00 -2.800000e+01
      vertex   -2.529346e+01 3.238954e+00 -2.800000e+01
    endloop
  endfacet
  facet normal 0.000000e+00 0.000000e+00 -1.000000e+00
    outer loop
      vertex   -3.200000e+01 5.000000e+00 -2.800000e+01
      vertex   -2.529346e+01 3.238954e+00 -2.800000e+01
      vertex   -2.547702e+01 1.082251e+00 -2.800000e+01
    endloop
  endfacet
  facet normal -0.000000e+00 -0.000000e+00 -1.000000e+00
    outer loop
      vertex   -2.547702e+01 1.082251e+00 -2.800000e+01
      vertex   -2.547702e+01 -1.082251e+00 -2.800000e+01
      vertex   -3.200000e+01 5.000000e+00 -2.800000e+01
    endloop
  endfacet
  facet normal 0.000000e+00 0.000000e+00 -1.000000e+00
    outer loop
      vertex   -3.200000e+01 5.000000e+00 -2.800000e+01
      vertex   -2.547702e+01 -1.082251e+00 -2.800000e+01
      vertex   -3.200000e+01 -5.620214e+00 -2.800000e+01
    endloop
  endfacet
  facet normal 0.000000e+00 0.000000e+00 -1.000000e+00
    outer loop
      vertex   -3.200000e+01 -5.620214e+00 -2.800000e+01
      vertex   -2.547702e+01 -1.082251e+00 -2.800000e+01
      vertex   -2.529346e+01 -3.238954e+00 -2.800000e+01
    endloop
  endfacet
  facet normal 0.000000e+00 0.000000e+00 -1.000000e+00
    outer loop
      vertex   -3.200000e+01 -5.620214e+00 -2.800000e+01
      vertex   -2.529346e+01 -3.238954e+00 -2.800000e+01
      vertex   -2.492766e+01 -5.372321e+00 -2.800000e+01
    endloop
  endfacet
  facet normal 0.000000e+00 -0.000000e+00 -1.000000e+00
    outer loop
      vertex   -2.492766e+01 -5.372321e+00 -2.800000e+01
      vertex   -2.438225e+01 -7.466981e+00 -2.800000e+01
      vertex   -3.200000e+01 -5.620214e+00 -2.800000e+01
    endloop
  endfacet
  facet normal 3.014130e-17 1.243302e-16 -1.000000e+00
    outer loop
      vertex   -3.200000e+01 -5.620214e+00 -2.800000e+01
      vertex   -2.438225e+01 -7.466981e+00 -2.800000e+01
      vertex   -2.528414e+01 -3.582316e+01 -2.800000e+01
    endloop
  endfacet
  facet normal 3.253174e-16 1.149419e-16 -1.000000e+00
    outer loop
      vertex   -2.528414e+01 -3.582316e+01 -2.800000e+01
      vertex   -2.438225e+01 -7.466981e+00 -2.800000e+01
      vertex   -2.366117e+01 -9.507840e+00 -2.800000e+01
    endloop
  endfacet
  facet normal 2.628088e-16 1.187971e-16 -1.000000e+00
    outer loop
      vertex   -2.528414e+01 -3.582316e+01 -2.800000e+01
      vertex   -2.366117e+01 -9.507840e+00 -2.800000e+01
      vertex   -2.276961e+01 -1.148020e+01 -2.800000e+01
    endloop
  endfacet
  facet normal 2.204830e-16 1.231692e-16 -1.000000e+00
    outer loop
      vertex   -2.276961e+01 -1.148020e+01 -2.800000e+01
      vertex   -2.171399e+01 -1.336984e+01 -2.800000e+01
      vertex   -2.528414e+01 -3.582316e+01 -2.800000e+01
    endloop
  endfacet
  facet normal 1.895191e-16 1.280925e-16 -1.000000e+00
    outer loop
      vertex   -2.528414e+01 -3.582316e+01 -2.800000e+01
      vertex   -2.171399e+01 -1.336984e+01 -2.800000e+01
      vertex   -2.050193e+01 -1.516315e+01 -2.800000e+01
    endloop
  endfacet
  facet normal 1.655196e-16 1.336477e-16 -1.000000e+00
    outer loop
      vertex   -2.528414e+01 -3.582316e+01 -2.800000e+01
      vertex   -2.050193e+01 -1.516315e+01 -2.800000e+01
      vertex   -1.914214e+01 -1.684721e+01 -2.800000e+01
    endloop
  endfacet
  facet normal 1.460281e-16 1.399566e-16 -1.000000e+00
    outer loop
      vertex   -1.914214e+01 -1.684721e+01 -2.800000e+01
      vertex   -1.764444e+01 -1.840988e+01 -2.800000e+01
      vertex   -2.528414e+01 -3.582316e+01 -2.800000e+01
    endloop
  endfacet
  facet normal 1.295428e-16 1.471892e-16 -1.000000e+00
    outer loop
      vertex   -2.528414e+01 -3.582316e+01 -2.800000e+01
      vertex   -1.764444e+01 -1.840988e+01 -2.800000e+01
      vertex   -1.601961e+01 -1.983991e+01 -2.800000e+01
    endloop
  endfacet
  facet normal 9.202540e-17 1.689357e-16 -1.000000e+00
    outer loop
      vertex   -2.528414e+01 -3.582316e+01 -2.800000e+01
      vertex   -1.601961e+01 -1.983991e+01 -2.800000e+01
      vertex   -1.251998e+01 -4.277626e+01 -2.800000e+01
    endloop
  endfacet
  facet normal 1.291316e-16 1.745974e-16 -1.000000e+00
    outer loop
      vertex   -1.251998e+01 -4.277626e+01 -2.800000e+01
      vertex   -1.601961e+01 -1.983991e+01 -2.800000e+01
      vertex   -1.427936e+01 -2.112700e+01 -2.800000e+01
    endloop
  endfacet
  facet normal 1.063647e-16 1.727472e-16 -1.000000e+00
    outer loop
      vertex   -1.251998e+01 -4.277626e+01 -2.800000e+01
      vertex   -1.427936e+01 -2.112700e+01 -2.800000e+01
      vertex   -1.243622e+01 -2.226186e+01 -2.800000e+01
    endloop
  endfacet
  facet normal 8.713688e-17 1.728257e-16 -1.000000e+00
    outer loop
      vertex   -1.243622e+01 -2.226186e+01 -2.800000e+01
      vertex   -1.050348e+01 -2.323633e+01 -2.800000e+01
      vertex   -1.251998e+01 -4.277626e+01 -2.800000e+01
    endloop
  endfacet
  facet normal 7.015144e-17 1.745786e-16 -1.000000e+00
    outer loop
      vertex   -1.251998e+01 -4.277626e+01 -2.800000e+01
      vertex   -1.050348e+01 -2.323633e+01 -2.800000e+01
      vertex   -8.495065e+00 -2.404337e+01 -2.800000e+01
    endloop
  endfacet
  facet normal 3.919874e-16 1.054295e-16 -1.000000e+00
    outer loop
      vertex   -1.251998e+01 -4.277626e+01 -2.800000e+01
      vertex   -8.495065e+00 -2.404337e+01 -2.800000e+01
      vertex   -5.486196e+00 -3.523037e+01 -2.800000e+01
    endloop
  endfacet
  facet normal 0.000000e+00 0.000000e+00 -1.000000e+00
    outer loop
      vertex   -5.486196e+00 -3.523037e+01 -2.800000e+01
      vertex   -8.495065e+00 -2.404337e+01 -2.800000e+01
      vertex   -6.425441e+00 -2.467719e+01 -2.800000e+01
    endloop
  endfacet
  facet normal 0.000000e+00 0.000000e+00 -1.000000e+00
    outer loop
      vertex   -5.486196e+00 -3.523037e+01 -2.800000e+01
      vertex   -6.425441e+00 -2.467719e+01 -2.800000e+01
      vertex   -4.737826e+00 -3.453020e+01 -2.800000e+01
    endloop
  endfacet
  facet normal 0.000000e+00 0.000000e+00 -1.000000e+00
    outer loop
      vertex   -4.737826e+00 -3.453020e+01 -2.800000e+01
      vertex   -6.425441e+00 -2.467719e+01 -2.800000e+01
      vertex   -4.309521e+00 -2.513321e+01 -2.800000e+01
    endloop
  endfacet
  facet normal 0.000000e+00 0.000000e+00 -1.000000e+00
    outer loop
      vertex   -4.737826e+00 -3.453020e+01 -2.800000e+01
      vertex   -4.309521e+00 -2.513321e+01 -2.800000e+01
      vertex   -3.900992e+00 -3.393859e+01 -2.800000e+01
    endloop
  endfacet
  facet normal 0.000000e+00 0.000000e+00 -1.000000e+00
    outer loop
      vertex   -3.900992e+00 -3.393859e+01 -2.800000e+01
      vertex   -4.309521e+00 -2.513321e+01 -2.800000e+01
      vertex   -2.991320e+00 -3.346659e+01 -2.800000e+01
    endloop
  endfacet
  facet normal 0.000000e+00 0.000000e+00 -1.000000e+00
    outer loop
      vertex   -2.991320e+00 -3.346659e+01 -2.800000e+01
      vertex   -4.309521e+00 -2.513321e+01 -2.800000e+01
      vertex   -2.162551e+00 -2.540814e+01 -2.800000e+01
    endloop
  endfacet
  facet normal 0.000000e+00 0.000000e+00 -1.000000e+00
    outer loop
      vertex   -2.991320e+00 -3.346659e+01 -2.800000e+01
      vertex   -2.162551e+00 -2.540814e+01 -2.800000e+01
      vertex   -2.025794e+00 -3.312300e+01 -2.800000e+01
    endloop
  endfacet
  facet normal 0.000000e+00 0.000000e+00 -1.000000e+00
    outer loop
      vertex   -2.025794e+00 -3.312300e+01 -2.800000e+01
      vertex   -2.162551e+00 -2.540814e+01 -2.800000e+01
      vertex   -1.022442e+00 -3.291425e+01 -2.800000e+01
    endloop
  endfacet
  facet normal 3.307007e-15 5.023033e-16 -1.000000e+00
    outer loop
      vertex   -1.022442e+00 -3.291425e+01 -2.800000e+01
      vertex   -2.162551e+00 -2.540814e+01 -2.800000e+01
      vertex   0.000000e+00 -2.550000e+01 -2.800000e+01
    endloop
  endfacet
  facet normal 6.949466e-15 0.000000e+00 -1.000000e+00
    outer loop
      vertex   -1.022442e+00 -3.291425e+01 -2.800000e+01
      vertex   0.000000e+00 -2.550000e+01 -2.800000e+01
      vertex   0.000000e+00 -3.284423e+01 -2.800000e+01
    endloop
  endfacet
  facet normal 0.000000e+00 0.000000e+00 -1.000000e+00
    outer loop
      vertex   -2.672467e+01 4.200000e+01 -2.800000e+01
      vertex   -2.672467e+01 4.517050e+01 -2.800000e+01
      vertex   -2.586792e+01 4.200000e+01 -2.800000e+01
    endloop
  endfacet
  facet normal 2.207983e-08 5.966493e-09 -1.000000e+00
    outer loop
      vertex   -2.586792e+01 4.200000e+01 -2.800000e+01
      vertex   -2.672467e+01 4.517050e+01 -2.800000e+01
      vertex   -7.000000e+00 4.210596e+01 -2.800000e+01
    endloop
  endfacet
  facet normal 1.561226e-08 -3.566147e-08 -1.000000e+00
    outer loop
      vertex   -2.672467e+01 4.517050e+01 -2.800000e+01
      vertex   0.000000e+00 4.517050e+01 -2.800000e+01
      vertex   -7.000000e+00 4.210596e+01 -2.800000e+01
    endloop
  endfacet
  facet normal 0.000000e+00 -6.723923e-14 -1.000000e+00
    outer loop
      vertex   -7.000000e+00 4.210596e+01 -2.800000e+01
      vertex   0.000000e+00 4.517050e+01 -2.800000e+01
      vertex   0.000000e+00 4.210596e+01 -2.800000e+01
    endloop
  endfacet
  facet normal 0.000000e+00 1.000000e+00 -0.000000e+00
    outer loop
      vertex   0.000000e+00 4.517050e+01 -2.800000e+01
      vertex   -2.672467e+01 4.517050e+01 -2.800000e+01
      vertex   0.000000e+00 4.517050e+01 -1.820575e+01
    endloop
  endfacet
  facet normal 0.000000e+00 1.000000e+00 0.000000e+00
    outer loop
      vertex   0.000000e+00 4.517050e+01 -1.820575e+01
      vertex   -2.672467e+01 4.517050e+01 -2.800000e+01
      vertex   -3.018353e+01 4.517050e+01 -1.820575e+01
    endloop
  endfacet
  facet normal 0.000000e+00 1.000000e+00 0.000000e+00
    outer loop
      vertex   -3.018353e+01 4.517050e+01 -1.820575e+01
      vertex   -2.672467e+01 4.517050e+01 -2.800000e+01
      vertex   -3.018353e+01 4.517050e+01 -3.320575e+01
    endloop
  endfacet
  facet normal -0.000000e+00 1.000000e+00 0.000000e+00
    outer loop
      vertex   -3.018353e+01 4.517050e+01 -3.320575e+01
      vertex   -2.672467e+01 4.517050e+01 -2.800000e+01
      vertex   -2.843822e+01 4.517050e+01 -3.415570e+01
    endloop
  endfacet
  facet normal -0.000000e+00 1.000000e+00 0.000000e+00
    outer loop
      vertex   -2.843822e+01 4.517050e+01 -3.415570e+01
      vertex   -2.672467e+01 4.517050e+01 -2.800000e+01
      vertex   -2.672467e+01 4.517050e+01 -3.504861e+01
    endloop
  endfacet
  facet normal 1.000000e+00 0.000000e+00 -0.000000e+00
    outer loop
      vertex   0.000000e+00 -2.350000e+01 -2.600000e+01
      vertex   0.000000e+00 -2.350000e+01 -1.820575e+01
      vertex   0.000000e+00 -2.550000e+01 -2.800000e+01
    endloop
  endfacet
  facet normal 1.000000e+00 0.000000e+00 -0.000000e+00
    outer loop
      vertex   0.000000e+00 -2.550000e+01 -2.800000e+01
      vertex   0.000000e+00 -2.350000e+01 -1.820575e+01
      vertex   0.000000e+00 -3.400000e+01 -1.820575e+01
    endloop
  endfacet
  facet normal 1.000000e+00 0.000000e+00 0.000000e+00
    outer loop
      vertex   0.000000e+00 -2.550000e+01 -2.800000e+01
      vertex   0.000000e+00 -3.400000e+01 -1.820575e+01
      vertex   0.000000e+00 -3.284423e+01 -2.800000e+01
    endloop
  endfacet
  facet normal 1.000000e+00 0.000000e+00 0.000000e+00
    outer loop
      vertex   0.000000e+00 -3.284423e+01 -2.800000e+01
      vertex   0.000000e+00 -3.400000e+01 -1.820575e+01
      vertex   0.000000e+00 -3.400000e+01 -3.920575e+01
    endloop
  endfacet
  facet normal 1.000000e+00 0.000000e+00 0.000000e+00
    outer loop
      vertex   0.000000e+00 -3.284423e+01 -2.800000e+01
      vertex   0.000000e+00 -3.400000e+01 -3.920575e+01
      vertex   0.000000e+00 -3.284423e+01 -3.920575e+01
    endloop
  endfacet
  facet normal 1.000000e+00 0.000000e+00 0.000000e+00
    outer loop
      vertex   0.000000e+00 -2.550000e+01 -3.600000e+01
      vertex   0.000000e+00 -2.059633e+01 -3.600000e+01
      vertex   0.000000e+00 -2.550000e+01 -2.800000e+01
    endloop
  endfacet
  facet normal 1.000000e+00 -0.000000e+00 0.000000e+00
    outer loop
      vertex   0.000000e+00 -2.550000e+01 -2.800000e+01
      vertex   0.000000e+00 -2.059633e+01 -3.600000e+01
      vertex   0.000000e+00 -2.350000e+01 -2.600000e+01
    endloop
  endfacet
  facet normal 1.000000e+00 0.000000e+00 -0.000000e+00
    outer loop
      vertex   0.000000e+00 -2.059633e+01 -3.600000e+01
      vertex   0.000000e+00 -2.059633e+01 -2.600000e+01
      vertex   0.000000e+00 -2.350000e+01 -2.600000e+01
    endloop
  endfacet
  facet normal 1.000000e+00 -0.000000e+00 0.000000e+00
    outer loop
      vertex   0.000000e+00 -5.432697e+01 -1.820575e+01
      vertex   0.000000e+00 -5.432697e+01 -3.320575e+01
      vertex   0.000000e+00 -4.000000e+01 -1.820575e+01
    endloop
  endfacet
  facet normal 1.000000e+00 0.000000e+00 0.000000e+00
    outer loop
      vertex   0.000000e+00 -4.000000e+01 -1.820575e+01
      vertex   0.000000e+00 -5.432697e+01 -3.320575e+01
      vertex   0.000000e+00 -4.864793e+01 -3.820575e+01
    endloop
  endfacet
  facet normal 1.000000e+00 0.000000e+00 0.000000e+00
    outer loop
      vertex   0.000000e+00 -4.000000e+01 -1.820575e+01
      vertex   0.000000e+00 -4.864793e+01 -3.820575e+01
      vertex   0.000000e+00 -4.000000e+01 -3.920575e+01
    endloop
  endfacet
  facet normal 1.000000e+00 0.000000e+00 0.000000e+00
    outer loop
      vertex   0.000000e+00 -4.000000e+01 -3.920575e+01
      vertex   0.000000e+00 -4.864793e+01 -3.820575e+01
      vertex   0.000000e+00 -4.864793e+01 -3.920575e+01
    endloop
  endfacet
  facet normal 1.000000e+00 0.000000e+00 0.000000e+00
    outer loop
      vertex   0.000000e+00 -5.432697e+01 -3.320575e+01
      vertex   0.000000e+00 -4.932697e+01 -3.820575e+01
      vertex   0.000000e+00 -4.864793e+01 -3.820575e+01
    endloop
  endfacet
  facet normal 1.000000e+00 0.000000e+00 -0.000000e+00
    outer loop
      vertex   0.000000e+00 -4.589404e+01 -1.200000e+02
      vertex   0.000000e+00 -4.589404e+01 -5.220575e+01
      vertex   0.000000e+00 -4.864793e+01 -1.200000e+02
    endloop
  endfacet
  facet normal 1.000000e+00 0.000000e+00 0.000000e+00
    outer loop
      vertex   0.000000e+00 -4.864793e+01 -1.200000e+02
      vertex   0.000000e+00 -4.589404e+01 -5.220575e+01
      vertex   0.000000e+00 -4.864793e+01 -5.220575e+01
    endloop
  endfacet
endsolid
