solid ASCII
  facet normal -9.974191e-01 -7.179960e-02 -2.240794e-17
    outer loop
      vertex   2.306323e+00 8.089778e+01 -3.205754e+00
      vertex   2.306323e+00 8.089778e+01 -9.205754e+00
      vertex   2.321799e+00 8.068280e+01 -3.205754e+00
    endloop
  endfacet
  facet normal -9.974191e-01 -7.179960e-02 -2.438795e-16
    outer loop
      vertex   2.321799e+00 8.068280e+01 -3.205754e+00
      vertex   2.306323e+00 8.089778e+01 -9.205754e+00
      vertex   2.321799e+00 8.068280e+01 -9.205754e+00
    endloop
  endfacet
  facet normal -1.000000e+00 -2.060376e-15 -7.401487e-17
    outer loop
      vertex   2.321799e+00 8.068280e+01 -3.205754e+00
      vertex   2.321799e+00 8.068280e+01 -9.205754e+00
      vertex   2.321799e+00 8.046727e+01 -3.205754e+00
    endloop
  endfacet
  facet normal -1.000000e+00 -2.060376e-15 -7.401487e-17
    outer loop
      vertex   2.321799e+00 8.046727e+01 -3.205754e+00
      vertex   2.321799e+00 8.068280e+01 -9.205754e+00
      vertex   2.321799e+00 8.046727e+01 -9.205754e+00
    endloop
  endfacet
  facet normal -9.974191e-01 7.179960e-02 -2.438795e-16
    outer loop
      vertex   2.321799e+00 8.046727e+01 -3.205754e+00
      vertex   2.321799e+00 8.046727e+01 -9.205754e+00
      vertex   2.306323e+00 8.025228e+01 -3.205754e+00
    endloop
  endfacet
  facet normal -9.974191e-01 7.179960e-02 -2.240794e-17
    outer loop
      vertex   2.306323e+00 8.025228e+01 -3.205754e+00
      vertex   2.321799e+00 8.046727e+01 -9.205754e+00
      vertex   2.306323e+00 8.025228e+01 -9.205754e+00
    endloop
  endfacet
  facet normal 9.936043e-01 -1.129182e-01 0.000000e+00
    outer loop
      vertex   -1.824204e+01 8.108181e+01 -9.205754e+00
      vertex   -1.824204e+01 8.108181e+01 -3.205754e+00
      vertex   -1.828036e+01 8.074468e+01 -9.205754e+00
    endloop
  endfacet
  facet normal 9.936043e-01 -1.129182e-01 0.000000e+00
    outer loop
      vertex   -1.828036e+01 8.074468e+01 -9.205754e+00
      vertex   -1.824204e+01 8.108181e+01 -3.205754e+00
      vertex   -1.828036e+01 8.074468e+01 -3.205754e+00
    endloop
  endfacet
  facet normal 1.000000e+00 0.000000e+00 -0.000000e+00
    outer loop
      vertex   -1.828036e+01 8.074468e+01 -9.205754e+00
      vertex   -1.828036e+01 8.074468e+01 -3.205754e+00
      vertex   -1.828036e+01 8.040539e+01 -3.205754e+00
    endloop
  endfacet
  facet normal 9.936043e-01 1.129182e-01 0.000000e+00
    outer loop
      vertex   -1.824204e+01 8.006826e+01 -3.205754e+00
      vertex   -1.824204e+01 8.006826e+01 -9.205754e+00
      vertex   -1.828036e+01 8.040539e+01 -3.205754e+00
    endloop
  endfacet
  facet normal 9.936043e-01 1.129182e-01 0.000000e+00
    outer loop
      vertex   -1.828036e+01 8.040539e+01 -3.205754e+00
      vertex   -1.824204e+01 8.006826e+01 -9.205754e+00
      vertex   -1.828036e+01 8.040539e+01 -9.205754e+00
    endloop
  endfacet
  facet normal 1.000000e+00 0.000000e+00 0.000000e+00
    outer loop
      vertex   -1.828036e+01 8.040539e+01 -3.205754e+00
      vertex   -1.828036e+01 8.040539e+01 -9.205754e+00
      vertex   -1.828036e+01 8.074468e+01 -9.205754e+00
    endloop
  endfacet
  facet normal -9.974191e-01 -7.179960e-02 -0.000000e+00
    outer loop
      vertex   1.730632e+01 8.089778e+01 -3.205754e+00
      vertex   1.730632e+01 8.089778e+01 -9.205754e+00
      vertex   1.732180e+01 8.068280e+01 -3.205754e+00
    endloop
  endfacet
  facet normal -9.974191e-01 -7.179960e-02 -0.000000e+00
    outer loop
      vertex   1.732180e+01 8.068280e+01 -3.205754e+00
      vertex   1.730632e+01 8.089778e+01 -9.205754e+00
      vertex   1.732180e+01 8.068280e+01 -9.205754e+00
    endloop
  endfacet
  facet normal -1.000000e+00 -1.648301e-14 -0.000000e+00
    outer loop
      vertex   1.732180e+01 8.068280e+01 -3.205754e+00
      vertex   1.732180e+01 8.068280e+01 -9.205754e+00
      vertex   1.732180e+01 8.046727e+01 -3.205754e+00
    endloop
  endfacet
  facet normal -1.000000e+00 -1.648301e-14 -0.000000e+00
    outer loop
      vertex   1.732180e+01 8.046727e+01 -3.205754e+00
      vertex   1.732180e+01 8.068280e+01 -9.205754e+00
      vertex   1.732180e+01 8.046727e+01 -9.205754e+00
    endloop
  endfacet
  facet normal -9.974191e-01 7.179960e-02 0.000000e+00
    outer loop
      vertex   1.732180e+01 8.046727e+01 -3.205754e+00
      vertex   1.732180e+01 8.046727e+01 -9.205754e+00
      vertex   1.730632e+01 8.025228e+01 -3.205754e+00
    endloop
  endfacet
  facet normal -9.974191e-01 7.179960e-02 0.000000e+00
    outer loop
      vertex   1.730632e+01 8.025228e+01 -3.205754e+00
      vertex   1.732180e+01 8.046727e+01 -9.205754e+00
      vertex   1.730632e+01 8.025228e+01 -9.205754e+00
    endloop
  endfacet
  facet normal -1.000000e+00 -7.102834e-17 1.480297e-16
    outer loop
      vertex   2.306323e+00 8.025228e+01 -9.205754e+00
      vertex   2.306323e+00 7.400000e+01 -9.205754e+00
      vertex   2.306323e+00 8.025228e+01 -3.205754e+00
    endloop
  endfacet
  facet normal -1.000000e+00 7.102834e-17 0.000000e+00
    outer loop
      vertex   2.306323e+00 8.025228e+01 -3.205754e+00
      vertex   2.306323e+00 7.400000e+01 -9.205754e+00
      vertex   2.306323e+00 7.400000e+01 -3.205754e+00
    endloop
  endfacet
  facet normal 1.000000e+00 0.000000e+00 0.000000e+00
    outer loop
      vertex   -1.824204e+01 8.006826e+01 -3.205754e+00
      vertex   -1.824204e+01 7.409898e+01 -3.205754e+00
      vertex   -1.824204e+01 8.006826e+01 -9.205754e+00
    endloop
  endfacet
  facet normal 1.000000e+00 0.000000e+00 0.000000e+00
    outer loop
      vertex   -1.824204e+01 8.006826e+01 -9.205754e+00
      vertex   -1.824204e+01 7.409898e+01 -3.205754e+00
      vertex   -1.824204e+01 7.409898e+01 -9.205754e+00
    endloop
  endfacet
  facet normal 0.000000e+00 -0.000000e+00 1.000000e+00
    outer loop
      vertex   -1.824204e+01 7.409898e+01 -3.205754e+00
      vertex   -1.824204e+01 8.006826e+01 -3.205754e+00
      vertex   -3.950000e+01 8.817083e+01 -3.205754e+00
    endloop
  endfacet
  facet normal -6.402783e-14 -1.679838e-13 1.000000e+00
    outer loop
      vertex   -3.950000e+01 8.817083e+01 -3.205754e+00
      vertex   -1.824204e+01 8.006826e+01 -3.205754e+00
      vertex   -1.828036e+01 8.040539e+01 -3.205754e+00
    endloop
  endfacet
  facet normal -2.553242e-15 0.000000e+00 1.000000e+00
    outer loop
      vertex   -3.950000e+01 8.817083e+01 -3.205754e+00
      vertex   -1.828036e+01 8.040539e+01 -3.205754e+00
      vertex   -1.828036e+01 8.074468e+01 -3.205754e+00
    endloop
  endfacet
  facet normal 5.163519e-14 1.548393e-13 1.000000e+00
    outer loop
      vertex   -1.828036e+01 8.074468e+01 -3.205754e+00
      vertex   -1.824204e+01 8.108181e+01 -3.205754e+00
      vertex   -3.950000e+01 8.817083e+01 -3.205754e+00
    endloop
  endfacet
  facet normal -0.000000e+00 0.000000e+00 1.000000e+00
    outer loop
      vertex   -3.950000e+01 8.817083e+01 -3.205754e+00
      vertex   -1.824204e+01 8.108181e+01 -3.205754e+00
      vertex   -1.824204e+01 8.872179e+01 -3.205754e+00
    endloop
  endfacet
  facet normal 0.000000e+00 0.000000e+00 1.000000e+00
    outer loop
      vertex   -3.950000e+01 8.817083e+01 -3.205754e+00
      vertex   -1.824204e+01 8.872179e+01 -3.205754e+00
      vertex   -1.817585e+01 8.950278e+01 -3.205754e+00
    endloop
  endfacet
  facet normal 0.000000e+00 -0.000000e+00 1.000000e+00
    outer loop
      vertex   -3.950000e+01 8.817083e+01 -3.205754e+00
      vertex   -1.817585e+01 8.950278e+01 -3.205754e+00
      vertex   -3.964641e+01 8.943396e+01 -3.205754e+00
    endloop
  endfacet
  facet normal 0.000000e+00 0.000000e+00 1.000000e+00
    outer loop
      vertex   -3.964641e+01 8.943396e+01 -3.205754e+00
      vertex   -1.817585e+01 8.950278e+01 -3.205754e+00
      vertex   -1.790978e+01 9.024002e+01 -3.205754e+00
    endloop
  endfacet
  facet normal 0.000000e+00 -0.000000e+00 1.000000e+00
    outer loop
      vertex   -3.964641e+01 8.943396e+01 -3.205754e+00
      vertex   -1.790978e+01 9.024002e+01 -3.205754e+00
      vertex   -4.007899e+01 9.062971e+01 -3.205754e+00
    endloop
  endfacet
  facet normal -0.000000e+00 0.000000e+00 1.000000e+00
    outer loop
      vertex   -4.007899e+01 9.062971e+01 -3.205754e+00
      vertex   -1.790978e+01 9.024002e+01 -3.205754e+00
      vertex   -1.746196e+01 9.088328e+01 -3.205754e+00
    endloop
  endfacet
  facet normal 0.000000e+00 -0.000000e+00 1.000000e+00
    outer loop
      vertex   -4.007899e+01 9.062971e+01 -3.205754e+00
      vertex   -1.746196e+01 9.088328e+01 -3.205754e+00
      vertex   -4.077460e+01 9.169416e+01 -3.205754e+00
    endloop
  endfacet
  facet normal 0.000000e+00 0.000000e+00 1.000000e+00
    outer loop
      vertex   -4.077460e+01 9.169416e+01 -3.205754e+00
      vertex   -1.746196e+01 9.088328e+01 -3.205754e+00
      vertex   -1.686292e+01 9.138871e+01 -3.205754e+00
    endloop
  endfacet
  facet normal -0.000000e+00 -0.000000e+00 1.000000e+00
    outer loop
      vertex   -4.077460e+01 9.169416e+01 -3.205754e+00
      vertex   -1.686292e+01 9.138871e+01 -3.205754e+00
      vertex   -4.169608e+01 9.257042e+01 -3.205754e+00
    endloop
  endfacet
  facet normal 0.000000e+00 0.000000e+00 1.000000e+00
    outer loop
      vertex   -4.169608e+01 9.257042e+01 -3.205754e+00
      vertex   -1.686292e+01 9.138871e+01 -3.205754e+00
      vertex   -1.615347e+01 9.172188e+01 -3.205754e+00
    endloop
  endfacet
  facet normal -0.000000e+00 -0.000000e+00 1.000000e+00
    outer loop
      vertex   -4.169608e+01 9.257042e+01 -3.205754e+00
      vertex   -1.615347e+01 9.172188e+01 -3.205754e+00
      vertex   -4.279416e+01 9.321164e+01 -3.205754e+00
    endloop
  endfacet
  facet normal 0.000000e+00 0.000000e+00 1.000000e+00
    outer loop
      vertex   -4.279416e+01 9.321164e+01 -3.205754e+00
      vertex   -1.615347e+01 9.172188e+01 -3.205754e+00
      vertex   -1.538196e+01 9.186008e+01 -3.205754e+00
    endloop
  endfacet
  facet normal 0.000000e+00 0.000000e+00 1.000000e+00
    outer loop
      vertex   -4.279416e+01 9.321164e+01 -3.205754e+00
      vertex   -1.538196e+01 9.186008e+01 -3.205754e+00
      vertex   -8.319647e-01 9.186008e+01 -3.205754e+00
    endloop
  endfacet
  facet normal 0.000000e+00 0.000000e+00 1.000000e+00
    outer loop
      vertex   -8.319647e-01 9.186008e+01 -3.205754e+00
      vertex   -1.538196e+01 9.186008e+01 -3.205754e+00
      vertex   -1.460098e+01 9.179389e+01 -3.205754e+00
    endloop
  endfacet
  facet normal 0.000000e+00 0.000000e+00 1.000000e+00
    outer loop
      vertex   -8.319647e-01 9.186008e+01 -3.205754e+00
      vertex   -1.460098e+01 9.179389e+01 -3.205754e+00
      vertex   -1.603471e+00 9.172188e+01 -3.205754e+00
    endloop
  endfacet
  facet normal 0.000000e+00 0.000000e+00 1.000000e+00
    outer loop
      vertex   -1.603471e+00 9.172188e+01 -3.205754e+00
      vertex   -1.460098e+01 9.179389e+01 -3.205754e+00
      vertex   -1.386374e+01 9.152782e+01 -3.205754e+00
    endloop
  endfacet
  facet normal 0.000000e+00 0.000000e+00 1.000000e+00
    outer loop
      vertex   -1.603471e+00 9.172188e+01 -3.205754e+00
      vertex   -1.386374e+01 9.152782e+01 -3.205754e+00
      vertex   -2.312920e+00 9.138871e+01 -3.205754e+00
    endloop
  endfacet
  facet normal 0.000000e+00 0.000000e+00 1.000000e+00
    outer loop
      vertex   -2.312920e+00 9.138871e+01 -3.205754e+00
      vertex   -1.386374e+01 9.152782e+01 -3.205754e+00
      vertex   -1.322048e+01 9.108000e+01 -3.205754e+00
    endloop
  endfacet
  facet normal 0.000000e+00 0.000000e+00 1.000000e+00
    outer loop
      vertex   -2.312920e+00 9.138871e+01 -3.205754e+00
      vertex   -1.322048e+01 9.108000e+01 -3.205754e+00
      vertex   -2.911965e+00 9.088328e+01 -3.205754e+00
    endloop
  endfacet
  facet normal 0.000000e+00 0.000000e+00 1.000000e+00
    outer loop
      vertex   -2.911965e+00 9.088328e+01 -3.205754e+00
      vertex   -1.322048e+01 9.108000e+01 -3.205754e+00
      vertex   -1.271504e+01 9.048096e+01 -3.205754e+00
    endloop
  endfacet
  facet normal 0.000000e+00 0.000000e+00 1.000000e+00
    outer loop
      vertex   -2.911965e+00 9.088328e+01 -3.205754e+00
      vertex   -1.271504e+01 9.048096e+01 -3.205754e+00
      vertex   -3.359781e+00 9.024002e+01 -3.205754e+00
    endloop
  endfacet
  facet normal 0.000000e+00 0.000000e+00 1.000000e+00
    outer loop
      vertex   -3.359781e+00 9.024002e+01 -3.205754e+00
      vertex   -1.271504e+01 9.048096e+01 -3.205754e+00
      vertex   -1.238187e+01 8.977151e+01 -3.205754e+00
    endloop
  endfacet
  facet normal 0.000000e+00 0.000000e+00 1.000000e+00
    outer loop
      vertex   -3.359781e+00 9.024002e+01 -3.205754e+00
      vertex   -1.238187e+01 8.977151e+01 -3.205754e+00
      vertex   -3.625852e+00 8.950278e+01 -3.205754e+00
    endloop
  endfacet
  facet normal 0.000000e+00 0.000000e+00 1.000000e+00
    outer loop
      vertex   -3.625852e+00 8.950278e+01 -3.205754e+00
      vertex   -1.238187e+01 8.977151e+01 -3.205754e+00
      vertex   -1.224368e+01 8.900000e+01 -3.205754e+00
    endloop
  endfacet
  facet normal 0.000000e+00 0.000000e+00 1.000000e+00
    outer loop
      vertex   -3.625852e+00 8.950278e+01 -3.205754e+00
      vertex   -1.224368e+01 8.900000e+01 -3.205754e+00
      vertex   -3.692043e+00 8.872179e+01 -3.205754e+00
    endloop
  endfacet
  facet normal 0.000000e+00 0.000000e+00 1.000000e+00
    outer loop
      vertex   -3.692043e+00 8.872179e+01 -3.205754e+00
      vertex   -1.224368e+01 8.900000e+01 -3.205754e+00
      vertex   -1.224368e+01 7.400000e+01 -3.205754e+00
    endloop
  endfacet
  facet normal 0.000000e+00 0.000000e+00 1.000000e+00
    outer loop
      vertex   -3.692043e+00 8.872179e+01 -3.205754e+00
      vertex   -1.224368e+01 7.400000e+01 -3.205754e+00
      vertex   -3.692043e+00 7.409898e+01 -3.205754e+00
    endloop
  endfacet
  facet normal 0.000000e+00 0.000000e+00 1.000000e+00
    outer loop
      vertex   -3.692043e+00 7.409898e+01 -3.205754e+00
      vertex   -1.224368e+01 7.400000e+01 -3.205754e+00
      vertex   -3.627018e+00 7.337110e+01 -3.205754e+00
    endloop
  endfacet
  facet normal 0.000000e+00 0.000000e+00 1.000000e+00
    outer loop
      vertex   -3.627018e+00 7.337110e+01 -3.205754e+00
      vertex   -1.224368e+01 7.400000e+01 -3.205754e+00
      vertex   -1.233268e+01 7.327466e+01 -3.205754e+00
    endloop
  endfacet
  facet normal 0.000000e+00 0.000000e+00 1.000000e+00
    outer loop
      vertex   -3.627018e+00 7.337110e+01 -3.205754e+00
      vertex   -1.233268e+01 7.327466e+01 -3.205754e+00
      vertex   -3.387934e+00 7.268054e+01 -3.205754e+00
    endloop
  endfacet
  facet normal 0.000000e+00 0.000000e+00 1.000000e+00
    outer loop
      vertex   -3.387934e+00 7.268054e+01 -3.205754e+00
      vertex   -1.233268e+01 7.327466e+01 -3.205754e+00
      vertex   -1.259442e+01 7.259236e+01 -3.205754e+00
    endloop
  endfacet
  facet normal 0.000000e+00 0.000000e+00 1.000000e+00
    outer loop
      vertex   -3.387934e+00 7.268054e+01 -3.205754e+00
      vertex   -1.259442e+01 7.259236e+01 -3.205754e+00
      vertex   -2.988980e+00 7.206827e+01 -3.205754e+00
    endloop
  endfacet
  facet normal 0.000000e+00 0.000000e+00 1.000000e+00
    outer loop
      vertex   -2.988980e+00 7.206827e+01 -3.205754e+00
      vertex   -1.259442e+01 7.259236e+01 -3.205754e+00
      vertex   -1.301336e+01 7.199359e+01 -3.205754e+00
    endloop
  endfacet
  facet normal 5.886603e-19 -7.901625e-17 1.000000e+00
    outer loop
      vertex   -2.988980e+00 7.206827e+01 -3.205754e+00
      vertex   -1.301336e+01 7.199359e+01 -3.205754e+00
      vertex   -1.000000e+01 6.077559e+01 -3.205754e+00
    endloop
  endfacet
  facet normal 5.584332e-17 -6.417384e-17 1.000000e+00
    outer loop
      vertex   -1.000000e+01 6.077559e+01 -3.205754e+00
      vertex   -1.301336e+01 7.199359e+01 -3.205754e+00
      vertex   -1.356464e+01 7.151387e+01 -3.205754e+00
    endloop
  endfacet
  facet normal 3.609692e-17 -7.072878e-17 1.000000e+00
    outer loop
      vertex   -1.000000e+01 6.077559e+01 -3.205754e+00
      vertex   -1.356464e+01 7.151387e+01 -3.205754e+00
      vertex   -1.421555e+01 7.118168e+01 -3.205754e+00
    endloop
  endfacet
  facet normal 2.419685e-16 1.267065e-17 1.000000e+00
    outer loop
      vertex   -1.000000e+01 6.077559e+01 -3.205754e+00
      vertex   -1.421555e+01 7.118168e+01 -3.205754e+00
      vertex   -1.363343e+01 6.006498e+01 -3.205754e+00
    endloop
  endfacet
  facet normal 0.000000e+00 0.000000e+00 1.000000e+00
    outer loop
      vertex   -1.363343e+01 6.006498e+01 -3.205754e+00
      vertex   -1.421555e+01 7.118168e+01 -3.205754e+00
      vertex   -1.492747e+01 7.101671e+01 -3.205754e+00
    endloop
  endfacet
  facet normal 0.000000e+00 0.000000e+00 1.000000e+00
    outer loop
      vertex   -1.363343e+01 6.006498e+01 -3.205754e+00
      vertex   -1.492747e+01 7.101671e+01 -3.205754e+00
      vertex   -1.565815e+01 7.102877e+01 -3.205754e+00
    endloop
  endfacet
  facet normal 0.000000e+00 0.000000e+00 1.000000e+00
    outer loop
      vertex   -1.363343e+01 6.006498e+01 -3.205754e+00
      vertex   -1.565815e+01 7.102877e+01 -3.205754e+00
      vertex   -1.721759e+01 5.913735e+01 -3.205754e+00
    endloop
  endfacet
  facet normal 0.000000e+00 0.000000e+00 1.000000e+00
    outer loop
      vertex   -1.721759e+01 5.913735e+01 -3.205754e+00
      vertex   -1.565815e+01 7.102877e+01 -3.205754e+00
      vertex   -1.636423e+01 7.121713e+01 -3.205754e+00
    endloop
  endfacet
  facet normal 0.000000e+00 0.000000e+00 1.000000e+00
    outer loop
      vertex   -1.721759e+01 5.913735e+01 -3.205754e+00
      vertex   -1.636423e+01 7.121713e+01 -3.205754e+00
      vertex   -1.700383e+01 7.157063e+01 -3.205754e+00
    endloop
  endfacet
  facet normal 0.000000e+00 -0.000000e+00 1.000000e+00
    outer loop
      vertex   -1.721759e+01 5.913735e+01 -3.205754e+00
      vertex   -1.700383e+01 7.157063e+01 -3.205754e+00
      vertex   -2.073955e+01 5.799606e+01 -3.205754e+00
    endloop
  endfacet
  facet normal 0.000000e+00 0.000000e+00 1.000000e+00
    outer loop
      vertex   -2.073955e+01 5.799606e+01 -3.205754e+00
      vertex   -1.700383e+01 7.157063e+01 -3.205754e+00
      vertex   -1.753898e+01 7.206827e+01 -3.205754e+00
    endloop
  endfacet
  facet normal 0.000000e+00 0.000000e+00 1.000000e+00
    outer loop
      vertex   -2.073955e+01 5.799606e+01 -3.205754e+00
      vertex   -1.753898e+01 7.206827e+01 -3.205754e+00
      vertex   -1.793793e+01 7.268054e+01 -3.205754e+00
    endloop
  endfacet
  facet normal 0.000000e+00 0.000000e+00 1.000000e+00
    outer loop
      vertex   -1.817702e+01 7.337110e+01 -3.205754e+00
      vertex   -3.950000e+01 6.500000e+01 -3.205754e+00
      vertex   -1.793793e+01 7.268054e+01 -3.205754e+00
    endloop
  endfacet
  facet normal 0.000000e+00 0.000000e+00 1.000000e+00
    outer loop
      vertex   -1.793793e+01 7.268054e+01 -3.205754e+00
      vertex   -3.950000e+01 6.500000e+01 -3.205754e+00
      vertex   -2.418658e+01 5.664522e+01 -3.205754e+00
    endloop
  endfacet
  facet normal 0.000000e+00 0.000000e+00 1.000000e+00
    outer loop
      vertex   -1.793793e+01 7.268054e+01 -3.205754e+00
      vertex   -2.418658e+01 5.664522e+01 -3.205754e+00
      vertex   -2.073955e+01 5.799606e+01 -3.205754e+00
    endloop
  endfacet
  facet normal 0.000000e+00 0.000000e+00 1.000000e+00
    outer loop
      vertex   -1.817702e+01 7.337110e+01 -3.205754e+00
      vertex   -1.824204e+01 7.409898e+01 -3.205754e+00
      vertex   -3.950000e+01 6.500000e+01 -3.205754e+00
    endloop
  endfacet
  facet normal 0.000000e+00 -0.000000e+00 1.000000e+00
    outer loop
      vertex   -3.950000e+01 6.500000e+01 -3.205754e+00
      vertex   -1.824204e+01 7.409898e+01 -3.205754e+00
      vertex   -3.950000e+01 8.817083e+01 -3.205754e+00
    endloop
  endfacet
  facet normal 5.645647e-15 -4.697529e-14 1.000000e+00
    outer loop
      vertex   2.524930e+00 -3.168454e+01 -3.205754e+00
      vertex   3.678485e+00 -3.238728e+01 -3.205754e+00
      vertex   5.054442e+00 -3.138054e+01 -3.205754e+00
    endloop
  endfacet
  facet normal -1.641031e-14 -1.683056e-14 1.000000e+00
    outer loop
      vertex   5.054442e+00 -3.138054e+01 -3.205754e+00
      vertex   3.678485e+00 -3.238728e+01 -3.205754e+00
      vertex   4.645609e+00 -3.333026e+01 -3.205754e+00
    endloop
  endfacet
  facet normal 4.286747e-15 -2.117048e-14 1.000000e+00
    outer loop
      vertex   5.054442e+00 -3.138054e+01 -3.205754e+00
      vertex   4.645609e+00 -3.333026e+01 -3.205754e+00
      vertex   7.551479e+00 -3.087492e+01 -3.205754e+00
    endloop
  endfacet
  facet normal -8.806351e-15 -5.674915e-15 1.000000e+00
    outer loop
      vertex   7.551479e+00 -3.087492e+01 -3.205754e+00
      vertex   4.645609e+00 -3.333026e+01 -3.205754e+00
      vertex   5.377287e+00 -3.446568e+01 -3.205754e+00
    endloop
  endfacet
  facet normal -1.138346e-14 -4.114482e-15 1.000000e+00
    outer loop
      vertex   7.551479e+00 -3.087492e+01 -3.205754e+00
      vertex   5.377287e+00 -3.446568e+01 -3.205754e+00
      vertex   5.836436e+00 -3.573600e+01 -3.205754e+00
    endloop
  endfacet
  facet normal 2.016211e-14 -1.524411e-14 1.000000e+00
    outer loop
      vertex   7.551479e+00 -3.087492e+01 -3.205754e+00
      vertex   5.836436e+00 -3.573600e+01 -3.205754e+00
      vertex   1.000000e+01 -3.017094e+01 -3.205754e+00
    endloop
  endfacet
  facet normal -1.834496e-16 -2.234914e-17 1.000000e+00
    outer loop
      vertex   1.000000e+01 -3.017094e+01 -3.205754e+00
      vertex   5.836436e+00 -3.573600e+01 -3.205754e+00
      vertex   5.999787e+00 -3.707683e+01 -3.205754e+00
    endloop
  endfacet
  facet normal 1.484079e-15 -9.882583e-16 1.000000e+00
    outer loop
      vertex   1.000000e+01 -3.017094e+01 -3.205754e+00
      vertex   5.999787e+00 -3.707683e+01 -3.205754e+00
      vertex   1.000000e+01 -4.500000e+01 -3.205754e+00
    endloop
  endfacet
  facet normal 2.850144e-15 -2.985652e-16 1.000000e+00
    outer loop
      vertex   1.000000e+01 -4.500000e+01 -3.205754e+00
      vertex   5.999787e+00 -3.707683e+01 -3.205754e+00
      vertex   5.859060e+00 -3.842024e+01 -3.205754e+00
    endloop
  endfacet
  facet normal 2.152905e-15 -7.373688e-16 1.000000e+00
    outer loop
      vertex   1.000000e+01 -4.500000e+01 -3.205754e+00
      vertex   5.859060e+00 -3.842024e+01 -3.205754e+00
      vertex   5.421387e+00 -3.969811e+01 -3.205754e+00
    endloop
  endfacet
  facet normal 1.749254e-15 -1.085955e-15 1.000000e+00
    outer loop
      vertex   5.421387e+00 -3.969811e+01 -3.205754e+00
      vertex   4.708951e+00 -4.084571e+01 -3.205754e+00
      vertex   1.000000e+01 -4.500000e+01 -3.205754e+00
    endloop
  endfacet
  facet normal 1.462919e-15 -1.450641e-15 1.000000e+00
    outer loop
      vertex   1.000000e+01 -4.500000e+01 -3.205754e+00
      vertex   4.708951e+00 -4.084571e+01 -3.205754e+00
      vertex   3.757858e+00 -4.180485e+01 -3.205754e+00
    endloop
  endfacet
  facet normal 1.219012e-15 -1.927145e-15 1.000000e+00
    outer loop
      vertex   1.000000e+01 -4.500000e+01 -3.205754e+00
      vertex   3.757858e+00 -4.180485e+01 -3.205754e+00
      vertex   2.616312e+00 -4.252693e+01 -3.205754e+00
    endloop
  endfacet
  facet normal 1.522377e-15 -1.021405e-15 1.000000e+00
    outer loop
      vertex   1.000000e+01 -4.500000e+01 -3.205754e+00
      vertex   2.616312e+00 -4.252693e+01 -3.205754e+00
      vertex   1.000000e+01 -5.500000e+01 -3.205754e+00
    endloop
  endfacet
  facet normal 2.715379e-16 -1.761865e-15 1.000000e+00
    outer loop
      vertex   1.000000e+01 -5.500000e+01 -3.205754e+00
      vertex   2.616312e+00 -4.252693e+01 -3.205754e+00
      vertex   1.342168e+00 -4.297536e+01 -3.205754e+00
    endloop
  endfacet
  facet normal 2.050146e-16 -1.809762e-15 1.000000e+00
    outer loop
      vertex   1.000000e+01 -5.500000e+01 -3.205754e+00
      vertex   1.342168e+00 -4.297536e+01 -3.205754e+00
      vertex   1.599911e-08 -4.312740e+01 -3.205754e+00
    endloop
  endfacet
  facet normal -7.771561e-16 -2.637021e-15 1.000000e+00
    outer loop
      vertex   1.000000e+01 -5.500000e+01 -3.205754e+00
      vertex   1.599911e-08 -4.312740e+01 -3.205754e+00
      vertex   -1.000000e+01 -5.500000e+01 -3.205754e+00
    endloop
  endfacet
  facet normal -3.404016e-16 -3.004889e-15 1.000000e+00
    outer loop
      vertex   -1.000000e+01 -5.500000e+01 -3.205754e+00
      vertex   1.599911e-08 -4.312740e+01 -3.205754e+00
      vertex   -1.342167e+00 -4.297536e+01 -3.205754e+00
    endloop
  endfacet
  facet normal -1.468713e-15 -2.192496e-15 1.000000e+00
    outer loop
      vertex   -1.000000e+01 -5.500000e+01 -3.205754e+00
      vertex   -1.342167e+00 -4.297536e+01 -3.205754e+00
      vertex   -2.616312e+00 -4.252693e+01 -3.205754e+00
    endloop
  endfacet
  facet normal -3.522024e-15 -9.769963e-16 1.000000e+00
    outer loop
      vertex   -1.000000e+01 -5.500000e+01 -3.205754e+00
      vertex   -2.616312e+00 -4.252693e+01 -3.205754e+00
      vertex   -1.000000e+01 -4.500000e+01 -3.205754e+00
    endloop
  endfacet
  facet normal -2.516669e-15 -3.978622e-15 1.000000e+00
    outer loop
      vertex   -1.000000e+01 -4.500000e+01 -3.205754e+00
      vertex   -2.616312e+00 -4.252693e+01 -3.205754e+00
      vertex   -3.757858e+00 -4.180485e+01 -3.205754e+00
    endloop
  endfacet
  facet normal -3.020219e-15 -2.994872e-15 1.000000e+00
    outer loop
      vertex   -1.000000e+01 -4.500000e+01 -3.205754e+00
      vertex   -3.757858e+00 -4.180485e+01 -3.205754e+00
      vertex   -4.708951e+00 -4.084571e+01 -3.205754e+00
    endloop
  endfacet
  facet normal -3.611363e-15 -2.241971e-15 1.000000e+00
    outer loop
      vertex   -4.708951e+00 -4.084571e+01 -3.205754e+00
      vertex   -5.421387e+00 -3.969811e+01 -3.205754e+00
      vertex   -1.000000e+01 -4.500000e+01 -3.205754e+00
    endloop
  endfacet
  facet normal -4.444708e-15 -1.522310e-15 1.000000e+00
    outer loop
      vertex   -1.000000e+01 -4.500000e+01 -3.205754e+00
      vertex   -5.421387e+00 -3.969811e+01 -3.205754e+00
      vertex   -5.859060e+00 -3.842024e+01 -3.205754e+00
    endloop
  endfacet
  facet normal -5.884169e-15 -6.163927e-16 1.000000e+00
    outer loop
      vertex   -1.000000e+01 -4.500000e+01 -3.205754e+00
      vertex   -5.859060e+00 -3.842024e+01 -3.205754e+00
      vertex   -5.999787e+00 -3.707683e+01 -3.205754e+00
    endloop
  endfacet
  facet normal -5.088304e-15 -1.018205e-15 1.000000e+00
    outer loop
      vertex   -1.000000e+01 -4.500000e+01 -3.205754e+00
      vertex   -5.999787e+00 -3.707683e+01 -3.205754e+00
      vertex   -1.000000e+01 -3.017094e+01 -3.205754e+00
    endloop
  endfacet
  facet normal -2.751744e-15 3.352371e-16 1.000000e+00
    outer loop
      vertex   -1.000000e+01 -3.017094e+01 -3.205754e+00
      vertex   -5.999787e+00 -3.707683e+01 -3.205754e+00
      vertex   -5.836436e+00 -3.573600e+01 -3.205754e+00
    endloop
  endfacet
  facet normal -2.731438e-14 -1.804158e-14 1.000000e+00
    outer loop
      vertex   -1.000000e+01 -3.017094e+01 -3.205754e+00
      vertex   -5.836436e+00 -3.573600e+01 -3.205754e+00
      vertex   -7.551479e+00 -3.087492e+01 -3.205754e+00
    endloop
  endfacet
  facet normal 1.176717e-14 -4.253173e-15 1.000000e+00
    outer loop
      vertex   -7.551479e+00 -3.087492e+01 -3.205754e+00
      vertex   -5.836436e+00 -3.573600e+01 -3.205754e+00
      vertex   -5.377287e+00 -3.446568e+01 -3.205754e+00
    endloop
  endfacet
  facet normal 9.103194e-15 -5.866205e-15 1.000000e+00
    outer loop
      vertex   -7.551479e+00 -3.087492e+01 -3.205754e+00
      vertex   -5.377287e+00 -3.446568e+01 -3.205754e+00
      vertex   -4.645609e+00 -3.333026e+01 -3.205754e+00
    endloop
  endfacet
  facet normal -4.431244e-15 -2.188409e-14 1.000000e+00
    outer loop
      vertex   -7.551479e+00 -3.087492e+01 -3.205754e+00
      vertex   -4.645609e+00 -3.333026e+01 -3.205754e+00
      vertex   -5.054442e+00 -3.138054e+01 -3.205754e+00
    endloop
  endfacet
  facet normal 1.696347e-14 -1.739788e-14 1.000000e+00
    outer loop
      vertex   -5.054442e+00 -3.138054e+01 -3.205754e+00
      vertex   -4.645609e+00 -3.333026e+01 -3.205754e+00
      vertex   -3.678485e+00 -3.238728e+01 -3.205754e+00
    endloop
  endfacet
  facet normal -5.835950e-15 -4.855872e-14 1.000000e+00
    outer loop
      vertex   -5.054442e+00 -3.138054e+01 -3.205754e+00
      vertex   -3.678485e+00 -3.238728e+01 -3.205754e+00
      vertex   -2.524930e+00 -3.168454e+01 -3.205754e+00
    endloop
  endfacet
  facet normal 4.459700e-15 -9.769963e-16 1.000000e+00
    outer loop
      vertex   -1.000000e+01 -5.500000e+01 -3.205754e+00
      vertex   -1.000000e+01 -4.500000e+01 -3.205754e+00
      vertex   -2.772493e+01 -5.500000e+01 -3.205754e+00
    endloop
  endfacet
  facet normal 2.161181e-15 3.097113e-15 1.000000e+00
    outer loop
      vertex   -2.772493e+01 -5.500000e+01 -3.205754e+00
      vertex   -1.000000e+01 -4.500000e+01 -3.205754e+00
      vertex   -4.205558e+01 -4.500000e+01 -3.205754e+00
    endloop
  endfacet
  facet normal 0.000000e+00 0.000000e+00 1.000000e+00
    outer loop
      vertex   -2.772493e+01 -5.500000e+01 -3.205754e+00
      vertex   -4.205558e+01 -4.500000e+01 -3.205754e+00
      vertex   -4.400789e+01 -6.255330e+01 -3.205754e+00
    endloop
  endfacet
  facet normal 0.000000e+00 -0.000000e+00 1.000000e+00
    outer loop
      vertex   -4.400789e+01 -6.255330e+01 -3.205754e+00
      vertex   -4.205558e+01 -4.500000e+01 -3.205754e+00
      vertex   -4.786689e+01 -5.965208e+01 -3.205754e+00
    endloop
  endfacet
  facet normal 0.000000e+00 -0.000000e+00 1.000000e+00
    outer loop
      vertex   -4.786689e+01 -5.965208e+01 -3.205754e+00
      vertex   -4.205558e+01 -4.500000e+01 -3.205754e+00
      vertex   -5.153516e+01 -5.651316e+01 -3.205754e+00
    endloop
  endfacet
  facet normal 0.000000e+00 0.000000e+00 1.000000e+00
    outer loop
      vertex   -5.153516e+01 -5.651316e+01 -3.205754e+00
      vertex   -4.205558e+01 -4.500000e+01 -3.205754e+00
      vertex   -4.476702e+01 -4.230350e+01 -3.205754e+00
    endloop
  endfacet
  facet normal 0.000000e+00 -0.000000e+00 1.000000e+00
    outer loop
      vertex   -5.153516e+01 -5.651316e+01 -3.205754e+00
      vertex   -4.476702e+01 -4.230350e+01 -3.205754e+00
      vertex   -5.499808e+01 -5.314905e+01 -3.205754e+00
    endloop
  endfacet
  facet normal 0.000000e+00 0.000000e+00 1.000000e+00
    outer loop
      vertex   -5.499808e+01 -5.314905e+01 -3.205754e+00
      vertex   -4.476702e+01 -4.230350e+01 -3.205754e+00
      vertex   -4.730589e+01 -3.944394e+01 -3.205754e+00
    endloop
  endfacet
  facet normal 0.000000e+00 -0.000000e+00 1.000000e+00
    outer loop
      vertex   -5.499808e+01 -5.314905e+01 -3.205754e+00
      vertex   -4.730589e+01 -3.944394e+01 -3.205754e+00
      vertex   -5.824184e+01 -4.957316e+01 -3.205754e+00
    endloop
  endfacet
  facet normal 0.000000e+00 0.000000e+00 1.000000e+00
    outer loop
      vertex   -5.824184e+01 -4.957316e+01 -3.205754e+00
      vertex   -4.730589e+01 -3.944394e+01 -3.205754e+00
      vertex   -4.966242e+01 -3.643234e+01 -3.205754e+00
    endloop
  endfacet
  facet normal 0.000000e+00 -0.000000e+00 1.000000e+00
    outer loop
      vertex   -5.824184e+01 -4.957316e+01 -3.205754e+00
      vertex   -4.966242e+01 -3.643234e+01 -3.205754e+00
      vertex   -6.125353e+01 -4.579973e+01 -3.205754e+00
    endloop
  endfacet
  facet normal 0.000000e+00 0.000000e+00 1.000000e+00
    outer loop
      vertex   -6.125353e+01 -4.579973e+01 -3.205754e+00
      vertex   -4.966242e+01 -3.643234e+01 -3.205754e+00
      vertex   -5.182753e+01 -3.328031e+01 -3.205754e+00
    endloop
  endfacet
  facet normal 0.000000e+00 -0.000000e+00 1.000000e+00
    outer loop
      vertex   -6.125353e+01 -4.579973e+01 -3.205754e+00
      vertex   -5.182753e+01 -3.328031e+01 -3.205754e+00
      vertex   -6.402113e+01 -4.184380e+01 -3.205754e+00
    endloop
  endfacet
  facet normal 0.000000e+00 0.000000e+00 1.000000e+00
    outer loop
      vertex   -6.402113e+01 -4.184380e+01 -3.205754e+00
      vertex   -5.182753e+01 -3.328031e+01 -3.205754e+00
      vertex   -5.379286e+01 -3.000000e+01 -3.205754e+00
    endloop
  endfacet
  facet normal 0.000000e+00 -0.000000e+00 1.000000e+00
    outer loop
      vertex   -6.402113e+01 -4.184380e+01 -3.205754e+00
      vertex   -5.379286e+01 -3.000000e+01 -3.205754e+00
      vertex   -6.653364e+01 -3.772114e+01 -3.205754e+00
    endloop
  endfacet
  facet normal 0.000000e+00 -0.000000e+00 1.000000e+00
    outer loop
      vertex   -6.653364e+01 -3.772114e+01 -3.205754e+00
      vertex   -5.379286e+01 -3.000000e+01 -3.205754e+00
      vertex   -6.878102e+01 -3.344818e+01 -3.205754e+00
    endloop
  endfacet
  facet normal 0.000000e+00 0.000000e+00 1.000000e+00
    outer loop
      vertex   -6.878102e+01 -3.344818e+01 -3.205754e+00
      vertex   -5.379286e+01 -3.000000e+01 -3.205754e+00
      vertex   -5.825523e+01 -2.000000e+01 -3.205754e+00
    endloop
  endfacet
  facet normal 0.000000e+00 -0.000000e+00 1.000000e+00
    outer loop
      vertex   -6.878102e+01 -3.344818e+01 -3.205754e+00
      vertex   -5.825523e+01 -2.000000e+01 -3.205754e+00
      vertex   -7.075434e+01 -2.904193e+01 -3.205754e+00
    endloop
  endfacet
  facet normal 0.000000e+00 -0.000000e+00 1.000000e+00
    outer loop
      vertex   -7.075434e+01 -2.904193e+01 -3.205754e+00
      vertex   -5.825523e+01 -2.000000e+01 -3.205754e+00
      vertex   -7.244571e+01 -2.451995e+01 -3.205754e+00
    endloop
  endfacet
  facet normal 0.000000e+00 0.000000e+00 1.000000e+00
    outer loop
      vertex   -7.244571e+01 -2.451995e+01 -3.205754e+00
      vertex   -5.825523e+01 -2.000000e+01 -3.205754e+00
      vertex   -5.938839e+01 -1.633067e+01 -3.205754e+00
    endloop
  endfacet
  facet normal 0.000000e+00 -0.000000e+00 1.000000e+00
    outer loop
      vertex   -7.244571e+01 -2.451995e+01 -3.205754e+00
      vertex   -5.938839e+01 -1.633067e+01 -3.205754e+00
      vertex   -7.384842e+01 -1.990027e+01 -3.205754e+00
    endloop
  endfacet
  facet normal 0.000000e+00 0.000000e+00 1.000000e+00
    outer loop
      vertex   -7.384842e+01 -1.990027e+01 -3.205754e+00
      vertex   -5.938839e+01 -1.633067e+01 -3.205754e+00
      vertex   -6.029068e+01 -1.259785e+01 -3.205754e+00
    endloop
  endfacet
  facet normal 0.000000e+00 -0.000000e+00 1.000000e+00
    outer loop
      vertex   -7.384842e+01 -1.990027e+01 -3.205754e+00
      vertex   -6.029068e+01 -1.259785e+01 -3.205754e+00
      vertex   -7.495685e+01 -1.520130e+01 -3.205754e+00
    endloop
  endfacet
  facet normal 0.000000e+00 0.000000e+00 1.000000e+00
    outer loop
      vertex   -7.495685e+01 -1.520130e+01 -3.205754e+00
      vertex   -6.029068e+01 -1.259785e+01 -3.205754e+00
      vertex   -6.095858e+01 -8.816063e+00 -3.205754e+00
    endloop
  endfacet
  facet normal 0.000000e+00 -0.000000e+00 1.000000e+00
    outer loop
      vertex   -7.495685e+01 -1.520130e+01 -3.205754e+00
      vertex   -6.095858e+01 -8.816063e+00 -3.205754e+00
      vertex   -7.576661e+01 -1.044175e+01 -3.205754e+00
    endloop
  endfacet
  facet normal 0.000000e+00 0.000000e+00 1.000000e+00
    outer loop
      vertex   -7.576661e+01 -1.044175e+01 -3.205754e+00
      vertex   -6.095858e+01 -8.816063e+00 -3.205754e+00
      vertex   -6.138951e+01 -5.000000e+00 -3.205754e+00
    endloop
  endfacet
  facet normal 0.000000e+00 -0.000000e+00 1.000000e+00
    outer loop
      vertex   -7.576661e+01 -1.044175e+01 -3.205754e+00
      vertex   -6.138951e+01 -5.000000e+00 -3.205754e+00
      vertex   -7.627446e+01 -5.640596e+00 -3.205754e+00
    endloop
  endfacet
  facet normal 0.000000e+00 -0.000000e+00 1.000000e+00
    outer loop
      vertex   -7.627446e+01 -5.640596e+00 -3.205754e+00
      vertex   -6.138951e+01 -5.000000e+00 -3.205754e+00
      vertex   -7.647838e+01 -8.169644e-01 -3.205754e+00
    endloop
  endfacet
  facet normal -0.000000e+00 0.000000e+00 1.000000e+00
    outer loop
      vertex   -7.647838e+01 -8.169644e-01 -3.205754e+00
      vertex   -6.138951e+01 -5.000000e+00 -3.205754e+00
      vertex   -6.138951e+01 5.000000e+00 -3.205754e+00
    endloop
  endfacet
  facet normal 0.000000e+00 0.000000e+00 1.000000e+00
    outer loop
      vertex   -7.647838e+01 -8.169644e-01 -3.205754e+00
      vertex   -6.138951e+01 5.000000e+00 -3.205754e+00
      vertex   -7.637755e+01 4.009922e+00 -3.205754e+00
    endloop
  endfacet
  facet normal 0.000000e+00 0.000000e+00 1.000000e+00
    outer loop
      vertex   -7.637755e+01 4.009922e+00 -3.205754e+00
      vertex   -6.138951e+01 5.000000e+00 -3.205754e+00
      vertex   -7.597238e+01 8.820831e+00 -3.205754e+00
    endloop
  endfacet
  facet normal -0.000000e+00 0.000000e+00 1.000000e+00
    outer loop
      vertex   -7.597238e+01 8.820831e+00 -3.205754e+00
      vertex   -6.138951e+01 5.000000e+00 -3.205754e+00
      vertex   -6.095518e+01 8.839542e+00 -3.205754e+00
    endloop
  endfacet
  facet normal 0.000000e+00 0.000000e+00 1.000000e+00
    outer loop
      vertex   -7.597238e+01 8.820831e+00 -3.205754e+00
      vertex   -6.095518e+01 8.839542e+00 -3.205754e+00
      vertex   -7.526448e+01 1.359659e+01 -3.205754e+00
    endloop
  endfacet
  facet normal 0.000000e+00 0.000000e+00 1.000000e+00
    outer loop
      vertex   -7.526448e+01 1.359659e+01 -3.205754e+00
      vertex   -6.095518e+01 8.839542e+00 -3.205754e+00
      vertex   -6.028096e+01 1.264429e+01 -3.205754e+00
    endloop
  endfacet
  facet normal -0.000000e+00 0.000000e+00 1.000000e+00
    outer loop
      vertex   -7.526448e+01 1.359659e+01 -3.205754e+00
      vertex   -6.028096e+01 1.264429e+01 -3.205754e+00
      vertex   -7.425668e+01 1.831817e+01 -3.205754e+00
    endloop
  endfacet
  facet normal 0.000000e+00 0.000000e+00 1.000000e+00
    outer loop
      vertex   -7.425668e+01 1.831817e+01 -3.205754e+00
      vertex   -6.028096e+01 1.264429e+01 -3.205754e+00
      vertex   -5.936948e+01 1.639928e+01 -3.205754e+00
    endloop
  endfacet
  facet normal -0.000000e+00 0.000000e+00 1.000000e+00
    outer loop
      vertex   -7.425668e+01 1.831817e+01 -3.205754e+00
      vertex   -5.936948e+01 1.639928e+01 -3.205754e+00
      vertex   -7.295298e+01 2.296676e+01 -3.205754e+00
    endloop
  endfacet
  facet normal 0.000000e+00 0.000000e+00 1.000000e+00
    outer loop
      vertex   -7.295298e+01 2.296676e+01 -3.205754e+00
      vertex   -5.936948e+01 1.639928e+01 -3.205754e+00
      vertex   -5.822435e+01 2.008973e+01 -3.205754e+00
    endloop
  endfacet
  facet normal -0.000000e+00 0.000000e+00 1.000000e+00
    outer loop
      vertex   -7.295298e+01 2.296676e+01 -3.205754e+00
      vertex   -5.822435e+01 2.008973e+01 -3.205754e+00
      vertex   -7.135859e+01 2.752383e+01 -3.205754e+00
    endloop
  endfacet
  facet normal -0.000000e+00 0.000000e+00 1.000000e+00
    outer loop
      vertex   -7.135859e+01 2.752383e+01 -3.205754e+00
      vertex   -5.822435e+01 2.008973e+01 -3.205754e+00
      vertex   -5.374272e+01 3.008973e+01 -3.205754e+00
    endloop
  endfacet
  facet normal 0.000000e+00 0.000000e+00 1.000000e+00
    outer loop
      vertex   -7.135859e+01 2.752383e+01 -3.205754e+00
      vertex   -5.374272e+01 3.008973e+01 -3.205754e+00
      vertex   -5.176880e+01 3.337159e+01 -3.205754e+00
    endloop
  endfacet
  facet normal 0.000000e+00 0.000000e+00 1.000000e+00
    outer loop
      vertex   -1.050169e+01 -3.000000e+01 -3.205754e+00
      vertex   -1.322067e+01 -2.890501e+01 -3.205754e+00
      vertex   -5.379286e+01 -3.000000e+01 -3.205754e+00
    endloop
  endfacet
  facet normal 0.000000e+00 0.000000e+00 1.000000e+00
    outer loop
      vertex   -5.379286e+01 -3.000000e+01 -3.205754e+00
      vertex   -1.322067e+01 -2.890501e+01 -3.205754e+00
      vertex   -1.582722e+01 -2.756419e+01 -3.205754e+00
    endloop
  endfacet
  facet normal 0.000000e+00 0.000000e+00 1.000000e+00
    outer loop
      vertex   -5.379286e+01 -3.000000e+01 -3.205754e+00
      vertex   -1.582722e+01 -2.756419e+01 -3.205754e+00
      vertex   -1.829916e+01 -2.598896e+01 -3.205754e+00
    endloop
  endfacet
  facet normal 0.000000e+00 0.000000e+00 1.000000e+00
    outer loop
      vertex   -1.829916e+01 -2.598896e+01 -3.205754e+00
      vertex   -2.061549e+01 -2.419271e+01 -3.205754e+00
      vertex   -5.379286e+01 -3.000000e+01 -3.205754e+00
    endloop
  endfacet
  facet normal 0.000000e+00 0.000000e+00 1.000000e+00
    outer loop
      vertex   -5.379286e+01 -3.000000e+01 -3.205754e+00
      vertex   -2.061549e+01 -2.419271e+01 -3.205754e+00
      vertex   -2.275649e+01 -2.219071e+01 -3.205754e+00
    endloop
  endfacet
  facet normal 0.000000e+00 0.000000e+00 1.000000e+00
    outer loop
      vertex   -5.379286e+01 -3.000000e+01 -3.205754e+00
      vertex   -2.275649e+01 -2.219071e+01 -3.205754e+00
      vertex   -2.470396e+01 -2.000000e+01 -3.205754e+00
    endloop
  endfacet
  facet normal 0.000000e+00 0.000000e+00 1.000000e+00
    outer loop
      vertex   -2.470396e+01 -2.000000e+01 -3.205754e+00
      vertex   -5.825523e+01 -2.000000e+01 -3.205754e+00
      vertex   -5.379286e+01 -3.000000e+01 -3.205754e+00
    endloop
  endfacet
  facet normal 0.000000e+00 0.000000e+00 1.000000e+00
    outer loop
      vertex   -3.138926e+01 -5.000000e+00 -3.205754e+00
      vertex   -3.168590e+01 -2.507818e+00 -3.205754e+00
      vertex   -6.138951e+01 -5.000000e+00 -3.205754e+00
    endloop
  endfacet
  facet normal 0.000000e+00 0.000000e+00 1.000000e+00
    outer loop
      vertex   -6.138951e+01 -5.000000e+00 -3.205754e+00
      vertex   -3.168590e+01 -2.507818e+00 -3.205754e+00
      vertex   -3.178499e+01 7.969344e-10 -3.205754e+00
    endloop
  endfacet
  facet normal 0.000000e+00 0.000000e+00 1.000000e+00
    outer loop
      vertex   -6.138951e+01 -5.000000e+00 -3.205754e+00
      vertex   -3.178499e+01 7.969344e-10 -3.205754e+00
      vertex   -6.138951e+01 5.000000e+00 -3.205754e+00
    endloop
  endfacet
  facet normal 0.000000e+00 0.000000e+00 1.000000e+00
    outer loop
      vertex   -6.138951e+01 5.000000e+00 -3.205754e+00
      vertex   -3.178499e+01 7.969344e-10 -3.205754e+00
      vertex   -3.168590e+01 2.507818e+00 -3.205754e+00
    endloop
  endfacet
  facet normal -0.000000e+00 0.000000e+00 1.000000e+00
    outer loop
      vertex   -6.138951e+01 5.000000e+00 -3.205754e+00
      vertex   -3.168590e+01 2.507818e+00 -3.205754e+00
      vertex   -3.138926e+01 5.000000e+00 -3.205754e+00
    endloop
  endfacet
  facet normal 0.000000e+00 0.000000e+00 1.000000e+00
    outer loop
      vertex   -5.822435e+01 2.008973e+01 -3.205754e+00
      vertex   -2.463104e+01 2.008973e+01 -3.205754e+00
      vertex   -5.374272e+01 3.008973e+01 -3.205754e+00
    endloop
  endfacet
  facet normal 0.000000e+00 0.000000e+00 1.000000e+00
    outer loop
      vertex   -5.374272e+01 3.008973e+01 -3.205754e+00
      vertex   -2.463104e+01 2.008973e+01 -3.205754e+00
      vertex   -2.265700e+01 2.229228e+01 -3.205754e+00
    endloop
  endfacet
  facet normal 0.000000e+00 0.000000e+00 1.000000e+00
    outer loop
      vertex   -5.374272e+01 3.008973e+01 -3.205754e+00
      vertex   -2.265700e+01 2.229228e+01 -3.205754e+00
      vertex   -2.048677e+01 2.430181e+01 -3.205754e+00
    endloop
  endfacet
  facet normal 0.000000e+00 -0.000000e+00 1.000000e+00
    outer loop
      vertex   -2.048677e+01 2.430181e+01 -3.205754e+00
      vertex   -1.813914e+01 2.610090e+01 -3.205754e+00
      vertex   -5.374272e+01 3.008973e+01 -3.205754e+00
    endloop
  endfacet
  facet normal 0.000000e+00 0.000000e+00 1.000000e+00
    outer loop
      vertex   -5.374272e+01 3.008973e+01 -3.205754e+00
      vertex   -1.813914e+01 2.610090e+01 -3.205754e+00
      vertex   -1.563444e+01 2.767399e+01 -3.205754e+00
    endloop
  endfacet
  facet normal 0.000000e+00 0.000000e+00 1.000000e+00
    outer loop
      vertex   -5.374272e+01 3.008973e+01 -3.205754e+00
      vertex   -1.563444e+01 2.767399e+01 -3.205754e+00
      vertex   -1.299436e+01 2.900745e+01 -3.205754e+00
    endloop
  endfacet
  facet normal 0.000000e+00 -0.000000e+00 1.000000e+00
    outer loop
      vertex   -1.299436e+01 2.900745e+01 -3.205754e+00
      vertex   -1.024177e+01 3.008973e+01 -3.205754e+00
      vertex   -5.374272e+01 3.008973e+01 -3.205754e+00
    endloop
  endfacet
  facet normal 0.000000e+00 -0.000000e+00 1.000000e+00
    outer loop
      vertex   -5.176880e+01 3.337159e+01 -3.205754e+00
      vertex   -4.959473e+01 3.652444e+01 -3.205754e+00
      vertex   -7.135859e+01 2.752383e+01 -3.205754e+00
    endloop
  endfacet
  facet normal 0.000000e+00 0.000000e+00 1.000000e+00
    outer loop
      vertex   -7.135859e+01 2.752383e+01 -3.205754e+00
      vertex   -4.959473e+01 3.652444e+01 -3.205754e+00
      vertex   -4.995533e+01 6.261364e+01 -3.205754e+00
    endloop
  endfacet
  facet normal 0.000000e+00 0.000000e+00 1.000000e+00
    outer loop
      vertex   -7.135859e+01 2.752383e+01 -3.205754e+00
      vertex   -4.995533e+01 6.261364e+01 -3.205754e+00
      vertex   -5.036210e+01 6.377614e+01 -3.205754e+00
    endloop
  endfacet
  facet normal 0.000000e+00 0.000000e+00 1.000000e+00
    outer loop
      vertex   -4.995533e+01 6.261364e+01 -3.205754e+00
      vertex   -4.959473e+01 3.652444e+01 -3.205754e+00
      vertex   -4.930007e+01 6.157081e+01 -3.205754e+00
    endloop
  endfacet
  facet normal 0.000000e+00 0.000000e+00 1.000000e+00
    outer loop
      vertex   -4.930007e+01 6.157081e+01 -3.205754e+00
      vertex   -4.959473e+01 3.652444e+01 -3.205754e+00
      vertex   -4.722892e+01 3.953607e+01 -3.205754e+00
    endloop
  endfacet
  facet normal 0.000000e+00 0.000000e+00 1.000000e+00
    outer loop
      vertex   -4.930007e+01 6.157081e+01 -3.205754e+00
      vertex   -4.722892e+01 3.953607e+01 -3.205754e+00
      vertex   -4.842919e+01 6.069993e+01 -3.205754e+00
    endloop
  endfacet
  facet normal 0.000000e+00 0.000000e+00 1.000000e+00
    outer loop
      vertex   -4.842919e+01 6.069993e+01 -3.205754e+00
      vertex   -4.722892e+01 3.953607e+01 -3.205754e+00
      vertex   -4.468052e+01 4.239485e+01 -3.205754e+00
    endloop
  endfacet
  facet normal 0.000000e+00 0.000000e+00 1.000000e+00
    outer loop
      vertex   -4.842919e+01 6.069993e+01 -3.205754e+00
      vertex   -4.468052e+01 4.239485e+01 -3.205754e+00
      vertex   -4.738636e+01 6.004467e+01 -3.205754e+00
    endloop
  endfacet
  facet normal 0.000000e+00 0.000000e+00 1.000000e+00
    outer loop
      vertex   -4.738636e+01 6.004467e+01 -3.205754e+00
      vertex   -4.468052e+01 4.239485e+01 -3.205754e+00
      vertex   -4.622387e+01 5.963790e+01 -3.205754e+00
    endloop
  endfacet
  facet normal 0.000000e+00 0.000000e+00 1.000000e+00
    outer loop
      vertex   -4.622387e+01 5.963790e+01 -3.205754e+00
      vertex   -4.468052e+01 4.239485e+01 -3.205754e+00
      vertex   -4.195937e+01 4.508973e+01 -3.205754e+00
    endloop
  endfacet
  facet normal 0.000000e+00 0.000000e+00 1.000000e+00
    outer loop
      vertex   -4.622387e+01 5.963790e+01 -3.205754e+00
      vertex   -4.195937e+01 4.508973e+01 -3.205754e+00
      vertex   -4.500000e+01 5.950000e+01 -3.205754e+00
    endloop
  endfacet
  facet normal -0.000000e+00 0.000000e+00 1.000000e+00
    outer loop
      vertex   -4.500000e+01 5.950000e+01 -3.205754e+00
      vertex   -4.195937e+01 4.508973e+01 -3.205754e+00
      vertex   -4.377614e+01 5.963790e+01 -3.205754e+00
    endloop
  endfacet
  facet normal -0.000000e+00 0.000000e+00 1.000000e+00
    outer loop
      vertex   -4.377614e+01 5.963790e+01 -3.205754e+00
      vertex   -4.195937e+01 4.508973e+01 -3.205754e+00
      vertex   -4.261364e+01 6.004467e+01 -3.205754e+00
    endloop
  endfacet
  facet normal -0.000000e+00 0.000000e+00 1.000000e+00
    outer loop
      vertex   -4.261364e+01 6.004467e+01 -3.205754e+00
      vertex   -4.195937e+01 4.508973e+01 -3.205754e+00
      vertex   -4.157081e+01 6.069993e+01 -3.205754e+00
    endloop
  endfacet
  facet normal 0.000000e+00 0.000000e+00 1.000000e+00
    outer loop
      vertex   -4.157081e+01 6.069993e+01 -3.205754e+00
      vertex   -4.195937e+01 4.508973e+01 -3.205754e+00
      vertex   -2.754622e+01 5.508973e+01 -3.205754e+00
    endloop
  endfacet
  facet normal -0.000000e+00 0.000000e+00 1.000000e+00
    outer loop
      vertex   -4.157081e+01 6.069993e+01 -3.205754e+00
      vertex   -2.754622e+01 5.508973e+01 -3.205754e+00
      vertex   -4.069993e+01 6.157081e+01 -3.205754e+00
    endloop
  endfacet
  facet normal -0.000000e+00 0.000000e+00 1.000000e+00
    outer loop
      vertex   -4.069993e+01 6.157081e+01 -3.205754e+00
      vertex   -2.754622e+01 5.508973e+01 -3.205754e+00
      vertex   -4.004467e+01 6.261364e+01 -3.205754e+00
    endloop
  endfacet
  facet normal -0.000000e+00 0.000000e+00 1.000000e+00
    outer loop
      vertex   -4.004467e+01 6.261364e+01 -3.205754e+00
      vertex   -2.754622e+01 5.508973e+01 -3.205754e+00
      vertex   -3.963790e+01 6.377614e+01 -3.205754e+00
    endloop
  endfacet
  facet normal -0.000000e+00 0.000000e+00 1.000000e+00
    outer loop
      vertex   -3.963790e+01 6.377614e+01 -3.205754e+00
      vertex   -2.754622e+01 5.508973e+01 -3.205754e+00
      vertex   -3.950000e+01 6.500000e+01 -3.205754e+00
    endloop
  endfacet
  facet normal 0.000000e+00 0.000000e+00 1.000000e+00
    outer loop
      vertex   -3.950000e+01 6.500000e+01 -3.205754e+00
      vertex   -2.754622e+01 5.508973e+01 -3.205754e+00
      vertex   -2.418658e+01 5.664522e+01 -3.205754e+00
    endloop
  endfacet
  facet normal -6.947716e-16 1.001385e-15 1.000000e+00
    outer loop
      vertex   -4.195937e+01 4.508973e+01 -3.205754e+00
      vertex   -1.000000e+01 4.508973e+01 -3.205754e+00
      vertex   -2.754622e+01 5.508973e+01 -3.205754e+00
    endloop
  endfacet
  facet normal -1.822297e-15 -9.769963e-16 1.000000e+00
    outer loop
      vertex   -2.754622e+01 5.508973e+01 -3.205754e+00
      vertex   -1.000000e+01 4.508973e+01 -3.205754e+00
      vertex   -1.000000e+01 5.508973e+01 -3.205754e+00
    endloop
  endfacet
  facet normal -7.707232e-16 -9.769963e-16 1.000000e+00
    outer loop
      vertex   -1.000000e+01 5.508973e+01 -3.205754e+00
      vertex   -1.000000e+01 4.508973e+01 -3.205754e+00
      vertex   -2.579088e+00 4.241741e+01 -3.205754e+00
    endloop
  endfacet
  facet normal -1.424448e-16 -6.090763e-16 1.000000e+00
    outer loop
      vertex   -1.000000e+01 5.508973e+01 -3.205754e+00
      vertex   -2.579088e+00 4.241741e+01 -3.205754e+00
      vertex   -1.322035e+00 4.285254e+01 -3.205754e+00
    endloop
  endfacet
  facet normal -2.799732e-15 -1.012082e-15 1.000000e+00
    outer loop
      vertex   -1.000000e+01 3.017094e+01 -3.205754e+00
      vertex   -5.999264e+00 3.709396e+01 -3.205754e+00
      vertex   -1.000000e+01 4.508973e+01 -3.205754e+00
    endloop
  endfacet
  facet normal -6.192975e-16 7.891414e-17 1.000000e+00
    outer loop
      vertex   -1.000000e+01 4.508973e+01 -3.205754e+00
      vertex   -5.999264e+00 3.709396e+01 -3.205754e+00
      vertex   -5.831118e+00 3.841353e+01 -3.205754e+00
    endloop
  endfacet
  facet normal -4.711751e-16 1.714076e-16 1.000000e+00
    outer loop
      vertex   -1.000000e+01 4.508973e+01 -3.205754e+00
      vertex   -5.831118e+00 3.841353e+01 -3.205754e+00
      vertex   -5.376354e+00 3.966361e+01 -3.205754e+00
    endloop
  endfacet
  facet normal -3.904422e-15 -3.736946e-16 1.000000e+00
    outer loop
      vertex   -5.999264e+00 3.709396e+01 -3.205754e+00
      vertex   -1.000000e+01 3.017094e+01 -3.205754e+00
      vertex   -5.872526e+00 3.576978e+01 -3.205754e+00
    endloop
  endfacet
  facet normal 4.992102e-15 -6.932222e-15 1.000000e+00
    outer loop
      vertex   -5.872526e+00 3.576978e+01 -3.205754e+00
      vertex   -1.000000e+01 3.017094e+01 -3.205754e+00
      vertex   -7.623767e+00 3.085715e+01 -3.205754e+00
    endloop
  endfacet
  facet normal -7.520086e-15 -2.471914e-15 1.000000e+00
    outer loop
      vertex   -5.872526e+00 3.576978e+01 -3.205754e+00
      vertex   -7.623767e+00 3.085715e+01 -3.205754e+00
      vertex   -5.457133e+00 3.450607e+01 -3.205754e+00
    endloop
  endfacet
  facet normal -5.815576e-15 -3.484007e-15 1.000000e+00
    outer loop
      vertex   -5.457133e+00 3.450607e+01 -3.205754e+00
      vertex   -7.623767e+00 3.085715e+01 -3.205754e+00
      vertex   -4.773504e+00 3.336494e+01 -3.205754e+00
    endloop
  endfacet
  facet normal 2.717505e-15 -1.318239e-14 1.000000e+00
    outer loop
      vertex   -4.773504e+00 3.336494e+01 -3.205754e+00
      vertex   -7.623767e+00 3.085715e+01 -3.205754e+00
      vertex   -5.201371e+00 3.135652e+01 -3.205754e+00
    endloop
  endfacet
  facet normal -1.079874e-14 -1.030294e-14 1.000000e+00
    outer loop
      vertex   -4.773504e+00 3.336494e+01 -3.205754e+00
      vertex   -5.201371e+00 3.135652e+01 -3.205754e+00
      vertex   -3.855241e+00 3.240249e+01 -3.205754e+00
    endloop
  endfacet
  facet normal 3.643815e-15 -2.889002e-14 1.000000e+00
    outer loop
      vertex   -3.855241e+00 3.240249e+01 -3.205754e+00
      vertex   -5.201371e+00 3.135652e+01 -3.205754e+00
      vertex   -2.747480e+00 3.166602e+01 -3.205754e+00
    endloop
  endfacet
  facet normal -3.833177e-16 2.462718e-16 1.000000e+00
    outer loop
      vertex   -5.376354e+00 3.966361e+01 -3.205754e+00
      vertex   -4.657323e+00 4.078277e+01 -3.205754e+00
      vertex   -1.000000e+01 4.508973e+01 -3.205754e+00
    endloop
  endfacet
  facet normal -3.198957e-16 3.249453e-16 1.000000e+00
    outer loop
      vertex   -1.000000e+01 4.508973e+01 -3.205754e+00
      vertex   -4.657323e+00 4.078277e+01 -3.205754e+00
      vertex   -3.709369e+00 4.171599e+01 -3.205754e+00
    endloop
  endfacet
  facet normal -2.650790e-16 4.271559e-16 1.000000e+00
    outer loop
      vertex   -1.000000e+01 4.508973e+01 -3.205754e+00
      vertex   -3.709369e+00 4.171599e+01 -3.205754e+00
      vertex   -2.579088e+00 4.241741e+01 -3.205754e+00
    endloop
  endfacet
  facet normal 5.251546e-17 -4.708208e-16 1.000000e+00
    outer loop
      vertex   -1.322035e+00 4.285254e+01 -3.205754e+00
      vertex   1.605425e-08 4.300000e+01 -3.205754e+00
      vertex   -1.000000e+01 5.508973e+01 -3.205754e+00
    endloop
  endfacet
  facet normal -7.993606e-16 -1.175449e-15 1.000000e+00
    outer loop
      vertex   -1.000000e+01 5.508973e+01 -3.205754e+00
      vertex   1.605425e-08 4.300000e+01 -3.205754e+00
      vertex   1.000000e+01 5.508973e+01 -3.205754e+00
    endloop
  endfacet
  facet normal -7.993606e-16 8.591455e-15 1.000000e+00
    outer loop
      vertex   -1.000000e+01 5.508973e+01 -3.205754e+00
      vertex   1.000000e+01 5.508973e+01 -3.205754e+00
      vertex   1.000000e+01 6.077559e+01 -3.205754e+00
    endloop
  endfacet
  facet normal -1.875552e-16 -1.681503e-15 1.000000e+00
    outer loop
      vertex   1.605425e-08 4.300000e+01 -3.205754e+00
      vertex   1.322035e+00 4.285254e+01 -3.205754e+00
      vertex   1.000000e+01 5.508973e+01 -3.205754e+00
    endloop
  endfacet
  facet normal -1.071603e-15 -1.054583e-15 1.000000e+00
    outer loop
      vertex   1.000000e+01 5.508973e+01 -3.205754e+00
      vertex   1.322035e+00 4.285254e+01 -3.205754e+00
      vertex   2.579088e+00 4.241741e+01 -3.205754e+00
    endloop
  endfacet
  facet normal -1.052424e-15 -1.065814e-15 1.000000e+00
    outer loop
      vertex   1.000000e+01 5.508973e+01 -3.205754e+00
      vertex   2.579088e+00 4.241741e+01 -3.205754e+00
      vertex   1.000000e+01 4.508973e+01 -3.205754e+00
    endloop
  endfacet
  facet normal -9.088423e-16 -1.464534e-15 1.000000e+00
    outer loop
      vertex   1.000000e+01 4.508973e+01 -3.205754e+00
      vertex   2.579088e+00 4.241741e+01 -3.205754e+00
      vertex   3.709369e+00 4.171599e+01 -3.205754e+00
    endloop
  endfacet
  facet normal -1.096785e-15 -1.114098e-15 1.000000e+00
    outer loop
      vertex   1.000000e+01 4.508973e+01 -3.205754e+00
      vertex   3.709369e+00 4.171599e+01 -3.205754e+00
      vertex   4.657323e+00 4.078277e+01 -3.205754e+00
    endloop
  endfacet
  facet normal -1.314232e-15 -8.443604e-16 1.000000e+00
    outer loop
      vertex   4.657323e+00 4.078277e+01 -3.205754e+00
      vertex   5.376354e+00 3.966361e+01 -3.205754e+00
      vertex   1.000000e+01 4.508973e+01 -3.205754e+00
    endloop
  endfacet
  facet normal -1.615458e-15 -5.876831e-16 1.000000e+00
    outer loop
      vertex   1.000000e+01 4.508973e+01 -3.205754e+00
      vertex   5.376354e+00 3.966361e+01 -3.205754e+00
      vertex   5.831118e+00 3.841353e+01 -3.205754e+00
    endloop
  endfacet
  facet normal -2.123306e-15 -2.705628e-16 1.000000e+00
    outer loop
      vertex   1.000000e+01 4.508973e+01 -3.205754e+00
      vertex   5.831118e+00 3.841353e+01 -3.205754e+00
      vertex   5.999264e+00 3.709396e+01 -3.205754e+00
    endloop
  endfacet
  facet normal -7.008178e-16 -9.823145e-16 1.000000e+00
    outer loop
      vertex   1.000000e+01 4.508973e+01 -3.205754e+00
      vertex   5.999264e+00 3.709396e+01 -3.205754e+00
      vertex   1.000000e+01 3.017094e+01 -3.205754e+00
    endloop
  endfacet
  facet normal 8.570682e-16 -8.203052e-17 1.000000e+00
    outer loop
      vertex   1.000000e+01 3.017094e+01 -3.205754e+00
      vertex   5.999264e+00 3.709396e+01 -3.205754e+00
      vertex   5.872526e+00 3.576978e+01 -3.205754e+00
    endloop
  endfacet
  facet normal -1.237112e-14 -9.833864e-15 1.000000e+00
    outer loop
      vertex   1.000000e+01 3.017094e+01 -3.205754e+00
      vertex   5.872526e+00 3.576978e+01 -3.205754e+00
      vertex   7.623767e+00 3.085715e+01 -3.205754e+00
    endloop
  endfacet
  facet normal 7.915880e-15 -2.602014e-15 1.000000e+00
    outer loop
      vertex   7.623767e+00 3.085715e+01 -3.205754e+00
      vertex   5.872526e+00 3.576978e+01 -3.205754e+00
      vertex   5.457133e+00 3.450607e+01 -3.205754e+00
    endloop
  endfacet
  facet normal 6.121659e-15 -3.667376e-15 1.000000e+00
    outer loop
      vertex   7.623767e+00 3.085715e+01 -3.205754e+00
      vertex   5.457133e+00 3.450607e+01 -3.205754e+00
      vertex   4.773504e+00 3.336494e+01 -3.205754e+00
    endloop
  endfacet
  facet normal -2.860531e-15 -1.387620e-14 1.000000e+00
    outer loop
      vertex   7.623767e+00 3.085715e+01 -3.205754e+00
      vertex   4.773504e+00 3.336494e+01 -3.205754e+00
      vertex   5.201371e+00 3.135652e+01 -3.205754e+00
    endloop
  endfacet
  facet normal 1.136710e-14 -1.084520e-14 1.000000e+00
    outer loop
      vertex   5.201371e+00 3.135652e+01 -3.205754e+00
      vertex   4.773504e+00 3.336494e+01 -3.205754e+00
      vertex   3.855241e+00 3.240249e+01 -3.205754e+00
    endloop
  endfacet
  facet normal -3.835595e-15 -3.041055e-14 1.000000e+00
    outer loop
      vertex   5.201371e+00 3.135652e+01 -3.205754e+00
      vertex   3.855241e+00 3.240249e+01 -3.205754e+00
      vertex   2.747480e+00 3.166602e+01 -3.205754e+00
    endloop
  endfacet
  facet normal 2.733446e-15 -1.065814e-15 1.000000e+00
    outer loop
      vertex   1.000000e+01 5.508973e+01 -3.205754e+00
      vertex   1.000000e+01 4.508973e+01 -3.205754e+00
      vertex   2.754621e+01 5.508973e+01 -3.205754e+00
    endloop
  endfacet
  facet normal 1.167216e-15 1.682327e-15 1.000000e+00
    outer loop
      vertex   2.754621e+01 5.508973e+01 -3.205754e+00
      vertex   1.000000e+01 4.508973e+01 -3.205754e+00
      vertex   4.195937e+01 4.508973e+01 -3.205754e+00
    endloop
  endfacet
  facet normal -0.000000e+00 0.000000e+00 1.000000e+00
    outer loop
      vertex   2.754621e+01 5.508973e+01 -3.205754e+00
      vertex   4.195937e+01 4.508973e+01 -3.205754e+00
      vertex   3.140486e+01 5.911667e+01 -3.205754e+00
    endloop
  endfacet
  facet normal -0.000000e+00 0.000000e+00 1.000000e+00
    outer loop
      vertex   3.140486e+01 5.911667e+01 -3.205754e+00
      vertex   4.195937e+01 4.508973e+01 -3.205754e+00
      vertex   3.244582e+01 5.977278e+01 -3.205754e+00
    endloop
  endfacet
  facet normal -0.000000e+00 0.000000e+00 1.000000e+00
    outer loop
      vertex   3.244582e+01 5.977278e+01 -3.205754e+00
      vertex   4.195937e+01 4.508973e+01 -3.205754e+00
      vertex   3.331487e+01 6.064389e+01 -3.205754e+00
    endloop
  endfacet
  facet normal -0.000000e+00 0.000000e+00 1.000000e+00
    outer loop
      vertex   3.331487e+01 6.064389e+01 -3.205754e+00
      vertex   4.195937e+01 4.508973e+01 -3.205754e+00
      vertex   3.557568e+01 6.317033e+01 -3.205754e+00
    endloop
  endfacet
  facet normal 0.000000e+00 0.000000e+00 1.000000e+00
    outer loop
      vertex   3.331487e+01 6.064389e+01 -3.205754e+00
      vertex   3.557568e+01 6.317033e+01 -3.205754e+00
      vertex   3.396851e+01 6.168640e+01 -3.205754e+00
    endloop
  endfacet
  facet normal 0.000000e+00 0.000000e+00 1.000000e+00
    outer loop
      vertex   3.396851e+01 6.168640e+01 -3.205754e+00
      vertex   3.557568e+01 6.317033e+01 -3.205754e+00
      vertex   3.437401e+01 6.284815e+01 -3.205754e+00
    endloop
  endfacet
  facet normal 0.000000e+00 0.000000e+00 1.000000e+00
    outer loop
      vertex   3.437401e+01 6.284815e+01 -3.205754e+00
      vertex   3.557568e+01 6.317033e+01 -3.205754e+00
      vertex   3.451109e+01 6.407097e+01 -3.205754e+00
    endloop
  endfacet
  facet normal -0.000000e+00 -0.000000e+00 1.000000e+00
    outer loop
      vertex   3.451109e+01 6.407097e+01 -3.205754e+00
      vertex   3.557568e+01 6.317033e+01 -3.205754e+00
      vertex   3.449998e+01 8.815998e+01 -3.205754e+00
    endloop
  endfacet
  facet normal -0.000000e+00 0.000000e+00 1.000000e+00
    outer loop
      vertex   3.449998e+01 8.815998e+01 -3.205754e+00
      vertex   3.557568e+01 6.317033e+01 -3.205754e+00
      vertex   3.557568e+01 9.312344e+01 -3.205754e+00
    endloop
  endfacet
  facet normal 0.000000e+00 -0.000000e+00 1.000000e+00
    outer loop
      vertex   3.449998e+01 8.815998e+01 -3.205754e+00
      vertex   3.557568e+01 9.312344e+01 -3.205754e+00
      vertex   3.435557e+01 8.942551e+01 -3.205754e+00
    endloop
  endfacet
  facet normal 0.000000e+00 -0.000000e+00 1.000000e+00
    outer loop
      vertex   3.435557e+01 8.942551e+01 -3.205754e+00
      vertex   3.557568e+01 9.312344e+01 -3.205754e+00
      vertex   3.392391e+01 9.062389e+01 -3.205754e+00
    endloop
  endfacet
  facet normal 0.000000e+00 -0.000000e+00 1.000000e+00
    outer loop
      vertex   3.392391e+01 9.062389e+01 -3.205754e+00
      vertex   3.557568e+01 9.312344e+01 -3.205754e+00
      vertex   3.322817e+01 9.169083e+01 -3.205754e+00
    endloop
  endfacet
  facet normal 0.000000e+00 -0.000000e+00 1.000000e+00
    outer loop
      vertex   3.322817e+01 9.169083e+01 -3.205754e+00
      vertex   3.557568e+01 9.312344e+01 -3.205754e+00
      vertex   3.230566e+01 9.256912e+01 -3.205754e+00
    endloop
  endfacet
  facet normal 0.000000e+00 -0.000000e+00 1.000000e+00
    outer loop
      vertex   3.230566e+01 9.256912e+01 -3.205754e+00
      vertex   3.557568e+01 9.312344e+01 -3.205754e+00
      vertex   3.120584e+01 9.321164e+01 -3.205754e+00
    endloop
  endfacet
  facet normal -0.000000e+00 0.000000e+00 1.000000e+00
    outer loop
      vertex   3.120584e+01 9.321164e+01 -3.205754e+00
      vertex   3.557568e+01 9.312344e+01 -3.205754e+00
      vertex   5.005549e+01 9.321164e+01 -3.205754e+00
    endloop
  endfacet
  facet normal 0.000000e+00 0.000000e+00 1.000000e+00
    outer loop
      vertex   5.005549e+01 9.321164e+01 -3.205754e+00
      vertex   3.557568e+01 9.312344e+01 -3.205754e+00
      vertex   5.008421e+01 9.312344e+01 -3.205754e+00
    endloop
  endfacet
  facet normal -0.000000e+00 0.000000e+00 1.000000e+00
    outer loop
      vertex   3.557568e+01 6.317033e+01 -3.205754e+00
      vertex   4.195937e+01 4.508973e+01 -3.205754e+00
      vertex   5.983732e+01 6.317033e+01 -3.205754e+00
    endloop
  endfacet
  facet normal 0.000000e+00 0.000000e+00 1.000000e+00
    outer loop
      vertex   5.983732e+01 6.317033e+01 -3.205754e+00
      vertex   4.195937e+01 4.508973e+01 -3.205754e+00
      vertex   4.468052e+01 4.239485e+01 -3.205754e+00
    endloop
  endfacet
  facet normal 0.000000e+00 0.000000e+00 1.000000e+00
    outer loop
      vertex   5.983732e+01 6.317033e+01 -3.205754e+00
      vertex   4.468052e+01 4.239485e+01 -3.205754e+00
      vertex   4.722892e+01 3.953607e+01 -3.205754e+00
    endloop
  endfacet
  facet normal -0.000000e+00 0.000000e+00 1.000000e+00
    outer loop
      vertex   4.722892e+01 3.953607e+01 -3.205754e+00
      vertex   4.959473e+01 3.652444e+01 -3.205754e+00
      vertex   5.983732e+01 6.317033e+01 -3.205754e+00
    endloop
  endfacet
  facet normal 0.000000e+00 0.000000e+00 1.000000e+00
    outer loop
      vertex   5.983732e+01 6.317033e+01 -3.205754e+00
      vertex   4.959473e+01 3.652444e+01 -3.205754e+00
      vertex   5.176880e+01 3.337159e+01 -3.205754e+00
    endloop
  endfacet
  facet normal 0.000000e+00 0.000000e+00 1.000000e+00
    outer loop
      vertex   5.983732e+01 6.317033e+01 -3.205754e+00
      vertex   5.176880e+01 3.337159e+01 -3.205754e+00
      vertex   7.206568e+01 2.561536e+01 -3.205754e+00
    endloop
  endfacet
  facet normal 0.000000e+00 0.000000e+00 1.000000e+00
    outer loop
      vertex   7.206568e+01 2.561536e+01 -3.205754e+00
      vertex   5.176880e+01 3.337159e+01 -3.205754e+00
      vertex   5.374272e+01 3.008973e+01 -3.205754e+00
    endloop
  endfacet
  facet normal 0.000000e+00 0.000000e+00 1.000000e+00
    outer loop
      vertex   7.206568e+01 2.561536e+01 -3.205754e+00
      vertex   5.374272e+01 3.008973e+01 -3.205754e+00
      vertex   5.822435e+01 2.008973e+01 -3.205754e+00
    endloop
  endfacet
  facet normal 0.000000e+00 0.000000e+00 1.000000e+00
    outer loop
      vertex   5.822435e+01 2.008973e+01 -3.205754e+00
      vertex   5.374272e+01 3.008973e+01 -3.205754e+00
      vertex   2.463104e+01 2.008973e+01 -3.205754e+00
    endloop
  endfacet
  facet normal 0.000000e+00 -0.000000e+00 1.000000e+00
    outer loop
      vertex   2.463104e+01 2.008973e+01 -3.205754e+00
      vertex   5.374272e+01 3.008973e+01 -3.205754e+00
      vertex   2.265700e+01 2.229228e+01 -3.205754e+00
    endloop
  endfacet
  facet normal 0.000000e+00 -0.000000e+00 1.000000e+00
    outer loop
      vertex   2.265700e+01 2.229228e+01 -3.205754e+00
      vertex   5.374272e+01 3.008973e+01 -3.205754e+00
      vertex   2.048677e+01 2.430181e+01 -3.205754e+00
    endloop
  endfacet
  facet normal 0.000000e+00 -0.000000e+00 1.000000e+00
    outer loop
      vertex   2.048677e+01 2.430181e+01 -3.205754e+00
      vertex   5.374272e+01 3.008973e+01 -3.205754e+00
      vertex   1.813914e+01 2.610090e+01 -3.205754e+00
    endloop
  endfacet
  facet normal 0.000000e+00 -0.000000e+00 1.000000e+00
    outer loop
      vertex   1.813914e+01 2.610090e+01 -3.205754e+00
      vertex   5.374272e+01 3.008973e+01 -3.205754e+00
      vertex   1.563444e+01 2.767399e+01 -3.205754e+00
    endloop
  endfacet
  facet normal 0.000000e+00 -0.000000e+00 1.000000e+00
    outer loop
      vertex   1.563444e+01 2.767399e+01 -3.205754e+00
      vertex   5.374272e+01 3.008973e+01 -3.205754e+00
      vertex   1.299436e+01 2.900745e+01 -3.205754e+00
    endloop
  endfacet
  facet normal 0.000000e+00 -0.000000e+00 1.000000e+00
    outer loop
      vertex   1.299436e+01 2.900745e+01 -3.205754e+00
      vertex   5.374272e+01 3.008973e+01 -3.205754e+00
      vertex   1.024177e+01 3.008973e+01 -3.205754e+00
    endloop
  endfacet
  facet normal -0.000000e+00 0.000000e+00 1.000000e+00
    outer loop
      vertex   5.822435e+01 2.008973e+01 -3.205754e+00
      vertex   5.936948e+01 1.639928e+01 -3.205754e+00
      vertex   7.206568e+01 2.561536e+01 -3.205754e+00
    endloop
  endfacet
  facet normal 0.000000e+00 0.000000e+00 1.000000e+00
    outer loop
      vertex   7.206568e+01 2.561536e+01 -3.205754e+00
      vertex   5.936948e+01 1.639928e+01 -3.205754e+00
      vertex   7.353826e+01 2.101748e+01 -3.205754e+00
    endloop
  endfacet
  facet normal 0.000000e+00 0.000000e+00 1.000000e+00
    outer loop
      vertex   7.353826e+01 2.101748e+01 -3.205754e+00
      vertex   5.936948e+01 1.639928e+01 -3.205754e+00
      vertex   6.028096e+01 1.264429e+01 -3.205754e+00
    endloop
  endfacet
  facet normal 0.000000e+00 0.000000e+00 1.000000e+00
    outer loop
      vertex   7.353826e+01 2.101748e+01 -3.205754e+00
      vertex   6.028096e+01 1.264429e+01 -3.205754e+00
      vertex   7.471780e+01 1.633584e+01 -3.205754e+00
    endloop
  endfacet
  facet normal 0.000000e+00 0.000000e+00 1.000000e+00
    outer loop
      vertex   7.471780e+01 1.633584e+01 -3.205754e+00
      vertex   6.028096e+01 1.264429e+01 -3.205754e+00
      vertex   6.095518e+01 8.839542e+00 -3.205754e+00
    endloop
  endfacet
  facet normal 0.000000e+00 0.000000e+00 1.000000e+00
    outer loop
      vertex   7.471780e+01 1.633584e+01 -3.205754e+00
      vertex   6.095518e+01 8.839542e+00 -3.205754e+00
      vertex   7.559962e+01 1.158912e+01 -3.205754e+00
    endloop
  endfacet
  facet normal 0.000000e+00 0.000000e+00 1.000000e+00
    outer loop
      vertex   7.559962e+01 1.158912e+01 -3.205754e+00
      vertex   6.095518e+01 8.839542e+00 -3.205754e+00
      vertex   7.618019e+01 6.796214e+00 -3.205754e+00
    endloop
  endfacet
  facet normal 0.000000e+00 0.000000e+00 1.000000e+00
    outer loop
      vertex   7.618019e+01 6.796214e+00 -3.205754e+00
      vertex   6.095518e+01 8.839542e+00 -3.205754e+00
      vertex   6.138951e+01 5.000000e+00 -3.205754e+00
    endloop
  endfacet
  facet normal 0.000000e+00 0.000000e+00 1.000000e+00
    outer loop
      vertex   7.618019e+01 6.796214e+00 -3.205754e+00
      vertex   6.138951e+01 5.000000e+00 -3.205754e+00
      vertex   7.645720e+01 1.976228e+00 -3.205754e+00
    endloop
  endfacet
  facet normal 0.000000e+00 0.000000e+00 1.000000e+00
    outer loop
      vertex   7.645720e+01 1.976228e+00 -3.205754e+00
      vertex   6.138951e+01 5.000000e+00 -3.205754e+00
      vertex   6.138951e+01 -5.000000e+00 -3.205754e+00
    endloop
  endfacet
  facet normal 0.000000e+00 0.000000e+00 1.000000e+00
    outer loop
      vertex   7.645720e+01 1.976228e+00 -3.205754e+00
      vertex   6.138951e+01 -5.000000e+00 -3.205754e+00
      vertex   7.642956e+01 -2.851632e+00 -3.205754e+00
    endloop
  endfacet
  facet normal 0.000000e+00 0.000000e+00 1.000000e+00
    outer loop
      vertex   7.642956e+01 -2.851632e+00 -3.205754e+00
      vertex   6.138951e+01 -5.000000e+00 -3.205754e+00
      vertex   7.609737e+01 -7.668130e+00 -3.205754e+00
    endloop
  endfacet
  facet normal 0.000000e+00 0.000000e+00 1.000000e+00
    outer loop
      vertex   7.609737e+01 -7.668130e+00 -3.205754e+00
      vertex   6.138951e+01 -5.000000e+00 -3.205754e+00
      vertex   6.095858e+01 -8.816063e+00 -3.205754e+00
    endloop
  endfacet
  facet normal 0.000000e+00 0.000000e+00 1.000000e+00
    outer loop
      vertex   7.609737e+01 -7.668130e+00 -3.205754e+00
      vertex   6.095858e+01 -8.816063e+00 -3.205754e+00
      vertex   7.546195e+01 -1.245407e+01 -3.205754e+00
    endloop
  endfacet
  facet normal 0.000000e+00 0.000000e+00 1.000000e+00
    outer loop
      vertex   7.546195e+01 -1.245407e+01 -3.205754e+00
      vertex   6.095858e+01 -8.816063e+00 -3.205754e+00
      vertex   6.029068e+01 -1.259785e+01 -3.205754e+00
    endloop
  endfacet
  facet normal 0.000000e+00 0.000000e+00 1.000000e+00
    outer loop
      vertex   7.546195e+01 -1.245407e+01 -3.205754e+00
      vertex   6.029068e+01 -1.259785e+01 -3.205754e+00
      vertex   7.452584e+01 -1.719039e+01 -3.205754e+00
    endloop
  endfacet
  facet normal 0.000000e+00 0.000000e+00 1.000000e+00
    outer loop
      vertex   7.452584e+01 -1.719039e+01 -3.205754e+00
      vertex   6.029068e+01 -1.259785e+01 -3.205754e+00
      vertex   5.938839e+01 -1.633067e+01 -3.205754e+00
    endloop
  endfacet
  facet normal 0.000000e+00 0.000000e+00 1.000000e+00
    outer loop
      vertex   7.452584e+01 -1.719039e+01 -3.205754e+00
      vertex   5.938839e+01 -1.633067e+01 -3.205754e+00
      vertex   7.329276e+01 -2.185821e+01 -3.205754e+00
    endloop
  endfacet
  facet normal 0.000000e+00 0.000000e+00 1.000000e+00
    outer loop
      vertex   7.329276e+01 -2.185821e+01 -3.205754e+00
      vertex   5.938839e+01 -1.633067e+01 -3.205754e+00
      vertex   5.825523e+01 -2.000000e+01 -3.205754e+00
    endloop
  endfacet
  facet normal 0.000000e+00 0.000000e+00 1.000000e+00
    outer loop
      vertex   7.329276e+01 -2.185821e+01 -3.205754e+00
      vertex   5.825523e+01 -2.000000e+01 -3.205754e+00
      vertex   7.176763e+01 -2.643893e+01 -3.205754e+00
    endloop
  endfacet
  facet normal 0.000000e+00 0.000000e+00 1.000000e+00
    outer loop
      vertex   7.176763e+01 -2.643893e+01 -3.205754e+00
      vertex   5.825523e+01 -2.000000e+01 -3.205754e+00
      vertex   6.995653e+01 -3.091429e+01 -3.205754e+00
    endloop
  endfacet
  facet normal 0.000000e+00 0.000000e+00 1.000000e+00
    outer loop
      vertex   6.995653e+01 -3.091429e+01 -3.205754e+00
      vertex   5.825523e+01 -2.000000e+01 -3.205754e+00
      vertex   5.379286e+01 -3.000000e+01 -3.205754e+00
    endloop
  endfacet
  facet normal 0.000000e+00 0.000000e+00 1.000000e+00
    outer loop
      vertex   6.995653e+01 -3.091429e+01 -3.205754e+00
      vertex   5.379286e+01 -3.000000e+01 -3.205754e+00
      vertex   6.786667e+01 -3.526648e+01 -3.205754e+00
    endloop
  endfacet
  facet normal 0.000000e+00 0.000000e+00 1.000000e+00
    outer loop
      vertex   6.786667e+01 -3.526648e+01 -3.205754e+00
      vertex   5.379286e+01 -3.000000e+01 -3.205754e+00
      vertex   6.550639e+01 -3.947813e+01 -3.205754e+00
    endloop
  endfacet
  facet normal 0.000000e+00 0.000000e+00 1.000000e+00
    outer loop
      vertex   6.550639e+01 -3.947813e+01 -3.205754e+00
      vertex   5.379286e+01 -3.000000e+01 -3.205754e+00
      vertex   5.182753e+01 -3.328031e+01 -3.205754e+00
    endloop
  endfacet
  facet normal 0.000000e+00 0.000000e+00 1.000000e+00
    outer loop
      vertex   6.550639e+01 -3.947813e+01 -3.205754e+00
      vertex   5.182753e+01 -3.328031e+01 -3.205754e+00
      vertex   6.288508e+01 -4.353248e+01 -3.205754e+00
    endloop
  endfacet
  facet normal 0.000000e+00 0.000000e+00 1.000000e+00
    outer loop
      vertex   6.288508e+01 -4.353248e+01 -3.205754e+00
      vertex   5.182753e+01 -3.328031e+01 -3.205754e+00
      vertex   4.966242e+01 -3.643234e+01 -3.205754e+00
    endloop
  endfacet
  facet normal 0.000000e+00 0.000000e+00 1.000000e+00
    outer loop
      vertex   6.288508e+01 -4.353248e+01 -3.205754e+00
      vertex   4.966242e+01 -3.643234e+01 -3.205754e+00
      vertex   6.001319e+01 -4.741336e+01 -3.205754e+00
    endloop
  endfacet
  facet normal 0.000000e+00 0.000000e+00 1.000000e+00
    outer loop
      vertex   6.001319e+01 -4.741336e+01 -3.205754e+00
      vertex   4.966242e+01 -3.643234e+01 -3.205754e+00
      vertex   4.730589e+01 -3.944394e+01 -3.205754e+00
    endloop
  endfacet
  facet normal 0.000000e+00 0.000000e+00 1.000000e+00
    outer loop
      vertex   6.001319e+01 -4.741336e+01 -3.205754e+00
      vertex   4.730589e+01 -3.944394e+01 -3.205754e+00
      vertex   5.690216e+01 -5.110532e+01 -3.205754e+00
    endloop
  endfacet
  facet normal 0.000000e+00 0.000000e+00 1.000000e+00
    outer loop
      vertex   5.690216e+01 -5.110532e+01 -3.205754e+00
      vertex   4.730589e+01 -3.944394e+01 -3.205754e+00
      vertex   4.476702e+01 -4.230350e+01 -3.205754e+00
    endloop
  endfacet
  facet normal 0.000000e+00 0.000000e+00 1.000000e+00
    outer loop
      vertex   5.690216e+01 -5.110532e+01 -3.205754e+00
      vertex   4.476702e+01 -4.230350e+01 -3.205754e+00
      vertex   5.356440e+01 -5.459363e+01 -3.205754e+00
    endloop
  endfacet
  facet normal 0.000000e+00 0.000000e+00 1.000000e+00
    outer loop
      vertex   5.356440e+01 -5.459363e+01 -3.205754e+00
      vertex   4.476702e+01 -4.230350e+01 -3.205754e+00
      vertex   4.205558e+01 -4.500000e+01 -3.205754e+00
    endloop
  endfacet
  facet normal 0.000000e+00 0.000000e+00 1.000000e+00
    outer loop
      vertex   5.356440e+01 -5.459363e+01 -3.205754e+00
      vertex   4.205558e+01 -4.500000e+01 -3.205754e+00
      vertex   5.001320e+01 -5.786441e+01 -3.205754e+00
    endloop
  endfacet
  facet normal 0.000000e+00 0.000000e+00 1.000000e+00
    outer loop
      vertex   5.001320e+01 -5.786441e+01 -3.205754e+00
      vertex   4.205558e+01 -4.500000e+01 -3.205754e+00
      vertex   4.626271e+01 -6.090461e+01 -3.205754e+00
    endloop
  endfacet
  facet normal 0.000000e+00 0.000000e+00 1.000000e+00
    outer loop
      vertex   4.626271e+01 -6.090461e+01 -3.205754e+00
      vertex   4.205558e+01 -4.500000e+01 -3.205754e+00
      vertex   4.232787e+01 -6.370212e+01 -3.205754e+00
    endloop
  endfacet
  facet normal 0.000000e+00 0.000000e+00 1.000000e+00
    outer loop
      vertex   4.232787e+01 -6.370212e+01 -3.205754e+00
      vertex   4.205558e+01 -4.500000e+01 -3.205754e+00
      vertex   2.772493e+01 -5.500000e+01 -3.205754e+00
    endloop
  endfacet
  facet normal 0.000000e+00 0.000000e+00 1.000000e+00
    outer loop
      vertex   4.232787e+01 -6.370212e+01 -3.205754e+00
      vertex   2.772493e+01 -5.500000e+01 -3.205754e+00
      vertex   3.822438e+01 -6.624580e+01 -3.205754e+00
    endloop
  endfacet
  facet normal 0.000000e+00 0.000000e+00 1.000000e+00
    outer loop
      vertex   3.822438e+01 -6.624580e+01 -3.205754e+00
      vertex   2.772493e+01 -5.500000e+01 -3.205754e+00
      vertex   3.396857e+01 -6.852551e+01 -3.205754e+00
    endloop
  endfacet
  facet normal 0.000000e+00 0.000000e+00 1.000000e+00
    outer loop
      vertex   3.396857e+01 -6.852551e+01 -3.205754e+00
      vertex   2.772493e+01 -5.500000e+01 -3.205754e+00
      vertex   2.957740e+01 -7.053217e+01 -3.205754e+00
    endloop
  endfacet
  facet normal 0.000000e+00 0.000000e+00 1.000000e+00
    outer loop
      vertex   2.957740e+01 -7.053217e+01 -3.205754e+00
      vertex   2.772493e+01 -5.500000e+01 -3.205754e+00
      vertex   2.433363e+01 -5.658221e+01 -3.205754e+00
    endloop
  endfacet
  facet normal 0.000000e+00 0.000000e+00 1.000000e+00
    outer loop
      vertex   2.957740e+01 -7.053217e+01 -3.205754e+00
      vertex   2.433363e+01 -5.658221e+01 -3.205754e+00
      vertex   2.506838e+01 -7.225778e+01 -3.205754e+00
    endloop
  endfacet
  facet normal 0.000000e+00 0.000000e+00 1.000000e+00
    outer loop
      vertex   2.506838e+01 -7.225778e+01 -3.205754e+00
      vertex   2.433363e+01 -5.658221e+01 -3.205754e+00
      vertex   2.085249e+01 -5.795555e+01 -3.205754e+00
    endloop
  endfacet
  facet normal 0.000000e+00 0.000000e+00 1.000000e+00
    outer loop
      vertex   2.506838e+01 -7.225778e+01 -3.205754e+00
      vertex   2.085249e+01 -5.795555e+01 -3.205754e+00
      vertex   1.729438e+01 -5.911494e+01 -3.205754e+00
    endloop
  endfacet
  facet normal -0.000000e+00 0.000000e+00 1.000000e+00
    outer loop
      vertex   3.138926e+01 5.000000e+00 -3.205754e+00
      vertex   3.168590e+01 2.507818e+00 -3.205754e+00
      vertex   6.138951e+01 5.000000e+00 -3.205754e+00
    endloop
  endfacet
  facet normal 0.000000e+00 0.000000e+00 1.000000e+00
    outer loop
      vertex   6.138951e+01 5.000000e+00 -3.205754e+00
      vertex   3.168590e+01 2.507818e+00 -3.205754e+00
      vertex   3.178499e+01 7.969295e-10 -3.205754e+00
    endloop
  endfacet
  facet normal 0.000000e+00 0.000000e+00 1.000000e+00
    outer loop
      vertex   6.138951e+01 5.000000e+00 -3.205754e+00
      vertex   3.178499e+01 7.969295e-10 -3.205754e+00
      vertex   6.138951e+01 -5.000000e+00 -3.205754e+00
    endloop
  endfacet
  facet normal 0.000000e+00 0.000000e+00 1.000000e+00
    outer loop
      vertex   6.138951e+01 -5.000000e+00 -3.205754e+00
      vertex   3.178499e+01 7.969295e-10 -3.205754e+00
      vertex   3.168590e+01 -2.507818e+00 -3.205754e+00
    endloop
  endfacet
  facet normal 0.000000e+00 0.000000e+00 1.000000e+00
    outer loop
      vertex   6.138951e+01 -5.000000e+00 -3.205754e+00
      vertex   3.168590e+01 -2.507818e+00 -3.205754e+00
      vertex   3.138926e+01 -5.000000e+00 -3.205754e+00
    endloop
  endfacet
  facet normal 0.000000e+00 0.000000e+00 1.000000e+00
    outer loop
      vertex   5.825523e+01 -2.000000e+01 -3.205754e+00
      vertex   2.470396e+01 -2.000000e+01 -3.205754e+00
      vertex   5.379286e+01 -3.000000e+01 -3.205754e+00
    endloop
  endfacet
  facet normal 0.000000e+00 0.000000e+00 1.000000e+00
    outer loop
      vertex   5.379286e+01 -3.000000e+01 -3.205754e+00
      vertex   2.470396e+01 -2.000000e+01 -3.205754e+00
      vertex   2.275649e+01 -2.219071e+01 -3.205754e+00
    endloop
  endfacet
  facet normal 0.000000e+00 0.000000e+00 1.000000e+00
    outer loop
      vertex   5.379286e+01 -3.000000e+01 -3.205754e+00
      vertex   2.275649e+01 -2.219071e+01 -3.205754e+00
      vertex   2.061549e+01 -2.419271e+01 -3.205754e+00
    endloop
  endfacet
  facet normal 0.000000e+00 0.000000e+00 1.000000e+00
    outer loop
      vertex   2.061549e+01 -2.419271e+01 -3.205754e+00
      vertex   1.829916e+01 -2.598896e+01 -3.205754e+00
      vertex   5.379286e+01 -3.000000e+01 -3.205754e+00
    endloop
  endfacet
  facet normal 0.000000e+00 0.000000e+00 1.000000e+00
    outer loop
      vertex   5.379286e+01 -3.000000e+01 -3.205754e+00
      vertex   1.829916e+01 -2.598896e+01 -3.205754e+00
      vertex   1.582722e+01 -2.756419e+01 -3.205754e+00
    endloop
  endfacet
  facet normal 0.000000e+00 0.000000e+00 1.000000e+00
    outer loop
      vertex   5.379286e+01 -3.000000e+01 -3.205754e+00
      vertex   1.582722e+01 -2.756419e+01 -3.205754e+00
      vertex   1.322067e+01 -2.890501e+01 -3.205754e+00
    endloop
  endfacet
  facet normal 0.000000e+00 0.000000e+00 1.000000e+00
    outer loop
      vertex   1.322067e+01 -2.890501e+01 -3.205754e+00
      vertex   1.050169e+01 -3.000000e+01 -3.205754e+00
      vertex   5.379286e+01 -3.000000e+01 -3.205754e+00
    endloop
  endfacet
  facet normal -1.662447e-15 2.382394e-15 1.000000e+00
    outer loop
      vertex   4.205558e+01 -4.500000e+01 -3.205754e+00
      vertex   1.000000e+01 -4.500000e+01 -3.205754e+00
      vertex   2.772493e+01 -5.500000e+01 -3.205754e+00
    endloop
  endfacet
  facet normal -3.582792e-15 -1.021405e-15 1.000000e+00
    outer loop
      vertex   2.772493e+01 -5.500000e+01 -3.205754e+00
      vertex   1.000000e+01 -4.500000e+01 -3.205754e+00
      vertex   1.000000e+01 -5.500000e+01 -3.205754e+00
    endloop
  endfacet
  facet normal -2.433249e-16 5.735427e-18 1.000000e+00
    outer loop
      vertex   1.363343e+01 6.006498e+01 -3.205754e+00
      vertex   1.389185e+01 7.102877e+01 -3.205754e+00
      vertex   1.000000e+01 6.077559e+01 -3.205754e+00
    endloop
  endfacet
  facet normal -2.098409e-17 -7.865961e-17 1.000000e+00
    outer loop
      vertex   1.000000e+01 6.077559e+01 -3.205754e+00
      vertex   1.389185e+01 7.102877e+01 -3.205754e+00
      vertex   1.318577e+01 7.121713e+01 -3.205754e+00
    endloop
  endfacet
  facet normal -4.022855e-17 -7.278803e-17 1.000000e+00
    outer loop
      vertex   1.000000e+01 6.077559e+01 -3.205754e+00
      vertex   1.318577e+01 7.121713e+01 -3.205754e+00
      vertex   1.254617e+01 7.157063e+01 -3.205754e+00
    endloop
  endfacet
  facet normal 0.000000e+00 0.000000e+00 1.000000e+00
    outer loop
      vertex   1.721759e+01 5.913735e+01 -3.205754e+00
      vertex   1.533445e+01 7.118168e+01 -3.205754e+00
      vertex   1.363343e+01 6.006498e+01 -3.205754e+00
    endloop
  endfacet
  facet normal 0.000000e+00 0.000000e+00 1.000000e+00
    outer loop
      vertex   1.363343e+01 6.006498e+01 -3.205754e+00
      vertex   1.533445e+01 7.118168e+01 -3.205754e+00
      vertex   1.462253e+01 7.101671e+01 -3.205754e+00
    endloop
  endfacet
  facet normal 0.000000e+00 0.000000e+00 1.000000e+00
    outer loop
      vertex   1.363343e+01 6.006498e+01 -3.205754e+00
      vertex   1.462253e+01 7.101671e+01 -3.205754e+00
      vertex   1.389185e+01 7.102877e+01 -3.205754e+00
    endloop
  endfacet
  facet normal 0.000000e+00 -0.000000e+00 1.000000e+00
    outer loop
      vertex   2.073955e+01 5.799606e+01 -3.205754e+00
      vertex   2.365287e+01 6.282768e+01 -3.205754e+00
      vertex   1.721759e+01 5.913735e+01 -3.205754e+00
    endloop
  endfacet
  facet normal 0.000000e+00 0.000000e+00 1.000000e+00
    outer loop
      vertex   1.721759e+01 5.913735e+01 -3.205754e+00
      vertex   2.365287e+01 6.282768e+01 -3.205754e+00
      vertex   2.351112e+01 6.404997e+01 -3.205754e+00
    endloop
  endfacet
  facet normal 0.000000e+00 -0.000000e+00 1.000000e+00
    outer loop
      vertex   1.721759e+01 5.913735e+01 -3.205754e+00
      vertex   2.351112e+01 6.404997e+01 -3.205754e+00
      vertex   1.533445e+01 7.118168e+01 -3.205754e+00
    endloop
  endfacet
  facet normal -0.000000e+00 0.000000e+00 1.000000e+00
    outer loop
      vertex   1.533445e+01 7.118168e+01 -3.205754e+00
      vertex   2.351112e+01 6.404997e+01 -3.205754e+00
      vertex   1.598536e+01 7.151387e+01 -3.205754e+00
    endloop
  endfacet
  facet normal -0.000000e+00 0.000000e+00 1.000000e+00
    outer loop
      vertex   1.598536e+01 7.151387e+01 -3.205754e+00
      vertex   2.351112e+01 6.404997e+01 -3.205754e+00
      vertex   1.653664e+01 7.199359e+01 -3.205754e+00
    endloop
  endfacet
  facet normal -0.000000e+00 0.000000e+00 1.000000e+00
    outer loop
      vertex   1.653664e+01 7.199359e+01 -3.205754e+00
      vertex   2.351112e+01 6.404997e+01 -3.205754e+00
      vertex   1.695558e+01 7.259236e+01 -3.205754e+00
    endloop
  endfacet
  facet normal -0.000000e+00 0.000000e+00 1.000000e+00
    outer loop
      vertex   1.695558e+01 7.259236e+01 -3.205754e+00
      vertex   2.351112e+01 6.404997e+01 -3.205754e+00
      vertex   1.721732e+01 7.327466e+01 -3.205754e+00
    endloop
  endfacet
  facet normal -0.000000e+00 0.000000e+00 1.000000e+00
    outer loop
      vertex   1.721732e+01 7.327466e+01 -3.205754e+00
      vertex   2.351112e+01 6.404997e+01 -3.205754e+00
      vertex   1.730632e+01 7.400000e+01 -3.205754e+00
    endloop
  endfacet
  facet normal -0.000000e+00 0.000000e+00 1.000000e+00
    outer loop
      vertex   1.730632e+01 7.400000e+01 -3.205754e+00
      vertex   2.351112e+01 6.404997e+01 -3.205754e+00
      vertex   2.350000e+01 8.817083e+01 -3.205754e+00
    endloop
  endfacet
  facet normal 0.000000e+00 0.000000e+00 1.000000e+00
    outer loop
      vertex   1.730632e+01 7.400000e+01 -3.205754e+00
      vertex   2.350000e+01 8.817083e+01 -3.205754e+00
      vertex   1.730632e+01 8.025228e+01 -3.205754e+00
    endloop
  endfacet
  facet normal 3.810366e-13 -2.980368e-13 1.000000e+00
    outer loop
      vertex   1.730632e+01 8.025228e+01 -3.205754e+00
      vertex   2.350000e+01 8.817083e+01 -3.205754e+00
      vertex   1.732180e+01 8.046727e+01 -3.205754e+00
    endloop
  endfacet
  facet normal 9.416282e-15 1.552087e-28 1.000000e+00
    outer loop
      vertex   1.732180e+01 8.046727e+01 -3.205754e+00
      vertex   2.350000e+01 8.817083e+01 -3.205754e+00
      vertex   1.732180e+01 8.068280e+01 -3.205754e+00
    endloop
  endfacet
  facet normal -2.929990e-13 2.495161e-13 1.000000e+00
    outer loop
      vertex   1.732180e+01 8.068280e+01 -3.205754e+00
      vertex   2.350000e+01 8.817083e+01 -3.205754e+00
      vertex   1.730632e+01 8.089778e+01 -3.205754e+00
    endloop
  endfacet
  facet normal 0.000000e+00 0.000000e+00 1.000000e+00
    outer loop
      vertex   1.730632e+01 8.089778e+01 -3.205754e+00
      vertex   2.350000e+01 8.817083e+01 -3.205754e+00
      vertex   1.730632e+01 8.900000e+01 -3.205754e+00
    endloop
  endfacet
  facet normal -0.000000e+00 0.000000e+00 1.000000e+00
    outer loop
      vertex   1.730632e+01 8.900000e+01 -3.205754e+00
      vertex   2.350000e+01 8.817083e+01 -3.205754e+00
      vertex   2.364641e+01 8.943396e+01 -3.205754e+00
    endloop
  endfacet
  facet normal 0.000000e+00 -0.000000e+00 1.000000e+00
    outer loop
      vertex   1.730632e+01 8.900000e+01 -3.205754e+00
      vertex   2.364641e+01 8.943396e+01 -3.205754e+00
      vertex   1.716813e+01 8.977151e+01 -3.205754e+00
    endloop
  endfacet
  facet normal -0.000000e+00 0.000000e+00 1.000000e+00
    outer loop
      vertex   1.716813e+01 8.977151e+01 -3.205754e+00
      vertex   2.364641e+01 8.943396e+01 -3.205754e+00
      vertex   2.407899e+01 9.062971e+01 -3.205754e+00
    endloop
  endfacet
  facet normal 0.000000e+00 -0.000000e+00 1.000000e+00
    outer loop
      vertex   1.716813e+01 8.977151e+01 -3.205754e+00
      vertex   2.407899e+01 9.062971e+01 -3.205754e+00
      vertex   1.683496e+01 9.048096e+01 -3.205754e+00
    endloop
  endfacet
  facet normal 0.000000e+00 0.000000e+00 1.000000e+00
    outer loop
      vertex   1.683496e+01 9.048096e+01 -3.205754e+00
      vertex   2.407899e+01 9.062971e+01 -3.205754e+00
      vertex   2.477460e+01 9.169416e+01 -3.205754e+00
    endloop
  endfacet
  facet normal 0.000000e+00 -0.000000e+00 1.000000e+00
    outer loop
      vertex   1.683496e+01 9.048096e+01 -3.205754e+00
      vertex   2.477460e+01 9.169416e+01 -3.205754e+00
      vertex   1.632952e+01 9.108000e+01 -3.205754e+00
    endloop
  endfacet
  facet normal 0.000000e+00 -0.000000e+00 1.000000e+00
    outer loop
      vertex   1.632952e+01 9.108000e+01 -3.205754e+00
      vertex   2.477460e+01 9.169416e+01 -3.205754e+00
      vertex   1.568626e+01 9.152782e+01 -3.205754e+00
    endloop
  endfacet
  facet normal 0.000000e+00 0.000000e+00 1.000000e+00
    outer loop
      vertex   1.568626e+01 9.152782e+01 -3.205754e+00
      vertex   2.477460e+01 9.169416e+01 -3.205754e+00
      vertex   2.569608e+01 9.257042e+01 -3.205754e+00
    endloop
  endfacet
  facet normal 0.000000e+00 -0.000000e+00 1.000000e+00
    outer loop
      vertex   1.568626e+01 9.152782e+01 -3.205754e+00
      vertex   2.569608e+01 9.257042e+01 -3.205754e+00
      vertex   1.494902e+01 9.179389e+01 -3.205754e+00
    endloop
  endfacet
  facet normal 0.000000e+00 0.000000e+00 1.000000e+00
    outer loop
      vertex   1.494902e+01 9.179389e+01 -3.205754e+00
      vertex   2.569608e+01 9.257042e+01 -3.205754e+00
      vertex   2.679415e+01 9.321164e+01 -3.205754e+00
    endloop
  endfacet
  facet normal 0.000000e+00 -0.000000e+00 1.000000e+00
    outer loop
      vertex   1.494902e+01 9.179389e+01 -3.205754e+00
      vertex   2.679415e+01 9.321164e+01 -3.205754e+00
      vertex   1.416804e+01 9.186008e+01 -3.205754e+00
    endloop
  endfacet
  facet normal 0.000000e+00 -0.000000e+00 1.000000e+00
    outer loop
      vertex   1.416804e+01 9.186008e+01 -3.205754e+00
      vertex   2.679415e+01 9.321164e+01 -3.205754e+00
      vertex   -8.319647e-01 9.186008e+01 -3.205754e+00
    endloop
  endfacet
  facet normal 0.000000e+00 0.000000e+00 1.000000e+00
    outer loop
      vertex   1.416804e+01 9.186008e+01 -3.205754e+00
      vertex   -8.319647e-01 9.186008e+01 -3.205754e+00
      vertex   -5.097903e-02 9.179389e+01 -3.205754e+00
    endloop
  endfacet
  facet normal 0.000000e+00 -0.000000e+00 1.000000e+00
    outer loop
      vertex   2.418658e+01 5.664522e+01 -3.205754e+00
      vertex   2.472042e+01 6.062749e+01 -3.205754e+00
      vertex   2.073955e+01 5.799606e+01 -3.205754e+00
    endloop
  endfacet
  facet normal 0.000000e+00 0.000000e+00 1.000000e+00
    outer loop
      vertex   2.073955e+01 5.799606e+01 -3.205754e+00
      vertex   2.472042e+01 6.062749e+01 -3.205754e+00
      vertex   2.406281e+01 6.166750e+01 -3.205754e+00
    endloop
  endfacet
  facet normal 0.000000e+00 0.000000e+00 1.000000e+00
    outer loop
      vertex   2.073955e+01 5.799606e+01 -3.205754e+00
      vertex   2.406281e+01 6.166750e+01 -3.205754e+00
      vertex   2.365287e+01 6.282768e+01 -3.205754e+00
    endloop
  endfacet
  facet normal 0.000000e+00 0.000000e+00 1.000000e+00
    outer loop
      vertex   2.754621e+01 5.508973e+01 -3.205754e+00
      vertex   2.663624e+01 5.910757e+01 -3.205754e+00
      vertex   2.418658e+01 5.664522e+01 -3.205754e+00
    endloop
  endfacet
  facet normal 0.000000e+00 0.000000e+00 1.000000e+00
    outer loop
      vertex   2.418658e+01 5.664522e+01 -3.205754e+00
      vertex   2.663624e+01 5.910757e+01 -3.205754e+00
      vertex   2.559278e+01 5.975970e+01 -3.205754e+00
    endloop
  endfacet
  facet normal 0.000000e+00 0.000000e+00 1.000000e+00
    outer loop
      vertex   2.418658e+01 5.664522e+01 -3.205754e+00
      vertex   2.559278e+01 5.975970e+01 -3.205754e+00
      vertex   2.472042e+01 6.062749e+01 -3.205754e+00
    endloop
  endfacet
  facet normal 0.000000e+00 0.000000e+00 1.000000e+00
    outer loop
      vertex   2.506838e+01 -7.225778e+01 -3.205754e+00
      vertex   1.729438e+01 -5.911494e+01 -3.205754e+00
      vertex   2.045946e+01 -7.369545e+01 -3.205754e+00
    endloop
  endfacet
  facet normal 0.000000e+00 0.000000e+00 1.000000e+00
    outer loop
      vertex   2.045946e+01 -7.369545e+01 -3.205754e+00
      vertex   1.729438e+01 -5.911494e+01 -3.205754e+00
      vertex   1.367243e+01 -6.005611e+01 -3.205754e+00
    endloop
  endfacet
  facet normal 0.000000e+00 0.000000e+00 1.000000e+00
    outer loop
      vertex   2.045946e+01 -7.369545e+01 -3.205754e+00
      vertex   1.367243e+01 -6.005611e+01 -3.205754e+00
      vertex   1.576902e+01 -7.483948e+01 -3.205754e+00
    endloop
  endfacet
  facet normal -2.353125e-16 -3.337238e-17 1.000000e+00
    outer loop
      vertex   1.576902e+01 -7.483948e+01 -3.205754e+00
      vertex   1.367243e+01 -6.005611e+01 -3.205754e+00
      vertex   1.000000e+01 -6.077559e+01 -3.205754e+00
    endloop
  endfacet
  facet normal -1.047317e-17 5.885700e-17 1.000000e+00
    outer loop
      vertex   1.576902e+01 -7.483948e+01 -3.205754e+00
      vertex   1.000000e+01 -6.077559e+01 -3.205754e+00
      vertex   1.101575e+01 -7.568529e+01 -3.205754e+00
    endloop
  endfacet
  facet normal -6.706286e-18 5.911363e-17 1.000000e+00
    outer loop
      vertex   1.101575e+01 -7.568529e+01 -3.205754e+00
      vertex   1.000000e+01 -6.077559e+01 -3.205754e+00
      vertex   6.218584e+00 -7.622951e+01 -3.205754e+00
    endloop
  endfacet
  facet normal -2.901606e-18 5.818266e-17 1.000000e+00
    outer loop
      vertex   6.218584e+00 -7.622951e+01 -3.205754e+00
      vertex   1.000000e+01 -6.077559e+01 -3.205754e+00
      vertex   1.396636e+00 -7.646999e+01 -3.205754e+00
    endloop
  endfacet
  facet normal -9.218689e-26 5.659206e-17 1.000000e+00
    outer loop
      vertex   1.396636e+00 -7.646999e+01 -3.205754e+00
      vertex   1.000000e+01 -6.077559e+01 -3.205754e+00
      vertex   -1.000000e+01 -6.077559e+01 -3.205754e+00
    endloop
  endfacet
  facet normal 7.603890e-19 5.714422e-17 1.000000e+00
    outer loop
      vertex   1.396636e+00 -7.646999e+01 -3.205754e+00
      vertex   -1.000000e+01 -6.077559e+01 -3.205754e+00
      vertex   -3.430876e+00 -7.640575e+01 -3.205754e+00
    endloop
  endfacet
  facet normal 4.496954e-18 5.871464e-17 1.000000e+00
    outer loop
      vertex   -3.430876e+00 -7.640575e+01 -3.205754e+00
      vertex   -1.000000e+01 -6.077559e+01 -3.205754e+00
      vertex   -8.244717e+00 -7.603706e+01 -3.205754e+00
    endloop
  endfacet
  facet normal 8.310398e-18 5.915324e-17 1.000000e+00
    outer loop
      vertex   -8.244717e+00 -7.603706e+01 -3.205754e+00
      vertex   -1.000000e+01 -6.077559e+01 -3.205754e+00
      vertex   -1.302571e+01 -7.536538e+01 -3.205754e+00
    endloop
  endfacet
  facet normal 2.438689e-16 1.030192e-17 1.000000e+00
    outer loop
      vertex   -1.302571e+01 -7.536538e+01 -3.205754e+00
      vertex   -1.000000e+01 -6.077559e+01 -3.205754e+00
      vertex   -1.367243e+01 -6.005611e+01 -3.205754e+00
    endloop
  endfacet
  facet normal 0.000000e+00 0.000000e+00 1.000000e+00
    outer loop
      vertex   -1.302571e+01 -7.536538e+01 -3.205754e+00
      vertex   -1.367243e+01 -6.005611e+01 -3.205754e+00
      vertex   -1.775479e+01 -7.439339e+01 -3.205754e+00
    endloop
  endfacet
  facet normal 0.000000e+00 0.000000e+00 1.000000e+00
    outer loop
      vertex   -1.775479e+01 -7.439339e+01 -3.205754e+00
      vertex   -1.367243e+01 -6.005611e+01 -3.205754e+00
      vertex   -1.729438e+01 -5.911494e+01 -3.205754e+00
    endloop
  endfacet
  facet normal 0.000000e+00 -0.000000e+00 1.000000e+00
    outer loop
      vertex   -1.775479e+01 -7.439339e+01 -3.205754e+00
      vertex   -1.729438e+01 -5.911494e+01 -3.205754e+00
      vertex   -2.241313e+01 -7.312497e+01 -3.205754e+00
    endloop
  endfacet
  facet normal 0.000000e+00 0.000000e+00 1.000000e+00
    outer loop
      vertex   -2.241313e+01 -7.312497e+01 -3.205754e+00
      vertex   -1.729438e+01 -5.911494e+01 -3.205754e+00
      vertex   -2.085249e+01 -5.795555e+01 -3.205754e+00
    endloop
  endfacet
  facet normal 0.000000e+00 -0.000000e+00 1.000000e+00
    outer loop
      vertex   -2.241313e+01 -7.312497e+01 -3.205754e+00
      vertex   -2.085249e+01 -5.795555e+01 -3.205754e+00
      vertex   -2.698215e+01 -7.156517e+01 -3.205754e+00
    endloop
  endfacet
  facet normal 0.000000e+00 0.000000e+00 1.000000e+00
    outer loop
      vertex   -2.698215e+01 -7.156517e+01 -3.205754e+00
      vertex   -2.085249e+01 -5.795555e+01 -3.205754e+00
      vertex   -2.433363e+01 -5.658221e+01 -3.205754e+00
    endloop
  endfacet
  facet normal 0.000000e+00 -0.000000e+00 1.000000e+00
    outer loop
      vertex   -2.698215e+01 -7.156517e+01 -3.205754e+00
      vertex   -2.433363e+01 -5.658221e+01 -3.205754e+00
      vertex   -3.144367e+01 -6.972019e+01 -3.205754e+00
    endloop
  endfacet
  facet normal 0.000000e+00 0.000000e+00 1.000000e+00
    outer loop
      vertex   -3.144367e+01 -6.972019e+01 -3.205754e+00
      vertex   -2.433363e+01 -5.658221e+01 -3.205754e+00
      vertex   -2.772493e+01 -5.500000e+01 -3.205754e+00
    endloop
  endfacet
  facet normal 0.000000e+00 -0.000000e+00 1.000000e+00
    outer loop
      vertex   -3.144367e+01 -6.972019e+01 -3.205754e+00
      vertex   -2.772493e+01 -5.500000e+01 -3.205754e+00
      vertex   -3.577988e+01 -6.759741e+01 -3.205754e+00
    endloop
  endfacet
  facet normal 0.000000e+00 -0.000000e+00 1.000000e+00
    outer loop
      vertex   -3.577988e+01 -6.759741e+01 -3.205754e+00
      vertex   -2.772493e+01 -5.500000e+01 -3.205754e+00
      vertex   -3.997353e+01 -6.520527e+01 -3.205754e+00
    endloop
  endfacet
  facet normal 0.000000e+00 -0.000000e+00 1.000000e+00
    outer loop
      vertex   -3.997353e+01 -6.520527e+01 -3.205754e+00
      vertex   -2.772493e+01 -5.500000e+01 -3.205754e+00
      vertex   -4.400789e+01 -6.255330e+01 -3.205754e+00
    endloop
  endfacet
  facet normal -2.204451e-23 1.353277e-14 1.000000e+00
    outer loop
      vertex   -1.000000e+01 -6.077559e+01 -3.205754e+00
      vertex   1.000000e+01 -6.077559e+01 -3.205754e+00
      vertex   -1.000000e+01 -5.500000e+01 -3.205754e+00
    endloop
  endfacet
  facet normal -7.771561e-16 1.084160e-14 1.000000e+00
    outer loop
      vertex   -1.000000e+01 -5.500000e+01 -3.205754e+00
      vertex   1.000000e+01 -6.077559e+01 -3.205754e+00
      vertex   1.000000e+01 -5.500000e+01 -3.205754e+00
    endloop
  endfacet
  facet normal 9.414981e-24 5.779706e-15 1.000000e+00
    outer loop
      vertex   -1.000000e+01 5.508973e+01 -3.205754e+00
      vertex   1.000000e+01 6.077559e+01 -3.205754e+00
      vertex   -1.000000e+01 6.077559e+01 -3.205754e+00
    endloop
  endfacet
  facet normal -1.412753e-25 -8.672664e-17 1.000000e+00
    outer loop
      vertex   -1.000000e+01 6.077559e+01 -3.205754e+00
      vertex   1.000000e+01 6.077559e+01 -3.205754e+00
      vertex   -3.774666e-01 7.101671e+01 -3.205754e+00
    endloop
  endfacet
  facet normal -1.409283e-18 -8.540248e-17 1.000000e+00
    outer loop
      vertex   -1.000000e+01 6.077559e+01 -3.205754e+00
      vertex   -3.774666e-01 7.101671e+01 -3.205754e+00
      vertex   -1.108147e+00 7.102877e+01 -3.205754e+00
    endloop
  endfacet
  facet normal -6.274745e-17 -6.747661e-17 1.000000e+00
    outer loop
      vertex   1.254617e+01 7.157063e+01 -3.205754e+00
      vertex   1.201102e+01 7.206827e+01 -3.205754e+00
      vertex   1.000000e+01 6.077559e+01 -3.205754e+00
    endloop
  endfacet
  facet normal 5.614775e-19 -7.875077e-17 1.000000e+00
    outer loop
      vertex   1.000000e+01 6.077559e+01 -3.205754e+00
      vertex   1.201102e+01 7.206827e+01 -3.205754e+00
      vertex   1.536640e+00 7.199359e+01 -3.205754e+00
    endloop
  endfacet
  facet normal 4.159146e-17 -4.779593e-17 1.000000e+00
    outer loop
      vertex   1.000000e+01 6.077559e+01 -3.205754e+00
      vertex   1.536640e+00 7.199359e+01 -3.205754e+00
      vertex   9.853604e-01 7.151387e+01 -3.205754e+00
    endloop
  endfacet
  facet normal 0.000000e+00 0.000000e+00 1.000000e+00
    outer loop
      vertex   1.536640e+00 7.199359e+01 -3.205754e+00
      vertex   1.201102e+01 7.206827e+01 -3.205754e+00
      vertex   1.955579e+00 7.259236e+01 -3.205754e+00
    endloop
  endfacet
  facet normal -0.000000e+00 0.000000e+00 1.000000e+00
    outer loop
      vertex   1.955579e+00 7.259236e+01 -3.205754e+00
      vertex   1.201102e+01 7.206827e+01 -3.205754e+00
      vertex   1.161207e+01 7.268054e+01 -3.205754e+00
    endloop
  endfacet
  facet normal 0.000000e+00 0.000000e+00 1.000000e+00
    outer loop
      vertex   1.955579e+00 7.259236e+01 -3.205754e+00
      vertex   1.161207e+01 7.268054e+01 -3.205754e+00
      vertex   2.217317e+00 7.327466e+01 -3.205754e+00
    endloop
  endfacet
  facet normal -0.000000e+00 0.000000e+00 1.000000e+00
    outer loop
      vertex   2.217317e+00 7.327466e+01 -3.205754e+00
      vertex   1.161207e+01 7.268054e+01 -3.205754e+00
      vertex   1.137298e+01 7.337110e+01 -3.205754e+00
    endloop
  endfacet
  facet normal 0.000000e+00 0.000000e+00 1.000000e+00
    outer loop
      vertex   2.217317e+00 7.327466e+01 -3.205754e+00
      vertex   1.137298e+01 7.337110e+01 -3.205754e+00
      vertex   2.306323e+00 7.400000e+01 -3.205754e+00
    endloop
  endfacet
  facet normal -0.000000e+00 0.000000e+00 1.000000e+00
    outer loop
      vertex   2.306323e+00 7.400000e+01 -3.205754e+00
      vertex   1.137298e+01 7.337110e+01 -3.205754e+00
      vertex   1.130796e+01 7.409898e+01 -3.205754e+00
    endloop
  endfacet
  facet normal 0.000000e+00 0.000000e+00 1.000000e+00
    outer loop
      vertex   2.306323e+00 7.400000e+01 -3.205754e+00
      vertex   1.130796e+01 7.409898e+01 -3.205754e+00
      vertex   2.306323e+00 8.025228e+01 -3.205754e+00
    endloop
  endfacet
  facet normal -1.709220e-13 -2.500410e-13 1.000000e+00
    outer loop
      vertex   2.306323e+00 8.025228e+01 -3.205754e+00
      vertex   1.130796e+01 7.409898e+01 -3.205754e+00
      vertex   2.321799e+00 8.046727e+01 -3.205754e+00
    endloop
  endfacet
  facet normal 6.276245e-15 1.293143e-29 1.000000e+00
    outer loop
      vertex   2.321799e+00 8.046727e+01 -3.205754e+00
      vertex   1.130796e+01 7.409898e+01 -3.205754e+00
      vertex   2.321799e+00 8.068280e+01 -3.205754e+00
    endloop
  endfacet
  facet normal 2.095377e-13 2.774285e-13 1.000000e+00
    outer loop
      vertex   2.321799e+00 8.068280e+01 -3.205754e+00
      vertex   1.130796e+01 7.409898e+01 -3.205754e+00
      vertex   2.306323e+00 8.089778e+01 -3.205754e+00
    endloop
  endfacet
  facet normal -0.000000e+00 0.000000e+00 1.000000e+00
    outer loop
      vertex   2.306323e+00 8.089778e+01 -3.205754e+00
      vertex   1.130796e+01 7.409898e+01 -3.205754e+00
      vertex   1.130796e+01 8.872179e+01 -3.205754e+00
    endloop
  endfacet
  facet normal 0.000000e+00 0.000000e+00 1.000000e+00
    outer loop
      vertex   2.306323e+00 8.089778e+01 -3.205754e+00
      vertex   1.130796e+01 8.872179e+01 -3.205754e+00
      vertex   2.306323e+00 8.900000e+01 -3.205754e+00
    endloop
  endfacet
  facet normal -0.000000e+00 0.000000e+00 1.000000e+00
    outer loop
      vertex   2.306323e+00 8.900000e+01 -3.205754e+00
      vertex   1.130796e+01 8.872179e+01 -3.205754e+00
      vertex   1.137415e+01 8.950278e+01 -3.205754e+00
    endloop
  endfacet
  facet normal 0.000000e+00 -0.000000e+00 1.000000e+00
    outer loop
      vertex   2.306323e+00 8.900000e+01 -3.205754e+00
      vertex   1.137415e+01 8.950278e+01 -3.205754e+00
      vertex   2.168126e+00 8.977151e+01 -3.205754e+00
    endloop
  endfacet
  facet normal -0.000000e+00 0.000000e+00 1.000000e+00
    outer loop
      vertex   2.168126e+00 8.977151e+01 -3.205754e+00
      vertex   1.137415e+01 8.950278e+01 -3.205754e+00
      vertex   1.164022e+01 9.024002e+01 -3.205754e+00
    endloop
  endfacet
  facet normal 0.000000e+00 -0.000000e+00 1.000000e+00
    outer loop
      vertex   2.168126e+00 8.977151e+01 -3.205754e+00
      vertex   1.164022e+01 9.024002e+01 -3.205754e+00
      vertex   1.834957e+00 9.048096e+01 -3.205754e+00
    endloop
  endfacet
  facet normal -0.000000e+00 0.000000e+00 1.000000e+00
    outer loop
      vertex   1.834957e+00 9.048096e+01 -3.205754e+00
      vertex   1.164022e+01 9.024002e+01 -3.205754e+00
      vertex   1.208804e+01 9.088328e+01 -3.205754e+00
    endloop
  endfacet
  facet normal 0.000000e+00 -0.000000e+00 1.000000e+00
    outer loop
      vertex   1.834957e+00 9.048096e+01 -3.205754e+00
      vertex   1.208804e+01 9.088328e+01 -3.205754e+00
      vertex   1.329521e+00 9.108000e+01 -3.205754e+00
    endloop
  endfacet
  facet normal -0.000000e+00 0.000000e+00 1.000000e+00
    outer loop
      vertex   1.329521e+00 9.108000e+01 -3.205754e+00
      vertex   1.208804e+01 9.088328e+01 -3.205754e+00
      vertex   1.268708e+01 9.138871e+01 -3.205754e+00
    endloop
  endfacet
  facet normal 0.000000e+00 -0.000000e+00 1.000000e+00
    outer loop
      vertex   1.329521e+00 9.108000e+01 -3.205754e+00
      vertex   1.268708e+01 9.138871e+01 -3.205754e+00
      vertex   6.862635e-01 9.152782e+01 -3.205754e+00
    endloop
  endfacet
  facet normal -0.000000e+00 0.000000e+00 1.000000e+00
    outer loop
      vertex   6.862635e-01 9.152782e+01 -3.205754e+00
      vertex   1.268708e+01 9.138871e+01 -3.205754e+00
      vertex   1.339653e+01 9.172188e+01 -3.205754e+00
    endloop
  endfacet
  facet normal 0.000000e+00 -0.000000e+00 1.000000e+00
    outer loop
      vertex   6.862635e-01 9.152782e+01 -3.205754e+00
      vertex   1.339653e+01 9.172188e+01 -3.205754e+00
      vertex   -5.097903e-02 9.179389e+01 -3.205754e+00
    endloop
  endfacet
  facet normal -0.000000e+00 0.000000e+00 1.000000e+00
    outer loop
      vertex   -5.097903e-02 9.179389e+01 -3.205754e+00
      vertex   1.339653e+01 9.172188e+01 -3.205754e+00
      vertex   1.416804e+01 9.186008e+01 -3.205754e+00
    endloop
  endfacet
  facet normal 2.955140e-17 -5.790339e-17 1.000000e+00
    outer loop
      vertex   9.853604e-01 7.151387e+01 -3.205754e+00
      vertex   3.344502e-01 7.118168e+01 -3.205754e+00
      vertex   1.000000e+01 6.077559e+01 -3.205754e+00
    endloop
  endfacet
  facet normal 1.627475e-17 -7.023522e-17 1.000000e+00
    outer loop
      vertex   1.000000e+01 6.077559e+01 -3.205754e+00
      vertex   3.344502e-01 7.118168e+01 -3.205754e+00
      vertex   -3.774666e-01 7.101671e+01 -3.205754e+00
    endloop
  endfacet
  facet normal -1.876713e-17 -7.034926e-17 1.000000e+00
    outer loop
      vertex   -1.108147e+00 7.102877e+01 -3.205754e+00
      vertex   -1.814233e+00 7.121713e+01 -3.205754e+00
      vertex   -1.000000e+01 6.077559e+01 -3.205754e+00
    endloop
  endfacet
  facet normal -3.280036e-17 -5.934775e-17 1.000000e+00
    outer loop
      vertex   -1.000000e+01 6.077559e+01 -3.205754e+00
      vertex   -1.814233e+00 7.121713e+01 -3.205754e+00
      vertex   -2.453828e+00 7.157063e+01 -3.205754e+00
    endloop
  endfacet
  facet normal -4.636842e-17 -4.986312e-17 1.000000e+00
    outer loop
      vertex   -1.000000e+01 6.077559e+01 -3.205754e+00
      vertex   -2.453828e+00 7.157063e+01 -3.205754e+00
      vertex   -2.988980e+00 7.206827e+01 -3.205754e+00
    endloop
  endfacet
  facet normal 0.000000e+00 0.000000e+00 1.000000e+00
    outer loop
      vertex   3.140486e+01 5.911667e+01 -3.205754e+00
      vertex   3.024408e+01 5.870842e+01 -3.205754e+00
      vertex   2.754621e+01 5.508973e+01 -3.205754e+00
    endloop
  endfacet
  facet normal 0.000000e+00 0.000000e+00 1.000000e+00
    outer loop
      vertex   2.754621e+01 5.508973e+01 -3.205754e+00
      vertex   3.024408e+01 5.870842e+01 -3.205754e+00
      vertex   2.902159e+01 5.856844e+01 -3.205754e+00
    endloop
  endfacet
  facet normal 0.000000e+00 0.000000e+00 1.000000e+00
    outer loop
      vertex   2.754621e+01 5.508973e+01 -3.205754e+00
      vertex   2.902159e+01 5.856844e+01 -3.205754e+00
      vertex   2.779857e+01 5.870375e+01 -3.205754e+00
    endloop
  endfacet
  facet normal 0.000000e+00 0.000000e+00 1.000000e+00
    outer loop
      vertex   2.779857e+01 5.870375e+01 -3.205754e+00
      vertex   2.663624e+01 5.910757e+01 -3.205754e+00
      vertex   2.754621e+01 5.508973e+01 -3.205754e+00
    endloop
  endfacet
  facet normal 0.000000e+00 0.000000e+00 1.000000e+00
    outer loop
      vertex   2.679415e+01 9.321164e+01 -3.205754e+00
      vertex   -4.279416e+01 9.321164e+01 -3.205754e+00
      vertex   -8.319647e-01 9.186008e+01 -3.205754e+00
    endloop
  endfacet
  facet normal 0.000000e+00 0.000000e+00 1.000000e+00
    outer loop
      vertex   -5.036210e+01 6.377614e+01 -3.205754e+00
      vertex   -5.050000e+01 6.500000e+01 -3.205754e+00
      vertex   -7.135859e+01 2.752383e+01 -3.205754e+00
    endloop
  endfacet
  facet normal 0.000000e+00 0.000000e+00 1.000000e+00
    outer loop
      vertex   -7.135859e+01 2.752383e+01 -3.205754e+00
      vertex   -5.050000e+01 6.500000e+01 -3.205754e+00
      vertex   -5.050000e+01 8.817083e+01 -3.205754e+00
    endloop
  endfacet
  facet normal 0.000000e+00 0.000000e+00 1.000000e+00
    outer loop
      vertex   -7.135859e+01 2.752383e+01 -3.205754e+00
      vertex   -5.050000e+01 8.817083e+01 -3.205754e+00
      vertex   -5.086831e+01 9.321164e+01 -3.205754e+00
    endloop
  endfacet
  facet normal 0.000000e+00 0.000000e+00 1.000000e+00
    outer loop
      vertex   -5.086831e+01 9.321164e+01 -3.205754e+00
      vertex   -5.050000e+01 8.817083e+01 -3.205754e+00
      vertex   -5.035359e+01 8.943396e+01 -3.205754e+00
    endloop
  endfacet
  facet normal 0.000000e+00 0.000000e+00 1.000000e+00
    outer loop
      vertex   -5.086831e+01 9.321164e+01 -3.205754e+00
      vertex   -5.035359e+01 8.943396e+01 -3.205754e+00
      vertex   -4.992101e+01 9.062971e+01 -3.205754e+00
    endloop
  endfacet
  facet normal 0.000000e+00 -0.000000e+00 1.000000e+00
    outer loop
      vertex   -4.992101e+01 9.062971e+01 -3.205754e+00
      vertex   -4.922540e+01 9.169416e+01 -3.205754e+00
      vertex   -5.086831e+01 9.321164e+01 -3.205754e+00
    endloop
  endfacet
  facet normal 0.000000e+00 0.000000e+00 1.000000e+00
    outer loop
      vertex   -5.086831e+01 9.321164e+01 -3.205754e+00
      vertex   -4.922540e+01 9.169416e+01 -3.205754e+00
      vertex   -4.830392e+01 9.257042e+01 -3.205754e+00
    endloop
  endfacet
  facet normal -0.000000e+00 0.000000e+00 1.000000e+00
    outer loop
      vertex   -5.086831e+01 9.321164e+01 -3.205754e+00
      vertex   -4.830392e+01 9.257042e+01 -3.205754e+00
      vertex   -4.720585e+01 9.321164e+01 -3.205754e+00
    endloop
  endfacet
  facet normal -1.000000e+00 0.000000e+00 0.000000e+00
    outer loop
      vertex   1.730632e+01 8.025228e+01 -9.205754e+00
      vertex   1.730632e+01 7.400000e+01 -9.205754e+00
      vertex   1.730632e+01 8.025228e+01 -3.205754e+00
    endloop
  endfacet
  facet normal -1.000000e+00 -0.000000e+00 0.000000e+00
    outer loop
      vertex   1.730632e+01 8.025228e+01 -3.205754e+00
      vertex   1.730632e+01 7.400000e+01 -9.205754e+00
      vertex   1.730632e+01 7.400000e+01 -3.205754e+00
    endloop
  endfacet
  facet normal -1.049213e-15 1.208348e-17 -1.000000e+00
    outer loop
      vertex   -2.158914e+01 8.745566e+01 -9.205754e+00
      vertex   -1.828036e+01 8.074468e+01 -9.205754e+00
      vertex   -2.174325e+01 7.407485e+01 -9.205754e+00
    endloop
  endfacet
  facet normal -1.025939e-15 0.000000e+00 -1.000000e+00
    outer loop
      vertex   -2.174325e+01 7.407485e+01 -9.205754e+00
      vertex   -1.828036e+01 8.074468e+01 -9.205754e+00
      vertex   -1.828036e+01 8.040539e+01 -9.205754e+00
    endloop
  endfacet
  facet normal 7.126052e-15 -4.459254e-15 -1.000000e+00
    outer loop
      vertex   -2.174325e+01 7.407485e+01 -9.205754e+00
      vertex   -1.828036e+01 8.040539e+01 -9.205754e+00
      vertex   -1.824204e+01 8.006826e+01 -9.205754e+00
    endloop
  endfacet
  facet normal 0.000000e+00 0.000000e+00 -1.000000e+00
    outer loop
      vertex   -2.174153e+01 8.872946e+01 -9.205754e+00
      vertex   -1.824204e+01 8.872179e+01 -9.205754e+00
      vertex   -2.158914e+01 8.745566e+01 -9.205754e+00
    endloop
  endfacet
  facet normal 0.000000e+00 0.000000e+00 -1.000000e+00
    outer loop
      vertex   -2.158914e+01 8.745566e+01 -9.205754e+00
      vertex   -1.824204e+01 8.872179e+01 -9.205754e+00
      vertex   -1.824204e+01 8.108181e+01 -9.205754e+00
    endloop
  endfacet
  facet normal 1.649750e-14 8.663331e-15 -1.000000e+00
    outer loop
      vertex   -2.158914e+01 8.745566e+01 -9.205754e+00
      vertex   -1.824204e+01 8.108181e+01 -9.205754e+00
      vertex   -1.828036e+01 8.074468e+01 -9.205754e+00
    endloop
  endfacet
  facet normal 0.000000e+00 0.000000e+00 -1.000000e+00
    outer loop
      vertex   -1.824204e+01 8.872179e+01 -9.205754e+00
      vertex   -2.174153e+01 8.872946e+01 -9.205754e+00
      vertex   -1.817585e+01 8.950278e+01 -9.205754e+00
    endloop
  endfacet
  facet normal -0.000000e+00 0.000000e+00 -1.000000e+00
    outer loop
      vertex   -1.817585e+01 8.950278e+01 -9.205754e+00
      vertex   -2.174153e+01 8.872946e+01 -9.205754e+00
      vertex   -2.164077e+01 9.000839e+01 -9.205754e+00
    endloop
  endfacet
  facet normal 0.000000e+00 0.000000e+00 -1.000000e+00
    outer loop
      vertex   -1.817585e+01 8.950278e+01 -9.205754e+00
      vertex   -2.164077e+01 9.000839e+01 -9.205754e+00
      vertex   -1.790978e+01 9.024002e+01 -9.205754e+00
    endloop
  endfacet
  facet normal -0.000000e+00 0.000000e+00 -1.000000e+00
    outer loop
      vertex   -1.790978e+01 9.024002e+01 -9.205754e+00
      vertex   -2.164077e+01 9.000839e+01 -9.205754e+00
      vertex   -2.129079e+01 9.124262e+01 -9.205754e+00
    endloop
  endfacet
  facet normal 0.000000e+00 0.000000e+00 -1.000000e+00
    outer loop
      vertex   -1.790978e+01 9.024002e+01 -9.205754e+00
      vertex   -2.129079e+01 9.124262e+01 -9.205754e+00
      vertex   -1.746196e+01 9.088328e+01 -9.205754e+00
    endloop
  endfacet
  facet normal 0.000000e+00 0.000000e+00 -1.000000e+00
    outer loop
      vertex   -1.746196e+01 9.088328e+01 -9.205754e+00
      vertex   -2.129079e+01 9.124262e+01 -9.205754e+00
      vertex   -2.070521e+01 9.238406e+01 -9.205754e+00
    endloop
  endfacet
  facet normal 0.000000e+00 0.000000e+00 -1.000000e+00
    outer loop
      vertex   -1.746196e+01 9.088328e+01 -9.205754e+00
      vertex   -2.070521e+01 9.238406e+01 -9.205754e+00
      vertex   -1.686292e+01 9.138871e+01 -9.205754e+00
    endloop
  endfacet
  facet normal 0.000000e+00 0.000000e+00 -1.000000e+00
    outer loop
      vertex   -1.686292e+01 9.138871e+01 -9.205754e+00
      vertex   -2.070521e+01 9.238406e+01 -9.205754e+00
      vertex   -1.990686e+01 9.338827e+01 -9.205754e+00
    endloop
  endfacet
  facet normal 0.000000e+00 0.000000e+00 -1.000000e+00
    outer loop
      vertex   -1.686292e+01 9.138871e+01 -9.205754e+00
      vertex   -1.990686e+01 9.338827e+01 -9.205754e+00
      vertex   -1.615347e+01 9.172188e+01 -9.205754e+00
    endloop
  endfacet
  facet normal 0.000000e+00 0.000000e+00 -1.000000e+00
    outer loop
      vertex   -1.615347e+01 9.172188e+01 -9.205754e+00
      vertex   -1.990686e+01 9.338827e+01 -9.205754e+00
      vertex   -1.892682e+01 9.421612e+01 -9.205754e+00
    endloop
  endfacet
  facet normal 0.000000e+00 0.000000e+00 -1.000000e+00
    outer loop
      vertex   -1.615347e+01 9.172188e+01 -9.205754e+00
      vertex   -1.892682e+01 9.421612e+01 -9.205754e+00
      vertex   -1.780328e+01 9.483536e+01 -9.205754e+00
    endloop
  endfacet
  facet normal 0.000000e+00 0.000000e+00 -1.000000e+00
    outer loop
      vertex   -1.615347e+01 9.172188e+01 -9.205754e+00
      vertex   -1.780328e+01 9.483536e+01 -9.205754e+00
      vertex   -1.538196e+01 9.186008e+01 -9.205754e+00
    endloop
  endfacet
  facet normal 0.000000e+00 0.000000e+00 -1.000000e+00
    outer loop
      vertex   -1.538196e+01 9.186008e+01 -9.205754e+00
      vertex   -1.780328e+01 9.483536e+01 -9.205754e+00
      vertex   -1.658000e+01 9.522188e+01 -9.205754e+00
    endloop
  endfacet
  facet normal 0.000000e+00 0.000000e+00 -1.000000e+00
    outer loop
      vertex   -1.538196e+01 9.186008e+01 -9.205754e+00
      vertex   -1.658000e+01 9.522188e+01 -9.205754e+00
      vertex   -1.530464e+01 9.536060e+01 -9.205754e+00
    endloop
  endfacet
  facet normal -0.000000e+00 0.000000e+00 -1.000000e+00
    outer loop
      vertex   1.436892e+01 9.536060e+01 -9.205754e+00
      vertex   -8.319647e-01 9.186008e+01 -9.205754e+00
      vertex   -1.530464e+01 9.536060e+01 -9.205754e+00
    endloop
  endfacet
  facet normal 0.000000e+00 0.000000e+00 -1.000000e+00
    outer loop
      vertex   -1.530464e+01 9.536060e+01 -9.205754e+00
      vertex   -8.319647e-01 9.186008e+01 -9.205754e+00
      vertex   -1.603471e+00 9.172188e+01 -9.205754e+00
    endloop
  endfacet
  facet normal 0.000000e+00 0.000000e+00 -1.000000e+00
    outer loop
      vertex   -1.530464e+01 9.536060e+01 -9.205754e+00
      vertex   -1.603471e+00 9.172188e+01 -9.205754e+00
      vertex   -2.312920e+00 9.138871e+01 -9.205754e+00
    endloop
  endfacet
  facet normal -0.000000e+00 0.000000e+00 -1.000000e+00
    outer loop
      vertex   1.564081e+01 9.522260e+01 -9.205754e+00
      vertex   1.416804e+01 9.186008e+01 -9.205754e+00
      vertex   1.436892e+01 9.536060e+01 -9.205754e+00
    endloop
  endfacet
  facet normal 0.000000e+00 0.000000e+00 -1.000000e+00
    outer loop
      vertex   1.436892e+01 9.536060e+01 -9.205754e+00
      vertex   1.416804e+01 9.186008e+01 -9.205754e+00
      vertex   1.339653e+01 9.172188e+01 -9.205754e+00
    endloop
  endfacet
  facet normal 0.000000e+00 0.000000e+00 -1.000000e+00
    outer loop
      vertex   1.436892e+01 9.536060e+01 -9.205754e+00
      vertex   1.339653e+01 9.172188e+01 -9.205754e+00
      vertex   1.268708e+01 9.138871e+01 -9.205754e+00
    endloop
  endfacet
  facet normal 0.000000e+00 0.000000e+00 -1.000000e+00
    outer loop
      vertex   1.416804e+01 9.186008e+01 -9.205754e+00
      vertex   1.564081e+01 9.522260e+01 -9.205754e+00
      vertex   1.494902e+01 9.179389e+01 -9.205754e+00
    endloop
  endfacet
  facet normal 0.000000e+00 0.000000e+00 -1.000000e+00
    outer loop
      vertex   1.494902e+01 9.179389e+01 -9.205754e+00
      vertex   1.564081e+01 9.522260e+01 -9.205754e+00
      vertex   1.686103e+01 9.483816e+01 -9.205754e+00
    endloop
  endfacet
  facet normal 0.000000e+00 0.000000e+00 -1.000000e+00
    outer loop
      vertex   1.494902e+01 9.179389e+01 -9.205754e+00
      vertex   1.686103e+01 9.483816e+01 -9.205754e+00
      vertex   1.798232e+01 9.422215e+01 -9.205754e+00
    endloop
  endfacet
  facet normal 0.000000e+00 0.000000e+00 -1.000000e+00
    outer loop
      vertex   1.494902e+01 9.179389e+01 -9.205754e+00
      vertex   1.798232e+01 9.422215e+01 -9.205754e+00
      vertex   1.568626e+01 9.152782e+01 -9.205754e+00
    endloop
  endfacet
  facet normal 0.000000e+00 0.000000e+00 -1.000000e+00
    outer loop
      vertex   1.568626e+01 9.152782e+01 -9.205754e+00
      vertex   1.798232e+01 9.422215e+01 -9.205754e+00
      vertex   1.896124e+01 9.339845e+01 -9.205754e+00
    endloop
  endfacet
  facet normal 0.000000e+00 0.000000e+00 -1.000000e+00
    outer loop
      vertex   1.568626e+01 9.152782e+01 -9.205754e+00
      vertex   1.896124e+01 9.339845e+01 -9.205754e+00
      vertex   1.632952e+01 9.108000e+01 -9.205754e+00
    endloop
  endfacet
  facet normal 0.000000e+00 0.000000e+00 -1.000000e+00
    outer loop
      vertex   1.632952e+01 9.108000e+01 -9.205754e+00
      vertex   1.896124e+01 9.339845e+01 -9.205754e+00
      vertex   1.975985e+01 9.239897e+01 -9.205754e+00
    endloop
  endfacet
  facet normal 0.000000e+00 0.000000e+00 -1.000000e+00
    outer loop
      vertex   1.632952e+01 9.108000e+01 -9.205754e+00
      vertex   1.975985e+01 9.239897e+01 -9.205754e+00
      vertex   2.034723e+01 9.126242e+01 -9.205754e+00
    endloop
  endfacet
  facet normal -0.000000e+00 0.000000e+00 -1.000000e+00
    outer loop
      vertex   2.070062e+01 9.003284e+01 -9.205754e+00
      vertex   1.716813e+01 8.977151e+01 -9.205754e+00
      vertex   2.034723e+01 9.126242e+01 -9.205754e+00
    endloop
  endfacet
  facet normal 0.000000e+00 0.000000e+00 -1.000000e+00
    outer loop
      vertex   2.034723e+01 9.126242e+01 -9.205754e+00
      vertex   1.716813e+01 8.977151e+01 -9.205754e+00
      vertex   1.683496e+01 9.048096e+01 -9.205754e+00
    endloop
  endfacet
  facet normal 0.000000e+00 0.000000e+00 -1.000000e+00
    outer loop
      vertex   2.034723e+01 9.126242e+01 -9.205754e+00
      vertex   1.683496e+01 9.048096e+01 -9.205754e+00
      vertex   1.632952e+01 9.108000e+01 -9.205754e+00
    endloop
  endfacet
  facet normal 0.000000e+00 0.000000e+00 -1.000000e+00
    outer loop
      vertex   1.716813e+01 8.977151e+01 -9.205754e+00
      vertex   2.070062e+01 9.003284e+01 -9.205754e+00
      vertex   1.730632e+01 8.900000e+01 -9.205754e+00
    endloop
  endfacet
  facet normal 0.000000e+00 0.000000e+00 -1.000000e+00
    outer loop
      vertex   1.730632e+01 8.900000e+01 -9.205754e+00
      vertex   2.070062e+01 9.003284e+01 -9.205754e+00
      vertex   2.080632e+01 8.875786e+01 -9.205754e+00
    endloop
  endfacet
  facet normal 0.000000e+00 0.000000e+00 -1.000000e+00
    outer loop
      vertex   1.730632e+01 8.900000e+01 -9.205754e+00
      vertex   2.080632e+01 8.875786e+01 -9.205754e+00
      vertex   1.730632e+01 8.089778e+01 -9.205754e+00
    endloop
  endfacet
  facet normal -1.597381e-14 7.112950e-15 -1.000000e+00
    outer loop
      vertex   1.730632e+01 8.089778e+01 -9.205754e+00
      vertex   2.080632e+01 8.875786e+01 -9.205754e+00
      vertex   1.732180e+01 8.068280e+01 -9.205754e+00
    endloop
  endfacet
  facet normal 5.097846e-16 0.000000e+00 -1.000000e+00
    outer loop
      vertex   1.732180e+01 8.068280e+01 -9.205754e+00
      vertex   2.080632e+01 8.875786e+01 -9.205754e+00
      vertex   2.080632e+01 7.400000e+01 -9.205754e+00
    endloop
  endfacet
  facet normal 5.097846e-16 8.402784e-30 -1.000000e+00
    outer loop
      vertex   1.732180e+01 8.068280e+01 -9.205754e+00
      vertex   2.080632e+01 7.400000e+01 -9.205754e+00
      vertex   1.732180e+01 8.046727e+01 -9.205754e+00
    endloop
  endfacet
  facet normal -1.307863e-14 -7.321360e-15 -1.000000e+00
    outer loop
      vertex   1.732180e+01 8.046727e+01 -9.205754e+00
      vertex   2.080632e+01 7.400000e+01 -9.205754e+00
      vertex   1.730632e+01 8.025228e+01 -9.205754e+00
    endloop
  endfacet
  facet normal 0.000000e+00 0.000000e+00 -1.000000e+00
    outer loop
      vertex   1.730632e+01 8.025228e+01 -9.205754e+00
      vertex   2.080632e+01 7.400000e+01 -9.205754e+00
      vertex   1.730632e+01 7.400000e+01 -9.205754e+00
    endloop
  endfacet
  facet normal 0.000000e+00 -0.000000e+00 -1.000000e+00
    outer loop
      vertex   1.730632e+01 7.400000e+01 -9.205754e+00
      vertex   2.080632e+01 7.400000e+01 -9.205754e+00
      vertex   1.721732e+01 7.327466e+01 -9.205754e+00
    endloop
  endfacet
  facet normal 0.000000e+00 0.000000e+00 -1.000000e+00
    outer loop
      vertex   1.721732e+01 7.327466e+01 -9.205754e+00
      vertex   2.080632e+01 7.400000e+01 -9.205754e+00
      vertex   2.068458e+01 7.274788e+01 -9.205754e+00
    endloop
  endfacet
  facet normal 0.000000e+00 -0.000000e+00 -1.000000e+00
    outer loop
      vertex   1.721732e+01 7.327466e+01 -9.205754e+00
      vertex   2.068458e+01 7.274788e+01 -9.205754e+00
      vertex   1.695558e+01 7.259236e+01 -9.205754e+00
    endloop
  endfacet
  facet normal 0.000000e+00 0.000000e+00 -1.000000e+00
    outer loop
      vertex   1.695558e+01 7.259236e+01 -9.205754e+00
      vertex   2.068458e+01 7.274788e+01 -9.205754e+00
      vertex   2.032392e+01 7.154267e+01 -9.205754e+00
    endloop
  endfacet
  facet normal 0.000000e+00 -0.000000e+00 -1.000000e+00
    outer loop
      vertex   1.695558e+01 7.259236e+01 -9.205754e+00
      vertex   2.032392e+01 7.154267e+01 -9.205754e+00
      vertex   1.653664e+01 7.199359e+01 -9.205754e+00
    endloop
  endfacet
  facet normal 0.000000e+00 0.000000e+00 -1.000000e+00
    outer loop
      vertex   1.653664e+01 7.199359e+01 -9.205754e+00
      vertex   2.032392e+01 7.154267e+01 -9.205754e+00
      vertex   1.973786e+01 7.042950e+01 -9.205754e+00
    endloop
  endfacet
  facet normal 0.000000e+00 -0.000000e+00 -1.000000e+00
    outer loop
      vertex   1.653664e+01 7.199359e+01 -9.205754e+00
      vertex   1.973786e+01 7.042950e+01 -9.205754e+00
      vertex   1.598536e+01 7.151387e+01 -9.205754e+00
    endloop
  endfacet
  facet normal 0.000000e+00 0.000000e+00 -1.000000e+00
    outer loop
      vertex   1.598536e+01 7.151387e+01 -9.205754e+00
      vertex   1.973786e+01 7.042950e+01 -9.205754e+00
      vertex   1.894833e+01 6.945008e+01 -9.205754e+00
    endloop
  endfacet
  facet normal 0.000000e+00 -0.000000e+00 -1.000000e+00
    outer loop
      vertex   1.598536e+01 7.151387e+01 -9.205754e+00
      vertex   1.894833e+01 6.945008e+01 -9.205754e+00
      vertex   1.533445e+01 7.118168e+01 -9.205754e+00
    endloop
  endfacet
  facet normal 0.000000e+00 0.000000e+00 -1.000000e+00
    outer loop
      vertex   1.533445e+01 7.118168e+01 -9.205754e+00
      vertex   1.894833e+01 6.945008e+01 -9.205754e+00
      vertex   1.798492e+01 6.864109e+01 -9.205754e+00
    endloop
  endfacet
  facet normal 0.000000e+00 0.000000e+00 -1.000000e+00
    outer loop
      vertex   1.533445e+01 7.118168e+01 -9.205754e+00
      vertex   1.798492e+01 6.864109e+01 -9.205754e+00
      vertex   1.688372e+01 6.803284e+01 -9.205754e+00
    endloop
  endfacet
  facet normal 0.000000e+00 -0.000000e+00 -1.000000e+00
    outer loop
      vertex   1.533445e+01 7.118168e+01 -9.205754e+00
      vertex   1.688372e+01 6.803284e+01 -9.205754e+00
      vertex   1.462253e+01 7.101671e+01 -9.205754e+00
    endloop
  endfacet
  facet normal 0.000000e+00 0.000000e+00 -1.000000e+00
    outer loop
      vertex   1.462253e+01 7.101671e+01 -9.205754e+00
      vertex   1.688372e+01 6.803284e+01 -9.205754e+00
      vertex   1.568597e+01 6.764811e+01 -9.205754e+00
    endloop
  endfacet
  facet normal 0.000000e+00 -0.000000e+00 -1.000000e+00
    outer loop
      vertex   1.462253e+01 7.101671e+01 -9.205754e+00
      vertex   1.568597e+01 6.764811e+01 -9.205754e+00
      vertex   1.443655e+01 6.750131e+01 -9.205754e+00
    endloop
  endfacet
  facet normal 0.000000e+00 0.000000e+00 -1.000000e+00
    outer loop
      vertex   -1.537390e+01 6.750131e+01 -9.205754e+00
      vertex   -3.774666e-01 7.101671e+01 -9.205754e+00
      vertex   1.443655e+01 6.750131e+01 -9.205754e+00
    endloop
  endfacet
  facet normal 0.000000e+00 0.000000e+00 -1.000000e+00
    outer loop
      vertex   1.443655e+01 6.750131e+01 -9.205754e+00
      vertex   -3.774666e-01 7.101671e+01 -9.205754e+00
      vertex   3.344502e-01 7.118168e+01 -9.205754e+00
    endloop
  endfacet
  facet normal 0.000000e+00 0.000000e+00 -1.000000e+00
    outer loop
      vertex   1.443655e+01 6.750131e+01 -9.205754e+00
      vertex   3.344502e-01 7.118168e+01 -9.205754e+00
      vertex   9.853604e-01 7.151387e+01 -9.205754e+00
    endloop
  endfacet
  facet normal 0.000000e+00 0.000000e+00 -1.000000e+00
    outer loop
      vertex   -1.663247e+01 6.765010e+01 -9.205754e+00
      vertex   -1.565815e+01 7.102877e+01 -9.205754e+00
      vertex   -1.537390e+01 6.750131e+01 -9.205754e+00
    endloop
  endfacet
  facet normal 0.000000e+00 0.000000e+00 -1.000000e+00
    outer loop
      vertex   -1.537390e+01 6.750131e+01 -9.205754e+00
      vertex   -1.565815e+01 7.102877e+01 -9.205754e+00
      vertex   -1.492747e+01 7.101671e+01 -9.205754e+00
    endloop
  endfacet
  facet normal 0.000000e+00 0.000000e+00 -1.000000e+00
    outer loop
      vertex   -1.537390e+01 6.750131e+01 -9.205754e+00
      vertex   -1.492747e+01 7.101671e+01 -9.205754e+00
      vertex   -1.421555e+01 7.118168e+01 -9.205754e+00
    endloop
  endfacet
  facet normal 0.000000e+00 0.000000e+00 -1.000000e+00
    outer loop
      vertex   -1.663247e+01 6.765010e+01 -9.205754e+00
      vertex   -1.783824e+01 6.804028e+01 -9.205754e+00
      vertex   -1.565815e+01 7.102877e+01 -9.205754e+00
    endloop
  endfacet
  facet normal 0.000000e+00 0.000000e+00 -1.000000e+00
    outer loop
      vertex   -1.565815e+01 7.102877e+01 -9.205754e+00
      vertex   -1.783824e+01 6.804028e+01 -9.205754e+00
      vertex   -1.894538e+01 6.865703e+01 -9.205754e+00
    endloop
  endfacet
  facet normal -0.000000e+00 0.000000e+00 -1.000000e+00
    outer loop
      vertex   -1.565815e+01 7.102877e+01 -9.205754e+00
      vertex   -1.894538e+01 6.865703e+01 -9.205754e+00
      vertex   -1.636423e+01 7.121713e+01 -9.205754e+00
    endloop
  endfacet
  facet normal 0.000000e+00 0.000000e+00 -1.000000e+00
    outer loop
      vertex   -1.636423e+01 7.121713e+01 -9.205754e+00
      vertex   -1.894538e+01 6.865703e+01 -9.205754e+00
      vertex   -1.991181e+01 6.947689e+01 -9.205754e+00
    endloop
  endfacet
  facet normal -0.000000e+00 0.000000e+00 -1.000000e+00
    outer loop
      vertex   -1.636423e+01 7.121713e+01 -9.205754e+00
      vertex   -1.991181e+01 6.947689e+01 -9.205754e+00
      vertex   -1.700383e+01 7.157063e+01 -9.205754e+00
    endloop
  endfacet
  facet normal 0.000000e+00 0.000000e+00 -1.000000e+00
    outer loop
      vertex   -1.700383e+01 7.157063e+01 -9.205754e+00
      vertex   -1.991181e+01 6.947689e+01 -9.205754e+00
      vertex   -2.070077e+01 7.046869e+01 -9.205754e+00
    endloop
  endfacet
  facet normal -0.000000e+00 0.000000e+00 -1.000000e+00
    outer loop
      vertex   -1.700383e+01 7.157063e+01 -9.205754e+00
      vertex   -2.070077e+01 7.046869e+01 -9.205754e+00
      vertex   -1.753898e+01 7.206827e+01 -9.205754e+00
    endloop
  endfacet
  facet normal 0.000000e+00 0.000000e+00 -1.000000e+00
    outer loop
      vertex   -1.753898e+01 7.206827e+01 -9.205754e+00
      vertex   -2.070077e+01 7.046869e+01 -9.205754e+00
      vertex   -2.128228e+01 7.159474e+01 -9.205754e+00
    endloop
  endfacet
  facet normal -0.000000e+00 0.000000e+00 -1.000000e+00
    outer loop
      vertex   -1.753898e+01 7.206827e+01 -9.205754e+00
      vertex   -2.128228e+01 7.159474e+01 -9.205754e+00
      vertex   -1.793793e+01 7.268054e+01 -9.205754e+00
    endloop
  endfacet
  facet normal -0.000000e+00 0.000000e+00 -1.000000e+00
    outer loop
      vertex   -1.793793e+01 7.268054e+01 -9.205754e+00
      vertex   -2.128228e+01 7.159474e+01 -9.205754e+00
      vertex   -2.163423e+01 7.281222e+01 -9.205754e+00
    endloop
  endfacet
  facet normal 0.000000e+00 0.000000e+00 -1.000000e+00
    outer loop
      vertex   -1.793793e+01 7.268054e+01 -9.205754e+00
      vertex   -2.163423e+01 7.281222e+01 -9.205754e+00
      vertex   -1.817702e+01 7.337110e+01 -9.205754e+00
    endloop
  endfacet
  facet normal -0.000000e+00 0.000000e+00 -1.000000e+00
    outer loop
      vertex   -1.817702e+01 7.337110e+01 -9.205754e+00
      vertex   -2.163423e+01 7.281222e+01 -9.205754e+00
      vertex   -2.174325e+01 7.407485e+01 -9.205754e+00
    endloop
  endfacet
  facet normal 0.000000e+00 0.000000e+00 -1.000000e+00
    outer loop
      vertex   -1.817702e+01 7.337110e+01 -9.205754e+00
      vertex   -2.174325e+01 7.407485e+01 -9.205754e+00
      vertex   -1.824204e+01 7.409898e+01 -9.205754e+00
    endloop
  endfacet
  facet normal 2.050866e-18 -2.975834e-16 -1.000000e+00
    outer loop
      vertex   -1.824204e+01 7.409898e+01 -9.205754e+00
      vertex   -2.174325e+01 7.407485e+01 -9.205754e+00
      vertex   -1.824204e+01 8.006826e+01 -9.205754e+00
    endloop
  endfacet
  facet normal 0.000000e+00 -0.000000e+00 -1.000000e+00
    outer loop
      vertex   -1.421555e+01 7.118168e+01 -9.205754e+00
      vertex   -1.356464e+01 7.151387e+01 -9.205754e+00
      vertex   -1.537390e+01 6.750131e+01 -9.205754e+00
    endloop
  endfacet
  facet normal 0.000000e+00 0.000000e+00 -1.000000e+00
    outer loop
      vertex   -1.537390e+01 6.750131e+01 -9.205754e+00
      vertex   -1.356464e+01 7.151387e+01 -9.205754e+00
      vertex   -2.453828e+00 7.157063e+01 -9.205754e+00
    endloop
  endfacet
  facet normal 0.000000e+00 0.000000e+00 -1.000000e+00
    outer loop
      vertex   -1.537390e+01 6.750131e+01 -9.205754e+00
      vertex   -2.453828e+00 7.157063e+01 -9.205754e+00
      vertex   -1.814233e+00 7.121713e+01 -9.205754e+00
    endloop
  endfacet
  facet normal 0.000000e+00 0.000000e+00 -1.000000e+00
    outer loop
      vertex   -1.356464e+01 7.151387e+01 -9.205754e+00
      vertex   -1.301336e+01 7.199359e+01 -9.205754e+00
      vertex   -2.453828e+00 7.157063e+01 -9.205754e+00
    endloop
  endfacet
  facet normal 0.000000e+00 0.000000e+00 -1.000000e+00
    outer loop
      vertex   -2.453828e+00 7.157063e+01 -9.205754e+00
      vertex   -1.301336e+01 7.199359e+01 -9.205754e+00
      vertex   -2.988980e+00 7.206827e+01 -9.205754e+00
    endloop
  endfacet
  facet normal -0.000000e+00 0.000000e+00 -1.000000e+00
    outer loop
      vertex   -2.988980e+00 7.206827e+01 -9.205754e+00
      vertex   -1.301336e+01 7.199359e+01 -9.205754e+00
      vertex   -1.259442e+01 7.259236e+01 -9.205754e+00
    endloop
  endfacet
  facet normal 0.000000e+00 0.000000e+00 -1.000000e+00
    outer loop
      vertex   -2.988980e+00 7.206827e+01 -9.205754e+00
      vertex   -1.259442e+01 7.259236e+01 -9.205754e+00
      vertex   -3.387934e+00 7.268054e+01 -9.205754e+00
    endloop
  endfacet
  facet normal -0.000000e+00 0.000000e+00 -1.000000e+00
    outer loop
      vertex   -3.387934e+00 7.268054e+01 -9.205754e+00
      vertex   -1.259442e+01 7.259236e+01 -9.205754e+00
      vertex   -1.233268e+01 7.327466e+01 -9.205754e+00
    endloop
  endfacet
  facet normal 0.000000e+00 0.000000e+00 -1.000000e+00
    outer loop
      vertex   -3.387934e+00 7.268054e+01 -9.205754e+00
      vertex   -1.233268e+01 7.327466e+01 -9.205754e+00
      vertex   -3.627018e+00 7.337110e+01 -9.205754e+00
    endloop
  endfacet
  facet normal -0.000000e+00 0.000000e+00 -1.000000e+00
    outer loop
      vertex   -3.627018e+00 7.337110e+01 -9.205754e+00
      vertex   -1.233268e+01 7.327466e+01 -9.205754e+00
      vertex   -1.224368e+01 7.400000e+01 -9.205754e+00
    endloop
  endfacet
  facet normal 0.000000e+00 0.000000e+00 -1.000000e+00
    outer loop
      vertex   -3.627018e+00 7.337110e+01 -9.205754e+00
      vertex   -1.224368e+01 7.400000e+01 -9.205754e+00
      vertex   -3.692043e+00 7.409898e+01 -9.205754e+00
    endloop
  endfacet
  facet normal -0.000000e+00 0.000000e+00 -1.000000e+00
    outer loop
      vertex   -3.692043e+00 7.409898e+01 -9.205754e+00
      vertex   -1.224368e+01 7.400000e+01 -9.205754e+00
      vertex   -3.692043e+00 8.872179e+01 -9.205754e+00
    endloop
  endfacet
  facet normal -0.000000e+00 0.000000e+00 -1.000000e+00
    outer loop
      vertex   -3.692043e+00 8.872179e+01 -9.205754e+00
      vertex   -1.224368e+01 7.400000e+01 -9.205754e+00
      vertex   -1.224368e+01 8.900000e+01 -9.205754e+00
    endloop
  endfacet
  facet normal 0.000000e+00 0.000000e+00 -1.000000e+00
    outer loop
      vertex   -3.692043e+00 8.872179e+01 -9.205754e+00
      vertex   -1.224368e+01 8.900000e+01 -9.205754e+00
      vertex   -3.625852e+00 8.950278e+01 -9.205754e+00
    endloop
  endfacet
  facet normal -0.000000e+00 0.000000e+00 -1.000000e+00
    outer loop
      vertex   -3.625852e+00 8.950278e+01 -9.205754e+00
      vertex   -1.224368e+01 8.900000e+01 -9.205754e+00
      vertex   -1.238187e+01 8.977151e+01 -9.205754e+00
    endloop
  endfacet
  facet normal 0.000000e+00 0.000000e+00 -1.000000e+00
    outer loop
      vertex   -3.625852e+00 8.950278e+01 -9.205754e+00
      vertex   -1.238187e+01 8.977151e+01 -9.205754e+00
      vertex   -3.359781e+00 9.024002e+01 -9.205754e+00
    endloop
  endfacet
  facet normal -0.000000e+00 0.000000e+00 -1.000000e+00
    outer loop
      vertex   -3.359781e+00 9.024002e+01 -9.205754e+00
      vertex   -1.238187e+01 8.977151e+01 -9.205754e+00
      vertex   -1.271504e+01 9.048096e+01 -9.205754e+00
    endloop
  endfacet
  facet normal 0.000000e+00 0.000000e+00 -1.000000e+00
    outer loop
      vertex   -3.359781e+00 9.024002e+01 -9.205754e+00
      vertex   -1.271504e+01 9.048096e+01 -9.205754e+00
      vertex   -2.911965e+00 9.088328e+01 -9.205754e+00
    endloop
  endfacet
  facet normal -0.000000e+00 0.000000e+00 -1.000000e+00
    outer loop
      vertex   -2.911965e+00 9.088328e+01 -9.205754e+00
      vertex   -1.271504e+01 9.048096e+01 -9.205754e+00
      vertex   -1.322048e+01 9.108000e+01 -9.205754e+00
    endloop
  endfacet
  facet normal 0.000000e+00 0.000000e+00 -1.000000e+00
    outer loop
      vertex   -2.911965e+00 9.088328e+01 -9.205754e+00
      vertex   -1.322048e+01 9.108000e+01 -9.205754e+00
      vertex   -2.312920e+00 9.138871e+01 -9.205754e+00
    endloop
  endfacet
  facet normal -0.000000e+00 0.000000e+00 -1.000000e+00
    outer loop
      vertex   -2.312920e+00 9.138871e+01 -9.205754e+00
      vertex   -1.322048e+01 9.108000e+01 -9.205754e+00
      vertex   -1.530464e+01 9.536060e+01 -9.205754e+00
    endloop
  endfacet
  facet normal 0.000000e+00 0.000000e+00 -1.000000e+00
    outer loop
      vertex   -1.322048e+01 9.108000e+01 -9.205754e+00
      vertex   -1.386374e+01 9.152782e+01 -9.205754e+00
      vertex   -1.530464e+01 9.536060e+01 -9.205754e+00
    endloop
  endfacet
  facet normal 0.000000e+00 0.000000e+00 -1.000000e+00
    outer loop
      vertex   -1.530464e+01 9.536060e+01 -9.205754e+00
      vertex   -1.386374e+01 9.152782e+01 -9.205754e+00
      vertex   -1.460098e+01 9.179389e+01 -9.205754e+00
    endloop
  endfacet
  facet normal 0.000000e+00 -0.000000e+00 -1.000000e+00
    outer loop
      vertex   -1.530464e+01 9.536060e+01 -9.205754e+00
      vertex   -1.460098e+01 9.179389e+01 -9.205754e+00
      vertex   -1.538196e+01 9.186008e+01 -9.205754e+00
    endloop
  endfacet
  facet normal 0.000000e+00 0.000000e+00 -1.000000e+00
    outer loop
      vertex   1.436892e+01 9.536060e+01 -9.205754e+00
      vertex   1.268708e+01 9.138871e+01 -9.205754e+00
      vertex   1.329521e+00 9.108000e+01 -9.205754e+00
    endloop
  endfacet
  facet normal 0.000000e+00 0.000000e+00 -1.000000e+00
    outer loop
      vertex   1.329521e+00 9.108000e+01 -9.205754e+00
      vertex   1.268708e+01 9.138871e+01 -9.205754e+00
      vertex   1.208804e+01 9.088328e+01 -9.205754e+00
    endloop
  endfacet
  facet normal 0.000000e+00 0.000000e+00 -1.000000e+00
    outer loop
      vertex   1.329521e+00 9.108000e+01 -9.205754e+00
      vertex   1.208804e+01 9.088328e+01 -9.205754e+00
      vertex   1.834957e+00 9.048096e+01 -9.205754e+00
    endloop
  endfacet
  facet normal 0.000000e+00 0.000000e+00 -1.000000e+00
    outer loop
      vertex   1.834957e+00 9.048096e+01 -9.205754e+00
      vertex   1.208804e+01 9.088328e+01 -9.205754e+00
      vertex   1.164022e+01 9.024002e+01 -9.205754e+00
    endloop
  endfacet
  facet normal 0.000000e+00 0.000000e+00 -1.000000e+00
    outer loop
      vertex   1.834957e+00 9.048096e+01 -9.205754e+00
      vertex   1.164022e+01 9.024002e+01 -9.205754e+00
      vertex   2.168126e+00 8.977151e+01 -9.205754e+00
    endloop
  endfacet
  facet normal 0.000000e+00 0.000000e+00 -1.000000e+00
    outer loop
      vertex   2.168126e+00 8.977151e+01 -9.205754e+00
      vertex   1.164022e+01 9.024002e+01 -9.205754e+00
      vertex   1.137415e+01 8.950278e+01 -9.205754e+00
    endloop
  endfacet
  facet normal 0.000000e+00 0.000000e+00 -1.000000e+00
    outer loop
      vertex   2.168126e+00 8.977151e+01 -9.205754e+00
      vertex   1.137415e+01 8.950278e+01 -9.205754e+00
      vertex   2.306323e+00 8.900000e+01 -9.205754e+00
    endloop
  endfacet
  facet normal 0.000000e+00 0.000000e+00 -1.000000e+00
    outer loop
      vertex   2.306323e+00 8.900000e+01 -9.205754e+00
      vertex   1.137415e+01 8.950278e+01 -9.205754e+00
      vertex   1.130796e+01 8.872179e+01 -9.205754e+00
    endloop
  endfacet
  facet normal 0.000000e+00 -0.000000e+00 -1.000000e+00
    outer loop
      vertex   2.306323e+00 8.900000e+01 -9.205754e+00
      vertex   1.130796e+01 8.872179e+01 -9.205754e+00
      vertex   2.306323e+00 8.089778e+01 -9.205754e+00
    endloop
  endfacet
  facet normal 0.000000e+00 0.000000e+00 -1.000000e+00
    outer loop
      vertex   2.306323e+00 8.089778e+01 -9.205754e+00
      vertex   1.130796e+01 8.872179e+01 -9.205754e+00
      vertex   1.130796e+01 7.409898e+01 -9.205754e+00
    endloop
  endfacet
  facet normal 6.599611e-15 8.737906e-15 -1.000000e+00
    outer loop
      vertex   2.306323e+00 8.089778e+01 -9.205754e+00
      vertex   1.130796e+01 7.409898e+01 -9.205754e+00
      vertex   2.321799e+00 8.068280e+01 -9.205754e+00
    endloop
  endfacet
  facet normal 1.976770e-16 4.072890e-31 -1.000000e+00
    outer loop
      vertex   2.321799e+00 8.068280e+01 -9.205754e+00
      vertex   1.130796e+01 7.409898e+01 -9.205754e+00
      vertex   2.321799e+00 8.046727e+01 -9.205754e+00
    endloop
  endfacet
  facet normal -5.383369e-15 -7.875307e-15 -1.000000e+00
    outer loop
      vertex   2.321799e+00 8.046727e+01 -9.205754e+00
      vertex   1.130796e+01 7.409898e+01 -9.205754e+00
      vertex   2.306323e+00 8.025228e+01 -9.205754e+00
    endloop
  endfacet
  facet normal 0.000000e+00 0.000000e+00 -1.000000e+00
    outer loop
      vertex   2.306323e+00 8.025228e+01 -9.205754e+00
      vertex   1.130796e+01 7.409898e+01 -9.205754e+00
      vertex   2.306323e+00 7.400000e+01 -9.205754e+00
    endloop
  endfacet
  facet normal 0.000000e+00 0.000000e+00 -1.000000e+00
    outer loop
      vertex   2.306323e+00 7.400000e+01 -9.205754e+00
      vertex   1.130796e+01 7.409898e+01 -9.205754e+00
      vertex   1.137298e+01 7.337110e+01 -9.205754e+00
    endloop
  endfacet
  facet normal 0.000000e+00 -0.000000e+00 -1.000000e+00
    outer loop
      vertex   2.306323e+00 7.400000e+01 -9.205754e+00
      vertex   1.137298e+01 7.337110e+01 -9.205754e+00
      vertex   2.217317e+00 7.327466e+01 -9.205754e+00
    endloop
  endfacet
  facet normal 0.000000e+00 0.000000e+00 -1.000000e+00
    outer loop
      vertex   2.217317e+00 7.327466e+01 -9.205754e+00
      vertex   1.137298e+01 7.337110e+01 -9.205754e+00
      vertex   1.161207e+01 7.268054e+01 -9.205754e+00
    endloop
  endfacet
  facet normal 0.000000e+00 -0.000000e+00 -1.000000e+00
    outer loop
      vertex   2.217317e+00 7.327466e+01 -9.205754e+00
      vertex   1.161207e+01 7.268054e+01 -9.205754e+00
      vertex   1.955579e+00 7.259236e+01 -9.205754e+00
    endloop
  endfacet
  facet normal 0.000000e+00 0.000000e+00 -1.000000e+00
    outer loop
      vertex   1.955579e+00 7.259236e+01 -9.205754e+00
      vertex   1.161207e+01 7.268054e+01 -9.205754e+00
      vertex   1.201102e+01 7.206827e+01 -9.205754e+00
    endloop
  endfacet
  facet normal 0.000000e+00 -0.000000e+00 -1.000000e+00
    outer loop
      vertex   1.955579e+00 7.259236e+01 -9.205754e+00
      vertex   1.201102e+01 7.206827e+01 -9.205754e+00
      vertex   1.536640e+00 7.199359e+01 -9.205754e+00
    endloop
  endfacet
  facet normal 0.000000e+00 0.000000e+00 -1.000000e+00
    outer loop
      vertex   1.536640e+00 7.199359e+01 -9.205754e+00
      vertex   1.201102e+01 7.206827e+01 -9.205754e+00
      vertex   1.254617e+01 7.157063e+01 -9.205754e+00
    endloop
  endfacet
  facet normal 0.000000e+00 -0.000000e+00 -1.000000e+00
    outer loop
      vertex   1.536640e+00 7.199359e+01 -9.205754e+00
      vertex   1.254617e+01 7.157063e+01 -9.205754e+00
      vertex   9.853604e-01 7.151387e+01 -9.205754e+00
    endloop
  endfacet
  facet normal 0.000000e+00 0.000000e+00 -1.000000e+00
    outer loop
      vertex   9.853604e-01 7.151387e+01 -9.205754e+00
      vertex   1.254617e+01 7.157063e+01 -9.205754e+00
      vertex   1.443655e+01 6.750131e+01 -9.205754e+00
    endloop
  endfacet
  facet normal 0.000000e+00 0.000000e+00 -1.000000e+00
    outer loop
      vertex   1.254617e+01 7.157063e+01 -9.205754e+00
      vertex   1.318577e+01 7.121713e+01 -9.205754e+00
      vertex   1.443655e+01 6.750131e+01 -9.205754e+00
    endloop
  endfacet
  facet normal 0.000000e+00 0.000000e+00 -1.000000e+00
    outer loop
      vertex   1.443655e+01 6.750131e+01 -9.205754e+00
      vertex   1.318577e+01 7.121713e+01 -9.205754e+00
      vertex   1.389185e+01 7.102877e+01 -9.205754e+00
    endloop
  endfacet
  facet normal 0.000000e+00 0.000000e+00 -1.000000e+00
    outer loop
      vertex   1.443655e+01 6.750131e+01 -9.205754e+00
      vertex   1.389185e+01 7.102877e+01 -9.205754e+00
      vertex   1.462253e+01 7.101671e+01 -9.205754e+00
    endloop
  endfacet
  facet normal 0.000000e+00 0.000000e+00 -1.000000e+00
    outer loop
      vertex   1.329521e+00 9.108000e+01 -9.205754e+00
      vertex   6.862635e-01 9.152782e+01 -9.205754e+00
      vertex   1.436892e+01 9.536060e+01 -9.205754e+00
    endloop
  endfacet
  facet normal 0.000000e+00 0.000000e+00 -1.000000e+00
    outer loop
      vertex   1.436892e+01 9.536060e+01 -9.205754e+00
      vertex   6.862635e-01 9.152782e+01 -9.205754e+00
      vertex   -5.097903e-02 9.179389e+01 -9.205754e+00
    endloop
  endfacet
  facet normal 0.000000e+00 0.000000e+00 -1.000000e+00
    outer loop
      vertex   1.436892e+01 9.536060e+01 -9.205754e+00
      vertex   -5.097903e-02 9.179389e+01 -9.205754e+00
      vertex   -8.319647e-01 9.186008e+01 -9.205754e+00
    endloop
  endfacet
  facet normal 0.000000e+00 -0.000000e+00 -1.000000e+00
    outer loop
      vertex   -1.814233e+00 7.121713e+01 -9.205754e+00
      vertex   -1.108147e+00 7.102877e+01 -9.205754e+00
      vertex   -1.537390e+01 6.750131e+01 -9.205754e+00
    endloop
  endfacet
  facet normal 0.000000e+00 0.000000e+00 -1.000000e+00
    outer loop
      vertex   -1.537390e+01 6.750131e+01 -9.205754e+00
      vertex   -1.108147e+00 7.102877e+01 -9.205754e+00
      vertex   -3.774666e-01 7.101671e+01 -9.205754e+00
    endloop
  endfacet
  facet normal 9.884492e-01 1.515485e-01 -1.092001e-03
    outer loop
      vertex   -2.880637e+00 -3.783781e+01 -8.205754e+00
      vertex   -2.897777e+00 -3.777646e+01 -1.520575e+01
      vertex   -2.999324e+00 -3.706370e+01 -8.205754e+00
    endloop
  endfacet
  facet normal 9.914443e-01 1.305261e-01 1.092001e-03
    outer loop
      vertex   -2.999324e+00 -3.706370e+01 -8.205754e+00
      vertex   -2.897777e+00 -3.777646e+01 -1.520575e+01
      vertex   -3.000000e+00 -3.700000e+01 -1.520575e+01
    endloop
  endfacet
  facet normal 9.939923e-01 -1.094448e-01 -1.092001e-03
    outer loop
      vertex   -2.999324e+00 -3.706370e+01 -8.205754e+00
      vertex   -3.000000e+00 -3.700000e+01 -1.520575e+01
      vertex   -2.913611e+00 -3.628525e+01 -8.205754e+00
    endloop
  endfacet
  facet normal 9.914443e-01 -1.305261e-01 1.092001e-03
    outer loop
      vertex   -2.913611e+00 -3.628525e+01 -8.205754e+00
      vertex   -3.000000e+00 -3.700000e+01 -1.520575e+01
      vertex   -2.897777e+00 -3.622354e+01 -1.520575e+01
    endloop
  endfacet
  facet normal 9.317964e-01 -3.629797e-01 -1.092001e-03
    outer loop
      vertex   -2.913611e+00 -3.628525e+01 -8.205754e+00
      vertex   -2.897777e+00 -3.622354e+01 -1.520575e+01
      vertex   -2.629341e+00 -3.555551e+01 -8.205754e+00
    endloop
  endfacet
  facet normal 9.238790e-01 -3.826832e-01 1.092001e-03
    outer loop
      vertex   -2.629341e+00 -3.555551e+01 -8.205754e+00
      vertex   -2.897777e+00 -3.622354e+01 -1.520575e+01
      vertex   -2.598076e+00 -3.550000e+01 -1.520575e+01
    endloop
  endfacet
  facet normal 8.061001e-01 -5.917781e-01 -1.092001e-03
    outer loop
      vertex   -2.629341e+00 -3.555551e+01 -8.205754e+00
      vertex   -2.598076e+00 -3.550000e+01 -1.520575e+01
      vertex   -2.165885e+00 -3.492420e+01 -8.205754e+00
    endloop
  endfacet
  facet normal 7.933529e-01 -6.087611e-01 1.092001e-03
    outer loop
      vertex   -2.165885e+00 -3.492420e+01 -8.205754e+00
      vertex   -2.598076e+00 -3.550000e+01 -1.520575e+01
      vertex   -2.121320e+00 -3.487868e+01 -1.520575e+01
    endloop
  endfacet
  facet normal 6.254695e-01 -7.802479e-01 -1.092001e-03
    outer loop
      vertex   -2.165885e+00 -3.492420e+01 -8.205754e+00
      vertex   -2.121320e+00 -3.487868e+01 -1.520575e+01
      vertex   -1.554828e+00 -3.443436e+01 -8.205754e+00
    endloop
  endfacet
  facet normal 6.087611e-01 -7.933529e-01 1.092001e-03
    outer loop
      vertex   -1.554828e+00 -3.443436e+01 -8.205754e+00
      vertex   -2.121320e+00 -3.487868e+01 -1.520575e+01
      vertex   -1.500000e+00 -3.440192e+01 -1.520575e+01
    endloop
  endfacet
  facet normal 4.022141e-01 -9.155450e-01 -1.092001e-03
    outer loop
      vertex   -1.554828e+00 -3.443436e+01 -8.205754e+00
      vertex   -1.500000e+00 -3.440192e+01 -1.520575e+01
      vertex   -8.378121e-01 -3.411936e+01 -8.205754e+00
    endloop
  endfacet
  facet normal 3.826832e-01 -9.238790e-01 1.092001e-03
    outer loop
      vertex   -8.378121e-01 -3.411936e+01 -8.205754e+00
      vertex   -1.500000e+00 -3.440192e+01 -1.520575e+01
      vertex   -7.764571e-01 -3.410222e+01 -1.520575e+01
    endloop
  endfacet
  facet normal 1.515485e-01 -9.884492e-01 -1.092001e-03
    outer loop
      vertex   -8.378121e-01 -3.411936e+01 -8.205754e+00
      vertex   -7.764571e-01 -3.410222e+01 -1.520575e+01
      vertex   -6.370059e-02 -3.400068e+01 -8.205754e+00
    endloop
  endfacet
  facet normal 1.305261e-01 -9.914443e-01 1.092001e-03
    outer loop
      vertex   -6.370059e-02 -3.400068e+01 -8.205754e+00
      vertex   -7.764571e-01 -3.410222e+01 -1.520575e+01
      vertex   -1.836970e-16 -3.400000e+01 -1.520575e+01
    endloop
  endfacet
  facet normal -1.094448e-01 -9.939923e-01 -1.092001e-03
    outer loop
      vertex   -6.370059e-02 -3.400068e+01 -8.205754e+00
      vertex   -1.836970e-16 -3.400000e+01 -1.520575e+01
      vertex   7.147520e-01 -3.408639e+01 -8.205754e+00
    endloop
  endfacet
  facet normal -1.305261e-01 -9.914443e-01 1.092001e-03
    outer loop
      vertex   7.147520e-01 -3.408639e+01 -8.205754e+00
      vertex   -1.836970e-16 -3.400000e+01 -1.520575e+01
      vertex   7.764571e-01 -3.410222e+01 -1.520575e+01
    endloop
  endfacet
  facet normal -3.629797e-01 -9.317964e-01 -1.092001e-03
    outer loop
      vertex   7.147520e-01 -3.408639e+01 -8.205754e+00
      vertex   7.764571e-01 -3.410222e+01 -1.520575e+01
      vertex   1.444495e+00 -3.437066e+01 -8.205754e+00
    endloop
  endfacet
  facet normal -3.826832e-01 -9.238790e-01 1.092001e-03
    outer loop
      vertex   1.444495e+00 -3.437066e+01 -8.205754e+00
      vertex   7.764571e-01 -3.410222e+01 -1.520575e+01
      vertex   1.500000e+00 -3.440192e+01 -1.520575e+01
    endloop
  endfacet
  facet normal -5.917781e-01 -8.061001e-01 -1.092001e-03
    outer loop
      vertex   1.444495e+00 -3.437066e+01 -8.205754e+00
      vertex   1.500000e+00 -3.440192e+01 -1.520575e+01
      vertex   2.075799e+00 -3.483412e+01 -8.205754e+00
    endloop
  endfacet
  facet normal -6.087611e-01 -7.933529e-01 1.092001e-03
    outer loop
      vertex   2.075799e+00 -3.483412e+01 -8.205754e+00
      vertex   1.500000e+00 -3.440192e+01 -1.520575e+01
      vertex   2.121320e+00 -3.487868e+01 -1.520575e+01
    endloop
  endfacet
  facet normal -7.802479e-01 -6.254695e-01 -1.092001e-03
    outer loop
      vertex   2.075799e+00 -3.483412e+01 -8.205754e+00
      vertex   2.121320e+00 -3.487868e+01 -1.520575e+01
      vertex   2.565640e+00 -3.544517e+01 -8.205754e+00
    endloop
  endfacet
  facet normal -7.933529e-01 -6.087611e-01 1.092001e-03
    outer loop
      vertex   2.565640e+00 -3.544517e+01 -8.205754e+00
      vertex   2.121320e+00 -3.487868e+01 -1.520575e+01
      vertex   2.598076e+00 -3.550000e+01 -1.520575e+01
    endloop
  endfacet
  facet normal -9.155450e-01 -4.022141e-01 -1.092001e-03
    outer loop
      vertex   2.565640e+00 -3.544517e+01 -8.205754e+00
      vertex   2.598076e+00 -3.550000e+01 -1.520575e+01
      vertex   2.880637e+00 -3.616219e+01 -8.205754e+00
    endloop
  endfacet
  facet normal -9.238790e-01 -3.826832e-01 1.092001e-03
    outer loop
      vertex   2.880637e+00 -3.616219e+01 -8.205754e+00
      vertex   2.598076e+00 -3.550000e+01 -1.520575e+01
      vertex   2.897777e+00 -3.622354e+01 -1.520575e+01
    endloop
  endfacet
  facet normal -9.884492e-01 -1.515485e-01 -1.092001e-03
    outer loop
      vertex   2.880637e+00 -3.616219e+01 -8.205754e+00
      vertex   2.897777e+00 -3.622354e+01 -1.520575e+01
      vertex   2.999324e+00 -3.693630e+01 -8.205754e+00
    endloop
  endfacet
  facet normal -9.914443e-01 -1.305261e-01 1.092001e-03
    outer loop
      vertex   2.999324e+00 -3.693630e+01 -8.205754e+00
      vertex   2.897777e+00 -3.622354e+01 -1.520575e+01
      vertex   3.000000e+00 -3.700000e+01 -1.520575e+01
    endloop
  endfacet
  facet normal -9.939923e-01 1.094448e-01 -1.092001e-03
    outer loop
      vertex   2.999324e+00 -3.693630e+01 -8.205754e+00
      vertex   3.000000e+00 -3.700000e+01 -1.520575e+01
      vertex   2.913611e+00 -3.771475e+01 -8.205754e+00
    endloop
  endfacet
  facet normal -9.914443e-01 1.305261e-01 1.092001e-03
    outer loop
      vertex   2.913611e+00 -3.771475e+01 -8.205754e+00
      vertex   3.000000e+00 -3.700000e+01 -1.520575e+01
      vertex   2.897777e+00 -3.777646e+01 -1.520575e+01
    endloop
  endfacet
  facet normal -9.317964e-01 3.629797e-01 -1.092001e-03
    outer loop
      vertex   2.913611e+00 -3.771475e+01 -8.205754e+00
      vertex   2.897777e+00 -3.777646e+01 -1.520575e+01
      vertex   2.629341e+00 -3.844450e+01 -8.205754e+00
    endloop
  endfacet
  facet normal -9.238790e-01 3.826832e-01 1.092001e-03
    outer loop
      vertex   2.629341e+00 -3.844450e+01 -8.205754e+00
      vertex   2.897777e+00 -3.777646e+01 -1.520575e+01
      vertex   2.598076e+00 -3.850000e+01 -1.520575e+01
    endloop
  endfacet
  facet normal -8.061001e-01 5.917781e-01 -1.092001e-03
    outer loop
      vertex   2.629341e+00 -3.844450e+01 -8.205754e+00
      vertex   2.598076e+00 -3.850000e+01 -1.520575e+01
      vertex   2.165885e+00 -3.907580e+01 -8.205754e+00
    endloop
  endfacet
  facet normal -7.933529e-01 6.087611e-01 1.092001e-03
    outer loop
      vertex   2.165885e+00 -3.907580e+01 -8.205754e+00
      vertex   2.598076e+00 -3.850000e+01 -1.520575e+01
      vertex   2.121320e+00 -3.912132e+01 -1.520575e+01
    endloop
  endfacet
  facet normal -6.254695e-01 7.802479e-01 -1.092001e-03
    outer loop
      vertex   2.165885e+00 -3.907580e+01 -8.205754e+00
      vertex   2.121320e+00 -3.912132e+01 -1.520575e+01
      vertex   1.554828e+00 -3.956564e+01 -8.205754e+00
    endloop
  endfacet
  facet normal -6.087611e-01 7.933529e-01 1.092001e-03
    outer loop
      vertex   1.554828e+00 -3.956564e+01 -8.205754e+00
      vertex   2.121320e+00 -3.912132e+01 -1.520575e+01
      vertex   1.500000e+00 -3.959808e+01 -1.520575e+01
    endloop
  endfacet
  facet normal -4.022141e-01 9.155450e-01 -1.092001e-03
    outer loop
      vertex   1.554828e+00 -3.956564e+01 -8.205754e+00
      vertex   1.500000e+00 -3.959808e+01 -1.520575e+01
      vertex   8.378121e-01 -3.988064e+01 -8.205754e+00
    endloop
  endfacet
  facet normal -3.826832e-01 9.238790e-01 1.092001e-03
    outer loop
      vertex   8.378121e-01 -3.988064e+01 -8.205754e+00
      vertex   1.500000e+00 -3.959808e+01 -1.520575e+01
      vertex   7.764571e-01 -3.989778e+01 -1.520575e+01
    endloop
  endfacet
  facet normal -1.515485e-01 9.884492e-01 -1.092001e-03
    outer loop
      vertex   8.378121e-01 -3.988064e+01 -8.205754e+00
      vertex   7.764571e-01 -3.989778e+01 -1.520575e+01
      vertex   6.370059e-02 -3.999932e+01 -8.205754e+00
    endloop
  endfacet
  facet normal -1.305261e-01 9.914443e-01 1.092001e-03
    outer loop
      vertex   6.370059e-02 -3.999932e+01 -8.205754e+00
      vertex   7.764571e-01 -3.989778e+01 -1.520575e+01
      vertex   -1.836970e-16 -4.000000e+01 -1.520575e+01
    endloop
  endfacet
  facet normal 1.094448e-01 9.939923e-01 -1.092001e-03
    outer loop
      vertex   6.370059e-02 -3.999932e+01 -8.205754e+00
      vertex   -1.836970e-16 -4.000000e+01 -1.520575e+01
      vertex   -7.147520e-01 -3.991361e+01 -8.205754e+00
    endloop
  endfacet
  facet normal 1.305261e-01 9.914443e-01 1.092001e-03
    outer loop
      vertex   -7.147520e-01 -3.991361e+01 -8.205754e+00
      vertex   -1.836970e-16 -4.000000e+01 -1.520575e+01
      vertex   -7.764571e-01 -3.989778e+01 -1.520575e+01
    endloop
  endfacet
  facet normal 3.629797e-01 9.317964e-01 -1.092001e-03
    outer loop
      vertex   -7.147520e-01 -3.991361e+01 -8.205754e+00
      vertex   -7.764571e-01 -3.989778e+01 -1.520575e+01
      vertex   -1.444495e+00 -3.962934e+01 -8.205754e+00
    endloop
  endfacet
  facet normal 3.826832e-01 9.238790e-01 1.092001e-03
    outer loop
      vertex   -1.444495e+00 -3.962934e+01 -8.205754e+00
      vertex   -7.764571e-01 -3.989778e+01 -1.520575e+01
      vertex   -1.500000e+00 -3.959808e+01 -1.520575e+01
    endloop
  endfacet
  facet normal 5.917781e-01 8.061001e-01 -1.092001e-03
    outer loop
      vertex   -1.444495e+00 -3.962934e+01 -8.205754e+00
      vertex   -1.500000e+00 -3.959808e+01 -1.520575e+01
      vertex   -2.075799e+00 -3.916589e+01 -8.205754e+00
    endloop
  endfacet
  facet normal 6.087611e-01 7.933529e-01 1.092001e-03
    outer loop
      vertex   -2.075799e+00 -3.916589e+01 -8.205754e+00
      vertex   -1.500000e+00 -3.959808e+01 -1.520575e+01
      vertex   -2.121320e+00 -3.912132e+01 -1.520575e+01
    endloop
  endfacet
  facet normal 7.802479e-01 6.254695e-01 -1.092001e-03
    outer loop
      vertex   -2.075799e+00 -3.916589e+01 -8.205754e+00
      vertex   -2.121320e+00 -3.912132e+01 -1.520575e+01
      vertex   -2.565640e+00 -3.855483e+01 -8.205754e+00
    endloop
  endfacet
  facet normal 7.933529e-01 6.087611e-01 1.092001e-03
    outer loop
      vertex   -2.565640e+00 -3.855483e+01 -8.205754e+00
      vertex   -2.121320e+00 -3.912132e+01 -1.520575e+01
      vertex   -2.598076e+00 -3.850000e+01 -1.520575e+01
    endloop
  endfacet
  facet normal 9.155450e-01 4.022141e-01 -1.092001e-03
    outer loop
      vertex   -2.565640e+00 -3.855483e+01 -8.205754e+00
      vertex   -2.598076e+00 -3.850000e+01 -1.520575e+01
      vertex   -2.880637e+00 -3.783781e+01 -8.205754e+00
    endloop
  endfacet
  facet normal 9.238790e-01 3.826832e-01 1.092001e-03
    outer loop
      vertex   -2.880637e+00 -3.783781e+01 -8.205754e+00
      vertex   -2.598076e+00 -3.850000e+01 -1.520575e+01
      vertex   -2.897777e+00 -3.777646e+01 -1.520575e+01
    endloop
  endfacet
  facet normal 5.298958e-02 -9.985951e-01 -7.095445e-16
    outer loop
      vertex   2.524930e+00 -3.168454e+01 -8.205754e+00
      vertex   2.524930e+00 -3.168454e+01 -3.205754e+00
      vertex   8.424325e-01 -3.177382e+01 -8.205754e+00
    endloop
  endfacet
  facet normal 5.298958e-02 -9.985951e-01 1.845051e-14
    outer loop
      vertex   8.424325e-01 -3.177382e+01 -8.205754e+00
      vertex   2.524930e+00 -3.168454e+01 -3.205754e+00
      vertex   8.424325e-01 -3.177382e+01 -3.205754e+00
    endloop
  endfacet
  facet normal 2.666537e-09 -1.000000e+00 1.847411e-14
    outer loop
      vertex   8.424325e-01 -3.177382e+01 -8.205754e+00
      vertex   8.424325e-01 -3.177382e+01 -3.205754e+00
      vertex   -8.424325e-01 -3.177382e+01 -3.205754e+00
    endloop
  endfacet
  facet normal -5.298958e-02 -9.985951e-01 -7.189573e-16
    outer loop
      vertex   -2.524930e+00 -3.168454e+01 -3.205754e+00
      vertex   -2.524930e+00 -3.168454e+01 -8.205754e+00
      vertex   -8.424325e-01 -3.177382e+01 -3.205754e+00
    endloop
  endfacet
  facet normal -5.298958e-02 -9.985951e-01 2.063327e-14
    outer loop
      vertex   -8.424325e-01 -3.177382e+01 -3.205754e+00
      vertex   -2.524930e+00 -3.168454e+01 -8.205754e+00
      vertex   -8.424325e-01 -3.177382e+01 -8.205754e+00
    endloop
  endfacet
  facet normal 2.666543e-09 -1.000000e+00 2.060574e-14
    outer loop
      vertex   -8.424325e-01 -3.177382e+01 -3.205754e+00
      vertex   -8.424325e-01 -3.177382e+01 -8.205754e+00
      vertex   8.424325e-01 -3.177382e+01 -8.205754e+00
    endloop
  endfacet
  facet normal -1.015553e-15 -2.170089e-15 1.000000e+00
    outer loop
      vertex   -2.913611e+00 -3.628525e+01 -8.205754e+00
      vertex   -5.836436e+00 -3.573600e+01 -8.205754e+00
      vertex   -2.999324e+00 -3.706370e+01 -8.205754e+00
    endloop
  endfacet
  facet normal -5.865415e-16 -1.253354e-15 1.000000e+00
    outer loop
      vertex   -2.999324e+00 -3.706370e+01 -8.205754e+00
      vertex   -5.836436e+00 -3.573600e+01 -8.205754e+00
      vertex   -5.999787e+00 -3.707683e+01 -8.205754e+00
    endloop
  endfacet
  facet normal -5.917562e-16 -6.198908e-17 1.000000e+00
    outer loop
      vertex   -2.999324e+00 -3.706370e+01 -8.205754e+00
      vertex   -5.999787e+00 -3.707683e+01 -8.205754e+00
      vertex   -5.859060e+00 -3.842024e+01 -8.205754e+00
    endloop
  endfacet
  facet normal -8.151623e-16 -1.103718e-15 1.000000e+00
    outer loop
      vertex   -5.836436e+00 -3.573600e+01 -8.205754e+00
      vertex   -2.913611e+00 -3.628525e+01 -8.205754e+00
      vertex   -5.377287e+00 -3.446568e+01 -8.205754e+00
    endloop
  endfacet
  facet normal 0.000000e+00 0.000000e+00 1.000000e+00
    outer loop
      vertex   -5.377287e+00 -3.446568e+01 -8.205754e+00
      vertex   -2.913611e+00 -3.628525e+01 -8.205754e+00
      vertex   -2.629341e+00 -3.555551e+01 -8.205754e+00
    endloop
  endfacet
  facet normal -4.941765e-16 -1.246040e-15 1.000000e+00
    outer loop
      vertex   -5.377287e+00 -3.446568e+01 -8.205754e+00
      vertex   -2.629341e+00 -3.555551e+01 -8.205754e+00
      vertex   -4.645609e+00 -3.333026e+01 -8.205754e+00
    endloop
  endfacet
  facet normal 4.866892e-16 -3.572907e-16 1.000000e+00
    outer loop
      vertex   -4.645609e+00 -3.333026e+01 -8.205754e+00
      vertex   -2.629341e+00 -3.555551e+01 -8.205754e+00
      vertex   -2.165885e+00 -3.492420e+01 -8.205754e+00
    endloop
  endfacet
  facet normal 4.317321e-16 -4.427883e-16 1.000000e+00
    outer loop
      vertex   -4.645609e+00 -3.333026e+01 -8.205754e+00
      vertex   -2.165885e+00 -3.492420e+01 -8.205754e+00
      vertex   -3.678485e+00 -3.238728e+01 -8.205754e+00
    endloop
  endfacet
  facet normal 3.797821e-16 -4.737627e-16 1.000000e+00
    outer loop
      vertex   -3.678485e+00 -3.238728e+01 -8.205754e+00
      vertex   -2.165885e+00 -3.492420e+01 -8.205754e+00
      vertex   -1.554828e+00 -3.443436e+01 -8.205754e+00
    endloop
  endfacet
  facet normal 2.211068e-15 1.426028e-15 1.000000e+00
    outer loop
      vertex   -3.678485e+00 -3.238728e+01 -8.205754e+00
      vertex   -1.554828e+00 -3.443436e+01 -8.205754e+00
      vertex   -2.524930e+00 -3.168454e+01 -8.205754e+00
    endloop
  endfacet
  facet normal -2.390700e-15 -1.974192e-16 1.000000e+00
    outer loop
      vertex   -2.524930e+00 -3.168454e+01 -8.205754e+00
      vertex   -1.554828e+00 -3.443436e+01 -8.205754e+00
      vertex   -8.378121e-01 -3.411936e+01 -8.205754e+00
    endloop
  endfacet
  facet normal -2.111792e-15 -4.159961e-18 1.000000e+00
    outer loop
      vertex   -2.524930e+00 -3.168454e+01 -8.205754e+00
      vertex   -8.378121e-01 -3.411936e+01 -8.205754e+00
      vertex   -8.424325e-01 -3.177382e+01 -8.205754e+00
    endloop
  endfacet
  facet normal 0.000000e+00 0.000000e+00 1.000000e+00
    outer loop
      vertex   -8.424325e-01 -3.177382e+01 -8.205754e+00
      vertex   -8.378121e-01 -3.411936e+01 -8.205754e+00
      vertex   -6.370059e-02 -3.400068e+01 -8.205754e+00
    endloop
  endfacet
  facet normal -0.000000e+00 0.000000e+00 1.000000e+00
    outer loop
      vertex   -8.424325e-01 -3.177382e+01 -8.205754e+00
      vertex   -6.370059e-02 -3.400068e+01 -8.205754e+00
      vertex   8.424325e-01 -3.177382e+01 -8.205754e+00
    endloop
  endfacet
  facet normal 0.000000e+00 0.000000e+00 1.000000e+00
    outer loop
      vertex   8.424325e-01 -3.177382e+01 -8.205754e+00
      vertex   -6.370059e-02 -3.400068e+01 -8.205754e+00
      vertex   7.147520e-01 -3.408639e+01 -8.205754e+00
    endloop
  endfacet
  facet normal 2.382969e-15 -1.315675e-16 1.000000e+00
    outer loop
      vertex   8.424325e-01 -3.177382e+01 -8.205754e+00
      vertex   7.147520e-01 -3.408639e+01 -8.205754e+00
      vertex   1.444495e+00 -3.437066e+01 -8.205754e+00
    endloop
  endfacet
  facet normal -3.599010e-16 -4.902450e-16 1.000000e+00
    outer loop
      vertex   2.075799e+00 -3.483412e+01 -8.205754e+00
      vertex   3.678485e+00 -3.238728e+01 -8.205754e+00
      vertex   1.444495e+00 -3.437066e+01 -8.205754e+00
    endloop
  endfacet
  facet normal -2.150083e-15 1.526136e-15 1.000000e+00
    outer loop
      vertex   1.444495e+00 -3.437066e+01 -8.205754e+00
      vertex   3.678485e+00 -3.238728e+01 -8.205754e+00
      vertex   2.524930e+00 -3.168454e+01 -8.205754e+00
    endloop
  endfacet
  facet normal 2.121766e-15 -1.921260e-16 1.000000e+00
    outer loop
      vertex   1.444495e+00 -3.437066e+01 -8.205754e+00
      vertex   2.524930e+00 -3.168454e+01 -8.205754e+00
      vertex   8.424325e-01 -3.177382e+01 -8.205754e+00
    endloop
  endfacet
  facet normal -4.319743e-16 -4.430367e-16 1.000000e+00
    outer loop
      vertex   3.678485e+00 -3.238728e+01 -8.205754e+00
      vertex   2.075799e+00 -3.483412e+01 -8.205754e+00
      vertex   4.645609e+00 -3.333026e+01 -8.205754e+00
    endloop
  endfacet
  facet normal -4.705148e-16 -3.771784e-16 1.000000e+00
    outer loop
      vertex   4.645609e+00 -3.333026e+01 -8.205754e+00
      vertex   2.075799e+00 -3.483412e+01 -8.205754e+00
      vertex   2.565640e+00 -3.544517e+01 -8.205754e+00
    endloop
  endfacet
  facet normal 4.451014e-16 -1.277665e-15 1.000000e+00
    outer loop
      vertex   4.645609e+00 -3.333026e+01 -8.205754e+00
      vertex   2.565640e+00 -3.544517e+01 -8.205754e+00
      vertex   5.377287e+00 -3.446568e+01 -8.205754e+00
    endloop
  endfacet
  facet normal 0.000000e+00 0.000000e+00 1.000000e+00
    outer loop
      vertex   5.377287e+00 -3.446568e+01 -8.205754e+00
      vertex   2.565640e+00 -3.544517e+01 -8.205754e+00
      vertex   2.880637e+00 -3.616219e+01 -8.205754e+00
    endloop
  endfacet
  facet normal 0.000000e+00 0.000000e+00 1.000000e+00
    outer loop
      vertex   5.377287e+00 -3.446568e+01 -8.205754e+00
      vertex   2.880637e+00 -3.616219e+01 -8.205754e+00
      vertex   5.836436e+00 -3.573600e+01 -8.205754e+00
    endloop
  endfacet
  facet normal 3.237137e-16 -2.245072e-15 1.000000e+00
    outer loop
      vertex   5.836436e+00 -3.573600e+01 -8.205754e+00
      vertex   2.880637e+00 -3.616219e+01 -8.205754e+00
      vertex   2.999324e+00 -3.693630e+01 -8.205754e+00
    endloop
  endfacet
  facet normal -5.954251e-16 -7.253892e-17 1.000000e+00
    outer loop
      vertex   5.836436e+00 -3.573600e+01 -8.205754e+00
      vertex   2.999324e+00 -3.693630e+01 -8.205754e+00
      vertex   5.999787e+00 -3.707683e+01 -8.205754e+00
    endloop
  endfacet
  facet normal -6.953207e-16 -2.205348e-15 1.000000e+00
    outer loop
      vertex   5.999787e+00 -3.707683e+01 -8.205754e+00
      vertex   2.999324e+00 -3.693630e+01 -8.205754e+00
      vertex   2.913611e+00 -3.771475e+01 -8.205754e+00
    endloop
  endfacet
  facet normal -8.972806e-16 -1.228289e-15 1.000000e+00
    outer loop
      vertex   5.999787e+00 -3.707683e+01 -8.205754e+00
      vertex   2.913611e+00 -3.771475e+01 -8.205754e+00
      vertex   5.859060e+00 -3.842024e+01 -8.205754e+00
    endloop
  endfacet
  facet normal -5.516176e-16 2.148817e-16 1.000000e+00
    outer loop
      vertex   5.859060e+00 -3.842024e+01 -8.205754e+00
      vertex   2.913611e+00 -3.771475e+01 -8.205754e+00
      vertex   2.629341e+00 -3.844450e+01 -8.205754e+00
    endloop
  endfacet
  facet normal -5.409535e-16 -1.204806e-15 1.000000e+00
    outer loop
      vertex   5.859060e+00 -3.842024e+01 -8.205754e+00
      vertex   2.629341e+00 -3.844450e+01 -8.205754e+00
      vertex   5.421387e+00 -3.969811e+01 -8.205754e+00
    endloop
  endfacet
  facet normal -5.435043e-16 -1.210487e-15 1.000000e+00
    outer loop
      vertex   5.421387e+00 -3.969811e+01 -8.205754e+00
      vertex   2.629341e+00 -3.844450e+01 -8.205754e+00
      vertex   4.708951e+00 -4.084571e+01 -8.205754e+00
    endloop
  endfacet
  facet normal 4.623043e-16 -3.393891e-16 1.000000e+00
    outer loop
      vertex   4.708951e+00 -4.084571e+01 -8.205754e+00
      vertex   2.629341e+00 -3.844450e+01 -8.205754e+00
      vertex   2.165885e+00 -3.907580e+01 -8.205754e+00
    endloop
  endfacet
  facet normal 4.132872e-16 -4.098186e-16 1.000000e+00
    outer loop
      vertex   4.708951e+00 -4.084571e+01 -8.205754e+00
      vertex   2.165885e+00 -3.907580e+01 -8.205754e+00
      vertex   3.757858e+00 -4.180485e+01 -8.205754e+00
    endloop
  endfacet
  facet normal 3.555309e-16 -4.435104e-16 1.000000e+00
    outer loop
      vertex   3.757858e+00 -4.180485e+01 -8.205754e+00
      vertex   2.165885e+00 -3.907580e+01 -8.205754e+00
      vertex   1.554828e+00 -3.956564e+01 -8.205754e+00
    endloop
  endfacet
  facet normal -6.498676e-16 -1.432665e-15 1.000000e+00
    outer loop
      vertex   3.757858e+00 -4.180485e+01 -8.205754e+00
      vertex   1.554828e+00 -3.956564e+01 -8.205754e+00
      vertex   2.616312e+00 -4.252693e+01 -8.205754e+00
    endloop
  endfacet
  facet normal -1.685025e-15 -1.803721e-15 1.000000e+00
    outer loop
      vertex   2.616312e+00 -4.252693e+01 -8.205754e+00
      vertex   1.554828e+00 -3.956564e+01 -8.205754e+00
      vertex   8.378121e-01 -3.988064e+01 -8.205754e+00
    endloop
  endfacet
  facet normal 1.910558e-16 -5.428591e-16 1.000000e+00
    outer loop
      vertex   2.616312e+00 -4.252693e+01 -8.205754e+00
      vertex   8.378121e-01 -3.988064e+01 -8.205754e+00
      vertex   1.342168e+00 -4.297536e+01 -8.205754e+00
    endloop
  endfacet
  facet normal 8.585943e-17 -5.600033e-16 1.000000e+00
    outer loop
      vertex   1.342168e+00 -4.297536e+01 -8.205754e+00
      vertex   8.378121e-01 -3.988064e+01 -8.205754e+00
      vertex   6.370059e-02 -3.999932e+01 -8.205754e+00
    endloop
  endfacet
  facet normal 6.447911e-17 -5.691880e-16 1.000000e+00
    outer loop
      vertex   1.342168e+00 -4.297536e+01 -8.205754e+00
      vertex   6.370059e-02 -3.999932e+01 -8.205754e+00
      vertex   1.599910e-08 -4.312740e+01 -8.205754e+00
    endloop
  endfacet
  facet normal -6.418230e-17 -5.665679e-16 1.000000e+00
    outer loop
      vertex   1.599910e-08 -4.312740e+01 -8.205754e+00
      vertex   6.370059e-02 -3.999932e+01 -8.205754e+00
      vertex   -1.342167e+00 -4.297536e+01 -8.205754e+00
    endloop
  endfacet
  facet normal -6.247168e-17 -5.673760e-16 1.000000e+00
    outer loop
      vertex   -1.342167e+00 -4.297536e+01 -8.205754e+00
      vertex   6.370059e-02 -3.999932e+01 -8.205754e+00
      vertex   -7.147520e-01 -3.991361e+01 -8.205754e+00
    endloop
  endfacet
  facet normal -1.904542e-16 -5.411497e-16 1.000000e+00
    outer loop
      vertex   -1.342167e+00 -4.297536e+01 -8.205754e+00
      vertex   -7.147520e-01 -3.991361e+01 -8.205754e+00
      vertex   -2.616312e+00 -4.252693e+01 -8.205754e+00
    endloop
  endfacet
  facet normal 1.690311e-15 -1.909673e-15 1.000000e+00
    outer loop
      vertex   -2.616312e+00 -4.252693e+01 -8.205754e+00
      vertex   -7.147520e-01 -3.991361e+01 -8.205754e+00
      vertex   -1.444495e+00 -3.962934e+01 -8.205754e+00
    endloop
  endfacet
  facet normal 6.215392e-16 -1.477450e-15 1.000000e+00
    outer loop
      vertex   -2.616312e+00 -4.252693e+01 -8.205754e+00
      vertex   -1.444495e+00 -3.962934e+01 -8.205754e+00
      vertex   -3.757858e+00 -4.180485e+01 -8.205754e+00
    endloop
  endfacet
  facet normal -3.366375e-16 -4.585563e-16 1.000000e+00
    outer loop
      vertex   -3.757858e+00 -4.180485e+01 -8.205754e+00
      vertex   -1.444495e+00 -3.962934e+01 -8.205754e+00
      vertex   -2.075799e+00 -3.916589e+01 -8.205754e+00
    endloop
  endfacet
  facet normal -4.132145e-16 -4.097465e-16 1.000000e+00
    outer loop
      vertex   -3.757858e+00 -4.180485e+01 -8.205754e+00
      vertex   -2.075799e+00 -3.916589e+01 -8.205754e+00
      vertex   -4.708951e+00 -4.084571e+01 -8.205754e+00
    endloop
  endfacet
  facet normal -4.463495e-16 -3.578068e-16 1.000000e+00
    outer loop
      vertex   -4.708951e+00 -4.084571e+01 -8.205754e+00
      vertex   -2.075799e+00 -3.916589e+01 -8.205754e+00
      vertex   -2.565640e+00 -3.855483e+01 -8.205754e+00
    endloop
  endfacet
  facet normal 4.963363e-16 -1.239770e-15 1.000000e+00
    outer loop
      vertex   -4.708951e+00 -4.084571e+01 -8.205754e+00
      vertex   -2.565640e+00 -3.855483e+01 -8.205754e+00
      vertex   -5.421387e+00 -3.969811e+01 -8.205754e+00
    endloop
  endfacet
  facet normal 0.000000e+00 0.000000e+00 1.000000e+00
    outer loop
      vertex   -5.421387e+00 -3.969811e+01 -8.205754e+00
      vertex   -2.565640e+00 -3.855483e+01 -8.205754e+00
      vertex   -2.880637e+00 -3.783781e+01 -8.205754e+00
    endloop
  endfacet
  facet normal 0.000000e+00 -0.000000e+00 1.000000e+00
    outer loop
      vertex   -5.421387e+00 -3.969811e+01 -8.205754e+00
      vertex   -2.880637e+00 -3.783781e+01 -8.205754e+00
      vertex   -5.859060e+00 -3.842024e+01 -8.205754e+00
    endloop
  endfacet
  facet normal 4.356619e-16 -2.227909e-15 1.000000e+00
    outer loop
      vertex   -5.859060e+00 -3.842024e+01 -8.205754e+00
      vertex   -2.880637e+00 -3.783781e+01 -8.205754e+00
      vertex   -2.999324e+00 -3.706370e+01 -8.205754e+00
    endloop
  endfacet
  facet normal 5.202577e-01 -8.540093e-01 -5.143938e-16
    outer loop
      vertex   -2.524930e+00 -3.168454e+01 -8.205754e+00
      vertex   -2.524930e+00 -3.168454e+01 -3.205754e+00
      vertex   -3.678485e+00 -3.238728e+01 -8.205754e+00
    endloop
  endfacet
  facet normal 5.202577e-01 -8.540093e-01 1.848327e-16
    outer loop
      vertex   -3.678485e+00 -3.238728e+01 -8.205754e+00
      vertex   -2.524930e+00 -3.168454e+01 -3.205754e+00
      vertex   -3.678485e+00 -3.238728e+01 -3.205754e+00
    endloop
  endfacet
  facet normal 6.981113e-01 -7.159893e-01 2.480190e-16
    outer loop
      vertex   -3.678485e+00 -3.238728e+01 -8.205754e+00
      vertex   -3.678485e+00 -3.238728e+01 -3.205754e+00
      vertex   -4.645609e+00 -3.333026e+01 -8.205754e+00
    endloop
  endfacet
  facet normal 6.981113e-01 -7.159893e-01 -7.694630e-16
    outer loop
      vertex   -4.645609e+00 -3.333026e+01 -8.205754e+00
      vertex   -3.678485e+00 -3.238728e+01 -3.205754e+00
      vertex   -4.645609e+00 -3.333026e+01 -3.205754e+00
    endloop
  endfacet
  facet normal 8.405836e-01 -5.416819e-01 -4.711410e-16
    outer loop
      vertex   -4.645609e+00 -3.333026e+01 -8.205754e+00
      vertex   -4.645609e+00 -3.333026e+01 -3.205754e+00
      vertex   -5.377287e+00 -3.446568e+01 -8.205754e+00
    endloop
  endfacet
  facet normal 8.405836e-01 -5.416819e-01 -4.711410e-16
    outer loop
      vertex   -5.377287e+00 -3.446568e+01 -8.205754e+00
      vertex   -4.645609e+00 -3.333026e+01 -3.205754e+00
      vertex   -5.377287e+00 -3.446568e+01 -3.205754e+00
    endloop
  endfacet
  facet normal 9.404539e-01 -3.399213e-01 -1.489408e-16
    outer loop
      vertex   -5.377287e+00 -3.446568e+01 -8.205754e+00
      vertex   -5.377287e+00 -3.446568e+01 -3.205754e+00
      vertex   -5.836436e+00 -3.573600e+01 -8.205754e+00
    endloop
  endfacet
  facet normal 9.404539e-01 -3.399213e-01 1.811733e-17
    outer loop
      vertex   -5.836436e+00 -3.573600e+01 -8.205754e+00
      vertex   -5.377287e+00 -3.446568e+01 -3.205754e+00
      vertex   -5.836436e+00 -3.573600e+01 -3.205754e+00
    endloop
  endfacet
  facet normal 9.926607e-01 -1.209330e-01 3.571398e-16
    outer loop
      vertex   -5.836436e+00 -3.573600e+01 -8.205754e+00
      vertex   -5.836436e+00 -3.573600e+01 -3.205754e+00
      vertex   -5.999787e+00 -3.707683e+01 -8.205754e+00
    endloop
  endfacet
  facet normal 9.926607e-01 -1.209330e-01 1.808078e-16
    outer loop
      vertex   -5.999787e+00 -3.707683e+01 -8.205754e+00
      vertex   -5.836436e+00 -3.573600e+01 -3.205754e+00
      vertex   -5.999787e+00 -3.707683e+01 -3.205754e+00
    endloop
  endfacet
  facet normal 9.945580e-01 1.041844e-01 5.013929e-16
    outer loop
      vertex   -5.999787e+00 -3.707683e+01 -8.205754e+00
      vertex   -5.999787e+00 -3.707683e+01 -3.205754e+00
      vertex   -5.859060e+00 -3.842024e+01 -8.205754e+00
    endloop
  endfacet
  facet normal 9.945580e-01 1.041844e-01 1.766690e-16
    outer loop
      vertex   -5.859060e+00 -3.842024e+01 -8.205754e+00
      vertex   -5.999787e+00 -3.707683e+01 -3.205754e+00
      vertex   -5.859060e+00 -3.842024e+01 -3.205754e+00
    endloop
  endfacet
  facet normal 9.460497e-01 3.240215e-01 1.680522e-16
    outer loop
      vertex   -5.859060e+00 -3.842024e+01 -8.205754e+00
      vertex   -5.859060e+00 -3.842024e+01 -3.205754e+00
      vertex   -5.421387e+00 -3.969811e+01 -8.205754e+00
    endloop
  endfacet
  facet normal 9.460497e-01 3.240215e-01 -0.000000e+00
    outer loop
      vertex   -5.421387e+00 -3.969811e+01 -8.205754e+00
      vertex   -5.859060e+00 -3.842024e+01 -3.205754e+00
      vertex   -5.421387e+00 -3.969811e+01 -3.205754e+00
    endloop
  endfacet
  facet normal 8.495943e-01 5.274368e-01 -0.000000e+00
    outer loop
      vertex   -5.421387e+00 -3.969811e+01 -8.205754e+00
      vertex   -5.421387e+00 -3.969811e+01 -3.205754e+00
      vertex   -4.708951e+00 -4.084571e+01 -8.205754e+00
    endloop
  endfacet
  facet normal 8.495943e-01 5.274368e-01 5.986144e-16
    outer loop
      vertex   -4.708951e+00 -4.084571e+01 -8.205754e+00
      vertex   -5.421387e+00 -3.969811e+01 -3.205754e+00
      vertex   -4.708951e+00 -4.084571e+01 -3.205754e+00
    endloop
  endfacet
  facet normal 7.100802e-01 7.041208e-01 8.744802e-16
    outer loop
      vertex   -4.708951e+00 -4.084571e+01 -8.205754e+00
      vertex   -4.708951e+00 -4.084571e+01 -3.205754e+00
      vertex   -3.757858e+00 -4.180485e+01 -8.205754e+00
    endloop
  endfacet
  facet normal 7.100802e-01 7.041208e-01 1.496689e-15
    outer loop
      vertex   -3.757858e+00 -4.180485e+01 -8.205754e+00
      vertex   -4.708951e+00 -4.084571e+01 -3.205754e+00
      vertex   -3.757858e+00 -4.180485e+01 -3.205754e+00
    endloop
  endfacet
  facet normal 5.345783e-01 8.451190e-01 2.022132e-15
    outer loop
      vertex   -3.757858e+00 -4.180485e+01 -8.205754e+00
      vertex   -3.757858e+00 -4.180485e+01 -3.205754e+00
      vertex   -2.616312e+00 -4.252693e+01 -8.205754e+00
    endloop
  endfacet
  facet normal 5.345783e-01 8.451190e-01 1.153506e-15
    outer loop
      vertex   -2.616312e+00 -4.252693e+01 -8.205754e+00
      vertex   -3.757858e+00 -4.180485e+01 -3.205754e+00
      vertex   -2.616312e+00 -4.252693e+01 -3.205754e+00
    endloop
  endfacet
  facet normal 3.319832e-01 9.432853e-01 1.311003e-15
    outer loop
      vertex   -2.616312e+00 -4.252693e+01 -8.205754e+00
      vertex   -2.616312e+00 -4.252693e+01 -3.205754e+00
      vertex   -1.342167e+00 -4.297536e+01 -8.205754e+00
    endloop
  endfacet
  facet normal 3.319832e-01 9.432853e-01 -5.897206e-17
    outer loop
      vertex   -1.342167e+00 -4.297536e+01 -8.205754e+00
      vertex   -2.616312e+00 -4.252693e+01 -3.205754e+00
      vertex   -1.342167e+00 -4.297536e+01 -3.205754e+00
    endloop
  endfacet
  facet normal 1.125627e-01 9.936446e-01 -1.999515e-17
    outer loop
      vertex   -1.342167e+00 -4.297536e+01 -8.205754e+00
      vertex   -1.342167e+00 -4.297536e+01 -3.205754e+00
      vertex   1.599910e-08 -4.312740e+01 -8.205754e+00
    endloop
  endfacet
  facet normal 1.125627e-01 9.936446e-01 1.391467e-15
    outer loop
      vertex   1.599910e-08 -4.312740e+01 -8.205754e+00
      vertex   -1.342167e+00 -4.297536e+01 -3.205754e+00
      vertex   1.599911e-08 -4.312740e+01 -3.205754e+00
    endloop
  endfacet
  facet normal -1.125627e-01 9.936446e-01 1.432641e-15
    outer loop
      vertex   1.599910e-08 -4.312740e+01 -8.205754e+00
      vertex   1.599911e-08 -4.312740e+01 -3.205754e+00
      vertex   1.342168e+00 -4.297536e+01 -8.205754e+00
    endloop
  endfacet
  facet normal -1.125627e-01 9.936446e-01 1.377062e-15
    outer loop
      vertex   1.342168e+00 -4.297536e+01 -8.205754e+00
      vertex   1.599911e-08 -4.312740e+01 -3.205754e+00
      vertex   1.342168e+00 -4.297536e+01 -3.205754e+00
    endloop
  endfacet
  facet normal -3.319832e-01 9.432853e-01 1.237288e-15
    outer loop
      vertex   1.342168e+00 -4.297536e+01 -8.205754e+00
      vertex   1.342168e+00 -4.297536e+01 -3.205754e+00
      vertex   2.616312e+00 -4.252693e+01 -8.205754e+00
    endloop
  endfacet
  facet normal -3.319832e-01 9.432853e-01 2.064022e-16
    outer loop
      vertex   2.616312e+00 -4.252693e+01 -8.205754e+00
      vertex   1.342168e+00 -4.297536e+01 -3.205754e+00
      vertex   2.616312e+00 -4.252693e+01 -3.205754e+00
    endloop
  endfacet
  facet normal -5.345783e-01 8.451190e-01 3.323606e-16
    outer loop
      vertex   2.616312e+00 -4.252693e+01 -8.205754e+00
      vertex   2.616312e+00 -4.252693e+01 -3.205754e+00
      vertex   3.757858e+00 -4.180485e+01 -8.205754e+00
    endloop
  endfacet
  facet normal -5.345783e-01 8.451190e-01 -4.748009e-17
    outer loop
      vertex   3.757858e+00 -4.180485e+01 -8.205754e+00
      vertex   2.616312e+00 -4.252693e+01 -3.205754e+00
      vertex   3.757858e+00 -4.180485e+01 -3.205754e+00
    endloop
  endfacet
  facet normal -7.100802e-01 7.041208e-01 -6.306779e-17
    outer loop
      vertex   3.757858e+00 -4.180485e+01 -8.205754e+00
      vertex   3.757858e+00 -4.180485e+01 -3.205754e+00
      vertex   4.708951e+00 -4.084571e+01 -8.205754e+00
    endloop
  endfacet
  facet normal -7.100802e-01 7.041208e-01 -1.261356e-16
    outer loop
      vertex   4.708951e+00 -4.084571e+01 -8.205754e+00
      vertex   3.757858e+00 -4.180485e+01 -3.205754e+00
      vertex   4.708951e+00 -4.084571e+01 -3.205754e+00
    endloop
  endfacet
  facet normal -8.495943e-01 5.274367e-01 -1.509183e-16
    outer loop
      vertex   4.708951e+00 -4.084571e+01 -8.205754e+00
      vertex   4.708951e+00 -4.084571e+01 -3.205754e+00
      vertex   5.421387e+00 -3.969811e+01 -8.205754e+00
    endloop
  endfacet
  facet normal -8.495943e-01 5.274367e-01 7.495327e-16
    outer loop
      vertex   5.421387e+00 -3.969811e+01 -8.205754e+00
      vertex   4.708951e+00 -4.084571e+01 -3.205754e+00
      vertex   5.421387e+00 -3.969811e+01 -3.205754e+00
    endloop
  endfacet
  facet normal -9.460497e-01 3.240215e-01 4.604622e-16
    outer loop
      vertex   5.421387e+00 -3.969811e+01 -8.205754e+00
      vertex   5.421387e+00 -3.969811e+01 -3.205754e+00
      vertex   5.859060e+00 -3.842024e+01 -8.205754e+00
    endloop
  endfacet
  facet normal -9.460497e-01 3.240215e-01 -1.680522e-16
    outer loop
      vertex   5.859060e+00 -3.842024e+01 -8.205754e+00
      vertex   5.421387e+00 -3.969811e+01 -3.205754e+00
      vertex   5.859060e+00 -3.842024e+01 -3.205754e+00
    endloop
  endfacet
  facet normal -9.945580e-01 1.041844e-01 -1.766690e-16
    outer loop
      vertex   5.859060e+00 -3.842024e+01 -8.205754e+00
      vertex   5.859060e+00 -3.842024e+01 -3.205754e+00
      vertex   5.999787e+00 -3.707683e+01 -8.205754e+00
    endloop
  endfacet
  facet normal -9.945580e-01 1.041844e-01 -1.766690e-16
    outer loop
      vertex   5.999787e+00 -3.707683e+01 -8.205754e+00
      vertex   5.859060e+00 -3.842024e+01 -3.205754e+00
      vertex   5.999787e+00 -3.707683e+01 -3.205754e+00
    endloop
  endfacet
  facet normal -9.926607e-01 -1.209330e-01 -1.763320e-16
    outer loop
      vertex   5.999787e+00 -3.707683e+01 -8.205754e+00
      vertex   5.999787e+00 -3.707683e+01 -3.205754e+00
      vertex   5.836436e+00 -3.573600e+01 -8.205754e+00
    endloop
  endfacet
  facet normal -9.926607e-01 -1.209330e-01 -5.289959e-16
    outer loop
      vertex   5.836436e+00 -3.573600e+01 -8.205754e+00
      vertex   5.999787e+00 -3.707683e+01 -3.205754e+00
      vertex   5.836436e+00 -3.573600e+01 -3.205754e+00
    endloop
  endfacet
  facet normal -9.404539e-01 -3.399213e-01 -5.011745e-16
    outer loop
      vertex   5.836436e+00 -3.573600e+01 -8.205754e+00
      vertex   5.836436e+00 -3.573600e+01 -3.205754e+00
      vertex   5.377287e+00 -3.446568e+01 -8.205754e+00
    endloop
  endfacet
  facet normal -9.404539e-01 -3.399213e-01 -8.171735e-16
    outer loop
      vertex   5.377287e+00 -3.446568e+01 -8.205754e+00
      vertex   5.836436e+00 -3.573600e+01 -3.205754e+00
      vertex   5.377287e+00 -3.446568e+01 -3.205754e+00
    endloop
  endfacet
  facet normal -8.405836e-01 -5.416819e-01 -1.068412e-15
    outer loop
      vertex   5.377287e+00 -3.446568e+01 -8.205754e+00
      vertex   5.377287e+00 -3.446568e+01 -3.205754e+00
      vertex   4.645609e+00 -3.333026e+01 -8.205754e+00
    endloop
  endfacet
  facet normal -8.405836e-01 -5.416819e-01 -1.493176e-16
    outer loop
      vertex   4.645609e+00 -3.333026e+01 -8.205754e+00
      vertex   5.377287e+00 -3.446568e+01 -3.205754e+00
      vertex   4.645609e+00 -3.333026e+01 -3.205754e+00
    endloop
  endfacet
  facet normal -6.981113e-01 -7.159893e-01 -1.240095e-16
    outer loop
      vertex   4.645609e+00 -3.333026e+01 -8.205754e+00
      vertex   4.645609e+00 -3.333026e+01 -3.205754e+00
      vertex   3.678485e+00 -3.238728e+01 -8.205754e+00
    endloop
  endfacet
  facet normal -6.981113e-01 -7.159893e-01 -2.480190e-16
    outer loop
      vertex   3.678485e+00 -3.238728e+01 -8.205754e+00
      vertex   4.645609e+00 -3.333026e+01 -3.205754e+00
      vertex   3.678485e+00 -3.238728e+01 -3.205754e+00
    endloop
  endfacet
  facet normal -5.202577e-01 -8.540093e-01 -1.848327e-16
    outer loop
      vertex   3.678485e+00 -3.238728e+01 -8.205754e+00
      vertex   3.678485e+00 -3.238728e+01 -3.205754e+00
      vertex   2.524930e+00 -3.168454e+01 -8.205754e+00
    endloop
  endfacet
  facet normal -5.202577e-01 -8.540093e-01 -6.068101e-16
    outer loop
      vertex   2.524930e+00 -3.168454e+01 -8.205754e+00
      vertex   3.678485e+00 -3.238728e+01 -3.205754e+00
      vertex   2.524930e+00 -3.168454e+01 -3.205754e+00
    endloop
  endfacet
  facet normal -5.766636e-02 9.983359e-01 7.042385e-16
    outer loop
      vertex   -2.747480e+00 3.166602e+01 -8.205754e+00
      vertex   -2.747480e+00 3.166602e+01 -3.205754e+00
      vertex   -9.168439e-01 3.177176e+01 -8.205754e+00
    endloop
  endfacet
  facet normal -5.766636e-02 9.983359e-01 -2.351261e-14
    outer loop
      vertex   -9.168439e-01 3.177176e+01 -8.205754e+00
      vertex   -2.747480e+00 3.166602e+01 -3.205754e+00
      vertex   -9.168439e-01 3.177176e+01 -3.205754e+00
    endloop
  endfacet
  facet normal 2.675721e-09 1.000000e+00 -2.344791e-14
    outer loop
      vertex   -9.168439e-01 3.177176e+01 -8.205754e+00
      vertex   -9.168439e-01 3.177176e+01 -3.205754e+00
      vertex   9.168439e-01 3.177176e+01 -3.205754e+00
    endloop
  endfacet
  facet normal 5.766637e-02 9.983359e-01 7.144821e-16
    outer loop
      vertex   2.747480e+00 3.166602e+01 -3.205754e+00
      vertex   2.747480e+00 3.166602e+01 -8.205754e+00
      vertex   9.168439e-01 3.177176e+01 -3.205754e+00
    endloop
  endfacet
  facet normal 5.766637e-02 9.983359e-01 -2.556130e-14
    outer loop
      vertex   9.168439e-01 3.177176e+01 -3.205754e+00
      vertex   2.747480e+00 3.166602e+01 -8.205754e+00
      vertex   9.168439e-01 3.177176e+01 -8.205754e+00
    endloop
  endfacet
  facet normal 2.675726e-09 1.000000e+00 -2.557954e-14
    outer loop
      vertex   9.168439e-01 3.177176e+01 -3.205754e+00
      vertex   9.168439e-01 3.177176e+01 -8.205754e+00
      vertex   -9.168439e-01 3.177176e+01 -8.205754e+00
    endloop
  endfacet
  facet normal -1.103027e-14 4.491983e-14 1.000000e+00
    outer loop
      vertex   -2.897777e+00 3.777646e+01 -8.205754e+00
      vertex   -5.999264e+00 3.709396e+01 -8.205754e+00
      vertex   -3.000000e+00 3.700000e+01 -8.205754e+00
    endloop
  endfacet
  facet normal -1.247495e-14 -1.193985e-15 1.000000e+00
    outer loop
      vertex   -3.000000e+00 3.700000e+01 -8.205754e+00
      vertex   -5.999264e+00 3.709396e+01 -8.205754e+00
      vertex   -5.872526e+00 3.576978e+01 -8.205754e+00
    endloop
  endfacet
  facet normal 7.184142e-15 -4.709740e-14 1.000000e+00
    outer loop
      vertex   -3.000000e+00 3.700000e+01 -8.205754e+00
      vertex   -5.872526e+00 3.576978e+01 -8.205754e+00
      vertex   -2.897777e+00 3.622354e+01 -8.205754e+00
    endloop
  endfacet
  facet normal 0.000000e+00 0.000000e+00 1.000000e+00
    outer loop
      vertex   -2.897777e+00 3.622354e+01 -8.205754e+00
      vertex   -5.872526e+00 3.576978e+01 -8.205754e+00
      vertex   -5.457133e+00 3.450607e+01 -8.205754e+00
    endloop
  endfacet
  facet normal 0.000000e+00 0.000000e+00 1.000000e+00
    outer loop
      vertex   -2.897777e+00 3.622354e+01 -8.205754e+00
      vertex   -5.457133e+00 3.450607e+01 -8.205754e+00
      vertex   -2.598076e+00 3.550000e+01 -8.205754e+00
    endloop
  endfacet
  facet normal 4.478855e-16 -1.288348e-15 1.000000e+00
    outer loop
      vertex   -2.598076e+00 3.550000e+01 -8.205754e+00
      vertex   -5.457133e+00 3.450607e+01 -8.205754e+00
      vertex   -4.773504e+00 3.336494e+01 -8.205754e+00
    endloop
  endfacet
  facet normal -4.657810e-16 -3.574063e-16 1.000000e+00
    outer loop
      vertex   -2.598076e+00 3.550000e+01 -8.205754e+00
      vertex   -4.773504e+00 3.336494e+01 -8.205754e+00
      vertex   -2.121320e+00 3.487868e+01 -8.205754e+00
    endloop
  endfacet
  facet normal -4.336362e-16 -4.137265e-16 1.000000e+00
    outer loop
      vertex   -2.121320e+00 3.487868e+01 -8.205754e+00
      vertex   -4.773504e+00 3.336494e+01 -8.205754e+00
      vertex   -3.855241e+00 3.240249e+01 -8.205754e+00
    endloop
  endfacet
  facet normal -3.580674e-16 -4.666425e-16 1.000000e+00
    outer loop
      vertex   -2.121320e+00 3.487868e+01 -8.205754e+00
      vertex   -3.855241e+00 3.240249e+01 -8.205754e+00
      vertex   -1.500000e+00 3.440192e+01 -8.205754e+00
    endloop
  endfacet
  facet normal -2.011564e-14 2.280684e-14 1.000000e+00
    outer loop
      vertex   -1.500000e+00 3.440192e+01 -8.205754e+00
      vertex   -3.855241e+00 3.240249e+01 -8.205754e+00
      vertex   -2.747480e+00 3.166602e+01 -8.205754e+00
    endloop
  endfacet
  facet normal 1.184311e-15 1.309479e-14 1.000000e+00
    outer loop
      vertex   -1.500000e+00 3.440192e+01 -8.205754e+00
      vertex   -2.747480e+00 3.166602e+01 -8.205754e+00
      vertex   -9.168439e-01 3.177176e+01 -8.205754e+00
    endloop
  endfacet
  facet normal 0.000000e+00 0.000000e+00 1.000000e+00
    outer loop
      vertex   -2.598076e+00 3.850000e+01 -8.205754e+00
      vertex   -5.376354e+00 3.966361e+01 -8.205754e+00
      vertex   -2.897777e+00 3.777646e+01 -8.205754e+00
    endloop
  endfacet
  facet normal -8.472488e-16 -1.112772e-15 1.000000e+00
    outer loop
      vertex   -2.897777e+00 3.777646e+01 -8.205754e+00
      vertex   -5.376354e+00 3.966361e+01 -8.205754e+00
      vertex   -5.831118e+00 3.841353e+01 -8.205754e+00
    endloop
  endfacet
  facet normal -8.737579e-16 -1.234831e-15 1.000000e+00
    outer loop
      vertex   -2.897777e+00 3.777646e+01 -8.205754e+00
      vertex   -5.831118e+00 3.841353e+01 -8.205754e+00
      vertex   -5.999264e+00 3.709396e+01 -8.205754e+00
    endloop
  endfacet
  facet normal -5.238178e-16 -1.250686e-15 1.000000e+00
    outer loop
      vertex   -5.376354e+00 3.966361e+01 -8.205754e+00
      vertex   -2.598076e+00 3.850000e+01 -8.205754e+00
      vertex   -4.657323e+00 4.078277e+01 -8.205754e+00
    endloop
  endfacet
  facet normal 4.661281e-16 -3.576727e-16 1.000000e+00
    outer loop
      vertex   -4.657323e+00 4.078277e+01 -8.205754e+00
      vertex   -2.598076e+00 3.850000e+01 -8.205754e+00
      vertex   -2.121320e+00 3.912132e+01 -8.205754e+00
    endloop
  endfacet
  facet normal 4.205711e-16 -4.272099e-16 1.000000e+00
    outer loop
      vertex   -4.657323e+00 4.078277e+01 -8.205754e+00
      vertex   -2.121320e+00 3.912132e+01 -8.205754e+00
      vertex   -3.709369e+00 4.171599e+01 -8.205754e+00
    endloop
  endfacet
  facet normal 3.574525e-16 -4.658412e-16 1.000000e+00
    outer loop
      vertex   -3.709369e+00 4.171599e+01 -8.205754e+00
      vertex   -2.121320e+00 3.912132e+01 -8.205754e+00
      vertex   -1.500000e+00 3.959808e+01 -8.205754e+00
    endloop
  endfacet
  facet normal -6.380604e-16 -1.504341e-15 1.000000e+00
    outer loop
      vertex   -3.709369e+00 4.171599e+01 -8.205754e+00
      vertex   -1.500000e+00 3.959808e+01 -8.205754e+00
      vertex   -2.579088e+00 4.241741e+01 -8.205754e+00
    endloop
  endfacet
  facet normal -1.668585e-15 -1.898770e-15 1.000000e+00
    outer loop
      vertex   -2.579088e+00 4.241741e+01 -8.205754e+00
      vertex   -1.500000e+00 3.959808e+01 -8.205754e+00
      vertex   -7.764571e-01 3.989778e+01 -8.205754e+00
    endloop
  endfacet
  facet normal 1.955998e-16 -5.650681e-16 1.000000e+00
    outer loop
      vertex   -2.579088e+00 4.241741e+01 -8.205754e+00
      vertex   -7.764571e-01 3.989778e+01 -8.205754e+00
      vertex   -1.322035e+00 4.285254e+01 -8.205754e+00
    endloop
  endfacet
  facet normal 7.726910e-17 -5.869171e-16 1.000000e+00
    outer loop
      vertex   -1.322035e+00 4.285254e+01 -8.205754e+00
      vertex   -7.764571e-01 3.989778e+01 -8.205754e+00
      vertex   -2.978769e-13 4.000000e+01 -8.205754e+00
    endloop
  endfacet
  facet normal 6.604508e-17 -5.921189e-16 1.000000e+00
    outer loop
      vertex   -1.322035e+00 4.285254e+01 -8.205754e+00
      vertex   -2.978769e-13 4.000000e+01 -8.205754e+00
      vertex   1.605426e-08 4.300000e+01 -8.205754e+00
    endloop
  endfacet
  facet normal -6.604508e-17 -5.921189e-16 1.000000e+00
    outer loop
      vertex   1.605426e-08 4.300000e+01 -8.205754e+00
      vertex   -2.978769e-13 4.000000e+01 -8.205754e+00
      vertex   1.322035e+00 4.285254e+01 -8.205754e+00
    endloop
  endfacet
  facet normal -7.726910e-17 -5.869171e-16 1.000000e+00
    outer loop
      vertex   1.322035e+00 4.285254e+01 -8.205754e+00
      vertex   -2.978769e-13 4.000000e+01 -8.205754e+00
      vertex   7.764571e-01 3.989778e+01 -8.205754e+00
    endloop
  endfacet
  facet normal -1.955998e-16 -5.650681e-16 1.000000e+00
    outer loop
      vertex   1.322035e+00 4.285254e+01 -8.205754e+00
      vertex   7.764571e-01 3.989778e+01 -8.205754e+00
      vertex   2.579088e+00 4.241741e+01 -8.205754e+00
    endloop
  endfacet
  facet normal 1.668585e-15 -1.898770e-15 1.000000e+00
    outer loop
      vertex   2.579088e+00 4.241741e+01 -8.205754e+00
      vertex   7.764571e-01 3.989778e+01 -8.205754e+00
      vertex   1.500000e+00 3.959808e+01 -8.205754e+00
    endloop
  endfacet
  facet normal 6.380604e-16 -1.504341e-15 1.000000e+00
    outer loop
      vertex   2.579088e+00 4.241741e+01 -8.205754e+00
      vertex   1.500000e+00 3.959808e+01 -8.205754e+00
      vertex   3.709369e+00 4.171599e+01 -8.205754e+00
    endloop
  endfacet
  facet normal -3.574525e-16 -4.658412e-16 1.000000e+00
    outer loop
      vertex   3.709369e+00 4.171599e+01 -8.205754e+00
      vertex   1.500000e+00 3.959808e+01 -8.205754e+00
      vertex   2.121320e+00 3.912132e+01 -8.205754e+00
    endloop
  endfacet
  facet normal -4.205711e-16 -4.272099e-16 1.000000e+00
    outer loop
      vertex   3.709369e+00 4.171599e+01 -8.205754e+00
      vertex   2.121320e+00 3.912132e+01 -8.205754e+00
      vertex   4.657323e+00 4.078277e+01 -8.205754e+00
    endloop
  endfacet
  facet normal -4.661281e-16 -3.576727e-16 1.000000e+00
    outer loop
      vertex   4.657323e+00 4.078277e+01 -8.205754e+00
      vertex   2.121320e+00 3.912132e+01 -8.205754e+00
      vertex   2.598076e+00 3.850000e+01 -8.205754e+00
    endloop
  endfacet
  facet normal 5.238178e-16 -1.250686e-15 1.000000e+00
    outer loop
      vertex   4.657323e+00 4.078277e+01 -8.205754e+00
      vertex   2.598076e+00 3.850000e+01 -8.205754e+00
      vertex   5.376354e+00 3.966361e+01 -8.205754e+00
    endloop
  endfacet
  facet normal 0.000000e+00 0.000000e+00 1.000000e+00
    outer loop
      vertex   5.376354e+00 3.966361e+01 -8.205754e+00
      vertex   2.598076e+00 3.850000e+01 -8.205754e+00
      vertex   2.897777e+00 3.777646e+01 -8.205754e+00
    endloop
  endfacet
  facet normal 0.000000e+00 0.000000e+00 1.000000e+00
    outer loop
      vertex   5.376354e+00 3.966361e+01 -8.205754e+00
      vertex   2.897777e+00 3.777646e+01 -8.205754e+00
      vertex   5.831118e+00 3.841353e+01 -8.205754e+00
    endloop
  endfacet
  facet normal 0.000000e+00 0.000000e+00 1.000000e+00
    outer loop
      vertex   5.831118e+00 3.841353e+01 -8.205754e+00
      vertex   2.897777e+00 3.777646e+01 -8.205754e+00
      vertex   5.999264e+00 3.709396e+01 -8.205754e+00
    endloop
  endfacet
  facet normal -5.184530e-16 -2.356028e-15 1.000000e+00
    outer loop
      vertex   5.999264e+00 3.709396e+01 -8.205754e+00
      vertex   2.897777e+00 3.777646e+01 -8.205754e+00
      vertex   3.000000e+00 3.700000e+01 -8.205754e+00
    endloop
  endfacet
  facet normal -5.518924e-16 -1.288653e-15 1.000000e+00
    outer loop
      vertex   5.999264e+00 3.709396e+01 -8.205754e+00
      vertex   3.000000e+00 3.700000e+01 -8.205754e+00
      vertex   5.872526e+00 3.576978e+01 -8.205754e+00
    endloop
  endfacet
  facet normal -9.274914e-16 -2.165665e-15 1.000000e+00
    outer loop
      vertex   5.872526e+00 3.576978e+01 -8.205754e+00
      vertex   3.000000e+00 3.700000e+01 -8.205754e+00
      vertex   2.897777e+00 3.622354e+01 -8.205754e+00
    endloop
  endfacet
  facet normal -7.728133e-16 -1.151635e-15 1.000000e+00
    outer loop
      vertex   5.872526e+00 3.576978e+01 -8.205754e+00
      vertex   2.897777e+00 3.622354e+01 -8.205754e+00
      vertex   5.457133e+00 3.450607e+01 -8.205754e+00
    endloop
  endfacet
  facet normal 0.000000e+00 0.000000e+00 1.000000e+00
    outer loop
      vertex   5.457133e+00 3.450607e+01 -8.205754e+00
      vertex   2.897777e+00 3.622354e+01 -8.205754e+00
      vertex   2.598076e+00 3.550000e+01 -8.205754e+00
    endloop
  endfacet
  facet normal -4.478855e-16 -1.288348e-15 1.000000e+00
    outer loop
      vertex   5.457133e+00 3.450607e+01 -8.205754e+00
      vertex   2.598076e+00 3.550000e+01 -8.205754e+00
      vertex   4.773504e+00 3.336494e+01 -8.205754e+00
    endloop
  endfacet
  facet normal 4.657810e-16 -3.574063e-16 1.000000e+00
    outer loop
      vertex   4.773504e+00 3.336494e+01 -8.205754e+00
      vertex   2.598076e+00 3.550000e+01 -8.205754e+00
      vertex   2.121320e+00 3.487868e+01 -8.205754e+00
    endloop
  endfacet
  facet normal 4.336362e-16 -4.137265e-16 1.000000e+00
    outer loop
      vertex   4.773504e+00 3.336494e+01 -8.205754e+00
      vertex   2.121320e+00 3.487868e+01 -8.205754e+00
      vertex   3.855241e+00 3.240249e+01 -8.205754e+00
    endloop
  endfacet
  facet normal 3.580674e-16 -4.666425e-16 1.000000e+00
    outer loop
      vertex   3.855241e+00 3.240249e+01 -8.205754e+00
      vertex   2.121320e+00 3.487868e+01 -8.205754e+00
      vertex   1.500000e+00 3.440192e+01 -8.205754e+00
    endloop
  endfacet
  facet normal 2.011564e-14 2.280684e-14 1.000000e+00
    outer loop
      vertex   3.855241e+00 3.240249e+01 -8.205754e+00
      vertex   1.500000e+00 3.440192e+01 -8.205754e+00
      vertex   2.747480e+00 3.166602e+01 -8.205754e+00
    endloop
  endfacet
  facet normal -1.184311e-15 1.309479e-14 1.000000e+00
    outer loop
      vertex   2.747480e+00 3.166602e+01 -8.205754e+00
      vertex   1.500000e+00 3.440192e+01 -8.205754e+00
      vertex   9.168439e-01 3.177176e+01 -8.205754e+00
    endloop
  endfacet
  facet normal -8.556140e-15 1.472926e-14 1.000000e+00
    outer loop
      vertex   9.168439e-01 3.177176e+01 -8.205754e+00
      vertex   1.500000e+00 3.440192e+01 -8.205754e+00
      vertex   7.764571e-01 3.410222e+01 -8.205754e+00
    endloop
  endfacet
  facet normal -1.991208e-15 1.512473e-14 1.000000e+00
    outer loop
      vertex   9.168439e-01 3.177176e+01 -8.205754e+00
      vertex   7.764571e-01 3.410222e+01 -8.205754e+00
      vertex   2.975781e-13 3.400000e+01 -8.205754e+00
    endloop
  endfacet
  facet normal 4.266190e-23 1.594404e-14 1.000000e+00
    outer loop
      vertex   9.168439e-01 3.177176e+01 -8.205754e+00
      vertex   2.975781e-13 3.400000e+01 -8.205754e+00
      vertex   -9.168439e-01 3.177176e+01 -8.205754e+00
    endloop
  endfacet
  facet normal 1.991208e-15 1.512473e-14 1.000000e+00
    outer loop
      vertex   -9.168439e-01 3.177176e+01 -8.205754e+00
      vertex   2.975781e-13 3.400000e+01 -8.205754e+00
      vertex   -7.764571e-01 3.410222e+01 -8.205754e+00
    endloop
  endfacet
  facet normal 8.556140e-15 1.472926e-14 1.000000e+00
    outer loop
      vertex   -9.168439e-01 3.177176e+01 -8.205754e+00
      vertex   -7.764571e-01 3.410222e+01 -8.205754e+00
      vertex   -1.500000e+00 3.440192e+01 -8.205754e+00
    endloop
  endfacet
  facet normal -5.536390e-01 8.327568e-01 5.425363e-16
    outer loop
      vertex   2.747480e+00 3.166602e+01 -8.205754e+00
      vertex   2.747480e+00 3.166602e+01 -3.205754e+00
      vertex   3.855241e+00 3.240249e+01 -8.205754e+00
    endloop
  endfacet
  facet normal -5.536390e-01 8.327568e-01 8.851143e-16
    outer loop
      vertex   3.855241e+00 3.240249e+01 -8.205754e+00
      vertex   2.747480e+00 3.166602e+01 -3.205754e+00
      vertex   3.855241e+00 3.240249e+01 -3.205754e+00
    endloop
  endfacet
  facet normal -7.235213e-01 6.903021e-01 1.156709e-15
    outer loop
      vertex   3.855241e+00 3.240249e+01 -8.205754e+00
      vertex   3.855241e+00 3.240249e+01 -3.205754e+00
      vertex   4.773504e+00 3.336494e+01 -8.205754e+00
    endloop
  endfacet
  facet normal -7.235213e-01 6.903021e-01 -8.131585e-17
    outer loop
      vertex   4.773504e+00 3.336494e+01 -8.205754e+00
      vertex   3.855241e+00 3.240249e+01 -3.205754e+00
      vertex   4.773504e+00 3.336494e+01 -3.205754e+00
    endloop
  endfacet
  facet normal -8.578401e-01 5.139167e-01 3.363616e-16
    outer loop
      vertex   4.773504e+00 3.336494e+01 -8.205754e+00
      vertex   4.773504e+00 3.336494e+01 -3.205754e+00
      vertex   5.457133e+00 3.450607e+01 -8.205754e+00
    endloop
  endfacet
  facet normal -8.578401e-01 5.139167e-01 7.303195e-16
    outer loop
      vertex   5.457133e+00 3.450607e+01 -8.205754e+00
      vertex   4.773504e+00 3.336494e+01 -3.205754e+00
      vertex   5.457133e+00 3.450607e+01 -3.205754e+00
    endloop
  endfacet
  facet normal -9.499932e-01 3.122705e-01 4.437631e-16
    outer loop
      vertex   5.457133e+00 3.450607e+01 -8.205754e+00
      vertex   5.457133e+00 3.450607e+01 -3.205754e+00
      vertex   5.872526e+00 3.576978e+01 -8.205754e+00
    endloop
  endfacet
  facet normal -9.499932e-01 3.122705e-01 4.437631e-16
    outer loop
      vertex   5.872526e+00 3.576978e+01 -8.205754e+00
      vertex   5.457133e+00 3.450607e+01 -3.205754e+00
      vertex   5.872526e+00 3.576978e+01 -3.205754e+00
    endloop
  endfacet
  facet normal -9.954510e-01 9.527522e-02 1.353942e-16
    outer loop
      vertex   5.872526e+00 3.576978e+01 -8.205754e+00
      vertex   5.872526e+00 3.576978e+01 -3.205754e+00
      vertex   5.999264e+00 3.709396e+01 -8.205754e+00
    endloop
  endfacet
  facet normal -9.954510e-01 9.527522e-02 -1.353942e-16
    outer loop
      vertex   5.999264e+00 3.709396e+01 -8.205754e+00
      vertex   5.872526e+00 3.576978e+01 -3.205754e+00
      vertex   5.999264e+00 3.709396e+01 -3.205754e+00
    endloop
  endfacet
  facet normal -9.919790e-01 -1.264032e-01 1.796297e-16
    outer loop
      vertex   5.999264e+00 3.709396e+01 -8.205754e+00
      vertex   5.999264e+00 3.709396e+01 -3.205754e+00
      vertex   5.831118e+00 3.841353e+01 -8.205754e+00
    endloop
  endfacet
  facet normal -9.919790e-01 -1.264032e-01 -3.490029e-16
    outer loop
      vertex   5.831118e+00 3.841353e+01 -8.205754e+00
      vertex   5.999264e+00 3.709396e+01 -3.205754e+00
      vertex   5.831118e+00 3.841353e+01 -3.205754e+00
    endloop
  endfacet
  facet normal -9.397478e-01 -3.418684e-01 -1.497402e-17
    outer loop
      vertex   5.831118e+00 3.841353e+01 -8.205754e+00
      vertex   5.831118e+00 3.841353e+01 -3.205754e+00
      vertex   5.376354e+00 3.966361e+01 -8.205754e+00
    endloop
  endfacet
  facet normal -9.397478e-01 -3.418684e-01 -6.677310e-16
    outer loop
      vertex   5.376354e+00 3.966361e+01 -8.205754e+00
      vertex   5.831118e+00 3.841353e+01 -3.205754e+00
      vertex   5.376354e+00 3.966361e+01 -3.205754e+00
    endloop
  endfacet
  facet normal -8.413249e-01 -5.405297e-01 -5.977973e-16
    outer loop
      vertex   5.376354e+00 3.966361e+01 -8.205754e+00
      vertex   5.376354e+00 3.966361e+01 -3.205754e+00
      vertex   4.657323e+00 4.078277e+01 -8.205754e+00
    endloop
  endfacet
  facet normal -8.413249e-01 -5.405297e-01 -4.274558e-16
    outer loop
      vertex   4.657323e+00 4.078277e+01 -8.205754e+00
      vertex   5.376354e+00 3.966361e+01 -3.205754e+00
      vertex   4.657323e+00 4.078277e+01 -3.205754e+00
    endloop
  endfacet
  facet normal -7.015481e-01 -7.126221e-01 1.573707e-17
    outer loop
      vertex   4.657323e+00 4.078277e+01 -8.205754e+00
      vertex   4.657323e+00 4.078277e+01 -3.205754e+00
      vertex   3.709369e+00 4.171599e+01 -8.205754e+00
    endloop
  endfacet
  facet normal -7.015481e-01 -7.126221e-01 -2.958129e-16
    outer loop
      vertex   3.709369e+00 4.171599e+01 -8.205754e+00
      vertex   4.657323e+00 4.078277e+01 -3.205754e+00
      vertex   3.709369e+00 4.171599e+01 -3.205754e+00
    endloop
  endfacet
  facet normal -5.272878e-01 -8.496867e-01 2.239936e-16
    outer loop
      vertex   3.709369e+00 4.171599e+01 -8.205754e+00
      vertex   3.709369e+00 4.171599e+01 -3.205754e+00
      vertex   2.579088e+00 4.241741e+01 -8.205754e+00
    endloop
  endfacet
  facet normal -5.272878e-01 -8.496867e-01 -7.024885e-16
    outer loop
      vertex   2.579088e+00 4.241741e+01 -8.205754e+00
      vertex   3.709369e+00 4.171599e+01 -3.205754e+00
      vertex   2.579088e+00 4.241741e+01 -3.205754e+00
    endloop
  endfacet
  facet normal -3.271096e-01 -9.449864e-01 -4.357975e-16
    outer loop
      vertex   2.579088e+00 4.241741e+01 -8.205754e+00
      vertex   2.579088e+00 4.241741e+01 -3.205754e+00
      vertex   1.322035e+00 4.285254e+01 -8.205754e+00
    endloop
  endfacet
  facet normal -3.271096e-01 -9.449864e-01 -2.990871e-15
    outer loop
      vertex   1.322035e+00 4.285254e+01 -8.205754e+00
      vertex   2.579088e+00 4.241741e+01 -3.205754e+00
      vertex   1.322035e+00 4.285254e+01 -3.205754e+00
    endloop
  endfacet
  facet normal -1.108528e-01 -9.938368e-01 -2.928034e-15
    outer loop
      vertex   1.322035e+00 4.285254e+01 -8.205754e+00
      vertex   1.322035e+00 4.285254e+01 -3.205754e+00
      vertex   1.605426e-08 4.300000e+01 -8.205754e+00
    endloop
  endfacet
  facet normal -1.108528e-01 -9.938368e-01 -1.039627e-16
    outer loop
      vertex   1.605426e-08 4.300000e+01 -8.205754e+00
      vertex   1.322035e+00 4.285254e+01 -3.205754e+00
      vertex   1.605425e-08 4.300000e+01 -3.205754e+00
    endloop
  endfacet
  facet normal 1.108528e-01 -9.938368e-01 1.039627e-16
    outer loop
      vertex   1.605426e-08 4.300000e+01 -8.205754e+00
      vertex   1.605425e-08 4.300000e+01 -3.205754e+00
      vertex   -1.322035e+00 4.285254e+01 -8.205754e+00
    endloop
  endfacet
  facet normal 1.108528e-01 -9.938368e-01 -2.662200e-15
    outer loop
      vertex   -1.322035e+00 4.285254e+01 -8.205754e+00
      vertex   1.605425e-08 4.300000e+01 -3.205754e+00
      vertex   -1.322035e+00 4.285254e+01 -3.205754e+00
    endloop
  endfacet
  facet normal 3.271096e-01 -9.449864e-01 -2.206436e-15
    outer loop
      vertex   -1.322035e+00 4.285254e+01 -8.205754e+00
      vertex   -1.322035e+00 4.285254e+01 -3.205754e+00
      vertex   -2.579088e+00 4.241741e+01 -8.205754e+00
    endloop
  endfacet
  facet normal 3.271096e-01 -9.449864e-01 -9.071090e-16
    outer loop
      vertex   -2.579088e+00 4.241741e+01 -8.205754e+00
      vertex   -1.322035e+00 4.285254e+01 -3.205754e+00
      vertex   -2.579088e+00 4.241741e+01 -3.205754e+00
    endloop
  endfacet
  facet normal 5.272878e-01 -8.496867e-01 -5.049890e-16
    outer loop
      vertex   -2.579088e+00 4.241741e+01 -8.205754e+00
      vertex   -2.579088e+00 4.241741e+01 -3.205754e+00
      vertex   -3.709369e+00 4.171599e+01 -8.205754e+00
    endloop
  endfacet
  facet normal 5.272878e-01 -8.496867e-01 -1.525136e-15
    outer loop
      vertex   -3.709369e+00 4.171599e+01 -8.205754e+00
      vertex   -2.579088e+00 4.241741e+01 -3.205754e+00
      vertex   -3.709369e+00 4.171599e+01 -3.205754e+00
    endloop
  endfacet
  facet normal 7.015481e-01 -7.126221e-01 -8.415040e-16
    outer loop
      vertex   -3.709369e+00 4.171599e+01 -8.205754e+00
      vertex   -3.709369e+00 4.171599e+01 -3.205754e+00
      vertex   -4.657323e+00 4.078277e+01 -8.205754e+00
    endloop
  endfacet
  facet normal 7.015481e-01 -7.126221e-01 -1.403571e-16
    outer loop
      vertex   -4.657323e+00 4.078277e+01 -8.205754e+00
      vertex   -3.709369e+00 4.171599e+01 -3.205754e+00
      vertex   -4.657323e+00 4.078277e+01 -3.205754e+00
    endloop
  endfacet
  facet normal 8.413249e-01 -5.405297e-01 2.780064e-16
    outer loop
      vertex   -4.657323e+00 4.078277e+01 -8.205754e+00
      vertex   -4.657323e+00 4.078277e+01 -3.205754e+00
      vertex   -5.376354e+00 3.966361e+01 -8.205754e+00
    endloop
  endfacet
  facet normal 8.413249e-01 -5.405297e-01 -4.692402e-16
    outer loop
      vertex   -5.376354e+00 3.966361e+01 -8.205754e+00
      vertex   -4.657323e+00 4.078277e+01 -3.205754e+00
      vertex   -5.376354e+00 3.966361e+01 -3.205754e+00
    endloop
  endfacet
  facet normal 9.397478e-01 -3.418684e-01 -1.519587e-16
    outer loop
      vertex   -5.376354e+00 3.966361e+01 -8.205754e+00
      vertex   -5.376354e+00 3.966361e+01 -3.205754e+00
      vertex   -5.831118e+00 3.841353e+01 -8.205754e+00
    endloop
  endfacet
  facet normal 9.397478e-01 -3.418684e-01 -3.188915e-16
    outer loop
      vertex   -5.831118e+00 3.841353e+01 -8.205754e+00
      vertex   -5.376354e+00 3.966361e+01 -3.205754e+00
      vertex   -5.831118e+00 3.841353e+01 -3.205754e+00
    endloop
  endfacet
  facet normal 9.919790e-01 -1.264032e-01 -3.418848e-18
    outer loop
      vertex   -5.831118e+00 3.841353e+01 -8.205754e+00
      vertex   -5.831118e+00 3.841353e+01 -3.205754e+00
      vertex   -5.999264e+00 3.709396e+01 -8.205754e+00
    endloop
  endfacet
  facet normal 9.919790e-01 -1.264032e-01 -1.830486e-16
    outer loop
      vertex   -5.999264e+00 3.709396e+01 -8.205754e+00
      vertex   -5.831118e+00 3.841353e+01 -3.205754e+00
      vertex   -5.999264e+00 3.709396e+01 -3.205754e+00
    endloop
  endfacet
  facet normal 9.954510e-01 9.527522e-02 4.476161e-16
    outer loop
      vertex   -5.999264e+00 3.709396e+01 -8.205754e+00
      vertex   -5.999264e+00 3.709396e+01 -3.205754e+00
      vertex   -5.872526e+00 3.576978e+01 -8.205754e+00
    endloop
  endfacet
  facet normal 9.954510e-01 9.527522e-02 -2.596944e-16
    outer loop
      vertex   -5.872526e+00 3.576978e+01 -8.205754e+00
      vertex   -5.999264e+00 3.709396e+01 -3.205754e+00
      vertex   -5.872526e+00 3.576978e+01 -3.205754e+00
    endloop
  endfacet
  facet normal 9.499932e-01 3.122705e-01 3.812681e-16
    outer loop
      vertex   -5.872526e+00 3.576978e+01 -8.205754e+00
      vertex   -5.872526e+00 3.576978e+01 -3.205754e+00
      vertex   -5.457133e+00 3.450607e+01 -8.205754e+00
    endloop
  endfacet
  facet normal 9.499932e-01 3.122705e-01 -6.249501e-17
    outer loop
      vertex   -5.457133e+00 3.450607e+01 -8.205754e+00
      vertex   -5.872526e+00 3.576978e+01 -3.205754e+00
      vertex   -5.457133e+00 3.450607e+01 -3.205754e+00
    endloop
  endfacet
  facet normal 8.578401e-01 5.139167e-01 2.731704e-16
    outer loop
      vertex   -5.457133e+00 3.450607e+01 -8.205754e+00
      vertex   -5.457133e+00 3.450607e+01 -3.205754e+00
      vertex   -4.773504e+00 3.336494e+01 -8.205754e+00
    endloop
  endfacet
  facet normal 8.578401e-01 5.139167e-01 -1.839786e-16
    outer loop
      vertex   -4.773504e+00 3.336494e+01 -8.205754e+00
      vertex   -5.457133e+00 3.450607e+01 -3.205754e+00
      vertex   -4.773504e+00 3.336494e+01 -3.205754e+00
    endloop
  endfacet
  facet normal 7.235213e-01 6.903021e-01 2.098390e-16
    outer loop
      vertex   -4.773504e+00 3.336494e+01 -8.205754e+00
      vertex   -4.773504e+00 3.336494e+01 -3.205754e+00
      vertex   -3.855241e+00 3.240249e+01 -8.205754e+00
    endloop
  endfacet
  facet normal 7.235213e-01 6.903021e-01 6.767245e-16
    outer loop
      vertex   -3.855241e+00 3.240249e+01 -8.205754e+00
      vertex   -4.773504e+00 3.336494e+01 -3.205754e+00
      vertex   -3.855241e+00 3.240249e+01 -3.205754e+00
    endloop
  endfacet
  facet normal 5.536390e-01 8.327568e-01 1.383377e-15
    outer loop
      vertex   -3.855241e+00 3.240249e+01 -8.205754e+00
      vertex   -3.855241e+00 3.240249e+01 -3.205754e+00
      vertex   -2.747480e+00 3.166602e+01 -8.205754e+00
    endloop
  endfacet
  facet normal 5.536390e-01 8.327568e-01 6.408823e-16
    outer loop
      vertex   -2.747480e+00 3.166602e+01 -8.205754e+00
      vertex   -3.855241e+00 3.240249e+01 -3.205754e+00
      vertex   -2.747480e+00 3.166602e+01 -3.205754e+00
    endloop
  endfacet
  facet normal -1.282464e-01 -9.916761e-01 1.146302e-02
    outer loop
      vertex   -5.618400e+00 -3.128449e+01 -1.205754e+00
      vertex   -5.054442e+00 -3.138054e+01 -3.205754e+00
      vertex   -2.524930e+00 -3.168454e+01 -1.205754e+00
    endloop
  endfacet
  facet normal -1.193247e-01 -9.928553e-01 -0.000000e+00
    outer loop
      vertex   -2.524930e+00 -3.168454e+01 -1.205754e+00
      vertex   -5.054442e+00 -3.138054e+01 -3.205754e+00
      vertex   -2.524930e+00 -3.168454e+01 -3.205754e+00
    endloop
  endfacet
  facet normal -5.298958e-02 -9.985951e-01 -0.000000e+00
    outer loop
      vertex   -2.524930e+00 -3.168454e+01 -1.205754e+00
      vertex   -2.524930e+00 -3.168454e+01 -3.205754e+00
      vertex   -8.424325e-01 -3.177382e+01 -3.205754e+00
    endloop
  endfacet
  facet normal -1.984515e-01 -9.800704e-01 -8.890754e-03
    outer loop
      vertex   -5.054442e+00 -3.138054e+01 -3.205754e+00
      vertex   -5.618400e+00 -3.128449e+01 -1.205754e+00
      vertex   -7.551479e+00 -3.087492e+01 -3.205754e+00
    endloop
  endfacet
  facet normal -2.248093e-01 -9.742406e-01 1.777891e-02
    outer loop
      vertex   -7.551479e+00 -3.087492e+01 -3.205754e+00
      vertex   -5.618400e+00 -3.128449e+01 -1.205754e+00
      vertex   -8.657762e+00 -3.058314e+01 -1.205754e+00
    endloop
  endfacet
  facet normal -2.762970e-01 -9.609893e-01 -1.263430e-02
    outer loop
      vertex   -7.551479e+00 -3.087492e+01 -3.205754e+00
      vertex   -8.657762e+00 -3.058314e+01 -1.205754e+00
      vertex   -1.000000e+01 -3.017094e+01 -3.205754e+00
    endloop
  endfacet
  facet normal -3.172016e-01 -9.481975e-01 1.745394e-02
    outer loop
      vertex   -1.000000e+01 -3.017094e+01 -3.205754e+00
      vertex   -8.657762e+00 -3.058314e+01 -1.205754e+00
      vertex   -1.016755e+01 -3.011489e+01 -3.205754e+00
    endloop
  endfacet
  facet normal -3.192110e-01 -9.474904e-01 1.913643e-02
    outer loop
      vertex   -1.016755e+01 -3.011489e+01 -3.205754e+00
      vertex   -8.657762e+00 -3.058314e+01 -1.205754e+00
      vertex   -1.161374e+01 -2.958727e+01 -1.205754e+00
    endloop
  endfacet
  facet normal -3.224731e-01 -9.464348e-01 1.649911e-02
    outer loop
      vertex   -1.016755e+01 -3.011489e+01 -3.205754e+00
      vertex   -1.161374e+01 -2.958727e+01 -1.205754e+00
      vertex   -1.033478e+01 -3.005791e+01 -3.205754e+00
    endloop
  endfacet
  facet normal -3.277469e-01 -9.446800e-01 1.271371e-02
    outer loop
      vertex   -1.033478e+01 -3.005791e+01 -3.205754e+00
      vertex   -1.161374e+01 -2.958727e+01 -1.205754e+00
      vertex   -1.050169e+01 -3.000000e+01 -3.205754e+00
    endloop
  endfacet
  facet normal -3.735170e-01 -9.274804e-01 -1.628524e-02
    outer loop
      vertex   -1.050169e+01 -3.000000e+01 -3.205754e+00
      vertex   -1.161374e+01 -2.958727e+01 -1.205754e+00
      vertex   -1.322067e+01 -2.890501e+01 -3.205754e+00
    endloop
  endfacet
  facet normal -4.105463e-01 -9.116445e-01 1.886850e-02
    outer loop
      vertex   -1.322067e+01 -2.890501e+01 -3.205754e+00
      vertex   -1.161374e+01 -2.958727e+01 -1.205754e+00
      vertex   -1.445788e+01 -2.830645e+01 -1.205754e+00
    endloop
  endfacet
  facet normal -4.573652e-01 -8.891196e-01 -1.683510e-02
    outer loop
      vertex   -1.322067e+01 -2.890501e+01 -3.205754e+00
      vertex   -1.445788e+01 -2.830645e+01 -1.205754e+00
      vertex   -1.582722e+01 -2.756419e+01 -3.205754e+00
    endloop
  endfacet
  facet normal -4.979237e-01 -8.670096e-01 1.913965e-02
    outer loop
      vertex   -1.582722e+01 -2.756419e+01 -3.205754e+00
      vertex   -1.445788e+01 -2.830645e+01 -1.205754e+00
      vertex   -1.716278e+01 -2.675303e+01 -1.205754e+00
    endloop
  endfacet
  facet normal -5.373272e-01 -8.432060e-01 -1.682766e-02
    outer loop
      vertex   -1.582722e+01 -2.756419e+01 -3.205754e+00
      vertex   -1.716278e+01 -2.675303e+01 -1.205754e+00
      vertex   -1.829916e+01 -2.598896e+01 -3.205754e+00
    endloop
  endfacet
  facet normal -5.805110e-01 -8.140341e-01 1.885361e-02
    outer loop
      vertex   -1.829916e+01 -2.598896e+01 -3.205754e+00
      vertex   -1.716278e+01 -2.675303e+01 -1.205754e+00
      vertex   -1.970239e+01 -2.494196e+01 -1.205754e+00
    endloop
  endfacet
  facet normal -6.127253e-01 -7.901286e-01 -1.626295e-02
    outer loop
      vertex   -1.829916e+01 -2.598896e+01 -3.205754e+00
      vertex   -1.970239e+01 -2.494196e+01 -1.205754e+00
      vertex   -2.061549e+01 -2.419271e+01 -3.205754e+00
    endloop
  endfacet
  facet normal -6.575152e-01 -7.532260e-01 1.801036e-02
    outer loop
      vertex   -2.061549e+01 -2.419271e+01 -3.205754e+00
      vertex   -1.970239e+01 -2.494196e+01 -1.205754e+00
      vertex   -2.205226e+01 -2.289068e+01 -1.205754e+00
    endloop
  endfacet
  facet normal -6.829195e-01 -7.303367e-01 -1.514096e-02
    outer loop
      vertex   -2.061549e+01 -2.419271e+01 -3.205754e+00
      vertex   -2.205226e+01 -2.289068e+01 -1.205754e+00
      vertex   -2.275649e+01 -2.219071e+01 -3.205754e+00
    endloop
  endfacet
  facet normal -7.281958e-01 -6.851679e-01 1.660986e-02
    outer loop
      vertex   -2.275649e+01 -2.219071e+01 -3.205754e+00
      vertex   -2.205226e+01 -2.289068e+01 -1.205754e+00
      vertex   -2.418975e+01 -2.061896e+01 -1.205754e+00
    endloop
  endfacet
  facet normal -7.473130e-01 -6.643358e-01 -1.346156e-02
    outer loop
      vertex   -2.275649e+01 -2.219071e+01 -3.205754e+00
      vertex   -2.418975e+01 -2.061896e+01 -1.205754e+00
      vertex   -2.470396e+01 -2.000000e+01 -3.205754e+00
    endloop
  endfacet
  facet normal -7.918718e-01 -6.105116e-01 1.465214e-02
    outer loop
      vertex   -2.470396e+01 -2.000000e+01 -3.205754e+00
      vertex   -2.418975e+01 -2.061896e+01 -1.205754e+00
      vertex   -2.609428e+01 -1.814866e+01 -1.205754e+00
    endloop
  endfacet
  facet normal -8.038507e-01 -5.947740e-01 -8.242938e-03
    outer loop
      vertex   -2.470396e+01 -2.000000e+01 -3.205754e+00
      vertex   -2.609428e+01 -1.814866e+01 -1.205754e+00
      vertex   -2.635010e+01 -1.777521e+01 -3.205754e+00
    endloop
  endfacet
  facet normal -8.479521e-01 -5.299878e-01 9.495407e-03
    outer loop
      vertex   -2.635010e+01 -1.777521e+01 -3.205754e+00
      vertex   -2.609428e+01 -1.814866e+01 -1.205754e+00
      vertex   -2.774751e+01 -1.550359e+01 -1.205754e+00
    endloop
  endfacet
  facet normal -8.525695e-01 -5.226096e-01 -2.111120e-03
    outer loop
      vertex   -2.635010e+01 -1.777521e+01 -3.205754e+00
      vertex   -2.774751e+01 -1.550359e+01 -1.205754e+00
      vertex   -2.779646e+01 -1.541565e+01 -3.205754e+00
    endloop
  endfacet
  facet normal -8.947988e-01 -4.464639e-01 2.270513e-03
    outer loop
      vertex   -2.779646e+01 -1.541565e+01 -3.205754e+00
      vertex   -2.774751e+01 -1.550359e+01 -1.205754e+00
      vertex   -2.903209e+01 -1.293922e+01 -3.205754e+00
    endloop
  endfacet
  facet normal -8.958428e-01 -4.443348e-01 5.670976e-03
    outer loop
      vertex   -2.903209e+01 -1.293922e+01 -3.205754e+00
      vertex   -2.774751e+01 -1.550359e+01 -1.205754e+00
      vertex   -2.913351e+01 -1.270920e+01 -1.205754e+00
    endloop
  endfacet
  facet normal -9.302353e-01 -3.669300e-01 -4.975375e-03
    outer loop
      vertex   -2.903209e+01 -1.293922e+01 -3.205754e+00
      vertex   -2.913351e+01 -1.270920e+01 -1.205754e+00
      vertex   -3.004761e+01 -1.036469e+01 -3.205754e+00
    endloop
  endfacet
  facet normal -9.350299e-01 -3.543677e-01 1.194218e-02
    outer loop
      vertex   -3.004761e+01 -1.036469e+01 -3.205754e+00
      vertex   -2.913351e+01 -1.270920e+01 -1.205754e+00
      vertex   -3.023895e+01 -9.792418e+00 -1.205754e+00
    endloop
  endfacet
  facet normal -9.585892e-01 -2.846070e-01 -1.027267e-02
    outer loop
      vertex   -3.004761e+01 -1.036469e+01 -3.205754e+00
      vertex   -3.023895e+01 -9.792418e+00 -1.205754e+00
      vertex   -3.083532e+01 -7.711576e+00 -3.205754e+00
    endloop
  endfacet
  facet normal -9.652027e-01 -2.609965e-01 1.626430e-02
    outer loop
      vertex   -3.083532e+01 -7.711576e+00 -3.205754e+00
      vertex   -3.023895e+01 -9.792418e+00 -1.205754e+00
      vertex   -3.105316e+01 -6.781329e+00 -1.205754e+00
    endloop
  endfacet
  facet normal -9.796740e-01 -2.001331e-01 -1.362089e-02
    outer loop
      vertex   -3.083532e+01 -7.711576e+00 -3.205754e+00
      vertex   -3.105316e+01 -6.781329e+00 -1.205754e+00
      vertex   -3.138926e+01 -5.000000e+00 -3.205754e+00
    endloop
  endfacet
  facet normal -9.860963e-01 -1.651265e-01 1.863757e-02
    outer loop
      vertex   -3.138926e+01 -5.000000e+00 -3.205754e+00
      vertex   -3.105316e+01 -6.781329e+00 -1.205754e+00
      vertex   -3.156832e+01 -3.704933e+00 -1.205754e+00
    endloop
  endfacet
  facet normal -9.929144e-01 -1.181862e-01 -1.236824e-02
    outer loop
      vertex   -3.138926e+01 -5.000000e+00 -3.205754e+00
      vertex   -3.156832e+01 -3.704933e+00 -1.205754e+00
      vertex   -3.168590e+01 -2.507818e+00 -3.205754e+00
    endloop
  endfacet
  facet normal -9.975424e-01 -6.767761e-02 1.813614e-02
    outer loop
      vertex   -3.168590e+01 -2.507818e+00 -3.205754e+00
      vertex   -3.156832e+01 -3.704933e+00 -1.205754e+00
      vertex   -3.177946e+01 -5.928559e-01 -1.205754e+00
    endloop
  endfacet
  facet normal -9.991804e-01 -3.947893e-02 -8.940185e-03
    outer loop
      vertex   -3.168590e+01 -2.507818e+00 -3.205754e+00
      vertex   -3.177946e+01 -5.928559e-01 -1.205754e+00
      vertex   -3.178499e+01 7.969344e-10 -3.205754e+00
    endloop
  endfacet
  facet normal -9.994675e-01 3.042742e-02 1.178280e-02
    outer loop
      vertex   -3.178499e+01 7.969344e-10 -3.205754e+00
      vertex   -3.177946e+01 -5.928559e-01 -1.205754e+00
      vertex   -3.168454e+01 2.524930e+00 -1.205754e+00
    endloop
  endfacet
  facet normal -9.992203e-01 3.948050e-02 3.411856e-04
    outer loop
      vertex   -3.178499e+01 7.969344e-10 -3.205754e+00
      vertex   -3.168454e+01 2.524930e+00 -1.205754e+00
      vertex   -3.168590e+01 2.507818e+00 -3.205754e+00
    endloop
  endfacet
  facet normal -9.929903e-01 1.181953e-01 -3.365530e-04
    outer loop
      vertex   -3.168590e+01 2.507818e+00 -3.205754e+00
      vertex   -3.168454e+01 2.524930e+00 -1.205754e+00
      vertex   -3.138926e+01 5.000000e+00 -3.205754e+00
    endloop
  endfacet
  facet normal -9.916663e-01 1.282451e-01 1.229589e-02
    outer loop
      vertex   -3.138926e+01 5.000000e+00 -3.205754e+00
      vertex   -3.168454e+01 2.524930e+00 -1.205754e+00
      vertex   -3.128449e+01 5.618400e+00 -1.205754e+00
    endloop
  endfacet
  facet normal -9.796486e-01 2.004373e-01 -1.065552e-02
    outer loop
      vertex   -3.138926e+01 5.000000e+00 -3.205754e+00
      vertex   -3.128449e+01 5.618400e+00 -1.205754e+00
      vertex   -3.083064e+01 7.730268e+00 -3.205754e+00
    endloop
  endfacet
  facet normal -9.742650e-01 2.248149e-01 1.630726e-02
    outer loop
      vertex   -3.083064e+01 7.730268e+00 -3.205754e+00
      vertex   -3.128449e+01 5.618400e+00 -1.205754e+00
      vertex   -3.058314e+01 8.657762e+00 -1.205754e+00
    endloop
  endfacet
  facet normal -9.582894e-01 2.854665e-01 -1.379671e-02
    outer loop
      vertex   -3.083064e+01 7.730268e+00 -3.205754e+00
      vertex   -3.058314e+01 8.657762e+00 -1.205754e+00
      vertex   -3.003502e+01 1.040111e+01 -3.205754e+00
    endloop
  endfacet
  facet normal -9.475004e-01 3.192144e-01 1.857730e-02
    outer loop
      vertex   -3.003502e+01 1.040111e+01 -3.205754e+00
      vertex   -3.058314e+01 8.657762e+00 -1.205754e+00
      vertex   -2.958727e+01 1.161374e+01 -1.205754e+00
    endloop
  endfacet
  facet normal -9.295822e-01 3.683014e-01 -1.519647e-02
    outer loop
      vertex   -3.003502e+01 1.040111e+01 -3.205754e+00
      vertex   -2.958727e+01 1.161374e+01 -1.205754e+00
      vertex   -2.900851e+01 1.299200e+01 -3.205754e+00
    endloop
  endfacet
  facet normal -9.116404e-01 4.105445e-01 1.910630e-02
    outer loop
      vertex   -2.900851e+01 1.299200e+01 -3.205754e+00
      vertex   -2.958727e+01 1.161374e+01 -1.205754e+00
      vertex   -2.830645e+01 1.445788e+01 -1.205754e+00
    endloop
  endfacet
  facet normal -8.937531e-01 4.483132e-01 -1.485495e-02
    outer loop
      vertex   -2.900851e+01 1.299200e+01 -3.205754e+00
      vertex   -2.830645e+01 1.445788e+01 -1.205754e+00
      vertex   -2.775900e+01 1.548301e+01 -3.205754e+00
    endloop
  endfacet
  facet normal -8.670296e-01 4.979352e-01 1.789436e-02
    outer loop
      vertex   -2.775900e+01 1.548301e+01 -3.205754e+00
      vertex   -2.830645e+01 1.445788e+01 -1.205754e+00
      vertex   -2.675303e+01 1.716278e+01 -1.205754e+00
    endloop
  endfacet
  facet normal -8.510731e-01 5.248919e-01 -1.277210e-02
    outer loop
      vertex   -2.775900e+01 1.548301e+01 -3.205754e+00
      vertex   -2.675303e+01 1.716278e+01 -1.205754e+00
      vertex   -2.629609e+01 1.785500e+01 -3.205754e+00
    endloop
  endfacet
  facet normal -8.140879e-01 5.805494e-01 1.494128e-02
    outer loop
      vertex   -2.629609e+01 1.785500e+01 -3.205754e+00
      vertex   -2.675303e+01 1.716278e+01 -1.205754e+00
      vertex   -2.494196e+01 1.970239e+01 -1.205754e+00
    endloop
  endfacet
  facet normal -8.018582e-01 5.974474e-01 -8.947766e-03
    outer loop
      vertex   -2.629609e+01 1.785500e+01 -3.205754e+00
      vertex   -2.494196e+01 1.970239e+01 -1.205754e+00
      vertex   -2.463104e+01 2.008973e+01 -3.205754e+00
    endloop
  endfacet
  facet normal -7.533086e-01 6.575873e-01 1.024674e-02
    outer loop
      vertex   -2.463104e+01 2.008973e+01 -3.205754e+00
      vertex   -2.494196e+01 1.970239e+01 -1.205754e+00
      vertex   -2.289068e+01 2.205226e+01 -1.205754e+00
    endloop
  endfacet
  facet normal -7.446625e-01 6.674054e-01 -6.911124e-03
    outer loop
      vertex   -2.463104e+01 2.008973e+01 -3.205754e+00
      vertex   -2.289068e+01 2.205226e+01 -1.205754e+00
      vertex   -2.265700e+01 2.229228e+01 -3.205754e+00
    endloop
  endfacet
  facet normal -6.852440e-01 7.282767e-01 7.336756e-03
    outer loop
      vertex   -2.265700e+01 2.229228e+01 -3.205754e+00
      vertex   -2.289068e+01 2.205226e+01 -1.205754e+00
      vertex   -2.061896e+01 2.418975e+01 -1.205754e+00
    endloop
  endfacet
  facet normal -6.794124e-01 7.337469e-01 -3.795525e-03
    outer loop
      vertex   -2.265700e+01 2.229228e+01 -3.205754e+00
      vertex   -2.061896e+01 2.418975e+01 -1.205754e+00
      vertex   -2.048677e+01 2.430181e+01 -3.205754e+00
    endloop
  endfacet
  facet normal -6.105722e-01 7.919504e-01 4.015695e-03
    outer loop
      vertex   -2.048677e+01 2.430181e+01 -3.205754e+00
      vertex   -2.061896e+01 2.418975e+01 -1.205754e+00
      vertex   -1.814866e+01 2.609428e+01 -1.205754e+00
    endloop
  endfacet
  facet normal -6.082710e-01 7.937293e-01 -2.688679e-04
    outer loop
      vertex   -2.048677e+01 2.430181e+01 -3.205754e+00
      vertex   -1.814866e+01 2.609428e+01 -1.205754e+00
      vertex   -1.813914e+01 2.610090e+01 -3.205754e+00
    endloop
  endfacet
  facet normal -5.318578e-01 8.468336e-01 2.709834e-04
    outer loop
      vertex   -1.813914e+01 2.610090e+01 -3.205754e+00
      vertex   -1.814866e+01 2.609428e+01 -1.205754e+00
      vertex   -1.563444e+01 2.767399e+01 -3.205754e+00
    endloop
  endfacet
  facet normal -5.300085e-01 8.479851e-01 3.505337e-03
    outer loop
      vertex   -1.563444e+01 2.767399e+01 -3.205754e+00
      vertex   -1.814866e+01 2.609428e+01 -1.205754e+00
      vertex   -1.550359e+01 2.774751e+01 -1.205754e+00
    endloop
  endfacet
  facet normal -4.508368e-01 8.926003e-01 -3.314652e-03
    outer loop
      vertex   -1.563444e+01 2.767399e+01 -3.205754e+00
      vertex   -1.550359e+01 2.774751e+01 -1.205754e+00
      vertex   -1.299436e+01 2.900745e+01 -3.205754e+00
    endloop
  endfacet
  facet normal -4.443315e-01 8.958360e-01 6.885397e-03
    outer loop
      vertex   -1.299436e+01 2.900745e+01 -3.205754e+00
      vertex   -1.550359e+01 2.774751e+01 -1.205754e+00
      vertex   -1.270920e+01 2.913351e+01 -1.205754e+00
    endloop
  endfacet
  facet normal -3.659091e-01 9.306280e-01 -6.489255e-03
    outer loop
      vertex   -1.299436e+01 2.900745e+01 -3.205754e+00
      vertex   -1.270920e+01 2.913351e+01 -1.205754e+00
      vertex   -1.024177e+01 3.008973e+01 -3.205754e+00
    endloop
  endfacet
  facet normal -3.543758e-01 9.350512e-01 9.854367e-03
    outer loop
      vertex   -1.024177e+01 3.008973e+01 -3.205754e+00
      vertex   -1.270920e+01 2.913351e+01 -1.205754e+00
      vertex   -9.792418e+00 3.023895e+01 -1.205754e+00
    endloop
  endfacet
  facet normal -3.209536e-01 9.470938e-01 1.446732e-03
    outer loop
      vertex   -1.024177e+01 3.008973e+01 -3.205754e+00
      vertex   -9.792418e+00 3.023895e+01 -1.205754e+00
      vertex   -1.016125e+01 3.011701e+01 -3.205754e+00
    endloop
  endfacet
  facet normal -3.184195e-01 9.479494e-01 9.272320e-04
    outer loop
      vertex   -1.016125e+01 3.011701e+01 -3.205754e+00
      vertex   -9.792418e+00 3.023895e+01 -1.205754e+00
      vertex   -1.008066e+01 3.014408e+01 -3.205754e+00
    endloop
  endfacet
  facet normal -3.158819e-01 9.487984e-01 5.212322e-04
    outer loop
      vertex   -1.008066e+01 3.014408e+01 -3.205754e+00
      vertex   -9.792418e+00 3.023895e+01 -1.205754e+00
      vertex   -1.000000e+01 3.017094e+01 -3.205754e+00
    endloop
  endfacet
  facet normal -2.774422e-01 9.607345e-01 -3.874371e-03
    outer loop
      vertex   -1.000000e+01 3.017094e+01 -3.205754e+00
      vertex   -9.792418e+00 3.023895e+01 -1.205754e+00
      vertex   -7.623767e+00 3.085715e+01 -3.205754e+00
    endloop
  endfacet
  facet normal -2.610003e-01 9.652168e-01 1.533944e-02
    outer loop
      vertex   -7.623767e+00 3.085715e+01 -3.205754e+00
      vertex   -9.792418e+00 3.023895e+01 -1.205754e+00
      vertex   -6.781329e+00 3.105316e+01 -1.205754e+00
    endloop
  endfacet
  facet normal -2.018891e-01 9.793472e-01 -1.094418e-02
    outer loop
      vertex   -7.623767e+00 3.085715e+01 -3.205754e+00
      vertex   -6.781329e+00 3.105316e+01 -1.205754e+00
      vertex   -5.201371e+00 3.135652e+01 -3.205754e+00
    endloop
  endfacet
  facet normal -1.651249e-01 9.860873e-01 1.912106e-02
    outer loop
      vertex   -5.201371e+00 3.135652e+01 -3.205754e+00
      vertex   -6.781329e+00 3.105316e+01 -1.205754e+00
      vertex   -3.704933e+00 3.156832e+01 -1.205754e+00
    endloop
  endfacet
  facet normal -1.251275e-01 9.920747e-01 -1.143985e-02
    outer loop
      vertex   -5.201371e+00 3.135652e+01 -3.205754e+00
      vertex   -3.704933e+00 3.156832e+01 -1.205754e+00
      vertex   -2.747480e+00 3.166602e+01 -3.205754e+00
    endloop
  endfacet
  facet normal -6.767972e-02 9.975734e-01 1.633053e-02
    outer loop
      vertex   -2.747480e+00 3.166602e+01 -3.205754e+00
      vertex   -3.704933e+00 3.156832e+01 -1.205754e+00
      vertex   -5.928559e-01 3.177946e+01 -1.205754e+00
    endloop
  endfacet
  facet normal -5.766549e-02 9.983208e-01 5.499691e-03
    outer loop
      vertex   -2.747480e+00 3.166602e+01 -3.205754e+00
      vertex   -5.928559e-01 3.177946e+01 -1.205754e+00
      vertex   -9.168439e-01 3.177176e+01 -3.205754e+00
    endloop
  endfacet
  facet normal 2.675701e-09 9.999926e-01 -3.848206e-03
    outer loop
      vertex   -9.168439e-01 3.177176e+01 -3.205754e+00
      vertex   -5.928559e-01 3.177946e+01 -1.205754e+00
      vertex   9.168439e-01 3.177176e+01 -3.205754e+00
    endloop
  endfacet
  facet normal 3.042397e-02 9.993542e-01 1.911978e-02
    outer loop
      vertex   9.168439e-01 3.177176e+01 -3.205754e+00
      vertex   -5.928559e-01 3.177946e+01 -1.205754e+00
      vertex   2.524930e+00 3.168454e+01 -1.205754e+00
    endloop
  endfacet
  facet normal 5.766614e-02 9.983319e-01 -2.828686e-03
    outer loop
      vertex   9.168439e-01 3.177176e+01 -3.205754e+00
      vertex   2.524930e+00 3.168454e+01 -1.205754e+00
      vertex   2.747480e+00 3.166602e+01 -3.205754e+00
    endloop
  endfacet
  facet normal 1.251343e-01 9.921285e-01 4.736277e-03
    outer loop
      vertex   2.747480e+00 3.166602e+01 -3.205754e+00
      vertex   2.524930e+00 3.168454e+01 -1.205754e+00
      vertex   5.201371e+00 3.135652e+01 -3.205754e+00
    endloop
  endfacet
  facet normal 1.282496e-01 9.917013e-01 8.975267e-03
    outer loop
      vertex   5.201371e+00 3.135652e+01 -3.205754e+00
      vertex   2.524930e+00 3.168454e+01 -1.205754e+00
      vertex   5.618400e+00 3.128449e+01 -1.205754e+00
    endloop
  endfacet
  facet normal 2.018965e-01 9.793831e-01 -6.824860e-03
    outer loop
      vertex   5.201371e+00 3.135652e+01 -3.205754e+00
      vertex   5.618400e+00 3.128449e+01 -1.205754e+00
      vertex   7.623767e+00 3.085715e+01 -3.205754e+00
    endloop
  endfacet
  facet normal 2.248114e-01 9.742496e-01 1.724832e-02
    outer loop
      vertex   7.623767e+00 3.085715e+01 -3.205754e+00
      vertex   5.618400e+00 3.128449e+01 -1.205754e+00
      vertex   8.657762e+00 3.058314e+01 -1.205754e+00
    endloop
  endfacet
  facet normal 2.774249e-01 9.606747e-01 -1.181254e-02
    outer loop
      vertex   7.623767e+00 3.085715e+01 -3.205754e+00
      vertex   8.657762e+00 3.058314e+01 -1.205754e+00
      vertex   1.000000e+01 3.017094e+01 -3.205754e+00
    endloop
  endfacet
  facet normal 3.158399e-01 9.486700e-01 1.644273e-02
    outer loop
      vertex   1.000000e+01 3.017094e+01 -3.205754e+00
      vertex   8.657762e+00 3.058314e+01 -1.205754e+00
      vertex   1.008066e+01 3.014408e+01 -3.205754e+00
    endloop
  endfacet
  facet normal 3.183656e-01 9.477888e-01 1.843307e-02
    outer loop
      vertex   1.008066e+01 3.014408e+01 -3.205754e+00
      vertex   8.657762e+00 3.058314e+01 -1.205754e+00
      vertex   1.016125e+01 3.011701e+01 -3.205754e+00
    endloop
  endfacet
  facet normal 3.192110e-01 9.474904e-01 1.913818e-02
    outer loop
      vertex   1.016125e+01 3.011701e+01 -3.205754e+00
      vertex   8.657762e+00 3.058314e+01 -1.205754e+00
      vertex   1.161374e+01 2.958727e+01 -1.205754e+00
    endloop
  endfacet
  facet normal 3.209033e-01 9.469453e-01 1.776477e-02
    outer loop
      vertex   1.016125e+01 3.011701e+01 -3.205754e+00
      vertex   1.161374e+01 2.958727e+01 -1.205754e+00
      vertex   1.024177e+01 3.008973e+01 -3.205754e+00
    endloop
  endfacet
  facet normal 3.658626e-01 9.305098e-01 -1.720589e-02
    outer loop
      vertex   1.024177e+01 3.008973e+01 -3.205754e+00
      vertex   1.161374e+01 2.958727e+01 -1.205754e+00
      vertex   1.299436e+01 2.900745e+01 -3.205754e+00
    endloop
  endfacet
  facet normal 4.105445e-01 9.116403e-01 1.910882e-02
    outer loop
      vertex   1.299436e+01 2.900745e+01 -3.205754e+00
      vertex   1.161374e+01 2.958727e+01 -1.205754e+00
      vertex   1.445788e+01 2.830645e+01 -1.205754e+00
    endloop
  endfacet
  facet normal 4.507737e-01 8.924755e-01 -1.704656e-02
    outer loop
      vertex   1.299436e+01 2.900745e+01 -3.205754e+00
      vertex   1.445788e+01 2.830645e+01 -1.205754e+00
      vertex   1.563444e+01 2.767399e+01 -3.205754e+00
    endloop
  endfacet
  facet normal 4.979274e-01 8.670161e-01 1.874396e-02
    outer loop
      vertex   1.563444e+01 2.767399e+01 -3.205754e+00
      vertex   1.445788e+01 2.830645e+01 -1.205754e+00
      vertex   1.716278e+01 2.675303e+01 -1.205754e+00
    endloop
  endfacet
  facet normal 5.317856e-01 8.467187e-01 -1.647610e-02
    outer loop
      vertex   1.563444e+01 2.767399e+01 -3.205754e+00
      vertex   1.716278e+01 2.675303e+01 -1.205754e+00
      vertex   1.813914e+01 2.610090e+01 -3.205754e+00
    endloop
  endfacet
  facet normal 5.805205e-01 8.140474e-01 1.796802e-02
    outer loop
      vertex   1.813914e+01 2.610090e+01 -3.205754e+00
      vertex   1.716278e+01 2.675303e+01 -1.205754e+00
      vertex   1.970239e+01 2.494196e+01 -1.205754e+00
    endloop
  endfacet
  facet normal 6.081980e-01 7.936341e-01 -1.549452e-02
    outer loop
      vertex   1.813914e+01 2.610090e+01 -3.205754e+00
      vertex   1.970239e+01 2.494196e+01 -1.205754e+00
      vertex   2.048677e+01 2.430181e+01 -3.205754e+00
    endloop
  endfacet
  facet normal 6.575293e-01 7.532421e-01 1.678097e-02
    outer loop
      vertex   2.048677e+01 2.430181e+01 -3.205754e+00
      vertex   1.970239e+01 2.494196e+01 -1.205754e+00
      vertex   2.205226e+01 2.289068e+01 -1.205754e+00
    endloop
  endfacet
  facet normal 6.793497e-01 7.336792e-01 -1.410177e-02
    outer loop
      vertex   2.048677e+01 2.430181e+01 -3.205754e+00
      vertex   2.205226e+01 2.289068e+01 -1.205754e+00
      vertex   2.265700e+01 2.229228e+01 -3.205754e+00
    endloop
  endfacet
  facet normal 7.282123e-01 6.851834e-01 1.518277e-02
    outer loop
      vertex   2.265700e+01 2.229228e+01 -3.205754e+00
      vertex   2.205226e+01 2.289068e+01 -1.205754e+00
      vertex   2.418975e+01 2.061896e+01 -1.205754e+00
    endloop
  endfacet
  facet normal 7.446240e-01 6.673709e-01 -1.229784e-02
    outer loop
      vertex   2.265700e+01 2.229228e+01 -3.205754e+00
      vertex   2.418975e+01 2.061896e+01 -1.205754e+00
      vertex   2.463104e+01 2.008973e+01 -3.205754e+00
    endloop
  endfacet
  facet normal 7.918881e-01 6.105242e-01 1.317339e-02
    outer loop
      vertex   2.463104e+01 2.008973e+01 -3.205754e+00
      vertex   2.418975e+01 2.061896e+01 -1.205754e+00
      vertex   2.609428e+01 1.814866e+01 -1.205754e+00
    endloop
  endfacet
  facet normal 8.018717e-01 5.974574e-01 -6.812490e-03
    outer loop
      vertex   2.463104e+01 2.008973e+01 -3.205754e+00
      vertex   2.609428e+01 1.814866e+01 -1.205754e+00
      vertex   2.629609e+01 1.785500e+01 -3.205754e+00
    endloop
  endfacet
  facet normal 8.479649e-01 5.299958e-01 7.744250e-03
    outer loop
      vertex   2.629609e+01 1.785500e+01 -3.205754e+00
      vertex   2.609428e+01 1.814866e+01 -1.205754e+00
      vertex   2.774751e+01 1.550359e+01 -1.205754e+00
    endloop
  endfacet
  facet normal 8.511424e-01 5.249346e-01 -5.122118e-04
    outer loop
      vertex   2.629609e+01 1.785500e+01 -3.205754e+00
      vertex   2.774751e+01 1.550359e+01 -1.205754e+00
      vertex   2.775900e+01 1.548301e+01 -3.205754e+00
    endloop
  endfacet
  facet normal 8.938516e-01 4.483626e-01 5.209412e-04
    outer loop
      vertex   2.775900e+01 1.548301e+01 -3.205754e+00
      vertex   2.774751e+01 1.550359e+01 -1.205754e+00
      vertex   2.900851e+01 1.299200e+01 -3.205754e+00
    endloop
  endfacet
  facet normal 8.958363e-01 4.443316e-01 6.834426e-03
    outer loop
      vertex   2.900851e+01 1.299200e+01 -3.205754e+00
      vertex   2.774751e+01 1.550359e+01 -1.205754e+00
      vertex   2.913351e+01 1.270920e+01 -1.205754e+00
    endloop
  endfacet
  facet normal 9.296727e-01 3.683373e-01 -6.025930e-03
    outer loop
      vertex   2.900851e+01 1.299200e+01 -3.205754e+00
      vertex   2.913351e+01 1.270920e+01 -1.205754e+00
      vertex   3.003502e+01 1.040111e+01 -3.205754e+00
    endloop
  endfacet
  facet normal 9.350234e-01 3.543653e-01 1.251025e-02
    outer loop
      vertex   3.003502e+01 1.040111e+01 -3.205754e+00
      vertex   2.913351e+01 1.270920e+01 -1.205754e+00
      vertex   3.023895e+01 9.792418e+00 -1.205754e+00
    endloop
  endfacet
  facet normal 9.583244e-01 2.854769e-01 -1.083155e-02
    outer loop
      vertex   3.003502e+01 1.040111e+01 -3.205754e+00
      vertex   3.023895e+01 9.792418e+00 -1.205754e+00
      vertex   3.083064e+01 7.730268e+00 -3.205754e+00
    endloop
  endfacet
  facet normal 9.651999e-01 2.609957e-01 1.644452e-02
    outer loop
      vertex   3.083064e+01 7.730268e+00 -3.205754e+00
      vertex   3.023895e+01 9.792418e+00 -1.205754e+00
      vertex   3.105316e+01 6.781329e+00 -1.205754e+00
    endloop
  endfacet
  facet normal 9.796096e-01 2.004293e-01 -1.389562e-02
    outer loop
      vertex   3.083064e+01 7.730268e+00 -3.205754e+00
      vertex   3.105316e+01 6.781329e+00 -1.205754e+00
      vertex   3.138926e+01 5.000000e+00 -3.205754e+00
    endloop
  endfacet
  facet normal 9.860963e-01 1.651265e-01 1.863746e-02
    outer loop
      vertex   3.138926e+01 5.000000e+00 -3.205754e+00
      vertex   3.105316e+01 6.781329e+00 -1.205754e+00
      vertex   3.156832e+01 3.704933e+00 -1.205754e+00
    endloop
  endfacet
  facet normal 9.929144e-01 1.181863e-01 -1.236829e-02
    outer loop
      vertex   3.138926e+01 5.000000e+00 -3.205754e+00
      vertex   3.156832e+01 3.704933e+00 -1.205754e+00
      vertex   3.168590e+01 2.507818e+00 -3.205754e+00
    endloop
  endfacet
  facet normal 9.975424e-01 6.767761e-02 1.813614e-02
    outer loop
      vertex   3.168590e+01 2.507818e+00 -3.205754e+00
      vertex   3.156832e+01 3.704933e+00 -1.205754e+00
      vertex   3.177946e+01 5.928559e-01 -1.205754e+00
    endloop
  endfacet
  facet normal 9.991804e-01 3.947893e-02 -8.940185e-03
    outer loop
      vertex   3.168590e+01 2.507818e+00 -3.205754e+00
      vertex   3.177946e+01 5.928559e-01 -1.205754e+00
      vertex   3.178499e+01 7.969295e-10 -3.205754e+00
    endloop
  endfacet
  facet normal 9.994675e-01 -3.042742e-02 1.178280e-02
    outer loop
      vertex   3.178499e+01 7.969295e-10 -3.205754e+00
      vertex   3.177946e+01 5.928559e-01 -1.205754e+00
      vertex   3.168454e+01 -2.524930e+00 -1.205754e+00
    endloop
  endfacet
  facet normal 9.992203e-01 -3.948050e-02 3.411854e-04
    outer loop
      vertex   3.178499e+01 7.969295e-10 -3.205754e+00
      vertex   3.168454e+01 -2.524930e+00 -1.205754e+00
      vertex   3.168590e+01 -2.507818e+00 -3.205754e+00
    endloop
  endfacet
  facet normal 9.929903e-01 -1.181953e-01 -3.365533e-04
    outer loop
      vertex   3.168590e+01 -2.507818e+00 -3.205754e+00
      vertex   3.168454e+01 -2.524930e+00 -1.205754e+00
      vertex   3.138926e+01 -5.000000e+00 -3.205754e+00
    endloop
  endfacet
  facet normal 9.916663e-01 -1.282451e-01 1.229580e-02
    outer loop
      vertex   3.138926e+01 -5.000000e+00 -3.205754e+00
      vertex   3.168454e+01 -2.524930e+00 -1.205754e+00
      vertex   3.128449e+01 -5.618400e+00 -1.205754e+00
    endloop
  endfacet
  facet normal 9.797103e-01 -2.001405e-01 -1.056063e-02
    outer loop
      vertex   3.138926e+01 -5.000000e+00 -3.205754e+00
      vertex   3.128449e+01 -5.618400e+00 -1.205754e+00
      vertex   3.083532e+01 -7.711576e+00 -3.205754e+00
    endloop
  endfacet
  facet normal 9.742622e-01 -2.248143e-01 1.648612e-02
    outer loop
      vertex   3.083532e+01 -7.711576e+00 -3.205754e+00
      vertex   3.128449e+01 -5.618400e+00 -1.205754e+00
      vertex   3.058314e+01 -8.657762e+00 -1.205754e+00
    endloop
  endfacet
  facet normal 9.585488e-01 -2.845950e-01 -1.377704e-02
    outer loop
      vertex   3.083532e+01 -7.711576e+00 -3.205754e+00
      vertex   3.058314e+01 -8.657762e+00 -1.205754e+00
      vertex   3.004761e+01 -1.036469e+01 -3.205754e+00
    endloop
  endfacet
  facet normal 9.474978e-01 -3.192135e-01 1.872762e-02
    outer loop
      vertex   3.004761e+01 -1.036469e+01 -3.205754e+00
      vertex   3.058314e+01 -8.657762e+00 -1.205754e+00
      vertex   2.958727e+01 -1.161374e+01 -1.205754e+00
    endloop
  endfacet
  facet normal 9.301415e-01 -3.668930e-01 -1.504452e-02
    outer loop
      vertex   3.004761e+01 -1.036469e+01 -3.205754e+00
      vertex   2.958727e+01 -1.161374e+01 -1.205754e+00
      vertex   2.903209e+01 -1.293922e+01 -3.205754e+00
    endloop
  endfacet
  facet normal 9.116419e-01 -4.105452e-01 1.902064e-02
    outer loop
      vertex   2.903209e+01 -1.293922e+01 -3.205754e+00
      vertex   2.958727e+01 -1.161374e+01 -1.205754e+00
      vertex   2.830645e+01 -1.445788e+01 -1.205754e+00
    endloop
  endfacet
  facet normal 8.947088e-01 -4.464190e-01 -1.436319e-02
    outer loop
      vertex   2.903209e+01 -1.293922e+01 -3.205754e+00
      vertex   2.830645e+01 -1.445788e+01 -1.205754e+00
      vertex   2.779646e+01 -1.541565e+01 -3.205754e+00
    endloop
  endfacet
  facet normal 8.670377e-01 -4.979398e-01 1.736523e-02
    outer loop
      vertex   2.779646e+01 -1.541565e+01 -3.205754e+00
      vertex   2.830645e+01 -1.445788e+01 -1.205754e+00
      vertex   2.675303e+01 -1.716278e+01 -1.205754e+00
    endloop
  endfacet
  facet normal 8.525127e-01 -5.225748e-01 -1.173298e-02
    outer loop
      vertex   2.779646e+01 -1.541565e+01 -3.205754e+00
      vertex   2.675303e+01 -1.716278e+01 -1.205754e+00
      vertex   2.635010e+01 -1.777521e+01 -3.205754e+00
    endloop
  endfacet
  facet normal 8.141017e-01 -5.805592e-01 1.376110e-02
    outer loop
      vertex   2.635010e+01 -1.777521e+01 -3.205754e+00
      vertex   2.675303e+01 -1.716278e+01 -1.205754e+00
      vertex   2.494196e+01 -1.970239e+01 -1.205754e+00
    endloop
  endfacet
  facet normal 8.038574e-01 -5.947790e-01 -7.153711e-03
    outer loop
      vertex   2.635010e+01 -1.777521e+01 -3.205754e+00
      vertex   2.494196e+01 -1.970239e+01 -1.205754e+00
      vertex   2.470396e+01 -2.000000e+01 -3.205754e+00
    endloop
  endfacet
  facet normal 7.533228e-01 -6.575997e-01 8.207934e-03
    outer loop
      vertex   2.470396e+01 -2.000000e+01 -3.205754e+00
      vertex   2.494196e+01 -1.970239e+01 -1.205754e+00
      vertex   2.289068e+01 -2.205226e+01 -1.205754e+00
    endloop
  endfacet
  facet normal 7.473743e-01 -6.643903e-01 -4.153227e-03
    outer loop
      vertex   2.470396e+01 -2.000000e+01 -3.205754e+00
      vertex   2.289068e+01 -2.205226e+01 -1.205754e+00
      vertex   2.275649e+01 -2.219071e+01 -3.205754e+00
    endloop
  endfacet
  facet normal 6.852557e-01 -7.282891e-01 4.438442e-03
    outer loop
      vertex   2.275649e+01 -2.219071e+01 -3.205754e+00
      vertex   2.289068e+01 -2.205226e+01 -1.205754e+00
      vertex   2.061896e+01 -2.418975e+01 -1.205754e+00
    endloop
  endfacet
  facet normal 6.829978e-01 -7.304205e-01 -1.050564e-04
    outer loop
      vertex   2.275649e+01 -2.219071e+01 -3.205754e+00
      vertex   2.061896e+01 -2.418975e+01 -1.205754e+00
      vertex   2.061549e+01 -2.419271e+01 -3.205754e+00
    endloop
  endfacet
  facet normal 6.128063e-01 -7.902331e-01 1.053837e-04
    outer loop
      vertex   2.061549e+01 -2.419271e+01 -3.205754e+00
      vertex   2.061896e+01 -2.418975e+01 -1.205754e+00
      vertex   1.829916e+01 -2.598896e+01 -3.205754e+00
    endloop
  endfacet
  facet normal 6.105717e-01 -7.919497e-01 4.241510e-03
    outer loop
      vertex   1.829916e+01 -2.598896e+01 -3.205754e+00
      vertex   2.061896e+01 -2.418975e+01 -1.205754e+00
      vertex   1.814866e+01 -2.609428e+01 -1.205754e+00
    endloop
  endfacet
  facet normal 5.373991e-01 -8.433187e-01 -3.969799e-03
    outer loop
      vertex   1.829916e+01 -2.598896e+01 -3.205754e+00
      vertex   1.814866e+01 -2.609428e+01 -1.205754e+00
      vertex   1.582722e+01 -2.756419e+01 -3.205754e+00
    endloop
  endfacet
  facet normal 5.299946e-01 -8.479629e-01 8.037998e-03
    outer loop
      vertex   1.582722e+01 -2.756419e+01 -3.205754e+00
      vertex   1.814866e+01 -2.609428e+01 -1.205754e+00
      vertex   1.550359e+01 -2.774751e+01 -1.205754e+00
    endloop
  endfacet
  facet normal 4.574172e-01 -8.892207e-01 -7.487794e-03
    outer loop
      vertex   1.582722e+01 -2.756419e+01 -3.205754e+00
      vertex   1.550359e+01 -2.774751e+01 -1.205754e+00
      vertex   1.322067e+01 -2.890501e+01 -3.205754e+00
    endloop
  endfacet
  facet normal 4.443137e-01 -8.958003e-01 1.127715e-02
    outer loop
      vertex   1.322067e+01 -2.890501e+01 -3.205754e+00
      vertex   1.550359e+01 -2.774751e+01 -1.205754e+00
      vertex   1.270920e+01 -2.913351e+01 -1.205754e+00
    endloop
  endfacet
  facet normal 3.735462e-01 -9.275527e-01 -1.044843e-02
    outer loop
      vertex   1.322067e+01 -2.890501e+01 -3.205754e+00
      vertex   1.270920e+01 -2.913351e+01 -1.205754e+00
      vertex   1.050169e+01 -3.000000e+01 -3.205754e+00
    endloop
  endfacet
  facet normal 3.543585e-01 -9.350055e-01 1.395894e-02
    outer loop
      vertex   1.050169e+01 -3.000000e+01 -3.205754e+00
      vertex   1.270920e+01 -2.913351e+01 -1.205754e+00
      vertex   9.792418e+00 -3.023895e+01 -1.205754e+00
    endloop
  endfacet
  facet normal 3.277715e-01 -9.447510e-01 3.365928e-03
    outer loop
      vertex   1.050169e+01 -3.000000e+01 -3.205754e+00
      vertex   9.792418e+00 -3.023895e+01 -1.205754e+00
      vertex   1.033478e+01 -3.005791e+01 -3.205754e+00
    endloop
  endfacet
  facet normal 3.225165e-01 -9.465622e-01 1.776945e-03
    outer loop
      vertex   1.033478e+01 -3.005791e+01 -3.205754e+00
      vertex   9.792418e+00 -3.023895e+01 -1.205754e+00
      vertex   1.016755e+01 -3.011489e+01 -3.205754e+00
    endloop
  endfacet
  facet normal 3.172501e-01 -9.483417e-01 6.787781e-04
    outer loop
      vertex   1.016755e+01 -3.011489e+01 -3.205754e+00
      vertex   9.792418e+00 -3.023895e+01 -1.205754e+00
      vertex   1.000000e+01 -3.017094e+01 -3.205754e+00
    endloop
  endfacet
  facet normal 2.763168e-01 -9.610583e-01 -4.002180e-03
    outer loop
      vertex   1.000000e+01 -3.017094e+01 -3.205754e+00
      vertex   9.792418e+00 -3.023895e+01 -1.205754e+00
      vertex   7.551479e+00 -3.087492e+01 -3.205754e+00
    endloop
  endfacet
  facet normal 2.610036e-01 -9.652292e-01 1.448207e-02
    outer loop
      vertex   7.551479e+00 -3.087492e+01 -3.205754e+00
      vertex   9.792418e+00 -3.023895e+01 -1.205754e+00
      vertex   6.781329e+00 -3.105316e+01 -1.205754e+00
    endloop
  endfacet
  facet normal 1.984475e-01 -9.800506e-01 -1.092765e-02
    outer loop
      vertex   7.551479e+00 -3.087492e+01 -3.205754e+00
      vertex   6.781329e+00 -3.105316e+01 -1.205754e+00
      vertex   5.054442e+00 -3.138054e+01 -3.205754e+00
    endloop
  endfacet
  facet normal 1.651259e-01 -9.860927e-01 1.883273e-02
    outer loop
      vertex   5.054442e+00 -3.138054e+01 -3.205754e+00
      vertex   6.781329e+00 -3.105316e+01 -1.205754e+00
      vertex   3.704933e+00 -3.156832e+01 -1.205754e+00
    endloop
  endfacet
  facet normal 1.193150e-01 -9.927751e-01 -1.270574e-02
    outer loop
      vertex   5.054442e+00 -3.138054e+01 -3.205754e+00
      vertex   3.704933e+00 -3.156832e+01 -1.205754e+00
      vertex   2.524930e+00 -3.168454e+01 -3.205754e+00
    endloop
  endfacet
  facet normal 6.767773e-02 -9.975442e-01 1.803746e-02
    outer loop
      vertex   2.524930e+00 -3.168454e+01 -3.205754e+00
      vertex   3.704933e+00 -3.156832e+01 -1.205754e+00
      vertex   5.928559e-01 -3.177946e+01 -1.205754e+00
    endloop
  endfacet
  facet normal 5.298920e-02 -9.985879e-01 3.798257e-03
    outer loop
      vertex   2.524930e+00 -3.168454e+01 -3.205754e+00
      vertex   5.928559e-01 -3.177946e+01 -1.205754e+00
      vertex   8.424325e-01 -3.177382e+01 -3.205754e+00
    endloop
  endfacet
  facet normal 2.666526e-09 -9.999960e-01 -2.818144e-03
    outer loop
      vertex   8.424325e-01 -3.177382e+01 -3.205754e+00
      vertex   5.928559e-01 -3.177946e+01 -1.205754e+00
      vertex   -8.424325e-01 -3.177382e+01 -3.205754e+00
    endloop
  endfacet
  facet normal -3.042398e-02 -9.993562e-01 1.901726e-02
    outer loop
      vertex   -8.424325e-01 -3.177382e+01 -3.205754e+00
      vertex   5.928559e-01 -3.177946e+01 -1.205754e+00
      vertex   -2.524930e+00 -3.168454e+01 -1.205754e+00
    endloop
  endfacet
  facet normal -1.000000e+00 6.151260e-16 0.000000e+00
    outer loop
      vertex   -1.000000e+01 -5.500000e+01 -7.205754e+00
      vertex   -1.000000e+01 -6.077559e+01 -7.205754e+00
      vertex   -1.000000e+01 -5.500000e+01 -3.205754e+00
    endloop
  endfacet
  facet normal -1.000000e+00 6.151260e-16 0.000000e+00
    outer loop
      vertex   -1.000000e+01 -5.500000e+01 -3.205754e+00
      vertex   -1.000000e+01 -6.077559e+01 -7.205754e+00
      vertex   -1.000000e+01 -6.077559e+01 -3.205754e+00
    endloop
  endfacet
  facet normal -1.000000e+00 3.593666e-16 -1.553255e-23
    outer loop
      vertex   -1.000000e+01 -3.017094e+01 -3.205754e+00
      vertex   -1.000000e+01 -3.017094e+01 -7.205754e+00
      vertex   -1.000000e+01 -4.500000e+01 -3.205754e+00
    endloop
  endfacet
  facet normal -1.000000e+00 0.000000e+00 -1.332268e-15
    outer loop
      vertex   -1.000000e+01 -4.500000e+01 -3.205754e+00
      vertex   -1.000000e+01 -3.017094e+01 -7.205754e+00
      vertex   -1.000000e+01 -4.500000e+01 -7.205754e+00
    endloop
  endfacet
  facet normal -1.000000e+00 4.762737e-16 1.301174e-23
    outer loop
      vertex   -1.000000e+01 3.017094e+01 -3.205754e+00
      vertex   -1.000000e+01 4.508973e+01 -3.205754e+00
      vertex   -1.000000e+01 3.017094e+01 -7.205754e+00
    endloop
  endfacet
  facet normal -1.000000e+00 4.762737e-16 0.000000e+00
    outer loop
      vertex   -1.000000e+01 3.017094e+01 -7.205754e+00
      vertex   -1.000000e+01 4.508973e+01 -3.205754e+00
      vertex   -1.000000e+01 4.508973e+01 -7.205754e+00
    endloop
  endfacet
  facet normal -1.000000e+00 0.000000e+00 0.000000e+00
    outer loop
      vertex   -1.000000e+01 6.077559e+01 -7.205754e+00
      vertex   -1.000000e+01 5.508973e+01 -7.205754e+00
      vertex   -1.000000e+01 6.077559e+01 -3.205754e+00
    endloop
  endfacet
  facet normal -1.000000e+00 -0.000000e+00 0.000000e+00
    outer loop
      vertex   -1.000000e+01 6.077559e+01 -3.205754e+00
      vertex   -1.000000e+01 5.508973e+01 -7.205754e+00
      vertex   -1.000000e+01 5.508973e+01 -3.205754e+00
    endloop
  endfacet
  facet normal 1.000000e+00 -6.151260e-16 0.000000e+00
    outer loop
      vertex   1.000000e+01 -5.500000e+01 -3.205754e+00
      vertex   1.000000e+01 -6.077559e+01 -3.205754e+00
      vertex   1.000000e+01 -5.500000e+01 -7.205754e+00
    endloop
  endfacet
  facet normal 1.000000e+00 0.000000e+00 8.881784e-16
    outer loop
      vertex   1.000000e+01 -5.500000e+01 -7.205754e+00
      vertex   1.000000e+01 -6.077559e+01 -3.205754e+00
      vertex   1.000000e+01 -6.077559e+01 -7.205754e+00
    endloop
  endfacet
  facet normal 1.000000e+00 -3.593666e-16 9.636493e-24
    outer loop
      vertex   1.000000e+01 -3.017094e+01 -3.205754e+00
      vertex   1.000000e+01 -4.500000e+01 -3.205754e+00
      vertex   1.000000e+01 -3.017094e+01 -7.205754e+00
    endloop
  endfacet
  facet normal 1.000000e+00 -3.593666e-16 0.000000e+00
    outer loop
      vertex   1.000000e+01 -3.017094e+01 -7.205754e+00
      vertex   1.000000e+01 -4.500000e+01 -3.205754e+00
      vertex   1.000000e+01 -4.500000e+01 -7.205754e+00
    endloop
  endfacet
  facet normal 1.000000e+00 -1.190684e-16 -1.299401e-24
    outer loop
      vertex   1.000000e+01 3.017094e+01 -3.205754e+00
      vertex   1.000000e+01 3.017094e+01 -7.205754e+00
      vertex   1.000000e+01 4.508973e+01 -3.205754e+00
    endloop
  endfacet
  facet normal 1.000000e+00 0.000000e+00 -4.440892e-16
    outer loop
      vertex   1.000000e+01 4.508973e+01 -3.205754e+00
      vertex   1.000000e+01 3.017094e+01 -7.205754e+00
      vertex   1.000000e+01 4.508973e+01 -7.205754e+00
    endloop
  endfacet
  facet normal 1.000000e+00 3.815373e-30 4.440892e-16
    outer loop
      vertex   1.000000e+01 6.077559e+01 -3.205754e+00
      vertex   1.000000e+01 5.508973e+01 -3.205754e+00
      vertex   1.000000e+01 6.077559e+01 -7.205754e+00
    endloop
  endfacet
  facet normal 1.000000e+00 -3.124166e-16 0.000000e+00
    outer loop
      vertex   1.000000e+01 6.077559e+01 -7.205754e+00
      vertex   1.000000e+01 5.508973e+01 -3.205754e+00
      vertex   1.000000e+01 5.508973e+01 -7.205754e+00
    endloop
  endfacet
  facet normal -1.919389e-01 -9.814069e-01 -8.523800e-17
    outer loop
      vertex   1.000000e+01 6.077559e+01 -3.205754e+00
      vertex   1.000000e+01 6.077559e+01 -7.205754e+00
      vertex   1.363343e+01 6.006498e+01 -3.205754e+00
    endloop
  endfacet
  facet normal -1.919389e-01 -9.814069e-01 -0.000000e+00
    outer loop
      vertex   1.363343e+01 6.006498e+01 -3.205754e+00
      vertex   1.000000e+01 6.077559e+01 -7.205754e+00
      vertex   1.363343e+01 6.006498e+01 -7.205754e+00
    endloop
  endfacet
  facet normal -2.505566e-01 -9.681020e-01 -0.000000e+00
    outer loop
      vertex   1.363343e+01 6.006498e+01 -3.205754e+00
      vertex   1.363343e+01 6.006498e+01 -7.205754e+00
      vertex   1.721759e+01 5.913735e+01 -3.205754e+00
    endloop
  endfacet
  facet normal -2.505566e-01 -9.681020e-01 -0.000000e+00
    outer loop
      vertex   1.721759e+01 5.913735e+01 -3.205754e+00
      vertex   1.363343e+01 6.006498e+01 -7.205754e+00
      vertex   1.721759e+01 5.913735e+01 -7.205754e+00
    endloop
  endfacet
  facet normal -3.082690e-01 -9.512992e-01 -0.000000e+00
    outer loop
      vertex   1.721759e+01 5.913735e+01 -3.205754e+00
      vertex   1.721759e+01 5.913735e+01 -7.205754e+00
      vertex   2.073955e+01 5.799606e+01 -3.205754e+00
    endloop
  endfacet
  facet normal -3.082690e-01 -9.512992e-01 -0.000000e+00
    outer loop
      vertex   2.073955e+01 5.799606e+01 -3.205754e+00
      vertex   1.721759e+01 5.913735e+01 -7.205754e+00
      vertex   2.073955e+01 5.799606e+01 -7.205754e+00
    endloop
  endfacet
  facet normal -3.648676e-01 -9.310594e-01 -0.000000e+00
    outer loop
      vertex   2.073955e+01 5.799606e+01 -3.205754e+00
      vertex   2.073955e+01 5.799606e+01 -7.205754e+00
      vertex   2.418658e+01 5.664522e+01 -3.205754e+00
    endloop
  endfacet
  facet normal -3.648676e-01 -9.310594e-01 -0.000000e+00
    outer loop
      vertex   2.418658e+01 5.664522e+01 -3.205754e+00
      vertex   2.073955e+01 5.799606e+01 -7.205754e+00
      vertex   2.418658e+01 5.664522e+01 -7.205754e+00
    endloop
  endfacet
  facet normal -4.201480e-01 -9.074556e-01 -0.000000e+00
    outer loop
      vertex   2.418658e+01 5.664522e+01 -3.205754e+00
      vertex   2.418658e+01 5.664522e+01 -7.205754e+00
      vertex   2.754621e+01 5.508973e+01 -3.205754e+00
    endloop
  endfacet
  facet normal -4.201480e-01 -9.074556e-01 -0.000000e+00
    outer loop
      vertex   2.754621e+01 5.508973e+01 -3.205754e+00
      vertex   2.418658e+01 5.664522e+01 -7.205754e+00
      vertex   2.754621e+01 5.508973e+01 -7.205754e+00
    endloop
  endfacet
  facet normal 0.000000e+00 0.000000e+00 1.000000e+00
    outer loop
      vertex   1.000000e+01 6.077559e+01 -7.205754e+00
      vertex   1.000000e+01 5.508973e+01 -7.205754e+00
      vertex   1.363343e+01 6.006498e+01 -7.205754e+00
    endloop
  endfacet
  facet normal 0.000000e+00 0.000000e+00 1.000000e+00
    outer loop
      vertex   1.363343e+01 6.006498e+01 -7.205754e+00
      vertex   1.000000e+01 5.508973e+01 -7.205754e+00
      vertex   1.721759e+01 5.913735e+01 -7.205754e+00
    endloop
  endfacet
  facet normal 0.000000e+00 0.000000e+00 1.000000e+00
    outer loop
      vertex   1.721759e+01 5.913735e+01 -7.205754e+00
      vertex   1.000000e+01 5.508973e+01 -7.205754e+00
      vertex   2.073955e+01 5.799606e+01 -7.205754e+00
    endloop
  endfacet
  facet normal 0.000000e+00 0.000000e+00 1.000000e+00
    outer loop
      vertex   2.073955e+01 5.799606e+01 -7.205754e+00
      vertex   1.000000e+01 5.508973e+01 -7.205754e+00
      vertex   2.418658e+01 5.664522e+01 -7.205754e+00
    endloop
  endfacet
  facet normal 0.000000e+00 0.000000e+00 1.000000e+00
    outer loop
      vertex   2.418658e+01 5.664522e+01 -7.205754e+00
      vertex   1.000000e+01 5.508973e+01 -7.205754e+00
      vertex   2.754621e+01 5.508973e+01 -7.205754e+00
    endloop
  endfacet
  facet normal 0.000000e+00 1.000000e+00 0.000000e+00
    outer loop
      vertex   1.000000e+01 5.508973e+01 -3.205754e+00
      vertex   2.754621e+01 5.508973e+01 -3.205754e+00
      vertex   1.000000e+01 5.508973e+01 -7.205754e+00
    endloop
  endfacet
  facet normal 0.000000e+00 1.000000e+00 0.000000e+00
    outer loop
      vertex   1.000000e+01 5.508973e+01 -7.205754e+00
      vertex   2.754621e+01 5.508973e+01 -3.205754e+00
      vertex   2.754621e+01 5.508973e+01 -7.205754e+00
    endloop
  endfacet
  facet normal 3.158831e-01 9.487981e-01 1.035429e-08
    outer loop
      vertex   1.000000e+01 3.017094e+01 -7.205754e+00
      vertex   1.000000e+01 3.017094e+01 -3.205754e+00
      vertex   1.008066e+01 3.014408e+01 -7.205754e+00
    endloop
  endfacet
  facet normal 3.158826e-01 9.487983e-01 3.062367e-12
    outer loop
      vertex   1.008066e+01 3.014408e+01 -7.205754e+00
      vertex   1.000000e+01 3.017094e+01 -3.205754e+00
      vertex   1.008066e+01 3.014408e+01 -3.205754e+00
    endloop
  endfacet
  facet normal 3.184197e-01 9.479498e-01 -3.060892e-12
    outer loop
      vertex   1.008066e+01 3.014408e+01 -7.205754e+00
      vertex   1.008066e+01 3.014408e+01 -3.205754e+00
      vertex   1.016125e+01 3.011701e+01 -7.205754e+00
    endloop
  endfacet
  facet normal 3.184197e-01 9.479498e-01 1.529254e-12
    outer loop
      vertex   1.016125e+01 3.011701e+01 -7.205754e+00
      vertex   1.008066e+01 3.014408e+01 -3.205754e+00
      vertex   1.016125e+01 3.011701e+01 -3.205754e+00
    endloop
  endfacet
  facet normal 3.209540e-01 9.470948e-01 -1.531817e-12
    outer loop
      vertex   1.016125e+01 3.011701e+01 -7.205754e+00
      vertex   1.016125e+01 3.011701e+01 -3.205754e+00
      vertex   1.024177e+01 3.008973e+01 -7.205754e+00
    endloop
  endfacet
  facet normal 3.209540e-01 9.470948e-01 -0.000000e+00
    outer loop
      vertex   1.024177e+01 3.008973e+01 -7.205754e+00
      vertex   1.016125e+01 3.011701e+01 -3.205754e+00
      vertex   1.024177e+01 3.008973e+01 -3.205754e+00
    endloop
  endfacet
  facet normal -3.158831e-01 9.487981e-01 2.592104e-08
    outer loop
      vertex   -1.000000e+01 3.017094e+01 -7.205754e+00
      vertex   -1.008066e+01 3.014408e+01 -7.205754e+00
      vertex   -1.000000e+01 3.017094e+01 -3.205754e+00
    endloop
  endfacet
  facet normal -3.158819e-01 9.487985e-01 7.670918e-12
    outer loop
      vertex   -1.000000e+01 3.017094e+01 -3.205754e+00
      vertex   -1.008066e+01 3.014408e+01 -7.205754e+00
      vertex   -1.008066e+01 3.014408e+01 -3.205754e+00
    endloop
  endfacet
  facet normal -3.184197e-01 9.479498e-01 -7.662318e-12
    outer loop
      vertex   -1.008066e+01 3.014408e+01 -3.205754e+00
      vertex   -1.008066e+01 3.014408e+01 -7.205754e+00
      vertex   -1.016125e+01 3.011701e+01 -7.205754e+00
    endloop
  endfacet
  facet normal -3.184197e-01 9.479498e-01 3.831535e-12
    outer loop
      vertex   -1.008066e+01 3.014408e+01 -3.205754e+00
      vertex   -1.016125e+01 3.011701e+01 -7.205754e+00
      vertex   -1.016125e+01 3.011701e+01 -3.205754e+00
    endloop
  endfacet
  facet normal -3.209540e-01 9.470948e-01 -3.831590e-12
    outer loop
      vertex   -1.016125e+01 3.011701e+01 -3.205754e+00
      vertex   -1.016125e+01 3.011701e+01 -7.205754e+00
      vertex   -1.024177e+01 3.008973e+01 -7.205754e+00
    endloop
  endfacet
  facet normal -3.209540e-01 9.470948e-01 0.000000e+00
    outer loop
      vertex   -1.016125e+01 3.011701e+01 -3.205754e+00
      vertex   -1.024177e+01 3.008973e+01 -7.205754e+00
      vertex   -1.024177e+01 3.008973e+01 -3.205754e+00
    endloop
  endfacet
  facet normal 0.000000e+00 -1.000000e+00 0.000000e+00
    outer loop
      vertex   1.000000e+01 4.508973e+01 -7.205754e+00
      vertex   4.195937e+01 4.508973e+01 -7.205754e+00
      vertex   1.000000e+01 4.508973e+01 -3.205754e+00
    endloop
  endfacet
  facet normal 0.000000e+00 -1.000000e+00 0.000000e+00
    outer loop
      vertex   1.000000e+01 4.508973e+01 -3.205754e+00
      vertex   4.195937e+01 4.508973e+01 -7.205754e+00
      vertex   4.195937e+01 4.508973e+01 -3.205754e+00
    endloop
  endfacet
  facet normal 0.000000e+00 0.000000e+00 1.000000e+00
    outer loop
      vertex   1.000000e+01 3.017094e+01 -7.205754e+00
      vertex   4.722892e+01 3.953607e+01 -7.205754e+00
      vertex   1.000000e+01 4.508973e+01 -7.205754e+00
    endloop
  endfacet
  facet normal 0.000000e+00 0.000000e+00 1.000000e+00
    outer loop
      vertex   1.000000e+01 4.508973e+01 -7.205754e+00
      vertex   4.722892e+01 3.953607e+01 -7.205754e+00
      vertex   4.468052e+01 4.239485e+01 -7.205754e+00
    endloop
  endfacet
  facet normal -0.000000e+00 0.000000e+00 1.000000e+00
    outer loop
      vertex   1.000000e+01 4.508973e+01 -7.205754e+00
      vertex   4.468052e+01 4.239485e+01 -7.205754e+00
      vertex   4.195937e+01 4.508973e+01 -7.205754e+00
    endloop
  endfacet
  facet normal 0.000000e+00 0.000000e+00 1.000000e+00
    outer loop
      vertex   4.722892e+01 3.953607e+01 -7.205754e+00
      vertex   1.000000e+01 3.017094e+01 -7.205754e+00
      vertex   4.959473e+01 3.652444e+01 -7.205754e+00
    endloop
  endfacet
  facet normal 0.000000e+00 0.000000e+00 1.000000e+00
    outer loop
      vertex   4.959473e+01 3.652444e+01 -7.205754e+00
      vertex   1.000000e+01 3.017094e+01 -7.205754e+00
      vertex   1.008066e+01 3.014408e+01 -7.205754e+00
    endloop
  endfacet
  facet normal 0.000000e+00 0.000000e+00 1.000000e+00
    outer loop
      vertex   4.959473e+01 3.652444e+01 -7.205754e+00
      vertex   1.008066e+01 3.014408e+01 -7.205754e+00
      vertex   1.016125e+01 3.011701e+01 -7.205754e+00
    endloop
  endfacet
  facet normal -0.000000e+00 0.000000e+00 1.000000e+00
    outer loop
      vertex   1.016125e+01 3.011701e+01 -7.205754e+00
      vertex   1.024177e+01 3.008973e+01 -7.205754e+00
      vertex   4.959473e+01 3.652444e+01 -7.205754e+00
    endloop
  endfacet
  facet normal 0.000000e+00 0.000000e+00 1.000000e+00
    outer loop
      vertex   4.959473e+01 3.652444e+01 -7.205754e+00
      vertex   1.024177e+01 3.008973e+01 -7.205754e+00
      vertex   5.176880e+01 3.337159e+01 -7.205754e+00
    endloop
  endfacet
  facet normal 0.000000e+00 0.000000e+00 1.000000e+00
    outer loop
      vertex   5.176880e+01 3.337159e+01 -7.205754e+00
      vertex   1.024177e+01 3.008973e+01 -7.205754e+00
      vertex   5.374272e+01 3.008973e+01 -7.205754e+00
    endloop
  endfacet
  facet normal 3.172508e-01 -9.483417e-01 2.542999e-08
    outer loop
      vertex   1.000000e+01 -3.017094e+01 -7.205754e+00
      vertex   1.016755e+01 -3.011489e+01 -7.205754e+00
      vertex   1.000000e+01 -3.017094e+01 -3.205754e+00
    endloop
  endfacet
  facet normal 3.172502e-01 -9.483419e-01 1.563399e-11
    outer loop
      vertex   1.000000e+01 -3.017094e+01 -3.205754e+00
      vertex   1.016755e+01 -3.011489e+01 -7.205754e+00
      vertex   1.016755e+01 -3.011489e+01 -3.205754e+00
    endloop
  endfacet
  facet normal 3.225170e-01 -9.465637e-01 -1.563098e-11
    outer loop
      vertex   1.016755e+01 -3.011489e+01 -3.205754e+00
      vertex   1.016755e+01 -3.011489e+01 -7.205754e+00
      vertex   1.033478e+01 -3.005791e+01 -7.205754e+00
    endloop
  endfacet
  facet normal 3.225170e-01 -9.465637e-01 7.815925e-12
    outer loop
      vertex   1.016755e+01 -3.011489e+01 -3.205754e+00
      vertex   1.033478e+01 -3.005791e+01 -7.205754e+00
      vertex   1.033478e+01 -3.005791e+01 -3.205754e+00
    endloop
  endfacet
  facet normal 3.277734e-01 -9.447564e-01 -7.814939e-12
    outer loop
      vertex   1.033478e+01 -3.005791e+01 -3.205754e+00
      vertex   1.033478e+01 -3.005791e+01 -7.205754e+00
      vertex   1.050169e+01 -3.000000e+01 -7.205754e+00
    endloop
  endfacet
  facet normal 3.277734e-01 -9.447564e-01 0.000000e+00
    outer loop
      vertex   1.033478e+01 -3.005791e+01 -3.205754e+00
      vertex   1.050169e+01 -3.000000e+01 -7.205754e+00
      vertex   1.050169e+01 -3.000000e+01 -3.205754e+00
    endloop
  endfacet
  facet normal 0.000000e+00 0.000000e+00 1.000000e+00
    outer loop
      vertex   1.000000e+01 -4.500000e+01 -7.205754e+00
      vertex   4.730589e+01 -3.944394e+01 -7.205754e+00
      vertex   1.000000e+01 -3.017094e+01 -7.205754e+00
    endloop
  endfacet
  facet normal 0.000000e+00 0.000000e+00 1.000000e+00
    outer loop
      vertex   1.000000e+01 -3.017094e+01 -7.205754e+00
      vertex   4.730589e+01 -3.944394e+01 -7.205754e+00
      vertex   4.966242e+01 -3.643234e+01 -7.205754e+00
    endloop
  endfacet
  facet normal -0.000000e+00 0.000000e+00 1.000000e+00
    outer loop
      vertex   1.000000e+01 -3.017094e+01 -7.205754e+00
      vertex   4.966242e+01 -3.643234e+01 -7.205754e+00
      vertex   1.016755e+01 -3.011489e+01 -7.205754e+00
    endloop
  endfacet
  facet normal -0.000000e+00 0.000000e+00 1.000000e+00
    outer loop
      vertex   1.016755e+01 -3.011489e+01 -7.205754e+00
      vertex   4.966242e+01 -3.643234e+01 -7.205754e+00
      vertex   1.033478e+01 -3.005791e+01 -7.205754e+00
    endloop
  endfacet
  facet normal -0.000000e+00 0.000000e+00 1.000000e+00
    outer loop
      vertex   1.033478e+01 -3.005791e+01 -7.205754e+00
      vertex   4.966242e+01 -3.643234e+01 -7.205754e+00
      vertex   1.050169e+01 -3.000000e+01 -7.205754e+00
    endloop
  endfacet
  facet normal 0.000000e+00 0.000000e+00 1.000000e+00
    outer loop
      vertex   1.050169e+01 -3.000000e+01 -7.205754e+00
      vertex   4.966242e+01 -3.643234e+01 -7.205754e+00
      vertex   5.182753e+01 -3.328031e+01 -7.205754e+00
    endloop
  endfacet
  facet normal -0.000000e+00 0.000000e+00 1.000000e+00
    outer loop
      vertex   1.050169e+01 -3.000000e+01 -7.205754e+00
      vertex   5.182753e+01 -3.328031e+01 -7.205754e+00
      vertex   5.379286e+01 -3.000000e+01 -7.205754e+00
    endloop
  endfacet
  facet normal 0.000000e+00 -0.000000e+00 1.000000e+00
    outer loop
      vertex   4.205558e+01 -4.500000e+01 -7.205754e+00
      vertex   4.476702e+01 -4.230350e+01 -7.205754e+00
      vertex   1.000000e+01 -4.500000e+01 -7.205754e+00
    endloop
  endfacet
  facet normal 0.000000e+00 0.000000e+00 1.000000e+00
    outer loop
      vertex   1.000000e+01 -4.500000e+01 -7.205754e+00
      vertex   4.476702e+01 -4.230350e+01 -7.205754e+00
      vertex   4.730589e+01 -3.944394e+01 -7.205754e+00
    endloop
  endfacet
  facet normal -0.000000e+00 1.000000e+00 0.000000e+00
    outer loop
      vertex   1.000000e+01 -4.500000e+01 -3.205754e+00
      vertex   4.205558e+01 -4.500000e+01 -3.205754e+00
      vertex   1.000000e+01 -4.500000e+01 -7.205754e+00
    endloop
  endfacet
  facet normal 0.000000e+00 1.000000e+00 0.000000e+00
    outer loop
      vertex   1.000000e+01 -4.500000e+01 -7.205754e+00
      vertex   4.205558e+01 -4.500000e+01 -3.205754e+00
      vertex   4.205558e+01 -4.500000e+01 -7.205754e+00
    endloop
  endfacet
  facet normal 0.000000e+00 -1.000000e+00 0.000000e+00
    outer loop
      vertex   1.000000e+01 -5.500000e+01 -7.205754e+00
      vertex   2.772493e+01 -5.500000e+01 -7.205754e+00
      vertex   1.000000e+01 -5.500000e+01 -3.205754e+00
    endloop
  endfacet
  facet normal 0.000000e+00 -1.000000e+00 0.000000e+00
    outer loop
      vertex   1.000000e+01 -5.500000e+01 -3.205754e+00
      vertex   2.772493e+01 -5.500000e+01 -7.205754e+00
      vertex   2.772493e+01 -5.500000e+01 -3.205754e+00
    endloop
  endfacet
  facet normal 0.000000e+00 0.000000e+00 1.000000e+00
    outer loop
      vertex   1.000000e+01 -6.077559e+01 -7.205754e+00
      vertex   1.367243e+01 -6.005611e+01 -7.205754e+00
      vertex   1.000000e+01 -5.500000e+01 -7.205754e+00
    endloop
  endfacet
  facet normal 0.000000e+00 0.000000e+00 1.000000e+00
    outer loop
      vertex   1.000000e+01 -5.500000e+01 -7.205754e+00
      vertex   1.367243e+01 -6.005611e+01 -7.205754e+00
      vertex   1.729438e+01 -5.911494e+01 -7.205754e+00
    endloop
  endfacet
  facet normal 0.000000e+00 0.000000e+00 1.000000e+00
    outer loop
      vertex   1.000000e+01 -5.500000e+01 -7.205754e+00
      vertex   1.729438e+01 -5.911494e+01 -7.205754e+00
      vertex   2.085249e+01 -5.795555e+01 -7.205754e+00
    endloop
  endfacet
  facet normal 0.000000e+00 -0.000000e+00 1.000000e+00
    outer loop
      vertex   2.085249e+01 -5.795555e+01 -7.205754e+00
      vertex   2.433363e+01 -5.658221e+01 -7.205754e+00
      vertex   1.000000e+01 -5.500000e+01 -7.205754e+00
    endloop
  endfacet
  facet normal -0.000000e+00 0.000000e+00 1.000000e+00
    outer loop
      vertex   1.000000e+01 -5.500000e+01 -7.205754e+00
      vertex   2.433363e+01 -5.658221e+01 -7.205754e+00
      vertex   2.772493e+01 -5.500000e+01 -7.205754e+00
    endloop
  endfacet
  facet normal -1.922575e-01 9.813445e-01 -1.707590e-16
    outer loop
      vertex   1.000000e+01 -6.077559e+01 -7.205754e+00
      vertex   1.000000e+01 -6.077559e+01 -3.205754e+00
      vertex   1.367243e+01 -6.005611e+01 -7.205754e+00
    endloop
  endfacet
  facet normal -1.922575e-01 9.813445e-01 0.000000e+00
    outer loop
      vertex   1.367243e+01 -6.005611e+01 -7.205754e+00
      vertex   1.000000e+01 -6.077559e+01 -3.205754e+00
      vertex   1.367243e+01 -6.005611e+01 -3.205754e+00
    endloop
  endfacet
  facet normal -2.514994e-01 9.678574e-01 0.000000e+00
    outer loop
      vertex   1.367243e+01 -6.005611e+01 -7.205754e+00
      vertex   1.367243e+01 -6.005611e+01 -3.205754e+00
      vertex   1.729438e+01 -5.911494e+01 -7.205754e+00
    endloop
  endfacet
  facet normal -2.514994e-01 9.678574e-01 0.000000e+00
    outer loop
      vertex   1.729438e+01 -5.911494e+01 -7.205754e+00
      vertex   1.367243e+01 -6.005611e+01 -3.205754e+00
      vertex   1.729438e+01 -5.911494e+01 -3.205754e+00
    endloop
  endfacet
  facet normal -3.098129e-01 9.507975e-01 0.000000e+00
    outer loop
      vertex   1.729438e+01 -5.911494e+01 -7.205754e+00
      vertex   1.729438e+01 -5.911494e+01 -3.205754e+00
      vertex   2.085249e+01 -5.795555e+01 -7.205754e+00
    endloop
  endfacet
  facet normal -3.098129e-01 9.507975e-01 0.000000e+00
    outer loop
      vertex   2.085249e+01 -5.795555e+01 -7.205754e+00
      vertex   1.729438e+01 -5.911494e+01 -3.205754e+00
      vertex   2.085249e+01 -5.795555e+01 -3.205754e+00
    endloop
  endfacet
  facet normal -3.669827e-01 9.302277e-01 0.000000e+00
    outer loop
      vertex   2.085249e+01 -5.795555e+01 -7.205754e+00
      vertex   2.085249e+01 -5.795555e+01 -3.205754e+00
      vertex   2.433363e+01 -5.658221e+01 -7.205754e+00
    endloop
  endfacet
  facet normal -3.669827e-01 9.302277e-01 0.000000e+00
    outer loop
      vertex   2.433363e+01 -5.658221e+01 -7.205754e+00
      vertex   2.085249e+01 -5.795555e+01 -3.205754e+00
      vertex   2.433363e+01 -5.658221e+01 -3.205754e+00
    endloop
  endfacet
  facet normal -4.227978e-01 9.062240e-01 0.000000e+00
    outer loop
      vertex   2.433363e+01 -5.658221e+01 -7.205754e+00
      vertex   2.433363e+01 -5.658221e+01 -3.205754e+00
      vertex   2.772493e+01 -5.500000e+01 -7.205754e+00
    endloop
  endfacet
  facet normal -4.227978e-01 9.062240e-01 0.000000e+00
    outer loop
      vertex   2.772493e+01 -5.500000e+01 -7.205754e+00
      vertex   2.433363e+01 -5.658221e+01 -3.205754e+00
      vertex   2.772493e+01 -5.500000e+01 -3.205754e+00
    endloop
  endfacet
  facet normal 0.000000e+00 0.000000e+00 1.000000e+00
    outer loop
      vertex   -1.000000e+01 6.077559e+01 -7.205754e+00
      vertex   -1.363343e+01 6.006498e+01 -7.205754e+00
      vertex   -1.000000e+01 5.508973e+01 -7.205754e+00
    endloop
  endfacet
  facet normal 0.000000e+00 0.000000e+00 1.000000e+00
    outer loop
      vertex   -1.000000e+01 5.508973e+01 -7.205754e+00
      vertex   -1.363343e+01 6.006498e+01 -7.205754e+00
      vertex   -1.721759e+01 5.913735e+01 -7.205754e+00
    endloop
  endfacet
  facet normal 0.000000e+00 0.000000e+00 1.000000e+00
    outer loop
      vertex   -1.000000e+01 5.508973e+01 -7.205754e+00
      vertex   -1.721759e+01 5.913735e+01 -7.205754e+00
      vertex   -2.073955e+01 5.799606e+01 -7.205754e+00
    endloop
  endfacet
  facet normal 0.000000e+00 0.000000e+00 1.000000e+00
    outer loop
      vertex   -2.073955e+01 5.799606e+01 -7.205754e+00
      vertex   -2.418658e+01 5.664522e+01 -7.205754e+00
      vertex   -1.000000e+01 5.508973e+01 -7.205754e+00
    endloop
  endfacet
  facet normal 0.000000e+00 0.000000e+00 1.000000e+00
    outer loop
      vertex   -1.000000e+01 5.508973e+01 -7.205754e+00
      vertex   -2.418658e+01 5.664522e+01 -7.205754e+00
      vertex   -2.754622e+01 5.508973e+01 -7.205754e+00
    endloop
  endfacet
  facet normal 0.000000e+00 1.000000e+00 -0.000000e+00
    outer loop
      vertex   -1.000000e+01 5.508973e+01 -7.205754e+00
      vertex   -2.754622e+01 5.508973e+01 -7.205754e+00
      vertex   -1.000000e+01 5.508973e+01 -3.205754e+00
    endloop
  endfacet
  facet normal 0.000000e+00 1.000000e+00 0.000000e+00
    outer loop
      vertex   -1.000000e+01 5.508973e+01 -3.205754e+00
      vertex   -2.754622e+01 5.508973e+01 -7.205754e+00
      vertex   -2.754622e+01 5.508973e+01 -3.205754e+00
    endloop
  endfacet
  facet normal 0.000000e+00 0.000000e+00 1.000000e+00
    outer loop
      vertex   -1.000000e+01 -3.017094e+01 -7.205754e+00
      vertex   -4.730589e+01 -3.944394e+01 -7.205754e+00
      vertex   -1.000000e+01 -4.500000e+01 -7.205754e+00
    endloop
  endfacet
  facet normal 0.000000e+00 0.000000e+00 1.000000e+00
    outer loop
      vertex   -1.000000e+01 -4.500000e+01 -7.205754e+00
      vertex   -4.730589e+01 -3.944394e+01 -7.205754e+00
      vertex   -4.476702e+01 -4.230350e+01 -7.205754e+00
    endloop
  endfacet
  facet normal 0.000000e+00 0.000000e+00 1.000000e+00
    outer loop
      vertex   -1.000000e+01 -4.500000e+01 -7.205754e+00
      vertex   -4.476702e+01 -4.230350e+01 -7.205754e+00
      vertex   -4.205558e+01 -4.500000e+01 -7.205754e+00
    endloop
  endfacet
  facet normal 0.000000e+00 -0.000000e+00 1.000000e+00
    outer loop
      vertex   -4.730589e+01 -3.944394e+01 -7.205754e+00
      vertex   -1.000000e+01 -3.017094e+01 -7.205754e+00
      vertex   -4.966242e+01 -3.643234e+01 -7.205754e+00
    endloop
  endfacet
  facet normal 0.000000e+00 0.000000e+00 1.000000e+00
    outer loop
      vertex   -4.966242e+01 -3.643234e+01 -7.205754e+00
      vertex   -1.000000e+01 -3.017094e+01 -7.205754e+00
      vertex   -1.016755e+01 -3.011489e+01 -7.205754e+00
    endloop
  endfacet
  facet normal 0.000000e+00 0.000000e+00 1.000000e+00
    outer loop
      vertex   -4.966242e+01 -3.643234e+01 -7.205754e+00
      vertex   -1.016755e+01 -3.011489e+01 -7.205754e+00
      vertex   -1.033478e+01 -3.005791e+01 -7.205754e+00
    endloop
  endfacet
  facet normal 0.000000e+00 0.000000e+00 1.000000e+00
    outer loop
      vertex   -1.033478e+01 -3.005791e+01 -7.205754e+00
      vertex   -1.050169e+01 -3.000000e+01 -7.205754e+00
      vertex   -4.966242e+01 -3.643234e+01 -7.205754e+00
    endloop
  endfacet
  facet normal 0.000000e+00 -0.000000e+00 1.000000e+00
    outer loop
      vertex   -4.966242e+01 -3.643234e+01 -7.205754e+00
      vertex   -1.050169e+01 -3.000000e+01 -7.205754e+00
      vertex   -5.182753e+01 -3.328031e+01 -7.205754e+00
    endloop
  endfacet
  facet normal 0.000000e+00 -0.000000e+00 1.000000e+00
    outer loop
      vertex   -5.182753e+01 -3.328031e+01 -7.205754e+00
      vertex   -1.050169e+01 -3.000000e+01 -7.205754e+00
      vertex   -5.379286e+01 -3.000000e+01 -7.205754e+00
    endloop
  endfacet
  facet normal 0.000000e+00 -1.000000e+00 0.000000e+00
    outer loop
      vertex   1.050169e+01 -3.000000e+01 -7.205754e+00
      vertex   5.379286e+01 -3.000000e+01 -7.205754e+00
      vertex   1.050169e+01 -3.000000e+01 -3.205754e+00
    endloop
  endfacet
  facet normal 0.000000e+00 -1.000000e+00 0.000000e+00
    outer loop
      vertex   1.050169e+01 -3.000000e+01 -3.205754e+00
      vertex   5.379286e+01 -3.000000e+01 -7.205754e+00
      vertex   5.379286e+01 -3.000000e+01 -3.205754e+00
    endloop
  endfacet
  facet normal -8.578221e-01 5.139467e-01 0.000000e+00
    outer loop
      vertex   5.379286e+01 -3.000000e+01 -3.205754e+00
      vertex   5.379286e+01 -3.000000e+01 -7.205754e+00
      vertex   5.182753e+01 -3.328031e+01 -3.205754e+00
    endloop
  endfacet
  facet normal -8.578221e-01 5.139467e-01 0.000000e+00
    outer loop
      vertex   5.182753e+01 -3.328031e+01 -3.205754e+00
      vertex   5.379286e+01 -3.000000e+01 -7.205754e+00
      vertex   5.182753e+01 -3.328031e+01 -7.205754e+00
    endloop
  endfacet
  facet normal -8.242758e-01 5.661886e-01 0.000000e+00
    outer loop
      vertex   5.182753e+01 -3.328031e+01 -3.205754e+00
      vertex   5.182753e+01 -3.328031e+01 -7.205754e+00
      vertex   4.966242e+01 -3.643234e+01 -3.205754e+00
    endloop
  endfacet
  facet normal -8.242758e-01 5.661886e-01 0.000000e+00
    outer loop
      vertex   4.966242e+01 -3.643234e+01 -3.205754e+00
      vertex   5.182753e+01 -3.328031e+01 -7.205754e+00
      vertex   4.966242e+01 -3.643234e+01 -7.205754e+00
    endloop
  endfacet
  facet normal -7.875522e-01 6.162480e-01 0.000000e+00
    outer loop
      vertex   4.966242e+01 -3.643234e+01 -3.205754e+00
      vertex   4.966242e+01 -3.643234e+01 -7.205754e+00
      vertex   4.730589e+01 -3.944394e+01 -3.205754e+00
    endloop
  endfacet
  facet normal -7.875522e-01 6.162480e-01 0.000000e+00
    outer loop
      vertex   4.730589e+01 -3.944394e+01 -3.205754e+00
      vertex   4.966242e+01 -3.643234e+01 -7.205754e+00
      vertex   4.730589e+01 -3.944394e+01 -7.205754e+00
    endloop
  endfacet
  facet normal -7.477929e-01 6.639321e-01 0.000000e+00
    outer loop
      vertex   4.730589e+01 -3.944394e+01 -3.205754e+00
      vertex   4.730589e+01 -3.944394e+01 -7.205754e+00
      vertex   4.476702e+01 -4.230350e+01 -3.205754e+00
    endloop
  endfacet
  facet normal -7.477929e-01 6.639321e-01 0.000000e+00
    outer loop
      vertex   4.476702e+01 -4.230350e+01 -3.205754e+00
      vertex   4.730589e+01 -3.944394e+01 -7.205754e+00
      vertex   4.476702e+01 -4.230350e+01 -7.205754e+00
    endloop
  endfacet
  facet normal -7.051512e-01 7.090570e-01 0.000000e+00
    outer loop
      vertex   4.476702e+01 -4.230350e+01 -3.205754e+00
      vertex   4.476702e+01 -4.230350e+01 -7.205754e+00
      vertex   4.205558e+01 -4.500000e+01 -3.205754e+00
    endloop
  endfacet
  facet normal -7.051512e-01 7.090570e-01 0.000000e+00
    outer loop
      vertex   4.205558e+01 -4.500000e+01 -3.205754e+00
      vertex   4.476702e+01 -4.230350e+01 -7.205754e+00
      vertex   4.205558e+01 -4.500000e+01 -7.205754e+00
    endloop
  endfacet
  facet normal 0.000000e+00 1.000000e+00 0.000000e+00
    outer loop
      vertex   -1.000000e+01 -4.500000e+01 -7.205754e+00
      vertex   -4.205558e+01 -4.500000e+01 -7.205754e+00
      vertex   -1.000000e+01 -4.500000e+01 -3.205754e+00
    endloop
  endfacet
  facet normal 0.000000e+00 1.000000e+00 0.000000e+00
    outer loop
      vertex   -1.000000e+01 -4.500000e+01 -3.205754e+00
      vertex   -4.205558e+01 -4.500000e+01 -7.205754e+00
      vertex   -4.205558e+01 -4.500000e+01 -3.205754e+00
    endloop
  endfacet
  facet normal 8.776634e-17 -1.155466e-17 1.000000e+00
    outer loop
      vertex   4.089778e+01 1.022354e+01 -7.205754e+00
      vertex   6.095518e+01 8.839542e+00 -7.205754e+00
      vertex   4.100000e+01 1.100000e+01 -7.205754e+00
    endloop
  endfacet
  facet normal 9.075855e-17 1.608301e-17 1.000000e+00
    outer loop
      vertex   4.100000e+01 1.100000e+01 -7.205754e+00
      vertex   6.095518e+01 8.839542e+00 -7.205754e+00
      vertex   6.028096e+01 1.264429e+01 -7.205754e+00
    endloop
  endfacet
  facet normal 9.110722e-17 1.199449e-17 1.000000e+00
    outer loop
      vertex   4.100000e+01 1.100000e+01 -7.205754e+00
      vertex   6.028096e+01 1.264429e+01 -7.205754e+00
      vertex   4.089778e+01 1.177646e+01 -7.205754e+00
    endloop
  endfacet
  facet normal 8.997561e-17 3.726912e-17 1.000000e+00
    outer loop
      vertex   4.089778e+01 1.177646e+01 -7.205754e+00
      vertex   6.028096e+01 1.264429e+01 -7.205754e+00
      vertex   4.059808e+01 1.250000e+01 -7.205754e+00
    endloop
  endfacet
  facet normal 8.974400e-17 6.886299e-17 1.000000e+00
    outer loop
      vertex   4.059808e+01 1.250000e+01 -7.205754e+00
      vertex   6.028096e+01 1.264429e+01 -7.205754e+00
      vertex   4.012132e+01 1.312132e+01 -7.205754e+00
    endloop
  endfacet
  facet normal 8.862356e-17 2.151221e-17 1.000000e+00
    outer loop
      vertex   4.012132e+01 1.312132e+01 -7.205754e+00
      vertex   6.028096e+01 1.264429e+01 -7.205754e+00
      vertex   5.936948e+01 1.639928e+01 -7.205754e+00
    endloop
  endfacet
  facet normal 7.552511e-17 9.842624e-17 1.000000e+00
    outer loop
      vertex   4.012132e+01 1.312132e+01 -7.205754e+00
      vertex   5.936948e+01 1.639928e+01 -7.205754e+00
      vertex   3.950000e+01 1.359808e+01 -7.205754e+00
    endloop
  endfacet
  facet normal 6.669962e-17 1.610271e-16 1.000000e+00
    outer loop
      vertex   3.950000e+01 1.359808e+01 -7.205754e+00
      vertex   5.936948e+01 1.639928e+01 -7.205754e+00
      vertex   3.877646e+01 1.389778e+01 -7.205754e+00
    endloop
  endfacet
  facet normal 8.312684e-17 2.579400e-17 1.000000e+00
    outer loop
      vertex   3.877646e+01 1.389778e+01 -7.205754e+00
      vertex   5.936948e+01 1.639928e+01 -7.205754e+00
      vertex   5.822435e+01 2.008973e+01 -7.205754e+00
    endloop
  endfacet
  facet normal 2.672000e-17 2.029586e-16 1.000000e+00
    outer loop
      vertex   3.877646e+01 1.389778e+01 -7.205754e+00
      vertex   5.822435e+01 2.008973e+01 -7.205754e+00
      vertex   3.800000e+01 1.400000e+01 -7.205754e+00
    endloop
  endfacet
  facet normal -2.659959e-17 3.800362e-16 1.000000e+00
    outer loop
      vertex   3.800000e+01 1.400000e+01 -7.205754e+00
      vertex   5.822435e+01 2.008973e+01 -7.205754e+00
      vertex   2.629609e+01 1.785500e+01 -7.205754e+00
    endloop
  endfacet
  facet normal -1.904660e-16 -1.174682e-16 1.000000e+00
    outer loop
      vertex   3.800000e+01 1.400000e+01 -7.205754e+00
      vertex   2.629609e+01 1.785500e+01 -7.205754e+00
      vertex   2.775900e+01 1.548301e+01 -7.205754e+00
    endloop
  endfacet
  facet normal 8.610269e-17 -3.566490e-17 1.000000e+00
    outer loop
      vertex   4.089778e+01 1.022354e+01 -7.205754e+00
      vertex   4.059808e+01 9.500000e+00 -7.205754e+00
      vertex   6.095518e+01 8.839542e+00 -7.205754e+00
    endloop
  endfacet
  facet normal 8.514023e-17 -6.533040e-17 1.000000e+00
    outer loop
      vertex   6.095518e+01 8.839542e+00 -7.205754e+00
      vertex   4.059808e+01 9.500000e+00 -7.205754e+00
      vertex   4.012132e+01 8.878680e+00 -7.205754e+00
    endloop
  endfacet
  facet normal 8.528108e-17 9.646933e-18 1.000000e+00
    outer loop
      vertex   6.095518e+01 8.839542e+00 -7.205754e+00
      vertex   4.012132e+01 8.878680e+00 -7.205754e+00
      vertex   6.138951e+01 5.000000e+00 -7.205754e+00
    endloop
  endfacet
  facet normal 6.748311e-17 -8.794571e-17 1.000000e+00
    outer loop
      vertex   6.138951e+01 5.000000e+00 -7.205754e+00
      vertex   4.012132e+01 8.878680e+00 -7.205754e+00
      vertex   3.950000e+01 8.401924e+00 -7.205754e+00
    endloop
  endfacet
  facet normal 5.901031e-17 -1.424635e-16 1.000000e+00
    outer loop
      vertex   6.138951e+01 5.000000e+00 -7.205754e+00
      vertex   3.950000e+01 8.401924e+00 -7.205754e+00
      vertex   3.877646e+01 8.102223e+00 -7.205754e+00
    endloop
  endfacet
  facet normal 0.000000e+00 -5.726078e-16 1.000000e+00
    outer loop
      vertex   6.138951e+01 5.000000e+00 -7.205754e+00
      vertex   3.877646e+01 8.102223e+00 -7.205754e+00
      vertex   3.138926e+01 5.000000e+00 -7.205754e+00
    endloop
  endfacet
  facet normal 1.098108e-16 -8.340960e-16 1.000000e+00
    outer loop
      vertex   3.138926e+01 5.000000e+00 -7.205754e+00
      vertex   3.877646e+01 8.102223e+00 -7.205754e+00
      vertex   3.800000e+01 8.000000e+00 -7.205754e+00
    endloop
  endfacet
  facet normal -6.042440e-17 -4.589689e-16 1.000000e+00
    outer loop
      vertex   3.138926e+01 5.000000e+00 -7.205754e+00
      vertex   3.800000e+01 8.000000e+00 -7.205754e+00
      vertex   3.722354e+01 8.102223e+00 -7.205754e+00
    endloop
  endfacet
  facet normal -2.745951e-16 -5.618249e-17 1.000000e+00
    outer loop
      vertex   3.138926e+01 5.000000e+00 -7.205754e+00
      vertex   3.722354e+01 8.102223e+00 -7.205754e+00
      vertex   3.083064e+01 7.730268e+00 -7.205754e+00
    endloop
  endfacet
  facet normal -2.436409e-16 -5.882011e-16 1.000000e+00
    outer loop
      vertex   3.083064e+01 7.730268e+00 -7.205754e+00
      vertex   3.722354e+01 8.102223e+00 -7.205754e+00
      vertex   3.650000e+01 8.401924e+00 -7.205754e+00
    endloop
  endfacet
  facet normal -2.714200e-16 -3.537214e-16 1.000000e+00
    outer loop
      vertex   3.083064e+01 7.730268e+00 -7.205754e+00
      vertex   3.650000e+01 8.401924e+00 -7.205754e+00
      vertex   3.587868e+01 8.878680e+00 -7.205754e+00
    endloop
  endfacet
  facet normal -2.995923e-16 -2.298853e-16 1.000000e+00
    outer loop
      vertex   3.587868e+01 8.878680e+00 -7.205754e+00
      vertex   3.540192e+01 9.500000e+00 -7.205754e+00
      vertex   3.083064e+01 7.730268e+00 -7.205754e+00
    endloop
  endfacet
  facet normal -3.484096e-16 -1.037884e-16 1.000000e+00
    outer loop
      vertex   3.083064e+01 7.730268e+00 -7.205754e+00
      vertex   3.540192e+01 9.500000e+00 -7.205754e+00
      vertex   3.003502e+01 1.040111e+01 -7.205754e+00
    endloop
  endfacet
  facet normal -3.557229e-16 -1.473452e-16 1.000000e+00
    outer loop
      vertex   3.003502e+01 1.040111e+01 -7.205754e+00
      vertex   3.540192e+01 9.500000e+00 -7.205754e+00
      vertex   3.510222e+01 1.022354e+01 -7.205754e+00
    endloop
  endfacet
  facet normal -3.521843e-16 -4.636594e-17 1.000000e+00
    outer loop
      vertex   3.003502e+01 1.040111e+01 -7.205754e+00
      vertex   3.510222e+01 1.022354e+01 -7.205754e+00
      vertex   3.500000e+01 1.100000e+01 -7.205754e+00
    endloop
  endfacet
  facet normal -3.635504e-16 4.786232e-17 1.000000e+00
    outer loop
      vertex   3.500000e+01 1.100000e+01 -7.205754e+00
      vertex   3.510222e+01 1.177646e+01 -7.205754e+00
      vertex   3.003502e+01 1.040111e+01 -7.205754e+00
    endloop
  endfacet
  facet normal -3.165216e-16 -1.254062e-16 1.000000e+00
    outer loop
      vertex   3.003502e+01 1.040111e+01 -7.205754e+00
      vertex   3.510222e+01 1.177646e+01 -7.205754e+00
      vertex   2.900851e+01 1.299200e+01 -7.205754e+00
    endloop
  endfacet
  facet normal -2.692589e-16 1.115307e-16 1.000000e+00
    outer loop
      vertex   2.900851e+01 1.299200e+01 -7.205754e+00
      vertex   3.510222e+01 1.177646e+01 -7.205754e+00
      vertex   3.540192e+01 1.250000e+01 -7.205754e+00
    endloop
  endfacet
  facet normal -2.623502e-16 2.013084e-16 1.000000e+00
    outer loop
      vertex   2.900851e+01 1.299200e+01 -7.205754e+00
      vertex   3.540192e+01 1.250000e+01 -7.205754e+00
      vertex   3.587868e+01 1.312132e+01 -7.205754e+00
    endloop
  endfacet
  facet normal -2.650633e-16 3.454372e-16 1.000000e+00
    outer loop
      vertex   3.587868e+01 1.312132e+01 -7.205754e+00
      vertex   3.650000e+01 1.359808e+01 -7.205754e+00
      vertex   2.900851e+01 1.299200e+01 -7.205754e+00
    endloop
  endfacet
  facet normal -2.278693e-16 -1.143009e-16 1.000000e+00
    outer loop
      vertex   2.900851e+01 1.299200e+01 -7.205754e+00
      vertex   3.650000e+01 1.359808e+01 -7.205754e+00
      vertex   2.775900e+01 1.548301e+01 -7.205754e+00
    endloop
  endfacet
  facet normal -1.336448e-16 3.226470e-16 1.000000e+00
    outer loop
      vertex   2.775900e+01 1.548301e+01 -7.205754e+00
      vertex   3.650000e+01 1.359808e+01 -7.205754e+00
      vertex   3.722354e+01 1.389778e+01 -7.205754e+00
    endloop
  endfacet
  facet normal -8.259988e-17 6.274084e-16 1.000000e+00
    outer loop
      vertex   2.775900e+01 1.548301e+01 -7.205754e+00
      vertex   3.722354e+01 1.389778e+01 -7.205754e+00
      vertex   3.800000e+01 1.400000e+01 -7.205754e+00
    endloop
  endfacet
  facet normal 0.000000e+00 0.000000e+00 1.000000e+00
    outer loop
      vertex   5.822435e+01 2.008973e+01 -7.205754e+00
      vertex   2.463104e+01 2.008973e+01 -7.205754e+00
      vertex   2.629609e+01 1.785500e+01 -7.205754e+00
    endloop
  endfacet
  facet normal 0.000000e+00 -1.000000e+00 0.000000e+00
    outer loop
      vertex   2.463104e+01 2.008973e+01 -7.205754e+00
      vertex   5.822435e+01 2.008973e+01 -7.205754e+00
      vertex   2.463104e+01 2.008973e+01 -3.205754e+00
    endloop
  endfacet
  facet normal 0.000000e+00 -1.000000e+00 0.000000e+00
    outer loop
      vertex   2.463104e+01 2.008973e+01 -3.205754e+00
      vertex   5.822435e+01 2.008973e+01 -7.205754e+00
      vertex   5.822435e+01 2.008973e+01 -3.205754e+00
    endloop
  endfacet
  facet normal -9.550771e-01 -2.963575e-01 -0.000000e+00
    outer loop
      vertex   5.822435e+01 2.008973e+01 -3.205754e+00
      vertex   5.822435e+01 2.008973e+01 -7.205754e+00
      vertex   5.936948e+01 1.639928e+01 -3.205754e+00
    endloop
  endfacet
  facet normal -9.550771e-01 -2.963575e-01 -0.000000e+00
    outer loop
      vertex   5.936948e+01 1.639928e+01 -3.205754e+00
      vertex   5.822435e+01 2.008973e+01 -7.205754e+00
      vertex   5.936948e+01 1.639928e+01 -7.205754e+00
    endloop
  endfacet
  facet normal -9.717805e-01 -2.358870e-01 -0.000000e+00
    outer loop
      vertex   5.936948e+01 1.639928e+01 -3.205754e+00
      vertex   5.936948e+01 1.639928e+01 -7.205754e+00
      vertex   6.028096e+01 1.264429e+01 -3.205754e+00
    endloop
  endfacet
  facet normal -9.717805e-01 -2.358870e-01 -0.000000e+00
    outer loop
      vertex   6.028096e+01 1.264429e+01 -3.205754e+00
      vertex   5.936948e+01 1.639928e+01 -7.205754e+00
      vertex   6.028096e+01 1.264429e+01 -7.205754e+00
    endloop
  endfacet
  facet normal -9.846593e-01 -1.744880e-01 -0.000000e+00
    outer loop
      vertex   6.028096e+01 1.264429e+01 -3.205754e+00
      vertex   6.028096e+01 1.264429e+01 -7.205754e+00
      vertex   6.095518e+01 8.839542e+00 -3.205754e+00
    endloop
  endfacet
  facet normal -9.846593e-01 -1.744880e-01 -0.000000e+00
    outer loop
      vertex   6.095518e+01 8.839542e+00 -3.205754e+00
      vertex   6.028096e+01 1.264429e+01 -7.205754e+00
      vertex   6.095518e+01 8.839542e+00 -7.205754e+00
    endloop
  endfacet
  facet normal -9.936628e-01 -1.124024e-01 -0.000000e+00
    outer loop
      vertex   6.095518e+01 8.839542e+00 -3.205754e+00
      vertex   6.095518e+01 8.839542e+00 -7.205754e+00
      vertex   6.138951e+01 5.000000e+00 -3.205754e+00
    endloop
  endfacet
  facet normal -9.936628e-01 -1.124024e-01 -0.000000e+00
    outer loop
      vertex   6.138951e+01 5.000000e+00 -3.205754e+00
      vertex   6.095518e+01 8.839542e+00 -7.205754e+00
      vertex   6.138951e+01 5.000000e+00 -7.205754e+00
    endloop
  endfacet
  facet normal 0.000000e+00 0.000000e+00 1.000000e+00
    outer loop
      vertex   -1.000000e+01 4.508973e+01 -7.205754e+00
      vertex   -4.722892e+01 3.953607e+01 -7.205754e+00
      vertex   -1.000000e+01 3.017094e+01 -7.205754e+00
    endloop
  endfacet
  facet normal 0.000000e+00 0.000000e+00 1.000000e+00
    outer loop
      vertex   -1.000000e+01 3.017094e+01 -7.205754e+00
      vertex   -4.722892e+01 3.953607e+01 -7.205754e+00
      vertex   -4.959473e+01 3.652444e+01 -7.205754e+00
    endloop
  endfacet
  facet normal 0.000000e+00 0.000000e+00 1.000000e+00
    outer loop
      vertex   -1.000000e+01 3.017094e+01 -7.205754e+00
      vertex   -4.959473e+01 3.652444e+01 -7.205754e+00
      vertex   -1.008066e+01 3.014408e+01 -7.205754e+00
    endloop
  endfacet
  facet normal 0.000000e+00 0.000000e+00 1.000000e+00
    outer loop
      vertex   -1.008066e+01 3.014408e+01 -7.205754e+00
      vertex   -4.959473e+01 3.652444e+01 -7.205754e+00
      vertex   -1.016125e+01 3.011701e+01 -7.205754e+00
    endloop
  endfacet
  facet normal 0.000000e+00 0.000000e+00 1.000000e+00
    outer loop
      vertex   -1.016125e+01 3.011701e+01 -7.205754e+00
      vertex   -4.959473e+01 3.652444e+01 -7.205754e+00
      vertex   -1.024177e+01 3.008973e+01 -7.205754e+00
    endloop
  endfacet
  facet normal 0.000000e+00 0.000000e+00 1.000000e+00
    outer loop
      vertex   -1.024177e+01 3.008973e+01 -7.205754e+00
      vertex   -4.959473e+01 3.652444e+01 -7.205754e+00
      vertex   -5.176880e+01 3.337159e+01 -7.205754e+00
    endloop
  endfacet
  facet normal 0.000000e+00 0.000000e+00 1.000000e+00
    outer loop
      vertex   -1.024177e+01 3.008973e+01 -7.205754e+00
      vertex   -5.176880e+01 3.337159e+01 -7.205754e+00
      vertex   -5.374272e+01 3.008973e+01 -7.205754e+00
    endloop
  endfacet
  facet normal -0.000000e+00 0.000000e+00 1.000000e+00
    outer loop
      vertex   -4.195937e+01 4.508973e+01 -7.205754e+00
      vertex   -4.468052e+01 4.239485e+01 -7.205754e+00
      vertex   -1.000000e+01 4.508973e+01 -7.205754e+00
    endloop
  endfacet
  facet normal 0.000000e+00 0.000000e+00 1.000000e+00
    outer loop
      vertex   -1.000000e+01 4.508973e+01 -7.205754e+00
      vertex   -4.468052e+01 4.239485e+01 -7.205754e+00
      vertex   -4.722892e+01 3.953607e+01 -7.205754e+00
    endloop
  endfacet
  facet normal 8.569392e-01 -5.154175e-01 0.000000e+00
    outer loop
      vertex   -5.374272e+01 3.008973e+01 -3.205754e+00
      vertex   -5.374272e+01 3.008973e+01 -7.205754e+00
      vertex   -5.176880e+01 3.337159e+01 -3.205754e+00
    endloop
  endfacet
  facet normal 8.569392e-01 -5.154175e-01 0.000000e+00
    outer loop
      vertex   -5.176880e+01 3.337159e+01 -3.205754e+00
      vertex   -5.374272e+01 3.008973e+01 -7.205754e+00
      vertex   -5.176880e+01 3.337159e+01 -7.205754e+00
    endloop
  endfacet
  facet normal 8.232502e-01 -5.676787e-01 0.000000e+00
    outer loop
      vertex   -5.176880e+01 3.337159e+01 -3.205754e+00
      vertex   -5.176880e+01 3.337159e+01 -7.205754e+00
      vertex   -4.959473e+01 3.652444e+01 -3.205754e+00
    endloop
  endfacet
  facet normal 8.232502e-01 -5.676787e-01 0.000000e+00
    outer loop
      vertex   -4.959473e+01 3.652444e+01 -3.205754e+00
      vertex   -5.176880e+01 3.337159e+01 -7.205754e+00
      vertex   -4.959473e+01 3.652444e+01 -7.205754e+00
    endloop
  endfacet
  facet normal 7.863784e-01 -6.177451e-01 0.000000e+00
    outer loop
      vertex   -4.959473e+01 3.652444e+01 -3.205754e+00
      vertex   -4.959473e+01 3.652444e+01 -7.205754e+00
      vertex   -4.722892e+01 3.953607e+01 -3.205754e+00
    endloop
  endfacet
  facet normal 7.863784e-01 -6.177451e-01 0.000000e+00
    outer loop
      vertex   -4.722892e+01 3.953607e+01 -3.205754e+00
      vertex   -4.959473e+01 3.652444e+01 -7.205754e+00
      vertex   -4.722892e+01 3.953607e+01 -7.205754e+00
    endloop
  endfacet
  facet normal 7.464663e-01 -6.654232e-01 0.000000e+00
    outer loop
      vertex   -4.722892e+01 3.953607e+01 -3.205754e+00
      vertex   -4.722892e+01 3.953607e+01 -7.205754e+00
      vertex   -4.468052e+01 4.239485e+01 -3.205754e+00
    endloop
  endfacet
  facet normal 7.464663e-01 -6.654232e-01 0.000000e+00
    outer loop
      vertex   -4.468052e+01 4.239485e+01 -3.205754e+00
      vertex   -4.722892e+01 3.953607e+01 -7.205754e+00
      vertex   -4.468052e+01 4.239485e+01 -7.205754e+00
    endloop
  endfacet
  facet normal 7.036683e-01 -7.105287e-01 0.000000e+00
    outer loop
      vertex   -4.468052e+01 4.239485e+01 -3.205754e+00
      vertex   -4.468052e+01 4.239485e+01 -7.205754e+00
      vertex   -4.195937e+01 4.508973e+01 -3.205754e+00
    endloop
  endfacet
  facet normal 7.036683e-01 -7.105287e-01 0.000000e+00
    outer loop
      vertex   -4.195937e+01 4.508973e+01 -3.205754e+00
      vertex   -4.468052e+01 4.239485e+01 -7.205754e+00
      vertex   -4.195937e+01 4.508973e+01 -7.205754e+00
    endloop
  endfacet
  facet normal 0.000000e+00 -1.000000e+00 -0.000000e+00
    outer loop
      vertex   -1.000000e+01 4.508973e+01 -3.205754e+00
      vertex   -4.195937e+01 4.508973e+01 -3.205754e+00
      vertex   -1.000000e+01 4.508973e+01 -7.205754e+00
    endloop
  endfacet
  facet normal 0.000000e+00 -1.000000e+00 0.000000e+00
    outer loop
      vertex   -1.000000e+01 4.508973e+01 -7.205754e+00
      vertex   -4.195937e+01 4.508973e+01 -3.205754e+00
      vertex   -4.195937e+01 4.508973e+01 -7.205754e+00
    endloop
  endfacet
  facet normal -7.036683e-01 -7.105287e-01 -0.000000e+00
    outer loop
      vertex   4.195937e+01 4.508973e+01 -3.205754e+00
      vertex   4.195937e+01 4.508973e+01 -7.205754e+00
      vertex   4.468052e+01 4.239485e+01 -3.205754e+00
    endloop
  endfacet
  facet normal -7.036683e-01 -7.105287e-01 -0.000000e+00
    outer loop
      vertex   4.468052e+01 4.239485e+01 -3.205754e+00
      vertex   4.195937e+01 4.508973e+01 -7.205754e+00
      vertex   4.468052e+01 4.239485e+01 -7.205754e+00
    endloop
  endfacet
  facet normal -7.464663e-01 -6.654232e-01 -0.000000e+00
    outer loop
      vertex   4.468052e+01 4.239485e+01 -3.205754e+00
      vertex   4.468052e+01 4.239485e+01 -7.205754e+00
      vertex   4.722892e+01 3.953607e+01 -3.205754e+00
    endloop
  endfacet
  facet normal -7.464663e-01 -6.654232e-01 -0.000000e+00
    outer loop
      vertex   4.722892e+01 3.953607e+01 -3.205754e+00
      vertex   4.468052e+01 4.239485e+01 -7.205754e+00
      vertex   4.722892e+01 3.953607e+01 -7.205754e+00
    endloop
  endfacet
  facet normal -7.863784e-01 -6.177451e-01 -0.000000e+00
    outer loop
      vertex   4.722892e+01 3.953607e+01 -3.205754e+00
      vertex   4.722892e+01 3.953607e+01 -7.205754e+00
      vertex   4.959473e+01 3.652444e+01 -3.205754e+00
    endloop
  endfacet
  facet normal -7.863784e-01 -6.177451e-01 -0.000000e+00
    outer loop
      vertex   4.959473e+01 3.652444e+01 -3.205754e+00
      vertex   4.722892e+01 3.953607e+01 -7.205754e+00
      vertex   4.959473e+01 3.652444e+01 -7.205754e+00
    endloop
  endfacet
  facet normal -8.232502e-01 -5.676787e-01 -0.000000e+00
    outer loop
      vertex   4.959473e+01 3.652444e+01 -3.205754e+00
      vertex   4.959473e+01 3.652444e+01 -7.205754e+00
      vertex   5.176880e+01 3.337159e+01 -3.205754e+00
    endloop
  endfacet
  facet normal -8.232502e-01 -5.676787e-01 -0.000000e+00
    outer loop
      vertex   5.176880e+01 3.337159e+01 -3.205754e+00
      vertex   4.959473e+01 3.652444e+01 -7.205754e+00
      vertex   5.176880e+01 3.337159e+01 -7.205754e+00
    endloop
  endfacet
  facet normal -8.569392e-01 -5.154175e-01 -0.000000e+00
    outer loop
      vertex   5.176880e+01 3.337159e+01 -3.205754e+00
      vertex   5.176880e+01 3.337159e+01 -7.205754e+00
      vertex   5.374272e+01 3.008973e+01 -3.205754e+00
    endloop
  endfacet
  facet normal -8.569392e-01 -5.154175e-01 -0.000000e+00
    outer loop
      vertex   5.374272e+01 3.008973e+01 -3.205754e+00
      vertex   5.176880e+01 3.337159e+01 -7.205754e+00
      vertex   5.374272e+01 3.008973e+01 -7.205754e+00
    endloop
  endfacet
  facet normal 9.246094e-17 1.217271e-17 1.000000e+00
    outer loop
      vertex   4.089778e+01 -1.122354e+01 -7.205754e+00
      vertex   4.100000e+01 -1.200000e+01 -7.205754e+00
      vertex   6.029068e+01 -1.259785e+01 -7.205754e+00
    endloop
  endfacet
  facet normal 9.170950e-17 -1.207378e-17 1.000000e+00
    outer loop
      vertex   6.029068e+01 -1.259785e+01 -7.205754e+00
      vertex   4.100000e+01 -1.200000e+01 -7.205754e+00
      vertex   4.089778e+01 -1.277646e+01 -7.205754e+00
    endloop
  endfacet
  facet normal 9.194907e-17 -3.808655e-17 1.000000e+00
    outer loop
      vertex   6.029068e+01 -1.259785e+01 -7.205754e+00
      vertex   4.089778e+01 -1.277646e+01 -7.205754e+00
      vertex   4.059808e+01 -1.350000e+01 -7.205754e+00
    endloop
  endfacet
  facet normal 9.121433e-17 -2.204810e-17 1.000000e+00
    outer loop
      vertex   6.029068e+01 -1.259785e+01 -7.205754e+00
      vertex   4.059808e+01 -1.350000e+01 -7.205754e+00
      vertex   5.938839e+01 -1.633067e+01 -7.205754e+00
    endloop
  endfacet
  facet normal 8.474029e-17 -6.502351e-17 1.000000e+00
    outer loop
      vertex   5.938839e+01 -1.633067e+01 -7.205754e+00
      vertex   4.059808e+01 -1.350000e+01 -7.205754e+00
      vertex   4.012132e+01 -1.412132e+01 -7.205754e+00
    endloop
  endfacet
  facet normal 8.020991e-17 -1.045316e-16 1.000000e+00
    outer loop
      vertex   5.938839e+01 -1.633067e+01 -7.205754e+00
      vertex   4.012132e+01 -1.412132e+01 -7.205754e+00
      vertex   3.950000e+01 -1.459808e+01 -7.205754e+00
    endloop
  endfacet
  facet normal 8.697633e-17 -2.686001e-17 1.000000e+00
    outer loop
      vertex   5.938839e+01 -1.633067e+01 -7.205754e+00
      vertex   3.950000e+01 -1.459808e+01 -7.205754e+00
      vertex   5.825523e+01 -2.000000e+01 -7.205754e+00
    endloop
  endfacet
  facet normal 5.586620e-17 -1.348729e-16 1.000000e+00
    outer loop
      vertex   5.825523e+01 -2.000000e+01 -7.205754e+00
      vertex   3.950000e+01 -1.459808e+01 -7.205754e+00
      vertex   3.877646e+01 -1.489778e+01 -7.205754e+00
    endloop
  endfacet
  facet normal 3.050378e-17 -2.316992e-16 1.000000e+00
    outer loop
      vertex   5.825523e+01 -2.000000e+01 -7.205754e+00
      vertex   3.877646e+01 -1.489778e+01 -7.205754e+00
      vertex   3.800000e+01 -1.500000e+01 -7.205754e+00
    endloop
  endfacet
  facet normal -5.427358e-17 -4.122488e-16 1.000000e+00
    outer loop
      vertex   3.722354e+01 -1.489778e+01 -7.205754e+00
      vertex   2.635010e+01 -1.777521e+01 -7.205754e+00
      vertex   3.800000e+01 -1.500000e+01 -7.205754e+00
    endloop
  endfacet
  facet normal -1.851044e-16 1.369599e-16 1.000000e+00
    outer loop
      vertex   3.800000e+01 -1.500000e+01 -7.205754e+00
      vertex   2.635010e+01 -1.777521e+01 -7.205754e+00
      vertex   2.470396e+01 -2.000000e+01 -7.205754e+00
    endloop
  endfacet
  facet normal 0.000000e+00 -3.552714e-16 1.000000e+00
    outer loop
      vertex   3.800000e+01 -1.500000e+01 -7.205754e+00
      vertex   2.470396e+01 -2.000000e+01 -7.205754e+00
      vertex   5.825523e+01 -2.000000e+01 -7.205754e+00
    endloop
  endfacet
  facet normal -1.949975e-16 1.195299e-16 1.000000e+00
    outer loop
      vertex   2.635010e+01 -1.777521e+01 -7.205754e+00
      vertex   3.722354e+01 -1.489778e+01 -7.205754e+00
      vertex   2.779646e+01 -1.541565e+01 -7.205754e+00
    endloop
  endfacet
  facet normal -1.663671e-16 -4.016458e-16 1.000000e+00
    outer loop
      vertex   2.779646e+01 -1.541565e+01 -7.205754e+00
      vertex   3.722354e+01 -1.489778e+01 -7.205754e+00
      vertex   3.650000e+01 -1.459808e+01 -7.205754e+00
    endloop
  endfacet
  facet normal -1.818357e-16 -2.369730e-16 1.000000e+00
    outer loop
      vertex   2.779646e+01 -1.541565e+01 -7.205754e+00
      vertex   3.650000e+01 -1.459808e+01 -7.205754e+00
      vertex   3.587868e+01 -1.412132e+01 -7.205754e+00
    endloop
  endfacet
  facet normal -2.388729e-16 1.191867e-16 1.000000e+00
    outer loop
      vertex   2.779646e+01 -1.541565e+01 -7.205754e+00
      vertex   3.587868e+01 -1.412132e+01 -7.205754e+00
      vertex   2.903209e+01 -1.293922e+01 -7.205754e+00
    endloop
  endfacet
  facet normal -2.990736e-16 -2.294872e-16 1.000000e+00
    outer loop
      vertex   2.903209e+01 -1.293922e+01 -7.205754e+00
      vertex   3.587868e+01 -1.412132e+01 -7.205754e+00
      vertex   3.540192e+01 -1.350000e+01 -7.205754e+00
    endloop
  endfacet
  facet normal -2.894243e-16 -1.198835e-16 1.000000e+00
    outer loop
      vertex   2.903209e+01 -1.293922e+01 -7.205754e+00
      vertex   3.540192e+01 -1.350000e+01 -7.205754e+00
      vertex   3.510222e+01 -1.277646e+01 -7.205754e+00
    endloop
  endfacet
  facet normal -2.916094e-16 -3.839110e-17 1.000000e+00
    outer loop
      vertex   3.510222e+01 -1.277646e+01 -7.205754e+00
      vertex   3.500000e+01 -1.200000e+01 -7.205754e+00
      vertex   2.903209e+01 -1.293922e+01 -7.205754e+00
    endloop
  endfacet
  facet normal -3.173516e-16 1.251789e-16 1.000000e+00
    outer loop
      vertex   2.903209e+01 -1.293922e+01 -7.205754e+00
      vertex   3.500000e+01 -1.200000e+01 -7.205754e+00
      vertex   3.004761e+01 -1.036469e+01 -7.205754e+00
    endloop
  endfacet
  facet normal -3.437432e-16 4.525465e-17 1.000000e+00
    outer loop
      vertex   3.004761e+01 -1.036469e+01 -7.205754e+00
      vertex   3.500000e+01 -1.200000e+01 -7.205754e+00
      vertex   3.510222e+01 -1.122354e+01 -7.205754e+00
    endloop
  endfacet
  facet normal -3.283247e-16 1.359966e-16 1.000000e+00
    outer loop
      vertex   3.004761e+01 -1.036469e+01 -7.205754e+00
      vertex   3.510222e+01 -1.122354e+01 -7.205754e+00
      vertex   3.540192e+01 -1.050000e+01 -7.205754e+00
    endloop
  endfacet
  facet normal -3.254505e-16 2.497270e-16 1.000000e+00
    outer loop
      vertex   3.540192e+01 -1.050000e+01 -7.205754e+00
      vertex   3.587868e+01 -9.878680e+00 -7.205754e+00
      vertex   3.004761e+01 -1.036469e+01 -7.205754e+00
    endloop
  endfacet
  facet normal -3.123662e-16 9.274214e-17 1.000000e+00
    outer loop
      vertex   3.004761e+01 -1.036469e+01 -7.205754e+00
      vertex   3.587868e+01 -9.878680e+00 -7.205754e+00
      vertex   3.083532e+01 -7.711576e+00 -7.205754e+00
    endloop
  endfacet
  facet normal -2.257817e-16 2.942445e-16 1.000000e+00
    outer loop
      vertex   3.083532e+01 -7.711576e+00 -7.205754e+00
      vertex   3.587868e+01 -9.878680e+00 -7.205754e+00
      vertex   3.650000e+01 -9.401924e+00 -7.205754e+00
    endloop
  endfacet
  facet normal -1.822738e-16 4.400479e-16 1.000000e+00
    outer loop
      vertex   3.083532e+01 -7.711576e+00 -7.205754e+00
      vertex   3.650000e+01 -9.401924e+00 -7.205754e+00
      vertex   3.722354e+01 -9.102223e+00 -7.205754e+00
    endloop
  endfacet
  facet normal -1.047922e-16 7.959756e-16 1.000000e+00
    outer loop
      vertex   3.722354e+01 -9.102223e+00 -7.205754e+00
      vertex   3.800000e+01 -9.000000e+00 -7.205754e+00
      vertex   3.083532e+01 -7.711576e+00 -7.205754e+00
    endloop
  endfacet
  facet normal -2.391470e-16 4.885426e-17 1.000000e+00
    outer loop
      vertex   3.083532e+01 -7.711576e+00 -7.205754e+00
      vertex   3.800000e+01 -9.000000e+00 -7.205754e+00
      vertex   3.138926e+01 -5.000000e+00 -7.205754e+00
    endloop
  endfacet
  facet normal 7.472389e-17 5.675843e-16 1.000000e+00
    outer loop
      vertex   3.138926e+01 -5.000000e+00 -7.205754e+00
      vertex   3.800000e+01 -9.000000e+00 -7.205754e+00
      vertex   3.877646e+01 -9.102223e+00 -7.205754e+00
    endloop
  endfacet
  facet normal -0.000000e+00 4.330230e-16 1.000000e+00
    outer loop
      vertex   3.138926e+01 -5.000000e+00 -7.205754e+00
      vertex   3.877646e+01 -9.102223e+00 -7.205754e+00
      vertex   6.138951e+01 -5.000000e+00 -7.205754e+00
    endloop
  endfacet
  facet normal 5.462907e-17 1.318862e-16 1.000000e+00
    outer loop
      vertex   6.138951e+01 -5.000000e+00 -7.205754e+00
      vertex   3.877646e+01 -9.102223e+00 -7.205754e+00
      vertex   3.950000e+01 -9.401924e+00 -7.205754e+00
    endloop
  endfacet
  facet normal 8.303672e-17 -9.376857e-18 1.000000e+00
    outer loop
      vertex   6.138951e+01 -5.000000e+00 -7.205754e+00
      vertex   3.950000e+01 -9.401924e+00 -7.205754e+00
      vertex   6.095858e+01 -8.816063e+00 -7.205754e+00
    endloop
  endfacet
  facet normal 7.993653e-17 1.041753e-16 1.000000e+00
    outer loop
      vertex   6.095858e+01 -8.816063e+00 -7.205754e+00
      vertex   3.950000e+01 -9.401924e+00 -7.205754e+00
      vertex   4.012132e+01 -9.878680e+00 -7.205754e+00
    endloop
  endfacet
  facet normal 8.203882e-17 6.295060e-17 1.000000e+00
    outer loop
      vertex   6.095858e+01 -8.816063e+00 -7.205754e+00
      vertex   4.012132e+01 -9.878680e+00 -7.205754e+00
      vertex   4.059808e+01 -1.050000e+01 -7.205754e+00
    endloop
  endfacet
  facet normal 8.435537e-17 3.494114e-17 1.000000e+00
    outer loop
      vertex   4.059808e+01 -1.050000e+01 -7.205754e+00
      vertex   4.089778e+01 -1.122354e+01 -7.205754e+00
      vertex   6.095858e+01 -8.816063e+00 -7.205754e+00
    endloop
  endfacet
  facet normal 9.046605e-17 -1.597727e-17 1.000000e+00
    outer loop
      vertex   6.095858e+01 -8.816063e+00 -7.205754e+00
      vertex   4.089778e+01 -1.122354e+01 -7.205754e+00
      vertex   6.029068e+01 -1.259785e+01 -7.205754e+00
    endloop
  endfacet
  facet normal 0.000000e+00 -1.000000e+00 0.000000e+00
    outer loop
      vertex   3.138926e+01 -5.000000e+00 -7.205754e+00
      vertex   6.138951e+01 -5.000000e+00 -7.205754e+00
      vertex   3.138926e+01 -5.000000e+00 -3.205754e+00
    endloop
  endfacet
  facet normal 0.000000e+00 -1.000000e+00 0.000000e+00
    outer loop
      vertex   3.138926e+01 -5.000000e+00 -3.205754e+00
      vertex   6.138951e+01 -5.000000e+00 -7.205754e+00
      vertex   6.138951e+01 -5.000000e+00 -3.205754e+00
    endloop
  endfacet
  facet normal -9.936844e-01 1.122110e-01 0.000000e+00
    outer loop
      vertex   6.138951e+01 -5.000000e+00 -3.205754e+00
      vertex   6.138951e+01 -5.000000e+00 -7.205754e+00
      vertex   6.095858e+01 -8.816063e+00 -3.205754e+00
    endloop
  endfacet
  facet normal -9.936844e-01 1.122110e-01 0.000000e+00
    outer loop
      vertex   6.095858e+01 -8.816063e+00 -3.205754e+00
      vertex   6.138951e+01 -5.000000e+00 -7.205754e+00
      vertex   6.095858e+01 -8.816063e+00 -7.205754e+00
    endloop
  endfacet
  facet normal -9.847599e-01 1.739191e-01 0.000000e+00
    outer loop
      vertex   6.095858e+01 -8.816063e+00 -3.205754e+00
      vertex   6.095858e+01 -8.816063e+00 -7.205754e+00
      vertex   6.029068e+01 -1.259785e+01 -3.205754e+00
    endloop
  endfacet
  facet normal -9.847599e-01 1.739191e-01 0.000000e+00
    outer loop
      vertex   6.029068e+01 -1.259785e+01 -3.205754e+00
      vertex   6.095858e+01 -8.816063e+00 -7.205754e+00
      vertex   6.029068e+01 -1.259785e+01 -7.205754e+00
    endloop
  endfacet
  facet normal -9.720072e-01 2.349511e-01 0.000000e+00
    outer loop
      vertex   6.029068e+01 -1.259785e+01 -3.205754e+00
      vertex   6.029068e+01 -1.259785e+01 -7.205754e+00
      vertex   5.938839e+01 -1.633067e+01 -3.205754e+00
    endloop
  endfacet
  facet normal -9.720072e-01 2.349511e-01 0.000000e+00
    outer loop
      vertex   5.938839e+01 -1.633067e+01 -3.205754e+00
      vertex   6.029068e+01 -1.259785e+01 -7.205754e+00
      vertex   5.938839e+01 -1.633067e+01 -7.205754e+00
    endloop
  endfacet
  facet normal -9.554757e-01 2.950697e-01 0.000000e+00
    outer loop
      vertex   5.938839e+01 -1.633067e+01 -3.205754e+00
      vertex   5.938839e+01 -1.633067e+01 -7.205754e+00
      vertex   5.825523e+01 -2.000000e+01 -3.205754e+00
    endloop
  endfacet
  facet normal -9.554757e-01 2.950697e-01 0.000000e+00
    outer loop
      vertex   5.825523e+01 -2.000000e+01 -3.205754e+00
      vertex   5.938839e+01 -1.633067e+01 -7.205754e+00
      vertex   5.825523e+01 -2.000000e+01 -7.205754e+00
    endloop
  endfacet
  facet normal 0.000000e+00 -0.000000e+00 1.000000e+00
    outer loop
      vertex   -1.000000e+01 -6.077559e+01 -7.205754e+00
      vertex   -1.000000e+01 -5.500000e+01 -7.205754e+00
      vertex   -1.367243e+01 -6.005611e+01 -7.205754e+00
    endloop
  endfacet
  facet normal 0.000000e+00 -0.000000e+00 1.000000e+00
    outer loop
      vertex   -1.367243e+01 -6.005611e+01 -7.205754e+00
      vertex   -1.000000e+01 -5.500000e+01 -7.205754e+00
      vertex   -1.729438e+01 -5.911494e+01 -7.205754e+00
    endloop
  endfacet
  facet normal 0.000000e+00 -0.000000e+00 1.000000e+00
    outer loop
      vertex   -1.729438e+01 -5.911494e+01 -7.205754e+00
      vertex   -1.000000e+01 -5.500000e+01 -7.205754e+00
      vertex   -2.085249e+01 -5.795555e+01 -7.205754e+00
    endloop
  endfacet
  facet normal 0.000000e+00 -0.000000e+00 1.000000e+00
    outer loop
      vertex   -2.085249e+01 -5.795555e+01 -7.205754e+00
      vertex   -1.000000e+01 -5.500000e+01 -7.205754e+00
      vertex   -2.433363e+01 -5.658221e+01 -7.205754e+00
    endloop
  endfacet
  facet normal 0.000000e+00 -0.000000e+00 1.000000e+00
    outer loop
      vertex   -2.433363e+01 -5.658221e+01 -7.205754e+00
      vertex   -1.000000e+01 -5.500000e+01 -7.205754e+00
      vertex   -2.772493e+01 -5.500000e+01 -7.205754e+00
    endloop
  endfacet
  facet normal -0.000000e+00 -1.000000e+00 -0.000000e+00
    outer loop
      vertex   -1.000000e+01 -5.500000e+01 -3.205754e+00
      vertex   -2.772493e+01 -5.500000e+01 -3.205754e+00
      vertex   -1.000000e+01 -5.500000e+01 -7.205754e+00
    endloop
  endfacet
  facet normal 0.000000e+00 -1.000000e+00 0.000000e+00
    outer loop
      vertex   -1.000000e+01 -5.500000e+01 -7.205754e+00
      vertex   -2.772493e+01 -5.500000e+01 -3.205754e+00
      vertex   -2.772493e+01 -5.500000e+01 -7.205754e+00
    endloop
  endfacet
  facet normal 0.000000e+00 0.000000e+00 -1.000000e+00
    outer loop
      vertex   4.089778e+01 -1.122354e+01 -1.520575e+01
      vertex   8.141562e+01 -1.401383e+01 -1.520575e+01
      vertex   4.100000e+01 -1.200000e+01 -1.520575e+01
    endloop
  endfacet
  facet normal 0.000000e+00 0.000000e+00 -1.000000e+00
    outer loop
      vertex   4.100000e+01 -1.200000e+01 -1.520575e+01
      vertex   8.141562e+01 -1.401383e+01 -1.520575e+01
      vertex   8.041641e+01 -1.892332e+01 -1.520575e+01
    endloop
  endfacet
  facet normal 0.000000e+00 0.000000e+00 -1.000000e+00
    outer loop
      vertex   4.100000e+01 -1.200000e+01 -1.520575e+01
      vertex   8.041641e+01 -1.892332e+01 -1.520575e+01
      vertex   7.912143e+01 -2.376321e+01 -1.520575e+01
    endloop
  endfacet
  facet normal 0.000000e+00 0.000000e+00 -1.000000e+00
    outer loop
      vertex   4.059808e+01 -1.050000e+01 -1.520575e+01
      vertex   8.260743e+01 9.507900e-01 -1.520575e+01
      vertex   4.089778e+01 -1.122354e+01 -1.520575e+01
    endloop
  endfacet
  facet normal 0.000000e+00 0.000000e+00 -1.000000e+00
    outer loop
      vertex   4.089778e+01 -1.122354e+01 -1.520575e+01
      vertex   8.260743e+01 9.507900e-01 -1.520575e+01
      vertex   8.251315e+01 -4.058466e+00 -1.520575e+01
    endloop
  endfacet
  facet normal 0.000000e+00 0.000000e+00 -1.000000e+00
    outer loop
      vertex   4.089778e+01 -1.122354e+01 -1.520575e+01
      vertex   8.251315e+01 -4.058466e+00 -1.520575e+01
      vertex   8.211539e+01 -9.052795e+00 -1.520575e+01
    endloop
  endfacet
  facet normal 0.000000e+00 0.000000e+00 -1.000000e+00
    outer loop
      vertex   4.012132e+01 -9.878680e+00 -1.520575e+01
      vertex   4.012132e+01 8.878680e+00 -1.520575e+01
      vertex   4.059808e+01 -1.050000e+01 -1.520575e+01
    endloop
  endfacet
  facet normal 0.000000e+00 0.000000e+00 -1.000000e+00
    outer loop
      vertex   4.059808e+01 -1.050000e+01 -1.520575e+01
      vertex   4.012132e+01 8.878680e+00 -1.520575e+01
      vertex   4.059808e+01 9.500000e+00 -1.520575e+01
    endloop
  endfacet
  facet normal 0.000000e+00 0.000000e+00 -1.000000e+00
    outer loop
      vertex   4.059808e+01 -1.050000e+01 -1.520575e+01
      vertex   4.059808e+01 9.500000e+00 -1.520575e+01
      vertex   8.260743e+01 9.507900e-01 -1.520575e+01
    endloop
  endfacet
  facet normal 0.000000e+00 0.000000e+00 -1.000000e+00
    outer loop
      vertex   8.260743e+01 9.507900e-01 -1.520575e+01
      vertex   4.059808e+01 9.500000e+00 -1.520575e+01
      vertex   4.089778e+01 1.022354e+01 -1.520575e+01
    endloop
  endfacet
  facet normal 0.000000e+00 0.000000e+00 -1.000000e+00
    outer loop
      vertex   8.260743e+01 9.507900e-01 -1.520575e+01
      vertex   4.089778e+01 1.022354e+01 -1.520575e+01
      vertex   8.239788e+01 5.956549e+00 -1.520575e+01
    endloop
  endfacet
  facet normal 0.000000e+00 0.000000e+00 -1.000000e+00
    outer loop
      vertex   8.239788e+01 5.956549e+00 -1.520575e+01
      vertex   4.089778e+01 1.022354e+01 -1.520575e+01
      vertex   8.188528e+01 1.094040e+01 -1.520575e+01
    endloop
  endfacet
  facet normal -0.000000e+00 0.000000e+00 -1.000000e+00
    outer loop
      vertex   8.188528e+01 1.094040e+01 -1.520575e+01
      vertex   4.089778e+01 1.022354e+01 -1.520575e+01
      vertex   4.100000e+01 1.100000e+01 -1.520575e+01
    endloop
  endfacet
  facet normal 0.000000e+00 0.000000e+00 -1.000000e+00
    outer loop
      vertex   8.188528e+01 1.094040e+01 -1.520575e+01
      vertex   4.100000e+01 1.100000e+01 -1.520575e+01
      vertex   8.107151e+01 1.588401e+01 -1.520575e+01
    endloop
  endfacet
  facet normal -0.000000e+00 0.000000e+00 -1.000000e+00
    outer loop
      vertex   8.107151e+01 1.588401e+01 -1.520575e+01
      vertex   4.100000e+01 1.100000e+01 -1.520575e+01
      vertex   7.995956e+01 2.076920e+01 -1.520575e+01
    endloop
  endfacet
  facet normal 0.000000e+00 0.000000e+00 -1.000000e+00
    outer loop
      vertex   7.995956e+01 2.076920e+01 -1.520575e+01
      vertex   4.100000e+01 1.100000e+01 -1.520575e+01
      vertex   4.089778e+01 1.177646e+01 -1.520575e+01
    endloop
  endfacet
  facet normal -0.000000e+00 0.000000e+00 -1.000000e+00
    outer loop
      vertex   7.995956e+01 2.076920e+01 -1.520575e+01
      vertex   4.089778e+01 1.177646e+01 -1.520575e+01
      vertex   7.855353e+01 2.557801e+01 -1.520575e+01
    endloop
  endfacet
  facet normal 0.000000e+00 0.000000e+00 -1.000000e+00
    outer loop
      vertex   7.855353e+01 2.557801e+01 -1.520575e+01
      vertex   4.089778e+01 1.177646e+01 -1.520575e+01
      vertex   4.059808e+01 1.250000e+01 -1.520575e+01
    endloop
  endfacet
  facet normal 0.000000e+00 0.000000e+00 -1.000000e+00
    outer loop
      vertex   7.855353e+01 2.557801e+01 -1.520575e+01
      vertex   4.059808e+01 1.250000e+01 -1.520575e+01
      vertex   4.012132e+01 1.312132e+01 -1.520575e+01
    endloop
  endfacet
  facet normal 0.000000e+00 -0.000000e+00 -1.000000e+00
    outer loop
      vertex   4.012132e+01 8.878680e+00 -1.520575e+01
      vertex   4.012132e+01 -9.878680e+00 -1.520575e+01
      vertex   3.950000e+01 8.401924e+00 -1.520575e+01
    endloop
  endfacet
  facet normal 0.000000e+00 0.000000e+00 -1.000000e+00
    outer loop
      vertex   3.950000e+01 8.401924e+00 -1.520575e+01
      vertex   4.012132e+01 -9.878680e+00 -1.520575e+01
      vertex   3.950000e+01 -9.401924e+00 -1.520575e+01
    endloop
  endfacet
  facet normal 0.000000e+00 -0.000000e+00 -1.000000e+00
    outer loop
      vertex   3.950000e+01 8.401924e+00 -1.520575e+01
      vertex   3.950000e+01 -9.401924e+00 -1.520575e+01
      vertex   3.877646e+01 8.102223e+00 -1.520575e+01
    endloop
  endfacet
  facet normal 0.000000e+00 0.000000e+00 -1.000000e+00
    outer loop
      vertex   3.877646e+01 8.102223e+00 -1.520575e+01
      vertex   3.950000e+01 -9.401924e+00 -1.520575e+01
      vertex   3.877646e+01 -9.102223e+00 -1.520575e+01
    endloop
  endfacet
  facet normal 0.000000e+00 -0.000000e+00 -1.000000e+00
    outer loop
      vertex   3.877646e+01 8.102223e+00 -1.520575e+01
      vertex   3.877646e+01 -9.102223e+00 -1.520575e+01
      vertex   3.800000e+01 8.000000e+00 -1.520575e+01
    endloop
  endfacet
  facet normal 0.000000e+00 0.000000e+00 -1.000000e+00
    outer loop
      vertex   3.800000e+01 8.000000e+00 -1.520575e+01
      vertex   3.877646e+01 -9.102223e+00 -1.520575e+01
      vertex   3.800000e+01 -9.000000e+00 -1.520575e+01
    endloop
  endfacet
  facet normal -0.000000e+00 -0.000000e+00 -1.000000e+00
    outer loop
      vertex   3.800000e+01 8.000000e+00 -1.520575e+01
      vertex   3.800000e+01 -9.000000e+00 -1.520575e+01
      vertex   3.722354e+01 8.102223e+00 -1.520575e+01
    endloop
  endfacet
  facet normal 0.000000e+00 0.000000e+00 -1.000000e+00
    outer loop
      vertex   3.722354e+01 8.102223e+00 -1.520575e+01
      vertex   3.800000e+01 -9.000000e+00 -1.520575e+01
      vertex   3.722354e+01 -9.102223e+00 -1.520575e+01
    endloop
  endfacet
  facet normal -0.000000e+00 -0.000000e+00 -1.000000e+00
    outer loop
      vertex   3.722354e+01 8.102223e+00 -1.520575e+01
      vertex   3.722354e+01 -9.102223e+00 -1.520575e+01
      vertex   3.650000e+01 8.401924e+00 -1.520575e+01
    endloop
  endfacet
  facet normal 0.000000e+00 0.000000e+00 -1.000000e+00
    outer loop
      vertex   3.650000e+01 8.401924e+00 -1.520575e+01
      vertex   3.722354e+01 -9.102223e+00 -1.520575e+01
      vertex   3.650000e+01 -9.401924e+00 -1.520575e+01
    endloop
  endfacet
  facet normal 0.000000e+00 -0.000000e+00 -1.000000e+00
    outer loop
      vertex   3.650000e+01 8.401924e+00 -1.520575e+01
      vertex   3.650000e+01 -9.401924e+00 -1.520575e+01
      vertex   2.358148e+01 -1.348438e+00 -1.520575e+01
    endloop
  endfacet
  facet normal 0.000000e+00 0.000000e+00 -1.000000e+00
    outer loop
      vertex   2.358148e+01 -1.348438e+00 -1.520575e+01
      vertex   3.650000e+01 -9.401924e+00 -1.520575e+01
      vertex   3.587868e+01 -9.878680e+00 -1.520575e+01
    endloop
  endfacet
  facet normal 0.000000e+00 -0.000000e+00 -1.000000e+00
    outer loop
      vertex   2.358148e+01 -1.348438e+00 -1.520575e+01
      vertex   3.587868e+01 -9.878680e+00 -1.520575e+01
      vertex   2.327406e+01 -4.027734e+00 -1.520575e+01
    endloop
  endfacet
  facet normal 0.000000e+00 0.000000e+00 -1.000000e+00
    outer loop
      vertex   2.327406e+01 -4.027734e+00 -1.520575e+01
      vertex   3.587868e+01 -9.878680e+00 -1.520575e+01
      vertex   3.540192e+01 -1.050000e+01 -1.520575e+01
    endloop
  endfacet
  facet normal 0.000000e+00 -0.000000e+00 -1.000000e+00
    outer loop
      vertex   2.327406e+01 -4.027734e+00 -1.520575e+01
      vertex   3.540192e+01 -1.050000e+01 -1.520575e+01
      vertex   2.266322e+01 -6.654523e+00 -1.520575e+01
    endloop
  endfacet
  facet normal 0.000000e+00 0.000000e+00 -1.000000e+00
    outer loop
      vertex   2.266322e+01 -6.654523e+00 -1.520575e+01
      vertex   3.540192e+01 -1.050000e+01 -1.520575e+01
      vertex   3.510222e+01 -1.122354e+01 -1.520575e+01
    endloop
  endfacet
  facet normal 0.000000e+00 -0.000000e+00 -1.000000e+00
    outer loop
      vertex   2.266322e+01 -6.654523e+00 -1.520575e+01
      vertex   3.510222e+01 -1.122354e+01 -1.520575e+01
      vertex   2.175694e+01 -9.194560e+00 -1.520575e+01
    endloop
  endfacet
  facet normal 0.000000e+00 0.000000e+00 -1.000000e+00
    outer loop
      vertex   2.175694e+01 -9.194560e+00 -1.520575e+01
      vertex   3.510222e+01 -1.122354e+01 -1.520575e+01
      vertex   3.500000e+01 -1.200000e+01 -1.520575e+01
    endloop
  endfacet
  facet normal 0.000000e+00 0.000000e+00 -1.000000e+00
    outer loop
      vertex   2.175694e+01 -9.194560e+00 -1.520575e+01
      vertex   3.500000e+01 -1.200000e+01 -1.520575e+01
      vertex   3.510222e+01 -1.277646e+01 -1.520575e+01
    endloop
  endfacet
  facet normal 0.000000e+00 -0.000000e+00 -1.000000e+00
    outer loop
      vertex   2.175694e+01 -9.194560e+00 -1.520575e+01
      vertex   3.510222e+01 -1.277646e+01 -1.520575e+01
      vertex   2.056702e+01 -1.161473e+01 -1.520575e+01
    endloop
  endfacet
  facet normal 0.000000e+00 0.000000e+00 -1.000000e+00
    outer loop
      vertex   2.056702e+01 -1.161473e+01 -1.520575e+01
      vertex   3.510222e+01 -1.277646e+01 -1.520575e+01
      vertex   3.540192e+01 -1.350000e+01 -1.520575e+01
    endloop
  endfacet
  facet normal 0.000000e+00 -0.000000e+00 -1.000000e+00
    outer loop
      vertex   2.056702e+01 -1.161473e+01 -1.520575e+01
      vertex   3.540192e+01 -1.350000e+01 -1.520575e+01
      vertex   1.910898e+01 -1.388349e+01 -1.520575e+01
    endloop
  endfacet
  facet normal 0.000000e+00 0.000000e+00 -1.000000e+00
    outer loop
      vertex   1.910898e+01 -1.388349e+01 -1.520575e+01
      vertex   3.540192e+01 -1.350000e+01 -1.520575e+01
      vertex   3.587868e+01 -1.412132e+01 -1.520575e+01
    endloop
  endfacet
  facet normal 0.000000e+00 -0.000000e+00 -1.000000e+00
    outer loop
      vertex   1.910898e+01 -1.388349e+01 -1.520575e+01
      vertex   3.587868e+01 -1.412132e+01 -1.520575e+01
      vertex   1.740183e+01 -1.597125e+01 -1.520575e+01
    endloop
  endfacet
  facet normal 0.000000e+00 0.000000e+00 -1.000000e+00
    outer loop
      vertex   1.740183e+01 -1.597125e+01 -1.520575e+01
      vertex   3.587868e+01 -1.412132e+01 -1.520575e+01
      vertex   3.650000e+01 -1.459808e+01 -1.520575e+01
    endloop
  endfacet
  facet normal 0.000000e+00 -0.000000e+00 -1.000000e+00
    outer loop
      vertex   1.740183e+01 -1.597125e+01 -1.520575e+01
      vertex   3.650000e+01 -1.459808e+01 -1.520575e+01
      vertex   1.546781e+01 -1.785080e+01 -1.520575e+01
    endloop
  endfacet
  facet normal 0.000000e+00 0.000000e+00 -1.000000e+00
    outer loop
      vertex   1.546781e+01 -1.785080e+01 -1.520575e+01
      vertex   3.650000e+01 -1.459808e+01 -1.520575e+01
      vertex   3.722354e+01 -1.489778e+01 -1.520575e+01
    endloop
  endfacet
  facet normal 0.000000e+00 -0.000000e+00 -1.000000e+00
    outer loop
      vertex   1.546781e+01 -1.785080e+01 -1.520575e+01
      vertex   3.722354e+01 -1.489778e+01 -1.520575e+01
      vertex   1.333215e+01 -1.949765e+01 -1.520575e+01
    endloop
  endfacet
  facet normal 0.000000e+00 0.000000e+00 -1.000000e+00
    outer loop
      vertex   1.333215e+01 -1.949765e+01 -1.520575e+01
      vertex   3.722354e+01 -1.489778e+01 -1.520575e+01
      vertex   4.326275e+01 -7.037916e+01 -1.520575e+01
    endloop
  endfacet
  facet normal 0.000000e+00 -0.000000e+00 -1.000000e+00
    outer loop
      vertex   1.333215e+01 -1.949765e+01 -1.520575e+01
      vertex   4.326275e+01 -7.037916e+01 -1.520575e+01
      vertex   2.897777e+00 -3.777646e+01 -1.520575e+01
    endloop
  endfacet
  facet normal 0.000000e+00 0.000000e+00 -1.000000e+00
    outer loop
      vertex   2.897777e+00 -3.777646e+01 -1.520575e+01
      vertex   4.326275e+01 -7.037916e+01 -1.520575e+01
      vertex   3.891694e+01 -7.287224e+01 -1.520575e+01
    endloop
  endfacet
  facet normal 0.000000e+00 0.000000e+00 -1.000000e+00
    outer loop
      vertex   2.897777e+00 -3.777646e+01 -1.520575e+01
      vertex   3.891694e+01 -7.287224e+01 -1.520575e+01
      vertex   3.442799e+01 -7.509730e+01 -1.520575e+01
    endloop
  endfacet
  facet normal 0.000000e+00 0.000000e+00 -1.000000e+00
    outer loop
      vertex   4.326275e+01 -7.037916e+01 -1.520575e+01
      vertex   3.722354e+01 -1.489778e+01 -1.520575e+01
      vertex   4.744944e+01 -6.762722e+01 -1.520575e+01
    endloop
  endfacet
  facet normal 0.000000e+00 0.000000e+00 -1.000000e+00
    outer loop
      vertex   4.744944e+01 -6.762722e+01 -1.520575e+01
      vertex   3.722354e+01 -1.489778e+01 -1.520575e+01
      vertex   3.800000e+01 -1.500000e+01 -1.520575e+01
    endloop
  endfacet
  facet normal 0.000000e+00 0.000000e+00 -1.000000e+00
    outer loop
      vertex   4.744944e+01 -6.762722e+01 -1.520575e+01
      vertex   3.800000e+01 -1.500000e+01 -1.520575e+01
      vertex   5.146162e+01 -6.462656e+01 -1.520575e+01
    endloop
  endfacet
  facet normal 0.000000e+00 0.000000e+00 -1.000000e+00
    outer loop
      vertex   5.146162e+01 -6.462656e+01 -1.520575e+01
      vertex   3.800000e+01 -1.500000e+01 -1.520575e+01
      vertex   5.528452e+01 -6.138821e+01 -1.520575e+01
    endloop
  endfacet
  facet normal 0.000000e+00 0.000000e+00 -1.000000e+00
    outer loop
      vertex   5.528452e+01 -6.138821e+01 -1.520575e+01
      vertex   3.800000e+01 -1.500000e+01 -1.520575e+01
      vertex   3.877646e+01 -1.489778e+01 -1.520575e+01
    endloop
  endfacet
  facet normal 0.000000e+00 0.000000e+00 -1.000000e+00
    outer loop
      vertex   5.528452e+01 -6.138821e+01 -1.520575e+01
      vertex   3.877646e+01 -1.489778e+01 -1.520575e+01
      vertex   5.890410e+01 -5.792408e+01 -1.520575e+01
    endloop
  endfacet
  facet normal 0.000000e+00 0.000000e+00 -1.000000e+00
    outer loop
      vertex   5.890410e+01 -5.792408e+01 -1.520575e+01
      vertex   3.877646e+01 -1.489778e+01 -1.520575e+01
      vertex   6.230702e+01 -5.424690e+01 -1.520575e+01
    endloop
  endfacet
  facet normal 0.000000e+00 0.000000e+00 -1.000000e+00
    outer loop
      vertex   6.230702e+01 -5.424690e+01 -1.520575e+01
      vertex   3.877646e+01 -1.489778e+01 -1.520575e+01
      vertex   3.950000e+01 -1.459808e+01 -1.520575e+01
    endloop
  endfacet
  facet normal 0.000000e+00 0.000000e+00 -1.000000e+00
    outer loop
      vertex   6.230702e+01 -5.424690e+01 -1.520575e+01
      vertex   3.950000e+01 -1.459808e+01 -1.520575e+01
      vertex   6.548079e+01 -5.037021e+01 -1.520575e+01
    endloop
  endfacet
  facet normal 0.000000e+00 0.000000e+00 -1.000000e+00
    outer loop
      vertex   6.548079e+01 -5.037021e+01 -1.520575e+01
      vertex   3.950000e+01 -1.459808e+01 -1.520575e+01
      vertex   6.841372e+01 -4.630825e+01 -1.520575e+01
    endloop
  endfacet
  facet normal 0.000000e+00 0.000000e+00 -1.000000e+00
    outer loop
      vertex   6.841372e+01 -4.630825e+01 -1.520575e+01
      vertex   3.950000e+01 -1.459808e+01 -1.520575e+01
      vertex   4.012132e+01 -1.412132e+01 -1.520575e+01
    endloop
  endfacet
  facet normal 0.000000e+00 0.000000e+00 -1.000000e+00
    outer loop
      vertex   6.841372e+01 -4.630825e+01 -1.520575e+01
      vertex   4.012132e+01 -1.412132e+01 -1.520575e+01
      vertex   7.109503e+01 -4.207598e+01 -1.520575e+01
    endloop
  endfacet
  facet normal 0.000000e+00 0.000000e+00 -1.000000e+00
    outer loop
      vertex   7.109503e+01 -4.207598e+01 -1.520575e+01
      vertex   4.012132e+01 -1.412132e+01 -1.520575e+01
      vertex   7.351485e+01 -3.768896e+01 -1.520575e+01
    endloop
  endfacet
  facet normal 0.000000e+00 0.000000e+00 -1.000000e+00
    outer loop
      vertex   7.351485e+01 -3.768896e+01 -1.520575e+01
      vertex   4.012132e+01 -1.412132e+01 -1.520575e+01
      vertex   4.059808e+01 -1.350000e+01 -1.520575e+01
    endloop
  endfacet
  facet normal 0.000000e+00 0.000000e+00 -1.000000e+00
    outer loop
      vertex   7.351485e+01 -3.768896e+01 -1.520575e+01
      vertex   4.059808e+01 -1.350000e+01 -1.520575e+01
      vertex   7.566429e+01 -3.316332e+01 -1.520575e+01
    endloop
  endfacet
  facet normal 0.000000e+00 0.000000e+00 -1.000000e+00
    outer loop
      vertex   7.566429e+01 -3.316332e+01 -1.520575e+01
      vertex   4.059808e+01 -1.350000e+01 -1.520575e+01
      vertex   7.753545e+01 -2.851570e+01 -1.520575e+01
    endloop
  endfacet
  facet normal 0.000000e+00 0.000000e+00 -1.000000e+00
    outer loop
      vertex   7.753545e+01 -2.851570e+01 -1.520575e+01
      vertex   4.059808e+01 -1.350000e+01 -1.520575e+01
      vertex   4.089778e+01 -1.277646e+01 -1.520575e+01
    endloop
  endfacet
  facet normal 0.000000e+00 0.000000e+00 -1.000000e+00
    outer loop
      vertex   7.753545e+01 -2.851570e+01 -1.520575e+01
      vertex   4.089778e+01 -1.277646e+01 -1.520575e+01
      vertex   7.912143e+01 -2.376321e+01 -1.520575e+01
    endloop
  endfacet
  facet normal 0.000000e+00 0.000000e+00 -1.000000e+00
    outer loop
      vertex   7.912143e+01 -2.376321e+01 -1.520575e+01
      vertex   4.089778e+01 -1.277646e+01 -1.520575e+01
      vertex   4.100000e+01 -1.200000e+01 -1.520575e+01
    endloop
  endfacet
  facet normal 0.000000e+00 0.000000e+00 -1.000000e+00
    outer loop
      vertex   2.897777e+00 3.777646e+01 -1.520575e+01
      vertex   2.822354e+01 6.210222e+01 -1.520575e+01
      vertex   3.000000e+00 3.700000e+01 -1.520575e+01
    endloop
  endfacet
  facet normal 0.000000e+00 0.000000e+00 -1.000000e+00
    outer loop
      vertex   3.000000e+00 3.700000e+01 -1.520575e+01
      vertex   2.822354e+01 6.210222e+01 -1.520575e+01
      vertex   1.333215e+01 1.949765e+01 -1.520575e+01
    endloop
  endfacet
  facet normal 0.000000e+00 0.000000e+00 -1.000000e+00
    outer loop
      vertex   3.000000e+00 3.700000e+01 -1.520575e+01
      vertex   1.333215e+01 1.949765e+01 -1.520575e+01
      vertex   1.102268e+01 2.089031e+01 -1.520575e+01
    endloop
  endfacet
  facet normal -0.000000e+00 0.000000e+00 -1.000000e+00
    outer loop
      vertex   2.822354e+01 6.210222e+01 -1.520575e+01
      vertex   2.897777e+00 3.777646e+01 -1.520575e+01
      vertex   2.750000e+01 6.240192e+01 -1.520575e+01
    endloop
  endfacet
  facet normal 0.000000e+00 0.000000e+00 -1.000000e+00
    outer loop
      vertex   2.750000e+01 6.240192e+01 -1.520575e+01
      vertex   2.897777e+00 3.777646e+01 -1.520575e+01
      vertex   2.598076e+00 3.850000e+01 -1.520575e+01
    endloop
  endfacet
  facet normal -0.000000e+00 0.000000e+00 -1.000000e+00
    outer loop
      vertex   2.750000e+01 6.240192e+01 -1.520575e+01
      vertex   2.598076e+00 3.850000e+01 -1.520575e+01
      vertex   2.687868e+01 6.287868e+01 -1.520575e+01
    endloop
  endfacet
  facet normal -0.000000e+00 0.000000e+00 -1.000000e+00
    outer loop
      vertex   2.687868e+01 6.287868e+01 -1.520575e+01
      vertex   2.598076e+00 3.850000e+01 -1.520575e+01
      vertex   1.443655e+01 6.750131e+01 -1.520575e+01
    endloop
  endfacet
  facet normal 0.000000e+00 0.000000e+00 -1.000000e+00
    outer loop
      vertex   2.687868e+01 6.287868e+01 -1.520575e+01
      vertex   1.443655e+01 6.750131e+01 -1.520575e+01
      vertex   1.568597e+01 6.764811e+01 -1.520575e+01
    endloop
  endfacet
  facet normal 0.000000e+00 0.000000e+00 -1.000000e+00
    outer loop
      vertex   2.598076e+00 3.850000e+01 -1.520575e+01
      vertex   2.121320e+00 3.912132e+01 -1.520575e+01
      vertex   1.443655e+01 6.750131e+01 -1.520575e+01
    endloop
  endfacet
  facet normal 0.000000e+00 0.000000e+00 -1.000000e+00
    outer loop
      vertex   1.443655e+01 6.750131e+01 -1.520575e+01
      vertex   2.121320e+00 3.912132e+01 -1.520575e+01
      vertex   1.500000e+00 3.959808e+01 -1.520575e+01
    endloop
  endfacet
  facet normal 0.000000e+00 0.000000e+00 -1.000000e+00
    outer loop
      vertex   1.443655e+01 6.750131e+01 -1.520575e+01
      vertex   1.500000e+00 3.959808e+01 -1.520575e+01
      vertex   7.764571e-01 3.989778e+01 -1.520575e+01
    endloop
  endfacet
  facet normal 0.000000e+00 0.000000e+00 -1.000000e+00
    outer loop
      vertex   7.764571e-01 3.989778e+01 -1.520575e+01
      vertex   -1.836970e-16 4.000000e+01 -1.520575e+01
      vertex   1.443655e+01 6.750131e+01 -1.520575e+01
    endloop
  endfacet
  facet normal 0.000000e+00 0.000000e+00 -1.000000e+00
    outer loop
      vertex   1.443655e+01 6.750131e+01 -1.520575e+01
      vertex   -1.836970e-16 4.000000e+01 -1.520575e+01
      vertex   -1.537390e+01 6.750131e+01 -1.520575e+01
    endloop
  endfacet
  facet normal 0.000000e+00 0.000000e+00 -1.000000e+00
    outer loop
      vertex   -1.537390e+01 6.750131e+01 -1.520575e+01
      vertex   -1.836970e-16 4.000000e+01 -1.520575e+01
      vertex   -7.764571e-01 3.989778e+01 -1.520575e+01
    endloop
  endfacet
  facet normal 0.000000e+00 0.000000e+00 -1.000000e+00
    outer loop
      vertex   -1.537390e+01 6.750131e+01 -1.520575e+01
      vertex   -7.764571e-01 3.989778e+01 -1.520575e+01
      vertex   -1.500000e+00 3.959808e+01 -1.520575e+01
    endloop
  endfacet
  facet normal -0.000000e+00 0.000000e+00 -1.000000e+00
    outer loop
      vertex   -1.500000e+00 3.959808e+01 -1.520575e+01
      vertex   -2.121320e+00 3.912132e+01 -1.520575e+01
      vertex   -1.537390e+01 6.750131e+01 -1.520575e+01
    endloop
  endfacet
  facet normal 0.000000e+00 0.000000e+00 -1.000000e+00
    outer loop
      vertex   -1.537390e+01 6.750131e+01 -1.520575e+01
      vertex   -2.121320e+00 3.912132e+01 -1.520575e+01
      vertex   -2.598076e+00 3.850000e+01 -1.520575e+01
    endloop
  endfacet
  facet normal -0.000000e+00 -0.000000e+00 -1.000000e+00
    outer loop
      vertex   -1.537390e+01 6.750131e+01 -1.520575e+01
      vertex   -2.598076e+00 3.850000e+01 -1.520575e+01
      vertex   -1.663247e+01 6.765010e+01 -1.520575e+01
    endloop
  endfacet
  facet normal 0.000000e+00 0.000000e+00 -1.000000e+00
    outer loop
      vertex   -1.663247e+01 6.765010e+01 -1.520575e+01
      vertex   -2.598076e+00 3.850000e+01 -1.520575e+01
      vertex   -2.897777e+00 3.777646e+01 -1.520575e+01
    endloop
  endfacet
  facet normal -0.000000e+00 -0.000000e+00 -1.000000e+00
    outer loop
      vertex   -1.663247e+01 6.765010e+01 -1.520575e+01
      vertex   -2.897777e+00 3.777646e+01 -1.520575e+01
      vertex   -1.783824e+01 6.804028e+01 -1.520575e+01
    endloop
  endfacet
  facet normal 0.000000e+00 -0.000000e+00 -1.000000e+00
    outer loop
      vertex   -1.783824e+01 6.804028e+01 -1.520575e+01
      vertex   -2.897777e+00 3.777646e+01 -1.520575e+01
      vertex   -4.287868e+01 6.287868e+01 -1.520575e+01
    endloop
  endfacet
  facet normal -0.000000e+00 0.000000e+00 -1.000000e+00
    outer loop
      vertex   -1.783824e+01 6.804028e+01 -1.520575e+01
      vertex   -4.287868e+01 6.287868e+01 -1.520575e+01
      vertex   -1.894538e+01 6.865703e+01 -1.520575e+01
    endloop
  endfacet
  facet normal 0.000000e+00 0.000000e+00 -1.000000e+00
    outer loop
      vertex   -1.894538e+01 6.865703e+01 -1.520575e+01
      vertex   -4.287868e+01 6.287868e+01 -1.520575e+01
      vertex   -4.240192e+01 6.350000e+01 -1.520575e+01
    endloop
  endfacet
  facet normal -0.000000e+00 0.000000e+00 -1.000000e+00
    outer loop
      vertex   -1.894538e+01 6.865703e+01 -1.520575e+01
      vertex   -4.240192e+01 6.350000e+01 -1.520575e+01
      vertex   -1.991181e+01 6.947689e+01 -1.520575e+01
    endloop
  endfacet
  facet normal 0.000000e+00 0.000000e+00 -1.000000e+00
    outer loop
      vertex   -1.991181e+01 6.947689e+01 -1.520575e+01
      vertex   -4.240192e+01 6.350000e+01 -1.520575e+01
      vertex   -4.210222e+01 6.422354e+01 -1.520575e+01
    endloop
  endfacet
  facet normal -0.000000e+00 0.000000e+00 -1.000000e+00
    outer loop
      vertex   -1.991181e+01 6.947689e+01 -1.520575e+01
      vertex   -4.210222e+01 6.422354e+01 -1.520575e+01
      vertex   -2.070077e+01 7.046869e+01 -1.520575e+01
    endloop
  endfacet
  facet normal 0.000000e+00 0.000000e+00 -1.000000e+00
    outer loop
      vertex   -2.070077e+01 7.046869e+01 -1.520575e+01
      vertex   -4.210222e+01 6.422354e+01 -1.520575e+01
      vertex   -4.200000e+01 6.500000e+01 -1.520575e+01
    endloop
  endfacet
  facet normal -0.000000e+00 0.000000e+00 -1.000000e+00
    outer loop
      vertex   -2.070077e+01 7.046869e+01 -1.520575e+01
      vertex   -4.200000e+01 6.500000e+01 -1.520575e+01
      vertex   -2.128228e+01 7.159474e+01 -1.520575e+01
    endloop
  endfacet
  facet normal 0.000000e+00 0.000000e+00 -1.000000e+00
    outer loop
      vertex   -2.128228e+01 7.159474e+01 -1.520575e+01
      vertex   -4.200000e+01 6.500000e+01 -1.520575e+01
      vertex   -4.210222e+01 6.577646e+01 -1.520575e+01
    endloop
  endfacet
  facet normal -0.000000e+00 0.000000e+00 -1.000000e+00
    outer loop
      vertex   -2.128228e+01 7.159474e+01 -1.520575e+01
      vertex   -4.210222e+01 6.577646e+01 -1.520575e+01
      vertex   -2.163423e+01 7.281222e+01 -1.520575e+01
    endloop
  endfacet
  facet normal -0.000000e+00 0.000000e+00 -1.000000e+00
    outer loop
      vertex   -2.163423e+01 7.281222e+01 -1.520575e+01
      vertex   -4.210222e+01 6.577646e+01 -1.520575e+01
      vertex   -4.215799e+01 7.581023e+01 -1.520575e+01
    endloop
  endfacet
  facet normal 0.000000e+00 0.000000e+00 -1.000000e+00
    outer loop
      vertex   -2.163423e+01 7.281222e+01 -1.520575e+01
      vertex   -4.215799e+01 7.581023e+01 -1.520575e+01
      vertex   -2.174325e+01 7.407485e+01 -1.520575e+01
    endloop
  endfacet
  facet normal 0.000000e+00 0.000000e+00 -1.000000e+00
    outer loop
      vertex   -2.174325e+01 7.407485e+01 -1.520575e+01
      vertex   -4.215799e+01 7.581023e+01 -1.520575e+01
      vertex   -4.205577e+01 7.658668e+01 -1.520575e+01
    endloop
  endfacet
  facet normal 0.000000e+00 0.000000e+00 -1.000000e+00
    outer loop
      vertex   -2.174325e+01 7.407485e+01 -1.520575e+01
      vertex   -4.205577e+01 7.658668e+01 -1.520575e+01
      vertex   -4.215799e+01 7.736314e+01 -1.520575e+01
    endloop
  endfacet
  facet normal 0.000000e+00 0.000000e+00 -1.000000e+00
    outer loop
      vertex   -4.287868e+01 6.287868e+01 -1.520575e+01
      vertex   -2.897777e+00 3.777646e+01 -1.520575e+01
      vertex   -1.442350e+01 1.870473e+01 -1.520575e+01
    endloop
  endfacet
  facet normal 0.000000e+00 0.000000e+00 -1.000000e+00
    outer loop
      vertex   -1.442350e+01 1.870473e+01 -1.520575e+01
      vertex   -2.897777e+00 3.777646e+01 -1.520575e+01
      vertex   -3.000000e+00 3.700000e+01 -1.520575e+01
    endloop
  endfacet
  facet normal 0.000000e+00 0.000000e+00 -1.000000e+00
    outer loop
      vertex   -1.442350e+01 1.870473e+01 -1.520575e+01
      vertex   -3.000000e+00 3.700000e+01 -1.520575e+01
      vertex   -1.219731e+01 2.022696e+01 -1.520575e+01
    endloop
  endfacet
  facet normal 0.000000e+00 0.000000e+00 -1.000000e+00
    outer loop
      vertex   -1.219731e+01 2.022696e+01 -1.520575e+01
      vertex   -3.000000e+00 3.700000e+01 -1.520575e+01
      vertex   -9.812103e+00 2.148551e+01 -1.520575e+01
    endloop
  endfacet
  facet normal 0.000000e+00 0.000000e+00 -1.000000e+00
    outer loop
      vertex   -9.812103e+00 2.148551e+01 -1.520575e+01
      vertex   -3.000000e+00 3.700000e+01 -1.520575e+01
      vertex   -2.897777e+00 3.622354e+01 -1.520575e+01
    endloop
  endfacet
  facet normal 0.000000e+00 0.000000e+00 -1.000000e+00
    outer loop
      vertex   -9.812103e+00 2.148551e+01 -1.520575e+01
      vertex   -2.897777e+00 3.622354e+01 -1.520575e+01
      vertex   -7.298982e+00 2.246395e+01 -1.520575e+01
    endloop
  endfacet
  facet normal 0.000000e+00 0.000000e+00 -1.000000e+00
    outer loop
      vertex   -7.298982e+00 2.246395e+01 -1.520575e+01
      vertex   -2.897777e+00 3.622354e+01 -1.520575e+01
      vertex   -2.598076e+00 3.550000e+01 -1.520575e+01
    endloop
  endfacet
  facet normal 0.000000e+00 0.000000e+00 -1.000000e+00
    outer loop
      vertex   -7.298982e+00 2.246395e+01 -1.520575e+01
      vertex   -2.598076e+00 3.550000e+01 -1.520575e+01
      vertex   -2.121320e+00 3.487868e+01 -1.520575e+01
    endloop
  endfacet
  facet normal 0.000000e+00 0.000000e+00 -1.000000e+00
    outer loop
      vertex   -7.298982e+00 2.246395e+01 -1.520575e+01
      vertex   -2.121320e+00 3.487868e+01 -1.520575e+01
      vertex   -4.690707e+00 2.314955e+01 -1.520575e+01
    endloop
  endfacet
  facet normal 0.000000e+00 0.000000e+00 -1.000000e+00
    outer loop
      vertex   -4.690707e+00 2.314955e+01 -1.520575e+01
      vertex   -2.121320e+00 3.487868e+01 -1.520575e+01
      vertex   -1.500000e+00 3.440192e+01 -1.520575e+01
    endloop
  endfacet
  facet normal 0.000000e+00 0.000000e+00 -1.000000e+00
    outer loop
      vertex   -4.690707e+00 2.314955e+01 -1.520575e+01
      vertex   -1.500000e+00 3.440192e+01 -1.520575e+01
      vertex   -2.021282e+00 2.353336e+01 -1.520575e+01
    endloop
  endfacet
  facet normal 0.000000e+00 0.000000e+00 -1.000000e+00
    outer loop
      vertex   -2.021282e+00 2.353336e+01 -1.520575e+01
      vertex   -1.500000e+00 3.440192e+01 -1.520575e+01
      vertex   -7.764571e-01 3.410222e+01 -1.520575e+01
    endloop
  endfacet
  facet normal 0.000000e+00 0.000000e+00 -1.000000e+00
    outer loop
      vertex   -2.021282e+00 2.353336e+01 -1.520575e+01
      vertex   -7.764571e-01 3.410222e+01 -1.520575e+01
      vertex   -1.836970e-16 3.400000e+01 -1.520575e+01
    endloop
  endfacet
  facet normal 0.000000e+00 0.000000e+00 -1.000000e+00
    outer loop
      vertex   -2.021282e+00 2.353336e+01 -1.520575e+01
      vertex   -1.836970e-16 3.400000e+01 -1.520575e+01
      vertex   6.744938e-01 2.361037e+01 -1.520575e+01
    endloop
  endfacet
  facet normal 0.000000e+00 0.000000e+00 -1.000000e+00
    outer loop
      vertex   6.744938e-01 2.361037e+01 -1.520575e+01
      vertex   -1.836970e-16 3.400000e+01 -1.520575e+01
      vertex   7.764571e-01 3.410222e+01 -1.520575e+01
    endloop
  endfacet
  facet normal 0.000000e+00 0.000000e+00 -1.000000e+00
    outer loop
      vertex   6.744938e-01 2.361037e+01 -1.520575e+01
      vertex   7.764571e-01 3.410222e+01 -1.520575e+01
      vertex   3.361476e+00 2.337958e+01 -1.520575e+01
    endloop
  endfacet
  facet normal 0.000000e+00 0.000000e+00 -1.000000e+00
    outer loop
      vertex   3.361476e+00 2.337958e+01 -1.520575e+01
      vertex   7.764571e-01 3.410222e+01 -1.520575e+01
      vertex   1.500000e+00 3.440192e+01 -1.520575e+01
    endloop
  endfacet
  facet normal 0.000000e+00 0.000000e+00 -1.000000e+00
    outer loop
      vertex   3.361476e+00 2.337958e+01 -1.520575e+01
      vertex   1.500000e+00 3.440192e+01 -1.520575e+01
      vertex   2.121320e+00 3.487868e+01 -1.520575e+01
    endloop
  endfacet
  facet normal 0.000000e+00 0.000000e+00 -1.000000e+00
    outer loop
      vertex   3.361476e+00 2.337958e+01 -1.520575e+01
      vertex   2.121320e+00 3.487868e+01 -1.520575e+01
      vertex   6.004637e+00 2.284401e+01 -1.520575e+01
    endloop
  endfacet
  facet normal 0.000000e+00 0.000000e+00 -1.000000e+00
    outer loop
      vertex   6.004637e+00 2.284401e+01 -1.520575e+01
      vertex   2.121320e+00 3.487868e+01 -1.520575e+01
      vertex   2.598076e+00 3.550000e+01 -1.520575e+01
    endloop
  endfacet
  facet normal 0.000000e+00 0.000000e+00 -1.000000e+00
    outer loop
      vertex   6.004637e+00 2.284401e+01 -1.520575e+01
      vertex   2.598076e+00 3.550000e+01 -1.520575e+01
      vertex   8.569518e+00 2.201063e+01 -1.520575e+01
    endloop
  endfacet
  facet normal 0.000000e+00 0.000000e+00 -1.000000e+00
    outer loop
      vertex   8.569518e+00 2.201063e+01 -1.520575e+01
      vertex   2.598076e+00 3.550000e+01 -1.520575e+01
      vertex   2.897777e+00 3.622354e+01 -1.520575e+01
    endloop
  endfacet
  facet normal 0.000000e+00 0.000000e+00 -1.000000e+00
    outer loop
      vertex   8.569518e+00 2.201063e+01 -1.520575e+01
      vertex   2.897777e+00 3.622354e+01 -1.520575e+01
      vertex   1.102268e+01 2.089031e+01 -1.520575e+01
    endloop
  endfacet
  facet normal 0.000000e+00 0.000000e+00 -1.000000e+00
    outer loop
      vertex   1.102268e+01 2.089031e+01 -1.520575e+01
      vertex   2.897777e+00 3.622354e+01 -1.520575e+01
      vertex   3.000000e+00 3.700000e+01 -1.520575e+01
    endloop
  endfacet
  facet normal 0.000000e+00 0.000000e+00 -1.000000e+00
    outer loop
      vertex   -3.521222e+01 -1.122354e+01 -1.520575e+01
      vertex   -2.224636e+01 -7.937487e+00 -1.520575e+01
      vertex   -3.511000e+01 -1.200000e+01 -1.520575e+01
    endloop
  endfacet
  facet normal 0.000000e+00 0.000000e+00 -1.000000e+00
    outer loop
      vertex   -3.511000e+01 -1.200000e+01 -1.520575e+01
      vertex   -2.224636e+01 -7.937487e+00 -1.520575e+01
      vertex   -2.119655e+01 -1.042164e+01 -1.520575e+01
    endloop
  endfacet
  facet normal 0.000000e+00 -0.000000e+00 -1.000000e+00
    outer loop
      vertex   -3.511000e+01 -1.200000e+01 -1.520575e+01
      vertex   -2.119655e+01 -1.042164e+01 -1.520575e+01
      vertex   -3.521222e+01 -1.277646e+01 -1.520575e+01
    endloop
  endfacet
  facet normal 0.000000e+00 0.000000e+00 -1.000000e+00
    outer loop
      vertex   -3.521222e+01 -1.277646e+01 -1.520575e+01
      vertex   -2.119655e+01 -1.042164e+01 -1.520575e+01
      vertex   -1.987041e+01 -1.276994e+01 -1.520575e+01
    endloop
  endfacet
  facet normal 0.000000e+00 -0.000000e+00 -1.000000e+00
    outer loop
      vertex   -3.521222e+01 -1.277646e+01 -1.520575e+01
      vertex   -1.987041e+01 -1.276994e+01 -1.520575e+01
      vertex   -3.551192e+01 -1.350000e+01 -1.520575e+01
    endloop
  endfacet
  facet normal 0.000000e+00 0.000000e+00 -1.000000e+00
    outer loop
      vertex   -3.551192e+01 -1.350000e+01 -1.520575e+01
      vertex   -1.987041e+01 -1.276994e+01 -1.520575e+01
      vertex   -1.828522e+01 -1.495175e+01 -1.520575e+01
    endloop
  endfacet
  facet normal 0.000000e+00 -0.000000e+00 -1.000000e+00
    outer loop
      vertex   -3.551192e+01 -1.350000e+01 -1.520575e+01
      vertex   -1.828522e+01 -1.495175e+01 -1.520575e+01
      vertex   -3.598868e+01 -1.412132e+01 -1.520575e+01
    endloop
  endfacet
  facet normal 0.000000e+00 0.000000e+00 -1.000000e+00
    outer loop
      vertex   -3.598868e+01 -1.412132e+01 -1.520575e+01
      vertex   -1.828522e+01 -1.495175e+01 -1.520575e+01
      vertex   -1.646167e+01 -1.693865e+01 -1.520575e+01
    endloop
  endfacet
  facet normal 0.000000e+00 -0.000000e+00 -1.000000e+00
    outer loop
      vertex   -3.598868e+01 -1.412132e+01 -1.520575e+01
      vertex   -1.646167e+01 -1.693865e+01 -1.520575e+01
      vertex   -3.661000e+01 -1.459808e+01 -1.520575e+01
    endloop
  endfacet
  facet normal 0.000000e+00 0.000000e+00 -1.000000e+00
    outer loop
      vertex   -3.661000e+01 -1.459808e+01 -1.520575e+01
      vertex   -1.646167e+01 -1.693865e+01 -1.520575e+01
      vertex   -1.442350e+01 -1.870473e+01 -1.520575e+01
    endloop
  endfacet
  facet normal 0.000000e+00 -0.000000e+00 -1.000000e+00
    outer loop
      vertex   -3.661000e+01 -1.459808e+01 -1.520575e+01
      vertex   -1.442350e+01 -1.870473e+01 -1.520575e+01
      vertex   -3.733354e+01 -1.489778e+01 -1.520575e+01
    endloop
  endfacet
  facet normal 0.000000e+00 -0.000000e+00 -1.000000e+00
    outer loop
      vertex   -3.733354e+01 -1.489778e+01 -1.520575e+01
      vertex   -1.442350e+01 -1.870473e+01 -1.520575e+01
      vertex   -4.251892e+01 -7.083102e+01 -1.520575e+01
    endloop
  endfacet
  facet normal 0.000000e+00 0.000000e+00 -1.000000e+00
    outer loop
      vertex   -3.733354e+01 -1.489778e+01 -1.520575e+01
      vertex   -4.251892e+01 -7.083102e+01 -1.520575e+01
      vertex   -4.673437e+01 -6.812334e+01 -1.520575e+01
    endloop
  endfacet
  facet normal -0.000000e+00 0.000000e+00 -1.000000e+00
    outer loop
      vertex   -2.224636e+01 -7.937487e+00 -1.520575e+01
      vertex   -3.521222e+01 -1.122354e+01 -1.520575e+01
      vertex   -2.300616e+01 -5.349854e+00 -1.520575e+01
    endloop
  endfacet
  facet normal 0.000000e+00 0.000000e+00 -1.000000e+00
    outer loop
      vertex   -2.300616e+01 -5.349854e+00 -1.520575e+01
      vertex   -3.521222e+01 -1.122354e+01 -1.520575e+01
      vertex   -3.551192e+01 -1.050000e+01 -1.520575e+01
    endloop
  endfacet
  facet normal -0.000000e+00 0.000000e+00 -1.000000e+00
    outer loop
      vertex   -2.300616e+01 -5.349854e+00 -1.520575e+01
      vertex   -3.551192e+01 -1.050000e+01 -1.520575e+01
      vertex   -2.346604e+01 -2.692477e+00 -1.520575e+01
    endloop
  endfacet
  facet normal 0.000000e+00 0.000000e+00 -1.000000e+00
    outer loop
      vertex   -2.346604e+01 -2.692477e+00 -1.520575e+01
      vertex   -3.551192e+01 -1.050000e+01 -1.520575e+01
      vertex   -3.598868e+01 -9.878680e+00 -1.520575e+01
    endloop
  endfacet
  facet normal 0.000000e+00 0.000000e+00 -1.000000e+00
    outer loop
      vertex   -2.346604e+01 -2.692477e+00 -1.520575e+01
      vertex   -3.598868e+01 -9.878680e+00 -1.520575e+01
      vertex   -3.661000e+01 -9.401924e+00 -1.520575e+01
    endloop
  endfacet
  facet normal 0.000000e+00 0.000000e+00 -1.000000e+00
    outer loop
      vertex   -3.733354e+01 -9.102223e+00 -1.520575e+01
      vertex   -3.661000e+01 8.401924e+00 -1.520575e+01
      vertex   -3.661000e+01 -9.401924e+00 -1.520575e+01
    endloop
  endfacet
  facet normal 0.000000e+00 0.000000e+00 -1.000000e+00
    outer loop
      vertex   -3.661000e+01 -9.401924e+00 -1.520575e+01
      vertex   -3.661000e+01 8.401924e+00 -1.520575e+01
      vertex   -2.362000e+01 -3.180431e-08 -1.520575e+01
    endloop
  endfacet
  facet normal 0.000000e+00 0.000000e+00 -1.000000e+00
    outer loop
      vertex   -3.661000e+01 -9.401924e+00 -1.520575e+01
      vertex   -2.362000e+01 -3.180431e-08 -1.520575e+01
      vertex   -2.346604e+01 -2.692477e+00 -1.520575e+01
    endloop
  endfacet
  facet normal 0.000000e+00 0.000000e+00 -1.000000e+00
    outer loop
      vertex   -3.661000e+01 8.401924e+00 -1.520575e+01
      vertex   -3.733354e+01 -9.102223e+00 -1.520575e+01
      vertex   -3.733354e+01 8.102223e+00 -1.520575e+01
    endloop
  endfacet
  facet normal 0.000000e+00 -0.000000e+00 -1.000000e+00
    outer loop
      vertex   -3.733354e+01 8.102223e+00 -1.520575e+01
      vertex   -3.733354e+01 -9.102223e+00 -1.520575e+01
      vertex   -3.811000e+01 -9.000000e+00 -1.520575e+01
    endloop
  endfacet
  facet normal 0.000000e+00 0.000000e+00 -1.000000e+00
    outer loop
      vertex   -3.733354e+01 8.102223e+00 -1.520575e+01
      vertex   -3.811000e+01 -9.000000e+00 -1.520575e+01
      vertex   -3.811000e+01 8.000000e+00 -1.520575e+01
    endloop
  endfacet
  facet normal 0.000000e+00 -0.000000e+00 -1.000000e+00
    outer loop
      vertex   -3.811000e+01 8.000000e+00 -1.520575e+01
      vertex   -3.811000e+01 -9.000000e+00 -1.520575e+01
      vertex   -3.888646e+01 -9.102223e+00 -1.520575e+01
    endloop
  endfacet
  facet normal -0.000000e+00 0.000000e+00 -1.000000e+00
    outer loop
      vertex   -3.811000e+01 8.000000e+00 -1.520575e+01
      vertex   -3.888646e+01 -9.102223e+00 -1.520575e+01
      vertex   -3.888646e+01 8.102223e+00 -1.520575e+01
    endloop
  endfacet
  facet normal 0.000000e+00 -0.000000e+00 -1.000000e+00
    outer loop
      vertex   -3.888646e+01 8.102223e+00 -1.520575e+01
      vertex   -3.888646e+01 -9.102223e+00 -1.520575e+01
      vertex   -3.961000e+01 -9.401924e+00 -1.520575e+01
    endloop
  endfacet
  facet normal -0.000000e+00 0.000000e+00 -1.000000e+00
    outer loop
      vertex   -3.888646e+01 8.102223e+00 -1.520575e+01
      vertex   -3.961000e+01 -9.401924e+00 -1.520575e+01
      vertex   -3.961000e+01 8.401924e+00 -1.520575e+01
    endloop
  endfacet
  facet normal 0.000000e+00 -0.000000e+00 -1.000000e+00
    outer loop
      vertex   -3.961000e+01 8.401924e+00 -1.520575e+01
      vertex   -3.961000e+01 -9.401924e+00 -1.520575e+01
      vertex   -4.023132e+01 -9.878680e+00 -1.520575e+01
    endloop
  endfacet
  facet normal -0.000000e+00 0.000000e+00 -1.000000e+00
    outer loop
      vertex   -3.961000e+01 8.401924e+00 -1.520575e+01
      vertex   -4.023132e+01 -9.878680e+00 -1.520575e+01
      vertex   -4.023132e+01 8.878680e+00 -1.520575e+01
    endloop
  endfacet
  facet normal 0.000000e+00 -0.000000e+00 -1.000000e+00
    outer loop
      vertex   -4.023132e+01 8.878680e+00 -1.520575e+01
      vertex   -4.023132e+01 -9.878680e+00 -1.520575e+01
      vertex   -4.070808e+01 -1.050000e+01 -1.520575e+01
    endloop
  endfacet
  facet normal -0.000000e+00 0.000000e+00 -1.000000e+00
    outer loop
      vertex   -4.023132e+01 8.878680e+00 -1.520575e+01
      vertex   -4.070808e+01 -1.050000e+01 -1.520575e+01
      vertex   -4.070808e+01 9.500000e+00 -1.520575e+01
    endloop
  endfacet
  facet normal 0.000000e+00 -0.000000e+00 -1.000000e+00
    outer loop
      vertex   -4.070808e+01 9.500000e+00 -1.520575e+01
      vertex   -4.070808e+01 -1.050000e+01 -1.520575e+01
      vertex   -8.261286e+01 8.048149e-02 -1.520575e+01
    endloop
  endfacet
  facet normal -0.000000e+00 0.000000e+00 -1.000000e+00
    outer loop
      vertex   -4.070808e+01 9.500000e+00 -1.520575e+01
      vertex   -8.261286e+01 8.048149e-02 -1.520575e+01
      vertex   -4.100778e+01 1.022354e+01 -1.520575e+01
    endloop
  endfacet
  facet normal 0.000000e+00 0.000000e+00 -1.000000e+00
    outer loop
      vertex   -4.100778e+01 1.022354e+01 -1.520575e+01
      vertex   -8.261286e+01 8.048149e-02 -1.520575e+01
      vertex   -8.245606e+01 5.088170e+00 -1.520575e+01
    endloop
  endfacet
  facet normal 0.000000e+00 0.000000e+00 -1.000000e+00
    outer loop
      vertex   -4.100778e+01 1.022354e+01 -1.520575e+01
      vertex   -8.245606e+01 5.088170e+00 -1.520575e+01
      vertex   -8.199599e+01 1.007714e+01 -1.520575e+01
    endloop
  endfacet
  facet normal -0.000000e+00 0.000000e+00 -1.000000e+00
    outer loop
      vertex   -4.070808e+01 -1.050000e+01 -1.520575e+01
      vertex   -4.100778e+01 -1.122354e+01 -1.520575e+01
      vertex   -8.261286e+01 8.048149e-02 -1.520575e+01
    endloop
  endfacet
  facet normal 0.000000e+00 0.000000e+00 -1.000000e+00
    outer loop
      vertex   -8.261286e+01 8.048149e-02 -1.520575e+01
      vertex   -4.100778e+01 -1.122354e+01 -1.520575e+01
      vertex   -8.246582e+01 -4.927503e+00 -1.520575e+01
    endloop
  endfacet
  facet normal 0.000000e+00 0.000000e+00 -1.000000e+00
    outer loop
      vertex   -8.246582e+01 -4.927503e+00 -1.520575e+01
      vertex   -4.100778e+01 -1.122354e+01 -1.520575e+01
      vertex   -8.201547e+01 -9.917365e+00 -1.520575e+01
    endloop
  endfacet
  facet normal 0.000000e+00 0.000000e+00 -1.000000e+00
    outer loop
      vertex   -8.201547e+01 -9.917365e+00 -1.520575e+01
      vertex   -4.100778e+01 -1.122354e+01 -1.520575e+01
      vertex   -4.111000e+01 -1.200000e+01 -1.520575e+01
    endloop
  endfacet
  facet normal 0.000000e+00 0.000000e+00 -1.000000e+00
    outer loop
      vertex   -8.201547e+01 -9.917365e+00 -1.520575e+01
      vertex   -4.111000e+01 -1.200000e+01 -1.520575e+01
      vertex   -8.126347e+01 -1.487075e+01 -1.520575e+01
    endloop
  endfacet
  facet normal 0.000000e+00 0.000000e+00 -1.000000e+00
    outer loop
      vertex   -8.126347e+01 -1.487075e+01 -1.520575e+01
      vertex   -4.111000e+01 -1.200000e+01 -1.520575e+01
      vertex   -8.021259e+01 -1.976944e+01 -1.520575e+01
    endloop
  endfacet
  facet normal 0.000000e+00 0.000000e+00 -1.000000e+00
    outer loop
      vertex   -8.021259e+01 -1.976944e+01 -1.520575e+01
      vertex   -4.111000e+01 -1.200000e+01 -1.520575e+01
      vertex   -4.100778e+01 -1.277646e+01 -1.520575e+01
    endloop
  endfacet
  facet normal 0.000000e+00 0.000000e+00 -1.000000e+00
    outer loop
      vertex   -8.021259e+01 -1.976944e+01 -1.520575e+01
      vertex   -4.100778e+01 -1.277646e+01 -1.520575e+01
      vertex   -7.886670e+01 -2.459542e+01 -1.520575e+01
    endloop
  endfacet
  facet normal 0.000000e+00 0.000000e+00 -1.000000e+00
    outer loop
      vertex   -7.886670e+01 -2.459542e+01 -1.520575e+01
      vertex   -4.100778e+01 -1.277646e+01 -1.520575e+01
      vertex   -7.723074e+01 -2.933095e+01 -1.520575e+01
    endloop
  endfacet
  facet normal 0.000000e+00 0.000000e+00 -1.000000e+00
    outer loop
      vertex   -7.723074e+01 -2.933095e+01 -1.520575e+01
      vertex   -4.100778e+01 -1.277646e+01 -1.520575e+01
      vertex   -4.070808e+01 -1.350000e+01 -1.520575e+01
    endloop
  endfacet
  facet normal 0.000000e+00 0.000000e+00 -1.000000e+00
    outer loop
      vertex   -7.723074e+01 -2.933095e+01 -1.520575e+01
      vertex   -4.070808e+01 -1.350000e+01 -1.520575e+01
      vertex   -7.531073e+01 -3.395859e+01 -1.520575e+01
    endloop
  endfacet
  facet normal 0.000000e+00 0.000000e+00 -1.000000e+00
    outer loop
      vertex   -7.531073e+01 -3.395859e+01 -1.520575e+01
      vertex   -4.070808e+01 -1.350000e+01 -1.520575e+01
      vertex   -7.311372e+01 -3.846134e+01 -1.520575e+01
    endloop
  endfacet
  facet normal 0.000000e+00 0.000000e+00 -1.000000e+00
    outer loop
      vertex   -7.311372e+01 -3.846134e+01 -1.520575e+01
      vertex   -4.070808e+01 -1.350000e+01 -1.520575e+01
      vertex   -4.023132e+01 -1.412132e+01 -1.520575e+01
    endloop
  endfacet
  facet normal 0.000000e+00 0.000000e+00 -1.000000e+00
    outer loop
      vertex   -7.311372e+01 -3.846134e+01 -1.520575e+01
      vertex   -4.023132e+01 -1.412132e+01 -1.520575e+01
      vertex   -7.064782e+01 -4.282262e+01 -1.520575e+01
    endloop
  endfacet
  facet normal 0.000000e+00 0.000000e+00 -1.000000e+00
    outer loop
      vertex   -7.064782e+01 -4.282262e+01 -1.520575e+01
      vertex   -4.023132e+01 -1.412132e+01 -1.520575e+01
      vertex   -6.792207e+01 -4.702641e+01 -1.520575e+01
    endloop
  endfacet
  facet normal 0.000000e+00 0.000000e+00 -1.000000e+00
    outer loop
      vertex   -6.792207e+01 -4.702641e+01 -1.520575e+01
      vertex   -4.023132e+01 -1.412132e+01 -1.520575e+01
      vertex   -3.961000e+01 -1.459808e+01 -1.520575e+01
    endloop
  endfacet
  facet normal 0.000000e+00 0.000000e+00 -1.000000e+00
    outer loop
      vertex   -6.792207e+01 -4.702641e+01 -1.520575e+01
      vertex   -3.961000e+01 -1.459808e+01 -1.520575e+01
      vertex   -6.494651e+01 -5.105724e+01 -1.520575e+01
    endloop
  endfacet
  facet normal 0.000000e+00 0.000000e+00 -1.000000e+00
    outer loop
      vertex   -6.494651e+01 -5.105724e+01 -1.520575e+01
      vertex   -3.961000e+01 -1.459808e+01 -1.520575e+01
      vertex   -6.173208e+01 -5.490028e+01 -1.520575e+01
    endloop
  endfacet
  facet normal 0.000000e+00 0.000000e+00 -1.000000e+00
    outer loop
      vertex   -6.173208e+01 -5.490028e+01 -1.520575e+01
      vertex   -3.961000e+01 -1.459808e+01 -1.520575e+01
      vertex   -3.888646e+01 -1.489778e+01 -1.520575e+01
    endloop
  endfacet
  facet normal 0.000000e+00 0.000000e+00 -1.000000e+00
    outer loop
      vertex   -6.173208e+01 -5.490028e+01 -1.520575e+01
      vertex   -3.888646e+01 -1.489778e+01 -1.520575e+01
      vertex   -5.829061e+01 -5.854141e+01 -1.520575e+01
    endloop
  endfacet
  facet normal 0.000000e+00 0.000000e+00 -1.000000e+00
    outer loop
      vertex   -5.829061e+01 -5.854141e+01 -1.520575e+01
      vertex   -3.888646e+01 -1.489778e+01 -1.520575e+01
      vertex   -3.811000e+01 -1.500000e+01 -1.520575e+01
    endloop
  endfacet
  facet normal 0.000000e+00 0.000000e+00 -1.000000e+00
    outer loop
      vertex   -5.829061e+01 -5.854141e+01 -1.520575e+01
      vertex   -3.811000e+01 -1.500000e+01 -1.520575e+01
      vertex   -5.463474e+01 -6.196722e+01 -1.520575e+01
    endloop
  endfacet
  facet normal 0.000000e+00 0.000000e+00 -1.000000e+00
    outer loop
      vertex   -5.463474e+01 -6.196722e+01 -1.520575e+01
      vertex   -3.811000e+01 -1.500000e+01 -1.520575e+01
      vertex   -5.077793e+01 -6.516512e+01 -1.520575e+01
    endloop
  endfacet
  facet normal 0.000000e+00 0.000000e+00 -1.000000e+00
    outer loop
      vertex   -5.077793e+01 -6.516512e+01 -1.520575e+01
      vertex   -3.811000e+01 -1.500000e+01 -1.520575e+01
      vertex   -3.733354e+01 -1.489778e+01 -1.520575e+01
    endloop
  endfacet
  facet normal 0.000000e+00 0.000000e+00 -1.000000e+00
    outer loop
      vertex   -5.077793e+01 -6.516512e+01 -1.520575e+01
      vertex   -3.733354e+01 -1.489778e+01 -1.520575e+01
      vertex   -4.673437e+01 -6.812334e+01 -1.520575e+01
    endloop
  endfacet
  facet normal 0.000000e+00 0.000000e+00 -1.000000e+00
    outer loop
      vertex   -3.521222e+01 1.177646e+01 -1.520575e+01
      vertex   -2.119655e+01 1.042164e+01 -1.520575e+01
      vertex   -3.511000e+01 1.100000e+01 -1.520575e+01
    endloop
  endfacet
  facet normal 0.000000e+00 0.000000e+00 -1.000000e+00
    outer loop
      vertex   -3.511000e+01 1.100000e+01 -1.520575e+01
      vertex   -2.119655e+01 1.042164e+01 -1.520575e+01
      vertex   -2.224636e+01 7.937487e+00 -1.520575e+01
    endloop
  endfacet
  facet normal 0.000000e+00 -0.000000e+00 -1.000000e+00
    outer loop
      vertex   -3.511000e+01 1.100000e+01 -1.520575e+01
      vertex   -2.224636e+01 7.937487e+00 -1.520575e+01
      vertex   -3.521222e+01 1.022354e+01 -1.520575e+01
    endloop
  endfacet
  facet normal 0.000000e+00 0.000000e+00 -1.000000e+00
    outer loop
      vertex   -3.521222e+01 1.022354e+01 -1.520575e+01
      vertex   -2.224636e+01 7.937487e+00 -1.520575e+01
      vertex   -2.300616e+01 5.349854e+00 -1.520575e+01
    endloop
  endfacet
  facet normal 0.000000e+00 -0.000000e+00 -1.000000e+00
    outer loop
      vertex   -3.521222e+01 1.022354e+01 -1.520575e+01
      vertex   -2.300616e+01 5.349854e+00 -1.520575e+01
      vertex   -3.551192e+01 9.500000e+00 -1.520575e+01
    endloop
  endfacet
  facet normal 0.000000e+00 0.000000e+00 -1.000000e+00
    outer loop
      vertex   -3.551192e+01 9.500000e+00 -1.520575e+01
      vertex   -2.300616e+01 5.349854e+00 -1.520575e+01
      vertex   -2.346604e+01 2.692477e+00 -1.520575e+01
    endloop
  endfacet
  facet normal 0.000000e+00 -0.000000e+00 -1.000000e+00
    outer loop
      vertex   -3.551192e+01 9.500000e+00 -1.520575e+01
      vertex   -2.346604e+01 2.692477e+00 -1.520575e+01
      vertex   -3.598868e+01 8.878680e+00 -1.520575e+01
    endloop
  endfacet
  facet normal 0.000000e+00 0.000000e+00 -1.000000e+00
    outer loop
      vertex   -3.598868e+01 8.878680e+00 -1.520575e+01
      vertex   -2.346604e+01 2.692477e+00 -1.520575e+01
      vertex   -2.362000e+01 -3.180431e-08 -1.520575e+01
    endloop
  endfacet
  facet normal 0.000000e+00 -0.000000e+00 -1.000000e+00
    outer loop
      vertex   -3.598868e+01 8.878680e+00 -1.520575e+01
      vertex   -2.362000e+01 -3.180431e-08 -1.520575e+01
      vertex   -3.661000e+01 8.401924e+00 -1.520575e+01
    endloop
  endfacet
  facet normal 0.000000e+00 0.000000e+00 -1.000000e+00
    outer loop
      vertex   -3.521222e+01 1.177646e+01 -1.520575e+01
      vertex   -3.551192e+01 1.250000e+01 -1.520575e+01
      vertex   -2.119655e+01 1.042164e+01 -1.520575e+01
    endloop
  endfacet
  facet normal 0.000000e+00 0.000000e+00 -1.000000e+00
    outer loop
      vertex   -2.119655e+01 1.042164e+01 -1.520575e+01
      vertex   -3.551192e+01 1.250000e+01 -1.520575e+01
      vertex   -1.987041e+01 1.276994e+01 -1.520575e+01
    endloop
  endfacet
  facet normal -0.000000e+00 0.000000e+00 -1.000000e+00
    outer loop
      vertex   -1.987041e+01 1.276994e+01 -1.520575e+01
      vertex   -3.551192e+01 1.250000e+01 -1.520575e+01
      vertex   -3.598868e+01 1.312132e+01 -1.520575e+01
    endloop
  endfacet
  facet normal 0.000000e+00 0.000000e+00 -1.000000e+00
    outer loop
      vertex   -1.987041e+01 1.276994e+01 -1.520575e+01
      vertex   -3.598868e+01 1.312132e+01 -1.520575e+01
      vertex   -1.828522e+01 1.495175e+01 -1.520575e+01
    endloop
  endfacet
  facet normal 0.000000e+00 0.000000e+00 -1.000000e+00
    outer loop
      vertex   -1.828522e+01 1.495175e+01 -1.520575e+01
      vertex   -3.598868e+01 1.312132e+01 -1.520575e+01
      vertex   -3.661000e+01 1.359808e+01 -1.520575e+01
    endloop
  endfacet
  facet normal -0.000000e+00 0.000000e+00 -1.000000e+00
    outer loop
      vertex   -1.828522e+01 1.495175e+01 -1.520575e+01
      vertex   -3.661000e+01 1.359808e+01 -1.520575e+01
      vertex   -1.646167e+01 1.693865e+01 -1.520575e+01
    endloop
  endfacet
  facet normal 0.000000e+00 0.000000e+00 -1.000000e+00
    outer loop
      vertex   -1.646167e+01 1.693865e+01 -1.520575e+01
      vertex   -3.661000e+01 1.359808e+01 -1.520575e+01
      vertex   -3.733354e+01 1.389778e+01 -1.520575e+01
    endloop
  endfacet
  facet normal -0.000000e+00 0.000000e+00 -1.000000e+00
    outer loop
      vertex   -1.646167e+01 1.693865e+01 -1.520575e+01
      vertex   -3.733354e+01 1.389778e+01 -1.520575e+01
      vertex   -1.442350e+01 1.870473e+01 -1.520575e+01
    endloop
  endfacet
  facet normal -0.000000e+00 0.000000e+00 -1.000000e+00
    outer loop
      vertex   -1.442350e+01 1.870473e+01 -1.520575e+01
      vertex   -3.733354e+01 1.389778e+01 -1.520575e+01
      vertex   -4.350000e+01 6.240192e+01 -1.520575e+01
    endloop
  endfacet
  facet normal 0.000000e+00 0.000000e+00 -1.000000e+00
    outer loop
      vertex   -1.442350e+01 1.870473e+01 -1.520575e+01
      vertex   -4.350000e+01 6.240192e+01 -1.520575e+01
      vertex   -4.287868e+01 6.287868e+01 -1.520575e+01
    endloop
  endfacet
  facet normal 0.000000e+00 0.000000e+00 -1.000000e+00
    outer loop
      vertex   -3.733354e+01 1.389778e+01 -1.520575e+01
      vertex   -3.811000e+01 1.400000e+01 -1.520575e+01
      vertex   -4.350000e+01 6.240192e+01 -1.520575e+01
    endloop
  endfacet
  facet normal 0.000000e+00 -0.000000e+00 -1.000000e+00
    outer loop
      vertex   -4.350000e+01 6.240192e+01 -1.520575e+01
      vertex   -3.811000e+01 1.400000e+01 -1.520575e+01
      vertex   -4.422354e+01 6.210222e+01 -1.520575e+01
    endloop
  endfacet
  facet normal 0.000000e+00 0.000000e+00 -1.000000e+00
    outer loop
      vertex   -4.422354e+01 6.210222e+01 -1.520575e+01
      vertex   -3.811000e+01 1.400000e+01 -1.520575e+01
      vertex   -3.888646e+01 1.389778e+01 -1.520575e+01
    endloop
  endfacet
  facet normal 0.000000e+00 -0.000000e+00 -1.000000e+00
    outer loop
      vertex   -4.422354e+01 6.210222e+01 -1.520575e+01
      vertex   -3.888646e+01 1.389778e+01 -1.520575e+01
      vertex   -4.500000e+01 6.200000e+01 -1.520575e+01
    endloop
  endfacet
  facet normal 0.000000e+00 0.000000e+00 -1.000000e+00
    outer loop
      vertex   -4.500000e+01 6.200000e+01 -1.520575e+01
      vertex   -3.888646e+01 1.389778e+01 -1.520575e+01
      vertex   -3.961000e+01 1.359808e+01 -1.520575e+01
    endloop
  endfacet
  facet normal -0.000000e+00 -0.000000e+00 -1.000000e+00
    outer loop
      vertex   -4.500000e+01 6.200000e+01 -1.520575e+01
      vertex   -3.961000e+01 1.359808e+01 -1.520575e+01
      vertex   -4.577646e+01 6.210222e+01 -1.520575e+01
    endloop
  endfacet
  facet normal 0.000000e+00 0.000000e+00 -1.000000e+00
    outer loop
      vertex   -4.577646e+01 6.210222e+01 -1.520575e+01
      vertex   -3.961000e+01 1.359808e+01 -1.520575e+01
      vertex   -4.023132e+01 1.312132e+01 -1.520575e+01
    endloop
  endfacet
  facet normal 0.000000e+00 -0.000000e+00 -1.000000e+00
    outer loop
      vertex   -4.577646e+01 6.210222e+01 -1.520575e+01
      vertex   -4.023132e+01 1.312132e+01 -1.520575e+01
      vertex   -7.881863e+01 2.474904e+01 -1.520575e+01
    endloop
  endfacet
  facet normal 0.000000e+00 0.000000e+00 -1.000000e+00
    outer loop
      vertex   -7.881863e+01 2.474904e+01 -1.520575e+01
      vertex   -4.023132e+01 1.312132e+01 -1.520575e+01
      vertex   -4.070808e+01 1.250000e+01 -1.520575e+01
    endloop
  endfacet
  facet normal 0.000000e+00 0.000000e+00 -1.000000e+00
    outer loop
      vertex   -7.881863e+01 2.474904e+01 -1.520575e+01
      vertex   -4.070808e+01 1.250000e+01 -1.520575e+01
      vertex   -4.100778e+01 1.177646e+01 -1.520575e+01
    endloop
  endfacet
  facet normal 0.000000e+00 -0.000000e+00 -1.000000e+00
    outer loop
      vertex   -7.881863e+01 2.474904e+01 -1.520575e+01
      vertex   -4.100778e+01 1.177646e+01 -1.520575e+01
      vertex   -8.017392e+01 1.992569e+01 -1.520575e+01
    endloop
  endfacet
  facet normal 0.000000e+00 0.000000e+00 -1.000000e+00
    outer loop
      vertex   -8.017392e+01 1.992569e+01 -1.520575e+01
      vertex   -4.100778e+01 1.177646e+01 -1.520575e+01
      vertex   -4.111000e+01 1.100000e+01 -1.520575e+01
    endloop
  endfacet
  facet normal 0.000000e+00 -0.000000e+00 -1.000000e+00
    outer loop
      vertex   -8.017392e+01 1.992569e+01 -1.520575e+01
      vertex   -4.111000e+01 1.100000e+01 -1.520575e+01
      vertex   -8.123434e+01 1.502906e+01 -1.520575e+01
    endloop
  endfacet
  facet normal 0.000000e+00 -0.000000e+00 -1.000000e+00
    outer loop
      vertex   -8.123434e+01 1.502906e+01 -1.520575e+01
      vertex   -4.111000e+01 1.100000e+01 -1.520575e+01
      vertex   -8.199599e+01 1.007714e+01 -1.520575e+01
    endloop
  endfacet
  facet normal 0.000000e+00 0.000000e+00 -1.000000e+00
    outer loop
      vertex   -8.199599e+01 1.007714e+01 -1.520575e+01
      vertex   -4.111000e+01 1.100000e+01 -1.520575e+01
      vertex   -4.100778e+01 1.022354e+01 -1.520575e+01
    endloop
  endfacet
  facet normal -0.000000e+00 0.000000e+00 -1.000000e+00
    outer loop
      vertex   7.855353e+01 2.557801e+01 -1.520575e+01
      vertex   4.012132e+01 1.312132e+01 -1.520575e+01
      vertex   5.983758e+01 6.317033e+01 -1.520575e+01
    endloop
  endfacet
  facet normal 0.000000e+00 0.000000e+00 -1.000000e+00
    outer loop
      vertex   5.983758e+01 6.317033e+01 -1.520575e+01
      vertex   4.012132e+01 1.312132e+01 -1.520575e+01
      vertex   3.950000e+01 1.359808e+01 -1.520575e+01
    endloop
  endfacet
  facet normal 0.000000e+00 0.000000e+00 -1.000000e+00
    outer loop
      vertex   5.983758e+01 6.317033e+01 -1.520575e+01
      vertex   3.950000e+01 1.359808e+01 -1.520575e+01
      vertex   3.877646e+01 1.389778e+01 -1.520575e+01
    endloop
  endfacet
  facet normal -0.000000e+00 0.000000e+00 -1.000000e+00
    outer loop
      vertex   5.983758e+01 6.317033e+01 -1.520575e+01
      vertex   3.877646e+01 1.389778e+01 -1.520575e+01
      vertex   3.557568e+01 6.317033e+01 -1.520575e+01
    endloop
  endfacet
  facet normal 0.000000e+00 0.000000e+00 -1.000000e+00
    outer loop
      vertex   3.557568e+01 6.317033e+01 -1.520575e+01
      vertex   3.877646e+01 1.389778e+01 -1.520575e+01
      vertex   3.800000e+01 1.400000e+01 -1.520575e+01
    endloop
  endfacet
  facet normal 0.000000e+00 -0.000000e+00 -1.000000e+00
    outer loop
      vertex   3.557568e+01 6.317033e+01 -1.520575e+01
      vertex   3.800000e+01 1.400000e+01 -1.520575e+01
      vertex   2.977646e+01 6.210222e+01 -1.520575e+01
    endloop
  endfacet
  facet normal 0.000000e+00 0.000000e+00 -1.000000e+00
    outer loop
      vertex   2.977646e+01 6.210222e+01 -1.520575e+01
      vertex   3.800000e+01 1.400000e+01 -1.520575e+01
      vertex   3.722354e+01 1.389778e+01 -1.520575e+01
    endloop
  endfacet
  facet normal 0.000000e+00 -0.000000e+00 -1.000000e+00
    outer loop
      vertex   2.977646e+01 6.210222e+01 -1.520575e+01
      vertex   3.722354e+01 1.389778e+01 -1.520575e+01
      vertex   2.900000e+01 6.200000e+01 -1.520575e+01
    endloop
  endfacet
  facet normal 0.000000e+00 -0.000000e+00 -1.000000e+00
    outer loop
      vertex   2.900000e+01 6.200000e+01 -1.520575e+01
      vertex   3.722354e+01 1.389778e+01 -1.520575e+01
      vertex   1.546781e+01 1.785080e+01 -1.520575e+01
    endloop
  endfacet
  facet normal 0.000000e+00 0.000000e+00 -1.000000e+00
    outer loop
      vertex   2.900000e+01 6.200000e+01 -1.520575e+01
      vertex   1.546781e+01 1.785080e+01 -1.520575e+01
      vertex   1.333215e+01 1.949765e+01 -1.520575e+01
    endloop
  endfacet
  facet normal -0.000000e+00 0.000000e+00 -1.000000e+00
    outer loop
      vertex   3.722354e+01 1.389778e+01 -1.520575e+01
      vertex   3.650000e+01 1.359808e+01 -1.520575e+01
      vertex   1.546781e+01 1.785080e+01 -1.520575e+01
    endloop
  endfacet
  facet normal 0.000000e+00 0.000000e+00 -1.000000e+00
    outer loop
      vertex   1.546781e+01 1.785080e+01 -1.520575e+01
      vertex   3.650000e+01 1.359808e+01 -1.520575e+01
      vertex   1.740183e+01 1.597125e+01 -1.520575e+01
    endloop
  endfacet
  facet normal 0.000000e+00 0.000000e+00 -1.000000e+00
    outer loop
      vertex   1.740183e+01 1.597125e+01 -1.520575e+01
      vertex   3.650000e+01 1.359808e+01 -1.520575e+01
      vertex   3.587868e+01 1.312132e+01 -1.520575e+01
    endloop
  endfacet
  facet normal 0.000000e+00 0.000000e+00 -1.000000e+00
    outer loop
      vertex   1.740183e+01 1.597125e+01 -1.520575e+01
      vertex   3.587868e+01 1.312132e+01 -1.520575e+01
      vertex   1.910898e+01 1.388349e+01 -1.520575e+01
    endloop
  endfacet
  facet normal 0.000000e+00 0.000000e+00 -1.000000e+00
    outer loop
      vertex   1.910898e+01 1.388349e+01 -1.520575e+01
      vertex   3.587868e+01 1.312132e+01 -1.520575e+01
      vertex   3.540192e+01 1.250000e+01 -1.520575e+01
    endloop
  endfacet
  facet normal 0.000000e+00 0.000000e+00 -1.000000e+00
    outer loop
      vertex   1.910898e+01 1.388349e+01 -1.520575e+01
      vertex   3.540192e+01 1.250000e+01 -1.520575e+01
      vertex   2.056702e+01 1.161473e+01 -1.520575e+01
    endloop
  endfacet
  facet normal 0.000000e+00 0.000000e+00 -1.000000e+00
    outer loop
      vertex   2.056702e+01 1.161473e+01 -1.520575e+01
      vertex   3.540192e+01 1.250000e+01 -1.520575e+01
      vertex   3.510222e+01 1.177646e+01 -1.520575e+01
    endloop
  endfacet
  facet normal 0.000000e+00 0.000000e+00 -1.000000e+00
    outer loop
      vertex   2.056702e+01 1.161473e+01 -1.520575e+01
      vertex   3.510222e+01 1.177646e+01 -1.520575e+01
      vertex   2.175694e+01 9.194560e+00 -1.520575e+01
    endloop
  endfacet
  facet normal 0.000000e+00 0.000000e+00 -1.000000e+00
    outer loop
      vertex   2.175694e+01 9.194560e+00 -1.520575e+01
      vertex   3.510222e+01 1.177646e+01 -1.520575e+01
      vertex   3.500000e+01 1.100000e+01 -1.520575e+01
    endloop
  endfacet
  facet normal 0.000000e+00 0.000000e+00 -1.000000e+00
    outer loop
      vertex   2.175694e+01 9.194560e+00 -1.520575e+01
      vertex   3.500000e+01 1.100000e+01 -1.520575e+01
      vertex   2.266322e+01 6.654523e+00 -1.520575e+01
    endloop
  endfacet
  facet normal 0.000000e+00 0.000000e+00 -1.000000e+00
    outer loop
      vertex   2.266322e+01 6.654523e+00 -1.520575e+01
      vertex   3.500000e+01 1.100000e+01 -1.520575e+01
      vertex   3.510222e+01 1.022354e+01 -1.520575e+01
    endloop
  endfacet
  facet normal 0.000000e+00 0.000000e+00 -1.000000e+00
    outer loop
      vertex   2.266322e+01 6.654523e+00 -1.520575e+01
      vertex   3.510222e+01 1.022354e+01 -1.520575e+01
      vertex   2.327406e+01 4.027734e+00 -1.520575e+01
    endloop
  endfacet
  facet normal 0.000000e+00 0.000000e+00 -1.000000e+00
    outer loop
      vertex   2.327406e+01 4.027734e+00 -1.520575e+01
      vertex   3.510222e+01 1.022354e+01 -1.520575e+01
      vertex   3.540192e+01 9.500000e+00 -1.520575e+01
    endloop
  endfacet
  facet normal 0.000000e+00 0.000000e+00 -1.000000e+00
    outer loop
      vertex   2.327406e+01 4.027734e+00 -1.520575e+01
      vertex   3.540192e+01 9.500000e+00 -1.520575e+01
      vertex   3.587868e+01 8.878680e+00 -1.520575e+01
    endloop
  endfacet
  facet normal 0.000000e+00 0.000000e+00 -1.000000e+00
    outer loop
      vertex   2.327406e+01 4.027734e+00 -1.520575e+01
      vertex   3.587868e+01 8.878680e+00 -1.520575e+01
      vertex   2.358148e+01 1.348438e+00 -1.520575e+01
    endloop
  endfacet
  facet normal 0.000000e+00 0.000000e+00 -1.000000e+00
    outer loop
      vertex   2.358148e+01 1.348438e+00 -1.520575e+01
      vertex   3.587868e+01 8.878680e+00 -1.520575e+01
      vertex   3.650000e+01 8.401924e+00 -1.520575e+01
    endloop
  endfacet
  facet normal 0.000000e+00 0.000000e+00 -1.000000e+00
    outer loop
      vertex   2.358148e+01 1.348438e+00 -1.520575e+01
      vertex   3.650000e+01 8.401924e+00 -1.520575e+01
      vertex   2.358148e+01 -1.348438e+00 -1.520575e+01
    endloop
  endfacet
  facet normal 0.000000e+00 0.000000e+00 -1.000000e+00
    outer loop
      vertex   2.897777e+00 -3.622354e+01 -1.520575e+01
      vertex   1.102268e+01 -2.089031e+01 -1.520575e+01
      vertex   3.000000e+00 -3.700000e+01 -1.520575e+01
    endloop
  endfacet
  facet normal 0.000000e+00 0.000000e+00 -1.000000e+00
    outer loop
      vertex   3.000000e+00 -3.700000e+01 -1.520575e+01
      vertex   1.102268e+01 -2.089031e+01 -1.520575e+01
      vertex   1.333215e+01 -1.949765e+01 -1.520575e+01
    endloop
  endfacet
  facet normal 0.000000e+00 -0.000000e+00 -1.000000e+00
    outer loop
      vertex   3.000000e+00 -3.700000e+01 -1.520575e+01
      vertex   1.333215e+01 -1.949765e+01 -1.520575e+01
      vertex   2.897777e+00 -3.777646e+01 -1.520575e+01
    endloop
  endfacet
  facet normal 0.000000e+00 0.000000e+00 -1.000000e+00
    outer loop
      vertex   1.102268e+01 -2.089031e+01 -1.520575e+01
      vertex   2.897777e+00 -3.622354e+01 -1.520575e+01
      vertex   8.569518e+00 -2.201063e+01 -1.520575e+01
    endloop
  endfacet
  facet normal 0.000000e+00 0.000000e+00 -1.000000e+00
    outer loop
      vertex   8.569518e+00 -2.201063e+01 -1.520575e+01
      vertex   2.897777e+00 -3.622354e+01 -1.520575e+01
      vertex   2.598076e+00 -3.550000e+01 -1.520575e+01
    endloop
  endfacet
  facet normal 0.000000e+00 0.000000e+00 -1.000000e+00
    outer loop
      vertex   8.569518e+00 -2.201063e+01 -1.520575e+01
      vertex   2.598076e+00 -3.550000e+01 -1.520575e+01
      vertex   6.004637e+00 -2.284401e+01 -1.520575e+01
    endloop
  endfacet
  facet normal 0.000000e+00 0.000000e+00 -1.000000e+00
    outer loop
      vertex   6.004637e+00 -2.284401e+01 -1.520575e+01
      vertex   2.598076e+00 -3.550000e+01 -1.520575e+01
      vertex   2.121320e+00 -3.487868e+01 -1.520575e+01
    endloop
  endfacet
  facet normal 0.000000e+00 0.000000e+00 -1.000000e+00
    outer loop
      vertex   6.004637e+00 -2.284401e+01 -1.520575e+01
      vertex   2.121320e+00 -3.487868e+01 -1.520575e+01
      vertex   3.361476e+00 -2.337958e+01 -1.520575e+01
    endloop
  endfacet
  facet normal 0.000000e+00 0.000000e+00 -1.000000e+00
    outer loop
      vertex   3.361476e+00 -2.337958e+01 -1.520575e+01
      vertex   2.121320e+00 -3.487868e+01 -1.520575e+01
      vertex   1.500000e+00 -3.440192e+01 -1.520575e+01
    endloop
  endfacet
  facet normal 0.000000e+00 0.000000e+00 -1.000000e+00
    outer loop
      vertex   3.361476e+00 -2.337958e+01 -1.520575e+01
      vertex   1.500000e+00 -3.440192e+01 -1.520575e+01
      vertex   7.764571e-01 -3.410222e+01 -1.520575e+01
    endloop
  endfacet
  facet normal 0.000000e+00 0.000000e+00 -1.000000e+00
    outer loop
      vertex   3.361476e+00 -2.337958e+01 -1.520575e+01
      vertex   7.764571e-01 -3.410222e+01 -1.520575e+01
      vertex   6.744938e-01 -2.361037e+01 -1.520575e+01
    endloop
  endfacet
  facet normal 0.000000e+00 -0.000000e+00 -1.000000e+00
    outer loop
      vertex   6.744938e-01 -2.361037e+01 -1.520575e+01
      vertex   7.764571e-01 -3.410222e+01 -1.520575e+01
      vertex   -1.836970e-16 -3.400000e+01 -1.520575e+01
    endloop
  endfacet
  facet normal -0.000000e+00 0.000000e+00 -1.000000e+00
    outer loop
      vertex   6.744938e-01 -2.361037e+01 -1.520575e+01
      vertex   -1.836970e-16 -3.400000e+01 -1.520575e+01
      vertex   -2.021282e+00 -2.353336e+01 -1.520575e+01
    endloop
  endfacet
  facet normal 0.000000e+00 0.000000e+00 -1.000000e+00
    outer loop
      vertex   -2.021282e+00 -2.353336e+01 -1.520575e+01
      vertex   -1.836970e-16 -3.400000e+01 -1.520575e+01
      vertex   -7.764571e-01 -3.410222e+01 -1.520575e+01
    endloop
  endfacet
  facet normal 0.000000e+00 0.000000e+00 -1.000000e+00
    outer loop
      vertex   -2.021282e+00 -2.353336e+01 -1.520575e+01
      vertex   -7.764571e-01 -3.410222e+01 -1.520575e+01
      vertex   -1.500000e+00 -3.440192e+01 -1.520575e+01
    endloop
  endfacet
  facet normal -0.000000e+00 -0.000000e+00 -1.000000e+00
    outer loop
      vertex   -2.021282e+00 -2.353336e+01 -1.520575e+01
      vertex   -1.500000e+00 -3.440192e+01 -1.520575e+01
      vertex   -4.690707e+00 -2.314955e+01 -1.520575e+01
    endloop
  endfacet
  facet normal 0.000000e+00 0.000000e+00 -1.000000e+00
    outer loop
      vertex   -4.690707e+00 -2.314955e+01 -1.520575e+01
      vertex   -1.500000e+00 -3.440192e+01 -1.520575e+01
      vertex   -2.121320e+00 -3.487868e+01 -1.520575e+01
    endloop
  endfacet
  facet normal -0.000000e+00 -0.000000e+00 -1.000000e+00
    outer loop
      vertex   -4.690707e+00 -2.314955e+01 -1.520575e+01
      vertex   -2.121320e+00 -3.487868e+01 -1.520575e+01
      vertex   -7.298982e+00 -2.246395e+01 -1.520575e+01
    endloop
  endfacet
  facet normal 0.000000e+00 0.000000e+00 -1.000000e+00
    outer loop
      vertex   -7.298982e+00 -2.246395e+01 -1.520575e+01
      vertex   -2.121320e+00 -3.487868e+01 -1.520575e+01
      vertex   -2.598076e+00 -3.550000e+01 -1.520575e+01
    endloop
  endfacet
  facet normal 0.000000e+00 0.000000e+00 -1.000000e+00
    outer loop
      vertex   -7.298982e+00 -2.246395e+01 -1.520575e+01
      vertex   -2.598076e+00 -3.550000e+01 -1.520575e+01
      vertex   -2.897777e+00 -3.622354e+01 -1.520575e+01
    endloop
  endfacet
  facet normal -0.000000e+00 -0.000000e+00 -1.000000e+00
    outer loop
      vertex   -7.298982e+00 -2.246395e+01 -1.520575e+01
      vertex   -2.897777e+00 -3.622354e+01 -1.520575e+01
      vertex   -9.812103e+00 -2.148551e+01 -1.520575e+01
    endloop
  endfacet
  facet normal 0.000000e+00 0.000000e+00 -1.000000e+00
    outer loop
      vertex   -9.812103e+00 -2.148551e+01 -1.520575e+01
      vertex   -2.897777e+00 -3.622354e+01 -1.520575e+01
      vertex   -3.000000e+00 -3.700000e+01 -1.520575e+01
    endloop
  endfacet
  facet normal -0.000000e+00 -0.000000e+00 -1.000000e+00
    outer loop
      vertex   -9.812103e+00 -2.148551e+01 -1.520575e+01
      vertex   -3.000000e+00 -3.700000e+01 -1.520575e+01
      vertex   -1.219731e+01 -2.022696e+01 -1.520575e+01
    endloop
  endfacet
  facet normal -0.000000e+00 -0.000000e+00 -1.000000e+00
    outer loop
      vertex   -1.219731e+01 -2.022696e+01 -1.520575e+01
      vertex   -3.000000e+00 -3.700000e+01 -1.520575e+01
      vertex   -1.442350e+01 -1.870473e+01 -1.520575e+01
    endloop
  endfacet
  facet normal 0.000000e+00 0.000000e+00 -1.000000e+00
    outer loop
      vertex   -1.442350e+01 -1.870473e+01 -1.520575e+01
      vertex   -3.000000e+00 -3.700000e+01 -1.520575e+01
      vertex   -2.897777e+00 -3.777646e+01 -1.520575e+01
    endloop
  endfacet
  facet normal 0.000000e+00 -0.000000e+00 -1.000000e+00
    outer loop
      vertex   -1.442350e+01 -1.870473e+01 -1.520575e+01
      vertex   -2.897777e+00 -3.777646e+01 -1.520575e+01
      vertex   -4.251892e+01 -7.083102e+01 -1.520575e+01
    endloop
  endfacet
  facet normal 0.000000e+00 0.000000e+00 -1.000000e+00
    outer loop
      vertex   -4.251892e+01 -7.083102e+01 -1.520575e+01
      vertex   -2.897777e+00 -3.777646e+01 -1.520575e+01
      vertex   -3.814708e+01 -7.327818e+01 -1.520575e+01
    endloop
  endfacet
  facet normal 0.000000e+00 0.000000e+00 -1.000000e+00
    outer loop
      vertex   -3.814708e+01 -7.327818e+01 -1.520575e+01
      vertex   -2.897777e+00 -3.777646e+01 -1.520575e+01
      vertex   -3.363494e+01 -7.545583e+01 -1.520575e+01
    endloop
  endfacet
  facet normal 0.000000e+00 0.000000e+00 -1.000000e+00
    outer loop
      vertex   -3.363494e+01 -7.545583e+01 -1.520575e+01
      vertex   -2.897777e+00 -3.777646e+01 -1.520575e+01
      vertex   -2.598076e+00 -3.850000e+01 -1.520575e+01
    endloop
  endfacet
  facet normal 0.000000e+00 0.000000e+00 -1.000000e+00
    outer loop
      vertex   -3.363494e+01 -7.545583e+01 -1.520575e+01
      vertex   -2.598076e+00 -3.850000e+01 -1.520575e+01
      vertex   -2.899910e+01 -7.735595e+01 -1.520575e+01
    endloop
  endfacet
  facet normal 0.000000e+00 0.000000e+00 -1.000000e+00
    outer loop
      vertex   -2.899910e+01 -7.735595e+01 -1.520575e+01
      vertex   -2.598076e+00 -3.850000e+01 -1.520575e+01
      vertex   -2.425660e+01 -7.897157e+01 -1.520575e+01
    endloop
  endfacet
  facet normal 0.000000e+00 0.000000e+00 -1.000000e+00
    outer loop
      vertex   -2.425660e+01 -7.897157e+01 -1.520575e+01
      vertex   -2.598076e+00 -3.850000e+01 -1.520575e+01
      vertex   -2.121320e+00 -3.912132e+01 -1.520575e+01
    endloop
  endfacet
  facet normal 0.000000e+00 0.000000e+00 -1.000000e+00
    outer loop
      vertex   -2.425660e+01 -7.897157e+01 -1.520575e+01
      vertex   -2.121320e+00 -3.912132e+01 -1.520575e+01
      vertex   -1.942488e+01 -8.029673e+01 -1.520575e+01
    endloop
  endfacet
  facet normal 0.000000e+00 0.000000e+00 -1.000000e+00
    outer loop
      vertex   -1.942488e+01 -8.029673e+01 -1.520575e+01
      vertex   -2.121320e+00 -3.912132e+01 -1.520575e+01
      vertex   -1.500000e+00 -3.959808e+01 -1.520575e+01
    endloop
  endfacet
  facet normal 0.000000e+00 0.000000e+00 -1.000000e+00
    outer loop
      vertex   -1.942488e+01 -8.029673e+01 -1.520575e+01
      vertex   -1.500000e+00 -3.959808e+01 -1.520575e+01
      vertex   -1.452173e+01 -8.132657e+01 -1.520575e+01
    endloop
  endfacet
  facet normal 0.000000e+00 0.000000e+00 -1.000000e+00
    outer loop
      vertex   -1.452173e+01 -8.132657e+01 -1.520575e+01
      vertex   -1.500000e+00 -3.959808e+01 -1.520575e+01
      vertex   -9.565156e+00 -8.205729e+01 -1.520575e+01
    endloop
  endfacet
  facet normal 0.000000e+00 0.000000e+00 -1.000000e+00
    outer loop
      vertex   -9.565156e+00 -8.205729e+01 -1.520575e+01
      vertex   -1.500000e+00 -3.959808e+01 -1.520575e+01
      vertex   -7.764571e-01 -3.989778e+01 -1.520575e+01
    endloop
  endfacet
  facet normal 0.000000e+00 0.000000e+00 -1.000000e+00
    outer loop
      vertex   -9.565156e+00 -8.205729e+01 -1.520575e+01
      vertex   -7.764571e-01 -3.989778e+01 -1.520575e+01
      vertex   -4.573407e+00 -8.248621e+01 -1.520575e+01
    endloop
  endfacet
  facet normal 0.000000e+00 0.000000e+00 -1.000000e+00
    outer loop
      vertex   -4.573407e+00 -8.248621e+01 -1.520575e+01
      vertex   -7.764571e-01 -3.989778e+01 -1.520575e+01
      vertex   -1.836970e-16 -4.000000e+01 -1.520575e+01
    endloop
  endfacet
  facet normal 0.000000e+00 0.000000e+00 -1.000000e+00
    outer loop
      vertex   -4.573407e+00 -8.248621e+01 -1.520575e+01
      vertex   -1.836970e-16 -4.000000e+01 -1.520575e+01
      vertex   4.351626e-01 -8.261175e+01 -1.520575e+01
    endloop
  endfacet
  facet normal 0.000000e+00 0.000000e+00 -1.000000e+00
    outer loop
      vertex   4.351626e-01 -8.261175e+01 -1.520575e+01
      vertex   -1.836970e-16 -4.000000e+01 -1.520575e+01
      vertex   5.442132e+00 -8.243345e+01 -1.520575e+01
    endloop
  endfacet
  facet normal 0.000000e+00 0.000000e+00 -1.000000e+00
    outer loop
      vertex   5.442132e+00 -8.243345e+01 -1.520575e+01
      vertex   -1.836970e-16 -4.000000e+01 -1.520575e+01
      vertex   7.764571e-01 -3.989778e+01 -1.520575e+01
    endloop
  endfacet
  facet normal 0.000000e+00 0.000000e+00 -1.000000e+00
    outer loop
      vertex   5.442132e+00 -8.243345e+01 -1.520575e+01
      vertex   7.764571e-01 -3.989778e+01 -1.520575e+01
      vertex   1.042909e+01 -8.195197e+01 -1.520575e+01
    endloop
  endfacet
  facet normal 0.000000e+00 0.000000e+00 -1.000000e+00
    outer loop
      vertex   1.042909e+01 -8.195197e+01 -1.520575e+01
      vertex   7.764571e-01 -3.989778e+01 -1.520575e+01
      vertex   1.500000e+00 -3.959808e+01 -1.520575e+01
    endloop
  endfacet
  facet normal 0.000000e+00 0.000000e+00 -1.000000e+00
    outer loop
      vertex   1.042909e+01 -8.195197e+01 -1.520575e+01
      vertex   1.500000e+00 -3.959808e+01 -1.520575e+01
      vertex   1.537768e+01 -8.116907e+01 -1.520575e+01
    endloop
  endfacet
  facet normal 0.000000e+00 0.000000e+00 -1.000000e+00
    outer loop
      vertex   1.537768e+01 -8.116907e+01 -1.520575e+01
      vertex   1.500000e+00 -3.959808e+01 -1.520575e+01
      vertex   2.026972e+01 -8.008764e+01 -1.520575e+01
    endloop
  endfacet
  facet normal 0.000000e+00 0.000000e+00 -1.000000e+00
    outer loop
      vertex   2.026972e+01 -8.008764e+01 -1.520575e+01
      vertex   1.500000e+00 -3.959808e+01 -1.520575e+01
      vertex   2.121320e+00 -3.912132e+01 -1.520575e+01
    endloop
  endfacet
  facet normal 0.000000e+00 0.000000e+00 -1.000000e+00
    outer loop
      vertex   2.026972e+01 -8.008764e+01 -1.520575e+01
      vertex   2.121320e+00 -3.912132e+01 -1.520575e+01
      vertex   2.508721e+01 -7.871165e+01 -1.520575e+01
    endloop
  endfacet
  facet normal 0.000000e+00 0.000000e+00 -1.000000e+00
    outer loop
      vertex   2.508721e+01 -7.871165e+01 -1.520575e+01
      vertex   2.121320e+00 -3.912132e+01 -1.520575e+01
      vertex   2.598076e+00 -3.850000e+01 -1.520575e+01
    endloop
  endfacet
  facet normal 0.000000e+00 0.000000e+00 -1.000000e+00
    outer loop
      vertex   2.508721e+01 -7.871165e+01 -1.520575e+01
      vertex   2.598076e+00 -3.850000e+01 -1.520575e+01
      vertex   2.981242e+01 -7.704616e+01 -1.520575e+01
    endloop
  endfacet
  facet normal 0.000000e+00 0.000000e+00 -1.000000e+00
    outer loop
      vertex   2.981242e+01 -7.704616e+01 -1.520575e+01
      vertex   2.598076e+00 -3.850000e+01 -1.520575e+01
      vertex   3.442799e+01 -7.509730e+01 -1.520575e+01
    endloop
  endfacet
  facet normal 0.000000e+00 0.000000e+00 -1.000000e+00
    outer loop
      vertex   3.442799e+01 -7.509730e+01 -1.520575e+01
      vertex   2.598076e+00 -3.850000e+01 -1.520575e+01
      vertex   2.897777e+00 -3.777646e+01 -1.520575e+01
    endloop
  endfacet
  facet normal 0.000000e+00 0.000000e+00 -1.000000e+00
    outer loop
      vertex   2.604646e+01 7.736314e+01 -1.520575e+01
      vertex   2.594423e+01 7.658668e+01 -1.520575e+01
      vertex   2.080632e+01 7.400000e+01 -1.520575e+01
    endloop
  endfacet
  facet normal 0.000000e+00 0.000000e+00 -1.000000e+00
    outer loop
      vertex   2.080632e+01 7.400000e+01 -1.520575e+01
      vertex   2.594423e+01 7.658668e+01 -1.520575e+01
      vertex   2.604646e+01 7.581023e+01 -1.520575e+01
    endloop
  endfacet
  facet normal 0.000000e+00 0.000000e+00 -1.000000e+00
    outer loop
      vertex   2.080632e+01 7.400000e+01 -1.520575e+01
      vertex   2.604646e+01 7.581023e+01 -1.520575e+01
      vertex   2.634616e+01 7.508668e+01 -1.520575e+01
    endloop
  endfacet
  facet normal 0.000000e+00 -0.000000e+00 -1.000000e+00
    outer loop
      vertex   2.080632e+01 7.400000e+01 -1.520575e+01
      vertex   2.634616e+01 7.508668e+01 -1.520575e+01
      vertex   2.068458e+01 7.274788e+01 -1.520575e+01
    endloop
  endfacet
  facet normal 0.000000e+00 0.000000e+00 -1.000000e+00
    outer loop
      vertex   2.068458e+01 7.274788e+01 -1.520575e+01
      vertex   2.634616e+01 7.508668e+01 -1.520575e+01
      vertex   2.682291e+01 7.446536e+01 -1.520575e+01
    endloop
  endfacet
  facet normal 0.000000e+00 0.000000e+00 -1.000000e+00
    outer loop
      vertex   2.068458e+01 7.274788e+01 -1.520575e+01
      vertex   2.682291e+01 7.446536e+01 -1.520575e+01
      vertex   2.687868e+01 6.712132e+01 -1.520575e+01
    endloop
  endfacet
  facet normal 0.000000e+00 0.000000e+00 -1.000000e+00
    outer loop
      vertex   2.687868e+01 6.712132e+01 -1.520575e+01
      vertex   2.682291e+01 7.446536e+01 -1.520575e+01
      vertex   2.744423e+01 7.398861e+01 -1.520575e+01
    endloop
  endfacet
  facet normal 0.000000e+00 0.000000e+00 -1.000000e+00
    outer loop
      vertex   2.687868e+01 6.712132e+01 -1.520575e+01
      vertex   2.744423e+01 7.398861e+01 -1.520575e+01
      vertex   2.750000e+01 6.759808e+01 -1.520575e+01
    endloop
  endfacet
  facet normal 0.000000e+00 0.000000e+00 -1.000000e+00
    outer loop
      vertex   2.750000e+01 6.759808e+01 -1.520575e+01
      vertex   2.744423e+01 7.398861e+01 -1.520575e+01
      vertex   2.816778e+01 7.368891e+01 -1.520575e+01
    endloop
  endfacet
  facet normal 0.000000e+00 0.000000e+00 -1.000000e+00
    outer loop
      vertex   2.750000e+01 6.759808e+01 -1.520575e+01
      vertex   2.816778e+01 7.368891e+01 -1.520575e+01
      vertex   2.822354e+01 6.789778e+01 -1.520575e+01
    endloop
  endfacet
  facet normal 0.000000e+00 0.000000e+00 -1.000000e+00
    outer loop
      vertex   2.822354e+01 6.789778e+01 -1.520575e+01
      vertex   2.816778e+01 7.368891e+01 -1.520575e+01
      vertex   2.894423e+01 7.358668e+01 -1.520575e+01
    endloop
  endfacet
  facet normal 0.000000e+00 0.000000e+00 -1.000000e+00
    outer loop
      vertex   2.822354e+01 6.789778e+01 -1.520575e+01
      vertex   2.894423e+01 7.358668e+01 -1.520575e+01
      vertex   2.900000e+01 6.800000e+01 -1.520575e+01
    endloop
  endfacet
  facet normal 0.000000e+00 0.000000e+00 -1.000000e+00
    outer loop
      vertex   2.900000e+01 6.800000e+01 -1.520575e+01
      vertex   2.894423e+01 7.358668e+01 -1.520575e+01
      vertex   2.972069e+01 7.368891e+01 -1.520575e+01
    endloop
  endfacet
  facet normal 0.000000e+00 0.000000e+00 -1.000000e+00
    outer loop
      vertex   2.900000e+01 6.800000e+01 -1.520575e+01
      vertex   2.972069e+01 7.368891e+01 -1.520575e+01
      vertex   2.977646e+01 6.789778e+01 -1.520575e+01
    endloop
  endfacet
  facet normal 0.000000e+00 0.000000e+00 -1.000000e+00
    outer loop
      vertex   2.977646e+01 6.789778e+01 -1.520575e+01
      vertex   2.972069e+01 7.368891e+01 -1.520575e+01
      vertex   3.044423e+01 7.398861e+01 -1.520575e+01
    endloop
  endfacet
  facet normal 0.000000e+00 0.000000e+00 -1.000000e+00
    outer loop
      vertex   2.977646e+01 6.789778e+01 -1.520575e+01
      vertex   3.044423e+01 7.398861e+01 -1.520575e+01
      vertex   3.050000e+01 6.759808e+01 -1.520575e+01
    endloop
  endfacet
  facet normal 0.000000e+00 0.000000e+00 -1.000000e+00
    outer loop
      vertex   3.050000e+01 6.759808e+01 -1.520575e+01
      vertex   3.044423e+01 7.398861e+01 -1.520575e+01
      vertex   3.106556e+01 7.446536e+01 -1.520575e+01
    endloop
  endfacet
  facet normal 0.000000e+00 0.000000e+00 -1.000000e+00
    outer loop
      vertex   3.050000e+01 6.759808e+01 -1.520575e+01
      vertex   3.106556e+01 7.446536e+01 -1.520575e+01
      vertex   3.112132e+01 6.712132e+01 -1.520575e+01
    endloop
  endfacet
  facet normal 0.000000e+00 0.000000e+00 -1.000000e+00
    outer loop
      vertex   3.112132e+01 6.712132e+01 -1.520575e+01
      vertex   3.106556e+01 7.446536e+01 -1.520575e+01
      vertex   3.154231e+01 7.508668e+01 -1.520575e+01
    endloop
  endfacet
  facet normal 0.000000e+00 0.000000e+00 -1.000000e+00
    outer loop
      vertex   3.112132e+01 6.712132e+01 -1.520575e+01
      vertex   3.154231e+01 7.508668e+01 -1.520575e+01
      vertex   3.159808e+01 6.650000e+01 -1.520575e+01
    endloop
  endfacet
  facet normal 0.000000e+00 0.000000e+00 -1.000000e+00
    outer loop
      vertex   3.159808e+01 6.650000e+01 -1.520575e+01
      vertex   3.154231e+01 7.508668e+01 -1.520575e+01
      vertex   3.557568e+01 6.317033e+01 -1.520575e+01
    endloop
  endfacet
  facet normal 0.000000e+00 0.000000e+00 -1.000000e+00
    outer loop
      vertex   3.159808e+01 6.650000e+01 -1.520575e+01
      vertex   3.557568e+01 6.317033e+01 -1.520575e+01
      vertex   3.189778e+01 6.577646e+01 -1.520575e+01
    endloop
  endfacet
  facet normal 0.000000e+00 0.000000e+00 -1.000000e+00
    outer loop
      vertex   3.189778e+01 6.577646e+01 -1.520575e+01
      vertex   3.557568e+01 6.317033e+01 -1.520575e+01
      vertex   3.200000e+01 6.500000e+01 -1.520575e+01
    endloop
  endfacet
  facet normal 0.000000e+00 -0.000000e+00 -1.000000e+00
    outer loop
      vertex   3.200000e+01 6.500000e+01 -1.520575e+01
      vertex   3.557568e+01 6.317033e+01 -1.520575e+01
      vertex   3.189778e+01 6.422354e+01 -1.520575e+01
    endloop
  endfacet
  facet normal 0.000000e+00 -0.000000e+00 -1.000000e+00
    outer loop
      vertex   3.189778e+01 6.422354e+01 -1.520575e+01
      vertex   3.557568e+01 6.317033e+01 -1.520575e+01
      vertex   3.159808e+01 6.350000e+01 -1.520575e+01
    endloop
  endfacet
  facet normal 0.000000e+00 -0.000000e+00 -1.000000e+00
    outer loop
      vertex   3.159808e+01 6.350000e+01 -1.520575e+01
      vertex   3.557568e+01 6.317033e+01 -1.520575e+01
      vertex   3.112132e+01 6.287868e+01 -1.520575e+01
    endloop
  endfacet
  facet normal 0.000000e+00 -0.000000e+00 -1.000000e+00
    outer loop
      vertex   3.112132e+01 6.287868e+01 -1.520575e+01
      vertex   3.557568e+01 6.317033e+01 -1.520575e+01
      vertex   3.050000e+01 6.240192e+01 -1.520575e+01
    endloop
  endfacet
  facet normal 0.000000e+00 -0.000000e+00 -1.000000e+00
    outer loop
      vertex   3.050000e+01 6.240192e+01 -1.520575e+01
      vertex   3.557568e+01 6.317033e+01 -1.520575e+01
      vertex   2.977646e+01 6.210222e+01 -1.520575e+01
    endloop
  endfacet
  facet normal 0.000000e+00 0.000000e+00 -1.000000e+00
    outer loop
      vertex   3.154231e+01 7.508668e+01 -1.520575e+01
      vertex   3.184201e+01 7.581023e+01 -1.520575e+01
      vertex   3.557568e+01 6.317033e+01 -1.520575e+01
    endloop
  endfacet
  facet normal 0.000000e+00 0.000000e+00 -1.000000e+00
    outer loop
      vertex   3.557568e+01 6.317033e+01 -1.520575e+01
      vertex   3.184201e+01 7.581023e+01 -1.520575e+01
      vertex   3.194423e+01 7.658668e+01 -1.520575e+01
    endloop
  endfacet
  facet normal 0.000000e+00 0.000000e+00 -1.000000e+00
    outer loop
      vertex   3.557568e+01 6.317033e+01 -1.520575e+01
      vertex   3.194423e+01 7.658668e+01 -1.520575e+01
      vertex   3.557568e+01 9.312344e+01 -1.520575e+01
    endloop
  endfacet
  facet normal 0.000000e+00 0.000000e+00 -1.000000e+00
    outer loop
      vertex   3.557568e+01 9.312344e+01 -1.520575e+01
      vertex   3.194423e+01 7.658668e+01 -1.520575e+01
      vertex   3.184201e+01 7.736314e+01 -1.520575e+01
    endloop
  endfacet
  facet normal 0.000000e+00 0.000000e+00 -1.000000e+00
    outer loop
      vertex   3.557568e+01 9.312344e+01 -1.520575e+01
      vertex   3.184201e+01 7.736314e+01 -1.520575e+01
      vertex   3.189778e+01 8.739691e+01 -1.520575e+01
    endloop
  endfacet
  facet normal 0.000000e+00 0.000000e+00 -1.000000e+00
    outer loop
      vertex   3.189778e+01 8.739691e+01 -1.520575e+01
      vertex   3.184201e+01 7.736314e+01 -1.520575e+01
      vertex   3.159808e+01 8.667336e+01 -1.520575e+01
    endloop
  endfacet
  facet normal 0.000000e+00 -0.000000e+00 -1.000000e+00
    outer loop
      vertex   3.159808e+01 8.667336e+01 -1.520575e+01
      vertex   3.184201e+01 7.736314e+01 -1.520575e+01
      vertex   3.154231e+01 7.808668e+01 -1.520575e+01
    endloop
  endfacet
  facet normal 0.000000e+00 0.000000e+00 -1.000000e+00
    outer loop
      vertex   3.159808e+01 8.667336e+01 -1.520575e+01
      vertex   3.154231e+01 7.808668e+01 -1.520575e+01
      vertex   3.112132e+01 8.605204e+01 -1.520575e+01
    endloop
  endfacet
  facet normal 0.000000e+00 -0.000000e+00 -1.000000e+00
    outer loop
      vertex   3.112132e+01 8.605204e+01 -1.520575e+01
      vertex   3.154231e+01 7.808668e+01 -1.520575e+01
      vertex   3.106556e+01 7.870800e+01 -1.520575e+01
    endloop
  endfacet
  facet normal 0.000000e+00 0.000000e+00 -1.000000e+00
    outer loop
      vertex   3.112132e+01 8.605204e+01 -1.520575e+01
      vertex   3.106556e+01 7.870800e+01 -1.520575e+01
      vertex   3.050000e+01 8.557529e+01 -1.520575e+01
    endloop
  endfacet
  facet normal 0.000000e+00 -0.000000e+00 -1.000000e+00
    outer loop
      vertex   3.050000e+01 8.557529e+01 -1.520575e+01
      vertex   3.106556e+01 7.870800e+01 -1.520575e+01
      vertex   3.044423e+01 7.918476e+01 -1.520575e+01
    endloop
  endfacet
  facet normal 0.000000e+00 0.000000e+00 -1.000000e+00
    outer loop
      vertex   3.050000e+01 8.557529e+01 -1.520575e+01
      vertex   3.044423e+01 7.918476e+01 -1.520575e+01
      vertex   2.977646e+01 8.527559e+01 -1.520575e+01
    endloop
  endfacet
  facet normal 0.000000e+00 -0.000000e+00 -1.000000e+00
    outer loop
      vertex   2.977646e+01 8.527559e+01 -1.520575e+01
      vertex   3.044423e+01 7.918476e+01 -1.520575e+01
      vertex   2.972069e+01 7.948446e+01 -1.520575e+01
    endloop
  endfacet
  facet normal 0.000000e+00 0.000000e+00 -1.000000e+00
    outer loop
      vertex   2.977646e+01 8.527559e+01 -1.520575e+01
      vertex   2.972069e+01 7.948446e+01 -1.520575e+01
      vertex   2.900000e+01 8.517336e+01 -1.520575e+01
    endloop
  endfacet
  facet normal 0.000000e+00 -0.000000e+00 -1.000000e+00
    outer loop
      vertex   2.900000e+01 8.517336e+01 -1.520575e+01
      vertex   2.972069e+01 7.948446e+01 -1.520575e+01
      vertex   2.894423e+01 7.958668e+01 -1.520575e+01
    endloop
  endfacet
  facet normal -0.000000e+00 0.000000e+00 -1.000000e+00
    outer loop
      vertex   2.900000e+01 8.517336e+01 -1.520575e+01
      vertex   2.894423e+01 7.958668e+01 -1.520575e+01
      vertex   2.822354e+01 8.527559e+01 -1.520575e+01
    endloop
  endfacet
  facet normal 0.000000e+00 -0.000000e+00 -1.000000e+00
    outer loop
      vertex   2.822354e+01 8.527559e+01 -1.520575e+01
      vertex   2.894423e+01 7.958668e+01 -1.520575e+01
      vertex   2.816778e+01 7.948446e+01 -1.520575e+01
    endloop
  endfacet
  facet normal -0.000000e+00 0.000000e+00 -1.000000e+00
    outer loop
      vertex   2.822354e+01 8.527559e+01 -1.520575e+01
      vertex   2.816778e+01 7.948446e+01 -1.520575e+01
      vertex   2.750000e+01 8.557529e+01 -1.520575e+01
    endloop
  endfacet
  facet normal 0.000000e+00 -0.000000e+00 -1.000000e+00
    outer loop
      vertex   2.750000e+01 8.557529e+01 -1.520575e+01
      vertex   2.816778e+01 7.948446e+01 -1.520575e+01
      vertex   2.744423e+01 7.918476e+01 -1.520575e+01
    endloop
  endfacet
  facet normal -0.000000e+00 0.000000e+00 -1.000000e+00
    outer loop
      vertex   2.750000e+01 8.557529e+01 -1.520575e+01
      vertex   2.744423e+01 7.918476e+01 -1.520575e+01
      vertex   2.687868e+01 8.605204e+01 -1.520575e+01
    endloop
  endfacet
  facet normal 0.000000e+00 -0.000000e+00 -1.000000e+00
    outer loop
      vertex   2.687868e+01 8.605204e+01 -1.520575e+01
      vertex   2.744423e+01 7.918476e+01 -1.520575e+01
      vertex   2.682291e+01 7.870800e+01 -1.520575e+01
    endloop
  endfacet
  facet normal -0.000000e+00 0.000000e+00 -1.000000e+00
    outer loop
      vertex   2.687868e+01 8.605204e+01 -1.520575e+01
      vertex   2.682291e+01 7.870800e+01 -1.520575e+01
      vertex   2.640192e+01 8.667336e+01 -1.520575e+01
    endloop
  endfacet
  facet normal 0.000000e+00 -0.000000e+00 -1.000000e+00
    outer loop
      vertex   2.640192e+01 8.667336e+01 -1.520575e+01
      vertex   2.682291e+01 7.870800e+01 -1.520575e+01
      vertex   2.634616e+01 7.808668e+01 -1.520575e+01
    endloop
  endfacet
  facet normal -0.000000e+00 0.000000e+00 -1.000000e+00
    outer loop
      vertex   2.640192e+01 8.667336e+01 -1.520575e+01
      vertex   2.634616e+01 7.808668e+01 -1.520575e+01
      vertex   2.080632e+01 8.875786e+01 -1.520575e+01
    endloop
  endfacet
  facet normal 0.000000e+00 0.000000e+00 -1.000000e+00
    outer loop
      vertex   2.080632e+01 8.875786e+01 -1.520575e+01
      vertex   2.634616e+01 7.808668e+01 -1.520575e+01
      vertex   2.080632e+01 7.400000e+01 -1.520575e+01
    endloop
  endfacet
  facet normal 0.000000e+00 0.000000e+00 -1.000000e+00
    outer loop
      vertex   2.080632e+01 7.400000e+01 -1.520575e+01
      vertex   2.634616e+01 7.808668e+01 -1.520575e+01
      vertex   2.604646e+01 7.736314e+01 -1.520575e+01
    endloop
  endfacet
  facet normal -0.000000e+00 0.000000e+00 -1.000000e+00
    outer loop
      vertex   5.500000e+01 9.791407e+01 -1.520575e+01
      vertex   1.436892e+01 9.536060e+01 -1.520575e+01
      vertex   -5.584481e+01 9.791407e+01 -1.520575e+01
    endloop
  endfacet
  facet normal 0.000000e+00 0.000000e+00 -1.000000e+00
    outer loop
      vertex   -5.584481e+01 9.791407e+01 -1.520575e+01
      vertex   1.436892e+01 9.536060e+01 -1.520575e+01
      vertex   -1.530464e+01 9.536060e+01 -1.520575e+01
    endloop
  endfacet
  facet normal 0.000000e+00 0.000000e+00 -1.000000e+00
    outer loop
      vertex   -5.584481e+01 9.791407e+01 -1.520575e+01
      vertex   -1.530464e+01 9.536060e+01 -1.520575e+01
      vertex   -1.658000e+01 9.522188e+01 -1.520575e+01
    endloop
  endfacet
  facet normal 0.000000e+00 0.000000e+00 -1.000000e+00
    outer loop
      vertex   7.855353e+01 2.557801e+01 -1.520575e+01
      vertex   5.983758e+01 6.317033e+01 -1.520575e+01
      vertex   5.500000e+01 9.791407e+01 -1.520575e+01
    endloop
  endfacet
  facet normal 0.000000e+00 -0.000000e+00 -1.000000e+00
    outer loop
      vertex   5.500000e+01 9.791407e+01 -1.520575e+01
      vertex   5.983758e+01 6.317033e+01 -1.520575e+01
      vertex   5.008447e+01 9.312344e+01 -1.520575e+01
    endloop
  endfacet
  facet normal 0.000000e+00 0.000000e+00 -1.000000e+00
    outer loop
      vertex   5.500000e+01 9.791407e+01 -1.520575e+01
      vertex   5.008447e+01 9.312344e+01 -1.520575e+01
      vertex   3.557568e+01 9.312344e+01 -1.520575e+01
    endloop
  endfacet
  facet normal 0.000000e+00 0.000000e+00 -1.000000e+00
    outer loop
      vertex   8.211539e+01 -9.052795e+00 -1.520575e+01
      vertex   8.141562e+01 -1.401383e+01 -1.520575e+01
      vertex   4.089778e+01 -1.122354e+01 -1.520575e+01
    endloop
  endfacet
  facet normal 0.000000e+00 -0.000000e+00 -1.000000e+00
    outer loop
      vertex   -5.584481e+01 9.791407e+01 -1.520575e+01
      vertex   -4.805577e+01 7.658668e+01 -1.520575e+01
      vertex   -7.881863e+01 2.474904e+01 -1.520575e+01
    endloop
  endfacet
  facet normal 0.000000e+00 0.000000e+00 -1.000000e+00
    outer loop
      vertex   -7.881863e+01 2.474904e+01 -1.520575e+01
      vertex   -4.805577e+01 7.658668e+01 -1.520575e+01
      vertex   -4.800000e+01 6.500000e+01 -1.520575e+01
    endloop
  endfacet
  facet normal 0.000000e+00 0.000000e+00 -1.000000e+00
    outer loop
      vertex   -7.881863e+01 2.474904e+01 -1.520575e+01
      vertex   -4.800000e+01 6.500000e+01 -1.520575e+01
      vertex   -4.789778e+01 6.422354e+01 -1.520575e+01
    endloop
  endfacet
  facet normal 0.000000e+00 0.000000e+00 -1.000000e+00
    outer loop
      vertex   -2.174325e+01 7.407485e+01 -1.520575e+01
      vertex   -4.215799e+01 7.736314e+01 -1.520575e+01
      vertex   -2.158914e+01 8.745566e+01 -1.520575e+01
    endloop
  endfacet
  facet normal 0.000000e+00 0.000000e+00 -1.000000e+00
    outer loop
      vertex   -2.158914e+01 8.745566e+01 -1.520575e+01
      vertex   -4.215799e+01 7.736314e+01 -1.520575e+01
      vertex   -4.210222e+01 8.739691e+01 -1.520575e+01
    endloop
  endfacet
  facet normal -0.000000e+00 0.000000e+00 -1.000000e+00
    outer loop
      vertex   -2.158914e+01 8.745566e+01 -1.520575e+01
      vertex   -4.210222e+01 8.739691e+01 -1.520575e+01
      vertex   -4.200000e+01 8.817336e+01 -1.520575e+01
    endloop
  endfacet
  facet normal 0.000000e+00 0.000000e+00 -1.000000e+00
    outer loop
      vertex   2.687868e+01 6.287868e+01 -1.520575e+01
      vertex   1.568597e+01 6.764811e+01 -1.520575e+01
      vertex   2.640192e+01 6.350000e+01 -1.520575e+01
    endloop
  endfacet
  facet normal 0.000000e+00 0.000000e+00 -1.000000e+00
    outer loop
      vertex   2.640192e+01 6.350000e+01 -1.520575e+01
      vertex   1.568597e+01 6.764811e+01 -1.520575e+01
      vertex   1.688372e+01 6.803284e+01 -1.520575e+01
    endloop
  endfacet
  facet normal 0.000000e+00 0.000000e+00 -1.000000e+00
    outer loop
      vertex   2.640192e+01 6.350000e+01 -1.520575e+01
      vertex   1.688372e+01 6.803284e+01 -1.520575e+01
      vertex   2.610222e+01 6.422354e+01 -1.520575e+01
    endloop
  endfacet
  facet normal 0.000000e+00 0.000000e+00 -1.000000e+00
    outer loop
      vertex   2.610222e+01 6.422354e+01 -1.520575e+01
      vertex   1.688372e+01 6.803284e+01 -1.520575e+01
      vertex   1.798492e+01 6.864109e+01 -1.520575e+01
    endloop
  endfacet
  facet normal 0.000000e+00 0.000000e+00 -1.000000e+00
    outer loop
      vertex   2.610222e+01 6.422354e+01 -1.520575e+01
      vertex   1.798492e+01 6.864109e+01 -1.520575e+01
      vertex   2.600000e+01 6.500000e+01 -1.520575e+01
    endloop
  endfacet
  facet normal 0.000000e+00 0.000000e+00 -1.000000e+00
    outer loop
      vertex   2.600000e+01 6.500000e+01 -1.520575e+01
      vertex   1.798492e+01 6.864109e+01 -1.520575e+01
      vertex   1.894833e+01 6.945008e+01 -1.520575e+01
    endloop
  endfacet
  facet normal 0.000000e+00 0.000000e+00 -1.000000e+00
    outer loop
      vertex   2.600000e+01 6.500000e+01 -1.520575e+01
      vertex   1.894833e+01 6.945008e+01 -1.520575e+01
      vertex   2.610222e+01 6.577646e+01 -1.520575e+01
    endloop
  endfacet
  facet normal 0.000000e+00 0.000000e+00 -1.000000e+00
    outer loop
      vertex   2.610222e+01 6.577646e+01 -1.520575e+01
      vertex   1.894833e+01 6.945008e+01 -1.520575e+01
      vertex   1.973786e+01 7.042950e+01 -1.520575e+01
    endloop
  endfacet
  facet normal 0.000000e+00 0.000000e+00 -1.000000e+00
    outer loop
      vertex   2.610222e+01 6.577646e+01 -1.520575e+01
      vertex   1.973786e+01 7.042950e+01 -1.520575e+01
      vertex   2.640192e+01 6.650000e+01 -1.520575e+01
    endloop
  endfacet
  facet normal 0.000000e+00 0.000000e+00 -1.000000e+00
    outer loop
      vertex   2.640192e+01 6.650000e+01 -1.520575e+01
      vertex   1.973786e+01 7.042950e+01 -1.520575e+01
      vertex   2.032392e+01 7.154267e+01 -1.520575e+01
    endloop
  endfacet
  facet normal 0.000000e+00 0.000000e+00 -1.000000e+00
    outer loop
      vertex   2.640192e+01 6.650000e+01 -1.520575e+01
      vertex   2.032392e+01 7.154267e+01 -1.520575e+01
      vertex   2.687868e+01 6.712132e+01 -1.520575e+01
    endloop
  endfacet
  facet normal 0.000000e+00 0.000000e+00 -1.000000e+00
    outer loop
      vertex   2.687868e+01 6.712132e+01 -1.520575e+01
      vertex   2.032392e+01 7.154267e+01 -1.520575e+01
      vertex   2.068458e+01 7.274788e+01 -1.520575e+01
    endloop
  endfacet
  facet normal 0.000000e+00 0.000000e+00 -1.000000e+00
    outer loop
      vertex   2.070062e+01 9.003284e+01 -1.520575e+01
      vertex   2.610222e+01 8.894982e+01 -1.520575e+01
      vertex   2.080632e+01 8.875786e+01 -1.520575e+01
    endloop
  endfacet
  facet normal 0.000000e+00 0.000000e+00 -1.000000e+00
    outer loop
      vertex   2.080632e+01 8.875786e+01 -1.520575e+01
      vertex   2.610222e+01 8.894982e+01 -1.520575e+01
      vertex   2.600000e+01 8.817336e+01 -1.520575e+01
    endloop
  endfacet
  facet normal 0.000000e+00 0.000000e+00 -1.000000e+00
    outer loop
      vertex   2.080632e+01 8.875786e+01 -1.520575e+01
      vertex   2.600000e+01 8.817336e+01 -1.520575e+01
      vertex   2.610222e+01 8.739691e+01 -1.520575e+01
    endloop
  endfacet
  facet normal 0.000000e+00 0.000000e+00 -1.000000e+00
    outer loop
      vertex   2.610222e+01 8.894982e+01 -1.520575e+01
      vertex   2.070062e+01 9.003284e+01 -1.520575e+01
      vertex   2.640192e+01 8.967336e+01 -1.520575e+01
    endloop
  endfacet
  facet normal 0.000000e+00 0.000000e+00 -1.000000e+00
    outer loop
      vertex   2.640192e+01 8.967336e+01 -1.520575e+01
      vertex   2.070062e+01 9.003284e+01 -1.520575e+01
      vertex   2.034723e+01 9.126242e+01 -1.520575e+01
    endloop
  endfacet
  facet normal 0.000000e+00 0.000000e+00 -1.000000e+00
    outer loop
      vertex   2.640192e+01 8.967336e+01 -1.520575e+01
      vertex   2.034723e+01 9.126242e+01 -1.520575e+01
      vertex   2.687868e+01 9.029468e+01 -1.520575e+01
    endloop
  endfacet
  facet normal 0.000000e+00 0.000000e+00 -1.000000e+00
    outer loop
      vertex   2.687868e+01 9.029468e+01 -1.520575e+01
      vertex   2.034723e+01 9.126242e+01 -1.520575e+01
      vertex   1.975985e+01 9.239897e+01 -1.520575e+01
    endloop
  endfacet
  facet normal 0.000000e+00 0.000000e+00 -1.000000e+00
    outer loop
      vertex   2.687868e+01 9.029468e+01 -1.520575e+01
      vertex   1.975985e+01 9.239897e+01 -1.520575e+01
      vertex   2.750000e+01 9.077144e+01 -1.520575e+01
    endloop
  endfacet
  facet normal 0.000000e+00 0.000000e+00 -1.000000e+00
    outer loop
      vertex   2.750000e+01 9.077144e+01 -1.520575e+01
      vertex   1.975985e+01 9.239897e+01 -1.520575e+01
      vertex   1.896124e+01 9.339845e+01 -1.520575e+01
    endloop
  endfacet
  facet normal 0.000000e+00 0.000000e+00 -1.000000e+00
    outer loop
      vertex   2.750000e+01 9.077144e+01 -1.520575e+01
      vertex   1.896124e+01 9.339845e+01 -1.520575e+01
      vertex   2.822354e+01 9.107114e+01 -1.520575e+01
    endloop
  endfacet
  facet normal 0.000000e+00 0.000000e+00 -1.000000e+00
    outer loop
      vertex   2.822354e+01 9.107114e+01 -1.520575e+01
      vertex   1.896124e+01 9.339845e+01 -1.520575e+01
      vertex   1.798232e+01 9.422215e+01 -1.520575e+01
    endloop
  endfacet
  facet normal 0.000000e+00 0.000000e+00 -1.000000e+00
    outer loop
      vertex   2.822354e+01 9.107114e+01 -1.520575e+01
      vertex   1.798232e+01 9.422215e+01 -1.520575e+01
      vertex   2.900000e+01 9.117336e+01 -1.520575e+01
    endloop
  endfacet
  facet normal 0.000000e+00 0.000000e+00 -1.000000e+00
    outer loop
      vertex   2.900000e+01 9.117336e+01 -1.520575e+01
      vertex   1.798232e+01 9.422215e+01 -1.520575e+01
      vertex   3.557568e+01 9.312344e+01 -1.520575e+01
    endloop
  endfacet
  facet normal 0.000000e+00 0.000000e+00 -1.000000e+00
    outer loop
      vertex   2.900000e+01 9.117336e+01 -1.520575e+01
      vertex   3.557568e+01 9.312344e+01 -1.520575e+01
      vertex   2.977646e+01 9.107114e+01 -1.520575e+01
    endloop
  endfacet
  facet normal 0.000000e+00 0.000000e+00 -1.000000e+00
    outer loop
      vertex   2.977646e+01 9.107114e+01 -1.520575e+01
      vertex   3.557568e+01 9.312344e+01 -1.520575e+01
      vertex   3.050000e+01 9.077144e+01 -1.520575e+01
    endloop
  endfacet
  facet normal 0.000000e+00 0.000000e+00 -1.000000e+00
    outer loop
      vertex   3.050000e+01 9.077144e+01 -1.520575e+01
      vertex   3.557568e+01 9.312344e+01 -1.520575e+01
      vertex   3.112132e+01 9.029468e+01 -1.520575e+01
    endloop
  endfacet
  facet normal 0.000000e+00 0.000000e+00 -1.000000e+00
    outer loop
      vertex   3.112132e+01 9.029468e+01 -1.520575e+01
      vertex   3.557568e+01 9.312344e+01 -1.520575e+01
      vertex   3.159808e+01 8.967336e+01 -1.520575e+01
    endloop
  endfacet
  facet normal 0.000000e+00 0.000000e+00 -1.000000e+00
    outer loop
      vertex   3.159808e+01 8.967336e+01 -1.520575e+01
      vertex   3.557568e+01 9.312344e+01 -1.520575e+01
      vertex   3.189778e+01 8.894982e+01 -1.520575e+01
    endloop
  endfacet
  facet normal 0.000000e+00 0.000000e+00 -1.000000e+00
    outer loop
      vertex   3.189778e+01 8.894982e+01 -1.520575e+01
      vertex   3.557568e+01 9.312344e+01 -1.520575e+01
      vertex   3.200000e+01 8.817336e+01 -1.520575e+01
    endloop
  endfacet
  facet normal 0.000000e+00 -0.000000e+00 -1.000000e+00
    outer loop
      vertex   3.200000e+01 8.817336e+01 -1.520575e+01
      vertex   3.557568e+01 9.312344e+01 -1.520575e+01
      vertex   3.189778e+01 8.739691e+01 -1.520575e+01
    endloop
  endfacet
  facet normal 0.000000e+00 0.000000e+00 -1.000000e+00
    outer loop
      vertex   1.798232e+01 9.422215e+01 -1.520575e+01
      vertex   1.686103e+01 9.483816e+01 -1.520575e+01
      vertex   3.557568e+01 9.312344e+01 -1.520575e+01
    endloop
  endfacet
  facet normal 0.000000e+00 0.000000e+00 -1.000000e+00
    outer loop
      vertex   3.557568e+01 9.312344e+01 -1.520575e+01
      vertex   1.686103e+01 9.483816e+01 -1.520575e+01
      vertex   1.564081e+01 9.522260e+01 -1.520575e+01
    endloop
  endfacet
  facet normal 0.000000e+00 0.000000e+00 -1.000000e+00
    outer loop
      vertex   3.557568e+01 9.312344e+01 -1.520575e+01
      vertex   1.564081e+01 9.522260e+01 -1.520575e+01
      vertex   5.500000e+01 9.791407e+01 -1.520575e+01
    endloop
  endfacet
  facet normal 0.000000e+00 0.000000e+00 -1.000000e+00
    outer loop
      vertex   5.500000e+01 9.791407e+01 -1.520575e+01
      vertex   1.564081e+01 9.522260e+01 -1.520575e+01
      vertex   1.436892e+01 9.536060e+01 -1.520575e+01
    endloop
  endfacet
  facet normal -0.000000e+00 0.000000e+00 -1.000000e+00
    outer loop
      vertex   -1.658000e+01 9.522188e+01 -1.520575e+01
      vertex   -1.780328e+01 9.483536e+01 -1.520575e+01
      vertex   -5.584481e+01 9.791407e+01 -1.520575e+01
    endloop
  endfacet
  facet normal 0.000000e+00 0.000000e+00 -1.000000e+00
    outer loop
      vertex   -5.584481e+01 9.791407e+01 -1.520575e+01
      vertex   -1.780328e+01 9.483536e+01 -1.520575e+01
      vertex   -1.892682e+01 9.421612e+01 -1.520575e+01
    endloop
  endfacet
  facet normal 0.000000e+00 0.000000e+00 -1.000000e+00
    outer loop
      vertex   -5.584481e+01 9.791407e+01 -1.520575e+01
      vertex   -1.892682e+01 9.421612e+01 -1.520575e+01
      vertex   -4.422354e+01 9.107114e+01 -1.520575e+01
    endloop
  endfacet
  facet normal 0.000000e+00 0.000000e+00 -1.000000e+00
    outer loop
      vertex   -4.422354e+01 9.107114e+01 -1.520575e+01
      vertex   -1.892682e+01 9.421612e+01 -1.520575e+01
      vertex   -4.350000e+01 9.077144e+01 -1.520575e+01
    endloop
  endfacet
  facet normal 0.000000e+00 0.000000e+00 -1.000000e+00
    outer loop
      vertex   -4.350000e+01 9.077144e+01 -1.520575e+01
      vertex   -1.892682e+01 9.421612e+01 -1.520575e+01
      vertex   -1.990686e+01 9.338827e+01 -1.520575e+01
    endloop
  endfacet
  facet normal 0.000000e+00 0.000000e+00 -1.000000e+00
    outer loop
      vertex   -4.350000e+01 9.077144e+01 -1.520575e+01
      vertex   -1.990686e+01 9.338827e+01 -1.520575e+01
      vertex   -4.287868e+01 9.029468e+01 -1.520575e+01
    endloop
  endfacet
  facet normal 0.000000e+00 0.000000e+00 -1.000000e+00
    outer loop
      vertex   -4.287868e+01 9.029468e+01 -1.520575e+01
      vertex   -1.990686e+01 9.338827e+01 -1.520575e+01
      vertex   -2.070521e+01 9.238406e+01 -1.520575e+01
    endloop
  endfacet
  facet normal 0.000000e+00 0.000000e+00 -1.000000e+00
    outer loop
      vertex   -4.287868e+01 9.029468e+01 -1.520575e+01
      vertex   -2.070521e+01 9.238406e+01 -1.520575e+01
      vertex   -4.240192e+01 8.967336e+01 -1.520575e+01
    endloop
  endfacet
  facet normal 0.000000e+00 0.000000e+00 -1.000000e+00
    outer loop
      vertex   -4.240192e+01 8.967336e+01 -1.520575e+01
      vertex   -2.070521e+01 9.238406e+01 -1.520575e+01
      vertex   -2.129079e+01 9.124262e+01 -1.520575e+01
    endloop
  endfacet
  facet normal 0.000000e+00 0.000000e+00 -1.000000e+00
    outer loop
      vertex   -4.240192e+01 8.967336e+01 -1.520575e+01
      vertex   -2.129079e+01 9.124262e+01 -1.520575e+01
      vertex   -4.210222e+01 8.894982e+01 -1.520575e+01
    endloop
  endfacet
  facet normal 0.000000e+00 0.000000e+00 -1.000000e+00
    outer loop
      vertex   -4.210222e+01 8.894982e+01 -1.520575e+01
      vertex   -2.129079e+01 9.124262e+01 -1.520575e+01
      vertex   -2.164077e+01 9.000839e+01 -1.520575e+01
    endloop
  endfacet
  facet normal 0.000000e+00 0.000000e+00 -1.000000e+00
    outer loop
      vertex   -4.210222e+01 8.894982e+01 -1.520575e+01
      vertex   -2.164077e+01 9.000839e+01 -1.520575e+01
      vertex   -2.174153e+01 8.872946e+01 -1.520575e+01
    endloop
  endfacet
  facet normal 0.000000e+00 0.000000e+00 -1.000000e+00
    outer loop
      vertex   -4.210222e+01 8.894982e+01 -1.520575e+01
      vertex   -2.174153e+01 8.872946e+01 -1.520575e+01
      vertex   -4.200000e+01 8.817336e+01 -1.520575e+01
    endloop
  endfacet
  facet normal 0.000000e+00 0.000000e+00 -1.000000e+00
    outer loop
      vertex   -4.200000e+01 8.817336e+01 -1.520575e+01
      vertex   -2.174153e+01 8.872946e+01 -1.520575e+01
      vertex   -2.158914e+01 8.745566e+01 -1.520575e+01
    endloop
  endfacet
  facet normal 0.000000e+00 -0.000000e+00 -1.000000e+00
    outer loop
      vertex   -4.789778e+01 6.422354e+01 -1.520575e+01
      vertex   -4.759808e+01 6.350000e+01 -1.520575e+01
      vertex   -7.881863e+01 2.474904e+01 -1.520575e+01
    endloop
  endfacet
  facet normal 0.000000e+00 0.000000e+00 -1.000000e+00
    outer loop
      vertex   -7.881863e+01 2.474904e+01 -1.520575e+01
      vertex   -4.759808e+01 6.350000e+01 -1.520575e+01
      vertex   -4.712132e+01 6.287868e+01 -1.520575e+01
    endloop
  endfacet
  facet normal 0.000000e+00 0.000000e+00 -1.000000e+00
    outer loop
      vertex   -7.881863e+01 2.474904e+01 -1.520575e+01
      vertex   -4.712132e+01 6.287868e+01 -1.520575e+01
      vertex   -4.650000e+01 6.240192e+01 -1.520575e+01
    endloop
  endfacet
  facet normal 0.000000e+00 -0.000000e+00 -1.000000e+00
    outer loop
      vertex   -4.650000e+01 6.240192e+01 -1.520575e+01
      vertex   -4.577646e+01 6.210222e+01 -1.520575e+01
      vertex   -7.881863e+01 2.474904e+01 -1.520575e+01
    endloop
  endfacet
  facet normal 0.000000e+00 0.000000e+00 -1.000000e+00
    outer loop
      vertex   -4.210222e+01 6.577646e+01 -1.520575e+01
      vertex   -4.240192e+01 6.650000e+01 -1.520575e+01
      vertex   -4.215799e+01 7.581023e+01 -1.520575e+01
    endloop
  endfacet
  facet normal 0.000000e+00 0.000000e+00 -1.000000e+00
    outer loop
      vertex   -4.215799e+01 7.581023e+01 -1.520575e+01
      vertex   -4.240192e+01 6.650000e+01 -1.520575e+01
      vertex   -4.245769e+01 7.508668e+01 -1.520575e+01
    endloop
  endfacet
  facet normal 0.000000e+00 -0.000000e+00 -1.000000e+00
    outer loop
      vertex   -4.245769e+01 7.508668e+01 -1.520575e+01
      vertex   -4.240192e+01 6.650000e+01 -1.520575e+01
      vertex   -4.287868e+01 6.712132e+01 -1.520575e+01
    endloop
  endfacet
  facet normal 0.000000e+00 0.000000e+00 -1.000000e+00
    outer loop
      vertex   -4.245769e+01 7.508668e+01 -1.520575e+01
      vertex   -4.287868e+01 6.712132e+01 -1.520575e+01
      vertex   -4.293444e+01 7.446536e+01 -1.520575e+01
    endloop
  endfacet
  facet normal 0.000000e+00 -0.000000e+00 -1.000000e+00
    outer loop
      vertex   -4.293444e+01 7.446536e+01 -1.520575e+01
      vertex   -4.287868e+01 6.712132e+01 -1.520575e+01
      vertex   -4.350000e+01 6.759808e+01 -1.520575e+01
    endloop
  endfacet
  facet normal 0.000000e+00 0.000000e+00 -1.000000e+00
    outer loop
      vertex   -4.293444e+01 7.446536e+01 -1.520575e+01
      vertex   -4.350000e+01 6.759808e+01 -1.520575e+01
      vertex   -4.355577e+01 7.398861e+01 -1.520575e+01
    endloop
  endfacet
  facet normal 0.000000e+00 -0.000000e+00 -1.000000e+00
    outer loop
      vertex   -4.355577e+01 7.398861e+01 -1.520575e+01
      vertex   -4.350000e+01 6.759808e+01 -1.520575e+01
      vertex   -4.422354e+01 6.789778e+01 -1.520575e+01
    endloop
  endfacet
  facet normal 0.000000e+00 0.000000e+00 -1.000000e+00
    outer loop
      vertex   -4.355577e+01 7.398861e+01 -1.520575e+01
      vertex   -4.422354e+01 6.789778e+01 -1.520575e+01
      vertex   -4.427931e+01 7.368891e+01 -1.520575e+01
    endloop
  endfacet
  facet normal 0.000000e+00 -0.000000e+00 -1.000000e+00
    outer loop
      vertex   -4.427931e+01 7.368891e+01 -1.520575e+01
      vertex   -4.422354e+01 6.789778e+01 -1.520575e+01
      vertex   -4.500000e+01 6.800000e+01 -1.520575e+01
    endloop
  endfacet
  facet normal 0.000000e+00 0.000000e+00 -1.000000e+00
    outer loop
      vertex   -4.427931e+01 7.368891e+01 -1.520575e+01
      vertex   -4.500000e+01 6.800000e+01 -1.520575e+01
      vertex   -4.505577e+01 7.358668e+01 -1.520575e+01
    endloop
  endfacet
  facet normal 0.000000e+00 -0.000000e+00 -1.000000e+00
    outer loop
      vertex   -4.505577e+01 7.358668e+01 -1.520575e+01
      vertex   -4.500000e+01 6.800000e+01 -1.520575e+01
      vertex   -4.577646e+01 6.789778e+01 -1.520575e+01
    endloop
  endfacet
  facet normal -0.000000e+00 0.000000e+00 -1.000000e+00
    outer loop
      vertex   -4.505577e+01 7.358668e+01 -1.520575e+01
      vertex   -4.577646e+01 6.789778e+01 -1.520575e+01
      vertex   -4.583222e+01 7.368891e+01 -1.520575e+01
    endloop
  endfacet
  facet normal 0.000000e+00 -0.000000e+00 -1.000000e+00
    outer loop
      vertex   -4.583222e+01 7.368891e+01 -1.520575e+01
      vertex   -4.577646e+01 6.789778e+01 -1.520575e+01
      vertex   -4.650000e+01 6.759808e+01 -1.520575e+01
    endloop
  endfacet
  facet normal -0.000000e+00 0.000000e+00 -1.000000e+00
    outer loop
      vertex   -4.583222e+01 7.368891e+01 -1.520575e+01
      vertex   -4.650000e+01 6.759808e+01 -1.520575e+01
      vertex   -4.655577e+01 7.398861e+01 -1.520575e+01
    endloop
  endfacet
  facet normal 0.000000e+00 -0.000000e+00 -1.000000e+00
    outer loop
      vertex   -4.655577e+01 7.398861e+01 -1.520575e+01
      vertex   -4.650000e+01 6.759808e+01 -1.520575e+01
      vertex   -4.712132e+01 6.712132e+01 -1.520575e+01
    endloop
  endfacet
  facet normal -0.000000e+00 0.000000e+00 -1.000000e+00
    outer loop
      vertex   -4.655577e+01 7.398861e+01 -1.520575e+01
      vertex   -4.712132e+01 6.712132e+01 -1.520575e+01
      vertex   -4.717709e+01 7.446536e+01 -1.520575e+01
    endloop
  endfacet
  facet normal 0.000000e+00 -0.000000e+00 -1.000000e+00
    outer loop
      vertex   -4.717709e+01 7.446536e+01 -1.520575e+01
      vertex   -4.712132e+01 6.712132e+01 -1.520575e+01
      vertex   -4.759808e+01 6.650000e+01 -1.520575e+01
    endloop
  endfacet
  facet normal -0.000000e+00 0.000000e+00 -1.000000e+00
    outer loop
      vertex   -4.717709e+01 7.446536e+01 -1.520575e+01
      vertex   -4.759808e+01 6.650000e+01 -1.520575e+01
      vertex   -4.765384e+01 7.508668e+01 -1.520575e+01
    endloop
  endfacet
  facet normal 0.000000e+00 -0.000000e+00 -1.000000e+00
    outer loop
      vertex   -4.765384e+01 7.508668e+01 -1.520575e+01
      vertex   -4.759808e+01 6.650000e+01 -1.520575e+01
      vertex   -4.789778e+01 6.577646e+01 -1.520575e+01
    endloop
  endfacet
  facet normal -0.000000e+00 0.000000e+00 -1.000000e+00
    outer loop
      vertex   -4.765384e+01 7.508668e+01 -1.520575e+01
      vertex   -4.789778e+01 6.577646e+01 -1.520575e+01
      vertex   -4.795354e+01 7.581023e+01 -1.520575e+01
    endloop
  endfacet
  facet normal 0.000000e+00 -0.000000e+00 -1.000000e+00
    outer loop
      vertex   -4.795354e+01 7.581023e+01 -1.520575e+01
      vertex   -4.789778e+01 6.577646e+01 -1.520575e+01
      vertex   -4.800000e+01 6.500000e+01 -1.520575e+01
    endloop
  endfacet
  facet normal -0.000000e+00 0.000000e+00 -1.000000e+00
    outer loop
      vertex   -4.795354e+01 7.581023e+01 -1.520575e+01
      vertex   -4.800000e+01 6.500000e+01 -1.520575e+01
      vertex   -4.805577e+01 7.658668e+01 -1.520575e+01
    endloop
  endfacet
  facet normal 0.000000e+00 0.000000e+00 -1.000000e+00
    outer loop
      vertex   -4.210222e+01 8.739691e+01 -1.520575e+01
      vertex   -4.215799e+01 7.736314e+01 -1.520575e+01
      vertex   -4.240192e+01 8.667336e+01 -1.520575e+01
    endloop
  endfacet
  facet normal 0.000000e+00 -0.000000e+00 -1.000000e+00
    outer loop
      vertex   -4.240192e+01 8.667336e+01 -1.520575e+01
      vertex   -4.215799e+01 7.736314e+01 -1.520575e+01
      vertex   -4.245769e+01 7.808668e+01 -1.520575e+01
    endloop
  endfacet
  facet normal 0.000000e+00 0.000000e+00 -1.000000e+00
    outer loop
      vertex   -4.240192e+01 8.667336e+01 -1.520575e+01
      vertex   -4.245769e+01 7.808668e+01 -1.520575e+01
      vertex   -4.287868e+01 8.605204e+01 -1.520575e+01
    endloop
  endfacet
  facet normal 0.000000e+00 -0.000000e+00 -1.000000e+00
    outer loop
      vertex   -4.287868e+01 8.605204e+01 -1.520575e+01
      vertex   -4.245769e+01 7.808668e+01 -1.520575e+01
      vertex   -4.293444e+01 7.870800e+01 -1.520575e+01
    endloop
  endfacet
  facet normal 0.000000e+00 0.000000e+00 -1.000000e+00
    outer loop
      vertex   -4.287868e+01 8.605204e+01 -1.520575e+01
      vertex   -4.293444e+01 7.870800e+01 -1.520575e+01
      vertex   -4.350000e+01 8.557529e+01 -1.520575e+01
    endloop
  endfacet
  facet normal 0.000000e+00 -0.000000e+00 -1.000000e+00
    outer loop
      vertex   -4.350000e+01 8.557529e+01 -1.520575e+01
      vertex   -4.293444e+01 7.870800e+01 -1.520575e+01
      vertex   -4.355577e+01 7.918476e+01 -1.520575e+01
    endloop
  endfacet
  facet normal 0.000000e+00 0.000000e+00 -1.000000e+00
    outer loop
      vertex   -4.350000e+01 8.557529e+01 -1.520575e+01
      vertex   -4.355577e+01 7.918476e+01 -1.520575e+01
      vertex   -4.422354e+01 8.527559e+01 -1.520575e+01
    endloop
  endfacet
  facet normal 0.000000e+00 -0.000000e+00 -1.000000e+00
    outer loop
      vertex   -4.422354e+01 8.527559e+01 -1.520575e+01
      vertex   -4.355577e+01 7.918476e+01 -1.520575e+01
      vertex   -4.427931e+01 7.948446e+01 -1.520575e+01
    endloop
  endfacet
  facet normal 0.000000e+00 0.000000e+00 -1.000000e+00
    outer loop
      vertex   -4.422354e+01 8.527559e+01 -1.520575e+01
      vertex   -4.427931e+01 7.948446e+01 -1.520575e+01
      vertex   -4.500000e+01 8.517336e+01 -1.520575e+01
    endloop
  endfacet
  facet normal 0.000000e+00 -0.000000e+00 -1.000000e+00
    outer loop
      vertex   -4.500000e+01 8.517336e+01 -1.520575e+01
      vertex   -4.427931e+01 7.948446e+01 -1.520575e+01
      vertex   -4.505577e+01 7.958668e+01 -1.520575e+01
    endloop
  endfacet
  facet normal -0.000000e+00 0.000000e+00 -1.000000e+00
    outer loop
      vertex   -4.500000e+01 8.517336e+01 -1.520575e+01
      vertex   -4.505577e+01 7.958668e+01 -1.520575e+01
      vertex   -4.577646e+01 8.527559e+01 -1.520575e+01
    endloop
  endfacet
  facet normal 0.000000e+00 -0.000000e+00 -1.000000e+00
    outer loop
      vertex   -4.577646e+01 8.527559e+01 -1.520575e+01
      vertex   -4.505577e+01 7.958668e+01 -1.520575e+01
      vertex   -4.583222e+01 7.948446e+01 -1.520575e+01
    endloop
  endfacet
  facet normal -0.000000e+00 0.000000e+00 -1.000000e+00
    outer loop
      vertex   -4.577646e+01 8.527559e+01 -1.520575e+01
      vertex   -4.583222e+01 7.948446e+01 -1.520575e+01
      vertex   -4.650000e+01 8.557529e+01 -1.520575e+01
    endloop
  endfacet
  facet normal 0.000000e+00 -0.000000e+00 -1.000000e+00
    outer loop
      vertex   -4.650000e+01 8.557529e+01 -1.520575e+01
      vertex   -4.583222e+01 7.948446e+01 -1.520575e+01
      vertex   -4.655577e+01 7.918476e+01 -1.520575e+01
    endloop
  endfacet
  facet normal -0.000000e+00 0.000000e+00 -1.000000e+00
    outer loop
      vertex   -4.650000e+01 8.557529e+01 -1.520575e+01
      vertex   -4.655577e+01 7.918476e+01 -1.520575e+01
      vertex   -4.712132e+01 8.605204e+01 -1.520575e+01
    endloop
  endfacet
  facet normal 0.000000e+00 -0.000000e+00 -1.000000e+00
    outer loop
      vertex   -4.712132e+01 8.605204e+01 -1.520575e+01
      vertex   -4.655577e+01 7.918476e+01 -1.520575e+01
      vertex   -4.717709e+01 7.870800e+01 -1.520575e+01
    endloop
  endfacet
  facet normal -0.000000e+00 0.000000e+00 -1.000000e+00
    outer loop
      vertex   -4.712132e+01 8.605204e+01 -1.520575e+01
      vertex   -4.717709e+01 7.870800e+01 -1.520575e+01
      vertex   -4.759808e+01 8.667336e+01 -1.520575e+01
    endloop
  endfacet
  facet normal 0.000000e+00 -0.000000e+00 -1.000000e+00
    outer loop
      vertex   -4.759808e+01 8.667336e+01 -1.520575e+01
      vertex   -4.717709e+01 7.870800e+01 -1.520575e+01
      vertex   -4.765384e+01 7.808668e+01 -1.520575e+01
    endloop
  endfacet
  facet normal -0.000000e+00 0.000000e+00 -1.000000e+00
    outer loop
      vertex   -4.759808e+01 8.667336e+01 -1.520575e+01
      vertex   -4.765384e+01 7.808668e+01 -1.520575e+01
      vertex   -4.789778e+01 8.739691e+01 -1.520575e+01
    endloop
  endfacet
  facet normal 0.000000e+00 -0.000000e+00 -1.000000e+00
    outer loop
      vertex   -4.789778e+01 8.739691e+01 -1.520575e+01
      vertex   -4.765384e+01 7.808668e+01 -1.520575e+01
      vertex   -4.795354e+01 7.736314e+01 -1.520575e+01
    endloop
  endfacet
  facet normal -0.000000e+00 0.000000e+00 -1.000000e+00
    outer loop
      vertex   -4.789778e+01 8.739691e+01 -1.520575e+01
      vertex   -4.795354e+01 7.736314e+01 -1.520575e+01
      vertex   -5.584481e+01 9.791407e+01 -1.520575e+01
    endloop
  endfacet
  facet normal 0.000000e+00 0.000000e+00 -1.000000e+00
    outer loop
      vertex   -5.584481e+01 9.791407e+01 -1.520575e+01
      vertex   -4.795354e+01 7.736314e+01 -1.520575e+01
      vertex   -4.805577e+01 7.658668e+01 -1.520575e+01
    endloop
  endfacet
  facet normal -0.000000e+00 0.000000e+00 -1.000000e+00
    outer loop
      vertex   -4.789778e+01 8.894982e+01 -1.520575e+01
      vertex   -4.800000e+01 8.817336e+01 -1.520575e+01
      vertex   -5.584481e+01 9.791407e+01 -1.520575e+01
    endloop
  endfacet
  facet normal 0.000000e+00 0.000000e+00 -1.000000e+00
    outer loop
      vertex   -5.584481e+01 9.791407e+01 -1.520575e+01
      vertex   -4.800000e+01 8.817336e+01 -1.520575e+01
      vertex   -4.789778e+01 8.739691e+01 -1.520575e+01
    endloop
  endfacet
  facet normal 0.000000e+00 0.000000e+00 -1.000000e+00
    outer loop
      vertex   -4.422354e+01 9.107114e+01 -1.520575e+01
      vertex   -4.500000e+01 9.117336e+01 -1.520575e+01
      vertex   -5.584481e+01 9.791407e+01 -1.520575e+01
    endloop
  endfacet
  facet normal 0.000000e+00 0.000000e+00 -1.000000e+00
    outer loop
      vertex   -5.584481e+01 9.791407e+01 -1.520575e+01
      vertex   -4.500000e+01 9.117336e+01 -1.520575e+01
      vertex   -4.577646e+01 9.107114e+01 -1.520575e+01
    endloop
  endfacet
  facet normal 0.000000e+00 0.000000e+00 -1.000000e+00
    outer loop
      vertex   -5.584481e+01 9.791407e+01 -1.520575e+01
      vertex   -4.577646e+01 9.107114e+01 -1.520575e+01
      vertex   -4.650000e+01 9.077144e+01 -1.520575e+01
    endloop
  endfacet
  facet normal -0.000000e+00 0.000000e+00 -1.000000e+00
    outer loop
      vertex   -4.650000e+01 9.077144e+01 -1.520575e+01
      vertex   -4.712132e+01 9.029468e+01 -1.520575e+01
      vertex   -5.584481e+01 9.791407e+01 -1.520575e+01
    endloop
  endfacet
  facet normal 0.000000e+00 0.000000e+00 -1.000000e+00
    outer loop
      vertex   -5.584481e+01 9.791407e+01 -1.520575e+01
      vertex   -4.712132e+01 9.029468e+01 -1.520575e+01
      vertex   -4.759808e+01 8.967336e+01 -1.520575e+01
    endloop
  endfacet
  facet normal 0.000000e+00 0.000000e+00 -1.000000e+00
    outer loop
      vertex   -5.584481e+01 9.791407e+01 -1.520575e+01
      vertex   -4.759808e+01 8.967336e+01 -1.520575e+01
      vertex   -4.789778e+01 8.894982e+01 -1.520575e+01
    endloop
  endfacet
  facet normal -0.000000e+00 -0.000000e+00 -1.000000e+00
    outer loop
      vertex   2.610222e+01 8.739691e+01 -1.520575e+01
      vertex   2.640192e+01 8.667336e+01 -1.520575e+01
      vertex   2.080632e+01 8.875786e+01 -1.520575e+01
    endloop
  endfacet
  facet normal 0.000000e+00 -0.000000e+00 -1.000000e+00
    outer loop
      vertex   2.822354e+01 6.210222e+01 -1.520575e+01
      vertex   2.900000e+01 6.200000e+01 -1.520575e+01
      vertex   1.333215e+01 1.949765e+01 -1.520575e+01
    endloop
  endfacet
  facet normal -9.914449e-01 -1.305262e-01 -0.000000e+00
    outer loop
      vertex   4.089778e+01 -1.122354e+01 -7.205754e+00
      vertex   4.089778e+01 -1.122354e+01 -1.520575e+01
      vertex   4.100000e+01 -1.200000e+01 -7.205754e+00
    endloop
  endfacet
  facet normal -9.914449e-01 -1.305262e-01 -0.000000e+00
    outer loop
      vertex   4.100000e+01 -1.200000e+01 -7.205754e+00
      vertex   4.089778e+01 -1.122354e+01 -1.520575e+01
      vertex   4.100000e+01 -1.200000e+01 -1.520575e+01
    endloop
  endfacet
  facet normal -9.914449e-01 1.305262e-01 0.000000e+00
    outer loop
      vertex   4.100000e+01 -1.200000e+01 -7.205754e+00
      vertex   4.100000e+01 -1.200000e+01 -1.520575e+01
      vertex   4.089778e+01 -1.277646e+01 -7.205754e+00
    endloop
  endfacet
  facet normal -9.914449e-01 1.305262e-01 0.000000e+00
    outer loop
      vertex   4.089778e+01 -1.277646e+01 -7.205754e+00
      vertex   4.100000e+01 -1.200000e+01 -1.520575e+01
      vertex   4.089778e+01 -1.277646e+01 -1.520575e+01
    endloop
  endfacet
  facet normal -9.238795e-01 3.826834e-01 0.000000e+00
    outer loop
      vertex   4.089778e+01 -1.277646e+01 -7.205754e+00
      vertex   4.089778e+01 -1.277646e+01 -1.520575e+01
      vertex   4.059808e+01 -1.350000e+01 -7.205754e+00
    endloop
  endfacet
  facet normal -9.238795e-01 3.826834e-01 -8.497279e-17
    outer loop
      vertex   4.059808e+01 -1.350000e+01 -7.205754e+00
      vertex   4.089778e+01 -1.277646e+01 -1.520575e+01
      vertex   4.059808e+01 -1.350000e+01 -1.520575e+01
    endloop
  endfacet
  facet normal -7.933533e-01 6.087614e-01 -1.351722e-16
    outer loop
      vertex   4.059808e+01 -1.350000e+01 -7.205754e+00
      vertex   4.059808e+01 -1.350000e+01 -1.520575e+01
      vertex   4.012132e+01 -1.412132e+01 -7.205754e+00
    endloop
  endfacet
  facet normal -7.933533e-01 6.087614e-01 0.000000e+00
    outer loop
      vertex   4.012132e+01 -1.412132e+01 -7.205754e+00
      vertex   4.059808e+01 -1.350000e+01 -1.520575e+01
      vertex   4.012132e+01 -1.412132e+01 -1.520575e+01
    endloop
  endfacet
  facet normal -6.087614e-01 7.933533e-01 0.000000e+00
    outer loop
      vertex   4.012132e+01 -1.412132e+01 -7.205754e+00
      vertex   4.012132e+01 -1.412132e+01 -1.520575e+01
      vertex   3.950000e+01 -1.459808e+01 -7.205754e+00
    endloop
  endfacet
  facet normal -6.087614e-01 7.933533e-01 -1.761598e-16
    outer loop
      vertex   3.950000e+01 -1.459808e+01 -7.205754e+00
      vertex   4.012132e+01 -1.412132e+01 -1.520575e+01
      vertex   3.950000e+01 -1.459808e+01 -1.520575e+01
    endloop
  endfacet
  facet normal -3.826834e-01 9.238795e-01 -2.051425e-16
    outer loop
      vertex   3.950000e+01 -1.459808e+01 -7.205754e+00
      vertex   3.950000e+01 -1.459808e+01 -1.520575e+01
      vertex   3.877646e+01 -1.489778e+01 -7.205754e+00
    endloop
  endfacet
  facet normal -3.826834e-01 9.238795e-01 0.000000e+00
    outer loop
      vertex   3.877646e+01 -1.489778e+01 -7.205754e+00
      vertex   3.950000e+01 -1.459808e+01 -1.520575e+01
      vertex   3.877646e+01 -1.489778e+01 -1.520575e+01
    endloop
  endfacet
  facet normal -1.305262e-01 9.914449e-01 0.000000e+00
    outer loop
      vertex   3.877646e+01 -1.489778e+01 -7.205754e+00
      vertex   3.877646e+01 -1.489778e+01 -1.520575e+01
      vertex   3.800000e+01 -1.500000e+01 -7.205754e+00
    endloop
  endfacet
  facet normal -1.305262e-01 9.914449e-01 0.000000e+00
    outer loop
      vertex   3.800000e+01 -1.500000e+01 -7.205754e+00
      vertex   3.877646e+01 -1.489778e+01 -1.520575e+01
      vertex   3.800000e+01 -1.500000e+01 -1.520575e+01
    endloop
  endfacet
  facet normal 1.305262e-01 9.914449e-01 0.000000e+00
    outer loop
      vertex   3.800000e+01 -1.500000e+01 -7.205754e+00
      vertex   3.800000e+01 -1.500000e+01 -1.520575e+01
      vertex   3.722354e+01 -1.489778e+01 -7.205754e+00
    endloop
  endfacet
  facet normal 1.305262e-01 9.914449e-01 -1.159305e-16
    outer loop
      vertex   3.722354e+01 -1.489778e+01 -7.205754e+00
      vertex   3.800000e+01 -1.500000e+01 -1.520575e+01
      vertex   3.722354e+01 -1.489778e+01 -1.520575e+01
    endloop
  endfacet
  facet normal 3.826834e-01 9.238795e-01 -3.398912e-16
    outer loop
      vertex   3.722354e+01 -1.489778e+01 -7.205754e+00
      vertex   3.722354e+01 -1.489778e+01 -1.520575e+01
      vertex   3.650000e+01 -1.459808e+01 -7.205754e+00
    endloop
  endfacet
  facet normal 3.826834e-01 9.238795e-01 2.051425e-16
    outer loop
      vertex   3.650000e+01 -1.459808e+01 -7.205754e+00
      vertex   3.722354e+01 -1.489778e+01 -1.520575e+01
      vertex   3.650000e+01 -1.459808e+01 -1.520575e+01
    endloop
  endfacet
  facet normal 6.087614e-01 7.933533e-01 1.761598e-16
    outer loop
      vertex   3.650000e+01 -1.459808e+01 -7.205754e+00
      vertex   3.650000e+01 -1.459808e+01 -1.520575e+01
      vertex   3.587868e+01 -1.412132e+01 -7.205754e+00
    endloop
  endfacet
  facet normal 6.087614e-01 7.933533e-01 3.523197e-16
    outer loop
      vertex   3.587868e+01 -1.412132e+01 -7.205754e+00
      vertex   3.650000e+01 -1.459808e+01 -1.520575e+01
      vertex   3.587868e+01 -1.412132e+01 -1.520575e+01
    endloop
  endfacet
  facet normal 7.933533e-01 6.087614e-01 2.703444e-16
    outer loop
      vertex   3.587868e+01 -1.412132e+01 -7.205754e+00
      vertex   3.587868e+01 -1.412132e+01 -1.520575e+01
      vertex   3.540192e+01 -1.350000e+01 -7.205754e+00
    endloop
  endfacet
  facet normal 7.933533e-01 6.087614e-01 0.000000e+00
    outer loop
      vertex   3.540192e+01 -1.350000e+01 -7.205754e+00
      vertex   3.587868e+01 -1.412132e+01 -1.520575e+01
      vertex   3.540192e+01 -1.350000e+01 -1.520575e+01
    endloop
  endfacet
  facet normal 9.238795e-01 3.826834e-01 0.000000e+00
    outer loop
      vertex   3.540192e+01 -1.350000e+01 -7.205754e+00
      vertex   3.540192e+01 -1.350000e+01 -1.520575e+01
      vertex   3.510222e+01 -1.277646e+01 -7.205754e+00
    endloop
  endfacet
  facet normal 9.238795e-01 3.826834e-01 8.497279e-17
    outer loop
      vertex   3.510222e+01 -1.277646e+01 -7.205754e+00
      vertex   3.540192e+01 -1.350000e+01 -1.520575e+01
      vertex   3.510222e+01 -1.277646e+01 -1.520575e+01
    endloop
  endfacet
  facet normal 9.914449e-01 1.305262e-01 2.898264e-17
    outer loop
      vertex   3.510222e+01 -1.277646e+01 -7.205754e+00
      vertex   3.510222e+01 -1.277646e+01 -1.520575e+01
      vertex   3.500000e+01 -1.200000e+01 -7.205754e+00
    endloop
  endfacet
  facet normal 9.914449e-01 1.305262e-01 0.000000e+00
    outer loop
      vertex   3.500000e+01 -1.200000e+01 -7.205754e+00
      vertex   3.510222e+01 -1.277646e+01 -1.520575e+01
      vertex   3.500000e+01 -1.200000e+01 -1.520575e+01
    endloop
  endfacet
  facet normal 9.914449e-01 -1.305262e-01 0.000000e+00
    outer loop
      vertex   3.500000e+01 -1.200000e+01 -7.205754e+00
      vertex   3.500000e+01 -1.200000e+01 -1.520575e+01
      vertex   3.510222e+01 -1.122354e+01 -7.205754e+00
    endloop
  endfacet
  facet normal 9.914449e-01 -1.305262e-01 -2.898264e-17
    outer loop
      vertex   3.510222e+01 -1.122354e+01 -7.205754e+00
      vertex   3.500000e+01 -1.200000e+01 -1.520575e+01
      vertex   3.510222e+01 -1.122354e+01 -1.520575e+01
    endloop
  endfacet
  facet normal 9.238795e-01 -3.826834e-01 -8.497279e-17
    outer loop
      vertex   3.510222e+01 -1.122354e+01 -7.205754e+00
      vertex   3.510222e+01 -1.122354e+01 -1.520575e+01
      vertex   3.540192e+01 -1.050000e+01 -7.205754e+00
    endloop
  endfacet
  facet normal 9.238795e-01 -3.826834e-01 0.000000e+00
    outer loop
      vertex   3.540192e+01 -1.050000e+01 -7.205754e+00
      vertex   3.510222e+01 -1.122354e+01 -1.520575e+01
      vertex   3.540192e+01 -1.050000e+01 -1.520575e+01
    endloop
  endfacet
  facet normal 7.933533e-01 -6.087614e-01 0.000000e+00
    outer loop
      vertex   3.540192e+01 -1.050000e+01 -7.205754e+00
      vertex   3.540192e+01 -1.050000e+01 -1.520575e+01
      vertex   3.587868e+01 -9.878680e+00 -7.205754e+00
    endloop
  endfacet
  facet normal 7.933533e-01 -6.087614e-01 0.000000e+00
    outer loop
      vertex   3.587868e+01 -9.878680e+00 -7.205754e+00
      vertex   3.540192e+01 -1.050000e+01 -1.520575e+01
      vertex   3.587868e+01 -9.878680e+00 -1.520575e+01
    endloop
  endfacet
  facet normal 6.087614e-01 -7.933533e-01 0.000000e+00
    outer loop
      vertex   3.587868e+01 -9.878680e+00 -7.205754e+00
      vertex   3.587868e+01 -9.878680e+00 -1.520575e+01
      vertex   3.650000e+01 -9.401924e+00 -7.205754e+00
    endloop
  endfacet
  facet normal 6.087614e-01 -7.933533e-01 0.000000e+00
    outer loop
      vertex   3.650000e+01 -9.401924e+00 -7.205754e+00
      vertex   3.587868e+01 -9.878680e+00 -1.520575e+01
      vertex   3.650000e+01 -9.401924e+00 -1.520575e+01
    endloop
  endfacet
  facet normal 3.826834e-01 -9.238795e-01 0.000000e+00
    outer loop
      vertex   3.650000e+01 -9.401924e+00 -7.205754e+00
      vertex   3.650000e+01 -9.401924e+00 -1.520575e+01
      vertex   3.722354e+01 -9.102223e+00 -7.205754e+00
    endloop
  endfacet
  facet normal 3.826834e-01 -9.238795e-01 3.398912e-16
    outer loop
      vertex   3.722354e+01 -9.102223e+00 -7.205754e+00
      vertex   3.650000e+01 -9.401924e+00 -1.520575e+01
      vertex   3.722354e+01 -9.102223e+00 -1.520575e+01
    endloop
  endfacet
  facet normal 1.305262e-01 -9.914449e-01 1.159305e-16
    outer loop
      vertex   3.722354e+01 -9.102223e+00 -7.205754e+00
      vertex   3.722354e+01 -9.102223e+00 -1.520575e+01
      vertex   3.800000e+01 -9.000000e+00 -7.205754e+00
    endloop
  endfacet
  facet normal 1.305262e-01 -9.914449e-01 0.000000e+00
    outer loop
      vertex   3.800000e+01 -9.000000e+00 -7.205754e+00
      vertex   3.722354e+01 -9.102223e+00 -1.520575e+01
      vertex   3.800000e+01 -9.000000e+00 -1.520575e+01
    endloop
  endfacet
  facet normal -1.305262e-01 -9.914449e-01 -0.000000e+00
    outer loop
      vertex   3.800000e+01 -9.000000e+00 -7.205754e+00
      vertex   3.800000e+01 -9.000000e+00 -1.520575e+01
      vertex   3.877646e+01 -9.102223e+00 -7.205754e+00
    endloop
  endfacet
  facet normal -1.305262e-01 -9.914449e-01 -0.000000e+00
    outer loop
      vertex   3.877646e+01 -9.102223e+00 -7.205754e+00
      vertex   3.800000e+01 -9.000000e+00 -1.520575e+01
      vertex   3.877646e+01 -9.102223e+00 -1.520575e+01
    endloop
  endfacet
  facet normal -3.826834e-01 -9.238795e-01 -0.000000e+00
    outer loop
      vertex   3.877646e+01 -9.102223e+00 -7.205754e+00
      vertex   3.877646e+01 -9.102223e+00 -1.520575e+01
      vertex   3.950000e+01 -9.401924e+00 -7.205754e+00
    endloop
  endfacet
  facet normal -3.826834e-01 -9.238795e-01 2.051425e-16
    outer loop
      vertex   3.950000e+01 -9.401924e+00 -7.205754e+00
      vertex   3.877646e+01 -9.102223e+00 -1.520575e+01
      vertex   3.950000e+01 -9.401924e+00 -1.520575e+01
    endloop
  endfacet
  facet normal -6.087614e-01 -7.933533e-01 1.761598e-16
    outer loop
      vertex   3.950000e+01 -9.401924e+00 -7.205754e+00
      vertex   3.950000e+01 -9.401924e+00 -1.520575e+01
      vertex   4.012132e+01 -9.878680e+00 -7.205754e+00
    endloop
  endfacet
  facet normal -6.087614e-01 -7.933533e-01 -0.000000e+00
    outer loop
      vertex   4.012132e+01 -9.878680e+00 -7.205754e+00
      vertex   3.950000e+01 -9.401924e+00 -1.520575e+01
      vertex   4.012132e+01 -9.878680e+00 -1.520575e+01
    endloop
  endfacet
  facet normal -7.933533e-01 -6.087614e-01 -0.000000e+00
    outer loop
      vertex   4.012132e+01 -9.878680e+00 -7.205754e+00
      vertex   4.012132e+01 -9.878680e+00 -1.520575e+01
      vertex   4.059808e+01 -1.050000e+01 -7.205754e+00
    endloop
  endfacet
  facet normal -7.933533e-01 -6.087614e-01 1.351722e-16
    outer loop
      vertex   4.059808e+01 -1.050000e+01 -7.205754e+00
      vertex   4.012132e+01 -9.878680e+00 -1.520575e+01
      vertex   4.059808e+01 -1.050000e+01 -1.520575e+01
    endloop
  endfacet
  facet normal -9.238795e-01 -3.826834e-01 8.497279e-17
    outer loop
      vertex   4.059808e+01 -1.050000e+01 -7.205754e+00
      vertex   4.059808e+01 -1.050000e+01 -1.520575e+01
      vertex   4.089778e+01 -1.122354e+01 -7.205754e+00
    endloop
  endfacet
  facet normal -9.238795e-01 -3.826834e-01 -0.000000e+00
    outer loop
      vertex   4.089778e+01 -1.122354e+01 -7.205754e+00
      vertex   4.059808e+01 -1.050000e+01 -1.520575e+01
      vertex   4.089778e+01 -1.122354e+01 -1.520575e+01
    endloop
  endfacet
  facet normal 9.914449e-01 1.305262e-01 -5.449278e-15
    outer loop
      vertex   -2.897777e+00 3.622354e+01 -8.205754e+00
      vertex   -2.897777e+00 3.622354e+01 -1.520575e+01
      vertex   -3.000000e+00 3.700000e+01 -8.205754e+00
    endloop
  endfacet
  facet normal 9.914449e-01 1.305262e-01 1.833308e-14
    outer loop
      vertex   -3.000000e+00 3.700000e+01 -8.205754e+00
      vertex   -2.897777e+00 3.622354e+01 -1.520575e+01
      vertex   -3.000000e+00 3.700000e+01 -1.520575e+01
    endloop
  endfacet
  facet normal 9.914449e-01 -1.305262e-01 7.203743e-15
    outer loop
      vertex   -3.000000e+00 3.700000e+01 -8.205754e+00
      vertex   -3.000000e+00 3.700000e+01 -1.520575e+01
      vertex   -2.897777e+00 3.777646e+01 -8.205754e+00
    endloop
  endfacet
  facet normal 9.914449e-01 -1.305262e-01 5.644668e-15
    outer loop
      vertex   -2.897777e+00 3.777646e+01 -8.205754e+00
      vertex   -3.000000e+00 3.700000e+01 -1.520575e+01
      vertex   -2.897777e+00 3.777646e+01 -1.520575e+01
    endloop
  endfacet
  facet normal 9.238795e-01 -3.826834e-01 -5.339371e-15
    outer loop
      vertex   -2.897777e+00 3.777646e+01 -8.205754e+00
      vertex   -2.897777e+00 3.777646e+01 -1.520575e+01
      vertex   -2.598076e+00 3.850000e+01 -8.205754e+00
    endloop
  endfacet
  facet normal 9.238795e-01 -3.826834e-01 5.650971e-15
    outer loop
      vertex   -2.598076e+00 3.850000e+01 -8.205754e+00
      vertex   -2.897777e+00 3.777646e+01 -1.520575e+01
      vertex   -2.598076e+00 3.850000e+01 -1.520575e+01
    endloop
  endfacet
  facet normal 7.933533e-01 -6.087614e-01 -5.384468e-15
    outer loop
      vertex   -2.598076e+00 3.850000e+01 -8.205754e+00
      vertex   -2.598076e+00 3.850000e+01 -1.520575e+01
      vertex   -2.121320e+00 3.912132e+01 -8.205754e+00
    endloop
  endfacet
  facet normal 7.933533e-01 -6.087614e-01 5.268842e-15
    outer loop
      vertex   -2.121320e+00 3.912132e+01 -8.205754e+00
      vertex   -2.598076e+00 3.850000e+01 -1.520575e+01
      vertex   -2.121320e+00 3.912132e+01 -1.520575e+01
    endloop
  endfacet
  facet normal 6.087614e-01 -7.933533e-01 -5.891506e-15
    outer loop
      vertex   -2.121320e+00 3.912132e+01 -8.205754e+00
      vertex   -2.121320e+00 3.912132e+01 -1.520575e+01
      vertex   -1.500000e+00 3.959808e+01 -8.205754e+00
    endloop
  endfacet
  facet normal 6.087614e-01 -7.933533e-01 5.392068e-15
    outer loop
      vertex   -1.500000e+00 3.959808e+01 -8.205754e+00
      vertex   -2.121320e+00 3.912132e+01 -1.520575e+01
      vertex   -1.500000e+00 3.959808e+01 -1.520575e+01
    endloop
  endfacet
  facet normal 3.826834e-01 -9.238795e-01 -5.673166e-15
    outer loop
      vertex   -1.500000e+00 3.959808e+01 -8.205754e+00
      vertex   -1.500000e+00 3.959808e+01 -1.520575e+01
      vertex   -7.764571e-01 3.989778e+01 -8.205754e+00
    endloop
  endfacet
  facet normal 3.826834e-01 -9.238795e-01 5.367814e-15
    outer loop
      vertex   -7.764571e-01 3.989778e+01 -8.205754e+00
      vertex   -1.500000e+00 3.959808e+01 -1.520575e+01
      vertex   -7.764571e-01 3.989778e+01 -1.520575e+01
    endloop
  endfacet
  facet normal 1.305262e-01 -9.914449e-01 -5.720781e-15
    outer loop
      vertex   -7.764571e-01 3.989778e+01 -8.205754e+00
      vertex   -7.764571e-01 3.989778e+01 -1.520575e+01
      vertex   -2.978769e-13 4.000000e+01 -8.205754e+00
    endloop
  endfacet
  facet normal 1.305262e-01 -9.914449e-01 5.550965e-15
    outer loop
      vertex   -2.978769e-13 4.000000e+01 -8.205754e+00
      vertex   -7.764571e-01 3.989778e+01 -1.520575e+01
      vertex   -1.836970e-16 4.000000e+01 -1.520575e+01
    endloop
  endfacet
  facet normal -1.305262e-01 -9.914449e-01 -5.550965e-15
    outer loop
      vertex   -2.978769e-13 4.000000e+01 -8.205754e+00
      vertex   -1.836970e-16 4.000000e+01 -1.520575e+01
      vertex   7.764571e-01 3.989778e+01 -8.205754e+00
    endloop
  endfacet
  facet normal -1.305262e-01 -9.914449e-01 5.729062e-15
    outer loop
      vertex   7.764571e-01 3.989778e+01 -8.205754e+00
      vertex   -1.836970e-16 4.000000e+01 -1.520575e+01
      vertex   7.764571e-01 3.989778e+01 -1.520575e+01
    endloop
  endfacet
  facet normal -3.826834e-01 -9.238795e-01 -5.343536e-15
    outer loop
      vertex   7.764571e-01 3.989778e+01 -8.205754e+00
      vertex   7.764571e-01 3.989778e+01 -1.520575e+01
      vertex   1.500000e+00 3.959808e+01 -8.205754e+00
    endloop
  endfacet
  facet normal -3.826834e-01 -9.238795e-01 5.636749e-15
    outer loop
      vertex   1.500000e+00 3.959808e+01 -8.205754e+00
      vertex   7.764571e-01 3.989778e+01 -1.520575e+01
      vertex   1.500000e+00 3.959808e+01 -1.520575e+01
    endloop
  endfacet
  facet normal -6.087614e-01 -7.933533e-01 -5.449999e-15
    outer loop
      vertex   1.500000e+00 3.959808e+01 -8.205754e+00
      vertex   1.500000e+00 3.959808e+01 -1.520575e+01
      vertex   2.121320e+00 3.912132e+01 -8.205754e+00
    endloop
  endfacet
  facet normal -6.087614e-01 -7.933533e-01 5.202066e-15
    outer loop
      vertex   2.121320e+00 3.912132e+01 -8.205754e+00
      vertex   1.500000e+00 3.959808e+01 -1.520575e+01
      vertex   2.121320e+00 3.912132e+01 -1.520575e+01
    endloop
  endfacet
  facet normal -7.933533e-01 -6.087614e-01 -5.735778e-15
    outer loop
      vertex   2.121320e+00 3.912132e+01 -8.205754e+00
      vertex   2.121320e+00 3.912132e+01 -1.520575e+01
      vertex   2.598076e+00 3.850000e+01 -8.205754e+00
    endloop
  endfacet
  facet normal -7.933533e-01 -6.087614e-01 5.485131e-15
    outer loop
      vertex   2.598076e+00 3.850000e+01 -8.205754e+00
      vertex   2.121320e+00 3.912132e+01 -1.520575e+01
      vertex   2.598076e+00 3.850000e+01 -1.520575e+01
    endloop
  endfacet
  facet normal -9.238795e-01 -3.826834e-01 -5.533747e-15
    outer loop
      vertex   2.598076e+00 3.850000e+01 -8.205754e+00
      vertex   2.598076e+00 3.850000e+01 -1.520575e+01
      vertex   2.897777e+00 3.777646e+01 -8.205754e+00
    endloop
  endfacet
  facet normal -9.238795e-01 -3.826834e-01 5.515207e-15
    outer loop
      vertex   2.897777e+00 3.777646e+01 -8.205754e+00
      vertex   2.598076e+00 3.850000e+01 -1.520575e+01
      vertex   2.897777e+00 3.777646e+01 -1.520575e+01
    endloop
  endfacet
  facet normal -9.914449e-01 -1.305262e-01 -5.455973e-15
    outer loop
      vertex   2.897777e+00 3.777646e+01 -8.205754e+00
      vertex   2.897777e+00 3.777646e+01 -1.520575e+01
      vertex   3.000000e+00 3.700000e+01 -8.205754e+00
    endloop
  endfacet
  facet normal -9.914449e-01 -1.305262e-01 5.879159e-15
    outer loop
      vertex   3.000000e+00 3.700000e+01 -8.205754e+00
      vertex   2.897777e+00 3.777646e+01 -1.520575e+01
      vertex   3.000000e+00 3.700000e+01 -1.520575e+01
    endloop
  endfacet
  facet normal -9.914449e-01 1.305262e-01 -5.250173e-15
    outer loop
      vertex   3.000000e+00 3.700000e+01 -8.205754e+00
      vertex   3.000000e+00 3.700000e+01 -1.520575e+01
      vertex   2.897777e+00 3.622354e+01 -8.205754e+00
    endloop
  endfacet
  facet normal -9.914449e-01 1.305262e-01 5.707567e-15
    outer loop
      vertex   2.897777e+00 3.622354e+01 -8.205754e+00
      vertex   3.000000e+00 3.700000e+01 -1.520575e+01
      vertex   2.897777e+00 3.622354e+01 -1.520575e+01
    endloop
  endfacet
  facet normal -9.238795e-01 3.826834e-01 -5.280759e-15
    outer loop
      vertex   2.897777e+00 3.622354e+01 -8.205754e+00
      vertex   2.897777e+00 3.622354e+01 -1.520575e+01
      vertex   2.598076e+00 3.550000e+01 -8.205754e+00
    endloop
  endfacet
  facet normal -9.238795e-01 3.826834e-01 5.650971e-15
    outer loop
      vertex   2.598076e+00 3.550000e+01 -8.205754e+00
      vertex   2.897777e+00 3.622354e+01 -1.520575e+01
      vertex   2.598076e+00 3.550000e+01 -1.520575e+01
    endloop
  endfacet
  facet normal -7.933533e-01 6.087614e-01 -5.384468e-15
    outer loop
      vertex   2.598076e+00 3.550000e+01 -8.205754e+00
      vertex   2.598076e+00 3.550000e+01 -1.520575e+01
      vertex   2.121320e+00 3.487868e+01 -8.205754e+00
    endloop
  endfacet
  facet normal -7.933533e-01 6.087614e-01 5.268842e-15
    outer loop
      vertex   2.121320e+00 3.487868e+01 -8.205754e+00
      vertex   2.598076e+00 3.550000e+01 -1.520575e+01
      vertex   2.121320e+00 3.487868e+01 -1.520575e+01
    endloop
  endfacet
  facet normal -6.087614e-01 7.933533e-01 -5.891506e-15
    outer loop
      vertex   2.121320e+00 3.487868e+01 -8.205754e+00
      vertex   2.121320e+00 3.487868e+01 -1.520575e+01
      vertex   1.500000e+00 3.440192e+01 -8.205754e+00
    endloop
  endfacet
  facet normal -6.087614e-01 7.933533e-01 5.565861e-15
    outer loop
      vertex   1.500000e+00 3.440192e+01 -8.205754e+00
      vertex   2.121320e+00 3.487868e+01 -1.520575e+01
      vertex   1.500000e+00 3.440192e+01 -1.520575e+01
    endloop
  endfacet
  facet normal -3.826834e-01 9.238795e-01 -5.563915e-15
    outer loop
      vertex   1.500000e+00 3.440192e+01 -8.205754e+00
      vertex   1.500000e+00 3.440192e+01 -1.520575e+01
      vertex   7.764571e-01 3.410222e+01 -8.205754e+00
    endloop
  endfacet
  facet normal -3.826834e-01 9.238795e-01 5.446717e-15
    outer loop
      vertex   7.764571e-01 3.410222e+01 -8.205754e+00
      vertex   1.500000e+00 3.440192e+01 -1.520575e+01
      vertex   7.764571e-01 3.410222e+01 -1.520575e+01
    endloop
  endfacet
  facet normal -1.305262e-01 9.914449e-01 -5.693869e-15
    outer loop
      vertex   7.764571e-01 3.410222e+01 -8.205754e+00
      vertex   7.764571e-01 3.410222e+01 -1.520575e+01
      vertex   2.975781e-13 3.400000e+01 -8.205754e+00
    endloop
  endfacet
  facet normal -1.305262e-01 9.914449e-01 5.552245e-15
    outer loop
      vertex   2.975781e-13 3.400000e+01 -8.205754e+00
      vertex   7.764571e-01 3.410222e+01 -1.520575e+01
      vertex   -1.836970e-16 3.400000e+01 -1.520575e+01
    endloop
  endfacet
  facet normal 1.305262e-01 9.914449e-01 -5.552245e-15
    outer loop
      vertex   2.975781e-13 3.400000e+01 -8.205754e+00
      vertex   -1.836970e-16 3.400000e+01 -1.520575e+01
      vertex   -7.764571e-01 3.410222e+01 -8.205754e+00
    endloop
  endfacet
  facet normal 1.305262e-01 9.914449e-01 5.681447e-15
    outer loop
      vertex   -7.764571e-01 3.410222e+01 -8.205754e+00
      vertex   -1.836970e-16 3.400000e+01 -1.520575e+01
      vertex   -7.764571e-01 3.410222e+01 -1.520575e+01
    endloop
  endfacet
  facet normal 3.826834e-01 9.238795e-01 -5.483134e-15
    outer loop
      vertex   -7.764571e-01 3.410222e+01 -8.205754e+00
      vertex   -7.764571e-01 3.410222e+01 -1.520575e+01
      vertex   -1.500000e+00 3.440192e+01 -8.205754e+00
    endloop
  endfacet
  facet normal 3.826834e-01 9.238795e-01 5.551776e-15
    outer loop
      vertex   -1.500000e+00 3.440192e+01 -8.205754e+00
      vertex   -7.764571e-01 3.410222e+01 -1.520575e+01
      vertex   -1.500000e+00 3.440192e+01 -1.520575e+01
    endloop
  endfacet
  facet normal 6.087614e-01 7.933533e-01 -5.585171e-15
    outer loop
      vertex   -1.500000e+00 3.440192e+01 -8.205754e+00
      vertex   -1.500000e+00 3.440192e+01 -1.520575e+01
      vertex   -2.121320e+00 3.487868e+01 -8.205754e+00
    endloop
  endfacet
  facet normal 6.087614e-01 7.933533e-01 5.047583e-15
    outer loop
      vertex   -2.121320e+00 3.487868e+01 -8.205754e+00
      vertex   -1.500000e+00 3.440192e+01 -1.520575e+01
      vertex   -2.121320e+00 3.487868e+01 -1.520575e+01
    endloop
  endfacet
  facet normal 7.933533e-01 6.087614e-01 -5.937104e-15
    outer loop
      vertex   -2.121320e+00 3.487868e+01 -8.205754e+00
      vertex   -2.121320e+00 3.487868e+01 -1.520575e+01
      vertex   -2.598076e+00 3.550000e+01 -8.205754e+00
    endloop
  endfacet
  facet normal 7.933533e-01 6.087614e-01 5.434800e-15
    outer loop
      vertex   -2.598076e+00 3.550000e+01 -8.205754e+00
      vertex   -2.121320e+00 3.487868e+01 -1.520575e+01
      vertex   -2.598076e+00 3.550000e+01 -1.520575e+01
    endloop
  endfacet
  facet normal 9.238795e-01 3.826834e-01 -5.592359e-15
    outer loop
      vertex   -2.598076e+00 3.550000e+01 -8.205754e+00
      vertex   -2.598076e+00 3.550000e+01 -1.520575e+01
      vertex   -2.897777e+00 3.622354e+01 -8.205754e+00
    endloop
  endfacet
  facet normal 9.238795e-01 3.826834e-01 5.786430e-15
    outer loop
      vertex   -2.897777e+00 3.622354e+01 -8.205754e+00
      vertex   -2.598076e+00 3.550000e+01 -1.520575e+01
      vertex   -2.897777e+00 3.622354e+01 -1.520575e+01
    endloop
  endfacet
  facet normal -9.914449e-01 1.305262e-01 -3.312301e-17
    outer loop
      vertex   -3.521222e+01 -1.277646e+01 -1.520575e+01
      vertex   -3.521222e+01 -1.277646e+01 -8.205754e+00
      vertex   -3.511000e+01 -1.200000e+01 -1.520575e+01
    endloop
  endfacet
  facet normal -9.914449e-01 1.305262e-01 0.000000e+00
    outer loop
      vertex   -3.511000e+01 -1.200000e+01 -1.520575e+01
      vertex   -3.521222e+01 -1.277646e+01 -8.205754e+00
      vertex   -3.511000e+01 -1.200000e+01 -8.205754e+00
    endloop
  endfacet
  facet normal -9.914449e-01 -1.305262e-01 0.000000e+00
    outer loop
      vertex   -3.511000e+01 -1.200000e+01 -1.520575e+01
      vertex   -3.511000e+01 -1.200000e+01 -8.205754e+00
      vertex   -3.521222e+01 -1.122354e+01 -1.520575e+01
    endloop
  endfacet
  facet normal -9.914449e-01 -1.305262e-01 3.312301e-17
    outer loop
      vertex   -3.521222e+01 -1.122354e+01 -1.520575e+01
      vertex   -3.511000e+01 -1.200000e+01 -8.205754e+00
      vertex   -3.521222e+01 -1.122354e+01 -8.205754e+00
    endloop
  endfacet
  facet normal -9.238795e-01 -3.826834e-01 9.711176e-17
    outer loop
      vertex   -3.521222e+01 -1.122354e+01 -1.520575e+01
      vertex   -3.521222e+01 -1.122354e+01 -8.205754e+00
      vertex   -3.551192e+01 -1.050000e+01 -1.520575e+01
    endloop
  endfacet
  facet normal -9.238795e-01 -3.826834e-01 0.000000e+00
    outer loop
      vertex   -3.551192e+01 -1.050000e+01 -1.520575e+01
      vertex   -3.521222e+01 -1.122354e+01 -8.205754e+00
      vertex   -3.551192e+01 -1.050000e+01 -8.205754e+00
    endloop
  endfacet
  facet normal -7.933533e-01 -6.087614e-01 0.000000e+00
    outer loop
      vertex   -3.551192e+01 -1.050000e+01 -1.520575e+01
      vertex   -3.551192e+01 -1.050000e+01 -8.205754e+00
      vertex   -3.598868e+01 -9.878680e+00 -1.520575e+01
    endloop
  endfacet
  facet normal -7.933533e-01 -6.087614e-01 0.000000e+00
    outer loop
      vertex   -3.598868e+01 -9.878680e+00 -1.520575e+01
      vertex   -3.551192e+01 -1.050000e+01 -8.205754e+00
      vertex   -3.598868e+01 -9.878680e+00 -8.205754e+00
    endloop
  endfacet
  facet normal -6.087614e-01 -7.933533e-01 0.000000e+00
    outer loop
      vertex   -3.598868e+01 -9.878680e+00 -1.520575e+01
      vertex   -3.598868e+01 -9.878680e+00 -8.205754e+00
      vertex   -3.661000e+01 -9.401924e+00 -1.520575e+01
    endloop
  endfacet
  facet normal -6.087614e-01 -7.933533e-01 2.013255e-16
    outer loop
      vertex   -3.661000e+01 -9.401924e+00 -1.520575e+01
      vertex   -3.598868e+01 -9.878680e+00 -8.205754e+00
      vertex   -3.661000e+01 -9.401924e+00 -8.205754e+00
    endloop
  endfacet
  facet normal -3.826834e-01 -9.238795e-01 2.344485e-16
    outer loop
      vertex   -3.661000e+01 -9.401924e+00 -1.520575e+01
      vertex   -3.661000e+01 -9.401924e+00 -8.205754e+00
      vertex   -3.733354e+01 -9.102223e+00 -1.520575e+01
    endloop
  endfacet
  facet normal -3.826834e-01 -9.238795e-01 0.000000e+00
    outer loop
      vertex   -3.733354e+01 -9.102223e+00 -1.520575e+01
      vertex   -3.661000e+01 -9.401924e+00 -8.205754e+00
      vertex   -3.733354e+01 -9.102223e+00 -8.205754e+00
    endloop
  endfacet
  facet normal -1.305262e-01 -9.914449e-01 0.000000e+00
    outer loop
      vertex   -3.733354e+01 -9.102223e+00 -1.520575e+01
      vertex   -3.733354e+01 -9.102223e+00 -8.205754e+00
      vertex   -3.811000e+01 -9.000000e+00 -1.520575e+01
    endloop
  endfacet
  facet normal -1.305262e-01 -9.914449e-01 0.000000e+00
    outer loop
      vertex   -3.811000e+01 -9.000000e+00 -1.520575e+01
      vertex   -3.733354e+01 -9.102223e+00 -8.205754e+00
      vertex   -3.811000e+01 -9.000000e+00 -8.205754e+00
    endloop
  endfacet
  facet normal 1.305262e-01 -9.914449e-01 0.000000e+00
    outer loop
      vertex   -3.811000e+01 -9.000000e+00 -1.520575e+01
      vertex   -3.811000e+01 -9.000000e+00 -8.205754e+00
      vertex   -3.888646e+01 -9.102223e+00 -1.520575e+01
    endloop
  endfacet
  facet normal 1.305262e-01 -9.914449e-01 0.000000e+00
    outer loop
      vertex   -3.888646e+01 -9.102223e+00 -1.520575e+01
      vertex   -3.811000e+01 -9.000000e+00 -8.205754e+00
      vertex   -3.888646e+01 -9.102223e+00 -8.205754e+00
    endloop
  endfacet
  facet normal 3.826834e-01 -9.238795e-01 0.000000e+00
    outer loop
      vertex   -3.888646e+01 -9.102223e+00 -1.520575e+01
      vertex   -3.888646e+01 -9.102223e+00 -8.205754e+00
      vertex   -3.961000e+01 -9.401924e+00 -1.520575e+01
    endloop
  endfacet
  facet normal 3.826834e-01 -9.238795e-01 -2.344485e-16
    outer loop
      vertex   -3.961000e+01 -9.401924e+00 -1.520575e+01
      vertex   -3.888646e+01 -9.102223e+00 -8.205754e+00
      vertex   -3.961000e+01 -9.401924e+00 -8.205754e+00
    endloop
  endfacet
  facet normal 6.087614e-01 -7.933533e-01 -2.013255e-16
    outer loop
      vertex   -3.961000e+01 -9.401924e+00 -1.520575e+01
      vertex   -3.961000e+01 -9.401924e+00 -8.205754e+00
      vertex   -4.023132e+01 -9.878680e+00 -1.520575e+01
    endloop
  endfacet
  facet normal 6.087614e-01 -7.933533e-01 0.000000e+00
    outer loop
      vertex   -4.023132e+01 -9.878680e+00 -1.520575e+01
      vertex   -3.961000e+01 -9.401924e+00 -8.205754e+00
      vertex   -4.023132e+01 -9.878680e+00 -8.205754e+00
    endloop
  endfacet
  facet normal 7.933533e-01 -6.087614e-01 0.000000e+00
    outer loop
      vertex   -4.023132e+01 -9.878680e+00 -1.520575e+01
      vertex   -4.023132e+01 -9.878680e+00 -8.205754e+00
      vertex   -4.070808e+01 -1.050000e+01 -1.520575e+01
    endloop
  endfacet
  facet normal 7.933533e-01 -6.087614e-01 0.000000e+00
    outer loop
      vertex   -4.070808e+01 -1.050000e+01 -1.520575e+01
      vertex   -4.023132e+01 -9.878680e+00 -8.205754e+00
      vertex   -4.070808e+01 -1.050000e+01 -8.205754e+00
    endloop
  endfacet
  facet normal 9.238795e-01 -3.826834e-01 0.000000e+00
    outer loop
      vertex   -4.070808e+01 -1.050000e+01 -1.520575e+01
      vertex   -4.070808e+01 -1.050000e+01 -8.205754e+00
      vertex   -4.100778e+01 -1.122354e+01 -1.520575e+01
    endloop
  endfacet
  facet normal 9.238795e-01 -3.826834e-01 -1.942235e-16
    outer loop
      vertex   -4.100778e+01 -1.122354e+01 -1.520575e+01
      vertex   -4.070808e+01 -1.050000e+01 -8.205754e+00
      vertex   -4.100778e+01 -1.122354e+01 -8.205754e+00
    endloop
  endfacet
  facet normal 9.914449e-01 -1.305262e-01 -6.624603e-17
    outer loop
      vertex   -4.100778e+01 -1.122354e+01 -1.520575e+01
      vertex   -4.100778e+01 -1.122354e+01 -8.205754e+00
      vertex   -4.111000e+01 -1.200000e+01 -1.520575e+01
    endloop
  endfacet
  facet normal 9.914449e-01 -1.305262e-01 0.000000e+00
    outer loop
      vertex   -4.111000e+01 -1.200000e+01 -1.520575e+01
      vertex   -4.100778e+01 -1.122354e+01 -8.205754e+00
      vertex   -4.111000e+01 -1.200000e+01 -8.205754e+00
    endloop
  endfacet
  facet normal 9.914449e-01 1.305262e-01 -0.000000e+00
    outer loop
      vertex   -4.111000e+01 -1.200000e+01 -1.520575e+01
      vertex   -4.111000e+01 -1.200000e+01 -8.205754e+00
      vertex   -4.100778e+01 -1.277646e+01 -1.520575e+01
    endloop
  endfacet
  facet normal 9.914449e-01 1.305262e-01 6.624603e-17
    outer loop
      vertex   -4.100778e+01 -1.277646e+01 -1.520575e+01
      vertex   -4.111000e+01 -1.200000e+01 -8.205754e+00
      vertex   -4.100778e+01 -1.277646e+01 -8.205754e+00
    endloop
  endfacet
  facet normal 9.238795e-01 3.826834e-01 1.942235e-16
    outer loop
      vertex   -4.100778e+01 -1.277646e+01 -1.520575e+01
      vertex   -4.100778e+01 -1.277646e+01 -8.205754e+00
      vertex   -4.070808e+01 -1.350000e+01 -1.520575e+01
    endloop
  endfacet
  facet normal 9.238795e-01 3.826834e-01 -0.000000e+00
    outer loop
      vertex   -4.070808e+01 -1.350000e+01 -1.520575e+01
      vertex   -4.100778e+01 -1.277646e+01 -8.205754e+00
      vertex   -4.070808e+01 -1.350000e+01 -8.205754e+00
    endloop
  endfacet
  facet normal 7.933533e-01 6.087614e-01 -0.000000e+00
    outer loop
      vertex   -4.070808e+01 -1.350000e+01 -1.520575e+01
      vertex   -4.070808e+01 -1.350000e+01 -8.205754e+00
      vertex   -4.023132e+01 -1.412132e+01 -1.520575e+01
    endloop
  endfacet
  facet normal 7.933533e-01 6.087614e-01 -0.000000e+00
    outer loop
      vertex   -4.023132e+01 -1.412132e+01 -1.520575e+01
      vertex   -4.070808e+01 -1.350000e+01 -8.205754e+00
      vertex   -4.023132e+01 -1.412132e+01 -8.205754e+00
    endloop
  endfacet
  facet normal 6.087614e-01 7.933533e-01 -0.000000e+00
    outer loop
      vertex   -4.023132e+01 -1.412132e+01 -1.520575e+01
      vertex   -4.023132e+01 -1.412132e+01 -8.205754e+00
      vertex   -3.961000e+01 -1.459808e+01 -1.520575e+01
    endloop
  endfacet
  facet normal 6.087614e-01 7.933533e-01 -0.000000e+00
    outer loop
      vertex   -3.961000e+01 -1.459808e+01 -1.520575e+01
      vertex   -4.023132e+01 -1.412132e+01 -8.205754e+00
      vertex   -3.961000e+01 -1.459808e+01 -8.205754e+00
    endloop
  endfacet
  facet normal 3.826834e-01 9.238795e-01 -0.000000e+00
    outer loop
      vertex   -3.961000e+01 -1.459808e+01 -1.520575e+01
      vertex   -3.961000e+01 -1.459808e+01 -8.205754e+00
      vertex   -3.888646e+01 -1.489778e+01 -1.520575e+01
    endloop
  endfacet
  facet normal 3.826834e-01 9.238795e-01 -0.000000e+00
    outer loop
      vertex   -3.888646e+01 -1.489778e+01 -1.520575e+01
      vertex   -3.961000e+01 -1.459808e+01 -8.205754e+00
      vertex   -3.888646e+01 -1.489778e+01 -8.205754e+00
    endloop
  endfacet
  facet normal 1.305262e-01 9.914449e-01 -0.000000e+00
    outer loop
      vertex   -3.888646e+01 -1.489778e+01 -1.520575e+01
      vertex   -3.888646e+01 -1.489778e+01 -8.205754e+00
      vertex   -3.811000e+01 -1.500000e+01 -1.520575e+01
    endloop
  endfacet
  facet normal 1.305262e-01 9.914449e-01 -0.000000e+00
    outer loop
      vertex   -3.811000e+01 -1.500000e+01 -1.520575e+01
      vertex   -3.888646e+01 -1.489778e+01 -8.205754e+00
      vertex   -3.811000e+01 -1.500000e+01 -8.205754e+00
    endloop
  endfacet
  facet normal -1.305262e-01 9.914449e-01 0.000000e+00
    outer loop
      vertex   -3.811000e+01 -1.500000e+01 -1.520575e+01
      vertex   -3.811000e+01 -1.500000e+01 -8.205754e+00
      vertex   -3.733354e+01 -1.489778e+01 -1.520575e+01
    endloop
  endfacet
  facet normal -1.305262e-01 9.914449e-01 0.000000e+00
    outer loop
      vertex   -3.733354e+01 -1.489778e+01 -1.520575e+01
      vertex   -3.811000e+01 -1.500000e+01 -8.205754e+00
      vertex   -3.733354e+01 -1.489778e+01 -8.205754e+00
    endloop
  endfacet
  facet normal -3.826834e-01 9.238795e-01 0.000000e+00
    outer loop
      vertex   -3.733354e+01 -1.489778e+01 -1.520575e+01
      vertex   -3.733354e+01 -1.489778e+01 -8.205754e+00
      vertex   -3.661000e+01 -1.459808e+01 -1.520575e+01
    endloop
  endfacet
  facet normal -3.826834e-01 9.238795e-01 0.000000e+00
    outer loop
      vertex   -3.661000e+01 -1.459808e+01 -1.520575e+01
      vertex   -3.733354e+01 -1.489778e+01 -8.205754e+00
      vertex   -3.661000e+01 -1.459808e+01 -8.205754e+00
    endloop
  endfacet
  facet normal -6.087614e-01 7.933533e-01 0.000000e+00
    outer loop
      vertex   -3.661000e+01 -1.459808e+01 -1.520575e+01
      vertex   -3.661000e+01 -1.459808e+01 -8.205754e+00
      vertex   -3.598868e+01 -1.412132e+01 -1.520575e+01
    endloop
  endfacet
  facet normal -6.087614e-01 7.933533e-01 0.000000e+00
    outer loop
      vertex   -3.598868e+01 -1.412132e+01 -1.520575e+01
      vertex   -3.661000e+01 -1.459808e+01 -8.205754e+00
      vertex   -3.598868e+01 -1.412132e+01 -8.205754e+00
    endloop
  endfacet
  facet normal -7.933533e-01 6.087614e-01 0.000000e+00
    outer loop
      vertex   -3.598868e+01 -1.412132e+01 -1.520575e+01
      vertex   -3.598868e+01 -1.412132e+01 -8.205754e+00
      vertex   -3.551192e+01 -1.350000e+01 -1.520575e+01
    endloop
  endfacet
  facet normal -7.933533e-01 6.087614e-01 0.000000e+00
    outer loop
      vertex   -3.551192e+01 -1.350000e+01 -1.520575e+01
      vertex   -3.598868e+01 -1.412132e+01 -8.205754e+00
      vertex   -3.551192e+01 -1.350000e+01 -8.205754e+00
    endloop
  endfacet
  facet normal -9.238795e-01 3.826834e-01 0.000000e+00
    outer loop
      vertex   -3.551192e+01 -1.350000e+01 -1.520575e+01
      vertex   -3.551192e+01 -1.350000e+01 -8.205754e+00
      vertex   -3.521222e+01 -1.277646e+01 -1.520575e+01
    endloop
  endfacet
  facet normal -9.238795e-01 3.826834e-01 -9.711176e-17
    outer loop
      vertex   -3.521222e+01 -1.277646e+01 -1.520575e+01
      vertex   -3.551192e+01 -1.350000e+01 -8.205754e+00
      vertex   -3.521222e+01 -1.277646e+01 -8.205754e+00
    endloop
  endfacet
  facet normal -9.914449e-01 1.305262e-01 -3.312301e-17
    outer loop
      vertex   -3.521222e+01 1.022354e+01 -1.520575e+01
      vertex   -3.521222e+01 1.022354e+01 -8.205754e+00
      vertex   -3.511000e+01 1.100000e+01 -1.520575e+01
    endloop
  endfacet
  facet normal -9.914449e-01 1.305262e-01 0.000000e+00
    outer loop
      vertex   -3.511000e+01 1.100000e+01 -1.520575e+01
      vertex   -3.521222e+01 1.022354e+01 -8.205754e+00
      vertex   -3.511000e+01 1.100000e+01 -8.205754e+00
    endloop
  endfacet
  facet normal -9.914449e-01 -1.305262e-01 0.000000e+00
    outer loop
      vertex   -3.511000e+01 1.100000e+01 -1.520575e+01
      vertex   -3.511000e+01 1.100000e+01 -8.205754e+00
      vertex   -3.521222e+01 1.177646e+01 -1.520575e+01
    endloop
  endfacet
  facet normal -9.914449e-01 -1.305262e-01 3.312301e-17
    outer loop
      vertex   -3.521222e+01 1.177646e+01 -1.520575e+01
      vertex   -3.511000e+01 1.100000e+01 -8.205754e+00
      vertex   -3.521222e+01 1.177646e+01 -8.205754e+00
    endloop
  endfacet
  facet normal -9.238795e-01 -3.826834e-01 9.711176e-17
    outer loop
      vertex   -3.521222e+01 1.177646e+01 -1.520575e+01
      vertex   -3.521222e+01 1.177646e+01 -8.205754e+00
      vertex   -3.551192e+01 1.250000e+01 -1.520575e+01
    endloop
  endfacet
  facet normal -9.238795e-01 -3.826834e-01 0.000000e+00
    outer loop
      vertex   -3.551192e+01 1.250000e+01 -1.520575e+01
      vertex   -3.521222e+01 1.177646e+01 -8.205754e+00
      vertex   -3.551192e+01 1.250000e+01 -8.205754e+00
    endloop
  endfacet
  facet normal -7.933533e-01 -6.087614e-01 0.000000e+00
    outer loop
      vertex   -3.551192e+01 1.250000e+01 -1.520575e+01
      vertex   -3.551192e+01 1.250000e+01 -8.205754e+00
      vertex   -3.598868e+01 1.312132e+01 -1.520575e+01
    endloop
  endfacet
  facet normal -7.933533e-01 -6.087614e-01 0.000000e+00
    outer loop
      vertex   -3.598868e+01 1.312132e+01 -1.520575e+01
      vertex   -3.551192e+01 1.250000e+01 -8.205754e+00
      vertex   -3.598868e+01 1.312132e+01 -8.205754e+00
    endloop
  endfacet
  facet normal -6.087614e-01 -7.933533e-01 0.000000e+00
    outer loop
      vertex   -3.598868e+01 1.312132e+01 -1.520575e+01
      vertex   -3.598868e+01 1.312132e+01 -8.205754e+00
      vertex   -3.661000e+01 1.359808e+01 -1.520575e+01
    endloop
  endfacet
  facet normal -6.087614e-01 -7.933533e-01 0.000000e+00
    outer loop
      vertex   -3.661000e+01 1.359808e+01 -1.520575e+01
      vertex   -3.598868e+01 1.312132e+01 -8.205754e+00
      vertex   -3.661000e+01 1.359808e+01 -8.205754e+00
    endloop
  endfacet
  facet normal -3.826834e-01 -9.238795e-01 0.000000e+00
    outer loop
      vertex   -3.661000e+01 1.359808e+01 -1.520575e+01
      vertex   -3.661000e+01 1.359808e+01 -8.205754e+00
      vertex   -3.733354e+01 1.389778e+01 -1.520575e+01
    endloop
  endfacet
  facet normal -3.826834e-01 -9.238795e-01 0.000000e+00
    outer loop
      vertex   -3.733354e+01 1.389778e+01 -1.520575e+01
      vertex   -3.661000e+01 1.359808e+01 -8.205754e+00
      vertex   -3.733354e+01 1.389778e+01 -8.205754e+00
    endloop
  endfacet
  facet normal -1.305262e-01 -9.914449e-01 0.000000e+00
    outer loop
      vertex   -3.733354e+01 1.389778e+01 -1.520575e+01
      vertex   -3.733354e+01 1.389778e+01 -8.205754e+00
      vertex   -3.811000e+01 1.400000e+01 -1.520575e+01
    endloop
  endfacet
  facet normal -1.305262e-01 -9.914449e-01 0.000000e+00
    outer loop
      vertex   -3.811000e+01 1.400000e+01 -1.520575e+01
      vertex   -3.733354e+01 1.389778e+01 -8.205754e+00
      vertex   -3.811000e+01 1.400000e+01 -8.205754e+00
    endloop
  endfacet
  facet normal 1.305262e-01 -9.914449e-01 0.000000e+00
    outer loop
      vertex   -3.811000e+01 1.400000e+01 -1.520575e+01
      vertex   -3.811000e+01 1.400000e+01 -8.205754e+00
      vertex   -3.888646e+01 1.389778e+01 -1.520575e+01
    endloop
  endfacet
  facet normal 1.305262e-01 -9.914449e-01 0.000000e+00
    outer loop
      vertex   -3.888646e+01 1.389778e+01 -1.520575e+01
      vertex   -3.811000e+01 1.400000e+01 -8.205754e+00
      vertex   -3.888646e+01 1.389778e+01 -8.205754e+00
    endloop
  endfacet
  facet normal 3.826834e-01 -9.238795e-01 0.000000e+00
    outer loop
      vertex   -3.888646e+01 1.389778e+01 -1.520575e+01
      vertex   -3.888646e+01 1.389778e+01 -8.205754e+00
      vertex   -3.961000e+01 1.359808e+01 -1.520575e+01
    endloop
  endfacet
  facet normal 3.826834e-01 -9.238795e-01 0.000000e+00
    outer loop
      vertex   -3.961000e+01 1.359808e+01 -1.520575e+01
      vertex   -3.888646e+01 1.389778e+01 -8.205754e+00
      vertex   -3.961000e+01 1.359808e+01 -8.205754e+00
    endloop
  endfacet
  facet normal 6.087614e-01 -7.933533e-01 0.000000e+00
    outer loop
      vertex   -3.961000e+01 1.359808e+01 -1.520575e+01
      vertex   -3.961000e+01 1.359808e+01 -8.205754e+00
      vertex   -4.023132e+01 1.312132e+01 -1.520575e+01
    endloop
  endfacet
  facet normal 6.087614e-01 -7.933533e-01 0.000000e+00
    outer loop
      vertex   -4.023132e+01 1.312132e+01 -1.520575e+01
      vertex   -3.961000e+01 1.359808e+01 -8.205754e+00
      vertex   -4.023132e+01 1.312132e+01 -8.205754e+00
    endloop
  endfacet
  facet normal 7.933533e-01 -6.087614e-01 0.000000e+00
    outer loop
      vertex   -4.023132e+01 1.312132e+01 -1.520575e+01
      vertex   -4.023132e+01 1.312132e+01 -8.205754e+00
      vertex   -4.070808e+01 1.250000e+01 -1.520575e+01
    endloop
  endfacet
  facet normal 7.933533e-01 -6.087614e-01 0.000000e+00
    outer loop
      vertex   -4.070808e+01 1.250000e+01 -1.520575e+01
      vertex   -4.023132e+01 1.312132e+01 -8.205754e+00
      vertex   -4.070808e+01 1.250000e+01 -8.205754e+00
    endloop
  endfacet
  facet normal 9.238795e-01 -3.826834e-01 0.000000e+00
    outer loop
      vertex   -4.070808e+01 1.250000e+01 -1.520575e+01
      vertex   -4.070808e+01 1.250000e+01 -8.205754e+00
      vertex   -4.100778e+01 1.177646e+01 -1.520575e+01
    endloop
  endfacet
  facet normal 9.238795e-01 -3.826834e-01 -1.942235e-16
    outer loop
      vertex   -4.100778e+01 1.177646e+01 -1.520575e+01
      vertex   -4.070808e+01 1.250000e+01 -8.205754e+00
      vertex   -4.100778e+01 1.177646e+01 -8.205754e+00
    endloop
  endfacet
  facet normal 9.914449e-01 -1.305262e-01 -6.624603e-17
    outer loop
      vertex   -4.100778e+01 1.177646e+01 -1.520575e+01
      vertex   -4.100778e+01 1.177646e+01 -8.205754e+00
      vertex   -4.111000e+01 1.100000e+01 -1.520575e+01
    endloop
  endfacet
  facet normal 9.914449e-01 -1.305262e-01 0.000000e+00
    outer loop
      vertex   -4.111000e+01 1.100000e+01 -1.520575e+01
      vertex   -4.100778e+01 1.177646e+01 -8.205754e+00
      vertex   -4.111000e+01 1.100000e+01 -8.205754e+00
    endloop
  endfacet
  facet normal 9.914449e-01 1.305262e-01 -0.000000e+00
    outer loop
      vertex   -4.111000e+01 1.100000e+01 -1.520575e+01
      vertex   -4.111000e+01 1.100000e+01 -8.205754e+00
      vertex   -4.100778e+01 1.022354e+01 -1.520575e+01
    endloop
  endfacet
  facet normal 9.914449e-01 1.305262e-01 6.624603e-17
    outer loop
      vertex   -4.100778e+01 1.022354e+01 -1.520575e+01
      vertex   -4.111000e+01 1.100000e+01 -8.205754e+00
      vertex   -4.100778e+01 1.022354e+01 -8.205754e+00
    endloop
  endfacet
  facet normal 9.238795e-01 3.826834e-01 1.942235e-16
    outer loop
      vertex   -4.100778e+01 1.022354e+01 -1.520575e+01
      vertex   -4.100778e+01 1.022354e+01 -8.205754e+00
      vertex   -4.070808e+01 9.500000e+00 -1.520575e+01
    endloop
  endfacet
  facet normal 9.238795e-01 3.826834e-01 -0.000000e+00
    outer loop
      vertex   -4.070808e+01 9.500000e+00 -1.520575e+01
      vertex   -4.100778e+01 1.022354e+01 -8.205754e+00
      vertex   -4.070808e+01 9.500000e+00 -8.205754e+00
    endloop
  endfacet
  facet normal 7.933533e-01 6.087614e-01 -0.000000e+00
    outer loop
      vertex   -4.070808e+01 9.500000e+00 -1.520575e+01
      vertex   -4.070808e+01 9.500000e+00 -8.205754e+00
      vertex   -4.023132e+01 8.878680e+00 -1.520575e+01
    endloop
  endfacet
  facet normal 7.933533e-01 6.087614e-01 -0.000000e+00
    outer loop
      vertex   -4.023132e+01 8.878680e+00 -1.520575e+01
      vertex   -4.070808e+01 9.500000e+00 -8.205754e+00
      vertex   -4.023132e+01 8.878680e+00 -8.205754e+00
    endloop
  endfacet
  facet normal 6.087614e-01 7.933533e-01 -0.000000e+00
    outer loop
      vertex   -4.023132e+01 8.878680e+00 -1.520575e+01
      vertex   -4.023132e+01 8.878680e+00 -8.205754e+00
      vertex   -3.961000e+01 8.401924e+00 -1.520575e+01
    endloop
  endfacet
  facet normal 6.087614e-01 7.933533e-01 2.013255e-16
    outer loop
      vertex   -3.961000e+01 8.401924e+00 -1.520575e+01
      vertex   -4.023132e+01 8.878680e+00 -8.205754e+00
      vertex   -3.961000e+01 8.401924e+00 -8.205754e+00
    endloop
  endfacet
  facet normal 3.826834e-01 9.238795e-01 2.344485e-16
    outer loop
      vertex   -3.961000e+01 8.401924e+00 -1.520575e+01
      vertex   -3.961000e+01 8.401924e+00 -8.205754e+00
      vertex   -3.888646e+01 8.102223e+00 -1.520575e+01
    endloop
  endfacet
  facet normal 3.826834e-01 9.238795e-01 -0.000000e+00
    outer loop
      vertex   -3.888646e+01 8.102223e+00 -1.520575e+01
      vertex   -3.961000e+01 8.401924e+00 -8.205754e+00
      vertex   -3.888646e+01 8.102223e+00 -8.205754e+00
    endloop
  endfacet
  facet normal 1.305262e-01 9.914449e-01 -0.000000e+00
    outer loop
      vertex   -3.888646e+01 8.102223e+00 -1.520575e+01
      vertex   -3.888646e+01 8.102223e+00 -8.205754e+00
      vertex   -3.811000e+01 8.000000e+00 -1.520575e+01
    endloop
  endfacet
  facet normal 1.305262e-01 9.914449e-01 -0.000000e+00
    outer loop
      vertex   -3.811000e+01 8.000000e+00 -1.520575e+01
      vertex   -3.888646e+01 8.102223e+00 -8.205754e+00
      vertex   -3.811000e+01 8.000000e+00 -8.205754e+00
    endloop
  endfacet
  facet normal -1.305262e-01 9.914449e-01 0.000000e+00
    outer loop
      vertex   -3.811000e+01 8.000000e+00 -1.520575e+01
      vertex   -3.811000e+01 8.000000e+00 -8.205754e+00
      vertex   -3.733354e+01 8.102223e+00 -1.520575e+01
    endloop
  endfacet
  facet normal -1.305262e-01 9.914449e-01 0.000000e+00
    outer loop
      vertex   -3.733354e+01 8.102223e+00 -1.520575e+01
      vertex   -3.811000e+01 8.000000e+00 -8.205754e+00
      vertex   -3.733354e+01 8.102223e+00 -8.205754e+00
    endloop
  endfacet
  facet normal -3.826834e-01 9.238795e-01 0.000000e+00
    outer loop
      vertex   -3.733354e+01 8.102223e+00 -1.520575e+01
      vertex   -3.733354e+01 8.102223e+00 -8.205754e+00
      vertex   -3.661000e+01 8.401924e+00 -1.520575e+01
    endloop
  endfacet
  facet normal -3.826834e-01 9.238795e-01 -2.344485e-16
    outer loop
      vertex   -3.661000e+01 8.401924e+00 -1.520575e+01
      vertex   -3.733354e+01 8.102223e+00 -8.205754e+00
      vertex   -3.661000e+01 8.401924e+00 -8.205754e+00
    endloop
  endfacet
  facet normal -6.087614e-01 7.933533e-01 -2.013255e-16
    outer loop
      vertex   -3.661000e+01 8.401924e+00 -1.520575e+01
      vertex   -3.661000e+01 8.401924e+00 -8.205754e+00
      vertex   -3.598868e+01 8.878680e+00 -1.520575e+01
    endloop
  endfacet
  facet normal -6.087614e-01 7.933533e-01 0.000000e+00
    outer loop
      vertex   -3.598868e+01 8.878680e+00 -1.520575e+01
      vertex   -3.661000e+01 8.401924e+00 -8.205754e+00
      vertex   -3.598868e+01 8.878680e+00 -8.205754e+00
    endloop
  endfacet
  facet normal -7.933533e-01 6.087614e-01 0.000000e+00
    outer loop
      vertex   -3.598868e+01 8.878680e+00 -1.520575e+01
      vertex   -3.598868e+01 8.878680e+00 -8.205754e+00
      vertex   -3.551192e+01 9.500000e+00 -1.520575e+01
    endloop
  endfacet
  facet normal -7.933533e-01 6.087614e-01 0.000000e+00
    outer loop
      vertex   -3.551192e+01 9.500000e+00 -1.520575e+01
      vertex   -3.598868e+01 8.878680e+00 -8.205754e+00
      vertex   -3.551192e+01 9.500000e+00 -8.205754e+00
    endloop
  endfacet
  facet normal -9.238795e-01 3.826834e-01 0.000000e+00
    outer loop
      vertex   -3.551192e+01 9.500000e+00 -1.520575e+01
      vertex   -3.551192e+01 9.500000e+00 -8.205754e+00
      vertex   -3.521222e+01 1.022354e+01 -1.520575e+01
    endloop
  endfacet
  facet normal -9.238795e-01 3.826834e-01 -9.711176e-17
    outer loop
      vertex   -3.521222e+01 1.022354e+01 -1.520575e+01
      vertex   -3.551192e+01 9.500000e+00 -8.205754e+00
      vertex   -3.521222e+01 1.022354e+01 -8.205754e+00
    endloop
  endfacet
  facet normal -9.914449e-01 -1.305262e-01 2.898264e-17
    outer loop
      vertex   4.089778e+01 1.177646e+01 -7.205754e+00
      vertex   4.089778e+01 1.177646e+01 -1.520575e+01
      vertex   4.100000e+01 1.100000e+01 -7.205754e+00
    endloop
  endfacet
  facet normal -9.914449e-01 -1.305262e-01 -0.000000e+00
    outer loop
      vertex   4.100000e+01 1.100000e+01 -7.205754e+00
      vertex   4.089778e+01 1.177646e+01 -1.520575e+01
      vertex   4.100000e+01 1.100000e+01 -1.520575e+01
    endloop
  endfacet
  facet normal -9.914449e-01 1.305262e-01 0.000000e+00
    outer loop
      vertex   4.100000e+01 1.100000e+01 -7.205754e+00
      vertex   4.100000e+01 1.100000e+01 -1.520575e+01
      vertex   4.089778e+01 1.022354e+01 -7.205754e+00
    endloop
  endfacet
  facet normal -9.914449e-01 1.305262e-01 -2.898264e-17
    outer loop
      vertex   4.089778e+01 1.022354e+01 -7.205754e+00
      vertex   4.100000e+01 1.100000e+01 -1.520575e+01
      vertex   4.089778e+01 1.022354e+01 -1.520575e+01
    endloop
  endfacet
  facet normal -9.238795e-01 3.826834e-01 -8.497279e-17
    outer loop
      vertex   4.089778e+01 1.022354e+01 -7.205754e+00
      vertex   4.089778e+01 1.022354e+01 -1.520575e+01
      vertex   4.059808e+01 9.500000e+00 -7.205754e+00
    endloop
  endfacet
  facet normal -9.238795e-01 3.826834e-01 0.000000e+00
    outer loop
      vertex   4.059808e+01 9.500000e+00 -7.205754e+00
      vertex   4.089778e+01 1.022354e+01 -1.520575e+01
      vertex   4.059808e+01 9.500000e+00 -1.520575e+01
    endloop
  endfacet
  facet normal -7.933533e-01 6.087614e-01 0.000000e+00
    outer loop
      vertex   4.059808e+01 9.500000e+00 -7.205754e+00
      vertex   4.059808e+01 9.500000e+00 -1.520575e+01
      vertex   4.012132e+01 8.878680e+00 -7.205754e+00
    endloop
  endfacet
  facet normal -7.933533e-01 6.087614e-01 0.000000e+00
    outer loop
      vertex   4.012132e+01 8.878680e+00 -7.205754e+00
      vertex   4.059808e+01 9.500000e+00 -1.520575e+01
      vertex   4.012132e+01 8.878680e+00 -1.520575e+01
    endloop
  endfacet
  facet normal -6.087614e-01 7.933533e-01 0.000000e+00
    outer loop
      vertex   4.012132e+01 8.878680e+00 -7.205754e+00
      vertex   4.012132e+01 8.878680e+00 -1.520575e+01
      vertex   3.950000e+01 8.401924e+00 -7.205754e+00
    endloop
  endfacet
  facet normal -6.087614e-01 7.933533e-01 -1.761598e-16
    outer loop
      vertex   3.950000e+01 8.401924e+00 -7.205754e+00
      vertex   4.012132e+01 8.878680e+00 -1.520575e+01
      vertex   3.950000e+01 8.401924e+00 -1.520575e+01
    endloop
  endfacet
  facet normal -3.826834e-01 9.238795e-01 -2.051425e-16
    outer loop
      vertex   3.950000e+01 8.401924e+00 -7.205754e+00
      vertex   3.950000e+01 8.401924e+00 -1.520575e+01
      vertex   3.877646e+01 8.102223e+00 -7.205754e+00
    endloop
  endfacet
  facet normal -3.826834e-01 9.238795e-01 0.000000e+00
    outer loop
      vertex   3.877646e+01 8.102223e+00 -7.205754e+00
      vertex   3.950000e+01 8.401924e+00 -1.520575e+01
      vertex   3.877646e+01 8.102223e+00 -1.520575e+01
    endloop
  endfacet
  facet normal -1.305262e-01 9.914449e-01 0.000000e+00
    outer loop
      vertex   3.877646e+01 8.102223e+00 -7.205754e+00
      vertex   3.877646e+01 8.102223e+00 -1.520575e+01
      vertex   3.800000e+01 8.000000e+00 -7.205754e+00
    endloop
  endfacet
  facet normal -1.305262e-01 9.914449e-01 0.000000e+00
    outer loop
      vertex   3.800000e+01 8.000000e+00 -7.205754e+00
      vertex   3.877646e+01 8.102223e+00 -1.520575e+01
      vertex   3.800000e+01 8.000000e+00 -1.520575e+01
    endloop
  endfacet
  facet normal 1.305262e-01 9.914449e-01 0.000000e+00
    outer loop
      vertex   3.800000e+01 8.000000e+00 -7.205754e+00
      vertex   3.800000e+01 8.000000e+00 -1.520575e+01
      vertex   3.722354e+01 8.102223e+00 -7.205754e+00
    endloop
  endfacet
  facet normal 1.305262e-01 9.914449e-01 0.000000e+00
    outer loop
      vertex   3.722354e+01 8.102223e+00 -7.205754e+00
      vertex   3.800000e+01 8.000000e+00 -1.520575e+01
      vertex   3.722354e+01 8.102223e+00 -1.520575e+01
    endloop
  endfacet
  facet normal 3.826834e-01 9.238795e-01 0.000000e+00
    outer loop
      vertex   3.722354e+01 8.102223e+00 -7.205754e+00
      vertex   3.722354e+01 8.102223e+00 -1.520575e+01
      vertex   3.650000e+01 8.401924e+00 -7.205754e+00
    endloop
  endfacet
  facet normal 3.826834e-01 9.238795e-01 2.051425e-16
    outer loop
      vertex   3.650000e+01 8.401924e+00 -7.205754e+00
      vertex   3.722354e+01 8.102223e+00 -1.520575e+01
      vertex   3.650000e+01 8.401924e+00 -1.520575e+01
    endloop
  endfacet
  facet normal 6.087614e-01 7.933533e-01 1.761598e-16
    outer loop
      vertex   3.650000e+01 8.401924e+00 -7.205754e+00
      vertex   3.650000e+01 8.401924e+00 -1.520575e+01
      vertex   3.587868e+01 8.878680e+00 -7.205754e+00
    endloop
  endfacet
  facet normal 6.087614e-01 7.933533e-01 0.000000e+00
    outer loop
      vertex   3.587868e+01 8.878680e+00 -7.205754e+00
      vertex   3.650000e+01 8.401924e+00 -1.520575e+01
      vertex   3.587868e+01 8.878680e+00 -1.520575e+01
    endloop
  endfacet
  facet normal 7.933533e-01 6.087614e-01 0.000000e+00
    outer loop
      vertex   3.587868e+01 8.878680e+00 -7.205754e+00
      vertex   3.587868e+01 8.878680e+00 -1.520575e+01
      vertex   3.540192e+01 9.500000e+00 -7.205754e+00
    endloop
  endfacet
  facet normal 7.933533e-01 6.087614e-01 0.000000e+00
    outer loop
      vertex   3.540192e+01 9.500000e+00 -7.205754e+00
      vertex   3.587868e+01 8.878680e+00 -1.520575e+01
      vertex   3.540192e+01 9.500000e+00 -1.520575e+01
    endloop
  endfacet
  facet normal 9.238795e-01 3.826834e-01 0.000000e+00
    outer loop
      vertex   3.540192e+01 9.500000e+00 -7.205754e+00
      vertex   3.540192e+01 9.500000e+00 -1.520575e+01
      vertex   3.510222e+01 1.022354e+01 -7.205754e+00
    endloop
  endfacet
  facet normal 9.238795e-01 3.826834e-01 1.699456e-16
    outer loop
      vertex   3.510222e+01 1.022354e+01 -7.205754e+00
      vertex   3.540192e+01 9.500000e+00 -1.520575e+01
      vertex   3.510222e+01 1.022354e+01 -1.520575e+01
    endloop
  endfacet
  facet normal 9.914449e-01 1.305262e-01 5.796527e-17
    outer loop
      vertex   3.510222e+01 1.022354e+01 -7.205754e+00
      vertex   3.510222e+01 1.022354e+01 -1.520575e+01
      vertex   3.500000e+01 1.100000e+01 -7.205754e+00
    endloop
  endfacet
  facet normal 9.914449e-01 1.305262e-01 0.000000e+00
    outer loop
      vertex   3.500000e+01 1.100000e+01 -7.205754e+00
      vertex   3.510222e+01 1.022354e+01 -1.520575e+01
      vertex   3.500000e+01 1.100000e+01 -1.520575e+01
    endloop
  endfacet
  facet normal 9.914449e-01 -1.305262e-01 0.000000e+00
    outer loop
      vertex   3.500000e+01 1.100000e+01 -7.205754e+00
      vertex   3.500000e+01 1.100000e+01 -1.520575e+01
      vertex   3.510222e+01 1.177646e+01 -7.205754e+00
    endloop
  endfacet
  facet normal 9.914449e-01 -1.305262e-01 -5.796527e-17
    outer loop
      vertex   3.510222e+01 1.177646e+01 -7.205754e+00
      vertex   3.500000e+01 1.100000e+01 -1.520575e+01
      vertex   3.510222e+01 1.177646e+01 -1.520575e+01
    endloop
  endfacet
  facet normal 9.238795e-01 -3.826834e-01 -1.699456e-16
    outer loop
      vertex   3.510222e+01 1.177646e+01 -7.205754e+00
      vertex   3.510222e+01 1.177646e+01 -1.520575e+01
      vertex   3.540192e+01 1.250000e+01 -7.205754e+00
    endloop
  endfacet
  facet normal 9.238795e-01 -3.826834e-01 0.000000e+00
    outer loop
      vertex   3.540192e+01 1.250000e+01 -7.205754e+00
      vertex   3.510222e+01 1.177646e+01 -1.520575e+01
      vertex   3.540192e+01 1.250000e+01 -1.520575e+01
    endloop
  endfacet
  facet normal 7.933533e-01 -6.087614e-01 0.000000e+00
    outer loop
      vertex   3.540192e+01 1.250000e+01 -7.205754e+00
      vertex   3.540192e+01 1.250000e+01 -1.520575e+01
      vertex   3.587868e+01 1.312132e+01 -7.205754e+00
    endloop
  endfacet
  facet normal 7.933533e-01 -6.087614e-01 0.000000e+00
    outer loop
      vertex   3.587868e+01 1.312132e+01 -7.205754e+00
      vertex   3.540192e+01 1.250000e+01 -1.520575e+01
      vertex   3.587868e+01 1.312132e+01 -1.520575e+01
    endloop
  endfacet
  facet normal 6.087614e-01 -7.933533e-01 0.000000e+00
    outer loop
      vertex   3.587868e+01 1.312132e+01 -7.205754e+00
      vertex   3.587868e+01 1.312132e+01 -1.520575e+01
      vertex   3.650000e+01 1.359808e+01 -7.205754e+00
    endloop
  endfacet
  facet normal 6.087614e-01 -7.933533e-01 0.000000e+00
    outer loop
      vertex   3.650000e+01 1.359808e+01 -7.205754e+00
      vertex   3.587868e+01 1.312132e+01 -1.520575e+01
      vertex   3.650000e+01 1.359808e+01 -1.520575e+01
    endloop
  endfacet
  facet normal 3.826834e-01 -9.238795e-01 0.000000e+00
    outer loop
      vertex   3.650000e+01 1.359808e+01 -7.205754e+00
      vertex   3.650000e+01 1.359808e+01 -1.520575e+01
      vertex   3.722354e+01 1.389778e+01 -7.205754e+00
    endloop
  endfacet
  facet normal 3.826834e-01 -9.238795e-01 0.000000e+00
    outer loop
      vertex   3.722354e+01 1.389778e+01 -7.205754e+00
      vertex   3.650000e+01 1.359808e+01 -1.520575e+01
      vertex   3.722354e+01 1.389778e+01 -1.520575e+01
    endloop
  endfacet
  facet normal 1.305262e-01 -9.914449e-01 0.000000e+00
    outer loop
      vertex   3.722354e+01 1.389778e+01 -7.205754e+00
      vertex   3.722354e+01 1.389778e+01 -1.520575e+01
      vertex   3.800000e+01 1.400000e+01 -7.205754e+00
    endloop
  endfacet
  facet normal 1.305262e-01 -9.914449e-01 0.000000e+00
    outer loop
      vertex   3.800000e+01 1.400000e+01 -7.205754e+00
      vertex   3.722354e+01 1.389778e+01 -1.520575e+01
      vertex   3.800000e+01 1.400000e+01 -1.520575e+01
    endloop
  endfacet
  facet normal -1.305262e-01 -9.914449e-01 -0.000000e+00
    outer loop
      vertex   3.800000e+01 1.400000e+01 -7.205754e+00
      vertex   3.800000e+01 1.400000e+01 -1.520575e+01
      vertex   3.877646e+01 1.389778e+01 -7.205754e+00
    endloop
  endfacet
  facet normal -1.305262e-01 -9.914449e-01 -0.000000e+00
    outer loop
      vertex   3.877646e+01 1.389778e+01 -7.205754e+00
      vertex   3.800000e+01 1.400000e+01 -1.520575e+01
      vertex   3.877646e+01 1.389778e+01 -1.520575e+01
    endloop
  endfacet
  facet normal -3.826834e-01 -9.238795e-01 -0.000000e+00
    outer loop
      vertex   3.877646e+01 1.389778e+01 -7.205754e+00
      vertex   3.877646e+01 1.389778e+01 -1.520575e+01
      vertex   3.950000e+01 1.359808e+01 -7.205754e+00
    endloop
  endfacet
  facet normal -3.826834e-01 -9.238795e-01 -0.000000e+00
    outer loop
      vertex   3.950000e+01 1.359808e+01 -7.205754e+00
      vertex   3.877646e+01 1.389778e+01 -1.520575e+01
      vertex   3.950000e+01 1.359808e+01 -1.520575e+01
    endloop
  endfacet
  facet normal -6.087614e-01 -7.933533e-01 -0.000000e+00
    outer loop
      vertex   3.950000e+01 1.359808e+01 -7.205754e+00
      vertex   3.950000e+01 1.359808e+01 -1.520575e+01
      vertex   4.012132e+01 1.312132e+01 -7.205754e+00
    endloop
  endfacet
  facet normal -6.087614e-01 -7.933533e-01 -0.000000e+00
    outer loop
      vertex   4.012132e+01 1.312132e+01 -7.205754e+00
      vertex   3.950000e+01 1.359808e+01 -1.520575e+01
      vertex   4.012132e+01 1.312132e+01 -1.520575e+01
    endloop
  endfacet
  facet normal -7.933533e-01 -6.087614e-01 -0.000000e+00
    outer loop
      vertex   4.012132e+01 1.312132e+01 -7.205754e+00
      vertex   4.012132e+01 1.312132e+01 -1.520575e+01
      vertex   4.059808e+01 1.250000e+01 -7.205754e+00
    endloop
  endfacet
  facet normal -7.933533e-01 -6.087614e-01 -0.000000e+00
    outer loop
      vertex   4.059808e+01 1.250000e+01 -7.205754e+00
      vertex   4.012132e+01 1.312132e+01 -1.520575e+01
      vertex   4.059808e+01 1.250000e+01 -1.520575e+01
    endloop
  endfacet
  facet normal -9.238795e-01 -3.826834e-01 -0.000000e+00
    outer loop
      vertex   4.059808e+01 1.250000e+01 -7.205754e+00
      vertex   4.059808e+01 1.250000e+01 -1.520575e+01
      vertex   4.089778e+01 1.177646e+01 -7.205754e+00
    endloop
  endfacet
  facet normal -9.238795e-01 -3.826834e-01 8.497279e-17
    outer loop
      vertex   4.089778e+01 1.177646e+01 -7.205754e+00
      vertex   4.059808e+01 1.250000e+01 -1.520575e+01
      vertex   4.089778e+01 1.177646e+01 -1.520575e+01
    endloop
  endfacet
  facet normal -9.983461e-01 -5.708750e-02 -6.784633e-03
    outer loop
      vertex   2.346604e+01 2.692477e+00 -1.205754e+00
      vertex   2.361853e+01 2.633717e-01 -3.205754e+00
      vertex   2.362000e+01 2.892616e-15 -1.205754e+00
    endloop
  endfacet
  facet normal -9.989206e-01 4.595202e-02 6.784635e-03
    outer loop
      vertex   2.362000e+01 2.892616e-15 -1.205754e+00
      vertex   2.361853e+01 2.633717e-01 -3.205754e+00
      vertex   2.349460e+01 -2.430655e+00 -3.205754e+00
    endloop
  endfacet
  facet normal -9.983461e-01 5.708750e-02 -6.784635e-03
    outer loop
      vertex   2.362000e+01 2.892616e-15 -1.205754e+00
      vertex   2.349460e+01 -2.430655e+00 -3.205754e+00
      vertex   2.346604e+01 -2.692477e+00 -1.205754e+00
    endloop
  endfacet
  facet normal -9.871712e-01 1.595209e-01 6.784632e-03
    outer loop
      vertex   2.346604e+01 -2.692477e+00 -1.205754e+00
      vertex   2.349460e+01 -2.430655e+00 -3.205754e+00
      vertex   2.306438e+01 -5.092994e+00 -3.205754e+00
    endloop
  endfacet
  facet normal -9.853312e-01 1.705183e-01 -6.784637e-03
    outer loop
      vertex   2.346604e+01 -2.692477e+00 -1.205754e+00
      vertex   2.306438e+01 -5.092994e+00 -3.205754e+00
      vertex   2.300616e+01 -5.349854e+00 -1.205754e+00
    endloop
  endfacet
  facet normal -9.625526e-01 2.710101e-01 6.784629e-03
    outer loop
      vertex   2.300616e+01 -5.349854e+00 -1.205754e+00
      vertex   2.306438e+01 -5.092994e+00 -3.205754e+00
      vertex   2.233349e+01 -7.688938e+00 -3.205754e+00
    endloop
  endfacet
  facet normal -9.594709e-01 2.817261e-01 -6.784640e-03
    outer loop
      vertex   2.300616e+01 -5.349854e+00 -1.205754e+00
      vertex   2.233349e+01 -7.688938e+00 -3.205754e+00
      vertex   2.224636e+01 -7.937487e+00 -1.205754e+00
    endloop
  endfacet
  facet normal -9.253856e-01 3.789663e-01 6.784626e-03
    outer loop
      vertex   2.224636e+01 -7.937487e+00 -1.205754e+00
      vertex   2.233349e+01 -7.688938e+00 -3.205754e+00
      vertex   2.131144e+01 -1.018465e+01 -3.205754e+00
    endloop
  endfacet
  facet normal -9.211025e-01 3.892611e-01 -6.784644e-03
    outer loop
      vertex   2.224636e+01 -7.937487e+00 -1.205754e+00
      vertex   2.131144e+01 -1.018465e+01 -3.205754e+00
      vertex   2.119655e+01 -1.042164e+01 -1.205754e+00
    endloop
  endfacet
  facet normal -8.761548e-01 4.819821e-01 6.784622e-03
    outer loop
      vertex   2.119655e+01 -1.042164e+01 -1.205754e+00
      vertex   2.131144e+01 -1.018465e+01 -3.205754e+00
      vertex   2.001156e+01 -1.254758e+01 -3.205754e+00
    endloop
  endfacet
  facet normal -8.707260e-01 4.917216e-01 -6.784648e-03
    outer loop
      vertex   2.119655e+01 -1.042164e+01 -1.205754e+00
      vertex   2.001156e+01 -1.254758e+01 -3.205754e+00
      vertex   1.987041e+01 -1.276994e+01 -1.205754e+00
    endloop
  endfacet
  facet normal -8.155020e-01 5.787146e-01 6.784617e-03
    outer loop
      vertex   1.987041e+01 -1.276994e+01 -1.205754e+00
      vertex   2.001156e+01 -1.254758e+01 -3.205754e+00
      vertex   1.845081e+01 -1.474694e+01 -3.205754e+00
    endloop
  endfacet
  facet normal -8.089984e-01 5.877717e-01 -6.784653e-03
    outer loop
      vertex   1.987041e+01 -1.276994e+01 -1.205754e+00
      vertex   1.845081e+01 -1.474694e+01 -3.205754e+00
      vertex   1.828522e+01 -1.495175e+01 -1.205754e+00
    endloop
  endfacet
  facet normal -7.442178e-01 6.679026e-01 6.784612e-03
    outer loop
      vertex   1.828522e+01 -1.495175e+01 -1.205754e+00
      vertex   1.845081e+01 -1.474694e+01 -3.205754e+00
      vertex   1.664951e+01 -1.675405e+01 -3.205754e+00
    endloop
  endfacet
  facet normal -7.367242e-01 6.761593e-01 -6.784658e-03
    outer loop
      vertex   1.828522e+01 -1.495175e+01 -1.205754e+00
      vertex   1.664951e+01 -1.675405e+01 -3.205754e+00
      vertex   1.646167e+01 -1.693865e+01 -1.205754e+00
    endloop
  endfacet
  facet normal -6.632316e-01 7.483834e-01 6.784607e-03
    outer loop
      vertex   1.646167e+01 -1.693865e+01 -1.205754e+00
      vertex   1.664951e+01 -1.675405e+01 -3.205754e+00
      vertex   1.463117e+01 -1.854274e+01 -3.205754e+00
    endloop
  endfacet
  facet normal -6.548457e-01 7.557322e-01 -6.784663e-03
    outer loop
      vertex   1.646167e+01 -1.693865e+01 -1.205754e+00
      vertex   1.463117e+01 -1.854274e+01 -3.205754e+00
      vertex   1.442350e+01 -1.870473e+01 -1.205754e+00
    endloop
  endfacet
  facet normal -5.735992e-01 8.191080e-01 6.784601e-03
    outer loop
      vertex   1.442350e+01 -1.870473e+01 -1.205754e+00
      vertex   1.463117e+01 -1.854274e+01 -3.205754e+00
      vertex   1.242209e+01 -2.008970e+01 -3.205754e+00
    endloop
  endfacet
  facet normal -5.644302e-01 8.254529e-01 -6.784669e-03
    outer loop
      vertex   1.442350e+01 -1.870473e+01 -1.205754e+00
      vertex   1.242209e+01 -2.008970e+01 -3.205754e+00
      vertex   1.219731e+01 -2.022696e+01 -1.205754e+00
    endloop
  endfacet
  facet normal -4.764891e-01 8.791542e-01 6.784600e-03
    outer loop
      vertex   1.219731e+01 -2.022696e+01 -1.205754e+00
      vertex   1.242209e+01 -2.008970e+01 -3.205754e+00
      vertex   1.005106e+01 -2.137476e+01 -3.205754e+00
    endloop
  endfacet
  facet normal -4.666566e-01 8.844126e-01 -6.784632e-03
    outer loop
      vertex   1.219731e+01 -2.022696e+01 -1.205754e+00
      vertex   1.005106e+01 -2.137476e+01 -3.205754e+00
      vertex   9.812103e+00 -2.148551e+01 -1.205754e+00
    endloop
  endfacet
  facet normal -3.731672e-01 9.277393e-01 6.784628e-03
    outer loop
      vertex   9.812103e+00 -2.148551e+01 -1.205754e+00
      vertex   1.005106e+01 -2.137476e+01 -3.205754e+00
      vertex   7.549009e+00 -2.238117e+01 -3.205754e+00
    endloop
  endfacet
  facet normal -3.627994e-01 9.318426e-01 -6.784680e-03
    outer loop
      vertex   9.812103e+00 -2.148551e+01 -1.205754e+00
      vertex   7.549009e+00 -2.238117e+01 -3.205754e+00
      vertex   7.298981e+00 -2.246395e+01 -1.205754e+00
    endloop
  endfacet
  facet normal -2.649805e-01 9.642299e-01 6.784584e-03
    outer loop
      vertex   7.298981e+00 -2.246395e+01 -1.205754e+00
      vertex   7.549009e+00 -2.238117e+01 -3.205754e+00
      vertex   4.948541e+00 -2.309581e+01 -3.205754e+00
    endloop
  endfacet
  facet normal -2.542125e-01 9.671246e-01 -6.784686e-03
    outer loop
      vertex   7.298981e+00 -2.246395e+01 -1.205754e+00
      vertex   4.948541e+00 -2.309581e+01 -3.205754e+00
      vertex   4.690707e+00 -2.314955e+01 -1.205754e+00
    endloop
  endfacet
  facet normal -1.533393e-01 9.881503e-01 6.784578e-03
    outer loop
      vertex   4.690707e+00 -2.314955e+01 -1.205754e+00
      vertex   4.948541e+00 -2.309581e+01 -3.205754e+00
      vertex   2.283562e+00 -2.350935e+01 -3.205754e+00
    endloop
  endfacet
  facet normal -1.423116e-01 9.897987e-01 -6.784692e-03
    outer loop
      vertex   4.690707e+00 -2.314955e+01 -1.205754e+00
      vertex   2.283562e+00 -2.350935e+01 -3.205754e+00
      vertex   2.021282e+00 -2.353336e+01 -1.205754e+00
    endloop
  endfacet
  facet normal -3.969918e-02 9.991886e-01 6.784572e-03
    outer loop
      vertex   2.021282e+00 -2.353336e+01 -1.205754e+00
      vertex   2.283562e+00 -2.350935e+01 -3.205754e+00
      vertex   -4.111878e-01 -2.361642e+01 -3.205754e+00
    endloop
  endfacet
  facet normal -2.855539e-02 9.995692e-01 -6.784698e-03
    outer loop
      vertex   2.021282e+00 -2.353336e+01 -1.205754e+00
      vertex   -4.111878e-01 -2.361642e+01 -3.205754e+00
      vertex   -6.744939e-01 -2.361037e+01 -1.205754e+00
    endloop
  endfacet
  facet normal 7.445851e-02 9.972010e-01 6.784567e-03
    outer loop
      vertex   -6.744939e-01 -2.361037e+01 -1.205754e+00
      vertex   -4.111878e-01 -2.361642e+01 -3.205754e+00
      vertex   -3.100577e+00 -2.341561e+01 -3.205754e+00
    endloop
  endfacet
  facet normal 8.557304e-02 9.963088e-01 -6.784703e-03
    outer loop
      vertex   -6.744939e-01 -2.361037e+01 -1.205754e+00
      vertex   -3.100577e+00 -2.341561e+01 -3.205754e+00
      vertex   -3.361476e+00 -2.337958e+01 -1.205754e+00
    endloop
  endfacet
  facet normal 1.876455e-01 9.822134e-01 6.784561e-03
    outer loop
      vertex   -3.361476e+00 -2.337958e+01 -1.205754e+00
      vertex   -3.100577e+00 -2.341561e+01 -3.205754e+00
      vertex   -5.749545e+00 -2.290954e+01 -3.205754e+00
    endloop
  endfacet
  facet normal 1.985859e-01 9.800600e-01 -6.784709e-03
    outer loop
      vertex   -3.361476e+00 -2.337958e+01 -1.205754e+00
      vertex   -5.749545e+00 -2.290954e+01 -3.205754e+00
      vertex   -6.004637e+00 -2.284401e+01 -1.205754e+00
    endloop
  endfacet
  facet normal 2.983863e-01 9.544211e-01 6.784556e-03
    outer loop
      vertex   -6.004637e+00 -2.284401e+01 -1.205754e+00
      vertex   -5.749545e+00 -2.290954e+01 -3.205754e+00
      vertex   -8.323559e+00 -2.210481e+01 -3.205754e+00
    endloop
  endfacet
  facet normal 3.090099e-01 9.510346e-01 -6.784714e-03
    outer loop
      vertex   -6.004637e+00 -2.284401e+01 -1.205754e+00
      vertex   -8.323559e+00 -2.210481e+01 -3.205754e+00
      vertex   -8.569518e+00 -2.201063e+01 -1.205754e+00
    endloop
  endfacet
  facet normal 4.052371e-01 9.141864e-01 6.784552e-03
    outer loop
      vertex   -8.569518e+00 -2.201063e+01 -1.205754e+00
      vertex   -8.323559e+00 -2.210481e+01 -3.205754e+00
      vertex   -1.078906e+01 -2.101191e+01 -3.205754e+00
    endloop
  endfacet
  facet normal 4.154055e-01 9.096111e-01 -6.784718e-03
    outer loop
      vertex   -8.569518e+00 -2.201063e+01 -1.205754e+00
      vertex   -1.078906e+01 -2.101191e+01 -3.205754e+00
      vertex   -1.102268e+01 -2.089031e+01 -1.205754e+00
    endloop
  endfacet
  facet normal 5.068051e-01 8.620340e-01 6.784547e-03
    outer loop
      vertex   -1.102268e+01 -2.089031e+01 -1.205754e+00
      vertex   -1.078906e+01 -2.101191e+01 -3.205754e+00
      vertex   -1.311391e+01 -1.964509e+01 -3.205754e+00
    endloop
  endfacet
  facet normal 5.163856e-01 8.563293e-01 -6.784723e-03
    outer loop
      vertex   -1.102268e+01 -2.089031e+01 -1.205754e+00
      vertex   -1.311391e+01 -1.964509e+01 -3.205754e+00
      vertex   -1.333215e+01 -1.949765e+01 -1.205754e+00
    endloop
  endfacet
  facet normal 6.017661e-01 7.986436e-01 6.784544e-03
    outer loop
      vertex   -1.333215e+01 -1.949765e+01 -1.205754e+00
      vertex   -1.311391e+01 -1.964509e+01 -3.205754e+00
      vertex   -1.526781e+01 -1.802217e+01 -3.205754e+00
    endloop
  endfacet
  facet normal 6.106338e-01 7.918840e-01 -6.784726e-03
    outer loop
      vertex   -1.333215e+01 -1.949765e+01 -1.205754e+00
      vertex   -1.526781e+01 -1.802217e+01 -3.205754e+00
      vertex   -1.546781e+01 -1.785080e+01 -1.205754e+00
    endloop
  endfacet
  facet normal 6.888821e-01 7.248417e-01 6.784540e-03
    outer loop
      vertex   -1.546781e+01 -1.785080e+01 -1.205754e+00
      vertex   -1.526781e+01 -1.802217e+01 -3.205754e+00
      vertex   -1.722266e+01 -1.616430e+01 -3.205754e+00
    endloop
  endfacet
  facet normal 6.969215e-01 7.171153e-01 -6.784729e-03
    outer loop
      vertex   -1.546781e+01 -1.785080e+01 -1.205754e+00
      vertex   -1.722266e+01 -1.616430e+01 -3.205754e+00
      vertex   -1.740183e+01 -1.597125e+01 -1.205754e+00
    endloop
  endfacet
  facet normal 7.670175e-01 6.415903e-01 6.784538e-03
    outer loop
      vertex   -1.740183e+01 -1.597125e+01 -1.205754e+00
      vertex   -1.722266e+01 -1.616430e+01 -3.205754e+00
      vertex   -1.895299e+01 -1.409570e+01 -3.205754e+00
    endloop
  endfacet
  facet normal 7.741238e-01 6.329979e-01 -6.784732e-03
    outer loop
      vertex   -1.740183e+01 -1.597125e+01 -1.205754e+00
      vertex   -1.895299e+01 -1.409570e+01 -3.205754e+00
      vertex   -1.910898e+01 -1.388349e+01 -1.205754e+00
    endloop
  endfacet
  facet normal 8.351537e-01 5.499748e-01 6.784536e-03
    outer loop
      vertex   -1.910898e+01 -1.388349e+01 -1.205754e+00
      vertex   -1.895299e+01 -1.409570e+01 -3.205754e+00
      vertex   -2.043624e+01 -1.184334e+01 -3.205754e+00
    endloop
  endfacet
  facet normal 8.412342e-01 5.406284e-01 -6.784734e-03
    outer loop
      vertex   -1.910898e+01 -1.388349e+01 -1.205754e+00
      vertex   -2.043624e+01 -1.184334e+01 -3.205754e+00
      vertex   -2.056702e+01 -1.161473e+01 -1.205754e+00
    endloop
  endfacet
  facet normal 8.924023e-01 4.511896e-01 6.784535e-03
    outer loop
      vertex   -2.056702e+01 -1.161473e+01 -1.205754e+00
      vertex   -2.043624e+01 -1.184334e+01 -3.205754e+00
      vertex   -2.165307e+01 -9.436586e+00 -3.205754e+00
    endloop
  endfacet
  facet normal 8.973778e-01 4.412109e-01 -6.784735e-03
    outer loop
      vertex   -2.056702e+01 -1.161473e+01 -1.205754e+00
      vertex   -2.165307e+01 -9.436586e+00 -3.205754e+00
      vertex   -2.175694e+01 -9.194560e+00 -1.205754e+00
    endloop
  endfacet
  facet normal 9.380171e-01 3.465224e-01 6.784534e-03
    outer loop
      vertex   -2.175694e+01 -9.194560e+00 -1.205754e+00
      vertex   -2.165307e+01 -9.436586e+00 -3.205754e+00
      vertex   -2.258761e+01 -6.906813e+00 -3.205754e+00
    endloop
  endfacet
  facet normal 9.418227e-01 3.360417e-01 -6.784735e-03
    outer loop
      vertex   -2.175694e+01 -9.194560e+00 -1.205754e+00
      vertex   -2.258761e+01 -6.906813e+00 -3.205754e+00
      vertex   -2.266322e+01 -6.654523e+00 -1.205754e+00
    endloop
  endfacet
  facet normal 9.714035e-01 2.373378e-01 6.784534e-03
    outer loop
      vertex   -2.266322e+01 -6.654523e+00 -1.205754e+00
      vertex   -2.258761e+01 -6.906813e+00 -3.205754e+00
      vertex   -2.322770e+01 -4.286998e+00 -3.205754e+00
    endloop
  endfacet
  facet normal 9.739895e-01 2.264916e-01 -6.784735e-03
    outer loop
      vertex   -2.266322e+01 -6.654523e+00 -1.205754e+00
      vertex   -2.322770e+01 -4.286998e+00 -3.205754e+00
      vertex   -2.327406e+01 -4.027734e+00 -1.205754e+00
    endloop
  endfacet
  facet normal 9.921261e-01 1.250591e-01 6.784535e-03
    outer loop
      vertex   -2.327406e+01 -4.027734e+00 -1.205754e+00
      vertex   -2.322770e+01 -4.286998e+00 -3.205754e+00
      vertex   -2.356498e+01 -1.611296e+00 -3.205754e+00
    endloop
  endfacet
  facet normal 9.934589e-01 1.139888e-01 -6.784734e-03
    outer loop
      vertex   -2.327406e+01 -4.027734e+00 -1.205754e+00
      vertex   -2.356498e+01 -1.611296e+00 -3.205754e+00
      vertex   -2.358148e+01 -1.348438e+00 -1.205754e+00
    endloop
  endfacet
  facet normal 9.999148e-01 1.115011e-02 6.784536e-03
    outer loop
      vertex   -2.358148e+01 -1.348438e+00 -1.205754e+00
      vertex   -2.356498e+01 -1.611296e+00 -3.205754e+00
      vertex   -2.359505e+01 1.085412e+00 -3.205754e+00
    endloop
  endfacet
  facet normal 9.999770e-01 0.000000e+00 -6.784733e-03
    outer loop
      vertex   -2.358148e+01 -1.348438e+00 -1.205754e+00
      vertex   -2.359505e+01 1.085412e+00 -3.205754e+00
      vertex   -2.358148e+01 1.348438e+00 -1.205754e+00
    endloop
  endfacet
  facet normal 9.946681e-01 -1.029043e-01 6.784539e-03
    outer loop
      vertex   -2.358148e+01 1.348438e+00 -1.205754e+00
      vertex   -2.359505e+01 1.085412e+00 -3.205754e+00
      vertex   -2.331752e+01 3.767969e+00 -3.205754e+00
    endloop
  endfacet
  facet normal 9.934589e-01 -1.139888e-01 -6.784731e-03
    outer loop
      vertex   -2.358148e+01 1.348438e+00 -1.205754e+00
      vertex   -2.331752e+01 3.767969e+00 -3.205754e+00
      vertex   -2.327406e+01 4.027734e+00 -1.205754e+00
    endloop
  endfacet
  facet normal 9.764544e-01 -2.156171e-01 6.784541e-03
    outer loop
      vertex   -2.327406e+01 4.027734e+00 -1.205754e+00
      vertex   -2.331752e+01 3.767969e+00 -3.205754e+00
      vertex   -2.273602e+01 6.401406e+00 -3.205754e+00
    endloop
  endfacet
  facet normal 9.739895e-01 -2.264916e-01 -6.784728e-03
    outer loop
      vertex   -2.327406e+01 4.027734e+00 -1.205754e+00
      vertex   -2.273602e+01 6.401406e+00 -3.205754e+00
      vertex   -2.266322e+01 6.654523e+00 -1.205754e+00
    endloop
  endfacet
  facet normal 9.455111e-01 -3.255191e-01 6.784544e-03
    outer loop
      vertex   -2.266322e+01 6.654523e+00 -1.205754e+00
      vertex   -2.273602e+01 6.401406e+00 -3.205754e+00
      vertex   -2.185811e+01 8.951390e+00 -3.205754e+00
    endloop
  endfacet
  facet normal 9.418227e-01 -3.360417e-01 -6.784725e-03
    outer loop
      vertex   -2.266322e+01 6.654523e+00 -1.205754e+00
      vertex   -2.185811e+01 8.951390e+00 -3.205754e+00
      vertex   -2.175694e+01 9.194560e+00 -1.205754e+00
    endloop
  endfacet
  facet normal 9.022417e-01 -4.311774e-01 6.784548e-03
    outer loop
      vertex   -2.175694e+01 9.194560e+00 -1.205754e+00
      vertex   -2.185811e+01 8.951390e+00 -3.205754e+00
      vertex   -2.069525e+01 1.138468e+01 -3.205754e+00
    endloop
  endfacet
  facet normal 8.973778e-01 -4.412109e-01 -6.784721e-03
    outer loop
      vertex   -2.175694e+01 9.194560e+00 -1.205754e+00
      vertex   -2.069525e+01 1.138468e+01 -3.205754e+00
      vertex   -2.056702e+01 1.161473e+01 -1.205754e+00
    endloop
  endfacet
  facet normal 8.472101e-01 -5.312147e-01 6.784553e-03
    outer loop
      vertex   -2.056702e+01 1.161473e+01 -1.205754e+00
      vertex   -2.069525e+01 1.138468e+01 -3.205754e+00
      vertex   -1.926260e+01 1.366955e+01 -3.205754e+00
    endloop
  endfacet
  facet normal 8.412342e-01 -5.406284e-01 -6.784716e-03
    outer loop
      vertex   -2.056702e+01 1.161473e+01 -1.205754e+00
      vertex   -1.926260e+01 1.366955e+01 -3.205754e+00
      vertex   -1.910898e+01 1.388349e+01 -1.205754e+00
    endloop
  endfacet
  facet normal 7.811338e-01 -6.243268e-01 6.784557e-03
    outer loop
      vertex   -1.910898e+01 1.388349e+01 -1.205754e+00
      vertex   -1.926260e+01 1.366955e+01 -3.205754e+00
      vertex   -1.757883e+01 1.577622e+01 -3.205754e+00
    endloop
  endfacet
  facet normal 7.741238e-01 -6.329979e-01 -6.784712e-03
    outer loop
      vertex   -1.910898e+01 1.388349e+01 -1.205754e+00
      vertex   -1.757883e+01 1.577622e+01 -3.205754e+00
      vertex   -1.740183e+01 1.597125e+01 -1.205754e+00
    endloop
  endfacet
  facet normal 7.048743e-01 -7.092998e-01 6.784563e-03
    outer loop
      vertex   -1.740183e+01 1.597125e+01 -1.205754e+00
      vertex   -1.757883e+01 1.577622e+01 -3.205754e+00
      vertex   -1.566589e+01 1.767722e+01 -3.205754e+00
    endloop
  endfacet
  facet normal 6.969215e-01 -7.171153e-01 -6.784706e-03
    outer loop
      vertex   -1.740183e+01 1.597125e+01 -1.205754e+00
      vertex   -1.566589e+01 1.767722e+01 -3.205754e+00
      vertex   -1.546781e+01 1.785080e+01 -1.205754e+00
    endloop
  endfacet
  facet normal 6.194257e-01 -7.850260e-01 6.784568e-03
    outer loop
      vertex   -1.546781e+01 1.785080e+01 -1.205754e+00
      vertex   -1.566589e+01 1.767722e+01 -3.205754e+00
      vertex   -1.354873e+01 1.934778e+01 -3.205754e+00
    endloop
  endfacet
  facet normal 6.106338e-01 -7.918840e-01 -6.784701e-03
    outer loop
      vertex   -1.546781e+01 1.785080e+01 -1.205754e+00
      vertex   -1.354873e+01 1.934778e+01 -3.205754e+00
      vertex   -1.333215e+01 1.949765e+01 -1.205754e+00
    endloop
  endfacet
  facet normal 5.259019e-01 -8.505182e-01 6.784574e-03
    outer loop
      vertex   -1.333215e+01 1.949765e+01 -1.205754e+00
      vertex   -1.354873e+01 1.934778e+01 -3.205754e+00
      vertex   -1.125493e+01 2.076610e+01 -3.205754e+00
    endloop
  endfacet
  facet normal 5.163856e-01 -8.563293e-01 -6.784695e-03
    outer loop
      vertex   -1.333215e+01 1.949765e+01 -1.205754e+00
      vertex   -1.125493e+01 2.076610e+01 -3.205754e+00
      vertex   -1.102268e+01 2.089031e+01 -1.205754e+00
    endloop
  endfacet
  facet normal 4.255221e-01 -9.049226e-01 6.784579e-03
    outer loop
      vertex   -1.102268e+01 2.089031e+01 -1.205754e+00
      vertex   -1.125493e+01 2.076610e+01 -3.205754e+00
      vertex   -8.814412e+00 2.191371e+01 -3.205754e+00
    endloop
  endfacet
  facet normal 4.154055e-01 -9.096111e-01 -6.784689e-03
    outer loop
      vertex   -1.102268e+01 2.089031e+01 -1.205754e+00
      vertex   -8.814412e+00 2.191371e+01 -3.205754e+00
      vertex   -8.569518e+00 2.201063e+01 -1.205754e+00
    endloop
  endfacet
  facet normal 3.195951e-01 -9.475299e-01 6.784585e-03
    outer loop
      vertex   -8.569518e+00 2.201063e+01 -1.205754e+00
      vertex   -8.814412e+00 2.191371e+01 -3.205754e+00
      vertex   -6.258983e+00 2.277563e+01 -3.205754e+00
    endloop
  endfacet
  facet normal 3.090099e-01 -9.510346e-01 -6.784684e-03
    outer loop
      vertex   -8.569518e+00 2.201063e+01 -1.205754e+00
      vertex   -6.258983e+00 2.277563e+01 -3.205754e+00
      vertex   -6.004637e+00 2.284401e+01 -1.205754e+00
    endloop
  endfacet
  facet normal 2.095016e-01 -9.777848e-01 6.784591e-03
    outer loop
      vertex   -6.004637e+00 2.284401e+01 -1.205754e+00
      vertex   -6.258983e+00 2.277563e+01 -3.205754e+00
      vertex   -3.621959e+00 2.334065e+01 -3.205754e+00
    endloop
  endfacet
  facet normal 1.985859e-01 -9.800600e-01 -6.784678e-03
    outer loop
      vertex   -6.004637e+00 2.284401e+01 -1.205754e+00
      vertex   -3.621959e+00 2.334065e+01 -3.205754e+00
      vertex   -3.361476e+00 2.337958e+01 -1.205754e+00
    endloop
  endfacet
  facet normal 9.667693e-02 -9.952927e-01 6.784597e-03
    outer loop
      vertex   -3.361476e+00 2.337958e+01 -1.205754e+00
      vertex   -3.621959e+00 2.334065e+01 -3.205754e+00
      vertex   -9.377164e-01 2.360138e+01 -3.205754e+00
    endloop
  endfacet
  facet normal 8.557304e-02 -9.963088e-01 -6.784672e-03
    outer loop
      vertex   -3.361476e+00 2.337958e+01 -1.205754e+00
      vertex   -9.377164e-01 2.360138e+01 -3.205754e+00
      vertex   -6.744939e-01 2.361037e+01 -1.205754e+00
    endloop
  endfacet
  facet normal -1.740805e-02 -9.998254e-01 6.784603e-03
    outer loop
      vertex   -6.744939e-01 2.361037e+01 -1.205754e+00
      vertex   -9.377164e-01 2.360138e+01 -3.205754e+00
      vertex   1.758750e+00 2.355443e+01 -3.205754e+00
    endloop
  endfacet
  facet normal -2.855539e-02 -9.995692e-01 -6.784666e-03
    outer loop
      vertex   -6.744939e-01 2.361037e+01 -1.205754e+00
      vertex   1.758750e+00 2.355443e+01 -3.205754e+00
      vertex   2.021282e+00 2.353336e+01 -1.205754e+00
    endloop
  endfacet
  facet normal -1.312661e-01 -9.913240e-01 6.784608e-03
    outer loop
      vertex   2.021282e+00 2.353336e+01 -1.205754e+00
      vertex   1.758750e+00 2.355443e+01 -3.205754e+00
      vertex   4.432289e+00 2.320041e+01 -3.205754e+00
    endloop
  endfacet
  facet normal -1.423116e-01 -9.897987e-01 -6.784661e-03
    outer loop
      vertex   2.021282e+00 2.353336e+01 -1.205754e+00
      vertex   4.432289e+00 2.320041e+01 -3.205754e+00
      vertex   4.690707e+00 2.314955e+01 -1.205754e+00
    endloop
  endfacet
  facet normal -2.434129e-01 -9.698990e-01 6.784614e-03
    outer loop
      vertex   4.690707e+00 2.314955e+01 -1.205754e+00
      vertex   4.432289e+00 2.320041e+01 -3.205754e+00
      vertex   7.048046e+00 2.254394e+01 -3.205754e+00
    endloop
  endfacet
  facet normal -2.542125e-01 -9.671246e-01 -6.784655e-03
    outer loop
      vertex   4.690707e+00 2.314955e+01 -1.205754e+00
      vertex   7.048046e+00 2.254394e+01 -3.205754e+00
      vertex   7.298981e+00 2.246395e+01 -1.205754e+00
    endloop
  endfacet
  facet normal -3.523864e-01 -9.358300e-01 6.784618e-03
    outer loop
      vertex   7.298981e+00 2.246395e+01 -1.205754e+00
      vertex   7.048046e+00 2.254394e+01 -3.205754e+00
      vertex   9.571921e+00 2.159358e+01 -3.205754e+00
    endloop
  endfacet
  facet normal -3.627994e-01 -9.318426e-01 -6.784651e-03
    outer loop
      vertex   7.298981e+00 2.246395e+01 -1.205754e+00
      vertex   9.571921e+00 2.159358e+01 -3.205754e+00
      vertex   9.812103e+00 2.148551e+01 -1.205754e+00
    endloop
  endfacet
  facet normal -4.567660e-01 -8.895610e-01 6.784623e-03
    outer loop
      vertex   9.812103e+00 2.148551e+01 -1.205754e+00
      vertex   9.571921e+00 2.159358e+01 -3.205754e+00
      vertex   1.197101e+01 2.036171e+01 -3.205754e+00
    endloop
  endfacet
  facet normal -4.666566e-01 -8.844126e-01 -6.784646e-03
    outer loop
      vertex   9.812103e+00 2.148551e+01 -1.205754e+00
      vertex   1.197101e+01 2.036171e+01 -3.205754e+00
      vertex   1.219731e+01 2.022696e+01 -1.205754e+00
    endloop
  endfacet
  facet normal -5.551910e-01 -8.316952e-01 6.784627e-03
    outer loop
      vertex   1.219731e+01 2.022696e+01 -1.205754e+00
      vertex   1.197101e+01 2.036171e+01 -3.205754e+00
      vertex   1.421404e+01 1.886440e+01 -3.205754e+00
    endloop
  endfacet
  facet normal -5.644302e-01 -8.254529e-01 -6.784642e-03
    outer loop
      vertex   1.219731e+01 2.022696e+01 -1.205754e+00
      vertex   1.421404e+01 1.886440e+01 -3.205754e+00
      vertex   1.442350e+01 1.870473e+01 -1.205754e+00
    endloop
  endfacet
  facet normal -6.463783e-01 -7.629870e-01 6.784630e-03
    outer loop
      vertex   1.442350e+01 1.870473e+01 -1.205754e+00
      vertex   1.421404e+01 1.886440e+01 -3.205754e+00
      vertex   1.627177e+01 1.712115e+01 -3.205754e+00
    endloop
  endfacet
  facet normal -6.548457e-01 -7.557322e-01 -6.784639e-03
    outer loop
      vertex   1.442350e+01 1.870473e+01 -1.205754e+00
      vertex   1.627177e+01 1.712115e+01 -3.205754e+00
      vertex   1.646167e+01 1.693865e+01 -1.205754e+00
    endloop
  endfacet
  facet normal -7.291390e-01 -6.843320e-01 6.784633e-03
    outer loop
      vertex   1.646167e+01 1.693865e+01 -1.205754e+00
      vertex   1.627177e+01 1.712115e+01 -3.205754e+00
      vertex   1.811737e+01 1.515471e+01 -3.205754e+00
    endloop
  endfacet
  facet normal -7.367242e-01 -6.761593e-01 -6.784636e-03
    outer loop
      vertex   1.646167e+01 1.693865e+01 -1.205754e+00
      vertex   1.811737e+01 1.515471e+01 -3.205754e+00
      vertex   1.828522e+01 1.495175e+01 -1.205754e+00
    endloop
  endfacet
  facet normal -8.023942e-01 -5.967558e-01 6.784635e-03
    outer loop
      vertex   1.828522e+01 1.495175e+01 -1.205754e+00
      vertex   1.811737e+01 1.515471e+01 -3.205754e+00
      vertex   1.972678e+01 1.299070e+01 -3.205754e+00
    endloop
  endfacet
  facet normal -8.089984e-01 -5.877717e-01 -6.784634e-03
    outer loop
      vertex   1.828522e+01 1.495175e+01 -1.205754e+00
      vertex   1.972678e+01 1.299070e+01 -3.205754e+00
      vertex   1.987041e+01 1.276994e+01 -1.205754e+00
    endloop
  endfacet
  facet normal -8.651890e-01 -5.014000e-01 6.784637e-03
    outer loop
      vertex   1.987041e+01 1.276994e+01 -1.205754e+00
      vertex   1.972678e+01 1.299070e+01 -3.205754e+00
      vertex   2.107903e+01 1.065734e+01 -3.205754e+00
    endloop
  endfacet
  facet normal -8.707260e-01 -4.917216e-01 -6.784632e-03
    outer loop
      vertex   1.987041e+01 1.276994e+01 -1.205754e+00
      vertex   2.107903e+01 1.065734e+01 -3.205754e+00
      vertex   2.119655e+01 1.042164e+01 -1.205754e+00
    endloop
  endfacet
  facet normal -9.167048e-01 -3.995076e-01 6.784638e-03
    outer loop
      vertex   2.119655e+01 1.042164e+01 -1.205754e+00
      vertex   2.107903e+01 1.065734e+01 -3.205754e+00
      vertex   2.215647e+01 8.185048e+00 -3.205754e+00
    endloop
  endfacet
  facet normal -9.211025e-01 -3.892611e-01 -6.784632e-03
    outer loop
      vertex   2.119655e+01 1.042164e+01 -1.205754e+00
      vertex   2.215647e+01 8.185048e+00 -3.205754e+00
      vertex   2.224636e+01 7.937487e+00 -1.205754e+00
    endloop
  endfacet
  facet normal -9.562699e-01 -2.924070e-01 6.784638e-03
    outer loop
      vertex   2.224636e+01 7.937487e+00 -1.205754e+00
      vertex   2.215647e+01 8.185048e+00 -3.205754e+00
      vertex   2.294508e+01 5.606048e+00 -3.205754e+00
    endloop
  endfacet
  facet normal -9.594709e-01 -2.817261e-01 -6.784631e-03
    outer loop
      vertex   2.224636e+01 7.937487e+00 -1.205754e+00
      vertex   2.294508e+01 5.606048e+00 -3.205754e+00
      vertex   2.300616e+01 5.349854e+00 -1.205754e+00
    endloop
  endfacet
  facet normal -9.833686e-01 -1.814945e-01 6.784638e-03
    outer loop
      vertex   2.300616e+01 5.349854e+00 -1.205754e+00
      vertex   2.294508e+01 5.606048e+00 -3.205754e+00
      vertex   2.343456e+01 2.953965e+00 -3.205754e+00
    endloop
  endfacet
  facet normal -9.853312e-01 -1.705183e-01 -6.784632e-03
    outer loop
      vertex   2.300616e+01 5.349854e+00 -1.205754e+00
      vertex   2.343456e+01 2.953965e+00 -3.205754e+00
      vertex   2.346604e+01 2.692477e+00 -1.205754e+00
    endloop
  endfacet
  facet normal -9.976475e-01 -6.821588e-02 6.784637e-03
    outer loop
      vertex   2.346604e+01 2.692477e+00 -1.205754e+00
      vertex   2.343456e+01 2.953965e+00 -3.205754e+00
      vertex   2.361853e+01 2.633717e-01 -3.205754e+00
    endloop
  endfacet
  facet normal 0.000000e+00 0.000000e+00 1.000000e+00
    outer loop
      vertex   2.346604e+01 -2.692477e+00 -1.205754e+00
      vertex   3.168454e+01 -2.524930e+00 -1.205754e+00
      vertex   2.362000e+01 2.892616e-15 -1.205754e+00
    endloop
  endfacet
  facet normal -0.000000e+00 0.000000e+00 1.000000e+00
    outer loop
      vertex   2.362000e+01 2.892616e-15 -1.205754e+00
      vertex   3.168454e+01 -2.524930e+00 -1.205754e+00
      vertex   3.177946e+01 5.928559e-01 -1.205754e+00
    endloop
  endfacet
  facet normal 0.000000e+00 -0.000000e+00 1.000000e+00
    outer loop
      vertex   2.362000e+01 2.892616e-15 -1.205754e+00
      vertex   3.177946e+01 5.928559e-01 -1.205754e+00
      vertex   2.346604e+01 2.692477e+00 -1.205754e+00
    endloop
  endfacet
  facet normal -0.000000e+00 0.000000e+00 1.000000e+00
    outer loop
      vertex   2.346604e+01 2.692477e+00 -1.205754e+00
      vertex   3.177946e+01 5.928559e-01 -1.205754e+00
      vertex   3.156832e+01 3.704933e+00 -1.205754e+00
    endloop
  endfacet
  facet normal 0.000000e+00 0.000000e+00 1.000000e+00
    outer loop
      vertex   2.346604e+01 2.692477e+00 -1.205754e+00
      vertex   3.156832e+01 3.704933e+00 -1.205754e+00
      vertex   3.105316e+01 6.781329e+00 -1.205754e+00
    endloop
  endfacet
  facet normal 0.000000e+00 0.000000e+00 1.000000e+00
    outer loop
      vertex   3.168454e+01 -2.524930e+00 -1.205754e+00
      vertex   2.346604e+01 -2.692477e+00 -1.205754e+00
      vertex   3.128449e+01 -5.618400e+00 -1.205754e+00
    endloop
  endfacet
  facet normal 0.000000e+00 0.000000e+00 1.000000e+00
    outer loop
      vertex   3.128449e+01 -5.618400e+00 -1.205754e+00
      vertex   2.346604e+01 -2.692477e+00 -1.205754e+00
      vertex   2.300616e+01 -5.349854e+00 -1.205754e+00
    endloop
  endfacet
  facet normal 0.000000e+00 0.000000e+00 1.000000e+00
    outer loop
      vertex   3.128449e+01 -5.618400e+00 -1.205754e+00
      vertex   2.300616e+01 -5.349854e+00 -1.205754e+00
      vertex   3.058314e+01 -8.657762e+00 -1.205754e+00
    endloop
  endfacet
  facet normal 0.000000e+00 0.000000e+00 1.000000e+00
    outer loop
      vertex   3.058314e+01 -8.657762e+00 -1.205754e+00
      vertex   2.300616e+01 -5.349854e+00 -1.205754e+00
      vertex   2.224636e+01 -7.937487e+00 -1.205754e+00
    endloop
  endfacet
  facet normal 0.000000e+00 0.000000e+00 1.000000e+00
    outer loop
      vertex   3.058314e+01 -8.657762e+00 -1.205754e+00
      vertex   2.224636e+01 -7.937487e+00 -1.205754e+00
      vertex   2.958727e+01 -1.161374e+01 -1.205754e+00
    endloop
  endfacet
  facet normal 0.000000e+00 0.000000e+00 1.000000e+00
    outer loop
      vertex   2.958727e+01 -1.161374e+01 -1.205754e+00
      vertex   2.224636e+01 -7.937487e+00 -1.205754e+00
      vertex   2.119655e+01 -1.042164e+01 -1.205754e+00
    endloop
  endfacet
  facet normal 0.000000e+00 0.000000e+00 1.000000e+00
    outer loop
      vertex   2.958727e+01 -1.161374e+01 -1.205754e+00
      vertex   2.119655e+01 -1.042164e+01 -1.205754e+00
      vertex   2.830645e+01 -1.445788e+01 -1.205754e+00
    endloop
  endfacet
  facet normal 0.000000e+00 0.000000e+00 1.000000e+00
    outer loop
      vertex   2.830645e+01 -1.445788e+01 -1.205754e+00
      vertex   2.119655e+01 -1.042164e+01 -1.205754e+00
      vertex   1.987041e+01 -1.276994e+01 -1.205754e+00
    endloop
  endfacet
  facet normal 0.000000e+00 0.000000e+00 1.000000e+00
    outer loop
      vertex   2.830645e+01 -1.445788e+01 -1.205754e+00
      vertex   1.987041e+01 -1.276994e+01 -1.205754e+00
      vertex   2.675303e+01 -1.716278e+01 -1.205754e+00
    endloop
  endfacet
  facet normal 0.000000e+00 0.000000e+00 1.000000e+00
    outer loop
      vertex   2.675303e+01 -1.716278e+01 -1.205754e+00
      vertex   1.987041e+01 -1.276994e+01 -1.205754e+00
      vertex   2.494196e+01 -1.970239e+01 -1.205754e+00
    endloop
  endfacet
  facet normal 0.000000e+00 0.000000e+00 1.000000e+00
    outer loop
      vertex   2.494196e+01 -1.970239e+01 -1.205754e+00
      vertex   1.987041e+01 -1.276994e+01 -1.205754e+00
      vertex   1.828522e+01 -1.495175e+01 -1.205754e+00
    endloop
  endfacet
  facet normal 0.000000e+00 0.000000e+00 1.000000e+00
    outer loop
      vertex   2.494196e+01 -1.970239e+01 -1.205754e+00
      vertex   1.828522e+01 -1.495175e+01 -1.205754e+00
      vertex   2.289068e+01 -2.205226e+01 -1.205754e+00
    endloop
  endfacet
  facet normal 0.000000e+00 0.000000e+00 1.000000e+00
    outer loop
      vertex   2.289068e+01 -2.205226e+01 -1.205754e+00
      vertex   1.828522e+01 -1.495175e+01 -1.205754e+00
      vertex   1.646167e+01 -1.693865e+01 -1.205754e+00
    endloop
  endfacet
  facet normal 0.000000e+00 0.000000e+00 1.000000e+00
    outer loop
      vertex   2.289068e+01 -2.205226e+01 -1.205754e+00
      vertex   1.646167e+01 -1.693865e+01 -1.205754e+00
      vertex   2.061896e+01 -2.418975e+01 -1.205754e+00
    endloop
  endfacet
  facet normal 0.000000e+00 0.000000e+00 1.000000e+00
    outer loop
      vertex   2.061896e+01 -2.418975e+01 -1.205754e+00
      vertex   1.646167e+01 -1.693865e+01 -1.205754e+00
      vertex   1.442350e+01 -1.870473e+01 -1.205754e+00
    endloop
  endfacet
  facet normal 0.000000e+00 0.000000e+00 1.000000e+00
    outer loop
      vertex   2.061896e+01 -2.418975e+01 -1.205754e+00
      vertex   1.442350e+01 -1.870473e+01 -1.205754e+00
      vertex   1.814866e+01 -2.609428e+01 -1.205754e+00
    endloop
  endfacet
  facet normal 0.000000e+00 0.000000e+00 1.000000e+00
    outer loop
      vertex   1.814866e+01 -2.609428e+01 -1.205754e+00
      vertex   1.442350e+01 -1.870473e+01 -1.205754e+00
      vertex   1.219731e+01 -2.022696e+01 -1.205754e+00
    endloop
  endfacet
  facet normal 0.000000e+00 0.000000e+00 1.000000e+00
    outer loop
      vertex   1.814866e+01 -2.609428e+01 -1.205754e+00
      vertex   1.219731e+01 -2.022696e+01 -1.205754e+00
      vertex   1.550359e+01 -2.774751e+01 -1.205754e+00
    endloop
  endfacet
  facet normal 0.000000e+00 0.000000e+00 1.000000e+00
    outer loop
      vertex   1.550359e+01 -2.774751e+01 -1.205754e+00
      vertex   1.219731e+01 -2.022696e+01 -1.205754e+00
      vertex   9.812103e+00 -2.148551e+01 -1.205754e+00
    endloop
  endfacet
  facet normal 0.000000e+00 0.000000e+00 1.000000e+00
    outer loop
      vertex   1.550359e+01 -2.774751e+01 -1.205754e+00
      vertex   9.812103e+00 -2.148551e+01 -1.205754e+00
      vertex   1.270920e+01 -2.913351e+01 -1.205754e+00
    endloop
  endfacet
  facet normal 0.000000e+00 0.000000e+00 1.000000e+00
    outer loop
      vertex   1.270920e+01 -2.913351e+01 -1.205754e+00
      vertex   9.812103e+00 -2.148551e+01 -1.205754e+00
      vertex   7.298981e+00 -2.246395e+01 -1.205754e+00
    endloop
  endfacet
  facet normal 0.000000e+00 0.000000e+00 1.000000e+00
    outer loop
      vertex   1.270920e+01 -2.913351e+01 -1.205754e+00
      vertex   7.298981e+00 -2.246395e+01 -1.205754e+00
      vertex   9.792418e+00 -3.023895e+01 -1.205754e+00
    endloop
  endfacet
  facet normal 0.000000e+00 0.000000e+00 1.000000e+00
    outer loop
      vertex   9.792418e+00 -3.023895e+01 -1.205754e+00
      vertex   7.298981e+00 -2.246395e+01 -1.205754e+00
      vertex   6.781329e+00 -3.105316e+01 -1.205754e+00
    endloop
  endfacet
  facet normal 0.000000e+00 -0.000000e+00 1.000000e+00
    outer loop
      vertex   6.781329e+00 -3.105316e+01 -1.205754e+00
      vertex   7.298981e+00 -2.246395e+01 -1.205754e+00
      vertex   4.690707e+00 -2.314955e+01 -1.205754e+00
    endloop
  endfacet
  facet normal 0.000000e+00 0.000000e+00 1.000000e+00
    outer loop
      vertex   6.781329e+00 -3.105316e+01 -1.205754e+00
      vertex   4.690707e+00 -2.314955e+01 -1.205754e+00
      vertex   3.704933e+00 -3.156832e+01 -1.205754e+00
    endloop
  endfacet
  facet normal 0.000000e+00 -0.000000e+00 1.000000e+00
    outer loop
      vertex   3.704933e+00 -3.156832e+01 -1.205754e+00
      vertex   4.690707e+00 -2.314955e+01 -1.205754e+00
      vertex   2.021282e+00 -2.353336e+01 -1.205754e+00
    endloop
  endfacet
  facet normal 0.000000e+00 0.000000e+00 1.000000e+00
    outer loop
      vertex   3.704933e+00 -3.156832e+01 -1.205754e+00
      vertex   2.021282e+00 -2.353336e+01 -1.205754e+00
      vertex   5.928559e-01 -3.177946e+01 -1.205754e+00
    endloop
  endfacet
  facet normal 0.000000e+00 -0.000000e+00 1.000000e+00
    outer loop
      vertex   5.928559e-01 -3.177946e+01 -1.205754e+00
      vertex   2.021282e+00 -2.353336e+01 -1.205754e+00
      vertex   -6.744939e-01 -2.361037e+01 -1.205754e+00
    endloop
  endfacet
  facet normal 0.000000e+00 0.000000e+00 1.000000e+00
    outer loop
      vertex   5.928559e-01 -3.177946e+01 -1.205754e+00
      vertex   -6.744939e-01 -2.361037e+01 -1.205754e+00
      vertex   -2.524930e+00 -3.168454e+01 -1.205754e+00
    endloop
  endfacet
  facet normal 0.000000e+00 -0.000000e+00 1.000000e+00
    outer loop
      vertex   -2.524930e+00 -3.168454e+01 -1.205754e+00
      vertex   -6.744939e-01 -2.361037e+01 -1.205754e+00
      vertex   -3.361476e+00 -2.337958e+01 -1.205754e+00
    endloop
  endfacet
  facet normal 0.000000e+00 0.000000e+00 1.000000e+00
    outer loop
      vertex   -2.524930e+00 -3.168454e+01 -1.205754e+00
      vertex   -3.361476e+00 -2.337958e+01 -1.205754e+00
      vertex   -5.618400e+00 -3.128449e+01 -1.205754e+00
    endloop
  endfacet
  facet normal 0.000000e+00 -0.000000e+00 1.000000e+00
    outer loop
      vertex   -5.618400e+00 -3.128449e+01 -1.205754e+00
      vertex   -3.361476e+00 -2.337958e+01 -1.205754e+00
      vertex   -6.004637e+00 -2.284401e+01 -1.205754e+00
    endloop
  endfacet
  facet normal 0.000000e+00 0.000000e+00 1.000000e+00
    outer loop
      vertex   -5.618400e+00 -3.128449e+01 -1.205754e+00
      vertex   -6.004637e+00 -2.284401e+01 -1.205754e+00
      vertex   -8.657762e+00 -3.058314e+01 -1.205754e+00
    endloop
  endfacet
  facet normal 0.000000e+00 0.000000e+00 1.000000e+00
    outer loop
      vertex   -8.657762e+00 -3.058314e+01 -1.205754e+00
      vertex   -6.004637e+00 -2.284401e+01 -1.205754e+00
      vertex   -8.569518e+00 -2.201063e+01 -1.205754e+00
    endloop
  endfacet
  facet normal 0.000000e+00 -0.000000e+00 1.000000e+00
    outer loop
      vertex   -8.657762e+00 -3.058314e+01 -1.205754e+00
      vertex   -8.569518e+00 -2.201063e+01 -1.205754e+00
      vertex   -1.161374e+01 -2.958727e+01 -1.205754e+00
    endloop
  endfacet
  facet normal 0.000000e+00 -0.000000e+00 1.000000e+00
    outer loop
      vertex   -1.161374e+01 -2.958727e+01 -1.205754e+00
      vertex   -8.569518e+00 -2.201063e+01 -1.205754e+00
      vertex   -1.445788e+01 -2.830645e+01 -1.205754e+00
    endloop
  endfacet
  facet normal 0.000000e+00 0.000000e+00 1.000000e+00
    outer loop
      vertex   -1.445788e+01 -2.830645e+01 -1.205754e+00
      vertex   -8.569518e+00 -2.201063e+01 -1.205754e+00
      vertex   -1.102268e+01 -2.089031e+01 -1.205754e+00
    endloop
  endfacet
  facet normal 0.000000e+00 -0.000000e+00 1.000000e+00
    outer loop
      vertex   -1.445788e+01 -2.830645e+01 -1.205754e+00
      vertex   -1.102268e+01 -2.089031e+01 -1.205754e+00
      vertex   -1.716278e+01 -2.675303e+01 -1.205754e+00
    endloop
  endfacet
  facet normal 0.000000e+00 0.000000e+00 1.000000e+00
    outer loop
      vertex   -1.716278e+01 -2.675303e+01 -1.205754e+00
      vertex   -1.102268e+01 -2.089031e+01 -1.205754e+00
      vertex   -1.333215e+01 -1.949765e+01 -1.205754e+00
    endloop
  endfacet
  facet normal 0.000000e+00 -0.000000e+00 1.000000e+00
    outer loop
      vertex   -1.716278e+01 -2.675303e+01 -1.205754e+00
      vertex   -1.333215e+01 -1.949765e+01 -1.205754e+00
      vertex   -1.970239e+01 -2.494196e+01 -1.205754e+00
    endloop
  endfacet
  facet normal 0.000000e+00 0.000000e+00 1.000000e+00
    outer loop
      vertex   -1.970239e+01 -2.494196e+01 -1.205754e+00
      vertex   -1.333215e+01 -1.949765e+01 -1.205754e+00
      vertex   -1.546781e+01 -1.785080e+01 -1.205754e+00
    endloop
  endfacet
  facet normal 0.000000e+00 -0.000000e+00 1.000000e+00
    outer loop
      vertex   -1.970239e+01 -2.494196e+01 -1.205754e+00
      vertex   -1.546781e+01 -1.785080e+01 -1.205754e+00
      vertex   -2.205226e+01 -2.289068e+01 -1.205754e+00
    endloop
  endfacet
  facet normal 0.000000e+00 0.000000e+00 1.000000e+00
    outer loop
      vertex   -2.205226e+01 -2.289068e+01 -1.205754e+00
      vertex   -1.546781e+01 -1.785080e+01 -1.205754e+00
      vertex   -1.740183e+01 -1.597125e+01 -1.205754e+00
    endloop
  endfacet
  facet normal 0.000000e+00 -0.000000e+00 1.000000e+00
    outer loop
      vertex   -2.205226e+01 -2.289068e+01 -1.205754e+00
      vertex   -1.740183e+01 -1.597125e+01 -1.205754e+00
      vertex   -2.418975e+01 -2.061896e+01 -1.205754e+00
    endloop
  endfacet
  facet normal 0.000000e+00 0.000000e+00 1.000000e+00
    outer loop
      vertex   -2.418975e+01 -2.061896e+01 -1.205754e+00
      vertex   -1.740183e+01 -1.597125e+01 -1.205754e+00
      vertex   -1.910898e+01 -1.388349e+01 -1.205754e+00
    endloop
  endfacet
  facet normal 0.000000e+00 -0.000000e+00 1.000000e+00
    outer loop
      vertex   -2.418975e+01 -2.061896e+01 -1.205754e+00
      vertex   -1.910898e+01 -1.388349e+01 -1.205754e+00
      vertex   -2.609428e+01 -1.814866e+01 -1.205754e+00
    endloop
  endfacet
  facet normal 0.000000e+00 0.000000e+00 1.000000e+00
    outer loop
      vertex   -2.609428e+01 -1.814866e+01 -1.205754e+00
      vertex   -1.910898e+01 -1.388349e+01 -1.205754e+00
      vertex   -2.056702e+01 -1.161473e+01 -1.205754e+00
    endloop
  endfacet
  facet normal 0.000000e+00 -0.000000e+00 1.000000e+00
    outer loop
      vertex   -2.609428e+01 -1.814866e+01 -1.205754e+00
      vertex   -2.056702e+01 -1.161473e+01 -1.205754e+00
      vertex   -2.774751e+01 -1.550359e+01 -1.205754e+00
    endloop
  endfacet
  facet normal 0.000000e+00 -0.000000e+00 1.000000e+00
    outer loop
      vertex   -2.774751e+01 -1.550359e+01 -1.205754e+00
      vertex   -2.056702e+01 -1.161473e+01 -1.205754e+00
      vertex   -2.913351e+01 -1.270920e+01 -1.205754e+00
    endloop
  endfacet
  facet normal 0.000000e+00 0.000000e+00 1.000000e+00
    outer loop
      vertex   -2.913351e+01 -1.270920e+01 -1.205754e+00
      vertex   -2.056702e+01 -1.161473e+01 -1.205754e+00
      vertex   -2.175694e+01 -9.194560e+00 -1.205754e+00
    endloop
  endfacet
  facet normal 0.000000e+00 -0.000000e+00 1.000000e+00
    outer loop
      vertex   -2.913351e+01 -1.270920e+01 -1.205754e+00
      vertex   -2.175694e+01 -9.194560e+00 -1.205754e+00
      vertex   -3.023895e+01 -9.792418e+00 -1.205754e+00
    endloop
  endfacet
  facet normal 0.000000e+00 0.000000e+00 1.000000e+00
    outer loop
      vertex   -3.023895e+01 -9.792418e+00 -1.205754e+00
      vertex   -2.175694e+01 -9.194560e+00 -1.205754e+00
      vertex   -2.266322e+01 -6.654523e+00 -1.205754e+00
    endloop
  endfacet
  facet normal 0.000000e+00 -0.000000e+00 1.000000e+00
    outer loop
      vertex   -3.023895e+01 -9.792418e+00 -1.205754e+00
      vertex   -2.266322e+01 -6.654523e+00 -1.205754e+00
      vertex   -3.105316e+01 -6.781329e+00 -1.205754e+00
    endloop
  endfacet
  facet normal 0.000000e+00 0.000000e+00 1.000000e+00
    outer loop
      vertex   -3.105316e+01 -6.781329e+00 -1.205754e+00
      vertex   -2.266322e+01 -6.654523e+00 -1.205754e+00
      vertex   -2.327406e+01 -4.027734e+00 -1.205754e+00
    endloop
  endfacet
  facet normal 0.000000e+00 -0.000000e+00 1.000000e+00
    outer loop
      vertex   -3.105316e+01 -6.781329e+00 -1.205754e+00
      vertex   -2.327406e+01 -4.027734e+00 -1.205754e+00
      vertex   -3.156832e+01 -3.704933e+00 -1.205754e+00
    endloop
  endfacet
  facet normal -0.000000e+00 0.000000e+00 1.000000e+00
    outer loop
      vertex   -3.156832e+01 -3.704933e+00 -1.205754e+00
      vertex   -2.327406e+01 -4.027734e+00 -1.205754e+00
      vertex   -2.358148e+01 -1.348438e+00 -1.205754e+00
    endloop
  endfacet
  facet normal 0.000000e+00 -0.000000e+00 1.000000e+00
    outer loop
      vertex   -3.156832e+01 -3.704933e+00 -1.205754e+00
      vertex   -2.358148e+01 -1.348438e+00 -1.205754e+00
      vertex   -3.177946e+01 -5.928559e-01 -1.205754e+00
    endloop
  endfacet
  facet normal -0.000000e+00 0.000000e+00 1.000000e+00
    outer loop
      vertex   -3.177946e+01 -5.928559e-01 -1.205754e+00
      vertex   -2.358148e+01 -1.348438e+00 -1.205754e+00
      vertex   -2.358148e+01 1.348438e+00 -1.205754e+00
    endloop
  endfacet
  facet normal 0.000000e+00 0.000000e+00 1.000000e+00
    outer loop
      vertex   -3.177946e+01 -5.928559e-01 -1.205754e+00
      vertex   -2.358148e+01 1.348438e+00 -1.205754e+00
      vertex   -3.168454e+01 2.524930e+00 -1.205754e+00
    endloop
  endfacet
  facet normal -0.000000e+00 0.000000e+00 1.000000e+00
    outer loop
      vertex   -3.168454e+01 2.524930e+00 -1.205754e+00
      vertex   -2.358148e+01 1.348438e+00 -1.205754e+00
      vertex   -2.327406e+01 4.027734e+00 -1.205754e+00
    endloop
  endfacet
  facet normal 0.000000e+00 0.000000e+00 1.000000e+00
    outer loop
      vertex   -3.168454e+01 2.524930e+00 -1.205754e+00
      vertex   -2.327406e+01 4.027734e+00 -1.205754e+00
      vertex   -3.128449e+01 5.618400e+00 -1.205754e+00
    endloop
  endfacet
  facet normal -0.000000e+00 0.000000e+00 1.000000e+00
    outer loop
      vertex   -3.128449e+01 5.618400e+00 -1.205754e+00
      vertex   -2.327406e+01 4.027734e+00 -1.205754e+00
      vertex   -3.058314e+01 8.657762e+00 -1.205754e+00
    endloop
  endfacet
  facet normal 0.000000e+00 0.000000e+00 1.000000e+00
    outer loop
      vertex   -3.058314e+01 8.657762e+00 -1.205754e+00
      vertex   -2.327406e+01 4.027734e+00 -1.205754e+00
      vertex   -2.266322e+01 6.654523e+00 -1.205754e+00
    endloop
  endfacet
  facet normal -0.000000e+00 0.000000e+00 1.000000e+00
    outer loop
      vertex   -3.058314e+01 8.657762e+00 -1.205754e+00
      vertex   -2.266322e+01 6.654523e+00 -1.205754e+00
      vertex   -2.958727e+01 1.161374e+01 -1.205754e+00
    endloop
  endfacet
  facet normal 0.000000e+00 0.000000e+00 1.000000e+00
    outer loop
      vertex   -2.958727e+01 1.161374e+01 -1.205754e+00
      vertex   -2.266322e+01 6.654523e+00 -1.205754e+00
      vertex   -2.175694e+01 9.194560e+00 -1.205754e+00
    endloop
  endfacet
  facet normal -0.000000e+00 0.000000e+00 1.000000e+00
    outer loop
      vertex   -2.958727e+01 1.161374e+01 -1.205754e+00
      vertex   -2.175694e+01 9.194560e+00 -1.205754e+00
      vertex   -2.830645e+01 1.445788e+01 -1.205754e+00
    endloop
  endfacet
  facet normal 0.000000e+00 0.000000e+00 1.000000e+00
    outer loop
      vertex   -2.830645e+01 1.445788e+01 -1.205754e+00
      vertex   -2.175694e+01 9.194560e+00 -1.205754e+00
      vertex   -2.056702e+01 1.161473e+01 -1.205754e+00
    endloop
  endfacet
  facet normal -0.000000e+00 0.000000e+00 1.000000e+00
    outer loop
      vertex   -2.830645e+01 1.445788e+01 -1.205754e+00
      vertex   -2.056702e+01 1.161473e+01 -1.205754e+00
      vertex   -2.675303e+01 1.716278e+01 -1.205754e+00
    endloop
  endfacet
  facet normal 0.000000e+00 0.000000e+00 1.000000e+00
    outer loop
      vertex   -2.675303e+01 1.716278e+01 -1.205754e+00
      vertex   -2.056702e+01 1.161473e+01 -1.205754e+00
      vertex   -1.910898e+01 1.388349e+01 -1.205754e+00
    endloop
  endfacet
  facet normal -0.000000e+00 0.000000e+00 1.000000e+00
    outer loop
      vertex   -2.675303e+01 1.716278e+01 -1.205754e+00
      vertex   -1.910898e+01 1.388349e+01 -1.205754e+00
      vertex   -2.494196e+01 1.970239e+01 -1.205754e+00
    endloop
  endfacet
  facet normal 0.000000e+00 0.000000e+00 1.000000e+00
    outer loop
      vertex   -2.494196e+01 1.970239e+01 -1.205754e+00
      vertex   -1.910898e+01 1.388349e+01 -1.205754e+00
      vertex   -1.740183e+01 1.597125e+01 -1.205754e+00
    endloop
  endfacet
  facet normal -0.000000e+00 0.000000e+00 1.000000e+00
    outer loop
      vertex   -2.494196e+01 1.970239e+01 -1.205754e+00
      vertex   -1.740183e+01 1.597125e+01 -1.205754e+00
      vertex   -2.289068e+01 2.205226e+01 -1.205754e+00
    endloop
  endfacet
  facet normal 0.000000e+00 0.000000e+00 1.000000e+00
    outer loop
      vertex   -2.289068e+01 2.205226e+01 -1.205754e+00
      vertex   -1.740183e+01 1.597125e+01 -1.205754e+00
      vertex   -1.546781e+01 1.785080e+01 -1.205754e+00
    endloop
  endfacet
  facet normal -0.000000e+00 0.000000e+00 1.000000e+00
    outer loop
      vertex   -2.289068e+01 2.205226e+01 -1.205754e+00
      vertex   -1.546781e+01 1.785080e+01 -1.205754e+00
      vertex   -2.061896e+01 2.418975e+01 -1.205754e+00
    endloop
  endfacet
  facet normal 0.000000e+00 0.000000e+00 1.000000e+00
    outer loop
      vertex   -2.061896e+01 2.418975e+01 -1.205754e+00
      vertex   -1.546781e+01 1.785080e+01 -1.205754e+00
      vertex   -1.333215e+01 1.949765e+01 -1.205754e+00
    endloop
  endfacet
  facet normal -0.000000e+00 0.000000e+00 1.000000e+00
    outer loop
      vertex   -2.061896e+01 2.418975e+01 -1.205754e+00
      vertex   -1.333215e+01 1.949765e+01 -1.205754e+00
      vertex   -1.814866e+01 2.609428e+01 -1.205754e+00
    endloop
  endfacet
  facet normal -0.000000e+00 0.000000e+00 1.000000e+00
    outer loop
      vertex   -1.814866e+01 2.609428e+01 -1.205754e+00
      vertex   -1.333215e+01 1.949765e+01 -1.205754e+00
      vertex   -1.550359e+01 2.774751e+01 -1.205754e+00
    endloop
  endfacet
  facet normal 0.000000e+00 0.000000e+00 1.000000e+00
    outer loop
      vertex   -1.550359e+01 2.774751e+01 -1.205754e+00
      vertex   -1.333215e+01 1.949765e+01 -1.205754e+00
      vertex   -1.102268e+01 2.089031e+01 -1.205754e+00
    endloop
  endfacet
  facet normal -0.000000e+00 0.000000e+00 1.000000e+00
    outer loop
      vertex   -1.550359e+01 2.774751e+01 -1.205754e+00
      vertex   -1.102268e+01 2.089031e+01 -1.205754e+00
      vertex   -1.270920e+01 2.913351e+01 -1.205754e+00
    endloop
  endfacet
  facet normal 0.000000e+00 0.000000e+00 1.000000e+00
    outer loop
      vertex   -1.270920e+01 2.913351e+01 -1.205754e+00
      vertex   -1.102268e+01 2.089031e+01 -1.205754e+00
      vertex   -8.569518e+00 2.201063e+01 -1.205754e+00
    endloop
  endfacet
  facet normal -0.000000e+00 0.000000e+00 1.000000e+00
    outer loop
      vertex   -1.270920e+01 2.913351e+01 -1.205754e+00
      vertex   -8.569518e+00 2.201063e+01 -1.205754e+00
      vertex   -9.792418e+00 3.023895e+01 -1.205754e+00
    endloop
  endfacet
  facet normal 0.000000e+00 0.000000e+00 1.000000e+00
    outer loop
      vertex   -9.792418e+00 3.023895e+01 -1.205754e+00
      vertex   -8.569518e+00 2.201063e+01 -1.205754e+00
      vertex   -6.004637e+00 2.284401e+01 -1.205754e+00
    endloop
  endfacet
  facet normal -0.000000e+00 0.000000e+00 1.000000e+00
    outer loop
      vertex   -9.792418e+00 3.023895e+01 -1.205754e+00
      vertex   -6.004637e+00 2.284401e+01 -1.205754e+00
      vertex   -6.781329e+00 3.105316e+01 -1.205754e+00
    endloop
  endfacet
  facet normal 0.000000e+00 0.000000e+00 1.000000e+00
    outer loop
      vertex   -6.781329e+00 3.105316e+01 -1.205754e+00
      vertex   -6.004637e+00 2.284401e+01 -1.205754e+00
      vertex   -3.361476e+00 2.337958e+01 -1.205754e+00
    endloop
  endfacet
  facet normal -0.000000e+00 0.000000e+00 1.000000e+00
    outer loop
      vertex   -6.781329e+00 3.105316e+01 -1.205754e+00
      vertex   -3.361476e+00 2.337958e+01 -1.205754e+00
      vertex   -3.704933e+00 3.156832e+01 -1.205754e+00
    endloop
  endfacet
  facet normal 0.000000e+00 0.000000e+00 1.000000e+00
    outer loop
      vertex   -3.704933e+00 3.156832e+01 -1.205754e+00
      vertex   -3.361476e+00 2.337958e+01 -1.205754e+00
      vertex   -6.744939e-01 2.361037e+01 -1.205754e+00
    endloop
  endfacet
  facet normal -0.000000e+00 0.000000e+00 1.000000e+00
    outer loop
      vertex   -3.704933e+00 3.156832e+01 -1.205754e+00
      vertex   -6.744939e-01 2.361037e+01 -1.205754e+00
      vertex   -5.928559e-01 3.177946e+01 -1.205754e+00
    endloop
  endfacet
  facet normal 0.000000e+00 0.000000e+00 1.000000e+00
    outer loop
      vertex   -5.928559e-01 3.177946e+01 -1.205754e+00
      vertex   -6.744939e-01 2.361037e+01 -1.205754e+00
      vertex   2.021282e+00 2.353336e+01 -1.205754e+00
    endloop
  endfacet
  facet normal 0.000000e+00 0.000000e+00 1.000000e+00
    outer loop
      vertex   -5.928559e-01 3.177946e+01 -1.205754e+00
      vertex   2.021282e+00 2.353336e+01 -1.205754e+00
      vertex   2.524930e+00 3.168454e+01 -1.205754e+00
    endloop
  endfacet
  facet normal 0.000000e+00 0.000000e+00 1.000000e+00
    outer loop
      vertex   2.524930e+00 3.168454e+01 -1.205754e+00
      vertex   2.021282e+00 2.353336e+01 -1.205754e+00
      vertex   5.618400e+00 3.128449e+01 -1.205754e+00
    endloop
  endfacet
  facet normal 0.000000e+00 0.000000e+00 1.000000e+00
    outer loop
      vertex   5.618400e+00 3.128449e+01 -1.205754e+00
      vertex   2.021282e+00 2.353336e+01 -1.205754e+00
      vertex   4.690707e+00 2.314955e+01 -1.205754e+00
    endloop
  endfacet
  facet normal 0.000000e+00 0.000000e+00 1.000000e+00
    outer loop
      vertex   5.618400e+00 3.128449e+01 -1.205754e+00
      vertex   4.690707e+00 2.314955e+01 -1.205754e+00
      vertex   8.657762e+00 3.058314e+01 -1.205754e+00
    endloop
  endfacet
  facet normal 0.000000e+00 0.000000e+00 1.000000e+00
    outer loop
      vertex   8.657762e+00 3.058314e+01 -1.205754e+00
      vertex   4.690707e+00 2.314955e+01 -1.205754e+00
      vertex   7.298981e+00 2.246395e+01 -1.205754e+00
    endloop
  endfacet
  facet normal 0.000000e+00 0.000000e+00 1.000000e+00
    outer loop
      vertex   8.657762e+00 3.058314e+01 -1.205754e+00
      vertex   7.298981e+00 2.246395e+01 -1.205754e+00
      vertex   1.161374e+01 2.958727e+01 -1.205754e+00
    endloop
  endfacet
  facet normal 0.000000e+00 0.000000e+00 1.000000e+00
    outer loop
      vertex   1.161374e+01 2.958727e+01 -1.205754e+00
      vertex   7.298981e+00 2.246395e+01 -1.205754e+00
      vertex   9.812103e+00 2.148551e+01 -1.205754e+00
    endloop
  endfacet
  facet normal 0.000000e+00 0.000000e+00 1.000000e+00
    outer loop
      vertex   1.161374e+01 2.958727e+01 -1.205754e+00
      vertex   9.812103e+00 2.148551e+01 -1.205754e+00
      vertex   1.445788e+01 2.830645e+01 -1.205754e+00
    endloop
  endfacet
  facet normal 0.000000e+00 0.000000e+00 1.000000e+00
    outer loop
      vertex   1.445788e+01 2.830645e+01 -1.205754e+00
      vertex   9.812103e+00 2.148551e+01 -1.205754e+00
      vertex   1.219731e+01 2.022696e+01 -1.205754e+00
    endloop
  endfacet
  facet normal 0.000000e+00 0.000000e+00 1.000000e+00
    outer loop
      vertex   1.445788e+01 2.830645e+01 -1.205754e+00
      vertex   1.219731e+01 2.022696e+01 -1.205754e+00
      vertex   1.716278e+01 2.675303e+01 -1.205754e+00
    endloop
  endfacet
  facet normal 0.000000e+00 0.000000e+00 1.000000e+00
    outer loop
      vertex   1.716278e+01 2.675303e+01 -1.205754e+00
      vertex   1.219731e+01 2.022696e+01 -1.205754e+00
      vertex   1.442350e+01 1.870473e+01 -1.205754e+00
    endloop
  endfacet
  facet normal 0.000000e+00 0.000000e+00 1.000000e+00
    outer loop
      vertex   1.716278e+01 2.675303e+01 -1.205754e+00
      vertex   1.442350e+01 1.870473e+01 -1.205754e+00
      vertex   1.970239e+01 2.494196e+01 -1.205754e+00
    endloop
  endfacet
  facet normal 0.000000e+00 0.000000e+00 1.000000e+00
    outer loop
      vertex   1.970239e+01 2.494196e+01 -1.205754e+00
      vertex   1.442350e+01 1.870473e+01 -1.205754e+00
      vertex   1.646167e+01 1.693865e+01 -1.205754e+00
    endloop
  endfacet
  facet normal 0.000000e+00 0.000000e+00 1.000000e+00
    outer loop
      vertex   1.970239e+01 2.494196e+01 -1.205754e+00
      vertex   1.646167e+01 1.693865e+01 -1.205754e+00
      vertex   2.205226e+01 2.289068e+01 -1.205754e+00
    endloop
  endfacet
  facet normal 0.000000e+00 0.000000e+00 1.000000e+00
    outer loop
      vertex   2.205226e+01 2.289068e+01 -1.205754e+00
      vertex   1.646167e+01 1.693865e+01 -1.205754e+00
      vertex   2.418975e+01 2.061896e+01 -1.205754e+00
    endloop
  endfacet
  facet normal 0.000000e+00 0.000000e+00 1.000000e+00
    outer loop
      vertex   2.418975e+01 2.061896e+01 -1.205754e+00
      vertex   1.646167e+01 1.693865e+01 -1.205754e+00
      vertex   1.828522e+01 1.495175e+01 -1.205754e+00
    endloop
  endfacet
  facet normal 0.000000e+00 0.000000e+00 1.000000e+00
    outer loop
      vertex   2.418975e+01 2.061896e+01 -1.205754e+00
      vertex   1.828522e+01 1.495175e+01 -1.205754e+00
      vertex   2.609428e+01 1.814866e+01 -1.205754e+00
    endloop
  endfacet
  facet normal 0.000000e+00 0.000000e+00 1.000000e+00
    outer loop
      vertex   2.609428e+01 1.814866e+01 -1.205754e+00
      vertex   1.828522e+01 1.495175e+01 -1.205754e+00
      vertex   1.987041e+01 1.276994e+01 -1.205754e+00
    endloop
  endfacet
  facet normal 0.000000e+00 0.000000e+00 1.000000e+00
    outer loop
      vertex   2.609428e+01 1.814866e+01 -1.205754e+00
      vertex   1.987041e+01 1.276994e+01 -1.205754e+00
      vertex   2.774751e+01 1.550359e+01 -1.205754e+00
    endloop
  endfacet
  facet normal 0.000000e+00 0.000000e+00 1.000000e+00
    outer loop
      vertex   2.774751e+01 1.550359e+01 -1.205754e+00
      vertex   1.987041e+01 1.276994e+01 -1.205754e+00
      vertex   2.119655e+01 1.042164e+01 -1.205754e+00
    endloop
  endfacet
  facet normal 0.000000e+00 0.000000e+00 1.000000e+00
    outer loop
      vertex   2.774751e+01 1.550359e+01 -1.205754e+00
      vertex   2.119655e+01 1.042164e+01 -1.205754e+00
      vertex   2.913351e+01 1.270920e+01 -1.205754e+00
    endloop
  endfacet
  facet normal 0.000000e+00 0.000000e+00 1.000000e+00
    outer loop
      vertex   2.913351e+01 1.270920e+01 -1.205754e+00
      vertex   2.119655e+01 1.042164e+01 -1.205754e+00
      vertex   2.224636e+01 7.937487e+00 -1.205754e+00
    endloop
  endfacet
  facet normal 0.000000e+00 0.000000e+00 1.000000e+00
    outer loop
      vertex   2.913351e+01 1.270920e+01 -1.205754e+00
      vertex   2.224636e+01 7.937487e+00 -1.205754e+00
      vertex   3.023895e+01 9.792418e+00 -1.205754e+00
    endloop
  endfacet
  facet normal 0.000000e+00 0.000000e+00 1.000000e+00
    outer loop
      vertex   3.023895e+01 9.792418e+00 -1.205754e+00
      vertex   2.224636e+01 7.937487e+00 -1.205754e+00
      vertex   2.300616e+01 5.349854e+00 -1.205754e+00
    endloop
  endfacet
  facet normal 0.000000e+00 0.000000e+00 1.000000e+00
    outer loop
      vertex   3.023895e+01 9.792418e+00 -1.205754e+00
      vertex   2.300616e+01 5.349854e+00 -1.205754e+00
      vertex   3.105316e+01 6.781329e+00 -1.205754e+00
    endloop
  endfacet
  facet normal 0.000000e+00 0.000000e+00 1.000000e+00
    outer loop
      vertex   3.105316e+01 6.781329e+00 -1.205754e+00
      vertex   2.300616e+01 5.349854e+00 -1.205754e+00
      vertex   2.346604e+01 2.692477e+00 -1.205754e+00
    endloop
  endfacet
  facet normal 0.000000e+00 0.000000e+00 1.000000e+00
    outer loop
      vertex   -8.018119e+01 1.989643e+01 1.079425e+01
      vertex   -7.135859e+01 2.752383e+01 1.079425e+01
      vertex   -5.584481e+01 9.791407e+01 1.079425e+01
    endloop
  endfacet
  facet normal 0.000000e+00 0.000000e+00 1.000000e+00
    outer loop
      vertex   -5.584481e+01 9.791407e+01 1.079425e+01
      vertex   -7.135859e+01 2.752383e+01 1.079425e+01
      vertex   -5.086831e+01 9.321164e+01 1.079425e+01
    endloop
  endfacet
  facet normal 0.000000e+00 0.000000e+00 1.000000e+00
    outer loop
      vertex   -5.584481e+01 9.791407e+01 1.079425e+01
      vertex   -5.086831e+01 9.321164e+01 1.079425e+01
      vertex   -4.720585e+01 9.321164e+01 1.079425e+01
    endloop
  endfacet
  facet normal -0.000000e+00 0.000000e+00 1.000000e+00
    outer loop
      vertex   -8.123973e+01 1.499990e+01 1.079425e+01
      vertex   -7.526448e+01 1.359659e+01 1.079425e+01
      vertex   -8.018119e+01 1.989643e+01 1.079425e+01
    endloop
  endfacet
  facet normal 0.000000e+00 0.000000e+00 1.000000e+00
    outer loop
      vertex   -8.018119e+01 1.989643e+01 1.079425e+01
      vertex   -7.526448e+01 1.359659e+01 1.079425e+01
      vertex   -7.425668e+01 1.831817e+01 1.079425e+01
    endloop
  endfacet
  facet normal -0.000000e+00 0.000000e+00 1.000000e+00
    outer loop
      vertex   -8.018119e+01 1.989643e+01 1.079425e+01
      vertex   -7.425668e+01 1.831817e+01 1.079425e+01
      vertex   -7.295298e+01 2.296676e+01 1.079425e+01
    endloop
  endfacet
  facet normal 0.000000e+00 0.000000e+00 1.000000e+00
    outer loop
      vertex   -8.123973e+01 1.499990e+01 1.079425e+01
      vertex   -8.199954e+01 1.004820e+01 1.079425e+01
      vertex   -7.526448e+01 1.359659e+01 1.079425e+01
    endloop
  endfacet
  facet normal 0.000000e+00 0.000000e+00 1.000000e+00
    outer loop
      vertex   -7.526448e+01 1.359659e+01 1.079425e+01
      vertex   -8.199954e+01 1.004820e+01 1.079425e+01
      vertex   -7.597238e+01 8.820831e+00 1.079425e+01
    endloop
  endfacet
  facet normal 0.000000e+00 0.000000e+00 1.000000e+00
    outer loop
      vertex   -7.597238e+01 8.820831e+00 1.079425e+01
      vertex   -8.199954e+01 1.004820e+01 1.079425e+01
      vertex   -8.245782e+01 5.059559e+00 1.079425e+01
    endloop
  endfacet
  facet normal 0.000000e+00 0.000000e+00 1.000000e+00
    outer loop
      vertex   -7.597238e+01 8.820831e+00 1.079425e+01
      vertex   -8.245782e+01 5.059559e+00 1.079425e+01
      vertex   -7.637755e+01 4.009922e+00 1.079425e+01
    endloop
  endfacet
  facet normal 0.000000e+00 0.000000e+00 1.000000e+00
    outer loop
      vertex   -7.637755e+01 4.009922e+00 1.079425e+01
      vertex   -8.245782e+01 5.059559e+00 1.079425e+01
      vertex   -8.261288e+01 5.231057e-02 1.079425e+01
    endloop
  endfacet
  facet normal 0.000000e+00 0.000000e+00 1.000000e+00
    outer loop
      vertex   -7.637755e+01 4.009922e+00 1.079425e+01
      vertex   -8.261288e+01 5.231057e-02 1.079425e+01
      vertex   -7.647838e+01 -8.169644e-01 1.079425e+01
    endloop
  endfacet
  facet normal 0.000000e+00 0.000000e+00 1.000000e+00
    outer loop
      vertex   -7.647838e+01 -8.169644e-01 1.079425e+01
      vertex   -8.261288e+01 5.231057e-02 1.079425e+01
      vertex   -8.246416e+01 -4.955130e+00 1.079425e+01
    endloop
  endfacet
  facet normal 0.000000e+00 0.000000e+00 1.000000e+00
    outer loop
      vertex   -7.647838e+01 -8.169644e-01 1.079425e+01
      vertex   -8.246416e+01 -4.955130e+00 1.079425e+01
      vertex   -7.627446e+01 -5.640596e+00 1.079425e+01
    endloop
  endfacet
  facet normal 0.000000e+00 0.000000e+00 1.000000e+00
    outer loop
      vertex   -7.627446e+01 -5.640596e+00 1.079425e+01
      vertex   -8.246416e+01 -4.955130e+00 1.079425e+01
      vertex   -8.201220e+01 -9.944350e+00 1.079425e+01
    endloop
  endfacet
  facet normal 0.000000e+00 0.000000e+00 1.000000e+00
    outer loop
      vertex   -7.627446e+01 -5.640596e+00 1.079425e+01
      vertex   -8.201220e+01 -9.944350e+00 1.079425e+01
      vertex   -7.576661e+01 -1.044175e+01 1.079425e+01
    endloop
  endfacet
  facet normal 0.000000e+00 0.000000e+00 1.000000e+00
    outer loop
      vertex   -7.576661e+01 -1.044175e+01 1.079425e+01
      vertex   -8.201220e+01 -9.944350e+00 1.079425e+01
      vertex   -8.125866e+01 -1.489700e+01 1.079425e+01
    endloop
  endfacet
  facet normal 0.000000e+00 0.000000e+00 1.000000e+00
    outer loop
      vertex   -7.576661e+01 -1.044175e+01 1.079425e+01
      vertex   -8.125866e+01 -1.489700e+01 1.079425e+01
      vertex   -7.495685e+01 -1.520130e+01 1.079425e+01
    endloop
  endfacet
  facet normal 0.000000e+00 0.000000e+00 1.000000e+00
    outer loop
      vertex   -7.495685e+01 -1.520130e+01 1.079425e+01
      vertex   -8.125866e+01 -1.489700e+01 1.079425e+01
      vertex   -8.020632e+01 -1.979487e+01 1.079425e+01
    endloop
  endfacet
  facet normal 0.000000e+00 0.000000e+00 1.000000e+00
    outer loop
      vertex   -7.495685e+01 -1.520130e+01 1.079425e+01
      vertex   -8.020632e+01 -1.979487e+01 1.079425e+01
      vertex   -7.384842e+01 -1.990027e+01 1.079425e+01
    endloop
  endfacet
  facet normal 0.000000e+00 0.000000e+00 1.000000e+00
    outer loop
      vertex   -7.384842e+01 -1.990027e+01 1.079425e+01
      vertex   -8.020632e+01 -1.979487e+01 1.079425e+01
      vertex   -7.885904e+01 -2.461996e+01 1.079425e+01
    endloop
  endfacet
  facet normal 0.000000e+00 0.000000e+00 1.000000e+00
    outer loop
      vertex   -7.384842e+01 -1.990027e+01 1.079425e+01
      vertex   -7.885904e+01 -2.461996e+01 1.079425e+01
      vertex   -7.244571e+01 -2.451995e+01 1.079425e+01
    endloop
  endfacet
  facet normal 0.000000e+00 0.000000e+00 1.000000e+00
    outer loop
      vertex   -7.244571e+01 -2.451995e+01 1.079425e+01
      vertex   -7.885904e+01 -2.461996e+01 1.079425e+01
      vertex   -7.722178e+01 -2.935451e+01 1.079425e+01
    endloop
  endfacet
  facet normal 0.000000e+00 0.000000e+00 1.000000e+00
    outer loop
      vertex   -7.244571e+01 -2.451995e+01 1.079425e+01
      vertex   -7.722178e+01 -2.935451e+01 1.079425e+01
      vertex   -7.075434e+01 -2.904193e+01 1.079425e+01
    endloop
  endfacet
  facet normal 0.000000e+00 0.000000e+00 1.000000e+00
    outer loop
      vertex   -7.075434e+01 -2.904193e+01 1.079425e+01
      vertex   -7.722178e+01 -2.935451e+01 1.079425e+01
      vertex   -7.530056e+01 -3.398111e+01 1.079425e+01
    endloop
  endfacet
  facet normal 0.000000e+00 0.000000e+00 1.000000e+00
    outer loop
      vertex   -7.075434e+01 -2.904193e+01 1.079425e+01
      vertex   -7.530056e+01 -3.398111e+01 1.079425e+01
      vertex   -6.878102e+01 -3.344818e+01 1.079425e+01
    endloop
  endfacet
  facet normal 0.000000e+00 0.000000e+00 1.000000e+00
    outer loop
      vertex   -6.878102e+01 -3.344818e+01 1.079425e+01
      vertex   -7.530056e+01 -3.398111e+01 1.079425e+01
      vertex   -7.310245e+01 -3.848277e+01 1.079425e+01
    endloop
  endfacet
  facet normal 0.000000e+00 0.000000e+00 1.000000e+00
    outer loop
      vertex   -6.878102e+01 -3.344818e+01 1.079425e+01
      vertex   -7.310245e+01 -3.848277e+01 1.079425e+01
      vertex   -6.653364e+01 -3.772114e+01 1.079425e+01
    endloop
  endfacet
  facet normal 0.000000e+00 0.000000e+00 1.000000e+00
    outer loop
      vertex   -6.653364e+01 -3.772114e+01 1.079425e+01
      vertex   -7.310245e+01 -3.848277e+01 1.079425e+01
      vertex   -7.063552e+01 -4.284291e+01 1.079425e+01
    endloop
  endfacet
  facet normal 0.000000e+00 0.000000e+00 1.000000e+00
    outer loop
      vertex   -6.653364e+01 -3.772114e+01 1.079425e+01
      vertex   -7.063552e+01 -4.284291e+01 1.079425e+01
      vertex   -6.402113e+01 -4.184380e+01 1.079425e+01
    endloop
  endfacet
  facet normal 0.000000e+00 0.000000e+00 1.000000e+00
    outer loop
      vertex   -6.402113e+01 -4.184380e+01 1.079425e+01
      vertex   -7.063552e+01 -4.284291e+01 1.079425e+01
      vertex   -6.790885e+01 -4.704551e+01 1.079425e+01
    endloop
  endfacet
  facet normal 0.000000e+00 0.000000e+00 1.000000e+00
    outer loop
      vertex   -6.402113e+01 -4.184380e+01 1.079425e+01
      vertex   -6.790885e+01 -4.704551e+01 1.079425e+01
      vertex   -6.125353e+01 -4.579973e+01 1.079425e+01
    endloop
  endfacet
  facet normal 0.000000e+00 0.000000e+00 1.000000e+00
    outer loop
      vertex   -6.125353e+01 -4.579973e+01 1.079425e+01
      vertex   -6.790885e+01 -4.704551e+01 1.079425e+01
      vertex   -6.493246e+01 -5.107511e+01 1.079425e+01
    endloop
  endfacet
  facet normal 0.000000e+00 0.000000e+00 1.000000e+00
    outer loop
      vertex   -6.125353e+01 -4.579973e+01 1.079425e+01
      vertex   -6.493246e+01 -5.107511e+01 1.079425e+01
      vertex   -5.824184e+01 -4.957316e+01 1.079425e+01
    endloop
  endfacet
  facet normal 0.000000e+00 0.000000e+00 1.000000e+00
    outer loop
      vertex   -5.824184e+01 -4.957316e+01 1.079425e+01
      vertex   -6.493246e+01 -5.107511e+01 1.079425e+01
      vertex   -6.171730e+01 -5.491690e+01 1.079425e+01
    endloop
  endfacet
  facet normal 0.000000e+00 0.000000e+00 1.000000e+00
    outer loop
      vertex   -5.824184e+01 -4.957316e+01 1.079425e+01
      vertex   -6.171730e+01 -5.491690e+01 1.079425e+01
      vertex   -5.499808e+01 -5.314905e+01 1.079425e+01
    endloop
  endfacet
  facet normal 0.000000e+00 0.000000e+00 1.000000e+00
    outer loop
      vertex   -5.499808e+01 -5.314905e+01 1.079425e+01
      vertex   -6.171730e+01 -5.491690e+01 1.079425e+01
      vertex   -5.827520e+01 -5.855675e+01 1.079425e+01
    endloop
  endfacet
  facet normal 0.000000e+00 0.000000e+00 1.000000e+00
    outer loop
      vertex   -5.499808e+01 -5.314905e+01 1.079425e+01
      vertex   -5.827520e+01 -5.855675e+01 1.079425e+01
      vertex   -5.153516e+01 -5.651316e+01 1.079425e+01
    endloop
  endfacet
  facet normal 0.000000e+00 0.000000e+00 1.000000e+00
    outer loop
      vertex   -5.153516e+01 -5.651316e+01 1.079425e+01
      vertex   -5.827520e+01 -5.855675e+01 1.079425e+01
      vertex   -5.461880e+01 -6.198127e+01 1.079425e+01
    endloop
  endfacet
  facet normal 0.000000e+00 0.000000e+00 1.000000e+00
    outer loop
      vertex   -5.153516e+01 -5.651316e+01 1.079425e+01
      vertex   -5.461880e+01 -6.198127e+01 1.079425e+01
      vertex   -4.786689e+01 -5.965208e+01 1.079425e+01
    endloop
  endfacet
  facet normal 0.000000e+00 0.000000e+00 1.000000e+00
    outer loop
      vertex   -4.786689e+01 -5.965208e+01 1.079425e+01
      vertex   -5.461880e+01 -6.198127e+01 1.079425e+01
      vertex   -5.076156e+01 -6.517787e+01 1.079425e+01
    endloop
  endfacet
  facet normal 0.000000e+00 0.000000e+00 1.000000e+00
    outer loop
      vertex   -4.786689e+01 -5.965208e+01 1.079425e+01
      vertex   -5.076156e+01 -6.517787e+01 1.079425e+01
      vertex   -4.400789e+01 -6.255330e+01 1.079425e+01
    endloop
  endfacet
  facet normal 0.000000e+00 0.000000e+00 1.000000e+00
    outer loop
      vertex   -4.400789e+01 -6.255330e+01 1.079425e+01
      vertex   -5.076156e+01 -6.517787e+01 1.079425e+01
      vertex   -4.671766e+01 -6.813480e+01 1.079425e+01
    endloop
  endfacet
  facet normal 0.000000e+00 0.000000e+00 1.000000e+00
    outer loop
      vertex   -4.400789e+01 -6.255330e+01 1.079425e+01
      vertex   -4.671766e+01 -6.813480e+01 1.079425e+01
      vertex   -3.997353e+01 -6.520527e+01 1.079425e+01
    endloop
  endfacet
  facet normal 0.000000e+00 0.000000e+00 1.000000e+00
    outer loop
      vertex   -3.997353e+01 -6.520527e+01 1.079425e+01
      vertex   -4.671766e+01 -6.813480e+01 1.079425e+01
      vertex   -4.250196e+01 -7.084119e+01 1.079425e+01
    endloop
  endfacet
  facet normal 0.000000e+00 0.000000e+00 1.000000e+00
    outer loop
      vertex   -3.997353e+01 -6.520527e+01 1.079425e+01
      vertex   -4.250196e+01 -7.084119e+01 1.079425e+01
      vertex   -3.577988e+01 -6.759741e+01 1.079425e+01
    endloop
  endfacet
  facet normal 0.000000e+00 0.000000e+00 1.000000e+00
    outer loop
      vertex   -3.577988e+01 -6.759741e+01 1.079425e+01
      vertex   -4.250196e+01 -7.084119e+01 1.079425e+01
      vertex   -3.812998e+01 -7.328708e+01 1.079425e+01
    endloop
  endfacet
  facet normal 0.000000e+00 0.000000e+00 1.000000e+00
    outer loop
      vertex   -3.577988e+01 -6.759741e+01 1.079425e+01
      vertex   -3.812998e+01 -7.328708e+01 1.079425e+01
      vertex   -3.144367e+01 -6.972019e+01 1.079425e+01
    endloop
  endfacet
  facet normal 0.000000e+00 0.000000e+00 1.000000e+00
    outer loop
      vertex   -3.144367e+01 -6.972019e+01 1.079425e+01
      vertex   -3.812998e+01 -7.328708e+01 1.079425e+01
      vertex   -3.361779e+01 -7.546347e+01 1.079425e+01
    endloop
  endfacet
  facet normal 0.000000e+00 0.000000e+00 1.000000e+00
    outer loop
      vertex   -3.144367e+01 -6.972019e+01 1.079425e+01
      vertex   -3.361779e+01 -7.546347e+01 1.079425e+01
      vertex   -2.898198e+01 -7.736237e+01 1.079425e+01
    endloop
  endfacet
  facet normal 0.000000e+00 0.000000e+00 1.000000e+00
    outer loop
      vertex   -3.144367e+01 -6.972019e+01 1.079425e+01
      vertex   -2.898198e+01 -7.736237e+01 1.079425e+01
      vertex   -2.698215e+01 -7.156517e+01 1.079425e+01
    endloop
  endfacet
  facet normal 0.000000e+00 0.000000e+00 1.000000e+00
    outer loop
      vertex   -2.698215e+01 -7.156517e+01 1.079425e+01
      vertex   -2.898198e+01 -7.736237e+01 1.079425e+01
      vertex   -2.423959e+01 -7.897679e+01 1.079425e+01
    endloop
  endfacet
  facet normal 0.000000e+00 0.000000e+00 1.000000e+00
    outer loop
      vertex   -2.698215e+01 -7.156517e+01 1.079425e+01
      vertex   -2.423959e+01 -7.897679e+01 1.079425e+01
      vertex   -2.241313e+01 -7.312497e+01 1.079425e+01
    endloop
  endfacet
  facet normal 0.000000e+00 0.000000e+00 1.000000e+00
    outer loop
      vertex   -2.241313e+01 -7.312497e+01 1.079425e+01
      vertex   -2.423959e+01 -7.897679e+01 1.079425e+01
      vertex   -1.940807e+01 -8.030080e+01 1.079425e+01
    endloop
  endfacet
  facet normal 0.000000e+00 0.000000e+00 1.000000e+00
    outer loop
      vertex   -2.241313e+01 -7.312497e+01 1.079425e+01
      vertex   -1.940807e+01 -8.030080e+01 1.079425e+01
      vertex   -1.775479e+01 -7.439339e+01 1.079425e+01
    endloop
  endfacet
  facet normal 0.000000e+00 0.000000e+00 1.000000e+00
    outer loop
      vertex   -1.775479e+01 -7.439339e+01 1.079425e+01
      vertex   -1.940807e+01 -8.030080e+01 1.079425e+01
      vertex   -1.450518e+01 -8.132952e+01 1.079425e+01
    endloop
  endfacet
  facet normal 0.000000e+00 0.000000e+00 1.000000e+00
    outer loop
      vertex   -1.775479e+01 -7.439339e+01 1.079425e+01
      vertex   -1.450518e+01 -8.132952e+01 1.079425e+01
      vertex   -1.302571e+01 -7.536538e+01 1.079425e+01
    endloop
  endfacet
  facet normal 0.000000e+00 0.000000e+00 1.000000e+00
    outer loop
      vertex   -1.302571e+01 -7.536538e+01 1.079425e+01
      vertex   -1.450518e+01 -8.132952e+01 1.079425e+01
      vertex   -9.548956e+00 -8.205918e+01 1.079425e+01
    endloop
  endfacet
  facet normal 0.000000e+00 0.000000e+00 1.000000e+00
    outer loop
      vertex   -1.302571e+01 -7.536538e+01 1.079425e+01
      vertex   -9.548956e+00 -8.205918e+01 1.079425e+01
      vertex   -8.244717e+00 -7.603706e+01 1.079425e+01
    endloop
  endfacet
  facet normal 0.000000e+00 0.000000e+00 1.000000e+00
    outer loop
      vertex   -8.244717e+00 -7.603706e+01 1.079425e+01
      vertex   -9.548956e+00 -8.205918e+01 1.079425e+01
      vertex   -4.557616e+00 -8.248709e+01 1.079425e+01
    endloop
  endfacet
  facet normal 0.000000e+00 0.000000e+00 1.000000e+00
    outer loop
      vertex   -8.244717e+00 -7.603706e+01 1.079425e+01
      vertex   -4.557616e+00 -8.248709e+01 1.079425e+01
      vertex   -3.430876e+00 -7.640575e+01 1.079425e+01
    endloop
  endfacet
  facet normal 0.000000e+00 0.000000e+00 1.000000e+00
    outer loop
      vertex   -3.430876e+00 -7.640575e+01 1.079425e+01
      vertex   -4.557616e+00 -8.248709e+01 1.079425e+01
      vertex   4.504834e-01 -8.261167e+01 1.079425e+01
    endloop
  endfacet
  facet normal 0.000000e+00 0.000000e+00 1.000000e+00
    outer loop
      vertex   -3.430876e+00 -7.640575e+01 1.079425e+01
      vertex   4.504834e-01 -8.261167e+01 1.079425e+01
      vertex   1.396636e+00 -7.646999e+01 1.079425e+01
    endloop
  endfacet
  facet normal 0.000000e+00 0.000000e+00 1.000000e+00
    outer loop
      vertex   1.396636e+00 -7.646999e+01 1.079425e+01
      vertex   4.504834e-01 -8.261167e+01 1.079425e+01
      vertex   5.456926e+00 -8.243248e+01 1.079425e+01
    endloop
  endfacet
  facet normal -0.000000e+00 0.000000e+00 1.000000e+00
    outer loop
      vertex   1.396636e+00 -7.646999e+01 1.079425e+01
      vertex   5.456926e+00 -8.243248e+01 1.079425e+01
      vertex   6.218584e+00 -7.622951e+01 1.079425e+01
    endloop
  endfacet
  facet normal 0.000000e+00 0.000000e+00 1.000000e+00
    outer loop
      vertex   6.218584e+00 -7.622951e+01 1.079425e+01
      vertex   5.456926e+00 -8.243248e+01 1.079425e+01
      vertex   1.044330e+01 -8.195016e+01 1.079425e+01
    endloop
  endfacet
  facet normal -0.000000e+00 0.000000e+00 1.000000e+00
    outer loop
      vertex   6.218584e+00 -7.622951e+01 1.079425e+01
      vertex   1.044330e+01 -8.195016e+01 1.079425e+01
      vertex   1.101575e+01 -7.568529e+01 1.079425e+01
    endloop
  endfacet
  facet normal 0.000000e+00 0.000000e+00 1.000000e+00
    outer loop
      vertex   1.101575e+01 -7.568529e+01 1.079425e+01
      vertex   1.044330e+01 -8.195016e+01 1.079425e+01
      vertex   1.539128e+01 -8.116649e+01 1.079425e+01
    endloop
  endfacet
  facet normal -0.000000e+00 0.000000e+00 1.000000e+00
    outer loop
      vertex   1.101575e+01 -7.568529e+01 1.079425e+01
      vertex   1.539128e+01 -8.116649e+01 1.079425e+01
      vertex   1.576902e+01 -7.483948e+01 1.079425e+01
    endloop
  endfacet
  facet normal 0.000000e+00 0.000000e+00 1.000000e+00
    outer loop
      vertex   1.576902e+01 -7.483948e+01 1.079425e+01
      vertex   1.539128e+01 -8.116649e+01 1.079425e+01
      vertex   2.028265e+01 -8.008436e+01 1.079425e+01
    endloop
  endfacet
  facet normal -0.000000e+00 0.000000e+00 1.000000e+00
    outer loop
      vertex   1.576902e+01 -7.483948e+01 1.079425e+01
      vertex   2.028265e+01 -8.008436e+01 1.079425e+01
      vertex   2.045946e+01 -7.369545e+01 1.079425e+01
    endloop
  endfacet
  facet normal 0.000000e+00 0.000000e+00 1.000000e+00
    outer loop
      vertex   2.045946e+01 -7.369545e+01 1.079425e+01
      vertex   2.028265e+01 -8.008436e+01 1.079425e+01
      vertex   2.509945e+01 -7.870774e+01 1.079425e+01
    endloop
  endfacet
  facet normal -0.000000e+00 0.000000e+00 1.000000e+00
    outer loop
      vertex   2.045946e+01 -7.369545e+01 1.079425e+01
      vertex   2.509945e+01 -7.870774e+01 1.079425e+01
      vertex   2.506838e+01 -7.225778e+01 1.079425e+01
    endloop
  endfacet
  facet normal 0.000000e+00 0.000000e+00 1.000000e+00
    outer loop
      vertex   2.506838e+01 -7.225778e+01 1.079425e+01
      vertex   2.509945e+01 -7.870774e+01 1.079425e+01
      vertex   2.982395e+01 -7.704170e+01 1.079425e+01
    endloop
  endfacet
  facet normal -0.000000e+00 0.000000e+00 1.000000e+00
    outer loop
      vertex   2.506838e+01 -7.225778e+01 1.079425e+01
      vertex   2.982395e+01 -7.704170e+01 1.079425e+01
      vertex   2.957740e+01 -7.053217e+01 1.079425e+01
    endloop
  endfacet
  facet normal 0.000000e+00 0.000000e+00 1.000000e+00
    outer loop
      vertex   2.957740e+01 -7.053217e+01 1.079425e+01
      vertex   2.982395e+01 -7.704170e+01 1.079425e+01
      vertex   3.443877e+01 -7.509236e+01 1.079425e+01
    endloop
  endfacet
  facet normal -0.000000e+00 0.000000e+00 1.000000e+00
    outer loop
      vertex   2.957740e+01 -7.053217e+01 1.079425e+01
      vertex   3.443877e+01 -7.509236e+01 1.079425e+01
      vertex   3.396857e+01 -6.852551e+01 1.079425e+01
    endloop
  endfacet
  facet normal 0.000000e+00 0.000000e+00 1.000000e+00
    outer loop
      vertex   3.396857e+01 -6.852551e+01 1.079425e+01
      vertex   3.443877e+01 -7.509236e+01 1.079425e+01
      vertex   3.892696e+01 -7.286688e+01 1.079425e+01
    endloop
  endfacet
  facet normal -0.000000e+00 0.000000e+00 1.000000e+00
    outer loop
      vertex   3.396857e+01 -6.852551e+01 1.079425e+01
      vertex   3.892696e+01 -7.286688e+01 1.079425e+01
      vertex   3.822438e+01 -6.624580e+01 1.079425e+01
    endloop
  endfacet
  facet normal 0.000000e+00 0.000000e+00 1.000000e+00
    outer loop
      vertex   3.822438e+01 -6.624580e+01 1.079425e+01
      vertex   3.892696e+01 -7.286688e+01 1.079425e+01
      vertex   4.327201e+01 -7.037346e+01 1.079425e+01
    endloop
  endfacet
  facet normal -0.000000e+00 0.000000e+00 1.000000e+00
    outer loop
      vertex   3.822438e+01 -6.624580e+01 1.079425e+01
      vertex   4.327201e+01 -7.037346e+01 1.079425e+01
      vertex   4.232787e+01 -6.370212e+01 1.079425e+01
    endloop
  endfacet
  facet normal 0.000000e+00 0.000000e+00 1.000000e+00
    outer loop
      vertex   4.232787e+01 -6.370212e+01 1.079425e+01
      vertex   4.327201e+01 -7.037346e+01 1.079425e+01
      vertex   4.745794e+01 -6.762126e+01 1.079425e+01
    endloop
  endfacet
  facet normal -0.000000e+00 0.000000e+00 1.000000e+00
    outer loop
      vertex   4.232787e+01 -6.370212e+01 1.079425e+01
      vertex   4.745794e+01 -6.762126e+01 1.079425e+01
      vertex   4.626271e+01 -6.090461e+01 1.079425e+01
    endloop
  endfacet
  facet normal 0.000000e+00 0.000000e+00 1.000000e+00
    outer loop
      vertex   4.626271e+01 -6.090461e+01 1.079425e+01
      vertex   4.745794e+01 -6.762126e+01 1.079425e+01
      vertex   5.146935e+01 -6.462041e+01 1.079425e+01
    endloop
  endfacet
  facet normal -0.000000e+00 0.000000e+00 1.000000e+00
    outer loop
      vertex   4.626271e+01 -6.090461e+01 1.079425e+01
      vertex   5.146935e+01 -6.462041e+01 1.079425e+01
      vertex   5.001320e+01 -5.786441e+01 1.079425e+01
    endloop
  endfacet
  facet normal 0.000000e+00 0.000000e+00 1.000000e+00
    outer loop
      vertex   5.001320e+01 -5.786441e+01 1.079425e+01
      vertex   5.146935e+01 -6.462041e+01 1.079425e+01
      vertex   5.529150e+01 -6.138193e+01 1.079425e+01
    endloop
  endfacet
  facet normal -0.000000e+00 0.000000e+00 1.000000e+00
    outer loop
      vertex   5.001320e+01 -5.786441e+01 1.079425e+01
      vertex   5.529150e+01 -6.138193e+01 1.079425e+01
      vertex   5.356440e+01 -5.459363e+01 1.079425e+01
    endloop
  endfacet
  facet normal 0.000000e+00 0.000000e+00 1.000000e+00
    outer loop
      vertex   5.356440e+01 -5.459363e+01 1.079425e+01
      vertex   5.529150e+01 -6.138193e+01 1.079425e+01
      vertex   5.891033e+01 -5.791773e+01 1.079425e+01
    endloop
  endfacet
  facet normal -0.000000e+00 0.000000e+00 1.000000e+00
    outer loop
      vertex   5.356440e+01 -5.459363e+01 1.079425e+01
      vertex   5.891033e+01 -5.791773e+01 1.079425e+01
      vertex   5.690216e+01 -5.110532e+01 1.079425e+01
    endloop
  endfacet
  facet normal 0.000000e+00 0.000000e+00 1.000000e+00
    outer loop
      vertex   5.690216e+01 -5.110532e+01 1.079425e+01
      vertex   5.891033e+01 -5.791773e+01 1.079425e+01
      vertex   6.231254e+01 -5.424056e+01 1.079425e+01
    endloop
  endfacet
  facet normal -0.000000e+00 0.000000e+00 1.000000e+00
    outer loop
      vertex   5.690216e+01 -5.110532e+01 1.079425e+01
      vertex   6.231254e+01 -5.424056e+01 1.079425e+01
      vertex   6.001319e+01 -4.741336e+01 1.079425e+01
    endloop
  endfacet
  facet normal 0.000000e+00 0.000000e+00 1.000000e+00
    outer loop
      vertex   6.001319e+01 -4.741336e+01 1.079425e+01
      vertex   6.231254e+01 -5.424056e+01 1.079425e+01
      vertex   6.548561e+01 -5.036394e+01 1.079425e+01
    endloop
  endfacet
  facet normal -0.000000e+00 0.000000e+00 1.000000e+00
    outer loop
      vertex   6.001319e+01 -4.741336e+01 1.079425e+01
      vertex   6.548561e+01 -5.036394e+01 1.079425e+01
      vertex   6.288508e+01 -4.353248e+01 1.079425e+01
    endloop
  endfacet
  facet normal 0.000000e+00 0.000000e+00 1.000000e+00
    outer loop
      vertex   6.288508e+01 -4.353248e+01 1.079425e+01
      vertex   6.548561e+01 -5.036394e+01 1.079425e+01
      vertex   6.841787e+01 -4.630211e+01 1.079425e+01
    endloop
  endfacet
  facet normal -0.000000e+00 0.000000e+00 1.000000e+00
    outer loop
      vertex   6.288508e+01 -4.353248e+01 1.079425e+01
      vertex   6.841787e+01 -4.630211e+01 1.079425e+01
      vertex   6.550639e+01 -3.947813e+01 1.079425e+01
    endloop
  endfacet
  facet normal 0.000000e+00 0.000000e+00 1.000000e+00
    outer loop
      vertex   6.550639e+01 -3.947813e+01 1.079425e+01
      vertex   6.841787e+01 -4.630211e+01 1.079425e+01
      vertex   7.109855e+01 -4.207003e+01 1.079425e+01
    endloop
  endfacet
  facet normal -0.000000e+00 0.000000e+00 1.000000e+00
    outer loop
      vertex   6.550639e+01 -3.947813e+01 1.079425e+01
      vertex   7.109855e+01 -4.207003e+01 1.079425e+01
      vertex   6.786667e+01 -3.526648e+01 1.079425e+01
    endloop
  endfacet
  facet normal 0.000000e+00 0.000000e+00 1.000000e+00
    outer loop
      vertex   6.786667e+01 -3.526648e+01 1.079425e+01
      vertex   7.109855e+01 -4.207003e+01 1.079425e+01
      vertex   7.351778e+01 -3.768324e+01 1.079425e+01
    endloop
  endfacet
  facet normal -0.000000e+00 0.000000e+00 1.000000e+00
    outer loop
      vertex   6.786667e+01 -3.526648e+01 1.079425e+01
      vertex   7.351778e+01 -3.768324e+01 1.079425e+01
      vertex   6.995653e+01 -3.091429e+01 1.079425e+01
    endloop
  endfacet
  facet normal 0.000000e+00 0.000000e+00 1.000000e+00
    outer loop
      vertex   6.995653e+01 -3.091429e+01 1.079425e+01
      vertex   7.351778e+01 -3.768324e+01 1.079425e+01
      vertex   7.566667e+01 -3.315789e+01 1.079425e+01
    endloop
  endfacet
  facet normal -0.000000e+00 0.000000e+00 1.000000e+00
    outer loop
      vertex   6.995653e+01 -3.091429e+01 1.079425e+01
      vertex   7.566667e+01 -3.315789e+01 1.079425e+01
      vertex   7.176763e+01 -2.643893e+01 1.079425e+01
    endloop
  endfacet
  facet normal 0.000000e+00 0.000000e+00 1.000000e+00
    outer loop
      vertex   7.176763e+01 -2.643893e+01 1.079425e+01
      vertex   7.566667e+01 -3.315789e+01 1.079425e+01
      vertex   7.753732e+01 -2.851060e+01 1.079425e+01
    endloop
  endfacet
  facet normal -0.000000e+00 0.000000e+00 1.000000e+00
    outer loop
      vertex   7.176763e+01 -2.643893e+01 1.079425e+01
      vertex   7.753732e+01 -2.851060e+01 1.079425e+01
      vertex   7.329276e+01 -2.185821e+01 1.079425e+01
    endloop
  endfacet
  facet normal 0.000000e+00 0.000000e+00 1.000000e+00
    outer loop
      vertex   7.329276e+01 -2.185821e+01 1.079425e+01
      vertex   7.753732e+01 -2.851060e+01 1.079425e+01
      vertex   7.912285e+01 -2.375848e+01 1.079425e+01
    endloop
  endfacet
  facet normal -0.000000e+00 0.000000e+00 1.000000e+00
    outer loop
      vertex   7.329276e+01 -2.185821e+01 1.079425e+01
      vertex   7.912285e+01 -2.375848e+01 1.079425e+01
      vertex   7.452584e+01 -1.719039e+01 1.079425e+01
    endloop
  endfacet
  facet normal 0.000000e+00 0.000000e+00 1.000000e+00
    outer loop
      vertex   7.452584e+01 -1.719039e+01 1.079425e+01
      vertex   7.912285e+01 -2.375848e+01 1.079425e+01
      vertex   8.041743e+01 -1.891899e+01 1.079425e+01
    endloop
  endfacet
  facet normal -0.000000e+00 0.000000e+00 1.000000e+00
    outer loop
      vertex   7.452584e+01 -1.719039e+01 1.079425e+01
      vertex   8.041743e+01 -1.891899e+01 1.079425e+01
      vertex   8.141629e+01 -1.400993e+01 1.079425e+01
    endloop
  endfacet
  facet normal 0.000000e+00 0.000000e+00 1.000000e+00
    outer loop
      vertex   7.452584e+01 -1.719039e+01 1.079425e+01
      vertex   8.141629e+01 -1.400993e+01 1.079425e+01
      vertex   7.546195e+01 -1.245407e+01 1.079425e+01
    endloop
  endfacet
  facet normal -0.000000e+00 0.000000e+00 1.000000e+00
    outer loop
      vertex   7.546195e+01 -1.245407e+01 1.079425e+01
      vertex   8.141629e+01 -1.400993e+01 1.079425e+01
      vertex   8.211577e+01 -9.049356e+00 1.079425e+01
    endloop
  endfacet
  facet normal 0.000000e+00 0.000000e+00 1.000000e+00
    outer loop
      vertex   7.546195e+01 -1.245407e+01 1.079425e+01
      vertex   8.211577e+01 -9.049356e+00 1.079425e+01
      vertex   7.609737e+01 -7.668130e+00 1.079425e+01
    endloop
  endfacet
  facet normal -0.000000e+00 0.000000e+00 1.000000e+00
    outer loop
      vertex   7.609737e+01 -7.668130e+00 1.079425e+01
      vertex   8.211577e+01 -9.049356e+00 1.079425e+01
      vertex   8.251330e+01 -4.055504e+00 1.079425e+01
    endloop
  endfacet
  facet normal 0.000000e+00 0.000000e+00 1.000000e+00
    outer loop
      vertex   7.609737e+01 -7.668130e+00 1.079425e+01
      vertex   8.251330e+01 -4.055504e+00 1.079425e+01
      vertex   7.642956e+01 -2.851632e+00 1.079425e+01
    endloop
  endfacet
  facet normal -0.000000e+00 0.000000e+00 1.000000e+00
    outer loop
      vertex   7.642956e+01 -2.851632e+00 1.079425e+01
      vertex   8.251330e+01 -4.055504e+00 1.079425e+01
      vertex   8.260740e+01 9.532609e-01 1.079425e+01
    endloop
  endfacet
  facet normal 0.000000e+00 0.000000e+00 1.000000e+00
    outer loop
      vertex   7.642956e+01 -2.851632e+00 1.079425e+01
      vertex   8.260740e+01 9.532609e-01 1.079425e+01
      vertex   7.645720e+01 1.976228e+00 1.079425e+01
    endloop
  endfacet
  facet normal -0.000000e+00 0.000000e+00 1.000000e+00
    outer loop
      vertex   7.645720e+01 1.976228e+00 1.079425e+01
      vertex   8.260740e+01 9.532609e-01 1.079425e+01
      vertex   8.239774e+01 5.958520e+00 1.079425e+01
    endloop
  endfacet
  facet normal 0.000000e+00 -0.000000e+00 1.000000e+00
    outer loop
      vertex   7.645720e+01 1.976228e+00 1.079425e+01
      vertex   8.239774e+01 5.958520e+00 1.079425e+01
      vertex   7.618019e+01 6.796214e+00 1.079425e+01
    endloop
  endfacet
  facet normal -0.000000e+00 0.000000e+00 1.000000e+00
    outer loop
      vertex   7.618019e+01 6.796214e+00 1.079425e+01
      vertex   8.239774e+01 5.958520e+00 1.079425e+01
      vertex   8.188508e+01 1.094187e+01 1.079425e+01
    endloop
  endfacet
  facet normal 0.000000e+00 -0.000000e+00 1.000000e+00
    outer loop
      vertex   7.618019e+01 6.796214e+00 1.079425e+01
      vertex   8.188508e+01 1.094187e+01 1.079425e+01
      vertex   7.559962e+01 1.158912e+01 1.079425e+01
    endloop
  endfacet
  facet normal -0.000000e+00 0.000000e+00 1.000000e+00
    outer loop
      vertex   7.559962e+01 1.158912e+01 1.079425e+01
      vertex   8.188508e+01 1.094187e+01 1.079425e+01
      vertex   8.107132e+01 1.588498e+01 1.079425e+01
    endloop
  endfacet
  facet normal 0.000000e+00 -0.000000e+00 1.000000e+00
    outer loop
      vertex   7.559962e+01 1.158912e+01 1.079425e+01
      vertex   8.107132e+01 1.588498e+01 1.079425e+01
      vertex   7.471780e+01 1.633584e+01 1.079425e+01
    endloop
  endfacet
  facet normal -0.000000e+00 0.000000e+00 1.000000e+00
    outer loop
      vertex   7.471780e+01 1.633584e+01 1.079425e+01
      vertex   8.107132e+01 1.588498e+01 1.079425e+01
      vertex   7.995944e+01 2.076968e+01 1.079425e+01
    endloop
  endfacet
  facet normal 0.000000e+00 -0.000000e+00 1.000000e+00
    outer loop
      vertex   7.471780e+01 1.633584e+01 1.079425e+01
      vertex   7.995944e+01 2.076968e+01 1.079425e+01
      vertex   7.353826e+01 2.101748e+01 1.079425e+01
    endloop
  endfacet
  facet normal -0.000000e+00 0.000000e+00 1.000000e+00
    outer loop
      vertex   7.353826e+01 2.101748e+01 1.079425e+01
      vertex   7.995944e+01 2.076968e+01 1.079425e+01
      vertex   7.855353e+01 2.557801e+01 1.079425e+01
    endloop
  endfacet
  facet normal 0.000000e+00 -0.000000e+00 1.000000e+00
    outer loop
      vertex   7.353826e+01 2.101748e+01 1.079425e+01
      vertex   7.855353e+01 2.557801e+01 1.079425e+01
      vertex   7.206568e+01 2.561536e+01 1.079425e+01
    endloop
  endfacet
  facet normal -0.000000e+00 -0.000000e+00 1.000000e+00
    outer loop
      vertex   7.206568e+01 2.561536e+01 1.079425e+01
      vertex   7.855353e+01 2.557801e+01 1.079425e+01
      vertex   5.983758e+01 6.317033e+01 1.079425e+01
    endloop
  endfacet
  facet normal 0.000000e+00 0.000000e+00 1.000000e+00
    outer loop
      vertex   7.206568e+01 2.561536e+01 1.079425e+01
      vertex   5.983758e+01 6.317033e+01 1.079425e+01
      vertex   5.983732e+01 6.317033e+01 1.079425e+01
    endloop
  endfacet
  facet normal 0.000000e+00 0.000000e+00 1.000000e+00
    outer loop
      vertex   7.855353e+01 2.557801e+01 1.079425e+01
      vertex   5.500000e+01 9.791407e+01 1.079425e+01
      vertex   5.983758e+01 6.317033e+01 1.079425e+01
    endloop
  endfacet
  facet normal 0.000000e+00 0.000000e+00 1.000000e+00
    outer loop
      vertex   5.983758e+01 6.317033e+01 1.079425e+01
      vertex   5.500000e+01 9.791407e+01 1.079425e+01
      vertex   5.008447e+01 9.312344e+01 1.079425e+01
    endloop
  endfacet
  facet normal 0.000000e+00 -0.000000e+00 1.000000e+00
    outer loop
      vertex   5.008447e+01 9.312344e+01 1.079425e+01
      vertex   5.500000e+01 9.791407e+01 1.079425e+01
      vertex   5.005549e+01 9.321164e+01 1.079425e+01
    endloop
  endfacet
  facet normal 0.000000e+00 0.000000e+00 1.000000e+00
    outer loop
      vertex   5.008447e+01 9.312344e+01 1.079425e+01
      vertex   5.005549e+01 9.321164e+01 1.079425e+01
      vertex   5.008421e+01 9.312344e+01 1.079425e+01
    endloop
  endfacet
  facet normal -0.000000e+00 0.000000e+00 1.000000e+00
    outer loop
      vertex   -5.584481e+01 9.791407e+01 1.079425e+01
      vertex   2.787317e+01 9.355670e+01 1.079425e+01
      vertex   5.500000e+01 9.791407e+01 1.079425e+01
    endloop
  endfacet
  facet normal 0.000000e+00 0.000000e+00 1.000000e+00
    outer loop
      vertex   5.500000e+01 9.791407e+01 1.079425e+01
      vertex   2.787317e+01 9.355670e+01 1.079425e+01
      vertex   2.900000e+01 9.367336e+01 1.079425e+01
    endloop
  endfacet
  facet normal 0.000000e+00 0.000000e+00 1.000000e+00
    outer loop
      vertex   5.500000e+01 9.791407e+01 1.079425e+01
      vertex   2.900000e+01 9.367336e+01 1.079425e+01
      vertex   3.012682e+01 9.355670e+01 1.079425e+01
    endloop
  endfacet
  facet normal 0.000000e+00 -0.000000e+00 1.000000e+00
    outer loop
      vertex   -4.279416e+01 9.321164e+01 1.079425e+01
      vertex   2.679415e+01 9.321164e+01 1.079425e+01
      vertex   -4.387318e+01 9.355670e+01 1.079425e+01
    endloop
  endfacet
  facet normal -0.000000e+00 0.000000e+00 1.000000e+00
    outer loop
      vertex   -4.387318e+01 9.355670e+01 1.079425e+01
      vertex   2.679415e+01 9.321164e+01 1.079425e+01
      vertex   2.787317e+01 9.355670e+01 1.079425e+01
    endloop
  endfacet
  facet normal 0.000000e+00 -0.000000e+00 1.000000e+00
    outer loop
      vertex   -4.387318e+01 9.355670e+01 1.079425e+01
      vertex   2.787317e+01 9.355670e+01 1.079425e+01
      vertex   -5.584481e+01 9.791407e+01 1.079425e+01
    endloop
  endfacet
  facet normal -0.000000e+00 0.000000e+00 1.000000e+00
    outer loop
      vertex   3.012682e+01 9.355670e+01 1.079425e+01
      vertex   3.120584e+01 9.321164e+01 1.079425e+01
      vertex   5.500000e+01 9.791407e+01 1.079425e+01
    endloop
  endfacet
  facet normal 0.000000e+00 0.000000e+00 1.000000e+00
    outer loop
      vertex   5.500000e+01 9.791407e+01 1.079425e+01
      vertex   3.120584e+01 9.321164e+01 1.079425e+01
      vertex   5.005549e+01 9.321164e+01 1.079425e+01
    endloop
  endfacet
  facet normal 0.000000e+00 -0.000000e+00 1.000000e+00
    outer loop
      vertex   -7.295298e+01 2.296676e+01 1.079425e+01
      vertex   -7.135859e+01 2.752383e+01 1.079425e+01
      vertex   -8.018119e+01 1.989643e+01 1.079425e+01
    endloop
  endfacet
  facet normal 0.000000e+00 -0.000000e+00 1.000000e+00
    outer loop
      vertex   -4.720585e+01 9.321164e+01 1.079425e+01
      vertex   -4.612683e+01 9.355670e+01 1.079425e+01
      vertex   -5.584481e+01 9.791407e+01 1.079425e+01
    endloop
  endfacet
  facet normal 0.000000e+00 0.000000e+00 1.000000e+00
    outer loop
      vertex   -5.584481e+01 9.791407e+01 1.079425e+01
      vertex   -4.612683e+01 9.355670e+01 1.079425e+01
      vertex   -4.500000e+01 9.367336e+01 1.079425e+01
    endloop
  endfacet
  facet normal 0.000000e+00 0.000000e+00 1.000000e+00
    outer loop
      vertex   -5.584481e+01 9.791407e+01 1.079425e+01
      vertex   -4.500000e+01 9.367336e+01 1.079425e+01
      vertex   -4.387318e+01 9.355670e+01 1.079425e+01
    endloop
  endfacet
  facet normal -0.000000e+00 1.000000e+00 0.000000e+00
    outer loop
      vertex   5.983732e+01 6.317033e+01 1.079425e+01
      vertex   5.983758e+01 6.317033e+01 1.079425e+01
      vertex   5.983732e+01 6.317033e+01 -3.205754e+00
    endloop
  endfacet
  facet normal -0.000000e+00 1.000000e+00 0.000000e+00
    outer loop
      vertex   5.983732e+01 6.317033e+01 -3.205754e+00
      vertex   5.983758e+01 6.317033e+01 1.079425e+01
      vertex   5.983758e+01 6.317033e+01 -1.520575e+01
    endloop
  endfacet
  facet normal 0.000000e+00 1.000000e+00 0.000000e+00
    outer loop
      vertex   5.983732e+01 6.317033e+01 -3.205754e+00
      vertex   5.983758e+01 6.317033e+01 -1.520575e+01
      vertex   3.557568e+01 6.317033e+01 -1.520575e+01
    endloop
  endfacet
  facet normal 0.000000e+00 1.000000e+00 0.000000e+00
    outer loop
      vertex   3.557568e+01 6.317033e+01 -1.520575e+01
      vertex   3.557568e+01 6.317033e+01 -3.205754e+00
      vertex   5.983732e+01 6.317033e+01 -3.205754e+00
    endloop
  endfacet
  facet normal -9.508627e-01 -3.096128e-01 -0.000000e+00
    outer loop
      vertex   5.983758e+01 6.317033e+01 1.079425e+01
      vertex   5.008447e+01 9.312344e+01 1.079425e+01
      vertex   5.983758e+01 6.317033e+01 -1.520575e+01
    endloop
  endfacet
  facet normal -9.508627e-01 -3.096128e-01 0.000000e+00
    outer loop
      vertex   5.983758e+01 6.317033e+01 -1.520575e+01
      vertex   5.008447e+01 9.312344e+01 1.079425e+01
      vertex   5.008447e+01 9.312344e+01 -1.520575e+01
    endloop
  endfacet
  facet normal 0.000000e+00 -1.000000e+00 0.000000e+00
    outer loop
      vertex   5.008421e+01 9.312344e+01 1.079425e+01
      vertex   5.008421e+01 9.312344e+01 -3.205754e+00
      vertex   5.008447e+01 9.312344e+01 1.079425e+01
    endloop
  endfacet
  facet normal 0.000000e+00 -1.000000e+00 -0.000000e+00
    outer loop
      vertex   5.008447e+01 9.312344e+01 1.079425e+01
      vertex   5.008421e+01 9.312344e+01 -3.205754e+00
      vertex   5.008447e+01 9.312344e+01 -1.520575e+01
    endloop
  endfacet
  facet normal 0.000000e+00 -1.000000e+00 0.000000e+00
    outer loop
      vertex   5.008447e+01 9.312344e+01 -1.520575e+01
      vertex   5.008421e+01 9.312344e+01 -3.205754e+00
      vertex   3.557568e+01 9.312344e+01 -1.520575e+01
    endloop
  endfacet
  facet normal 0.000000e+00 -1.000000e+00 0.000000e+00
    outer loop
      vertex   3.557568e+01 9.312344e+01 -1.520575e+01
      vertex   5.008421e+01 9.312344e+01 -3.205754e+00
      vertex   3.557568e+01 9.312344e+01 -3.205754e+00
    endloop
  endfacet
  facet normal -9.508627e-01 -3.096128e-01 -0.000000e+00
    outer loop
      vertex   5.008421e+01 9.312344e+01 1.079425e+01
      vertex   5.005549e+01 9.321164e+01 1.079425e+01
      vertex   5.008421e+01 9.312344e+01 -3.205754e+00
    endloop
  endfacet
  facet normal -9.508627e-01 -3.096128e-01 -4.825403e-16
    outer loop
      vertex   5.008421e+01 9.312344e+01 -3.205754e+00
      vertex   5.005549e+01 9.321164e+01 1.079425e+01
      vertex   5.005549e+01 9.321164e+01 -3.205754e+00
    endloop
  endfacet
  facet normal -0.000000e+00 -1.000000e+00 -0.000000e+00
    outer loop
      vertex   5.005549e+01 9.321164e+01 1.079425e+01
      vertex   3.120584e+01 9.321164e+01 1.079425e+01
      vertex   5.005549e+01 9.321164e+01 -3.205754e+00
    endloop
  endfacet
  facet normal 0.000000e+00 -1.000000e+00 0.000000e+00
    outer loop
      vertex   5.005549e+01 9.321164e+01 -3.205754e+00
      vertex   3.120584e+01 9.321164e+01 1.079425e+01
      vertex   3.120584e+01 9.321164e+01 -3.205754e+00
    endloop
  endfacet
  facet normal -3.137449e-01 -9.495073e-01 0.000000e+00
    outer loop
      vertex   3.120584e+01 9.321164e+01 -3.205754e+00
      vertex   3.120584e+01 9.321164e+01 1.079425e+01
      vertex   3.023026e+01 9.353400e+01 -7.205754e+00
    endloop
  endfacet
  facet normal -3.045895e-01 -9.524836e-01 -5.495147e-04
    outer loop
      vertex   3.023026e+01 9.353400e+01 -7.205754e+00
      vertex   3.120584e+01 9.321164e+01 1.079425e+01
      vertex   3.012682e+01 9.355670e+01 1.079425e+01
    endloop
  endfacet
  facet normal -1.130470e-01 -9.935895e-01 6.029920e-04
    outer loop
      vertex   3.023026e+01 9.353400e+01 -7.205754e+00
      vertex   3.012682e+01 9.355670e+01 1.079425e+01
      vertex   2.900542e+01 9.367336e+01 -7.205754e+00
    endloop
  endfacet
  facet normal -1.029862e-01 -9.946828e-01 -3.088348e-05
    outer loop
      vertex   2.900542e+01 9.367336e+01 -7.205754e+00
      vertex   3.012682e+01 9.355670e+01 1.079425e+01
      vertex   2.900000e+01 9.367336e+01 1.079425e+01
    endloop
  endfacet
  facet normal 1.029862e-01 -9.946828e-01 3.117903e-05
    outer loop
      vertex   2.900542e+01 9.367336e+01 -7.205754e+00
      vertex   2.900000e+01 9.367336e+01 1.079425e+01
      vertex   2.787317e+01 9.355670e+01 1.079425e+01
    endloop
  endfacet
  facet normal 1.110872e-01 -9.938105e-01 5.464072e-04
    outer loop
      vertex   2.900542e+01 9.367336e+01 -7.205754e+00
      vertex   2.787317e+01 9.355670e+01 1.079425e+01
      vertex   2.778031e+01 9.353642e+01 -7.205754e+00
    endloop
  endfacet
  facet normal 3.045895e-01 -9.524836e-01 -4.984122e-04
    outer loop
      vertex   2.778031e+01 9.353642e+01 -7.205754e+00
      vertex   2.787317e+01 9.355670e+01 1.079425e+01
      vertex   2.679415e+01 9.321164e+01 1.079425e+01
    endloop
  endfacet
  facet normal 3.128084e-01 -9.498163e-01 0.000000e+00
    outer loop
      vertex   2.778031e+01 9.353642e+01 -7.205754e+00
      vertex   2.679415e+01 9.321164e+01 1.079425e+01
      vertex   2.679415e+01 9.321164e+01 -3.205754e+00
    endloop
  endfacet
  facet normal 3.296374e-01 -9.440963e-01 4.613455e-03
    outer loop
      vertex   2.778031e+01 9.353642e+01 -7.205754e+00
      vertex   2.679415e+01 9.321164e+01 -3.205754e+00
      vertex   2.661648e+01 9.313006e+01 -7.205754e+00
    endloop
  endfacet
  facet normal 5.042627e-01 -8.635370e-01 -4.786406e-03
    outer loop
      vertex   2.661648e+01 9.313006e+01 -7.205754e+00
      vertex   2.679415e+01 9.321164e+01 -3.205754e+00
      vertex   2.569608e+01 9.257042e+01 -3.205754e+00
    endloop
  endfacet
  facet normal 5.316308e-01 -8.469675e-01 3.829213e-03
    outer loop
      vertex   2.661648e+01 9.313006e+01 -7.205754e+00
      vertex   2.569608e+01 9.257042e+01 -3.205754e+00
      vertex   2.557238e+01 9.247469e+01 -7.205754e+00
    endloop
  endfacet
  facet normal 6.890978e-01 -7.246575e-01 -3.967529e-03
    outer loop
      vertex   2.557238e+01 9.247469e+01 -7.205754e+00
      vertex   2.569608e+01 9.257042e+01 -3.205754e+00
      vertex   2.477460e+01 9.169416e+01 -3.205754e+00
    endloop
  endfacet
  facet normal 7.069180e-01 -7.072892e-01 2.975701e-03
    outer loop
      vertex   2.557238e+01 9.247469e+01 -7.205754e+00
      vertex   2.477460e+01 9.169416e+01 -3.205754e+00
      vertex   2.470047e+01 9.160324e+01 -7.205754e+00
    endloop
  endfacet
  facet normal 8.370997e-01 -5.470417e-01 -3.079402e-03
    outer loop
      vertex   2.470047e+01 9.160324e+01 -7.205754e+00
      vertex   2.477460e+01 9.169416e+01 -3.205754e+00
      vertex   2.407899e+01 9.062971e+01 -3.205754e+00
    endloop
  endfacet
  facet normal 8.466928e-01 -5.320781e-01 2.052962e-03
    outer loop
      vertex   2.470047e+01 9.160324e+01 -7.205754e+00
      vertex   2.407899e+01 9.062971e+01 -3.205754e+00
      vertex   2.404456e+01 9.055949e+01 -7.205754e+00
    endloop
  endfacet
  facet normal 9.403566e-01 -3.401837e-01 -2.122072e-03
    outer loop
      vertex   2.404456e+01 9.055949e+01 -7.205754e+00
      vertex   2.407899e+01 9.062971e+01 -3.205754e+00
      vertex   2.364641e+01 8.943396e+01 -3.205754e+00
    endloop
  endfacet
  facet normal 9.439327e-01 -3.301363e-01 1.061044e-03
    outer loop
      vertex   2.404456e+01 9.055949e+01 -7.205754e+00
      vertex   2.364641e+01 8.943396e+01 -3.205754e+00
      vertex   2.363758e+01 8.939587e+01 -7.205754e+00
    endloop
  endfacet
  facet normal 9.933486e-01 -1.151409e-01 -1.095586e-03
    outer loop
      vertex   2.363758e+01 8.939587e+01 -7.205754e+00
      vertex   2.364641e+01 8.943396e+01 -3.205754e+00
      vertex   2.350000e+01 8.817083e+01 -3.205754e+00
    endloop
  endfacet
  facet normal 9.937522e-01 -1.116089e-01 0.000000e+00
    outer loop
      vertex   2.363758e+01 8.939587e+01 -7.205754e+00
      vertex   2.350000e+01 8.817083e+01 -3.205754e+00
      vertex   2.350000e+01 8.817083e+01 -7.205754e+00
    endloop
  endfacet
  facet normal -3.314984e-01 -9.434435e-01 4.818720e-03
    outer loop
      vertex   3.023026e+01 9.353400e+01 -7.205754e+00
      vertex   3.139329e+01 9.312535e+01 -7.205754e+00
      vertex   3.120584e+01 9.321164e+01 -3.205754e+00
    endloop
  endfacet
  facet normal -5.044325e-01 -8.634366e-01 -5.011407e-03
    outer loop
      vertex   3.120584e+01 9.321164e+01 -3.205754e+00
      vertex   3.139329e+01 9.312535e+01 -7.205754e+00
      vertex   3.230566e+01 9.256912e+01 -3.205754e+00
    endloop
  endfacet
  facet normal -5.332998e-01 -8.459168e-01 4.009229e-03
    outer loop
      vertex   3.230566e+01 9.256912e+01 -3.205754e+00
      vertex   3.139329e+01 9.312535e+01 -7.205754e+00
      vertex   3.243610e+01 9.246792e+01 -7.205754e+00
    endloop
  endfacet
  facet normal -6.895259e-01 -7.242490e-01 -4.163327e-03
    outer loop
      vertex   3.230566e+01 9.256912e+01 -3.205754e+00
      vertex   3.243610e+01 9.246792e+01 -7.205754e+00
      vertex   3.322817e+01 9.169083e+01 -3.205754e+00
    endloop
  endfacet
  facet normal -7.083113e-01 -7.058933e-01 3.122558e-03
    outer loop
      vertex   3.322817e+01 9.169083e+01 -3.205754e+00
      vertex   3.243610e+01 9.246792e+01 -7.205754e+00
      vertex   3.330628e+01 9.159476e+01 -7.205754e+00
    endloop
  endfacet
  facet normal -8.376383e-01 -5.462157e-01 -3.238091e-03
    outer loop
      vertex   3.322817e+01 9.169083e+01 -3.205754e+00
      vertex   3.330628e+01 9.159476e+01 -7.205754e+00
      vertex   3.392391e+01 9.062389e+01 -3.205754e+00
    endloop
  endfacet
  facet normal -8.477403e-01 -5.304071e-01 2.158759e-03
    outer loop
      vertex   3.392391e+01 9.062389e+01 -3.205754e+00
      vertex   3.330628e+01 9.159476e+01 -7.205754e+00
      vertex   3.396014e+01 9.054971e+01 -7.205754e+00
    endloop
  endfacet
  facet normal -9.408251e-01 -3.388851e-01 -2.235752e-03
    outer loop
      vertex   3.392391e+01 9.062389e+01 -3.205754e+00
      vertex   3.396014e+01 9.054971e+01 -7.205754e+00
      vertex   3.435557e+01 8.942551e+01 -3.205754e+00
    endloop
  endfacet
  facet normal -9.445819e-01 -3.282740e-01 1.117886e-03
    outer loop
      vertex   3.435557e+01 8.942551e+01 -3.205754e+00
      vertex   3.396014e+01 9.054971e+01 -7.205754e+00
      vertex   3.436481e+01 8.938529e+01 -7.205754e+00
    endloop
  endfacet
  facet normal -9.935513e-01 -1.133775e-01 -1.156367e-03
    outer loop
      vertex   3.435557e+01 8.942551e+01 -3.205754e+00
      vertex   3.436481e+01 8.938529e+01 -7.205754e+00
      vertex   3.449998e+01 8.815998e+01 -3.205754e+00
    endloop
  endfacet
  facet normal -9.939704e-01 -1.096488e-01 -0.000000e+00
    outer loop
      vertex   3.449998e+01 8.815998e+01 -3.205754e+00
      vertex   3.436481e+01 8.938529e+01 -7.205754e+00
      vertex   3.449998e+01 8.815998e+01 -7.205754e+00
    endloop
  endfacet
  facet normal -0.000000e+00 1.000000e+00 0.000000e+00
    outer loop
      vertex   -5.584481e+01 9.791407e+01 1.079425e+01
      vertex   5.500000e+01 9.791407e+01 1.079425e+01
      vertex   -5.584481e+01 9.791407e+01 -3.205754e+00
    endloop
  endfacet
  facet normal -0.000000e+00 1.000000e+00 0.000000e+00
    outer loop
      vertex   -5.584481e+01 9.791407e+01 -3.205754e+00
      vertex   5.500000e+01 9.791407e+01 1.079425e+01
      vertex   5.500000e+01 9.791407e+01 -1.520575e+01
    endloop
  endfacet
  facet normal 0.000000e+00 1.000000e+00 0.000000e+00
    outer loop
      vertex   -5.584481e+01 9.791407e+01 -3.205754e+00
      vertex   5.500000e+01 9.791407e+01 -1.520575e+01
      vertex   -5.584481e+01 9.791407e+01 -1.520575e+01
    endloop
  endfacet
  facet normal 9.508627e-01 3.096128e-01 0.000000e+00
    outer loop
      vertex   5.500000e+01 9.791407e+01 1.079425e+01
      vertex   7.855353e+01 2.557801e+01 1.079425e+01
      vertex   5.500000e+01 9.791407e+01 -1.520575e+01
    endloop
  endfacet
  facet normal 9.508627e-01 3.096128e-01 5.747775e-16
    outer loop
      vertex   5.500000e+01 9.791407e+01 -1.520575e+01
      vertex   7.855353e+01 2.557801e+01 1.079425e+01
      vertex   7.855353e+01 2.557801e+01 -1.520575e+01
    endloop
  endfacet
  facet normal 9.550771e-01 -2.963575e-01 0.000000e+00
    outer loop
      vertex   -5.822435e+01 2.008973e+01 -8.205754e+00
      vertex   -5.822435e+01 2.008973e+01 -3.205754e+00
      vertex   -5.936948e+01 1.639928e+01 -8.205754e+00
    endloop
  endfacet
  facet normal 9.550771e-01 -2.963575e-01 0.000000e+00
    outer loop
      vertex   -5.936948e+01 1.639928e+01 -8.205754e+00
      vertex   -5.822435e+01 2.008973e+01 -3.205754e+00
      vertex   -5.936948e+01 1.639928e+01 -3.205754e+00
    endloop
  endfacet
  facet normal 9.717805e-01 -2.358870e-01 0.000000e+00
    outer loop
      vertex   -5.936948e+01 1.639928e+01 -8.205754e+00
      vertex   -5.936948e+01 1.639928e+01 -3.205754e+00
      vertex   -6.028096e+01 1.264429e+01 -8.205754e+00
    endloop
  endfacet
  facet normal 9.717805e-01 -2.358870e-01 0.000000e+00
    outer loop
      vertex   -6.028096e+01 1.264429e+01 -8.205754e+00
      vertex   -5.936948e+01 1.639928e+01 -3.205754e+00
      vertex   -6.028096e+01 1.264429e+01 -3.205754e+00
    endloop
  endfacet
  facet normal 9.846593e-01 -1.744880e-01 0.000000e+00
    outer loop
      vertex   -6.028096e+01 1.264429e+01 -8.205754e+00
      vertex   -6.028096e+01 1.264429e+01 -3.205754e+00
      vertex   -6.095518e+01 8.839542e+00 -8.205754e+00
    endloop
  endfacet
  facet normal 9.846593e-01 -1.744880e-01 0.000000e+00
    outer loop
      vertex   -6.095518e+01 8.839542e+00 -8.205754e+00
      vertex   -6.028096e+01 1.264429e+01 -3.205754e+00
      vertex   -6.095518e+01 8.839542e+00 -3.205754e+00
    endloop
  endfacet
  facet normal 9.936628e-01 -1.124024e-01 0.000000e+00
    outer loop
      vertex   -6.095518e+01 8.839542e+00 -8.205754e+00
      vertex   -6.095518e+01 8.839542e+00 -3.205754e+00
      vertex   -6.138951e+01 5.000000e+00 -8.205754e+00
    endloop
  endfacet
  facet normal 9.936628e-01 -1.124024e-01 0.000000e+00
    outer loop
      vertex   -6.138951e+01 5.000000e+00 -8.205754e+00
      vertex   -6.095518e+01 8.839542e+00 -3.205754e+00
      vertex   -6.138951e+01 5.000000e+00 -3.205754e+00
    endloop
  endfacet
  facet normal -0.000000e+00 1.000000e+00 0.000000e+00
    outer loop
      vertex   -6.138951e+01 5.000000e+00 -3.205754e+00
      vertex   -3.138926e+01 5.000000e+00 -3.205754e+00
      vertex   -6.138951e+01 5.000000e+00 -8.205754e+00
    endloop
  endfacet
  facet normal 0.000000e+00 1.000000e+00 0.000000e+00
    outer loop
      vertex   -6.138951e+01 5.000000e+00 -8.205754e+00
      vertex   -3.138926e+01 5.000000e+00 -3.205754e+00
      vertex   -3.138926e+01 5.000000e+00 -8.205754e+00
    endloop
  endfacet
  facet normal -9.797042e-01 2.004487e-01 0.000000e+00
    outer loop
      vertex   -3.138926e+01 5.000000e+00 -8.205754e+00
      vertex   -3.138926e+01 5.000000e+00 -3.205754e+00
      vertex   -3.083064e+01 7.730268e+00 -8.205754e+00
    endloop
  endfacet
  facet normal -9.797042e-01 2.004487e-01 0.000000e+00
    outer loop
      vertex   -3.083064e+01 7.730268e+00 -8.205754e+00
      vertex   -3.138926e+01 5.000000e+00 -3.205754e+00
      vertex   -3.083064e+01 7.730268e+00 -3.205754e+00
    endloop
  endfacet
  facet normal -9.583806e-01 2.854937e-01 0.000000e+00
    outer loop
      vertex   -3.083064e+01 7.730268e+00 -8.205754e+00
      vertex   -3.083064e+01 7.730268e+00 -3.205754e+00
      vertex   -3.003502e+01 1.040111e+01 -8.205754e+00
    endloop
  endfacet
  facet normal -9.583806e-01 2.854937e-01 0.000000e+00
    outer loop
      vertex   -3.003502e+01 1.040111e+01 -8.205754e+00
      vertex   -3.083064e+01 7.730268e+00 -3.205754e+00
      vertex   -3.003502e+01 1.040111e+01 -3.205754e+00
    endloop
  endfacet
  facet normal -9.296896e-01 3.683440e-01 0.000000e+00
    outer loop
      vertex   -3.003502e+01 1.040111e+01 -8.205754e+00
      vertex   -3.003502e+01 1.040111e+01 -3.205754e+00
      vertex   -2.900851e+01 1.299200e+01 -8.205754e+00
    endloop
  endfacet
  facet normal -9.296896e-01 3.683440e-01 0.000000e+00
    outer loop
      vertex   -2.900851e+01 1.299200e+01 -8.205754e+00
      vertex   -3.003502e+01 1.040111e+01 -3.205754e+00
      vertex   -2.900851e+01 1.299200e+01 -3.205754e+00
    endloop
  endfacet
  facet normal -8.938517e-01 4.483627e-01 0.000000e+00
    outer loop
      vertex   -2.900851e+01 1.299200e+01 -8.205754e+00
      vertex   -2.900851e+01 1.299200e+01 -3.205754e+00
      vertex   -2.775900e+01 1.548301e+01 -8.205754e+00
    endloop
  endfacet
  facet normal -8.938517e-01 4.483627e-01 0.000000e+00
    outer loop
      vertex   -2.775900e+01 1.548301e+01 -8.205754e+00
      vertex   -2.900851e+01 1.299200e+01 -3.205754e+00
      vertex   -2.775900e+01 1.548301e+01 -3.205754e+00
    endloop
  endfacet
  facet normal -8.511425e-01 5.249347e-01 0.000000e+00
    outer loop
      vertex   -2.775900e+01 1.548301e+01 -8.205754e+00
      vertex   -2.775900e+01 1.548301e+01 -3.205754e+00
      vertex   -2.629609e+01 1.785500e+01 -8.205754e+00
    endloop
  endfacet
  facet normal -8.511425e-01 5.249347e-01 0.000000e+00
    outer loop
      vertex   -2.629609e+01 1.785500e+01 -8.205754e+00
      vertex   -2.775900e+01 1.548301e+01 -3.205754e+00
      vertex   -2.629609e+01 1.785500e+01 -3.205754e+00
    endloop
  endfacet
  facet normal -8.018903e-01 5.974713e-01 0.000000e+00
    outer loop
      vertex   -2.629609e+01 1.785500e+01 -8.205754e+00
      vertex   -2.629609e+01 1.785500e+01 -3.205754e+00
      vertex   -2.463104e+01 2.008973e+01 -8.205754e+00
    endloop
  endfacet
  facet normal -8.018903e-01 5.974713e-01 0.000000e+00
    outer loop
      vertex   -2.463104e+01 2.008973e+01 -8.205754e+00
      vertex   -2.629609e+01 1.785500e+01 -3.205754e+00
      vertex   -2.463104e+01 2.008973e+01 -3.205754e+00
    endloop
  endfacet
  facet normal -0.000000e+00 -1.000000e+00 -0.000000e+00
    outer loop
      vertex   -2.463104e+01 2.008973e+01 -3.205754e+00
      vertex   -5.822435e+01 2.008973e+01 -3.205754e+00
      vertex   -2.463104e+01 2.008973e+01 -8.205754e+00
    endloop
  endfacet
  facet normal 0.000000e+00 -1.000000e+00 0.000000e+00
    outer loop
      vertex   -2.463104e+01 2.008973e+01 -8.205754e+00
      vertex   -5.822435e+01 2.008973e+01 -3.205754e+00
      vertex   -5.822435e+01 2.008973e+01 -8.205754e+00
    endloop
  endfacet
  facet normal 3.555461e-16 4.680853e-17 1.000000e+00
    outer loop
      vertex   -3.521222e+01 1.177646e+01 -8.205754e+00
      vertex   -3.511000e+01 1.100000e+01 -8.205754e+00
      vertex   -3.003502e+01 1.040111e+01 -8.205754e+00
    endloop
  endfacet
  facet normal 3.446675e-16 -4.537634e-17 1.000000e+00
    outer loop
      vertex   -3.003502e+01 1.040111e+01 -8.205754e+00
      vertex   -3.511000e+01 1.100000e+01 -8.205754e+00
      vertex   -3.521222e+01 1.022354e+01 -8.205754e+00
    endloop
  endfacet
  facet normal 3.480559e-16 -1.441695e-16 1.000000e+00
    outer loop
      vertex   -3.003502e+01 1.040111e+01 -8.205754e+00
      vertex   -3.521222e+01 1.022354e+01 -8.205754e+00
      vertex   -3.551192e+01 9.500000e+00 -8.205754e+00
    endloop
  endfacet
  facet normal 3.410514e-16 -1.015964e-16 1.000000e+00
    outer loop
      vertex   -3.003502e+01 1.040111e+01 -8.205754e+00
      vertex   -3.551192e+01 9.500000e+00 -8.205754e+00
      vertex   -3.083064e+01 7.730268e+00 -8.205754e+00
    endloop
  endfacet
  facet normal 2.941355e-16 -2.256981e-16 1.000000e+00
    outer loop
      vertex   -3.083064e+01 7.730268e+00 -8.205754e+00
      vertex   -3.551192e+01 9.500000e+00 -8.205754e+00
      vertex   -3.598868e+01 8.878680e+00 -8.205754e+00
    endloop
  endfacet
  facet normal 2.669335e-16 -3.478745e-16 1.000000e+00
    outer loop
      vertex   -3.083064e+01 7.730268e+00 -8.205754e+00
      vertex   -3.598868e+01 8.878680e+00 -8.205754e+00
      vertex   -3.661000e+01 8.401924e+00 -8.205754e+00
    endloop
  endfacet
  facet normal 2.400196e-16 -5.794586e-16 1.000000e+00
    outer loop
      vertex   -3.661000e+01 8.401924e+00 -8.205754e+00
      vertex   -3.733354e+01 8.102223e+00 -8.205754e+00
      vertex   -3.083064e+01 7.730268e+00 -8.205754e+00
    endloop
  endfacet
  facet normal 2.700039e-16 -5.524312e-17 1.000000e+00
    outer loop
      vertex   -3.083064e+01 7.730268e+00 -8.205754e+00
      vertex   -3.733354e+01 8.102223e+00 -8.205754e+00
      vertex   -3.138926e+01 5.000000e+00 -8.205754e+00
    endloop
  endfacet
  facet normal 6.019915e-17 -4.572579e-16 1.000000e+00
    outer loop
      vertex   -3.138926e+01 5.000000e+00 -8.205754e+00
      vertex   -3.733354e+01 8.102223e+00 -8.205754e+00
      vertex   -3.811000e+01 8.000000e+00 -8.205754e+00
    endloop
  endfacet
  facet normal -1.105626e-16 -8.398066e-16 1.000000e+00
    outer loop
      vertex   -3.138926e+01 5.000000e+00 -8.205754e+00
      vertex   -3.811000e+01 8.000000e+00 -8.205754e+00
      vertex   -3.888646e+01 8.102223e+00 -8.205754e+00
    endloop
  endfacet
  facet normal 0.000000e+00 -5.726078e-16 1.000000e+00
    outer loop
      vertex   -3.138926e+01 5.000000e+00 -8.205754e+00
      vertex   -3.888646e+01 8.102223e+00 -8.205754e+00
      vertex   -6.138951e+01 5.000000e+00 -8.205754e+00
    endloop
  endfacet
  facet normal -5.922674e-17 -1.429860e-16 1.000000e+00
    outer loop
      vertex   -6.138951e+01 5.000000e+00 -8.205754e+00
      vertex   -3.888646e+01 8.102223e+00 -8.205754e+00
      vertex   -3.961000e+01 8.401924e+00 -8.205754e+00
    endloop
  endfacet
  facet normal -6.776630e-17 -8.831476e-17 1.000000e+00
    outer loop
      vertex   -6.138951e+01 5.000000e+00 -8.205754e+00
      vertex   -3.961000e+01 8.401924e+00 -8.205754e+00
      vertex   -4.023132e+01 8.878680e+00 -8.205754e+00
    endloop
  endfacet
  facet normal -8.573384e-17 9.698149e-18 1.000000e+00
    outer loop
      vertex   -6.138951e+01 5.000000e+00 -8.205754e+00
      vertex   -4.023132e+01 8.878680e+00 -8.205754e+00
      vertex   -6.095518e+01 8.839542e+00 -8.205754e+00
    endloop
  endfacet
  facet normal -8.559149e-17 -6.567666e-17 1.000000e+00
    outer loop
      vertex   -6.095518e+01 8.839542e+00 -8.205754e+00
      vertex   -4.023132e+01 8.878680e+00 -8.205754e+00
      vertex   -4.070808e+01 9.500000e+00 -8.205754e+00
    endloop
  endfacet
  facet normal -8.656424e-17 -3.585608e-17 1.000000e+00
    outer loop
      vertex   -6.095518e+01 8.839542e+00 -8.205754e+00
      vertex   -4.070808e+01 9.500000e+00 -8.205754e+00
      vertex   -4.100778e+01 1.022354e+01 -8.205754e+00
    endloop
  endfacet
  facet normal -8.824595e-17 -1.161780e-17 1.000000e+00
    outer loop
      vertex   -4.100778e+01 1.022354e+01 -8.205754e+00
      vertex   -4.111000e+01 1.100000e+01 -8.205754e+00
      vertex   -6.095518e+01 8.839542e+00 -8.205754e+00
    endloop
  endfacet
  facet normal -9.127151e-17 1.617391e-17 1.000000e+00
    outer loop
      vertex   -6.095518e+01 8.839542e+00 -8.205754e+00
      vertex   -4.111000e+01 1.100000e+01 -8.205754e+00
      vertex   -6.028096e+01 1.264429e+01 -8.205754e+00
    endloop
  endfacet
  facet normal -9.162414e-17 1.206255e-17 1.000000e+00
    outer loop
      vertex   -6.028096e+01 1.264429e+01 -8.205754e+00
      vertex   -4.111000e+01 1.100000e+01 -8.205754e+00
      vertex   -4.100778e+01 1.177646e+01 -8.205754e+00
    endloop
  endfacet
  facet normal -9.047974e-17 3.747793e-17 1.000000e+00
    outer loop
      vertex   -6.028096e+01 1.264429e+01 -8.205754e+00
      vertex   -4.100778e+01 1.177646e+01 -8.205754e+00
      vertex   -4.070808e+01 1.250000e+01 -8.205754e+00
    endloop
  endfacet
  facet normal -9.024553e-17 6.924783e-17 1.000000e+00
    outer loop
      vertex   -4.070808e+01 1.250000e+01 -8.205754e+00
      vertex   -4.023132e+01 1.312132e+01 -8.205754e+00
      vertex   -6.028096e+01 1.264429e+01 -8.205754e+00
    endloop
  endfacet
  facet normal -8.911261e-17 2.163092e-17 1.000000e+00
    outer loop
      vertex   -6.028096e+01 1.264429e+01 -8.205754e+00
      vertex   -4.023132e+01 1.312132e+01 -8.205754e+00
      vertex   -5.936948e+01 1.639928e+01 -8.205754e+00
    endloop
  endfacet
  facet normal -7.587999e-17 9.888873e-17 1.000000e+00
    outer loop
      vertex   -5.936948e+01 1.639928e+01 -8.205754e+00
      vertex   -4.023132e+01 1.312132e+01 -8.205754e+00
      vertex   -3.961000e+01 1.359808e+01 -8.205754e+00
    endloop
  endfacet
  facet normal -6.697625e-17 1.616950e-16 1.000000e+00
    outer loop
      vertex   -5.936948e+01 1.639928e+01 -8.205754e+00
      vertex   -3.961000e+01 1.359808e+01 -8.205754e+00
      vertex   -3.888646e+01 1.389778e+01 -8.205754e+00
    endloop
  endfacet
  facet normal -8.355695e-17 2.592747e-17 1.000000e+00
    outer loop
      vertex   -5.936948e+01 1.639928e+01 -8.205754e+00
      vertex   -3.888646e+01 1.389778e+01 -8.205754e+00
      vertex   -5.822435e+01 2.008973e+01 -8.205754e+00
    endloop
  endfacet
  facet normal -2.676429e-17 2.032950e-16 1.000000e+00
    outer loop
      vertex   -5.822435e+01 2.008973e+01 -8.205754e+00
      vertex   -3.888646e+01 1.389778e+01 -8.205754e+00
      vertex   -3.811000e+01 1.400000e+01 -8.205754e+00
    endloop
  endfacet
  facet normal 2.655585e-17 3.794112e-16 1.000000e+00
    outer loop
      vertex   -5.822435e+01 2.008973e+01 -8.205754e+00
      vertex   -3.811000e+01 1.400000e+01 -8.205754e+00
      vertex   -2.629609e+01 1.785500e+01 -8.205754e+00
    endloop
  endfacet
  facet normal 1.882457e-16 -1.160989e-16 1.000000e+00
    outer loop
      vertex   -2.629609e+01 1.785500e+01 -8.205754e+00
      vertex   -3.811000e+01 1.400000e+01 -8.205754e+00
      vertex   -2.775900e+01 1.548301e+01 -8.205754e+00
    endloop
  endfacet
  facet normal 8.217954e-17 6.242156e-16 1.000000e+00
    outer loop
      vertex   -2.775900e+01 1.548301e+01 -8.205754e+00
      vertex   -3.811000e+01 1.400000e+01 -8.205754e+00
      vertex   -3.733354e+01 1.389778e+01 -8.205754e+00
    endloop
  endfacet
  facet normal 1.325478e-16 3.199988e-16 1.000000e+00
    outer loop
      vertex   -2.775900e+01 1.548301e+01 -8.205754e+00
      vertex   -3.733354e+01 1.389778e+01 -8.205754e+00
      vertex   -3.661000e+01 1.359808e+01 -8.205754e+00
    endloop
  endfacet
  facet normal 2.246986e-16 -1.127105e-16 1.000000e+00
    outer loop
      vertex   -2.775900e+01 1.548301e+01 -8.205754e+00
      vertex   -3.661000e+01 1.359808e+01 -8.205754e+00
      vertex   -2.900851e+01 1.299200e+01 -8.205754e+00
    endloop
  endfacet
  facet normal 2.607828e-16 3.398587e-16 1.000000e+00
    outer loop
      vertex   -2.900851e+01 1.299200e+01 -8.205754e+00
      vertex   -3.661000e+01 1.359808e+01 -8.205754e+00
      vertex   -3.598868e+01 1.312132e+01 -8.205754e+00
    endloop
  endfacet
  facet normal 2.581562e-16 1.980902e-16 1.000000e+00
    outer loop
      vertex   -2.900851e+01 1.299200e+01 -8.205754e+00
      vertex   -3.598868e+01 1.312132e+01 -8.205754e+00
      vertex   -3.551192e+01 1.250000e+01 -8.205754e+00
    endloop
  endfacet
  facet normal 2.648429e-16 1.097015e-16 1.000000e+00
    outer loop
      vertex   -3.551192e+01 1.250000e+01 -8.205754e+00
      vertex   -3.521222e+01 1.177646e+01 -8.205754e+00
      vertex   -2.900851e+01 1.299200e+01 -8.205754e+00
    endloop
  endfacet
  facet normal 3.104369e-16 -1.229954e-16 1.000000e+00
    outer loop
      vertex   -2.900851e+01 1.299200e+01 -8.205754e+00
      vertex   -3.521222e+01 1.177646e+01 -8.205754e+00
      vertex   -3.003502e+01 1.040111e+01 -8.205754e+00
    endloop
  endfacet
  facet normal 0.000000e+00 0.000000e+00 1.000000e+00
    outer loop
      vertex   -2.463104e+01 2.008973e+01 -8.205754e+00
      vertex   -5.822435e+01 2.008973e+01 -8.205754e+00
      vertex   -2.629609e+01 1.785500e+01 -8.205754e+00
    endloop
  endfacet
  facet normal 8.038780e-01 -5.947942e-01 0.000000e+00
    outer loop
      vertex   2.470396e+01 -2.000000e+01 -3.205754e+00
      vertex   2.470396e+01 -2.000000e+01 -7.205754e+00
      vertex   2.635010e+01 -1.777521e+01 -3.205754e+00
    endloop
  endfacet
  facet normal 8.038780e-01 -5.947942e-01 0.000000e+00
    outer loop
      vertex   2.635010e+01 -1.777521e+01 -3.205754e+00
      vertex   2.470396e+01 -2.000000e+01 -7.205754e+00
      vertex   2.635010e+01 -1.777521e+01 -7.205754e+00
    endloop
  endfacet
  facet normal 8.525714e-01 -5.226107e-01 0.000000e+00
    outer loop
      vertex   2.635010e+01 -1.777521e+01 -3.205754e+00
      vertex   2.635010e+01 -1.777521e+01 -7.205754e+00
      vertex   2.779646e+01 -1.541565e+01 -3.205754e+00
    endloop
  endfacet
  facet normal 8.525714e-01 -5.226107e-01 0.000000e+00
    outer loop
      vertex   2.779646e+01 -1.541565e+01 -3.205754e+00
      vertex   2.635010e+01 -1.777521e+01 -7.205754e+00
      vertex   2.779646e+01 -1.541565e+01 -7.205754e+00
    endloop
  endfacet
  facet normal 8.948011e-01 -4.464651e-01 0.000000e+00
    outer loop
      vertex   2.779646e+01 -1.541565e+01 -3.205754e+00
      vertex   2.779646e+01 -1.541565e+01 -7.205754e+00
      vertex   2.903209e+01 -1.293922e+01 -3.205754e+00
    endloop
  endfacet
  facet normal 8.948011e-01 -4.464651e-01 0.000000e+00
    outer loop
      vertex   2.903209e+01 -1.293922e+01 -3.205754e+00
      vertex   2.779646e+01 -1.541565e+01 -7.205754e+00
      vertex   2.903209e+01 -1.293922e+01 -7.205754e+00
    endloop
  endfacet
  facet normal 9.302468e-01 -3.669345e-01 0.000000e+00
    outer loop
      vertex   2.903209e+01 -1.293922e+01 -3.205754e+00
      vertex   2.903209e+01 -1.293922e+01 -7.205754e+00
      vertex   3.004761e+01 -1.036469e+01 -3.205754e+00
    endloop
  endfacet
  facet normal 9.302468e-01 -3.669345e-01 0.000000e+00
    outer loop
      vertex   3.004761e+01 -1.036469e+01 -3.205754e+00
      vertex   2.903209e+01 -1.293922e+01 -7.205754e+00
      vertex   3.004761e+01 -1.036469e+01 -7.205754e+00
    endloop
  endfacet
  facet normal 9.586398e-01 -2.846220e-01 0.000000e+00
    outer loop
      vertex   3.004761e+01 -1.036469e+01 -3.205754e+00
      vertex   3.004761e+01 -1.036469e+01 -7.205754e+00
      vertex   3.083532e+01 -7.711576e+00 -3.205754e+00
    endloop
  endfacet
  facet normal 9.586398e-01 -2.846220e-01 0.000000e+00
    outer loop
      vertex   3.083532e+01 -7.711576e+00 -3.205754e+00
      vertex   3.004761e+01 -1.036469e+01 -7.205754e+00
      vertex   3.083532e+01 -7.711576e+00 -7.205754e+00
    endloop
  endfacet
  facet normal 9.797649e-01 -2.001517e-01 0.000000e+00
    outer loop
      vertex   3.083532e+01 -7.711576e+00 -3.205754e+00
      vertex   3.083532e+01 -7.711576e+00 -7.205754e+00
      vertex   3.138926e+01 -5.000000e+00 -3.205754e+00
    endloop
  endfacet
  facet normal 9.797649e-01 -2.001517e-01 0.000000e+00
    outer loop
      vertex   3.138926e+01 -5.000000e+00 -3.205754e+00
      vertex   3.083532e+01 -7.711576e+00 -7.205754e+00
      vertex   3.138926e+01 -5.000000e+00 -7.205754e+00
    endloop
  endfacet
  facet normal 0.000000e+00 1.000000e+00 -0.000000e+00
    outer loop
      vertex   5.825523e+01 -2.000000e+01 -7.205754e+00
      vertex   2.470396e+01 -2.000000e+01 -7.205754e+00
      vertex   5.825523e+01 -2.000000e+01 -3.205754e+00
    endloop
  endfacet
  facet normal 0.000000e+00 1.000000e+00 0.000000e+00
    outer loop
      vertex   5.825523e+01 -2.000000e+01 -3.205754e+00
      vertex   2.470396e+01 -2.000000e+01 -7.205754e+00
      vertex   2.470396e+01 -2.000000e+01 -3.205754e+00
    endloop
  endfacet
  facet normal -3.172508e-01 -9.483417e-01 4.098924e-08
    outer loop
      vertex   -1.000000e+01 -3.017094e+01 -7.205754e+00
      vertex   -1.000000e+01 -3.017094e+01 -3.205754e+00
      vertex   -1.016755e+01 -3.011489e+01 -7.205754e+00
    endloop
  endfacet
  facet normal -3.172499e-01 -9.483420e-01 2.520380e-11
    outer loop
      vertex   -1.016755e+01 -3.011489e+01 -7.205754e+00
      vertex   -1.000000e+01 -3.017094e+01 -3.205754e+00
      vertex   -1.016755e+01 -3.011489e+01 -3.205754e+00
    endloop
  endfacet
  facet normal -3.225170e-01 -9.465637e-01 -2.519374e-11
    outer loop
      vertex   -1.016755e+01 -3.011489e+01 -7.205754e+00
      vertex   -1.016755e+01 -3.011489e+01 -3.205754e+00
      vertex   -1.033478e+01 -3.005791e+01 -7.205754e+00
    endloop
  endfacet
  facet normal -3.225170e-01 -9.465637e-01 1.259728e-11
    outer loop
      vertex   -1.033478e+01 -3.005791e+01 -7.205754e+00
      vertex   -1.016755e+01 -3.011489e+01 -3.205754e+00
      vertex   -1.033478e+01 -3.005791e+01 -3.205754e+00
    endloop
  endfacet
  facet normal -3.277734e-01 -9.447564e-01 -1.259729e-11
    outer loop
      vertex   -1.033478e+01 -3.005791e+01 -7.205754e+00
      vertex   -1.033478e+01 -3.005791e+01 -3.205754e+00
      vertex   -1.050169e+01 -3.000000e+01 -7.205754e+00
    endloop
  endfacet
  facet normal -3.277734e-01 -9.447564e-01 0.000000e+00
    outer loop
      vertex   -1.050169e+01 -3.000000e+01 -7.205754e+00
      vertex   -1.033478e+01 -3.005791e+01 -3.205754e+00
      vertex   -1.050169e+01 -3.000000e+01 -3.205754e+00
    endloop
  endfacet
  facet normal 0.000000e+00 -1.000000e+00 0.000000e+00
    outer loop
      vertex   -5.379286e+01 -3.000000e+01 -7.205754e+00
      vertex   -1.050169e+01 -3.000000e+01 -7.205754e+00
      vertex   -5.379286e+01 -3.000000e+01 -3.205754e+00
    endloop
  endfacet
  facet normal 0.000000e+00 -1.000000e+00 0.000000e+00
    outer loop
      vertex   -5.379286e+01 -3.000000e+01 -3.205754e+00
      vertex   -1.050169e+01 -3.000000e+01 -7.205754e+00
      vertex   -1.050169e+01 -3.000000e+01 -3.205754e+00
    endloop
  endfacet
  facet normal 7.051512e-01 7.090570e-01 0.000000e+00
    outer loop
      vertex   -4.205558e+01 -4.500000e+01 -3.205754e+00
      vertex   -4.205558e+01 -4.500000e+01 -7.205754e+00
      vertex   -4.476702e+01 -4.230350e+01 -3.205754e+00
    endloop
  endfacet
  facet normal 7.051512e-01 7.090570e-01 0.000000e+00
    outer loop
      vertex   -4.476702e+01 -4.230350e+01 -3.205754e+00
      vertex   -4.205558e+01 -4.500000e+01 -7.205754e+00
      vertex   -4.476702e+01 -4.230350e+01 -7.205754e+00
    endloop
  endfacet
  facet normal 7.477929e-01 6.639321e-01 0.000000e+00
    outer loop
      vertex   -4.476702e+01 -4.230350e+01 -3.205754e+00
      vertex   -4.476702e+01 -4.230350e+01 -7.205754e+00
      vertex   -4.730589e+01 -3.944394e+01 -3.205754e+00
    endloop
  endfacet
  facet normal 7.477929e-01 6.639321e-01 0.000000e+00
    outer loop
      vertex   -4.730589e+01 -3.944394e+01 -3.205754e+00
      vertex   -4.476702e+01 -4.230350e+01 -7.205754e+00
      vertex   -4.730589e+01 -3.944394e+01 -7.205754e+00
    endloop
  endfacet
  facet normal 7.875522e-01 6.162480e-01 0.000000e+00
    outer loop
      vertex   -4.730589e+01 -3.944394e+01 -3.205754e+00
      vertex   -4.730589e+01 -3.944394e+01 -7.205754e+00
      vertex   -4.966242e+01 -3.643234e+01 -3.205754e+00
    endloop
  endfacet
  facet normal 7.875522e-01 6.162480e-01 0.000000e+00
    outer loop
      vertex   -4.966242e+01 -3.643234e+01 -3.205754e+00
      vertex   -4.730589e+01 -3.944394e+01 -7.205754e+00
      vertex   -4.966242e+01 -3.643234e+01 -7.205754e+00
    endloop
  endfacet
  facet normal 8.242758e-01 5.661886e-01 0.000000e+00
    outer loop
      vertex   -4.966242e+01 -3.643234e+01 -3.205754e+00
      vertex   -4.966242e+01 -3.643234e+01 -7.205754e+00
      vertex   -5.182753e+01 -3.328031e+01 -3.205754e+00
    endloop
  endfacet
  facet normal 8.242758e-01 5.661886e-01 0.000000e+00
    outer loop
      vertex   -5.182753e+01 -3.328031e+01 -3.205754e+00
      vertex   -4.966242e+01 -3.643234e+01 -7.205754e+00
      vertex   -5.182753e+01 -3.328031e+01 -7.205754e+00
    endloop
  endfacet
  facet normal 8.578221e-01 5.139467e-01 0.000000e+00
    outer loop
      vertex   -5.182753e+01 -3.328031e+01 -3.205754e+00
      vertex   -5.182753e+01 -3.328031e+01 -7.205754e+00
      vertex   -5.379286e+01 -3.000000e+01 -3.205754e+00
    endloop
  endfacet
  facet normal 8.578221e-01 5.139467e-01 0.000000e+00
    outer loop
      vertex   -5.379286e+01 -3.000000e+01 -3.205754e+00
      vertex   -5.182753e+01 -3.328031e+01 -7.205754e+00
      vertex   -5.379286e+01 -3.000000e+01 -7.205754e+00
    endloop
  endfacet
  facet normal 0.000000e+00 1.000000e+00 -0.000000e+00
    outer loop
      vertex   -1.024177e+01 3.008973e+01 -7.205754e+00
      vertex   -5.374272e+01 3.008973e+01 -7.205754e+00
      vertex   -1.024177e+01 3.008973e+01 -3.205754e+00
    endloop
  endfacet
  facet normal 0.000000e+00 1.000000e+00 0.000000e+00
    outer loop
      vertex   -1.024177e+01 3.008973e+01 -3.205754e+00
      vertex   -5.374272e+01 3.008973e+01 -7.205754e+00
      vertex   -5.374272e+01 3.008973e+01 -3.205754e+00
    endloop
  endfacet
  facet normal 0.000000e+00 1.000000e+00 -0.000000e+00
    outer loop
      vertex   5.374272e+01 3.008973e+01 -7.205754e+00
      vertex   1.024177e+01 3.008973e+01 -7.205754e+00
      vertex   5.374272e+01 3.008973e+01 -3.205754e+00
    endloop
  endfacet
  facet normal 0.000000e+00 1.000000e+00 0.000000e+00
    outer loop
      vertex   5.374272e+01 3.008973e+01 -3.205754e+00
      vertex   1.024177e+01 3.008973e+01 -7.205754e+00
      vertex   1.024177e+01 3.008973e+01 -3.205754e+00
    endloop
  endfacet
  facet normal 9.797042e-01 2.004487e-01 0.000000e+00
    outer loop
      vertex   3.138926e+01 5.000000e+00 -3.205754e+00
      vertex   3.138926e+01 5.000000e+00 -7.205754e+00
      vertex   3.083064e+01 7.730268e+00 -3.205754e+00
    endloop
  endfacet
  facet normal 9.797042e-01 2.004487e-01 0.000000e+00
    outer loop
      vertex   3.083064e+01 7.730268e+00 -3.205754e+00
      vertex   3.138926e+01 5.000000e+00 -7.205754e+00
      vertex   3.083064e+01 7.730268e+00 -7.205754e+00
    endloop
  endfacet
  facet normal 9.583806e-01 2.854937e-01 0.000000e+00
    outer loop
      vertex   3.083064e+01 7.730268e+00 -3.205754e+00
      vertex   3.083064e+01 7.730268e+00 -7.205754e+00
      vertex   3.003502e+01 1.040111e+01 -3.205754e+00
    endloop
  endfacet
  facet normal 9.583806e-01 2.854937e-01 0.000000e+00
    outer loop
      vertex   3.003502e+01 1.040111e+01 -3.205754e+00
      vertex   3.083064e+01 7.730268e+00 -7.205754e+00
      vertex   3.003502e+01 1.040111e+01 -7.205754e+00
    endloop
  endfacet
  facet normal 9.296896e-01 3.683440e-01 0.000000e+00
    outer loop
      vertex   3.003502e+01 1.040111e+01 -3.205754e+00
      vertex   3.003502e+01 1.040111e+01 -7.205754e+00
      vertex   2.900851e+01 1.299200e+01 -3.205754e+00
    endloop
  endfacet
  facet normal 9.296896e-01 3.683440e-01 0.000000e+00
    outer loop
      vertex   2.900851e+01 1.299200e+01 -3.205754e+00
      vertex   3.003502e+01 1.040111e+01 -7.205754e+00
      vertex   2.900851e+01 1.299200e+01 -7.205754e+00
    endloop
  endfacet
  facet normal 8.938517e-01 4.483627e-01 0.000000e+00
    outer loop
      vertex   2.900851e+01 1.299200e+01 -3.205754e+00
      vertex   2.900851e+01 1.299200e+01 -7.205754e+00
      vertex   2.775900e+01 1.548301e+01 -3.205754e+00
    endloop
  endfacet
  facet normal 8.938517e-01 4.483627e-01 0.000000e+00
    outer loop
      vertex   2.775900e+01 1.548301e+01 -3.205754e+00
      vertex   2.900851e+01 1.299200e+01 -7.205754e+00
      vertex   2.775900e+01 1.548301e+01 -7.205754e+00
    endloop
  endfacet
  facet normal 8.511425e-01 5.249347e-01 0.000000e+00
    outer loop
      vertex   2.775900e+01 1.548301e+01 -3.205754e+00
      vertex   2.775900e+01 1.548301e+01 -7.205754e+00
      vertex   2.629609e+01 1.785500e+01 -3.205754e+00
    endloop
  endfacet
  facet normal 8.511425e-01 5.249347e-01 0.000000e+00
    outer loop
      vertex   2.629609e+01 1.785500e+01 -3.205754e+00
      vertex   2.775900e+01 1.548301e+01 -7.205754e+00
      vertex   2.629609e+01 1.785500e+01 -7.205754e+00
    endloop
  endfacet
  facet normal 8.018903e-01 5.974713e-01 0.000000e+00
    outer loop
      vertex   2.629609e+01 1.785500e+01 -3.205754e+00
      vertex   2.629609e+01 1.785500e+01 -7.205754e+00
      vertex   2.463104e+01 2.008973e+01 -3.205754e+00
    endloop
  endfacet
  facet normal 8.018903e-01 5.974713e-01 0.000000e+00
    outer loop
      vertex   2.463104e+01 2.008973e+01 -3.205754e+00
      vertex   2.629609e+01 1.785500e+01 -7.205754e+00
      vertex   2.463104e+01 2.008973e+01 -7.205754e+00
    endloop
  endfacet
  facet normal 0.000000e+00 1.000000e+00 -0.000000e+00
    outer loop
      vertex   6.138951e+01 5.000000e+00 -7.205754e+00
      vertex   3.138926e+01 5.000000e+00 -7.205754e+00
      vertex   6.138951e+01 5.000000e+00 -3.205754e+00
    endloop
  endfacet
  facet normal 0.000000e+00 1.000000e+00 0.000000e+00
    outer loop
      vertex   6.138951e+01 5.000000e+00 -3.205754e+00
      vertex   3.138926e+01 5.000000e+00 -7.205754e+00
      vertex   3.138926e+01 5.000000e+00 -3.205754e+00
    endloop
  endfacet
  facet normal 9.936844e-01 1.122110e-01 -0.000000e+00
    outer loop
      vertex   -6.138951e+01 -5.000000e+00 -8.205754e+00
      vertex   -6.138951e+01 -5.000000e+00 -3.205754e+00
      vertex   -6.095858e+01 -8.816063e+00 -8.205754e+00
    endloop
  endfacet
  facet normal 9.936844e-01 1.122110e-01 -0.000000e+00
    outer loop
      vertex   -6.095858e+01 -8.816063e+00 -8.205754e+00
      vertex   -6.138951e+01 -5.000000e+00 -3.205754e+00
      vertex   -6.095858e+01 -8.816063e+00 -3.205754e+00
    endloop
  endfacet
  facet normal 9.847599e-01 1.739191e-01 -0.000000e+00
    outer loop
      vertex   -6.095858e+01 -8.816063e+00 -8.205754e+00
      vertex   -6.095858e+01 -8.816063e+00 -3.205754e+00
      vertex   -6.029068e+01 -1.259785e+01 -8.205754e+00
    endloop
  endfacet
  facet normal 9.847599e-01 1.739191e-01 -0.000000e+00
    outer loop
      vertex   -6.029068e+01 -1.259785e+01 -8.205754e+00
      vertex   -6.095858e+01 -8.816063e+00 -3.205754e+00
      vertex   -6.029068e+01 -1.259785e+01 -3.205754e+00
    endloop
  endfacet
  facet normal 9.720072e-01 2.349511e-01 -0.000000e+00
    outer loop
      vertex   -6.029068e+01 -1.259785e+01 -8.205754e+00
      vertex   -6.029068e+01 -1.259785e+01 -3.205754e+00
      vertex   -5.938839e+01 -1.633067e+01 -8.205754e+00
    endloop
  endfacet
  facet normal 9.720072e-01 2.349511e-01 -0.000000e+00
    outer loop
      vertex   -5.938839e+01 -1.633067e+01 -8.205754e+00
      vertex   -6.029068e+01 -1.259785e+01 -3.205754e+00
      vertex   -5.938839e+01 -1.633067e+01 -3.205754e+00
    endloop
  endfacet
  facet normal 9.554757e-01 2.950697e-01 -0.000000e+00
    outer loop
      vertex   -5.938839e+01 -1.633067e+01 -8.205754e+00
      vertex   -5.938839e+01 -1.633067e+01 -3.205754e+00
      vertex   -5.825523e+01 -2.000000e+01 -8.205754e+00
    endloop
  endfacet
  facet normal 9.554757e-01 2.950697e-01 -0.000000e+00
    outer loop
      vertex   -5.825523e+01 -2.000000e+01 -8.205754e+00
      vertex   -5.938839e+01 -1.633067e+01 -3.205754e+00
      vertex   -5.825523e+01 -2.000000e+01 -3.205754e+00
    endloop
  endfacet
  facet normal -0.000000e+00 1.000000e+00 0.000000e+00
    outer loop
      vertex   -5.825523e+01 -2.000000e+01 -3.205754e+00
      vertex   -2.470396e+01 -2.000000e+01 -3.205754e+00
      vertex   -5.825523e+01 -2.000000e+01 -8.205754e+00
    endloop
  endfacet
  facet normal 0.000000e+00 1.000000e+00 0.000000e+00
    outer loop
      vertex   -5.825523e+01 -2.000000e+01 -8.205754e+00
      vertex   -2.470396e+01 -2.000000e+01 -3.205754e+00
      vertex   -2.470396e+01 -2.000000e+01 -8.205754e+00
    endloop
  endfacet
  facet normal -8.038780e-01 -5.947942e-01 0.000000e+00
    outer loop
      vertex   -2.470396e+01 -2.000000e+01 -8.205754e+00
      vertex   -2.470396e+01 -2.000000e+01 -3.205754e+00
      vertex   -2.635010e+01 -1.777521e+01 -8.205754e+00
    endloop
  endfacet
  facet normal -8.038780e-01 -5.947942e-01 0.000000e+00
    outer loop
      vertex   -2.635010e+01 -1.777521e+01 -8.205754e+00
      vertex   -2.470396e+01 -2.000000e+01 -3.205754e+00
      vertex   -2.635010e+01 -1.777521e+01 -3.205754e+00
    endloop
  endfacet
  facet normal -8.525714e-01 -5.226107e-01 0.000000e+00
    outer loop
      vertex   -2.635010e+01 -1.777521e+01 -8.205754e+00
      vertex   -2.635010e+01 -1.777521e+01 -3.205754e+00
      vertex   -2.779646e+01 -1.541565e+01 -8.205754e+00
    endloop
  endfacet
  facet normal -8.525714e-01 -5.226107e-01 0.000000e+00
    outer loop
      vertex   -2.779646e+01 -1.541565e+01 -8.205754e+00
      vertex   -2.635010e+01 -1.777521e+01 -3.205754e+00
      vertex   -2.779646e+01 -1.541565e+01 -3.205754e+00
    endloop
  endfacet
  facet normal -8.948011e-01 -4.464651e-01 0.000000e+00
    outer loop
      vertex   -2.779646e+01 -1.541565e+01 -8.205754e+00
      vertex   -2.779646e+01 -1.541565e+01 -3.205754e+00
      vertex   -2.903209e+01 -1.293922e+01 -8.205754e+00
    endloop
  endfacet
  facet normal -8.948011e-01 -4.464651e-01 0.000000e+00
    outer loop
      vertex   -2.903209e+01 -1.293922e+01 -8.205754e+00
      vertex   -2.779646e+01 -1.541565e+01 -3.205754e+00
      vertex   -2.903209e+01 -1.293922e+01 -3.205754e+00
    endloop
  endfacet
  facet normal -9.302468e-01 -3.669345e-01 0.000000e+00
    outer loop
      vertex   -2.903209e+01 -1.293922e+01 -8.205754e+00
      vertex   -2.903209e+01 -1.293922e+01 -3.205754e+00
      vertex   -3.004761e+01 -1.036469e+01 -8.205754e+00
    endloop
  endfacet
  facet normal -9.302468e-01 -3.669345e-01 0.000000e+00
    outer loop
      vertex   -3.004761e+01 -1.036469e+01 -8.205754e+00
      vertex   -2.903209e+01 -1.293922e+01 -3.205754e+00
      vertex   -3.004761e+01 -1.036469e+01 -3.205754e+00
    endloop
  endfacet
  facet normal -9.586398e-01 -2.846220e-01 0.000000e+00
    outer loop
      vertex   -3.004761e+01 -1.036469e+01 -8.205754e+00
      vertex   -3.004761e+01 -1.036469e+01 -3.205754e+00
      vertex   -3.083532e+01 -7.711576e+00 -8.205754e+00
    endloop
  endfacet
  facet normal -9.586398e-01 -2.846220e-01 0.000000e+00
    outer loop
      vertex   -3.083532e+01 -7.711576e+00 -8.205754e+00
      vertex   -3.004761e+01 -1.036469e+01 -3.205754e+00
      vertex   -3.083532e+01 -7.711576e+00 -3.205754e+00
    endloop
  endfacet
  facet normal -9.797649e-01 -2.001517e-01 0.000000e+00
    outer loop
      vertex   -3.083532e+01 -7.711576e+00 -8.205754e+00
      vertex   -3.083532e+01 -7.711576e+00 -3.205754e+00
      vertex   -3.138926e+01 -5.000000e+00 -8.205754e+00
    endloop
  endfacet
  facet normal -9.797649e-01 -2.001517e-01 0.000000e+00
    outer loop
      vertex   -3.138926e+01 -5.000000e+00 -8.205754e+00
      vertex   -3.083532e+01 -7.711576e+00 -3.205754e+00
      vertex   -3.138926e+01 -5.000000e+00 -3.205754e+00
    endloop
  endfacet
  facet normal -0.000000e+00 -1.000000e+00 -0.000000e+00
    outer loop
      vertex   -3.138926e+01 -5.000000e+00 -3.205754e+00
      vertex   -6.138951e+01 -5.000000e+00 -3.205754e+00
      vertex   -3.138926e+01 -5.000000e+00 -8.205754e+00
    endloop
  endfacet
  facet normal 0.000000e+00 -1.000000e+00 0.000000e+00
    outer loop
      vertex   -3.138926e+01 -5.000000e+00 -8.205754e+00
      vertex   -6.138951e+01 -5.000000e+00 -3.205754e+00
      vertex   -6.138951e+01 -5.000000e+00 -8.205754e+00
    endloop
  endfacet
  facet normal 2.864370e-16 -3.771014e-17 1.000000e+00
    outer loop
      vertex   -3.521222e+01 -1.277646e+01 -8.205754e+00
      vertex   -2.903209e+01 -1.293922e+01 -8.205754e+00
      vertex   -3.511000e+01 -1.200000e+01 -8.205754e+00
    endloop
  endfacet
  facet normal 3.112353e-16 1.227663e-16 1.000000e+00
    outer loop
      vertex   -3.511000e+01 -1.200000e+01 -8.205754e+00
      vertex   -2.903209e+01 -1.293922e+01 -8.205754e+00
      vertex   -3.004761e+01 -1.036469e+01 -8.205754e+00
    endloop
  endfacet
  facet normal 3.365787e-16 4.431143e-17 1.000000e+00
    outer loop
      vertex   -3.511000e+01 -1.200000e+01 -8.205754e+00
      vertex   -3.004761e+01 -1.036469e+01 -8.205754e+00
      vertex   -3.521222e+01 -1.122354e+01 -8.205754e+00
    endloop
  endfacet
  facet normal 3.217825e-16 1.332867e-16 1.000000e+00
    outer loop
      vertex   -3.521222e+01 -1.122354e+01 -8.205754e+00
      vertex   -3.004761e+01 -1.036469e+01 -8.205754e+00
      vertex   -3.551192e+01 -1.050000e+01 -8.205754e+00
    endloop
  endfacet
  facet normal 3.190212e-16 2.447936e-16 1.000000e+00
    outer loop
      vertex   -3.551192e+01 -1.050000e+01 -8.205754e+00
      vertex   -3.004761e+01 -1.036469e+01 -8.205754e+00
      vertex   -3.598868e+01 -9.878680e+00 -8.205754e+00
    endloop
  endfacet
  facet normal 3.064387e-16 9.098226e-17 1.000000e+00
    outer loop
      vertex   -3.598868e+01 -9.878680e+00 -8.205754e+00
      vertex   -3.004761e+01 -1.036469e+01 -8.205754e+00
      vertex   -3.083532e+01 -7.711576e+00 -8.205754e+00
    endloop
  endfacet
  facet normal 2.226685e-16 2.901873e-16 1.000000e+00
    outer loop
      vertex   -3.598868e+01 -9.878680e+00 -8.205754e+00
      vertex   -3.083532e+01 -7.711576e+00 -8.205754e+00
      vertex   -3.661000e+01 -9.401924e+00 -8.205754e+00
    endloop
  endfacet
  facet normal 1.802394e-16 4.351364e-16 1.000000e+00
    outer loop
      vertex   -3.661000e+01 -9.401924e+00 -8.205754e+00
      vertex   -3.083532e+01 -7.711576e+00 -8.205754e+00
      vertex   -3.733354e+01 -9.102223e+00 -8.205754e+00
    endloop
  endfacet
  facet normal 1.041165e-16 7.908436e-16 1.000000e+00
    outer loop
      vertex   -3.733354e+01 -9.102223e+00 -8.205754e+00
      vertex   -3.083532e+01 -7.711576e+00 -8.205754e+00
      vertex   -3.811000e+01 -9.000000e+00 -8.205754e+00
    endloop
  endfacet
  facet normal 2.356572e-16 4.814133e-17 1.000000e+00
    outer loop
      vertex   -3.811000e+01 -9.000000e+00 -8.205754e+00
      vertex   -3.083532e+01 -7.711576e+00 -8.205754e+00
      vertex   -3.138926e+01 -5.000000e+00 -8.205754e+00
    endloop
  endfacet
  facet normal -7.507126e-17 5.702229e-16 1.000000e+00
    outer loop
      vertex   -3.811000e+01 -9.000000e+00 -8.205754e+00
      vertex   -3.138926e+01 -5.000000e+00 -8.205754e+00
      vertex   -3.888646e+01 -9.102223e+00 -8.205754e+00
    endloop
  endfacet
  facet normal 0.000000e+00 4.330230e-16 1.000000e+00
    outer loop
      vertex   -3.888646e+01 -9.102223e+00 -8.205754e+00
      vertex   -3.138926e+01 -5.000000e+00 -8.205754e+00
      vertex   -6.138951e+01 -5.000000e+00 -8.205754e+00
    endloop
  endfacet
  facet normal -5.481450e-17 1.323339e-16 1.000000e+00
    outer loop
      vertex   -3.888646e+01 -9.102223e+00 -8.205754e+00
      vertex   -6.138951e+01 -5.000000e+00 -8.205754e+00
      vertex   -3.961000e+01 -9.401924e+00 -8.205754e+00
    endloop
  endfacet
  facet normal -8.346590e-17 -9.425322e-18 1.000000e+00
    outer loop
      vertex   -3.961000e+01 -9.401924e+00 -8.205754e+00
      vertex   -6.138951e+01 -5.000000e+00 -8.205754e+00
      vertex   -6.095858e+01 -8.816063e+00 -8.205754e+00
    endloop
  endfacet
  facet normal -8.033418e-17 1.046935e-16 1.000000e+00
    outer loop
      vertex   -3.961000e+01 -9.401924e+00 -8.205754e+00
      vertex   -6.095858e+01 -8.816063e+00 -8.205754e+00
      vertex   -4.023132e+01 -9.878680e+00 -8.205754e+00
    endloop
  endfacet
  facet normal -8.245772e-17 6.327204e-17 1.000000e+00
    outer loop
      vertex   -4.023132e+01 -9.878680e+00 -8.205754e+00
      vertex   -6.095858e+01 -8.816063e+00 -8.205754e+00
      vertex   -4.070808e+01 -1.050000e+01 -8.205754e+00
    endloop
  endfacet
  facet normal -8.479833e-17 3.512462e-17 1.000000e+00
    outer loop
      vertex   -4.070808e+01 -1.050000e+01 -8.205754e+00
      vertex   -6.095858e+01 -8.816063e+00 -8.205754e+00
      vertex   -4.100778e+01 -1.122354e+01 -8.205754e+00
    endloop
  endfacet
  facet normal -9.097570e-17 -1.606728e-17 1.000000e+00
    outer loop
      vertex   -4.100778e+01 -1.122354e+01 -8.205754e+00
      vertex   -6.095858e+01 -8.816063e+00 -8.205754e+00
      vertex   -6.029068e+01 -1.259785e+01 -8.205754e+00
    endloop
  endfacet
  facet normal -9.299339e-17 1.224281e-17 1.000000e+00
    outer loop
      vertex   -4.100778e+01 -1.122354e+01 -8.205754e+00
      vertex   -6.029068e+01 -1.259785e+01 -8.205754e+00
      vertex   -4.111000e+01 -1.200000e+01 -8.205754e+00
    endloop
  endfacet
  facet normal -9.223330e-17 -1.214274e-17 1.000000e+00
    outer loop
      vertex   -4.111000e+01 -1.200000e+01 -8.205754e+00
      vertex   -6.029068e+01 -1.259785e+01 -8.205754e+00
      vertex   -4.100778e+01 -1.277646e+01 -8.205754e+00
    endloop
  endfacet
  facet normal -9.247562e-17 -3.830465e-17 1.000000e+00
    outer loop
      vertex   -4.100778e+01 -1.277646e+01 -8.205754e+00
      vertex   -6.029068e+01 -1.259785e+01 -8.205754e+00
      vertex   -4.070808e+01 -1.350000e+01 -8.205754e+00
    endloop
  endfacet
  facet normal -9.173247e-17 -2.217334e-17 1.000000e+00
    outer loop
      vertex   -4.070808e+01 -1.350000e+01 -8.205754e+00
      vertex   -6.029068e+01 -1.259785e+01 -8.205754e+00
      vertex   -5.938839e+01 -1.633067e+01 -8.205754e+00
    endloop
  endfacet
  facet normal -8.518731e-17 -6.536652e-17 1.000000e+00
    outer loop
      vertex   -4.070808e+01 -1.350000e+01 -8.205754e+00
      vertex   -5.938839e+01 -1.633067e+01 -8.205754e+00
      vertex   -4.023132e+01 -1.412132e+01 -8.205754e+00
    endloop
  endfacet
  facet normal -8.061030e-17 -1.050534e-16 1.000000e+00
    outer loop
      vertex   -4.023132e+01 -1.412132e+01 -8.205754e+00
      vertex   -5.938839e+01 -1.633067e+01 -8.205754e+00
      vertex   -3.961000e+01 -1.459808e+01 -8.205754e+00
    endloop
  endfacet
  facet normal -8.744732e-17 -2.700546e-17 1.000000e+00
    outer loop
      vertex   -3.961000e+01 -1.459808e+01 -8.205754e+00
      vertex   -5.938839e+01 -1.633067e+01 -8.205754e+00
      vertex   -5.825523e+01 -2.000000e+01 -8.205754e+00
    endloop
  endfacet
  facet normal -5.606014e-17 -1.353412e-16 1.000000e+00
    outer loop
      vertex   -3.961000e+01 -1.459808e+01 -8.205754e+00
      vertex   -5.825523e+01 -2.000000e+01 -8.205754e+00
      vertex   -3.888646e+01 -1.489778e+01 -8.205754e+00
    endloop
  endfacet
  facet normal -3.056150e-17 -2.321377e-16 1.000000e+00
    outer loop
      vertex   -3.888646e+01 -1.489778e+01 -8.205754e+00
      vertex   -5.825523e+01 -2.000000e+01 -8.205754e+00
      vertex   -3.811000e+01 -1.500000e+01 -8.205754e+00
    endloop
  endfacet
  facet normal 0.000000e+00 -3.552714e-16 1.000000e+00
    outer loop
      vertex   -3.811000e+01 -1.500000e+01 -8.205754e+00
      vertex   -5.825523e+01 -2.000000e+01 -8.205754e+00
      vertex   -2.470396e+01 -2.000000e+01 -8.205754e+00
    endloop
  endfacet
  facet normal 1.830067e-16 1.354078e-16 1.000000e+00
    outer loop
      vertex   -3.811000e+01 -1.500000e+01 -8.205754e+00
      vertex   -2.470396e+01 -2.000000e+01 -8.205754e+00
      vertex   -2.635010e+01 -1.777521e+01 -8.205754e+00
    endloop
  endfacet
  facet normal 2.843285e-16 -1.177727e-16 1.000000e+00
    outer loop
      vertex   -3.521222e+01 -1.277646e+01 -8.205754e+00
      vertex   -3.551192e+01 -1.350000e+01 -8.205754e+00
      vertex   -2.903209e+01 -1.293922e+01 -8.205754e+00
    endloop
  endfacet
  facet normal 2.936354e-16 -2.253144e-16 1.000000e+00
    outer loop
      vertex   -2.903209e+01 -1.293922e+01 -8.205754e+00
      vertex   -3.551192e+01 -1.350000e+01 -8.205754e+00
      vertex   -3.598868e+01 -1.412132e+01 -8.205754e+00
    endloop
  endfacet
  facet normal 2.353910e-16 1.174494e-16 1.000000e+00
    outer loop
      vertex   -2.903209e+01 -1.293922e+01 -8.205754e+00
      vertex   -3.598868e+01 -1.412132e+01 -8.205754e+00
      vertex   -2.779646e+01 -1.541565e+01 -8.205754e+00
    endloop
  endfacet
  facet normal 1.798111e-16 -2.343343e-16 1.000000e+00
    outer loop
      vertex   -2.779646e+01 -1.541565e+01 -8.205754e+00
      vertex   -3.598868e+01 -1.412132e+01 -8.205754e+00
      vertex   -3.661000e+01 -1.459808e+01 -8.205754e+00
    endloop
  endfacet
  facet normal 1.646707e-16 -3.975501e-16 1.000000e+00
    outer loop
      vertex   -2.779646e+01 -1.541565e+01 -8.205754e+00
      vertex   -3.661000e+01 -1.459808e+01 -8.205754e+00
      vertex   -3.733354e+01 -1.489778e+01 -8.205754e+00
    endloop
  endfacet
  facet normal 1.926710e-16 1.181038e-16 1.000000e+00
    outer loop
      vertex   -2.779646e+01 -1.541565e+01 -8.205754e+00
      vertex   -3.733354e+01 -1.489778e+01 -8.205754e+00
      vertex   -2.635010e+01 -1.777521e+01 -8.205754e+00
    endloop
  endfacet
  facet normal 5.409178e-17 -4.108679e-16 1.000000e+00
    outer loop
      vertex   -2.635010e+01 -1.777521e+01 -8.205754e+00
      vertex   -3.733354e+01 -1.489778e+01 -8.205754e+00
      vertex   -3.811000e+01 -1.500000e+01 -8.205754e+00
    endloop
  endfacet
  facet normal 1.922575e-01 9.813445e-01 0.000000e+00
    outer loop
      vertex   -1.000000e+01 -6.077559e+01 -3.205754e+00
      vertex   -1.000000e+01 -6.077559e+01 -7.205754e+00
      vertex   -1.367243e+01 -6.005611e+01 -3.205754e+00
    endloop
  endfacet
  facet normal 1.922575e-01 9.813445e-01 0.000000e+00
    outer loop
      vertex   -1.367243e+01 -6.005611e+01 -3.205754e+00
      vertex   -1.000000e+01 -6.077559e+01 -7.205754e+00
      vertex   -1.367243e+01 -6.005611e+01 -7.205754e+00
    endloop
  endfacet
  facet normal 2.514994e-01 9.678574e-01 0.000000e+00
    outer loop
      vertex   -1.367243e+01 -6.005611e+01 -3.205754e+00
      vertex   -1.367243e+01 -6.005611e+01 -7.205754e+00
      vertex   -1.729438e+01 -5.911494e+01 -3.205754e+00
    endloop
  endfacet
  facet normal 2.514994e-01 9.678574e-01 0.000000e+00
    outer loop
      vertex   -1.729438e+01 -5.911494e+01 -3.205754e+00
      vertex   -1.367243e+01 -6.005611e+01 -7.205754e+00
      vertex   -1.729438e+01 -5.911494e+01 -7.205754e+00
    endloop
  endfacet
  facet normal 3.098129e-01 9.507975e-01 0.000000e+00
    outer loop
      vertex   -1.729438e+01 -5.911494e+01 -3.205754e+00
      vertex   -1.729438e+01 -5.911494e+01 -7.205754e+00
      vertex   -2.085249e+01 -5.795555e+01 -3.205754e+00
    endloop
  endfacet
  facet normal 3.098129e-01 9.507975e-01 0.000000e+00
    outer loop
      vertex   -2.085249e+01 -5.795555e+01 -3.205754e+00
      vertex   -1.729438e+01 -5.911494e+01 -7.205754e+00
      vertex   -2.085249e+01 -5.795555e+01 -7.205754e+00
    endloop
  endfacet
  facet normal 3.669827e-01 9.302277e-01 0.000000e+00
    outer loop
      vertex   -2.085249e+01 -5.795555e+01 -3.205754e+00
      vertex   -2.085249e+01 -5.795555e+01 -7.205754e+00
      vertex   -2.433363e+01 -5.658221e+01 -3.205754e+00
    endloop
  endfacet
  facet normal 3.669827e-01 9.302277e-01 0.000000e+00
    outer loop
      vertex   -2.433363e+01 -5.658221e+01 -3.205754e+00
      vertex   -2.085249e+01 -5.795555e+01 -7.205754e+00
      vertex   -2.433363e+01 -5.658221e+01 -7.205754e+00
    endloop
  endfacet
  facet normal 4.227978e-01 9.062240e-01 0.000000e+00
    outer loop
      vertex   -2.433363e+01 -5.658221e+01 -3.205754e+00
      vertex   -2.433363e+01 -5.658221e+01 -7.205754e+00
      vertex   -2.772493e+01 -5.500000e+01 -3.205754e+00
    endloop
  endfacet
  facet normal 4.227978e-01 9.062240e-01 0.000000e+00
    outer loop
      vertex   -2.772493e+01 -5.500000e+01 -3.205754e+00
      vertex   -2.433363e+01 -5.658221e+01 -7.205754e+00
      vertex   -2.772493e+01 -5.500000e+01 -7.205754e+00
    endloop
  endfacet
  facet normal 1.919389e-01 -9.814069e-01 0.000000e+00
    outer loop
      vertex   -1.000000e+01 6.077559e+01 -7.205754e+00
      vertex   -1.000000e+01 6.077559e+01 -3.205754e+00
      vertex   -1.363343e+01 6.006498e+01 -7.205754e+00
    endloop
  endfacet
  facet normal 1.919389e-01 -9.814069e-01 0.000000e+00
    outer loop
      vertex   -1.363343e+01 6.006498e+01 -7.205754e+00
      vertex   -1.000000e+01 6.077559e+01 -3.205754e+00
      vertex   -1.363343e+01 6.006498e+01 -3.205754e+00
    endloop
  endfacet
  facet normal 2.505566e-01 -9.681020e-01 0.000000e+00
    outer loop
      vertex   -1.363343e+01 6.006498e+01 -7.205754e+00
      vertex   -1.363343e+01 6.006498e+01 -3.205754e+00
      vertex   -1.721759e+01 5.913735e+01 -7.205754e+00
    endloop
  endfacet
  facet normal 2.505566e-01 -9.681020e-01 0.000000e+00
    outer loop
      vertex   -1.721759e+01 5.913735e+01 -7.205754e+00
      vertex   -1.363343e+01 6.006498e+01 -3.205754e+00
      vertex   -1.721759e+01 5.913735e+01 -3.205754e+00
    endloop
  endfacet
  facet normal 3.082690e-01 -9.512992e-01 0.000000e+00
    outer loop
      vertex   -1.721759e+01 5.913735e+01 -7.205754e+00
      vertex   -1.721759e+01 5.913735e+01 -3.205754e+00
      vertex   -2.073955e+01 5.799606e+01 -7.205754e+00
    endloop
  endfacet
  facet normal 3.082690e-01 -9.512992e-01 0.000000e+00
    outer loop
      vertex   -2.073955e+01 5.799606e+01 -7.205754e+00
      vertex   -1.721759e+01 5.913735e+01 -3.205754e+00
      vertex   -2.073955e+01 5.799606e+01 -3.205754e+00
    endloop
  endfacet
  facet normal 3.648676e-01 -9.310594e-01 0.000000e+00
    outer loop
      vertex   -2.073955e+01 5.799606e+01 -7.205754e+00
      vertex   -2.073955e+01 5.799606e+01 -3.205754e+00
      vertex   -2.418658e+01 5.664522e+01 -7.205754e+00
    endloop
  endfacet
  facet normal 3.648676e-01 -9.310594e-01 0.000000e+00
    outer loop
      vertex   -2.418658e+01 5.664522e+01 -7.205754e+00
      vertex   -2.073955e+01 5.799606e+01 -3.205754e+00
      vertex   -2.418658e+01 5.664522e+01 -3.205754e+00
    endloop
  endfacet
  facet normal 4.201480e-01 -9.074556e-01 0.000000e+00
    outer loop
      vertex   -2.418658e+01 5.664522e+01 -7.205754e+00
      vertex   -2.418658e+01 5.664522e+01 -3.205754e+00
      vertex   -2.754622e+01 5.508973e+01 -7.205754e+00
    endloop
  endfacet
  facet normal 4.201480e-01 -9.074556e-01 3.731664e-16
    outer loop
      vertex   -2.754622e+01 5.508973e+01 -7.205754e+00
      vertex   -2.418658e+01 5.664522e+01 -3.205754e+00
      vertex   -2.754622e+01 5.508973e+01 -3.205754e+00
    endloop
  endfacet
  facet normal 9.999999e-01 4.611641e-04 0.000000e+00
    outer loop
      vertex   2.350000e+01 8.817083e+01 -3.205754e+00
      vertex   2.351112e+01 6.404997e+01 -3.205754e+00
      vertex   2.350000e+01 8.817083e+01 -7.205754e+00
    endloop
  endfacet
  facet normal 9.999999e-01 4.611641e-04 0.000000e+00
    outer loop
      vertex   2.350000e+01 8.817083e+01 -7.205754e+00
      vertex   2.351112e+01 6.404997e+01 -3.205754e+00
      vertex   2.351112e+01 6.404997e+01 -7.205754e+00
    endloop
  endfacet
  facet normal 0.000000e+00 0.000000e+00 1.000000e+00
    outer loop
      vertex   2.610222e+01 6.577646e+01 -7.205754e+00
      vertex   2.351112e+01 6.404997e+01 -7.205754e+00
      vertex   2.600000e+01 6.500000e+01 -7.205754e+00
    endloop
  endfacet
  facet normal 0.000000e+00 0.000000e+00 1.000000e+00
    outer loop
      vertex   2.600000e+01 6.500000e+01 -7.205754e+00
      vertex   2.351112e+01 6.404997e+01 -7.205754e+00
      vertex   2.365287e+01 6.282768e+01 -7.205754e+00
    endloop
  endfacet
  facet normal 0.000000e+00 0.000000e+00 1.000000e+00
    outer loop
      vertex   2.600000e+01 6.500000e+01 -7.205754e+00
      vertex   2.365287e+01 6.282768e+01 -7.205754e+00
      vertex   2.406281e+01 6.166750e+01 -7.205754e+00
    endloop
  endfacet
  facet normal 0.000000e+00 0.000000e+00 1.000000e+00
    outer loop
      vertex   2.640192e+01 6.650000e+01 -7.205754e+00
      vertex   2.634616e+01 7.508668e+01 -7.205754e+00
      vertex   2.610222e+01 6.577646e+01 -7.205754e+00
    endloop
  endfacet
  facet normal 0.000000e+00 -0.000000e+00 1.000000e+00
    outer loop
      vertex   2.610222e+01 6.577646e+01 -7.205754e+00
      vertex   2.634616e+01 7.508668e+01 -7.205754e+00
      vertex   2.604646e+01 7.581023e+01 -7.205754e+00
    endloop
  endfacet
  facet normal 0.000000e+00 0.000000e+00 1.000000e+00
    outer loop
      vertex   2.610222e+01 6.577646e+01 -7.205754e+00
      vertex   2.604646e+01 7.581023e+01 -7.205754e+00
      vertex   2.351112e+01 6.404997e+01 -7.205754e+00
    endloop
  endfacet
  facet normal 0.000000e+00 0.000000e+00 1.000000e+00
    outer loop
      vertex   2.351112e+01 6.404997e+01 -7.205754e+00
      vertex   2.604646e+01 7.581023e+01 -7.205754e+00
      vertex   2.594423e+01 7.658668e+01 -7.205754e+00
    endloop
  endfacet
  facet normal 0.000000e+00 -0.000000e+00 1.000000e+00
    outer loop
      vertex   2.351112e+01 6.404997e+01 -7.205754e+00
      vertex   2.594423e+01 7.658668e+01 -7.205754e+00
      vertex   2.350000e+01 8.817083e+01 -7.205754e+00
    endloop
  endfacet
  facet normal 0.000000e+00 0.000000e+00 1.000000e+00
    outer loop
      vertex   2.350000e+01 8.817083e+01 -7.205754e+00
      vertex   2.594423e+01 7.658668e+01 -7.205754e+00
      vertex   2.604646e+01 7.736314e+01 -7.205754e+00
    endloop
  endfacet
  facet normal 0.000000e+00 0.000000e+00 1.000000e+00
    outer loop
      vertex   2.350000e+01 8.817083e+01 -7.205754e+00
      vertex   2.604646e+01 7.736314e+01 -7.205754e+00
      vertex   2.610222e+01 8.739691e+01 -7.205754e+00
    endloop
  endfacet
  facet normal 0.000000e+00 0.000000e+00 1.000000e+00
    outer loop
      vertex   2.610222e+01 8.739691e+01 -7.205754e+00
      vertex   2.604646e+01 7.736314e+01 -7.205754e+00
      vertex   2.634616e+01 7.808668e+01 -7.205754e+00
    endloop
  endfacet
  facet normal 0.000000e+00 0.000000e+00 1.000000e+00
    outer loop
      vertex   2.610222e+01 8.739691e+01 -7.205754e+00
      vertex   2.634616e+01 7.808668e+01 -7.205754e+00
      vertex   2.640192e+01 8.667336e+01 -7.205754e+00
    endloop
  endfacet
  facet normal 0.000000e+00 0.000000e+00 1.000000e+00
    outer loop
      vertex   2.640192e+01 8.667336e+01 -7.205754e+00
      vertex   2.634616e+01 7.808668e+01 -7.205754e+00
      vertex   2.682291e+01 7.870800e+01 -7.205754e+00
    endloop
  endfacet
  facet normal 0.000000e+00 0.000000e+00 1.000000e+00
    outer loop
      vertex   2.640192e+01 8.667336e+01 -7.205754e+00
      vertex   2.682291e+01 7.870800e+01 -7.205754e+00
      vertex   2.687868e+01 8.605204e+01 -7.205754e+00
    endloop
  endfacet
  facet normal 0.000000e+00 0.000000e+00 1.000000e+00
    outer loop
      vertex   2.687868e+01 8.605204e+01 -7.205754e+00
      vertex   2.682291e+01 7.870800e+01 -7.205754e+00
      vertex   2.744423e+01 7.918476e+01 -7.205754e+00
    endloop
  endfacet
  facet normal 0.000000e+00 0.000000e+00 1.000000e+00
    outer loop
      vertex   2.687868e+01 8.605204e+01 -7.205754e+00
      vertex   2.744423e+01 7.918476e+01 -7.205754e+00
      vertex   2.750000e+01 8.557529e+01 -7.205754e+00
    endloop
  endfacet
  facet normal 0.000000e+00 0.000000e+00 1.000000e+00
    outer loop
      vertex   2.750000e+01 8.557529e+01 -7.205754e+00
      vertex   2.744423e+01 7.918476e+01 -7.205754e+00
      vertex   2.816778e+01 7.948446e+01 -7.205754e+00
    endloop
  endfacet
  facet normal 0.000000e+00 0.000000e+00 1.000000e+00
    outer loop
      vertex   2.750000e+01 8.557529e+01 -7.205754e+00
      vertex   2.816778e+01 7.948446e+01 -7.205754e+00
      vertex   2.822354e+01 8.527559e+01 -7.205754e+00
    endloop
  endfacet
  facet normal 0.000000e+00 0.000000e+00 1.000000e+00
    outer loop
      vertex   2.822354e+01 8.527559e+01 -7.205754e+00
      vertex   2.816778e+01 7.948446e+01 -7.205754e+00
      vertex   2.894423e+01 7.958668e+01 -7.205754e+00
    endloop
  endfacet
  facet normal 0.000000e+00 0.000000e+00 1.000000e+00
    outer loop
      vertex   2.822354e+01 8.527559e+01 -7.205754e+00
      vertex   2.894423e+01 7.958668e+01 -7.205754e+00
      vertex   2.900000e+01 8.517336e+01 -7.205754e+00
    endloop
  endfacet
  facet normal 0.000000e+00 0.000000e+00 1.000000e+00
    outer loop
      vertex   2.900000e+01 8.517336e+01 -7.205754e+00
      vertex   2.894423e+01 7.958668e+01 -7.205754e+00
      vertex   2.972069e+01 7.948446e+01 -7.205754e+00
    endloop
  endfacet
  facet normal -0.000000e+00 0.000000e+00 1.000000e+00
    outer loop
      vertex   2.900000e+01 8.517336e+01 -7.205754e+00
      vertex   2.972069e+01 7.948446e+01 -7.205754e+00
      vertex   2.977646e+01 8.527559e+01 -7.205754e+00
    endloop
  endfacet
  facet normal 0.000000e+00 0.000000e+00 1.000000e+00
    outer loop
      vertex   2.977646e+01 8.527559e+01 -7.205754e+00
      vertex   2.972069e+01 7.948446e+01 -7.205754e+00
      vertex   3.044423e+01 7.918476e+01 -7.205754e+00
    endloop
  endfacet
  facet normal -0.000000e+00 0.000000e+00 1.000000e+00
    outer loop
      vertex   2.977646e+01 8.527559e+01 -7.205754e+00
      vertex   3.044423e+01 7.918476e+01 -7.205754e+00
      vertex   3.050000e+01 8.557529e+01 -7.205754e+00
    endloop
  endfacet
  facet normal 0.000000e+00 0.000000e+00 1.000000e+00
    outer loop
      vertex   3.050000e+01 8.557529e+01 -7.205754e+00
      vertex   3.044423e+01 7.918476e+01 -7.205754e+00
      vertex   3.106556e+01 7.870800e+01 -7.205754e+00
    endloop
  endfacet
  facet normal -0.000000e+00 0.000000e+00 1.000000e+00
    outer loop
      vertex   3.050000e+01 8.557529e+01 -7.205754e+00
      vertex   3.106556e+01 7.870800e+01 -7.205754e+00
      vertex   3.112132e+01 8.605204e+01 -7.205754e+00
    endloop
  endfacet
  facet normal 0.000000e+00 0.000000e+00 1.000000e+00
    outer loop
      vertex   3.112132e+01 8.605204e+01 -7.205754e+00
      vertex   3.106556e+01 7.870800e+01 -7.205754e+00
      vertex   3.154231e+01 7.808668e+01 -7.205754e+00
    endloop
  endfacet
  facet normal -0.000000e+00 0.000000e+00 1.000000e+00
    outer loop
      vertex   3.112132e+01 8.605204e+01 -7.205754e+00
      vertex   3.154231e+01 7.808668e+01 -7.205754e+00
      vertex   3.159808e+01 8.667336e+01 -7.205754e+00
    endloop
  endfacet
  facet normal 0.000000e+00 0.000000e+00 1.000000e+00
    outer loop
      vertex   3.159808e+01 8.667336e+01 -7.205754e+00
      vertex   3.154231e+01 7.808668e+01 -7.205754e+00
      vertex   3.184201e+01 7.736314e+01 -7.205754e+00
    endloop
  endfacet
  facet normal -0.000000e+00 0.000000e+00 1.000000e+00
    outer loop
      vertex   3.159808e+01 8.667336e+01 -7.205754e+00
      vertex   3.184201e+01 7.736314e+01 -7.205754e+00
      vertex   3.189778e+01 8.739691e+01 -7.205754e+00
    endloop
  endfacet
  facet normal -0.000000e+00 0.000000e+00 1.000000e+00
    outer loop
      vertex   3.189778e+01 8.739691e+01 -7.205754e+00
      vertex   3.184201e+01 7.736314e+01 -7.205754e+00
      vertex   3.449998e+01 8.815998e+01 -7.205754e+00
    endloop
  endfacet
  facet normal 0.000000e+00 0.000000e+00 1.000000e+00
    outer loop
      vertex   3.189778e+01 8.739691e+01 -7.205754e+00
      vertex   3.449998e+01 8.815998e+01 -7.205754e+00
      vertex   3.200000e+01 8.817336e+01 -7.205754e+00
    endloop
  endfacet
  facet normal -0.000000e+00 0.000000e+00 1.000000e+00
    outer loop
      vertex   3.200000e+01 8.817336e+01 -7.205754e+00
      vertex   3.449998e+01 8.815998e+01 -7.205754e+00
      vertex   3.396014e+01 9.054971e+01 -7.205754e+00
    endloop
  endfacet
  facet normal 0.000000e+00 0.000000e+00 1.000000e+00
    outer loop
      vertex   3.200000e+01 8.817336e+01 -7.205754e+00
      vertex   3.396014e+01 9.054971e+01 -7.205754e+00
      vertex   3.330628e+01 9.159476e+01 -7.205754e+00
    endloop
  endfacet
  facet normal 0.000000e+00 0.000000e+00 1.000000e+00
    outer loop
      vertex   2.634616e+01 7.508668e+01 -7.205754e+00
      vertex   2.640192e+01 6.650000e+01 -7.205754e+00
      vertex   2.682291e+01 7.446536e+01 -7.205754e+00
    endloop
  endfacet
  facet normal 0.000000e+00 0.000000e+00 1.000000e+00
    outer loop
      vertex   2.682291e+01 7.446536e+01 -7.205754e+00
      vertex   2.640192e+01 6.650000e+01 -7.205754e+00
      vertex   2.687868e+01 6.712132e+01 -7.205754e+00
    endloop
  endfacet
  facet normal 0.000000e+00 0.000000e+00 1.000000e+00
    outer loop
      vertex   2.682291e+01 7.446536e+01 -7.205754e+00
      vertex   2.687868e+01 6.712132e+01 -7.205754e+00
      vertex   2.744423e+01 7.398861e+01 -7.205754e+00
    endloop
  endfacet
  facet normal 0.000000e+00 0.000000e+00 1.000000e+00
    outer loop
      vertex   2.744423e+01 7.398861e+01 -7.205754e+00
      vertex   2.687868e+01 6.712132e+01 -7.205754e+00
      vertex   2.750000e+01 6.759808e+01 -7.205754e+00
    endloop
  endfacet
  facet normal 0.000000e+00 0.000000e+00 1.000000e+00
    outer loop
      vertex   2.744423e+01 7.398861e+01 -7.205754e+00
      vertex   2.750000e+01 6.759808e+01 -7.205754e+00
      vertex   2.816778e+01 7.368891e+01 -7.205754e+00
    endloop
  endfacet
  facet normal 0.000000e+00 0.000000e+00 1.000000e+00
    outer loop
      vertex   2.816778e+01 7.368891e+01 -7.205754e+00
      vertex   2.750000e+01 6.759808e+01 -7.205754e+00
      vertex   2.822354e+01 6.789778e+01 -7.205754e+00
    endloop
  endfacet
  facet normal 0.000000e+00 0.000000e+00 1.000000e+00
    outer loop
      vertex   2.816778e+01 7.368891e+01 -7.205754e+00
      vertex   2.822354e+01 6.789778e+01 -7.205754e+00
      vertex   2.894423e+01 7.358668e+01 -7.205754e+00
    endloop
  endfacet
  facet normal 0.000000e+00 0.000000e+00 1.000000e+00
    outer loop
      vertex   2.894423e+01 7.358668e+01 -7.205754e+00
      vertex   2.822354e+01 6.789778e+01 -7.205754e+00
      vertex   2.900000e+01 6.800000e+01 -7.205754e+00
    endloop
  endfacet
  facet normal -0.000000e+00 0.000000e+00 1.000000e+00
    outer loop
      vertex   2.894423e+01 7.358668e+01 -7.205754e+00
      vertex   2.900000e+01 6.800000e+01 -7.205754e+00
      vertex   2.972069e+01 7.368891e+01 -7.205754e+00
    endloop
  endfacet
  facet normal 0.000000e+00 0.000000e+00 1.000000e+00
    outer loop
      vertex   2.972069e+01 7.368891e+01 -7.205754e+00
      vertex   2.900000e+01 6.800000e+01 -7.205754e+00
      vertex   2.977646e+01 6.789778e+01 -7.205754e+00
    endloop
  endfacet
  facet normal -0.000000e+00 0.000000e+00 1.000000e+00
    outer loop
      vertex   2.972069e+01 7.368891e+01 -7.205754e+00
      vertex   2.977646e+01 6.789778e+01 -7.205754e+00
      vertex   3.044423e+01 7.398861e+01 -7.205754e+00
    endloop
  endfacet
  facet normal 0.000000e+00 0.000000e+00 1.000000e+00
    outer loop
      vertex   3.044423e+01 7.398861e+01 -7.205754e+00
      vertex   2.977646e+01 6.789778e+01 -7.205754e+00
      vertex   3.050000e+01 6.759808e+01 -7.205754e+00
    endloop
  endfacet
  facet normal -0.000000e+00 0.000000e+00 1.000000e+00
    outer loop
      vertex   3.044423e+01 7.398861e+01 -7.205754e+00
      vertex   3.050000e+01 6.759808e+01 -7.205754e+00
      vertex   3.106556e+01 7.446536e+01 -7.205754e+00
    endloop
  endfacet
  facet normal 0.000000e+00 0.000000e+00 1.000000e+00
    outer loop
      vertex   3.106556e+01 7.446536e+01 -7.205754e+00
      vertex   3.050000e+01 6.759808e+01 -7.205754e+00
      vertex   3.112132e+01 6.712132e+01 -7.205754e+00
    endloop
  endfacet
  facet normal -0.000000e+00 0.000000e+00 1.000000e+00
    outer loop
      vertex   3.106556e+01 7.446536e+01 -7.205754e+00
      vertex   3.112132e+01 6.712132e+01 -7.205754e+00
      vertex   3.154231e+01 7.508668e+01 -7.205754e+00
    endloop
  endfacet
  facet normal 0.000000e+00 0.000000e+00 1.000000e+00
    outer loop
      vertex   3.154231e+01 7.508668e+01 -7.205754e+00
      vertex   3.112132e+01 6.712132e+01 -7.205754e+00
      vertex   3.159808e+01 6.650000e+01 -7.205754e+00
    endloop
  endfacet
  facet normal -0.000000e+00 0.000000e+00 1.000000e+00
    outer loop
      vertex   3.154231e+01 7.508668e+01 -7.205754e+00
      vertex   3.159808e+01 6.650000e+01 -7.205754e+00
      vertex   3.184201e+01 7.581023e+01 -7.205754e+00
    endloop
  endfacet
  facet normal 0.000000e+00 0.000000e+00 1.000000e+00
    outer loop
      vertex   3.184201e+01 7.581023e+01 -7.205754e+00
      vertex   3.159808e+01 6.650000e+01 -7.205754e+00
      vertex   3.189778e+01 6.577646e+01 -7.205754e+00
    endloop
  endfacet
  facet normal 0.000000e+00 0.000000e+00 1.000000e+00
    outer loop
      vertex   3.184201e+01 7.581023e+01 -7.205754e+00
      vertex   3.189778e+01 6.577646e+01 -7.205754e+00
      vertex   3.451109e+01 6.407097e+01 -7.205754e+00
    endloop
  endfacet
  facet normal 0.000000e+00 0.000000e+00 1.000000e+00
    outer loop
      vertex   3.451109e+01 6.407097e+01 -7.205754e+00
      vertex   3.189778e+01 6.577646e+01 -7.205754e+00
      vertex   3.200000e+01 6.500000e+01 -7.205754e+00
    endloop
  endfacet
  facet normal 0.000000e+00 0.000000e+00 1.000000e+00
    outer loop
      vertex   3.451109e+01 6.407097e+01 -7.205754e+00
      vertex   3.200000e+01 6.500000e+01 -7.205754e+00
      vertex   3.396851e+01 6.168640e+01 -7.205754e+00
    endloop
  endfacet
  facet normal 0.000000e+00 0.000000e+00 1.000000e+00
    outer loop
      vertex   3.396851e+01 6.168640e+01 -7.205754e+00
      vertex   3.200000e+01 6.500000e+01 -7.205754e+00
      vertex   3.331487e+01 6.064389e+01 -7.205754e+00
    endloop
  endfacet
  facet normal 0.000000e+00 0.000000e+00 1.000000e+00
    outer loop
      vertex   3.331487e+01 6.064389e+01 -7.205754e+00
      vertex   3.200000e+01 6.500000e+01 -7.205754e+00
      vertex   3.189778e+01 6.422354e+01 -7.205754e+00
    endloop
  endfacet
  facet normal 0.000000e+00 0.000000e+00 1.000000e+00
    outer loop
      vertex   3.331487e+01 6.064389e+01 -7.205754e+00
      vertex   3.189778e+01 6.422354e+01 -7.205754e+00
      vertex   3.244582e+01 5.977278e+01 -7.205754e+00
    endloop
  endfacet
  facet normal 0.000000e+00 0.000000e+00 1.000000e+00
    outer loop
      vertex   3.244582e+01 5.977278e+01 -7.205754e+00
      vertex   3.189778e+01 6.422354e+01 -7.205754e+00
      vertex   3.159808e+01 6.350000e+01 -7.205754e+00
    endloop
  endfacet
  facet normal 0.000000e+00 0.000000e+00 1.000000e+00
    outer loop
      vertex   3.244582e+01 5.977278e+01 -7.205754e+00
      vertex   3.159808e+01 6.350000e+01 -7.205754e+00
      vertex   3.140486e+01 5.911667e+01 -7.205754e+00
    endloop
  endfacet
  facet normal 0.000000e+00 -0.000000e+00 1.000000e+00
    outer loop
      vertex   3.140486e+01 5.911667e+01 -7.205754e+00
      vertex   3.159808e+01 6.350000e+01 -7.205754e+00
      vertex   3.112132e+01 6.287868e+01 -7.205754e+00
    endloop
  endfacet
  facet normal 0.000000e+00 0.000000e+00 1.000000e+00
    outer loop
      vertex   3.140486e+01 5.911667e+01 -7.205754e+00
      vertex   3.112132e+01 6.287868e+01 -7.205754e+00
      vertex   3.050000e+01 6.240192e+01 -7.205754e+00
    endloop
  endfacet
  facet normal 0.000000e+00 0.000000e+00 1.000000e+00
    outer loop
      vertex   3.140486e+01 5.911667e+01 -7.205754e+00
      vertex   3.050000e+01 6.240192e+01 -7.205754e+00
      vertex   3.024408e+01 5.870842e+01 -7.205754e+00
    endloop
  endfacet
  facet normal 0.000000e+00 -0.000000e+00 1.000000e+00
    outer loop
      vertex   3.024408e+01 5.870842e+01 -7.205754e+00
      vertex   3.050000e+01 6.240192e+01 -7.205754e+00
      vertex   2.977646e+01 6.210222e+01 -7.205754e+00
    endloop
  endfacet
  facet normal 0.000000e+00 0.000000e+00 1.000000e+00
    outer loop
      vertex   3.024408e+01 5.870842e+01 -7.205754e+00
      vertex   2.977646e+01 6.210222e+01 -7.205754e+00
      vertex   2.902159e+01 5.856844e+01 -7.205754e+00
    endloop
  endfacet
  facet normal 0.000000e+00 -0.000000e+00 1.000000e+00
    outer loop
      vertex   2.902159e+01 5.856844e+01 -7.205754e+00
      vertex   2.977646e+01 6.210222e+01 -7.205754e+00
      vertex   2.900000e+01 6.200000e+01 -7.205754e+00
    endloop
  endfacet
  facet normal 0.000000e+00 0.000000e+00 1.000000e+00
    outer loop
      vertex   2.902159e+01 5.856844e+01 -7.205754e+00
      vertex   2.900000e+01 6.200000e+01 -7.205754e+00
      vertex   2.822354e+01 6.210222e+01 -7.205754e+00
    endloop
  endfacet
  facet normal 0.000000e+00 0.000000e+00 1.000000e+00
    outer loop
      vertex   2.902159e+01 5.856844e+01 -7.205754e+00
      vertex   2.822354e+01 6.210222e+01 -7.205754e+00
      vertex   2.779857e+01 5.870375e+01 -7.205754e+00
    endloop
  endfacet
  facet normal 0.000000e+00 -0.000000e+00 1.000000e+00
    outer loop
      vertex   2.779857e+01 5.870375e+01 -7.205754e+00
      vertex   2.822354e+01 6.210222e+01 -7.205754e+00
      vertex   2.750000e+01 6.240192e+01 -7.205754e+00
    endloop
  endfacet
  facet normal 0.000000e+00 0.000000e+00 1.000000e+00
    outer loop
      vertex   2.779857e+01 5.870375e+01 -7.205754e+00
      vertex   2.750000e+01 6.240192e+01 -7.205754e+00
      vertex   2.663624e+01 5.910757e+01 -7.205754e+00
    endloop
  endfacet
  facet normal 0.000000e+00 0.000000e+00 1.000000e+00
    outer loop
      vertex   2.663624e+01 5.910757e+01 -7.205754e+00
      vertex   2.750000e+01 6.240192e+01 -7.205754e+00
      vertex   2.687868e+01 6.287868e+01 -7.205754e+00
    endloop
  endfacet
  facet normal 0.000000e+00 -0.000000e+00 1.000000e+00
    outer loop
      vertex   2.663624e+01 5.910757e+01 -7.205754e+00
      vertex   2.687868e+01 6.287868e+01 -7.205754e+00
      vertex   2.640192e+01 6.350000e+01 -7.205754e+00
    endloop
  endfacet
  facet normal 0.000000e+00 0.000000e+00 1.000000e+00
    outer loop
      vertex   2.663624e+01 5.910757e+01 -7.205754e+00
      vertex   2.640192e+01 6.350000e+01 -7.205754e+00
      vertex   2.559278e+01 5.975970e+01 -7.205754e+00
    endloop
  endfacet
  facet normal 0.000000e+00 0.000000e+00 1.000000e+00
    outer loop
      vertex   2.559278e+01 5.975970e+01 -7.205754e+00
      vertex   2.640192e+01 6.350000e+01 -7.205754e+00
      vertex   2.610222e+01 6.422354e+01 -7.205754e+00
    endloop
  endfacet
  facet normal 0.000000e+00 -0.000000e+00 1.000000e+00
    outer loop
      vertex   2.559278e+01 5.975970e+01 -7.205754e+00
      vertex   2.610222e+01 6.422354e+01 -7.205754e+00
      vertex   2.472042e+01 6.062749e+01 -7.205754e+00
    endloop
  endfacet
  facet normal 0.000000e+00 0.000000e+00 1.000000e+00
    outer loop
      vertex   2.472042e+01 6.062749e+01 -7.205754e+00
      vertex   2.610222e+01 6.422354e+01 -7.205754e+00
      vertex   2.600000e+01 6.500000e+01 -7.205754e+00
    endloop
  endfacet
  facet normal 0.000000e+00 -0.000000e+00 1.000000e+00
    outer loop
      vertex   2.472042e+01 6.062749e+01 -7.205754e+00
      vertex   2.600000e+01 6.500000e+01 -7.205754e+00
      vertex   2.406281e+01 6.166750e+01 -7.205754e+00
    endloop
  endfacet
  facet normal 0.000000e+00 0.000000e+00 1.000000e+00
    outer loop
      vertex   2.610222e+01 8.894982e+01 -7.205754e+00
      vertex   2.470047e+01 9.160324e+01 -7.205754e+00
      vertex   2.600000e+01 8.817336e+01 -7.205754e+00
    endloop
  endfacet
  facet normal 0.000000e+00 0.000000e+00 1.000000e+00
    outer loop
      vertex   2.600000e+01 8.817336e+01 -7.205754e+00
      vertex   2.470047e+01 9.160324e+01 -7.205754e+00
      vertex   2.404456e+01 9.055949e+01 -7.205754e+00
    endloop
  endfacet
  facet normal 0.000000e+00 0.000000e+00 1.000000e+00
    outer loop
      vertex   2.600000e+01 8.817336e+01 -7.205754e+00
      vertex   2.404456e+01 9.055949e+01 -7.205754e+00
      vertex   2.350000e+01 8.817083e+01 -7.205754e+00
    endloop
  endfacet
  facet normal 0.000000e+00 0.000000e+00 1.000000e+00
    outer loop
      vertex   2.350000e+01 8.817083e+01 -7.205754e+00
      vertex   2.404456e+01 9.055949e+01 -7.205754e+00
      vertex   2.363758e+01 8.939587e+01 -7.205754e+00
    endloop
  endfacet
  facet normal -0.000000e+00 0.000000e+00 1.000000e+00
    outer loop
      vertex   2.470047e+01 9.160324e+01 -7.205754e+00
      vertex   2.610222e+01 8.894982e+01 -7.205754e+00
      vertex   2.557238e+01 9.247469e+01 -7.205754e+00
    endloop
  endfacet
  facet normal 0.000000e+00 0.000000e+00 1.000000e+00
    outer loop
      vertex   2.557238e+01 9.247469e+01 -7.205754e+00
      vertex   2.610222e+01 8.894982e+01 -7.205754e+00
      vertex   2.640192e+01 8.967336e+01 -7.205754e+00
    endloop
  endfacet
  facet normal -0.000000e+00 0.000000e+00 1.000000e+00
    outer loop
      vertex   2.557238e+01 9.247469e+01 -7.205754e+00
      vertex   2.640192e+01 8.967336e+01 -7.205754e+00
      vertex   2.661648e+01 9.313006e+01 -7.205754e+00
    endloop
  endfacet
  facet normal 0.000000e+00 0.000000e+00 1.000000e+00
    outer loop
      vertex   2.661648e+01 9.313006e+01 -7.205754e+00
      vertex   2.640192e+01 8.967336e+01 -7.205754e+00
      vertex   2.687868e+01 9.029468e+01 -7.205754e+00
    endloop
  endfacet
  facet normal 0.000000e+00 0.000000e+00 1.000000e+00
    outer loop
      vertex   2.661648e+01 9.313006e+01 -7.205754e+00
      vertex   2.687868e+01 9.029468e+01 -7.205754e+00
      vertex   2.750000e+01 9.077144e+01 -7.205754e+00
    endloop
  endfacet
  facet normal -0.000000e+00 0.000000e+00 1.000000e+00
    outer loop
      vertex   2.661648e+01 9.313006e+01 -7.205754e+00
      vertex   2.750000e+01 9.077144e+01 -7.205754e+00
      vertex   2.778031e+01 9.353642e+01 -7.205754e+00
    endloop
  endfacet
  facet normal 0.000000e+00 0.000000e+00 1.000000e+00
    outer loop
      vertex   2.778031e+01 9.353642e+01 -7.205754e+00
      vertex   2.750000e+01 9.077144e+01 -7.205754e+00
      vertex   2.822354e+01 9.107114e+01 -7.205754e+00
    endloop
  endfacet
  facet normal -0.000000e+00 0.000000e+00 1.000000e+00
    outer loop
      vertex   2.778031e+01 9.353642e+01 -7.205754e+00
      vertex   2.822354e+01 9.107114e+01 -7.205754e+00
      vertex   2.900542e+01 9.367336e+01 -7.205754e+00
    endloop
  endfacet
  facet normal 0.000000e+00 0.000000e+00 1.000000e+00
    outer loop
      vertex   2.900542e+01 9.367336e+01 -7.205754e+00
      vertex   2.822354e+01 9.107114e+01 -7.205754e+00
      vertex   2.900000e+01 9.117336e+01 -7.205754e+00
    endloop
  endfacet
  facet normal 0.000000e+00 0.000000e+00 1.000000e+00
    outer loop
      vertex   2.900542e+01 9.367336e+01 -7.205754e+00
      vertex   2.900000e+01 9.117336e+01 -7.205754e+00
      vertex   2.977646e+01 9.107114e+01 -7.205754e+00
    endloop
  endfacet
  facet normal 0.000000e+00 0.000000e+00 1.000000e+00
    outer loop
      vertex   2.900542e+01 9.367336e+01 -7.205754e+00
      vertex   2.977646e+01 9.107114e+01 -7.205754e+00
      vertex   3.023026e+01 9.353400e+01 -7.205754e+00
    endloop
  endfacet
  facet normal 0.000000e+00 0.000000e+00 1.000000e+00
    outer loop
      vertex   3.023026e+01 9.353400e+01 -7.205754e+00
      vertex   2.977646e+01 9.107114e+01 -7.205754e+00
      vertex   3.050000e+01 9.077144e+01 -7.205754e+00
    endloop
  endfacet
  facet normal 0.000000e+00 0.000000e+00 1.000000e+00
    outer loop
      vertex   3.023026e+01 9.353400e+01 -7.205754e+00
      vertex   3.050000e+01 9.077144e+01 -7.205754e+00
      vertex   3.139329e+01 9.312535e+01 -7.205754e+00
    endloop
  endfacet
  facet normal 0.000000e+00 0.000000e+00 1.000000e+00
    outer loop
      vertex   3.139329e+01 9.312535e+01 -7.205754e+00
      vertex   3.050000e+01 9.077144e+01 -7.205754e+00
      vertex   3.112132e+01 9.029468e+01 -7.205754e+00
    endloop
  endfacet
  facet normal 0.000000e+00 0.000000e+00 1.000000e+00
    outer loop
      vertex   3.139329e+01 9.312535e+01 -7.205754e+00
      vertex   3.112132e+01 9.029468e+01 -7.205754e+00
      vertex   3.159808e+01 8.967336e+01 -7.205754e+00
    endloop
  endfacet
  facet normal 0.000000e+00 0.000000e+00 1.000000e+00
    outer loop
      vertex   3.139329e+01 9.312535e+01 -7.205754e+00
      vertex   3.159808e+01 8.967336e+01 -7.205754e+00
      vertex   3.243610e+01 9.246792e+01 -7.205754e+00
    endloop
  endfacet
  facet normal 0.000000e+00 0.000000e+00 1.000000e+00
    outer loop
      vertex   3.243610e+01 9.246792e+01 -7.205754e+00
      vertex   3.159808e+01 8.967336e+01 -7.205754e+00
      vertex   3.189778e+01 8.894982e+01 -7.205754e+00
    endloop
  endfacet
  facet normal 0.000000e+00 0.000000e+00 1.000000e+00
    outer loop
      vertex   3.243610e+01 9.246792e+01 -7.205754e+00
      vertex   3.189778e+01 8.894982e+01 -7.205754e+00
      vertex   3.330628e+01 9.159476e+01 -7.205754e+00
    endloop
  endfacet
  facet normal 0.000000e+00 0.000000e+00 1.000000e+00
    outer loop
      vertex   3.330628e+01 9.159476e+01 -7.205754e+00
      vertex   3.189778e+01 8.894982e+01 -7.205754e+00
      vertex   3.200000e+01 8.817336e+01 -7.205754e+00
    endloop
  endfacet
  facet normal 0.000000e+00 0.000000e+00 1.000000e+00
    outer loop
      vertex   2.610222e+01 8.739691e+01 -7.205754e+00
      vertex   2.600000e+01 8.817336e+01 -7.205754e+00
      vertex   2.350000e+01 8.817083e+01 -7.205754e+00
    endloop
  endfacet
  facet normal -0.000000e+00 0.000000e+00 1.000000e+00
    outer loop
      vertex   3.184201e+01 7.736314e+01 -7.205754e+00
      vertex   3.194423e+01 7.658668e+01 -7.205754e+00
      vertex   3.449998e+01 8.815998e+01 -7.205754e+00
    endloop
  endfacet
  facet normal 0.000000e+00 0.000000e+00 1.000000e+00
    outer loop
      vertex   3.449998e+01 8.815998e+01 -7.205754e+00
      vertex   3.194423e+01 7.658668e+01 -7.205754e+00
      vertex   3.451109e+01 6.407097e+01 -7.205754e+00
    endloop
  endfacet
  facet normal 0.000000e+00 0.000000e+00 1.000000e+00
    outer loop
      vertex   3.451109e+01 6.407097e+01 -7.205754e+00
      vertex   3.194423e+01 7.658668e+01 -7.205754e+00
      vertex   3.184201e+01 7.581023e+01 -7.205754e+00
    endloop
  endfacet
  facet normal 0.000000e+00 0.000000e+00 1.000000e+00
    outer loop
      vertex   3.449998e+01 8.815998e+01 -7.205754e+00
      vertex   3.436481e+01 8.938529e+01 -7.205754e+00
      vertex   3.396014e+01 9.054971e+01 -7.205754e+00
    endloop
  endfacet
  facet normal 0.000000e+00 0.000000e+00 1.000000e+00
    outer loop
      vertex   3.396851e+01 6.168640e+01 -7.205754e+00
      vertex   3.437401e+01 6.284815e+01 -7.205754e+00
      vertex   3.451109e+01 6.407097e+01 -7.205754e+00
    endloop
  endfacet
  facet normal 9.933428e-01 1.151958e-01 -0.000000e+00
    outer loop
      vertex   2.351112e+01 6.404997e+01 -7.205754e+00
      vertex   2.351112e+01 6.404997e+01 -3.205754e+00
      vertex   2.365287e+01 6.282768e+01 -7.205754e+00
    endloop
  endfacet
  facet normal 9.933428e-01 1.151958e-01 -0.000000e+00
    outer loop
      vertex   2.365287e+01 6.282768e+01 -7.205754e+00
      vertex   2.351112e+01 6.404997e+01 -3.205754e+00
      vertex   2.365287e+01 6.282768e+01 -3.205754e+00
    endloop
  endfacet
  facet normal 9.428731e-01 3.331522e-01 -0.000000e+00
    outer loop
      vertex   2.365287e+01 6.282768e+01 -7.205754e+00
      vertex   2.365287e+01 6.282768e+01 -3.205754e+00
      vertex   2.406281e+01 6.166750e+01 -7.205754e+00
    endloop
  endfacet
  facet normal 9.428731e-01 3.331522e-01 -0.000000e+00
    outer loop
      vertex   2.406281e+01 6.166750e+01 -7.205754e+00
      vertex   2.365287e+01 6.282768e+01 -3.205754e+00
      vertex   2.406281e+01 6.166750e+01 -3.205754e+00
    endloop
  endfacet
  facet normal 8.452104e-01 5.344336e-01 -0.000000e+00
    outer loop
      vertex   2.406281e+01 6.166750e+01 -7.205754e+00
      vertex   2.406281e+01 6.166750e+01 -3.205754e+00
      vertex   2.472042e+01 6.062749e+01 -7.205754e+00
    endloop
  endfacet
  facet normal 8.452104e-01 5.344336e-01 -0.000000e+00
    outer loop
      vertex   2.472042e+01 6.062749e+01 -7.205754e+00
      vertex   2.406281e+01 6.166750e+01 -3.205754e+00
      vertex   2.472042e+01 6.062749e+01 -3.205754e+00
    endloop
  endfacet
  facet normal 7.052432e-01 7.089655e-01 -0.000000e+00
    outer loop
      vertex   2.472042e+01 6.062749e+01 -7.205754e+00
      vertex   2.472042e+01 6.062749e+01 -3.205754e+00
      vertex   2.559278e+01 5.975970e+01 -7.205754e+00
    endloop
  endfacet
  facet normal 7.052432e-01 7.089655e-01 -0.000000e+00
    outer loop
      vertex   2.559278e+01 5.975970e+01 -7.205754e+00
      vertex   2.472042e+01 6.062749e+01 -3.205754e+00
      vertex   2.559278e+01 5.975970e+01 -3.205754e+00
    endloop
  endfacet
  facet normal 5.299769e-01 8.480121e-01 -0.000000e+00
    outer loop
      vertex   2.559278e+01 5.975970e+01 -7.205754e+00
      vertex   2.559278e+01 5.975970e+01 -3.205754e+00
      vertex   2.663624e+01 5.910757e+01 -7.205754e+00
    endloop
  endfacet
  facet normal 5.299769e-01 8.480121e-01 -0.000000e+00
    outer loop
      vertex   2.663624e+01 5.910757e+01 -7.205754e+00
      vertex   2.559278e+01 5.975970e+01 -3.205754e+00
      vertex   2.663624e+01 5.910757e+01 -3.205754e+00
    endloop
  endfacet
  facet normal 3.281842e-01 9.446138e-01 -0.000000e+00
    outer loop
      vertex   2.663624e+01 5.910757e+01 -7.205754e+00
      vertex   2.663624e+01 5.910757e+01 -3.205754e+00
      vertex   2.779857e+01 5.870375e+01 -7.205754e+00
    endloop
  endfacet
  facet normal 3.281842e-01 9.446138e-01 -0.000000e+00
    outer loop
      vertex   2.779857e+01 5.870375e+01 -7.205754e+00
      vertex   2.663624e+01 5.910757e+01 -3.205754e+00
      vertex   2.779857e+01 5.870375e+01 -3.205754e+00
    endloop
  endfacet
  facet normal 1.099651e-01 9.939355e-01 -0.000000e+00
    outer loop
      vertex   2.779857e+01 5.870375e+01 -7.205754e+00
      vertex   2.779857e+01 5.870375e+01 -3.205754e+00
      vertex   2.902159e+01 5.856844e+01 -7.205754e+00
    endloop
  endfacet
  facet normal 1.099651e-01 9.939355e-01 -0.000000e+00
    outer loop
      vertex   2.902159e+01 5.856844e+01 -7.205754e+00
      vertex   2.779857e+01 5.870375e+01 -3.205754e+00
      vertex   2.902159e+01 5.856844e+01 -3.205754e+00
    endloop
  endfacet
  facet normal -1.137580e-01 9.935085e-01 0.000000e+00
    outer loop
      vertex   2.902159e+01 5.856844e+01 -7.205754e+00
      vertex   2.902159e+01 5.856844e+01 -3.205754e+00
      vertex   3.024408e+01 5.870842e+01 -7.205754e+00
    endloop
  endfacet
  facet normal -1.137580e-01 9.935085e-01 0.000000e+00
    outer loop
      vertex   3.024408e+01 5.870842e+01 -7.205754e+00
      vertex   2.902159e+01 5.856844e+01 -3.205754e+00
      vertex   3.024408e+01 5.870842e+01 -3.205754e+00
    endloop
  endfacet
  facet normal -3.317873e-01 9.433542e-01 0.000000e+00
    outer loop
      vertex   3.024408e+01 5.870842e+01 -7.205754e+00
      vertex   3.024408e+01 5.870842e+01 -3.205754e+00
      vertex   3.140486e+01 5.911667e+01 -7.205754e+00
    endloop
  endfacet
  facet normal -3.317873e-01 9.433542e-01 0.000000e+00
    outer loop
      vertex   3.140486e+01 5.911667e+01 -7.205754e+00
      vertex   3.024408e+01 5.870842e+01 -3.205754e+00
      vertex   3.140486e+01 5.911667e+01 -3.205754e+00
    endloop
  endfacet
  facet normal -5.332098e-01 8.459830e-01 0.000000e+00
    outer loop
      vertex   3.140486e+01 5.911667e+01 -7.205754e+00
      vertex   3.140486e+01 5.911667e+01 -3.205754e+00
      vertex   3.244582e+01 5.977278e+01 -7.205754e+00
    endloop
  endfacet
  facet normal -5.332098e-01 8.459830e-01 0.000000e+00
    outer loop
      vertex   3.244582e+01 5.977278e+01 -7.205754e+00
      vertex   3.140486e+01 5.911667e+01 -3.205754e+00
      vertex   3.244582e+01 5.977278e+01 -3.205754e+00
    endloop
  endfacet
  facet normal -7.079441e-01 7.062685e-01 0.000000e+00
    outer loop
      vertex   3.244582e+01 5.977278e+01 -7.205754e+00
      vertex   3.244582e+01 5.977278e+01 -3.205754e+00
      vertex   3.331487e+01 6.064389e+01 -7.205754e+00
    endloop
  endfacet
  facet normal -7.079441e-01 7.062685e-01 0.000000e+00
    outer loop
      vertex   3.331487e+01 6.064389e+01 -7.205754e+00
      vertex   3.244582e+01 5.977278e+01 -3.205754e+00
      vertex   3.331487e+01 6.064389e+01 -3.205754e+00
    endloop
  endfacet
  facet normal -8.472441e-01 5.312037e-01 0.000000e+00
    outer loop
      vertex   3.331487e+01 6.064389e+01 -7.205754e+00
      vertex   3.331487e+01 6.064389e+01 -3.205754e+00
      vertex   3.396851e+01 6.168640e+01 -7.205754e+00
    endloop
  endfacet
  facet normal -8.472441e-01 5.312037e-01 0.000000e+00
    outer loop
      vertex   3.396851e+01 6.168640e+01 -7.205754e+00
      vertex   3.331487e+01 6.064389e+01 -3.205754e+00
      vertex   3.396851e+01 6.168640e+01 -3.205754e+00
    endloop
  endfacet
  facet normal -9.441378e-01 3.295509e-01 0.000000e+00
    outer loop
      vertex   3.396851e+01 6.168640e+01 -7.205754e+00
      vertex   3.396851e+01 6.168640e+01 -3.205754e+00
      vertex   3.437401e+01 6.284815e+01 -7.205754e+00
    endloop
  endfacet
  facet normal -9.441378e-01 3.295509e-01 0.000000e+00
    outer loop
      vertex   3.437401e+01 6.284815e+01 -7.205754e+00
      vertex   3.396851e+01 6.168640e+01 -3.205754e+00
      vertex   3.437401e+01 6.284815e+01 -3.205754e+00
    endloop
  endfacet
  facet normal -9.937753e-01 1.114035e-01 0.000000e+00
    outer loop
      vertex   3.437401e+01 6.284815e+01 -7.205754e+00
      vertex   3.437401e+01 6.284815e+01 -3.205754e+00
      vertex   3.451109e+01 6.407097e+01 -7.205754e+00
    endloop
  endfacet
  facet normal -9.937753e-01 1.114035e-01 0.000000e+00
    outer loop
      vertex   3.451109e+01 6.407097e+01 -7.205754e+00
      vertex   3.437401e+01 6.284815e+01 -3.205754e+00
      vertex   3.451109e+01 6.407097e+01 -3.205754e+00
    endloop
  endfacet
  facet normal -9.999999e-01 -4.611641e-04 -0.000000e+00
    outer loop
      vertex   3.451109e+01 6.407097e+01 -3.205754e+00
      vertex   3.449998e+01 8.815998e+01 -3.205754e+00
      vertex   3.451109e+01 6.407097e+01 -7.205754e+00
    endloop
  endfacet
  facet normal -9.999999e-01 -4.611641e-04 0.000000e+00
    outer loop
      vertex   3.451109e+01 6.407097e+01 -7.205754e+00
      vertex   3.449998e+01 8.815998e+01 -3.205754e+00
      vertex   3.449998e+01 8.815998e+01 -7.205754e+00
    endloop
  endfacet
  facet normal 1.000000e+00 -2.524074e-08 0.000000e+00
    outer loop
      vertex   -5.050000e+01 8.817083e+01 -3.205754e+00
      vertex   -5.050000e+01 6.500000e+01 -3.205754e+00
      vertex   -5.050000e+01 8.817083e+01 -7.205754e+00
    endloop
  endfacet
  facet normal 1.000000e+00 -2.524074e-08 0.000000e+00
    outer loop
      vertex   -5.050000e+01 8.817083e+01 -7.205754e+00
      vertex   -5.050000e+01 6.500000e+01 -3.205754e+00
      vertex   -5.050000e+01 6.500000e+01 -7.205754e+00
    endloop
  endfacet
  facet normal -3.132098e-01 -9.496840e-01 0.000000e+00
    outer loop
      vertex   -4.279416e+01 9.321164e+01 -3.205754e+00
      vertex   -4.279416e+01 9.321164e+01 1.079425e+01
      vertex   -4.377578e+01 9.353539e+01 -7.205754e+00
    endloop
  endfacet
  facet normal -3.045895e-01 -9.524836e-01 -5.204583e-04
    outer loop
      vertex   -4.377578e+01 9.353539e+01 -7.205754e+00
      vertex   -4.279416e+01 9.321164e+01 1.079425e+01
      vertex   -4.387318e+01 9.355670e+01 1.079425e+01
    endloop
  endfacet
  facet normal -1.119972e-01 -9.937084e-01 5.704147e-04
    outer loop
      vertex   -4.377578e+01 9.353539e+01 -7.205754e+00
      vertex   -4.387318e+01 9.355670e+01 1.079425e+01
      vertex   -4.500000e+01 9.367336e+01 -7.205754e+00
    endloop
  endfacet
  facet normal -1.029862e-01 -9.946828e-01 0.000000e+00
    outer loop
      vertex   -4.500000e+01 9.367336e+01 -7.205754e+00
      vertex   -4.387318e+01 9.355670e+01 1.079425e+01
      vertex   -4.500000e+01 9.367336e+01 1.079425e+01
    endloop
  endfacet
  facet normal 1.029862e-01 -9.946828e-01 0.000000e+00
    outer loop
      vertex   -4.500000e+01 9.367336e+01 -7.205754e+00
      vertex   -4.500000e+01 9.367336e+01 1.079425e+01
      vertex   -4.612683e+01 9.355670e+01 1.079425e+01
    endloop
  endfacet
  facet normal 1.119972e-01 -9.937084e-01 5.704147e-04
    outer loop
      vertex   -4.500000e+01 9.367336e+01 -7.205754e+00
      vertex   -4.612683e+01 9.355670e+01 1.079425e+01
      vertex   -4.622422e+01 9.353539e+01 -7.205754e+00
    endloop
  endfacet
  facet normal 3.045895e-01 -9.524836e-01 -5.204583e-04
    outer loop
      vertex   -4.622422e+01 9.353539e+01 -7.205754e+00
      vertex   -4.612683e+01 9.355670e+01 1.079425e+01
      vertex   -4.720585e+01 9.321164e+01 1.079425e+01
    endloop
  endfacet
  facet normal 3.132098e-01 -9.496840e-01 0.000000e+00
    outer loop
      vertex   -4.622422e+01 9.353539e+01 -7.205754e+00
      vertex   -4.720585e+01 9.321164e+01 1.079425e+01
      vertex   -4.720585e+01 9.321164e+01 -3.205754e+00
    endloop
  endfacet
  facet normal 3.303687e-01 -9.438403e-01 4.683881e-03
    outer loop
      vertex   -4.622422e+01 9.353539e+01 -7.205754e+00
      vertex   -4.720585e+01 9.321164e+01 -3.205754e+00
      vertex   -4.738701e+01 9.312838e+01 -7.205754e+00
    endloop
  endfacet
  facet normal 5.042625e-01 -8.635367e-01 -4.863759e-03
    outer loop
      vertex   -4.738701e+01 9.312838e+01 -7.205754e+00
      vertex   -4.720585e+01 9.321164e+01 -3.205754e+00
      vertex   -4.830392e+01 9.257042e+01 -3.205754e+00
    endloop
  endfacet
  facet normal 5.321675e-01 -8.466302e-01 3.891100e-03
    outer loop
      vertex   -4.738701e+01 9.312838e+01 -7.205754e+00
      vertex   -4.830392e+01 9.257042e+01 -3.205754e+00
      vertex   -4.843004e+01 9.247276e+01 -7.205754e+00
    endloop
  endfacet
  facet normal 6.890976e-01 -7.246573e-01 -4.034956e-03
    outer loop
      vertex   -4.843004e+01 9.247276e+01 -7.205754e+00
      vertex   -4.830392e+01 9.257042e+01 -3.205754e+00
      vertex   -4.922540e+01 9.169416e+01 -3.205754e+00
    endloop
  endfacet
  facet normal 7.072666e-01 -7.069405e-01 3.026274e-03
    outer loop
      vertex   -4.843004e+01 9.247276e+01 -7.205754e+00
      vertex   -4.922540e+01 9.169416e+01 -3.205754e+00
      vertex   -4.930098e+01 9.160143e+01 -7.205754e+00
    endloop
  endfacet
  facet normal 8.370995e-01 -5.470416e-01 -3.134129e-03
    outer loop
      vertex   -4.930098e+01 9.160143e+01 -7.205754e+00
      vertex   -4.922540e+01 9.169416e+01 -3.205754e+00
      vertex   -4.992101e+01 9.062971e+01 -3.205754e+00
    endloop
  endfacet
  facet normal 8.468800e-01 -5.317799e-01 2.089448e-03
    outer loop
      vertex   -4.930098e+01 9.160143e+01 -7.205754e+00
      vertex   -4.992101e+01 9.062971e+01 -3.205754e+00
      vertex   -4.995612e+01 9.055809e+01 -7.205754e+00
    endloop
  endfacet
  facet normal 9.403565e-01 -3.401837e-01 -2.161325e-03
    outer loop
      vertex   -4.995612e+01 9.055809e+01 -7.205754e+00
      vertex   -4.992101e+01 9.062971e+01 -3.205754e+00
      vertex   -5.035359e+01 8.943396e+01 -3.205754e+00
    endloop
  endfacet
  facet normal 9.440024e-01 -3.299368e-01 1.080671e-03
    outer loop
      vertex   -4.995612e+01 9.055809e+01 -7.205754e+00
      vertex   -5.035359e+01 8.943396e+01 -3.205754e+00
      vertex   -5.036259e+01 8.939511e+01 -7.205754e+00
    endloop
  endfacet
  facet normal 9.933485e-01 -1.151409e-01 -1.116596e-03
    outer loop
      vertex   -5.036259e+01 8.939511e+01 -7.205754e+00
      vertex   -5.035359e+01 8.943396e+01 -3.205754e+00
      vertex   -5.050000e+01 8.817083e+01 -3.205754e+00
    endloop
  endfacet
  facet normal 9.937601e-01 -1.115389e-01 0.000000e+00
    outer loop
      vertex   -5.036259e+01 8.939511e+01 -7.205754e+00
      vertex   -5.050000e+01 8.817083e+01 -3.205754e+00
      vertex   -5.050000e+01 8.817083e+01 -7.205754e+00
    endloop
  endfacet
  facet normal -3.303687e-01 -9.438403e-01 4.683881e-03
    outer loop
      vertex   -4.377578e+01 9.353539e+01 -7.205754e+00
      vertex   -4.261299e+01 9.312838e+01 -7.205754e+00
      vertex   -4.279416e+01 9.321164e+01 -3.205754e+00
    endloop
  endfacet
  facet normal -5.042625e-01 -8.635367e-01 -4.863759e-03
    outer loop
      vertex   -4.279416e+01 9.321164e+01 -3.205754e+00
      vertex   -4.261299e+01 9.312838e+01 -7.205754e+00
      vertex   -4.169608e+01 9.257042e+01 -3.205754e+00
    endloop
  endfacet
  facet normal -5.321675e-01 -8.466302e-01 3.891100e-03
    outer loop
      vertex   -4.169608e+01 9.257042e+01 -3.205754e+00
      vertex   -4.261299e+01 9.312838e+01 -7.205754e+00
      vertex   -4.156996e+01 9.247276e+01 -7.205754e+00
    endloop
  endfacet
  facet normal -6.890976e-01 -7.246573e-01 -4.034956e-03
    outer loop
      vertex   -4.169608e+01 9.257042e+01 -3.205754e+00
      vertex   -4.156996e+01 9.247276e+01 -7.205754e+00
      vertex   -4.077460e+01 9.169416e+01 -3.205754e+00
    endloop
  endfacet
  facet normal -7.072666e-01 -7.069405e-01 3.026274e-03
    outer loop
      vertex   -4.077460e+01 9.169416e+01 -3.205754e+00
      vertex   -4.156996e+01 9.247276e+01 -7.205754e+00
      vertex   -4.069902e+01 9.160143e+01 -7.205754e+00
    endloop
  endfacet
  facet normal -8.370995e-01 -5.470416e-01 -3.134129e-03
    outer loop
      vertex   -4.077460e+01 9.169416e+01 -3.205754e+00
      vertex   -4.069902e+01 9.160143e+01 -7.205754e+00
      vertex   -4.007899e+01 9.062971e+01 -3.205754e+00
    endloop
  endfacet
  facet normal -8.468800e-01 -5.317799e-01 2.089448e-03
    outer loop
      vertex   -4.007899e+01 9.062971e+01 -3.205754e+00
      vertex   -4.069902e+01 9.160143e+01 -7.205754e+00
      vertex   -4.004389e+01 9.055809e+01 -7.205754e+00
    endloop
  endfacet
  facet normal -9.403565e-01 -3.401837e-01 -2.161325e-03
    outer loop
      vertex   -4.007899e+01 9.062971e+01 -3.205754e+00
      vertex   -4.004389e+01 9.055809e+01 -7.205754e+00
      vertex   -3.964641e+01 8.943396e+01 -3.205754e+00
    endloop
  endfacet
  facet normal -9.440024e-01 -3.299368e-01 1.080671e-03
    outer loop
      vertex   -3.964641e+01 8.943396e+01 -3.205754e+00
      vertex   -4.004389e+01 9.055809e+01 -7.205754e+00
      vertex   -3.963741e+01 8.939511e+01 -7.205754e+00
    endloop
  endfacet
  facet normal -9.933485e-01 -1.151409e-01 -1.116596e-03
    outer loop
      vertex   -3.964641e+01 8.943396e+01 -3.205754e+00
      vertex   -3.963741e+01 8.939511e+01 -7.205754e+00
      vertex   -3.950000e+01 8.817083e+01 -3.205754e+00
    endloop
  endfacet
  facet normal -9.937601e-01 -1.115389e-01 -0.000000e+00
    outer loop
      vertex   -3.950000e+01 8.817083e+01 -3.205754e+00
      vertex   -3.963741e+01 8.939511e+01 -7.205754e+00
      vertex   -3.950000e+01 8.817083e+01 -7.205754e+00
    endloop
  endfacet
  facet normal 0.000000e+00 0.000000e+00 1.000000e+00
    outer loop
      vertex   -4.789778e+01 6.577646e+01 -7.205754e+00
      vertex   -5.050000e+01 6.500000e+01 -7.205754e+00
      vertex   -4.800000e+01 6.500000e+01 -7.205754e+00
    endloop
  endfacet
  facet normal 0.000000e+00 0.000000e+00 1.000000e+00
    outer loop
      vertex   -4.800000e+01 6.500000e+01 -7.205754e+00
      vertex   -5.050000e+01 6.500000e+01 -7.205754e+00
      vertex   -5.036210e+01 6.377614e+01 -7.205754e+00
    endloop
  endfacet
  facet normal 0.000000e+00 0.000000e+00 1.000000e+00
    outer loop
      vertex   -4.800000e+01 6.500000e+01 -7.205754e+00
      vertex   -5.036210e+01 6.377614e+01 -7.205754e+00
      vertex   -4.995533e+01 6.261364e+01 -7.205754e+00
    endloop
  endfacet
  facet normal 0.000000e+00 0.000000e+00 1.000000e+00
    outer loop
      vertex   -4.759808e+01 6.650000e+01 -7.205754e+00
      vertex   -4.765384e+01 7.508668e+01 -7.205754e+00
      vertex   -4.789778e+01 6.577646e+01 -7.205754e+00
    endloop
  endfacet
  facet normal 0.000000e+00 -0.000000e+00 1.000000e+00
    outer loop
      vertex   -4.789778e+01 6.577646e+01 -7.205754e+00
      vertex   -4.765384e+01 7.508668e+01 -7.205754e+00
      vertex   -4.795354e+01 7.581023e+01 -7.205754e+00
    endloop
  endfacet
  facet normal 0.000000e+00 0.000000e+00 1.000000e+00
    outer loop
      vertex   -4.789778e+01 6.577646e+01 -7.205754e+00
      vertex   -4.795354e+01 7.581023e+01 -7.205754e+00
      vertex   -5.050000e+01 6.500000e+01 -7.205754e+00
    endloop
  endfacet
  facet normal 0.000000e+00 0.000000e+00 1.000000e+00
    outer loop
      vertex   -5.050000e+01 6.500000e+01 -7.205754e+00
      vertex   -4.795354e+01 7.581023e+01 -7.205754e+00
      vertex   -4.805577e+01 7.658668e+01 -7.205754e+00
    endloop
  endfacet
  facet normal 0.000000e+00 0.000000e+00 1.000000e+00
    outer loop
      vertex   -5.050000e+01 6.500000e+01 -7.205754e+00
      vertex   -4.805577e+01 7.658668e+01 -7.205754e+00
      vertex   -5.050000e+01 8.817083e+01 -7.205754e+00
    endloop
  endfacet
  facet normal 0.000000e+00 0.000000e+00 1.000000e+00
    outer loop
      vertex   -5.050000e+01 8.817083e+01 -7.205754e+00
      vertex   -4.805577e+01 7.658668e+01 -7.205754e+00
      vertex   -4.795354e+01 7.736314e+01 -7.205754e+00
    endloop
  endfacet
  facet normal 0.000000e+00 0.000000e+00 1.000000e+00
    outer loop
      vertex   -5.050000e+01 8.817083e+01 -7.205754e+00
      vertex   -4.795354e+01 7.736314e+01 -7.205754e+00
      vertex   -4.789778e+01 8.739691e+01 -7.205754e+00
    endloop
  endfacet
  facet normal 0.000000e+00 0.000000e+00 1.000000e+00
    outer loop
      vertex   -4.789778e+01 8.739691e+01 -7.205754e+00
      vertex   -4.795354e+01 7.736314e+01 -7.205754e+00
      vertex   -4.765384e+01 7.808668e+01 -7.205754e+00
    endloop
  endfacet
  facet normal 0.000000e+00 0.000000e+00 1.000000e+00
    outer loop
      vertex   -4.789778e+01 8.739691e+01 -7.205754e+00
      vertex   -4.765384e+01 7.808668e+01 -7.205754e+00
      vertex   -4.759808e+01 8.667336e+01 -7.205754e+00
    endloop
  endfacet
  facet normal 0.000000e+00 0.000000e+00 1.000000e+00
    outer loop
      vertex   -4.759808e+01 8.667336e+01 -7.205754e+00
      vertex   -4.765384e+01 7.808668e+01 -7.205754e+00
      vertex   -4.717709e+01 7.870800e+01 -7.205754e+00
    endloop
  endfacet
  facet normal 0.000000e+00 0.000000e+00 1.000000e+00
    outer loop
      vertex   -4.759808e+01 8.667336e+01 -7.205754e+00
      vertex   -4.717709e+01 7.870800e+01 -7.205754e+00
      vertex   -4.712132e+01 8.605204e+01 -7.205754e+00
    endloop
  endfacet
  facet normal 0.000000e+00 0.000000e+00 1.000000e+00
    outer loop
      vertex   -4.712132e+01 8.605204e+01 -7.205754e+00
      vertex   -4.717709e+01 7.870800e+01 -7.205754e+00
      vertex   -4.655577e+01 7.918476e+01 -7.205754e+00
    endloop
  endfacet
  facet normal 0.000000e+00 0.000000e+00 1.000000e+00
    outer loop
      vertex   -4.712132e+01 8.605204e+01 -7.205754e+00
      vertex   -4.655577e+01 7.918476e+01 -7.205754e+00
      vertex   -4.650000e+01 8.557529e+01 -7.205754e+00
    endloop
  endfacet
  facet normal 0.000000e+00 0.000000e+00 1.000000e+00
    outer loop
      vertex   -4.650000e+01 8.557529e+01 -7.205754e+00
      vertex   -4.655577e+01 7.918476e+01 -7.205754e+00
      vertex   -4.583222e+01 7.948446e+01 -7.205754e+00
    endloop
  endfacet
  facet normal 0.000000e+00 0.000000e+00 1.000000e+00
    outer loop
      vertex   -4.650000e+01 8.557529e+01 -7.205754e+00
      vertex   -4.583222e+01 7.948446e+01 -7.205754e+00
      vertex   -4.577646e+01 8.527559e+01 -7.205754e+00
    endloop
  endfacet
  facet normal 0.000000e+00 0.000000e+00 1.000000e+00
    outer loop
      vertex   -4.577646e+01 8.527559e+01 -7.205754e+00
      vertex   -4.583222e+01 7.948446e+01 -7.205754e+00
      vertex   -4.505577e+01 7.958668e+01 -7.205754e+00
    endloop
  endfacet
  facet normal 0.000000e+00 0.000000e+00 1.000000e+00
    outer loop
      vertex   -4.577646e+01 8.527559e+01 -7.205754e+00
      vertex   -4.505577e+01 7.958668e+01 -7.205754e+00
      vertex   -4.500000e+01 8.517336e+01 -7.205754e+00
    endloop
  endfacet
  facet normal 0.000000e+00 0.000000e+00 1.000000e+00
    outer loop
      vertex   -4.500000e+01 8.517336e+01 -7.205754e+00
      vertex   -4.505577e+01 7.958668e+01 -7.205754e+00
      vertex   -4.427931e+01 7.948446e+01 -7.205754e+00
    endloop
  endfacet
  facet normal -0.000000e+00 0.000000e+00 1.000000e+00
    outer loop
      vertex   -4.500000e+01 8.517336e+01 -7.205754e+00
      vertex   -4.427931e+01 7.948446e+01 -7.205754e+00
      vertex   -4.422354e+01 8.527559e+01 -7.205754e+00
    endloop
  endfacet
  facet normal 0.000000e+00 0.000000e+00 1.000000e+00
    outer loop
      vertex   -4.422354e+01 8.527559e+01 -7.205754e+00
      vertex   -4.427931e+01 7.948446e+01 -7.205754e+00
      vertex   -4.355577e+01 7.918476e+01 -7.205754e+00
    endloop
  endfacet
  facet normal -0.000000e+00 0.000000e+00 1.000000e+00
    outer loop
      vertex   -4.422354e+01 8.527559e+01 -7.205754e+00
      vertex   -4.355577e+01 7.918476e+01 -7.205754e+00
      vertex   -4.350000e+01 8.557529e+01 -7.205754e+00
    endloop
  endfacet
  facet normal 0.000000e+00 0.000000e+00 1.000000e+00
    outer loop
      vertex   -4.350000e+01 8.557529e+01 -7.205754e+00
      vertex   -4.355577e+01 7.918476e+01 -7.205754e+00
      vertex   -4.293444e+01 7.870800e+01 -7.205754e+00
    endloop
  endfacet
  facet normal -0.000000e+00 0.000000e+00 1.000000e+00
    outer loop
      vertex   -4.350000e+01 8.557529e+01 -7.205754e+00
      vertex   -4.293444e+01 7.870800e+01 -7.205754e+00
      vertex   -4.287868e+01 8.605204e+01 -7.205754e+00
    endloop
  endfacet
  facet normal 0.000000e+00 0.000000e+00 1.000000e+00
    outer loop
      vertex   -4.287868e+01 8.605204e+01 -7.205754e+00
      vertex   -4.293444e+01 7.870800e+01 -7.205754e+00
      vertex   -4.245769e+01 7.808668e+01 -7.205754e+00
    endloop
  endfacet
  facet normal -0.000000e+00 0.000000e+00 1.000000e+00
    outer loop
      vertex   -4.287868e+01 8.605204e+01 -7.205754e+00
      vertex   -4.245769e+01 7.808668e+01 -7.205754e+00
      vertex   -4.240192e+01 8.667336e+01 -7.205754e+00
    endloop
  endfacet
  facet normal 0.000000e+00 0.000000e+00 1.000000e+00
    outer loop
      vertex   -4.240192e+01 8.667336e+01 -7.205754e+00
      vertex   -4.245769e+01 7.808668e+01 -7.205754e+00
      vertex   -4.215799e+01 7.736314e+01 -7.205754e+00
    endloop
  endfacet
  facet normal -0.000000e+00 0.000000e+00 1.000000e+00
    outer loop
      vertex   -4.240192e+01 8.667336e+01 -7.205754e+00
      vertex   -4.215799e+01 7.736314e+01 -7.205754e+00
      vertex   -4.210222e+01 8.739691e+01 -7.205754e+00
    endloop
  endfacet
  facet normal -0.000000e+00 0.000000e+00 1.000000e+00
    outer loop
      vertex   -4.210222e+01 8.739691e+01 -7.205754e+00
      vertex   -4.215799e+01 7.736314e+01 -7.205754e+00
      vertex   -3.950000e+01 8.817083e+01 -7.205754e+00
    endloop
  endfacet
  facet normal 0.000000e+00 0.000000e+00 1.000000e+00
    outer loop
      vertex   -4.210222e+01 8.739691e+01 -7.205754e+00
      vertex   -3.950000e+01 8.817083e+01 -7.205754e+00
      vertex   -4.200000e+01 8.817336e+01 -7.205754e+00
    endloop
  endfacet
  facet normal -0.000000e+00 0.000000e+00 1.000000e+00
    outer loop
      vertex   -4.200000e+01 8.817336e+01 -7.205754e+00
      vertex   -3.950000e+01 8.817083e+01 -7.205754e+00
      vertex   -3.963741e+01 8.939511e+01 -7.205754e+00
    endloop
  endfacet
  facet normal 0.000000e+00 0.000000e+00 1.000000e+00
    outer loop
      vertex   -4.200000e+01 8.817336e+01 -7.205754e+00
      vertex   -3.963741e+01 8.939511e+01 -7.205754e+00
      vertex   -4.004389e+01 9.055809e+01 -7.205754e+00
    endloop
  endfacet
  facet normal 0.000000e+00 0.000000e+00 1.000000e+00
    outer loop
      vertex   -4.765384e+01 7.508668e+01 -7.205754e+00
      vertex   -4.759808e+01 6.650000e+01 -7.205754e+00
      vertex   -4.717709e+01 7.446536e+01 -7.205754e+00
    endloop
  endfacet
  facet normal 0.000000e+00 0.000000e+00 1.000000e+00
    outer loop
      vertex   -4.717709e+01 7.446536e+01 -7.205754e+00
      vertex   -4.759808e+01 6.650000e+01 -7.205754e+00
      vertex   -4.712132e+01 6.712132e+01 -7.205754e+00
    endloop
  endfacet
  facet normal 0.000000e+00 0.000000e+00 1.000000e+00
    outer loop
      vertex   -4.717709e+01 7.446536e+01 -7.205754e+00
      vertex   -4.712132e+01 6.712132e+01 -7.205754e+00
      vertex   -4.655577e+01 7.398861e+01 -7.205754e+00
    endloop
  endfacet
  facet normal 0.000000e+00 0.000000e+00 1.000000e+00
    outer loop
      vertex   -4.655577e+01 7.398861e+01 -7.205754e+00
      vertex   -4.712132e+01 6.712132e+01 -7.205754e+00
      vertex   -4.650000e+01 6.759808e+01 -7.205754e+00
    endloop
  endfacet
  facet normal 0.000000e+00 0.000000e+00 1.000000e+00
    outer loop
      vertex   -4.655577e+01 7.398861e+01 -7.205754e+00
      vertex   -4.650000e+01 6.759808e+01 -7.205754e+00
      vertex   -4.583222e+01 7.368891e+01 -7.205754e+00
    endloop
  endfacet
  facet normal 0.000000e+00 0.000000e+00 1.000000e+00
    outer loop
      vertex   -4.583222e+01 7.368891e+01 -7.205754e+00
      vertex   -4.650000e+01 6.759808e+01 -7.205754e+00
      vertex   -4.577646e+01 6.789778e+01 -7.205754e+00
    endloop
  endfacet
  facet normal 0.000000e+00 0.000000e+00 1.000000e+00
    outer loop
      vertex   -4.583222e+01 7.368891e+01 -7.205754e+00
      vertex   -4.577646e+01 6.789778e+01 -7.205754e+00
      vertex   -4.505577e+01 7.358668e+01 -7.205754e+00
    endloop
  endfacet
  facet normal 0.000000e+00 0.000000e+00 1.000000e+00
    outer loop
      vertex   -4.505577e+01 7.358668e+01 -7.205754e+00
      vertex   -4.577646e+01 6.789778e+01 -7.205754e+00
      vertex   -4.500000e+01 6.800000e+01 -7.205754e+00
    endloop
  endfacet
  facet normal -0.000000e+00 0.000000e+00 1.000000e+00
    outer loop
      vertex   -4.505577e+01 7.358668e+01 -7.205754e+00
      vertex   -4.500000e+01 6.800000e+01 -7.205754e+00
      vertex   -4.427931e+01 7.368891e+01 -7.205754e+00
    endloop
  endfacet
  facet normal 0.000000e+00 0.000000e+00 1.000000e+00
    outer loop
      vertex   -4.427931e+01 7.368891e+01 -7.205754e+00
      vertex   -4.500000e+01 6.800000e+01 -7.205754e+00
      vertex   -4.422354e+01 6.789778e+01 -7.205754e+00
    endloop
  endfacet
  facet normal -0.000000e+00 0.000000e+00 1.000000e+00
    outer loop
      vertex   -4.427931e+01 7.368891e+01 -7.205754e+00
      vertex   -4.422354e+01 6.789778e+01 -7.205754e+00
      vertex   -4.355577e+01 7.398861e+01 -7.205754e+00
    endloop
  endfacet
  facet normal 0.000000e+00 0.000000e+00 1.000000e+00
    outer loop
      vertex   -4.355577e+01 7.398861e+01 -7.205754e+00
      vertex   -4.422354e+01 6.789778e+01 -7.205754e+00
      vertex   -4.350000e+01 6.759808e+01 -7.205754e+00
    endloop
  endfacet
  facet normal -0.000000e+00 0.000000e+00 1.000000e+00
    outer loop
      vertex   -4.355577e+01 7.398861e+01 -7.205754e+00
      vertex   -4.350000e+01 6.759808e+01 -7.205754e+00
      vertex   -4.293444e+01 7.446536e+01 -7.205754e+00
    endloop
  endfacet
  facet normal 0.000000e+00 0.000000e+00 1.000000e+00
    outer loop
      vertex   -4.293444e+01 7.446536e+01 -7.205754e+00
      vertex   -4.350000e+01 6.759808e+01 -7.205754e+00
      vertex   -4.287868e+01 6.712132e+01 -7.205754e+00
    endloop
  endfacet
  facet normal -0.000000e+00 0.000000e+00 1.000000e+00
    outer loop
      vertex   -4.293444e+01 7.446536e+01 -7.205754e+00
      vertex   -4.287868e+01 6.712132e+01 -7.205754e+00
      vertex   -4.245769e+01 7.508668e+01 -7.205754e+00
    endloop
  endfacet
  facet normal 0.000000e+00 0.000000e+00 1.000000e+00
    outer loop
      vertex   -4.245769e+01 7.508668e+01 -7.205754e+00
      vertex   -4.287868e+01 6.712132e+01 -7.205754e+00
      vertex   -4.240192e+01 6.650000e+01 -7.205754e+00
    endloop
  endfacet
  facet normal -0.000000e+00 0.000000e+00 1.000000e+00
    outer loop
      vertex   -4.245769e+01 7.508668e+01 -7.205754e+00
      vertex   -4.240192e+01 6.650000e+01 -7.205754e+00
      vertex   -4.215799e+01 7.581023e+01 -7.205754e+00
    endloop
  endfacet
  facet normal 0.000000e+00 0.000000e+00 1.000000e+00
    outer loop
      vertex   -4.215799e+01 7.581023e+01 -7.205754e+00
      vertex   -4.240192e+01 6.650000e+01 -7.205754e+00
      vertex   -4.210222e+01 6.577646e+01 -7.205754e+00
    endloop
  endfacet
  facet normal 0.000000e+00 0.000000e+00 1.000000e+00
    outer loop
      vertex   -4.215799e+01 7.581023e+01 -7.205754e+00
      vertex   -4.210222e+01 6.577646e+01 -7.205754e+00
      vertex   -3.950000e+01 6.500000e+01 -7.205754e+00
    endloop
  endfacet
  facet normal 0.000000e+00 0.000000e+00 1.000000e+00
    outer loop
      vertex   -3.950000e+01 6.500000e+01 -7.205754e+00
      vertex   -4.210222e+01 6.577646e+01 -7.205754e+00
      vertex   -4.200000e+01 6.500000e+01 -7.205754e+00
    endloop
  endfacet
  facet normal 0.000000e+00 0.000000e+00 1.000000e+00
    outer loop
      vertex   -3.950000e+01 6.500000e+01 -7.205754e+00
      vertex   -4.200000e+01 6.500000e+01 -7.205754e+00
      vertex   -3.963790e+01 6.377614e+01 -7.205754e+00
    endloop
  endfacet
  facet normal 0.000000e+00 0.000000e+00 1.000000e+00
    outer loop
      vertex   -3.963790e+01 6.377614e+01 -7.205754e+00
      vertex   -4.200000e+01 6.500000e+01 -7.205754e+00
      vertex   -4.004467e+01 6.261364e+01 -7.205754e+00
    endloop
  endfacet
  facet normal 0.000000e+00 0.000000e+00 1.000000e+00
    outer loop
      vertex   -4.004467e+01 6.261364e+01 -7.205754e+00
      vertex   -4.200000e+01 6.500000e+01 -7.205754e+00
      vertex   -4.069993e+01 6.157081e+01 -7.205754e+00
    endloop
  endfacet
  facet normal 0.000000e+00 0.000000e+00 1.000000e+00
    outer loop
      vertex   -4.069993e+01 6.157081e+01 -7.205754e+00
      vertex   -4.200000e+01 6.500000e+01 -7.205754e+00
      vertex   -4.210222e+01 6.422354e+01 -7.205754e+00
    endloop
  endfacet
  facet normal 0.000000e+00 0.000000e+00 1.000000e+00
    outer loop
      vertex   -4.069993e+01 6.157081e+01 -7.205754e+00
      vertex   -4.210222e+01 6.422354e+01 -7.205754e+00
      vertex   -4.157081e+01 6.069993e+01 -7.205754e+00
    endloop
  endfacet
  facet normal 0.000000e+00 0.000000e+00 1.000000e+00
    outer loop
      vertex   -4.157081e+01 6.069993e+01 -7.205754e+00
      vertex   -4.210222e+01 6.422354e+01 -7.205754e+00
      vertex   -4.240192e+01 6.350000e+01 -7.205754e+00
    endloop
  endfacet
  facet normal 0.000000e+00 0.000000e+00 1.000000e+00
    outer loop
      vertex   -4.157081e+01 6.069993e+01 -7.205754e+00
      vertex   -4.240192e+01 6.350000e+01 -7.205754e+00
      vertex   -4.261364e+01 6.004467e+01 -7.205754e+00
    endloop
  endfacet
  facet normal 0.000000e+00 -0.000000e+00 1.000000e+00
    outer loop
      vertex   -4.261364e+01 6.004467e+01 -7.205754e+00
      vertex   -4.240192e+01 6.350000e+01 -7.205754e+00
      vertex   -4.287868e+01 6.287868e+01 -7.205754e+00
    endloop
  endfacet
  facet normal 0.000000e+00 0.000000e+00 1.000000e+00
    outer loop
      vertex   -4.261364e+01 6.004467e+01 -7.205754e+00
      vertex   -4.287868e+01 6.287868e+01 -7.205754e+00
      vertex   -4.350000e+01 6.240192e+01 -7.205754e+00
    endloop
  endfacet
  facet normal 0.000000e+00 0.000000e+00 1.000000e+00
    outer loop
      vertex   -4.261364e+01 6.004467e+01 -7.205754e+00
      vertex   -4.350000e+01 6.240192e+01 -7.205754e+00
      vertex   -4.377614e+01 5.963790e+01 -7.205754e+00
    endloop
  endfacet
  facet normal 0.000000e+00 -0.000000e+00 1.000000e+00
    outer loop
      vertex   -4.377614e+01 5.963790e+01 -7.205754e+00
      vertex   -4.350000e+01 6.240192e+01 -7.205754e+00
      vertex   -4.422354e+01 6.210222e+01 -7.205754e+00
    endloop
  endfacet
  facet normal 0.000000e+00 0.000000e+00 1.000000e+00
    outer loop
      vertex   -4.377614e+01 5.963790e+01 -7.205754e+00
      vertex   -4.422354e+01 6.210222e+01 -7.205754e+00
      vertex   -4.500000e+01 5.950000e+01 -7.205754e+00
    endloop
  endfacet
  facet normal 0.000000e+00 0.000000e+00 1.000000e+00
    outer loop
      vertex   -4.500000e+01 5.950000e+01 -7.205754e+00
      vertex   -4.422354e+01 6.210222e+01 -7.205754e+00
      vertex   -4.500000e+01 6.200000e+01 -7.205754e+00
    endloop
  endfacet
  facet normal 0.000000e+00 -0.000000e+00 1.000000e+00
    outer loop
      vertex   -4.500000e+01 5.950000e+01 -7.205754e+00
      vertex   -4.500000e+01 6.200000e+01 -7.205754e+00
      vertex   -4.577646e+01 6.210222e+01 -7.205754e+00
    endloop
  endfacet
  facet normal 0.000000e+00 0.000000e+00 1.000000e+00
    outer loop
      vertex   -4.500000e+01 5.950000e+01 -7.205754e+00
      vertex   -4.577646e+01 6.210222e+01 -7.205754e+00
      vertex   -4.622387e+01 5.963790e+01 -7.205754e+00
    endloop
  endfacet
  facet normal 0.000000e+00 -0.000000e+00 1.000000e+00
    outer loop
      vertex   -4.622387e+01 5.963790e+01 -7.205754e+00
      vertex   -4.577646e+01 6.210222e+01 -7.205754e+00
      vertex   -4.650000e+01 6.240192e+01 -7.205754e+00
    endloop
  endfacet
  facet normal 0.000000e+00 0.000000e+00 1.000000e+00
    outer loop
      vertex   -4.622387e+01 5.963790e+01 -7.205754e+00
      vertex   -4.650000e+01 6.240192e+01 -7.205754e+00
      vertex   -4.738636e+01 6.004467e+01 -7.205754e+00
    endloop
  endfacet
  facet normal 0.000000e+00 0.000000e+00 1.000000e+00
    outer loop
      vertex   -4.738636e+01 6.004467e+01 -7.205754e+00
      vertex   -4.650000e+01 6.240192e+01 -7.205754e+00
      vertex   -4.712132e+01 6.287868e+01 -7.205754e+00
    endloop
  endfacet
  facet normal 0.000000e+00 -0.000000e+00 1.000000e+00
    outer loop
      vertex   -4.738636e+01 6.004467e+01 -7.205754e+00
      vertex   -4.712132e+01 6.287868e+01 -7.205754e+00
      vertex   -4.759808e+01 6.350000e+01 -7.205754e+00
    endloop
  endfacet
  facet normal 0.000000e+00 0.000000e+00 1.000000e+00
    outer loop
      vertex   -4.738636e+01 6.004467e+01 -7.205754e+00
      vertex   -4.759808e+01 6.350000e+01 -7.205754e+00
      vertex   -4.842919e+01 6.069993e+01 -7.205754e+00
    endloop
  endfacet
  facet normal 0.000000e+00 0.000000e+00 1.000000e+00
    outer loop
      vertex   -4.842919e+01 6.069993e+01 -7.205754e+00
      vertex   -4.759808e+01 6.350000e+01 -7.205754e+00
      vertex   -4.789778e+01 6.422354e+01 -7.205754e+00
    endloop
  endfacet
  facet normal 0.000000e+00 -0.000000e+00 1.000000e+00
    outer loop
      vertex   -4.842919e+01 6.069993e+01 -7.205754e+00
      vertex   -4.789778e+01 6.422354e+01 -7.205754e+00
      vertex   -4.930007e+01 6.157081e+01 -7.205754e+00
    endloop
  endfacet
  facet normal 0.000000e+00 0.000000e+00 1.000000e+00
    outer loop
      vertex   -4.930007e+01 6.157081e+01 -7.205754e+00
      vertex   -4.789778e+01 6.422354e+01 -7.205754e+00
      vertex   -4.800000e+01 6.500000e+01 -7.205754e+00
    endloop
  endfacet
  facet normal 0.000000e+00 -0.000000e+00 1.000000e+00
    outer loop
      vertex   -4.930007e+01 6.157081e+01 -7.205754e+00
      vertex   -4.800000e+01 6.500000e+01 -7.205754e+00
      vertex   -4.995533e+01 6.261364e+01 -7.205754e+00
    endloop
  endfacet
  facet normal -0.000000e+00 0.000000e+00 1.000000e+00
    outer loop
      vertex   -4.215799e+01 7.736314e+01 -7.205754e+00
      vertex   -4.205577e+01 7.658668e+01 -7.205754e+00
      vertex   -3.950000e+01 8.817083e+01 -7.205754e+00
    endloop
  endfacet
  facet normal 0.000000e+00 0.000000e+00 1.000000e+00
    outer loop
      vertex   -3.950000e+01 8.817083e+01 -7.205754e+00
      vertex   -4.205577e+01 7.658668e+01 -7.205754e+00
      vertex   -3.950000e+01 6.500000e+01 -7.205754e+00
    endloop
  endfacet
  facet normal 0.000000e+00 0.000000e+00 1.000000e+00
    outer loop
      vertex   -3.950000e+01 6.500000e+01 -7.205754e+00
      vertex   -4.205577e+01 7.658668e+01 -7.205754e+00
      vertex   -4.215799e+01 7.581023e+01 -7.205754e+00
    endloop
  endfacet
  facet normal 0.000000e+00 0.000000e+00 1.000000e+00
    outer loop
      vertex   -4.789778e+01 8.894982e+01 -7.205754e+00
      vertex   -4.930098e+01 9.160143e+01 -7.205754e+00
      vertex   -4.800000e+01 8.817336e+01 -7.205754e+00
    endloop
  endfacet
  facet normal 0.000000e+00 0.000000e+00 1.000000e+00
    outer loop
      vertex   -4.800000e+01 8.817336e+01 -7.205754e+00
      vertex   -4.930098e+01 9.160143e+01 -7.205754e+00
      vertex   -4.995612e+01 9.055809e+01 -7.205754e+00
    endloop
  endfacet
  facet normal 0.000000e+00 0.000000e+00 1.000000e+00
    outer loop
      vertex   -4.800000e+01 8.817336e+01 -7.205754e+00
      vertex   -4.995612e+01 9.055809e+01 -7.205754e+00
      vertex   -5.036259e+01 8.939511e+01 -7.205754e+00
    endloop
  endfacet
  facet normal -0.000000e+00 0.000000e+00 1.000000e+00
    outer loop
      vertex   -4.930098e+01 9.160143e+01 -7.205754e+00
      vertex   -4.789778e+01 8.894982e+01 -7.205754e+00
      vertex   -4.843004e+01 9.247276e+01 -7.205754e+00
    endloop
  endfacet
  facet normal 0.000000e+00 0.000000e+00 1.000000e+00
    outer loop
      vertex   -4.843004e+01 9.247276e+01 -7.205754e+00
      vertex   -4.789778e+01 8.894982e+01 -7.205754e+00
      vertex   -4.759808e+01 8.967336e+01 -7.205754e+00
    endloop
  endfacet
  facet normal -0.000000e+00 0.000000e+00 1.000000e+00
    outer loop
      vertex   -4.843004e+01 9.247276e+01 -7.205754e+00
      vertex   -4.759808e+01 8.967336e+01 -7.205754e+00
      vertex   -4.738701e+01 9.312838e+01 -7.205754e+00
    endloop
  endfacet
  facet normal 0.000000e+00 0.000000e+00 1.000000e+00
    outer loop
      vertex   -4.738701e+01 9.312838e+01 -7.205754e+00
      vertex   -4.759808e+01 8.967336e+01 -7.205754e+00
      vertex   -4.712132e+01 9.029468e+01 -7.205754e+00
    endloop
  endfacet
  facet normal 0.000000e+00 0.000000e+00 1.000000e+00
    outer loop
      vertex   -4.738701e+01 9.312838e+01 -7.205754e+00
      vertex   -4.712132e+01 9.029468e+01 -7.205754e+00
      vertex   -4.650000e+01 9.077144e+01 -7.205754e+00
    endloop
  endfacet
  facet normal -0.000000e+00 0.000000e+00 1.000000e+00
    outer loop
      vertex   -4.738701e+01 9.312838e+01 -7.205754e+00
      vertex   -4.650000e+01 9.077144e+01 -7.205754e+00
      vertex   -4.622422e+01 9.353539e+01 -7.205754e+00
    endloop
  endfacet
  facet normal 0.000000e+00 0.000000e+00 1.000000e+00
    outer loop
      vertex   -4.622422e+01 9.353539e+01 -7.205754e+00
      vertex   -4.650000e+01 9.077144e+01 -7.205754e+00
      vertex   -4.577646e+01 9.107114e+01 -7.205754e+00
    endloop
  endfacet
  facet normal -0.000000e+00 0.000000e+00 1.000000e+00
    outer loop
      vertex   -4.622422e+01 9.353539e+01 -7.205754e+00
      vertex   -4.577646e+01 9.107114e+01 -7.205754e+00
      vertex   -4.500000e+01 9.367336e+01 -7.205754e+00
    endloop
  endfacet
  facet normal 0.000000e+00 0.000000e+00 1.000000e+00
    outer loop
      vertex   -4.500000e+01 9.367336e+01 -7.205754e+00
      vertex   -4.577646e+01 9.107114e+01 -7.205754e+00
      vertex   -4.500000e+01 9.117336e+01 -7.205754e+00
    endloop
  endfacet
  facet normal 0.000000e+00 0.000000e+00 1.000000e+00
    outer loop
      vertex   -4.500000e+01 9.367336e+01 -7.205754e+00
      vertex   -4.500000e+01 9.117336e+01 -7.205754e+00
      vertex   -4.422354e+01 9.107114e+01 -7.205754e+00
    endloop
  endfacet
  facet normal 0.000000e+00 0.000000e+00 1.000000e+00
    outer loop
      vertex   -4.500000e+01 9.367336e+01 -7.205754e+00
      vertex   -4.422354e+01 9.107114e+01 -7.205754e+00
      vertex   -4.377578e+01 9.353539e+01 -7.205754e+00
    endloop
  endfacet
  facet normal 0.000000e+00 0.000000e+00 1.000000e+00
    outer loop
      vertex   -4.377578e+01 9.353539e+01 -7.205754e+00
      vertex   -4.422354e+01 9.107114e+01 -7.205754e+00
      vertex   -4.350000e+01 9.077144e+01 -7.205754e+00
    endloop
  endfacet
  facet normal 0.000000e+00 0.000000e+00 1.000000e+00
    outer loop
      vertex   -4.377578e+01 9.353539e+01 -7.205754e+00
      vertex   -4.350000e+01 9.077144e+01 -7.205754e+00
      vertex   -4.261299e+01 9.312838e+01 -7.205754e+00
    endloop
  endfacet
  facet normal 0.000000e+00 0.000000e+00 1.000000e+00
    outer loop
      vertex   -4.261299e+01 9.312838e+01 -7.205754e+00
      vertex   -4.350000e+01 9.077144e+01 -7.205754e+00
      vertex   -4.287868e+01 9.029468e+01 -7.205754e+00
    endloop
  endfacet
  facet normal 0.000000e+00 0.000000e+00 1.000000e+00
    outer loop
      vertex   -4.261299e+01 9.312838e+01 -7.205754e+00
      vertex   -4.287868e+01 9.029468e+01 -7.205754e+00
      vertex   -4.240192e+01 8.967336e+01 -7.205754e+00
    endloop
  endfacet
  facet normal 0.000000e+00 0.000000e+00 1.000000e+00
    outer loop
      vertex   -4.261299e+01 9.312838e+01 -7.205754e+00
      vertex   -4.240192e+01 8.967336e+01 -7.205754e+00
      vertex   -4.156996e+01 9.247276e+01 -7.205754e+00
    endloop
  endfacet
  facet normal 0.000000e+00 0.000000e+00 1.000000e+00
    outer loop
      vertex   -4.156996e+01 9.247276e+01 -7.205754e+00
      vertex   -4.240192e+01 8.967336e+01 -7.205754e+00
      vertex   -4.210222e+01 8.894982e+01 -7.205754e+00
    endloop
  endfacet
  facet normal 0.000000e+00 0.000000e+00 1.000000e+00
    outer loop
      vertex   -4.156996e+01 9.247276e+01 -7.205754e+00
      vertex   -4.210222e+01 8.894982e+01 -7.205754e+00
      vertex   -4.069902e+01 9.160143e+01 -7.205754e+00
    endloop
  endfacet
  facet normal 0.000000e+00 0.000000e+00 1.000000e+00
    outer loop
      vertex   -4.069902e+01 9.160143e+01 -7.205754e+00
      vertex   -4.210222e+01 8.894982e+01 -7.205754e+00
      vertex   -4.200000e+01 8.817336e+01 -7.205754e+00
    endloop
  endfacet
  facet normal 0.000000e+00 0.000000e+00 1.000000e+00
    outer loop
      vertex   -4.069902e+01 9.160143e+01 -7.205754e+00
      vertex   -4.200000e+01 8.817336e+01 -7.205754e+00
      vertex   -4.004389e+01 9.055809e+01 -7.205754e+00
    endloop
  endfacet
  facet normal 0.000000e+00 0.000000e+00 1.000000e+00
    outer loop
      vertex   -4.789778e+01 8.739691e+01 -7.205754e+00
      vertex   -4.800000e+01 8.817336e+01 -7.205754e+00
      vertex   -5.050000e+01 8.817083e+01 -7.205754e+00
    endloop
  endfacet
  facet normal 0.000000e+00 0.000000e+00 1.000000e+00
    outer loop
      vertex   -5.050000e+01 8.817083e+01 -7.205754e+00
      vertex   -4.800000e+01 8.817336e+01 -7.205754e+00
      vertex   -5.036259e+01 8.939511e+01 -7.205754e+00
    endloop
  endfacet
  facet normal 9.937122e-01 1.119645e-01 -0.000000e+00
    outer loop
      vertex   -5.050000e+01 6.500000e+01 -7.205754e+00
      vertex   -5.050000e+01 6.500000e+01 -3.205754e+00
      vertex   -5.036210e+01 6.377614e+01 -7.205754e+00
    endloop
  endfacet
  facet normal 9.937122e-01 1.119645e-01 -0.000000e+00
    outer loop
      vertex   -5.036210e+01 6.377614e+01 -7.205754e+00
      vertex   -5.050000e+01 6.500000e+01 -3.205754e+00
      vertex   -5.036210e+01 6.377614e+01 -3.205754e+00
    endloop
  endfacet
  facet normal 9.438833e-01 3.302790e-01 -0.000000e+00
    outer loop
      vertex   -5.036210e+01 6.377614e+01 -7.205754e+00
      vertex   -5.036210e+01 6.377614e+01 -3.205754e+00
      vertex   -4.995533e+01 6.261364e+01 -7.205754e+00
    endloop
  endfacet
  facet normal 9.438833e-01 3.302790e-01 -0.000000e+00
    outer loop
      vertex   -4.995533e+01 6.261364e+01 -7.205754e+00
      vertex   -5.036210e+01 6.377614e+01 -3.205754e+00
      vertex   -4.995533e+01 6.261364e+01 -3.205754e+00
    endloop
  endfacet
  facet normal 8.467242e-01 5.320321e-01 -0.000000e+00
    outer loop
      vertex   -4.995533e+01 6.261364e+01 -7.205754e+00
      vertex   -4.995533e+01 6.261364e+01 -3.205754e+00
      vertex   -4.930007e+01 6.157081e+01 -7.205754e+00
    endloop
  endfacet
  facet normal 8.467242e-01 5.320321e-01 -0.000000e+00
    outer loop
      vertex   -4.930007e+01 6.157081e+01 -7.205754e+00
      vertex   -4.995533e+01 6.261364e+01 -3.205754e+00
      vertex   -4.930007e+01 6.157081e+01 -3.205754e+00
    endloop
  endfacet
  facet normal 7.071068e-01 7.071068e-01 -0.000000e+00
    outer loop
      vertex   -4.930007e+01 6.157081e+01 -7.205754e+00
      vertex   -4.930007e+01 6.157081e+01 -3.205754e+00
      vertex   -4.842919e+01 6.069993e+01 -7.205754e+00
    endloop
  endfacet
  facet normal 7.071068e-01 7.071068e-01 -0.000000e+00
    outer loop
      vertex   -4.842919e+01 6.069993e+01 -7.205754e+00
      vertex   -4.930007e+01 6.157081e+01 -3.205754e+00
      vertex   -4.842919e+01 6.069993e+01 -3.205754e+00
    endloop
  endfacet
  facet normal 5.320321e-01 8.467242e-01 -0.000000e+00
    outer loop
      vertex   -4.842919e+01 6.069993e+01 -7.205754e+00
      vertex   -4.842919e+01 6.069993e+01 -3.205754e+00
      vertex   -4.738636e+01 6.004467e+01 -7.205754e+00
    endloop
  endfacet
  facet normal 5.320321e-01 8.467242e-01 -0.000000e+00
    outer loop
      vertex   -4.738636e+01 6.004467e+01 -7.205754e+00
      vertex   -4.842919e+01 6.069993e+01 -3.205754e+00
      vertex   -4.738636e+01 6.004467e+01 -3.205754e+00
    endloop
  endfacet
  facet normal 3.302791e-01 9.438833e-01 -0.000000e+00
    outer loop
      vertex   -4.738636e+01 6.004467e+01 -7.205754e+00
      vertex   -4.738636e+01 6.004467e+01 -3.205754e+00
      vertex   -4.622387e+01 5.963790e+01 -7.205754e+00
    endloop
  endfacet
  facet normal 3.302791e-01 9.438833e-01 -0.000000e+00
    outer loop
      vertex   -4.622387e+01 5.963790e+01 -7.205754e+00
      vertex   -4.738636e+01 6.004467e+01 -3.205754e+00
      vertex   -4.622387e+01 5.963790e+01 -3.205754e+00
    endloop
  endfacet
  facet normal 1.119645e-01 9.937122e-01 -0.000000e+00
    outer loop
      vertex   -4.622387e+01 5.963790e+01 -7.205754e+00
      vertex   -4.622387e+01 5.963790e+01 -3.205754e+00
      vertex   -4.500000e+01 5.950000e+01 -7.205754e+00
    endloop
  endfacet
  facet normal 1.119645e-01 9.937122e-01 -0.000000e+00
    outer loop
      vertex   -4.500000e+01 5.950000e+01 -7.205754e+00
      vertex   -4.622387e+01 5.963790e+01 -3.205754e+00
      vertex   -4.500000e+01 5.950000e+01 -3.205754e+00
    endloop
  endfacet
  facet normal -1.119645e-01 9.937122e-01 0.000000e+00
    outer loop
      vertex   -4.500000e+01 5.950000e+01 -7.205754e+00
      vertex   -4.500000e+01 5.950000e+01 -3.205754e+00
      vertex   -4.377614e+01 5.963790e+01 -7.205754e+00
    endloop
  endfacet
  facet normal -1.119645e-01 9.937122e-01 0.000000e+00
    outer loop
      vertex   -4.377614e+01 5.963790e+01 -7.205754e+00
      vertex   -4.500000e+01 5.950000e+01 -3.205754e+00
      vertex   -4.377614e+01 5.963790e+01 -3.205754e+00
    endloop
  endfacet
  facet normal -3.302791e-01 9.438833e-01 0.000000e+00
    outer loop
      vertex   -4.377614e+01 5.963790e+01 -7.205754e+00
      vertex   -4.377614e+01 5.963790e+01 -3.205754e+00
      vertex   -4.261364e+01 6.004467e+01 -7.205754e+00
    endloop
  endfacet
  facet normal -3.302791e-01 9.438833e-01 0.000000e+00
    outer loop
      vertex   -4.261364e+01 6.004467e+01 -7.205754e+00
      vertex   -4.377614e+01 5.963790e+01 -3.205754e+00
      vertex   -4.261364e+01 6.004467e+01 -3.205754e+00
    endloop
  endfacet
  facet normal -5.320321e-01 8.467242e-01 0.000000e+00
    outer loop
      vertex   -4.261364e+01 6.004467e+01 -7.205754e+00
      vertex   -4.261364e+01 6.004467e+01 -3.205754e+00
      vertex   -4.157081e+01 6.069993e+01 -7.205754e+00
    endloop
  endfacet
  facet normal -5.320321e-01 8.467242e-01 0.000000e+00
    outer loop
      vertex   -4.157081e+01 6.069993e+01 -7.205754e+00
      vertex   -4.261364e+01 6.004467e+01 -3.205754e+00
      vertex   -4.157081e+01 6.069993e+01 -3.205754e+00
    endloop
  endfacet
  facet normal -7.071068e-01 7.071068e-01 0.000000e+00
    outer loop
      vertex   -4.157081e+01 6.069993e+01 -7.205754e+00
      vertex   -4.157081e+01 6.069993e+01 -3.205754e+00
      vertex   -4.069993e+01 6.157081e+01 -7.205754e+00
    endloop
  endfacet
  facet normal -7.071068e-01 7.071068e-01 0.000000e+00
    outer loop
      vertex   -4.069993e+01 6.157081e+01 -7.205754e+00
      vertex   -4.157081e+01 6.069993e+01 -3.205754e+00
      vertex   -4.069993e+01 6.157081e+01 -3.205754e+00
    endloop
  endfacet
  facet normal -8.467242e-01 5.320321e-01 0.000000e+00
    outer loop
      vertex   -4.069993e+01 6.157081e+01 -7.205754e+00
      vertex   -4.069993e+01 6.157081e+01 -3.205754e+00
      vertex   -4.004467e+01 6.261364e+01 -7.205754e+00
    endloop
  endfacet
  facet normal -8.467242e-01 5.320321e-01 0.000000e+00
    outer loop
      vertex   -4.004467e+01 6.261364e+01 -7.205754e+00
      vertex   -4.069993e+01 6.157081e+01 -3.205754e+00
      vertex   -4.004467e+01 6.261364e+01 -3.205754e+00
    endloop
  endfacet
  facet normal -9.438833e-01 3.302790e-01 0.000000e+00
    outer loop
      vertex   -4.004467e+01 6.261364e+01 -7.205754e+00
      vertex   -4.004467e+01 6.261364e+01 -3.205754e+00
      vertex   -3.963790e+01 6.377614e+01 -7.205754e+00
    endloop
  endfacet
  facet normal -9.438833e-01 3.302790e-01 0.000000e+00
    outer loop
      vertex   -3.963790e+01 6.377614e+01 -7.205754e+00
      vertex   -4.004467e+01 6.261364e+01 -3.205754e+00
      vertex   -3.963790e+01 6.377614e+01 -3.205754e+00
    endloop
  endfacet
  facet normal -9.937122e-01 1.119645e-01 0.000000e+00
    outer loop
      vertex   -3.963790e+01 6.377614e+01 -7.205754e+00
      vertex   -3.963790e+01 6.377614e+01 -3.205754e+00
      vertex   -3.950000e+01 6.500000e+01 -7.205754e+00
    endloop
  endfacet
  facet normal -9.937122e-01 1.119645e-01 0.000000e+00
    outer loop
      vertex   -3.950000e+01 6.500000e+01 -7.205754e+00
      vertex   -3.963790e+01 6.377614e+01 -3.205754e+00
      vertex   -3.950000e+01 6.500000e+01 -3.205754e+00
    endloop
  endfacet
  facet normal -1.000000e+00 -2.524074e-08 -0.000000e+00
    outer loop
      vertex   -3.950000e+01 6.500000e+01 -3.205754e+00
      vertex   -3.950000e+01 8.817083e+01 -3.205754e+00
      vertex   -3.950000e+01 6.500000e+01 -7.205754e+00
    endloop
  endfacet
  facet normal -1.000000e+00 -2.524074e-08 0.000000e+00
    outer loop
      vertex   -3.950000e+01 6.500000e+01 -7.205754e+00
      vertex   -3.950000e+01 8.817083e+01 -3.205754e+00
      vertex   -3.950000e+01 8.817083e+01 -7.205754e+00
    endloop
  endfacet
  facet normal -0.000000e+00 -1.000000e+00 -0.000000e+00
    outer loop
      vertex   -4.720585e+01 9.321164e+01 1.079425e+01
      vertex   -5.086831e+01 9.321164e+01 1.079425e+01
      vertex   -4.720585e+01 9.321164e+01 -3.205754e+00
    endloop
  endfacet
  facet normal 0.000000e+00 -1.000000e+00 0.000000e+00
    outer loop
      vertex   -4.720585e+01 9.321164e+01 -3.205754e+00
      vertex   -5.086831e+01 9.321164e+01 1.079425e+01
      vertex   -5.086831e+01 9.321164e+01 -3.205754e+00
    endloop
  endfacet
  facet normal -0.000000e+00 -1.000000e+00 -0.000000e+00
    outer loop
      vertex   2.679415e+01 9.321164e+01 1.079425e+01
      vertex   -4.279416e+01 9.321164e+01 1.079425e+01
      vertex   2.679415e+01 9.321164e+01 -3.205754e+00
    endloop
  endfacet
  facet normal 0.000000e+00 -1.000000e+00 0.000000e+00
    outer loop
      vertex   2.679415e+01 9.321164e+01 -3.205754e+00
      vertex   -4.279416e+01 9.321164e+01 1.079425e+01
      vertex   -4.279416e+01 9.321164e+01 -3.205754e+00
    endloop
  endfacet
  facet normal 9.914449e-01 -1.305262e-01 0.000000e+00
    outer loop
      vertex   2.604646e+01 7.736314e+01 -1.520575e+01
      vertex   2.604646e+01 7.736314e+01 -7.205754e+00
      vertex   2.594423e+01 7.658668e+01 -1.520575e+01
    endloop
  endfacet
  facet normal 9.914449e-01 -1.305262e-01 0.000000e+00
    outer loop
      vertex   2.594423e+01 7.658668e+01 -1.520575e+01
      vertex   2.604646e+01 7.736314e+01 -7.205754e+00
      vertex   2.594423e+01 7.658668e+01 -7.205754e+00
    endloop
  endfacet
  facet normal 9.914449e-01 1.305262e-01 -0.000000e+00
    outer loop
      vertex   2.594423e+01 7.658668e+01 -1.520575e+01
      vertex   2.594423e+01 7.658668e+01 -7.205754e+00
      vertex   2.604646e+01 7.581023e+01 -1.520575e+01
    endloop
  endfacet
  facet normal 9.914449e-01 1.305262e-01 -0.000000e+00
    outer loop
      vertex   2.604646e+01 7.581023e+01 -1.520575e+01
      vertex   2.594423e+01 7.658668e+01 -7.205754e+00
      vertex   2.604646e+01 7.581023e+01 -7.205754e+00
    endloop
  endfacet
  facet normal 9.238795e-01 3.826834e-01 -0.000000e+00
    outer loop
      vertex   2.604646e+01 7.581023e+01 -1.520575e+01
      vertex   2.604646e+01 7.581023e+01 -7.205754e+00
      vertex   2.634616e+01 7.508668e+01 -1.520575e+01
    endloop
  endfacet
  facet normal 9.238795e-01 3.826834e-01 -0.000000e+00
    outer loop
      vertex   2.634616e+01 7.508668e+01 -1.520575e+01
      vertex   2.604646e+01 7.581023e+01 -7.205754e+00
      vertex   2.634616e+01 7.508668e+01 -7.205754e+00
    endloop
  endfacet
  facet normal 7.933533e-01 6.087614e-01 -0.000000e+00
    outer loop
      vertex   2.634616e+01 7.508668e+01 -1.520575e+01
      vertex   2.634616e+01 7.508668e+01 -7.205754e+00
      vertex   2.682291e+01 7.446536e+01 -1.520575e+01
    endloop
  endfacet
  facet normal 7.933533e-01 6.087614e-01 -0.000000e+00
    outer loop
      vertex   2.682291e+01 7.446536e+01 -1.520575e+01
      vertex   2.634616e+01 7.508668e+01 -7.205754e+00
      vertex   2.682291e+01 7.446536e+01 -7.205754e+00
    endloop
  endfacet
  facet normal 6.087614e-01 7.933533e-01 -0.000000e+00
    outer loop
      vertex   2.682291e+01 7.446536e+01 -1.520575e+01
      vertex   2.682291e+01 7.446536e+01 -7.205754e+00
      vertex   2.744423e+01 7.398861e+01 -1.520575e+01
    endloop
  endfacet
  facet normal 6.087614e-01 7.933533e-01 -0.000000e+00
    outer loop
      vertex   2.744423e+01 7.398861e+01 -1.520575e+01
      vertex   2.682291e+01 7.446536e+01 -7.205754e+00
      vertex   2.744423e+01 7.398861e+01 -7.205754e+00
    endloop
  endfacet
  facet normal 3.826834e-01 9.238795e-01 -0.000000e+00
    outer loop
      vertex   2.744423e+01 7.398861e+01 -1.520575e+01
      vertex   2.744423e+01 7.398861e+01 -7.205754e+00
      vertex   2.816778e+01 7.368891e+01 -1.520575e+01
    endloop
  endfacet
  facet normal 3.826834e-01 9.238795e-01 -0.000000e+00
    outer loop
      vertex   2.816778e+01 7.368891e+01 -1.520575e+01
      vertex   2.744423e+01 7.398861e+01 -7.205754e+00
      vertex   2.816778e+01 7.368891e+01 -7.205754e+00
    endloop
  endfacet
  facet normal 1.305262e-01 9.914449e-01 -0.000000e+00
    outer loop
      vertex   2.816778e+01 7.368891e+01 -1.520575e+01
      vertex   2.816778e+01 7.368891e+01 -7.205754e+00
      vertex   2.894423e+01 7.358668e+01 -1.520575e+01
    endloop
  endfacet
  facet normal 1.305262e-01 9.914449e-01 -0.000000e+00
    outer loop
      vertex   2.894423e+01 7.358668e+01 -1.520575e+01
      vertex   2.816778e+01 7.368891e+01 -7.205754e+00
      vertex   2.894423e+01 7.358668e+01 -7.205754e+00
    endloop
  endfacet
  facet normal -1.305262e-01 9.914449e-01 0.000000e+00
    outer loop
      vertex   2.894423e+01 7.358668e+01 -1.520575e+01
      vertex   2.894423e+01 7.358668e+01 -7.205754e+00
      vertex   2.972069e+01 7.368891e+01 -1.520575e+01
    endloop
  endfacet
  facet normal -1.305262e-01 9.914449e-01 0.000000e+00
    outer loop
      vertex   2.972069e+01 7.368891e+01 -1.520575e+01
      vertex   2.894423e+01 7.358668e+01 -7.205754e+00
      vertex   2.972069e+01 7.368891e+01 -7.205754e+00
    endloop
  endfacet
  facet normal -3.826834e-01 9.238795e-01 0.000000e+00
    outer loop
      vertex   2.972069e+01 7.368891e+01 -1.520575e+01
      vertex   2.972069e+01 7.368891e+01 -7.205754e+00
      vertex   3.044423e+01 7.398861e+01 -1.520575e+01
    endloop
  endfacet
  facet normal -3.826834e-01 9.238795e-01 0.000000e+00
    outer loop
      vertex   3.044423e+01 7.398861e+01 -1.520575e+01
      vertex   2.972069e+01 7.368891e+01 -7.205754e+00
      vertex   3.044423e+01 7.398861e+01 -7.205754e+00
    endloop
  endfacet
  facet normal -6.087614e-01 7.933533e-01 0.000000e+00
    outer loop
      vertex   3.044423e+01 7.398861e+01 -1.520575e+01
      vertex   3.044423e+01 7.398861e+01 -7.205754e+00
      vertex   3.106556e+01 7.446536e+01 -1.520575e+01
    endloop
  endfacet
  facet normal -6.087614e-01 7.933533e-01 0.000000e+00
    outer loop
      vertex   3.106556e+01 7.446536e+01 -1.520575e+01
      vertex   3.044423e+01 7.398861e+01 -7.205754e+00
      vertex   3.106556e+01 7.446536e+01 -7.205754e+00
    endloop
  endfacet
  facet normal -7.933533e-01 6.087614e-01 0.000000e+00
    outer loop
      vertex   3.106556e+01 7.446536e+01 -1.520575e+01
      vertex   3.106556e+01 7.446536e+01 -7.205754e+00
      vertex   3.154231e+01 7.508668e+01 -1.520575e+01
    endloop
  endfacet
  facet normal -7.933533e-01 6.087614e-01 0.000000e+00
    outer loop
      vertex   3.154231e+01 7.508668e+01 -1.520575e+01
      vertex   3.106556e+01 7.446536e+01 -7.205754e+00
      vertex   3.154231e+01 7.508668e+01 -7.205754e+00
    endloop
  endfacet
  facet normal -9.238795e-01 3.826834e-01 0.000000e+00
    outer loop
      vertex   3.154231e+01 7.508668e+01 -1.520575e+01
      vertex   3.154231e+01 7.508668e+01 -7.205754e+00
      vertex   3.184201e+01 7.581023e+01 -1.520575e+01
    endloop
  endfacet
  facet normal -9.238795e-01 3.826834e-01 0.000000e+00
    outer loop
      vertex   3.184201e+01 7.581023e+01 -1.520575e+01
      vertex   3.154231e+01 7.508668e+01 -7.205754e+00
      vertex   3.184201e+01 7.581023e+01 -7.205754e+00
    endloop
  endfacet
  facet normal -9.914449e-01 1.305262e-01 0.000000e+00
    outer loop
      vertex   3.184201e+01 7.581023e+01 -1.520575e+01
      vertex   3.184201e+01 7.581023e+01 -7.205754e+00
      vertex   3.194423e+01 7.658668e+01 -1.520575e+01
    endloop
  endfacet
  facet normal -9.914449e-01 1.305262e-01 0.000000e+00
    outer loop
      vertex   3.194423e+01 7.658668e+01 -1.520575e+01
      vertex   3.184201e+01 7.581023e+01 -7.205754e+00
      vertex   3.194423e+01 7.658668e+01 -7.205754e+00
    endloop
  endfacet
  facet normal -9.914449e-01 -1.305262e-01 0.000000e+00
    outer loop
      vertex   3.194423e+01 7.658668e+01 -1.520575e+01
      vertex   3.194423e+01 7.658668e+01 -7.205754e+00
      vertex   3.184201e+01 7.736314e+01 -1.520575e+01
    endloop
  endfacet
  facet normal -9.914449e-01 -1.305262e-01 0.000000e+00
    outer loop
      vertex   3.184201e+01 7.736314e+01 -1.520575e+01
      vertex   3.194423e+01 7.658668e+01 -7.205754e+00
      vertex   3.184201e+01 7.736314e+01 -7.205754e+00
    endloop
  endfacet
  facet normal -9.238795e-01 -3.826834e-01 0.000000e+00
    outer loop
      vertex   3.184201e+01 7.736314e+01 -1.520575e+01
      vertex   3.184201e+01 7.736314e+01 -7.205754e+00
      vertex   3.154231e+01 7.808668e+01 -1.520575e+01
    endloop
  endfacet
  facet normal -9.238795e-01 -3.826834e-01 0.000000e+00
    outer loop
      vertex   3.154231e+01 7.808668e+01 -1.520575e+01
      vertex   3.184201e+01 7.736314e+01 -7.205754e+00
      vertex   3.154231e+01 7.808668e+01 -7.205754e+00
    endloop
  endfacet
  facet normal -7.933533e-01 -6.087614e-01 0.000000e+00
    outer loop
      vertex   3.154231e+01 7.808668e+01 -1.520575e+01
      vertex   3.154231e+01 7.808668e+01 -7.205754e+00
      vertex   3.106556e+01 7.870800e+01 -1.520575e+01
    endloop
  endfacet
  facet normal -7.933533e-01 -6.087614e-01 0.000000e+00
    outer loop
      vertex   3.106556e+01 7.870800e+01 -1.520575e+01
      vertex   3.154231e+01 7.808668e+01 -7.205754e+00
      vertex   3.106556e+01 7.870800e+01 -7.205754e+00
    endloop
  endfacet
  facet normal -6.087614e-01 -7.933533e-01 0.000000e+00
    outer loop
      vertex   3.106556e+01 7.870800e+01 -1.520575e+01
      vertex   3.106556e+01 7.870800e+01 -7.205754e+00
      vertex   3.044423e+01 7.918476e+01 -1.520575e+01
    endloop
  endfacet
  facet normal -6.087614e-01 -7.933533e-01 0.000000e+00
    outer loop
      vertex   3.044423e+01 7.918476e+01 -1.520575e+01
      vertex   3.106556e+01 7.870800e+01 -7.205754e+00
      vertex   3.044423e+01 7.918476e+01 -7.205754e+00
    endloop
  endfacet
  facet normal -3.826834e-01 -9.238795e-01 0.000000e+00
    outer loop
      vertex   3.044423e+01 7.918476e+01 -1.520575e+01
      vertex   3.044423e+01 7.918476e+01 -7.205754e+00
      vertex   2.972069e+01 7.948446e+01 -1.520575e+01
    endloop
  endfacet
  facet normal -3.826834e-01 -9.238795e-01 0.000000e+00
    outer loop
      vertex   2.972069e+01 7.948446e+01 -1.520575e+01
      vertex   3.044423e+01 7.918476e+01 -7.205754e+00
      vertex   2.972069e+01 7.948446e+01 -7.205754e+00
    endloop
  endfacet
  facet normal -1.305262e-01 -9.914449e-01 0.000000e+00
    outer loop
      vertex   2.972069e+01 7.948446e+01 -1.520575e+01
      vertex   2.972069e+01 7.948446e+01 -7.205754e+00
      vertex   2.894423e+01 7.958668e+01 -1.520575e+01
    endloop
  endfacet
  facet normal -1.305262e-01 -9.914449e-01 0.000000e+00
    outer loop
      vertex   2.894423e+01 7.958668e+01 -1.520575e+01
      vertex   2.972069e+01 7.948446e+01 -7.205754e+00
      vertex   2.894423e+01 7.958668e+01 -7.205754e+00
    endloop
  endfacet
  facet normal 1.305262e-01 -9.914449e-01 0.000000e+00
    outer loop
      vertex   2.894423e+01 7.958668e+01 -1.520575e+01
      vertex   2.894423e+01 7.958668e+01 -7.205754e+00
      vertex   2.816778e+01 7.948446e+01 -1.520575e+01
    endloop
  endfacet
  facet normal 1.305262e-01 -9.914449e-01 0.000000e+00
    outer loop
      vertex   2.816778e+01 7.948446e+01 -1.520575e+01
      vertex   2.894423e+01 7.958668e+01 -7.205754e+00
      vertex   2.816778e+01 7.948446e+01 -7.205754e+00
    endloop
  endfacet
  facet normal 3.826834e-01 -9.238795e-01 0.000000e+00
    outer loop
      vertex   2.816778e+01 7.948446e+01 -1.520575e+01
      vertex   2.816778e+01 7.948446e+01 -7.205754e+00
      vertex   2.744423e+01 7.918476e+01 -1.520575e+01
    endloop
  endfacet
  facet normal 3.826834e-01 -9.238795e-01 0.000000e+00
    outer loop
      vertex   2.744423e+01 7.918476e+01 -1.520575e+01
      vertex   2.816778e+01 7.948446e+01 -7.205754e+00
      vertex   2.744423e+01 7.918476e+01 -7.205754e+00
    endloop
  endfacet
  facet normal 6.087614e-01 -7.933533e-01 0.000000e+00
    outer loop
      vertex   2.744423e+01 7.918476e+01 -1.520575e+01
      vertex   2.744423e+01 7.918476e+01 -7.205754e+00
      vertex   2.682291e+01 7.870800e+01 -1.520575e+01
    endloop
  endfacet
  facet normal 6.087614e-01 -7.933533e-01 0.000000e+00
    outer loop
      vertex   2.682291e+01 7.870800e+01 -1.520575e+01
      vertex   2.744423e+01 7.918476e+01 -7.205754e+00
      vertex   2.682291e+01 7.870800e+01 -7.205754e+00
    endloop
  endfacet
  facet normal 7.933533e-01 -6.087614e-01 0.000000e+00
    outer loop
      vertex   2.682291e+01 7.870800e+01 -1.520575e+01
      vertex   2.682291e+01 7.870800e+01 -7.205754e+00
      vertex   2.634616e+01 7.808668e+01 -1.520575e+01
    endloop
  endfacet
  facet normal 7.933533e-01 -6.087614e-01 0.000000e+00
    outer loop
      vertex   2.634616e+01 7.808668e+01 -1.520575e+01
      vertex   2.682291e+01 7.870800e+01 -7.205754e+00
      vertex   2.634616e+01 7.808668e+01 -7.205754e+00
    endloop
  endfacet
  facet normal 9.238795e-01 -3.826834e-01 0.000000e+00
    outer loop
      vertex   2.634616e+01 7.808668e+01 -1.520575e+01
      vertex   2.634616e+01 7.808668e+01 -7.205754e+00
      vertex   2.604646e+01 7.736314e+01 -1.520575e+01
    endloop
  endfacet
  facet normal 9.238795e-01 -3.826834e-01 0.000000e+00
    outer loop
      vertex   2.604646e+01 7.736314e+01 -1.520575e+01
      vertex   2.634616e+01 7.808668e+01 -7.205754e+00
      vertex   2.604646e+01 7.736314e+01 -7.205754e+00
    endloop
  endfacet
  facet normal 9.914449e-01 -1.305262e-01 0.000000e+00
    outer loop
      vertex   2.610222e+01 8.894982e+01 -1.520575e+01
      vertex   2.610222e+01 8.894982e+01 -7.205754e+00
      vertex   2.600000e+01 8.817336e+01 -1.520575e+01
    endloop
  endfacet
  facet normal 9.914449e-01 -1.305262e-01 0.000000e+00
    outer loop
      vertex   2.600000e+01 8.817336e+01 -1.520575e+01
      vertex   2.610222e+01 8.894982e+01 -7.205754e+00
      vertex   2.600000e+01 8.817336e+01 -7.205754e+00
    endloop
  endfacet
  facet normal 9.914449e-01 1.305262e-01 -0.000000e+00
    outer loop
      vertex   2.600000e+01 8.817336e+01 -1.520575e+01
      vertex   2.600000e+01 8.817336e+01 -7.205754e+00
      vertex   2.610222e+01 8.739691e+01 -1.520575e+01
    endloop
  endfacet
  facet normal 9.914449e-01 1.305262e-01 -0.000000e+00
    outer loop
      vertex   2.610222e+01 8.739691e+01 -1.520575e+01
      vertex   2.600000e+01 8.817336e+01 -7.205754e+00
      vertex   2.610222e+01 8.739691e+01 -7.205754e+00
    endloop
  endfacet
  facet normal 9.238795e-01 3.826834e-01 -0.000000e+00
    outer loop
      vertex   2.610222e+01 8.739691e+01 -1.520575e+01
      vertex   2.610222e+01 8.739691e+01 -7.205754e+00
      vertex   2.640192e+01 8.667336e+01 -1.520575e+01
    endloop
  endfacet
  facet normal 9.238795e-01 3.826834e-01 -0.000000e+00
    outer loop
      vertex   2.640192e+01 8.667336e+01 -1.520575e+01
      vertex   2.610222e+01 8.739691e+01 -7.205754e+00
      vertex   2.640192e+01 8.667336e+01 -7.205754e+00
    endloop
  endfacet
  facet normal 7.933533e-01 6.087614e-01 -0.000000e+00
    outer loop
      vertex   2.640192e+01 8.667336e+01 -1.520575e+01
      vertex   2.640192e+01 8.667336e+01 -7.205754e+00
      vertex   2.687868e+01 8.605204e+01 -1.520575e+01
    endloop
  endfacet
  facet normal 7.933533e-01 6.087614e-01 -0.000000e+00
    outer loop
      vertex   2.687868e+01 8.605204e+01 -1.520575e+01
      vertex   2.640192e+01 8.667336e+01 -7.205754e+00
      vertex   2.687868e+01 8.605204e+01 -7.205754e+00
    endloop
  endfacet
  facet normal 6.087614e-01 7.933533e-01 -0.000000e+00
    outer loop
      vertex   2.687868e+01 8.605204e+01 -1.520575e+01
      vertex   2.687868e+01 8.605204e+01 -7.205754e+00
      vertex   2.750000e+01 8.557529e+01 -1.520575e+01
    endloop
  endfacet
  facet normal 6.087614e-01 7.933533e-01 -0.000000e+00
    outer loop
      vertex   2.750000e+01 8.557529e+01 -1.520575e+01
      vertex   2.687868e+01 8.605204e+01 -7.205754e+00
      vertex   2.750000e+01 8.557529e+01 -7.205754e+00
    endloop
  endfacet
  facet normal 3.826834e-01 9.238795e-01 -0.000000e+00
    outer loop
      vertex   2.750000e+01 8.557529e+01 -1.520575e+01
      vertex   2.750000e+01 8.557529e+01 -7.205754e+00
      vertex   2.822354e+01 8.527559e+01 -1.520575e+01
    endloop
  endfacet
  facet normal 3.826834e-01 9.238795e-01 -0.000000e+00
    outer loop
      vertex   2.822354e+01 8.527559e+01 -1.520575e+01
      vertex   2.750000e+01 8.557529e+01 -7.205754e+00
      vertex   2.822354e+01 8.527559e+01 -7.205754e+00
    endloop
  endfacet
  facet normal 1.305262e-01 9.914449e-01 -0.000000e+00
    outer loop
      vertex   2.822354e+01 8.527559e+01 -1.520575e+01
      vertex   2.822354e+01 8.527559e+01 -7.205754e+00
      vertex   2.900000e+01 8.517336e+01 -1.520575e+01
    endloop
  endfacet
  facet normal 1.305262e-01 9.914449e-01 -0.000000e+00
    outer loop
      vertex   2.900000e+01 8.517336e+01 -1.520575e+01
      vertex   2.822354e+01 8.527559e+01 -7.205754e+00
      vertex   2.900000e+01 8.517336e+01 -7.205754e+00
    endloop
  endfacet
  facet normal -1.305262e-01 9.914449e-01 0.000000e+00
    outer loop
      vertex   2.900000e+01 8.517336e+01 -1.520575e+01
      vertex   2.900000e+01 8.517336e+01 -7.205754e+00
      vertex   2.977646e+01 8.527559e+01 -1.520575e+01
    endloop
  endfacet
  facet normal -1.305262e-01 9.914449e-01 0.000000e+00
    outer loop
      vertex   2.977646e+01 8.527559e+01 -1.520575e+01
      vertex   2.900000e+01 8.517336e+01 -7.205754e+00
      vertex   2.977646e+01 8.527559e+01 -7.205754e+00
    endloop
  endfacet
  facet normal -3.826834e-01 9.238795e-01 0.000000e+00
    outer loop
      vertex   2.977646e+01 8.527559e+01 -1.520575e+01
      vertex   2.977646e+01 8.527559e+01 -7.205754e+00
      vertex   3.050000e+01 8.557529e+01 -1.520575e+01
    endloop
  endfacet
  facet normal -3.826834e-01 9.238795e-01 0.000000e+00
    outer loop
      vertex   3.050000e+01 8.557529e+01 -1.520575e+01
      vertex   2.977646e+01 8.527559e+01 -7.205754e+00
      vertex   3.050000e+01 8.557529e+01 -7.205754e+00
    endloop
  endfacet
  facet normal -6.087614e-01 7.933533e-01 0.000000e+00
    outer loop
      vertex   3.050000e+01 8.557529e+01 -1.520575e+01
      vertex   3.050000e+01 8.557529e+01 -7.205754e+00
      vertex   3.112132e+01 8.605204e+01 -1.520575e+01
    endloop
  endfacet
  facet normal -6.087614e-01 7.933533e-01 0.000000e+00
    outer loop
      vertex   3.112132e+01 8.605204e+01 -1.520575e+01
      vertex   3.050000e+01 8.557529e+01 -7.205754e+00
      vertex   3.112132e+01 8.605204e+01 -7.205754e+00
    endloop
  endfacet
  facet normal -7.933533e-01 6.087614e-01 0.000000e+00
    outer loop
      vertex   3.112132e+01 8.605204e+01 -1.520575e+01
      vertex   3.112132e+01 8.605204e+01 -7.205754e+00
      vertex   3.159808e+01 8.667336e+01 -1.520575e+01
    endloop
  endfacet
  facet normal -7.933533e-01 6.087614e-01 0.000000e+00
    outer loop
      vertex   3.159808e+01 8.667336e+01 -1.520575e+01
      vertex   3.112132e+01 8.605204e+01 -7.205754e+00
      vertex   3.159808e+01 8.667336e+01 -7.205754e+00
    endloop
  endfacet
  facet normal -9.238795e-01 3.826834e-01 0.000000e+00
    outer loop
      vertex   3.159808e+01 8.667336e+01 -1.520575e+01
      vertex   3.159808e+01 8.667336e+01 -7.205754e+00
      vertex   3.189778e+01 8.739691e+01 -1.520575e+01
    endloop
  endfacet
  facet normal -9.238795e-01 3.826834e-01 0.000000e+00
    outer loop
      vertex   3.189778e+01 8.739691e+01 -1.520575e+01
      vertex   3.159808e+01 8.667336e+01 -7.205754e+00
      vertex   3.189778e+01 8.739691e+01 -7.205754e+00
    endloop
  endfacet
  facet normal -9.914449e-01 1.305262e-01 0.000000e+00
    outer loop
      vertex   3.189778e+01 8.739691e+01 -1.520575e+01
      vertex   3.189778e+01 8.739691e+01 -7.205754e+00
      vertex   3.200000e+01 8.817336e+01 -1.520575e+01
    endloop
  endfacet
  facet normal -9.914449e-01 1.305262e-01 0.000000e+00
    outer loop
      vertex   3.200000e+01 8.817336e+01 -1.520575e+01
      vertex   3.189778e+01 8.739691e+01 -7.205754e+00
      vertex   3.200000e+01 8.817336e+01 -7.205754e+00
    endloop
  endfacet
  facet normal -9.914449e-01 -1.305262e-01 0.000000e+00
    outer loop
      vertex   3.200000e+01 8.817336e+01 -1.520575e+01
      vertex   3.200000e+01 8.817336e+01 -7.205754e+00
      vertex   3.189778e+01 8.894982e+01 -1.520575e+01
    endloop
  endfacet
  facet normal -9.914449e-01 -1.305262e-01 0.000000e+00
    outer loop
      vertex   3.189778e+01 8.894982e+01 -1.520575e+01
      vertex   3.200000e+01 8.817336e+01 -7.205754e+00
      vertex   3.189778e+01 8.894982e+01 -7.205754e+00
    endloop
  endfacet
  facet normal -9.238795e-01 -3.826834e-01 0.000000e+00
    outer loop
      vertex   3.189778e+01 8.894982e+01 -1.520575e+01
      vertex   3.189778e+01 8.894982e+01 -7.205754e+00
      vertex   3.159808e+01 8.967336e+01 -1.520575e+01
    endloop
  endfacet
  facet normal -9.238795e-01 -3.826834e-01 0.000000e+00
    outer loop
      vertex   3.159808e+01 8.967336e+01 -1.520575e+01
      vertex   3.189778e+01 8.894982e+01 -7.205754e+00
      vertex   3.159808e+01 8.967336e+01 -7.205754e+00
    endloop
  endfacet
  facet normal -7.933533e-01 -6.087614e-01 0.000000e+00
    outer loop
      vertex   3.159808e+01 8.967336e+01 -1.520575e+01
      vertex   3.159808e+01 8.967336e+01 -7.205754e+00
      vertex   3.112132e+01 9.029468e+01 -1.520575e+01
    endloop
  endfacet
  facet normal -7.933533e-01 -6.087614e-01 0.000000e+00
    outer loop
      vertex   3.112132e+01 9.029468e+01 -1.520575e+01
      vertex   3.159808e+01 8.967336e+01 -7.205754e+00
      vertex   3.112132e+01 9.029468e+01 -7.205754e+00
    endloop
  endfacet
  facet normal -6.087614e-01 -7.933533e-01 0.000000e+00
    outer loop
      vertex   3.112132e+01 9.029468e+01 -1.520575e+01
      vertex   3.112132e+01 9.029468e+01 -7.205754e+00
      vertex   3.050000e+01 9.077144e+01 -1.520575e+01
    endloop
  endfacet
  facet normal -6.087614e-01 -7.933533e-01 0.000000e+00
    outer loop
      vertex   3.050000e+01 9.077144e+01 -1.520575e+01
      vertex   3.112132e+01 9.029468e+01 -7.205754e+00
      vertex   3.050000e+01 9.077144e+01 -7.205754e+00
    endloop
  endfacet
  facet normal -3.826834e-01 -9.238795e-01 0.000000e+00
    outer loop
      vertex   3.050000e+01 9.077144e+01 -1.520575e+01
      vertex   3.050000e+01 9.077144e+01 -7.205754e+00
      vertex   2.977646e+01 9.107114e+01 -1.520575e+01
    endloop
  endfacet
  facet normal -3.826834e-01 -9.238795e-01 0.000000e+00
    outer loop
      vertex   2.977646e+01 9.107114e+01 -1.520575e+01
      vertex   3.050000e+01 9.077144e+01 -7.205754e+00
      vertex   2.977646e+01 9.107114e+01 -7.205754e+00
    endloop
  endfacet
  facet normal -1.305262e-01 -9.914449e-01 0.000000e+00
    outer loop
      vertex   2.977646e+01 9.107114e+01 -1.520575e+01
      vertex   2.977646e+01 9.107114e+01 -7.205754e+00
      vertex   2.900000e+01 9.117336e+01 -1.520575e+01
    endloop
  endfacet
  facet normal -1.305262e-01 -9.914449e-01 0.000000e+00
    outer loop
      vertex   2.900000e+01 9.117336e+01 -1.520575e+01
      vertex   2.977646e+01 9.107114e+01 -7.205754e+00
      vertex   2.900000e+01 9.117336e+01 -7.205754e+00
    endloop
  endfacet
  facet normal 1.305262e-01 -9.914449e-01 0.000000e+00
    outer loop
      vertex   2.900000e+01 9.117336e+01 -1.520575e+01
      vertex   2.900000e+01 9.117336e+01 -7.205754e+00
      vertex   2.822354e+01 9.107114e+01 -1.520575e+01
    endloop
  endfacet
  facet normal 1.305262e-01 -9.914449e-01 0.000000e+00
    outer loop
      vertex   2.822354e+01 9.107114e+01 -1.520575e+01
      vertex   2.900000e+01 9.117336e+01 -7.205754e+00
      vertex   2.822354e+01 9.107114e+01 -7.205754e+00
    endloop
  endfacet
  facet normal 3.826834e-01 -9.238795e-01 0.000000e+00
    outer loop
      vertex   2.822354e+01 9.107114e+01 -1.520575e+01
      vertex   2.822354e+01 9.107114e+01 -7.205754e+00
      vertex   2.750000e+01 9.077144e+01 -1.520575e+01
    endloop
  endfacet
  facet normal 3.826834e-01 -9.238795e-01 0.000000e+00
    outer loop
      vertex   2.750000e+01 9.077144e+01 -1.520575e+01
      vertex   2.822354e+01 9.107114e+01 -7.205754e+00
      vertex   2.750000e+01 9.077144e+01 -7.205754e+00
    endloop
  endfacet
  facet normal 6.087614e-01 -7.933533e-01 0.000000e+00
    outer loop
      vertex   2.750000e+01 9.077144e+01 -1.520575e+01
      vertex   2.750000e+01 9.077144e+01 -7.205754e+00
      vertex   2.687868e+01 9.029468e+01 -1.520575e+01
    endloop
  endfacet
  facet normal 6.087614e-01 -7.933533e-01 0.000000e+00
    outer loop
      vertex   2.687868e+01 9.029468e+01 -1.520575e+01
      vertex   2.750000e+01 9.077144e+01 -7.205754e+00
      vertex   2.687868e+01 9.029468e+01 -7.205754e+00
    endloop
  endfacet
  facet normal 7.933533e-01 -6.087614e-01 0.000000e+00
    outer loop
      vertex   2.687868e+01 9.029468e+01 -1.520575e+01
      vertex   2.687868e+01 9.029468e+01 -7.205754e+00
      vertex   2.640192e+01 8.967336e+01 -1.520575e+01
    endloop
  endfacet
  facet normal 7.933533e-01 -6.087614e-01 0.000000e+00
    outer loop
      vertex   2.640192e+01 8.967336e+01 -1.520575e+01
      vertex   2.687868e+01 9.029468e+01 -7.205754e+00
      vertex   2.640192e+01 8.967336e+01 -7.205754e+00
    endloop
  endfacet
  facet normal 9.238795e-01 -3.826834e-01 0.000000e+00
    outer loop
      vertex   2.640192e+01 8.967336e+01 -1.520575e+01
      vertex   2.640192e+01 8.967336e+01 -7.205754e+00
      vertex   2.610222e+01 8.894982e+01 -1.520575e+01
    endloop
  endfacet
  facet normal 9.238795e-01 -3.826834e-01 0.000000e+00
    outer loop
      vertex   2.610222e+01 8.894982e+01 -1.520575e+01
      vertex   2.640192e+01 8.967336e+01 -7.205754e+00
      vertex   2.610222e+01 8.894982e+01 -7.205754e+00
    endloop
  endfacet
  facet normal 9.914449e-01 -1.305262e-01 0.000000e+00
    outer loop
      vertex   2.610222e+01 6.577646e+01 -1.520575e+01
      vertex   2.610222e+01 6.577646e+01 -7.205754e+00
      vertex   2.600000e+01 6.500000e+01 -1.520575e+01
    endloop
  endfacet
  facet normal 9.914449e-01 -1.305262e-01 0.000000e+00
    outer loop
      vertex   2.600000e+01 6.500000e+01 -1.520575e+01
      vertex   2.610222e+01 6.577646e+01 -7.205754e+00
      vertex   2.600000e+01 6.500000e+01 -7.205754e+00
    endloop
  endfacet
  facet normal 9.914449e-01 1.305262e-01 -0.000000e+00
    outer loop
      vertex   2.600000e+01 6.500000e+01 -1.520575e+01
      vertex   2.600000e+01 6.500000e+01 -7.205754e+00
      vertex   2.610222e+01 6.422354e+01 -1.520575e+01
    endloop
  endfacet
  facet normal 9.914449e-01 1.305262e-01 -0.000000e+00
    outer loop
      vertex   2.610222e+01 6.422354e+01 -1.520575e+01
      vertex   2.600000e+01 6.500000e+01 -7.205754e+00
      vertex   2.610222e+01 6.422354e+01 -7.205754e+00
    endloop
  endfacet
  facet normal 9.238795e-01 3.826834e-01 -0.000000e+00
    outer loop
      vertex   2.610222e+01 6.422354e+01 -1.520575e+01
      vertex   2.610222e+01 6.422354e+01 -7.205754e+00
      vertex   2.640192e+01 6.350000e+01 -1.520575e+01
    endloop
  endfacet
  facet normal 9.238795e-01 3.826834e-01 -0.000000e+00
    outer loop
      vertex   2.640192e+01 6.350000e+01 -1.520575e+01
      vertex   2.610222e+01 6.422354e+01 -7.205754e+00
      vertex   2.640192e+01 6.350000e+01 -7.205754e+00
    endloop
  endfacet
  facet normal 7.933533e-01 6.087614e-01 -0.000000e+00
    outer loop
      vertex   2.640192e+01 6.350000e+01 -1.520575e+01
      vertex   2.640192e+01 6.350000e+01 -7.205754e+00
      vertex   2.687868e+01 6.287868e+01 -1.520575e+01
    endloop
  endfacet
  facet normal 7.933533e-01 6.087614e-01 -0.000000e+00
    outer loop
      vertex   2.687868e+01 6.287868e+01 -1.520575e+01
      vertex   2.640192e+01 6.350000e+01 -7.205754e+00
      vertex   2.687868e+01 6.287868e+01 -7.205754e+00
    endloop
  endfacet
  facet normal 6.087614e-01 7.933533e-01 -0.000000e+00
    outer loop
      vertex   2.687868e+01 6.287868e+01 -1.520575e+01
      vertex   2.687868e+01 6.287868e+01 -7.205754e+00
      vertex   2.750000e+01 6.240192e+01 -1.520575e+01
    endloop
  endfacet
  facet normal 6.087614e-01 7.933533e-01 -0.000000e+00
    outer loop
      vertex   2.750000e+01 6.240192e+01 -1.520575e+01
      vertex   2.687868e+01 6.287868e+01 -7.205754e+00
      vertex   2.750000e+01 6.240192e+01 -7.205754e+00
    endloop
  endfacet
  facet normal 3.826834e-01 9.238795e-01 -0.000000e+00
    outer loop
      vertex   2.750000e+01 6.240192e+01 -1.520575e+01
      vertex   2.750000e+01 6.240192e+01 -7.205754e+00
      vertex   2.822354e+01 6.210222e+01 -1.520575e+01
    endloop
  endfacet
  facet normal 3.826834e-01 9.238795e-01 -0.000000e+00
    outer loop
      vertex   2.822354e+01 6.210222e+01 -1.520575e+01
      vertex   2.750000e+01 6.240192e+01 -7.205754e+00
      vertex   2.822354e+01 6.210222e+01 -7.205754e+00
    endloop
  endfacet
  facet normal 1.305262e-01 9.914449e-01 -0.000000e+00
    outer loop
      vertex   2.822354e+01 6.210222e+01 -1.520575e+01
      vertex   2.822354e+01 6.210222e+01 -7.205754e+00
      vertex   2.900000e+01 6.200000e+01 -1.520575e+01
    endloop
  endfacet
  facet normal 1.305262e-01 9.914449e-01 -0.000000e+00
    outer loop
      vertex   2.900000e+01 6.200000e+01 -1.520575e+01
      vertex   2.822354e+01 6.210222e+01 -7.205754e+00
      vertex   2.900000e+01 6.200000e+01 -7.205754e+00
    endloop
  endfacet
  facet normal -1.305262e-01 9.914449e-01 0.000000e+00
    outer loop
      vertex   2.900000e+01 6.200000e+01 -1.520575e+01
      vertex   2.900000e+01 6.200000e+01 -7.205754e+00
      vertex   2.977646e+01 6.210222e+01 -1.520575e+01
    endloop
  endfacet
  facet normal -1.305262e-01 9.914449e-01 0.000000e+00
    outer loop
      vertex   2.977646e+01 6.210222e+01 -1.520575e+01
      vertex   2.900000e+01 6.200000e+01 -7.205754e+00
      vertex   2.977646e+01 6.210222e+01 -7.205754e+00
    endloop
  endfacet
  facet normal -3.826834e-01 9.238795e-01 0.000000e+00
    outer loop
      vertex   2.977646e+01 6.210222e+01 -1.520575e+01
      vertex   2.977646e+01 6.210222e+01 -7.205754e+00
      vertex   3.050000e+01 6.240192e+01 -1.520575e+01
    endloop
  endfacet
  facet normal -3.826834e-01 9.238795e-01 0.000000e+00
    outer loop
      vertex   3.050000e+01 6.240192e+01 -1.520575e+01
      vertex   2.977646e+01 6.210222e+01 -7.205754e+00
      vertex   3.050000e+01 6.240192e+01 -7.205754e+00
    endloop
  endfacet
  facet normal -6.087614e-01 7.933533e-01 0.000000e+00
    outer loop
      vertex   3.050000e+01 6.240192e+01 -1.520575e+01
      vertex   3.050000e+01 6.240192e+01 -7.205754e+00
      vertex   3.112132e+01 6.287868e+01 -1.520575e+01
    endloop
  endfacet
  facet normal -6.087614e-01 7.933533e-01 0.000000e+00
    outer loop
      vertex   3.112132e+01 6.287868e+01 -1.520575e+01
      vertex   3.050000e+01 6.240192e+01 -7.205754e+00
      vertex   3.112132e+01 6.287868e+01 -7.205754e+00
    endloop
  endfacet
  facet normal -7.933533e-01 6.087614e-01 0.000000e+00
    outer loop
      vertex   3.112132e+01 6.287868e+01 -1.520575e+01
      vertex   3.112132e+01 6.287868e+01 -7.205754e+00
      vertex   3.159808e+01 6.350000e+01 -1.520575e+01
    endloop
  endfacet
  facet normal -7.933533e-01 6.087614e-01 0.000000e+00
    outer loop
      vertex   3.159808e+01 6.350000e+01 -1.520575e+01
      vertex   3.112132e+01 6.287868e+01 -7.205754e+00
      vertex   3.159808e+01 6.350000e+01 -7.205754e+00
    endloop
  endfacet
  facet normal -9.238795e-01 3.826834e-01 0.000000e+00
    outer loop
      vertex   3.159808e+01 6.350000e+01 -1.520575e+01
      vertex   3.159808e+01 6.350000e+01 -7.205754e+00
      vertex   3.189778e+01 6.422354e+01 -1.520575e+01
    endloop
  endfacet
  facet normal -9.238795e-01 3.826834e-01 0.000000e+00
    outer loop
      vertex   3.189778e+01 6.422354e+01 -1.520575e+01
      vertex   3.159808e+01 6.350000e+01 -7.205754e+00
      vertex   3.189778e+01 6.422354e+01 -7.205754e+00
    endloop
  endfacet
  facet normal -9.914449e-01 1.305262e-01 0.000000e+00
    outer loop
      vertex   3.189778e+01 6.422354e+01 -1.520575e+01
      vertex   3.189778e+01 6.422354e+01 -7.205754e+00
      vertex   3.200000e+01 6.500000e+01 -1.520575e+01
    endloop
  endfacet
  facet normal -9.914449e-01 1.305262e-01 0.000000e+00
    outer loop
      vertex   3.200000e+01 6.500000e+01 -1.520575e+01
      vertex   3.189778e+01 6.422354e+01 -7.205754e+00
      vertex   3.200000e+01 6.500000e+01 -7.205754e+00
    endloop
  endfacet
  facet normal -9.914449e-01 -1.305262e-01 0.000000e+00
    outer loop
      vertex   3.200000e+01 6.500000e+01 -1.520575e+01
      vertex   3.200000e+01 6.500000e+01 -7.205754e+00
      vertex   3.189778e+01 6.577646e+01 -1.520575e+01
    endloop
  endfacet
  facet normal -9.914449e-01 -1.305262e-01 0.000000e+00
    outer loop
      vertex   3.189778e+01 6.577646e+01 -1.520575e+01
      vertex   3.200000e+01 6.500000e+01 -7.205754e+00
      vertex   3.189778e+01 6.577646e+01 -7.205754e+00
    endloop
  endfacet
  facet normal -9.238795e-01 -3.826834e-01 0.000000e+00
    outer loop
      vertex   3.189778e+01 6.577646e+01 -1.520575e+01
      vertex   3.189778e+01 6.577646e+01 -7.205754e+00
      vertex   3.159808e+01 6.650000e+01 -1.520575e+01
    endloop
  endfacet
  facet normal -9.238795e-01 -3.826834e-01 0.000000e+00
    outer loop
      vertex   3.159808e+01 6.650000e+01 -1.520575e+01
      vertex   3.189778e+01 6.577646e+01 -7.205754e+00
      vertex   3.159808e+01 6.650000e+01 -7.205754e+00
    endloop
  endfacet
  facet normal -7.933533e-01 -6.087614e-01 0.000000e+00
    outer loop
      vertex   3.159808e+01 6.650000e+01 -1.520575e+01
      vertex   3.159808e+01 6.650000e+01 -7.205754e+00
      vertex   3.112132e+01 6.712132e+01 -1.520575e+01
    endloop
  endfacet
  facet normal -7.933533e-01 -6.087614e-01 0.000000e+00
    outer loop
      vertex   3.112132e+01 6.712132e+01 -1.520575e+01
      vertex   3.159808e+01 6.650000e+01 -7.205754e+00
      vertex   3.112132e+01 6.712132e+01 -7.205754e+00
    endloop
  endfacet
  facet normal -6.087614e-01 -7.933533e-01 0.000000e+00
    outer loop
      vertex   3.112132e+01 6.712132e+01 -1.520575e+01
      vertex   3.112132e+01 6.712132e+01 -7.205754e+00
      vertex   3.050000e+01 6.759808e+01 -1.520575e+01
    endloop
  endfacet
  facet normal -6.087614e-01 -7.933533e-01 0.000000e+00
    outer loop
      vertex   3.050000e+01 6.759808e+01 -1.520575e+01
      vertex   3.112132e+01 6.712132e+01 -7.205754e+00
      vertex   3.050000e+01 6.759808e+01 -7.205754e+00
    endloop
  endfacet
  facet normal -3.826834e-01 -9.238795e-01 0.000000e+00
    outer loop
      vertex   3.050000e+01 6.759808e+01 -1.520575e+01
      vertex   3.050000e+01 6.759808e+01 -7.205754e+00
      vertex   2.977646e+01 6.789778e+01 -1.520575e+01
    endloop
  endfacet
  facet normal -3.826834e-01 -9.238795e-01 0.000000e+00
    outer loop
      vertex   2.977646e+01 6.789778e+01 -1.520575e+01
      vertex   3.050000e+01 6.759808e+01 -7.205754e+00
      vertex   2.977646e+01 6.789778e+01 -7.205754e+00
    endloop
  endfacet
  facet normal -1.305262e-01 -9.914449e-01 0.000000e+00
    outer loop
      vertex   2.977646e+01 6.789778e+01 -1.520575e+01
      vertex   2.977646e+01 6.789778e+01 -7.205754e+00
      vertex   2.900000e+01 6.800000e+01 -1.520575e+01
    endloop
  endfacet
  facet normal -1.305262e-01 -9.914449e-01 0.000000e+00
    outer loop
      vertex   2.900000e+01 6.800000e+01 -1.520575e+01
      vertex   2.977646e+01 6.789778e+01 -7.205754e+00
      vertex   2.900000e+01 6.800000e+01 -7.205754e+00
    endloop
  endfacet
  facet normal 1.305262e-01 -9.914449e-01 0.000000e+00
    outer loop
      vertex   2.900000e+01 6.800000e+01 -1.520575e+01
      vertex   2.900000e+01 6.800000e+01 -7.205754e+00
      vertex   2.822354e+01 6.789778e+01 -1.520575e+01
    endloop
  endfacet
  facet normal 1.305262e-01 -9.914449e-01 0.000000e+00
    outer loop
      vertex   2.822354e+01 6.789778e+01 -1.520575e+01
      vertex   2.900000e+01 6.800000e+01 -7.205754e+00
      vertex   2.822354e+01 6.789778e+01 -7.205754e+00
    endloop
  endfacet
  facet normal 3.826834e-01 -9.238795e-01 0.000000e+00
    outer loop
      vertex   2.822354e+01 6.789778e+01 -1.520575e+01
      vertex   2.822354e+01 6.789778e+01 -7.205754e+00
      vertex   2.750000e+01 6.759808e+01 -1.520575e+01
    endloop
  endfacet
  facet normal 3.826834e-01 -9.238795e-01 0.000000e+00
    outer loop
      vertex   2.750000e+01 6.759808e+01 -1.520575e+01
      vertex   2.822354e+01 6.789778e+01 -7.205754e+00
      vertex   2.750000e+01 6.759808e+01 -7.205754e+00
    endloop
  endfacet
  facet normal 6.087614e-01 -7.933533e-01 0.000000e+00
    outer loop
      vertex   2.750000e+01 6.759808e+01 -1.520575e+01
      vertex   2.750000e+01 6.759808e+01 -7.205754e+00
      vertex   2.687868e+01 6.712132e+01 -1.520575e+01
    endloop
  endfacet
  facet normal 6.087614e-01 -7.933533e-01 0.000000e+00
    outer loop
      vertex   2.687868e+01 6.712132e+01 -1.520575e+01
      vertex   2.750000e+01 6.759808e+01 -7.205754e+00
      vertex   2.687868e+01 6.712132e+01 -7.205754e+00
    endloop
  endfacet
  facet normal 7.933533e-01 -6.087614e-01 0.000000e+00
    outer loop
      vertex   2.687868e+01 6.712132e+01 -1.520575e+01
      vertex   2.687868e+01 6.712132e+01 -7.205754e+00
      vertex   2.640192e+01 6.650000e+01 -1.520575e+01
    endloop
  endfacet
  facet normal 7.933533e-01 -6.087614e-01 0.000000e+00
    outer loop
      vertex   2.640192e+01 6.650000e+01 -1.520575e+01
      vertex   2.687868e+01 6.712132e+01 -7.205754e+00
      vertex   2.640192e+01 6.650000e+01 -7.205754e+00
    endloop
  endfacet
  facet normal 9.238795e-01 -3.826834e-01 0.000000e+00
    outer loop
      vertex   2.640192e+01 6.650000e+01 -1.520575e+01
      vertex   2.640192e+01 6.650000e+01 -7.205754e+00
      vertex   2.610222e+01 6.577646e+01 -1.520575e+01
    endloop
  endfacet
  facet normal 9.238795e-01 -3.826834e-01 0.000000e+00
    outer loop
      vertex   2.610222e+01 6.577646e+01 -1.520575e+01
      vertex   2.640192e+01 6.650000e+01 -7.205754e+00
      vertex   2.610222e+01 6.577646e+01 -7.205754e+00
    endloop
  endfacet
  facet normal 9.914449e-01 -1.305262e-01 0.000000e+00
    outer loop
      vertex   -4.789778e+01 8.894982e+01 -1.520575e+01
      vertex   -4.789778e+01 8.894982e+01 -7.205754e+00
      vertex   -4.800000e+01 8.817336e+01 -1.520575e+01
    endloop
  endfacet
  facet normal 9.914449e-01 -1.305262e-01 0.000000e+00
    outer loop
      vertex   -4.800000e+01 8.817336e+01 -1.520575e+01
      vertex   -4.789778e+01 8.894982e+01 -7.205754e+00
      vertex   -4.800000e+01 8.817336e+01 -7.205754e+00
    endloop
  endfacet
  facet normal 9.914449e-01 1.305262e-01 -0.000000e+00
    outer loop
      vertex   -4.800000e+01 8.817336e+01 -1.520575e+01
      vertex   -4.800000e+01 8.817336e+01 -7.205754e+00
      vertex   -4.789778e+01 8.739691e+01 -1.520575e+01
    endloop
  endfacet
  facet normal 9.914449e-01 1.305262e-01 -0.000000e+00
    outer loop
      vertex   -4.789778e+01 8.739691e+01 -1.520575e+01
      vertex   -4.800000e+01 8.817336e+01 -7.205754e+00
      vertex   -4.789778e+01 8.739691e+01 -7.205754e+00
    endloop
  endfacet
  facet normal 9.238795e-01 3.826834e-01 -0.000000e+00
    outer loop
      vertex   -4.789778e+01 8.739691e+01 -1.520575e+01
      vertex   -4.789778e+01 8.739691e+01 -7.205754e+00
      vertex   -4.759808e+01 8.667336e+01 -1.520575e+01
    endloop
  endfacet
  facet normal 9.238795e-01 3.826834e-01 -0.000000e+00
    outer loop
      vertex   -4.759808e+01 8.667336e+01 -1.520575e+01
      vertex   -4.789778e+01 8.739691e+01 -7.205754e+00
      vertex   -4.759808e+01 8.667336e+01 -7.205754e+00
    endloop
  endfacet
  facet normal 7.933533e-01 6.087614e-01 -0.000000e+00
    outer loop
      vertex   -4.759808e+01 8.667336e+01 -1.520575e+01
      vertex   -4.759808e+01 8.667336e+01 -7.205754e+00
      vertex   -4.712132e+01 8.605204e+01 -1.520575e+01
    endloop
  endfacet
  facet normal 7.933533e-01 6.087614e-01 -0.000000e+00
    outer loop
      vertex   -4.712132e+01 8.605204e+01 -1.520575e+01
      vertex   -4.759808e+01 8.667336e+01 -7.205754e+00
      vertex   -4.712132e+01 8.605204e+01 -7.205754e+00
    endloop
  endfacet
  facet normal 6.087614e-01 7.933533e-01 -0.000000e+00
    outer loop
      vertex   -4.712132e+01 8.605204e+01 -1.520575e+01
      vertex   -4.712132e+01 8.605204e+01 -7.205754e+00
      vertex   -4.650000e+01 8.557529e+01 -1.520575e+01
    endloop
  endfacet
  facet normal 6.087614e-01 7.933533e-01 -0.000000e+00
    outer loop
      vertex   -4.650000e+01 8.557529e+01 -1.520575e+01
      vertex   -4.712132e+01 8.605204e+01 -7.205754e+00
      vertex   -4.650000e+01 8.557529e+01 -7.205754e+00
    endloop
  endfacet
  facet normal 3.826834e-01 9.238795e-01 -0.000000e+00
    outer loop
      vertex   -4.650000e+01 8.557529e+01 -1.520575e+01
      vertex   -4.650000e+01 8.557529e+01 -7.205754e+00
      vertex   -4.577646e+01 8.527559e+01 -1.520575e+01
    endloop
  endfacet
  facet normal 3.826834e-01 9.238795e-01 -0.000000e+00
    outer loop
      vertex   -4.577646e+01 8.527559e+01 -1.520575e+01
      vertex   -4.650000e+01 8.557529e+01 -7.205754e+00
      vertex   -4.577646e+01 8.527559e+01 -7.205754e+00
    endloop
  endfacet
  facet normal 1.305262e-01 9.914449e-01 -0.000000e+00
    outer loop
      vertex   -4.577646e+01 8.527559e+01 -1.520575e+01
      vertex   -4.577646e+01 8.527559e+01 -7.205754e+00
      vertex   -4.500000e+01 8.517336e+01 -1.520575e+01
    endloop
  endfacet
  facet normal 1.305262e-01 9.914449e-01 -0.000000e+00
    outer loop
      vertex   -4.500000e+01 8.517336e+01 -1.520575e+01
      vertex   -4.577646e+01 8.527559e+01 -7.205754e+00
      vertex   -4.500000e+01 8.517336e+01 -7.205754e+00
    endloop
  endfacet
  facet normal -1.305262e-01 9.914449e-01 0.000000e+00
    outer loop
      vertex   -4.500000e+01 8.517336e+01 -1.520575e+01
      vertex   -4.500000e+01 8.517336e+01 -7.205754e+00
      vertex   -4.422354e+01 8.527559e+01 -1.520575e+01
    endloop
  endfacet
  facet normal -1.305262e-01 9.914449e-01 0.000000e+00
    outer loop
      vertex   -4.422354e+01 8.527559e+01 -1.520575e+01
      vertex   -4.500000e+01 8.517336e+01 -7.205754e+00
      vertex   -4.422354e+01 8.527559e+01 -7.205754e+00
    endloop
  endfacet
  facet normal -3.826834e-01 9.238795e-01 0.000000e+00
    outer loop
      vertex   -4.422354e+01 8.527559e+01 -1.520575e+01
      vertex   -4.422354e+01 8.527559e+01 -7.205754e+00
      vertex   -4.350000e+01 8.557529e+01 -1.520575e+01
    endloop
  endfacet
  facet normal -3.826834e-01 9.238795e-01 0.000000e+00
    outer loop
      vertex   -4.350000e+01 8.557529e+01 -1.520575e+01
      vertex   -4.422354e+01 8.527559e+01 -7.205754e+00
      vertex   -4.350000e+01 8.557529e+01 -7.205754e+00
    endloop
  endfacet
  facet normal -6.087614e-01 7.933533e-01 0.000000e+00
    outer loop
      vertex   -4.350000e+01 8.557529e+01 -1.520575e+01
      vertex   -4.350000e+01 8.557529e+01 -7.205754e+00
      vertex   -4.287868e+01 8.605204e+01 -1.520575e+01
    endloop
  endfacet
  facet normal -6.087614e-01 7.933533e-01 0.000000e+00
    outer loop
      vertex   -4.287868e+01 8.605204e+01 -1.520575e+01
      vertex   -4.350000e+01 8.557529e+01 -7.205754e+00
      vertex   -4.287868e+01 8.605204e+01 -7.205754e+00
    endloop
  endfacet
  facet normal -7.933533e-01 6.087614e-01 0.000000e+00
    outer loop
      vertex   -4.287868e+01 8.605204e+01 -1.520575e+01
      vertex   -4.287868e+01 8.605204e+01 -7.205754e+00
      vertex   -4.240192e+01 8.667336e+01 -1.520575e+01
    endloop
  endfacet
  facet normal -7.933533e-01 6.087614e-01 0.000000e+00
    outer loop
      vertex   -4.240192e+01 8.667336e+01 -1.520575e+01
      vertex   -4.287868e+01 8.605204e+01 -7.205754e+00
      vertex   -4.240192e+01 8.667336e+01 -7.205754e+00
    endloop
  endfacet
  facet normal -9.238795e-01 3.826834e-01 0.000000e+00
    outer loop
      vertex   -4.240192e+01 8.667336e+01 -1.520575e+01
      vertex   -4.240192e+01 8.667336e+01 -7.205754e+00
      vertex   -4.210222e+01 8.739691e+01 -1.520575e+01
    endloop
  endfacet
  facet normal -9.238795e-01 3.826834e-01 0.000000e+00
    outer loop
      vertex   -4.210222e+01 8.739691e+01 -1.520575e+01
      vertex   -4.240192e+01 8.667336e+01 -7.205754e+00
      vertex   -4.210222e+01 8.739691e+01 -7.205754e+00
    endloop
  endfacet
  facet normal -9.914449e-01 1.305262e-01 0.000000e+00
    outer loop
      vertex   -4.210222e+01 8.739691e+01 -1.520575e+01
      vertex   -4.210222e+01 8.739691e+01 -7.205754e+00
      vertex   -4.200000e+01 8.817336e+01 -1.520575e+01
    endloop
  endfacet
  facet normal -9.914449e-01 1.305262e-01 0.000000e+00
    outer loop
      vertex   -4.200000e+01 8.817336e+01 -1.520575e+01
      vertex   -4.210222e+01 8.739691e+01 -7.205754e+00
      vertex   -4.200000e+01 8.817336e+01 -7.205754e+00
    endloop
  endfacet
  facet normal -9.914449e-01 -1.305262e-01 0.000000e+00
    outer loop
      vertex   -4.200000e+01 8.817336e+01 -1.520575e+01
      vertex   -4.200000e+01 8.817336e+01 -7.205754e+00
      vertex   -4.210222e+01 8.894982e+01 -1.520575e+01
    endloop
  endfacet
  facet normal -9.914449e-01 -1.305262e-01 0.000000e+00
    outer loop
      vertex   -4.210222e+01 8.894982e+01 -1.520575e+01
      vertex   -4.200000e+01 8.817336e+01 -7.205754e+00
      vertex   -4.210222e+01 8.894982e+01 -7.205754e+00
    endloop
  endfacet
  facet normal -9.238795e-01 -3.826834e-01 0.000000e+00
    outer loop
      vertex   -4.210222e+01 8.894982e+01 -1.520575e+01
      vertex   -4.210222e+01 8.894982e+01 -7.205754e+00
      vertex   -4.240192e+01 8.967336e+01 -1.520575e+01
    endloop
  endfacet
  facet normal -9.238795e-01 -3.826834e-01 0.000000e+00
    outer loop
      vertex   -4.240192e+01 8.967336e+01 -1.520575e+01
      vertex   -4.210222e+01 8.894982e+01 -7.205754e+00
      vertex   -4.240192e+01 8.967336e+01 -7.205754e+00
    endloop
  endfacet
  facet normal -7.933533e-01 -6.087614e-01 0.000000e+00
    outer loop
      vertex   -4.240192e+01 8.967336e+01 -1.520575e+01
      vertex   -4.240192e+01 8.967336e+01 -7.205754e+00
      vertex   -4.287868e+01 9.029468e+01 -1.520575e+01
    endloop
  endfacet
  facet normal -7.933533e-01 -6.087614e-01 0.000000e+00
    outer loop
      vertex   -4.287868e+01 9.029468e+01 -1.520575e+01
      vertex   -4.240192e+01 8.967336e+01 -7.205754e+00
      vertex   -4.287868e+01 9.029468e+01 -7.205754e+00
    endloop
  endfacet
  facet normal -6.087614e-01 -7.933533e-01 0.000000e+00
    outer loop
      vertex   -4.287868e+01 9.029468e+01 -1.520575e+01
      vertex   -4.287868e+01 9.029468e+01 -7.205754e+00
      vertex   -4.350000e+01 9.077144e+01 -1.520575e+01
    endloop
  endfacet
  facet normal -6.087614e-01 -7.933533e-01 0.000000e+00
    outer loop
      vertex   -4.350000e+01 9.077144e+01 -1.520575e+01
      vertex   -4.287868e+01 9.029468e+01 -7.205754e+00
      vertex   -4.350000e+01 9.077144e+01 -7.205754e+00
    endloop
  endfacet
  facet normal -3.826834e-01 -9.238795e-01 0.000000e+00
    outer loop
      vertex   -4.350000e+01 9.077144e+01 -1.520575e+01
      vertex   -4.350000e+01 9.077144e+01 -7.205754e+00
      vertex   -4.422354e+01 9.107114e+01 -1.520575e+01
    endloop
  endfacet
  facet normal -3.826834e-01 -9.238795e-01 0.000000e+00
    outer loop
      vertex   -4.422354e+01 9.107114e+01 -1.520575e+01
      vertex   -4.350000e+01 9.077144e+01 -7.205754e+00
      vertex   -4.422354e+01 9.107114e+01 -7.205754e+00
    endloop
  endfacet
  facet normal -1.305262e-01 -9.914449e-01 0.000000e+00
    outer loop
      vertex   -4.422354e+01 9.107114e+01 -1.520575e+01
      vertex   -4.422354e+01 9.107114e+01 -7.205754e+00
      vertex   -4.500000e+01 9.117336e+01 -1.520575e+01
    endloop
  endfacet
  facet normal -1.305262e-01 -9.914449e-01 0.000000e+00
    outer loop
      vertex   -4.500000e+01 9.117336e+01 -1.520575e+01
      vertex   -4.422354e+01 9.107114e+01 -7.205754e+00
      vertex   -4.500000e+01 9.117336e+01 -7.205754e+00
    endloop
  endfacet
  facet normal 1.305262e-01 -9.914449e-01 0.000000e+00
    outer loop
      vertex   -4.500000e+01 9.117336e+01 -1.520575e+01
      vertex   -4.500000e+01 9.117336e+01 -7.205754e+00
      vertex   -4.577646e+01 9.107114e+01 -1.520575e+01
    endloop
  endfacet
  facet normal 1.305262e-01 -9.914449e-01 0.000000e+00
    outer loop
      vertex   -4.577646e+01 9.107114e+01 -1.520575e+01
      vertex   -4.500000e+01 9.117336e+01 -7.205754e+00
      vertex   -4.577646e+01 9.107114e+01 -7.205754e+00
    endloop
  endfacet
  facet normal 3.826834e-01 -9.238795e-01 0.000000e+00
    outer loop
      vertex   -4.577646e+01 9.107114e+01 -1.520575e+01
      vertex   -4.577646e+01 9.107114e+01 -7.205754e+00
      vertex   -4.650000e+01 9.077144e+01 -1.520575e+01
    endloop
  endfacet
  facet normal 3.826834e-01 -9.238795e-01 0.000000e+00
    outer loop
      vertex   -4.650000e+01 9.077144e+01 -1.520575e+01
      vertex   -4.577646e+01 9.107114e+01 -7.205754e+00
      vertex   -4.650000e+01 9.077144e+01 -7.205754e+00
    endloop
  endfacet
  facet normal 6.087614e-01 -7.933533e-01 0.000000e+00
    outer loop
      vertex   -4.650000e+01 9.077144e+01 -1.520575e+01
      vertex   -4.650000e+01 9.077144e+01 -7.205754e+00
      vertex   -4.712132e+01 9.029468e+01 -1.520575e+01
    endloop
  endfacet
  facet normal 6.087614e-01 -7.933533e-01 0.000000e+00
    outer loop
      vertex   -4.712132e+01 9.029468e+01 -1.520575e+01
      vertex   -4.650000e+01 9.077144e+01 -7.205754e+00
      vertex   -4.712132e+01 9.029468e+01 -7.205754e+00
    endloop
  endfacet
  facet normal 7.933533e-01 -6.087614e-01 0.000000e+00
    outer loop
      vertex   -4.712132e+01 9.029468e+01 -1.520575e+01
      vertex   -4.712132e+01 9.029468e+01 -7.205754e+00
      vertex   -4.759808e+01 8.967336e+01 -1.520575e+01
    endloop
  endfacet
  facet normal 7.933533e-01 -6.087614e-01 0.000000e+00
    outer loop
      vertex   -4.759808e+01 8.967336e+01 -1.520575e+01
      vertex   -4.712132e+01 9.029468e+01 -7.205754e+00
      vertex   -4.759808e+01 8.967336e+01 -7.205754e+00
    endloop
  endfacet
  facet normal 9.238795e-01 -3.826834e-01 0.000000e+00
    outer loop
      vertex   -4.759808e+01 8.967336e+01 -1.520575e+01
      vertex   -4.759808e+01 8.967336e+01 -7.205754e+00
      vertex   -4.789778e+01 8.894982e+01 -1.520575e+01
    endloop
  endfacet
  facet normal 9.238795e-01 -3.826834e-01 0.000000e+00
    outer loop
      vertex   -4.789778e+01 8.894982e+01 -1.520575e+01
      vertex   -4.759808e+01 8.967336e+01 -7.205754e+00
      vertex   -4.789778e+01 8.894982e+01 -7.205754e+00
    endloop
  endfacet
  facet normal 9.914449e-01 -1.305262e-01 0.000000e+00
    outer loop
      vertex   -4.795354e+01 7.736314e+01 -1.520575e+01
      vertex   -4.795354e+01 7.736314e+01 -7.205754e+00
      vertex   -4.805577e+01 7.658668e+01 -1.520575e+01
    endloop
  endfacet
  facet normal 9.914449e-01 -1.305262e-01 0.000000e+00
    outer loop
      vertex   -4.805577e+01 7.658668e+01 -1.520575e+01
      vertex   -4.795354e+01 7.736314e+01 -7.205754e+00
      vertex   -4.805577e+01 7.658668e+01 -7.205754e+00
    endloop
  endfacet
  facet normal 9.914449e-01 1.305262e-01 -0.000000e+00
    outer loop
      vertex   -4.805577e+01 7.658668e+01 -1.520575e+01
      vertex   -4.805577e+01 7.658668e+01 -7.205754e+00
      vertex   -4.795354e+01 7.581023e+01 -1.520575e+01
    endloop
  endfacet
  facet normal 9.914449e-01 1.305262e-01 -0.000000e+00
    outer loop
      vertex   -4.795354e+01 7.581023e+01 -1.520575e+01
      vertex   -4.805577e+01 7.658668e+01 -7.205754e+00
      vertex   -4.795354e+01 7.581023e+01 -7.205754e+00
    endloop
  endfacet
  facet normal 9.238795e-01 3.826834e-01 -0.000000e+00
    outer loop
      vertex   -4.795354e+01 7.581023e+01 -1.520575e+01
      vertex   -4.795354e+01 7.581023e+01 -7.205754e+00
      vertex   -4.765384e+01 7.508668e+01 -1.520575e+01
    endloop
  endfacet
  facet normal 9.238795e-01 3.826834e-01 -0.000000e+00
    outer loop
      vertex   -4.765384e+01 7.508668e+01 -1.520575e+01
      vertex   -4.795354e+01 7.581023e+01 -7.205754e+00
      vertex   -4.765384e+01 7.508668e+01 -7.205754e+00
    endloop
  endfacet
  facet normal 7.933533e-01 6.087614e-01 -0.000000e+00
    outer loop
      vertex   -4.765384e+01 7.508668e+01 -1.520575e+01
      vertex   -4.765384e+01 7.508668e+01 -7.205754e+00
      vertex   -4.717709e+01 7.446536e+01 -1.520575e+01
    endloop
  endfacet
  facet normal 7.933533e-01 6.087614e-01 -0.000000e+00
    outer loop
      vertex   -4.717709e+01 7.446536e+01 -1.520575e+01
      vertex   -4.765384e+01 7.508668e+01 -7.205754e+00
      vertex   -4.717709e+01 7.446536e+01 -7.205754e+00
    endloop
  endfacet
  facet normal 6.087614e-01 7.933533e-01 -0.000000e+00
    outer loop
      vertex   -4.717709e+01 7.446536e+01 -1.520575e+01
      vertex   -4.717709e+01 7.446536e+01 -7.205754e+00
      vertex   -4.655577e+01 7.398861e+01 -1.520575e+01
    endloop
  endfacet
  facet normal 6.087614e-01 7.933533e-01 -0.000000e+00
    outer loop
      vertex   -4.655577e+01 7.398861e+01 -1.520575e+01
      vertex   -4.717709e+01 7.446536e+01 -7.205754e+00
      vertex   -4.655577e+01 7.398861e+01 -7.205754e+00
    endloop
  endfacet
  facet normal 3.826834e-01 9.238795e-01 -0.000000e+00
    outer loop
      vertex   -4.655577e+01 7.398861e+01 -1.520575e+01
      vertex   -4.655577e+01 7.398861e+01 -7.205754e+00
      vertex   -4.583222e+01 7.368891e+01 -1.520575e+01
    endloop
  endfacet
  facet normal 3.826834e-01 9.238795e-01 -0.000000e+00
    outer loop
      vertex   -4.583222e+01 7.368891e+01 -1.520575e+01
      vertex   -4.655577e+01 7.398861e+01 -7.205754e+00
      vertex   -4.583222e+01 7.368891e+01 -7.205754e+00
    endloop
  endfacet
  facet normal 1.305262e-01 9.914449e-01 -0.000000e+00
    outer loop
      vertex   -4.583222e+01 7.368891e+01 -1.520575e+01
      vertex   -4.583222e+01 7.368891e+01 -7.205754e+00
      vertex   -4.505577e+01 7.358668e+01 -1.520575e+01
    endloop
  endfacet
  facet normal 1.305262e-01 9.914449e-01 -0.000000e+00
    outer loop
      vertex   -4.505577e+01 7.358668e+01 -1.520575e+01
      vertex   -4.583222e+01 7.368891e+01 -7.205754e+00
      vertex   -4.505577e+01 7.358668e+01 -7.205754e+00
    endloop
  endfacet
  facet normal -1.305262e-01 9.914449e-01 0.000000e+00
    outer loop
      vertex   -4.505577e+01 7.358668e+01 -1.520575e+01
      vertex   -4.505577e+01 7.358668e+01 -7.205754e+00
      vertex   -4.427931e+01 7.368891e+01 -1.520575e+01
    endloop
  endfacet
  facet normal -1.305262e-01 9.914449e-01 0.000000e+00
    outer loop
      vertex   -4.427931e+01 7.368891e+01 -1.520575e+01
      vertex   -4.505577e+01 7.358668e+01 -7.205754e+00
      vertex   -4.427931e+01 7.368891e+01 -7.205754e+00
    endloop
  endfacet
  facet normal -3.826834e-01 9.238795e-01 0.000000e+00
    outer loop
      vertex   -4.427931e+01 7.368891e+01 -1.520575e+01
      vertex   -4.427931e+01 7.368891e+01 -7.205754e+00
      vertex   -4.355577e+01 7.398861e+01 -1.520575e+01
    endloop
  endfacet
  facet normal -3.826834e-01 9.238795e-01 0.000000e+00
    outer loop
      vertex   -4.355577e+01 7.398861e+01 -1.520575e+01
      vertex   -4.427931e+01 7.368891e+01 -7.205754e+00
      vertex   -4.355577e+01 7.398861e+01 -7.205754e+00
    endloop
  endfacet
  facet normal -6.087614e-01 7.933533e-01 0.000000e+00
    outer loop
      vertex   -4.355577e+01 7.398861e+01 -1.520575e+01
      vertex   -4.355577e+01 7.398861e+01 -7.205754e+00
      vertex   -4.293444e+01 7.446536e+01 -1.520575e+01
    endloop
  endfacet
  facet normal -6.087614e-01 7.933533e-01 0.000000e+00
    outer loop
      vertex   -4.293444e+01 7.446536e+01 -1.520575e+01
      vertex   -4.355577e+01 7.398861e+01 -7.205754e+00
      vertex   -4.293444e+01 7.446536e+01 -7.205754e+00
    endloop
  endfacet
  facet normal -7.933533e-01 6.087614e-01 0.000000e+00
    outer loop
      vertex   -4.293444e+01 7.446536e+01 -1.520575e+01
      vertex   -4.293444e+01 7.446536e+01 -7.205754e+00
      vertex   -4.245769e+01 7.508668e+01 -1.520575e+01
    endloop
  endfacet
  facet normal -7.933533e-01 6.087614e-01 0.000000e+00
    outer loop
      vertex   -4.245769e+01 7.508668e+01 -1.520575e+01
      vertex   -4.293444e+01 7.446536e+01 -7.205754e+00
      vertex   -4.245769e+01 7.508668e+01 -7.205754e+00
    endloop
  endfacet
  facet normal -9.238795e-01 3.826834e-01 0.000000e+00
    outer loop
      vertex   -4.245769e+01 7.508668e+01 -1.520575e+01
      vertex   -4.245769e+01 7.508668e+01 -7.205754e+00
      vertex   -4.215799e+01 7.581023e+01 -1.520575e+01
    endloop
  endfacet
  facet normal -9.238795e-01 3.826834e-01 0.000000e+00
    outer loop
      vertex   -4.215799e+01 7.581023e+01 -1.520575e+01
      vertex   -4.245769e+01 7.508668e+01 -7.205754e+00
      vertex   -4.215799e+01 7.581023e+01 -7.205754e+00
    endloop
  endfacet
  facet normal -9.914449e-01 1.305262e-01 0.000000e+00
    outer loop
      vertex   -4.215799e+01 7.581023e+01 -1.520575e+01
      vertex   -4.215799e+01 7.581023e+01 -7.205754e+00
      vertex   -4.205577e+01 7.658668e+01 -1.520575e+01
    endloop
  endfacet
  facet normal -9.914449e-01 1.305262e-01 0.000000e+00
    outer loop
      vertex   -4.205577e+01 7.658668e+01 -1.520575e+01
      vertex   -4.215799e+01 7.581023e+01 -7.205754e+00
      vertex   -4.205577e+01 7.658668e+01 -7.205754e+00
    endloop
  endfacet
  facet normal -9.914449e-01 -1.305262e-01 0.000000e+00
    outer loop
      vertex   -4.205577e+01 7.658668e+01 -1.520575e+01
      vertex   -4.205577e+01 7.658668e+01 -7.205754e+00
      vertex   -4.215799e+01 7.736314e+01 -1.520575e+01
    endloop
  endfacet
  facet normal -9.914449e-01 -1.305262e-01 0.000000e+00
    outer loop
      vertex   -4.215799e+01 7.736314e+01 -1.520575e+01
      vertex   -4.205577e+01 7.658668e+01 -7.205754e+00
      vertex   -4.215799e+01 7.736314e+01 -7.205754e+00
    endloop
  endfacet
  facet normal -9.238795e-01 -3.826834e-01 0.000000e+00
    outer loop
      vertex   -4.215799e+01 7.736314e+01 -1.520575e+01
      vertex   -4.215799e+01 7.736314e+01 -7.205754e+00
      vertex   -4.245769e+01 7.808668e+01 -1.520575e+01
    endloop
  endfacet
  facet normal -9.238795e-01 -3.826834e-01 0.000000e+00
    outer loop
      vertex   -4.245769e+01 7.808668e+01 -1.520575e+01
      vertex   -4.215799e+01 7.736314e+01 -7.205754e+00
      vertex   -4.245769e+01 7.808668e+01 -7.205754e+00
    endloop
  endfacet
  facet normal -7.933533e-01 -6.087614e-01 0.000000e+00
    outer loop
      vertex   -4.245769e+01 7.808668e+01 -1.520575e+01
      vertex   -4.245769e+01 7.808668e+01 -7.205754e+00
      vertex   -4.293444e+01 7.870800e+01 -1.520575e+01
    endloop
  endfacet
  facet normal -7.933533e-01 -6.087614e-01 0.000000e+00
    outer loop
      vertex   -4.293444e+01 7.870800e+01 -1.520575e+01
      vertex   -4.245769e+01 7.808668e+01 -7.205754e+00
      vertex   -4.293444e+01 7.870800e+01 -7.205754e+00
    endloop
  endfacet
  facet normal -6.087614e-01 -7.933533e-01 0.000000e+00
    outer loop
      vertex   -4.293444e+01 7.870800e+01 -1.520575e+01
      vertex   -4.293444e+01 7.870800e+01 -7.205754e+00
      vertex   -4.355577e+01 7.918476e+01 -1.520575e+01
    endloop
  endfacet
  facet normal -6.087614e-01 -7.933533e-01 0.000000e+00
    outer loop
      vertex   -4.355577e+01 7.918476e+01 -1.520575e+01
      vertex   -4.293444e+01 7.870800e+01 -7.205754e+00
      vertex   -4.355577e+01 7.918476e+01 -7.205754e+00
    endloop
  endfacet
  facet normal -3.826834e-01 -9.238795e-01 0.000000e+00
    outer loop
      vertex   -4.355577e+01 7.918476e+01 -1.520575e+01
      vertex   -4.355577e+01 7.918476e+01 -7.205754e+00
      vertex   -4.427931e+01 7.948446e+01 -1.520575e+01
    endloop
  endfacet
  facet normal -3.826834e-01 -9.238795e-01 0.000000e+00
    outer loop
      vertex   -4.427931e+01 7.948446e+01 -1.520575e+01
      vertex   -4.355577e+01 7.918476e+01 -7.205754e+00
      vertex   -4.427931e+01 7.948446e+01 -7.205754e+00
    endloop
  endfacet
  facet normal -1.305262e-01 -9.914449e-01 0.000000e+00
    outer loop
      vertex   -4.427931e+01 7.948446e+01 -1.520575e+01
      vertex   -4.427931e+01 7.948446e+01 -7.205754e+00
      vertex   -4.505577e+01 7.958668e+01 -1.520575e+01
    endloop
  endfacet
  facet normal -1.305262e-01 -9.914449e-01 0.000000e+00
    outer loop
      vertex   -4.505577e+01 7.958668e+01 -1.520575e+01
      vertex   -4.427931e+01 7.948446e+01 -7.205754e+00
      vertex   -4.505577e+01 7.958668e+01 -7.205754e+00
    endloop
  endfacet
  facet normal 1.305262e-01 -9.914449e-01 0.000000e+00
    outer loop
      vertex   -4.505577e+01 7.958668e+01 -1.520575e+01
      vertex   -4.505577e+01 7.958668e+01 -7.205754e+00
      vertex   -4.583222e+01 7.948446e+01 -1.520575e+01
    endloop
  endfacet
  facet normal 1.305262e-01 -9.914449e-01 0.000000e+00
    outer loop
      vertex   -4.583222e+01 7.948446e+01 -1.520575e+01
      vertex   -4.505577e+01 7.958668e+01 -7.205754e+00
      vertex   -4.583222e+01 7.948446e+01 -7.205754e+00
    endloop
  endfacet
  facet normal 3.826834e-01 -9.238795e-01 0.000000e+00
    outer loop
      vertex   -4.583222e+01 7.948446e+01 -1.520575e+01
      vertex   -4.583222e+01 7.948446e+01 -7.205754e+00
      vertex   -4.655577e+01 7.918476e+01 -1.520575e+01
    endloop
  endfacet
  facet normal 3.826834e-01 -9.238795e-01 0.000000e+00
    outer loop
      vertex   -4.655577e+01 7.918476e+01 -1.520575e+01
      vertex   -4.583222e+01 7.948446e+01 -7.205754e+00
      vertex   -4.655577e+01 7.918476e+01 -7.205754e+00
    endloop
  endfacet
  facet normal 6.087614e-01 -7.933533e-01 0.000000e+00
    outer loop
      vertex   -4.655577e+01 7.918476e+01 -1.520575e+01
      vertex   -4.655577e+01 7.918476e+01 -7.205754e+00
      vertex   -4.717709e+01 7.870800e+01 -1.520575e+01
    endloop
  endfacet
  facet normal 6.087614e-01 -7.933533e-01 0.000000e+00
    outer loop
      vertex   -4.717709e+01 7.870800e+01 -1.520575e+01
      vertex   -4.655577e+01 7.918476e+01 -7.205754e+00
      vertex   -4.717709e+01 7.870800e+01 -7.205754e+00
    endloop
  endfacet
  facet normal 7.933533e-01 -6.087614e-01 0.000000e+00
    outer loop
      vertex   -4.717709e+01 7.870800e+01 -1.520575e+01
      vertex   -4.717709e+01 7.870800e+01 -7.205754e+00
      vertex   -4.765384e+01 7.808668e+01 -1.520575e+01
    endloop
  endfacet
  facet normal 7.933533e-01 -6.087614e-01 0.000000e+00
    outer loop
      vertex   -4.765384e+01 7.808668e+01 -1.520575e+01
      vertex   -4.717709e+01 7.870800e+01 -7.205754e+00
      vertex   -4.765384e+01 7.808668e+01 -7.205754e+00
    endloop
  endfacet
  facet normal 9.238795e-01 -3.826834e-01 0.000000e+00
    outer loop
      vertex   -4.765384e+01 7.808668e+01 -1.520575e+01
      vertex   -4.765384e+01 7.808668e+01 -7.205754e+00
      vertex   -4.795354e+01 7.736314e+01 -1.520575e+01
    endloop
  endfacet
  facet normal 9.238795e-01 -3.826834e-01 0.000000e+00
    outer loop
      vertex   -4.795354e+01 7.736314e+01 -1.520575e+01
      vertex   -4.765384e+01 7.808668e+01 -7.205754e+00
      vertex   -4.795354e+01 7.736314e+01 -7.205754e+00
    endloop
  endfacet
  facet normal 9.914449e-01 -1.305262e-01 0.000000e+00
    outer loop
      vertex   -4.789778e+01 6.577646e+01 -1.520575e+01
      vertex   -4.789778e+01 6.577646e+01 -7.205754e+00
      vertex   -4.800000e+01 6.500000e+01 -1.520575e+01
    endloop
  endfacet
  facet normal 9.914449e-01 -1.305262e-01 0.000000e+00
    outer loop
      vertex   -4.800000e+01 6.500000e+01 -1.520575e+01
      vertex   -4.789778e+01 6.577646e+01 -7.205754e+00
      vertex   -4.800000e+01 6.500000e+01 -7.205754e+00
    endloop
  endfacet
  facet normal 9.914449e-01 1.305262e-01 -0.000000e+00
    outer loop
      vertex   -4.800000e+01 6.500000e+01 -1.520575e+01
      vertex   -4.800000e+01 6.500000e+01 -7.205754e+00
      vertex   -4.789778e+01 6.422354e+01 -1.520575e+01
    endloop
  endfacet
  facet normal 9.914449e-01 1.305262e-01 -0.000000e+00
    outer loop
      vertex   -4.789778e+01 6.422354e+01 -1.520575e+01
      vertex   -4.800000e+01 6.500000e+01 -7.205754e+00
      vertex   -4.789778e+01 6.422354e+01 -7.205754e+00
    endloop
  endfacet
  facet normal 9.238795e-01 3.826834e-01 -0.000000e+00
    outer loop
      vertex   -4.789778e+01 6.422354e+01 -1.520575e+01
      vertex   -4.789778e+01 6.422354e+01 -7.205754e+00
      vertex   -4.759808e+01 6.350000e+01 -1.520575e+01
    endloop
  endfacet
  facet normal 9.238795e-01 3.826834e-01 -0.000000e+00
    outer loop
      vertex   -4.759808e+01 6.350000e+01 -1.520575e+01
      vertex   -4.789778e+01 6.422354e+01 -7.205754e+00
      vertex   -4.759808e+01 6.350000e+01 -7.205754e+00
    endloop
  endfacet
  facet normal 7.933533e-01 6.087614e-01 -0.000000e+00
    outer loop
      vertex   -4.759808e+01 6.350000e+01 -1.520575e+01
      vertex   -4.759808e+01 6.350000e+01 -7.205754e+00
      vertex   -4.712132e+01 6.287868e+01 -1.520575e+01
    endloop
  endfacet
  facet normal 7.933533e-01 6.087614e-01 -0.000000e+00
    outer loop
      vertex   -4.712132e+01 6.287868e+01 -1.520575e+01
      vertex   -4.759808e+01 6.350000e+01 -7.205754e+00
      vertex   -4.712132e+01 6.287868e+01 -7.205754e+00
    endloop
  endfacet
  facet normal 6.087614e-01 7.933533e-01 -0.000000e+00
    outer loop
      vertex   -4.712132e+01 6.287868e+01 -1.520575e+01
      vertex   -4.712132e+01 6.287868e+01 -7.205754e+00
      vertex   -4.650000e+01 6.240192e+01 -1.520575e+01
    endloop
  endfacet
  facet normal 6.087614e-01 7.933533e-01 -0.000000e+00
    outer loop
      vertex   -4.650000e+01 6.240192e+01 -1.520575e+01
      vertex   -4.712132e+01 6.287868e+01 -7.205754e+00
      vertex   -4.650000e+01 6.240192e+01 -7.205754e+00
    endloop
  endfacet
  facet normal 3.826834e-01 9.238795e-01 -0.000000e+00
    outer loop
      vertex   -4.650000e+01 6.240192e+01 -1.520575e+01
      vertex   -4.650000e+01 6.240192e+01 -7.205754e+00
      vertex   -4.577646e+01 6.210222e+01 -1.520575e+01
    endloop
  endfacet
  facet normal 3.826834e-01 9.238795e-01 -0.000000e+00
    outer loop
      vertex   -4.577646e+01 6.210222e+01 -1.520575e+01
      vertex   -4.650000e+01 6.240192e+01 -7.205754e+00
      vertex   -4.577646e+01 6.210222e+01 -7.205754e+00
    endloop
  endfacet
  facet normal 1.305262e-01 9.914449e-01 -0.000000e+00
    outer loop
      vertex   -4.577646e+01 6.210222e+01 -1.520575e+01
      vertex   -4.577646e+01 6.210222e+01 -7.205754e+00
      vertex   -4.500000e+01 6.200000e+01 -1.520575e+01
    endloop
  endfacet
  facet normal 1.305262e-01 9.914449e-01 -0.000000e+00
    outer loop
      vertex   -4.500000e+01 6.200000e+01 -1.520575e+01
      vertex   -4.577646e+01 6.210222e+01 -7.205754e+00
      vertex   -4.500000e+01 6.200000e+01 -7.205754e+00
    endloop
  endfacet
  facet normal -1.305262e-01 9.914449e-01 0.000000e+00
    outer loop
      vertex   -4.500000e+01 6.200000e+01 -1.520575e+01
      vertex   -4.500000e+01 6.200000e+01 -7.205754e+00
      vertex   -4.422354e+01 6.210222e+01 -1.520575e+01
    endloop
  endfacet
  facet normal -1.305262e-01 9.914449e-01 0.000000e+00
    outer loop
      vertex   -4.422354e+01 6.210222e+01 -1.520575e+01
      vertex   -4.500000e+01 6.200000e+01 -7.205754e+00
      vertex   -4.422354e+01 6.210222e+01 -7.205754e+00
    endloop
  endfacet
  facet normal -3.826834e-01 9.238795e-01 0.000000e+00
    outer loop
      vertex   -4.422354e+01 6.210222e+01 -1.520575e+01
      vertex   -4.422354e+01 6.210222e+01 -7.205754e+00
      vertex   -4.350000e+01 6.240192e+01 -1.520575e+01
    endloop
  endfacet
  facet normal -3.826834e-01 9.238795e-01 0.000000e+00
    outer loop
      vertex   -4.350000e+01 6.240192e+01 -1.520575e+01
      vertex   -4.422354e+01 6.210222e+01 -7.205754e+00
      vertex   -4.350000e+01 6.240192e+01 -7.205754e+00
    endloop
  endfacet
  facet normal -6.087614e-01 7.933533e-01 0.000000e+00
    outer loop
      vertex   -4.350000e+01 6.240192e+01 -1.520575e+01
      vertex   -4.350000e+01 6.240192e+01 -7.205754e+00
      vertex   -4.287868e+01 6.287868e+01 -1.520575e+01
    endloop
  endfacet
  facet normal -6.087614e-01 7.933533e-01 0.000000e+00
    outer loop
      vertex   -4.287868e+01 6.287868e+01 -1.520575e+01
      vertex   -4.350000e+01 6.240192e+01 -7.205754e+00
      vertex   -4.287868e+01 6.287868e+01 -7.205754e+00
    endloop
  endfacet
  facet normal -7.933533e-01 6.087614e-01 0.000000e+00
    outer loop
      vertex   -4.287868e+01 6.287868e+01 -1.520575e+01
      vertex   -4.287868e+01 6.287868e+01 -7.205754e+00
      vertex   -4.240192e+01 6.350000e+01 -1.520575e+01
    endloop
  endfacet
  facet normal -7.933533e-01 6.087614e-01 0.000000e+00
    outer loop
      vertex   -4.240192e+01 6.350000e+01 -1.520575e+01
      vertex   -4.287868e+01 6.287868e+01 -7.205754e+00
      vertex   -4.240192e+01 6.350000e+01 -7.205754e+00
    endloop
  endfacet
  facet normal -9.238795e-01 3.826834e-01 0.000000e+00
    outer loop
      vertex   -4.240192e+01 6.350000e+01 -1.520575e+01
      vertex   -4.240192e+01 6.350000e+01 -7.205754e+00
      vertex   -4.210222e+01 6.422354e+01 -1.520575e+01
    endloop
  endfacet
  facet normal -9.238795e-01 3.826834e-01 0.000000e+00
    outer loop
      vertex   -4.210222e+01 6.422354e+01 -1.520575e+01
      vertex   -4.240192e+01 6.350000e+01 -7.205754e+00
      vertex   -4.210222e+01 6.422354e+01 -7.205754e+00
    endloop
  endfacet
  facet normal -9.914449e-01 1.305262e-01 0.000000e+00
    outer loop
      vertex   -4.210222e+01 6.422354e+01 -1.520575e+01
      vertex   -4.210222e+01 6.422354e+01 -7.205754e+00
      vertex   -4.200000e+01 6.500000e+01 -1.520575e+01
    endloop
  endfacet
  facet normal -9.914449e-01 1.305262e-01 0.000000e+00
    outer loop
      vertex   -4.200000e+01 6.500000e+01 -1.520575e+01
      vertex   -4.210222e+01 6.422354e+01 -7.205754e+00
      vertex   -4.200000e+01 6.500000e+01 -7.205754e+00
    endloop
  endfacet
  facet normal -9.914449e-01 -1.305262e-01 0.000000e+00
    outer loop
      vertex   -4.200000e+01 6.500000e+01 -1.520575e+01
      vertex   -4.200000e+01 6.500000e+01 -7.205754e+00
      vertex   -4.210222e+01 6.577646e+01 -1.520575e+01
    endloop
  endfacet
  facet normal -9.914449e-01 -1.305262e-01 0.000000e+00
    outer loop
      vertex   -4.210222e+01 6.577646e+01 -1.520575e+01
      vertex   -4.200000e+01 6.500000e+01 -7.205754e+00
      vertex   -4.210222e+01 6.577646e+01 -7.205754e+00
    endloop
  endfacet
  facet normal -9.238795e-01 -3.826834e-01 0.000000e+00
    outer loop
      vertex   -4.210222e+01 6.577646e+01 -1.520575e+01
      vertex   -4.210222e+01 6.577646e+01 -7.205754e+00
      vertex   -4.240192e+01 6.650000e+01 -1.520575e+01
    endloop
  endfacet
  facet normal -9.238795e-01 -3.826834e-01 0.000000e+00
    outer loop
      vertex   -4.240192e+01 6.650000e+01 -1.520575e+01
      vertex   -4.210222e+01 6.577646e+01 -7.205754e+00
      vertex   -4.240192e+01 6.650000e+01 -7.205754e+00
    endloop
  endfacet
  facet normal -7.933533e-01 -6.087614e-01 0.000000e+00
    outer loop
      vertex   -4.240192e+01 6.650000e+01 -1.520575e+01
      vertex   -4.240192e+01 6.650000e+01 -7.205754e+00
      vertex   -4.287868e+01 6.712132e+01 -1.520575e+01
    endloop
  endfacet
  facet normal -7.933533e-01 -6.087614e-01 0.000000e+00
    outer loop
      vertex   -4.287868e+01 6.712132e+01 -1.520575e+01
      vertex   -4.240192e+01 6.650000e+01 -7.205754e+00
      vertex   -4.287868e+01 6.712132e+01 -7.205754e+00
    endloop
  endfacet
  facet normal -6.087614e-01 -7.933533e-01 0.000000e+00
    outer loop
      vertex   -4.287868e+01 6.712132e+01 -1.520575e+01
      vertex   -4.287868e+01 6.712132e+01 -7.205754e+00
      vertex   -4.350000e+01 6.759808e+01 -1.520575e+01
    endloop
  endfacet
  facet normal -6.087614e-01 -7.933533e-01 0.000000e+00
    outer loop
      vertex   -4.350000e+01 6.759808e+01 -1.520575e+01
      vertex   -4.287868e+01 6.712132e+01 -7.205754e+00
      vertex   -4.350000e+01 6.759808e+01 -7.205754e+00
    endloop
  endfacet
  facet normal -3.826834e-01 -9.238795e-01 0.000000e+00
    outer loop
      vertex   -4.350000e+01 6.759808e+01 -1.520575e+01
      vertex   -4.350000e+01 6.759808e+01 -7.205754e+00
      vertex   -4.422354e+01 6.789778e+01 -1.520575e+01
    endloop
  endfacet
  facet normal -3.826834e-01 -9.238795e-01 0.000000e+00
    outer loop
      vertex   -4.422354e+01 6.789778e+01 -1.520575e+01
      vertex   -4.350000e+01 6.759808e+01 -7.205754e+00
      vertex   -4.422354e+01 6.789778e+01 -7.205754e+00
    endloop
  endfacet
  facet normal -1.305262e-01 -9.914449e-01 0.000000e+00
    outer loop
      vertex   -4.422354e+01 6.789778e+01 -1.520575e+01
      vertex   -4.422354e+01 6.789778e+01 -7.205754e+00
      vertex   -4.500000e+01 6.800000e+01 -1.520575e+01
    endloop
  endfacet
  facet normal -1.305262e-01 -9.914449e-01 0.000000e+00
    outer loop
      vertex   -4.500000e+01 6.800000e+01 -1.520575e+01
      vertex   -4.422354e+01 6.789778e+01 -7.205754e+00
      vertex   -4.500000e+01 6.800000e+01 -7.205754e+00
    endloop
  endfacet
  facet normal 1.305262e-01 -9.914449e-01 0.000000e+00
    outer loop
      vertex   -4.500000e+01 6.800000e+01 -1.520575e+01
      vertex   -4.500000e+01 6.800000e+01 -7.205754e+00
      vertex   -4.577646e+01 6.789778e+01 -1.520575e+01
    endloop
  endfacet
  facet normal 1.305262e-01 -9.914449e-01 0.000000e+00
    outer loop
      vertex   -4.577646e+01 6.789778e+01 -1.520575e+01
      vertex   -4.500000e+01 6.800000e+01 -7.205754e+00
      vertex   -4.577646e+01 6.789778e+01 -7.205754e+00
    endloop
  endfacet
  facet normal 3.826834e-01 -9.238795e-01 0.000000e+00
    outer loop
      vertex   -4.577646e+01 6.789778e+01 -1.520575e+01
      vertex   -4.577646e+01 6.789778e+01 -7.205754e+00
      vertex   -4.650000e+01 6.759808e+01 -1.520575e+01
    endloop
  endfacet
  facet normal 3.826834e-01 -9.238795e-01 0.000000e+00
    outer loop
      vertex   -4.650000e+01 6.759808e+01 -1.520575e+01
      vertex   -4.577646e+01 6.789778e+01 -7.205754e+00
      vertex   -4.650000e+01 6.759808e+01 -7.205754e+00
    endloop
  endfacet
  facet normal 6.087614e-01 -7.933533e-01 0.000000e+00
    outer loop
      vertex   -4.650000e+01 6.759808e+01 -1.520575e+01
      vertex   -4.650000e+01 6.759808e+01 -7.205754e+00
      vertex   -4.712132e+01 6.712132e+01 -1.520575e+01
    endloop
  endfacet
  facet normal 6.087614e-01 -7.933533e-01 0.000000e+00
    outer loop
      vertex   -4.712132e+01 6.712132e+01 -1.520575e+01
      vertex   -4.650000e+01 6.759808e+01 -7.205754e+00
      vertex   -4.712132e+01 6.712132e+01 -7.205754e+00
    endloop
  endfacet
  facet normal 7.933533e-01 -6.087614e-01 0.000000e+00
    outer loop
      vertex   -4.712132e+01 6.712132e+01 -1.520575e+01
      vertex   -4.712132e+01 6.712132e+01 -7.205754e+00
      vertex   -4.759808e+01 6.650000e+01 -1.520575e+01
    endloop
  endfacet
  facet normal 7.933533e-01 -6.087614e-01 0.000000e+00
    outer loop
      vertex   -4.759808e+01 6.650000e+01 -1.520575e+01
      vertex   -4.712132e+01 6.712132e+01 -7.205754e+00
      vertex   -4.759808e+01 6.650000e+01 -7.205754e+00
    endloop
  endfacet
  facet normal 9.238795e-01 -3.826834e-01 0.000000e+00
    outer loop
      vertex   -4.759808e+01 6.650000e+01 -1.520575e+01
      vertex   -4.759808e+01 6.650000e+01 -7.205754e+00
      vertex   -4.789778e+01 6.577646e+01 -1.520575e+01
    endloop
  endfacet
  facet normal 9.238795e-01 -3.826834e-01 0.000000e+00
    outer loop
      vertex   -4.789778e+01 6.577646e+01 -1.520575e+01
      vertex   -4.759808e+01 6.650000e+01 -7.205754e+00
      vertex   -4.789778e+01 6.577646e+01 -7.205754e+00
    endloop
  endfacet
  facet normal -9.508627e-01 -3.096128e-01 -0.000000e+00
    outer loop
      vertex   7.206568e+01 2.561536e+01 1.079425e+01
      vertex   5.983732e+01 6.317033e+01 1.079425e+01
      vertex   7.206568e+01 2.561536e+01 -3.205754e+00
    endloop
  endfacet
  facet normal -9.508627e-01 -3.096128e-01 4.112090e-16
    outer loop
      vertex   7.206568e+01 2.561536e+01 -3.205754e+00
      vertex   5.983732e+01 6.317033e+01 1.079425e+01
      vertex   5.983732e+01 6.317033e+01 -3.205754e+00
    endloop
  endfacet
  facet normal 9.546336e-01 -2.977829e-01 0.000000e+00
    outer loop
      vertex   -5.086831e+01 9.321164e+01 1.079425e+01
      vertex   -7.135859e+01 2.752383e+01 1.079425e+01
      vertex   -5.086831e+01 9.321164e+01 -3.205754e+00
    endloop
  endfacet
  facet normal 9.546336e-01 -2.977829e-01 -9.441132e-16
    outer loop
      vertex   -5.086831e+01 9.321164e+01 -3.205754e+00
      vertex   -7.135859e+01 2.752383e+01 1.079425e+01
      vertex   -7.135859e+01 2.752383e+01 -3.205754e+00
    endloop
  endfacet
  facet normal 9.438960e-01 -3.302429e-01 -9.581121e-16
    outer loop
      vertex   -7.135859e+01 2.752383e+01 -3.205754e+00
      vertex   -7.135859e+01 2.752383e+01 1.079425e+01
      vertex   -7.295298e+01 2.296676e+01 -3.205754e+00
    endloop
  endfacet
  facet normal 9.438960e-01 -3.302429e-01 -1.676083e-16
    outer loop
      vertex   -7.295298e+01 2.296676e+01 -3.205754e+00
      vertex   -7.135859e+01 2.752383e+01 1.079425e+01
      vertex   -7.295298e+01 2.296676e+01 1.079425e+01
    endloop
  endfacet
  facet normal 9.628515e-01 -2.700316e-01 -1.370493e-16
    outer loop
      vertex   -7.295298e+01 2.296676e+01 -3.205754e+00
      vertex   -7.295298e+01 2.296676e+01 1.079425e+01
      vertex   -7.425668e+01 1.831817e+01 -3.205754e+00
    endloop
  endfacet
  facet normal 9.628515e-01 -2.700316e-01 -6.852464e-17
    outer loop
      vertex   -7.425668e+01 1.831817e+01 -3.205754e+00
      vertex   -7.295298e+01 2.296676e+01 1.079425e+01
      vertex   -7.425668e+01 1.831817e+01 1.079425e+01
    endloop
  endfacet
  facet normal 9.779703e-01 -2.087443e-01 -5.297205e-17
    outer loop
      vertex   -7.425668e+01 1.831817e+01 -3.205754e+00
      vertex   -7.425668e+01 1.831817e+01 1.079425e+01
      vertex   -7.526448e+01 1.359659e+01 -3.205754e+00
    endloop
  endfacet
  facet normal 9.779703e-01 -2.087443e-01 0.000000e+00
    outer loop
      vertex   -7.526448e+01 1.359659e+01 -3.205754e+00
      vertex   -7.425668e+01 1.831817e+01 1.079425e+01
      vertex   -7.526448e+01 1.359659e+01 1.079425e+01
    endloop
  endfacet
  facet normal 9.891921e-01 -1.466252e-01 0.000000e+00
    outer loop
      vertex   -7.526448e+01 1.359659e+01 -3.205754e+00
      vertex   -7.526448e+01 1.359659e+01 1.079425e+01
      vertex   -7.597238e+01 8.820831e+00 -3.205754e+00
    endloop
  endfacet
  facet normal 9.891921e-01 -1.466252e-01 0.000000e+00
    outer loop
      vertex   -7.597238e+01 8.820831e+00 -3.205754e+00
      vertex   -7.526448e+01 1.359659e+01 1.079425e+01
      vertex   -7.597238e+01 8.820831e+00 1.079425e+01
    endloop
  endfacet
  facet normal 9.964723e-01 -8.392187e-02 0.000000e+00
    outer loop
      vertex   -7.597238e+01 8.820831e+00 -3.205754e+00
      vertex   -7.597238e+01 8.820831e+00 1.079425e+01
      vertex   -7.637755e+01 4.009922e+00 -3.205754e+00
    endloop
  endfacet
  facet normal 9.964723e-01 -8.392187e-02 0.000000e+00
    outer loop
      vertex   -7.637755e+01 4.009922e+00 -3.205754e+00
      vertex   -7.597238e+01 8.820831e+00 1.079425e+01
      vertex   -7.637755e+01 4.009922e+00 1.079425e+01
    endloop
  endfacet
  facet normal 9.997819e-01 -2.088412e-02 0.000000e+00
    outer loop
      vertex   -7.637755e+01 4.009922e+00 -3.205754e+00
      vertex   -7.637755e+01 4.009922e+00 1.079425e+01
      vertex   -7.647838e+01 -8.169644e-01 -3.205754e+00
    endloop
  endfacet
  facet normal 9.997819e-01 -2.088412e-02 6.458966e-18
    outer loop
      vertex   -7.647838e+01 -8.169644e-01 -3.205754e+00
      vertex   -7.637755e+01 4.009922e+00 1.079425e+01
      vertex   -7.647838e+01 -8.169644e-01 1.079425e+01
    endloop
  endfacet
  facet normal 9.991076e-01 4.223684e-02 -1.306286e-17
    outer loop
      vertex   -7.647838e+01 -8.169644e-01 -3.205754e+00
      vertex   -7.647838e+01 -8.169644e-01 1.079425e+01
      vertex   -7.627446e+01 -5.640596e+00 -3.205754e+00
    endloop
  endfacet
  facet normal 9.991076e-01 4.223684e-02 -1.339780e-17
    outer loop
      vertex   -7.627446e+01 -5.640596e+00 -3.205754e+00
      vertex   -7.647838e+01 -8.169644e-01 1.079425e+01
      vertex   -7.627446e+01 -5.640596e+00 1.079425e+01
    endloop
  endfacet
  facet normal 9.944522e-01 1.051895e-01 -3.336680e-17
    outer loop
      vertex   -7.627446e+01 -5.640596e+00 -3.205754e+00
      vertex   -7.627446e+01 -5.640596e+00 1.079425e+01
      vertex   -7.576661e+01 -1.044175e+01 -3.205754e+00
    endloop
  endfacet
  facet normal 9.944522e-01 1.051895e-01 -2.669344e-17
    outer loop
      vertex   -7.576661e+01 -1.044175e+01 -3.205754e+00
      vertex   -7.627446e+01 -5.640596e+00 1.079425e+01
      vertex   -7.576661e+01 -1.044175e+01 1.079425e+01
    endloop
  endfacet
  facet normal 9.858342e-01 1.677230e-01 -4.256228e-17
    outer loop
      vertex   -7.576661e+01 -1.044175e+01 -3.205754e+00
      vertex   -7.576661e+01 -1.044175e+01 1.079425e+01
      vertex   -7.495685e+01 -1.520130e+01 -3.205754e+00
    endloop
  endfacet
  facet normal 9.858342e-01 1.677230e-01 -4.256228e-17
    outer loop
      vertex   -7.495685e+01 -1.520130e+01 -3.205754e+00
      vertex   -7.576661e+01 -1.044175e+01 1.079425e+01
      vertex   -7.495685e+01 -1.520130e+01 1.079425e+01
    endloop
  endfacet
  facet normal 9.732879e-01 2.295882e-01 -5.826151e-17
    outer loop
      vertex   -7.495685e+01 -1.520130e+01 -3.205754e+00
      vertex   -7.495685e+01 -1.520130e+01 1.079425e+01
      vertex   -7.384842e+01 -1.990027e+01 -3.205754e+00
    endloop
  endfacet
  facet normal 9.732879e-01 2.295882e-01 -5.826151e-17
    outer loop
      vertex   -7.384842e+01 -1.990027e+01 -3.205754e+00
      vertex   -7.495685e+01 -1.520130e+01 1.079425e+01
      vertex   -7.384842e+01 -1.990027e+01 1.079425e+01
    endloop
  endfacet
  facet normal 9.568633e-01 2.905385e-01 -7.372859e-17
    outer loop
      vertex   -7.384842e+01 -1.990027e+01 -3.205754e+00
      vertex   -7.384842e+01 -1.990027e+01 1.079425e+01
      vertex   -7.244571e+01 -2.451995e+01 -3.205754e+00
    endloop
  endfacet
  facet normal 9.568633e-01 2.905385e-01 -0.000000e+00
    outer loop
      vertex   -7.244571e+01 -2.451995e+01 -3.205754e+00
      vertex   -7.384842e+01 -1.990027e+01 1.079425e+01
      vertex   -7.244571e+01 -2.451995e+01 1.079425e+01
    endloop
  endfacet
  facet normal 9.366259e-01 3.503312e-01 -0.000000e+00
    outer loop
      vertex   -7.244571e+01 -2.451995e+01 -3.205754e+00
      vertex   -7.244571e+01 -2.451995e+01 1.079425e+01
      vertex   -7.075434e+01 -2.904193e+01 -3.205754e+00
    endloop
  endfacet
  facet normal 9.366259e-01 3.503312e-01 -2.667056e-16
    outer loop
      vertex   -7.075434e+01 -2.904193e+01 -3.205754e+00
      vertex   -7.244571e+01 -2.451995e+01 1.079425e+01
      vertex   -7.075434e+01 -2.904193e+01 1.079425e+01
    endloop
  endfacet
  facet normal 9.126563e-01 4.087278e-01 -3.111628e-16
    outer loop
      vertex   -7.075434e+01 -2.904193e+01 -3.205754e+00
      vertex   -7.075434e+01 -2.904193e+01 1.079425e+01
      vertex   -6.878102e+01 -3.344818e+01 -3.205754e+00
    endloop
  endfacet
  facet normal 9.126563e-01 4.087278e-01 5.115182e-16
    outer loop
      vertex   -6.878102e+01 -3.344818e+01 -3.205754e+00
      vertex   -7.075434e+01 -2.904193e+01 1.079425e+01
      vertex   -6.878102e+01 -3.344818e+01 1.079425e+01
    endloop
  endfacet
  facet normal 8.850501e-01 4.654958e-01 4.258732e-16
    outer loop
      vertex   -6.878102e+01 -3.344818e+01 -3.205754e+00
      vertex   -6.878102e+01 -3.344818e+01 1.079425e+01
      vertex   -6.653364e+01 -3.772114e+01 -3.205754e+00
    endloop
  endfacet
  facet normal 8.850501e-01 4.654958e-01 4.258732e-16
    outer loop
      vertex   -6.653364e+01 -3.772114e+01 -3.205754e+00
      vertex   -6.878102e+01 -3.344818e+01 1.079425e+01
      vertex   -6.653364e+01 -3.772114e+01 1.079425e+01
    endloop
  endfacet
  facet normal 8.539172e-01 5.204090e-01 3.385312e-16
    outer loop
      vertex   -6.653364e+01 -3.772114e+01 -3.205754e+00
      vertex   -6.653364e+01 -3.772114e+01 1.079425e+01
      vertex   -6.402113e+01 -4.184380e+01 -3.205754e+00
    endloop
  endfacet
  facet normal 8.539172e-01 5.204090e-01 -0.000000e+00
    outer loop
      vertex   -6.402113e+01 -4.184380e+01 -3.205754e+00
      vertex   -6.653364e+01 -3.772114e+01 1.079425e+01
      vertex   -6.402113e+01 -4.184380e+01 1.079425e+01
    endloop
  endfacet
  facet normal 8.193816e-01 5.732484e-01 -0.000000e+00
    outer loop
      vertex   -6.402113e+01 -4.184380e+01 -3.205754e+00
      vertex   -6.402113e+01 -4.184380e+01 1.079425e+01
      vertex   -6.125353e+01 -4.579973e+01 -3.205754e+00
    endloop
  endfacet
  facet normal 8.193816e-01 5.732484e-01 -5.818821e-16
    outer loop
      vertex   -6.125353e+01 -4.579973e+01 -3.205754e+00
      vertex   -6.402113e+01 -4.184380e+01 1.079425e+01
      vertex   -6.125353e+01 -4.579973e+01 1.079425e+01
    endloop
  endfacet
  facet normal 7.815811e-01 6.238036e-01 -6.331988e-16
    outer loop
      vertex   -6.125353e+01 -4.579973e+01 -3.205754e+00
      vertex   -6.125353e+01 -4.579973e+01 1.079425e+01
      vertex   -5.824184e+01 -4.957316e+01 -3.205754e+00
    endloop
  endfacet
  facet normal 7.815811e-01 6.238036e-01 8.007687e-17
    outer loop
      vertex   -5.824184e+01 -4.957316e+01 -3.205754e+00
      vertex   -6.125353e+01 -4.579973e+01 1.079425e+01
      vertex   -5.824184e+01 -4.957316e+01 1.079425e+01
    endloop
  endfacet
  facet normal 7.406662e-01 6.718732e-01 3.491454e-17
    outer loop
      vertex   -5.824184e+01 -4.957316e+01 -3.205754e+00
      vertex   -5.824184e+01 -4.957316e+01 1.079425e+01
      vertex   -5.499808e+01 -5.314905e+01 -3.205754e+00
    endloop
  endfacet
  facet normal 7.406662e-01 6.718732e-01 1.047436e-16
    outer loop
      vertex   -5.499808e+01 -5.314905e+01 -3.205754e+00
      vertex   -5.824184e+01 -4.957316e+01 1.079425e+01
      vertex   -5.499808e+01 -5.314905e+01 1.079425e+01
    endloop
  endfacet
  facet normal 6.967999e-01 7.172655e-01 -3.116071e-17
    outer loop
      vertex   -5.499808e+01 -5.314905e+01 -3.205754e+00
      vertex   -5.499808e+01 -5.314905e+01 1.079425e+01
      vertex   -5.153516e+01 -5.651316e+01 -3.205754e+00
    endloop
  endfacet
  facet normal 6.967999e-01 7.172655e-01 -4.154762e-17
    outer loop
      vertex   -5.153516e+01 -5.651316e+01 -3.205754e+00
      vertex   -5.499808e+01 -5.314905e+01 1.079425e+01
      vertex   -5.153516e+01 -5.651316e+01 1.079425e+01
    endloop
  endfacet
  facet normal 6.501572e-01 7.597998e-01 -2.225879e-16
    outer loop
      vertex   -5.153516e+01 -5.651316e+01 -3.205754e+00
      vertex   -5.153516e+01 -5.651316e+01 1.079425e+01
      vertex   -4.786689e+01 -5.965208e+01 -3.205754e+00
    endloop
  endfacet
  facet normal 6.501572e-01 7.597998e-01 2.743276e-16
    outer loop
      vertex   -4.786689e+01 -5.965208e+01 -3.205754e+00
      vertex   -5.153516e+01 -5.651316e+01 1.079425e+01
      vertex   -4.786689e+01 -5.965208e+01 1.079425e+01
    endloop
  endfacet
  facet normal 6.009237e-01 7.993064e-01 2.043018e-16
    outer loop
      vertex   -4.786689e+01 -5.965208e+01 -3.205754e+00
      vertex   -4.786689e+01 -5.965208e+01 1.079425e+01
      vertex   -4.400789e+01 -6.255330e+01 -3.205754e+00
    endloop
  endfacet
  facet normal 6.009237e-01 7.993064e-01 6.099742e-16
    outer loop
      vertex   -4.400789e+01 -6.255330e+01 -3.205754e+00
      vertex   -4.786689e+01 -5.965208e+01 1.079425e+01
      vertex   -4.400789e+01 -6.255330e+01 1.079425e+01
    endloop
  endfacet
  facet normal 5.492957e-01 8.356281e-01 5.575687e-16
    outer loop
      vertex   -4.400789e+01 -6.255330e+01 -3.205754e+00
      vertex   -4.400789e+01 -6.255330e+01 1.079425e+01
      vertex   -3.997353e+01 -6.520527e+01 -3.205754e+00
    endloop
  endfacet
  facet normal 5.492957e-01 8.356281e-01 2.787843e-16
    outer loop
      vertex   -3.997353e+01 -6.520527e+01 -3.205754e+00
      vertex   -4.400789e+01 -6.255330e+01 1.079425e+01
      vertex   -3.997353e+01 -6.520527e+01 1.079425e+01
    endloop
  endfacet
  facet normal 4.954789e-01 8.686200e-01 2.514707e-16
    outer loop
      vertex   -3.997353e+01 -6.520527e+01 -3.205754e+00
      vertex   -3.997353e+01 -6.520527e+01 1.079425e+01
      vertex   -3.577988e+01 -6.759741e+01 -3.205754e+00
    endloop
  endfacet
  facet normal 4.954789e-01 8.686200e-01 -1.272903e-16
    outer loop
      vertex   -3.577988e+01 -6.759741e+01 -3.205754e+00
      vertex   -3.997353e+01 -6.520527e+01 1.079425e+01
      vertex   -3.577988e+01 -6.759741e+01 1.079425e+01
    endloop
  endfacet
  facet normal 4.396878e-01 8.981507e-01 -2.422128e-16
    outer loop
      vertex   -3.577988e+01 -6.759741e+01 -3.205754e+00
      vertex   -3.577988e+01 -6.759741e+01 1.079425e+01
      vertex   -3.144367e+01 -6.972019e+01 -3.205754e+00
    endloop
  endfacet
  facet normal 4.396878e-01 8.981507e-01 -7.075806e-16
    outer loop
      vertex   -3.144367e+01 -6.972019e+01 -3.205754e+00
      vertex   -3.577988e+01 -6.759741e+01 1.079425e+01
      vertex   -3.144367e+01 -6.972019e+01 1.079425e+01
    endloop
  endfacet
  facet normal 3.821447e-01 9.241025e-01 -9.062905e-16
    outer loop
      vertex   -3.144367e+01 -6.972019e+01 -3.205754e+00
      vertex   -3.144367e+01 -6.972019e+01 1.079425e+01
      vertex   -2.698215e+01 -7.156517e+01 -3.205754e+00
    endloop
  endfacet
  facet normal 3.821447e-01 9.241025e-01 4.848752e-16
    outer loop
      vertex   -2.698215e+01 -7.156517e+01 -3.205754e+00
      vertex   -3.144367e+01 -6.972019e+01 1.079425e+01
      vertex   -2.698215e+01 -7.156517e+01 1.079425e+01
    endloop
  endfacet
  facet normal 3.230788e-01 9.463721e-01 4.099309e-16
    outer loop
      vertex   -2.698215e+01 -7.156517e+01 -3.205754e+00
      vertex   -2.698215e+01 -7.156517e+01 1.079425e+01
      vertex   -2.241313e+01 -7.312497e+01 -3.205754e+00
    endloop
  endfacet
  facet normal 3.230788e-01 9.463721e-01 -3.867222e-16
    outer loop
      vertex   -2.241313e+01 -7.312497e+01 -3.205754e+00
      vertex   -2.698215e+01 -7.156517e+01 1.079425e+01
      vertex   -2.241313e+01 -7.312497e+01 1.079425e+01
    endloop
  endfacet
  facet normal 2.627256e-01 9.648706e-01 -5.127082e-16
    outer loop
      vertex   -2.241313e+01 -7.312497e+01 -3.205754e+00
      vertex   -2.241313e+01 -7.312497e+01 1.079425e+01
      vertex   -1.775479e+01 -7.439339e+01 -3.205754e+00
    endloop
  endfacet
  facet normal 2.627256e-01 9.648706e-01 -3.793670e-16
    outer loop
      vertex   -1.775479e+01 -7.439339e+01 -3.205754e+00
      vertex   -2.241313e+01 -7.312497e+01 1.079425e+01
      vertex   -1.775479e+01 -7.439339e+01 1.079425e+01
    endloop
  endfacet
  facet normal 2.013254e-01 9.795244e-01 -5.344725e-16
    outer loop
      vertex   -1.775479e+01 -7.439339e+01 -3.205754e+00
      vertex   -1.775479e+01 -7.439339e+01 1.079425e+01
      vertex   -1.302571e+01 -7.536538e+01 -3.205754e+00
    endloop
  endfacet
  facet normal 2.013254e-01 9.795244e-01 4.853493e-16
    outer loop
      vertex   -1.302571e+01 -7.536538e+01 -3.205754e+00
      vertex   -1.775479e+01 -7.439339e+01 1.079425e+01
      vertex   -1.302571e+01 -7.536538e+01 1.079425e+01
    endloop
  endfacet
  facet normal 1.391231e-01 9.902751e-01 3.353937e-16
    outer loop
      vertex   -1.302571e+01 -7.536538e+01 -3.205754e+00
      vertex   -1.302571e+01 -7.536538e+01 1.079425e+01
      vertex   -8.244717e+00 -7.603706e+01 -3.205754e+00
    endloop
  endfacet
  facet normal 1.391231e-01 9.902751e-01 1.765230e-16
    outer loop
      vertex   -8.244717e+00 -7.603706e+01 -3.205754e+00
      vertex   -1.302571e+01 -7.536538e+01 1.079425e+01
      vertex   -8.244717e+00 -7.603706e+01 1.079425e+01
    endloop
  endfacet
  facet normal 7.636633e-02 9.970798e-01 9.689561e-17
    outer loop
      vertex   -8.244717e+00 -7.603706e+01 -3.205754e+00
      vertex   -8.244717e+00 -7.603706e+01 1.079425e+01
      vertex   -3.430876e+00 -7.640575e+01 -3.205754e+00
    endloop
  endfacet
  facet normal 7.636633e-02 9.970798e-01 1.865241e-16
    outer loop
      vertex   -3.430876e+00 -7.640575e+01 -3.205754e+00
      vertex   -8.244717e+00 -7.603706e+01 1.079425e+01
      vertex   -3.430876e+00 -7.640575e+01 1.079425e+01
    endloop
  endfacet
  facet normal 1.330531e-02 9.999115e-01 3.249810e-17
    outer loop
      vertex   -3.430876e+00 -7.640575e+01 -3.205754e+00
      vertex   -3.430876e+00 -7.640575e+01 1.079425e+01
      vertex   1.396636e+00 -7.646999e+01 -3.205754e+00
    endloop
  endfacet
  facet normal 1.330531e-02 9.999115e-01 3.228707e-17
    outer loop
      vertex   1.396636e+00 -7.646999e+01 -3.205754e+00
      vertex   -3.430876e+00 -7.640575e+01 1.079425e+01
      vertex   1.396636e+00 -7.646999e+01 1.079425e+01
    endloop
  endfacet
  facet normal -4.980873e-02 9.987588e-01 -1.208674e-16
    outer loop
      vertex   1.396636e+00 -7.646999e+01 -3.205754e+00
      vertex   1.396636e+00 -7.646999e+01 1.079425e+01
      vertex   6.218584e+00 -7.622951e+01 -3.205754e+00
    endloop
  endfacet
  facet normal -4.980873e-02 9.987588e-01 -1.232373e-16
    outer loop
      vertex   6.218584e+00 -7.622951e+01 -3.205754e+00
      vertex   1.396636e+00 -7.646999e+01 1.079425e+01
      vertex   6.218584e+00 -7.622951e+01 1.079425e+01
    endloop
  endfacet
  facet normal -1.127243e-01 9.936263e-01 -2.789037e-16
    outer loop
      vertex   6.218584e+00 -7.622951e+01 -3.205754e+00
      vertex   6.218584e+00 -7.622951e+01 1.079425e+01
      vertex   1.101575e+01 -7.568529e+01 -3.205754e+00
    endloop
  endfacet
  facet normal -1.127243e-01 9.936263e-01 -2.431468e-16
    outer loop
      vertex   1.101575e+01 -7.568529e+01 -3.205754e+00
      vertex   6.218584e+00 -7.622951e+01 1.079425e+01
      vertex   1.101575e+01 -7.568529e+01 1.079425e+01
    endloop
  endfacet
  facet normal -1.751907e-01 9.845345e-01 -3.778871e-16
    outer loop
      vertex   1.101575e+01 -7.568529e+01 -3.205754e+00
      vertex   1.101575e+01 -7.568529e+01 1.079425e+01
      vertex   1.576902e+01 -7.483948e+01 -3.205754e+00
    endloop
  endfacet
  facet normal -1.751907e-01 9.845345e-01 5.770182e-16
    outer loop
      vertex   1.576902e+01 -7.483948e+01 -3.205754e+00
      vertex   1.101575e+01 -7.568529e+01 1.079425e+01
      vertex   1.576902e+01 -7.483948e+01 1.079425e+01
    endloop
  endfacet
  facet normal -2.369590e-01 9.715197e-01 4.148981e-16
    outer loop
      vertex   1.576902e+01 -7.483948e+01 -3.205754e+00
      vertex   1.576902e+01 -7.483948e+01 1.079425e+01
      vertex   2.045946e+01 -7.369545e+01 -3.205754e+00
    endloop
  endfacet
  facet normal -2.369590e-01 9.715197e-01 3.848321e-16
    outer loop
      vertex   2.045946e+01 -7.369545e+01 -3.205754e+00
      vertex   1.576902e+01 -7.483948e+01 1.079425e+01
      vertex   2.045946e+01 -7.369545e+01 1.079425e+01
    endloop
  endfacet
  facet normal -2.977831e-01 9.546336e-01 2.133413e-16
    outer loop
      vertex   2.045946e+01 -7.369545e+01 -3.205754e+00
      vertex   2.045946e+01 -7.369545e+01 1.079425e+01
      vertex   2.506838e+01 -7.225778e+01 -3.205754e+00
    endloop
  endfacet
  facet normal -2.977831e-01 9.546336e-01 -6.801030e-16
    outer loop
      vertex   2.506838e+01 -7.225778e+01 -3.205754e+00
      vertex   2.045946e+01 -7.369545e+01 1.079425e+01
      vertex   2.506838e+01 -7.225778e+01 1.079425e+01
    endloop
  endfacet
  facet normal -3.574206e-01 9.339435e-01 -8.163084e-16
    outer loop
      vertex   2.506838e+01 -7.225778e+01 -3.205754e+00
      vertex   2.506838e+01 -7.225778e+01 1.079425e+01
      vertex   2.957740e+01 -7.053217e+01 -3.205754e+00
    endloop
  endfacet
  facet normal -3.574206e-01 9.339435e-01 3.131032e-16
    outer loop
      vertex   2.957740e+01 -7.053217e+01 -3.205754e+00
      vertex   2.506838e+01 -7.225778e+01 1.079425e+01
      vertex   2.957740e+01 -7.053217e+01 1.079425e+01
    endloop
  endfacet
  facet normal -4.156339e-01 9.095320e-01 1.849164e-16
    outer loop
      vertex   2.957740e+01 -7.053217e+01 -3.205754e+00
      vertex   2.957740e+01 -7.053217e+01 1.079425e+01
      vertex   3.396857e+01 -6.852551e+01 -3.205754e+00
    endloop
  endfacet
  facet normal -4.156339e-01 9.095320e-01 1.588859e-16
    outer loop
      vertex   3.396857e+01 -6.852551e+01 -3.205754e+00
      vertex   2.957740e+01 -7.053217e+01 1.079425e+01
      vertex   3.396857e+01 -6.852551e+01 1.079425e+01
    endloop
  endfacet
  facet normal -4.721910e-01 8.814963e-01 -1.276658e-16
    outer loop
      vertex   3.396857e+01 -6.852551e+01 -3.205754e+00
      vertex   3.396857e+01 -6.852551e+01 1.079425e+01
      vertex   3.822438e+01 -6.624580e+01 -3.205754e+00
    endloop
  endfacet
  facet normal -4.721910e-01 8.814963e-01 0.000000e+00
    outer loop
      vertex   3.822438e+01 -6.624580e+01 -3.205754e+00
      vertex   3.396857e+01 -6.852551e+01 1.079425e+01
      vertex   3.822438e+01 -6.624580e+01 1.079425e+01
    endloop
  endfacet
  facet normal -5.268666e-01 8.499480e-01 0.000000e+00
    outer loop
      vertex   3.822438e+01 -6.624580e+01 -3.205754e+00
      vertex   3.822438e+01 -6.624580e+01 1.079425e+01
      vertex   4.232787e+01 -6.370212e+01 -3.205754e+00
    endloop
  endfacet
  facet normal -5.268666e-01 8.499480e-01 2.245201e-16
    outer loop
      vertex   4.232787e+01 -6.370212e+01 -3.205754e+00
      vertex   3.822438e+01 -6.624580e+01 1.079425e+01
      vertex   4.232787e+01 -6.370212e+01 1.079425e+01
    endloop
  endfacet
  facet normal -5.794428e-01 8.150129e-01 6.459229e-17
    outer loop
      vertex   4.232787e+01 -6.370212e+01 -3.205754e+00
      vertex   4.232787e+01 -6.370212e+01 1.079425e+01
      vertex   4.626271e+01 -6.090461e+01 -3.205754e+00
    endloop
  endfacet
  facet normal -5.794428e-01 8.150129e-01 0.000000e+00
    outer loop
      vertex   4.626271e+01 -6.090461e+01 -3.205754e+00
      vertex   4.232787e+01 -6.370212e+01 1.079425e+01
      vertex   4.626271e+01 -6.090461e+01 1.079425e+01
    endloop
  endfacet
  facet normal -6.297100e-01 7.768303e-01 0.000000e+00
    outer loop
      vertex   4.626271e+01 -6.090461e+01 -3.205754e+00
      vertex   4.626271e+01 -6.090461e+01 1.079425e+01
      vertex   5.001320e+01 -5.786441e+01 -3.205754e+00
    endloop
  endfacet
  facet normal -6.297100e-01 7.768303e-01 -9.559293e-17
    outer loop
      vertex   5.001320e+01 -5.786441e+01 -3.205754e+00
      vertex   4.626271e+01 -6.090461e+01 1.079425e+01
      vertex   5.001320e+01 -5.786441e+01 1.079425e+01
    endloop
  endfacet
  facet normal -6.774680e-01 7.355522e-01 -2.553973e-16
    outer loop
      vertex   5.001320e+01 -5.786441e+01 -3.205754e+00
      vertex   5.001320e+01 -5.786441e+01 1.079425e+01
      vertex   5.356440e+01 -5.459363e+01 -3.205754e+00
    endloop
  endfacet
  facet normal -6.774680e-01 7.355522e-01 -5.107945e-16
    outer loop
      vertex   5.356440e+01 -5.459363e+01 -3.205754e+00
      vertex   5.001320e+01 -5.786441e+01 1.079425e+01
      vertex   5.356440e+01 -5.459363e+01 1.079425e+01
    endloop
  endfacet
  facet normal -7.225266e-01 6.913432e-01 -8.283678e-16
    outer loop
      vertex   5.356440e+01 -5.459363e+01 -3.205754e+00
      vertex   5.356440e+01 -5.459363e+01 1.079425e+01
      vertex   5.690216e+01 -5.110532e+01 -3.205754e+00
    endloop
  endfacet
  facet normal -7.225266e-01 6.913432e-01 0.000000e+00
    outer loop
      vertex   5.690216e+01 -5.110532e+01 -3.205754e+00
      vertex   5.356440e+01 -5.459363e+01 1.079425e+01
      vertex   5.690216e+01 -5.110532e+01 1.079425e+01
    endloop
  endfacet
  facet normal -7.647060e-01 6.443793e-01 0.000000e+00
    outer loop
      vertex   5.690216e+01 -5.110532e+01 -3.205754e+00
      vertex   5.690216e+01 -5.110532e+01 1.079425e+01
      vertex   6.001319e+01 -4.741336e+01 -3.205754e+00
    endloop
  endfacet
  facet normal -7.647060e-01 6.443793e-01 1.438337e-16
    outer loop
      vertex   6.001319e+01 -4.741336e+01 -3.205754e+00
      vertex   5.690216e+01 -5.110532e+01 1.079425e+01
      vertex   6.001319e+01 -4.741336e+01 1.079425e+01
    endloop
  endfacet
  facet normal -8.038384e-01 5.948478e-01 -1.630388e-17
    outer loop
      vertex   6.001319e+01 -4.741336e+01 -3.205754e+00
      vertex   6.001319e+01 -4.741336e+01 1.079425e+01
      vertex   6.288508e+01 -4.353248e+01 -3.205754e+00
    endloop
  endfacet
  facet normal -8.038384e-01 5.948478e-01 3.753647e-16
    outer loop
      vertex   6.288508e+01 -4.353248e+01 -3.205754e+00
      vertex   6.001319e+01 -4.741336e+01 1.079425e+01
      vertex   6.288508e+01 -4.353248e+01 1.079425e+01
    endloop
  endfacet
  facet normal -8.397676e-01 5.429460e-01 7.345469e-17
    outer loop
      vertex   6.288508e+01 -4.353248e+01 -3.205754e+00
      vertex   6.288508e+01 -4.353248e+01 1.079425e+01
      vertex   6.550639e+01 -3.947813e+01 -3.205754e+00
    endloop
  endfacet
  facet normal -8.397676e-01 5.429460e-01 2.498312e-16
    outer loop
      vertex   6.550639e+01 -3.947813e+01 -3.205754e+00
      vertex   6.288508e+01 -4.353248e+01 1.079425e+01
      vertex   6.550639e+01 -3.947813e+01 1.079425e+01
    endloop
  endfacet
  facet normal -8.723507e-01 4.888807e-01 1.069983e-16
    outer loop
      vertex   6.550639e+01 -3.947813e+01 -3.205754e+00
      vertex   6.550639e+01 -3.947813e+01 1.079425e+01
      vertex   6.786667e+01 -3.526648e+01 -3.205754e+00
    endloop
  endfacet
  facet normal -8.723507e-01 4.888807e-01 2.139965e-16
    outer loop
      vertex   6.786667e+01 -3.526648e+01 -3.205754e+00
      vertex   6.550639e+01 -3.947813e+01 1.079425e+01
      vertex   6.786667e+01 -3.526648e+01 1.079425e+01
    endloop
  endfacet
  facet normal -9.014576e-01 4.328673e-01 -7.252202e-17
    outer loop
      vertex   6.786667e+01 -3.526648e+01 -3.205754e+00
      vertex   6.786667e+01 -3.526648e+01 1.079425e+01
      vertex   6.995653e+01 -3.091429e+01 -3.205754e+00
    endloop
  endfacet
  facet normal -9.014576e-01 4.328673e-01 0.000000e+00
    outer loop
      vertex   6.995653e+01 -3.091429e+01 -3.205754e+00
      vertex   6.786667e+01 -3.526648e+01 1.079425e+01
      vertex   6.995653e+01 -3.091429e+01 1.079425e+01
    endloop
  endfacet
  facet normal -9.269726e-01 3.751291e-01 0.000000e+00
    outer loop
      vertex   6.995653e+01 -3.091429e+01 -3.205754e+00
      vertex   6.995653e+01 -3.091429e+01 1.079425e+01
      vertex   7.176763e+01 -2.643893e+01 -3.205754e+00
    endloop
  endfacet
  facet normal -9.269726e-01 3.751291e-01 7.615579e-16
    outer loop
      vertex   7.176763e+01 -2.643893e+01 -3.205754e+00
      vertex   6.995653e+01 -3.091429e+01 1.079425e+01
      vertex   7.176763e+01 -2.643893e+01 1.079425e+01
    endloop
  endfacet
  facet normal -9.487938e-01 3.158962e-01 6.413078e-16
    outer loop
      vertex   7.176763e+01 -2.643893e+01 -3.205754e+00
      vertex   7.176763e+01 -2.643893e+01 1.079425e+01
      vertex   7.329276e+01 -2.185821e+01 -3.205754e+00
    endloop
  endfacet
  facet normal -9.487938e-01 3.158962e-01 5.600223e-16
    outer loop
      vertex   7.329276e+01 -2.185821e+01 -3.205754e+00
      vertex   7.176763e+01 -2.643893e+01 1.079425e+01
      vertex   7.329276e+01 -2.185821e+01 1.079425e+01
    endloop
  endfacet
  facet normal -9.668343e-01 2.554044e-01 2.500468e-16
    outer loop
      vertex   7.329276e+01 -2.185821e+01 -3.205754e+00
      vertex   7.329276e+01 -2.185821e+01 1.079425e+01
      vertex   7.452584e+01 -1.719039e+01 -3.205754e+00
    endloop
  endfacet
  facet normal -9.668343e-01 2.554044e-01 -3.332682e-16
    outer loop
      vertex   7.452584e+01 -1.719039e+01 -3.205754e+00
      vertex   7.329276e+01 -2.185821e+01 1.079425e+01
      vertex   7.452584e+01 -1.719039e+01 1.079425e+01
    endloop
  endfacet
  facet normal -9.810223e-01 1.938950e-01 -5.037594e-16
    outer loop
      vertex   7.452584e+01 -1.719039e+01 -3.205754e+00
      vertex   7.452584e+01 -1.719039e+01 1.079425e+01
      vertex   7.546195e+01 -1.245407e+01 -3.205754e+00
    endloop
  endfacet
  facet normal -9.810223e-01 1.938950e-01 4.674362e-16
    outer loop
      vertex   7.546195e+01 -1.245407e+01 -3.205754e+00
      vertex   7.452584e+01 -1.719039e+01 1.079425e+01
      vertex   7.546195e+01 -1.245407e+01 1.079425e+01
    endloop
  endfacet
  facet normal -9.913012e-01 1.316129e-01 3.172885e-16
    outer loop
      vertex   7.546195e+01 -1.245407e+01 -3.205754e+00
      vertex   7.546195e+01 -1.245407e+01 1.079425e+01
      vertex   7.609737e+01 -7.668130e+00 -3.205754e+00
    endloop
  endfacet
  facet normal -9.913012e-01 1.316129e-01 -3.716543e-16
    outer loop
      vertex   7.609737e+01 -7.668130e+00 -3.205754e+00
      vertex   7.546195e+01 -1.245407e+01 1.079425e+01
      vertex   7.609737e+01 -7.668130e+00 1.079425e+01
    endloop
  endfacet
  facet normal -9.976300e-01 6.880641e-02 -6.809025e-16
    outer loop
      vertex   7.609737e+01 -7.668130e+00 -3.205754e+00
      vertex   7.609737e+01 -7.668130e+00 1.079425e+01
      vertex   7.642956e+01 -2.851632e+00 -3.205754e+00
    endloop
  endfacet
  facet normal -9.976300e-01 6.880641e-02 1.658764e-16
    outer loop
      vertex   7.642956e+01 -2.851632e+00 -3.205754e+00
      vertex   7.609737e+01 -7.668130e+00 1.079425e+01
      vertex   7.642956e+01 -2.851632e+00 1.079425e+01
    endloop
  endfacet
  facet normal -9.999836e-01 5.725740e-03 1.380344e-17
    outer loop
      vertex   7.642956e+01 -2.851632e+00 -3.205754e+00
      vertex   7.642956e+01 -2.851632e+00 1.079425e+01
      vertex   7.645720e+01 1.976228e+00 -3.205754e+00
    endloop
  endfacet
  facet normal -9.999836e-01 5.725740e-03 2.778851e-17
    outer loop
      vertex   7.645720e+01 1.976228e+00 -3.205754e+00
      vertex   7.642956e+01 -2.851632e+00 1.079425e+01
      vertex   7.645720e+01 1.976228e+00 1.079425e+01
    endloop
  endfacet
  facet normal -9.983525e-01 -5.737775e-02 -2.784692e-16
    outer loop
      vertex   7.645720e+01 1.976228e+00 -3.205754e+00
      vertex   7.645720e+01 1.976228e+00 1.079425e+01
      vertex   7.618019e+01 6.796214e+00 -3.205754e+00
    endloop
  endfacet
  facet normal -9.983525e-01 -5.737775e-02 -1.383246e-16
    outer loop
      vertex   7.618019e+01 6.796214e+00 -3.205754e+00
      vertex   7.645720e+01 1.976228e+00 1.079425e+01
      vertex   7.618019e+01 6.796214e+00 1.079425e+01
    endloop
  endfacet
  facet normal -9.927433e-01 -1.202526e-01 -2.899014e-16
    outer loop
      vertex   7.618019e+01 6.796214e+00 -3.205754e+00
      vertex   7.618019e+01 6.796214e+00 1.079425e+01
      vertex   7.559962e+01 1.158912e+01 -3.205754e+00
    endloop
  endfacet
  facet normal -9.927433e-01 -1.202526e-01 -2.899014e-16
    outer loop
      vertex   7.559962e+01 1.158912e+01 -3.205754e+00
      vertex   7.618019e+01 6.796214e+00 1.079425e+01
      vertex   7.559962e+01 1.158912e+01 1.079425e+01
    endloop
  endfacet
  facet normal -9.831783e-01 -1.826483e-01 -4.403230e-16
    outer loop
      vertex   7.559962e+01 1.158912e+01 -3.205754e+00
      vertex   7.559962e+01 1.158912e+01 1.079425e+01
      vertex   7.471780e+01 1.633584e+01 -3.205754e+00
    endloop
  endfacet
  facet normal -9.831783e-01 -1.826483e-01 1.173400e-16
    outer loop
      vertex   7.471780e+01 1.633584e+01 -3.205754e+00
      vertex   7.559962e+01 1.158912e+01 1.079425e+01
      vertex   7.471780e+01 1.633584e+01 1.079425e+01
    endloop
  endfacet
  facet normal -9.696956e-01 -2.443162e-01 -1.936799e-16
    outer loop
      vertex   7.471780e+01 1.633584e+01 -3.205754e+00
      vertex   7.471780e+01 1.633584e+01 1.079425e+01
      vertex   7.353826e+01 2.101748e+01 -3.205754e+00
    endloop
  endfacet
  facet normal -9.696956e-01 -2.443162e-01 4.263096e-16
    outer loop
      vertex   7.353826e+01 2.101748e+01 -3.205754e+00
      vertex   7.471780e+01 1.633584e+01 1.079425e+01
      vertex   7.353826e+01 2.101748e+01 1.079425e+01
    endloop
  endfacet
  facet normal -9.523490e-01 -3.050105e-01 2.700827e-16
    outer loop
      vertex   7.353826e+01 2.101748e+01 -3.205754e+00
      vertex   7.353826e+01 2.101748e+01 1.079425e+01
      vertex   7.206568e+01 2.561536e+01 -3.205754e+00
    endloop
  endfacet
  facet normal -9.523490e-01 -3.050105e-01 0.000000e+00
    outer loop
      vertex   7.206568e+01 2.561536e+01 -3.205754e+00
      vertex   7.353826e+01 2.101748e+01 1.079425e+01
      vertex   7.206568e+01 2.561536e+01 1.079425e+01
    endloop
  endfacet
  facet normal -9.546336e-01 2.977829e-01 0.000000e+00
    outer loop
      vertex   -8.018119e+01 1.989643e+01 1.079425e+01
      vertex   -5.584481e+01 9.791407e+01 1.079425e+01
      vertex   -8.018119e+01 1.989643e+01 -3.205754e+00
    endloop
  endfacet
  facet normal -9.546336e-01 2.977829e-01 3.974532e-16
    outer loop
      vertex   -8.018119e+01 1.989643e+01 -3.205754e+00
      vertex   -5.584481e+01 9.791407e+01 1.079425e+01
      vertex   -5.584481e+01 9.791407e+01 -3.205754e+00
    endloop
  endfacet
  facet normal 0.000000e+00 0.000000e+00 1.000000e+00
    outer loop
      vertex   -5.584481e+01 9.791407e+01 -3.205754e+00
      vertex   -7.881863e+01 2.474904e+01 -3.205754e+00
      vertex   -8.018119e+01 1.989643e+01 -3.205754e+00
    endloop
  endfacet
  facet normal 0.000000e+00 0.000000e+00 1.000000e+00
    outer loop
      vertex   -8.018119e+01 1.989643e+01 -3.205754e+00
      vertex   -7.881863e+01 2.474904e+01 -3.205754e+00
      vertex   -7.930569e+01 2.314086e+01 -3.205754e+00
    endloop
  endfacet
  facet normal 0.000000e+00 0.000000e+00 1.000000e+00
    outer loop
      vertex   -8.018119e+01 1.989643e+01 -3.205754e+00
      vertex   -7.930569e+01 2.314086e+01 -3.205754e+00
      vertex   -7.975994e+01 2.152310e+01 -3.205754e+00
    endloop
  endfacet
  facet normal -4.764978e-01 8.791703e-01 -3.087771e-03
    outer loop
      vertex   1.242209e+01 -2.008970e+01 -3.205754e+00
      vertex   1.102268e+01 -2.089031e+01 -1.520575e+01
      vertex   1.005106e+01 -2.137476e+01 -3.205754e+00
    endloop
  endfacet
  facet normal -4.154130e-01 9.096277e-01 3.087759e-03
    outer loop
      vertex   1.005106e+01 -2.137476e+01 -3.205754e+00
      vertex   1.102268e+01 -2.089031e+01 -1.520575e+01
      vertex   8.569518e+00 -2.201063e+01 -1.520575e+01
    endloop
  endfacet
  facet normal -3.731740e-01 9.277562e-01 -3.087769e-03
    outer loop
      vertex   1.005106e+01 -2.137476e+01 -3.205754e+00
      vertex   8.569518e+00 -2.201063e+01 -1.520575e+01
      vertex   7.549009e+00 -2.238117e+01 -3.205754e+00
    endloop
  endfacet
  facet normal -3.090155e-01 9.510520e-01 3.087766e-03
    outer loop
      vertex   7.549009e+00 -2.238117e+01 -3.205754e+00
      vertex   8.569518e+00 -2.201063e+01 -1.520575e+01
      vertex   6.004637e+00 -2.284401e+01 -1.520575e+01
    endloop
  endfacet
  facet normal -2.649853e-01 9.642475e-01 -3.087766e-03
    outer loop
      vertex   7.549009e+00 -2.238117e+01 -3.205754e+00
      vertex   6.004637e+00 -2.284401e+01 -1.520575e+01
      vertex   4.948541e+00 -2.309581e+01 -3.205754e+00
    endloop
  endfacet
  facet normal -1.985895e-01 9.800779e-01 3.087766e-03
    outer loop
      vertex   4.948541e+00 -2.309581e+01 -3.205754e+00
      vertex   6.004637e+00 -2.284401e+01 -1.520575e+01
      vertex   3.361476e+00 -2.337958e+01 -1.520575e+01
    endloop
  endfacet
  facet normal -1.533421e-01 9.881683e-01 -3.087766e-03
    outer loop
      vertex   4.948541e+00 -2.309581e+01 -3.205754e+00
      vertex   3.361476e+00 -2.337958e+01 -1.520575e+01
      vertex   2.283562e+00 -2.350935e+01 -3.205754e+00
    endloop
  endfacet
  facet normal -8.557460e-02 9.963270e-01 3.087766e-03
    outer loop
      vertex   2.283562e+00 -2.350935e+01 -3.205754e+00
      vertex   3.361476e+00 -2.337958e+01 -1.520575e+01
      vertex   6.744938e-01 -2.361037e+01 -1.520575e+01
    endloop
  endfacet
  facet normal -3.969991e-02 9.992069e-01 -3.087766e-03
    outer loop
      vertex   2.283562e+00 -2.350935e+01 -3.205754e+00
      vertex   6.744938e-01 -2.361037e+01 -1.520575e+01
      vertex   -4.111878e-01 -2.361642e+01 -3.205754e+00
    endloop
  endfacet
  facet normal 2.855591e-02 9.995874e-01 3.087766e-03
    outer loop
      vertex   -4.111878e-01 -2.361642e+01 -3.205754e+00
      vertex   6.744938e-01 -2.361037e+01 -1.520575e+01
      vertex   -2.021282e+00 -2.353336e+01 -1.520575e+01
    endloop
  endfacet
  facet normal 7.445987e-02 9.972192e-01 -3.087766e-03
    outer loop
      vertex   -4.111878e-01 -2.361642e+01 -3.205754e+00
      vertex   -2.021282e+00 -2.353336e+01 -1.520575e+01
      vertex   -3.100577e+00 -2.341561e+01 -3.205754e+00
    endloop
  endfacet
  facet normal 1.423142e-01 9.898167e-01 3.087766e-03
    outer loop
      vertex   -3.100577e+00 -2.341561e+01 -3.205754e+00
      vertex   -2.021282e+00 -2.353336e+01 -1.520575e+01
      vertex   -4.690707e+00 -2.314955e+01 -1.520575e+01
    endloop
  endfacet
  facet normal 1.876489e-01 9.822313e-01 -3.087766e-03
    outer loop
      vertex   -3.100577e+00 -2.341561e+01 -3.205754e+00
      vertex   -4.690707e+00 -2.314955e+01 -1.520575e+01
      vertex   -5.749545e+00 -2.290954e+01 -3.205754e+00
    endloop
  endfacet
  facet normal 2.542171e-01 9.671422e-01 3.087766e-03
    outer loop
      vertex   -5.749545e+00 -2.290954e+01 -3.205754e+00
      vertex   -4.690707e+00 -2.314955e+01 -1.520575e+01
      vertex   -7.298982e+00 -2.246395e+01 -1.520575e+01
    endloop
  endfacet
  facet normal 2.983917e-01 9.544385e-01 -3.087766e-03
    outer loop
      vertex   -5.749545e+00 -2.290954e+01 -3.205754e+00
      vertex   -7.298982e+00 -2.246395e+01 -1.520575e+01
      vertex   -8.323559e+00 -2.210481e+01 -3.205754e+00
    endloop
  endfacet
  facet normal 3.628060e-01 9.318596e-01 3.087766e-03
    outer loop
      vertex   -8.323559e+00 -2.210481e+01 -3.205754e+00
      vertex   -7.298982e+00 -2.246395e+01 -1.520575e+01
      vertex   -9.812103e+00 -2.148551e+01 -1.520575e+01
    endloop
  endfacet
  facet normal 4.052445e-01 9.142031e-01 -3.087766e-03
    outer loop
      vertex   -8.323559e+00 -2.210481e+01 -3.205754e+00
      vertex   -9.812103e+00 -2.148551e+01 -1.520575e+01
      vertex   -1.078906e+01 -2.101191e+01 -3.205754e+00
    endloop
  endfacet
  facet normal 4.666651e-01 8.844287e-01 3.087766e-03
    outer loop
      vertex   -1.078906e+01 -2.101191e+01 -3.205754e+00
      vertex   -9.812103e+00 -2.148551e+01 -1.520575e+01
      vertex   -1.219731e+01 -2.022696e+01 -1.520575e+01
    endloop
  endfacet
  facet normal 5.068143e-01 8.620497e-01 -3.087766e-03
    outer loop
      vertex   -1.078906e+01 -2.101191e+01 -3.205754e+00
      vertex   -1.219731e+01 -2.022696e+01 -1.520575e+01
      vertex   -1.311391e+01 -1.964509e+01 -3.205754e+00
    endloop
  endfacet
  facet normal 5.644405e-01 8.254680e-01 3.087766e-03
    outer loop
      vertex   -1.311391e+01 -1.964509e+01 -3.205754e+00
      vertex   -1.219731e+01 -2.022696e+01 -1.520575e+01
      vertex   -1.442350e+01 -1.870473e+01 -1.520575e+01
    endloop
  endfacet
  facet normal 6.017770e-01 7.986582e-01 -3.087766e-03
    outer loop
      vertex   -1.311391e+01 -1.964509e+01 -3.205754e+00
      vertex   -1.442350e+01 -1.870473e+01 -1.520575e+01
      vertex   -1.526781e+01 -1.802217e+01 -3.205754e+00
    endloop
  endfacet
  facet normal 6.548576e-01 7.557460e-01 3.087766e-03
    outer loop
      vertex   -1.526781e+01 -1.802217e+01 -3.205754e+00
      vertex   -1.442350e+01 -1.870473e+01 -1.520575e+01
      vertex   -1.646167e+01 -1.693865e+01 -1.520575e+01
    endloop
  endfacet
  facet normal 6.888947e-01 7.248549e-01 -3.087766e-03
    outer loop
      vertex   -1.526781e+01 -1.802217e+01 -3.205754e+00
      vertex   -1.646167e+01 -1.693865e+01 -1.520575e+01
      vertex   -1.722266e+01 -1.616430e+01 -3.205754e+00
    endloop
  endfacet
  facet normal 7.367376e-01 6.761717e-01 3.087766e-03
    outer loop
      vertex   -1.722266e+01 -1.616430e+01 -3.205754e+00
      vertex   -1.646167e+01 -1.693865e+01 -1.520575e+01
      vertex   -1.828522e+01 -1.495175e+01 -1.520575e+01
    endloop
  endfacet
  facet normal 7.670315e-01 6.416020e-01 -3.087766e-03
    outer loop
      vertex   -1.722266e+01 -1.616430e+01 -3.205754e+00
      vertex   -1.828522e+01 -1.495175e+01 -1.520575e+01
      vertex   -1.895299e+01 -1.409570e+01 -3.205754e+00
    endloop
  endfacet
  facet normal 8.090131e-01 5.877825e-01 3.087766e-03
    outer loop
      vertex   -1.895299e+01 -1.409570e+01 -3.205754e+00
      vertex   -1.828522e+01 -1.495175e+01 -1.520575e+01
      vertex   -1.987041e+01 -1.276994e+01 -1.520575e+01
    endloop
  endfacet
  facet normal 8.351689e-01 5.499849e-01 -3.087766e-03
    outer loop
      vertex   -1.895299e+01 -1.409570e+01 -3.205754e+00
      vertex   -1.987041e+01 -1.276994e+01 -1.520575e+01
      vertex   -2.043624e+01 -1.184334e+01 -3.205754e+00
    endloop
  endfacet
  facet normal 8.707419e-01 4.917306e-01 3.087766e-03
    outer loop
      vertex   -2.043624e+01 -1.184334e+01 -3.205754e+00
      vertex   -1.987041e+01 -1.276994e+01 -1.520575e+01
      vertex   -2.119655e+01 -1.042164e+01 -1.520575e+01
    endloop
  endfacet
  facet normal 8.924186e-01 4.511978e-01 -3.087766e-03
    outer loop
      vertex   -2.043624e+01 -1.184334e+01 -3.205754e+00
      vertex   -2.119655e+01 -1.042164e+01 -1.520575e+01
      vertex   -2.165307e+01 -9.436586e+00 -3.205754e+00
    endloop
  endfacet
  facet normal 9.211193e-01 3.892683e-01 3.087766e-03
    outer loop
      vertex   -2.165307e+01 -9.436586e+00 -3.205754e+00
      vertex   -2.119655e+01 -1.042164e+01 -1.520575e+01
      vertex   -2.224636e+01 -7.937487e+00 -1.520575e+01
    endloop
  endfacet
  facet normal 9.380343e-01 3.465288e-01 -3.087766e-03
    outer loop
      vertex   -2.165307e+01 -9.436586e+00 -3.205754e+00
      vertex   -2.224636e+01 -7.937487e+00 -1.520575e+01
      vertex   -2.258761e+01 -6.906813e+00 -3.205754e+00
    endloop
  endfacet
  facet normal 9.594884e-01 2.817312e-01 3.087766e-03
    outer loop
      vertex   -2.258761e+01 -6.906813e+00 -3.205754e+00
      vertex   -2.224636e+01 -7.937487e+00 -1.520575e+01
      vertex   -2.300616e+01 -5.349854e+00 -1.520575e+01
    endloop
  endfacet
  facet normal 9.714212e-01 2.373421e-01 -3.087766e-03
    outer loop
      vertex   -2.258761e+01 -6.906813e+00 -3.205754e+00
      vertex   -2.300616e+01 -5.349854e+00 -1.520575e+01
      vertex   -2.322770e+01 -4.286998e+00 -3.205754e+00
    endloop
  endfacet
  facet normal 9.853491e-01 1.705214e-01 3.087766e-03
    outer loop
      vertex   -2.322770e+01 -4.286998e+00 -3.205754e+00
      vertex   -2.300616e+01 -5.349854e+00 -1.520575e+01
      vertex   -2.346604e+01 -2.692477e+00 -1.520575e+01
    endloop
  endfacet
  facet normal 9.921442e-01 1.250614e-01 -3.087766e-03
    outer loop
      vertex   -2.322770e+01 -4.286998e+00 -3.205754e+00
      vertex   -2.346604e+01 -2.692477e+00 -1.520575e+01
      vertex   -2.356498e+01 -1.611296e+00 -3.205754e+00
    endloop
  endfacet
  facet normal 9.983643e-01 5.708854e-02 3.087766e-03
    outer loop
      vertex   -2.356498e+01 -1.611296e+00 -3.205754e+00
      vertex   -2.346604e+01 -2.692477e+00 -1.520575e+01
      vertex   -2.362000e+01 -3.180431e-08 -1.520575e+01
    endloop
  endfacet
  facet normal 9.999331e-01 1.115032e-02 -3.087766e-03
    outer loop
      vertex   -2.356498e+01 -1.611296e+00 -3.205754e+00
      vertex   -2.362000e+01 -3.180431e-08 -1.520575e+01
      vertex   -2.359505e+01 1.085412e+00 -3.205754e+00
    endloop
  endfacet
  facet normal 9.983643e-01 -5.708854e-02 3.087766e-03
    outer loop
      vertex   -2.359505e+01 1.085412e+00 -3.205754e+00
      vertex   -2.362000e+01 -3.180431e-08 -1.520575e+01
      vertex   -2.346604e+01 2.692477e+00 -1.520575e+01
    endloop
  endfacet
  facet normal 9.946863e-01 -1.029061e-01 -3.087766e-03
    outer loop
      vertex   -2.359505e+01 1.085412e+00 -3.205754e+00
      vertex   -2.346604e+01 2.692477e+00 -1.520575e+01
      vertex   -2.331752e+01 3.767969e+00 -3.205754e+00
    endloop
  endfacet
  facet normal 9.853491e-01 -1.705214e-01 3.087766e-03
    outer loop
      vertex   -2.331752e+01 3.767969e+00 -3.205754e+00
      vertex   -2.346604e+01 2.692477e+00 -1.520575e+01
      vertex   -2.300616e+01 5.349854e+00 -1.520575e+01
    endloop
  endfacet
  facet normal 9.764722e-01 -2.156211e-01 -3.087766e-03
    outer loop
      vertex   -2.331752e+01 3.767969e+00 -3.205754e+00
      vertex   -2.300616e+01 5.349854e+00 -1.520575e+01
      vertex   -2.273602e+01 6.401406e+00 -3.205754e+00
    endloop
  endfacet
  facet normal 9.594884e-01 -2.817312e-01 3.087766e-03
    outer loop
      vertex   -2.273602e+01 6.401406e+00 -3.205754e+00
      vertex   -2.300616e+01 5.349854e+00 -1.520575e+01
      vertex   -2.224636e+01 7.937487e+00 -1.520575e+01
    endloop
  endfacet
  facet normal 9.455284e-01 -3.255250e-01 -3.087766e-03
    outer loop
      vertex   -2.273602e+01 6.401406e+00 -3.205754e+00
      vertex   -2.224636e+01 7.937487e+00 -1.520575e+01
      vertex   -2.185811e+01 8.951390e+00 -3.205754e+00
    endloop
  endfacet
  facet normal 9.211193e-01 -3.892683e-01 3.087766e-03
    outer loop
      vertex   -2.185811e+01 8.951390e+00 -3.205754e+00
      vertex   -2.224636e+01 7.937487e+00 -1.520575e+01
      vertex   -2.119655e+01 1.042164e+01 -1.520575e+01
    endloop
  endfacet
  facet normal 9.022581e-01 -4.311853e-01 -3.087766e-03
    outer loop
      vertex   -2.185811e+01 8.951390e+00 -3.205754e+00
      vertex   -2.119655e+01 1.042164e+01 -1.520575e+01
      vertex   -2.069525e+01 1.138468e+01 -3.205754e+00
    endloop
  endfacet
  facet normal 8.707419e-01 -4.917306e-01 3.087766e-03
    outer loop
      vertex   -2.069525e+01 1.138468e+01 -3.205754e+00
      vertex   -2.119655e+01 1.042164e+01 -1.520575e+01
      vertex   -1.987041e+01 1.276994e+01 -1.520575e+01
    endloop
  endfacet
  facet normal 8.472255e-01 -5.312244e-01 -3.087766e-03
    outer loop
      vertex   -2.069525e+01 1.138468e+01 -3.205754e+00
      vertex   -1.987041e+01 1.276994e+01 -1.520575e+01
      vertex   -1.926260e+01 1.366955e+01 -3.205754e+00
    endloop
  endfacet
  facet normal 8.090131e-01 -5.877825e-01 3.087766e-03
    outer loop
      vertex   -1.926260e+01 1.366955e+01 -3.205754e+00
      vertex   -1.987041e+01 1.276994e+01 -1.520575e+01
      vertex   -1.828522e+01 1.495175e+01 -1.520575e+01
    endloop
  endfacet
  facet normal 7.811481e-01 -6.243382e-01 -3.087766e-03
    outer loop
      vertex   -1.926260e+01 1.366955e+01 -3.205754e+00
      vertex   -1.828522e+01 1.495175e+01 -1.520575e+01
      vertex   -1.757883e+01 1.577622e+01 -3.205754e+00
    endloop
  endfacet
  facet normal 7.367376e-01 -6.761717e-01 3.087766e-03
    outer loop
      vertex   -1.757883e+01 1.577622e+01 -3.205754e+00
      vertex   -1.828522e+01 1.495175e+01 -1.520575e+01
      vertex   -1.646167e+01 1.693865e+01 -1.520575e+01
    endloop
  endfacet
  facet normal 7.048872e-01 -7.093127e-01 -3.087766e-03
    outer loop
      vertex   -1.757883e+01 1.577622e+01 -3.205754e+00
      vertex   -1.646167e+01 1.693865e+01 -1.520575e+01
      vertex   -1.566589e+01 1.767722e+01 -3.205754e+00
    endloop
  endfacet
  facet normal 6.548576e-01 -7.557460e-01 3.087766e-03
    outer loop
      vertex   -1.566589e+01 1.767722e+01 -3.205754e+00
      vertex   -1.646167e+01 1.693865e+01 -1.520575e+01
      vertex   -1.442350e+01 1.870473e+01 -1.520575e+01
    endloop
  endfacet
  facet normal 6.194370e-01 -7.850403e-01 -3.087766e-03
    outer loop
      vertex   -1.566589e+01 1.767722e+01 -3.205754e+00
      vertex   -1.442350e+01 1.870473e+01 -1.520575e+01
      vertex   -1.354873e+01 1.934778e+01 -3.205754e+00
    endloop
  endfacet
  facet normal 5.644405e-01 -8.254680e-01 3.087766e-03
    outer loop
      vertex   -1.354873e+01 1.934778e+01 -3.205754e+00
      vertex   -1.442350e+01 1.870473e+01 -1.520575e+01
      vertex   -1.219731e+01 2.022696e+01 -1.520575e+01
    endloop
  endfacet
  facet normal 5.259115e-01 -8.505337e-01 -3.087766e-03
    outer loop
      vertex   -1.354873e+01 1.934778e+01 -3.205754e+00
      vertex   -1.219731e+01 2.022696e+01 -1.520575e+01
      vertex   -1.125493e+01 2.076610e+01 -3.205754e+00
    endloop
  endfacet
  facet normal 4.666651e-01 -8.844287e-01 3.087766e-03
    outer loop
      vertex   -1.125493e+01 2.076610e+01 -3.205754e+00
      vertex   -1.219731e+01 2.022696e+01 -1.520575e+01
      vertex   -9.812103e+00 2.148551e+01 -1.520575e+01
    endloop
  endfacet
  facet normal 4.255299e-01 -9.049391e-01 -3.087766e-03
    outer loop
      vertex   -1.125493e+01 2.076610e+01 -3.205754e+00
      vertex   -9.812103e+00 2.148551e+01 -1.520575e+01
      vertex   -8.814412e+00 2.191371e+01 -3.205754e+00
    endloop
  endfacet
  facet normal 3.628060e-01 -9.318596e-01 3.087766e-03
    outer loop
      vertex   -8.814412e+00 2.191371e+01 -3.205754e+00
      vertex   -9.812103e+00 2.148551e+01 -1.520575e+01
      vertex   -7.298982e+00 2.246395e+01 -1.520575e+01
    endloop
  endfacet
  facet normal 3.196009e-01 -9.475472e-01 -3.087766e-03
    outer loop
      vertex   -8.814412e+00 2.191371e+01 -3.205754e+00
      vertex   -7.298982e+00 2.246395e+01 -1.520575e+01
      vertex   -6.258983e+00 2.277563e+01 -3.205754e+00
    endloop
  endfacet
  facet normal 2.542171e-01 -9.671422e-01 3.087766e-03
    outer loop
      vertex   -6.258983e+00 2.277563e+01 -3.205754e+00
      vertex   -7.298982e+00 2.246395e+01 -1.520575e+01
      vertex   -4.690707e+00 2.314955e+01 -1.520575e+01
    endloop
  endfacet
  facet normal 2.095054e-01 -9.778026e-01 -3.087766e-03
    outer loop
      vertex   -6.258983e+00 2.277563e+01 -3.205754e+00
      vertex   -4.690707e+00 2.314955e+01 -1.520575e+01
      vertex   -3.621959e+00 2.334065e+01 -3.205754e+00
    endloop
  endfacet
  facet normal 1.423142e-01 -9.898167e-01 3.087766e-03
    outer loop
      vertex   -3.621959e+00 2.334065e+01 -3.205754e+00
      vertex   -4.690707e+00 2.314955e+01 -1.520575e+01
      vertex   -2.021282e+00 2.353336e+01 -1.520575e+01
    endloop
  endfacet
  facet normal 9.667869e-02 -9.953109e-01 -3.087766e-03
    outer loop
      vertex   -3.621959e+00 2.334065e+01 -3.205754e+00
      vertex   -2.021282e+00 2.353336e+01 -1.520575e+01
      vertex   -9.377164e-01 2.360138e+01 -3.205754e+00
    endloop
  endfacet
  facet normal 2.855591e-02 -9.995874e-01 3.087766e-03
    outer loop
      vertex   -9.377164e-01 2.360138e+01 -3.205754e+00
      vertex   -2.021282e+00 2.353336e+01 -1.520575e+01
      vertex   6.744938e-01 2.361037e+01 -1.520575e+01
    endloop
  endfacet
  facet normal -1.740837e-02 -9.998437e-01 -3.087766e-03
    outer loop
      vertex   -9.377164e-01 2.360138e+01 -3.205754e+00
      vertex   6.744938e-01 2.361037e+01 -1.520575e+01
      vertex   1.758750e+00 2.355443e+01 -3.205754e+00
    endloop
  endfacet
  facet normal -8.557460e-02 -9.963270e-01 3.087766e-03
    outer loop
      vertex   1.758750e+00 2.355443e+01 -3.205754e+00
      vertex   6.744938e-01 2.361037e+01 -1.520575e+01
      vertex   3.361476e+00 2.337958e+01 -1.520575e+01
    endloop
  endfacet
  facet normal -1.312685e-01 -9.913420e-01 -3.087766e-03
    outer loop
      vertex   1.758750e+00 2.355443e+01 -3.205754e+00
      vertex   3.361476e+00 2.337958e+01 -1.520575e+01
      vertex   4.432289e+00 2.320041e+01 -3.205754e+00
    endloop
  endfacet
  facet normal -1.985895e-01 -9.800779e-01 3.087766e-03
    outer loop
      vertex   4.432289e+00 2.320041e+01 -3.205754e+00
      vertex   3.361476e+00 2.337958e+01 -1.520575e+01
      vertex   6.004637e+00 2.284401e+01 -1.520575e+01
    endloop
  endfacet
  facet normal -2.434173e-01 -9.699167e-01 -3.087766e-03
    outer loop
      vertex   4.432289e+00 2.320041e+01 -3.205754e+00
      vertex   6.004637e+00 2.284401e+01 -1.520575e+01
      vertex   7.048046e+00 2.254394e+01 -3.205754e+00
    endloop
  endfacet
  facet normal -3.090155e-01 -9.510520e-01 3.087766e-03
    outer loop
      vertex   7.048046e+00 2.254394e+01 -3.205754e+00
      vertex   6.004637e+00 2.284401e+01 -1.520575e+01
      vertex   8.569518e+00 2.201063e+01 -1.520575e+01
    endloop
  endfacet
  facet normal -3.523928e-01 -9.358471e-01 -3.087766e-03
    outer loop
      vertex   7.048046e+00 2.254394e+01 -3.205754e+00
      vertex   8.569518e+00 2.201063e+01 -1.520575e+01
      vertex   9.571921e+00 2.159358e+01 -3.205754e+00
    endloop
  endfacet
  facet normal -4.154130e-01 -9.096277e-01 3.087766e-03
    outer loop
      vertex   9.571921e+00 2.159358e+01 -3.205754e+00
      vertex   8.569518e+00 2.201063e+01 -1.520575e+01
      vertex   1.102268e+01 2.089031e+01 -1.520575e+01
    endloop
  endfacet
  facet normal -4.567744e-01 -8.895772e-01 -3.087766e-03
    outer loop
      vertex   9.571921e+00 2.159358e+01 -3.205754e+00
      vertex   1.102268e+01 2.089031e+01 -1.520575e+01
      vertex   1.197101e+01 2.036171e+01 -3.205754e+00
    endloop
  endfacet
  facet normal -5.163950e-01 -8.563449e-01 3.087766e-03
    outer loop
      vertex   1.197101e+01 2.036171e+01 -3.205754e+00
      vertex   1.102268e+01 2.089031e+01 -1.520575e+01
      vertex   1.333215e+01 1.949765e+01 -1.520575e+01
    endloop
  endfacet
  facet normal -5.552012e-01 -8.317104e-01 -3.087766e-03
    outer loop
      vertex   1.197101e+01 2.036171e+01 -3.205754e+00
      vertex   1.333215e+01 1.949765e+01 -1.520575e+01
      vertex   1.421404e+01 1.886440e+01 -3.205754e+00
    endloop
  endfacet
  facet normal -6.106450e-01 -7.918985e-01 3.087766e-03
    outer loop
      vertex   1.421404e+01 1.886440e+01 -3.205754e+00
      vertex   1.333215e+01 1.949765e+01 -1.520575e+01
      vertex   1.546781e+01 1.785080e+01 -1.520575e+01
    endloop
  endfacet
  facet normal -6.463901e-01 -7.630009e-01 -3.087766e-03
    outer loop
      vertex   1.421404e+01 1.886440e+01 -3.205754e+00
      vertex   1.546781e+01 1.785080e+01 -1.520575e+01
      vertex   1.627177e+01 1.712115e+01 -3.205754e+00
    endloop
  endfacet
  facet normal -6.969342e-01 -7.171284e-01 3.087766e-03
    outer loop
      vertex   1.627177e+01 1.712115e+01 -3.205754e+00
      vertex   1.546781e+01 1.785080e+01 -1.520575e+01
      vertex   1.740183e+01 1.597125e+01 -1.520575e+01
    endloop
  endfacet
  facet normal -7.291523e-01 -6.843445e-01 -3.087766e-03
    outer loop
      vertex   1.627177e+01 1.712115e+01 -3.205754e+00
      vertex   1.740183e+01 1.597125e+01 -1.520575e+01
      vertex   1.811737e+01 1.515471e+01 -3.205754e+00
    endloop
  endfacet
  facet normal -7.741379e-01 -6.330094e-01 3.087766e-03
    outer loop
      vertex   1.811737e+01 1.515471e+01 -3.205754e+00
      vertex   1.740183e+01 1.597125e+01 -1.520575e+01
      vertex   1.910898e+01 1.388349e+01 -1.520575e+01
    endloop
  endfacet
  facet normal -8.024089e-01 -5.967667e-01 -3.087766e-03
    outer loop
      vertex   1.811737e+01 1.515471e+01 -3.205754e+00
      vertex   1.910898e+01 1.388349e+01 -1.520575e+01
      vertex   1.972678e+01 1.299070e+01 -3.205754e+00
    endloop
  endfacet
  facet normal -8.412495e-01 -5.406382e-01 3.087766e-03
    outer loop
      vertex   1.972678e+01 1.299070e+01 -3.205754e+00
      vertex   1.910898e+01 1.388349e+01 -1.520575e+01
      vertex   2.056702e+01 1.161473e+01 -1.520575e+01
    endloop
  endfacet
  facet normal -8.652048e-01 -5.014091e-01 -3.087766e-03
    outer loop
      vertex   1.972678e+01 1.299070e+01 -3.205754e+00
      vertex   2.056702e+01 1.161473e+01 -1.520575e+01
      vertex   2.107903e+01 1.065734e+01 -3.205754e+00
    endloop
  endfacet
  facet normal -8.973942e-01 -4.412190e-01 3.087766e-03
    outer loop
      vertex   2.107903e+01 1.065734e+01 -3.205754e+00
      vertex   2.056702e+01 1.161473e+01 -1.520575e+01
      vertex   2.175694e+01 9.194560e+00 -1.520575e+01
    endloop
  endfacet
  facet normal -9.167215e-01 -3.995149e-01 -3.087766e-03
    outer loop
      vertex   2.107903e+01 1.065734e+01 -3.205754e+00
      vertex   2.175694e+01 9.194560e+00 -1.520575e+01
      vertex   2.215647e+01 8.185048e+00 -3.205754e+00
    endloop
  endfacet
  facet normal -9.418399e-01 -3.360478e-01 3.087766e-03
    outer loop
      vertex   2.215647e+01 8.185048e+00 -3.205754e+00
      vertex   2.175694e+01 9.194560e+00 -1.520575e+01
      vertex   2.266322e+01 6.654523e+00 -1.520575e+01
    endloop
  endfacet
  facet normal -9.562873e-01 -2.924123e-01 -3.087766e-03
    outer loop
      vertex   2.215647e+01 8.185048e+00 -3.205754e+00
      vertex   2.266322e+01 6.654523e+00 -1.520575e+01
      vertex   2.294508e+01 5.606048e+00 -3.205754e+00
    endloop
  endfacet
  facet normal -9.740073e-01 -2.264957e-01 3.087766e-03
    outer loop
      vertex   2.294508e+01 5.606048e+00 -3.205754e+00
      vertex   2.266322e+01 6.654523e+00 -1.520575e+01
      vertex   2.327406e+01 4.027734e+00 -1.520575e+01
    endloop
  endfacet
  facet normal -9.833865e-01 -1.814978e-01 -3.087766e-03
    outer loop
      vertex   2.294508e+01 5.606048e+00 -3.205754e+00
      vertex   2.327406e+01 4.027734e+00 -1.520575e+01
      vertex   2.343456e+01 2.953965e+00 -3.205754e+00
    endloop
  endfacet
  facet normal -9.934770e-01 -1.139909e-01 3.087766e-03
    outer loop
      vertex   2.343456e+01 2.953965e+00 -3.205754e+00
      vertex   2.327406e+01 4.027734e+00 -1.520575e+01
      vertex   2.358148e+01 1.348438e+00 -1.520575e+01
    endloop
  endfacet
  facet normal -9.976657e-01 -6.821712e-02 -3.087766e-03
    outer loop
      vertex   2.343456e+01 2.953965e+00 -3.205754e+00
      vertex   2.358148e+01 1.348438e+00 -1.520575e+01
      vertex   2.361853e+01 2.633717e-01 -3.205754e+00
    endloop
  endfacet
  facet normal -9.999952e-01 0.000000e+00 3.087766e-03
    outer loop
      vertex   2.361853e+01 2.633717e-01 -3.205754e+00
      vertex   2.358148e+01 1.348438e+00 -1.520575e+01
      vertex   2.358148e+01 -1.348438e+00 -1.520575e+01
    endloop
  endfacet
  facet normal -9.989388e-01 4.595286e-02 -3.087766e-03
    outer loop
      vertex   2.361853e+01 2.633717e-01 -3.205754e+00
      vertex   2.358148e+01 -1.348438e+00 -1.520575e+01
      vertex   2.349460e+01 -2.430655e+00 -3.205754e+00
    endloop
  endfacet
  facet normal -9.934770e-01 1.139909e-01 3.087766e-03
    outer loop
      vertex   2.349460e+01 -2.430655e+00 -3.205754e+00
      vertex   2.358148e+01 -1.348438e+00 -1.520575e+01
      vertex   2.327406e+01 -4.027734e+00 -1.520575e+01
    endloop
  endfacet
  facet normal -9.871893e-01 1.595238e-01 -3.087766e-03
    outer loop
      vertex   2.349460e+01 -2.430655e+00 -3.205754e+00
      vertex   2.327406e+01 -4.027734e+00 -1.520575e+01
      vertex   2.306438e+01 -5.092994e+00 -3.205754e+00
    endloop
  endfacet
  facet normal -9.740073e-01 2.264957e-01 3.087766e-03
    outer loop
      vertex   2.306438e+01 -5.092994e+00 -3.205754e+00
      vertex   2.327406e+01 -4.027734e+00 -1.520575e+01
      vertex   2.266322e+01 -6.654523e+00 -1.520575e+01
    endloop
  endfacet
  facet normal -9.625702e-01 2.710150e-01 -3.087766e-03
    outer loop
      vertex   2.306438e+01 -5.092994e+00 -3.205754e+00
      vertex   2.266322e+01 -6.654523e+00 -1.520575e+01
      vertex   2.233349e+01 -7.688938e+00 -3.205754e+00
    endloop
  endfacet
  facet normal -9.418399e-01 3.360478e-01 3.087766e-03
    outer loop
      vertex   2.233349e+01 -7.688938e+00 -3.205754e+00
      vertex   2.266322e+01 -6.654523e+00 -1.520575e+01
      vertex   2.175694e+01 -9.194560e+00 -1.520575e+01
    endloop
  endfacet
  facet normal -9.254025e-01 3.789732e-01 -3.087766e-03
    outer loop
      vertex   2.233349e+01 -7.688938e+00 -3.205754e+00
      vertex   2.175694e+01 -9.194560e+00 -1.520575e+01
      vertex   2.131144e+01 -1.018465e+01 -3.205754e+00
    endloop
  endfacet
  facet normal -8.973942e-01 4.412190e-01 3.087766e-03
    outer loop
      vertex   2.131144e+01 -1.018465e+01 -3.205754e+00
      vertex   2.175694e+01 -9.194560e+00 -1.520575e+01
      vertex   2.056702e+01 -1.161473e+01 -1.520575e+01
    endloop
  endfacet
  facet normal -8.761708e-01 4.819909e-01 -3.087766e-03
    outer loop
      vertex   2.131144e+01 -1.018465e+01 -3.205754e+00
      vertex   2.056702e+01 -1.161473e+01 -1.520575e+01
      vertex   2.001156e+01 -1.254758e+01 -3.205754e+00
    endloop
  endfacet
  facet normal -8.412495e-01 5.406382e-01 3.087766e-03
    outer loop
      vertex   2.001156e+01 -1.254758e+01 -3.205754e+00
      vertex   2.056702e+01 -1.161473e+01 -1.520575e+01
      vertex   1.910898e+01 -1.388349e+01 -1.520575e+01
    endloop
  endfacet
  facet normal -8.155168e-01 5.787251e-01 -3.087766e-03
    outer loop
      vertex   2.001156e+01 -1.254758e+01 -3.205754e+00
      vertex   1.910898e+01 -1.388349e+01 -1.520575e+01
      vertex   1.845081e+01 -1.474694e+01 -3.205754e+00
    endloop
  endfacet
  facet normal -7.741379e-01 6.330094e-01 3.087766e-03
    outer loop
      vertex   1.845081e+01 -1.474694e+01 -3.205754e+00
      vertex   1.910898e+01 -1.388349e+01 -1.520575e+01
      vertex   1.740183e+01 -1.597125e+01 -1.520575e+01
    endloop
  endfacet
  facet normal -7.442314e-01 6.679147e-01 -3.087766e-03
    outer loop
      vertex   1.845081e+01 -1.474694e+01 -3.205754e+00
      vertex   1.740183e+01 -1.597125e+01 -1.520575e+01
      vertex   1.664951e+01 -1.675405e+01 -3.205754e+00
    endloop
  endfacet
  facet normal -6.969342e-01 7.171284e-01 3.087766e-03
    outer loop
      vertex   1.664951e+01 -1.675405e+01 -3.205754e+00
      vertex   1.740183e+01 -1.597125e+01 -1.520575e+01
      vertex   1.546781e+01 -1.785080e+01 -1.520575e+01
    endloop
  endfacet
  facet normal -6.632437e-01 7.483971e-01 -3.087766e-03
    outer loop
      vertex   1.664951e+01 -1.675405e+01 -3.205754e+00
      vertex   1.546781e+01 -1.785080e+01 -1.520575e+01
      vertex   1.463117e+01 -1.854274e+01 -3.205754e+00
    endloop
  endfacet
  facet normal -6.106450e-01 7.918985e-01 3.087766e-03
    outer loop
      vertex   1.463117e+01 -1.854274e+01 -3.205754e+00
      vertex   1.546781e+01 -1.785080e+01 -1.520575e+01
      vertex   1.333215e+01 -1.949765e+01 -1.520575e+01
    endloop
  endfacet
  facet normal -5.736097e-01 8.191229e-01 -3.087766e-03
    outer loop
      vertex   1.463117e+01 -1.854274e+01 -3.205754e+00
      vertex   1.333215e+01 -1.949765e+01 -1.520575e+01
      vertex   1.242209e+01 -2.008970e+01 -3.205754e+00
    endloop
  endfacet
  facet normal -5.163950e-01 8.563449e-01 3.087766e-03
    outer loop
      vertex   1.242209e+01 -2.008970e+01 -3.205754e+00
      vertex   1.333215e+01 -1.949765e+01 -1.520575e+01
      vertex   1.102268e+01 -2.089031e+01 -1.520575e+01
    endloop
  endfacet
  facet normal 9.999337e-01 -1.151595e-02 0.000000e+00
    outer loop
      vertex   -2.158914e+01 8.745566e+01 -9.205754e+00
      vertex   -2.174325e+01 7.407485e+01 -9.205754e+00
      vertex   -2.158914e+01 8.745566e+01 -1.520575e+01
    endloop
  endfacet
  facet normal 9.999337e-01 -1.151595e-02 0.000000e+00
    outer loop
      vertex   -2.158914e+01 8.745566e+01 -1.520575e+01
      vertex   -2.174325e+01 7.407485e+01 -9.205754e+00
      vertex   -2.174325e+01 7.407485e+01 -1.520575e+01
    endloop
  endfacet
  facet normal 1.000000e+00 0.000000e+00 0.000000e+00
    outer loop
      vertex   -1.824204e+01 8.108181e+01 -9.205754e+00
      vertex   -1.824204e+01 8.872179e+01 -9.205754e+00
      vertex   -1.824204e+01 8.108181e+01 -3.205754e+00
    endloop
  endfacet
  facet normal 1.000000e+00 -0.000000e+00 0.000000e+00
    outer loop
      vertex   -1.824204e+01 8.108181e+01 -3.205754e+00
      vertex   -1.824204e+01 8.872179e+01 -9.205754e+00
      vertex   -1.824204e+01 8.872179e+01 -3.205754e+00
    endloop
  endfacet
  facet normal 9.929200e-01 1.187853e-01 0.000000e+00
    outer loop
      vertex   -2.158914e+01 8.745566e+01 -9.205754e+00
      vertex   -2.158914e+01 8.745566e+01 -1.520575e+01
      vertex   -2.174153e+01 8.872946e+01 -9.205754e+00
    endloop
  endfacet
  facet normal 9.929200e-01 1.187853e-01 0.000000e+00
    outer loop
      vertex   -2.174153e+01 8.872946e+01 -9.205754e+00
      vertex   -2.158914e+01 8.745566e+01 -1.520575e+01
      vertex   -2.174153e+01 8.872946e+01 -1.520575e+01
    endloop
  endfacet
  facet normal 9.969108e-01 -7.854185e-02 0.000000e+00
    outer loop
      vertex   -2.174153e+01 8.872946e+01 -9.205754e+00
      vertex   -2.174153e+01 8.872946e+01 -1.520575e+01
      vertex   -2.164077e+01 9.000839e+01 -9.205754e+00
    endloop
  endfacet
  facet normal 9.969108e-01 -7.854185e-02 0.000000e+00
    outer loop
      vertex   -2.164077e+01 9.000839e+01 -9.205754e+00
      vertex   -2.174153e+01 8.872946e+01 -1.520575e+01
      vertex   -2.164077e+01 9.000839e+01 -1.520575e+01
    endloop
  endfacet
  facet normal 9.620681e-01 -2.728094e-01 0.000000e+00
    outer loop
      vertex   -2.164077e+01 9.000839e+01 -9.205754e+00
      vertex   -2.164077e+01 9.000839e+01 -1.520575e+01
      vertex   -2.129079e+01 9.124262e+01 -9.205754e+00
    endloop
  endfacet
  facet normal 9.620681e-01 -2.728094e-01 0.000000e+00
    outer loop
      vertex   -2.129079e+01 9.124262e+01 -9.205754e+00
      vertex   -2.164077e+01 9.000839e+01 -1.520575e+01
      vertex   -2.129079e+01 9.124262e+01 -1.520575e+01
    endloop
  endfacet
  facet normal 8.897491e-01 -4.564500e-01 0.000000e+00
    outer loop
      vertex   -2.129079e+01 9.124262e+01 -9.205754e+00
      vertex   -2.129079e+01 9.124262e+01 -1.520575e+01
      vertex   -2.070521e+01 9.238406e+01 -9.205754e+00
    endloop
  endfacet
  facet normal 8.897491e-01 -4.564500e-01 -1.635344e-15
    outer loop
      vertex   -2.070521e+01 9.238406e+01 -9.205754e+00
      vertex   -2.129079e+01 9.124262e+01 -1.520575e+01
      vertex   -2.070521e+01 9.238406e+01 -1.520575e+01
    endloop
  endfacet
  facet normal 7.827708e-01 -6.223101e-01 -2.484359e-15
    outer loop
      vertex   -2.070521e+01 9.238406e+01 -9.205754e+00
      vertex   -2.070521e+01 9.238406e+01 -1.520575e+01
      vertex   -1.990686e+01 9.338827e+01 -9.205754e+00
    endloop
  endfacet
  facet normal 7.827708e-01 -6.223101e-01 4.634934e-16
    outer loop
      vertex   -1.990686e+01 9.338827e+01 -9.205754e+00
      vertex   -2.070521e+01 9.238406e+01 -1.520575e+01
      vertex   -1.990686e+01 9.338827e+01 -1.520575e+01
    endloop
  endfacet
  facet normal 6.453006e-01 -7.639288e-01 3.820947e-16
    outer loop
      vertex   -1.990686e+01 9.338827e+01 -9.205754e+00
      vertex   -1.990686e+01 9.338827e+01 -1.520575e+01
      vertex   -1.892682e+01 9.421612e+01 -9.205754e+00
    endloop
  endfacet
  facet normal 6.453006e-01 -7.639288e-01 0.000000e+00
    outer loop
      vertex   -1.892682e+01 9.421612e+01 -9.205754e+00
      vertex   -1.990686e+01 9.338827e+01 -1.520575e+01
      vertex   -1.892682e+01 9.421612e+01 -1.520575e+01
    endloop
  endfacet
  facet normal 4.826934e-01 -8.757894e-01 0.000000e+00
    outer loop
      vertex   -1.892682e+01 9.421612e+01 -9.205754e+00
      vertex   -1.892682e+01 9.421612e+01 -1.520575e+01
      vertex   -1.780328e+01 9.483536e+01 -9.205754e+00
    endloop
  endfacet
  facet normal 4.826934e-01 -8.757894e-01 0.000000e+00
    outer loop
      vertex   -1.780328e+01 9.483536e+01 -9.205754e+00
      vertex   -1.892682e+01 9.421612e+01 -1.520575e+01
      vertex   -1.780328e+01 9.483536e+01 -1.520575e+01
    endloop
  endfacet
  facet normal 3.012834e-01 -9.535347e-01 0.000000e+00
    outer loop
      vertex   -1.780328e+01 9.483536e+01 -9.205754e+00
      vertex   -1.780328e+01 9.483536e+01 -1.520575e+01
      vertex   -1.658000e+01 9.522188e+01 -9.205754e+00
    endloop
  endfacet
  facet normal 3.012834e-01 -9.535347e-01 0.000000e+00
    outer loop
      vertex   -1.658000e+01 9.522188e+01 -9.205754e+00
      vertex   -1.780328e+01 9.483536e+01 -1.520575e+01
      vertex   -1.658000e+01 9.522188e+01 -1.520575e+01
    endloop
  endfacet
  facet normal 1.081372e-01 -9.941360e-01 0.000000e+00
    outer loop
      vertex   -1.658000e+01 9.522188e+01 -9.205754e+00
      vertex   -1.658000e+01 9.522188e+01 -1.520575e+01
      vertex   -1.530464e+01 9.536060e+01 -9.205754e+00
    endloop
  endfacet
  facet normal 1.081372e-01 -9.941360e-01 0.000000e+00
    outer loop
      vertex   -1.530464e+01 9.536060e+01 -9.205754e+00
      vertex   -1.658000e+01 9.522188e+01 -1.520575e+01
      vertex   -1.530464e+01 9.536060e+01 -1.520575e+01
    endloop
  endfacet
  facet normal -0.000000e+00 -1.000000e+00 -0.000000e+00
    outer loop
      vertex   1.436892e+01 9.536060e+01 -9.205754e+00
      vertex   -1.530464e+01 9.536060e+01 -9.205754e+00
      vertex   1.436892e+01 9.536060e+01 -1.520575e+01
    endloop
  endfacet
  facet normal 0.000000e+00 -1.000000e+00 0.000000e+00
    outer loop
      vertex   1.436892e+01 9.536060e+01 -1.520575e+01
      vertex   -1.530464e+01 9.536060e+01 -9.205754e+00
      vertex   -1.530464e+01 9.536060e+01 -1.520575e+01
    endloop
  endfacet
  facet normal -9.965807e-01 -8.262492e-02 0.000000e+00
    outer loop
      vertex   2.080632e+01 8.875786e+01 -1.520575e+01
      vertex   2.080632e+01 8.875786e+01 -9.205754e+00
      vertex   2.070062e+01 9.003284e+01 -1.520575e+01
    endloop
  endfacet
  facet normal -9.965807e-01 -8.262492e-02 0.000000e+00
    outer loop
      vertex   2.070062e+01 9.003284e+01 -1.520575e+01
      vertex   2.080632e+01 8.875786e+01 -9.205754e+00
      vertex   2.070062e+01 9.003284e+01 -9.205754e+00
    endloop
  endfacet
  facet normal -9.610935e-01 -2.762232e-01 0.000000e+00
    outer loop
      vertex   2.070062e+01 9.003284e+01 -1.520575e+01
      vertex   2.070062e+01 9.003284e+01 -9.205754e+00
      vertex   2.034723e+01 9.126242e+01 -1.520575e+01
    endloop
  endfacet
  facet normal -9.610935e-01 -2.762232e-01 0.000000e+00
    outer loop
      vertex   2.034723e+01 9.126242e+01 -1.520575e+01
      vertex   2.070062e+01 9.003284e+01 -9.205754e+00
      vertex   2.034723e+01 9.126242e+01 -9.205754e+00
    endloop
  endfacet
  facet normal -8.883739e-01 -4.591208e-01 0.000000e+00
    outer loop
      vertex   2.034723e+01 9.126242e+01 -1.520575e+01
      vertex   2.034723e+01 9.126242e+01 -9.205754e+00
      vertex   1.975985e+01 9.239897e+01 -1.520575e+01
    endloop
  endfacet
  facet normal -8.883739e-01 -4.591208e-01 0.000000e+00
    outer loop
      vertex   1.975985e+01 9.239897e+01 -1.520575e+01
      vertex   2.034723e+01 9.126242e+01 -9.205754e+00
      vertex   1.975985e+01 9.239897e+01 -9.205754e+00
    endloop
  endfacet
  facet normal -7.812389e-01 -6.242321e-01 0.000000e+00
    outer loop
      vertex   1.975985e+01 9.239897e+01 -1.520575e+01
      vertex   1.975985e+01 9.239897e+01 -9.205754e+00
      vertex   1.896124e+01 9.339845e+01 -1.520575e+01
    endloop
  endfacet
  facet normal -7.812389e-01 -6.242321e-01 0.000000e+00
    outer loop
      vertex   1.896124e+01 9.339845e+01 -1.520575e+01
      vertex   1.975985e+01 9.239897e+01 -9.205754e+00
      vertex   1.896124e+01 9.339845e+01 -9.205754e+00
    endloop
  endfacet
  facet normal -6.438390e-01 -7.651610e-01 0.000000e+00
    outer loop
      vertex   1.896124e+01 9.339845e+01 -1.520575e+01
      vertex   1.896124e+01 9.339845e+01 -9.205754e+00
      vertex   1.798232e+01 9.422215e+01 -1.520575e+01
    endloop
  endfacet
  facet normal -6.438390e-01 -7.651610e-01 0.000000e+00
    outer loop
      vertex   1.798232e+01 9.422215e+01 -1.520575e+01
      vertex   1.896124e+01 9.339845e+01 -9.205754e+00
      vertex   1.798232e+01 9.422215e+01 -9.205754e+00
    endloop
  endfacet
  facet normal -4.814971e-01 -8.764477e-01 0.000000e+00
    outer loop
      vertex   1.798232e+01 9.422215e+01 -1.520575e+01
      vertex   1.798232e+01 9.422215e+01 -9.205754e+00
      vertex   1.686103e+01 9.483816e+01 -1.520575e+01
    endloop
  endfacet
  facet normal -4.814971e-01 -8.764477e-01 0.000000e+00
    outer loop
      vertex   1.686103e+01 9.483816e+01 -1.520575e+01
      vertex   1.798232e+01 9.422215e+01 -9.205754e+00
      vertex   1.686103e+01 9.483816e+01 -9.205754e+00
    endloop
  endfacet
  facet normal -3.005020e-01 -9.537812e-01 0.000000e+00
    outer loop
      vertex   1.686103e+01 9.483816e+01 -1.520575e+01
      vertex   1.686103e+01 9.483816e+01 -9.205754e+00
      vertex   1.564081e+01 9.522260e+01 -1.520575e+01
    endloop
  endfacet
  facet normal -3.005020e-01 -9.537812e-01 0.000000e+00
    outer loop
      vertex   1.564081e+01 9.522260e+01 -1.520575e+01
      vertex   1.686103e+01 9.483816e+01 -9.205754e+00
      vertex   1.564081e+01 9.522260e+01 -9.205754e+00
    endloop
  endfacet
  facet normal -1.078657e-01 -9.941655e-01 0.000000e+00
    outer loop
      vertex   1.564081e+01 9.522260e+01 -1.520575e+01
      vertex   1.564081e+01 9.522260e+01 -9.205754e+00
      vertex   1.436892e+01 9.536060e+01 -1.520575e+01
    endloop
  endfacet
  facet normal -1.078657e-01 -9.941655e-01 0.000000e+00
    outer loop
      vertex   1.436892e+01 9.536060e+01 -1.520575e+01
      vertex   1.564081e+01 9.522260e+01 -9.205754e+00
      vertex   1.436892e+01 9.536060e+01 -9.205754e+00
    endloop
  endfacet
  facet normal -1.000000e+00 0.000000e+00 0.000000e+00
    outer loop
      vertex   2.080632e+01 7.400000e+01 -9.205754e+00
      vertex   2.080632e+01 8.875786e+01 -9.205754e+00
      vertex   2.080632e+01 7.400000e+01 -1.520575e+01
    endloop
  endfacet
  facet normal -1.000000e+00 0.000000e+00 0.000000e+00
    outer loop
      vertex   2.080632e+01 7.400000e+01 -1.520575e+01
      vertex   2.080632e+01 8.875786e+01 -9.205754e+00
      vertex   2.080632e+01 8.875786e+01 -1.520575e+01
    endloop
  endfacet
  facet normal -1.166918e-01 9.931682e-01 0.000000e+00
    outer loop
      vertex   1.443655e+01 6.750131e+01 -1.520575e+01
      vertex   1.443655e+01 6.750131e+01 -9.205754e+00
      vertex   1.568597e+01 6.764811e+01 -1.520575e+01
    endloop
  endfacet
  facet normal -1.166918e-01 9.931682e-01 0.000000e+00
    outer loop
      vertex   1.568597e+01 6.764811e+01 -1.520575e+01
      vertex   1.443655e+01 6.750131e+01 -9.205754e+00
      vertex   1.568597e+01 6.764811e+01 -9.205754e+00
    endloop
  endfacet
  facet normal -3.058236e-01 9.520882e-01 0.000000e+00
    outer loop
      vertex   1.568597e+01 6.764811e+01 -1.520575e+01
      vertex   1.568597e+01 6.764811e+01 -9.205754e+00
      vertex   1.688372e+01 6.803284e+01 -9.205754e+00
    endloop
  endfacet
  facet normal -3.058236e-01 9.520882e-01 0.000000e+00
    outer loop
      vertex   1.568597e+01 6.764811e+01 -1.520575e+01
      vertex   1.688372e+01 6.803284e+01 -9.205754e+00
      vertex   1.688372e+01 6.803284e+01 -1.520575e+01
    endloop
  endfacet
  facet normal -4.834997e-01 8.753445e-01 0.000000e+00
    outer loop
      vertex   1.688372e+01 6.803284e+01 -1.520575e+01
      vertex   1.688372e+01 6.803284e+01 -9.205754e+00
      vertex   1.798492e+01 6.864109e+01 -9.205754e+00
    endloop
  endfacet
  facet normal -4.834997e-01 8.753445e-01 0.000000e+00
    outer loop
      vertex   1.688372e+01 6.803284e+01 -1.520575e+01
      vertex   1.798492e+01 6.864109e+01 -9.205754e+00
      vertex   1.798492e+01 6.864109e+01 -1.520575e+01
    endloop
  endfacet
  facet normal -6.430647e-01 7.658118e-01 0.000000e+00
    outer loop
      vertex   1.798492e+01 6.864109e+01 -1.520575e+01
      vertex   1.798492e+01 6.864109e+01 -9.205754e+00
      vertex   1.894833e+01 6.945008e+01 -9.205754e+00
    endloop
  endfacet
  facet normal -6.430647e-01 7.658118e-01 0.000000e+00
    outer loop
      vertex   1.798492e+01 6.864109e+01 -1.520575e+01
      vertex   1.894833e+01 6.945008e+01 -9.205754e+00
      vertex   1.894833e+01 6.945008e+01 -1.520575e+01
    endloop
  endfacet
  facet normal -7.785416e-01 6.275931e-01 0.000000e+00
    outer loop
      vertex   1.894833e+01 6.945008e+01 -1.520575e+01
      vertex   1.894833e+01 6.945008e+01 -9.205754e+00
      vertex   1.973786e+01 7.042950e+01 -9.205754e+00
    endloop
  endfacet
  facet normal -7.785416e-01 6.275931e-01 0.000000e+00
    outer loop
      vertex   1.894833e+01 6.945008e+01 -1.520575e+01
      vertex   1.973786e+01 7.042950e+01 -9.205754e+00
      vertex   1.973786e+01 7.042950e+01 -1.520575e+01
    endloop
  endfacet
  facet normal -8.848555e-01 4.658657e-01 0.000000e+00
    outer loop
      vertex   1.973786e+01 7.042950e+01 -1.520575e+01
      vertex   1.973786e+01 7.042950e+01 -9.205754e+00
      vertex   2.032392e+01 7.154267e+01 -9.205754e+00
    endloop
  endfacet
  facet normal -8.848555e-01 4.658657e-01 0.000000e+00
    outer loop
      vertex   1.973786e+01 7.042950e+01 -1.520575e+01
      vertex   2.032392e+01 7.154267e+01 -9.205754e+00
      vertex   2.032392e+01 7.154267e+01 -1.520575e+01
    endloop
  endfacet
  facet normal -9.580241e-01 2.866877e-01 0.000000e+00
    outer loop
      vertex   2.032392e+01 7.154267e+01 -1.520575e+01
      vertex   2.032392e+01 7.154267e+01 -9.205754e+00
      vertex   2.068458e+01 7.274788e+01 -9.205754e+00
    endloop
  endfacet
  facet normal -9.580241e-01 2.866877e-01 0.000000e+00
    outer loop
      vertex   2.032392e+01 7.154267e+01 -1.520575e+01
      vertex   2.068458e+01 7.274788e+01 -9.205754e+00
      vertex   2.068458e+01 7.274788e+01 -1.520575e+01
    endloop
  endfacet
  facet normal -9.953067e-01 9.677086e-02 0.000000e+00
    outer loop
      vertex   2.068458e+01 7.274788e+01 -1.520575e+01
      vertex   2.068458e+01 7.274788e+01 -9.205754e+00
      vertex   2.080632e+01 7.400000e+01 -1.520575e+01
    endloop
  endfacet
  facet normal -9.953067e-01 9.677086e-02 0.000000e+00
    outer loop
      vertex   2.080632e+01 7.400000e+01 -1.520575e+01
      vertex   2.068458e+01 7.274788e+01 -9.205754e+00
      vertex   2.080632e+01 7.400000e+01 -9.205754e+00
    endloop
  endfacet
  facet normal -4.767072e-16 1.000000e+00 0.000000e+00
    outer loop
      vertex   -1.537390e+01 6.750131e+01 -9.205754e+00
      vertex   1.443655e+01 6.750131e+01 -9.205754e+00
      vertex   -1.537390e+01 6.750131e+01 -1.520575e+01
    endloop
  endfacet
  facet normal -4.767072e-16 1.000000e+00 0.000000e+00
    outer loop
      vertex   -1.537390e+01 6.750131e+01 -1.520575e+01
      vertex   1.443655e+01 6.750131e+01 -9.205754e+00
      vertex   1.443655e+01 6.750131e+01 -1.520575e+01
    endloop
  endfacet
  facet normal 9.962934e-01 8.601966e-02 -0.000000e+00
    outer loop
      vertex   -2.174325e+01 7.407485e+01 -1.520575e+01
      vertex   -2.174325e+01 7.407485e+01 -9.205754e+00
      vertex   -2.163423e+01 7.281222e+01 -1.520575e+01
    endloop
  endfacet
  facet normal 9.962934e-01 8.601966e-02 -0.000000e+00
    outer loop
      vertex   -2.163423e+01 7.281222e+01 -1.520575e+01
      vertex   -2.174325e+01 7.407485e+01 -9.205754e+00
      vertex   -2.163423e+01 7.281222e+01 -9.205754e+00
    endloop
  endfacet
  facet normal 9.606646e-01 2.777111e-01 -0.000000e+00
    outer loop
      vertex   -2.163423e+01 7.281222e+01 -1.520575e+01
      vertex   -2.163423e+01 7.281222e+01 -9.205754e+00
      vertex   -2.128228e+01 7.159474e+01 -1.520575e+01
    endloop
  endfacet
  facet normal 9.606646e-01 2.777111e-01 -0.000000e+00
    outer loop
      vertex   -2.128228e+01 7.159474e+01 -1.520575e+01
      vertex   -2.163423e+01 7.281222e+01 -9.205754e+00
      vertex   -2.128228e+01 7.159474e+01 -9.205754e+00
    endloop
  endfacet
  facet normal 8.885161e-01 4.588454e-01 -0.000000e+00
    outer loop
      vertex   -2.128228e+01 7.159474e+01 -1.520575e+01
      vertex   -2.128228e+01 7.159474e+01 -9.205754e+00
      vertex   -2.070077e+01 7.046869e+01 -1.520575e+01
    endloop
  endfacet
  facet normal 8.885161e-01 4.588454e-01 -0.000000e+00
    outer loop
      vertex   -2.070077e+01 7.046869e+01 -1.520575e+01
      vertex   -2.128228e+01 7.159474e+01 -9.205754e+00
      vertex   -2.070077e+01 7.046869e+01 -9.205754e+00
    endloop
  endfacet
  facet normal 7.825907e-01 6.225366e-01 -0.000000e+00
    outer loop
      vertex   -2.070077e+01 7.046869e+01 -1.520575e+01
      vertex   -2.070077e+01 7.046869e+01 -9.205754e+00
      vertex   -1.991181e+01 6.947689e+01 -1.520575e+01
    endloop
  endfacet
  facet normal 7.825907e-01 6.225366e-01 -0.000000e+00
    outer loop
      vertex   -1.991181e+01 6.947689e+01 -1.520575e+01
      vertex   -2.070077e+01 7.046869e+01 -9.205754e+00
      vertex   -1.991181e+01 6.947689e+01 -9.205754e+00
    endloop
  endfacet
  facet normal 6.469150e-01 7.625621e-01 -0.000000e+00
    outer loop
      vertex   -1.991181e+01 6.947689e+01 -1.520575e+01
      vertex   -1.991181e+01 6.947689e+01 -9.205754e+00
      vertex   -1.894538e+01 6.865703e+01 -1.520575e+01
    endloop
  endfacet
  facet normal 6.469150e-01 7.625621e-01 -0.000000e+00
    outer loop
      vertex   -1.894538e+01 6.865703e+01 -1.520575e+01
      vertex   -1.991181e+01 6.947689e+01 -9.205754e+00
      vertex   -1.894538e+01 6.865703e+01 -9.205754e+00
    endloop
  endfacet
  facet normal 4.866468e-01 8.735988e-01 -0.000000e+00
    outer loop
      vertex   -1.894538e+01 6.865703e+01 -1.520575e+01
      vertex   -1.894538e+01 6.865703e+01 -9.205754e+00
      vertex   -1.783824e+01 6.804028e+01 -1.520575e+01
    endloop
  endfacet
  facet normal 4.866468e-01 8.735988e-01 -0.000000e+00
    outer loop
      vertex   -1.783824e+01 6.804028e+01 -1.520575e+01
      vertex   -1.894538e+01 6.865703e+01 -9.205754e+00
      vertex   -1.783824e+01 6.804028e+01 -9.205754e+00
    endloop
  endfacet
  facet normal 3.078787e-01 9.514256e-01 -0.000000e+00
    outer loop
      vertex   -1.783824e+01 6.804028e+01 -1.520575e+01
      vertex   -1.783824e+01 6.804028e+01 -9.205754e+00
      vertex   -1.663247e+01 6.765010e+01 -1.520575e+01
    endloop
  endfacet
  facet normal 3.078787e-01 9.514256e-01 -0.000000e+00
    outer loop
      vertex   -1.663247e+01 6.765010e+01 -1.520575e+01
      vertex   -1.783824e+01 6.804028e+01 -9.205754e+00
      vertex   -1.663247e+01 6.765010e+01 -9.205754e+00
    endloop
  endfacet
  facet normal 1.174066e-01 9.930839e-01 -0.000000e+00
    outer loop
      vertex   -1.663247e+01 6.765010e+01 -1.520575e+01
      vertex   -1.663247e+01 6.765010e+01 -9.205754e+00
      vertex   -1.537390e+01 6.750131e+01 -1.520575e+01
    endloop
  endfacet
  facet normal 1.174066e-01 9.930839e-01 -0.000000e+00
    outer loop
      vertex   -1.537390e+01 6.750131e+01 -1.520575e+01
      vertex   -1.663247e+01 6.765010e+01 -9.205754e+00
      vertex   -1.537390e+01 6.750131e+01 -9.205754e+00
    endloop
  endfacet
  facet normal -1.000000e+00 0.000000e+00 1.480297e-16
    outer loop
      vertex   2.306323e+00 8.089778e+01 -3.205754e+00
      vertex   2.306323e+00 8.900000e+01 -3.205754e+00
      vertex   2.306323e+00 8.089778e+01 -9.205754e+00
    endloop
  endfacet
  facet normal -1.000000e+00 5.481083e-17 7.401487e-17
    outer loop
      vertex   2.306323e+00 8.089778e+01 -9.205754e+00
      vertex   2.306323e+00 8.900000e+01 -3.205754e+00
      vertex   2.306323e+00 8.900000e+01 -9.205754e+00
    endloop
  endfacet
  facet normal -9.925551e-01 1.217966e-01 0.000000e+00
    outer loop
      vertex   2.306323e+00 7.400000e+01 -3.205754e+00
      vertex   2.306323e+00 7.400000e+01 -9.205754e+00
      vertex   2.217317e+00 7.327466e+01 -3.205754e+00
    endloop
  endfacet
  facet normal -9.925551e-01 1.217966e-01 0.000000e+00
    outer loop
      vertex   2.217317e+00 7.327466e+01 -3.205754e+00
      vertex   2.306323e+00 7.400000e+01 -9.205754e+00
      vertex   2.217317e+00 7.327466e+01 -9.205754e+00
    endloop
  endfacet
  facet normal -9.336592e-01 3.581626e-01 0.000000e+00
    outer loop
      vertex   2.217317e+00 7.327466e+01 -3.205754e+00
      vertex   2.217317e+00 7.327466e+01 -9.205754e+00
      vertex   1.955579e+00 7.259236e+01 -3.205754e+00
    endloop
  endfacet
  facet normal -9.336592e-01 3.581626e-01 0.000000e+00
    outer loop
      vertex   1.955579e+00 7.259236e+01 -3.205754e+00
      vertex   2.217317e+00 7.327466e+01 -9.205754e+00
      vertex   1.955579e+00 7.259236e+01 -9.205754e+00
    endloop
  endfacet
  facet normal -8.193623e-01 5.732761e-01 0.000000e+00
    outer loop
      vertex   1.955579e+00 7.259236e+01 -3.205754e+00
      vertex   1.955579e+00 7.259236e+01 -9.205754e+00
      vertex   1.536640e+00 7.199359e+01 -3.205754e+00
    endloop
  endfacet
  facet normal -8.193623e-01 5.732761e-01 0.000000e+00
    outer loop
      vertex   1.536640e+00 7.199359e+01 -3.205754e+00
      vertex   1.955579e+00 7.259236e+01 -9.205754e+00
      vertex   1.536640e+00 7.199359e+01 -9.205754e+00
    endloop
  endfacet
  facet normal -6.564463e-01 7.543728e-01 0.000000e+00
    outer loop
      vertex   1.536640e+00 7.199359e+01 -3.205754e+00
      vertex   1.536640e+00 7.199359e+01 -9.205754e+00
      vertex   9.853604e-01 7.151387e+01 -3.205754e+00
    endloop
  endfacet
  facet normal -6.564463e-01 7.543728e-01 0.000000e+00
    outer loop
      vertex   9.853604e-01 7.151387e+01 -3.205754e+00
      vertex   1.536640e+00 7.199359e+01 -9.205754e+00
      vertex   9.853604e-01 7.151387e+01 -9.205754e+00
    endloop
  endfacet
  facet normal -4.545783e-01 8.907068e-01 0.000000e+00
    outer loop
      vertex   9.853604e-01 7.151387e+01 -3.205754e+00
      vertex   9.853604e-01 7.151387e+01 -9.205754e+00
      vertex   3.344502e-01 7.118168e+01 -3.205754e+00
    endloop
  endfacet
  facet normal -4.545783e-01 8.907068e-01 0.000000e+00
    outer loop
      vertex   3.344502e-01 7.118168e+01 -3.205754e+00
      vertex   9.853604e-01 7.151387e+01 -9.205754e+00
      vertex   3.344502e-01 7.118168e+01 -9.205754e+00
    endloop
  endfacet
  facet normal -2.257368e-01 9.741883e-01 0.000000e+00
    outer loop
      vertex   3.344502e-01 7.118168e+01 -3.205754e+00
      vertex   3.344502e-01 7.118168e+01 -9.205754e+00
      vertex   -3.774666e-01 7.101671e+01 -3.205754e+00
    endloop
  endfacet
  facet normal -2.257368e-01 9.741883e-01 0.000000e+00
    outer loop
      vertex   -3.774666e-01 7.101671e+01 -3.205754e+00
      vertex   3.344502e-01 7.118168e+01 -9.205754e+00
      vertex   -3.774666e-01 7.101671e+01 -9.205754e+00
    endloop
  endfacet
  facet normal 1.649942e-02 9.998639e-01 0.000000e+00
    outer loop
      vertex   -3.774666e-01 7.101671e+01 -3.205754e+00
      vertex   -3.774666e-01 7.101671e+01 -9.205754e+00
      vertex   -1.108147e+00 7.102877e+01 -3.205754e+00
    endloop
  endfacet
  facet normal 1.649942e-02 9.998639e-01 0.000000e+00
    outer loop
      vertex   -1.108147e+00 7.102877e+01 -3.205754e+00
      vertex   -3.774666e-01 7.101671e+01 -9.205754e+00
      vertex   -1.108147e+00 7.102877e+01 -9.205754e+00
    endloop
  endfacet
  facet normal 2.577566e-01 9.662099e-01 0.000000e+00
    outer loop
      vertex   -1.108147e+00 7.102877e+01 -3.205754e+00
      vertex   -1.108147e+00 7.102877e+01 -9.205754e+00
      vertex   -1.814233e+00 7.121713e+01 -3.205754e+00
    endloop
  endfacet
  facet normal 2.577566e-01 9.662099e-01 0.000000e+00
    outer loop
      vertex   -1.814233e+00 7.121713e+01 -3.205754e+00
      vertex   -1.108147e+00 7.102877e+01 -9.205754e+00
      vertex   -1.814233e+00 7.121713e+01 -9.205754e+00
    endloop
  endfacet
  facet normal 4.837191e-01 8.752233e-01 0.000000e+00
    outer loop
      vertex   -1.814233e+00 7.121713e+01 -3.205754e+00
      vertex   -1.814233e+00 7.121713e+01 -9.205754e+00
      vertex   -2.453828e+00 7.157063e+01 -3.205754e+00
    endloop
  endfacet
  facet normal 4.837191e-01 8.752233e-01 0.000000e+00
    outer loop
      vertex   -2.453828e+00 7.157063e+01 -3.205754e+00
      vertex   -1.814233e+00 7.121713e+01 -9.205754e+00
      vertex   -2.453828e+00 7.157063e+01 -9.205754e+00
    endloop
  endfacet
  facet normal 6.809789e-01 7.323030e-01 0.000000e+00
    outer loop
      vertex   -2.453828e+00 7.157063e+01 -3.205754e+00
      vertex   -2.453828e+00 7.157063e+01 -9.205754e+00
      vertex   -2.988980e+00 7.206827e+01 -3.205754e+00
    endloop
  endfacet
  facet normal 6.809789e-01 7.323030e-01 0.000000e+00
    outer loop
      vertex   -2.988980e+00 7.206827e+01 -3.205754e+00
      vertex   -2.453828e+00 7.157063e+01 -9.205754e+00
      vertex   -2.988980e+00 7.206827e+01 -9.205754e+00
    endloop
  endfacet
  facet normal 8.378310e-01 5.459297e-01 0.000000e+00
    outer loop
      vertex   -2.988980e+00 7.206827e+01 -3.205754e+00
      vertex   -2.988980e+00 7.206827e+01 -9.205754e+00
      vertex   -3.387934e+00 7.268054e+01 -3.205754e+00
    endloop
  endfacet
  facet normal 8.378310e-01 5.459297e-01 0.000000e+00
    outer loop
      vertex   -3.387934e+00 7.268054e+01 -3.205754e+00
      vertex   -2.988980e+00 7.206827e+01 -9.205754e+00
      vertex   -3.387934e+00 7.268054e+01 -9.205754e+00
    endloop
  endfacet
  facet normal 9.449682e-01 3.271621e-01 0.000000e+00
    outer loop
      vertex   -3.387934e+00 7.268054e+01 -3.205754e+00
      vertex   -3.387934e+00 7.268054e+01 -9.205754e+00
      vertex   -3.627018e+00 7.337110e+01 -3.205754e+00
    endloop
  endfacet
  facet normal 9.449682e-01 3.271621e-01 0.000000e+00
    outer loop
      vertex   -3.627018e+00 7.337110e+01 -3.205754e+00
      vertex   -3.387934e+00 7.268054e+01 -9.205754e+00
      vertex   -3.627018e+00 7.337110e+01 -9.205754e+00
    endloop
  endfacet
  facet normal 9.960333e-01 8.898156e-02 0.000000e+00
    outer loop
      vertex   -3.627018e+00 7.337110e+01 -3.205754e+00
      vertex   -3.627018e+00 7.337110e+01 -9.205754e+00
      vertex   -3.692043e+00 7.409898e+01 -3.205754e+00
    endloop
  endfacet
  facet normal 9.960333e-01 8.898156e-02 -7.372127e-16
    outer loop
      vertex   -3.692043e+00 7.409898e+01 -3.205754e+00
      vertex   -3.627018e+00 7.337110e+01 -9.205754e+00
      vertex   -3.692043e+00 7.409898e+01 -9.205754e+00
    endloop
  endfacet
  facet normal -1.000000e+00 0.000000e+00 0.000000e+00
    outer loop
      vertex   1.730632e+01 8.089778e+01 -3.205754e+00
      vertex   1.730632e+01 8.900000e+01 -3.205754e+00
      vertex   1.730632e+01 8.089778e+01 -9.205754e+00
    endloop
  endfacet
  facet normal -1.000000e+00 0.000000e+00 0.000000e+00
    outer loop
      vertex   1.730632e+01 8.089778e+01 -9.205754e+00
      vertex   1.730632e+01 8.900000e+01 -3.205754e+00
      vertex   1.730632e+01 8.900000e+01 -9.205754e+00
    endloop
  endfacet
  facet normal -9.925551e-01 1.217966e-01 0.000000e+00
    outer loop
      vertex   1.730632e+01 7.400000e+01 -3.205754e+00
      vertex   1.730632e+01 7.400000e+01 -9.205754e+00
      vertex   1.721732e+01 7.327466e+01 -3.205754e+00
    endloop
  endfacet
  facet normal -9.925551e-01 1.217966e-01 0.000000e+00
    outer loop
      vertex   1.721732e+01 7.327466e+01 -3.205754e+00
      vertex   1.730632e+01 7.400000e+01 -9.205754e+00
      vertex   1.721732e+01 7.327466e+01 -9.205754e+00
    endloop
  endfacet
  facet normal -9.336592e-01 3.581626e-01 0.000000e+00
    outer loop
      vertex   1.721732e+01 7.327466e+01 -3.205754e+00
      vertex   1.721732e+01 7.327466e+01 -9.205754e+00
      vertex   1.695558e+01 7.259236e+01 -3.205754e+00
    endloop
  endfacet
  facet normal -9.336592e-01 3.581626e-01 -5.528373e-16
    outer loop
      vertex   1.695558e+01 7.259236e+01 -3.205754e+00
      vertex   1.721732e+01 7.327466e+01 -9.205754e+00
      vertex   1.695558e+01 7.259236e+01 -9.205754e+00
    endloop
  endfacet
  facet normal -8.193623e-01 5.732761e-01 -4.851599e-16
    outer loop
      vertex   1.695558e+01 7.259236e+01 -3.205754e+00
      vertex   1.695558e+01 7.259236e+01 -9.205754e+00
      vertex   1.653664e+01 7.199359e+01 -3.205754e+00
    endloop
  endfacet
  facet normal -8.193623e-01 5.732761e-01 -4.851599e-16
    outer loop
      vertex   1.653664e+01 7.199359e+01 -3.205754e+00
      vertex   1.695558e+01 7.259236e+01 -9.205754e+00
      vertex   1.653664e+01 7.199359e+01 -9.205754e+00
    endloop
  endfacet
  facet normal -6.564463e-01 7.543728e-01 -3.886943e-16
    outer loop
      vertex   1.653664e+01 7.199359e+01 -3.205754e+00
      vertex   1.653664e+01 7.199359e+01 -9.205754e+00
      vertex   1.598536e+01 7.151387e+01 -3.205754e+00
    endloop
  endfacet
  facet normal -6.564463e-01 7.543728e-01 -3.886943e-16
    outer loop
      vertex   1.598536e+01 7.151387e+01 -3.205754e+00
      vertex   1.653664e+01 7.199359e+01 -9.205754e+00
      vertex   1.598536e+01 7.151387e+01 -9.205754e+00
    endloop
  endfacet
  facet normal -4.545783e-01 8.907068e-01 -2.691644e-16
    outer loop
      vertex   1.598536e+01 7.151387e+01 -3.205754e+00
      vertex   1.598536e+01 7.151387e+01 -9.205754e+00
      vertex   1.533445e+01 7.118168e+01 -3.205754e+00
    endloop
  endfacet
  facet normal -4.545783e-01 8.907068e-01 -2.691644e-16
    outer loop
      vertex   1.533445e+01 7.118168e+01 -3.205754e+00
      vertex   1.598536e+01 7.151387e+01 -9.205754e+00
      vertex   1.533445e+01 7.118168e+01 -9.205754e+00
    endloop
  endfacet
  facet normal -2.257368e-01 9.741883e-01 -1.336630e-16
    outer loop
      vertex   1.533445e+01 7.118168e+01 -3.205754e+00
      vertex   1.533445e+01 7.118168e+01 -9.205754e+00
      vertex   1.462253e+01 7.101671e+01 -3.205754e+00
    endloop
  endfacet
  facet normal -2.257368e-01 9.741883e-01 -3.341576e-16
    outer loop
      vertex   1.462253e+01 7.101671e+01 -3.205754e+00
      vertex   1.533445e+01 7.118168e+01 -9.205754e+00
      vertex   1.462253e+01 7.101671e+01 -9.205754e+00
    endloop
  endfacet
  facet normal 1.649942e-02 9.998639e-01 2.442404e-17
    outer loop
      vertex   1.462253e+01 7.101671e+01 -3.205754e+00
      vertex   1.462253e+01 7.101671e+01 -9.205754e+00
      vertex   1.389185e+01 7.102877e+01 -3.205754e+00
    endloop
  endfacet
  facet normal 1.649942e-02 9.998639e-01 2.930885e-17
    outer loop
      vertex   1.389185e+01 7.102877e+01 -3.205754e+00
      vertex   1.462253e+01 7.101671e+01 -9.205754e+00
      vertex   1.389185e+01 7.102877e+01 -9.205754e+00
    endloop
  endfacet
  facet normal 2.577566e-01 9.662099e-01 4.578677e-16
    outer loop
      vertex   1.389185e+01 7.102877e+01 -3.205754e+00
      vertex   1.389185e+01 7.102877e+01 -9.205754e+00
      vertex   1.318577e+01 7.121713e+01 -3.205754e+00
    endloop
  endfacet
  facet normal 2.577566e-01 9.662099e-01 -1.830577e-15
    outer loop
      vertex   1.318577e+01 7.121713e+01 -3.205754e+00
      vertex   1.389185e+01 7.102877e+01 -9.205754e+00
      vertex   1.318577e+01 7.121713e+01 -9.205754e+00
    endloop
  endfacet
  facet normal 4.837191e-01 8.752233e-01 -1.213687e-15
    outer loop
      vertex   1.318577e+01 7.121713e+01 -3.205754e+00
      vertex   1.318577e+01 7.121713e+01 -9.205754e+00
      vertex   1.254617e+01 7.157063e+01 -3.205754e+00
    endloop
  endfacet
  facet normal 4.837191e-01 8.752233e-01 7.160481e-16
    outer loop
      vertex   1.254617e+01 7.157063e+01 -3.205754e+00
      vertex   1.318577e+01 7.121713e+01 -9.205754e+00
      vertex   1.254617e+01 7.157063e+01 -9.205754e+00
    endloop
  endfacet
  facet normal 6.809789e-01 7.323030e-01 1.008051e-15
    outer loop
      vertex   1.254617e+01 7.157063e+01 -3.205754e+00
      vertex   1.254617e+01 7.157063e+01 -9.205754e+00
      vertex   1.201102e+01 7.206827e+01 -3.205754e+00
    endloop
  endfacet
  facet normal 6.809789e-01 7.323030e-01 6.048308e-16
    outer loop
      vertex   1.201102e+01 7.206827e+01 -3.205754e+00
      vertex   1.254617e+01 7.157063e+01 -9.205754e+00
      vertex   1.201102e+01 7.206827e+01 -9.205754e+00
    endloop
  endfacet
  facet normal 8.378310e-01 5.459297e-01 7.441434e-16
    outer loop
      vertex   1.201102e+01 7.206827e+01 -3.205754e+00
      vertex   1.201102e+01 7.206827e+01 -9.205754e+00
      vertex   1.161207e+01 7.268054e+01 -3.205754e+00
    endloop
  endfacet
  facet normal 8.378310e-01 5.459297e-01 -1.593851e-15
    outer loop
      vertex   1.161207e+01 7.268054e+01 -3.205754e+00
      vertex   1.201102e+01 7.206827e+01 -9.205754e+00
      vertex   1.161207e+01 7.268054e+01 -9.205754e+00
    endloop
  endfacet
  facet normal 9.449682e-01 3.271621e-01 -4.306839e-16
    outer loop
      vertex   1.161207e+01 7.268054e+01 -3.205754e+00
      vertex   1.161207e+01 7.268054e+01 -9.205754e+00
      vertex   1.137298e+01 7.337110e+01 -3.205754e+00
    endloop
  endfacet
  facet normal 9.449682e-01 3.271621e-01 6.442482e-17
    outer loop
      vertex   1.137298e+01 7.337110e+01 -3.205754e+00
      vertex   1.161207e+01 7.268054e+01 -9.205754e+00
      vertex   1.137298e+01 7.337110e+01 -9.205754e+00
    endloop
  endfacet
  facet normal 9.960333e-01 8.898156e-02 6.739046e-16
    outer loop
      vertex   1.137298e+01 7.337110e+01 -3.205754e+00
      vertex   1.137298e+01 7.337110e+01 -9.205754e+00
      vertex   1.130796e+01 7.409898e+01 -3.205754e+00
    endloop
  endfacet
  facet normal 9.960333e-01 8.898156e-02 -2.107507e-16
    outer loop
      vertex   1.130796e+01 7.409898e+01 -3.205754e+00
      vertex   1.137298e+01 7.337110e+01 -9.205754e+00
      vertex   1.130796e+01 7.409898e+01 -9.205754e+00
    endloop
  endfacet
  facet normal 9.964276e-01 -8.445140e-02 0.000000e+00
    outer loop
      vertex   1.130796e+01 8.872179e+01 -3.205754e+00
      vertex   1.130796e+01 8.872179e+01 -9.205754e+00
      vertex   1.137415e+01 8.950278e+01 -3.205754e+00
    endloop
  endfacet
  facet normal 9.964276e-01 -8.445140e-02 0.000000e+00
    outer loop
      vertex   1.137415e+01 8.950278e+01 -3.205754e+00
      vertex   1.130796e+01 8.872179e+01 -9.205754e+00
      vertex   1.137415e+01 8.950278e+01 -9.205754e+00
    endloop
  endfacet
  facet normal 9.406175e-01 -3.394682e-01 0.000000e+00
    outer loop
      vertex   1.137415e+01 8.950278e+01 -3.205754e+00
      vertex   1.137415e+01 8.950278e+01 -9.205754e+00
      vertex   1.164022e+01 9.024002e+01 -3.205754e+00
    endloop
  endfacet
  facet normal 9.406175e-01 -3.394682e-01 0.000000e+00
    outer loop
      vertex   1.164022e+01 9.024002e+01 -3.205754e+00
      vertex   1.137415e+01 8.950278e+01 -9.205754e+00
      vertex   1.164022e+01 9.024002e+01 -9.205754e+00
    endloop
  endfacet
  facet normal 8.207059e-01 -5.713509e-01 0.000000e+00
    outer loop
      vertex   1.164022e+01 9.024002e+01 -3.205754e+00
      vertex   1.164022e+01 9.024002e+01 -9.205754e+00
      vertex   1.208804e+01 9.088328e+01 -3.205754e+00
    endloop
  endfacet
  facet normal 8.207059e-01 -5.713509e-01 0.000000e+00
    outer loop
      vertex   1.208804e+01 9.088328e+01 -3.205754e+00
      vertex   1.164022e+01 9.024002e+01 -9.205754e+00
      vertex   1.208804e+01 9.088328e+01 -9.205754e+00
    endloop
  endfacet
  facet normal 6.448646e-01 -7.642969e-01 0.000000e+00
    outer loop
      vertex   1.208804e+01 9.088328e+01 -3.205754e+00
      vertex   1.208804e+01 9.088328e+01 -9.205754e+00
      vertex   1.268708e+01 9.138871e+01 -3.205754e+00
    endloop
  endfacet
  facet normal 6.448646e-01 -7.642969e-01 0.000000e+00
    outer loop
      vertex   1.268708e+01 9.138871e+01 -3.205754e+00
      vertex   1.208804e+01 9.088328e+01 -9.205754e+00
      vertex   1.268708e+01 9.138871e+01 -9.205754e+00
    endloop
  endfacet
  facet normal 4.250767e-01 -9.051573e-01 0.000000e+00
    outer loop
      vertex   1.268708e+01 9.138871e+01 -3.205754e+00
      vertex   1.268708e+01 9.138871e+01 -9.205754e+00
      vertex   1.339653e+01 9.172188e+01 -3.205754e+00
    endloop
  endfacet
  facet normal 4.250767e-01 -9.051573e-01 0.000000e+00
    outer loop
      vertex   1.339653e+01 9.172188e+01 -3.205754e+00
      vertex   1.268708e+01 9.138871e+01 -9.205754e+00
      vertex   1.339653e+01 9.172188e+01 -9.205754e+00
    endloop
  endfacet
  facet normal 1.763207e-01 -9.843328e-01 0.000000e+00
    outer loop
      vertex   1.339653e+01 9.172188e+01 -3.205754e+00
      vertex   1.339653e+01 9.172188e+01 -9.205754e+00
      vertex   1.416804e+01 9.186008e+01 -3.205754e+00
    endloop
  endfacet
  facet normal 1.763207e-01 -9.843328e-01 0.000000e+00
    outer loop
      vertex   1.416804e+01 9.186008e+01 -3.205754e+00
      vertex   1.339653e+01 9.172188e+01 -9.205754e+00
      vertex   1.416804e+01 9.186008e+01 -9.205754e+00
    endloop
  endfacet
  facet normal -8.445140e-02 -9.964276e-01 -0.000000e+00
    outer loop
      vertex   1.416804e+01 9.186008e+01 -3.205754e+00
      vertex   1.416804e+01 9.186008e+01 -9.205754e+00
      vertex   1.494902e+01 9.179389e+01 -3.205754e+00
    endloop
  endfacet
  facet normal -8.445140e-02 -9.964276e-01 -0.000000e+00
    outer loop
      vertex   1.494902e+01 9.179389e+01 -3.205754e+00
      vertex   1.416804e+01 9.186008e+01 -9.205754e+00
      vertex   1.494902e+01 9.179389e+01 -9.205754e+00
    endloop
  endfacet
  facet normal -3.394682e-01 -9.406175e-01 -0.000000e+00
    outer loop
      vertex   1.494902e+01 9.179389e+01 -3.205754e+00
      vertex   1.494902e+01 9.179389e+01 -9.205754e+00
      vertex   1.568626e+01 9.152782e+01 -3.205754e+00
    endloop
  endfacet
  facet normal -3.394682e-01 -9.406175e-01 -0.000000e+00
    outer loop
      vertex   1.568626e+01 9.152782e+01 -3.205754e+00
      vertex   1.494902e+01 9.179389e+01 -9.205754e+00
      vertex   1.568626e+01 9.152782e+01 -9.205754e+00
    endloop
  endfacet
  facet normal -5.713509e-01 -8.207059e-01 -0.000000e+00
    outer loop
      vertex   1.568626e+01 9.152782e+01 -3.205754e+00
      vertex   1.568626e+01 9.152782e+01 -9.205754e+00
      vertex   1.632952e+01 9.108000e+01 -3.205754e+00
    endloop
  endfacet
  facet normal -5.713509e-01 -8.207059e-01 -0.000000e+00
    outer loop
      vertex   1.632952e+01 9.108000e+01 -3.205754e+00
      vertex   1.568626e+01 9.152782e+01 -9.205754e+00
      vertex   1.632952e+01 9.108000e+01 -9.205754e+00
    endloop
  endfacet
  facet normal -7.642969e-01 -6.448646e-01 -0.000000e+00
    outer loop
      vertex   1.632952e+01 9.108000e+01 -3.205754e+00
      vertex   1.632952e+01 9.108000e+01 -9.205754e+00
      vertex   1.683496e+01 9.048096e+01 -3.205754e+00
    endloop
  endfacet
  facet normal -7.642969e-01 -6.448646e-01 -0.000000e+00
    outer loop
      vertex   1.683496e+01 9.048096e+01 -3.205754e+00
      vertex   1.632952e+01 9.108000e+01 -9.205754e+00
      vertex   1.683496e+01 9.048096e+01 -9.205754e+00
    endloop
  endfacet
  facet normal -9.051573e-01 -4.250767e-01 -0.000000e+00
    outer loop
      vertex   1.683496e+01 9.048096e+01 -3.205754e+00
      vertex   1.683496e+01 9.048096e+01 -9.205754e+00
      vertex   1.716813e+01 8.977151e+01 -3.205754e+00
    endloop
  endfacet
  facet normal -9.051573e-01 -4.250767e-01 -0.000000e+00
    outer loop
      vertex   1.716813e+01 8.977151e+01 -3.205754e+00
      vertex   1.683496e+01 9.048096e+01 -9.205754e+00
      vertex   1.716813e+01 8.977151e+01 -9.205754e+00
    endloop
  endfacet
  facet normal -9.843328e-01 -1.763207e-01 -0.000000e+00
    outer loop
      vertex   1.716813e+01 8.977151e+01 -3.205754e+00
      vertex   1.716813e+01 8.977151e+01 -9.205754e+00
      vertex   1.730632e+01 8.900000e+01 -3.205754e+00
    endloop
  endfacet
  facet normal -9.843328e-01 -1.763207e-01 -0.000000e+00
    outer loop
      vertex   1.730632e+01 8.900000e+01 -3.205754e+00
      vertex   1.716813e+01 8.977151e+01 -9.205754e+00
      vertex   1.730632e+01 8.900000e+01 -9.205754e+00
    endloop
  endfacet
  facet normal 1.000000e+00 0.000000e+00 0.000000e+00
    outer loop
      vertex   1.130796e+01 7.409898e+01 -9.205754e+00
      vertex   1.130796e+01 8.872179e+01 -9.205754e+00
      vertex   1.130796e+01 7.409898e+01 -3.205754e+00
    endloop
  endfacet
  facet normal 1.000000e+00 -0.000000e+00 0.000000e+00
    outer loop
      vertex   1.130796e+01 7.409898e+01 -3.205754e+00
      vertex   1.130796e+01 8.872179e+01 -9.205754e+00
      vertex   1.130796e+01 8.872179e+01 -3.205754e+00
    endloop
  endfacet
  facet normal 9.964276e-01 -8.445140e-02 0.000000e+00
    outer loop
      vertex   -3.692043e+00 8.872179e+01 -3.205754e+00
      vertex   -3.692043e+00 8.872179e+01 -9.205754e+00
      vertex   -3.625852e+00 8.950278e+01 -3.205754e+00
    endloop
  endfacet
  facet normal 9.964276e-01 -8.445140e-02 0.000000e+00
    outer loop
      vertex   -3.625852e+00 8.950278e+01 -3.205754e+00
      vertex   -3.692043e+00 8.872179e+01 -9.205754e+00
      vertex   -3.625852e+00 8.950278e+01 -9.205754e+00
    endloop
  endfacet
  facet normal 9.406175e-01 -3.394682e-01 0.000000e+00
    outer loop
      vertex   -3.625852e+00 8.950278e+01 -3.205754e+00
      vertex   -3.625852e+00 8.950278e+01 -9.205754e+00
      vertex   -3.359781e+00 9.024002e+01 -3.205754e+00
    endloop
  endfacet
  facet normal 9.406175e-01 -3.394682e-01 0.000000e+00
    outer loop
      vertex   -3.359781e+00 9.024002e+01 -3.205754e+00
      vertex   -3.625852e+00 8.950278e+01 -9.205754e+00
      vertex   -3.359781e+00 9.024002e+01 -9.205754e+00
    endloop
  endfacet
  facet normal 8.207059e-01 -5.713509e-01 0.000000e+00
    outer loop
      vertex   -3.359781e+00 9.024002e+01 -3.205754e+00
      vertex   -3.359781e+00 9.024002e+01 -9.205754e+00
      vertex   -2.911965e+00 9.088328e+01 -3.205754e+00
    endloop
  endfacet
  facet normal 8.207059e-01 -5.713509e-01 0.000000e+00
    outer loop
      vertex   -2.911965e+00 9.088328e+01 -3.205754e+00
      vertex   -3.359781e+00 9.024002e+01 -9.205754e+00
      vertex   -2.911965e+00 9.088328e+01 -9.205754e+00
    endloop
  endfacet
  facet normal 6.448646e-01 -7.642969e-01 0.000000e+00
    outer loop
      vertex   -2.911965e+00 9.088328e+01 -3.205754e+00
      vertex   -2.911965e+00 9.088328e+01 -9.205754e+00
      vertex   -2.312920e+00 9.138871e+01 -3.205754e+00
    endloop
  endfacet
  facet normal 6.448646e-01 -7.642969e-01 0.000000e+00
    outer loop
      vertex   -2.312920e+00 9.138871e+01 -3.205754e+00
      vertex   -2.911965e+00 9.088328e+01 -9.205754e+00
      vertex   -2.312920e+00 9.138871e+01 -9.205754e+00
    endloop
  endfacet
  facet normal 4.250767e-01 -9.051573e-01 0.000000e+00
    outer loop
      vertex   -2.312920e+00 9.138871e+01 -3.205754e+00
      vertex   -2.312920e+00 9.138871e+01 -9.205754e+00
      vertex   -1.603471e+00 9.172188e+01 -3.205754e+00
    endloop
  endfacet
  facet normal 4.250767e-01 -9.051573e-01 0.000000e+00
    outer loop
      vertex   -1.603471e+00 9.172188e+01 -3.205754e+00
      vertex   -2.312920e+00 9.138871e+01 -9.205754e+00
      vertex   -1.603471e+00 9.172188e+01 -9.205754e+00
    endloop
  endfacet
  facet normal 1.763207e-01 -9.843328e-01 0.000000e+00
    outer loop
      vertex   -1.603471e+00 9.172188e+01 -3.205754e+00
      vertex   -1.603471e+00 9.172188e+01 -9.205754e+00
      vertex   -8.319647e-01 9.186008e+01 -3.205754e+00
    endloop
  endfacet
  facet normal 1.763207e-01 -9.843328e-01 0.000000e+00
    outer loop
      vertex   -8.319647e-01 9.186008e+01 -3.205754e+00
      vertex   -1.603471e+00 9.172188e+01 -9.205754e+00
      vertex   -8.319647e-01 9.186008e+01 -9.205754e+00
    endloop
  endfacet
  facet normal -8.445140e-02 -9.964276e-01 -0.000000e+00
    outer loop
      vertex   -8.319647e-01 9.186008e+01 -3.205754e+00
      vertex   -8.319647e-01 9.186008e+01 -9.205754e+00
      vertex   -5.097903e-02 9.179389e+01 -3.205754e+00
    endloop
  endfacet
  facet normal -8.445140e-02 -9.964276e-01 -0.000000e+00
    outer loop
      vertex   -5.097903e-02 9.179389e+01 -3.205754e+00
      vertex   -8.319647e-01 9.186008e+01 -9.205754e+00
      vertex   -5.097903e-02 9.179389e+01 -9.205754e+00
    endloop
  endfacet
  facet normal -3.394682e-01 -9.406175e-01 -0.000000e+00
    outer loop
      vertex   -5.097903e-02 9.179389e+01 -3.205754e+00
      vertex   -5.097903e-02 9.179389e+01 -9.205754e+00
      vertex   6.862635e-01 9.152782e+01 -3.205754e+00
    endloop
  endfacet
  facet normal -3.394682e-01 -9.406175e-01 -0.000000e+00
    outer loop
      vertex   6.862635e-01 9.152782e+01 -3.205754e+00
      vertex   -5.097903e-02 9.179389e+01 -9.205754e+00
      vertex   6.862635e-01 9.152782e+01 -9.205754e+00
    endloop
  endfacet
  facet normal -5.713509e-01 -8.207059e-01 -0.000000e+00
    outer loop
      vertex   6.862635e-01 9.152782e+01 -3.205754e+00
      vertex   6.862635e-01 9.152782e+01 -9.205754e+00
      vertex   1.329521e+00 9.108000e+01 -3.205754e+00
    endloop
  endfacet
  facet normal -5.713509e-01 -8.207059e-01 -0.000000e+00
    outer loop
      vertex   1.329521e+00 9.108000e+01 -3.205754e+00
      vertex   6.862635e-01 9.152782e+01 -9.205754e+00
      vertex   1.329521e+00 9.108000e+01 -9.205754e+00
    endloop
  endfacet
  facet normal -7.642969e-01 -6.448646e-01 -0.000000e+00
    outer loop
      vertex   1.329521e+00 9.108000e+01 -3.205754e+00
      vertex   1.329521e+00 9.108000e+01 -9.205754e+00
      vertex   1.834957e+00 9.048096e+01 -3.205754e+00
    endloop
  endfacet
  facet normal -7.642969e-01 -6.448646e-01 -0.000000e+00
    outer loop
      vertex   1.834957e+00 9.048096e+01 -3.205754e+00
      vertex   1.329521e+00 9.108000e+01 -9.205754e+00
      vertex   1.834957e+00 9.048096e+01 -9.205754e+00
    endloop
  endfacet
  facet normal -9.051573e-01 -4.250767e-01 -0.000000e+00
    outer loop
      vertex   1.834957e+00 9.048096e+01 -3.205754e+00
      vertex   1.834957e+00 9.048096e+01 -9.205754e+00
      vertex   2.168126e+00 8.977151e+01 -3.205754e+00
    endloop
  endfacet
  facet normal -9.051573e-01 -4.250767e-01 -0.000000e+00
    outer loop
      vertex   2.168126e+00 8.977151e+01 -3.205754e+00
      vertex   1.834957e+00 9.048096e+01 -9.205754e+00
      vertex   2.168126e+00 8.977151e+01 -9.205754e+00
    endloop
  endfacet
  facet normal -9.843328e-01 -1.763207e-01 -0.000000e+00
    outer loop
      vertex   2.168126e+00 8.977151e+01 -3.205754e+00
      vertex   2.168126e+00 8.977151e+01 -9.205754e+00
      vertex   2.306323e+00 8.900000e+01 -3.205754e+00
    endloop
  endfacet
  facet normal -9.843328e-01 -1.763207e-01 7.285526e-17
    outer loop
      vertex   2.306323e+00 8.900000e+01 -3.205754e+00
      vertex   2.168126e+00 8.977151e+01 -9.205754e+00
      vertex   2.306323e+00 8.900000e+01 -9.205754e+00
    endloop
  endfacet
  facet normal 1.000000e+00 -3.036963e-16 -7.401487e-16
    outer loop
      vertex   -3.692043e+00 7.409898e+01 -9.205754e+00
      vertex   -3.692043e+00 8.872179e+01 -9.205754e+00
      vertex   -3.692043e+00 7.409898e+01 -3.205754e+00
    endloop
  endfacet
  facet normal 1.000000e+00 -0.000000e+00 0.000000e+00
    outer loop
      vertex   -3.692043e+00 7.409898e+01 -3.205754e+00
      vertex   -3.692043e+00 8.872179e+01 -9.205754e+00
      vertex   -3.692043e+00 8.872179e+01 -3.205754e+00
    endloop
  endfacet
  facet normal 1.000000e+00 0.000000e+00 0.000000e+00
    outer loop
      vertex   3.557568e+01 9.312344e+01 -3.205754e+00
      vertex   3.557568e+01 6.317033e+01 -3.205754e+00
      vertex   3.557568e+01 9.312344e+01 -1.520575e+01
    endloop
  endfacet
  facet normal 1.000000e+00 0.000000e+00 0.000000e+00
    outer loop
      vertex   3.557568e+01 9.312344e+01 -1.520575e+01
      vertex   3.557568e+01 6.317033e+01 -3.205754e+00
      vertex   3.557568e+01 6.317033e+01 -1.520575e+01
    endloop
  endfacet
  facet normal -9.925551e-01 1.217966e-01 0.000000e+00
    outer loop
      vertex   -1.224368e+01 7.400000e+01 -3.205754e+00
      vertex   -1.224368e+01 7.400000e+01 -9.205754e+00
      vertex   -1.233268e+01 7.327466e+01 -3.205754e+00
    endloop
  endfacet
  facet normal -9.925551e-01 1.217966e-01 0.000000e+00
    outer loop
      vertex   -1.233268e+01 7.327466e+01 -3.205754e+00
      vertex   -1.224368e+01 7.400000e+01 -9.205754e+00
      vertex   -1.233268e+01 7.327466e+01 -9.205754e+00
    endloop
  endfacet
  facet normal -9.336592e-01 3.581626e-01 0.000000e+00
    outer loop
      vertex   -1.233268e+01 7.327466e+01 -3.205754e+00
      vertex   -1.233268e+01 7.327466e+01 -9.205754e+00
      vertex   -1.259442e+01 7.259236e+01 -3.205754e+00
    endloop
  endfacet
  facet normal -9.336592e-01 3.581626e-01 -2.764187e-16
    outer loop
      vertex   -1.259442e+01 7.259236e+01 -3.205754e+00
      vertex   -1.233268e+01 7.327466e+01 -9.205754e+00
      vertex   -1.259442e+01 7.259236e+01 -9.205754e+00
    endloop
  endfacet
  facet normal -8.193623e-01 5.732761e-01 -2.425800e-16
    outer loop
      vertex   -1.259442e+01 7.259236e+01 -3.205754e+00
      vertex   -1.259442e+01 7.259236e+01 -9.205754e+00
      vertex   -1.301336e+01 7.199359e+01 -3.205754e+00
    endloop
  endfacet
  facet normal -8.193623e-01 5.732761e-01 -4.851599e-16
    outer loop
      vertex   -1.301336e+01 7.199359e+01 -3.205754e+00
      vertex   -1.259442e+01 7.259236e+01 -9.205754e+00
      vertex   -1.301336e+01 7.199359e+01 -9.205754e+00
    endloop
  endfacet
  facet normal -6.564463e-01 7.543728e-01 -3.886943e-16
    outer loop
      vertex   -1.301336e+01 7.199359e+01 -3.205754e+00
      vertex   -1.301336e+01 7.199359e+01 -9.205754e+00
      vertex   -1.356464e+01 7.151387e+01 -3.205754e+00
    endloop
  endfacet
  facet normal -6.564463e-01 7.543728e-01 -3.886943e-16
    outer loop
      vertex   -1.356464e+01 7.151387e+01 -3.205754e+00
      vertex   -1.301336e+01 7.199359e+01 -9.205754e+00
      vertex   -1.356464e+01 7.151387e+01 -9.205754e+00
    endloop
  endfacet
  facet normal -4.545783e-01 8.907068e-01 -2.691644e-16
    outer loop
      vertex   -1.356464e+01 7.151387e+01 -3.205754e+00
      vertex   -1.356464e+01 7.151387e+01 -9.205754e+00
      vertex   -1.421555e+01 7.118168e+01 -3.205754e+00
    endloop
  endfacet
  facet normal -4.545783e-01 8.907068e-01 -2.691644e-16
    outer loop
      vertex   -1.421555e+01 7.118168e+01 -3.205754e+00
      vertex   -1.356464e+01 7.151387e+01 -9.205754e+00
      vertex   -1.421555e+01 7.118168e+01 -9.205754e+00
    endloop
  endfacet
  facet normal -2.257368e-01 9.741883e-01 -1.336630e-16
    outer loop
      vertex   -1.421555e+01 7.118168e+01 -3.205754e+00
      vertex   -1.421555e+01 7.118168e+01 -9.205754e+00
      vertex   -1.492747e+01 7.101671e+01 -3.205754e+00
    endloop
  endfacet
  facet normal -2.257368e-01 9.741883e-01 -3.341576e-16
    outer loop
      vertex   -1.492747e+01 7.101671e+01 -3.205754e+00
      vertex   -1.421555e+01 7.118168e+01 -9.205754e+00
      vertex   -1.492747e+01 7.101671e+01 -9.205754e+00
    endloop
  endfacet
  facet normal 1.649942e-02 9.998639e-01 2.442404e-17
    outer loop
      vertex   -1.492747e+01 7.101671e+01 -3.205754e+00
      vertex   -1.492747e+01 7.101671e+01 -9.205754e+00
      vertex   -1.565815e+01 7.102877e+01 -3.205754e+00
    endloop
  endfacet
  facet normal 1.649942e-02 9.998639e-01 2.930885e-17
    outer loop
      vertex   -1.565815e+01 7.102877e+01 -3.205754e+00
      vertex   -1.492747e+01 7.101671e+01 -9.205754e+00
      vertex   -1.565815e+01 7.102877e+01 -9.205754e+00
    endloop
  endfacet
  facet normal 2.577566e-01 9.662099e-01 4.578677e-16
    outer loop
      vertex   -1.565815e+01 7.102877e+01 -3.205754e+00
      vertex   -1.565815e+01 7.102877e+01 -9.205754e+00
      vertex   -1.636423e+01 7.121713e+01 -3.205754e+00
    endloop
  endfacet
  facet normal 2.577566e-01 9.662099e-01 -1.830577e-15
    outer loop
      vertex   -1.636423e+01 7.121713e+01 -3.205754e+00
      vertex   -1.565815e+01 7.102877e+01 -9.205754e+00
      vertex   -1.636423e+01 7.121713e+01 -9.205754e+00
    endloop
  endfacet
  facet normal 4.837191e-01 8.752233e-01 -1.213687e-15
    outer loop
      vertex   -1.636423e+01 7.121713e+01 -3.205754e+00
      vertex   -1.636423e+01 7.121713e+01 -9.205754e+00
      vertex   -1.700383e+01 7.157063e+01 -3.205754e+00
    endloop
  endfacet
  facet normal 4.837191e-01 8.752233e-01 5.728385e-16
    outer loop
      vertex   -1.700383e+01 7.157063e+01 -3.205754e+00
      vertex   -1.636423e+01 7.121713e+01 -9.205754e+00
      vertex   -1.700383e+01 7.157063e+01 -9.205754e+00
    endloop
  endfacet
  facet normal 6.809789e-01 7.323030e-01 8.064410e-16
    outer loop
      vertex   -1.700383e+01 7.157063e+01 -3.205754e+00
      vertex   -1.700383e+01 7.157063e+01 -9.205754e+00
      vertex   -1.753898e+01 7.206827e+01 -3.205754e+00
    endloop
  endfacet
  facet normal 6.809789e-01 7.323030e-01 8.064410e-16
    outer loop
      vertex   -1.753898e+01 7.206827e+01 -3.205754e+00
      vertex   -1.700383e+01 7.157063e+01 -9.205754e+00
      vertex   -1.753898e+01 7.206827e+01 -9.205754e+00
    endloop
  endfacet
  facet normal 8.378310e-01 5.459297e-01 9.921912e-16
    outer loop
      vertex   -1.753898e+01 7.206827e+01 -3.205754e+00
      vertex   -1.753898e+01 7.206827e+01 -9.205754e+00
      vertex   -1.793793e+01 7.268054e+01 -3.205754e+00
    endloop
  endfacet
  facet normal 8.378310e-01 5.459297e-01 -1.593851e-15
    outer loop
      vertex   -1.793793e+01 7.268054e+01 -3.205754e+00
      vertex   -1.753898e+01 7.206827e+01 -9.205754e+00
      vertex   -1.793793e+01 7.268054e+01 -9.205754e+00
    endloop
  endfacet
  facet normal 9.449682e-01 3.271621e-01 -4.306839e-16
    outer loop
      vertex   -1.793793e+01 7.268054e+01 -3.205754e+00
      vertex   -1.793793e+01 7.268054e+01 -9.205754e+00
      vertex   -1.817702e+01 7.337110e+01 -3.205754e+00
    endloop
  endfacet
  facet normal 9.449682e-01 3.271621e-01 -2.153420e-16
    outer loop
      vertex   -1.817702e+01 7.337110e+01 -3.205754e+00
      vertex   -1.793793e+01 7.268054e+01 -9.205754e+00
      vertex   -1.817702e+01 7.337110e+01 -9.205754e+00
    endloop
  endfacet
  facet normal 9.960333e-01 8.898156e-02 3.790195e-16
    outer loop
      vertex   -1.817702e+01 7.337110e+01 -3.205754e+00
      vertex   -1.817702e+01 7.337110e+01 -9.205754e+00
      vertex   -1.824204e+01 7.409898e+01 -3.205754e+00
    endloop
  endfacet
  facet normal 9.960333e-01 8.898156e-02 -2.107507e-16
    outer loop
      vertex   -1.824204e+01 7.409898e+01 -3.205754e+00
      vertex   -1.817702e+01 7.337110e+01 -9.205754e+00
      vertex   -1.824204e+01 7.409898e+01 -9.205754e+00
    endloop
  endfacet
  facet normal -1.000000e+00 0.000000e+00 0.000000e+00
    outer loop
      vertex   -1.224368e+01 8.900000e+01 -9.205754e+00
      vertex   -1.224368e+01 7.400000e+01 -9.205754e+00
      vertex   -1.224368e+01 8.900000e+01 -3.205754e+00
    endloop
  endfacet
  facet normal -1.000000e+00 -0.000000e+00 0.000000e+00
    outer loop
      vertex   -1.224368e+01 8.900000e+01 -3.205754e+00
      vertex   -1.224368e+01 7.400000e+01 -9.205754e+00
      vertex   -1.224368e+01 7.400000e+01 -3.205754e+00
    endloop
  endfacet
  facet normal 9.964276e-01 -8.445140e-02 0.000000e+00
    outer loop
      vertex   -1.824204e+01 8.872179e+01 -3.205754e+00
      vertex   -1.824204e+01 8.872179e+01 -9.205754e+00
      vertex   -1.817585e+01 8.950278e+01 -3.205754e+00
    endloop
  endfacet
  facet normal 9.964276e-01 -8.445140e-02 0.000000e+00
    outer loop
      vertex   -1.817585e+01 8.950278e+01 -3.205754e+00
      vertex   -1.824204e+01 8.872179e+01 -9.205754e+00
      vertex   -1.817585e+01 8.950278e+01 -9.205754e+00
    endloop
  endfacet
  facet normal 9.406175e-01 -3.394682e-01 0.000000e+00
    outer loop
      vertex   -1.817585e+01 8.950278e+01 -3.205754e+00
      vertex   -1.817585e+01 8.950278e+01 -9.205754e+00
      vertex   -1.790978e+01 9.024002e+01 -3.205754e+00
    endloop
  endfacet
  facet normal 9.406175e-01 -3.394682e-01 0.000000e+00
    outer loop
      vertex   -1.790978e+01 9.024002e+01 -3.205754e+00
      vertex   -1.817585e+01 8.950278e+01 -9.205754e+00
      vertex   -1.790978e+01 9.024002e+01 -9.205754e+00
    endloop
  endfacet
  facet normal 8.207059e-01 -5.713509e-01 0.000000e+00
    outer loop
      vertex   -1.790978e+01 9.024002e+01 -3.205754e+00
      vertex   -1.790978e+01 9.024002e+01 -9.205754e+00
      vertex   -1.746196e+01 9.088328e+01 -3.205754e+00
    endloop
  endfacet
  facet normal 8.207059e-01 -5.713509e-01 0.000000e+00
    outer loop
      vertex   -1.746196e+01 9.088328e+01 -3.205754e+00
      vertex   -1.790978e+01 9.024002e+01 -9.205754e+00
      vertex   -1.746196e+01 9.088328e+01 -9.205754e+00
    endloop
  endfacet
  facet normal 6.448646e-01 -7.642969e-01 0.000000e+00
    outer loop
      vertex   -1.746196e+01 9.088328e+01 -3.205754e+00
      vertex   -1.746196e+01 9.088328e+01 -9.205754e+00
      vertex   -1.686292e+01 9.138871e+01 -3.205754e+00
    endloop
  endfacet
  facet normal 6.448646e-01 -7.642969e-01 0.000000e+00
    outer loop
      vertex   -1.686292e+01 9.138871e+01 -3.205754e+00
      vertex   -1.746196e+01 9.088328e+01 -9.205754e+00
      vertex   -1.686292e+01 9.138871e+01 -9.205754e+00
    endloop
  endfacet
  facet normal 4.250767e-01 -9.051573e-01 0.000000e+00
    outer loop
      vertex   -1.686292e+01 9.138871e+01 -3.205754e+00
      vertex   -1.686292e+01 9.138871e+01 -9.205754e+00
      vertex   -1.615347e+01 9.172188e+01 -3.205754e+00
    endloop
  endfacet
  facet normal 4.250767e-01 -9.051573e-01 0.000000e+00
    outer loop
      vertex   -1.615347e+01 9.172188e+01 -3.205754e+00
      vertex   -1.686292e+01 9.138871e+01 -9.205754e+00
      vertex   -1.615347e+01 9.172188e+01 -9.205754e+00
    endloop
  endfacet
  facet normal 1.763207e-01 -9.843328e-01 0.000000e+00
    outer loop
      vertex   -1.615347e+01 9.172188e+01 -3.205754e+00
      vertex   -1.615347e+01 9.172188e+01 -9.205754e+00
      vertex   -1.538196e+01 9.186008e+01 -3.205754e+00
    endloop
  endfacet
  facet normal 1.763207e-01 -9.843328e-01 0.000000e+00
    outer loop
      vertex   -1.538196e+01 9.186008e+01 -3.205754e+00
      vertex   -1.615347e+01 9.172188e+01 -9.205754e+00
      vertex   -1.538196e+01 9.186008e+01 -9.205754e+00
    endloop
  endfacet
  facet normal -8.445140e-02 -9.964276e-01 -0.000000e+00
    outer loop
      vertex   -1.538196e+01 9.186008e+01 -3.205754e+00
      vertex   -1.538196e+01 9.186008e+01 -9.205754e+00
      vertex   -1.460098e+01 9.179389e+01 -3.205754e+00
    endloop
  endfacet
  facet normal -8.445140e-02 -9.964276e-01 -0.000000e+00
    outer loop
      vertex   -1.460098e+01 9.179389e+01 -3.205754e+00
      vertex   -1.538196e+01 9.186008e+01 -9.205754e+00
      vertex   -1.460098e+01 9.179389e+01 -9.205754e+00
    endloop
  endfacet
  facet normal -3.394682e-01 -9.406175e-01 -0.000000e+00
    outer loop
      vertex   -1.460098e+01 9.179389e+01 -3.205754e+00
      vertex   -1.460098e+01 9.179389e+01 -9.205754e+00
      vertex   -1.386374e+01 9.152782e+01 -3.205754e+00
    endloop
  endfacet
  facet normal -3.394682e-01 -9.406175e-01 -0.000000e+00
    outer loop
      vertex   -1.386374e+01 9.152782e+01 -3.205754e+00
      vertex   -1.460098e+01 9.179389e+01 -9.205754e+00
      vertex   -1.386374e+01 9.152782e+01 -9.205754e+00
    endloop
  endfacet
  facet normal -5.713509e-01 -8.207059e-01 -0.000000e+00
    outer loop
      vertex   -1.386374e+01 9.152782e+01 -3.205754e+00
      vertex   -1.386374e+01 9.152782e+01 -9.205754e+00
      vertex   -1.322048e+01 9.108000e+01 -3.205754e+00
    endloop
  endfacet
  facet normal -5.713509e-01 -8.207059e-01 -0.000000e+00
    outer loop
      vertex   -1.322048e+01 9.108000e+01 -3.205754e+00
      vertex   -1.386374e+01 9.152782e+01 -9.205754e+00
      vertex   -1.322048e+01 9.108000e+01 -9.205754e+00
    endloop
  endfacet
  facet normal -7.642969e-01 -6.448646e-01 -0.000000e+00
    outer loop
      vertex   -1.322048e+01 9.108000e+01 -3.205754e+00
      vertex   -1.322048e+01 9.108000e+01 -9.205754e+00
      vertex   -1.271504e+01 9.048096e+01 -3.205754e+00
    endloop
  endfacet
  facet normal -7.642969e-01 -6.448646e-01 -0.000000e+00
    outer loop
      vertex   -1.271504e+01 9.048096e+01 -3.205754e+00
      vertex   -1.322048e+01 9.108000e+01 -9.205754e+00
      vertex   -1.271504e+01 9.048096e+01 -9.205754e+00
    endloop
  endfacet
  facet normal -9.051573e-01 -4.250767e-01 -0.000000e+00
    outer loop
      vertex   -1.271504e+01 9.048096e+01 -3.205754e+00
      vertex   -1.271504e+01 9.048096e+01 -9.205754e+00
      vertex   -1.238187e+01 8.977151e+01 -3.205754e+00
    endloop
  endfacet
  facet normal -9.051573e-01 -4.250767e-01 -0.000000e+00
    outer loop
      vertex   -1.238187e+01 8.977151e+01 -3.205754e+00
      vertex   -1.271504e+01 9.048096e+01 -9.205754e+00
      vertex   -1.238187e+01 8.977151e+01 -9.205754e+00
    endloop
  endfacet
  facet normal -9.843328e-01 -1.763207e-01 -0.000000e+00
    outer loop
      vertex   -1.238187e+01 8.977151e+01 -3.205754e+00
      vertex   -1.238187e+01 8.977151e+01 -9.205754e+00
      vertex   -1.224368e+01 8.900000e+01 -3.205754e+00
    endloop
  endfacet
  facet normal -9.843328e-01 -1.763207e-01 -0.000000e+00
    outer loop
      vertex   -1.224368e+01 8.900000e+01 -3.205754e+00
      vertex   -1.238187e+01 8.977151e+01 -9.205754e+00
      vertex   -1.224368e+01 8.900000e+01 -9.205754e+00
    endloop
  endfacet
  facet normal -9.540717e-01 2.995784e-01 -1.129848e-15
    outer loop
      vertex   -7.881863e+01 2.474904e+01 -3.205754e+00
      vertex   -5.584481e+01 9.791407e+01 -3.205754e+00
      vertex   -7.881863e+01 2.474904e+01 -1.520575e+01
    endloop
  endfacet
  facet normal -9.540717e-01 2.995784e-01 -7.412379e-16
    outer loop
      vertex   -7.881863e+01 2.474904e+01 -1.520575e+01
      vertex   -5.584481e+01 9.791407e+01 -3.205754e+00
      vertex   -5.584481e+01 9.791407e+01 -1.520575e+01
    endloop
  endfacet
  facet normal -9.570690e-01 2.898601e-01 -1.133397e-15
    outer loop
      vertex   -7.881863e+01 2.474904e+01 -3.205754e+00
      vertex   -7.881863e+01 2.474904e+01 -1.520575e+01
      vertex   -7.930569e+01 2.314086e+01 -3.205754e+00
    endloop
  endfacet
  facet normal -9.627132e-01 2.705093e-01 -2.822408e-03
    outer loop
      vertex   -7.930569e+01 2.314086e+01 -3.205754e+00
      vertex   -7.881863e+01 2.474904e+01 -1.520575e+01
      vertex   -8.017392e+01 1.992569e+01 -1.520575e+01
    endloop
  endfacet
  facet normal -9.627627e-01 2.703336e-01 -2.771772e-03
    outer loop
      vertex   -7.930569e+01 2.314086e+01 -3.205754e+00
      vertex   -8.017392e+01 1.992569e+01 -1.520575e+01
      vertex   -7.975994e+01 2.152310e+01 -3.205754e+00
    endloop
  endfacet
  facet normal -9.680655e-01 2.506974e-01 2.509157e-05
    outer loop
      vertex   -7.975994e+01 2.152310e+01 -3.205754e+00
      vertex   -8.017392e+01 1.992569e+01 -1.520575e+01
      vertex   -8.018119e+01 1.989643e+01 -3.205754e+00
    endloop
  endfacet
  facet normal -9.773445e-01 2.116548e-01 -7.572289e-05
    outer loop
      vertex   -8.018119e+01 1.989643e+01 -3.205754e+00
      vertex   -8.017392e+01 1.992569e+01 -1.520575e+01
      vertex   -8.123434e+01 1.502906e+01 -1.520575e+01
    endloop
  endfacet
  facet normal -9.774007e-01 2.113952e-01 3.448596e-05
    outer loop
      vertex   -8.018119e+01 1.989643e+01 -3.205754e+00
      vertex   -8.123434e+01 1.502906e+01 -1.520575e+01
      vertex   -8.123973e+01 1.499990e+01 1.079425e+01
    endloop
  endfacet
  facet normal -9.883773e-01 1.520208e-01 -3.437950e-05
    outer loop
      vertex   -8.123973e+01 1.499990e+01 1.079425e+01
      vertex   -8.123434e+01 1.502906e+01 -1.520575e+01
      vertex   -8.199599e+01 1.007714e+01 -1.520575e+01
    endloop
  endfacet
  facet normal -9.884314e-01 1.516689e-01 3.380651e-05
    outer loop
      vertex   -8.123973e+01 1.499990e+01 1.079425e+01
      vertex   -8.199599e+01 1.007714e+01 -1.520575e+01
      vertex   -8.199954e+01 1.004820e+01 1.079425e+01
    endloop
  endfacet
  facet normal -9.957749e-01 9.182762e-02 -3.380986e-05
    outer loop
      vertex   -8.199954e+01 1.004820e+01 1.079425e+01
      vertex   -8.199599e+01 1.007714e+01 -1.520575e+01
      vertex   -8.245606e+01 5.088170e+00 -1.520575e+01
    endloop
  endfacet
  facet normal -9.958070e-01 9.147912e-02 3.323682e-05
    outer loop
      vertex   -8.199954e+01 1.004820e+01 1.079425e+01
      vertex   -8.245606e+01 5.088170e+00 -1.520575e+01
      vertex   -8.245782e+01 5.059559e+00 1.079425e+01
    endloop
  endfacet
  facet normal -9.995101e-01 3.129674e-02 -3.324011e-05
    outer loop
      vertex   -8.245782e+01 5.059559e+00 1.079425e+01
      vertex   -8.245606e+01 5.088170e+00 -1.520575e+01
      vertex   -8.261286e+01 8.048149e-02 -1.520575e+01
    endloop
  endfacet
  facet normal -9.995208e-01 3.095292e-02 3.266701e-05
    outer loop
      vertex   -8.245782e+01 5.059559e+00 1.079425e+01
      vertex   -8.261286e+01 8.048149e-02 -1.520575e+01
      vertex   -8.261288e+01 5.231057e-02 1.079425e+01
    endloop
  endfacet
  facet normal -9.995692e-01 -2.934924e-02 -3.267025e-05
    outer loop
      vertex   -8.261288e+01 5.231057e-02 1.079425e+01
      vertex   -8.261286e+01 8.048149e-02 -1.520575e+01
      vertex   -8.246582e+01 -4.927503e+00 -1.520575e+01
    endloop
  endfacet
  facet normal -9.995592e-01 -2.968710e-02 3.209708e-05
    outer loop
      vertex   -8.261288e+01 5.231057e-02 1.079425e+01
      vertex   -8.246582e+01 -4.927503e+00 -1.520575e+01
      vertex   -8.246416e+01 -4.955130e+00 1.079425e+01
    endloop
  endfacet
  facet normal -9.959519e-01 -8.988728e-02 -3.210027e-05
    outer loop
      vertex   -8.246416e+01 -4.955130e+00 1.079425e+01
      vertex   -8.246582e+01 -4.927503e+00 -1.520575e+01
      vertex   -8.201547e+01 -9.917365e+00 -1.520575e+01
    endloop
  endfacet
  facet normal -9.959220e-01 -9.021795e-02 3.152705e-05
    outer loop
      vertex   -8.246416e+01 -4.955130e+00 1.079425e+01
      vertex   -8.201547e+01 -9.917365e+00 -1.520575e+01
      vertex   -8.201220e+01 -9.944350e+00 1.079425e+01
    endloop
  endfacet
  facet normal -9.886716e-01 -1.500947e-01 -3.153017e-05
    outer loop
      vertex   -8.201220e+01 -9.944350e+00 1.079425e+01
      vertex   -8.201547e+01 -9.917365e+00 -1.520575e+01
      vertex   -8.126347e+01 -1.487075e+01 -1.520575e+01
    endloop
  endfacet
  facet normal -9.886226e-01 -1.504171e-01 3.095690e-05
    outer loop
      vertex   -8.201220e+01 -9.944350e+00 1.079425e+01
      vertex   -8.126347e+01 -1.487075e+01 -1.520575e+01
      vertex   -8.125866e+01 -1.489700e+01 1.079425e+01
    endloop
  endfacet
  facet normal -9.777550e-01 -2.097501e-01 -3.095997e-05
    outer loop
      vertex   -8.125866e+01 -1.489700e+01 1.079425e+01
      vertex   -8.126347e+01 -1.487075e+01 -1.520575e+01
      vertex   -8.021259e+01 -1.976944e+01 -1.520575e+01
    endloop
  endfacet
  facet normal -9.776878e-01 -2.100630e-01 3.038663e-05
    outer loop
      vertex   -8.125866e+01 -1.489700e+01 1.079425e+01
      vertex   -8.021259e+01 -1.976944e+01 -1.520575e+01
      vertex   -8.020632e+01 -1.979487e+01 1.079425e+01
    endloop
  endfacet
  facet normal -9.632423e-01 -2.686341e-01 -3.038965e-05
    outer loop
      vertex   -8.020632e+01 -1.979487e+01 1.079425e+01
      vertex   -8.021259e+01 -1.976944e+01 -1.520575e+01
      vertex   -7.886670e+01 -2.459542e+01 -1.520575e+01
    endloop
  endfacet
  facet normal -9.631579e-01 -2.689366e-01 2.981626e-05
    outer loop
      vertex   -8.020632e+01 -1.979487e+01 1.079425e+01
      vertex   -7.886670e+01 -2.459542e+01 -1.520575e+01
      vertex   -7.885904e+01 -2.461996e+01 1.079425e+01
    endloop
  endfacet
  facet normal -9.451868e-01 -3.265300e-01 -2.981921e-05
    outer loop
      vertex   -7.885904e+01 -2.461996e+01 1.079425e+01
      vertex   -7.886670e+01 -2.459542e+01 -1.520575e+01
      vertex   -7.723074e+01 -2.933095e+01 -1.520575e+01
    endloop
  endfacet
  facet normal -9.450862e-01 -3.268212e-01 2.924577e-05
    outer loop
      vertex   -7.885904e+01 -2.461996e+01 1.079425e+01
      vertex   -7.723074e+01 -2.933095e+01 -1.520575e+01
      vertex   -7.722178e+01 -2.935451e+01 1.079425e+01
    endloop
  endfacet
  facet normal -9.236550e-01 -3.832250e-01 -2.924866e-05
    outer loop
      vertex   -7.722178e+01 -2.935451e+01 1.079425e+01
      vertex   -7.723074e+01 -2.933095e+01 -1.520575e+01
      vertex   -7.531073e+01 -3.395859e+01 -1.520575e+01
    endloop
  endfacet
  facet normal -9.235392e-01 -3.835040e-01 2.867516e-05
    outer loop
      vertex   -7.722178e+01 -2.935451e+01 1.079425e+01
      vertex   -7.531073e+01 -3.395859e+01 -1.520575e+01
      vertex   -7.530056e+01 -3.398111e+01 1.079425e+01
    endloop
  endfacet
  facet normal -8.987261e-01 -4.385105e-01 -2.867800e-05
    outer loop
      vertex   -7.530056e+01 -3.398111e+01 1.079425e+01
      vertex   -7.531073e+01 -3.395859e+01 -1.520575e+01
      vertex   -7.311372e+01 -3.846134e+01 -1.520575e+01
    endloop
  endfacet
  facet normal -8.985962e-01 -4.387766e-01 2.810444e-05
    outer loop
      vertex   -7.530056e+01 -3.398111e+01 1.079425e+01
      vertex   -7.311372e+01 -3.846134e+01 -1.520575e+01
      vertex   -7.310245e+01 -3.848277e+01 1.079425e+01
    endloop
  endfacet
  facet normal -8.704917e-01 -4.921831e-01 -2.810723e-05
    outer loop
      vertex   -7.310245e+01 -3.848277e+01 1.079425e+01
      vertex   -7.311372e+01 -3.846134e+01 -1.520575e+01
      vertex   -7.064782e+01 -4.282262e+01 -1.520575e+01
    endloop
  endfacet
  facet normal -8.703488e-01 -4.924357e-01 2.753361e-05
    outer loop
      vertex   -7.310245e+01 -3.848277e+01 1.079425e+01
      vertex   -7.064782e+01 -4.282262e+01 -1.520575e+01
      vertex   -7.063552e+01 -4.284291e+01 1.079425e+01
    endloop
  endfacet
  facet normal -8.390556e-01 -5.440456e-01 -2.753634e-05
    outer loop
      vertex   -7.063552e+01 -4.284291e+01 1.079425e+01
      vertex   -7.064782e+01 -4.282262e+01 -1.520575e+01
      vertex   -6.792207e+01 -4.702641e+01 -1.520575e+01
    endloop
  endfacet
  facet normal -8.389010e-01 -5.442840e-01 2.696266e-05
    outer loop
      vertex   -7.063552e+01 -4.284291e+01 1.079425e+01
      vertex   -6.792207e+01 -4.702641e+01 -1.520575e+01
      vertex   -6.790885e+01 -4.704551e+01 1.079425e+01
    endloop
  endfacet
  facet normal -8.045336e-01 -5.939071e-01 -2.696534e-05
    outer loop
      vertex   -6.790885e+01 -4.704551e+01 1.079425e+01
      vertex   -6.792207e+01 -4.702641e+01 -1.520575e+01
      vertex   -6.494651e+01 -5.105724e+01 -1.520575e+01
    endloop
  endfacet
  facet normal -8.043684e-01 -5.941309e-01 2.639161e-05
    outer loop
      vertex   -6.790885e+01 -4.704551e+01 1.079425e+01
      vertex   -6.494651e+01 -5.105724e+01 -1.520575e+01
      vertex   -6.493246e+01 -5.107511e+01 1.079425e+01
    endloop
  endfacet
  facet normal -7.670526e-01 -6.415842e-01 -2.639422e-05
    outer loop
      vertex   -6.493246e+01 -5.107511e+01 1.079425e+01
      vertex   -6.494651e+01 -5.105724e+01 -1.520575e+01
      vertex   -6.173208e+01 -5.490028e+01 -1.520575e+01
    endloop
  endfacet
  facet normal -7.668779e-01 -6.417930e-01 2.582043e-05
    outer loop
      vertex   -6.493246e+01 -5.107511e+01 1.079425e+01
      vertex   -6.173208e+01 -5.490028e+01 -1.520575e+01
      vertex   -6.171730e+01 -5.491690e+01 1.079425e+01
    endloop
  endfacet
  facet normal -7.267504e-01 -6.869017e-01 -2.582299e-05
    outer loop
      vertex   -6.171730e+01 -5.491690e+01 1.079425e+01
      vertex   -6.173208e+01 -5.490028e+01 -1.520575e+01
      vertex   -5.829061e+01 -5.854141e+01 -1.520575e+01
    endloop
  endfacet
  facet normal -7.265675e-01 -6.870951e-01 2.524915e-05
    outer loop
      vertex   -6.171730e+01 -5.491690e+01 1.079425e+01
      vertex   -5.829061e+01 -5.854141e+01 -1.520575e+01
      vertex   -5.827520e+01 -5.855675e+01 1.079425e+01
    endloop
  endfacet
  facet normal -6.837752e-01 -7.296927e-01 -2.525165e-05
    outer loop
      vertex   -5.827520e+01 -5.855675e+01 1.079425e+01
      vertex   -5.829061e+01 -5.854141e+01 -1.520575e+01
      vertex   -5.463474e+01 -6.196722e+01 -1.520575e+01
    endloop
  endfacet
  facet normal -6.835853e-01 -7.298707e-01 2.467774e-05
    outer loop
      vertex   -5.827520e+01 -5.855675e+01 1.079425e+01
      vertex   -5.463474e+01 -6.196722e+01 -1.520575e+01
      vertex   -5.461880e+01 -6.198127e+01 1.079425e+01
    endloop
  endfacet
  facet normal -6.382851e-01 -7.698000e-01 -2.468019e-05
    outer loop
      vertex   -5.461880e+01 -6.198127e+01 1.079425e+01
      vertex   -5.463474e+01 -6.196722e+01 -1.520575e+01
      vertex   -5.077793e+01 -6.516512e+01 -1.520575e+01
    endloop
  endfacet
  facet normal -6.380894e-01 -7.699623e-01 2.410623e-05
    outer loop
      vertex   -5.461880e+01 -6.198127e+01 1.079425e+01
      vertex   -5.077793e+01 -6.516512e+01 -1.520575e+01
      vertex   -5.076156e+01 -6.517787e+01 1.079425e+01
    endloop
  endfacet
  facet normal -5.904475e-01 -8.070760e-01 -2.410862e-05
    outer loop
      vertex   -5.076156e+01 -6.517787e+01 1.079425e+01
      vertex   -5.077793e+01 -6.516512e+01 -1.520575e+01
      vertex   -4.673437e+01 -6.812334e+01 -1.520575e+01
    endloop
  endfacet
  facet normal -5.902471e-01 -8.072226e-01 2.353460e-05
    outer loop
      vertex   -5.076156e+01 -6.517787e+01 1.079425e+01
      vertex   -4.673437e+01 -6.812334e+01 -1.520575e+01
      vertex   -4.671766e+01 -6.813480e+01 1.079425e+01
    endloop
  endfacet
  facet normal -5.404383e-01 -8.413837e-01 -2.353693e-05
    outer loop
      vertex   -4.671766e+01 -6.813480e+01 1.079425e+01
      vertex   -4.673437e+01 -6.812334e+01 -1.520575e+01
      vertex   -4.251892e+01 -7.083102e+01 -1.520575e+01
    endloop
  endfacet
  facet normal -5.402344e-01 -8.415146e-01 2.296286e-05
    outer loop
      vertex   -4.671766e+01 -6.813480e+01 1.079425e+01
      vertex   -4.251892e+01 -7.083102e+01 -1.520575e+01
      vertex   -4.250196e+01 -7.084119e+01 1.079425e+01
    endloop
  endfacet
  facet normal -4.884413e-01 -8.725967e-01 -2.296514e-05
    outer loop
      vertex   -4.250196e+01 -7.084119e+01 1.079425e+01
      vertex   -4.251892e+01 -7.083102e+01 -1.520575e+01
      vertex   -3.814708e+01 -7.327818e+01 -1.520575e+01
    endloop
  endfacet
  facet normal -4.882351e-01 -8.727121e-01 2.239101e-05
    outer loop
      vertex   -4.250196e+01 -7.084119e+01 1.079425e+01
      vertex   -3.814708e+01 -7.327818e+01 -1.520575e+01
      vertex   -3.812998e+01 -7.328708e+01 1.079425e+01
    endloop
  endfacet
  facet normal -4.346479e-01 -9.006005e-01 -2.239322e-05
    outer loop
      vertex   -3.812998e+01 -7.328708e+01 1.079425e+01
      vertex   -3.814708e+01 -7.327818e+01 -1.520575e+01
      vertex   -3.363494e+01 -7.545583e+01 -1.520575e+01
    endloop
  endfacet
  facet normal -4.344405e-01 -9.007005e-01 2.181904e-05
    outer loop
      vertex   -3.812998e+01 -7.328708e+01 1.079425e+01
      vertex   -3.363494e+01 -7.545583e+01 -1.520575e+01
      vertex   -3.361779e+01 -7.546347e+01 1.079425e+01
    endloop
  endfacet
  facet normal -3.792559e-01 -9.252918e-01 -2.182120e-05
    outer loop
      vertex   -3.361779e+01 -7.546347e+01 1.079425e+01
      vertex   -3.363494e+01 -7.545583e+01 -1.520575e+01
      vertex   -2.899910e+01 -7.735595e+01 -1.520575e+01
    endloop
  endfacet
  facet normal -3.790483e-01 -9.253769e-01 2.124696e-05
    outer loop
      vertex   -3.361779e+01 -7.546347e+01 1.079425e+01
      vertex   -2.899910e+01 -7.735595e+01 -1.520575e+01
      vertex   -2.898198e+01 -7.736237e+01 1.079425e+01
    endloop
  endfacet
  facet normal -3.224690e-01 -9.465800e-01 -2.124906e-05
    outer loop
      vertex   -2.898198e+01 -7.736237e+01 1.079425e+01
      vertex   -2.899910e+01 -7.735595e+01 -1.520575e+01
      vertex   -2.425660e+01 -7.897157e+01 -1.520575e+01
    endloop
  endfacet
  facet normal -3.222623e-01 -9.466504e-01 2.067476e-05
    outer loop
      vertex   -2.898198e+01 -7.736237e+01 1.079425e+01
      vertex   -2.425660e+01 -7.897157e+01 -1.520575e+01
      vertex   -2.423959e+01 -7.897679e+01 1.079425e+01
    endloop
  endfacet
  facet normal -2.644961e-01 -9.643868e-01 -2.067681e-05
    outer loop
      vertex   -2.423959e+01 -7.897679e+01 1.079425e+01
      vertex   -2.425660e+01 -7.897157e+01 -1.520575e+01
      vertex   -1.942488e+01 -8.029673e+01 -1.520575e+01
    endloop
  endfacet
  facet normal -2.642913e-01 -9.644429e-01 2.010245e-05
    outer loop
      vertex   -2.423959e+01 -7.897679e+01 1.079425e+01
      vertex   -1.942488e+01 -8.029673e+01 -1.520575e+01
      vertex   -1.940807e+01 -8.030080e+01 1.079425e+01
    endloop
  endfacet
  facet normal -2.055504e-01 -9.786465e-01 -2.010444e-05
    outer loop
      vertex   -1.940807e+01 -8.030080e+01 1.079425e+01
      vertex   -1.942488e+01 -8.029673e+01 -1.520575e+01
      vertex   -1.452173e+01 -8.132657e+01 -1.520575e+01
    endloop
  endfacet
  facet normal -2.053484e-01 -9.786889e-01 1.953003e-05
    outer loop
      vertex   -1.940807e+01 -8.030080e+01 1.079425e+01
      vertex   -1.452173e+01 -8.132657e+01 -1.520575e+01
      vertex   -1.450518e+01 -8.132952e+01 1.079425e+01
    endloop
  endfacet
  facet normal -1.458487e-01 -9.893069e-01 -1.953196e-05
    outer loop
      vertex   -1.450518e+01 -8.132952e+01 1.079425e+01
      vertex   -1.452173e+01 -8.132657e+01 -1.520575e+01
      vertex   -9.565156e+00 -8.205729e+01 -1.520575e+01
    endloop
  endfacet
  facet normal -1.456504e-01 -9.893361e-01 1.895749e-05
    outer loop
      vertex   -1.450518e+01 -8.132952e+01 1.079425e+01
      vertex   -9.565156e+00 -8.205729e+01 -1.520575e+01
      vertex   -9.548956e+00 -8.205918e+01 1.079425e+01
    endloop
  endfacet
  facet normal -8.561053e-02 -9.963287e-01 -1.895937e-05
    outer loop
      vertex   -9.548956e+00 -8.205918e+01 1.079425e+01
      vertex   -9.565156e+00 -8.205729e+01 -1.520575e+01
      vertex   -4.573407e+00 -8.248621e+01 -1.520575e+01
    endloop
  endfacet
  facet normal -8.541681e-02 -9.963453e-01 1.838484e-05
    outer loop
      vertex   -9.548956e+00 -8.205918e+01 1.079425e+01
      vertex   -4.573407e+00 -8.248621e+01 -1.520575e+01
      vertex   -4.557616e+00 -8.248709e+01 1.079425e+01
    endloop
  endfacet
  facet normal -2.505752e-02 -9.996860e-01 -1.838666e-05
    outer loop
      vertex   -4.557616e+00 -8.248709e+01 1.079425e+01
      vertex   -4.573407e+00 -8.248621e+01 -1.520575e+01
      vertex   4.351626e-01 -8.261175e+01 -1.520575e+01
    endloop
  endfacet
  facet normal -2.486913e-02 -9.996907e-01 1.781207e-05
    outer loop
      vertex   -4.557616e+00 -8.248709e+01 1.079425e+01
      vertex   4.351626e-01 -8.261175e+01 -1.520575e+01
      vertex   4.504834e-01 -8.261167e+01 1.079425e+01
    endloop
  endfacet
  facet normal 3.558765e-02 -9.993666e-01 -1.781384e-05
    outer loop
      vertex   4.504834e-01 -8.261167e+01 1.079425e+01
      vertex   4.351626e-01 -8.261175e+01 -1.520575e+01
      vertex   5.442132e+00 -8.243345e+01 -1.520575e+01
    endloop
  endfacet
  facet normal 3.577000e-02 -9.993600e-01 1.723920e-05
    outer loop
      vertex   4.504834e-01 -8.261167e+01 1.079425e+01
      vertex   5.442132e+00 -8.243345e+01 -1.520575e+01
      vertex   5.456926e+00 -8.243248e+01 1.079425e+01
    endloop
  endfacet
  facet normal 9.610194e-02 -9.953715e-01 -1.724090e-05
    outer loop
      vertex   5.456926e+00 -8.243248e+01 1.079425e+01
      vertex   5.442132e+00 -8.243345e+01 -1.520575e+01
      vertex   1.042909e+01 -8.195197e+01 -1.520575e+01
    endloop
  endfacet
  facet normal 9.627760e-02 -9.953545e-01 1.666620e-05
    outer loop
      vertex   5.456926e+00 -8.243248e+01 1.079425e+01
      vertex   1.042909e+01 -8.195197e+01 -1.520575e+01
      vertex   1.044330e+01 -8.195016e+01 1.079425e+01
    endloop
  endfacet
  facet normal 1.562628e-01 -9.877155e-01 -1.666785e-05
    outer loop
      vertex   1.044330e+01 -8.195016e+01 1.079425e+01
      vertex   1.042909e+01 -8.195197e+01 -1.520575e+01
      vertex   1.537768e+01 -8.116907e+01 -1.520575e+01
    endloop
  endfacet
  facet normal 1.564312e-01 -9.876889e-01 1.609310e-05
    outer loop
      vertex   1.044330e+01 -8.195016e+01 1.079425e+01
      vertex   1.537768e+01 -8.116907e+01 -1.520575e+01
      vertex   1.539128e+01 -8.116649e+01 1.079425e+01
    endloop
  endfacet
  facet normal 2.158489e-01 -9.764268e-01 -1.609469e-05
    outer loop
      vertex   1.539128e+01 -8.116649e+01 1.079425e+01
      vertex   1.537768e+01 -8.116907e+01 -1.520575e+01
      vertex   2.026972e+01 -8.008764e+01 -1.520575e+01
    endloop
  endfacet
  facet normal 2.160095e-01 -9.763913e-01 1.551988e-05
    outer loop
      vertex   1.539128e+01 -8.116649e+01 1.079425e+01
      vertex   2.026972e+01 -8.008764e+01 -1.520575e+01
      vertex   2.028265e+01 -8.008436e+01 1.079425e+01
    endloop
  endfacet
  facet normal 2.746411e-01 -9.615468e-01 -1.552141e-05
    outer loop
      vertex   2.028265e+01 -8.008436e+01 1.079425e+01
      vertex   2.026972e+01 -8.008764e+01 -1.520575e+01
      vertex   2.508721e+01 -7.871165e+01 -1.520575e+01
    endloop
  endfacet
  facet normal 2.747935e-01 -9.615033e-01 1.494655e-05
    outer loop
      vertex   2.028265e+01 -8.008436e+01 1.079425e+01
      vertex   2.508721e+01 -7.871165e+01 -1.520575e+01
      vertex   2.509945e+01 -7.870774e+01 1.079425e+01
    endloop
  endfacet
  facet normal 3.324232e-01 -9.431303e-01 -1.494803e-05
    outer loop
      vertex   2.509945e+01 -7.870774e+01 1.079425e+01
      vertex   2.508721e+01 -7.871165e+01 -1.520575e+01
      vertex   2.981242e+01 -7.704616e+01 -1.520575e+01
    endloop
  endfacet
  facet normal 3.325671e-01 -9.430796e-01 1.437310e-05
    outer loop
      vertex   2.509945e+01 -7.870774e+01 1.079425e+01
      vertex   2.981242e+01 -7.704616e+01 -1.520575e+01
      vertex   2.982395e+01 -7.704170e+01 1.079425e+01
    endloop
  endfacet
  facet normal 3.889827e-01 -9.212451e-01 -1.437452e-05
    outer loop
      vertex   2.982395e+01 -7.704170e+01 1.079425e+01
      vertex   2.981242e+01 -7.704616e+01 -1.520575e+01
      vertex   3.442799e+01 -7.509730e+01 -1.520575e+01
    endloop
  endfacet
  facet normal 3.891177e-01 -9.211881e-01 1.379954e-05
    outer loop
      vertex   2.982395e+01 -7.704170e+01 1.079425e+01
      vertex   3.442799e+01 -7.509730e+01 -1.520575e+01
      vertex   3.443877e+01 -7.509236e+01 1.079425e+01
    endloop
  endfacet
  facet normal 4.441115e-01 -8.959715e-01 -1.380091e-05
    outer loop
      vertex   3.443877e+01 -7.509236e+01 1.079425e+01
      vertex   3.442799e+01 -7.509730e+01 -1.520575e+01
      vertex   3.891694e+01 -7.287224e+01 -1.520575e+01
    endloop
  endfacet
  facet normal 4.442374e-01 -8.959091e-01 1.322587e-05
    outer loop
      vertex   3.443877e+01 -7.509236e+01 1.079425e+01
      vertex   3.891694e+01 -7.287224e+01 -1.520575e+01
      vertex   3.892696e+01 -7.286688e+01 1.079425e+01
    endloop
  endfacet
  facet normal 4.976069e-01 -8.674027e-01 -1.322717e-05
    outer loop
      vertex   3.892696e+01 -7.286688e+01 1.079425e+01
      vertex   3.891694e+01 -7.287224e+01 -1.520575e+01
      vertex   4.326275e+01 -7.037916e+01 -1.520575e+01
    endloop
  endfacet
  facet normal 4.977236e-01 -8.673357e-01 1.265208e-05
    outer loop
      vertex   3.892696e+01 -7.286688e+01 1.079425e+01
      vertex   4.326275e+01 -7.037916e+01 -1.520575e+01
      vertex   4.327201e+01 -7.037346e+01 1.079425e+01
    endloop
  endfacet
  facet normal 5.492721e-01 -8.356435e-01 -1.265333e-05
    outer loop
      vertex   4.327201e+01 -7.037346e+01 1.079425e+01
      vertex   4.326275e+01 -7.037916e+01 -1.520575e+01
      vertex   4.744944e+01 -6.762722e+01 -1.520575e+01
    endloop
  endfacet
  facet normal 5.493796e-01 -8.355729e-01 1.207818e-05
    outer loop
      vertex   4.327201e+01 -7.037346e+01 1.079425e+01
      vertex   4.744944e+01 -6.762722e+01 -1.520575e+01
      vertex   4.745794e+01 -6.762126e+01 1.079425e+01
    endloop
  endfacet
  facet normal 5.989172e-01 -8.008110e-01 -1.207937e-05
    outer loop
      vertex   4.745794e+01 -6.762126e+01 1.079425e+01
      vertex   4.744944e+01 -6.762722e+01 -1.520575e+01
      vertex   5.146162e+01 -6.462656e+01 -1.520575e+01
    endloop
  endfacet
  facet normal 5.990154e-01 -8.007375e-01 1.150416e-05
    outer loop
      vertex   4.745794e+01 -6.762126e+01 1.079425e+01
      vertex   5.146162e+01 -6.462656e+01 -1.520575e+01
      vertex   5.146935e+01 -6.462041e+01 1.079425e+01
    endloop
  endfacet
  facet normal 6.463594e-01 -7.630331e-01 -1.150530e-05
    outer loop
      vertex   5.146935e+01 -6.462041e+01 1.079425e+01
      vertex   5.146162e+01 -6.462656e+01 -1.520575e+01
      vertex   5.528452e+01 -6.138821e+01 -1.520575e+01
    endloop
  endfacet
  facet normal 6.464485e-01 -7.629577e-01 1.093004e-05
    outer loop
      vertex   5.146935e+01 -6.462041e+01 1.079425e+01
      vertex   5.528452e+01 -6.138821e+01 -1.520575e+01
      vertex   5.529150e+01 -6.138193e+01 1.079425e+01
    endloop
  endfacet
  facet normal 6.914244e-01 -7.224488e-01 -1.093112e-05
    outer loop
      vertex   5.529150e+01 -6.138193e+01 1.079425e+01
      vertex   5.528452e+01 -6.138821e+01 -1.520575e+01
      vertex   5.890410e+01 -5.792408e+01 -1.520575e+01
    endloop
  endfacet
  facet normal 6.915044e-01 -7.223723e-01 1.035579e-05
    outer loop
      vertex   5.529150e+01 -6.138193e+01 1.079425e+01
      vertex   5.890410e+01 -5.792408e+01 -1.520575e+01
      vertex   5.891033e+01 -5.791773e+01 1.079425e+01
    endloop
  endfacet
  facet normal 7.339464e-01 -6.792074e-01 -1.035682e-05
    outer loop
      vertex   5.891033e+01 -5.791773e+01 1.079425e+01
      vertex   5.890410e+01 -5.792408e+01 -1.520575e+01
      vertex   6.230702e+01 -5.424690e+01 -1.520575e+01
    endloop
  endfacet
  facet normal 7.340175e-01 -6.791305e-01 9.781438e-06
    outer loop
      vertex   5.891033e+01 -5.791773e+01 1.079425e+01
      vertex   6.230702e+01 -5.424690e+01 -1.520575e+01
      vertex   6.231254e+01 -5.424056e+01 1.079425e+01
    endloop
  endfacet
  facet normal 7.737690e-01 -6.334679e-01 -9.782404e-06
    outer loop
      vertex   6.231254e+01 -5.424056e+01 1.079425e+01
      vertex   6.230702e+01 -5.424690e+01 -1.520575e+01
      vertex   6.548079e+01 -5.037021e+01 -1.520575e+01
    endloop
  endfacet
  facet normal 7.738315e-01 -6.333915e-01 9.206969e-06
    outer loop
      vertex   6.231254e+01 -5.424056e+01 1.079425e+01
      vertex   6.548079e+01 -5.037021e+01 -1.520575e+01
      vertex   6.548561e+01 -5.036394e+01 1.079425e+01
    endloop
  endfacet
  facet normal 8.107457e-01 -5.853985e-01 -9.207878e-06
    outer loop
      vertex   6.548561e+01 -5.036394e+01 1.079425e+01
      vertex   6.548079e+01 -5.037021e+01 -1.520575e+01
      vertex   6.841372e+01 -4.630825e+01 -1.520575e+01
    endloop
  endfacet
  facet normal 8.108000e-01 -5.853233e-01 8.632386e-06
    outer loop
      vertex   6.548561e+01 -5.036394e+01 1.079425e+01
      vertex   6.841372e+01 -4.630825e+01 -1.520575e+01
      vertex   6.841787e+01 -4.630211e+01 1.079425e+01
    endloop
  endfacet
  facet normal 8.447405e-01 -5.351761e-01 -8.633238e-06
    outer loop
      vertex   6.841787e+01 -4.630211e+01 1.079425e+01
      vertex   6.841372e+01 -4.630825e+01 -1.520575e+01
      vertex   7.109503e+01 -4.207598e+01 -1.520575e+01
    endloop
  endfacet
  facet normal 8.447869e-01 -5.351028e-01 8.057689e-06
    outer loop
      vertex   6.841787e+01 -4.630211e+01 1.079425e+01
      vertex   7.109503e+01 -4.207598e+01 -1.520575e+01
      vertex   7.109855e+01 -4.207003e+01 1.079425e+01
    endloop
  endfacet
  facet normal 8.756284e-01 -4.829853e-01 -8.058485e-06
    outer loop
      vertex   7.109855e+01 -4.207003e+01 1.079425e+01
      vertex   7.109503e+01 -4.207598e+01 -1.520575e+01
      vertex   7.351485e+01 -3.768896e+01 -1.520575e+01
    endloop
  endfacet
  facet normal 8.756674e-01 -4.829146e-01 7.482879e-06
    outer loop
      vertex   7.109855e+01 -4.207003e+01 1.079425e+01
      vertex   7.351485e+01 -3.768896e+01 -1.520575e+01
      vertex   7.351778e+01 -3.768324e+01 1.079425e+01
    endloop
  endfacet
  facet normal 9.032958e-01 -4.290182e-01 -7.483617e-06
    outer loop
      vertex   7.351778e+01 -3.768324e+01 1.079425e+01
      vertex   7.351485e+01 -3.768896e+01 -1.520575e+01
      vertex   7.566429e+01 -3.316332e+01 -1.520575e+01
    endloop
  endfacet
  facet normal 9.033279e-01 -4.289507e-01 6.907955e-06
    outer loop
      vertex   7.351778e+01 -3.768324e+01 1.079425e+01
      vertex   7.566429e+01 -3.316332e+01 -1.520575e+01
      vertex   7.566667e+01 -3.315789e+01 1.079425e+01
    endloop
  endfacet
  facet normal 9.276410e-01 -3.734732e-01 -6.908637e-06
    outer loop
      vertex   7.566667e+01 -3.315789e+01 1.079425e+01
      vertex   7.566429e+01 -3.316332e+01 -1.520575e+01
      vertex   7.753545e+01 -2.851570e+01 -1.520575e+01
    endloop
  endfacet
  facet normal 9.276667e-01 -3.734093e-01 6.332917e-06
    outer loop
      vertex   7.566667e+01 -3.315789e+01 1.079425e+01
      vertex   7.753545e+01 -2.851570e+01 -1.520575e+01
      vertex   7.753732e+01 -2.851060e+01 1.079425e+01
    endloop
  endfacet
  facet normal 9.485743e-01 -3.165545e-01 -6.333542e-06
    outer loop
      vertex   7.753732e+01 -2.851060e+01 1.079425e+01
      vertex   7.753545e+01 -2.851570e+01 -1.520575e+01
      vertex   7.912143e+01 -2.376321e+01 -1.520575e+01
    endloop
  endfacet
  facet normal 9.485942e-01 -3.164949e-01 5.757765e-06
    outer loop
      vertex   7.753732e+01 -2.851060e+01 1.079425e+01
      vertex   7.912143e+01 -2.376321e+01 -1.520575e+01
      vertex   7.912285e+01 -2.375848e+01 1.079425e+01
    endloop
  endfacet
  facet normal 9.660189e-01 -2.584716e-01 -5.758334e-06
    outer loop
      vertex   7.912285e+01 -2.375848e+01 1.079425e+01
      vertex   7.912143e+01 -2.376321e+01 -1.520575e+01
      vertex   8.041641e+01 -1.892332e+01 -1.520575e+01
    endloop
  endfacet
  facet normal 9.660336e-01 -2.584167e-01 5.182500e-06
    outer loop
      vertex   7.912285e+01 -2.375848e+01 1.079425e+01
      vertex   8.041641e+01 -1.892332e+01 -1.520575e+01
      vertex   8.041743e+01 -1.891899e+01 1.079425e+01
    endloop
  endfacet
  facet normal 9.799104e-01 -1.994380e-01 -5.183012e-06
    outer loop
      vertex   8.041743e+01 -1.891899e+01 1.079425e+01
      vertex   8.041641e+01 -1.892332e+01 -1.520575e+01
      vertex   8.141562e+01 -1.401383e+01 -1.520575e+01
    endloop
  endfacet
  facet normal 9.799206e-01 -1.993882e-01 4.607122e-06
    outer loop
      vertex   8.041743e+01 -1.891899e+01 1.079425e+01
      vertex   8.141562e+01 -1.401383e+01 -1.520575e+01
      vertex   8.141629e+01 -1.400993e+01 1.079425e+01
    endloop
  endfacet
  facet normal 9.901980e-01 -1.396709e-01 -4.607576e-06
    outer loop
      vertex   8.141629e+01 -1.400993e+01 1.079425e+01
      vertex   8.141562e+01 -1.401383e+01 -1.520575e+01
      vertex   8.211539e+01 -9.052795e+00 -1.520575e+01
    endloop
  endfacet
  facet normal 9.902042e-01 -1.396265e-01 4.031629e-06
    outer loop
      vertex   8.141629e+01 -1.400993e+01 1.079425e+01
      vertex   8.211539e+01 -9.052795e+00 -1.520575e+01
      vertex   8.211577e+01 -9.049356e+00 1.079425e+01
    endloop
  endfacet
  facet normal 9.968436e-01 -7.939010e-02 -4.032027e-06
    outer loop
      vertex   8.211577e+01 -9.049356e+00 1.079425e+01
      vertex   8.211539e+01 -9.052795e+00 -1.520575e+01
      vertex   8.251315e+01 -4.058466e+00 -1.520575e+01
    endloop
  endfacet
  facet normal 9.968467e-01 -7.935134e-02 3.456023e-06
    outer loop
      vertex   8.211577e+01 -9.049356e+00 1.079425e+01
      vertex   8.251315e+01 -4.058466e+00 -1.520575e+01
      vertex   8.251330e+01 -4.055504e+00 1.079425e+01
    endloop
  endfacet
  facet normal 9.998229e-01 -1.881731e-02 -3.456364e-06
    outer loop
      vertex   8.251330e+01 -4.055504e+00 1.079425e+01
      vertex   8.251315e+01 -4.058466e+00 -1.520575e+01
      vertex   8.260743e+01 9.507900e-01 -1.520575e+01
    endloop
  endfacet
  facet normal 9.998236e-01 -1.878441e-02 2.880304e-06
    outer loop
      vertex   8.251330e+01 -4.055504e+00 1.079425e+01
      vertex   8.260743e+01 9.507900e-01 -1.520575e+01
      vertex   8.260740e+01 9.532609e-01 1.079425e+01
    endloop
  endfacet
  facet normal 9.991250e-01 4.182468e-02 -2.880588e-06
    outer loop
      vertex   8.260740e+01 9.532609e-01 1.079425e+01
      vertex   8.260743e+01 9.507900e-01 -1.520575e+01
      vertex   8.239788e+01 5.956549e+00 -1.520575e+01
    endloop
  endfacet
  facet normal 9.991238e-01 4.185158e-02 2.304470e-06
    outer loop
      vertex   8.260740e+01 9.532609e-01 1.079425e+01
      vertex   8.239788e+01 5.956549e+00 -1.520575e+01
      vertex   8.239774e+01 5.958520e+00 1.079425e+01
    endloop
  endfacet
  facet normal 9.947523e-01 1.023128e-01 -2.304698e-06
    outer loop
      vertex   8.239774e+01 5.958520e+00 1.079425e+01
      vertex   8.239788e+01 5.956549e+00 -1.520575e+01
      vertex   8.188528e+01 1.094040e+01 -1.520575e+01
    endloop
  endfacet
  facet normal 9.947501e-01 1.023337e-01 1.728523e-06
    outer loop
      vertex   8.239774e+01 5.958520e+00 1.079425e+01
      vertex   8.188528e+01 1.094040e+01 -1.520575e+01
      vertex   8.188508e+01 1.094187e+01 1.079425e+01
    endloop
  endfacet
  facet normal 9.867209e-01 1.624247e-01 -1.728694e-06
    outer loop
      vertex   8.188508e+01 1.094187e+01 1.079425e+01
      vertex   8.188528e+01 1.094040e+01 -1.520575e+01
      vertex   8.107151e+01 1.588401e+01 -1.520575e+01
    endloop
  endfacet
  facet normal 9.867185e-01 1.624395e-01 1.152462e-06
    outer loop
      vertex   8.188508e+01 1.094187e+01 1.079425e+01
      vertex   8.107151e+01 1.588401e+01 -1.520575e+01
      vertex   8.107132e+01 1.588498e+01 1.079425e+01
    endloop
  endfacet
  facet normal 9.750605e-01 2.219392e-01 -1.152576e-06
    outer loop
      vertex   8.107132e+01 1.588498e+01 1.079425e+01
      vertex   8.107151e+01 1.588401e+01 -1.520575e+01
      vertex   7.995956e+01 2.076920e+01 -1.520575e+01
    endloop
  endfacet
  facet normal 9.750585e-01 2.219479e-01 5.762880e-07
    outer loop
      vertex   8.107132e+01 1.588498e+01 1.079425e+01
      vertex   7.995956e+01 2.076920e+01 -1.520575e+01
      vertex   7.995944e+01 2.076968e+01 1.079425e+01
    endloop
  endfacet
  facet normal 9.598139e-01 2.806374e-01 -5.763449e-07
    outer loop
      vertex   7.995944e+01 2.076968e+01 1.079425e+01
      vertex   7.995956e+01 2.076920e+01 -1.520575e+01
      vertex   7.855353e+01 2.557801e+01 -1.520575e+01
    endloop
  endfacet
  facet normal 9.598130e-01 2.806403e-01 5.250617e-16
    outer loop
      vertex   7.995944e+01 2.076968e+01 1.079425e+01
      vertex   7.855353e+01 2.557801e+01 -1.520575e+01
      vertex   7.855353e+01 2.557801e+01 1.079425e+01
    endloop
  endfacet
  facet normal -9.774210e-01 2.113010e-01 0.000000e+00
    outer loop
      vertex   -8.123973e+01 1.499990e+01 1.079425e+01
      vertex   -8.018119e+01 1.989643e+01 1.079425e+01
      vertex   -8.018119e+01 1.989643e+01 -3.205754e+00
    endloop
  endfacet
endsolid
