solid ASCII
  facet normal -9.914449e-01 1.305262e-01 0.000000e+00
    outer loop
      vertex   6.986370e+01 1.139647e+02 9.500000e+01
      vertex   6.986370e+01 1.139647e+02 1.075000e+02
      vertex   7.000000e+01 1.150000e+02 9.500000e+01
    endloop
  endfacet
  facet normal -9.914449e-01 1.305262e-01 0.000000e+00
    outer loop
      vertex   7.000000e+01 1.150000e+02 9.500000e+01
      vertex   6.986370e+01 1.139647e+02 1.075000e+02
      vertex   7.000000e+01 1.150000e+02 1.075000e+02
    endloop
  endfacet
  facet normal -9.914449e-01 -1.305262e-01 0.000000e+00
    outer loop
      vertex   7.000000e+01 1.150000e+02 9.500000e+01
      vertex   7.000000e+01 1.150000e+02 1.075000e+02
      vertex   6.986370e+01 1.160353e+02 9.500000e+01
    endloop
  endfacet
  facet normal -9.914449e-01 -1.305262e-01 0.000000e+00
    outer loop
      vertex   6.986370e+01 1.160353e+02 9.500000e+01
      vertex   7.000000e+01 1.150000e+02 1.075000e+02
      vertex   6.986370e+01 1.160353e+02 1.075000e+02
    endloop
  endfacet
  facet normal -9.238795e-01 -3.826834e-01 0.000000e+00
    outer loop
      vertex   6.986370e+01 1.160353e+02 9.500000e+01
      vertex   6.986370e+01 1.160353e+02 1.075000e+02
      vertex   6.946410e+01 1.170000e+02 9.500000e+01
    endloop
  endfacet
  facet normal -9.238795e-01 -3.826834e-01 4.350607e-16
    outer loop
      vertex   6.946410e+01 1.170000e+02 9.500000e+01
      vertex   6.986370e+01 1.160353e+02 1.075000e+02
      vertex   6.946410e+01 1.170000e+02 1.075000e+02
    endloop
  endfacet
  facet normal -7.933533e-01 -6.087614e-01 6.920816e-16
    outer loop
      vertex   6.946410e+01 1.170000e+02 9.500000e+01
      vertex   6.946410e+01 1.170000e+02 1.075000e+02
      vertex   6.882843e+01 1.178284e+02 9.500000e+01
    endloop
  endfacet
  facet normal -7.933533e-01 -6.087614e-01 0.000000e+00
    outer loop
      vertex   6.882843e+01 1.178284e+02 9.500000e+01
      vertex   6.946410e+01 1.170000e+02 1.075000e+02
      vertex   6.882843e+01 1.178284e+02 1.075000e+02
    endloop
  endfacet
  facet normal -6.087614e-01 -7.933533e-01 0.000000e+00
    outer loop
      vertex   6.882843e+01 1.178284e+02 9.500000e+01
      vertex   6.882843e+01 1.178284e+02 1.075000e+02
      vertex   6.800000e+01 1.184641e+02 9.500000e+01
    endloop
  endfacet
  facet normal -6.087614e-01 -7.933533e-01 0.000000e+00
    outer loop
      vertex   6.800000e+01 1.184641e+02 9.500000e+01
      vertex   6.882843e+01 1.178284e+02 1.075000e+02
      vertex   6.800000e+01 1.184641e+02 1.075000e+02
    endloop
  endfacet
  facet normal -3.826834e-01 -9.238795e-01 0.000000e+00
    outer loop
      vertex   6.800000e+01 1.184641e+02 9.500000e+01
      vertex   6.800000e+01 1.184641e+02 1.075000e+02
      vertex   6.703528e+01 1.188637e+02 9.500000e+01
    endloop
  endfacet
  facet normal -3.826834e-01 -9.238795e-01 0.000000e+00
    outer loop
      vertex   6.703528e+01 1.188637e+02 9.500000e+01
      vertex   6.800000e+01 1.184641e+02 1.075000e+02
      vertex   6.703528e+01 1.188637e+02 1.075000e+02
    endloop
  endfacet
  facet normal -1.305262e-01 -9.914449e-01 0.000000e+00
    outer loop
      vertex   6.703528e+01 1.188637e+02 9.500000e+01
      vertex   6.703528e+01 1.188637e+02 1.075000e+02
      vertex   6.600000e+01 1.190000e+02 9.500000e+01
    endloop
  endfacet
  facet normal -1.305262e-01 -9.914449e-01 0.000000e+00
    outer loop
      vertex   6.600000e+01 1.190000e+02 9.500000e+01
      vertex   6.703528e+01 1.188637e+02 1.075000e+02
      vertex   6.600000e+01 1.190000e+02 1.075000e+02
    endloop
  endfacet
  facet normal 1.305262e-01 -9.914449e-01 0.000000e+00
    outer loop
      vertex   6.600000e+01 1.190000e+02 9.500000e+01
      vertex   6.600000e+01 1.190000e+02 1.075000e+02
      vertex   6.496472e+01 1.188637e+02 9.500000e+01
    endloop
  endfacet
  facet normal 1.305262e-01 -9.914449e-01 0.000000e+00
    outer loop
      vertex   6.496472e+01 1.188637e+02 9.500000e+01
      vertex   6.600000e+01 1.190000e+02 1.075000e+02
      vertex   6.496472e+01 1.188637e+02 1.075000e+02
    endloop
  endfacet
  facet normal 3.826834e-01 -9.238795e-01 0.000000e+00
    outer loop
      vertex   6.496472e+01 1.188637e+02 9.500000e+01
      vertex   6.496472e+01 1.188637e+02 1.075000e+02
      vertex   6.400000e+01 1.184641e+02 9.500000e+01
    endloop
  endfacet
  facet normal 3.826834e-01 -9.238795e-01 0.000000e+00
    outer loop
      vertex   6.400000e+01 1.184641e+02 9.500000e+01
      vertex   6.496472e+01 1.188637e+02 1.075000e+02
      vertex   6.400000e+01 1.184641e+02 1.075000e+02
    endloop
  endfacet
  facet normal 6.087614e-01 -7.933533e-01 0.000000e+00
    outer loop
      vertex   6.400000e+01 1.184641e+02 9.500000e+01
      vertex   6.400000e+01 1.184641e+02 1.075000e+02
      vertex   6.317157e+01 1.178284e+02 9.500000e+01
    endloop
  endfacet
  facet normal 6.087614e-01 -7.933533e-01 0.000000e+00
    outer loop
      vertex   6.317157e+01 1.178284e+02 9.500000e+01
      vertex   6.400000e+01 1.184641e+02 1.075000e+02
      vertex   6.317157e+01 1.178284e+02 1.075000e+02
    endloop
  endfacet
  facet normal 7.933533e-01 -6.087614e-01 0.000000e+00
    outer loop
      vertex   6.317157e+01 1.178284e+02 9.500000e+01
      vertex   6.317157e+01 1.178284e+02 1.075000e+02
      vertex   6.253590e+01 1.170000e+02 9.500000e+01
    endloop
  endfacet
  facet normal 7.933533e-01 -6.087614e-01 0.000000e+00
    outer loop
      vertex   6.253590e+01 1.170000e+02 9.500000e+01
      vertex   6.317157e+01 1.178284e+02 1.075000e+02
      vertex   6.253590e+01 1.170000e+02 1.075000e+02
    endloop
  endfacet
  facet normal 9.238795e-01 -3.826834e-01 0.000000e+00
    outer loop
      vertex   6.253590e+01 1.170000e+02 9.500000e+01
      vertex   6.253590e+01 1.170000e+02 1.075000e+02
      vertex   6.213630e+01 1.160353e+02 9.500000e+01
    endloop
  endfacet
  facet normal 9.238795e-01 -3.826834e-01 0.000000e+00
    outer loop
      vertex   6.213630e+01 1.160353e+02 9.500000e+01
      vertex   6.253590e+01 1.170000e+02 1.075000e+02
      vertex   6.213630e+01 1.160353e+02 1.075000e+02
    endloop
  endfacet
  facet normal 9.914449e-01 -1.305262e-01 0.000000e+00
    outer loop
      vertex   6.213630e+01 1.160353e+02 9.500000e+01
      vertex   6.213630e+01 1.160353e+02 1.075000e+02
      vertex   6.200000e+01 1.150000e+02 9.500000e+01
    endloop
  endfacet
  facet normal 9.914449e-01 -1.305262e-01 0.000000e+00
    outer loop
      vertex   6.200000e+01 1.150000e+02 9.500000e+01
      vertex   6.213630e+01 1.160353e+02 1.075000e+02
      vertex   6.200000e+01 1.150000e+02 1.075000e+02
    endloop
  endfacet
  facet normal 9.914449e-01 1.305262e-01 -0.000000e+00
    outer loop
      vertex   6.200000e+01 1.150000e+02 9.500000e+01
      vertex   6.200000e+01 1.150000e+02 1.075000e+02
      vertex   6.213630e+01 1.139647e+02 9.500000e+01
    endloop
  endfacet
  facet normal 9.914449e-01 1.305262e-01 -0.000000e+00
    outer loop
      vertex   6.213630e+01 1.139647e+02 9.500000e+01
      vertex   6.200000e+01 1.150000e+02 1.075000e+02
      vertex   6.213630e+01 1.139647e+02 1.075000e+02
    endloop
  endfacet
  facet normal 9.238795e-01 3.826834e-01 -0.000000e+00
    outer loop
      vertex   6.213630e+01 1.139647e+02 9.500000e+01
      vertex   6.213630e+01 1.139647e+02 1.075000e+02
      vertex   6.253590e+01 1.130000e+02 9.500000e+01
    endloop
  endfacet
  facet normal 9.238795e-01 3.826834e-01 4.350607e-16
    outer loop
      vertex   6.253590e+01 1.130000e+02 9.500000e+01
      vertex   6.213630e+01 1.139647e+02 1.075000e+02
      vertex   6.253590e+01 1.130000e+02 1.075000e+02
    endloop
  endfacet
  facet normal 7.933533e-01 6.087614e-01 6.920816e-16
    outer loop
      vertex   6.253590e+01 1.130000e+02 9.500000e+01
      vertex   6.253590e+01 1.130000e+02 1.075000e+02
      vertex   6.317157e+01 1.121716e+02 9.500000e+01
    endloop
  endfacet
  facet normal 7.933533e-01 6.087614e-01 -0.000000e+00
    outer loop
      vertex   6.317157e+01 1.121716e+02 9.500000e+01
      vertex   6.253590e+01 1.130000e+02 1.075000e+02
      vertex   6.317157e+01 1.121716e+02 1.075000e+02
    endloop
  endfacet
  facet normal 6.087614e-01 7.933533e-01 -0.000000e+00
    outer loop
      vertex   6.317157e+01 1.121716e+02 9.500000e+01
      vertex   6.317157e+01 1.121716e+02 1.075000e+02
      vertex   6.400000e+01 1.115359e+02 9.500000e+01
    endloop
  endfacet
  facet normal 6.087614e-01 7.933533e-01 -0.000000e+00
    outer loop
      vertex   6.400000e+01 1.115359e+02 9.500000e+01
      vertex   6.317157e+01 1.121716e+02 1.075000e+02
      vertex   6.400000e+01 1.115359e+02 1.075000e+02
    endloop
  endfacet
  facet normal 3.826834e-01 9.238795e-01 -0.000000e+00
    outer loop
      vertex   6.400000e+01 1.115359e+02 9.500000e+01
      vertex   6.400000e+01 1.115359e+02 1.075000e+02
      vertex   6.496472e+01 1.111363e+02 9.500000e+01
    endloop
  endfacet
  facet normal 3.826834e-01 9.238795e-01 1.050329e-15
    outer loop
      vertex   6.496472e+01 1.111363e+02 9.500000e+01
      vertex   6.400000e+01 1.115359e+02 1.075000e+02
      vertex   6.496472e+01 1.111363e+02 1.075000e+02
    endloop
  endfacet
  facet normal 1.305262e-01 9.914449e-01 1.127142e-15
    outer loop
      vertex   6.496472e+01 1.111363e+02 9.500000e+01
      vertex   6.496472e+01 1.111363e+02 1.075000e+02
      vertex   6.600000e+01 1.110000e+02 9.500000e+01
    endloop
  endfacet
  facet normal 1.305262e-01 9.914449e-01 -0.000000e+00
    outer loop
      vertex   6.600000e+01 1.110000e+02 9.500000e+01
      vertex   6.496472e+01 1.111363e+02 1.075000e+02
      vertex   6.600000e+01 1.110000e+02 1.075000e+02
    endloop
  endfacet
  facet normal -1.305262e-01 9.914449e-01 0.000000e+00
    outer loop
      vertex   6.600000e+01 1.110000e+02 9.500000e+01
      vertex   6.600000e+01 1.110000e+02 1.075000e+02
      vertex   6.703528e+01 1.111363e+02 9.500000e+01
    endloop
  endfacet
  facet normal -1.305262e-01 9.914449e-01 0.000000e+00
    outer loop
      vertex   6.703528e+01 1.111363e+02 9.500000e+01
      vertex   6.600000e+01 1.110000e+02 1.075000e+02
      vertex   6.703528e+01 1.111363e+02 1.075000e+02
    endloop
  endfacet
  facet normal -3.826834e-01 9.238795e-01 0.000000e+00
    outer loop
      vertex   6.703528e+01 1.111363e+02 9.500000e+01
      vertex   6.703528e+01 1.111363e+02 1.075000e+02
      vertex   6.800000e+01 1.115359e+02 9.500000e+01
    endloop
  endfacet
  facet normal -3.826834e-01 9.238795e-01 0.000000e+00
    outer loop
      vertex   6.800000e+01 1.115359e+02 9.500000e+01
      vertex   6.703528e+01 1.111363e+02 1.075000e+02
      vertex   6.800000e+01 1.115359e+02 1.075000e+02
    endloop
  endfacet
  facet normal -6.087614e-01 7.933533e-01 0.000000e+00
    outer loop
      vertex   6.800000e+01 1.115359e+02 9.500000e+01
      vertex   6.800000e+01 1.115359e+02 1.075000e+02
      vertex   6.882843e+01 1.121716e+02 9.500000e+01
    endloop
  endfacet
  facet normal -6.087614e-01 7.933533e-01 0.000000e+00
    outer loop
      vertex   6.882843e+01 1.121716e+02 9.500000e+01
      vertex   6.800000e+01 1.115359e+02 1.075000e+02
      vertex   6.882843e+01 1.121716e+02 1.075000e+02
    endloop
  endfacet
  facet normal -7.933533e-01 6.087614e-01 0.000000e+00
    outer loop
      vertex   6.882843e+01 1.121716e+02 9.500000e+01
      vertex   6.882843e+01 1.121716e+02 1.075000e+02
      vertex   6.946410e+01 1.130000e+02 9.500000e+01
    endloop
  endfacet
  facet normal -7.933533e-01 6.087614e-01 0.000000e+00
    outer loop
      vertex   6.946410e+01 1.130000e+02 9.500000e+01
      vertex   6.882843e+01 1.121716e+02 1.075000e+02
      vertex   6.946410e+01 1.130000e+02 1.075000e+02
    endloop
  endfacet
  facet normal -9.238795e-01 3.826834e-01 0.000000e+00
    outer loop
      vertex   6.946410e+01 1.130000e+02 9.500000e+01
      vertex   6.946410e+01 1.130000e+02 1.075000e+02
      vertex   6.986370e+01 1.139647e+02 9.500000e+01
    endloop
  endfacet
  facet normal -9.238795e-01 3.826834e-01 0.000000e+00
    outer loop
      vertex   6.986370e+01 1.139647e+02 9.500000e+01
      vertex   6.946410e+01 1.130000e+02 1.075000e+02
      vertex   6.986370e+01 1.139647e+02 1.075000e+02
    endloop
  endfacet
  facet normal -9.914449e-01 -1.305262e-01 -0.000000e+00
    outer loop
      vertex   6.986370e+01 1.160353e+02 1.200000e+02
      vertex   6.986370e+01 1.160353e+02 1.075000e+02
      vertex   7.000000e+01 1.150000e+02 1.200000e+02
    endloop
  endfacet
  facet normal -9.914449e-01 -1.305262e-01 -0.000000e+00
    outer loop
      vertex   7.000000e+01 1.150000e+02 1.200000e+02
      vertex   6.986370e+01 1.160353e+02 1.075000e+02
      vertex   7.000000e+01 1.150000e+02 1.075000e+02
    endloop
  endfacet
  facet normal -9.914449e-01 1.305262e-01 0.000000e+00
    outer loop
      vertex   7.000000e+01 1.150000e+02 1.200000e+02
      vertex   7.000000e+01 1.150000e+02 1.075000e+02
      vertex   6.986370e+01 1.139647e+02 1.200000e+02
    endloop
  endfacet
  facet normal -9.914449e-01 1.305262e-01 0.000000e+00
    outer loop
      vertex   6.986370e+01 1.139647e+02 1.200000e+02
      vertex   7.000000e+01 1.150000e+02 1.075000e+02
      vertex   6.986370e+01 1.139647e+02 1.075000e+02
    endloop
  endfacet
  facet normal -9.238795e-01 3.826834e-01 0.000000e+00
    outer loop
      vertex   6.986370e+01 1.139647e+02 1.200000e+02
      vertex   6.986370e+01 1.139647e+02 1.075000e+02
      vertex   6.946410e+01 1.130000e+02 1.200000e+02
    endloop
  endfacet
  facet normal -9.238795e-01 3.826834e-01 -4.350607e-16
    outer loop
      vertex   6.946410e+01 1.130000e+02 1.200000e+02
      vertex   6.986370e+01 1.139647e+02 1.075000e+02
      vertex   6.946410e+01 1.130000e+02 1.075000e+02
    endloop
  endfacet
  facet normal -7.933533e-01 6.087614e-01 -6.920816e-16
    outer loop
      vertex   6.946410e+01 1.130000e+02 1.200000e+02
      vertex   6.946410e+01 1.130000e+02 1.075000e+02
      vertex   6.882843e+01 1.121716e+02 1.200000e+02
    endloop
  endfacet
  facet normal -7.933533e-01 6.087614e-01 0.000000e+00
    outer loop
      vertex   6.882843e+01 1.121716e+02 1.200000e+02
      vertex   6.946410e+01 1.130000e+02 1.075000e+02
      vertex   6.882843e+01 1.121716e+02 1.075000e+02
    endloop
  endfacet
  facet normal -6.087614e-01 7.933533e-01 0.000000e+00
    outer loop
      vertex   6.882843e+01 1.121716e+02 1.200000e+02
      vertex   6.882843e+01 1.121716e+02 1.075000e+02
      vertex   6.800000e+01 1.115359e+02 1.200000e+02
    endloop
  endfacet
  facet normal -6.087614e-01 7.933533e-01 0.000000e+00
    outer loop
      vertex   6.800000e+01 1.115359e+02 1.200000e+02
      vertex   6.882843e+01 1.121716e+02 1.075000e+02
      vertex   6.800000e+01 1.115359e+02 1.075000e+02
    endloop
  endfacet
  facet normal -3.826834e-01 9.238795e-01 0.000000e+00
    outer loop
      vertex   6.800000e+01 1.115359e+02 1.200000e+02
      vertex   6.800000e+01 1.115359e+02 1.075000e+02
      vertex   6.703528e+01 1.111363e+02 1.200000e+02
    endloop
  endfacet
  facet normal -3.826834e-01 9.238795e-01 0.000000e+00
    outer loop
      vertex   6.703528e+01 1.111363e+02 1.200000e+02
      vertex   6.800000e+01 1.115359e+02 1.075000e+02
      vertex   6.703528e+01 1.111363e+02 1.075000e+02
    endloop
  endfacet
  facet normal -1.305262e-01 9.914449e-01 0.000000e+00
    outer loop
      vertex   6.703528e+01 1.111363e+02 1.200000e+02
      vertex   6.703528e+01 1.111363e+02 1.075000e+02
      vertex   6.600000e+01 1.110000e+02 1.200000e+02
    endloop
  endfacet
  facet normal -1.305262e-01 9.914449e-01 0.000000e+00
    outer loop
      vertex   6.600000e+01 1.110000e+02 1.200000e+02
      vertex   6.703528e+01 1.111363e+02 1.075000e+02
      vertex   6.600000e+01 1.110000e+02 1.075000e+02
    endloop
  endfacet
  facet normal 1.305262e-01 9.914449e-01 0.000000e+00
    outer loop
      vertex   6.600000e+01 1.110000e+02 1.200000e+02
      vertex   6.600000e+01 1.110000e+02 1.075000e+02
      vertex   6.496472e+01 1.111363e+02 1.200000e+02
    endloop
  endfacet
  facet normal 1.305262e-01 9.914449e-01 0.000000e+00
    outer loop
      vertex   6.496472e+01 1.111363e+02 1.200000e+02
      vertex   6.600000e+01 1.110000e+02 1.075000e+02
      vertex   6.496472e+01 1.111363e+02 1.075000e+02
    endloop
  endfacet
  facet normal 3.826834e-01 9.238795e-01 0.000000e+00
    outer loop
      vertex   6.496472e+01 1.111363e+02 1.200000e+02
      vertex   6.496472e+01 1.111363e+02 1.075000e+02
      vertex   6.400000e+01 1.115359e+02 1.200000e+02
    endloop
  endfacet
  facet normal 3.826834e-01 9.238795e-01 0.000000e+00
    outer loop
      vertex   6.400000e+01 1.115359e+02 1.200000e+02
      vertex   6.496472e+01 1.111363e+02 1.075000e+02
      vertex   6.400000e+01 1.115359e+02 1.075000e+02
    endloop
  endfacet
  facet normal 6.087614e-01 7.933533e-01 0.000000e+00
    outer loop
      vertex   6.400000e+01 1.115359e+02 1.200000e+02
      vertex   6.400000e+01 1.115359e+02 1.075000e+02
      vertex   6.317157e+01 1.121716e+02 1.200000e+02
    endloop
  endfacet
  facet normal 6.087614e-01 7.933533e-01 0.000000e+00
    outer loop
      vertex   6.317157e+01 1.121716e+02 1.200000e+02
      vertex   6.400000e+01 1.115359e+02 1.075000e+02
      vertex   6.317157e+01 1.121716e+02 1.075000e+02
    endloop
  endfacet
  facet normal 7.933533e-01 6.087614e-01 0.000000e+00
    outer loop
      vertex   6.317157e+01 1.121716e+02 1.200000e+02
      vertex   6.317157e+01 1.121716e+02 1.075000e+02
      vertex   6.253590e+01 1.130000e+02 1.200000e+02
    endloop
  endfacet
  facet normal 7.933533e-01 6.087614e-01 0.000000e+00
    outer loop
      vertex   6.253590e+01 1.130000e+02 1.200000e+02
      vertex   6.317157e+01 1.121716e+02 1.075000e+02
      vertex   6.253590e+01 1.130000e+02 1.075000e+02
    endloop
  endfacet
  facet normal 9.238795e-01 3.826834e-01 0.000000e+00
    outer loop
      vertex   6.253590e+01 1.130000e+02 1.200000e+02
      vertex   6.253590e+01 1.130000e+02 1.075000e+02
      vertex   6.213630e+01 1.139647e+02 1.200000e+02
    endloop
  endfacet
  facet normal 9.238795e-01 3.826834e-01 0.000000e+00
    outer loop
      vertex   6.213630e+01 1.139647e+02 1.200000e+02
      vertex   6.253590e+01 1.130000e+02 1.075000e+02
      vertex   6.213630e+01 1.139647e+02 1.075000e+02
    endloop
  endfacet
  facet normal 9.914449e-01 1.305262e-01 0.000000e+00
    outer loop
      vertex   6.213630e+01 1.139647e+02 1.200000e+02
      vertex   6.213630e+01 1.139647e+02 1.075000e+02
      vertex   6.200000e+01 1.150000e+02 1.200000e+02
    endloop
  endfacet
  facet normal 9.914449e-01 1.305262e-01 0.000000e+00
    outer loop
      vertex   6.200000e+01 1.150000e+02 1.200000e+02
      vertex   6.213630e+01 1.139647e+02 1.075000e+02
      vertex   6.200000e+01 1.150000e+02 1.075000e+02
    endloop
  endfacet
  facet normal 9.914449e-01 -1.305262e-01 0.000000e+00
    outer loop
      vertex   6.200000e+01 1.150000e+02 1.200000e+02
      vertex   6.200000e+01 1.150000e+02 1.075000e+02
      vertex   6.213630e+01 1.160353e+02 1.200000e+02
    endloop
  endfacet
  facet normal 9.914449e-01 -1.305262e-01 0.000000e+00
    outer loop
      vertex   6.213630e+01 1.160353e+02 1.200000e+02
      vertex   6.200000e+01 1.150000e+02 1.075000e+02
      vertex   6.213630e+01 1.160353e+02 1.075000e+02
    endloop
  endfacet
  facet normal 9.238795e-01 -3.826834e-01 0.000000e+00
    outer loop
      vertex   6.213630e+01 1.160353e+02 1.200000e+02
      vertex   6.213630e+01 1.160353e+02 1.075000e+02
      vertex   6.253590e+01 1.170000e+02 1.200000e+02
    endloop
  endfacet
  facet normal 9.238795e-01 -3.826834e-01 -4.350607e-16
    outer loop
      vertex   6.253590e+01 1.170000e+02 1.200000e+02
      vertex   6.213630e+01 1.160353e+02 1.075000e+02
      vertex   6.253590e+01 1.170000e+02 1.075000e+02
    endloop
  endfacet
  facet normal 7.933533e-01 -6.087614e-01 -6.920816e-16
    outer loop
      vertex   6.253590e+01 1.170000e+02 1.200000e+02
      vertex   6.253590e+01 1.170000e+02 1.075000e+02
      vertex   6.317157e+01 1.178284e+02 1.200000e+02
    endloop
  endfacet
  facet normal 7.933533e-01 -6.087614e-01 0.000000e+00
    outer loop
      vertex   6.317157e+01 1.178284e+02 1.200000e+02
      vertex   6.253590e+01 1.170000e+02 1.075000e+02
      vertex   6.317157e+01 1.178284e+02 1.075000e+02
    endloop
  endfacet
  facet normal 6.087614e-01 -7.933533e-01 0.000000e+00
    outer loop
      vertex   6.317157e+01 1.178284e+02 1.200000e+02
      vertex   6.317157e+01 1.178284e+02 1.075000e+02
      vertex   6.400000e+01 1.184641e+02 1.200000e+02
    endloop
  endfacet
  facet normal 6.087614e-01 -7.933533e-01 0.000000e+00
    outer loop
      vertex   6.400000e+01 1.184641e+02 1.200000e+02
      vertex   6.317157e+01 1.178284e+02 1.075000e+02
      vertex   6.400000e+01 1.184641e+02 1.075000e+02
    endloop
  endfacet
  facet normal 3.826834e-01 -9.238795e-01 0.000000e+00
    outer loop
      vertex   6.400000e+01 1.184641e+02 1.200000e+02
      vertex   6.400000e+01 1.184641e+02 1.075000e+02
      vertex   6.496472e+01 1.188637e+02 1.200000e+02
    endloop
  endfacet
  facet normal 3.826834e-01 -9.238795e-01 -2.100659e-15
    outer loop
      vertex   6.496472e+01 1.188637e+02 1.200000e+02
      vertex   6.400000e+01 1.184641e+02 1.075000e+02
      vertex   6.496472e+01 1.188637e+02 1.075000e+02
    endloop
  endfacet
  facet normal 1.305262e-01 -9.914449e-01 -2.254285e-15
    outer loop
      vertex   6.496472e+01 1.188637e+02 1.200000e+02
      vertex   6.496472e+01 1.188637e+02 1.075000e+02
      vertex   6.600000e+01 1.190000e+02 1.200000e+02
    endloop
  endfacet
  facet normal 1.305262e-01 -9.914449e-01 0.000000e+00
    outer loop
      vertex   6.600000e+01 1.190000e+02 1.200000e+02
      vertex   6.496472e+01 1.188637e+02 1.075000e+02
      vertex   6.600000e+01 1.190000e+02 1.075000e+02
    endloop
  endfacet
  facet normal -1.305262e-01 -9.914449e-01 -0.000000e+00
    outer loop
      vertex   6.600000e+01 1.190000e+02 1.200000e+02
      vertex   6.600000e+01 1.190000e+02 1.075000e+02
      vertex   6.703528e+01 1.188637e+02 1.200000e+02
    endloop
  endfacet
  facet normal -1.305262e-01 -9.914449e-01 -0.000000e+00
    outer loop
      vertex   6.703528e+01 1.188637e+02 1.200000e+02
      vertex   6.600000e+01 1.190000e+02 1.075000e+02
      vertex   6.703528e+01 1.188637e+02 1.075000e+02
    endloop
  endfacet
  facet normal -3.826834e-01 -9.238795e-01 -0.000000e+00
    outer loop
      vertex   6.703528e+01 1.188637e+02 1.200000e+02
      vertex   6.703528e+01 1.188637e+02 1.075000e+02
      vertex   6.800000e+01 1.184641e+02 1.200000e+02
    endloop
  endfacet
  facet normal -3.826834e-01 -9.238795e-01 -0.000000e+00
    outer loop
      vertex   6.800000e+01 1.184641e+02 1.200000e+02
      vertex   6.703528e+01 1.188637e+02 1.075000e+02
      vertex   6.800000e+01 1.184641e+02 1.075000e+02
    endloop
  endfacet
  facet normal -6.087614e-01 -7.933533e-01 -0.000000e+00
    outer loop
      vertex   6.800000e+01 1.184641e+02 1.200000e+02
      vertex   6.800000e+01 1.184641e+02 1.075000e+02
      vertex   6.882843e+01 1.178284e+02 1.200000e+02
    endloop
  endfacet
  facet normal -6.087614e-01 -7.933533e-01 -0.000000e+00
    outer loop
      vertex   6.882843e+01 1.178284e+02 1.200000e+02
      vertex   6.800000e+01 1.184641e+02 1.075000e+02
      vertex   6.882843e+01 1.178284e+02 1.075000e+02
    endloop
  endfacet
  facet normal -7.933533e-01 -6.087614e-01 -0.000000e+00
    outer loop
      vertex   6.882843e+01 1.178284e+02 1.200000e+02
      vertex   6.882843e+01 1.178284e+02 1.075000e+02
      vertex   6.946410e+01 1.170000e+02 1.200000e+02
    endloop
  endfacet
  facet normal -7.933533e-01 -6.087614e-01 -0.000000e+00
    outer loop
      vertex   6.946410e+01 1.170000e+02 1.200000e+02
      vertex   6.882843e+01 1.178284e+02 1.075000e+02
      vertex   6.946410e+01 1.170000e+02 1.075000e+02
    endloop
  endfacet
  facet normal -9.238795e-01 -3.826834e-01 -0.000000e+00
    outer loop
      vertex   6.946410e+01 1.170000e+02 1.200000e+02
      vertex   6.946410e+01 1.170000e+02 1.075000e+02
      vertex   6.986370e+01 1.160353e+02 1.200000e+02
    endloop
  endfacet
  facet normal -9.238795e-01 -3.826834e-01 -0.000000e+00
    outer loop
      vertex   6.986370e+01 1.160353e+02 1.200000e+02
      vertex   6.946410e+01 1.170000e+02 1.075000e+02
      vertex   6.986370e+01 1.160353e+02 1.075000e+02
    endloop
  endfacet
  facet normal -9.914449e-01 1.305262e-01 0.000000e+00
    outer loop
      vertex   6.986370e+01 9.846473e+01 9.500000e+01
      vertex   6.986370e+01 9.846473e+01 1.075000e+02
      vertex   7.000000e+01 9.950000e+01 9.500000e+01
    endloop
  endfacet
  facet normal -9.914449e-01 1.305262e-01 0.000000e+00
    outer loop
      vertex   7.000000e+01 9.950000e+01 9.500000e+01
      vertex   6.986370e+01 9.846473e+01 1.075000e+02
      vertex   7.000000e+01 9.950000e+01 1.075000e+02
    endloop
  endfacet
  facet normal -9.914449e-01 -1.305262e-01 0.000000e+00
    outer loop
      vertex   7.000000e+01 9.950000e+01 9.500000e+01
      vertex   7.000000e+01 9.950000e+01 1.075000e+02
      vertex   6.986370e+01 1.005353e+02 9.500000e+01
    endloop
  endfacet
  facet normal -9.914449e-01 -1.305262e-01 0.000000e+00
    outer loop
      vertex   6.986370e+01 1.005353e+02 9.500000e+01
      vertex   7.000000e+01 9.950000e+01 1.075000e+02
      vertex   6.986370e+01 1.005353e+02 1.075000e+02
    endloop
  endfacet
  facet normal -9.238795e-01 -3.826834e-01 0.000000e+00
    outer loop
      vertex   6.986370e+01 1.005353e+02 9.500000e+01
      vertex   6.986370e+01 1.005353e+02 1.075000e+02
      vertex   6.946410e+01 1.015000e+02 9.500000e+01
    endloop
  endfacet
  facet normal -9.238795e-01 -3.826834e-01 4.350607e-16
    outer loop
      vertex   6.946410e+01 1.015000e+02 9.500000e+01
      vertex   6.986370e+01 1.005353e+02 1.075000e+02
      vertex   6.946410e+01 1.015000e+02 1.075000e+02
    endloop
  endfacet
  facet normal -7.933533e-01 -6.087614e-01 6.920816e-16
    outer loop
      vertex   6.946410e+01 1.015000e+02 9.500000e+01
      vertex   6.946410e+01 1.015000e+02 1.075000e+02
      vertex   6.882843e+01 1.023284e+02 9.500000e+01
    endloop
  endfacet
  facet normal -7.933533e-01 -6.087614e-01 0.000000e+00
    outer loop
      vertex   6.882843e+01 1.023284e+02 9.500000e+01
      vertex   6.946410e+01 1.015000e+02 1.075000e+02
      vertex   6.882843e+01 1.023284e+02 1.075000e+02
    endloop
  endfacet
  facet normal -6.087614e-01 -7.933533e-01 0.000000e+00
    outer loop
      vertex   6.882843e+01 1.023284e+02 9.500000e+01
      vertex   6.882843e+01 1.023284e+02 1.075000e+02
      vertex   6.800000e+01 1.029641e+02 9.500000e+01
    endloop
  endfacet
  facet normal -6.087614e-01 -7.933533e-01 0.000000e+00
    outer loop
      vertex   6.800000e+01 1.029641e+02 9.500000e+01
      vertex   6.882843e+01 1.023284e+02 1.075000e+02
      vertex   6.800000e+01 1.029641e+02 1.075000e+02
    endloop
  endfacet
  facet normal -3.826834e-01 -9.238795e-01 0.000000e+00
    outer loop
      vertex   6.800000e+01 1.029641e+02 9.500000e+01
      vertex   6.800000e+01 1.029641e+02 1.075000e+02
      vertex   6.703528e+01 1.033637e+02 9.500000e+01
    endloop
  endfacet
  facet normal -3.826834e-01 -9.238795e-01 0.000000e+00
    outer loop
      vertex   6.703528e+01 1.033637e+02 9.500000e+01
      vertex   6.800000e+01 1.029641e+02 1.075000e+02
      vertex   6.703528e+01 1.033637e+02 1.075000e+02
    endloop
  endfacet
  facet normal -1.305262e-01 -9.914449e-01 0.000000e+00
    outer loop
      vertex   6.703528e+01 1.033637e+02 9.500000e+01
      vertex   6.703528e+01 1.033637e+02 1.075000e+02
      vertex   6.600000e+01 1.035000e+02 9.500000e+01
    endloop
  endfacet
  facet normal -1.305262e-01 -9.914449e-01 0.000000e+00
    outer loop
      vertex   6.600000e+01 1.035000e+02 9.500000e+01
      vertex   6.703528e+01 1.033637e+02 1.075000e+02
      vertex   6.600000e+01 1.035000e+02 1.075000e+02
    endloop
  endfacet
  facet normal 1.305262e-01 -9.914449e-01 0.000000e+00
    outer loop
      vertex   6.600000e+01 1.035000e+02 9.500000e+01
      vertex   6.600000e+01 1.035000e+02 1.075000e+02
      vertex   6.496472e+01 1.033637e+02 9.500000e+01
    endloop
  endfacet
  facet normal 1.305262e-01 -9.914449e-01 0.000000e+00
    outer loop
      vertex   6.496472e+01 1.033637e+02 9.500000e+01
      vertex   6.600000e+01 1.035000e+02 1.075000e+02
      vertex   6.496472e+01 1.033637e+02 1.075000e+02
    endloop
  endfacet
  facet normal 3.826834e-01 -9.238795e-01 0.000000e+00
    outer loop
      vertex   6.496472e+01 1.033637e+02 9.500000e+01
      vertex   6.496472e+01 1.033637e+02 1.075000e+02
      vertex   6.400000e+01 1.029641e+02 9.500000e+01
    endloop
  endfacet
  facet normal 3.826834e-01 -9.238795e-01 0.000000e+00
    outer loop
      vertex   6.400000e+01 1.029641e+02 9.500000e+01
      vertex   6.496472e+01 1.033637e+02 1.075000e+02
      vertex   6.400000e+01 1.029641e+02 1.075000e+02
    endloop
  endfacet
  facet normal 6.087614e-01 -7.933533e-01 0.000000e+00
    outer loop
      vertex   6.400000e+01 1.029641e+02 9.500000e+01
      vertex   6.400000e+01 1.029641e+02 1.075000e+02
      vertex   6.317157e+01 1.023284e+02 9.500000e+01
    endloop
  endfacet
  facet normal 6.087614e-01 -7.933533e-01 0.000000e+00
    outer loop
      vertex   6.317157e+01 1.023284e+02 9.500000e+01
      vertex   6.400000e+01 1.029641e+02 1.075000e+02
      vertex   6.317157e+01 1.023284e+02 1.075000e+02
    endloop
  endfacet
  facet normal 7.933533e-01 -6.087614e-01 0.000000e+00
    outer loop
      vertex   6.317157e+01 1.023284e+02 9.500000e+01
      vertex   6.317157e+01 1.023284e+02 1.075000e+02
      vertex   6.253590e+01 1.015000e+02 9.500000e+01
    endloop
  endfacet
  facet normal 7.933533e-01 -6.087614e-01 0.000000e+00
    outer loop
      vertex   6.253590e+01 1.015000e+02 9.500000e+01
      vertex   6.317157e+01 1.023284e+02 1.075000e+02
      vertex   6.253590e+01 1.015000e+02 1.075000e+02
    endloop
  endfacet
  facet normal 9.238795e-01 -3.826834e-01 0.000000e+00
    outer loop
      vertex   6.253590e+01 1.015000e+02 9.500000e+01
      vertex   6.253590e+01 1.015000e+02 1.075000e+02
      vertex   6.213630e+01 1.005353e+02 9.500000e+01
    endloop
  endfacet
  facet normal 9.238795e-01 -3.826834e-01 0.000000e+00
    outer loop
      vertex   6.213630e+01 1.005353e+02 9.500000e+01
      vertex   6.253590e+01 1.015000e+02 1.075000e+02
      vertex   6.213630e+01 1.005353e+02 1.075000e+02
    endloop
  endfacet
  facet normal 9.914449e-01 -1.305262e-01 0.000000e+00
    outer loop
      vertex   6.213630e+01 1.005353e+02 9.500000e+01
      vertex   6.213630e+01 1.005353e+02 1.075000e+02
      vertex   6.200000e+01 9.950000e+01 9.500000e+01
    endloop
  endfacet
  facet normal 9.914449e-01 -1.305262e-01 0.000000e+00
    outer loop
      vertex   6.200000e+01 9.950000e+01 9.500000e+01
      vertex   6.213630e+01 1.005353e+02 1.075000e+02
      vertex   6.200000e+01 9.950000e+01 1.075000e+02
    endloop
  endfacet
  facet normal 9.914449e-01 1.305262e-01 -0.000000e+00
    outer loop
      vertex   6.200000e+01 9.950000e+01 9.500000e+01
      vertex   6.200000e+01 9.950000e+01 1.075000e+02
      vertex   6.213630e+01 9.846473e+01 9.500000e+01
    endloop
  endfacet
  facet normal 9.914449e-01 1.305262e-01 -0.000000e+00
    outer loop
      vertex   6.213630e+01 9.846473e+01 9.500000e+01
      vertex   6.200000e+01 9.950000e+01 1.075000e+02
      vertex   6.213630e+01 9.846473e+01 1.075000e+02
    endloop
  endfacet
  facet normal 9.238795e-01 3.826834e-01 -0.000000e+00
    outer loop
      vertex   6.213630e+01 9.846473e+01 9.500000e+01
      vertex   6.213630e+01 9.846473e+01 1.075000e+02
      vertex   6.253590e+01 9.750000e+01 9.500000e+01
    endloop
  endfacet
  facet normal 9.238795e-01 3.826834e-01 4.350607e-16
    outer loop
      vertex   6.253590e+01 9.750000e+01 9.500000e+01
      vertex   6.213630e+01 9.846473e+01 1.075000e+02
      vertex   6.253590e+01 9.750000e+01 1.075000e+02
    endloop
  endfacet
  facet normal 7.933533e-01 6.087614e-01 6.920816e-16
    outer loop
      vertex   6.253590e+01 9.750000e+01 9.500000e+01
      vertex   6.253590e+01 9.750000e+01 1.075000e+02
      vertex   6.317157e+01 9.667157e+01 9.500000e+01
    endloop
  endfacet
  facet normal 7.933533e-01 6.087614e-01 -0.000000e+00
    outer loop
      vertex   6.317157e+01 9.667157e+01 9.500000e+01
      vertex   6.253590e+01 9.750000e+01 1.075000e+02
      vertex   6.317157e+01 9.667157e+01 1.075000e+02
    endloop
  endfacet
  facet normal 6.087614e-01 7.933533e-01 -0.000000e+00
    outer loop
      vertex   6.317157e+01 9.667157e+01 9.500000e+01
      vertex   6.317157e+01 9.667157e+01 1.075000e+02
      vertex   6.400000e+01 9.603590e+01 9.500000e+01
    endloop
  endfacet
  facet normal 6.087614e-01 7.933533e-01 -0.000000e+00
    outer loop
      vertex   6.400000e+01 9.603590e+01 9.500000e+01
      vertex   6.317157e+01 9.667157e+01 1.075000e+02
      vertex   6.400000e+01 9.603590e+01 1.075000e+02
    endloop
  endfacet
  facet normal 3.826834e-01 9.238795e-01 -0.000000e+00
    outer loop
      vertex   6.400000e+01 9.603590e+01 9.500000e+01
      vertex   6.400000e+01 9.603590e+01 1.075000e+02
      vertex   6.496472e+01 9.563630e+01 9.500000e+01
    endloop
  endfacet
  facet normal 3.826834e-01 9.238795e-01 2.100659e-15
    outer loop
      vertex   6.496472e+01 9.563630e+01 9.500000e+01
      vertex   6.400000e+01 9.603590e+01 1.075000e+02
      vertex   6.496472e+01 9.563630e+01 1.075000e+02
    endloop
  endfacet
  facet normal 1.305262e-01 9.914449e-01 2.254285e-15
    outer loop
      vertex   6.496472e+01 9.563630e+01 9.500000e+01
      vertex   6.496472e+01 9.563630e+01 1.075000e+02
      vertex   6.600000e+01 9.550000e+01 9.500000e+01
    endloop
  endfacet
  facet normal 1.305262e-01 9.914449e-01 -0.000000e+00
    outer loop
      vertex   6.600000e+01 9.550000e+01 9.500000e+01
      vertex   6.496472e+01 9.563630e+01 1.075000e+02
      vertex   6.600000e+01 9.550000e+01 1.075000e+02
    endloop
  endfacet
  facet normal -1.305262e-01 9.914449e-01 0.000000e+00
    outer loop
      vertex   6.600000e+01 9.550000e+01 9.500000e+01
      vertex   6.600000e+01 9.550000e+01 1.075000e+02
      vertex   6.703528e+01 9.563630e+01 9.500000e+01
    endloop
  endfacet
  facet normal -1.305262e-01 9.914449e-01 0.000000e+00
    outer loop
      vertex   6.703528e+01 9.563630e+01 9.500000e+01
      vertex   6.600000e+01 9.550000e+01 1.075000e+02
      vertex   6.703528e+01 9.563630e+01 1.075000e+02
    endloop
  endfacet
  facet normal -3.826834e-01 9.238795e-01 0.000000e+00
    outer loop
      vertex   6.703528e+01 9.563630e+01 9.500000e+01
      vertex   6.703528e+01 9.563630e+01 1.075000e+02
      vertex   6.800000e+01 9.603590e+01 9.500000e+01
    endloop
  endfacet
  facet normal -3.826834e-01 9.238795e-01 0.000000e+00
    outer loop
      vertex   6.800000e+01 9.603590e+01 9.500000e+01
      vertex   6.703528e+01 9.563630e+01 1.075000e+02
      vertex   6.800000e+01 9.603590e+01 1.075000e+02
    endloop
  endfacet
  facet normal -6.087614e-01 7.933533e-01 0.000000e+00
    outer loop
      vertex   6.800000e+01 9.603590e+01 9.500000e+01
      vertex   6.800000e+01 9.603590e+01 1.075000e+02
      vertex   6.882843e+01 9.667157e+01 9.500000e+01
    endloop
  endfacet
  facet normal -6.087614e-01 7.933533e-01 0.000000e+00
    outer loop
      vertex   6.882843e+01 9.667157e+01 9.500000e+01
      vertex   6.800000e+01 9.603590e+01 1.075000e+02
      vertex   6.882843e+01 9.667157e+01 1.075000e+02
    endloop
  endfacet
  facet normal -7.933533e-01 6.087614e-01 0.000000e+00
    outer loop
      vertex   6.882843e+01 9.667157e+01 9.500000e+01
      vertex   6.882843e+01 9.667157e+01 1.075000e+02
      vertex   6.946410e+01 9.750000e+01 9.500000e+01
    endloop
  endfacet
  facet normal -7.933533e-01 6.087614e-01 0.000000e+00
    outer loop
      vertex   6.946410e+01 9.750000e+01 9.500000e+01
      vertex   6.882843e+01 9.667157e+01 1.075000e+02
      vertex   6.946410e+01 9.750000e+01 1.075000e+02
    endloop
  endfacet
  facet normal -9.238795e-01 3.826834e-01 0.000000e+00
    outer loop
      vertex   6.946410e+01 9.750000e+01 9.500000e+01
      vertex   6.946410e+01 9.750000e+01 1.075000e+02
      vertex   6.986370e+01 9.846473e+01 9.500000e+01
    endloop
  endfacet
  facet normal -9.238795e-01 3.826834e-01 0.000000e+00
    outer loop
      vertex   6.986370e+01 9.846473e+01 9.500000e+01
      vertex   6.946410e+01 9.750000e+01 1.075000e+02
      vertex   6.986370e+01 9.846473e+01 1.075000e+02
    endloop
  endfacet
  facet normal -9.914449e-01 -1.305262e-01 -0.000000e+00
    outer loop
      vertex   6.986370e+01 1.005353e+02 1.200000e+02
      vertex   6.986370e+01 1.005353e+02 1.075000e+02
      vertex   7.000000e+01 9.950000e+01 1.200000e+02
    endloop
  endfacet
  facet normal -9.914449e-01 -1.305262e-01 -0.000000e+00
    outer loop
      vertex   7.000000e+01 9.950000e+01 1.200000e+02
      vertex   6.986370e+01 1.005353e+02 1.075000e+02
      vertex   7.000000e+01 9.950000e+01 1.075000e+02
    endloop
  endfacet
  facet normal -9.914449e-01 1.305262e-01 0.000000e+00
    outer loop
      vertex   7.000000e+01 9.950000e+01 1.200000e+02
      vertex   7.000000e+01 9.950000e+01 1.075000e+02
      vertex   6.986370e+01 9.846473e+01 1.200000e+02
    endloop
  endfacet
  facet normal -9.914449e-01 1.305262e-01 0.000000e+00
    outer loop
      vertex   6.986370e+01 9.846473e+01 1.200000e+02
      vertex   7.000000e+01 9.950000e+01 1.075000e+02
      vertex   6.986370e+01 9.846473e+01 1.075000e+02
    endloop
  endfacet
  facet normal -9.238795e-01 3.826834e-01 0.000000e+00
    outer loop
      vertex   6.986370e+01 9.846473e+01 1.200000e+02
      vertex   6.986370e+01 9.846473e+01 1.075000e+02
      vertex   6.946410e+01 9.750000e+01 1.200000e+02
    endloop
  endfacet
  facet normal -9.238795e-01 3.826834e-01 -4.350607e-16
    outer loop
      vertex   6.946410e+01 9.750000e+01 1.200000e+02
      vertex   6.986370e+01 9.846473e+01 1.075000e+02
      vertex   6.946410e+01 9.750000e+01 1.075000e+02
    endloop
  endfacet
  facet normal -7.933533e-01 6.087614e-01 -6.920816e-16
    outer loop
      vertex   6.946410e+01 9.750000e+01 1.200000e+02
      vertex   6.946410e+01 9.750000e+01 1.075000e+02
      vertex   6.882843e+01 9.667157e+01 1.200000e+02
    endloop
  endfacet
  facet normal -7.933533e-01 6.087614e-01 0.000000e+00
    outer loop
      vertex   6.882843e+01 9.667157e+01 1.200000e+02
      vertex   6.946410e+01 9.750000e+01 1.075000e+02
      vertex   6.882843e+01 9.667157e+01 1.075000e+02
    endloop
  endfacet
  facet normal -6.087614e-01 7.933533e-01 0.000000e+00
    outer loop
      vertex   6.882843e+01 9.667157e+01 1.200000e+02
      vertex   6.882843e+01 9.667157e+01 1.075000e+02
      vertex   6.800000e+01 9.603590e+01 1.200000e+02
    endloop
  endfacet
  facet normal -6.087614e-01 7.933533e-01 0.000000e+00
    outer loop
      vertex   6.800000e+01 9.603590e+01 1.200000e+02
      vertex   6.882843e+01 9.667157e+01 1.075000e+02
      vertex   6.800000e+01 9.603590e+01 1.075000e+02
    endloop
  endfacet
  facet normal -3.826834e-01 9.238795e-01 0.000000e+00
    outer loop
      vertex   6.800000e+01 9.603590e+01 1.200000e+02
      vertex   6.800000e+01 9.603590e+01 1.075000e+02
      vertex   6.703528e+01 9.563630e+01 1.200000e+02
    endloop
  endfacet
  facet normal -3.826834e-01 9.238795e-01 0.000000e+00
    outer loop
      vertex   6.703528e+01 9.563630e+01 1.200000e+02
      vertex   6.800000e+01 9.603590e+01 1.075000e+02
      vertex   6.703528e+01 9.563630e+01 1.075000e+02
    endloop
  endfacet
  facet normal -1.305262e-01 9.914449e-01 0.000000e+00
    outer loop
      vertex   6.703528e+01 9.563630e+01 1.200000e+02
      vertex   6.703528e+01 9.563630e+01 1.075000e+02
      vertex   6.600000e+01 9.550000e+01 1.200000e+02
    endloop
  endfacet
  facet normal -1.305262e-01 9.914449e-01 0.000000e+00
    outer loop
      vertex   6.600000e+01 9.550000e+01 1.200000e+02
      vertex   6.703528e+01 9.563630e+01 1.075000e+02
      vertex   6.600000e+01 9.550000e+01 1.075000e+02
    endloop
  endfacet
  facet normal 1.305262e-01 9.914449e-01 0.000000e+00
    outer loop
      vertex   6.600000e+01 9.550000e+01 1.200000e+02
      vertex   6.600000e+01 9.550000e+01 1.075000e+02
      vertex   6.496472e+01 9.563630e+01 1.200000e+02
    endloop
  endfacet
  facet normal 1.305262e-01 9.914449e-01 0.000000e+00
    outer loop
      vertex   6.496472e+01 9.563630e+01 1.200000e+02
      vertex   6.600000e+01 9.550000e+01 1.075000e+02
      vertex   6.496472e+01 9.563630e+01 1.075000e+02
    endloop
  endfacet
  facet normal 3.826834e-01 9.238795e-01 0.000000e+00
    outer loop
      vertex   6.496472e+01 9.563630e+01 1.200000e+02
      vertex   6.496472e+01 9.563630e+01 1.075000e+02
      vertex   6.400000e+01 9.603590e+01 1.200000e+02
    endloop
  endfacet
  facet normal 3.826834e-01 9.238795e-01 0.000000e+00
    outer loop
      vertex   6.400000e+01 9.603590e+01 1.200000e+02
      vertex   6.496472e+01 9.563630e+01 1.075000e+02
      vertex   6.400000e+01 9.603590e+01 1.075000e+02
    endloop
  endfacet
  facet normal 6.087614e-01 7.933533e-01 0.000000e+00
    outer loop
      vertex   6.400000e+01 9.603590e+01 1.200000e+02
      vertex   6.400000e+01 9.603590e+01 1.075000e+02
      vertex   6.317157e+01 9.667157e+01 1.200000e+02
    endloop
  endfacet
  facet normal 6.087614e-01 7.933533e-01 0.000000e+00
    outer loop
      vertex   6.317157e+01 9.667157e+01 1.200000e+02
      vertex   6.400000e+01 9.603590e+01 1.075000e+02
      vertex   6.317157e+01 9.667157e+01 1.075000e+02
    endloop
  endfacet
  facet normal 7.933533e-01 6.087614e-01 0.000000e+00
    outer loop
      vertex   6.317157e+01 9.667157e+01 1.200000e+02
      vertex   6.317157e+01 9.667157e+01 1.075000e+02
      vertex   6.253590e+01 9.750000e+01 1.200000e+02
    endloop
  endfacet
  facet normal 7.933533e-01 6.087614e-01 0.000000e+00
    outer loop
      vertex   6.253590e+01 9.750000e+01 1.200000e+02
      vertex   6.317157e+01 9.667157e+01 1.075000e+02
      vertex   6.253590e+01 9.750000e+01 1.075000e+02
    endloop
  endfacet
  facet normal 9.238795e-01 3.826834e-01 0.000000e+00
    outer loop
      vertex   6.253590e+01 9.750000e+01 1.200000e+02
      vertex   6.253590e+01 9.750000e+01 1.075000e+02
      vertex   6.213630e+01 9.846473e+01 1.200000e+02
    endloop
  endfacet
  facet normal 9.238795e-01 3.826834e-01 0.000000e+00
    outer loop
      vertex   6.213630e+01 9.846473e+01 1.200000e+02
      vertex   6.253590e+01 9.750000e+01 1.075000e+02
      vertex   6.213630e+01 9.846473e+01 1.075000e+02
    endloop
  endfacet
  facet normal 9.914449e-01 1.305262e-01 0.000000e+00
    outer loop
      vertex   6.213630e+01 9.846473e+01 1.200000e+02
      vertex   6.213630e+01 9.846473e+01 1.075000e+02
      vertex   6.200000e+01 9.950000e+01 1.200000e+02
    endloop
  endfacet
  facet normal 9.914449e-01 1.305262e-01 0.000000e+00
    outer loop
      vertex   6.200000e+01 9.950000e+01 1.200000e+02
      vertex   6.213630e+01 9.846473e+01 1.075000e+02
      vertex   6.200000e+01 9.950000e+01 1.075000e+02
    endloop
  endfacet
  facet normal 9.914449e-01 -1.305262e-01 0.000000e+00
    outer loop
      vertex   6.200000e+01 9.950000e+01 1.200000e+02
      vertex   6.200000e+01 9.950000e+01 1.075000e+02
      vertex   6.213630e+01 1.005353e+02 1.200000e+02
    endloop
  endfacet
  facet normal 9.914449e-01 -1.305262e-01 0.000000e+00
    outer loop
      vertex   6.213630e+01 1.005353e+02 1.200000e+02
      vertex   6.200000e+01 9.950000e+01 1.075000e+02
      vertex   6.213630e+01 1.005353e+02 1.075000e+02
    endloop
  endfacet
  facet normal 9.238795e-01 -3.826834e-01 0.000000e+00
    outer loop
      vertex   6.213630e+01 1.005353e+02 1.200000e+02
      vertex   6.213630e+01 1.005353e+02 1.075000e+02
      vertex   6.253590e+01 1.015000e+02 1.200000e+02
    endloop
  endfacet
  facet normal 9.238795e-01 -3.826834e-01 -4.350607e-16
    outer loop
      vertex   6.253590e+01 1.015000e+02 1.200000e+02
      vertex   6.213630e+01 1.005353e+02 1.075000e+02
      vertex   6.253590e+01 1.015000e+02 1.075000e+02
    endloop
  endfacet
  facet normal 7.933533e-01 -6.087614e-01 -6.920816e-16
    outer loop
      vertex   6.253590e+01 1.015000e+02 1.200000e+02
      vertex   6.253590e+01 1.015000e+02 1.075000e+02
      vertex   6.317157e+01 1.023284e+02 1.200000e+02
    endloop
  endfacet
  facet normal 7.933533e-01 -6.087614e-01 0.000000e+00
    outer loop
      vertex   6.317157e+01 1.023284e+02 1.200000e+02
      vertex   6.253590e+01 1.015000e+02 1.075000e+02
      vertex   6.317157e+01 1.023284e+02 1.075000e+02
    endloop
  endfacet
  facet normal 6.087614e-01 -7.933533e-01 0.000000e+00
    outer loop
      vertex   6.317157e+01 1.023284e+02 1.200000e+02
      vertex   6.317157e+01 1.023284e+02 1.075000e+02
      vertex   6.400000e+01 1.029641e+02 1.200000e+02
    endloop
  endfacet
  facet normal 6.087614e-01 -7.933533e-01 0.000000e+00
    outer loop
      vertex   6.400000e+01 1.029641e+02 1.200000e+02
      vertex   6.317157e+01 1.023284e+02 1.075000e+02
      vertex   6.400000e+01 1.029641e+02 1.075000e+02
    endloop
  endfacet
  facet normal 3.826834e-01 -9.238795e-01 0.000000e+00
    outer loop
      vertex   6.400000e+01 1.029641e+02 1.200000e+02
      vertex   6.400000e+01 1.029641e+02 1.075000e+02
      vertex   6.496472e+01 1.033637e+02 1.200000e+02
    endloop
  endfacet
  facet normal 3.826834e-01 -9.238795e-01 -1.050329e-15
    outer loop
      vertex   6.496472e+01 1.033637e+02 1.200000e+02
      vertex   6.400000e+01 1.029641e+02 1.075000e+02
      vertex   6.496472e+01 1.033637e+02 1.075000e+02
    endloop
  endfacet
  facet normal 1.305262e-01 -9.914449e-01 -1.127142e-15
    outer loop
      vertex   6.496472e+01 1.033637e+02 1.200000e+02
      vertex   6.496472e+01 1.033637e+02 1.075000e+02
      vertex   6.600000e+01 1.035000e+02 1.200000e+02
    endloop
  endfacet
  facet normal 1.305262e-01 -9.914449e-01 0.000000e+00
    outer loop
      vertex   6.600000e+01 1.035000e+02 1.200000e+02
      vertex   6.496472e+01 1.033637e+02 1.075000e+02
      vertex   6.600000e+01 1.035000e+02 1.075000e+02
    endloop
  endfacet
  facet normal -1.305262e-01 -9.914449e-01 -0.000000e+00
    outer loop
      vertex   6.600000e+01 1.035000e+02 1.200000e+02
      vertex   6.600000e+01 1.035000e+02 1.075000e+02
      vertex   6.703528e+01 1.033637e+02 1.200000e+02
    endloop
  endfacet
  facet normal -1.305262e-01 -9.914449e-01 -0.000000e+00
    outer loop
      vertex   6.703528e+01 1.033637e+02 1.200000e+02
      vertex   6.600000e+01 1.035000e+02 1.075000e+02
      vertex   6.703528e+01 1.033637e+02 1.075000e+02
    endloop
  endfacet
  facet normal -3.826834e-01 -9.238795e-01 -0.000000e+00
    outer loop
      vertex   6.703528e+01 1.033637e+02 1.200000e+02
      vertex   6.703528e+01 1.033637e+02 1.075000e+02
      vertex   6.800000e+01 1.029641e+02 1.200000e+02
    endloop
  endfacet
  facet normal -3.826834e-01 -9.238795e-01 -0.000000e+00
    outer loop
      vertex   6.800000e+01 1.029641e+02 1.200000e+02
      vertex   6.703528e+01 1.033637e+02 1.075000e+02
      vertex   6.800000e+01 1.029641e+02 1.075000e+02
    endloop
  endfacet
  facet normal -6.087614e-01 -7.933533e-01 -0.000000e+00
    outer loop
      vertex   6.800000e+01 1.029641e+02 1.200000e+02
      vertex   6.800000e+01 1.029641e+02 1.075000e+02
      vertex   6.882843e+01 1.023284e+02 1.200000e+02
    endloop
  endfacet
  facet normal -6.087614e-01 -7.933533e-01 -0.000000e+00
    outer loop
      vertex   6.882843e+01 1.023284e+02 1.200000e+02
      vertex   6.800000e+01 1.029641e+02 1.075000e+02
      vertex   6.882843e+01 1.023284e+02 1.075000e+02
    endloop
  endfacet
  facet normal -7.933533e-01 -6.087614e-01 -0.000000e+00
    outer loop
      vertex   6.882843e+01 1.023284e+02 1.200000e+02
      vertex   6.882843e+01 1.023284e+02 1.075000e+02
      vertex   6.946410e+01 1.015000e+02 1.200000e+02
    endloop
  endfacet
  facet normal -7.933533e-01 -6.087614e-01 -0.000000e+00
    outer loop
      vertex   6.946410e+01 1.015000e+02 1.200000e+02
      vertex   6.882843e+01 1.023284e+02 1.075000e+02
      vertex   6.946410e+01 1.015000e+02 1.075000e+02
    endloop
  endfacet
  facet normal -9.238795e-01 -3.826834e-01 -0.000000e+00
    outer loop
      vertex   6.946410e+01 1.015000e+02 1.200000e+02
      vertex   6.946410e+01 1.015000e+02 1.075000e+02
      vertex   6.986370e+01 1.005353e+02 1.200000e+02
    endloop
  endfacet
  facet normal -9.238795e-01 -3.826834e-01 -0.000000e+00
    outer loop
      vertex   6.986370e+01 1.005353e+02 1.200000e+02
      vertex   6.946410e+01 1.015000e+02 1.075000e+02
      vertex   6.986370e+01 1.005353e+02 1.075000e+02
    endloop
  endfacet
  facet normal -9.914449e-01 1.305262e-01 0.000000e+00
    outer loop
      vertex   6.986370e+01 8.296473e+01 9.500000e+01
      vertex   6.986370e+01 8.296473e+01 1.075000e+02
      vertex   7.000000e+01 8.400000e+01 9.500000e+01
    endloop
  endfacet
  facet normal -9.914449e-01 1.305262e-01 0.000000e+00
    outer loop
      vertex   7.000000e+01 8.400000e+01 9.500000e+01
      vertex   6.986370e+01 8.296473e+01 1.075000e+02
      vertex   7.000000e+01 8.400000e+01 1.075000e+02
    endloop
  endfacet
  facet normal -9.914449e-01 -1.305262e-01 0.000000e+00
    outer loop
      vertex   7.000000e+01 8.400000e+01 9.500000e+01
      vertex   7.000000e+01 8.400000e+01 1.075000e+02
      vertex   6.986370e+01 8.503528e+01 9.500000e+01
    endloop
  endfacet
  facet normal -9.914449e-01 -1.305262e-01 0.000000e+00
    outer loop
      vertex   6.986370e+01 8.503528e+01 9.500000e+01
      vertex   7.000000e+01 8.400000e+01 1.075000e+02
      vertex   6.986370e+01 8.503528e+01 1.075000e+02
    endloop
  endfacet
  facet normal -9.238795e-01 -3.826834e-01 0.000000e+00
    outer loop
      vertex   6.986370e+01 8.503528e+01 9.500000e+01
      vertex   6.986370e+01 8.503528e+01 1.075000e+02
      vertex   6.946410e+01 8.600000e+01 9.500000e+01
    endloop
  endfacet
  facet normal -9.238795e-01 -3.826834e-01 4.350607e-16
    outer loop
      vertex   6.946410e+01 8.600000e+01 9.500000e+01
      vertex   6.986370e+01 8.503528e+01 1.075000e+02
      vertex   6.946410e+01 8.600000e+01 1.075000e+02
    endloop
  endfacet
  facet normal -7.933533e-01 -6.087614e-01 6.920816e-16
    outer loop
      vertex   6.946410e+01 8.600000e+01 9.500000e+01
      vertex   6.946410e+01 8.600000e+01 1.075000e+02
      vertex   6.882843e+01 8.682843e+01 9.500000e+01
    endloop
  endfacet
  facet normal -7.933533e-01 -6.087614e-01 0.000000e+00
    outer loop
      vertex   6.882843e+01 8.682843e+01 9.500000e+01
      vertex   6.946410e+01 8.600000e+01 1.075000e+02
      vertex   6.882843e+01 8.682843e+01 1.075000e+02
    endloop
  endfacet
  facet normal -6.087614e-01 -7.933533e-01 0.000000e+00
    outer loop
      vertex   6.882843e+01 8.682843e+01 9.500000e+01
      vertex   6.882843e+01 8.682843e+01 1.075000e+02
      vertex   6.800000e+01 8.746410e+01 9.500000e+01
    endloop
  endfacet
  facet normal -6.087614e-01 -7.933533e-01 0.000000e+00
    outer loop
      vertex   6.800000e+01 8.746410e+01 9.500000e+01
      vertex   6.882843e+01 8.682843e+01 1.075000e+02
      vertex   6.800000e+01 8.746410e+01 1.075000e+02
    endloop
  endfacet
  facet normal -3.826834e-01 -9.238795e-01 0.000000e+00
    outer loop
      vertex   6.800000e+01 8.746410e+01 9.500000e+01
      vertex   6.800000e+01 8.746410e+01 1.075000e+02
      vertex   6.703528e+01 8.786371e+01 9.500000e+01
    endloop
  endfacet
  facet normal -3.826834e-01 -9.238795e-01 0.000000e+00
    outer loop
      vertex   6.703528e+01 8.786371e+01 9.500000e+01
      vertex   6.800000e+01 8.746410e+01 1.075000e+02
      vertex   6.703528e+01 8.786371e+01 1.075000e+02
    endloop
  endfacet
  facet normal -1.305262e-01 -9.914449e-01 0.000000e+00
    outer loop
      vertex   6.703528e+01 8.786371e+01 9.500000e+01
      vertex   6.703528e+01 8.786371e+01 1.075000e+02
      vertex   6.600000e+01 8.800000e+01 9.500000e+01
    endloop
  endfacet
  facet normal -1.305262e-01 -9.914449e-01 0.000000e+00
    outer loop
      vertex   6.600000e+01 8.800000e+01 9.500000e+01
      vertex   6.703528e+01 8.786371e+01 1.075000e+02
      vertex   6.600000e+01 8.800000e+01 1.075000e+02
    endloop
  endfacet
  facet normal 1.305262e-01 -9.914449e-01 0.000000e+00
    outer loop
      vertex   6.600000e+01 8.800000e+01 9.500000e+01
      vertex   6.600000e+01 8.800000e+01 1.075000e+02
      vertex   6.496472e+01 8.786371e+01 9.500000e+01
    endloop
  endfacet
  facet normal 1.305262e-01 -9.914449e-01 0.000000e+00
    outer loop
      vertex   6.496472e+01 8.786371e+01 9.500000e+01
      vertex   6.600000e+01 8.800000e+01 1.075000e+02
      vertex   6.496472e+01 8.786371e+01 1.075000e+02
    endloop
  endfacet
  facet normal 3.826834e-01 -9.238795e-01 0.000000e+00
    outer loop
      vertex   6.496472e+01 8.786371e+01 9.500000e+01
      vertex   6.496472e+01 8.786371e+01 1.075000e+02
      vertex   6.400000e+01 8.746410e+01 9.500000e+01
    endloop
  endfacet
  facet normal 3.826834e-01 -9.238795e-01 0.000000e+00
    outer loop
      vertex   6.400000e+01 8.746410e+01 9.500000e+01
      vertex   6.496472e+01 8.786371e+01 1.075000e+02
      vertex   6.400000e+01 8.746410e+01 1.075000e+02
    endloop
  endfacet
  facet normal 6.087614e-01 -7.933533e-01 0.000000e+00
    outer loop
      vertex   6.400000e+01 8.746410e+01 9.500000e+01
      vertex   6.400000e+01 8.746410e+01 1.075000e+02
      vertex   6.317157e+01 8.682843e+01 9.500000e+01
    endloop
  endfacet
  facet normal 6.087614e-01 -7.933533e-01 0.000000e+00
    outer loop
      vertex   6.317157e+01 8.682843e+01 9.500000e+01
      vertex   6.400000e+01 8.746410e+01 1.075000e+02
      vertex   6.317157e+01 8.682843e+01 1.075000e+02
    endloop
  endfacet
  facet normal 7.933533e-01 -6.087614e-01 0.000000e+00
    outer loop
      vertex   6.317157e+01 8.682843e+01 9.500000e+01
      vertex   6.317157e+01 8.682843e+01 1.075000e+02
      vertex   6.253590e+01 8.600000e+01 9.500000e+01
    endloop
  endfacet
  facet normal 7.933533e-01 -6.087614e-01 0.000000e+00
    outer loop
      vertex   6.253590e+01 8.600000e+01 9.500000e+01
      vertex   6.317157e+01 8.682843e+01 1.075000e+02
      vertex   6.253590e+01 8.600000e+01 1.075000e+02
    endloop
  endfacet
  facet normal 9.238795e-01 -3.826834e-01 0.000000e+00
    outer loop
      vertex   6.253590e+01 8.600000e+01 9.500000e+01
      vertex   6.253590e+01 8.600000e+01 1.075000e+02
      vertex   6.213630e+01 8.503528e+01 9.500000e+01
    endloop
  endfacet
  facet normal 9.238795e-01 -3.826834e-01 0.000000e+00
    outer loop
      vertex   6.213630e+01 8.503528e+01 9.500000e+01
      vertex   6.253590e+01 8.600000e+01 1.075000e+02
      vertex   6.213630e+01 8.503528e+01 1.075000e+02
    endloop
  endfacet
  facet normal 9.914449e-01 -1.305262e-01 0.000000e+00
    outer loop
      vertex   6.213630e+01 8.503528e+01 9.500000e+01
      vertex   6.213630e+01 8.503528e+01 1.075000e+02
      vertex   6.200000e+01 8.400000e+01 9.500000e+01
    endloop
  endfacet
  facet normal 9.914449e-01 -1.305262e-01 0.000000e+00
    outer loop
      vertex   6.200000e+01 8.400000e+01 9.500000e+01
      vertex   6.213630e+01 8.503528e+01 1.075000e+02
      vertex   6.200000e+01 8.400000e+01 1.075000e+02
    endloop
  endfacet
  facet normal 9.914449e-01 1.305262e-01 -0.000000e+00
    outer loop
      vertex   6.200000e+01 8.400000e+01 9.500000e+01
      vertex   6.200000e+01 8.400000e+01 1.075000e+02
      vertex   6.213630e+01 8.296473e+01 9.500000e+01
    endloop
  endfacet
  facet normal 9.914449e-01 1.305262e-01 -0.000000e+00
    outer loop
      vertex   6.213630e+01 8.296473e+01 9.500000e+01
      vertex   6.200000e+01 8.400000e+01 1.075000e+02
      vertex   6.213630e+01 8.296473e+01 1.075000e+02
    endloop
  endfacet
  facet normal 9.238795e-01 3.826834e-01 -0.000000e+00
    outer loop
      vertex   6.213630e+01 8.296473e+01 9.500000e+01
      vertex   6.213630e+01 8.296473e+01 1.075000e+02
      vertex   6.253590e+01 8.200000e+01 9.500000e+01
    endloop
  endfacet
  facet normal 9.238795e-01 3.826834e-01 4.350607e-16
    outer loop
      vertex   6.253590e+01 8.200000e+01 9.500000e+01
      vertex   6.213630e+01 8.296473e+01 1.075000e+02
      vertex   6.253590e+01 8.200000e+01 1.075000e+02
    endloop
  endfacet
  facet normal 7.933533e-01 6.087614e-01 6.920816e-16
    outer loop
      vertex   6.253590e+01 8.200000e+01 9.500000e+01
      vertex   6.253590e+01 8.200000e+01 1.075000e+02
      vertex   6.317157e+01 8.117157e+01 9.500000e+01
    endloop
  endfacet
  facet normal 7.933533e-01 6.087614e-01 -0.000000e+00
    outer loop
      vertex   6.317157e+01 8.117157e+01 9.500000e+01
      vertex   6.253590e+01 8.200000e+01 1.075000e+02
      vertex   6.317157e+01 8.117157e+01 1.075000e+02
    endloop
  endfacet
  facet normal 6.087614e-01 7.933533e-01 -0.000000e+00
    outer loop
      vertex   6.317157e+01 8.117157e+01 9.500000e+01
      vertex   6.317157e+01 8.117157e+01 1.075000e+02
      vertex   6.400000e+01 8.053590e+01 9.500000e+01
    endloop
  endfacet
  facet normal 6.087614e-01 7.933533e-01 -0.000000e+00
    outer loop
      vertex   6.400000e+01 8.053590e+01 9.500000e+01
      vertex   6.317157e+01 8.117157e+01 1.075000e+02
      vertex   6.400000e+01 8.053590e+01 1.075000e+02
    endloop
  endfacet
  facet normal 3.826834e-01 9.238795e-01 -0.000000e+00
    outer loop
      vertex   6.400000e+01 8.053590e+01 9.500000e+01
      vertex   6.400000e+01 8.053590e+01 1.075000e+02
      vertex   6.496472e+01 8.013630e+01 9.500000e+01
    endloop
  endfacet
  facet normal 3.826834e-01 9.238795e-01 1.050329e-15
    outer loop
      vertex   6.496472e+01 8.013630e+01 9.500000e+01
      vertex   6.400000e+01 8.053590e+01 1.075000e+02
      vertex   6.496472e+01 8.013630e+01 1.075000e+02
    endloop
  endfacet
  facet normal 1.305262e-01 9.914449e-01 1.127142e-15
    outer loop
      vertex   6.496472e+01 8.013630e+01 9.500000e+01
      vertex   6.496472e+01 8.013630e+01 1.075000e+02
      vertex   6.600000e+01 8.000000e+01 9.500000e+01
    endloop
  endfacet
  facet normal 1.305262e-01 9.914449e-01 -0.000000e+00
    outer loop
      vertex   6.600000e+01 8.000000e+01 9.500000e+01
      vertex   6.496472e+01 8.013630e+01 1.075000e+02
      vertex   6.600000e+01 8.000000e+01 1.075000e+02
    endloop
  endfacet
  facet normal -1.305262e-01 9.914449e-01 0.000000e+00
    outer loop
      vertex   6.600000e+01 8.000000e+01 9.500000e+01
      vertex   6.600000e+01 8.000000e+01 1.075000e+02
      vertex   6.703528e+01 8.013630e+01 9.500000e+01
    endloop
  endfacet
  facet normal -1.305262e-01 9.914449e-01 0.000000e+00
    outer loop
      vertex   6.703528e+01 8.013630e+01 9.500000e+01
      vertex   6.600000e+01 8.000000e+01 1.075000e+02
      vertex   6.703528e+01 8.013630e+01 1.075000e+02
    endloop
  endfacet
  facet normal -3.826834e-01 9.238795e-01 0.000000e+00
    outer loop
      vertex   6.703528e+01 8.013630e+01 9.500000e+01
      vertex   6.703528e+01 8.013630e+01 1.075000e+02
      vertex   6.800000e+01 8.053590e+01 9.500000e+01
    endloop
  endfacet
  facet normal -3.826834e-01 9.238795e-01 0.000000e+00
    outer loop
      vertex   6.800000e+01 8.053590e+01 9.500000e+01
      vertex   6.703528e+01 8.013630e+01 1.075000e+02
      vertex   6.800000e+01 8.053590e+01 1.075000e+02
    endloop
  endfacet
  facet normal -6.087614e-01 7.933533e-01 0.000000e+00
    outer loop
      vertex   6.800000e+01 8.053590e+01 9.500000e+01
      vertex   6.800000e+01 8.053590e+01 1.075000e+02
      vertex   6.882843e+01 8.117157e+01 9.500000e+01
    endloop
  endfacet
  facet normal -6.087614e-01 7.933533e-01 0.000000e+00
    outer loop
      vertex   6.882843e+01 8.117157e+01 9.500000e+01
      vertex   6.800000e+01 8.053590e+01 1.075000e+02
      vertex   6.882843e+01 8.117157e+01 1.075000e+02
    endloop
  endfacet
  facet normal -7.933533e-01 6.087614e-01 0.000000e+00
    outer loop
      vertex   6.882843e+01 8.117157e+01 9.500000e+01
      vertex   6.882843e+01 8.117157e+01 1.075000e+02
      vertex   6.946410e+01 8.200000e+01 9.500000e+01
    endloop
  endfacet
  facet normal -7.933533e-01 6.087614e-01 0.000000e+00
    outer loop
      vertex   6.946410e+01 8.200000e+01 9.500000e+01
      vertex   6.882843e+01 8.117157e+01 1.075000e+02
      vertex   6.946410e+01 8.200000e+01 1.075000e+02
    endloop
  endfacet
  facet normal -9.238795e-01 3.826834e-01 0.000000e+00
    outer loop
      vertex   6.946410e+01 8.200000e+01 9.500000e+01
      vertex   6.946410e+01 8.200000e+01 1.075000e+02
      vertex   6.986370e+01 8.296473e+01 9.500000e+01
    endloop
  endfacet
  facet normal -9.238795e-01 3.826834e-01 0.000000e+00
    outer loop
      vertex   6.986370e+01 8.296473e+01 9.500000e+01
      vertex   6.946410e+01 8.200000e+01 1.075000e+02
      vertex   6.986370e+01 8.296473e+01 1.075000e+02
    endloop
  endfacet
  facet normal -9.914449e-01 -1.305262e-01 -0.000000e+00
    outer loop
      vertex   6.986370e+01 8.503528e+01 1.200000e+02
      vertex   6.986370e+01 8.503528e+01 1.075000e+02
      vertex   7.000000e+01 8.400000e+01 1.200000e+02
    endloop
  endfacet
  facet normal -9.914449e-01 -1.305262e-01 -0.000000e+00
    outer loop
      vertex   7.000000e+01 8.400000e+01 1.200000e+02
      vertex   6.986370e+01 8.503528e+01 1.075000e+02
      vertex   7.000000e+01 8.400000e+01 1.075000e+02
    endloop
  endfacet
  facet normal -9.914449e-01 1.305262e-01 0.000000e+00
    outer loop
      vertex   7.000000e+01 8.400000e+01 1.200000e+02
      vertex   7.000000e+01 8.400000e+01 1.075000e+02
      vertex   6.986370e+01 8.296473e+01 1.200000e+02
    endloop
  endfacet
  facet normal -9.914449e-01 1.305262e-01 0.000000e+00
    outer loop
      vertex   6.986370e+01 8.296473e+01 1.200000e+02
      vertex   7.000000e+01 8.400000e+01 1.075000e+02
      vertex   6.986370e+01 8.296473e+01 1.075000e+02
    endloop
  endfacet
  facet normal -9.238795e-01 3.826834e-01 0.000000e+00
    outer loop
      vertex   6.986370e+01 8.296473e+01 1.200000e+02
      vertex   6.986370e+01 8.296473e+01 1.075000e+02
      vertex   6.946410e+01 8.200000e+01 1.200000e+02
    endloop
  endfacet
  facet normal -9.238795e-01 3.826834e-01 -4.350607e-16
    outer loop
      vertex   6.946410e+01 8.200000e+01 1.200000e+02
      vertex   6.986370e+01 8.296473e+01 1.075000e+02
      vertex   6.946410e+01 8.200000e+01 1.075000e+02
    endloop
  endfacet
  facet normal -7.933533e-01 6.087614e-01 -6.920816e-16
    outer loop
      vertex   6.946410e+01 8.200000e+01 1.200000e+02
      vertex   6.946410e+01 8.200000e+01 1.075000e+02
      vertex   6.882843e+01 8.117157e+01 1.200000e+02
    endloop
  endfacet
  facet normal -7.933533e-01 6.087614e-01 0.000000e+00
    outer loop
      vertex   6.882843e+01 8.117157e+01 1.200000e+02
      vertex   6.946410e+01 8.200000e+01 1.075000e+02
      vertex   6.882843e+01 8.117157e+01 1.075000e+02
    endloop
  endfacet
  facet normal -6.087614e-01 7.933533e-01 0.000000e+00
    outer loop
      vertex   6.882843e+01 8.117157e+01 1.200000e+02
      vertex   6.882843e+01 8.117157e+01 1.075000e+02
      vertex   6.800000e+01 8.053590e+01 1.200000e+02
    endloop
  endfacet
  facet normal -6.087614e-01 7.933533e-01 0.000000e+00
    outer loop
      vertex   6.800000e+01 8.053590e+01 1.200000e+02
      vertex   6.882843e+01 8.117157e+01 1.075000e+02
      vertex   6.800000e+01 8.053590e+01 1.075000e+02
    endloop
  endfacet
  facet normal -3.826834e-01 9.238795e-01 0.000000e+00
    outer loop
      vertex   6.800000e+01 8.053590e+01 1.200000e+02
      vertex   6.800000e+01 8.053590e+01 1.075000e+02
      vertex   6.703528e+01 8.013630e+01 1.200000e+02
    endloop
  endfacet
  facet normal -3.826834e-01 9.238795e-01 0.000000e+00
    outer loop
      vertex   6.703528e+01 8.013630e+01 1.200000e+02
      vertex   6.800000e+01 8.053590e+01 1.075000e+02
      vertex   6.703528e+01 8.013630e+01 1.075000e+02
    endloop
  endfacet
  facet normal -1.305262e-01 9.914449e-01 0.000000e+00
    outer loop
      vertex   6.703528e+01 8.013630e+01 1.200000e+02
      vertex   6.703528e+01 8.013630e+01 1.075000e+02
      vertex   6.600000e+01 8.000000e+01 1.200000e+02
    endloop
  endfacet
  facet normal -1.305262e-01 9.914449e-01 0.000000e+00
    outer loop
      vertex   6.600000e+01 8.000000e+01 1.200000e+02
      vertex   6.703528e+01 8.013630e+01 1.075000e+02
      vertex   6.600000e+01 8.000000e+01 1.075000e+02
    endloop
  endfacet
  facet normal 1.305262e-01 9.914449e-01 0.000000e+00
    outer loop
      vertex   6.600000e+01 8.000000e+01 1.200000e+02
      vertex   6.600000e+01 8.000000e+01 1.075000e+02
      vertex   6.496472e+01 8.013630e+01 1.200000e+02
    endloop
  endfacet
  facet normal 1.305262e-01 9.914449e-01 0.000000e+00
    outer loop
      vertex   6.496472e+01 8.013630e+01 1.200000e+02
      vertex   6.600000e+01 8.000000e+01 1.075000e+02
      vertex   6.496472e+01 8.013630e+01 1.075000e+02
    endloop
  endfacet
  facet normal 3.826834e-01 9.238795e-01 0.000000e+00
    outer loop
      vertex   6.496472e+01 8.013630e+01 1.200000e+02
      vertex   6.496472e+01 8.013630e+01 1.075000e+02
      vertex   6.400000e+01 8.053590e+01 1.200000e+02
    endloop
  endfacet
  facet normal 3.826834e-01 9.238795e-01 0.000000e+00
    outer loop
      vertex   6.400000e+01 8.053590e+01 1.200000e+02
      vertex   6.496472e+01 8.013630e+01 1.075000e+02
      vertex   6.400000e+01 8.053590e+01 1.075000e+02
    endloop
  endfacet
  facet normal 6.087614e-01 7.933533e-01 0.000000e+00
    outer loop
      vertex   6.400000e+01 8.053590e+01 1.200000e+02
      vertex   6.400000e+01 8.053590e+01 1.075000e+02
      vertex   6.317157e+01 8.117157e+01 1.200000e+02
    endloop
  endfacet
  facet normal 6.087614e-01 7.933533e-01 0.000000e+00
    outer loop
      vertex   6.317157e+01 8.117157e+01 1.200000e+02
      vertex   6.400000e+01 8.053590e+01 1.075000e+02
      vertex   6.317157e+01 8.117157e+01 1.075000e+02
    endloop
  endfacet
  facet normal 7.933533e-01 6.087614e-01 0.000000e+00
    outer loop
      vertex   6.317157e+01 8.117157e+01 1.200000e+02
      vertex   6.317157e+01 8.117157e+01 1.075000e+02
      vertex   6.253590e+01 8.200000e+01 1.200000e+02
    endloop
  endfacet
  facet normal 7.933533e-01 6.087614e-01 0.000000e+00
    outer loop
      vertex   6.253590e+01 8.200000e+01 1.200000e+02
      vertex   6.317157e+01 8.117157e+01 1.075000e+02
      vertex   6.253590e+01 8.200000e+01 1.075000e+02
    endloop
  endfacet
  facet normal 9.238795e-01 3.826834e-01 0.000000e+00
    outer loop
      vertex   6.253590e+01 8.200000e+01 1.200000e+02
      vertex   6.253590e+01 8.200000e+01 1.075000e+02
      vertex   6.213630e+01 8.296473e+01 1.200000e+02
    endloop
  endfacet
  facet normal 9.238795e-01 3.826834e-01 0.000000e+00
    outer loop
      vertex   6.213630e+01 8.296473e+01 1.200000e+02
      vertex   6.253590e+01 8.200000e+01 1.075000e+02
      vertex   6.213630e+01 8.296473e+01 1.075000e+02
    endloop
  endfacet
  facet normal 9.914449e-01 1.305262e-01 0.000000e+00
    outer loop
      vertex   6.213630e+01 8.296473e+01 1.200000e+02
      vertex   6.213630e+01 8.296473e+01 1.075000e+02
      vertex   6.200000e+01 8.400000e+01 1.200000e+02
    endloop
  endfacet
  facet normal 9.914449e-01 1.305262e-01 0.000000e+00
    outer loop
      vertex   6.200000e+01 8.400000e+01 1.200000e+02
      vertex   6.213630e+01 8.296473e+01 1.075000e+02
      vertex   6.200000e+01 8.400000e+01 1.075000e+02
    endloop
  endfacet
  facet normal 9.914449e-01 -1.305262e-01 0.000000e+00
    outer loop
      vertex   6.200000e+01 8.400000e+01 1.200000e+02
      vertex   6.200000e+01 8.400000e+01 1.075000e+02
      vertex   6.213630e+01 8.503528e+01 1.200000e+02
    endloop
  endfacet
  facet normal 9.914449e-01 -1.305262e-01 0.000000e+00
    outer loop
      vertex   6.213630e+01 8.503528e+01 1.200000e+02
      vertex   6.200000e+01 8.400000e+01 1.075000e+02
      vertex   6.213630e+01 8.503528e+01 1.075000e+02
    endloop
  endfacet
  facet normal 9.238795e-01 -3.826834e-01 0.000000e+00
    outer loop
      vertex   6.213630e+01 8.503528e+01 1.200000e+02
      vertex   6.213630e+01 8.503528e+01 1.075000e+02
      vertex   6.253590e+01 8.600000e+01 1.200000e+02
    endloop
  endfacet
  facet normal 9.238795e-01 -3.826834e-01 -4.350607e-16
    outer loop
      vertex   6.253590e+01 8.600000e+01 1.200000e+02
      vertex   6.213630e+01 8.503528e+01 1.075000e+02
      vertex   6.253590e+01 8.600000e+01 1.075000e+02
    endloop
  endfacet
  facet normal 7.933533e-01 -6.087614e-01 -6.920816e-16
    outer loop
      vertex   6.253590e+01 8.600000e+01 1.200000e+02
      vertex   6.253590e+01 8.600000e+01 1.075000e+02
      vertex   6.317157e+01 8.682843e+01 1.200000e+02
    endloop
  endfacet
  facet normal 7.933533e-01 -6.087614e-01 0.000000e+00
    outer loop
      vertex   6.317157e+01 8.682843e+01 1.200000e+02
      vertex   6.253590e+01 8.600000e+01 1.075000e+02
      vertex   6.317157e+01 8.682843e+01 1.075000e+02
    endloop
  endfacet
  facet normal 6.087614e-01 -7.933533e-01 0.000000e+00
    outer loop
      vertex   6.317157e+01 8.682843e+01 1.200000e+02
      vertex   6.317157e+01 8.682843e+01 1.075000e+02
      vertex   6.400000e+01 8.746410e+01 1.200000e+02
    endloop
  endfacet
  facet normal 6.087614e-01 -7.933533e-01 0.000000e+00
    outer loop
      vertex   6.400000e+01 8.746410e+01 1.200000e+02
      vertex   6.317157e+01 8.682843e+01 1.075000e+02
      vertex   6.400000e+01 8.746410e+01 1.075000e+02
    endloop
  endfacet
  facet normal 3.826834e-01 -9.238795e-01 0.000000e+00
    outer loop
      vertex   6.400000e+01 8.746410e+01 1.200000e+02
      vertex   6.400000e+01 8.746410e+01 1.075000e+02
      vertex   6.496472e+01 8.786371e+01 1.200000e+02
    endloop
  endfacet
  facet normal 3.826834e-01 -9.238795e-01 -1.050329e-15
    outer loop
      vertex   6.496472e+01 8.786371e+01 1.200000e+02
      vertex   6.400000e+01 8.746410e+01 1.075000e+02
      vertex   6.496472e+01 8.786371e+01 1.075000e+02
    endloop
  endfacet
  facet normal 1.305262e-01 -9.914449e-01 -1.127142e-15
    outer loop
      vertex   6.496472e+01 8.786371e+01 1.200000e+02
      vertex   6.496472e+01 8.786371e+01 1.075000e+02
      vertex   6.600000e+01 8.800000e+01 1.200000e+02
    endloop
  endfacet
  facet normal 1.305262e-01 -9.914449e-01 0.000000e+00
    outer loop
      vertex   6.600000e+01 8.800000e+01 1.200000e+02
      vertex   6.496472e+01 8.786371e+01 1.075000e+02
      vertex   6.600000e+01 8.800000e+01 1.075000e+02
    endloop
  endfacet
  facet normal -1.305262e-01 -9.914449e-01 -0.000000e+00
    outer loop
      vertex   6.600000e+01 8.800000e+01 1.200000e+02
      vertex   6.600000e+01 8.800000e+01 1.075000e+02
      vertex   6.703528e+01 8.786371e+01 1.200000e+02
    endloop
  endfacet
  facet normal -1.305262e-01 -9.914449e-01 -0.000000e+00
    outer loop
      vertex   6.703528e+01 8.786371e+01 1.200000e+02
      vertex   6.600000e+01 8.800000e+01 1.075000e+02
      vertex   6.703528e+01 8.786371e+01 1.075000e+02
    endloop
  endfacet
  facet normal -3.826834e-01 -9.238795e-01 -0.000000e+00
    outer loop
      vertex   6.703528e+01 8.786371e+01 1.200000e+02
      vertex   6.703528e+01 8.786371e+01 1.075000e+02
      vertex   6.800000e+01 8.746410e+01 1.200000e+02
    endloop
  endfacet
  facet normal -3.826834e-01 -9.238795e-01 -0.000000e+00
    outer loop
      vertex   6.800000e+01 8.746410e+01 1.200000e+02
      vertex   6.703528e+01 8.786371e+01 1.075000e+02
      vertex   6.800000e+01 8.746410e+01 1.075000e+02
    endloop
  endfacet
  facet normal -6.087614e-01 -7.933533e-01 -0.000000e+00
    outer loop
      vertex   6.800000e+01 8.746410e+01 1.200000e+02
      vertex   6.800000e+01 8.746410e+01 1.075000e+02
      vertex   6.882843e+01 8.682843e+01 1.200000e+02
    endloop
  endfacet
  facet normal -6.087614e-01 -7.933533e-01 -0.000000e+00
    outer loop
      vertex   6.882843e+01 8.682843e+01 1.200000e+02
      vertex   6.800000e+01 8.746410e+01 1.075000e+02
      vertex   6.882843e+01 8.682843e+01 1.075000e+02
    endloop
  endfacet
  facet normal -7.933533e-01 -6.087614e-01 -0.000000e+00
    outer loop
      vertex   6.882843e+01 8.682843e+01 1.200000e+02
      vertex   6.882843e+01 8.682843e+01 1.075000e+02
      vertex   6.946410e+01 8.600000e+01 1.200000e+02
    endloop
  endfacet
  facet normal -7.933533e-01 -6.087614e-01 -0.000000e+00
    outer loop
      vertex   6.946410e+01 8.600000e+01 1.200000e+02
      vertex   6.882843e+01 8.682843e+01 1.075000e+02
      vertex   6.946410e+01 8.600000e+01 1.075000e+02
    endloop
  endfacet
  facet normal -9.238795e-01 -3.826834e-01 -0.000000e+00
    outer loop
      vertex   6.946410e+01 8.600000e+01 1.200000e+02
      vertex   6.946410e+01 8.600000e+01 1.075000e+02
      vertex   6.986370e+01 8.503528e+01 1.200000e+02
    endloop
  endfacet
  facet normal -9.238795e-01 -3.826834e-01 -0.000000e+00
    outer loop
      vertex   6.986370e+01 8.503528e+01 1.200000e+02
      vertex   6.946410e+01 8.600000e+01 1.075000e+02
      vertex   6.986370e+01 8.503528e+01 1.075000e+02
    endloop
  endfacet
  facet normal 0.000000e+00 1.000000e+00 0.000000e+00
    outer loop
      vertex   8.000000e+01 7.500000e+01 9.500000e+01
      vertex   8.000000e+01 7.500000e+01 8.000000e+01
      vertex   5.500000e+01 7.500000e+01 9.500000e+01
    endloop
  endfacet
  facet normal 0.000000e+00 1.000000e+00 0.000000e+00
    outer loop
      vertex   5.500000e+01 7.500000e+01 9.500000e+01
      vertex   8.000000e+01 7.500000e+01 8.000000e+01
      vertex   5.500000e+01 7.500000e+01 8.000000e+01
    endloop
  endfacet
  facet normal 0.000000e+00 0.000000e+00 -1.000000e+00
    outer loop
      vertex   6.986370e+01 1.139647e+02 9.500000e+01
      vertex   7.000000e+01 1.150000e+02 9.500000e+01
      vertex   8.000000e+01 1.250000e+02 9.500000e+01
    endloop
  endfacet
  facet normal 0.000000e+00 0.000000e+00 -1.000000e+00
    outer loop
      vertex   8.000000e+01 1.250000e+02 9.500000e+01
      vertex   7.000000e+01 1.150000e+02 9.500000e+01
      vertex   6.986370e+01 1.160353e+02 9.500000e+01
    endloop
  endfacet
  facet normal 0.000000e+00 0.000000e+00 -1.000000e+00
    outer loop
      vertex   8.000000e+01 1.250000e+02 9.500000e+01
      vertex   6.986370e+01 1.160353e+02 9.500000e+01
      vertex   6.946410e+01 1.170000e+02 9.500000e+01
    endloop
  endfacet
  facet normal 0.000000e+00 0.000000e+00 -1.000000e+00
    outer loop
      vertex   6.946410e+01 1.170000e+02 9.500000e+01
      vertex   6.882843e+01 1.178284e+02 9.500000e+01
      vertex   8.000000e+01 1.250000e+02 9.500000e+01
    endloop
  endfacet
  facet normal 0.000000e+00 0.000000e+00 -1.000000e+00
    outer loop
      vertex   8.000000e+01 1.250000e+02 9.500000e+01
      vertex   6.882843e+01 1.178284e+02 9.500000e+01
      vertex   6.800000e+01 1.184641e+02 9.500000e+01
    endloop
  endfacet
  facet normal 0.000000e+00 0.000000e+00 -1.000000e+00
    outer loop
      vertex   8.000000e+01 1.250000e+02 9.500000e+01
      vertex   6.800000e+01 1.184641e+02 9.500000e+01
      vertex   6.703528e+01 1.188637e+02 9.500000e+01
    endloop
  endfacet
  facet normal 0.000000e+00 0.000000e+00 -1.000000e+00
    outer loop
      vertex   6.703528e+01 1.188637e+02 9.500000e+01
      vertex   6.600000e+01 1.190000e+02 9.500000e+01
      vertex   8.000000e+01 1.250000e+02 9.500000e+01
    endloop
  endfacet
  facet normal -0.000000e+00 0.000000e+00 -1.000000e+00
    outer loop
      vertex   8.000000e+01 1.250000e+02 9.500000e+01
      vertex   6.600000e+01 1.190000e+02 9.500000e+01
      vertex   5.500000e+01 1.250000e+02 9.500000e+01
    endloop
  endfacet
  facet normal 0.000000e+00 0.000000e+00 -1.000000e+00
    outer loop
      vertex   5.500000e+01 1.250000e+02 9.500000e+01
      vertex   6.600000e+01 1.190000e+02 9.500000e+01
      vertex   6.496472e+01 1.188637e+02 9.500000e+01
    endloop
  endfacet
  facet normal 0.000000e+00 0.000000e+00 -1.000000e+00
    outer loop
      vertex   5.500000e+01 1.250000e+02 9.500000e+01
      vertex   6.496472e+01 1.188637e+02 9.500000e+01
      vertex   6.400000e+01 1.184641e+02 9.500000e+01
    endloop
  endfacet
  facet normal -0.000000e+00 0.000000e+00 -1.000000e+00
    outer loop
      vertex   6.400000e+01 1.184641e+02 9.500000e+01
      vertex   6.317157e+01 1.178284e+02 9.500000e+01
      vertex   5.500000e+01 1.250000e+02 9.500000e+01
    endloop
  endfacet
  facet normal 0.000000e+00 0.000000e+00 -1.000000e+00
    outer loop
      vertex   5.500000e+01 1.250000e+02 9.500000e+01
      vertex   6.317157e+01 1.178284e+02 9.500000e+01
      vertex   6.253590e+01 1.170000e+02 9.500000e+01
    endloop
  endfacet
  facet normal 0.000000e+00 0.000000e+00 -1.000000e+00
    outer loop
      vertex   5.500000e+01 1.250000e+02 9.500000e+01
      vertex   6.253590e+01 1.170000e+02 9.500000e+01
      vertex   6.213630e+01 1.160353e+02 9.500000e+01
    endloop
  endfacet
  facet normal -0.000000e+00 0.000000e+00 -1.000000e+00
    outer loop
      vertex   6.213630e+01 1.160353e+02 9.500000e+01
      vertex   6.200000e+01 1.150000e+02 9.500000e+01
      vertex   5.500000e+01 1.250000e+02 9.500000e+01
    endloop
  endfacet
  facet normal 0.000000e+00 0.000000e+00 -1.000000e+00
    outer loop
      vertex   5.500000e+01 1.250000e+02 9.500000e+01
      vertex   6.200000e+01 1.150000e+02 9.500000e+01
      vertex   6.213630e+01 1.139647e+02 9.500000e+01
    endloop
  endfacet
  facet normal 0.000000e+00 0.000000e+00 -1.000000e+00
    outer loop
      vertex   5.500000e+01 1.250000e+02 9.500000e+01
      vertex   6.213630e+01 1.139647e+02 9.500000e+01
      vertex   6.213630e+01 1.005353e+02 9.500000e+01
    endloop
  endfacet
  facet normal 0.000000e+00 0.000000e+00 -1.000000e+00
    outer loop
      vertex   6.213630e+01 1.005353e+02 9.500000e+01
      vertex   6.213630e+01 1.139647e+02 9.500000e+01
      vertex   6.253590e+01 1.015000e+02 9.500000e+01
    endloop
  endfacet
  facet normal 0.000000e+00 0.000000e+00 -1.000000e+00
    outer loop
      vertex   6.253590e+01 1.015000e+02 9.500000e+01
      vertex   6.213630e+01 1.139647e+02 9.500000e+01
      vertex   6.253590e+01 1.130000e+02 9.500000e+01
    endloop
  endfacet
  facet normal 0.000000e+00 0.000000e+00 -1.000000e+00
    outer loop
      vertex   6.253590e+01 1.015000e+02 9.500000e+01
      vertex   6.253590e+01 1.130000e+02 9.500000e+01
      vertex   6.317157e+01 1.023284e+02 9.500000e+01
    endloop
  endfacet
  facet normal 0.000000e+00 0.000000e+00 -1.000000e+00
    outer loop
      vertex   6.317157e+01 1.023284e+02 9.500000e+01
      vertex   6.253590e+01 1.130000e+02 9.500000e+01
      vertex   6.317157e+01 1.121716e+02 9.500000e+01
    endloop
  endfacet
  facet normal 0.000000e+00 0.000000e+00 -1.000000e+00
    outer loop
      vertex   6.317157e+01 1.023284e+02 9.500000e+01
      vertex   6.317157e+01 1.121716e+02 9.500000e+01
      vertex   6.400000e+01 1.029641e+02 9.500000e+01
    endloop
  endfacet
  facet normal 0.000000e+00 0.000000e+00 -1.000000e+00
    outer loop
      vertex   6.400000e+01 1.029641e+02 9.500000e+01
      vertex   6.317157e+01 1.121716e+02 9.500000e+01
      vertex   6.400000e+01 1.115359e+02 9.500000e+01
    endloop
  endfacet
  facet normal 0.000000e+00 0.000000e+00 -1.000000e+00
    outer loop
      vertex   6.400000e+01 1.029641e+02 9.500000e+01
      vertex   6.400000e+01 1.115359e+02 9.500000e+01
      vertex   6.496472e+01 1.033637e+02 9.500000e+01
    endloop
  endfacet
  facet normal 0.000000e+00 0.000000e+00 -1.000000e+00
    outer loop
      vertex   6.496472e+01 1.033637e+02 9.500000e+01
      vertex   6.400000e+01 1.115359e+02 9.500000e+01
      vertex   6.496472e+01 1.111363e+02 9.500000e+01
    endloop
  endfacet
  facet normal 0.000000e+00 0.000000e+00 -1.000000e+00
    outer loop
      vertex   6.496472e+01 1.033637e+02 9.500000e+01
      vertex   6.496472e+01 1.111363e+02 9.500000e+01
      vertex   6.600000e+01 1.035000e+02 9.500000e+01
    endloop
  endfacet
  facet normal 0.000000e+00 0.000000e+00 -1.000000e+00
    outer loop
      vertex   6.600000e+01 1.035000e+02 9.500000e+01
      vertex   6.496472e+01 1.111363e+02 9.500000e+01
      vertex   6.600000e+01 1.110000e+02 9.500000e+01
    endloop
  endfacet
  facet normal 0.000000e+00 0.000000e+00 -1.000000e+00
    outer loop
      vertex   6.600000e+01 1.035000e+02 9.500000e+01
      vertex   6.600000e+01 1.110000e+02 9.500000e+01
      vertex   6.703528e+01 1.033637e+02 9.500000e+01
    endloop
  endfacet
  facet normal 0.000000e+00 0.000000e+00 -1.000000e+00
    outer loop
      vertex   6.703528e+01 1.033637e+02 9.500000e+01
      vertex   6.600000e+01 1.110000e+02 9.500000e+01
      vertex   6.703528e+01 1.111363e+02 9.500000e+01
    endloop
  endfacet
  facet normal 0.000000e+00 0.000000e+00 -1.000000e+00
    outer loop
      vertex   6.703528e+01 1.033637e+02 9.500000e+01
      vertex   6.703528e+01 1.111363e+02 9.500000e+01
      vertex   6.800000e+01 1.029641e+02 9.500000e+01
    endloop
  endfacet
  facet normal 0.000000e+00 0.000000e+00 -1.000000e+00
    outer loop
      vertex   6.800000e+01 1.029641e+02 9.500000e+01
      vertex   6.703528e+01 1.111363e+02 9.500000e+01
      vertex   6.800000e+01 1.115359e+02 9.500000e+01
    endloop
  endfacet
  facet normal 0.000000e+00 0.000000e+00 -1.000000e+00
    outer loop
      vertex   6.800000e+01 1.029641e+02 9.500000e+01
      vertex   6.800000e+01 1.115359e+02 9.500000e+01
      vertex   6.882843e+01 1.023284e+02 9.500000e+01
    endloop
  endfacet
  facet normal 0.000000e+00 0.000000e+00 -1.000000e+00
    outer loop
      vertex   6.882843e+01 1.023284e+02 9.500000e+01
      vertex   6.800000e+01 1.115359e+02 9.500000e+01
      vertex   6.882843e+01 1.121716e+02 9.500000e+01
    endloop
  endfacet
  facet normal 0.000000e+00 0.000000e+00 -1.000000e+00
    outer loop
      vertex   6.882843e+01 1.023284e+02 9.500000e+01
      vertex   6.882843e+01 1.121716e+02 9.500000e+01
      vertex   6.946410e+01 1.015000e+02 9.500000e+01
    endloop
  endfacet
  facet normal 0.000000e+00 0.000000e+00 -1.000000e+00
    outer loop
      vertex   6.946410e+01 1.015000e+02 9.500000e+01
      vertex   6.882843e+01 1.121716e+02 9.500000e+01
      vertex   6.946410e+01 1.130000e+02 9.500000e+01
    endloop
  endfacet
  facet normal 0.000000e+00 0.000000e+00 -1.000000e+00
    outer loop
      vertex   6.946410e+01 1.015000e+02 9.500000e+01
      vertex   6.946410e+01 1.130000e+02 9.500000e+01
      vertex   6.986370e+01 1.005353e+02 9.500000e+01
    endloop
  endfacet
  facet normal 0.000000e+00 0.000000e+00 -1.000000e+00
    outer loop
      vertex   6.986370e+01 1.005353e+02 9.500000e+01
      vertex   6.946410e+01 1.130000e+02 9.500000e+01
      vertex   6.986370e+01 1.139647e+02 9.500000e+01
    endloop
  endfacet
  facet normal 0.000000e+00 0.000000e+00 -1.000000e+00
    outer loop
      vertex   6.986370e+01 1.005353e+02 9.500000e+01
      vertex   6.986370e+01 1.139647e+02 9.500000e+01
      vertex   8.000000e+01 1.250000e+02 9.500000e+01
    endloop
  endfacet
  facet normal 0.000000e+00 0.000000e+00 -1.000000e+00
    outer loop
      vertex   6.986370e+01 1.005353e+02 9.500000e+01
      vertex   8.000000e+01 1.250000e+02 9.500000e+01
      vertex   7.000000e+01 9.950000e+01 9.500000e+01
    endloop
  endfacet
  facet normal 0.000000e+00 0.000000e+00 -1.000000e+00
    outer loop
      vertex   7.000000e+01 9.950000e+01 9.500000e+01
      vertex   8.000000e+01 1.250000e+02 9.500000e+01
      vertex   8.000000e+01 7.500000e+01 9.500000e+01
    endloop
  endfacet
  facet normal 0.000000e+00 -0.000000e+00 -1.000000e+00
    outer loop
      vertex   7.000000e+01 9.950000e+01 9.500000e+01
      vertex   8.000000e+01 7.500000e+01 9.500000e+01
      vertex   6.986370e+01 9.846473e+01 9.500000e+01
    endloop
  endfacet
  facet normal 0.000000e+00 0.000000e+00 -1.000000e+00
    outer loop
      vertex   6.986370e+01 9.846473e+01 9.500000e+01
      vertex   8.000000e+01 7.500000e+01 9.500000e+01
      vertex   6.986370e+01 8.503528e+01 9.500000e+01
    endloop
  endfacet
  facet normal 0.000000e+00 -0.000000e+00 -1.000000e+00
    outer loop
      vertex   6.986370e+01 9.846473e+01 9.500000e+01
      vertex   6.986370e+01 8.503528e+01 9.500000e+01
      vertex   6.946410e+01 9.750000e+01 9.500000e+01
    endloop
  endfacet
  facet normal 0.000000e+00 0.000000e+00 -1.000000e+00
    outer loop
      vertex   6.946410e+01 9.750000e+01 9.500000e+01
      vertex   6.986370e+01 8.503528e+01 9.500000e+01
      vertex   6.946410e+01 8.600000e+01 9.500000e+01
    endloop
  endfacet
  facet normal 0.000000e+00 -0.000000e+00 -1.000000e+00
    outer loop
      vertex   6.946410e+01 9.750000e+01 9.500000e+01
      vertex   6.946410e+01 8.600000e+01 9.500000e+01
      vertex   6.882843e+01 9.667157e+01 9.500000e+01
    endloop
  endfacet
  facet normal 0.000000e+00 0.000000e+00 -1.000000e+00
    outer loop
      vertex   6.882843e+01 9.667157e+01 9.500000e+01
      vertex   6.946410e+01 8.600000e+01 9.500000e+01
      vertex   6.882843e+01 8.682843e+01 9.500000e+01
    endloop
  endfacet
  facet normal 0.000000e+00 -0.000000e+00 -1.000000e+00
    outer loop
      vertex   6.882843e+01 9.667157e+01 9.500000e+01
      vertex   6.882843e+01 8.682843e+01 9.500000e+01
      vertex   6.800000e+01 9.603590e+01 9.500000e+01
    endloop
  endfacet
  facet normal 0.000000e+00 0.000000e+00 -1.000000e+00
    outer loop
      vertex   6.800000e+01 9.603590e+01 9.500000e+01
      vertex   6.882843e+01 8.682843e+01 9.500000e+01
      vertex   6.800000e+01 8.746410e+01 9.500000e+01
    endloop
  endfacet
  facet normal 0.000000e+00 -0.000000e+00 -1.000000e+00
    outer loop
      vertex   6.800000e+01 9.603590e+01 9.500000e+01
      vertex   6.800000e+01 8.746410e+01 9.500000e+01
      vertex   6.703528e+01 9.563630e+01 9.500000e+01
    endloop
  endfacet
  facet normal 0.000000e+00 0.000000e+00 -1.000000e+00
    outer loop
      vertex   6.703528e+01 9.563630e+01 9.500000e+01
      vertex   6.800000e+01 8.746410e+01 9.500000e+01
      vertex   6.703528e+01 8.786371e+01 9.500000e+01
    endloop
  endfacet
  facet normal 0.000000e+00 -0.000000e+00 -1.000000e+00
    outer loop
      vertex   6.703528e+01 9.563630e+01 9.500000e+01
      vertex   6.703528e+01 8.786371e+01 9.500000e+01
      vertex   6.600000e+01 9.550000e+01 9.500000e+01
    endloop
  endfacet
  facet normal 0.000000e+00 0.000000e+00 -1.000000e+00
    outer loop
      vertex   6.600000e+01 9.550000e+01 9.500000e+01
      vertex   6.703528e+01 8.786371e+01 9.500000e+01
      vertex   6.600000e+01 8.800000e+01 9.500000e+01
    endloop
  endfacet
  facet normal -0.000000e+00 -0.000000e+00 -1.000000e+00
    outer loop
      vertex   6.600000e+01 9.550000e+01 9.500000e+01
      vertex   6.600000e+01 8.800000e+01 9.500000e+01
      vertex   6.496472e+01 9.563630e+01 9.500000e+01
    endloop
  endfacet
  facet normal 0.000000e+00 0.000000e+00 -1.000000e+00
    outer loop
      vertex   6.496472e+01 9.563630e+01 9.500000e+01
      vertex   6.600000e+01 8.800000e+01 9.500000e+01
      vertex   6.496472e+01 8.786371e+01 9.500000e+01
    endloop
  endfacet
  facet normal -0.000000e+00 -0.000000e+00 -1.000000e+00
    outer loop
      vertex   6.496472e+01 9.563630e+01 9.500000e+01
      vertex   6.496472e+01 8.786371e+01 9.500000e+01
      vertex   6.400000e+01 9.603590e+01 9.500000e+01
    endloop
  endfacet
  facet normal 0.000000e+00 0.000000e+00 -1.000000e+00
    outer loop
      vertex   6.400000e+01 9.603590e+01 9.500000e+01
      vertex   6.496472e+01 8.786371e+01 9.500000e+01
      vertex   6.400000e+01 8.746410e+01 9.500000e+01
    endloop
  endfacet
  facet normal -0.000000e+00 -0.000000e+00 -1.000000e+00
    outer loop
      vertex   6.400000e+01 9.603590e+01 9.500000e+01
      vertex   6.400000e+01 8.746410e+01 9.500000e+01
      vertex   6.317157e+01 9.667157e+01 9.500000e+01
    endloop
  endfacet
  facet normal 0.000000e+00 0.000000e+00 -1.000000e+00
    outer loop
      vertex   6.317157e+01 9.667157e+01 9.500000e+01
      vertex   6.400000e+01 8.746410e+01 9.500000e+01
      vertex   6.317157e+01 8.682843e+01 9.500000e+01
    endloop
  endfacet
  facet normal -0.000000e+00 -0.000000e+00 -1.000000e+00
    outer loop
      vertex   6.317157e+01 9.667157e+01 9.500000e+01
      vertex   6.317157e+01 8.682843e+01 9.500000e+01
      vertex   6.253590e+01 9.750000e+01 9.500000e+01
    endloop
  endfacet
  facet normal 0.000000e+00 0.000000e+00 -1.000000e+00
    outer loop
      vertex   6.253590e+01 9.750000e+01 9.500000e+01
      vertex   6.317157e+01 8.682843e+01 9.500000e+01
      vertex   6.253590e+01 8.600000e+01 9.500000e+01
    endloop
  endfacet
  facet normal -0.000000e+00 -0.000000e+00 -1.000000e+00
    outer loop
      vertex   6.253590e+01 9.750000e+01 9.500000e+01
      vertex   6.253590e+01 8.600000e+01 9.500000e+01
      vertex   6.213630e+01 9.846473e+01 9.500000e+01
    endloop
  endfacet
  facet normal 0.000000e+00 0.000000e+00 -1.000000e+00
    outer loop
      vertex   6.213630e+01 9.846473e+01 9.500000e+01
      vertex   6.253590e+01 8.600000e+01 9.500000e+01
      vertex   6.213630e+01 8.503528e+01 9.500000e+01
    endloop
  endfacet
  facet normal 0.000000e+00 -0.000000e+00 -1.000000e+00
    outer loop
      vertex   6.213630e+01 9.846473e+01 9.500000e+01
      vertex   6.213630e+01 8.503528e+01 9.500000e+01
      vertex   5.500000e+01 7.500000e+01 9.500000e+01
    endloop
  endfacet
  facet normal 0.000000e+00 0.000000e+00 -1.000000e+00
    outer loop
      vertex   5.500000e+01 7.500000e+01 9.500000e+01
      vertex   6.213630e+01 8.503528e+01 9.500000e+01
      vertex   6.200000e+01 8.400000e+01 9.500000e+01
    endloop
  endfacet
  facet normal 0.000000e+00 0.000000e+00 -1.000000e+00
    outer loop
      vertex   5.500000e+01 7.500000e+01 9.500000e+01
      vertex   6.200000e+01 8.400000e+01 9.500000e+01
      vertex   6.213630e+01 8.296473e+01 9.500000e+01
    endloop
  endfacet
  facet normal -0.000000e+00 0.000000e+00 -1.000000e+00
    outer loop
      vertex   6.213630e+01 1.005353e+02 9.500000e+01
      vertex   6.200000e+01 9.950000e+01 9.500000e+01
      vertex   5.500000e+01 1.250000e+02 9.500000e+01
    endloop
  endfacet
  facet normal 0.000000e+00 0.000000e+00 -1.000000e+00
    outer loop
      vertex   5.500000e+01 1.250000e+02 9.500000e+01
      vertex   6.200000e+01 9.950000e+01 9.500000e+01
      vertex   5.500000e+01 7.500000e+01 9.500000e+01
    endloop
  endfacet
  facet normal 0.000000e+00 0.000000e+00 -1.000000e+00
    outer loop
      vertex   5.500000e+01 7.500000e+01 9.500000e+01
      vertex   6.200000e+01 9.950000e+01 9.500000e+01
      vertex   6.213630e+01 9.846473e+01 9.500000e+01
    endloop
  endfacet
  facet normal 0.000000e+00 0.000000e+00 -1.000000e+00
    outer loop
      vertex   6.986370e+01 8.296473e+01 9.500000e+01
      vertex   7.000000e+01 8.400000e+01 9.500000e+01
      vertex   8.000000e+01 7.500000e+01 9.500000e+01
    endloop
  endfacet
  facet normal 0.000000e+00 0.000000e+00 -1.000000e+00
    outer loop
      vertex   8.000000e+01 7.500000e+01 9.500000e+01
      vertex   7.000000e+01 8.400000e+01 9.500000e+01
      vertex   6.986370e+01 8.503528e+01 9.500000e+01
    endloop
  endfacet
  facet normal 0.000000e+00 -0.000000e+00 -1.000000e+00
    outer loop
      vertex   6.213630e+01 8.296473e+01 9.500000e+01
      vertex   6.253590e+01 8.200000e+01 9.500000e+01
      vertex   5.500000e+01 7.500000e+01 9.500000e+01
    endloop
  endfacet
  facet normal 0.000000e+00 0.000000e+00 -1.000000e+00
    outer loop
      vertex   5.500000e+01 7.500000e+01 9.500000e+01
      vertex   6.253590e+01 8.200000e+01 9.500000e+01
      vertex   6.317157e+01 8.117157e+01 9.500000e+01
    endloop
  endfacet
  facet normal 0.000000e+00 0.000000e+00 -1.000000e+00
    outer loop
      vertex   5.500000e+01 7.500000e+01 9.500000e+01
      vertex   6.317157e+01 8.117157e+01 9.500000e+01
      vertex   6.400000e+01 8.053590e+01 9.500000e+01
    endloop
  endfacet
  facet normal 0.000000e+00 -0.000000e+00 -1.000000e+00
    outer loop
      vertex   6.400000e+01 8.053590e+01 9.500000e+01
      vertex   6.496472e+01 8.013630e+01 9.500000e+01
      vertex   5.500000e+01 7.500000e+01 9.500000e+01
    endloop
  endfacet
  facet normal 0.000000e+00 0.000000e+00 -1.000000e+00
    outer loop
      vertex   5.500000e+01 7.500000e+01 9.500000e+01
      vertex   6.496472e+01 8.013630e+01 9.500000e+01
      vertex   6.600000e+01 8.000000e+01 9.500000e+01
    endloop
  endfacet
  facet normal 0.000000e+00 0.000000e+00 -1.000000e+00
    outer loop
      vertex   5.500000e+01 7.500000e+01 9.500000e+01
      vertex   6.600000e+01 8.000000e+01 9.500000e+01
      vertex   8.000000e+01 7.500000e+01 9.500000e+01
    endloop
  endfacet
  facet normal 0.000000e+00 0.000000e+00 -1.000000e+00
    outer loop
      vertex   8.000000e+01 7.500000e+01 9.500000e+01
      vertex   6.600000e+01 8.000000e+01 9.500000e+01
      vertex   6.703528e+01 8.013630e+01 9.500000e+01
    endloop
  endfacet
  facet normal 0.000000e+00 0.000000e+00 -1.000000e+00
    outer loop
      vertex   8.000000e+01 7.500000e+01 9.500000e+01
      vertex   6.703528e+01 8.013630e+01 9.500000e+01
      vertex   6.800000e+01 8.053590e+01 9.500000e+01
    endloop
  endfacet
  facet normal 0.000000e+00 0.000000e+00 -1.000000e+00
    outer loop
      vertex   6.800000e+01 8.053590e+01 9.500000e+01
      vertex   6.882843e+01 8.117157e+01 9.500000e+01
      vertex   8.000000e+01 7.500000e+01 9.500000e+01
    endloop
  endfacet
  facet normal 0.000000e+00 0.000000e+00 -1.000000e+00
    outer loop
      vertex   8.000000e+01 7.500000e+01 9.500000e+01
      vertex   6.882843e+01 8.117157e+01 9.500000e+01
      vertex   6.946410e+01 8.200000e+01 9.500000e+01
    endloop
  endfacet
  facet normal 0.000000e+00 0.000000e+00 -1.000000e+00
    outer loop
      vertex   8.000000e+01 7.500000e+01 9.500000e+01
      vertex   6.946410e+01 8.200000e+01 9.500000e+01
      vertex   6.986370e+01 8.296473e+01 9.500000e+01
    endloop
  endfacet
  facet normal 0.000000e+00 -1.000000e+00 0.000000e+00
    outer loop
      vertex   8.000000e+01 1.250000e+02 8.000000e+01
      vertex   8.000000e+01 1.250000e+02 9.500000e+01
      vertex   5.500000e+01 1.250000e+02 8.000000e+01
    endloop
  endfacet
  facet normal 0.000000e+00 -1.000000e+00 0.000000e+00
    outer loop
      vertex   5.500000e+01 1.250000e+02 8.000000e+01
      vertex   8.000000e+01 1.250000e+02 9.500000e+01
      vertex   5.500000e+01 1.250000e+02 9.500000e+01
    endloop
  endfacet
  facet normal 0.000000e+00 -0.000000e+00 1.000000e+00
    outer loop
      vertex   8.000000e+01 7.500000e+01 8.000000e+01
      vertex   8.000000e+01 1.250000e+02 8.000000e+01
      vertex   5.500000e+01 7.500000e+01 8.000000e+01
    endloop
  endfacet
  facet normal 0.000000e+00 0.000000e+00 1.000000e+00
    outer loop
      vertex   5.500000e+01 7.500000e+01 8.000000e+01
      vertex   8.000000e+01 1.250000e+02 8.000000e+01
      vertex   5.500000e+01 1.250000e+02 8.000000e+01
    endloop
  endfacet
  facet normal -0.000000e+00 -9.941380e-01 -1.081190e-01
    outer loop
      vertex   8.000000e+01 1.622618e+02 -2.241213e+01
      vertex   6.300000e+01 1.622618e+02 -2.241213e+01
      vertex   8.000000e+01 1.624021e+02 -2.370195e+01
    endloop
  endfacet
  facet normal -0.000000e+00 -9.941380e-01 -1.081190e-01
    outer loop
      vertex   8.000000e+01 1.624021e+02 -2.370195e+01
      vertex   6.300000e+01 1.622618e+02 -2.241213e+01
      vertex   6.300000e+01 1.624021e+02 -2.370195e+01
    endloop
  endfacet
  facet normal 0.000000e+00 -9.941380e-01 1.081190e-01
    outer loop
      vertex   8.000000e+01 1.624021e+02 -2.370195e+01
      vertex   6.300000e+01 1.624021e+02 -2.370195e+01
      vertex   8.000000e+01 1.622618e+02 -2.499177e+01
    endloop
  endfacet
  facet normal 0.000000e+00 -9.941380e-01 1.081190e-01
    outer loop
      vertex   8.000000e+01 1.622618e+02 -2.499177e+01
      vertex   6.300000e+01 1.624021e+02 -2.370195e+01
      vertex   6.300000e+01 1.622618e+02 -2.499177e+01
    endloop
  endfacet
  facet normal 0.000000e+00 -9.476532e-01 3.193015e-01
    outer loop
      vertex   8.000000e+01 1.622618e+02 -2.499177e+01
      vertex   6.300000e+01 1.622618e+02 -2.499177e+01
      vertex   8.000000e+01 1.618475e+02 -2.622128e+01
    endloop
  endfacet
  facet normal -6.672864e-17 -9.476532e-01 3.193015e-01
    outer loop
      vertex   8.000000e+01 1.618475e+02 -2.622128e+01
      vertex   6.300000e+01 1.622618e+02 -2.499177e+01
      vertex   6.300000e+01 1.618475e+02 -2.622128e+01
    endloop
  endfacet
  facet normal -1.077421e-16 -8.568572e-01 5.155539e-01
    outer loop
      vertex   8.000000e+01 1.618475e+02 -2.622128e+01
      vertex   6.300000e+01 1.618475e+02 -2.622128e+01
      vertex   8.000000e+01 1.611786e+02 -2.733299e+01
    endloop
  endfacet
  facet normal 0.000000e+00 -8.568572e-01 5.155539e-01
    outer loop
      vertex   8.000000e+01 1.611786e+02 -2.733299e+01
      vertex   6.300000e+01 1.618475e+02 -2.622128e+01
      vertex   6.300000e+01 1.611786e+02 -2.733299e+01
    endloop
  endfacet
  facet normal 0.000000e+00 -7.259955e-01 6.876995e-01
    outer loop
      vertex   8.000000e+01 1.611786e+02 -2.733299e+01
      vertex   6.300000e+01 1.611786e+02 -2.733299e+01
      vertex   8.000000e+01 1.602864e+02 -2.827492e+01
    endloop
  endfacet
  facet normal 0.000000e+00 -7.259955e-01 6.876995e-01
    outer loop
      vertex   8.000000e+01 1.602864e+02 -2.827492e+01
      vertex   6.300000e+01 1.611786e+02 -2.733299e+01
      vertex   6.300000e+01 1.602864e+02 -2.827492e+01
    endloop
  endfacet
  facet normal 0.000000e+00 -5.611871e-01 8.276890e-01
    outer loop
      vertex   8.000000e+01 1.602864e+02 -2.827492e+01
      vertex   6.300000e+01 1.602864e+02 -2.827492e+01
      vertex   8.000000e+01 1.592125e+02 -2.900302e+01
    endloop
  endfacet
  facet normal 0.000000e+00 -5.611871e-01 8.276890e-01
    outer loop
      vertex   8.000000e+01 1.592125e+02 -2.900302e+01
      vertex   6.300000e+01 1.602864e+02 -2.827492e+01
      vertex   6.300000e+01 1.592125e+02 -2.900302e+01
    endloop
  endfacet
  facet normal 0.000000e+00 -3.701382e-01 9.289767e-01
    outer loop
      vertex   8.000000e+01 1.592125e+02 -2.900302e+01
      vertex   6.300000e+01 1.592125e+02 -2.900302e+01
      vertex   8.000000e+01 1.580073e+02 -2.948325e+01
    endloop
  endfacet
  facet normal 0.000000e+00 -3.701382e-01 9.289767e-01
    outer loop
      vertex   8.000000e+01 1.580073e+02 -2.948325e+01
      vertex   6.300000e+01 1.592125e+02 -2.900302e+01
      vertex   6.300000e+01 1.580073e+02 -2.948325e+01
    endloop
  endfacet
  facet normal 0.000000e+00 -1.617820e-01 9.868265e-01
    outer loop
      vertex   8.000000e+01 1.580073e+02 -2.948325e+01
      vertex   6.300000e+01 1.580073e+02 -2.948325e+01
      vertex   8.000000e+01 1.567269e+02 -2.969315e+01
    endloop
  endfacet
  facet normal 0.000000e+00 -1.617820e-01 9.868265e-01
    outer loop
      vertex   8.000000e+01 1.567269e+02 -2.969315e+01
      vertex   6.300000e+01 1.580073e+02 -2.948325e+01
      vertex   6.300000e+01 1.567269e+02 -2.969315e+01
    endloop
  endfacet
  facet normal 0.000000e+00 5.413891e-02 9.985334e-01
    outer loop
      vertex   8.000000e+01 1.567269e+02 -2.969315e+01
      vertex   6.300000e+01 1.567269e+02 -2.969315e+01
      vertex   8.000000e+01 1.554314e+02 -2.962291e+01
    endloop
  endfacet
  facet normal 0.000000e+00 5.413891e-02 9.985334e-01
    outer loop
      vertex   8.000000e+01 1.554314e+02 -2.962291e+01
      vertex   6.300000e+01 1.567269e+02 -2.969315e+01
      vertex   6.300000e+01 1.554314e+02 -2.962291e+01
    endloop
  endfacet
  facet normal 0.000000e+00 2.675283e-01 9.635500e-01
    outer loop
      vertex   8.000000e+01 1.554314e+02 -2.962291e+01
      vertex   6.300000e+01 1.554314e+02 -2.962291e+01
      vertex   8.000000e+01 1.541813e+02 -2.927581e+01
    endloop
  endfacet
  facet normal -4.027314e-16 2.675283e-01 9.635500e-01
    outer loop
      vertex   8.000000e+01 1.541813e+02 -2.927581e+01
      vertex   6.300000e+01 1.554314e+02 -2.962291e+01
      vertex   6.300000e+01 1.541813e+02 -2.927581e+01
    endloop
  endfacet
  facet normal -3.692783e-16 4.684084e-01 8.835120e-01
    outer loop
      vertex   8.000000e+01 1.541813e+02 -2.927581e+01
      vertex   6.300000e+01 1.541813e+02 -2.927581e+01
      vertex   8.000000e+01 1.530350e+02 -2.866808e+01
    endloop
  endfacet
  facet normal 0.000000e+00 4.684084e-01 8.835120e-01
    outer loop
      vertex   8.000000e+01 1.530350e+02 -2.866808e+01
      vertex   6.300000e+01 1.541813e+02 -2.927581e+01
      vertex   6.300000e+01 1.530350e+02 -2.866808e+01
    endloop
  endfacet
  facet normal 0.000000e+00 6.473863e-01 7.621621e-01
    outer loop
      vertex   8.000000e+01 1.530350e+02 -2.866808e+01
      vertex   6.300000e+01 1.530350e+02 -2.866808e+01
      vertex   8.000000e+01 1.520461e+02 -2.782814e+01
    endloop
  endfacet
  facet normal 0.000000e+00 6.473863e-01 7.621621e-01
    outer loop
      vertex   8.000000e+01 1.520461e+02 -2.782814e+01
      vertex   6.300000e+01 1.530350e+02 -2.866808e+01
      vertex   6.300000e+01 1.520461e+02 -2.782814e+01
    endloop
  endfacet
  facet normal 0.000000e+00 7.960931e-01 6.051742e-01
    outer loop
      vertex   8.000000e+01 1.520461e+02 -2.782814e+01
      vertex   6.300000e+01 1.520461e+02 -2.782814e+01
      vertex   8.000000e+01 1.512609e+02 -2.679527e+01
    endloop
  endfacet
  facet normal 2.529424e-16 7.960931e-01 6.051742e-01
    outer loop
      vertex   8.000000e+01 1.512609e+02 -2.679527e+01
      vertex   6.300000e+01 1.520461e+02 -2.782814e+01
      vertex   6.300000e+01 1.512609e+02 -2.679527e+01
    endloop
  endfacet
  facet normal 1.754995e-16 9.075754e-01 4.198891e-01
    outer loop
      vertex   8.000000e+01 1.512609e+02 -2.679527e+01
      vertex   6.300000e+01 1.512609e+02 -2.679527e+01
      vertex   8.000000e+01 1.507162e+02 -2.561776e+01
    endloop
  endfacet
  facet normal 0.000000e+00 9.075754e-01 4.198891e-01
    outer loop
      vertex   8.000000e+01 1.507162e+02 -2.561776e+01
      vertex   6.300000e+01 1.512609e+02 -2.679527e+01
      vertex   6.300000e+01 1.507162e+02 -2.561776e+01
    endloop
  endfacet
  facet normal 0.000000e+00 9.766206e-01 2.149704e-01
    outer loop
      vertex   8.000000e+01 1.507162e+02 -2.561776e+01
      vertex   6.300000e+01 1.507162e+02 -2.561776e+01
      vertex   8.000000e+01 1.504373e+02 -2.435066e+01
    endloop
  endfacet
  facet normal 0.000000e+00 9.766206e-01 2.149704e-01
    outer loop
      vertex   8.000000e+01 1.504373e+02 -2.435066e+01
      vertex   6.300000e+01 1.507162e+02 -2.561776e+01
      vertex   6.300000e+01 1.504373e+02 -2.435066e+01
    endloop
  endfacet
  facet normal 0.000000e+00 1.000000e+00 -0.000000e+00
    outer loop
      vertex   8.000000e+01 1.504373e+02 -2.435066e+01
      vertex   6.300000e+01 1.504373e+02 -2.435066e+01
      vertex   8.000000e+01 1.504373e+02 -2.305323e+01
    endloop
  endfacet
  facet normal 0.000000e+00 1.000000e+00 0.000000e+00
    outer loop
      vertex   8.000000e+01 1.504373e+02 -2.305323e+01
      vertex   6.300000e+01 1.504373e+02 -2.435066e+01
      vertex   6.300000e+01 1.504373e+02 -2.305323e+01
    endloop
  endfacet
  facet normal 0.000000e+00 9.766206e-01 -2.149704e-01
    outer loop
      vertex   8.000000e+01 1.504373e+02 -2.305323e+01
      vertex   6.300000e+01 1.504373e+02 -2.305323e+01
      vertex   8.000000e+01 1.507162e+02 -2.178614e+01
    endloop
  endfacet
  facet normal -8.985040e-17 9.766206e-01 -2.149704e-01
    outer loop
      vertex   8.000000e+01 1.507162e+02 -2.178614e+01
      vertex   6.300000e+01 1.504373e+02 -2.305323e+01
      vertex   6.300000e+01 1.507162e+02 -2.178614e+01
    endloop
  endfacet
  facet normal -1.754995e-16 9.075754e-01 -4.198891e-01
    outer loop
      vertex   8.000000e+01 1.507162e+02 -2.178614e+01
      vertex   6.300000e+01 1.507162e+02 -2.178614e+01
      vertex   8.000000e+01 1.512609e+02 -2.060862e+01
    endloop
  endfacet
  facet normal 0.000000e+00 9.075754e-01 -4.198891e-01
    outer loop
      vertex   8.000000e+01 1.512609e+02 -2.060862e+01
      vertex   6.300000e+01 1.507162e+02 -2.178614e+01
      vertex   6.300000e+01 1.512609e+02 -2.060862e+01
    endloop
  endfacet
  facet normal 0.000000e+00 7.960931e-01 -6.051742e-01
    outer loop
      vertex   8.000000e+01 1.512609e+02 -2.060862e+01
      vertex   6.300000e+01 1.512609e+02 -2.060862e+01
      vertex   8.000000e+01 1.520461e+02 -1.957575e+01
    endloop
  endfacet
  facet normal 0.000000e+00 7.960931e-01 -6.051742e-01
    outer loop
      vertex   8.000000e+01 1.520461e+02 -1.957575e+01
      vertex   6.300000e+01 1.512609e+02 -2.060862e+01
      vertex   6.300000e+01 1.520461e+02 -1.957575e+01
    endloop
  endfacet
  facet normal 0.000000e+00 6.473863e-01 -7.621621e-01
    outer loop
      vertex   8.000000e+01 1.520461e+02 -1.957575e+01
      vertex   6.300000e+01 1.520461e+02 -1.957575e+01
      vertex   8.000000e+01 1.530350e+02 -1.873581e+01
    endloop
  endfacet
  facet normal 0.000000e+00 6.473863e-01 -7.621621e-01
    outer loop
      vertex   8.000000e+01 1.530350e+02 -1.873581e+01
      vertex   6.300000e+01 1.520461e+02 -1.957575e+01
      vertex   6.300000e+01 1.530350e+02 -1.873581e+01
    endloop
  endfacet
  facet normal 0.000000e+00 4.684084e-01 -8.835120e-01
    outer loop
      vertex   8.000000e+01 1.530350e+02 -1.873581e+01
      vertex   6.300000e+01 1.530350e+02 -1.873581e+01
      vertex   8.000000e+01 1.541813e+02 -1.812809e+01
    endloop
  endfacet
  facet normal -3.692783e-16 4.684084e-01 -8.835120e-01
    outer loop
      vertex   8.000000e+01 1.541813e+02 -1.812809e+01
      vertex   6.300000e+01 1.530350e+02 -1.873581e+01
      vertex   6.300000e+01 1.541813e+02 -1.812809e+01
    endloop
  endfacet
  facet normal -4.027314e-16 2.675283e-01 -9.635500e-01
    outer loop
      vertex   8.000000e+01 1.541813e+02 -1.812809e+01
      vertex   6.300000e+01 1.541813e+02 -1.812809e+01
      vertex   8.000000e+01 1.554314e+02 -1.778099e+01
    endloop
  endfacet
  facet normal 0.000000e+00 2.675283e-01 -9.635500e-01
    outer loop
      vertex   8.000000e+01 1.554314e+02 -1.778099e+01
      vertex   6.300000e+01 1.541813e+02 -1.812809e+01
      vertex   6.300000e+01 1.554314e+02 -1.778099e+01
    endloop
  endfacet
  facet normal 0.000000e+00 5.413891e-02 -9.985334e-01
    outer loop
      vertex   8.000000e+01 1.554314e+02 -1.778099e+01
      vertex   6.300000e+01 1.554314e+02 -1.778099e+01
      vertex   8.000000e+01 1.567269e+02 -1.771075e+01
    endloop
  endfacet
  facet normal 0.000000e+00 5.413891e-02 -9.985334e-01
    outer loop
      vertex   8.000000e+01 1.567269e+02 -1.771075e+01
      vertex   6.300000e+01 1.554314e+02 -1.778099e+01
      vertex   6.300000e+01 1.567269e+02 -1.771075e+01
    endloop
  endfacet
  facet normal -0.000000e+00 -1.617820e-01 -9.868265e-01
    outer loop
      vertex   8.000000e+01 1.567269e+02 -1.771075e+01
      vertex   6.300000e+01 1.567269e+02 -1.771075e+01
      vertex   8.000000e+01 1.580073e+02 -1.792065e+01
    endloop
  endfacet
  facet normal -0.000000e+00 -1.617820e-01 -9.868265e-01
    outer loop
      vertex   8.000000e+01 1.580073e+02 -1.792065e+01
      vertex   6.300000e+01 1.567269e+02 -1.771075e+01
      vertex   6.300000e+01 1.580073e+02 -1.792065e+01
    endloop
  endfacet
  facet normal -0.000000e+00 -3.701382e-01 -9.289767e-01
    outer loop
      vertex   8.000000e+01 1.580073e+02 -1.792065e+01
      vertex   6.300000e+01 1.580073e+02 -1.792065e+01
      vertex   8.000000e+01 1.592125e+02 -1.840088e+01
    endloop
  endfacet
  facet normal -0.000000e+00 -3.701382e-01 -9.289767e-01
    outer loop
      vertex   8.000000e+01 1.592125e+02 -1.840088e+01
      vertex   6.300000e+01 1.580073e+02 -1.792065e+01
      vertex   6.300000e+01 1.592125e+02 -1.840088e+01
    endloop
  endfacet
  facet normal -0.000000e+00 -5.611871e-01 -8.276890e-01
    outer loop
      vertex   8.000000e+01 1.592125e+02 -1.840088e+01
      vertex   6.300000e+01 1.592125e+02 -1.840088e+01
      vertex   8.000000e+01 1.602864e+02 -1.912898e+01
    endloop
  endfacet
  facet normal -1.729731e-16 -5.611871e-01 -8.276890e-01
    outer loop
      vertex   8.000000e+01 1.602864e+02 -1.912898e+01
      vertex   6.300000e+01 1.592125e+02 -1.840088e+01
      vertex   6.300000e+01 1.602864e+02 -1.912898e+01
    endloop
  endfacet
  facet normal -1.437176e-16 -7.259955e-01 -6.876995e-01
    outer loop
      vertex   8.000000e+01 1.602864e+02 -1.912898e+01
      vertex   6.300000e+01 1.602864e+02 -1.912898e+01
      vertex   8.000000e+01 1.611786e+02 -2.007090e+01
    endloop
  endfacet
  facet normal 1.437176e-16 -7.259955e-01 -6.876995e-01
    outer loop
      vertex   8.000000e+01 1.611786e+02 -2.007090e+01
      vertex   6.300000e+01 1.602864e+02 -1.912898e+01
      vertex   6.300000e+01 1.611786e+02 -2.007090e+01
    endloop
  endfacet
  facet normal 1.077421e-16 -8.568572e-01 -5.155539e-01
    outer loop
      vertex   8.000000e+01 1.611786e+02 -2.007090e+01
      vertex   6.300000e+01 1.611786e+02 -2.007090e+01
      vertex   8.000000e+01 1.618475e+02 -2.118261e+01
    endloop
  endfacet
  facet normal -1.077421e-16 -8.568572e-01 -5.155539e-01
    outer loop
      vertex   8.000000e+01 1.618475e+02 -2.118261e+01
      vertex   6.300000e+01 1.611786e+02 -2.007090e+01
      vertex   6.300000e+01 1.618475e+02 -2.118261e+01
    endloop
  endfacet
  facet normal -6.672864e-17 -9.476532e-01 -3.193015e-01
    outer loop
      vertex   8.000000e+01 1.618475e+02 -2.118261e+01
      vertex   6.300000e+01 1.618475e+02 -2.118261e+01
      vertex   8.000000e+01 1.622618e+02 -2.241213e+01
    endloop
  endfacet
  facet normal -0.000000e+00 -9.476532e-01 -3.193015e-01
    outer loop
      vertex   8.000000e+01 1.622618e+02 -2.241213e+01
      vertex   6.300000e+01 1.618475e+02 -2.118261e+01
      vertex   6.300000e+01 1.622618e+02 -2.241213e+01
    endloop
  endfacet
  facet normal 0.000000e+00 -9.941380e-01 1.081190e-01
    outer loop
      vertex   4.600000e+01 1.622618e+02 -2.499177e+01
      vertex   6.300000e+01 1.622618e+02 -2.499177e+01
      vertex   4.600000e+01 1.624021e+02 -2.370195e+01
    endloop
  endfacet
  facet normal 0.000000e+00 -9.941380e-01 1.081190e-01
    outer loop
      vertex   4.600000e+01 1.624021e+02 -2.370195e+01
      vertex   6.300000e+01 1.622618e+02 -2.499177e+01
      vertex   6.300000e+01 1.624021e+02 -2.370195e+01
    endloop
  endfacet
  facet normal 0.000000e+00 -9.941380e-01 -1.081190e-01
    outer loop
      vertex   4.600000e+01 1.624021e+02 -2.370195e+01
      vertex   6.300000e+01 1.624021e+02 -2.370195e+01
      vertex   4.600000e+01 1.622618e+02 -2.241213e+01
    endloop
  endfacet
  facet normal 0.000000e+00 -9.941380e-01 -1.081190e-01
    outer loop
      vertex   4.600000e+01 1.622618e+02 -2.241213e+01
      vertex   6.300000e+01 1.624021e+02 -2.370195e+01
      vertex   6.300000e+01 1.622618e+02 -2.241213e+01
    endloop
  endfacet
  facet normal 0.000000e+00 -9.476532e-01 -3.193015e-01
    outer loop
      vertex   4.600000e+01 1.622618e+02 -2.241213e+01
      vertex   6.300000e+01 1.622618e+02 -2.241213e+01
      vertex   4.600000e+01 1.618475e+02 -2.118261e+01
    endloop
  endfacet
  facet normal 6.672864e-17 -9.476532e-01 -3.193015e-01
    outer loop
      vertex   4.600000e+01 1.618475e+02 -2.118261e+01
      vertex   6.300000e+01 1.622618e+02 -2.241213e+01
      vertex   6.300000e+01 1.618475e+02 -2.118261e+01
    endloop
  endfacet
  facet normal 1.077421e-16 -8.568572e-01 -5.155539e-01
    outer loop
      vertex   4.600000e+01 1.618475e+02 -2.118261e+01
      vertex   6.300000e+01 1.618475e+02 -2.118261e+01
      vertex   4.600000e+01 1.611786e+02 -2.007090e+01
    endloop
  endfacet
  facet normal 0.000000e+00 -8.568572e-01 -5.155539e-01
    outer loop
      vertex   4.600000e+01 1.611786e+02 -2.007090e+01
      vertex   6.300000e+01 1.618475e+02 -2.118261e+01
      vertex   6.300000e+01 1.611786e+02 -2.007090e+01
    endloop
  endfacet
  facet normal 0.000000e+00 -7.259955e-01 -6.876995e-01
    outer loop
      vertex   4.600000e+01 1.611786e+02 -2.007090e+01
      vertex   6.300000e+01 1.611786e+02 -2.007090e+01
      vertex   4.600000e+01 1.602864e+02 -1.912898e+01
    endloop
  endfacet
  facet normal 1.437176e-16 -7.259955e-01 -6.876995e-01
    outer loop
      vertex   4.600000e+01 1.602864e+02 -1.912898e+01
      vertex   6.300000e+01 1.611786e+02 -2.007090e+01
      vertex   6.300000e+01 1.602864e+02 -1.912898e+01
    endloop
  endfacet
  facet normal 1.729731e-16 -5.611871e-01 -8.276890e-01
    outer loop
      vertex   4.600000e+01 1.602864e+02 -1.912898e+01
      vertex   6.300000e+01 1.602864e+02 -1.912898e+01
      vertex   4.600000e+01 1.592125e+02 -1.840088e+01
    endloop
  endfacet
  facet normal 0.000000e+00 -5.611871e-01 -8.276890e-01
    outer loop
      vertex   4.600000e+01 1.592125e+02 -1.840088e+01
      vertex   6.300000e+01 1.602864e+02 -1.912898e+01
      vertex   6.300000e+01 1.592125e+02 -1.840088e+01
    endloop
  endfacet
  facet normal 0.000000e+00 -3.701382e-01 -9.289767e-01
    outer loop
      vertex   4.600000e+01 1.592125e+02 -1.840088e+01
      vertex   6.300000e+01 1.592125e+02 -1.840088e+01
      vertex   4.600000e+01 1.580073e+02 -1.792065e+01
    endloop
  endfacet
  facet normal 0.000000e+00 -3.701382e-01 -9.289767e-01
    outer loop
      vertex   4.600000e+01 1.580073e+02 -1.792065e+01
      vertex   6.300000e+01 1.592125e+02 -1.840088e+01
      vertex   6.300000e+01 1.580073e+02 -1.792065e+01
    endloop
  endfacet
  facet normal 0.000000e+00 -1.617820e-01 -9.868265e-01
    outer loop
      vertex   4.600000e+01 1.580073e+02 -1.792065e+01
      vertex   6.300000e+01 1.580073e+02 -1.792065e+01
      vertex   4.600000e+01 1.567269e+02 -1.771075e+01
    endloop
  endfacet
  facet normal 0.000000e+00 -1.617820e-01 -9.868265e-01
    outer loop
      vertex   4.600000e+01 1.567269e+02 -1.771075e+01
      vertex   6.300000e+01 1.580073e+02 -1.792065e+01
      vertex   6.300000e+01 1.567269e+02 -1.771075e+01
    endloop
  endfacet
  facet normal 0.000000e+00 5.413891e-02 -9.985334e-01
    outer loop
      vertex   4.600000e+01 1.567269e+02 -1.771075e+01
      vertex   6.300000e+01 1.567269e+02 -1.771075e+01
      vertex   4.600000e+01 1.554314e+02 -1.778099e+01
    endloop
  endfacet
  facet normal 0.000000e+00 5.413891e-02 -9.985334e-01
    outer loop
      vertex   4.600000e+01 1.554314e+02 -1.778099e+01
      vertex   6.300000e+01 1.567269e+02 -1.771075e+01
      vertex   6.300000e+01 1.554314e+02 -1.778099e+01
    endloop
  endfacet
  facet normal 0.000000e+00 2.675283e-01 -9.635500e-01
    outer loop
      vertex   4.600000e+01 1.554314e+02 -1.778099e+01
      vertex   6.300000e+01 1.554314e+02 -1.778099e+01
      vertex   4.600000e+01 1.541813e+02 -1.812809e+01
    endloop
  endfacet
  facet normal 4.027314e-16 2.675283e-01 -9.635500e-01
    outer loop
      vertex   4.600000e+01 1.541813e+02 -1.812809e+01
      vertex   6.300000e+01 1.554314e+02 -1.778099e+01
      vertex   6.300000e+01 1.541813e+02 -1.812809e+01
    endloop
  endfacet
  facet normal 3.692783e-16 4.684084e-01 -8.835120e-01
    outer loop
      vertex   4.600000e+01 1.541813e+02 -1.812809e+01
      vertex   6.300000e+01 1.541813e+02 -1.812809e+01
      vertex   4.600000e+01 1.530350e+02 -1.873581e+01
    endloop
  endfacet
  facet normal 0.000000e+00 4.684084e-01 -8.835120e-01
    outer loop
      vertex   4.600000e+01 1.530350e+02 -1.873581e+01
      vertex   6.300000e+01 1.541813e+02 -1.812809e+01
      vertex   6.300000e+01 1.530350e+02 -1.873581e+01
    endloop
  endfacet
  facet normal 0.000000e+00 6.473863e-01 -7.621621e-01
    outer loop
      vertex   4.600000e+01 1.530350e+02 -1.873581e+01
      vertex   6.300000e+01 1.530350e+02 -1.873581e+01
      vertex   4.600000e+01 1.520461e+02 -1.957575e+01
    endloop
  endfacet
  facet normal 0.000000e+00 6.473863e-01 -7.621621e-01
    outer loop
      vertex   4.600000e+01 1.520461e+02 -1.957575e+01
      vertex   6.300000e+01 1.530350e+02 -1.873581e+01
      vertex   6.300000e+01 1.520461e+02 -1.957575e+01
    endloop
  endfacet
  facet normal 0.000000e+00 7.960931e-01 -6.051742e-01
    outer loop
      vertex   4.600000e+01 1.520461e+02 -1.957575e+01
      vertex   6.300000e+01 1.520461e+02 -1.957575e+01
      vertex   4.600000e+01 1.512609e+02 -2.060862e+01
    endloop
  endfacet
  facet normal -2.529424e-16 7.960931e-01 -6.051742e-01
    outer loop
      vertex   4.600000e+01 1.512609e+02 -2.060862e+01
      vertex   6.300000e+01 1.520461e+02 -1.957575e+01
      vertex   6.300000e+01 1.512609e+02 -2.060862e+01
    endloop
  endfacet
  facet normal -1.754995e-16 9.075754e-01 -4.198891e-01
    outer loop
      vertex   4.600000e+01 1.512609e+02 -2.060862e+01
      vertex   6.300000e+01 1.512609e+02 -2.060862e+01
      vertex   4.600000e+01 1.507162e+02 -2.178614e+01
    endloop
  endfacet
  facet normal 0.000000e+00 9.075754e-01 -4.198891e-01
    outer loop
      vertex   4.600000e+01 1.507162e+02 -2.178614e+01
      vertex   6.300000e+01 1.512609e+02 -2.060862e+01
      vertex   6.300000e+01 1.507162e+02 -2.178614e+01
    endloop
  endfacet
  facet normal 0.000000e+00 9.766206e-01 -2.149704e-01
    outer loop
      vertex   4.600000e+01 1.507162e+02 -2.178614e+01
      vertex   6.300000e+01 1.507162e+02 -2.178614e+01
      vertex   4.600000e+01 1.504373e+02 -2.305323e+01
    endloop
  endfacet
  facet normal 0.000000e+00 9.766206e-01 -2.149704e-01
    outer loop
      vertex   4.600000e+01 1.504373e+02 -2.305323e+01
      vertex   6.300000e+01 1.507162e+02 -2.178614e+01
      vertex   6.300000e+01 1.504373e+02 -2.305323e+01
    endloop
  endfacet
  facet normal -0.000000e+00 1.000000e+00 0.000000e+00
    outer loop
      vertex   4.600000e+01 1.504373e+02 -2.305323e+01
      vertex   6.300000e+01 1.504373e+02 -2.305323e+01
      vertex   4.600000e+01 1.504373e+02 -2.435066e+01
    endloop
  endfacet
  facet normal 0.000000e+00 1.000000e+00 0.000000e+00
    outer loop
      vertex   4.600000e+01 1.504373e+02 -2.435066e+01
      vertex   6.300000e+01 1.504373e+02 -2.305323e+01
      vertex   6.300000e+01 1.504373e+02 -2.435066e+01
    endloop
  endfacet
  facet normal -0.000000e+00 9.766206e-01 2.149704e-01
    outer loop
      vertex   4.600000e+01 1.504373e+02 -2.435066e+01
      vertex   6.300000e+01 1.504373e+02 -2.435066e+01
      vertex   4.600000e+01 1.507162e+02 -2.561776e+01
    endloop
  endfacet
  facet normal 8.985040e-17 9.766206e-01 2.149704e-01
    outer loop
      vertex   4.600000e+01 1.507162e+02 -2.561776e+01
      vertex   6.300000e+01 1.504373e+02 -2.435066e+01
      vertex   6.300000e+01 1.507162e+02 -2.561776e+01
    endloop
  endfacet
  facet normal 1.754995e-16 9.075754e-01 4.198891e-01
    outer loop
      vertex   4.600000e+01 1.507162e+02 -2.561776e+01
      vertex   6.300000e+01 1.507162e+02 -2.561776e+01
      vertex   4.600000e+01 1.512609e+02 -2.679527e+01
    endloop
  endfacet
  facet normal -0.000000e+00 9.075754e-01 4.198891e-01
    outer loop
      vertex   4.600000e+01 1.512609e+02 -2.679527e+01
      vertex   6.300000e+01 1.507162e+02 -2.561776e+01
      vertex   6.300000e+01 1.512609e+02 -2.679527e+01
    endloop
  endfacet
  facet normal -0.000000e+00 7.960931e-01 6.051742e-01
    outer loop
      vertex   4.600000e+01 1.512609e+02 -2.679527e+01
      vertex   6.300000e+01 1.512609e+02 -2.679527e+01
      vertex   4.600000e+01 1.520461e+02 -2.782814e+01
    endloop
  endfacet
  facet normal -0.000000e+00 7.960931e-01 6.051742e-01
    outer loop
      vertex   4.600000e+01 1.520461e+02 -2.782814e+01
      vertex   6.300000e+01 1.512609e+02 -2.679527e+01
      vertex   6.300000e+01 1.520461e+02 -2.782814e+01
    endloop
  endfacet
  facet normal -0.000000e+00 6.473863e-01 7.621621e-01
    outer loop
      vertex   4.600000e+01 1.520461e+02 -2.782814e+01
      vertex   6.300000e+01 1.520461e+02 -2.782814e+01
      vertex   4.600000e+01 1.530350e+02 -2.866808e+01
    endloop
  endfacet
  facet normal -0.000000e+00 6.473863e-01 7.621621e-01
    outer loop
      vertex   4.600000e+01 1.530350e+02 -2.866808e+01
      vertex   6.300000e+01 1.520461e+02 -2.782814e+01
      vertex   6.300000e+01 1.530350e+02 -2.866808e+01
    endloop
  endfacet
  facet normal -0.000000e+00 4.684084e-01 8.835120e-01
    outer loop
      vertex   4.600000e+01 1.530350e+02 -2.866808e+01
      vertex   6.300000e+01 1.530350e+02 -2.866808e+01
      vertex   4.600000e+01 1.541813e+02 -2.927581e+01
    endloop
  endfacet
  facet normal 3.692783e-16 4.684084e-01 8.835120e-01
    outer loop
      vertex   4.600000e+01 1.541813e+02 -2.927581e+01
      vertex   6.300000e+01 1.530350e+02 -2.866808e+01
      vertex   6.300000e+01 1.541813e+02 -2.927581e+01
    endloop
  endfacet
  facet normal 4.027314e-16 2.675283e-01 9.635500e-01
    outer loop
      vertex   4.600000e+01 1.541813e+02 -2.927581e+01
      vertex   6.300000e+01 1.541813e+02 -2.927581e+01
      vertex   4.600000e+01 1.554314e+02 -2.962291e+01
    endloop
  endfacet
  facet normal -0.000000e+00 2.675283e-01 9.635500e-01
    outer loop
      vertex   4.600000e+01 1.554314e+02 -2.962291e+01
      vertex   6.300000e+01 1.541813e+02 -2.927581e+01
      vertex   6.300000e+01 1.554314e+02 -2.962291e+01
    endloop
  endfacet
  facet normal -0.000000e+00 5.413891e-02 9.985334e-01
    outer loop
      vertex   4.600000e+01 1.554314e+02 -2.962291e+01
      vertex   6.300000e+01 1.554314e+02 -2.962291e+01
      vertex   4.600000e+01 1.567269e+02 -2.969315e+01
    endloop
  endfacet
  facet normal -0.000000e+00 5.413891e-02 9.985334e-01
    outer loop
      vertex   4.600000e+01 1.567269e+02 -2.969315e+01
      vertex   6.300000e+01 1.554314e+02 -2.962291e+01
      vertex   6.300000e+01 1.567269e+02 -2.969315e+01
    endloop
  endfacet
  facet normal 0.000000e+00 -1.617820e-01 9.868265e-01
    outer loop
      vertex   4.600000e+01 1.567269e+02 -2.969315e+01
      vertex   6.300000e+01 1.567269e+02 -2.969315e+01
      vertex   4.600000e+01 1.580073e+02 -2.948325e+01
    endloop
  endfacet
  facet normal 0.000000e+00 -1.617820e-01 9.868265e-01
    outer loop
      vertex   4.600000e+01 1.580073e+02 -2.948325e+01
      vertex   6.300000e+01 1.567269e+02 -2.969315e+01
      vertex   6.300000e+01 1.580073e+02 -2.948325e+01
    endloop
  endfacet
  facet normal 0.000000e+00 -3.701382e-01 9.289767e-01
    outer loop
      vertex   4.600000e+01 1.580073e+02 -2.948325e+01
      vertex   6.300000e+01 1.580073e+02 -2.948325e+01
      vertex   4.600000e+01 1.592125e+02 -2.900302e+01
    endloop
  endfacet
  facet normal 0.000000e+00 -3.701382e-01 9.289767e-01
    outer loop
      vertex   4.600000e+01 1.592125e+02 -2.900302e+01
      vertex   6.300000e+01 1.580073e+02 -2.948325e+01
      vertex   6.300000e+01 1.592125e+02 -2.900302e+01
    endloop
  endfacet
  facet normal 0.000000e+00 -5.611871e-01 8.276890e-01
    outer loop
      vertex   4.600000e+01 1.592125e+02 -2.900302e+01
      vertex   6.300000e+01 1.592125e+02 -2.900302e+01
      vertex   4.600000e+01 1.602864e+02 -2.827492e+01
    endloop
  endfacet
  facet normal 0.000000e+00 -5.611871e-01 8.276890e-01
    outer loop
      vertex   4.600000e+01 1.602864e+02 -2.827492e+01
      vertex   6.300000e+01 1.592125e+02 -2.900302e+01
      vertex   6.300000e+01 1.602864e+02 -2.827492e+01
    endloop
  endfacet
  facet normal 0.000000e+00 -7.259955e-01 6.876995e-01
    outer loop
      vertex   4.600000e+01 1.602864e+02 -2.827492e+01
      vertex   6.300000e+01 1.602864e+02 -2.827492e+01
      vertex   4.600000e+01 1.611786e+02 -2.733299e+01
    endloop
  endfacet
  facet normal -1.437176e-16 -7.259955e-01 6.876995e-01
    outer loop
      vertex   4.600000e+01 1.611786e+02 -2.733299e+01
      vertex   6.300000e+01 1.602864e+02 -2.827492e+01
      vertex   6.300000e+01 1.611786e+02 -2.733299e+01
    endloop
  endfacet
  facet normal -1.077421e-16 -8.568572e-01 5.155539e-01
    outer loop
      vertex   4.600000e+01 1.611786e+02 -2.733299e+01
      vertex   6.300000e+01 1.611786e+02 -2.733299e+01
      vertex   4.600000e+01 1.618475e+02 -2.622128e+01
    endloop
  endfacet
  facet normal 1.077421e-16 -8.568572e-01 5.155539e-01
    outer loop
      vertex   4.600000e+01 1.618475e+02 -2.622128e+01
      vertex   6.300000e+01 1.611786e+02 -2.733299e+01
      vertex   6.300000e+01 1.618475e+02 -2.622128e+01
    endloop
  endfacet
  facet normal 6.672864e-17 -9.476532e-01 3.193015e-01
    outer loop
      vertex   4.600000e+01 1.618475e+02 -2.622128e+01
      vertex   6.300000e+01 1.618475e+02 -2.622128e+01
      vertex   4.600000e+01 1.622618e+02 -2.499177e+01
    endloop
  endfacet
  facet normal 0.000000e+00 -9.476532e-01 3.193015e-01
    outer loop
      vertex   4.600000e+01 1.622618e+02 -2.499177e+01
      vertex   6.300000e+01 1.618475e+02 -2.622128e+01
      vertex   6.300000e+01 1.622618e+02 -2.499177e+01
    endloop
  endfacet
  facet normal -7.997422e-17 9.987165e-01 5.064917e-02
    outer loop
      vertex   4.600000e+01 1.845323e+02 -2.084139e+01
      vertex   5.500000e+01 1.845323e+02 -2.084139e+01
      vertex   4.600000e+01 1.846773e+02 -2.370195e+01
    endloop
  endfacet
  facet normal -0.000000e+00 9.987165e-01 5.064917e-02
    outer loop
      vertex   4.600000e+01 1.846773e+02 -2.370195e+01
      vertex   5.500000e+01 1.845323e+02 -2.084139e+01
      vertex   5.500000e+01 1.846773e+02 -2.370195e+01
    endloop
  endfacet
  facet normal 0.000000e+00 9.987165e-01 -5.064917e-02
    outer loop
      vertex   4.600000e+01 1.846773e+02 -2.370195e+01
      vertex   5.500000e+01 1.846773e+02 -2.370195e+01
      vertex   4.600000e+01 1.845323e+02 -2.656251e+01
    endloop
  endfacet
  facet normal 7.997422e-17 9.987165e-01 -5.064917e-02
    outer loop
      vertex   4.600000e+01 1.845323e+02 -2.656251e+01
      vertex   5.500000e+01 1.846773e+02 -2.370195e+01
      vertex   5.500000e+01 1.845323e+02 -2.656251e+01
    endloop
  endfacet
  facet normal 2.391020e-16 9.884683e-01 -1.514278e-01
    outer loop
      vertex   4.600000e+01 1.845323e+02 -2.656251e+01
      vertex   5.500000e+01 1.845323e+02 -2.656251e+01
      vertex   4.600000e+01 1.840985e+02 -2.939371e+01
    endloop
  endfacet
  facet normal 0.000000e+00 9.884683e-01 -1.514278e-01
    outer loop
      vertex   4.600000e+01 1.840985e+02 -2.939371e+01
      vertex   5.500000e+01 1.845323e+02 -2.656251e+01
      vertex   5.500000e+01 1.840985e+02 -2.939371e+01
    endloop
  endfacet
  facet normal 0.000000e+00 9.680771e-01 -2.506525e-01
    outer loop
      vertex   4.600000e+01 1.840985e+02 -2.939371e+01
      vertex   5.500000e+01 1.840985e+02 -2.939371e+01
      vertex   4.600000e+01 1.833806e+02 -3.216651e+01
    endloop
  endfacet
  facet normal 3.957763e-16 9.680771e-01 -2.506525e-01
    outer loop
      vertex   4.600000e+01 1.833806e+02 -3.216651e+01
      vertex   5.500000e+01 1.840985e+02 -2.939371e+01
      vertex   5.500000e+01 1.833806e+02 -3.216651e+01
    endloop
  endfacet
  facet normal 5.483894e-16 9.377521e-01 -3.473053e-01
    outer loop
      vertex   4.600000e+01 1.833806e+02 -3.216651e+01
      vertex   5.500000e+01 1.833806e+02 -3.216651e+01
      vertex   4.600000e+01 1.823858e+02 -3.485246e+01
    endloop
  endfacet
  facet normal 0.000000e+00 9.377521e-01 -3.473053e-01
    outer loop
      vertex   4.600000e+01 1.823858e+02 -3.485246e+01
      vertex   5.500000e+01 1.833806e+02 -3.216651e+01
      vertex   5.500000e+01 1.823858e+02 -3.485246e+01
    endloop
  endfacet
  facet normal 0.000000e+00 8.978045e-01 -4.403942e-01
    outer loop
      vertex   4.600000e+01 1.823858e+02 -3.485246e+01
      vertex   5.500000e+01 1.823858e+02 -3.485246e+01
      vertex   4.600000e+01 1.811244e+02 -3.742398e+01
    endloop
  endfacet
  facet normal 6.953753e-16 8.978045e-01 -4.403942e-01
    outer loop
      vertex   4.600000e+01 1.811244e+02 -3.742398e+01
      vertex   5.500000e+01 1.823858e+02 -3.485246e+01
      vertex   5.500000e+01 1.811244e+02 -3.742398e+01
    endloop
  endfacet
  facet normal 8.352256e-16 8.486443e-01 -5.289640e-01
    outer loop
      vertex   4.600000e+01 1.811244e+02 -3.742398e+01
      vertex   5.500000e+01 1.811244e+02 -3.742398e+01
      vertex   4.600000e+01 1.796094e+02 -3.985470e+01
    endloop
  endfacet
  facet normal 0.000000e+00 8.486443e-01 -5.289640e-01
    outer loop
      vertex   4.600000e+01 1.796094e+02 -3.985470e+01
      vertex   5.500000e+01 1.811244e+02 -3.742398e+01
      vertex   5.500000e+01 1.796094e+02 -3.985470e+01
    endloop
  endfacet
  facet normal 0.000000e+00 7.907757e-01 -6.121060e-01
    outer loop
      vertex   4.600000e+01 1.796094e+02 -3.985470e+01
      vertex   5.500000e+01 1.796094e+02 -3.985470e+01
      vertex   4.600000e+01 1.778562e+02 -4.211967e+01
    endloop
  endfacet
  facet normal 4.832527e-16 7.907757e-01 -6.121060e-01
    outer loop
      vertex   4.600000e+01 1.778562e+02 -4.211967e+01
      vertex   5.500000e+01 1.796094e+02 -3.985470e+01
      vertex   5.500000e+01 1.778562e+02 -4.211967e+01
    endloop
  endfacet
  facet normal 5.439338e-16 7.247928e-01 -6.889669e-01
    outer loop
      vertex   4.600000e+01 1.778562e+02 -4.211967e+01
      vertex   5.500000e+01 1.778562e+02 -4.211967e+01
      vertex   4.600000e+01 1.758828e+02 -4.419564e+01
    endloop
  endfacet
  facet normal 0.000000e+00 7.247928e-01 -6.889669e-01
    outer loop
      vertex   4.600000e+01 1.758828e+02 -4.419564e+01
      vertex   5.500000e+01 1.778562e+02 -4.211967e+01
      vertex   5.500000e+01 1.758828e+02 -4.419564e+01
    endloop
  endfacet
  facet normal 0.000000e+00 6.513725e-01 -7.587581e-01
    outer loop
      vertex   4.600000e+01 1.758828e+02 -4.419564e+01
      vertex   5.500000e+01 1.758828e+02 -4.419564e+01
      vertex   4.600000e+01 1.737095e+02 -4.606133e+01
    endloop
  endfacet
  facet normal 5.990334e-16 6.513725e-01 -7.587581e-01
    outer loop
      vertex   4.600000e+01 1.737095e+02 -4.606133e+01
      vertex   5.500000e+01 1.758828e+02 -4.419564e+01
      vertex   5.500000e+01 1.737095e+02 -4.606133e+01
    endloop
  endfacet
  facet normal 6.479861e-16 5.712682e-01 -8.207634e-01
    outer loop
      vertex   4.600000e+01 1.737095e+02 -4.606133e+01
      vertex   5.500000e+01 1.737095e+02 -4.606133e+01
      vertex   4.600000e+01 1.713587e+02 -4.769757e+01
    endloop
  endfacet
  facet normal 0.000000e+00 5.712682e-01 -8.207634e-01
    outer loop
      vertex   4.600000e+01 1.713587e+02 -4.769757e+01
      vertex   5.500000e+01 1.737095e+02 -4.606133e+01
      vertex   5.500000e+01 1.713587e+02 -4.769757e+01
    endloop
  endfacet
  facet normal 0.000000e+00 4.853020e-01 -8.743466e-01
    outer loop
      vertex   4.600000e+01 1.713587e+02 -4.769757e+01
      vertex   5.500000e+01 1.713587e+02 -4.769757e+01
      vertex   4.600000e+01 1.688543e+02 -4.908759e+01
    endloop
  endfacet
  facet normal 0.000000e+00 4.853020e-01 -8.743466e-01
    outer loop
      vertex   4.600000e+01 1.688543e+02 -4.908759e+01
      vertex   5.500000e+01 1.713587e+02 -4.769757e+01
      vertex   5.500000e+01 1.688543e+02 -4.908759e+01
    endloop
  endfacet
  facet normal 0.000000e+00 3.943559e-01 -9.189578e-01
    outer loop
      vertex   4.600000e+01 1.688543e+02 -4.908759e+01
      vertex   5.500000e+01 1.688543e+02 -4.908759e+01
      vertex   4.600000e+01 1.662222e+02 -5.021712e+01
    endloop
  endfacet
  facet normal 0.000000e+00 3.943559e-01 -9.189578e-01
    outer loop
      vertex   4.600000e+01 1.662222e+02 -5.021712e+01
      vertex   5.500000e+01 1.688543e+02 -4.908759e+01
      vertex   5.500000e+01 1.662222e+02 -5.021712e+01
    endloop
  endfacet
  facet normal 0.000000e+00 2.993631e-01 -9.541393e-01
    outer loop
      vertex   4.600000e+01 1.662222e+02 -5.021712e+01
      vertex   5.500000e+01 1.662222e+02 -5.021712e+01
      vertex   4.600000e+01 1.634893e+02 -5.107457e+01
    endloop
  endfacet
  facet normal 7.532852e-16 2.993631e-01 -9.541393e-01
    outer loop
      vertex   4.600000e+01 1.634893e+02 -5.107457e+01
      vertex   5.500000e+01 1.662222e+02 -5.021712e+01
      vertex   5.500000e+01 1.634893e+02 -5.107457e+01
    endloop
  endfacet
  facet normal 7.733310e-16 2.012985e-01 -9.795299e-01
    outer loop
      vertex   4.600000e+01 1.634893e+02 -5.107457e+01
      vertex   5.500000e+01 1.634893e+02 -5.107457e+01
      vertex   4.600000e+01 1.606837e+02 -5.165113e+01
    endloop
  endfacet
  facet normal 0.000000e+00 2.012985e-01 -9.795299e-01
    outer loop
      vertex   4.600000e+01 1.606837e+02 -5.165113e+01
      vertex   5.500000e+01 1.634893e+02 -5.107457e+01
      vertex   5.500000e+01 1.606837e+02 -5.165113e+01
    endloop
  endfacet
  facet normal 0.000000e+00 1.011683e-01 -9.948693e-01
    outer loop
      vertex   4.600000e+01 1.606837e+02 -5.165113e+01
      vertex   5.500000e+01 1.606837e+02 -5.165113e+01
      vertex   4.600000e+01 1.578342e+02 -5.194090e+01
    endloop
  endfacet
  facet normal 1.570883e-15 1.011683e-01 -9.948693e-01
    outer loop
      vertex   4.600000e+01 1.578342e+02 -5.194090e+01
      vertex   5.500000e+01 1.606837e+02 -5.165113e+01
      vertex   5.500000e+01 1.578342e+02 -5.194090e+01
    endloop
  endfacet
  facet normal 1.578984e-15 0.000000e+00 -1.000000e+00
    outer loop
      vertex   4.600000e+01 1.578342e+02 -5.194090e+01
      vertex   5.500000e+01 1.578342e+02 -5.194090e+01
      vertex   4.600000e+01 1.549700e+02 -5.194090e+01
    endloop
  endfacet
  facet normal 1.578984e-15 0.000000e+00 -1.000000e+00
    outer loop
      vertex   4.600000e+01 1.549700e+02 -5.194090e+01
      vertex   5.500000e+01 1.578342e+02 -5.194090e+01
      vertex   5.500000e+01 1.549700e+02 -5.194090e+01
    endloop
  endfacet
  facet normal 1.570883e-15 -1.011683e-01 -9.948693e-01
    outer loop
      vertex   4.600000e+01 1.549700e+02 -5.194090e+01
      vertex   5.500000e+01 1.549700e+02 -5.194090e+01
      vertex   4.600000e+01 1.521204e+02 -5.165113e+01
    endloop
  endfacet
  facet normal 0.000000e+00 -1.011683e-01 -9.948693e-01
    outer loop
      vertex   4.600000e+01 1.521204e+02 -5.165113e+01
      vertex   5.500000e+01 1.549700e+02 -5.194090e+01
      vertex   5.500000e+01 1.521204e+02 -5.165113e+01
    endloop
  endfacet
  facet normal 0.000000e+00 -2.012985e-01 -9.795299e-01
    outer loop
      vertex   4.600000e+01 1.521204e+02 -5.165113e+01
      vertex   5.500000e+01 1.521204e+02 -5.165113e+01
      vertex   4.600000e+01 1.493148e+02 -5.107457e+01
    endloop
  endfacet
  facet normal 1.376368e-16 -2.012985e-01 -9.795299e-01
    outer loop
      vertex   4.600000e+01 1.493148e+02 -5.107457e+01
      vertex   5.500000e+01 1.521204e+02 -5.165113e+01
      vertex   5.500000e+01 1.493148e+02 -5.107457e+01
    endloop
  endfacet
  facet normal -1.920938e-16 -2.993631e-01 -9.541393e-01
    outer loop
      vertex   4.600000e+01 1.493148e+02 -5.107457e+01
      vertex   5.500000e+01 1.493148e+02 -5.107457e+01
      vertex   4.600000e+01 1.465819e+02 -5.021712e+01
    endloop
  endfacet
  facet normal 0.000000e+00 -2.993631e-01 -9.541393e-01
    outer loop
      vertex   4.600000e+01 1.465819e+02 -5.021712e+01
      vertex   5.500000e+01 1.493148e+02 -5.107457e+01
      vertex   5.500000e+01 1.465819e+02 -5.021712e+01
    endloop
  endfacet
  facet normal 0.000000e+00 -3.943559e-01 -9.189578e-01
    outer loop
      vertex   4.600000e+01 1.465819e+02 -5.021712e+01
      vertex   5.500000e+01 1.465819e+02 -5.021712e+01
      vertex   4.600000e+01 1.439498e+02 -4.908759e+01
    endloop
  endfacet
  facet normal 0.000000e+00 -3.943559e-01 -9.189578e-01
    outer loop
      vertex   4.600000e+01 1.439498e+02 -4.908759e+01
      vertex   5.500000e+01 1.465819e+02 -5.021712e+01
      vertex   5.500000e+01 1.439498e+02 -4.908759e+01
    endloop
  endfacet
  facet normal 0.000000e+00 -4.853020e-01 -8.743466e-01
    outer loop
      vertex   4.600000e+01 1.439498e+02 -4.908759e+01
      vertex   5.500000e+01 1.439498e+02 -4.908759e+01
      vertex   4.600000e+01 1.414455e+02 -4.769757e+01
    endloop
  endfacet
  facet normal 0.000000e+00 -4.853020e-01 -8.743466e-01
    outer loop
      vertex   4.600000e+01 1.414455e+02 -4.769757e+01
      vertex   5.500000e+01 1.439498e+02 -4.908759e+01
      vertex   5.500000e+01 1.414455e+02 -4.769757e+01
    endloop
  endfacet
  facet normal 0.000000e+00 -5.712682e-01 -8.207634e-01
    outer loop
      vertex   4.600000e+01 1.414455e+02 -4.769757e+01
      vertex   5.500000e+01 1.414455e+02 -4.769757e+01
      vertex   4.600000e+01 1.390946e+02 -4.606133e+01
    endloop
  endfacet
  facet normal 0.000000e+00 -5.712682e-01 -8.207634e-01
    outer loop
      vertex   4.600000e+01 1.390946e+02 -4.606133e+01
      vertex   5.500000e+01 1.414455e+02 -4.769757e+01
      vertex   5.500000e+01 1.390946e+02 -4.606133e+01
    endloop
  endfacet
  facet normal 0.000000e+00 -6.513725e-01 -7.587581e-01
    outer loop
      vertex   4.600000e+01 1.390946e+02 -4.606133e+01
      vertex   5.500000e+01 1.390946e+02 -4.606133e+01
      vertex   4.600000e+01 1.369214e+02 -4.419564e+01
    endloop
  endfacet
  facet normal 0.000000e+00 -6.513725e-01 -7.587581e-01
    outer loop
      vertex   4.600000e+01 1.369214e+02 -4.419564e+01
      vertex   5.500000e+01 1.390946e+02 -4.606133e+01
      vertex   5.500000e+01 1.369214e+02 -4.419564e+01
    endloop
  endfacet
  facet normal 0.000000e+00 -7.247928e-01 -6.889669e-01
    outer loop
      vertex   4.600000e+01 1.369214e+02 -4.419564e+01
      vertex   5.500000e+01 1.369214e+02 -4.419564e+01
      vertex   4.600000e+01 1.349480e+02 -4.211967e+01
    endloop
  endfacet
  facet normal 0.000000e+00 -7.247928e-01 -6.889669e-01
    outer loop
      vertex   4.600000e+01 1.349480e+02 -4.211967e+01
      vertex   5.500000e+01 1.369214e+02 -4.419564e+01
      vertex   5.500000e+01 1.349480e+02 -4.211967e+01
    endloop
  endfacet
  facet normal 0.000000e+00 -7.907757e-01 -6.121060e-01
    outer loop
      vertex   4.600000e+01 1.349480e+02 -4.211967e+01
      vertex   5.500000e+01 1.349480e+02 -4.211967e+01
      vertex   4.600000e+01 1.331948e+02 -3.985470e+01
    endloop
  endfacet
  facet normal 0.000000e+00 -7.907757e-01 -6.121060e-01
    outer loop
      vertex   4.600000e+01 1.331948e+02 -3.985470e+01
      vertex   5.500000e+01 1.349480e+02 -4.211967e+01
      vertex   5.500000e+01 1.331948e+02 -3.985470e+01
    endloop
  endfacet
  facet normal 0.000000e+00 -8.486443e-01 -5.289640e-01
    outer loop
      vertex   4.600000e+01 1.331948e+02 -3.985470e+01
      vertex   5.500000e+01 1.331948e+02 -3.985470e+01
      vertex   4.600000e+01 1.316797e+02 -3.742398e+01
    endloop
  endfacet
  facet normal 0.000000e+00 -8.486443e-01 -5.289640e-01
    outer loop
      vertex   4.600000e+01 1.316797e+02 -3.742398e+01
      vertex   5.500000e+01 1.331948e+02 -3.985470e+01
      vertex   5.500000e+01 1.316797e+02 -3.742398e+01
    endloop
  endfacet
  facet normal 0.000000e+00 -8.978045e-01 -4.403942e-01
    outer loop
      vertex   4.600000e+01 1.316797e+02 -3.742398e+01
      vertex   5.500000e+01 1.316797e+02 -3.742398e+01
      vertex   4.600000e+01 1.304183e+02 -3.485246e+01
    endloop
  endfacet
  facet normal 0.000000e+00 -8.978045e-01 -4.403942e-01
    outer loop
      vertex   4.600000e+01 1.304183e+02 -3.485246e+01
      vertex   5.500000e+01 1.316797e+02 -3.742398e+01
      vertex   5.500000e+01 1.304183e+02 -3.485246e+01
    endloop
  endfacet
  facet normal 0.000000e+00 -9.377521e-01 -3.473053e-01
    outer loop
      vertex   4.600000e+01 1.304183e+02 -3.485246e+01
      vertex   5.500000e+01 1.304183e+02 -3.485246e+01
      vertex   4.600000e+01 1.294236e+02 -3.216651e+01
    endloop
  endfacet
  facet normal 0.000000e+00 -9.377521e-01 -3.473053e-01
    outer loop
      vertex   4.600000e+01 1.294236e+02 -3.216651e+01
      vertex   5.500000e+01 1.304183e+02 -3.485246e+01
      vertex   5.500000e+01 1.294236e+02 -3.216651e+01
    endloop
  endfacet
  facet normal 0.000000e+00 -9.680771e-01 -2.506525e-01
    outer loop
      vertex   4.600000e+01 1.294236e+02 -3.216651e+01
      vertex   5.500000e+01 1.294236e+02 -3.216651e+01
      vertex   4.600000e+01 1.287056e+02 -2.939371e+01
    endloop
  endfacet
  facet normal 0.000000e+00 -9.680771e-01 -2.506525e-01
    outer loop
      vertex   4.600000e+01 1.287056e+02 -2.939371e+01
      vertex   5.500000e+01 1.294236e+02 -3.216651e+01
      vertex   5.500000e+01 1.287056e+02 -2.939371e+01
    endloop
  endfacet
  facet normal 0.000000e+00 -9.884683e-01 -1.514278e-01
    outer loop
      vertex   4.600000e+01 1.287056e+02 -2.939371e+01
      vertex   5.500000e+01 1.287056e+02 -2.939371e+01
      vertex   4.600000e+01 1.282719e+02 -2.656251e+01
    endloop
  endfacet
  facet normal 0.000000e+00 -9.884683e-01 -1.514278e-01
    outer loop
      vertex   4.600000e+01 1.282719e+02 -2.656251e+01
      vertex   5.500000e+01 1.287056e+02 -2.939371e+01
      vertex   5.500000e+01 1.282719e+02 -2.656251e+01
    endloop
  endfacet
  facet normal 0.000000e+00 -9.987165e-01 -5.064917e-02
    outer loop
      vertex   4.600000e+01 1.282719e+02 -2.656251e+01
      vertex   5.500000e+01 1.282719e+02 -2.656251e+01
      vertex   4.600000e+01 1.281268e+02 -2.370195e+01
    endloop
  endfacet
  facet normal 0.000000e+00 -9.987165e-01 -5.064917e-02
    outer loop
      vertex   4.600000e+01 1.281268e+02 -2.370195e+01
      vertex   5.500000e+01 1.282719e+02 -2.656251e+01
      vertex   5.500000e+01 1.281268e+02 -2.370195e+01
    endloop
  endfacet
  facet normal 0.000000e+00 -9.987165e-01 5.064917e-02
    outer loop
      vertex   4.600000e+01 1.281268e+02 -2.370195e+01
      vertex   5.500000e+01 1.281268e+02 -2.370195e+01
      vertex   4.600000e+01 1.282719e+02 -2.084139e+01
    endloop
  endfacet
  facet normal 0.000000e+00 -9.987165e-01 5.064917e-02
    outer loop
      vertex   4.600000e+01 1.282719e+02 -2.084139e+01
      vertex   5.500000e+01 1.281268e+02 -2.370195e+01
      vertex   5.500000e+01 1.282719e+02 -2.084139e+01
    endloop
  endfacet
  facet normal 0.000000e+00 -9.884683e-01 1.514278e-01
    outer loop
      vertex   4.600000e+01 1.282719e+02 -2.084139e+01
      vertex   5.500000e+01 1.282719e+02 -2.084139e+01
      vertex   4.600000e+01 1.287056e+02 -1.801018e+01
    endloop
  endfacet
  facet normal 0.000000e+00 -9.884683e-01 1.514278e-01
    outer loop
      vertex   4.600000e+01 1.287056e+02 -1.801018e+01
      vertex   5.500000e+01 1.282719e+02 -2.084139e+01
      vertex   5.500000e+01 1.287056e+02 -1.801018e+01
    endloop
  endfacet
  facet normal 0.000000e+00 -9.680771e-01 2.506525e-01
    outer loop
      vertex   4.600000e+01 1.287056e+02 -1.801018e+01
      vertex   5.500000e+01 1.287056e+02 -1.801018e+01
      vertex   4.600000e+01 1.294236e+02 -1.523738e+01
    endloop
  endfacet
  facet normal 0.000000e+00 -9.680771e-01 2.506525e-01
    outer loop
      vertex   4.600000e+01 1.294236e+02 -1.523738e+01
      vertex   5.500000e+01 1.287056e+02 -1.801018e+01
      vertex   5.500000e+01 1.294236e+02 -1.523738e+01
    endloop
  endfacet
  facet normal 0.000000e+00 -9.377521e-01 3.473053e-01
    outer loop
      vertex   4.600000e+01 1.294236e+02 -1.523738e+01
      vertex   5.500000e+01 1.294236e+02 -1.523738e+01
      vertex   4.600000e+01 1.304183e+02 -1.255144e+01
    endloop
  endfacet
  facet normal 0.000000e+00 -9.377521e-01 3.473053e-01
    outer loop
      vertex   4.600000e+01 1.304183e+02 -1.255144e+01
      vertex   5.500000e+01 1.294236e+02 -1.523738e+01
      vertex   5.500000e+01 1.304183e+02 -1.255144e+01
    endloop
  endfacet
  facet normal 0.000000e+00 -8.978045e-01 4.403942e-01
    outer loop
      vertex   4.600000e+01 1.304183e+02 -1.255144e+01
      vertex   5.500000e+01 1.304183e+02 -1.255144e+01
      vertex   4.600000e+01 1.316797e+02 -9.979915e+00
    endloop
  endfacet
  facet normal 0.000000e+00 -8.978045e-01 4.403942e-01
    outer loop
      vertex   4.600000e+01 1.316797e+02 -9.979915e+00
      vertex   5.500000e+01 1.304183e+02 -1.255144e+01
      vertex   5.500000e+01 1.316797e+02 -9.979915e+00
    endloop
  endfacet
  facet normal 0.000000e+00 -8.486443e-01 5.289640e-01
    outer loop
      vertex   4.600000e+01 1.316797e+02 -9.979915e+00
      vertex   5.500000e+01 1.316797e+02 -9.979915e+00
      vertex   4.600000e+01 1.331948e+02 -7.549198e+00
    endloop
  endfacet
  facet normal 0.000000e+00 -8.486443e-01 5.289640e-01
    outer loop
      vertex   4.600000e+01 1.331948e+02 -7.549198e+00
      vertex   5.500000e+01 1.316797e+02 -9.979915e+00
      vertex   5.500000e+01 1.331948e+02 -7.549198e+00
    endloop
  endfacet
  facet normal 0.000000e+00 -7.907757e-01 6.121060e-01
    outer loop
      vertex   4.600000e+01 1.331948e+02 -7.549198e+00
      vertex   5.500000e+01 1.331948e+02 -7.549198e+00
      vertex   4.600000e+01 1.349480e+02 -5.284230e+00
    endloop
  endfacet
  facet normal 0.000000e+00 -7.907757e-01 6.121060e-01
    outer loop
      vertex   4.600000e+01 1.349480e+02 -5.284230e+00
      vertex   5.500000e+01 1.331948e+02 -7.549198e+00
      vertex   5.500000e+01 1.349480e+02 -5.284230e+00
    endloop
  endfacet
  facet normal 0.000000e+00 -7.247928e-01 6.889669e-01
    outer loop
      vertex   4.600000e+01 1.349480e+02 -5.284230e+00
      vertex   5.500000e+01 1.349480e+02 -5.284230e+00
      vertex   4.600000e+01 1.369214e+02 -3.208252e+00
    endloop
  endfacet
  facet normal 0.000000e+00 -7.247928e-01 6.889669e-01
    outer loop
      vertex   4.600000e+01 1.369214e+02 -3.208252e+00
      vertex   5.500000e+01 1.349480e+02 -5.284230e+00
      vertex   5.500000e+01 1.369214e+02 -3.208252e+00
    endloop
  endfacet
  facet normal 0.000000e+00 -6.513725e-01 7.587581e-01
    outer loop
      vertex   4.600000e+01 1.369214e+02 -3.208252e+00
      vertex   5.500000e+01 1.369214e+02 -3.208252e+00
      vertex   4.600000e+01 1.390946e+02 -1.342568e+00
    endloop
  endfacet
  facet normal -3.743959e-16 -6.513725e-01 7.587581e-01
    outer loop
      vertex   4.600000e+01 1.390946e+02 -1.342568e+00
      vertex   5.500000e+01 1.369214e+02 -3.208252e+00
      vertex   5.500000e+01 1.390946e+02 -1.342568e+00
    endloop
  endfacet
  facet normal -4.049913e-16 -5.712682e-01 8.207634e-01
    outer loop
      vertex   4.600000e+01 1.390946e+02 -1.342568e+00
      vertex   5.500000e+01 1.390946e+02 -1.342568e+00
      vertex   4.600000e+01 1.414455e+02 2.936788e-01
    endloop
  endfacet
  facet normal 0.000000e+00 -5.712682e-01 8.207634e-01
    outer loop
      vertex   4.600000e+01 1.414455e+02 2.936788e-01
      vertex   5.500000e+01 1.390946e+02 -1.342568e+00
      vertex   5.500000e+01 1.414455e+02 2.936788e-01
    endloop
  endfacet
  facet normal 0.000000e+00 -4.853020e-01 8.743466e-01
    outer loop
      vertex   4.600000e+01 1.414455e+02 2.936788e-01
      vertex   5.500000e+01 1.414455e+02 2.936788e-01
      vertex   4.600000e+01 1.439498e+02 1.683698e+00
    endloop
  endfacet
  facet normal -4.314310e-16 -4.853020e-01 8.743466e-01
    outer loop
      vertex   4.600000e+01 1.439498e+02 1.683698e+00
      vertex   5.500000e+01 1.414455e+02 2.936788e-01
      vertex   5.500000e+01 1.439498e+02 1.683698e+00
    endloop
  endfacet
  facet normal -4.534436e-16 -3.943559e-01 9.189578e-01
    outer loop
      vertex   4.600000e+01 1.439498e+02 1.683698e+00
      vertex   5.500000e+01 1.439498e+02 1.683698e+00
      vertex   4.600000e+01 1.465819e+02 2.813226e+00
    endloop
  endfacet
  facet normal 0.000000e+00 -3.943559e-01 9.189578e-01
    outer loop
      vertex   4.600000e+01 1.465819e+02 2.813226e+00
      vertex   5.500000e+01 1.439498e+02 1.683698e+00
      vertex   5.500000e+01 1.465819e+02 2.813226e+00
    endloop
  endfacet
  facet normal 0.000000e+00 -2.993631e-01 9.541393e-01
    outer loop
      vertex   4.600000e+01 1.465819e+02 2.813226e+00
      vertex   5.500000e+01 1.465819e+02 2.813226e+00
      vertex   4.600000e+01 1.493148e+02 3.670673e+00
    endloop
  endfacet
  facet normal 4.745758e-16 -2.993631e-01 9.541393e-01
    outer loop
      vertex   4.600000e+01 1.493148e+02 3.670673e+00
      vertex   5.500000e+01 1.465819e+02 2.813226e+00
      vertex   5.500000e+01 1.493148e+02 3.670673e+00
    endloop
  endfacet
  facet normal 1.523624e-16 -2.012985e-01 9.795299e-01
    outer loop
      vertex   4.600000e+01 1.493148e+02 3.670673e+00
      vertex   5.500000e+01 1.493148e+02 3.670673e+00
      vertex   4.600000e+01 1.521204e+02 4.247239e+00
    endloop
  endfacet
  facet normal 0.000000e+00 -2.012985e-01 9.795299e-01
    outer loop
      vertex   4.600000e+01 1.521204e+02 4.247239e+00
      vertex   5.500000e+01 1.493148e+02 3.670673e+00
      vertex   5.500000e+01 1.521204e+02 4.247239e+00
    endloop
  endfacet
  facet normal 0.000000e+00 -1.011683e-01 9.948693e-01
    outer loop
      vertex   4.600000e+01 1.521204e+02 4.247239e+00
      vertex   5.500000e+01 1.521204e+02 4.247239e+00
      vertex   4.600000e+01 1.549700e+02 4.537009e+00
    endloop
  endfacet
  facet normal -4.909008e-16 -1.011683e-01 9.948693e-01
    outer loop
      vertex   4.600000e+01 1.549700e+02 4.537009e+00
      vertex   5.500000e+01 1.521204e+02 4.247239e+00
      vertex   5.500000e+01 1.549700e+02 4.537009e+00
    endloop
  endfacet
  facet normal -4.934325e-16 0.000000e+00 1.000000e+00
    outer loop
      vertex   4.600000e+01 1.549700e+02 4.537009e+00
      vertex   5.500000e+01 1.549700e+02 4.537009e+00
      vertex   4.600000e+01 1.578342e+02 4.537009e+00
    endloop
  endfacet
  facet normal -4.934325e-16 0.000000e+00 1.000000e+00
    outer loop
      vertex   4.600000e+01 1.578342e+02 4.537009e+00
      vertex   5.500000e+01 1.549700e+02 4.537009e+00
      vertex   5.500000e+01 1.578342e+02 4.537009e+00
    endloop
  endfacet
  facet normal -4.909008e-16 1.011683e-01 9.948693e-01
    outer loop
      vertex   4.600000e+01 1.578342e+02 4.537009e+00
      vertex   5.500000e+01 1.578342e+02 4.537009e+00
      vertex   4.600000e+01 1.606837e+02 4.247239e+00
    endloop
  endfacet
  facet normal -0.000000e+00 1.011683e-01 9.948693e-01
    outer loop
      vertex   4.600000e+01 1.606837e+02 4.247239e+00
      vertex   5.500000e+01 1.578342e+02 4.537009e+00
      vertex   5.500000e+01 1.606837e+02 4.247239e+00
    endloop
  endfacet
  facet normal -0.000000e+00 2.012985e-01 9.795299e-01
    outer loop
      vertex   4.600000e+01 1.606837e+02 4.247239e+00
      vertex   5.500000e+01 1.606837e+02 4.247239e+00
      vertex   4.600000e+01 1.634893e+02 3.670673e+00
    endloop
  endfacet
  facet normal -4.833319e-16 2.012985e-01 9.795299e-01
    outer loop
      vertex   4.600000e+01 1.634893e+02 3.670673e+00
      vertex   5.500000e+01 1.606837e+02 4.247239e+00
      vertex   5.500000e+01 1.634893e+02 3.670673e+00
    endloop
  endfacet
  facet normal -4.708033e-16 2.993631e-01 9.541393e-01
    outer loop
      vertex   4.600000e+01 1.634893e+02 3.670673e+00
      vertex   5.500000e+01 1.634893e+02 3.670673e+00
      vertex   4.600000e+01 1.662222e+02 2.813226e+00
    endloop
  endfacet
  facet normal -0.000000e+00 2.993631e-01 9.541393e-01
    outer loop
      vertex   4.600000e+01 1.662222e+02 2.813226e+00
      vertex   5.500000e+01 1.634893e+02 3.670673e+00
      vertex   5.500000e+01 1.662222e+02 2.813226e+00
    endloop
  endfacet
  facet normal -0.000000e+00 3.943559e-01 9.189578e-01
    outer loop
      vertex   4.600000e+01 1.662222e+02 2.813226e+00
      vertex   5.500000e+01 1.662222e+02 2.813226e+00
      vertex   4.600000e+01 1.688543e+02 1.683698e+00
    endloop
  endfacet
  facet normal -0.000000e+00 3.943559e-01 9.189578e-01
    outer loop
      vertex   4.600000e+01 1.688543e+02 1.683698e+00
      vertex   5.500000e+01 1.662222e+02 2.813226e+00
      vertex   5.500000e+01 1.688543e+02 1.683698e+00
    endloop
  endfacet
  facet normal -0.000000e+00 4.853020e-01 8.743466e-01
    outer loop
      vertex   4.600000e+01 1.688543e+02 1.683698e+00
      vertex   5.500000e+01 1.688543e+02 1.683698e+00
      vertex   4.600000e+01 1.713587e+02 2.936788e-01
    endloop
  endfacet
  facet normal -0.000000e+00 4.853020e-01 8.743466e-01
    outer loop
      vertex   4.600000e+01 1.713587e+02 2.936788e-01
      vertex   5.500000e+01 1.688543e+02 1.683698e+00
      vertex   5.500000e+01 1.713587e+02 2.936788e-01
    endloop
  endfacet
  facet normal -0.000000e+00 5.712682e-01 8.207634e-01
    outer loop
      vertex   4.600000e+01 1.713587e+02 2.936788e-01
      vertex   5.500000e+01 1.713587e+02 2.936788e-01
      vertex   4.600000e+01 1.737095e+02 -1.342568e+00
    endloop
  endfacet
  facet normal -8.099826e-16 5.712682e-01 8.207634e-01
    outer loop
      vertex   4.600000e+01 1.737095e+02 -1.342568e+00
      vertex   5.500000e+01 1.713587e+02 2.936788e-01
      vertex   5.500000e+01 1.737095e+02 -1.342568e+00
    endloop
  endfacet
  facet normal -7.487918e-16 6.513725e-01 7.587581e-01
    outer loop
      vertex   4.600000e+01 1.737095e+02 -1.342568e+00
      vertex   5.500000e+01 1.737095e+02 -1.342568e+00
      vertex   4.600000e+01 1.758828e+02 -3.208252e+00
    endloop
  endfacet
  facet normal -0.000000e+00 6.513725e-01 7.587581e-01
    outer loop
      vertex   4.600000e+01 1.758828e+02 -3.208252e+00
      vertex   5.500000e+01 1.737095e+02 -1.342568e+00
      vertex   5.500000e+01 1.758828e+02 -3.208252e+00
    endloop
  endfacet
  facet normal -0.000000e+00 7.247928e-01 6.889669e-01
    outer loop
      vertex   4.600000e+01 1.758828e+02 -3.208252e+00
      vertex   5.500000e+01 1.758828e+02 -3.208252e+00
      vertex   4.600000e+01 1.778562e+02 -5.284230e+00
    endloop
  endfacet
  facet normal -5.439338e-16 7.247928e-01 6.889669e-01
    outer loop
      vertex   4.600000e+01 1.778562e+02 -5.284230e+00
      vertex   5.500000e+01 1.758828e+02 -3.208252e+00
      vertex   5.500000e+01 1.778562e+02 -5.284230e+00
    endloop
  endfacet
  facet normal -4.832527e-16 7.907757e-01 6.121060e-01
    outer loop
      vertex   4.600000e+01 1.778562e+02 -5.284230e+00
      vertex   5.500000e+01 1.778562e+02 -5.284230e+00
      vertex   4.600000e+01 1.796094e+02 -7.549198e+00
    endloop
  endfacet
  facet normal -0.000000e+00 7.907757e-01 6.121060e-01
    outer loop
      vertex   4.600000e+01 1.796094e+02 -7.549198e+00
      vertex   5.500000e+01 1.778562e+02 -5.284230e+00
      vertex   5.500000e+01 1.796094e+02 -7.549198e+00
    endloop
  endfacet
  facet normal -0.000000e+00 8.486443e-01 5.289640e-01
    outer loop
      vertex   4.600000e+01 1.796094e+02 -7.549198e+00
      vertex   5.500000e+01 1.796094e+02 -7.549198e+00
      vertex   4.600000e+01 1.811244e+02 -9.979915e+00
    endloop
  endfacet
  facet normal -6.264192e-16 8.486443e-01 5.289640e-01
    outer loop
      vertex   4.600000e+01 1.811244e+02 -9.979915e+00
      vertex   5.500000e+01 1.796094e+02 -7.549198e+00
      vertex   5.500000e+01 1.811244e+02 -9.979915e+00
    endloop
  endfacet
  facet normal -5.215314e-16 8.978045e-01 4.403942e-01
    outer loop
      vertex   4.600000e+01 1.811244e+02 -9.979915e+00
      vertex   5.500000e+01 1.811244e+02 -9.979915e+00
      vertex   4.600000e+01 1.823858e+02 -1.255144e+01
    endloop
  endfacet
  facet normal -0.000000e+00 8.978045e-01 4.403942e-01
    outer loop
      vertex   4.600000e+01 1.823858e+02 -1.255144e+01
      vertex   5.500000e+01 1.811244e+02 -9.979915e+00
      vertex   5.500000e+01 1.823858e+02 -1.255144e+01
    endloop
  endfacet
  facet normal -0.000000e+00 9.377521e-01 3.473053e-01
    outer loop
      vertex   4.600000e+01 1.823858e+02 -1.255144e+01
      vertex   5.500000e+01 1.823858e+02 -1.255144e+01
      vertex   4.600000e+01 1.833806e+02 -1.523738e+01
    endloop
  endfacet
  facet normal -4.798407e-16 9.377521e-01 3.473053e-01
    outer loop
      vertex   4.600000e+01 1.833806e+02 -1.523738e+01
      vertex   5.500000e+01 1.823858e+02 -1.255144e+01
      vertex   5.500000e+01 1.833806e+02 -1.523738e+01
    endloop
  endfacet
  facet normal -3.463043e-16 9.680771e-01 2.506525e-01
    outer loop
      vertex   4.600000e+01 1.833806e+02 -1.523738e+01
      vertex   5.500000e+01 1.833806e+02 -1.523738e+01
      vertex   4.600000e+01 1.840985e+02 -1.801018e+01
    endloop
  endfacet
  facet normal -0.000000e+00 9.680771e-01 2.506525e-01
    outer loop
      vertex   4.600000e+01 1.840985e+02 -1.801018e+01
      vertex   5.500000e+01 1.833806e+02 -1.523738e+01
      vertex   5.500000e+01 1.840985e+02 -1.801018e+01
    endloop
  endfacet
  facet normal -0.000000e+00 9.884683e-01 1.514278e-01
    outer loop
      vertex   4.600000e+01 1.840985e+02 -1.801018e+01
      vertex   5.500000e+01 1.840985e+02 -1.801018e+01
      vertex   4.600000e+01 1.845323e+02 -2.084139e+01
    endloop
  endfacet
  facet normal -2.391020e-16 9.884683e-01 1.514278e-01
    outer loop
      vertex   4.600000e+01 1.845323e+02 -2.084139e+01
      vertex   5.500000e+01 1.840985e+02 -1.801018e+01
      vertex   5.500000e+01 1.845323e+02 -2.084139e+01
    endloop
  endfacet
  facet normal -1.000000e+00 0.000000e+00 0.000000e+00
    outer loop
      vertex   4.600000e+01 1.622618e+02 -2.241213e+01
      vertex   4.600000e+01 1.845323e+02 -2.084139e+01
      vertex   4.600000e+01 1.624021e+02 -2.370195e+01
    endloop
  endfacet
  facet normal -1.000000e+00 0.000000e+00 0.000000e+00
    outer loop
      vertex   4.600000e+01 1.624021e+02 -2.370195e+01
      vertex   4.600000e+01 1.845323e+02 -2.084139e+01
      vertex   4.600000e+01 1.846773e+02 -2.370195e+01
    endloop
  endfacet
  facet normal -1.000000e+00 0.000000e+00 0.000000e+00
    outer loop
      vertex   4.600000e+01 1.624021e+02 -2.370195e+01
      vertex   4.600000e+01 1.846773e+02 -2.370195e+01
      vertex   4.600000e+01 1.845323e+02 -2.656251e+01
    endloop
  endfacet
  facet normal -1.000000e+00 0.000000e+00 0.000000e+00
    outer loop
      vertex   4.600000e+01 1.618475e+02 -2.118261e+01
      vertex   4.600000e+01 1.833806e+02 -1.523738e+01
      vertex   4.600000e+01 1.622618e+02 -2.241213e+01
    endloop
  endfacet
  facet normal -1.000000e+00 0.000000e+00 0.000000e+00
    outer loop
      vertex   4.600000e+01 1.622618e+02 -2.241213e+01
      vertex   4.600000e+01 1.833806e+02 -1.523738e+01
      vertex   4.600000e+01 1.840985e+02 -1.801018e+01
    endloop
  endfacet
  facet normal -1.000000e+00 0.000000e+00 0.000000e+00
    outer loop
      vertex   4.600000e+01 1.622618e+02 -2.241213e+01
      vertex   4.600000e+01 1.840985e+02 -1.801018e+01
      vertex   4.600000e+01 1.845323e+02 -2.084139e+01
    endloop
  endfacet
  facet normal -1.000000e+00 0.000000e+00 0.000000e+00
    outer loop
      vertex   4.600000e+01 1.611786e+02 -2.007090e+01
      vertex   4.600000e+01 1.811244e+02 -9.979915e+00
      vertex   4.600000e+01 1.618475e+02 -2.118261e+01
    endloop
  endfacet
  facet normal -1.000000e+00 0.000000e+00 0.000000e+00
    outer loop
      vertex   4.600000e+01 1.618475e+02 -2.118261e+01
      vertex   4.600000e+01 1.811244e+02 -9.979915e+00
      vertex   4.600000e+01 1.823858e+02 -1.255144e+01
    endloop
  endfacet
  facet normal -1.000000e+00 0.000000e+00 0.000000e+00
    outer loop
      vertex   4.600000e+01 1.618475e+02 -2.118261e+01
      vertex   4.600000e+01 1.823858e+02 -1.255144e+01
      vertex   4.600000e+01 1.833806e+02 -1.523738e+01
    endloop
  endfacet
  facet normal -1.000000e+00 0.000000e+00 0.000000e+00
    outer loop
      vertex   4.600000e+01 1.602864e+02 -1.912898e+01
      vertex   4.600000e+01 1.778562e+02 -5.284230e+00
      vertex   4.600000e+01 1.611786e+02 -2.007090e+01
    endloop
  endfacet
  facet normal -1.000000e+00 0.000000e+00 0.000000e+00
    outer loop
      vertex   4.600000e+01 1.611786e+02 -2.007090e+01
      vertex   4.600000e+01 1.778562e+02 -5.284230e+00
      vertex   4.600000e+01 1.796094e+02 -7.549198e+00
    endloop
  endfacet
  facet normal -1.000000e+00 0.000000e+00 0.000000e+00
    outer loop
      vertex   4.600000e+01 1.611786e+02 -2.007090e+01
      vertex   4.600000e+01 1.796094e+02 -7.549198e+00
      vertex   4.600000e+01 1.811244e+02 -9.979915e+00
    endloop
  endfacet
  facet normal -1.000000e+00 0.000000e+00 0.000000e+00
    outer loop
      vertex   4.600000e+01 1.592125e+02 -1.840088e+01
      vertex   4.600000e+01 1.713587e+02 2.936788e-01
      vertex   4.600000e+01 1.602864e+02 -1.912898e+01
    endloop
  endfacet
  facet normal -1.000000e+00 0.000000e+00 0.000000e+00
    outer loop
      vertex   4.600000e+01 1.602864e+02 -1.912898e+01
      vertex   4.600000e+01 1.713587e+02 2.936788e-01
      vertex   4.600000e+01 1.737095e+02 -1.342568e+00
    endloop
  endfacet
  facet normal -1.000000e+00 0.000000e+00 0.000000e+00
    outer loop
      vertex   4.600000e+01 1.602864e+02 -1.912898e+01
      vertex   4.600000e+01 1.737095e+02 -1.342568e+00
      vertex   4.600000e+01 1.758828e+02 -3.208252e+00
    endloop
  endfacet
  facet normal -1.000000e+00 0.000000e+00 0.000000e+00
    outer loop
      vertex   4.600000e+01 1.580073e+02 -1.792065e+01
      vertex   4.600000e+01 1.662222e+02 2.813226e+00
      vertex   4.600000e+01 1.592125e+02 -1.840088e+01
    endloop
  endfacet
  facet normal -1.000000e+00 0.000000e+00 0.000000e+00
    outer loop
      vertex   4.600000e+01 1.592125e+02 -1.840088e+01
      vertex   4.600000e+01 1.662222e+02 2.813226e+00
      vertex   4.600000e+01 1.688543e+02 1.683698e+00
    endloop
  endfacet
  facet normal -1.000000e+00 0.000000e+00 0.000000e+00
    outer loop
      vertex   4.600000e+01 1.592125e+02 -1.840088e+01
      vertex   4.600000e+01 1.688543e+02 1.683698e+00
      vertex   4.600000e+01 1.713587e+02 2.936788e-01
    endloop
  endfacet
  facet normal -1.000000e+00 0.000000e+00 0.000000e+00
    outer loop
      vertex   4.600000e+01 1.567269e+02 -1.771075e+01
      vertex   4.600000e+01 1.606837e+02 4.247239e+00
      vertex   4.600000e+01 1.580073e+02 -1.792065e+01
    endloop
  endfacet
  facet normal -1.000000e+00 0.000000e+00 0.000000e+00
    outer loop
      vertex   4.600000e+01 1.580073e+02 -1.792065e+01
      vertex   4.600000e+01 1.606837e+02 4.247239e+00
      vertex   4.600000e+01 1.634893e+02 3.670673e+00
    endloop
  endfacet
  facet normal -1.000000e+00 0.000000e+00 0.000000e+00
    outer loop
      vertex   4.600000e+01 1.580073e+02 -1.792065e+01
      vertex   4.600000e+01 1.634893e+02 3.670673e+00
      vertex   4.600000e+01 1.662222e+02 2.813226e+00
    endloop
  endfacet
  facet normal -1.000000e+00 0.000000e+00 0.000000e+00
    outer loop
      vertex   4.600000e+01 1.554314e+02 -1.778099e+01
      vertex   4.600000e+01 1.549700e+02 4.537009e+00
      vertex   4.600000e+01 1.567269e+02 -1.771075e+01
    endloop
  endfacet
  facet normal -1.000000e+00 0.000000e+00 0.000000e+00
    outer loop
      vertex   4.600000e+01 1.567269e+02 -1.771075e+01
      vertex   4.600000e+01 1.549700e+02 4.537009e+00
      vertex   4.600000e+01 1.578342e+02 4.537009e+00
    endloop
  endfacet
  facet normal -1.000000e+00 0.000000e+00 0.000000e+00
    outer loop
      vertex   4.600000e+01 1.567269e+02 -1.771075e+01
      vertex   4.600000e+01 1.578342e+02 4.537009e+00
      vertex   4.600000e+01 1.606837e+02 4.247239e+00
    endloop
  endfacet
  facet normal -1.000000e+00 0.000000e+00 0.000000e+00
    outer loop
      vertex   4.600000e+01 1.541813e+02 -1.812809e+01
      vertex   4.600000e+01 1.493148e+02 3.670673e+00
      vertex   4.600000e+01 1.554314e+02 -1.778099e+01
    endloop
  endfacet
  facet normal -1.000000e+00 0.000000e+00 0.000000e+00
    outer loop
      vertex   4.600000e+01 1.554314e+02 -1.778099e+01
      vertex   4.600000e+01 1.493148e+02 3.670673e+00
      vertex   4.600000e+01 1.521204e+02 4.247239e+00
    endloop
  endfacet
  facet normal -1.000000e+00 0.000000e+00 0.000000e+00
    outer loop
      vertex   4.600000e+01 1.554314e+02 -1.778099e+01
      vertex   4.600000e+01 1.521204e+02 4.247239e+00
      vertex   4.600000e+01 1.549700e+02 4.537009e+00
    endloop
  endfacet
  facet normal -1.000000e+00 0.000000e+00 0.000000e+00
    outer loop
      vertex   4.600000e+01 1.530350e+02 -1.873581e+01
      vertex   4.600000e+01 1.439498e+02 1.683698e+00
      vertex   4.600000e+01 1.541813e+02 -1.812809e+01
    endloop
  endfacet
  facet normal -1.000000e+00 0.000000e+00 0.000000e+00
    outer loop
      vertex   4.600000e+01 1.541813e+02 -1.812809e+01
      vertex   4.600000e+01 1.439498e+02 1.683698e+00
      vertex   4.600000e+01 1.465819e+02 2.813226e+00
    endloop
  endfacet
  facet normal -1.000000e+00 0.000000e+00 0.000000e+00
    outer loop
      vertex   4.600000e+01 1.541813e+02 -1.812809e+01
      vertex   4.600000e+01 1.465819e+02 2.813226e+00
      vertex   4.600000e+01 1.493148e+02 3.670673e+00
    endloop
  endfacet
  facet normal -1.000000e+00 0.000000e+00 0.000000e+00
    outer loop
      vertex   4.600000e+01 1.520461e+02 -1.957575e+01
      vertex   4.600000e+01 1.390946e+02 -1.342568e+00
      vertex   4.600000e+01 1.530350e+02 -1.873581e+01
    endloop
  endfacet
  facet normal -1.000000e+00 0.000000e+00 0.000000e+00
    outer loop
      vertex   4.600000e+01 1.530350e+02 -1.873581e+01
      vertex   4.600000e+01 1.390946e+02 -1.342568e+00
      vertex   4.600000e+01 1.414455e+02 2.936788e-01
    endloop
  endfacet
  facet normal -1.000000e+00 0.000000e+00 0.000000e+00
    outer loop
      vertex   4.600000e+01 1.530350e+02 -1.873581e+01
      vertex   4.600000e+01 1.414455e+02 2.936788e-01
      vertex   4.600000e+01 1.439498e+02 1.683698e+00
    endloop
  endfacet
  facet normal -1.000000e+00 0.000000e+00 0.000000e+00
    outer loop
      vertex   4.600000e+01 1.512609e+02 -2.060862e+01
      vertex   4.600000e+01 1.331948e+02 -7.549198e+00
      vertex   4.600000e+01 1.520461e+02 -1.957575e+01
    endloop
  endfacet
  facet normal -1.000000e+00 0.000000e+00 0.000000e+00
    outer loop
      vertex   4.600000e+01 1.520461e+02 -1.957575e+01
      vertex   4.600000e+01 1.331948e+02 -7.549198e+00
      vertex   4.600000e+01 1.349480e+02 -5.284230e+00
    endloop
  endfacet
  facet normal -1.000000e+00 0.000000e+00 0.000000e+00
    outer loop
      vertex   4.600000e+01 1.520461e+02 -1.957575e+01
      vertex   4.600000e+01 1.349480e+02 -5.284230e+00
      vertex   4.600000e+01 1.369214e+02 -3.208252e+00
    endloop
  endfacet
  facet normal -1.000000e+00 0.000000e+00 0.000000e+00
    outer loop
      vertex   4.600000e+01 1.507162e+02 -2.178614e+01
      vertex   4.600000e+01 1.304183e+02 -1.255144e+01
      vertex   4.600000e+01 1.512609e+02 -2.060862e+01
    endloop
  endfacet
  facet normal -1.000000e+00 0.000000e+00 0.000000e+00
    outer loop
      vertex   4.600000e+01 1.512609e+02 -2.060862e+01
      vertex   4.600000e+01 1.304183e+02 -1.255144e+01
      vertex   4.600000e+01 1.316797e+02 -9.979915e+00
    endloop
  endfacet
  facet normal -1.000000e+00 0.000000e+00 0.000000e+00
    outer loop
      vertex   4.600000e+01 1.512609e+02 -2.060862e+01
      vertex   4.600000e+01 1.316797e+02 -9.979915e+00
      vertex   4.600000e+01 1.331948e+02 -7.549198e+00
    endloop
  endfacet
  facet normal -1.000000e+00 0.000000e+00 0.000000e+00
    outer loop
      vertex   4.600000e+01 1.504373e+02 -2.305323e+01
      vertex   4.600000e+01 1.287056e+02 -1.801018e+01
      vertex   4.600000e+01 1.507162e+02 -2.178614e+01
    endloop
  endfacet
  facet normal -1.000000e+00 0.000000e+00 0.000000e+00
    outer loop
      vertex   4.600000e+01 1.507162e+02 -2.178614e+01
      vertex   4.600000e+01 1.287056e+02 -1.801018e+01
      vertex   4.600000e+01 1.294236e+02 -1.523738e+01
    endloop
  endfacet
  facet normal -1.000000e+00 0.000000e+00 0.000000e+00
    outer loop
      vertex   4.600000e+01 1.507162e+02 -2.178614e+01
      vertex   4.600000e+01 1.294236e+02 -1.523738e+01
      vertex   4.600000e+01 1.304183e+02 -1.255144e+01
    endloop
  endfacet
  facet normal -1.000000e+00 0.000000e+00 0.000000e+00
    outer loop
      vertex   4.600000e+01 1.504373e+02 -2.435066e+01
      vertex   4.600000e+01 1.281268e+02 -2.370195e+01
      vertex   4.600000e+01 1.504373e+02 -2.305323e+01
    endloop
  endfacet
  facet normal -1.000000e+00 -0.000000e+00 0.000000e+00
    outer loop
      vertex   4.600000e+01 1.504373e+02 -2.305323e+01
      vertex   4.600000e+01 1.281268e+02 -2.370195e+01
      vertex   4.600000e+01 1.282719e+02 -2.084139e+01
    endloop
  endfacet
  facet normal -1.000000e+00 0.000000e+00 0.000000e+00
    outer loop
      vertex   4.600000e+01 1.504373e+02 -2.305323e+01
      vertex   4.600000e+01 1.282719e+02 -2.084139e+01
      vertex   4.600000e+01 1.287056e+02 -1.801018e+01
    endloop
  endfacet
  facet normal -1.000000e+00 -0.000000e+00 0.000000e+00
    outer loop
      vertex   4.600000e+01 1.507162e+02 -2.561776e+01
      vertex   4.600000e+01 1.287056e+02 -2.939371e+01
      vertex   4.600000e+01 1.504373e+02 -2.435066e+01
    endloop
  endfacet
  facet normal -1.000000e+00 0.000000e+00 0.000000e+00
    outer loop
      vertex   4.600000e+01 1.504373e+02 -2.435066e+01
      vertex   4.600000e+01 1.287056e+02 -2.939371e+01
      vertex   4.600000e+01 1.282719e+02 -2.656251e+01
    endloop
  endfacet
  facet normal -1.000000e+00 -0.000000e+00 0.000000e+00
    outer loop
      vertex   4.600000e+01 1.504373e+02 -2.435066e+01
      vertex   4.600000e+01 1.282719e+02 -2.656251e+01
      vertex   4.600000e+01 1.281268e+02 -2.370195e+01
    endloop
  endfacet
  facet normal -1.000000e+00 -0.000000e+00 0.000000e+00
    outer loop
      vertex   4.600000e+01 1.512609e+02 -2.679527e+01
      vertex   4.600000e+01 1.304183e+02 -3.485246e+01
      vertex   4.600000e+01 1.507162e+02 -2.561776e+01
    endloop
  endfacet
  facet normal -1.000000e+00 0.000000e+00 0.000000e+00
    outer loop
      vertex   4.600000e+01 1.507162e+02 -2.561776e+01
      vertex   4.600000e+01 1.304183e+02 -3.485246e+01
      vertex   4.600000e+01 1.294236e+02 -3.216651e+01
    endloop
  endfacet
  facet normal -1.000000e+00 0.000000e+00 0.000000e+00
    outer loop
      vertex   4.600000e+01 1.507162e+02 -2.561776e+01
      vertex   4.600000e+01 1.294236e+02 -3.216651e+01
      vertex   4.600000e+01 1.287056e+02 -2.939371e+01
    endloop
  endfacet
  facet normal -1.000000e+00 -0.000000e+00 0.000000e+00
    outer loop
      vertex   4.600000e+01 1.520461e+02 -2.782814e+01
      vertex   4.600000e+01 1.331948e+02 -3.985470e+01
      vertex   4.600000e+01 1.512609e+02 -2.679527e+01
    endloop
  endfacet
  facet normal -1.000000e+00 0.000000e+00 0.000000e+00
    outer loop
      vertex   4.600000e+01 1.512609e+02 -2.679527e+01
      vertex   4.600000e+01 1.331948e+02 -3.985470e+01
      vertex   4.600000e+01 1.316797e+02 -3.742398e+01
    endloop
  endfacet
  facet normal -1.000000e+00 0.000000e+00 0.000000e+00
    outer loop
      vertex   4.600000e+01 1.512609e+02 -2.679527e+01
      vertex   4.600000e+01 1.316797e+02 -3.742398e+01
      vertex   4.600000e+01 1.304183e+02 -3.485246e+01
    endloop
  endfacet
  facet normal -1.000000e+00 -0.000000e+00 0.000000e+00
    outer loop
      vertex   4.600000e+01 1.530350e+02 -2.866808e+01
      vertex   4.600000e+01 1.390946e+02 -4.606133e+01
      vertex   4.600000e+01 1.520461e+02 -2.782814e+01
    endloop
  endfacet
  facet normal -1.000000e+00 0.000000e+00 0.000000e+00
    outer loop
      vertex   4.600000e+01 1.520461e+02 -2.782814e+01
      vertex   4.600000e+01 1.390946e+02 -4.606133e+01
      vertex   4.600000e+01 1.369214e+02 -4.419564e+01
    endloop
  endfacet
  facet normal -1.000000e+00 0.000000e+00 0.000000e+00
    outer loop
      vertex   4.600000e+01 1.520461e+02 -2.782814e+01
      vertex   4.600000e+01 1.369214e+02 -4.419564e+01
      vertex   4.600000e+01 1.349480e+02 -4.211967e+01
    endloop
  endfacet
  facet normal -1.000000e+00 -0.000000e+00 0.000000e+00
    outer loop
      vertex   4.600000e+01 1.541813e+02 -2.927581e+01
      vertex   4.600000e+01 1.439498e+02 -4.908759e+01
      vertex   4.600000e+01 1.530350e+02 -2.866808e+01
    endloop
  endfacet
  facet normal -1.000000e+00 0.000000e+00 0.000000e+00
    outer loop
      vertex   4.600000e+01 1.530350e+02 -2.866808e+01
      vertex   4.600000e+01 1.439498e+02 -4.908759e+01
      vertex   4.600000e+01 1.414455e+02 -4.769757e+01
    endloop
  endfacet
  facet normal -1.000000e+00 0.000000e+00 0.000000e+00
    outer loop
      vertex   4.600000e+01 1.530350e+02 -2.866808e+01
      vertex   4.600000e+01 1.414455e+02 -4.769757e+01
      vertex   4.600000e+01 1.390946e+02 -4.606133e+01
    endloop
  endfacet
  facet normal -1.000000e+00 -0.000000e+00 0.000000e+00
    outer loop
      vertex   4.600000e+01 1.554314e+02 -2.962291e+01
      vertex   4.600000e+01 1.493148e+02 -5.107457e+01
      vertex   4.600000e+01 1.541813e+02 -2.927581e+01
    endloop
  endfacet
  facet normal -1.000000e+00 0.000000e+00 0.000000e+00
    outer loop
      vertex   4.600000e+01 1.541813e+02 -2.927581e+01
      vertex   4.600000e+01 1.493148e+02 -5.107457e+01
      vertex   4.600000e+01 1.465819e+02 -5.021712e+01
    endloop
  endfacet
  facet normal -1.000000e+00 0.000000e+00 0.000000e+00
    outer loop
      vertex   4.600000e+01 1.541813e+02 -2.927581e+01
      vertex   4.600000e+01 1.465819e+02 -5.021712e+01
      vertex   4.600000e+01 1.439498e+02 -4.908759e+01
    endloop
  endfacet
  facet normal -1.000000e+00 -0.000000e+00 0.000000e+00
    outer loop
      vertex   4.600000e+01 1.567269e+02 -2.969315e+01
      vertex   4.600000e+01 1.549700e+02 -5.194090e+01
      vertex   4.600000e+01 1.554314e+02 -2.962291e+01
    endloop
  endfacet
  facet normal -1.000000e+00 0.000000e+00 0.000000e+00
    outer loop
      vertex   4.600000e+01 1.554314e+02 -2.962291e+01
      vertex   4.600000e+01 1.549700e+02 -5.194090e+01
      vertex   4.600000e+01 1.521204e+02 -5.165113e+01
    endloop
  endfacet
  facet normal -1.000000e+00 0.000000e+00 0.000000e+00
    outer loop
      vertex   4.600000e+01 1.554314e+02 -2.962291e+01
      vertex   4.600000e+01 1.521204e+02 -5.165113e+01
      vertex   4.600000e+01 1.493148e+02 -5.107457e+01
    endloop
  endfacet
  facet normal -1.000000e+00 0.000000e+00 -0.000000e+00
    outer loop
      vertex   4.600000e+01 1.580073e+02 -2.948325e+01
      vertex   4.600000e+01 1.606837e+02 -5.165113e+01
      vertex   4.600000e+01 1.567269e+02 -2.969315e+01
    endloop
  endfacet
  facet normal -1.000000e+00 0.000000e+00 0.000000e+00
    outer loop
      vertex   4.600000e+01 1.567269e+02 -2.969315e+01
      vertex   4.600000e+01 1.606837e+02 -5.165113e+01
      vertex   4.600000e+01 1.578342e+02 -5.194090e+01
    endloop
  endfacet
  facet normal -1.000000e+00 0.000000e+00 -0.000000e+00
    outer loop
      vertex   4.600000e+01 1.567269e+02 -2.969315e+01
      vertex   4.600000e+01 1.578342e+02 -5.194090e+01
      vertex   4.600000e+01 1.549700e+02 -5.194090e+01
    endloop
  endfacet
  facet normal -1.000000e+00 0.000000e+00 -0.000000e+00
    outer loop
      vertex   4.600000e+01 1.592125e+02 -2.900302e+01
      vertex   4.600000e+01 1.662222e+02 -5.021712e+01
      vertex   4.600000e+01 1.580073e+02 -2.948325e+01
    endloop
  endfacet
  facet normal -1.000000e+00 0.000000e+00 0.000000e+00
    outer loop
      vertex   4.600000e+01 1.580073e+02 -2.948325e+01
      vertex   4.600000e+01 1.662222e+02 -5.021712e+01
      vertex   4.600000e+01 1.634893e+02 -5.107457e+01
    endloop
  endfacet
  facet normal -1.000000e+00 0.000000e+00 0.000000e+00
    outer loop
      vertex   4.600000e+01 1.580073e+02 -2.948325e+01
      vertex   4.600000e+01 1.634893e+02 -5.107457e+01
      vertex   4.600000e+01 1.606837e+02 -5.165113e+01
    endloop
  endfacet
  facet normal -1.000000e+00 0.000000e+00 -0.000000e+00
    outer loop
      vertex   4.600000e+01 1.602864e+02 -2.827492e+01
      vertex   4.600000e+01 1.713587e+02 -4.769757e+01
      vertex   4.600000e+01 1.592125e+02 -2.900302e+01
    endloop
  endfacet
  facet normal -1.000000e+00 0.000000e+00 0.000000e+00
    outer loop
      vertex   4.600000e+01 1.592125e+02 -2.900302e+01
      vertex   4.600000e+01 1.713587e+02 -4.769757e+01
      vertex   4.600000e+01 1.688543e+02 -4.908759e+01
    endloop
  endfacet
  facet normal -1.000000e+00 0.000000e+00 0.000000e+00
    outer loop
      vertex   4.600000e+01 1.592125e+02 -2.900302e+01
      vertex   4.600000e+01 1.688543e+02 -4.908759e+01
      vertex   4.600000e+01 1.662222e+02 -5.021712e+01
    endloop
  endfacet
  facet normal -1.000000e+00 0.000000e+00 -0.000000e+00
    outer loop
      vertex   4.600000e+01 1.611786e+02 -2.733299e+01
      vertex   4.600000e+01 1.778562e+02 -4.211967e+01
      vertex   4.600000e+01 1.602864e+02 -2.827492e+01
    endloop
  endfacet
  facet normal -1.000000e+00 0.000000e+00 0.000000e+00
    outer loop
      vertex   4.600000e+01 1.602864e+02 -2.827492e+01
      vertex   4.600000e+01 1.778562e+02 -4.211967e+01
      vertex   4.600000e+01 1.758828e+02 -4.419564e+01
    endloop
  endfacet
  facet normal -1.000000e+00 0.000000e+00 0.000000e+00
    outer loop
      vertex   4.600000e+01 1.602864e+02 -2.827492e+01
      vertex   4.600000e+01 1.758828e+02 -4.419564e+01
      vertex   4.600000e+01 1.737095e+02 -4.606133e+01
    endloop
  endfacet
  facet normal -1.000000e+00 0.000000e+00 -0.000000e+00
    outer loop
      vertex   4.600000e+01 1.618475e+02 -2.622128e+01
      vertex   4.600000e+01 1.811244e+02 -3.742398e+01
      vertex   4.600000e+01 1.611786e+02 -2.733299e+01
    endloop
  endfacet
  facet normal -1.000000e+00 0.000000e+00 0.000000e+00
    outer loop
      vertex   4.600000e+01 1.611786e+02 -2.733299e+01
      vertex   4.600000e+01 1.811244e+02 -3.742398e+01
      vertex   4.600000e+01 1.796094e+02 -3.985470e+01
    endloop
  endfacet
  facet normal -1.000000e+00 0.000000e+00 0.000000e+00
    outer loop
      vertex   4.600000e+01 1.611786e+02 -2.733299e+01
      vertex   4.600000e+01 1.796094e+02 -3.985470e+01
      vertex   4.600000e+01 1.778562e+02 -4.211967e+01
    endloop
  endfacet
  facet normal -1.000000e+00 0.000000e+00 -0.000000e+00
    outer loop
      vertex   4.600000e+01 1.622618e+02 -2.499177e+01
      vertex   4.600000e+01 1.833806e+02 -3.216651e+01
      vertex   4.600000e+01 1.618475e+02 -2.622128e+01
    endloop
  endfacet
  facet normal -1.000000e+00 0.000000e+00 0.000000e+00
    outer loop
      vertex   4.600000e+01 1.618475e+02 -2.622128e+01
      vertex   4.600000e+01 1.833806e+02 -3.216651e+01
      vertex   4.600000e+01 1.823858e+02 -3.485246e+01
    endloop
  endfacet
  facet normal -1.000000e+00 0.000000e+00 0.000000e+00
    outer loop
      vertex   4.600000e+01 1.618475e+02 -2.622128e+01
      vertex   4.600000e+01 1.823858e+02 -3.485246e+01
      vertex   4.600000e+01 1.811244e+02 -3.742398e+01
    endloop
  endfacet
  facet normal -1.000000e+00 0.000000e+00 -0.000000e+00
    outer loop
      vertex   4.600000e+01 1.624021e+02 -2.370195e+01
      vertex   4.600000e+01 1.845323e+02 -2.656251e+01
      vertex   4.600000e+01 1.622618e+02 -2.499177e+01
    endloop
  endfacet
  facet normal -1.000000e+00 0.000000e+00 0.000000e+00
    outer loop
      vertex   4.600000e+01 1.622618e+02 -2.499177e+01
      vertex   4.600000e+01 1.845323e+02 -2.656251e+01
      vertex   4.600000e+01 1.840985e+02 -2.939371e+01
    endloop
  endfacet
  facet normal -1.000000e+00 0.000000e+00 0.000000e+00
    outer loop
      vertex   4.600000e+01 1.622618e+02 -2.499177e+01
      vertex   4.600000e+01 1.840985e+02 -2.939371e+01
      vertex   4.600000e+01 1.833806e+02 -3.216651e+01
    endloop
  endfacet
  facet normal -1.000000e+00 -0.000000e+00 0.000000e+00
    outer loop
      vertex   4.600000e+01 1.737095e+02 -4.606133e+01
      vertex   4.600000e+01 1.713587e+02 -4.769757e+01
      vertex   4.600000e+01 1.602864e+02 -2.827492e+01
    endloop
  endfacet
  facet normal -1.000000e+00 0.000000e+00 0.000000e+00
    outer loop
      vertex   4.600000e+01 1.349480e+02 -4.211967e+01
      vertex   4.600000e+01 1.331948e+02 -3.985470e+01
      vertex   4.600000e+01 1.520461e+02 -2.782814e+01
    endloop
  endfacet
  facet normal -1.000000e+00 0.000000e+00 0.000000e+00
    outer loop
      vertex   4.600000e+01 1.369214e+02 -3.208252e+00
      vertex   4.600000e+01 1.390946e+02 -1.342568e+00
      vertex   4.600000e+01 1.520461e+02 -1.957575e+01
    endloop
  endfacet
  facet normal -1.000000e+00 0.000000e+00 -0.000000e+00
    outer loop
      vertex   4.600000e+01 1.758828e+02 -3.208252e+00
      vertex   4.600000e+01 1.778562e+02 -5.284230e+00
      vertex   4.600000e+01 1.602864e+02 -1.912898e+01
    endloop
  endfacet
  facet normal 7.071068e-01 6.843123e-01 -1.780918e-01
    outer loop
      vertex   7.000000e+01 1.500000e+02 1.200000e+02
      vertex   8.000000e+01 1.396669e+02 1.200000e+02
      vertex   7.000000e+01 1.320671e+02 5.109337e+01
    endloop
  endfacet
  facet normal 7.071068e-01 6.843123e-01 -1.780918e-01
    outer loop
      vertex   7.000000e+01 1.320671e+02 5.109337e+01
      vertex   8.000000e+01 1.396669e+02 1.200000e+02
      vertex   8.000000e+01 1.223895e+02 5.361196e+01
    endloop
  endfacet
  facet normal 7.067850e-01 5.406886e-02 7.053592e-01
    outer loop
      vertex   8.000000e+01 1.574303e+02 6.663514e+00
      vertex   7.000000e+01 1.577687e+02 1.665779e+01
      vertex   8.000000e+01 1.542397e+02 6.908086e+00
    endloop
  endfacet
  facet normal 7.074731e-01 5.902460e-02 7.042712e-01
    outer loop
      vertex   8.000000e+01 1.542397e+02 6.908086e+00
      vertex   7.000000e+01 1.577687e+02 1.665779e+01
      vertex   7.000000e+01 1.550403e+02 1.688645e+01
    endloop
  endfacet
  facet normal 7.062921e-01 1.140540e-01 6.986724e-01
    outer loop
      vertex   8.000000e+01 1.542397e+02 6.908086e+00
      vertex   7.000000e+01 1.550403e+02 1.688645e+01
      vertex   8.000000e+01 1.510816e+02 7.423633e+00
    endloop
  endfacet
  facet normal 7.080079e-01 1.286157e-01 6.943938e-01
    outer loop
      vertex   8.000000e+01 1.510816e+02 7.423633e+00
      vertex   7.000000e+01 1.550403e+02 1.688645e+01
      vertex   7.000000e+01 1.523482e+02 1.738510e+01
    endloop
  endfacet
  facet normal 7.059959e-01 1.732443e-01 6.866995e-01
    outer loop
      vertex   8.000000e+01 1.510816e+02 7.423633e+00
      vertex   7.000000e+01 1.523482e+02 1.738510e+01
      vertex   8.000000e+01 1.479789e+02 8.206405e+00
    endloop
  endfacet
  facet normal 7.082749e-01 1.969038e-01 6.779200e-01
    outer loop
      vertex   8.000000e+01 1.479789e+02 8.206405e+00
      vertex   7.000000e+01 1.523482e+02 1.738510e+01
      vertex   7.000000e+01 1.497189e+02 1.814878e+01
    endloop
  endfacet
  facet normal 7.058970e-01 2.311589e-01 6.695334e-01
    outer loop
      vertex   8.000000e+01 1.479789e+02 8.206405e+00
      vertex   7.000000e+01 1.497189e+02 1.814878e+01
      vertex   8.000000e+01 1.449541e+02 9.250708e+00
    endloop
  endfacet
  facet normal 7.082749e-01 2.632917e-01 6.549993e-01
    outer loop
      vertex   8.000000e+01 1.449541e+02 9.250708e+00
      vertex   7.000000e+01 1.497189e+02 1.814878e+01
      vertex   7.000000e+01 1.471785e+02 1.916996e+01
    endloop
  endfacet
  facet normal 7.059959e-01 2.873282e-01 6.473116e-01
    outer loop
      vertex   8.000000e+01 1.449541e+02 9.250708e+00
      vertex   7.000000e+01 1.471785e+02 1.916996e+01
      vertex   8.000000e+01 1.420294e+02 1.054895e+01
    endloop
  endfacet
  facet normal 7.080079e-01 3.271975e-01 6.258327e-01
    outer loop
      vertex   8.000000e+01 1.420294e+02 1.054895e+01
      vertex   7.000000e+01 1.471785e+02 1.916996e+01
      vertex   7.000000e+01 1.447521e+02 2.043850e+01
    endloop
  endfacet
  facet normal 7.062921e-01 3.412971e-01 6.202159e-01
    outer loop
      vertex   8.000000e+01 1.420294e+02 1.054895e+01
      vertex   7.000000e+01 1.447521e+02 2.043850e+01
      vertex   8.000000e+01 1.392259e+02 1.209168e+01
    endloop
  endfacet
  facet normal 7.074731e-01 3.880590e-01 5.906708e-01
    outer loop
      vertex   8.000000e+01 1.392259e+02 1.209168e+01
      vertex   7.000000e+01 1.447521e+02 2.043850e+01
      vertex   7.000000e+01 1.424638e+02 2.194187e+01
    endloop
  endfacet
  facet normal 7.067850e-01 3.926304e-01 5.884695e-01
    outer loop
      vertex   8.000000e+01 1.392259e+02 1.209168e+01
      vertex   7.000000e+01 1.424638e+02 2.194187e+01
      vertex   8.000000e+01 1.365640e+02 1.386768e+01
    endloop
  endfacet
  facet normal 7.067850e-01 4.413450e-01 5.528739e-01
    outer loop
      vertex   8.000000e+01 1.365640e+02 1.386768e+01
      vertex   7.000000e+01 1.424638e+02 2.194187e+01
      vertex   8.000000e+01 1.340632e+02 1.586403e+01
    endloop
  endfacet
  facet normal 7.074731e-01 4.448313e-01 5.491876e-01
    outer loop
      vertex   8.000000e+01 1.340632e+02 1.586403e+01
      vertex   7.000000e+01 1.424638e+02 2.194187e+01
      vertex   7.000000e+01 1.403362e+02 2.366518e+01
    endloop
  endfacet
  facet normal 7.062921e-01 4.871881e-01 5.136139e-01
    outer loop
      vertex   8.000000e+01 1.340632e+02 1.586403e+01
      vertex   7.000000e+01 1.403362e+02 2.366518e+01
      vertex   8.000000e+01 1.317415e+02 1.806622e+01
    endloop
  endfacet
  facet normal 7.080079e-01 4.968235e-01 5.018876e-01
    outer loop
      vertex   8.000000e+01 1.317415e+02 1.806622e+01
      vertex   7.000000e+01 1.403362e+02 2.366518e+01
      vertex   7.000000e+01 1.383904e+02 2.559137e+01
    endloop
  endfacet
  facet normal 7.059959e-01 5.294013e-01 4.704297e-01
    outer loop
      vertex   8.000000e+01 1.317415e+02 1.806622e+01
      vertex   7.000000e+01 1.383904e+02 2.559137e+01
      vertex   8.000000e+01 1.296160e+02 2.045822e+01
    endloop
  endfacet
  facet normal 7.082749e-01 5.440290e-01 4.498656e-01
    outer loop
      vertex   8.000000e+01 1.296160e+02 2.045822e+01
      vertex   7.000000e+01 1.383904e+02 2.559137e+01
      vertex   7.000000e+01 1.366456e+02 2.770137e+01
    endloop
  endfacet
  facet normal 7.058970e-01 5.676395e-01 4.236683e-01
    outer loop
      vertex   8.000000e+01 1.296160e+02 2.045822e+01
      vertex   7.000000e+01 1.366456e+02 2.770137e+01
      vertex   8.000000e+01 1.277020e+02 2.302264e+01
    endloop
  endfacet
  facet normal 7.082749e-01 5.860380e-01 3.935810e-01
    outer loop
      vertex   8.000000e+01 1.277020e+02 2.302264e+01
      vertex   7.000000e+01 1.366456e+02 2.770137e+01
      vertex   7.000000e+01 1.351191e+02 2.997431e+01
    endloop
  endfacet
  facet normal 7.059959e-01 6.015915e-01 3.737078e-01
    outer loop
      vertex   8.000000e+01 1.277020e+02 2.302264e+01
      vertex   7.000000e+01 1.351191e+02 2.997431e+01
      vertex   8.000000e+01 1.260135e+02 2.574082e+01
    endloop
  endfacet
  facet normal 7.080079e-01 6.224824e-01 3.335272e-01
    outer loop
      vertex   8.000000e+01 1.260135e+02 2.574082e+01
      vertex   7.000000e+01 1.351191e+02 2.997431e+01
      vertex   7.000000e+01 1.338260e+02 3.238768e+01
    endloop
  endfacet
  facet normal 7.062921e-01 6.309833e-01 3.209541e-01
    outer loop
      vertex   8.000000e+01 1.260135e+02 2.574082e+01
      vertex   7.000000e+01 1.338260e+02 3.238768e+01
      vertex   8.000000e+01 1.245627e+02 2.859299e+01
    endloop
  endfacet
  facet normal 7.074731e-01 6.530381e-01 2.702277e-01
    outer loop
      vertex   8.000000e+01 1.245627e+02 2.859299e+01
      vertex   7.000000e+01 1.338260e+02 3.238768e+01
      vertex   7.000000e+01 1.327791e+02 3.491760e+01
    endloop
  endfacet
  facet normal 7.067850e-01 6.555805e-01 2.658369e-01
    outer loop
      vertex   8.000000e+01 1.245627e+02 2.859299e+01
      vertex   7.000000e+01 1.327791e+02 3.491760e+01
      vertex   8.000000e+01 1.233602e+02 3.155840e+01
    endloop
  endfacet
  facet normal 7.067850e-01 6.758478e-01 2.090091e-01
    outer loop
      vertex   8.000000e+01 1.233602e+02 3.155840e+01
      vertex   7.000000e+01 1.327791e+02 3.491760e+01
      vertex   8.000000e+01 1.224148e+02 3.461549e+01
    endloop
  endfacet
  facet normal 7.074731e-01 6.766577e-01 2.040004e-01
    outer loop
      vertex   8.000000e+01 1.224148e+02 3.461549e+01
      vertex   7.000000e+01 1.327791e+02 3.491760e+01
      vertex   7.000000e+01 1.319888e+02 3.753902e+01
    endloop
  endfacet
  facet normal 7.062921e-01 6.916799e-01 1.507658e-01
    outer loop
      vertex   8.000000e+01 1.224148e+02 3.461549e+01
      vertex   7.000000e+01 1.319888e+02 3.753902e+01
      vertex   8.000000e+01 1.217333e+02 3.774202e+01
    endloop
  endfacet
  facet normal 7.080079e-01 6.930538e-01 1.356509e-01
    outer loop
      vertex   8.000000e+01 1.217333e+02 3.774202e+01
      vertex   7.000000e+01 1.319888e+02 3.753902e+01
      vertex   7.000000e+01 1.314629e+02 4.022600e+01
    endloop
  endfacet
  facet normal 7.059959e-01 7.023039e-01 9.131864e-02
    outer loop
      vertex   8.000000e+01 1.217333e+02 3.774202e+01
      vertex   7.000000e+01 1.314629e+02 4.022600e+01
      vertex   8.000000e+01 1.213207e+02 4.091525e+01
    endloop
  endfacet
  facet normal 7.082749e-01 7.028364e-01 6.608831e-02
    outer loop
      vertex   8.000000e+01 1.213207e+02 4.091525e+01
      vertex   7.000000e+01 1.314629e+02 4.022600e+01
      vertex   7.000000e+01 1.312066e+02 4.295193e+01
    endloop
  endfacet
  facet normal 7.058970e-01 7.076292e-01 3.114866e-02
    outer loop
      vertex   8.000000e+01 1.213207e+02 4.091525e+01
      vertex   7.000000e+01 1.312066e+02 4.295193e+01
      vertex   8.000000e+01 1.211800e+02 4.411210e+01
    endloop
  endfacet
  facet normal 7.082749e-01 7.059249e-01 -4.076984e-03
    outer loop
      vertex   8.000000e+01 1.211800e+02 4.411210e+01
      vertex   7.000000e+01 1.312066e+02 4.295193e+01
      vertex   7.000000e+01 1.312224e+02 4.568985e+01
    endloop
  endfacet
  facet normal 7.059959e-01 7.076114e-01 -2.925652e-02
    outer loop
      vertex   8.000000e+01 1.211800e+02 4.411210e+01
      vertex   7.000000e+01 1.312224e+02 4.568985e+01
      vertex   8.000000e+01 1.213122e+02 4.730931e+01
    endloop
  endfacet
  facet normal 7.080079e-01 7.022924e-01 -7.423007e-02
    outer loop
      vertex   8.000000e+01 1.213122e+02 4.730931e+01
      vertex   7.000000e+01 1.312224e+02 4.568985e+01
      vertex   7.000000e+01 1.315102e+02 4.841264e+01
    endloop
  endfacet
  facet normal 7.062921e-01 7.022519e-01 -8.940725e-02
    outer loop
      vertex   8.000000e+01 1.213122e+02 4.730931e+01
      vertex   7.000000e+01 1.315102e+02 4.841264e+01
      vertex   8.000000e+01 1.217163e+02 5.048363e+01
    endloop
  endfacet
  facet normal 7.074731e-01 6.919654e-01 -1.437559e-01
    outer loop
      vertex   8.000000e+01 1.217163e+02 5.048363e+01
      vertex   7.000000e+01 1.315102e+02 4.841264e+01
      vertex   7.000000e+01 1.320671e+02 5.109337e+01
    endloop
  endfacet
  facet normal 7.067850e-01 6.915987e-01 -1.488164e-01
    outer loop
      vertex   8.000000e+01 1.217163e+02 5.048363e+01
      vertex   7.000000e+01 1.320671e+02 5.109337e+01
      vertex   8.000000e+01 1.223895e+02 5.361196e+01
    endloop
  endfacet
  facet normal 7.067941e-01 -2.636011e-01 -6.564728e-01
    outer loop
      vertex   7.000000e+01 1.397927e+02 -6.051097e+01
      vertex   7.000000e+01 1.429429e+02 -6.177589e+01
      vertex   8.000000e+01 1.439057e+02 -5.139596e+01
    endloop
  endfacet
  facet normal 7.075222e-01 -2.587281e-01 -6.576262e-01
    outer loop
      vertex   8.000000e+01 1.439057e+02 -5.139596e+01
      vertex   7.000000e+01 1.429429e+02 -6.177589e+01
      vertex   8.000000e+01 1.466782e+02 -5.248675e+01
    endloop
  endfacet
  facet normal 7.062655e-01 -2.076893e-01 -6.767970e-01
    outer loop
      vertex   8.000000e+01 1.466782e+02 -5.248675e+01
      vertex   7.000000e+01 1.429429e+02 -6.177589e+01
      vertex   7.000000e+01 1.461881e+02 -6.277177e+01
    endloop
  endfacet
  facet normal 7.080813e-01 -1.929210e-01 -6.792661e-01
    outer loop
      vertex   8.000000e+01 1.466782e+02 -5.248675e+01
      vertex   7.000000e+01 1.461881e+02 -6.277177e+01
      vertex   8.000000e+01 1.495442e+02 -5.330074e+01
    endloop
  endfacet
  facet normal 7.059478e-01 -1.501804e-01 -6.921587e-01
    outer loop
      vertex   8.000000e+01 1.495442e+02 -5.330074e+01
      vertex   7.000000e+01 1.461881e+02 -6.277177e+01
      vertex   7.000000e+01 1.495056e+02 -6.349157e+01
    endloop
  endfacet
  facet normal 7.083603e-01 -1.254141e-01 -6.946200e-01
    outer loop
      vertex   8.000000e+01 1.495442e+02 -5.330074e+01
      vertex   7.000000e+01 1.495056e+02 -6.349157e+01
      vertex   8.000000e+01 1.524762e+02 -5.383011e+01
    endloop
  endfacet
  facet normal 7.058417e-01 -9.153100e-02 -7.024312e-01
    outer loop
      vertex   8.000000e+01 1.524762e+02 -5.383011e+01
      vertex   7.000000e+01 1.495056e+02 -6.349157e+01
      vertex   7.000000e+01 1.528718e+02 -6.393021e+01
    endloop
  endfacet
  facet normal 7.083603e-01 -5.677768e-02 -7.035637e-01
    outer loop
      vertex   8.000000e+01 1.524762e+02 -5.383011e+01
      vertex   7.000000e+01 1.528718e+02 -6.393021e+01
      vertex   8.000000e+01 1.554459e+02 -5.406977e+01
    endloop
  endfacet
  facet normal 7.059478e-01 -3.220760e-02 -7.075312e-01
    outer loop
      vertex   8.000000e+01 1.554459e+02 -5.406977e+01
      vertex   7.000000e+01 1.528718e+02 -6.393021e+01
      vertex   7.000000e+01 1.562629e+02 -6.408457e+01
    endloop
  endfacet
  facet normal 7.080813e-01 1.240960e-02 -7.060219e-01
    outer loop
      vertex   8.000000e+01 1.554459e+02 -5.406977e+01
      vertex   7.000000e+01 1.562629e+02 -6.408457e+01
      vertex   8.000000e+01 1.584248e+02 -5.401741e+01
    endloop
  endfacet
  facet normal 7.062655e-01 2.731752e-02 -7.074198e-01
    outer loop
      vertex   8.000000e+01 1.584248e+02 -5.401741e+01
      vertex   7.000000e+01 1.562629e+02 -6.408457e+01
      vertex   7.000000e+01 1.596550e+02 -6.395359e+01
    endloop
  endfacet
  facet normal 7.075222e-01 8.156472e-02 -7.019684e-01
    outer loop
      vertex   8.000000e+01 1.584248e+02 -5.401741e+01
      vertex   7.000000e+01 1.596550e+02 -6.395359e+01
      vertex   8.000000e+01 1.613843e+02 -5.367353e+01
    endloop
  endfacet
  facet normal 7.067941e-01 8.657061e-02 -7.021022e-01
    outer loop
      vertex   8.000000e+01 1.613843e+02 -5.367353e+01
      vertex   7.000000e+01 1.596550e+02 -6.395359e+01
      vertex   7.000000e+01 1.630241e+02 -6.353817e+01
    endloop
  endfacet
  facet normal 7.067941e-01 1.452323e-01 -6.923508e-01
    outer loop
      vertex   8.000000e+01 1.613843e+02 -5.367353e+01
      vertex   7.000000e+01 1.630241e+02 -6.353817e+01
      vertex   7.000000e+01 1.663465e+02 -6.284125e+01
    endloop
  endfacet
  facet normal 7.075222e-01 1.499257e-01 -6.906046e-01
    outer loop
      vertex   8.000000e+01 1.613843e+02 -5.367353e+01
      vertex   7.000000e+01 1.663465e+02 -6.284125e+01
      vertex   8.000000e+01 1.642959e+02 -5.304145e+01
    endloop
  endfacet
  facet normal 7.062655e-01 2.030191e-01 -6.782125e-01
    outer loop
      vertex   8.000000e+01 1.642959e+02 -5.304145e+01
      vertex   7.000000e+01 1.663465e+02 -6.284125e+01
      vertex   7.000000e+01 1.695985e+02 -6.186776e+01
    endloop
  endfacet
  facet normal 7.080813e-01 2.166730e-01 -6.720667e-01
    outer loop
      vertex   8.000000e+01 1.642959e+02 -5.304145e+01
      vertex   7.000000e+01 1.695985e+02 -6.186776e+01
      vertex   8.000000e+01 1.671315e+02 -5.212724e+01
    endloop
  endfacet
  facet normal 7.059478e-01 2.593790e-01 -6.590602e-01
    outer loop
      vertex   8.000000e+01 1.671315e+02 -5.212724e+01
      vertex   7.000000e+01 1.695985e+02 -6.186776e+01
      vertex   7.000000e+01 1.727574e+02 -6.062458e+01
    endloop
  endfacet
  facet normal 7.083603e-01 2.813441e-01 -6.473570e-01
    outer loop
      vertex   8.000000e+01 1.671315e+02 -5.212724e+01
      vertex   7.000000e+01 1.727574e+02 -6.062458e+01
      vertex   8.000000e+01 1.698640e+02 -5.093969e+01
    endloop
  endfacet
  facet normal 7.058417e-01 3.138620e-01 -6.350418e-01
    outer loop
      vertex   8.000000e+01 1.698640e+02 -5.093969e+01
      vertex   7.000000e+01 1.727574e+02 -6.062458e+01
      vertex   7.000000e+01 1.758006e+02 -5.912050e+01
    endloop
  endfacet
  facet normal 7.083603e-01 3.433957e-01 -6.166887e-01
    outer loop
      vertex   8.000000e+01 1.698640e+02 -5.093969e+01
      vertex   7.000000e+01 1.758006e+02 -5.912050e+01
      vertex   8.000000e+01 1.724670e+02 -4.949023e+01
    endloop
  endfacet
  facet normal 7.059478e-01 3.660338e-01 -6.063473e-01
    outer loop
      vertex   8.000000e+01 1.724670e+02 -4.949023e+01
      vertex   7.000000e+01 1.758006e+02 -5.912050e+01
      vertex   7.000000e+01 1.787068e+02 -5.736613e+01
    endloop
  endfacet
  facet normal 7.080813e-01 4.023047e-01 -5.803204e-01
    outer loop
      vertex   8.000000e+01 1.724670e+02 -4.949023e+01
      vertex   7.000000e+01 1.787068e+02 -5.736613e+01
      vertex   8.000000e+01 1.749156e+02 -4.779278e+01
    endloop
  endfacet
  facet normal 7.062655e-01 4.154800e-01 -5.732062e-01
    outer loop
      vertex   8.000000e+01 1.749156e+02 -4.779278e+01
      vertex   7.000000e+01 1.787068e+02 -5.736613e+01
      vertex   7.000000e+01 1.814553e+02 -5.537388e+01
    endloop
  endfacet
  facet normal 7.075222e-01 4.575717e-01 -5.385541e-01
    outer loop
      vertex   8.000000e+01 1.749156e+02 -4.779278e+01
      vertex   7.000000e+01 1.814553e+02 -5.537388e+01
      vertex   8.000000e+01 1.771861e+02 -4.586368e+01
    endloop
  endfacet
  facet normal 7.067941e-01 4.618095e-01 -5.358862e-01
    outer loop
      vertex   8.000000e+01 1.771861e+02 -4.586368e+01
      vertex   7.000000e+01 1.814553e+02 -5.537388e+01
      vertex   7.000000e+01 1.840268e+02 -5.315783e+01
    endloop
  endfacet
  facet normal 7.067941e-01 5.051854e-01 -4.952068e-01
    outer loop
      vertex   8.000000e+01 1.771861e+02 -4.586368e+01
      vertex   7.000000e+01 1.840268e+02 -5.315783e+01
      vertex   7.000000e+01 1.864031e+02 -5.073363e+01
    endloop
  endfacet
  facet normal 7.075222e-01 5.081195e-01 -4.911486e-01
    outer loop
      vertex   8.000000e+01 1.771861e+02 -4.586368e+01
      vertex   7.000000e+01 1.864031e+02 -5.073363e+01
      vertex   8.000000e+01 1.792568e+02 -4.372146e+01
    endloop
  endfacet
  facet normal 7.062655e-01 5.453981e-01 -4.513645e-01
    outer loop
      vertex   8.000000e+01 1.792568e+02 -4.372146e+01
      vertex   7.000000e+01 1.864031e+02 -5.073363e+01
      vertex   7.000000e+01 1.885675e+02 -4.811842e+01
    endloop
  endfacet
  facet normal 7.080813e-01 5.533422e-01 -4.386723e-01
    outer loop
      vertex   8.000000e+01 1.792568e+02 -4.372146e+01
      vertex   7.000000e+01 1.885675e+02 -4.811842e+01
      vertex   8.000000e+01 1.811077e+02 -4.138674e+01
    endloop
  endfacet
  facet normal 7.059478e-01 5.816402e-01 -4.041441e-01
    outer loop
      vertex   8.000000e+01 1.811077e+02 -4.138674e+01
      vertex   7.000000e+01 1.885675e+02 -4.811842e+01
      vertex   7.000000e+01 1.905045e+02 -4.533067e+01
    endloop
  endfacet
  facet normal 7.083603e-01 5.934113e-01 -3.822154e-01
    outer loop
      vertex   8.000000e+01 1.811077e+02 -4.138674e+01
      vertex   7.000000e+01 1.905045e+02 -4.533067e+01
      vertex   8.000000e+01 1.827210e+02 -3.888197e+01
    endloop
  endfacet
  facet normal 7.058417e-01 6.136196e-01 -3.539187e-01
    outer loop
      vertex   8.000000e+01 1.827210e+02 -3.888197e+01
      vertex   7.000000e+01 1.905045e+02 -4.533067e+01
      vertex   7.000000e+01 1.922005e+02 -4.239009e+01
    endloop
  endfacet
  facet normal 7.083603e-01 6.279937e-01 -3.222570e-01
    outer loop
      vertex   8.000000e+01 1.827210e+02 -3.888197e+01
      vertex   7.000000e+01 1.922005e+02 -4.239009e+01
      vertex   8.000000e+01 1.840812e+02 -3.623122e+01
    endloop
  endfacet
  facet normal 7.059478e-01 6.410806e-01 -3.010871e-01
    outer loop
      vertex   8.000000e+01 1.840812e+02 -3.623122e+01
      vertex   7.000000e+01 1.922005e+02 -4.239009e+01
      vertex   7.000000e+01 1.936436e+02 -3.931745e+01
    endloop
  endfacet
  facet normal 7.080813e-01 6.567976e-01 -2.593026e-01
    outer loop
      vertex   8.000000e+01 1.840812e+02 -3.623122e+01
      vertex   7.000000e+01 1.936436e+02 -3.931745e+01
      vertex   8.000000e+01 1.851753e+02 -3.345999e+01
    endloop
  endfacet
  facet normal 7.062655e-01 6.638059e-01 -2.460707e-01
    outer loop
      vertex   8.000000e+01 1.851753e+02 -3.345999e+01
      vertex   7.000000e+01 1.936436e+02 -3.931745e+01
      vertex   7.000000e+01 1.948235e+02 -3.613447e+01
    endloop
  endfacet
  facet normal 7.075222e-01 6.795754e-01 -1.938806e-01
    outer loop
      vertex   8.000000e+01 1.851753e+02 -3.345999e+01
      vertex   7.000000e+01 1.948235e+02 -3.613447e+01
      vertex   8.000000e+01 1.859927e+02 -3.059493e+01
    endloop
  endfacet
  facet normal 7.067941e-01 6.816188e-01 -1.893088e-01
    outer loop
      vertex   8.000000e+01 1.859927e+02 -3.059493e+01
      vertex   7.000000e+01 1.948235e+02 -3.613447e+01
      vertex   7.000000e+01 1.957320e+02 -3.286363e+01
    endloop
  endfacet
  facet normal 7.067941e-01 6.951100e-01 -1.313927e-01
    outer loop
      vertex   8.000000e+01 1.859927e+02 -3.059493e+01
      vertex   7.000000e+01 1.957320e+02 -3.286363e+01
      vertex   7.000000e+01 1.963625e+02 -2.952806e+01
    endloop
  endfacet
  facet normal 7.075222e-01 6.952973e-01 -1.263886e-01
    outer loop
      vertex   8.000000e+01 1.859927e+02 -3.059493e+01
      vertex   7.000000e+01 1.963625e+02 -2.952806e+01
      vertex   8.000000e+01 1.865256e+02 -2.766358e+01
    endloop
  endfacet
  facet normal 7.062655e-01 7.042144e-01 -7.260231e-02
    outer loop
      vertex   8.000000e+01 1.865256e+02 -2.766358e+01
      vertex   7.000000e+01 1.963625e+02 -2.952806e+01
      vertex   7.000000e+01 1.967106e+02 -2.615131e+01
    endloop
  endfacet
  facet normal 7.080813e-01 7.037749e-01 -5.763545e-02
    outer loop
      vertex   8.000000e+01 1.865256e+02 -2.766358e+01
      vertex   7.000000e+01 1.967106e+02 -2.615131e+01
      vertex   8.000000e+01 1.867687e+02 -2.469414e+01
    endloop
  endfacet
  facet normal 7.059478e-01 7.081408e-01 -1.320673e-02
    outer loop
      vertex   8.000000e+01 1.867687e+02 -2.469414e+01
      vertex   7.000000e+01 1.967106e+02 -2.615131e+01
      vertex   7.000000e+01 1.967739e+02 -2.275726e+01
    endloop
  endfacet
  facet normal 7.083603e-01 7.057562e-01 1.156713e-02
    outer loop
      vertex   8.000000e+01 1.867687e+02 -2.469414e+01
      vertex   7.000000e+01 1.967739e+02 -2.275726e+01
      vertex   8.000000e+01 1.867199e+02 -2.171516e+01
    endloop
  endfacet
  facet normal 7.058417e-01 7.068534e-01 4.632159e-02
    outer loop
      vertex   8.000000e+01 1.867199e+02 -2.171516e+01
      vertex   7.000000e+01 1.967739e+02 -2.275726e+01
      vertex   7.000000e+01 1.965519e+02 -1.936988e+01
    endloop
  endfacet
  facet normal 7.083603e-01 7.012300e-01 8.063562e-02
    outer loop
      vertex   8.000000e+01 1.867199e+02 -2.171516e+01
      vertex   7.000000e+01 1.965519e+02 -1.936988e+01
      vertex   8.000000e+01 1.863796e+02 -1.875528e+01
    endloop
  endfacet
  facet normal 7.059478e-01 7.003611e-01 1.055088e-01
    outer loop
      vertex   8.000000e+01 1.863796e+02 -1.875528e+01
      vertex   7.000000e+01 1.965519e+02 -1.936988e+01
      vertex   7.000000e+01 1.960462e+02 -1.601312e+01
    endloop
  endfacet
  facet normal 7.080813e-01 6.902344e-01 1.489878e-01
    outer loop
      vertex   8.000000e+01 1.863796e+02 -1.875528e+01
      vertex   7.000000e+01 1.960462e+02 -1.601312e+01
      vertex   8.000000e+01 1.857509e+02 -1.584297e+01
    endloop
  endfacet
  facet normal 7.062655e-01 6.887169e-01 1.638840e-01
    outer loop
      vertex   8.000000e+01 1.857509e+02 -1.584297e+01
      vertex   7.000000e+01 1.960462e+02 -1.601312e+01
      vertex   7.000000e+01 1.952604e+02 -1.271069e+01
    endloop
  endfacet
  facet normal 7.075222e-01 6.728568e-01 2.160466e-01
    outer loop
      vertex   8.000000e+01 1.857509e+02 -1.584297e+01
      vertex   7.000000e+01 1.952604e+02 -1.271069e+01
      vertex   8.000000e+01 1.848401e+02 -1.300623e+01
    endloop
  endfacet
  facet normal 7.067941e-01 6.720181e-01 2.209835e-01
    outer loop
      vertex   8.000000e+01 1.848401e+02 -1.300623e+01
      vertex   7.000000e+01 1.952604e+02 -1.271069e+01
      vertex   7.000000e+01 1.942000e+02 -9.485920e+00
    endloop
  endfacet
  facet normal 7.067941e-01 6.510840e-01 2.766436e-01
    outer loop
      vertex   8.000000e+01 1.848401e+02 -1.300623e+01
      vertex   7.000000e+01 1.942000e+02 -9.485920e+00
      vertex   7.000000e+01 1.928725e+02 -6.361609e+00
    endloop
  endfacet
  facet normal 7.075222e-01 6.484614e-01 2.809097e-01
    outer loop
      vertex   8.000000e+01 1.848401e+02 -1.300623e+01
      vertex   7.000000e+01 1.928725e+02 -6.361609e+00
      vertex   8.000000e+01 1.836558e+02 -1.027234e+01
    endloop
  endfacet
  facet normal 7.062655e-01 6.260157e-01 3.305954e-01
    outer loop
      vertex   8.000000e+01 1.836558e+02 -1.027234e+01
      vertex   7.000000e+01 1.928725e+02 -6.361609e+00
      vertex   7.000000e+01 1.912872e+02 -3.359832e+00
    endloop
  endfacet
  facet normal 7.080813e-01 6.173406e-01 3.427995e-01
    outer loop
      vertex   8.000000e+01 1.836558e+02 -1.027234e+01
      vertex   7.000000e+01 1.912872e+02 -3.359832e+00
      vertex   8.000000e+01 1.822094e+02 -7.667595e+00
    endloop
  endfacet
  facet normal 7.059478e-01 5.963049e-01 3.821756e-01
    outer loop
      vertex   8.000000e+01 1.822094e+02 -7.667595e+00
      vertex   7.000000e+01 1.912872e+02 -3.359832e+00
      vertex   7.000000e+01 1.894555e+02 -5.017978e-01
    endloop
  endfacet
  facet normal 7.083603e-01 5.805672e-01 4.014565e-01
    outer loop
      vertex   8.000000e+01 1.822094e+02 -7.667595e+00
      vertex   7.000000e+01 1.894555e+02 -5.017978e-01
      vertex   8.000000e+01 1.805149e+02 -5.217033e+00
    endloop
  endfacet
  facet normal 7.058417e-01 5.621841e-01 4.309716e-01
    outer loop
      vertex   8.000000e+01 1.805149e+02 -5.217033e+00
      vertex   7.000000e+01 1.894555e+02 -5.017978e-01
      vertex   7.000000e+01 1.873902e+02 2.192296e+00
    endloop
  endfacet
  facet normal 7.083603e-01 5.384558e-01 4.563890e-01
    outer loop
      vertex   8.000000e+01 1.805149e+02 -5.217033e+00
      vertex   7.000000e+01 1.873902e+02 2.192296e+00
      vertex   8.000000e+01 1.785885e+02 -2.944222e+00
    endloop
  endfacet
  facet normal 7.059478e-01 5.239236e-01 4.765940e-01
    outer loop
      vertex   8.000000e+01 1.785885e+02 -2.944222e+00
      vertex   7.000000e+01 1.873902e+02 2.192296e+00
      vertex   7.000000e+01 1.851059e+02 4.703413e+00
    endloop
  endfacet
  facet normal 7.080813e-01 4.913615e-01 5.071339e-01
    outer loop
      vertex   8.000000e+01 1.785885e+02 -2.944222e+00
      vertex   7.000000e+01 1.851059e+02 4.703413e+00
      vertex   8.000000e+01 1.764487e+02 -8.710177e-01
    endloop
  endfacet
  facet normal 7.062655e-01 4.818290e-01 5.186808e-01
    outer loop
      vertex   8.000000e+01 1.764487e+02 -8.710177e-01
      vertex   7.000000e+01 1.851059e+02 4.703413e+00
      vertex   7.000000e+01 1.826188e+02 7.013808e+00
    endloop
  endfacet
  facet normal 7.075222e-01 4.396772e-01 5.532597e-01
    outer loop
      vertex   8.000000e+01 1.764487e+02 -8.710177e-01
      vertex   7.000000e+01 1.826188e+02 7.013808e+00
      vertex   8.000000e+01 1.741162e+02 9.826441e-01
    endloop
  endfacet
  facet normal 7.067941e-01 4.362386e-01 5.569002e-01
    outer loop
      vertex   8.000000e+01 1.741162e+02 9.826441e-01
      vertex   7.000000e+01 1.826188e+02 7.013808e+00
      vertex   7.000000e+01 1.799465e+02 9.107155e+00
    endloop
  endfacet
  facet normal 7.067941e-01 3.879249e-01 5.915711e-01
    outer loop
      vertex   8.000000e+01 1.741162e+02 9.826441e-01
      vertex   7.000000e+01 1.799465e+02 9.107155e+00
      vertex   7.000000e+01 1.771077e+02 1.096866e+01
    endloop
  endfacet
  facet normal 7.075222e-01 3.833751e-01 5.936631e-01
    outer loop
      vertex   8.000000e+01 1.741162e+02 9.826441e-01
      vertex   7.000000e+01 1.771077e+02 1.096866e+01
      vertex   8.000000e+01 1.716133e+02 2.598939e+00
    endloop
  endfacet
  facet normal 7.062655e-01 3.371212e-01 6.225257e-01
    outer loop
      vertex   8.000000e+01 1.716133e+02 2.598939e+00
      vertex   7.000000e+01 1.771077e+02 1.096866e+01
      vertex   7.000000e+01 1.741227e+02 1.258518e+01
    endloop
  endfacet
  facet normal 7.080813e-01 3.231302e-01 6.278597e-01
    outer loop
      vertex   8.000000e+01 1.716133e+02 2.598939e+00
      vertex   7.000000e+01 1.741227e+02 1.258518e+01
      vertex   8.000000e+01 1.689642e+02 3.962324e+00
    endloop
  endfacet
  facet normal 7.059478e-01 2.837729e-01 6.489305e-01
    outer loop
      vertex   8.000000e+01 1.689642e+02 3.962324e+00
      vertex   7.000000e+01 1.741227e+02 1.258518e+01
      vertex   7.000000e+01 1.710124e+02 1.394527e+01
    endloop
  endfacet
  facet normal 7.083603e-01 2.599788e-01 6.562291e-01
    outer loop
      vertex   8.000000e+01 1.689642e+02 3.962324e+00
      vertex   7.000000e+01 1.710124e+02 1.394527e+01
      vertex   8.000000e+01 1.661943e+02 5.059688e+00
    endloop
  endfacet
  facet normal 7.058417e-01 2.283025e-01 6.705710e-01
    outer loop
      vertex   8.000000e+01 1.661943e+02 5.059688e+00
      vertex   7.000000e+01 1.710124e+02 1.394527e+01
      vertex   7.000000e+01 1.677989e+02 1.503934e+01
    endloop
  endfacet
  facet normal 7.083603e-01 1.944555e-01 6.785372e-01
    outer loop
      vertex   8.000000e+01 1.661943e+02 5.059688e+00
      vertex   7.000000e+01 1.677989e+02 1.503934e+01
      vertex   8.000000e+01 1.633302e+02 5.880481e+00
    endloop
  endfacet
  facet normal 7.059478e-01 1.711509e-01 6.872737e-01
    outer loop
      vertex   8.000000e+01 1.633302e+02 5.880481e+00
      vertex   7.000000e+01 1.677989e+02 1.503934e+01
      vertex   7.000000e+01 1.645049e+02 1.585965e+01
    endloop
  endfacet
  facet normal 7.080813e-01 1.271128e-01 6.945957e-01
    outer loop
      vertex   8.000000e+01 1.633302e+02 5.880481e+00
      vertex   7.000000e+01 1.645049e+02 1.585965e+01
      vertex   8.000000e+01 1.603995e+02 6.416809e+00
    endloop
  endfacet
  facet normal 7.062655e-01 1.127736e-01 6.989071e-01
    outer loop
      vertex   8.000000e+01 1.603995e+02 6.416809e+00
      vertex   7.000000e+01 1.645049e+02 1.585965e+01
      vertex   7.000000e+01 1.611536e+02 1.640041e+01
    endloop
  endfacet
  facet normal 7.075222e-01 5.851700e-02 7.042643e-01
    outer loop
      vertex   8.000000e+01 1.603995e+02 6.416809e+00
      vertex   7.000000e+01 1.611536e+02 1.640041e+01
      vertex   8.000000e+01 1.574303e+02 6.663514e+00
    endloop
  endfacet
  facet normal 7.067941e-01 5.363590e-02 7.053830e-01
    outer loop
      vertex   8.000000e+01 1.574303e+02 6.663514e+00
      vertex   7.000000e+01 1.611536e+02 1.640041e+01
      vertex   7.000000e+01 1.577687e+02 1.665779e+01
    endloop
  endfacet
  facet normal 7.066043e-01 -3.249810e-01 -6.285680e-01
    outer loop
      vertex   7.000000e+01 1.397927e+02 -6.051097e+01
      vertex   8.000000e+01 1.439057e+02 -5.139596e+01
      vertex   7.000000e+01 1.386098e+02 -5.989938e+01
    endloop
  endfacet
  facet normal 7.066043e-01 -3.249810e-01 -6.285680e-01
    outer loop
      vertex   7.000000e+01 1.386098e+02 -5.989938e+01
      vertex   8.000000e+01 1.439057e+02 -5.139596e+01
      vertex   8.000000e+01 1.436691e+02 -5.127364e+01
    endloop
  endfacet
  facet normal 7.066043e-01 -3.900047e-01 -5.904292e-01
    outer loop
      vertex   7.000000e+01 1.386098e+02 -5.989938e+01
      vertex   8.000000e+01 1.436691e+02 -5.127364e+01
      vertex   8.000000e+01 1.434469e+02 -5.112685e+01
    endloop
  endfacet
  facet normal 7.066043e-01 -4.506022e-01 -5.455896e-01
    outer loop
      vertex   8.000000e+01 1.432415e+02 -5.095725e+01
      vertex   7.000000e+01 1.364719e+02 -5.831744e+01
      vertex   8.000000e+01 1.434469e+02 -5.112685e+01
    endloop
  endfacet
  facet normal 7.066043e-01 -4.506022e-01 -5.455896e-01
    outer loop
      vertex   8.000000e+01 1.434469e+02 -5.112685e+01
      vertex   7.000000e+01 1.364719e+02 -5.831744e+01
      vertex   7.000000e+01 1.374986e+02 -5.916543e+01
    endloop
  endfacet
  facet normal 7.066043e-01 -3.900047e-01 -5.904292e-01
    outer loop
      vertex   8.000000e+01 1.434469e+02 -5.112685e+01
      vertex   7.000000e+01 1.374986e+02 -5.916543e+01
      vertex   7.000000e+01 1.386098e+02 -5.989938e+01
    endloop
  endfacet
  facet normal 7.071068e-01 -4.786841e-01 -5.204436e-01
    outer loop
      vertex   8.000000e+01 7.111081e+01 1.538580e+01
      vertex   7.750000e+01 6.941841e+01 1.354575e+01
      vertex   8.000000e+01 1.432415e+02 -5.095725e+01
    endloop
  endfacet
  facet normal 7.071068e-01 -4.786841e-01 -5.204436e-01
    outer loop
      vertex   8.000000e+01 1.432415e+02 -5.095725e+01
      vertex   7.750000e+01 6.941841e+01 1.354575e+01
      vertex   7.500000e+01 6.772600e+01 1.170571e+01
    endloop
  endfacet
  facet normal 7.071068e-01 -4.786841e-01 -5.204436e-01
    outer loop
      vertex   8.000000e+01 1.432415e+02 -5.095725e+01
      vertex   7.500000e+01 6.772600e+01 1.170571e+01
      vertex   7.250000e+01 6.603360e+01 9.865660e+00
    endloop
  endfacet
  facet normal 7.071068e-01 -4.786841e-01 -5.204436e-01
    outer loop
      vertex   7.250000e+01 6.603360e+01 9.865660e+00
      vertex   7.000000e+01 6.434120e+01 8.025614e+00
      vertex   8.000000e+01 1.432415e+02 -5.095725e+01
    endloop
  endfacet
  facet normal 7.071068e-01 -4.786841e-01 -5.204436e-01
    outer loop
      vertex   8.000000e+01 1.432415e+02 -5.095725e+01
      vertex   7.000000e+01 6.434120e+01 8.025614e+00
      vertex   7.000000e+01 1.364719e+02 -5.831744e+01
    endloop
  endfacet
  facet normal 7.058357e-01 -7.068891e-01 -4.586770e-02
    outer loop
      vertex   8.000000e+01 6.805999e+01 2.252940e+01
      vertex   7.750000e+01 6.556049e+01 2.257918e+01
      vertex   8.000000e+01 6.816354e+01 2.093366e+01
    endloop
  endfacet
  facet normal 7.078656e-01 -7.052067e-01 -4.012248e-02
    outer loop
      vertex   8.000000e+01 6.816354e+01 2.093366e+01
      vertex   7.750000e+01 6.556049e+01 2.257918e+01
      vertex   7.000000e+01 5.815744e+01 2.037819e+01
    endloop
  endfacet
  facet normal 7.058696e-01 -6.991123e-01 -1.139736e-01
    outer loop
      vertex   8.000000e+01 6.816354e+01 2.093366e+01
      vertex   7.000000e+01 5.815744e+01 2.037819e+01
      vertex   7.000000e+01 5.853592e+01 1.805659e+01
    endloop
  endfacet
  facet normal 7.064589e-01 -7.071710e-01 -2.872248e-02
    outer loop
      vertex   7.750000e+01 6.556049e+01 2.257918e+01
      vertex   7.500000e+01 6.306098e+01 2.262895e+01
      vertex   7.000000e+01 5.815744e+01 2.037819e+01
    endloop
  endfacet
  facet normal 7.064589e-01 -7.071710e-01 -2.872248e-02
    outer loop
      vertex   7.000000e+01 5.815744e+01 2.037819e+01
      vertex   7.500000e+01 6.306098e+01 2.262895e+01
      vertex   7.250000e+01 6.056148e+01 2.267873e+01
    endloop
  endfacet
  facet normal 7.064589e-01 -7.071710e-01 -2.872248e-02
    outer loop
      vertex   7.000000e+01 5.815744e+01 2.037819e+01
      vertex   7.250000e+01 6.056148e+01 2.267873e+01
      vertex   7.000000e+01 5.806198e+01 2.272850e+01
    endloop
  endfacet
  facet normal 7.082516e-01 -6.866858e-01 -1.638360e-01
    outer loop
      vertex   8.000000e+01 6.816354e+01 2.093366e+01
      vertex   7.000000e+01 5.853592e+01 1.805659e+01
      vertex   8.000000e+01 6.853465e+01 1.937823e+01
    endloop
  endfacet
  facet normal 7.060663e-01 -6.800532e-01 -1.974792e-01
    outer loop
      vertex   8.000000e+01 6.853465e+01 1.937823e+01
      vertex   7.000000e+01 5.853592e+01 1.805659e+01
      vertex   7.000000e+01 5.919188e+01 1.579766e+01
    endloop
  endfacet
  facet normal 7.070464e-01 -6.503413e-01 -2.777438e-01
    outer loop
      vertex   8.000000e+01 6.853465e+01 1.937823e+01
      vertex   7.000000e+01 5.919188e+01 1.579766e+01
      vertex   7.000000e+01 6.011574e+01 1.363443e+01
    endloop
  endfacet
  facet normal 7.070464e-01 -6.503413e-01 -2.777438e-01
    outer loop
      vertex   8.000000e+01 6.853465e+01 1.937823e+01
      vertex   7.000000e+01 6.011574e+01 1.363443e+01
      vertex   8.000000e+01 6.916270e+01 1.790763e+01
    endloop
  endfacet
  facet normal 7.060663e-01 -6.129044e-01 -3.547092e-01
    outer loop
      vertex   8.000000e+01 6.916270e+01 1.790763e+01
      vertex   7.000000e+01 6.011574e+01 1.363443e+01
      vertex   7.000000e+01 6.129398e+01 1.159855e+01
    endloop
  endfacet
  facet normal 7.082516e-01 -5.931873e-01 -3.827643e-01
    outer loop
      vertex   8.000000e+01 6.916270e+01 1.790763e+01
      vertex   7.000000e+01 6.129398e+01 1.159855e+01
      vertex   8.000000e+01 7.002971e+01 1.656398e+01
    endloop
  endfacet
  facet normal 7.058696e-01 -5.657599e-01 -4.262203e-01
    outer loop
      vertex   8.000000e+01 7.002971e+01 1.656398e+01
      vertex   7.000000e+01 6.129398e+01 1.159855e+01
      vertex   7.000000e+01 6.270936e+01 9.719781e+00
    endloop
  endfacet
  facet normal 7.078505e-01 -5.204566e-01 -4.775695e-01
    outer loop
      vertex   8.000000e+01 7.002971e+01 1.656398e+01
      vertex   7.000000e+01 6.270936e+01 9.719781e+00
      vertex   8.000000e+01 7.111081e+01 1.538580e+01
    endloop
  endfacet
  facet normal 7.064588e-01 -5.097479e-01 -4.909919e-01
    outer loop
      vertex   8.000000e+01 7.111081e+01 1.538580e+01
      vertex   7.000000e+01 6.270936e+01 9.719781e+00
      vertex   7.000000e+01 6.434120e+01 8.025614e+00
    endloop
  endfacet
  facet normal 0.000000e+00 0.000000e+00 0.000000e+00
    outer loop
      vertex   8.000000e+01 7.111081e+01 1.538580e+01
      vertex   7.000000e+01 6.434120e+01 8.025614e+00
      vertex   7.250000e+01 6.603360e+01 9.865660e+00
    endloop
  endfacet
  facet normal 0.000000e+00 0.000000e+00 0.000000e+00
    outer loop
      vertex   7.250000e+01 6.603360e+01 9.865660e+00
      vertex   7.500000e+01 6.772600e+01 1.170571e+01
      vertex   8.000000e+01 7.111081e+01 1.538580e+01
    endloop
  endfacet
  facet normal 0.000000e+00 0.000000e+00 0.000000e+00
    outer loop
      vertex   8.000000e+01 7.111081e+01 1.538580e+01
      vertex   7.500000e+01 6.772600e+01 1.170571e+01
      vertex   7.750000e+01 6.941841e+01 1.354575e+01
    endloop
  endfacet
  facet normal 7.071068e-01 -7.069665e-01 1.408551e-02
    outer loop
      vertex   8.000000e+01 6.805999e+01 2.252940e+01
      vertex   8.000000e+01 7.000198e+01 1.200000e+02
      vertex   7.750000e+01 6.556049e+01 2.257918e+01
    endloop
  endfacet
  facet normal 7.071068e-01 -7.069665e-01 1.408551e-02
    outer loop
      vertex   7.750000e+01 6.556049e+01 2.257918e+01
      vertex   8.000000e+01 7.000198e+01 1.200000e+02
      vertex   7.000000e+01 6.000000e+01 1.200000e+02
    endloop
  endfacet
  facet normal 7.071068e-01 -7.069665e-01 1.408551e-02
    outer loop
      vertex   7.750000e+01 6.556049e+01 2.257918e+01
      vertex   7.000000e+01 6.000000e+01 1.200000e+02
      vertex   7.500000e+01 6.306098e+01 2.262895e+01
    endloop
  endfacet
  facet normal 7.071068e-01 -7.069665e-01 1.408551e-02
    outer loop
      vertex   7.500000e+01 6.306098e+01 2.262895e+01
      vertex   7.000000e+01 6.000000e+01 1.200000e+02
      vertex   7.250000e+01 6.056148e+01 2.267873e+01
    endloop
  endfacet
  facet normal 7.071068e-01 -7.069665e-01 1.408551e-02
    outer loop
      vertex   7.250000e+01 6.056148e+01 2.267873e+01
      vertex   7.000000e+01 6.000000e+01 1.200000e+02
      vertex   7.000000e+01 5.806198e+01 2.272850e+01
    endloop
  endfacet
  facet normal 0.000000e+00 -7.202330e-01 -6.937322e-01
    outer loop
      vertex   5.500000e+01 6.434120e+01 8.025614e+00
      vertex   7.000000e+01 6.434120e+01 8.025614e+00
      vertex   5.500000e+01 6.270936e+01 9.719781e+00
    endloop
  endfacet
  facet normal -2.464632e-16 -7.202330e-01 -6.937322e-01
    outer loop
      vertex   5.500000e+01 6.270936e+01 9.719781e+00
      vertex   7.000000e+01 6.434120e+01 8.025614e+00
      vertex   7.000000e+01 6.270936e+01 9.719781e+00
    endloop
  endfacet
  facet normal -2.137723e-16 -7.987104e-01 -6.017157e-01
    outer loop
      vertex   5.500000e+01 6.270936e+01 9.719781e+00
      vertex   7.000000e+01 6.270936e+01 9.719781e+00
      vertex   5.500000e+01 6.129398e+01 1.159855e+01
    endloop
  endfacet
  facet normal -1.425149e-16 -7.987104e-01 -6.017157e-01
    outer loop
      vertex   5.500000e+01 6.129398e+01 1.159855e+01
      vertex   7.000000e+01 6.270936e+01 9.719781e+00
      vertex   7.000000e+01 6.129398e+01 1.159855e+01
    endloop
  endfacet
  facet normal -1.186366e-16 -8.655060e-01 -5.008986e-01
    outer loop
      vertex   5.500000e+01 6.129398e+01 1.159855e+01
      vertex   7.000000e+01 6.129398e+01 1.159855e+01
      vertex   5.500000e+01 6.011574e+01 1.363443e+01
    endloop
  endfacet
  facet normal -5.931831e-17 -8.655060e-01 -5.008986e-01
    outer loop
      vertex   5.500000e+01 6.011574e+01 1.363443e+01
      vertex   7.000000e+01 6.129398e+01 1.159855e+01
      vertex   7.000000e+01 6.011574e+01 1.363443e+01
    endloop
  endfacet
  facet normal -4.651159e-17 -9.196429e-01 -3.927555e-01
    outer loop
      vertex   5.500000e+01 6.011574e+01 1.363443e+01
      vertex   7.000000e+01 6.011574e+01 1.363443e+01
      vertex   5.500000e+01 5.919188e+01 1.579766e+01
    endloop
  endfacet
  facet normal -2.325580e-16 -9.196429e-01 -3.927555e-01
    outer loop
      vertex   5.500000e+01 5.919188e+01 1.579766e+01
      vertex   7.000000e+01 6.011574e+01 1.363443e+01
      vertex   7.000000e+01 5.919188e+01 1.579766e+01
    endloop
  endfacet
  facet normal -1.651231e-16 -9.603294e-01 -2.788681e-01
    outer loop
      vertex   5.500000e+01 5.919188e+01 1.579766e+01
      vertex   7.000000e+01 5.919188e+01 1.579766e+01
      vertex   5.500000e+01 5.853592e+01 1.805659e+01
    endloop
  endfacet
  facet normal -6.604922e-17 -9.603294e-01 -2.788681e-01
    outer loop
      vertex   5.500000e+01 5.853592e+01 1.805659e+01
      vertex   7.000000e+01 5.919188e+01 1.579766e+01
      vertex   7.000000e+01 5.853592e+01 1.805659e+01
    endloop
  endfacet
  facet normal -3.810924e-17 -9.869704e-01 -1.609020e-01
    outer loop
      vertex   5.500000e+01 5.853592e+01 1.805659e+01
      vertex   7.000000e+01 5.853592e+01 1.805659e+01
      vertex   5.500000e+01 5.815744e+01 2.037819e+01
    endloop
  endfacet
  facet normal 0.000000e+00 -9.869704e-01 -1.609020e-01
    outer loop
      vertex   5.500000e+01 5.815744e+01 2.037819e+01
      vertex   7.000000e+01 5.853592e+01 1.805659e+01
      vertex   7.000000e+01 5.815744e+01 2.037819e+01
    endloop
  endfacet
  facet normal 0.000000e+00 -9.991762e-01 -4.058258e-02
    outer loop
      vertex   5.500000e+01 5.815744e+01 2.037819e+01
      vertex   7.000000e+01 5.815744e+01 2.037819e+01
      vertex   5.500000e+01 5.806198e+01 2.272850e+01
    endloop
  endfacet
  facet normal 0.000000e+00 -9.991762e-01 -4.058258e-02
    outer loop
      vertex   5.500000e+01 5.806198e+01 2.272850e+01
      vertex   7.000000e+01 5.815744e+01 2.037819e+01
      vertex   7.000000e+01 5.806198e+01 2.272850e+01
    endloop
  endfacet
  facet normal 3.486484e-16 -6.769615e-01 -7.360184e-01
    outer loop
      vertex   7.000000e+01 1.364719e+02 -5.831744e+01
      vertex   7.000000e+01 6.434120e+01 8.025614e+00
      vertex   5.500000e+01 1.364719e+02 -5.831744e+01
    endloop
  endfacet
  facet normal 0.000000e+00 -6.769615e-01 -7.360184e-01
    outer loop
      vertex   5.500000e+01 1.364719e+02 -5.831744e+01
      vertex   7.000000e+01 6.434120e+01 8.025614e+00
      vertex   5.500000e+01 6.434120e+01 8.025614e+00
    endloop
  endfacet
  facet normal 0.000000e+00 -4.592664e-01 -8.882986e-01
    outer loop
      vertex   5.500000e+01 1.397927e+02 -6.051097e+01
      vertex   7.000000e+01 1.397927e+02 -6.051097e+01
      vertex   5.500000e+01 1.386098e+02 -5.989938e+01
    endloop
  endfacet
  facet normal 0.000000e+00 -4.592664e-01 -8.882986e-01
    outer loop
      vertex   5.500000e+01 1.386098e+02 -5.989938e+01
      vertex   7.000000e+01 1.397927e+02 -6.051097e+01
      vertex   7.000000e+01 1.386098e+02 -5.989938e+01
    endloop
  endfacet
  facet normal 0.000000e+00 -5.511586e-01 -8.344005e-01
    outer loop
      vertex   5.500000e+01 1.386098e+02 -5.989938e+01
      vertex   7.000000e+01 1.386098e+02 -5.989938e+01
      vertex   7.000000e+01 1.374986e+02 -5.916543e+01
    endloop
  endfacet
  facet normal 3.652345e-16 -6.367955e-01 -7.710327e-01
    outer loop
      vertex   7.000000e+01 1.364719e+02 -5.831744e+01
      vertex   5.500000e+01 1.364719e+02 -5.831744e+01
      vertex   7.000000e+01 1.374986e+02 -5.916543e+01
    endloop
  endfacet
  facet normal -0.000000e+00 -6.367955e-01 -7.710327e-01
    outer loop
      vertex   7.000000e+01 1.374986e+02 -5.916543e+01
      vertex   5.500000e+01 1.364719e+02 -5.831744e+01
      vertex   5.500000e+01 1.374986e+02 -5.916543e+01
    endloop
  endfacet
  facet normal -0.000000e+00 -5.511586e-01 -8.344005e-01
    outer loop
      vertex   7.000000e+01 1.374986e+02 -5.916543e+01
      vertex   5.500000e+01 1.374986e+02 -5.916543e+01
      vertex   5.500000e+01 1.386098e+02 -5.989938e+01
    endloop
  endfacet
  facet normal -0.000000e+00 7.581911e-02 9.971216e-01
    outer loop
      vertex   5.500000e+01 1.577687e+02 1.665779e+01
      vertex   7.000000e+01 1.577687e+02 1.665779e+01
      vertex   5.500000e+01 1.611536e+02 1.640041e+01
    endloop
  endfacet
  facet normal -0.000000e+00 7.581911e-02 9.971216e-01
    outer loop
      vertex   5.500000e+01 1.611536e+02 1.640041e+01
      vertex   7.000000e+01 1.577687e+02 1.665779e+01
      vertex   7.000000e+01 1.611536e+02 1.640041e+01
    endloop
  endfacet
  facet normal -0.000000e+00 1.592966e-01 9.872308e-01
    outer loop
      vertex   5.500000e+01 1.611536e+02 1.640041e+01
      vertex   7.000000e+01 1.611536e+02 1.640041e+01
      vertex   5.500000e+01 1.645049e+02 1.585965e+01
    endloop
  endfacet
  facet normal -0.000000e+00 1.592966e-01 9.872308e-01
    outer loop
      vertex   5.500000e+01 1.645049e+02 1.585965e+01
      vertex   7.000000e+01 1.611536e+02 1.640041e+01
      vertex   7.000000e+01 1.645049e+02 1.585965e+01
    endloop
  endfacet
  facet normal -0.000000e+00 2.416485e-01 9.703638e-01
    outer loop
      vertex   5.500000e+01 1.645049e+02 1.585965e+01
      vertex   7.000000e+01 1.645049e+02 1.585965e+01
      vertex   5.500000e+01 1.677989e+02 1.503934e+01
    endloop
  endfacet
  facet normal -0.000000e+00 2.416485e-01 9.703638e-01
    outer loop
      vertex   5.500000e+01 1.677989e+02 1.503934e+01
      vertex   7.000000e+01 1.645049e+02 1.585965e+01
      vertex   7.000000e+01 1.677989e+02 1.503934e+01
    endloop
  endfacet
  facet normal -0.000000e+00 3.222929e-01 9.466400e-01
    outer loop
      vertex   5.500000e+01 1.677989e+02 1.503934e+01
      vertex   7.000000e+01 1.677989e+02 1.503934e+01
      vertex   5.500000e+01 1.710124e+02 1.394527e+01
    endloop
  endfacet
  facet normal -0.000000e+00 3.222929e-01 9.466400e-01
    outer loop
      vertex   5.500000e+01 1.710124e+02 1.394527e+01
      vertex   7.000000e+01 1.677989e+02 1.503934e+01
      vertex   7.000000e+01 1.710124e+02 1.394527e+01
    endloop
  endfacet
  facet normal -0.000000e+00 4.006598e-01 9.162269e-01
    outer loop
      vertex   5.500000e+01 1.710124e+02 1.394527e+01
      vertex   7.000000e+01 1.710124e+02 1.394527e+01
      vertex   5.500000e+01 1.741227e+02 1.258518e+01
    endloop
  endfacet
  facet normal -0.000000e+00 4.006598e-01 9.162269e-01
    outer loop
      vertex   5.500000e+01 1.741227e+02 1.258518e+01
      vertex   7.000000e+01 1.710124e+02 1.394527e+01
      vertex   7.000000e+01 1.741227e+02 1.258518e+01
    endloop
  endfacet
  facet normal -0.000000e+00 4.761955e-01 8.793394e-01
    outer loop
      vertex   5.500000e+01 1.741227e+02 1.258518e+01
      vertex   7.000000e+01 1.741227e+02 1.258518e+01
      vertex   5.500000e+01 1.771077e+02 1.096866e+01
    endloop
  endfacet
  facet normal -0.000000e+00 4.761955e-01 8.793394e-01
    outer loop
      vertex   5.500000e+01 1.771077e+02 1.096866e+01
      vertex   7.000000e+01 1.741227e+02 1.258518e+01
      vertex   7.000000e+01 1.771077e+02 1.096866e+01
    endloop
  endfacet
  facet normal -0.000000e+00 5.483663e-01 8.362383e-01
    outer loop
      vertex   5.500000e+01 1.771077e+02 1.096866e+01
      vertex   7.000000e+01 1.771077e+02 1.096866e+01
      vertex   5.500000e+01 1.799465e+02 9.107155e+00
    endloop
  endfacet
  facet normal -0.000000e+00 5.483663e-01 8.362383e-01
    outer loop
      vertex   5.500000e+01 1.799465e+02 9.107155e+00
      vertex   7.000000e+01 1.771077e+02 1.096866e+01
      vertex   7.000000e+01 1.799465e+02 9.107155e+00
    endloop
  endfacet
  facet normal -0.000000e+00 6.166621e-01 7.872280e-01
    outer loop
      vertex   5.500000e+01 1.799465e+02 9.107155e+00
      vertex   7.000000e+01 1.799465e+02 9.107155e+00
      vertex   5.500000e+01 1.826188e+02 7.013808e+00
    endloop
  endfacet
  facet normal -0.000000e+00 6.166621e-01 7.872280e-01
    outer loop
      vertex   5.500000e+01 1.826188e+02 7.013808e+00
      vertex   7.000000e+01 1.799465e+02 9.107155e+00
      vertex   7.000000e+01 1.826188e+02 7.013808e+00
    endloop
  endfacet
  facet normal -0.000000e+00 6.806004e-01 7.326549e-01
    outer loop
      vertex   5.500000e+01 1.826188e+02 7.013808e+00
      vertex   7.000000e+01 1.826188e+02 7.013808e+00
      vertex   5.500000e+01 1.851059e+02 4.703413e+00
    endloop
  endfacet
  facet normal -0.000000e+00 6.806004e-01 7.326549e-01
    outer loop
      vertex   5.500000e+01 1.851059e+02 4.703413e+00
      vertex   7.000000e+01 1.826188e+02 7.013808e+00
      vertex   7.000000e+01 1.851059e+02 4.703413e+00
    endloop
  endfacet
  facet normal -0.000000e+00 7.397293e-01 6.729046e-01
    outer loop
      vertex   5.500000e+01 1.851059e+02 4.703413e+00
      vertex   7.000000e+01 1.851059e+02 4.703413e+00
      vertex   5.500000e+01 1.873902e+02 2.192296e+00
    endloop
  endfacet
  facet normal -0.000000e+00 7.397293e-01 6.729046e-01
    outer loop
      vertex   5.500000e+01 1.873902e+02 2.192296e+00
      vertex   7.000000e+01 1.851059e+02 4.703413e+00
      vertex   7.000000e+01 1.873902e+02 2.192296e+00
    endloop
  endfacet
  facet normal -0.000000e+00 7.936311e-01 6.083993e-01
    outer loop
      vertex   5.500000e+01 1.873902e+02 2.192296e+00
      vertex   7.000000e+01 1.873902e+02 2.192296e+00
      vertex   5.500000e+01 1.894555e+02 -5.017978e-01
    endloop
  endfacet
  facet normal -0.000000e+00 7.936311e-01 6.083993e-01
    outer loop
      vertex   5.500000e+01 1.894555e+02 -5.017978e-01
      vertex   7.000000e+01 1.873902e+02 2.192296e+00
      vertex   7.000000e+01 1.894555e+02 -5.017978e-01
    endloop
  endfacet
  facet normal -0.000000e+00 8.419248e-01 5.395949e-01
    outer loop
      vertex   5.500000e+01 1.894555e+02 -5.017978e-01
      vertex   7.000000e+01 1.894555e+02 -5.017978e-01
      vertex   5.500000e+01 1.912872e+02 -3.359832e+00
    endloop
  endfacet
  facet normal -0.000000e+00 8.419248e-01 5.395949e-01
    outer loop
      vertex   5.500000e+01 1.912872e+02 -3.359832e+00
      vertex   7.000000e+01 1.894555e+02 -5.017978e-01
      vertex   7.000000e+01 1.912872e+02 -3.359832e+00
    endloop
  endfacet
  facet normal -0.000000e+00 8.842692e-01 4.669776e-01
    outer loop
      vertex   5.500000e+01 1.912872e+02 -3.359832e+00
      vertex   7.000000e+01 1.912872e+02 -3.359832e+00
      vertex   5.500000e+01 1.928725e+02 -6.361609e+00
    endloop
  endfacet
  facet normal -0.000000e+00 8.842692e-01 4.669776e-01
    outer loop
      vertex   5.500000e+01 1.928725e+02 -6.361609e+00
      vertex   7.000000e+01 1.912872e+02 -3.359832e+00
      vertex   7.000000e+01 1.928725e+02 -6.361609e+00
    endloop
  endfacet
  facet normal -0.000000e+00 9.203650e-01 3.910604e-01
    outer loop
      vertex   5.500000e+01 1.928725e+02 -6.361609e+00
      vertex   7.000000e+01 1.928725e+02 -6.361609e+00
      vertex   5.500000e+01 1.942000e+02 -9.485920e+00
    endloop
  endfacet
  facet normal -0.000000e+00 9.203650e-01 3.910604e-01
    outer loop
      vertex   5.500000e+01 1.942000e+02 -9.485920e+00
      vertex   7.000000e+01 1.928725e+02 -6.361609e+00
      vertex   7.000000e+01 1.942000e+02 -9.485920e+00
    endloop
  endfacet
  facet normal -0.000000e+00 9.499573e-01 3.123798e-01
    outer loop
      vertex   5.500000e+01 1.942000e+02 -9.485920e+00
      vertex   7.000000e+01 1.942000e+02 -9.485920e+00
      vertex   5.500000e+01 1.952604e+02 -1.271069e+01
    endloop
  endfacet
  facet normal -0.000000e+00 9.499573e-01 3.123798e-01
    outer loop
      vertex   5.500000e+01 1.952604e+02 -1.271069e+01
      vertex   7.000000e+01 1.942000e+02 -9.485920e+00
      vertex   7.000000e+01 1.952604e+02 -1.271069e+01
    endloop
  endfacet
  facet normal -0.000000e+00 9.728368e-01 2.314919e-01
    outer loop
      vertex   5.500000e+01 1.952604e+02 -1.271069e+01
      vertex   7.000000e+01 1.952604e+02 -1.271069e+01
      vertex   5.500000e+01 1.960462e+02 -1.601312e+01
    endloop
  endfacet
  facet normal -0.000000e+00 9.728368e-01 2.314919e-01
    outer loop
      vertex   5.500000e+01 1.960462e+02 -1.601312e+01
      vertex   7.000000e+01 1.952604e+02 -1.271069e+01
      vertex   7.000000e+01 1.960462e+02 -1.601312e+01
    endloop
  endfacet
  facet normal -0.000000e+00 9.888420e-01 1.489682e-01
    outer loop
      vertex   5.500000e+01 1.960462e+02 -1.601312e+01
      vertex   7.000000e+01 1.960462e+02 -1.601312e+01
      vertex   5.500000e+01 1.965519e+02 -1.936988e+01
    endloop
  endfacet
  facet normal -0.000000e+00 9.888420e-01 1.489682e-01
    outer loop
      vertex   5.500000e+01 1.965519e+02 -1.936988e+01
      vertex   7.000000e+01 1.960462e+02 -1.601312e+01
      vertex   7.000000e+01 1.965519e+02 -1.936988e+01
    endloop
  endfacet
  facet normal -0.000000e+00 9.978597e-01 6.539183e-02
    outer loop
      vertex   5.500000e+01 1.965519e+02 -1.936988e+01
      vertex   7.000000e+01 1.965519e+02 -1.936988e+01
      vertex   5.500000e+01 1.967739e+02 -2.275726e+01
    endloop
  endfacet
  facet normal -0.000000e+00 9.978597e-01 6.539183e-02
    outer loop
      vertex   5.500000e+01 1.967739e+02 -2.275726e+01
      vertex   7.000000e+01 1.965519e+02 -1.936988e+01
      vertex   7.000000e+01 1.967739e+02 -2.275726e+01
    endloop
  endfacet
  facet normal 0.000000e+00 9.998261e-01 -1.864662e-02
    outer loop
      vertex   5.500000e+01 1.967739e+02 -2.275726e+01
      vertex   7.000000e+01 1.967739e+02 -2.275726e+01
      vertex   5.500000e+01 1.967106e+02 -2.615131e+01
    endloop
  endfacet
  facet normal 0.000000e+00 9.998261e-01 -1.864662e-02
    outer loop
      vertex   5.500000e+01 1.967106e+02 -2.615131e+01
      vertex   7.000000e+01 1.967739e+02 -2.275726e+01
      vertex   7.000000e+01 1.967106e+02 -2.615131e+01
    endloop
  endfacet
  facet normal 0.000000e+00 9.947275e-01 -1.025533e-01
    outer loop
      vertex   5.500000e+01 1.967106e+02 -2.615131e+01
      vertex   7.000000e+01 1.967106e+02 -2.615131e+01
      vertex   5.500000e+01 1.963625e+02 -2.952806e+01
    endloop
  endfacet
  facet normal 0.000000e+00 9.947275e-01 -1.025533e-01
    outer loop
      vertex   5.500000e+01 1.963625e+02 -2.952806e+01
      vertex   7.000000e+01 1.967106e+02 -2.615131e+01
      vertex   7.000000e+01 1.963625e+02 -2.952806e+01
    endloop
  endfacet
  facet normal 0.000000e+00 9.825998e-01 -1.857353e-01
    outer loop
      vertex   5.500000e+01 1.963625e+02 -2.952806e+01
      vertex   7.000000e+01 1.963625e+02 -2.952806e+01
      vertex   5.500000e+01 1.957320e+02 -3.286363e+01
    endloop
  endfacet
  facet normal 0.000000e+00 9.825998e-01 -1.857353e-01
    outer loop
      vertex   5.500000e+01 1.957320e+02 -3.286363e+01
      vertex   7.000000e+01 1.963625e+02 -2.952806e+01
      vertex   7.000000e+01 1.957320e+02 -3.286363e+01
    endloop
  endfacet
  facet normal 0.000000e+00 9.635287e-01 -2.676049e-01
    outer loop
      vertex   5.500000e+01 1.957320e+02 -3.286363e+01
      vertex   7.000000e+01 1.957320e+02 -3.286363e+01
      vertex   5.500000e+01 1.948235e+02 -3.613447e+01
    endloop
  endfacet
  facet normal 0.000000e+00 9.635287e-01 -2.676049e-01
    outer loop
      vertex   5.500000e+01 1.948235e+02 -3.613447e+01
      vertex   7.000000e+01 1.957320e+02 -3.286363e+01
      vertex   7.000000e+01 1.948235e+02 -3.613447e+01
    endloop
  endfacet
  facet normal 0.000000e+00 9.376491e-01 -3.475834e-01
    outer loop
      vertex   5.500000e+01 1.948235e+02 -3.613447e+01
      vertex   7.000000e+01 1.948235e+02 -3.613447e+01
      vertex   5.500000e+01 1.936436e+02 -3.931745e+01
    endloop
  endfacet
  facet normal 0.000000e+00 9.376491e-01 -3.475834e-01
    outer loop
      vertex   5.500000e+01 1.936436e+02 -3.931745e+01
      vertex   7.000000e+01 1.948235e+02 -3.613447e+01
      vertex   7.000000e+01 1.936436e+02 -3.931745e+01
    endloop
  endfacet
  facet normal 0.000000e+00 9.051436e-01 -4.251059e-01
    outer loop
      vertex   5.500000e+01 1.936436e+02 -3.931745e+01
      vertex   7.000000e+01 1.936436e+02 -3.931745e+01
      vertex   5.500000e+01 1.922005e+02 -4.239009e+01
    endloop
  endfacet
  facet normal 0.000000e+00 9.051436e-01 -4.251059e-01
    outer loop
      vertex   5.500000e+01 1.922005e+02 -4.239009e+01
      vertex   7.000000e+01 1.936436e+02 -3.931745e+01
      vertex   7.000000e+01 1.922005e+02 -4.239009e+01
    endloop
  endfacet
  facet normal 0.000000e+00 8.662422e-01 -4.996243e-01
    outer loop
      vertex   5.500000e+01 1.922005e+02 -4.239009e+01
      vertex   7.000000e+01 1.922005e+02 -4.239009e+01
      vertex   5.500000e+01 1.905045e+02 -4.533067e+01
    endloop
  endfacet
  facet normal 0.000000e+00 8.662422e-01 -4.996243e-01
    outer loop
      vertex   5.500000e+01 1.905045e+02 -4.533067e+01
      vertex   7.000000e+01 1.922005e+02 -4.239009e+01
      vertex   7.000000e+01 1.905045e+02 -4.533067e+01
    endloop
  endfacet
  facet normal 0.000000e+00 8.212196e-01 -5.706123e-01
    outer loop
      vertex   5.500000e+01 1.905045e+02 -4.533067e+01
      vertex   7.000000e+01 1.905045e+02 -4.533067e+01
      vertex   5.500000e+01 1.885675e+02 -4.811842e+01
    endloop
  endfacet
  facet normal 0.000000e+00 8.212196e-01 -5.706123e-01
    outer loop
      vertex   5.500000e+01 1.885675e+02 -4.811842e+01
      vertex   7.000000e+01 1.905045e+02 -4.533067e+01
      vertex   7.000000e+01 1.885675e+02 -4.811842e+01
    endloop
  endfacet
  facet normal 0.000000e+00 7.703939e-01 -6.375682e-01
    outer loop
      vertex   5.500000e+01 1.885675e+02 -4.811842e+01
      vertex   7.000000e+01 1.885675e+02 -4.811842e+01
      vertex   5.500000e+01 1.864031e+02 -5.073363e+01
    endloop
  endfacet
  facet normal 0.000000e+00 7.703939e-01 -6.375682e-01
    outer loop
      vertex   5.500000e+01 1.864031e+02 -5.073363e+01
      vertex   7.000000e+01 1.885675e+02 -4.811842e+01
      vertex   7.000000e+01 1.864031e+02 -5.073363e+01
    endloop
  endfacet
  facet normal 0.000000e+00 7.141245e-01 -7.000187e-01
    outer loop
      vertex   5.500000e+01 1.864031e+02 -5.073363e+01
      vertex   7.000000e+01 1.864031e+02 -5.073363e+01
      vertex   5.500000e+01 1.840268e+02 -5.315783e+01
    endloop
  endfacet
  facet normal 0.000000e+00 7.141245e-01 -7.000187e-01
    outer loop
      vertex   5.500000e+01 1.840268e+02 -5.315783e+01
      vertex   7.000000e+01 1.864031e+02 -5.073363e+01
      vertex   7.000000e+01 1.840268e+02 -5.315783e+01
    endloop
  endfacet
  facet normal 0.000000e+00 6.528088e-01 -7.575228e-01
    outer loop
      vertex   5.500000e+01 1.840268e+02 -5.315783e+01
      vertex   7.000000e+01 1.840268e+02 -5.315783e+01
      vertex   5.500000e+01 1.814553e+02 -5.537388e+01
    endloop
  endfacet
  facet normal 0.000000e+00 6.528088e-01 -7.575228e-01
    outer loop
      vertex   5.500000e+01 1.814553e+02 -5.537388e+01
      vertex   7.000000e+01 1.840268e+02 -5.315783e+01
      vertex   7.000000e+01 1.814553e+02 -5.537388e+01
    endloop
  endfacet
  facet normal 0.000000e+00 5.868801e-01 -8.096739e-01
    outer loop
      vertex   5.500000e+01 1.814553e+02 -5.537388e+01
      vertex   7.000000e+01 1.814553e+02 -5.537388e+01
      vertex   5.500000e+01 1.787068e+02 -5.736613e+01
    endloop
  endfacet
  facet normal 0.000000e+00 5.868801e-01 -8.096739e-01
    outer loop
      vertex   5.500000e+01 1.787068e+02 -5.736613e+01
      vertex   7.000000e+01 1.814553e+02 -5.537388e+01
      vertex   7.000000e+01 1.787068e+02 -5.736613e+01
    endloop
  endfacet
  facet normal 0.000000e+00 5.168043e-01 -8.561036e-01
    outer loop
      vertex   5.500000e+01 1.787068e+02 -5.736613e+01
      vertex   7.000000e+01 1.787068e+02 -5.736613e+01
      vertex   5.500000e+01 1.758006e+02 -5.912050e+01
    endloop
  endfacet
  facet normal 0.000000e+00 5.168043e-01 -8.561036e-01
    outer loop
      vertex   5.500000e+01 1.758006e+02 -5.912050e+01
      vertex   7.000000e+01 1.787068e+02 -5.736613e+01
      vertex   7.000000e+01 1.758006e+02 -5.912050e+01
    endloop
  endfacet
  facet normal 0.000000e+00 4.430766e-01 -8.964837e-01
    outer loop
      vertex   5.500000e+01 1.758006e+02 -5.912050e+01
      vertex   7.000000e+01 1.758006e+02 -5.912050e+01
      vertex   5.500000e+01 1.727574e+02 -6.062458e+01
    endloop
  endfacet
  facet normal 0.000000e+00 4.430766e-01 -8.964837e-01
    outer loop
      vertex   5.500000e+01 1.727574e+02 -6.062458e+01
      vertex   7.000000e+01 1.758006e+02 -5.912050e+01
      vertex   7.000000e+01 1.727574e+02 -6.062458e+01
    endloop
  endfacet
  facet normal 0.000000e+00 3.662180e-01 -9.305291e-01
    outer loop
      vertex   5.500000e+01 1.727574e+02 -6.062458e+01
      vertex   7.000000e+01 1.727574e+02 -6.062458e+01
      vertex   5.500000e+01 1.695985e+02 -6.186776e+01
    endloop
  endfacet
  facet normal 0.000000e+00 3.662180e-01 -9.305291e-01
    outer loop
      vertex   5.500000e+01 1.695985e+02 -6.186776e+01
      vertex   7.000000e+01 1.727574e+02 -6.062458e+01
      vertex   7.000000e+01 1.695985e+02 -6.186776e+01
    endloop
  endfacet
  facet normal 0.000000e+00 2.867716e-01 -9.579990e-01
    outer loop
      vertex   5.500000e+01 1.695985e+02 -6.186776e+01
      vertex   7.000000e+01 1.695985e+02 -6.186776e+01
      vertex   5.500000e+01 1.663465e+02 -6.284125e+01
    endloop
  endfacet
  facet normal 0.000000e+00 2.867716e-01 -9.579990e-01
    outer loop
      vertex   5.500000e+01 1.663465e+02 -6.284125e+01
      vertex   7.000000e+01 1.695985e+02 -6.186776e+01
      vertex   7.000000e+01 1.663465e+02 -6.284125e+01
    endloop
  endfacet
  facet normal 0.000000e+00 2.052988e-01 -9.786993e-01
    outer loop
      vertex   5.500000e+01 1.663465e+02 -6.284125e+01
      vertex   7.000000e+01 1.663465e+02 -6.284125e+01
      vertex   5.500000e+01 1.630241e+02 -6.353817e+01
    endloop
  endfacet
  facet normal 0.000000e+00 2.052988e-01 -9.786993e-01
    outer loop
      vertex   5.500000e+01 1.630241e+02 -6.353817e+01
      vertex   7.000000e+01 1.663465e+02 -6.284125e+01
      vertex   7.000000e+01 1.630241e+02 -6.353817e+01
    endloop
  endfacet
  facet normal 0.000000e+00 1.223752e-01 -9.924839e-01
    outer loop
      vertex   5.500000e+01 1.630241e+02 -6.353817e+01
      vertex   7.000000e+01 1.630241e+02 -6.353817e+01
      vertex   5.500000e+01 1.596550e+02 -6.395359e+01
    endloop
  endfacet
  facet normal 0.000000e+00 1.223752e-01 -9.924839e-01
    outer loop
      vertex   5.500000e+01 1.596550e+02 -6.395359e+01
      vertex   7.000000e+01 1.630241e+02 -6.353817e+01
      vertex   7.000000e+01 1.596550e+02 -6.395359e+01
    endloop
  endfacet
  facet normal 0.000000e+00 3.858695e-02 -9.992552e-01
    outer loop
      vertex   5.500000e+01 1.596550e+02 -6.395359e+01
      vertex   7.000000e+01 1.596550e+02 -6.395359e+01
      vertex   5.500000e+01 1.562629e+02 -6.408457e+01
    endloop
  endfacet
  facet normal 0.000000e+00 3.858695e-02 -9.992552e-01
    outer loop
      vertex   5.500000e+01 1.562629e+02 -6.408457e+01
      vertex   7.000000e+01 1.596550e+02 -6.395359e+01
      vertex   7.000000e+01 1.562629e+02 -6.408457e+01
    endloop
  endfacet
  facet normal 0.000000e+00 -4.547401e-02 -9.989655e-01
    outer loop
      vertex   5.500000e+01 1.562629e+02 -6.408457e+01
      vertex   7.000000e+01 1.562629e+02 -6.408457e+01
      vertex   5.500000e+01 1.528718e+02 -6.393021e+01
    endloop
  endfacet
  facet normal 0.000000e+00 -4.547401e-02 -9.989655e-01
    outer loop
      vertex   5.500000e+01 1.528718e+02 -6.393021e+01
      vertex   7.000000e+01 1.562629e+02 -6.408457e+01
      vertex   7.000000e+01 1.528718e+02 -6.393021e+01
    endloop
  endfacet
  facet normal 0.000000e+00 -1.292136e-01 -9.916168e-01
    outer loop
      vertex   5.500000e+01 1.528718e+02 -6.393021e+01
      vertex   7.000000e+01 1.528718e+02 -6.393021e+01
      vertex   5.500000e+01 1.495056e+02 -6.349157e+01
    endloop
  endfacet
  facet normal 0.000000e+00 -1.292136e-01 -9.916168e-01
    outer loop
      vertex   5.500000e+01 1.495056e+02 -6.349157e+01
      vertex   7.000000e+01 1.528718e+02 -6.393021e+01
      vertex   7.000000e+01 1.495056e+02 -6.349157e+01
    endloop
  endfacet
  facet normal 0.000000e+00 -2.120402e-01 -9.772609e-01
    outer loop
      vertex   5.500000e+01 1.495056e+02 -6.349157e+01
      vertex   7.000000e+01 1.495056e+02 -6.349157e+01
      vertex   5.500000e+01 1.461881e+02 -6.277177e+01
    endloop
  endfacet
  facet normal 0.000000e+00 -2.120402e-01 -9.772609e-01
    outer loop
      vertex   5.500000e+01 1.461881e+02 -6.277177e+01
      vertex   7.000000e+01 1.495056e+02 -6.349157e+01
      vertex   7.000000e+01 1.461881e+02 -6.277177e+01
    endloop
  endfacet
  facet normal 0.000000e+00 -2.933684e-01 -9.559995e-01
    outer loop
      vertex   5.500000e+01 1.461881e+02 -6.277177e+01
      vertex   7.000000e+01 1.461881e+02 -6.277177e+01
      vertex   5.500000e+01 1.429429e+02 -6.177589e+01
    endloop
  endfacet
  facet normal 0.000000e+00 -2.933684e-01 -9.559995e-01
    outer loop
      vertex   5.500000e+01 1.429429e+02 -6.177589e+01
      vertex   7.000000e+01 1.461881e+02 -6.277177e+01
      vertex   7.000000e+01 1.429429e+02 -6.177589e+01
    endloop
  endfacet
  facet normal 0.000000e+00 -3.726236e-01 -9.279826e-01
    outer loop
      vertex   5.500000e+01 1.429429e+02 -6.177589e+01
      vertex   7.000000e+01 1.429429e+02 -6.177589e+01
      vertex   5.500000e+01 1.397927e+02 -6.051097e+01
    endloop
  endfacet
  facet normal 0.000000e+00 -3.726236e-01 -9.279826e-01
    outer loop
      vertex   5.500000e+01 1.397927e+02 -6.051097e+01
      vertex   7.000000e+01 1.429429e+02 -6.177589e+01
      vertex   7.000000e+01 1.397927e+02 -6.051097e+01
    endloop
  endfacet
  facet normal 0.000000e+00 9.790943e-01 -2.034069e-01
    outer loop
      vertex   5.500000e+01 1.320671e+02 5.109337e+01
      vertex   7.000000e+01 1.320671e+02 5.109337e+01
      vertex   5.500000e+01 1.315102e+02 4.841264e+01
    endloop
  endfacet
  facet normal 2.890586e-16 9.790943e-01 -2.034069e-01
    outer loop
      vertex   5.500000e+01 1.315102e+02 4.841264e+01
      vertex   7.000000e+01 1.320671e+02 5.109337e+01
      vertex   7.000000e+01 1.315102e+02 4.841264e+01
    endloop
  endfacet
  facet normal 1.493721e-16 9.944605e-01 -1.051113e-01
    outer loop
      vertex   5.500000e+01 1.315102e+02 4.841264e+01
      vertex   7.000000e+01 1.315102e+02 4.841264e+01
      vertex   5.500000e+01 1.312224e+02 4.568985e+01
    endloop
  endfacet
  facet normal 4.979071e-17 9.944605e-01 -1.051113e-01
    outer loop
      vertex   5.500000e+01 1.312224e+02 4.568985e+01
      vertex   7.000000e+01 1.315102e+02 4.841264e+01
      vertex   7.000000e+01 1.312224e+02 4.568985e+01
    endloop
  endfacet
  facet normal 2.735723e-18 9.999833e-01 -5.775282e-03
    outer loop
      vertex   5.500000e+01 1.312224e+02 4.568985e+01
      vertex   7.000000e+01 1.312224e+02 4.568985e+01
      vertex   5.500000e+01 1.312066e+02 4.295193e+01
    endloop
  endfacet
  facet normal 2.735723e-18 9.999833e-01 -5.775282e-03
    outer loop
      vertex   5.500000e+01 1.312066e+02 4.295193e+01
      vertex   7.000000e+01 1.312224e+02 4.568985e+01
      vertex   7.000000e+01 1.312066e+02 4.295193e+01
    endloop
  endfacet
  facet normal -4.434635e-17 9.956082e-01 9.361790e-02
    outer loop
      vertex   5.500000e+01 1.312066e+02 4.295193e+01
      vertex   7.000000e+01 1.312066e+02 4.295193e+01
      vertex   5.500000e+01 1.314629e+02 4.022600e+01
    endloop
  endfacet
  facet normal -8.869269e-17 9.956082e-01 9.361790e-02
    outer loop
      vertex   5.500000e+01 1.314629e+02 4.022600e+01
      vertex   7.000000e+01 1.312066e+02 4.295193e+01
      vertex   7.000000e+01 1.314629e+02 4.022600e+01
    endloop
  endfacet
  facet normal -1.819789e-16 9.813784e-01 1.920844e-01
    outer loop
      vertex   5.500000e+01 1.314629e+02 4.022600e+01
      vertex   7.000000e+01 1.314629e+02 4.022600e+01
      vertex   5.500000e+01 1.319888e+02 3.753902e+01
    endloop
  endfacet
  facet normal -9.098947e-17 9.813784e-01 1.920844e-01
    outer loop
      vertex   5.500000e+01 1.319888e+02 3.753902e+01
      vertex   7.000000e+01 1.314629e+02 4.022600e+01
      vertex   7.000000e+01 1.319888e+02 3.753902e+01
    endloop
  endfacet
  facet normal -1.367320e-16 9.574348e-01 2.886497e-01
    outer loop
      vertex   5.500000e+01 1.319888e+02 3.753902e+01
      vertex   7.000000e+01 1.319888e+02 3.753902e+01
      vertex   5.500000e+01 1.327791e+02 3.491760e+01
    endloop
  endfacet
  facet normal -0.000000e+00 9.574348e-01 2.886497e-01
    outer loop
      vertex   5.500000e+01 1.327791e+02 3.491760e+01
      vertex   7.000000e+01 1.319888e+02 3.753902e+01
      vertex   7.000000e+01 1.327791e+02 3.491760e+01
    endloop
  endfacet
  facet normal -0.000000e+00 9.240143e-01 3.823579e-01
    outer loop
      vertex   5.500000e+01 1.327791e+02 3.491760e+01
      vertex   7.000000e+01 1.327791e+02 3.491760e+01
      vertex   5.500000e+01 1.338260e+02 3.238768e+01
    endloop
  endfacet
  facet normal -1.811211e-16 9.240143e-01 3.823579e-01
    outer loop
      vertex   5.500000e+01 1.338260e+02 3.238768e+01
      vertex   7.000000e+01 1.327791e+02 3.491760e+01
      vertex   7.000000e+01 1.338260e+02 3.238768e+01
    endloop
  endfacet
  facet normal -2.237174e-16 8.814478e-01 4.722814e-01
    outer loop
      vertex   5.500000e+01 1.338260e+02 3.238768e+01
      vertex   7.000000e+01 1.338260e+02 3.238768e+01
      vertex   5.500000e+01 1.351191e+02 2.997431e+01
    endloop
  endfacet
  facet normal -1.118587e-16 8.814478e-01 4.722814e-01
    outer loop
      vertex   5.500000e+01 1.351191e+02 2.997431e+01
      vertex   7.000000e+01 1.338260e+02 3.238768e+01
      vertex   7.000000e+01 1.351191e+02 2.997431e+01
    endloop
  endfacet
  facet normal -1.320497e-16 8.301567e-01 5.575302e-01
    outer loop
      vertex   5.500000e+01 1.351191e+02 2.997431e+01
      vertex   7.000000e+01 1.351191e+02 2.997431e+01
      vertex   5.500000e+01 1.366456e+02 2.770137e+01
    endloop
  endfacet
  facet normal 1.320497e-16 8.301567e-01 5.575302e-01
    outer loop
      vertex   5.500000e+01 1.366456e+02 2.770137e+01
      vertex   7.000000e+01 1.351191e+02 2.997431e+01
      vertex   7.000000e+01 1.366456e+02 2.770137e+01
    endloop
  endfacet
  facet normal 1.509336e-16 7.706485e-01 6.372605e-01
    outer loop
      vertex   5.500000e+01 1.366456e+02 2.770137e+01
      vertex   7.000000e+01 1.366456e+02 2.770137e+01
      vertex   5.500000e+01 1.383904e+02 2.559137e+01
    endloop
  endfacet
  facet normal -1.509336e-16 7.706485e-01 6.372605e-01
    outer loop
      vertex   5.500000e+01 1.383904e+02 2.559137e+01
      vertex   7.000000e+01 1.366456e+02 2.770137e+01
      vertex   7.000000e+01 1.383904e+02 2.559137e+01
    endloop
  endfacet
  facet normal -1.683236e-16 7.035123e-01 7.106831e-01
    outer loop
      vertex   5.500000e+01 1.383904e+02 2.559137e+01
      vertex   7.000000e+01 1.383904e+02 2.559137e+01
      vertex   5.500000e+01 1.403362e+02 2.366518e+01
    endloop
  endfacet
  facet normal -3.366471e-16 7.035123e-01 7.106831e-01
    outer loop
      vertex   5.500000e+01 1.403362e+02 2.366518e+01
      vertex   7.000000e+01 1.383904e+02 2.559137e+01
      vertex   7.000000e+01 1.403362e+02 2.366518e+01
    endloop
  endfacet
  facet normal -3.680949e-16 6.294126e-01 7.770713e-01
    outer loop
      vertex   5.500000e+01 1.403362e+02 2.366518e+01
      vertex   7.000000e+01 1.403362e+02 2.366518e+01
      vertex   5.500000e+01 1.424638e+02 2.194187e+01
    endloop
  endfacet
  facet normal -1.840474e-16 6.294126e-01 7.770713e-01
    outer loop
      vertex   5.500000e+01 1.424638e+02 2.194187e+01
      vertex   7.000000e+01 1.403362e+02 2.366518e+01
      vertex   7.000000e+01 1.424638e+02 2.194187e+01
    endloop
  endfacet
  facet normal -1.979496e-16 5.490830e-01 8.357679e-01
    outer loop
      vertex   5.500000e+01 1.424638e+02 2.194187e+01
      vertex   7.000000e+01 1.424638e+02 2.194187e+01
      vertex   5.500000e+01 1.447521e+02 2.043850e+01
    endloop
  endfacet
  facet normal -0.000000e+00 5.490830e-01 8.357679e-01
    outer loop
      vertex   5.500000e+01 1.447521e+02 2.043850e+01
      vertex   7.000000e+01 1.424638e+02 2.194187e+01
      vertex   7.000000e+01 1.447521e+02 2.043850e+01
    endloop
  endfacet
  facet normal -0.000000e+00 4.633184e-01 8.861919e-01
    outer loop
      vertex   5.500000e+01 1.447521e+02 2.043850e+01
      vertex   7.000000e+01 1.447521e+02 2.043850e+01
      vertex   5.500000e+01 1.471785e+02 1.916996e+01
    endloop
  endfacet
  facet normal -0.000000e+00 4.633184e-01 8.861919e-01
    outer loop
      vertex   5.500000e+01 1.471785e+02 1.916996e+01
      vertex   7.000000e+01 1.447521e+02 2.043850e+01
      vertex   7.000000e+01 1.471785e+02 1.916996e+01
    endloop
  endfacet
  facet normal -0.000000e+00 3.729678e-01 9.278443e-01
    outer loop
      vertex   5.500000e+01 1.471785e+02 1.916996e+01
      vertex   7.000000e+01 1.471785e+02 1.916996e+01
      vertex   5.500000e+01 1.497189e+02 1.814878e+01
    endloop
  endfacet
  facet normal -0.000000e+00 3.729678e-01 9.278443e-01
    outer loop
      vertex   5.500000e+01 1.497189e+02 1.814878e+01
      vertex   7.000000e+01 1.471785e+02 1.916996e+01
      vertex   7.000000e+01 1.497189e+02 1.814878e+01
    endloop
  endfacet
  facet normal -0.000000e+00 2.789256e-01 9.603127e-01
    outer loop
      vertex   5.500000e+01 1.497189e+02 1.814878e+01
      vertex   7.000000e+01 1.497189e+02 1.814878e+01
      vertex   5.500000e+01 1.523482e+02 1.738510e+01
    endloop
  endfacet
  facet normal -0.000000e+00 2.789256e-01 9.603127e-01
    outer loop
      vertex   5.500000e+01 1.523482e+02 1.738510e+01
      vertex   7.000000e+01 1.497189e+02 1.814878e+01
      vertex   7.000000e+01 1.523482e+02 1.738510e+01
    endloop
  endfacet
  facet normal -0.000000e+00 1.821225e-01 9.832759e-01
    outer loop
      vertex   5.500000e+01 1.523482e+02 1.738510e+01
      vertex   7.000000e+01 1.523482e+02 1.738510e+01
      vertex   5.500000e+01 1.550403e+02 1.688645e+01
    endloop
  endfacet
  facet normal -0.000000e+00 1.821225e-01 9.832759e-01
    outer loop
      vertex   5.500000e+01 1.550403e+02 1.688645e+01
      vertex   7.000000e+01 1.523482e+02 1.738510e+01
      vertex   7.000000e+01 1.550403e+02 1.688645e+01
    endloop
  endfacet
  facet normal -0.000000e+00 8.351668e-02 9.965064e-01
    outer loop
      vertex   5.500000e+01 1.550403e+02 1.688645e+01
      vertex   7.000000e+01 1.550403e+02 1.688645e+01
      vertex   5.500000e+01 1.577687e+02 1.665779e+01
    endloop
  endfacet
  facet normal -0.000000e+00 8.351668e-02 9.965064e-01
    outer loop
      vertex   5.500000e+01 1.577687e+02 1.665779e+01
      vertex   7.000000e+01 1.550403e+02 1.688645e+01
      vertex   7.000000e+01 1.577687e+02 1.665779e+01
    endloop
  endfacet
  facet normal 0.000000e+00 9.677637e-01 -2.518598e-01
    outer loop
      vertex   7.000000e+01 1.500000e+02 1.200000e+02
      vertex   7.000000e+01 1.320671e+02 5.109337e+01
      vertex   5.500000e+01 1.500000e+02 1.200000e+02
    endloop
  endfacet
  facet normal 0.000000e+00 9.677637e-01 -2.518598e-01
    outer loop
      vertex   5.500000e+01 1.500000e+02 1.200000e+02
      vertex   7.000000e+01 1.320671e+02 5.109337e+01
      vertex   5.500000e+01 1.320671e+02 5.109337e+01
    endloop
  endfacet
  facet normal 1.000000e+00 0.000000e+00 0.000000e+00
    outer loop
      vertex   8.000000e+01 1.250000e+02 8.000000e+01
      vertex   8.000000e+01 1.396669e+02 1.200000e+02
      vertex   8.000000e+01 1.250000e+02 9.500000e+01
    endloop
  endfacet
  facet normal 1.000000e+00 0.000000e+00 -0.000000e+00
    outer loop
      vertex   8.000000e+01 1.250000e+02 9.500000e+01
      vertex   8.000000e+01 1.396669e+02 1.200000e+02
      vertex   8.000000e+01 7.000198e+01 1.200000e+02
    endloop
  endfacet
  facet normal 1.000000e+00 0.000000e+00 0.000000e+00
    outer loop
      vertex   8.000000e+01 1.250000e+02 9.500000e+01
      vertex   8.000000e+01 7.000198e+01 1.200000e+02
      vertex   8.000000e+01 7.500000e+01 9.500000e+01
    endloop
  endfacet
  facet normal 1.000000e+00 0.000000e+00 0.000000e+00
    outer loop
      vertex   8.000000e+01 7.500000e+01 9.500000e+01
      vertex   8.000000e+01 7.000198e+01 1.200000e+02
      vertex   8.000000e+01 7.500000e+01 8.000000e+01
    endloop
  endfacet
  facet normal 1.000000e+00 0.000000e+00 0.000000e+00
    outer loop
      vertex   8.000000e+01 7.500000e+01 8.000000e+01
      vertex   8.000000e+01 7.000198e+01 1.200000e+02
      vertex   8.000000e+01 6.805999e+01 2.252940e+01
    endloop
  endfacet
  facet normal 1.000000e+00 0.000000e+00 0.000000e+00
    outer loop
      vertex   8.000000e+01 7.500000e+01 8.000000e+01
      vertex   8.000000e+01 6.805999e+01 2.252940e+01
      vertex   8.000000e+01 1.211800e+02 4.411210e+01
    endloop
  endfacet
  facet normal 1.000000e+00 0.000000e+00 0.000000e+00
    outer loop
      vertex   8.000000e+01 1.211800e+02 4.411210e+01
      vertex   8.000000e+01 6.805999e+01 2.252940e+01
      vertex   8.000000e+01 7.111081e+01 1.538580e+01
    endloop
  endfacet
  facet normal 1.000000e+00 0.000000e+00 0.000000e+00
    outer loop
      vertex   8.000000e+01 1.211800e+02 4.411210e+01
      vertex   8.000000e+01 7.111081e+01 1.538580e+01
      vertex   8.000000e+01 1.213207e+02 4.091525e+01
    endloop
  endfacet
  facet normal 1.000000e+00 0.000000e+00 0.000000e+00
    outer loop
      vertex   8.000000e+01 1.213207e+02 4.091525e+01
      vertex   8.000000e+01 7.111081e+01 1.538580e+01
      vertex   8.000000e+01 1.217333e+02 3.774202e+01
    endloop
  endfacet
  facet normal 1.000000e+00 0.000000e+00 0.000000e+00
    outer loop
      vertex   8.000000e+01 1.217333e+02 3.774202e+01
      vertex   8.000000e+01 7.111081e+01 1.538580e+01
      vertex   8.000000e+01 1.224148e+02 3.461549e+01
    endloop
  endfacet
  facet normal 1.000000e+00 0.000000e+00 0.000000e+00
    outer loop
      vertex   8.000000e+01 1.224148e+02 3.461549e+01
      vertex   8.000000e+01 7.111081e+01 1.538580e+01
      vertex   8.000000e+01 1.233602e+02 3.155840e+01
    endloop
  endfacet
  facet normal 1.000000e+00 0.000000e+00 0.000000e+00
    outer loop
      vertex   8.000000e+01 1.233602e+02 3.155840e+01
      vertex   8.000000e+01 7.111081e+01 1.538580e+01
      vertex   8.000000e+01 1.245627e+02 2.859299e+01
    endloop
  endfacet
  facet normal 1.000000e+00 0.000000e+00 0.000000e+00
    outer loop
      vertex   8.000000e+01 1.245627e+02 2.859299e+01
      vertex   8.000000e+01 7.111081e+01 1.538580e+01
      vertex   8.000000e+01 1.260135e+02 2.574082e+01
    endloop
  endfacet
  facet normal 1.000000e+00 0.000000e+00 0.000000e+00
    outer loop
      vertex   8.000000e+01 1.260135e+02 2.574082e+01
      vertex   8.000000e+01 7.111081e+01 1.538580e+01
      vertex   8.000000e+01 1.277020e+02 2.302264e+01
    endloop
  endfacet
  facet normal 1.000000e+00 0.000000e+00 0.000000e+00
    outer loop
      vertex   8.000000e+01 1.277020e+02 2.302264e+01
      vertex   8.000000e+01 7.111081e+01 1.538580e+01
      vertex   8.000000e+01 1.296160e+02 2.045822e+01
    endloop
  endfacet
  facet normal 1.000000e+00 0.000000e+00 0.000000e+00
    outer loop
      vertex   8.000000e+01 1.296160e+02 2.045822e+01
      vertex   8.000000e+01 7.111081e+01 1.538580e+01
      vertex   8.000000e+01 1.432415e+02 -5.095725e+01
    endloop
  endfacet
  facet normal 1.000000e+00 0.000000e+00 0.000000e+00
    outer loop
      vertex   8.000000e+01 1.296160e+02 2.045822e+01
      vertex   8.000000e+01 1.432415e+02 -5.095725e+01
      vertex   8.000000e+01 1.317415e+02 1.806622e+01
    endloop
  endfacet
  facet normal 1.000000e+00 0.000000e+00 0.000000e+00
    outer loop
      vertex   8.000000e+01 1.317415e+02 1.806622e+01
      vertex   8.000000e+01 1.432415e+02 -5.095725e+01
      vertex   8.000000e+01 1.340632e+02 1.586403e+01
    endloop
  endfacet
  facet normal 1.000000e+00 0.000000e+00 0.000000e+00
    outer loop
      vertex   8.000000e+01 1.340632e+02 1.586403e+01
      vertex   8.000000e+01 1.432415e+02 -5.095725e+01
      vertex   8.000000e+01 1.504373e+02 -2.305323e+01
    endloop
  endfacet
  facet normal 1.000000e+00 0.000000e+00 0.000000e+00
    outer loop
      vertex   8.000000e+01 1.340632e+02 1.586403e+01
      vertex   8.000000e+01 1.504373e+02 -2.305323e+01
      vertex   8.000000e+01 1.365640e+02 1.386768e+01
    endloop
  endfacet
  facet normal 1.000000e+00 0.000000e+00 0.000000e+00
    outer loop
      vertex   8.000000e+01 1.365640e+02 1.386768e+01
      vertex   8.000000e+01 1.504373e+02 -2.305323e+01
      vertex   8.000000e+01 1.392259e+02 1.209168e+01
    endloop
  endfacet
  facet normal 1.000000e+00 0.000000e+00 0.000000e+00
    outer loop
      vertex   8.000000e+01 1.392259e+02 1.209168e+01
      vertex   8.000000e+01 1.504373e+02 -2.305323e+01
      vertex   8.000000e+01 1.507162e+02 -2.178614e+01
    endloop
  endfacet
  facet normal 1.000000e+00 0.000000e+00 0.000000e+00
    outer loop
      vertex   8.000000e+01 1.392259e+02 1.209168e+01
      vertex   8.000000e+01 1.507162e+02 -2.178614e+01
      vertex   8.000000e+01 1.420294e+02 1.054895e+01
    endloop
  endfacet
  facet normal 1.000000e+00 0.000000e+00 0.000000e+00
    outer loop
      vertex   8.000000e+01 1.420294e+02 1.054895e+01
      vertex   8.000000e+01 1.507162e+02 -2.178614e+01
      vertex   8.000000e+01 1.512609e+02 -2.060862e+01
    endloop
  endfacet
  facet normal 1.000000e+00 0.000000e+00 0.000000e+00
    outer loop
      vertex   8.000000e+01 1.420294e+02 1.054895e+01
      vertex   8.000000e+01 1.512609e+02 -2.060862e+01
      vertex   8.000000e+01 1.449541e+02 9.250708e+00
    endloop
  endfacet
  facet normal 1.000000e+00 0.000000e+00 0.000000e+00
    outer loop
      vertex   8.000000e+01 1.449541e+02 9.250708e+00
      vertex   8.000000e+01 1.512609e+02 -2.060862e+01
      vertex   8.000000e+01 1.479789e+02 8.206405e+00
    endloop
  endfacet
  facet normal 1.000000e+00 0.000000e+00 0.000000e+00
    outer loop
      vertex   8.000000e+01 1.479789e+02 8.206405e+00
      vertex   8.000000e+01 1.512609e+02 -2.060862e+01
      vertex   8.000000e+01 1.520461e+02 -1.957575e+01
    endloop
  endfacet
  facet normal 1.000000e+00 0.000000e+00 0.000000e+00
    outer loop
      vertex   8.000000e+01 1.479789e+02 8.206405e+00
      vertex   8.000000e+01 1.520461e+02 -1.957575e+01
      vertex   8.000000e+01 1.530350e+02 -1.873581e+01
    endloop
  endfacet
  facet normal 1.000000e+00 0.000000e+00 0.000000e+00
    outer loop
      vertex   8.000000e+01 1.396669e+02 1.200000e+02
      vertex   8.000000e+01 1.250000e+02 8.000000e+01
      vertex   8.000000e+01 1.223895e+02 5.361196e+01
    endloop
  endfacet
  facet normal 1.000000e+00 0.000000e+00 -0.000000e+00
    outer loop
      vertex   8.000000e+01 1.223895e+02 5.361196e+01
      vertex   8.000000e+01 1.250000e+02 8.000000e+01
      vertex   8.000000e+01 7.500000e+01 8.000000e+01
    endloop
  endfacet
  facet normal 1.000000e+00 0.000000e+00 0.000000e+00
    outer loop
      vertex   8.000000e+01 1.223895e+02 5.361196e+01
      vertex   8.000000e+01 7.500000e+01 8.000000e+01
      vertex   8.000000e+01 1.217163e+02 5.048363e+01
    endloop
  endfacet
  facet normal 1.000000e+00 0.000000e+00 0.000000e+00
    outer loop
      vertex   8.000000e+01 1.217163e+02 5.048363e+01
      vertex   8.000000e+01 7.500000e+01 8.000000e+01
      vertex   8.000000e+01 1.213122e+02 4.730931e+01
    endloop
  endfacet
  facet normal 1.000000e+00 0.000000e+00 0.000000e+00
    outer loop
      vertex   8.000000e+01 1.213122e+02 4.730931e+01
      vertex   8.000000e+01 7.500000e+01 8.000000e+01
      vertex   8.000000e+01 1.211800e+02 4.411210e+01
    endloop
  endfacet
  facet normal 1.000000e+00 -0.000000e+00 0.000000e+00
    outer loop
      vertex   8.000000e+01 1.622618e+02 -2.499177e+01
      vertex   8.000000e+01 1.840812e+02 -3.623122e+01
      vertex   8.000000e+01 1.624021e+02 -2.370195e+01
    endloop
  endfacet
  facet normal 1.000000e+00 0.000000e+00 0.000000e+00
    outer loop
      vertex   8.000000e+01 1.624021e+02 -2.370195e+01
      vertex   8.000000e+01 1.840812e+02 -3.623122e+01
      vertex   8.000000e+01 1.851753e+02 -3.345999e+01
    endloop
  endfacet
  facet normal 1.000000e+00 0.000000e+00 0.000000e+00
    outer loop
      vertex   8.000000e+01 1.624021e+02 -2.370195e+01
      vertex   8.000000e+01 1.851753e+02 -3.345999e+01
      vertex   8.000000e+01 1.859927e+02 -3.059493e+01
    endloop
  endfacet
  facet normal 1.000000e+00 -0.000000e+00 0.000000e+00
    outer loop
      vertex   8.000000e+01 1.618475e+02 -2.622128e+01
      vertex   8.000000e+01 1.771861e+02 -4.586368e+01
      vertex   8.000000e+01 1.622618e+02 -2.499177e+01
    endloop
  endfacet
  facet normal 1.000000e+00 0.000000e+00 0.000000e+00
    outer loop
      vertex   8.000000e+01 1.622618e+02 -2.499177e+01
      vertex   8.000000e+01 1.771861e+02 -4.586368e+01
      vertex   8.000000e+01 1.792568e+02 -4.372146e+01
    endloop
  endfacet
  facet normal 1.000000e+00 0.000000e+00 0.000000e+00
    outer loop
      vertex   8.000000e+01 1.622618e+02 -2.499177e+01
      vertex   8.000000e+01 1.792568e+02 -4.372146e+01
      vertex   8.000000e+01 1.811077e+02 -4.138674e+01
    endloop
  endfacet
  facet normal 1.000000e+00 -0.000000e+00 0.000000e+00
    outer loop
      vertex   8.000000e+01 1.611786e+02 -2.733299e+01
      vertex   8.000000e+01 1.724670e+02 -4.949023e+01
      vertex   8.000000e+01 1.618475e+02 -2.622128e+01
    endloop
  endfacet
  facet normal 1.000000e+00 0.000000e+00 0.000000e+00
    outer loop
      vertex   8.000000e+01 1.618475e+02 -2.622128e+01
      vertex   8.000000e+01 1.724670e+02 -4.949023e+01
      vertex   8.000000e+01 1.749156e+02 -4.779278e+01
    endloop
  endfacet
  facet normal 1.000000e+00 0.000000e+00 0.000000e+00
    outer loop
      vertex   8.000000e+01 1.618475e+02 -2.622128e+01
      vertex   8.000000e+01 1.749156e+02 -4.779278e+01
      vertex   8.000000e+01 1.771861e+02 -4.586368e+01
    endloop
  endfacet
  facet normal 1.000000e+00 0.000000e+00 0.000000e+00
    outer loop
      vertex   8.000000e+01 1.724670e+02 -4.949023e+01
      vertex   8.000000e+01 1.611786e+02 -2.733299e+01
      vertex   8.000000e+01 1.698640e+02 -5.093969e+01
    endloop
  endfacet
  facet normal 1.000000e+00 0.000000e+00 0.000000e+00
    outer loop
      vertex   8.000000e+01 1.698640e+02 -5.093969e+01
      vertex   8.000000e+01 1.611786e+02 -2.733299e+01
      vertex   8.000000e+01 1.602864e+02 -2.827492e+01
    endloop
  endfacet
  facet normal 1.000000e+00 0.000000e+00 0.000000e+00
    outer loop
      vertex   8.000000e+01 1.698640e+02 -5.093969e+01
      vertex   8.000000e+01 1.602864e+02 -2.827492e+01
      vertex   8.000000e+01 1.671315e+02 -5.212724e+01
    endloop
  endfacet
  facet normal 1.000000e+00 0.000000e+00 0.000000e+00
    outer loop
      vertex   8.000000e+01 1.671315e+02 -5.212724e+01
      vertex   8.000000e+01 1.602864e+02 -2.827492e+01
      vertex   8.000000e+01 1.642959e+02 -5.304145e+01
    endloop
  endfacet
  facet normal 1.000000e+00 0.000000e+00 0.000000e+00
    outer loop
      vertex   8.000000e+01 1.642959e+02 -5.304145e+01
      vertex   8.000000e+01 1.602864e+02 -2.827492e+01
      vertex   8.000000e+01 1.592125e+02 -2.900302e+01
    endloop
  endfacet
  facet normal 1.000000e+00 0.000000e+00 0.000000e+00
    outer loop
      vertex   8.000000e+01 1.642959e+02 -5.304145e+01
      vertex   8.000000e+01 1.592125e+02 -2.900302e+01
      vertex   8.000000e+01 1.613843e+02 -5.367353e+01
    endloop
  endfacet
  facet normal 1.000000e+00 0.000000e+00 0.000000e+00
    outer loop
      vertex   8.000000e+01 1.613843e+02 -5.367353e+01
      vertex   8.000000e+01 1.592125e+02 -2.900302e+01
      vertex   8.000000e+01 1.580073e+02 -2.948325e+01
    endloop
  endfacet
  facet normal 1.000000e+00 0.000000e+00 0.000000e+00
    outer loop
      vertex   8.000000e+01 1.613843e+02 -5.367353e+01
      vertex   8.000000e+01 1.580073e+02 -2.948325e+01
      vertex   8.000000e+01 1.584248e+02 -5.401741e+01
    endloop
  endfacet
  facet normal 1.000000e+00 0.000000e+00 0.000000e+00
    outer loop
      vertex   8.000000e+01 1.584248e+02 -5.401741e+01
      vertex   8.000000e+01 1.580073e+02 -2.948325e+01
      vertex   8.000000e+01 1.567269e+02 -2.969315e+01
    endloop
  endfacet
  facet normal 1.000000e+00 0.000000e+00 0.000000e+00
    outer loop
      vertex   8.000000e+01 1.584248e+02 -5.401741e+01
      vertex   8.000000e+01 1.567269e+02 -2.969315e+01
      vertex   8.000000e+01 1.554459e+02 -5.406977e+01
    endloop
  endfacet
  facet normal 1.000000e+00 0.000000e+00 -0.000000e+00
    outer loop
      vertex   8.000000e+01 1.554459e+02 -5.406977e+01
      vertex   8.000000e+01 1.567269e+02 -2.969315e+01
      vertex   8.000000e+01 1.554314e+02 -2.962291e+01
    endloop
  endfacet
  facet normal 1.000000e+00 0.000000e+00 0.000000e+00
    outer loop
      vertex   8.000000e+01 1.554459e+02 -5.406977e+01
      vertex   8.000000e+01 1.554314e+02 -2.962291e+01
      vertex   8.000000e+01 1.524762e+02 -5.383011e+01
    endloop
  endfacet
  facet normal 1.000000e+00 0.000000e+00 0.000000e+00
    outer loop
      vertex   8.000000e+01 1.524762e+02 -5.383011e+01
      vertex   8.000000e+01 1.554314e+02 -2.962291e+01
      vertex   8.000000e+01 1.541813e+02 -2.927581e+01
    endloop
  endfacet
  facet normal 1.000000e+00 0.000000e+00 -0.000000e+00
    outer loop
      vertex   8.000000e+01 1.524762e+02 -5.383011e+01
      vertex   8.000000e+01 1.541813e+02 -2.927581e+01
      vertex   8.000000e+01 1.495442e+02 -5.330074e+01
    endloop
  endfacet
  facet normal 1.000000e+00 0.000000e+00 0.000000e+00
    outer loop
      vertex   8.000000e+01 1.495442e+02 -5.330074e+01
      vertex   8.000000e+01 1.541813e+02 -2.927581e+01
      vertex   8.000000e+01 1.530350e+02 -2.866808e+01
    endloop
  endfacet
  facet normal 1.000000e+00 0.000000e+00 -0.000000e+00
    outer loop
      vertex   8.000000e+01 1.495442e+02 -5.330074e+01
      vertex   8.000000e+01 1.530350e+02 -2.866808e+01
      vertex   8.000000e+01 1.466782e+02 -5.248675e+01
    endloop
  endfacet
  facet normal 1.000000e+00 0.000000e+00 0.000000e+00
    outer loop
      vertex   8.000000e+01 1.466782e+02 -5.248675e+01
      vertex   8.000000e+01 1.530350e+02 -2.866808e+01
      vertex   8.000000e+01 1.520461e+02 -2.782814e+01
    endloop
  endfacet
  facet normal 1.000000e+00 0.000000e+00 -0.000000e+00
    outer loop
      vertex   8.000000e+01 1.466782e+02 -5.248675e+01
      vertex   8.000000e+01 1.520461e+02 -2.782814e+01
      vertex   8.000000e+01 1.439057e+02 -5.139596e+01
    endloop
  endfacet
  facet normal 1.000000e+00 0.000000e+00 -0.000000e+00
    outer loop
      vertex   8.000000e+01 1.439057e+02 -5.139596e+01
      vertex   8.000000e+01 1.520461e+02 -2.782814e+01
      vertex   8.000000e+01 1.432415e+02 -5.095725e+01
    endloop
  endfacet
  facet normal 1.000000e+00 0.000000e+00 0.000000e+00
    outer loop
      vertex   8.000000e+01 1.439057e+02 -5.139596e+01
      vertex   8.000000e+01 1.432415e+02 -5.095725e+01
      vertex   8.000000e+01 1.436691e+02 -5.127364e+01
    endloop
  endfacet
  facet normal 1.000000e+00 0.000000e+00 0.000000e+00
    outer loop
      vertex   8.000000e+01 1.436691e+02 -5.127364e+01
      vertex   8.000000e+01 1.432415e+02 -5.095725e+01
      vertex   8.000000e+01 1.434469e+02 -5.112685e+01
    endloop
  endfacet
  facet normal 1.000000e+00 0.000000e+00 0.000000e+00
    outer loop
      vertex   8.000000e+01 1.520461e+02 -2.782814e+01
      vertex   8.000000e+01 1.512609e+02 -2.679527e+01
      vertex   8.000000e+01 1.432415e+02 -5.095725e+01
    endloop
  endfacet
  facet normal 1.000000e+00 0.000000e+00 0.000000e+00
    outer loop
      vertex   8.000000e+01 1.432415e+02 -5.095725e+01
      vertex   8.000000e+01 1.512609e+02 -2.679527e+01
      vertex   8.000000e+01 1.507162e+02 -2.561776e+01
    endloop
  endfacet
  facet normal 1.000000e+00 0.000000e+00 0.000000e+00
    outer loop
      vertex   8.000000e+01 1.432415e+02 -5.095725e+01
      vertex   8.000000e+01 1.507162e+02 -2.561776e+01
      vertex   8.000000e+01 1.504373e+02 -2.435066e+01
    endloop
  endfacet
  facet normal 1.000000e+00 0.000000e+00 -0.000000e+00
    outer loop
      vertex   8.000000e+01 1.504373e+02 -2.435066e+01
      vertex   8.000000e+01 1.504373e+02 -2.305323e+01
      vertex   8.000000e+01 1.432415e+02 -5.095725e+01
    endloop
  endfacet
  facet normal 1.000000e+00 0.000000e+00 0.000000e+00
    outer loop
      vertex   8.000000e+01 1.479789e+02 8.206405e+00
      vertex   8.000000e+01 1.530350e+02 -1.873581e+01
      vertex   8.000000e+01 1.510816e+02 7.423633e+00
    endloop
  endfacet
  facet normal 1.000000e+00 0.000000e+00 0.000000e+00
    outer loop
      vertex   8.000000e+01 1.510816e+02 7.423633e+00
      vertex   8.000000e+01 1.530350e+02 -1.873581e+01
      vertex   8.000000e+01 1.541813e+02 -1.812809e+01
    endloop
  endfacet
  facet normal 1.000000e+00 0.000000e+00 0.000000e+00
    outer loop
      vertex   8.000000e+01 1.510816e+02 7.423633e+00
      vertex   8.000000e+01 1.541813e+02 -1.812809e+01
      vertex   8.000000e+01 1.542397e+02 6.908086e+00
    endloop
  endfacet
  facet normal 1.000000e+00 0.000000e+00 0.000000e+00
    outer loop
      vertex   8.000000e+01 1.542397e+02 6.908086e+00
      vertex   8.000000e+01 1.541813e+02 -1.812809e+01
      vertex   8.000000e+01 1.554314e+02 -1.778099e+01
    endloop
  endfacet
  facet normal 1.000000e+00 0.000000e+00 0.000000e+00
    outer loop
      vertex   8.000000e+01 1.542397e+02 6.908086e+00
      vertex   8.000000e+01 1.554314e+02 -1.778099e+01
      vertex   8.000000e+01 1.574303e+02 6.663514e+00
    endloop
  endfacet
  facet normal 1.000000e+00 0.000000e+00 0.000000e+00
    outer loop
      vertex   8.000000e+01 1.574303e+02 6.663514e+00
      vertex   8.000000e+01 1.554314e+02 -1.778099e+01
      vertex   8.000000e+01 1.567269e+02 -1.771075e+01
    endloop
  endfacet
  facet normal 1.000000e+00 0.000000e+00 0.000000e+00
    outer loop
      vertex   8.000000e+01 1.574303e+02 6.663514e+00
      vertex   8.000000e+01 1.567269e+02 -1.771075e+01
      vertex   8.000000e+01 1.580073e+02 -1.792065e+01
    endloop
  endfacet
  facet normal 1.000000e+00 0.000000e+00 -0.000000e+00
    outer loop
      vertex   8.000000e+01 1.592125e+02 -1.840088e+01
      vertex   8.000000e+01 1.633302e+02 5.880481e+00
      vertex   8.000000e+01 1.580073e+02 -1.792065e+01
    endloop
  endfacet
  facet normal 1.000000e+00 0.000000e+00 0.000000e+00
    outer loop
      vertex   8.000000e+01 1.580073e+02 -1.792065e+01
      vertex   8.000000e+01 1.633302e+02 5.880481e+00
      vertex   8.000000e+01 1.603995e+02 6.416809e+00
    endloop
  endfacet
  facet normal 1.000000e+00 0.000000e+00 -0.000000e+00
    outer loop
      vertex   8.000000e+01 1.580073e+02 -1.792065e+01
      vertex   8.000000e+01 1.603995e+02 6.416809e+00
      vertex   8.000000e+01 1.574303e+02 6.663514e+00
    endloop
  endfacet
  facet normal 1.000000e+00 0.000000e+00 0.000000e+00
    outer loop
      vertex   8.000000e+01 1.633302e+02 5.880481e+00
      vertex   8.000000e+01 1.592125e+02 -1.840088e+01
      vertex   8.000000e+01 1.661943e+02 5.059688e+00
    endloop
  endfacet
  facet normal 1.000000e+00 0.000000e+00 0.000000e+00
    outer loop
      vertex   8.000000e+01 1.661943e+02 5.059688e+00
      vertex   8.000000e+01 1.592125e+02 -1.840088e+01
      vertex   8.000000e+01 1.602864e+02 -1.912898e+01
    endloop
  endfacet
  facet normal 1.000000e+00 0.000000e+00 0.000000e+00
    outer loop
      vertex   8.000000e+01 1.661943e+02 5.059688e+00
      vertex   8.000000e+01 1.602864e+02 -1.912898e+01
      vertex   8.000000e+01 1.689642e+02 3.962324e+00
    endloop
  endfacet
  facet normal 1.000000e+00 0.000000e+00 0.000000e+00
    outer loop
      vertex   8.000000e+01 1.689642e+02 3.962324e+00
      vertex   8.000000e+01 1.602864e+02 -1.912898e+01
      vertex   8.000000e+01 1.611786e+02 -2.007090e+01
    endloop
  endfacet
  facet normal 1.000000e+00 0.000000e+00 0.000000e+00
    outer loop
      vertex   8.000000e+01 1.689642e+02 3.962324e+00
      vertex   8.000000e+01 1.611786e+02 -2.007090e+01
      vertex   8.000000e+01 1.716133e+02 2.598939e+00
    endloop
  endfacet
  facet normal 1.000000e+00 0.000000e+00 0.000000e+00
    outer loop
      vertex   8.000000e+01 1.716133e+02 2.598939e+00
      vertex   8.000000e+01 1.611786e+02 -2.007090e+01
      vertex   8.000000e+01 1.618475e+02 -2.118261e+01
    endloop
  endfacet
  facet normal 1.000000e+00 0.000000e+00 0.000000e+00
    outer loop
      vertex   8.000000e+01 1.716133e+02 2.598939e+00
      vertex   8.000000e+01 1.618475e+02 -2.118261e+01
      vertex   8.000000e+01 1.741162e+02 9.826441e-01
    endloop
  endfacet
  facet normal 1.000000e+00 0.000000e+00 0.000000e+00
    outer loop
      vertex   8.000000e+01 1.741162e+02 9.826441e-01
      vertex   8.000000e+01 1.618475e+02 -2.118261e+01
      vertex   8.000000e+01 1.764487e+02 -8.710177e-01
    endloop
  endfacet
  facet normal 1.000000e+00 0.000000e+00 0.000000e+00
    outer loop
      vertex   8.000000e+01 1.764487e+02 -8.710177e-01
      vertex   8.000000e+01 1.618475e+02 -2.118261e+01
      vertex   8.000000e+01 1.622618e+02 -2.241213e+01
    endloop
  endfacet
  facet normal 1.000000e+00 0.000000e+00 0.000000e+00
    outer loop
      vertex   8.000000e+01 1.764487e+02 -8.710177e-01
      vertex   8.000000e+01 1.622618e+02 -2.241213e+01
      vertex   8.000000e+01 1.785885e+02 -2.944222e+00
    endloop
  endfacet
  facet normal 1.000000e+00 0.000000e+00 0.000000e+00
    outer loop
      vertex   8.000000e+01 1.785885e+02 -2.944222e+00
      vertex   8.000000e+01 1.622618e+02 -2.241213e+01
      vertex   8.000000e+01 1.805149e+02 -5.217033e+00
    endloop
  endfacet
  facet normal 1.000000e+00 0.000000e+00 0.000000e+00
    outer loop
      vertex   8.000000e+01 1.805149e+02 -5.217033e+00
      vertex   8.000000e+01 1.622618e+02 -2.241213e+01
      vertex   8.000000e+01 1.822094e+02 -7.667595e+00
    endloop
  endfacet
  facet normal 1.000000e+00 0.000000e+00 0.000000e+00
    outer loop
      vertex   8.000000e+01 1.822094e+02 -7.667595e+00
      vertex   8.000000e+01 1.622618e+02 -2.241213e+01
      vertex   8.000000e+01 1.836558e+02 -1.027234e+01
    endloop
  endfacet
  facet normal 1.000000e+00 0.000000e+00 0.000000e+00
    outer loop
      vertex   8.000000e+01 1.836558e+02 -1.027234e+01
      vertex   8.000000e+01 1.622618e+02 -2.241213e+01
      vertex   8.000000e+01 1.624021e+02 -2.370195e+01
    endloop
  endfacet
  facet normal 1.000000e+00 0.000000e+00 0.000000e+00
    outer loop
      vertex   8.000000e+01 1.836558e+02 -1.027234e+01
      vertex   8.000000e+01 1.624021e+02 -2.370195e+01
      vertex   8.000000e+01 1.848401e+02 -1.300623e+01
    endloop
  endfacet
  facet normal 1.000000e+00 0.000000e+00 0.000000e+00
    outer loop
      vertex   8.000000e+01 1.848401e+02 -1.300623e+01
      vertex   8.000000e+01 1.624021e+02 -2.370195e+01
      vertex   8.000000e+01 1.857509e+02 -1.584297e+01
    endloop
  endfacet
  facet normal 1.000000e+00 0.000000e+00 0.000000e+00
    outer loop
      vertex   8.000000e+01 1.857509e+02 -1.584297e+01
      vertex   8.000000e+01 1.624021e+02 -2.370195e+01
      vertex   8.000000e+01 1.863796e+02 -1.875528e+01
    endloop
  endfacet
  facet normal 1.000000e+00 0.000000e+00 0.000000e+00
    outer loop
      vertex   8.000000e+01 1.863796e+02 -1.875528e+01
      vertex   8.000000e+01 1.624021e+02 -2.370195e+01
      vertex   8.000000e+01 1.867199e+02 -2.171516e+01
    endloop
  endfacet
  facet normal 1.000000e+00 0.000000e+00 0.000000e+00
    outer loop
      vertex   8.000000e+01 1.867199e+02 -2.171516e+01
      vertex   8.000000e+01 1.624021e+02 -2.370195e+01
      vertex   8.000000e+01 1.867687e+02 -2.469414e+01
    endloop
  endfacet
  facet normal 1.000000e+00 0.000000e+00 0.000000e+00
    outer loop
      vertex   8.000000e+01 1.867687e+02 -2.469414e+01
      vertex   8.000000e+01 1.624021e+02 -2.370195e+01
      vertex   8.000000e+01 1.865256e+02 -2.766358e+01
    endloop
  endfacet
  facet normal 1.000000e+00 0.000000e+00 0.000000e+00
    outer loop
      vertex   8.000000e+01 1.865256e+02 -2.766358e+01
      vertex   8.000000e+01 1.624021e+02 -2.370195e+01
      vertex   8.000000e+01 1.859927e+02 -3.059493e+01
    endloop
  endfacet
  facet normal 1.000000e+00 -0.000000e+00 -0.000000e+00
    outer loop
      vertex   8.000000e+01 6.816354e+01 2.093366e+01
      vertex   8.000000e+01 6.853465e+01 1.937823e+01
      vertex   8.000000e+01 6.805999e+01 2.252940e+01
    endloop
  endfacet
  facet normal 1.000000e+00 0.000000e+00 0.000000e+00
    outer loop
      vertex   8.000000e+01 6.805999e+01 2.252940e+01
      vertex   8.000000e+01 6.853465e+01 1.937823e+01
      vertex   8.000000e+01 6.916270e+01 1.790763e+01
    endloop
  endfacet
  facet normal 1.000000e+00 0.000000e+00 0.000000e+00
    outer loop
      vertex   8.000000e+01 6.805999e+01 2.252940e+01
      vertex   8.000000e+01 6.916270e+01 1.790763e+01
      vertex   8.000000e+01 7.002971e+01 1.656398e+01
    endloop
  endfacet
  facet normal 1.000000e+00 -0.000000e+00 -0.000000e+00
    outer loop
      vertex   8.000000e+01 7.002971e+01 1.656398e+01
      vertex   8.000000e+01 7.111081e+01 1.538580e+01
      vertex   8.000000e+01 6.805999e+01 2.252940e+01
    endloop
  endfacet
  facet normal 1.000000e+00 0.000000e+00 -0.000000e+00
    outer loop
      vertex   8.000000e+01 1.811077e+02 -4.138674e+01
      vertex   8.000000e+01 1.827210e+02 -3.888197e+01
      vertex   8.000000e+01 1.622618e+02 -2.499177e+01
    endloop
  endfacet
  facet normal 1.000000e+00 0.000000e+00 0.000000e+00
    outer loop
      vertex   8.000000e+01 1.622618e+02 -2.499177e+01
      vertex   8.000000e+01 1.827210e+02 -3.888197e+01
      vertex   8.000000e+01 1.840812e+02 -3.623122e+01
    endloop
  endfacet
  facet normal 0.000000e+00 -9.998016e-01 1.991992e-02
    outer loop
      vertex   7.000000e+01 5.806198e+01 2.272850e+01
      vertex   7.000000e+01 6.000000e+01 1.200000e+02
      vertex   5.500000e+01 5.806198e+01 2.272850e+01
    endloop
  endfacet
  facet normal 0.000000e+00 -9.998016e-01 1.991992e-02
    outer loop
      vertex   5.500000e+01 5.806198e+01 2.272850e+01
      vertex   7.000000e+01 6.000000e+01 1.200000e+02
      vertex   5.500000e+01 6.000000e+01 1.200000e+02
    endloop
  endfacet
  facet normal -0.000000e+00 0.000000e+00 1.000000e+00
    outer loop
      vertex   6.986370e+01 1.139647e+02 1.200000e+02
      vertex   6.986370e+01 1.005353e+02 1.200000e+02
      vertex   7.000000e+01 1.150000e+02 1.200000e+02
    endloop
  endfacet
  facet normal 0.000000e+00 0.000000e+00 1.000000e+00
    outer loop
      vertex   7.000000e+01 1.150000e+02 1.200000e+02
      vertex   6.986370e+01 1.005353e+02 1.200000e+02
      vertex   7.000000e+01 9.950000e+01 1.200000e+02
    endloop
  endfacet
  facet normal -0.000000e+00 0.000000e+00 1.000000e+00
    outer loop
      vertex   7.000000e+01 1.150000e+02 1.200000e+02
      vertex   7.000000e+01 9.950000e+01 1.200000e+02
      vertex   8.000000e+01 1.396669e+02 1.200000e+02
    endloop
  endfacet
  facet normal 0.000000e+00 0.000000e+00 1.000000e+00
    outer loop
      vertex   8.000000e+01 1.396669e+02 1.200000e+02
      vertex   7.000000e+01 9.950000e+01 1.200000e+02
      vertex   8.000000e+01 7.000198e+01 1.200000e+02
    endloop
  endfacet
  facet normal 0.000000e+00 0.000000e+00 1.000000e+00
    outer loop
      vertex   8.000000e+01 7.000198e+01 1.200000e+02
      vertex   7.000000e+01 9.950000e+01 1.200000e+02
      vertex   7.000000e+01 8.400000e+01 1.200000e+02
    endloop
  endfacet
  facet normal 0.000000e+00 0.000000e+00 1.000000e+00
    outer loop
      vertex   8.000000e+01 7.000198e+01 1.200000e+02
      vertex   7.000000e+01 8.400000e+01 1.200000e+02
      vertex   6.986370e+01 8.296473e+01 1.200000e+02
    endloop
  endfacet
  facet normal 0.000000e+00 -0.000000e+00 1.000000e+00
    outer loop
      vertex   6.986370e+01 1.005353e+02 1.200000e+02
      vertex   6.986370e+01 1.139647e+02 1.200000e+02
      vertex   6.946410e+01 1.015000e+02 1.200000e+02
    endloop
  endfacet
  facet normal 0.000000e+00 0.000000e+00 1.000000e+00
    outer loop
      vertex   6.946410e+01 1.015000e+02 1.200000e+02
      vertex   6.986370e+01 1.139647e+02 1.200000e+02
      vertex   6.946410e+01 1.130000e+02 1.200000e+02
    endloop
  endfacet
  facet normal 0.000000e+00 -0.000000e+00 1.000000e+00
    outer loop
      vertex   6.946410e+01 1.015000e+02 1.200000e+02
      vertex   6.946410e+01 1.130000e+02 1.200000e+02
      vertex   6.882843e+01 1.023284e+02 1.200000e+02
    endloop
  endfacet
  facet normal 0.000000e+00 0.000000e+00 1.000000e+00
    outer loop
      vertex   6.882843e+01 1.023284e+02 1.200000e+02
      vertex   6.946410e+01 1.130000e+02 1.200000e+02
      vertex   6.882843e+01 1.121716e+02 1.200000e+02
    endloop
  endfacet
  facet normal 0.000000e+00 -0.000000e+00 1.000000e+00
    outer loop
      vertex   6.882843e+01 1.023284e+02 1.200000e+02
      vertex   6.882843e+01 1.121716e+02 1.200000e+02
      vertex   6.800000e+01 1.029641e+02 1.200000e+02
    endloop
  endfacet
  facet normal 0.000000e+00 0.000000e+00 1.000000e+00
    outer loop
      vertex   6.800000e+01 1.029641e+02 1.200000e+02
      vertex   6.882843e+01 1.121716e+02 1.200000e+02
      vertex   6.800000e+01 1.115359e+02 1.200000e+02
    endloop
  endfacet
  facet normal 0.000000e+00 -0.000000e+00 1.000000e+00
    outer loop
      vertex   6.800000e+01 1.029641e+02 1.200000e+02
      vertex   6.800000e+01 1.115359e+02 1.200000e+02
      vertex   6.703528e+01 1.033637e+02 1.200000e+02
    endloop
  endfacet
  facet normal 0.000000e+00 0.000000e+00 1.000000e+00
    outer loop
      vertex   6.703528e+01 1.033637e+02 1.200000e+02
      vertex   6.800000e+01 1.115359e+02 1.200000e+02
      vertex   6.703528e+01 1.111363e+02 1.200000e+02
    endloop
  endfacet
  facet normal 0.000000e+00 -0.000000e+00 1.000000e+00
    outer loop
      vertex   6.703528e+01 1.033637e+02 1.200000e+02
      vertex   6.703528e+01 1.111363e+02 1.200000e+02
      vertex   6.600000e+01 1.035000e+02 1.200000e+02
    endloop
  endfacet
  facet normal 0.000000e+00 0.000000e+00 1.000000e+00
    outer loop
      vertex   6.600000e+01 1.035000e+02 1.200000e+02
      vertex   6.703528e+01 1.111363e+02 1.200000e+02
      vertex   6.600000e+01 1.110000e+02 1.200000e+02
    endloop
  endfacet
  facet normal 0.000000e+00 -0.000000e+00 1.000000e+00
    outer loop
      vertex   6.600000e+01 1.035000e+02 1.200000e+02
      vertex   6.600000e+01 1.110000e+02 1.200000e+02
      vertex   6.496472e+01 1.033637e+02 1.200000e+02
    endloop
  endfacet
  facet normal 0.000000e+00 0.000000e+00 1.000000e+00
    outer loop
      vertex   6.496472e+01 1.033637e+02 1.200000e+02
      vertex   6.600000e+01 1.110000e+02 1.200000e+02
      vertex   6.496472e+01 1.111363e+02 1.200000e+02
    endloop
  endfacet
  facet normal 0.000000e+00 -0.000000e+00 1.000000e+00
    outer loop
      vertex   6.496472e+01 1.033637e+02 1.200000e+02
      vertex   6.496472e+01 1.111363e+02 1.200000e+02
      vertex   6.400000e+01 1.029641e+02 1.200000e+02
    endloop
  endfacet
  facet normal 0.000000e+00 0.000000e+00 1.000000e+00
    outer loop
      vertex   6.400000e+01 1.029641e+02 1.200000e+02
      vertex   6.496472e+01 1.111363e+02 1.200000e+02
      vertex   6.400000e+01 1.115359e+02 1.200000e+02
    endloop
  endfacet
  facet normal 0.000000e+00 -0.000000e+00 1.000000e+00
    outer loop
      vertex   6.400000e+01 1.029641e+02 1.200000e+02
      vertex   6.400000e+01 1.115359e+02 1.200000e+02
      vertex   6.317157e+01 1.023284e+02 1.200000e+02
    endloop
  endfacet
  facet normal 0.000000e+00 0.000000e+00 1.000000e+00
    outer loop
      vertex   6.317157e+01 1.023284e+02 1.200000e+02
      vertex   6.400000e+01 1.115359e+02 1.200000e+02
      vertex   6.317157e+01 1.121716e+02 1.200000e+02
    endloop
  endfacet
  facet normal 0.000000e+00 -0.000000e+00 1.000000e+00
    outer loop
      vertex   6.317157e+01 1.023284e+02 1.200000e+02
      vertex   6.317157e+01 1.121716e+02 1.200000e+02
      vertex   6.253590e+01 1.015000e+02 1.200000e+02
    endloop
  endfacet
  facet normal 0.000000e+00 0.000000e+00 1.000000e+00
    outer loop
      vertex   6.253590e+01 1.015000e+02 1.200000e+02
      vertex   6.317157e+01 1.121716e+02 1.200000e+02
      vertex   6.253590e+01 1.130000e+02 1.200000e+02
    endloop
  endfacet
  facet normal 0.000000e+00 -0.000000e+00 1.000000e+00
    outer loop
      vertex   6.253590e+01 1.015000e+02 1.200000e+02
      vertex   6.253590e+01 1.130000e+02 1.200000e+02
      vertex   6.213630e+01 1.005353e+02 1.200000e+02
    endloop
  endfacet
  facet normal 0.000000e+00 0.000000e+00 1.000000e+00
    outer loop
      vertex   6.213630e+01 1.005353e+02 1.200000e+02
      vertex   6.253590e+01 1.130000e+02 1.200000e+02
      vertex   6.213630e+01 1.139647e+02 1.200000e+02
    endloop
  endfacet
  facet normal 0.000000e+00 -0.000000e+00 1.000000e+00
    outer loop
      vertex   6.213630e+01 1.005353e+02 1.200000e+02
      vertex   6.213630e+01 1.139647e+02 1.200000e+02
      vertex   6.200000e+01 9.950000e+01 1.200000e+02
    endloop
  endfacet
  facet normal 0.000000e+00 0.000000e+00 1.000000e+00
    outer loop
      vertex   6.200000e+01 9.950000e+01 1.200000e+02
      vertex   6.213630e+01 1.139647e+02 1.200000e+02
      vertex   6.200000e+01 1.150000e+02 1.200000e+02
    endloop
  endfacet
  facet normal 0.000000e+00 -0.000000e+00 1.000000e+00
    outer loop
      vertex   6.200000e+01 9.950000e+01 1.200000e+02
      vertex   6.200000e+01 1.150000e+02 1.200000e+02
      vertex   5.500000e+01 1.500000e+02 1.200000e+02
    endloop
  endfacet
  facet normal 0.000000e+00 0.000000e+00 1.000000e+00
    outer loop
      vertex   5.500000e+01 1.500000e+02 1.200000e+02
      vertex   6.200000e+01 1.150000e+02 1.200000e+02
      vertex   6.213630e+01 1.160353e+02 1.200000e+02
    endloop
  endfacet
  facet normal 0.000000e+00 0.000000e+00 1.000000e+00
    outer loop
      vertex   5.500000e+01 1.500000e+02 1.200000e+02
      vertex   6.213630e+01 1.160353e+02 1.200000e+02
      vertex   6.253590e+01 1.170000e+02 1.200000e+02
    endloop
  endfacet
  facet normal 0.000000e+00 -0.000000e+00 1.000000e+00
    outer loop
      vertex   6.253590e+01 1.170000e+02 1.200000e+02
      vertex   6.317157e+01 1.178284e+02 1.200000e+02
      vertex   5.500000e+01 1.500000e+02 1.200000e+02
    endloop
  endfacet
  facet normal 0.000000e+00 0.000000e+00 1.000000e+00
    outer loop
      vertex   5.500000e+01 1.500000e+02 1.200000e+02
      vertex   6.317157e+01 1.178284e+02 1.200000e+02
      vertex   6.400000e+01 1.184641e+02 1.200000e+02
    endloop
  endfacet
  facet normal -0.000000e+00 0.000000e+00 1.000000e+00
    outer loop
      vertex   5.500000e+01 1.500000e+02 1.200000e+02
      vertex   6.400000e+01 1.184641e+02 1.200000e+02
      vertex   7.000000e+01 1.500000e+02 1.200000e+02
    endloop
  endfacet
  facet normal 0.000000e+00 0.000000e+00 1.000000e+00
    outer loop
      vertex   7.000000e+01 1.500000e+02 1.200000e+02
      vertex   6.400000e+01 1.184641e+02 1.200000e+02
      vertex   6.496472e+01 1.188637e+02 1.200000e+02
    endloop
  endfacet
  facet normal 0.000000e+00 0.000000e+00 1.000000e+00
    outer loop
      vertex   7.000000e+01 1.500000e+02 1.200000e+02
      vertex   6.496472e+01 1.188637e+02 1.200000e+02
      vertex   6.600000e+01 1.190000e+02 1.200000e+02
    endloop
  endfacet
  facet normal -0.000000e+00 0.000000e+00 1.000000e+00
    outer loop
      vertex   6.600000e+01 1.190000e+02 1.200000e+02
      vertex   6.703528e+01 1.188637e+02 1.200000e+02
      vertex   7.000000e+01 1.500000e+02 1.200000e+02
    endloop
  endfacet
  facet normal 0.000000e+00 0.000000e+00 1.000000e+00
    outer loop
      vertex   7.000000e+01 1.500000e+02 1.200000e+02
      vertex   6.703528e+01 1.188637e+02 1.200000e+02
      vertex   6.800000e+01 1.184641e+02 1.200000e+02
    endloop
  endfacet
  facet normal 0.000000e+00 0.000000e+00 1.000000e+00
    outer loop
      vertex   7.000000e+01 1.500000e+02 1.200000e+02
      vertex   6.800000e+01 1.184641e+02 1.200000e+02
      vertex   6.882843e+01 1.178284e+02 1.200000e+02
    endloop
  endfacet
  facet normal -0.000000e+00 0.000000e+00 1.000000e+00
    outer loop
      vertex   6.882843e+01 1.178284e+02 1.200000e+02
      vertex   6.946410e+01 1.170000e+02 1.200000e+02
      vertex   7.000000e+01 1.500000e+02 1.200000e+02
    endloop
  endfacet
  facet normal 0.000000e+00 0.000000e+00 1.000000e+00
    outer loop
      vertex   7.000000e+01 1.500000e+02 1.200000e+02
      vertex   6.946410e+01 1.170000e+02 1.200000e+02
      vertex   6.986370e+01 1.160353e+02 1.200000e+02
    endloop
  endfacet
  facet normal 0.000000e+00 0.000000e+00 1.000000e+00
    outer loop
      vertex   7.000000e+01 1.500000e+02 1.200000e+02
      vertex   6.986370e+01 1.160353e+02 1.200000e+02
      vertex   8.000000e+01 1.396669e+02 1.200000e+02
    endloop
  endfacet
  facet normal 0.000000e+00 0.000000e+00 1.000000e+00
    outer loop
      vertex   8.000000e+01 1.396669e+02 1.200000e+02
      vertex   6.986370e+01 1.160353e+02 1.200000e+02
      vertex   7.000000e+01 1.150000e+02 1.200000e+02
    endloop
  endfacet
  facet normal 0.000000e+00 -0.000000e+00 1.000000e+00
    outer loop
      vertex   7.000000e+01 8.400000e+01 1.200000e+02
      vertex   7.000000e+01 9.950000e+01 1.200000e+02
      vertex   6.986370e+01 8.503528e+01 1.200000e+02
    endloop
  endfacet
  facet normal 0.000000e+00 0.000000e+00 1.000000e+00
    outer loop
      vertex   6.986370e+01 8.503528e+01 1.200000e+02
      vertex   7.000000e+01 9.950000e+01 1.200000e+02
      vertex   6.986370e+01 9.846473e+01 1.200000e+02
    endloop
  endfacet
  facet normal 0.000000e+00 -0.000000e+00 1.000000e+00
    outer loop
      vertex   6.986370e+01 8.503528e+01 1.200000e+02
      vertex   6.986370e+01 9.846473e+01 1.200000e+02
      vertex   6.946410e+01 8.600000e+01 1.200000e+02
    endloop
  endfacet
  facet normal 0.000000e+00 0.000000e+00 1.000000e+00
    outer loop
      vertex   6.946410e+01 8.600000e+01 1.200000e+02
      vertex   6.986370e+01 9.846473e+01 1.200000e+02
      vertex   6.946410e+01 9.750000e+01 1.200000e+02
    endloop
  endfacet
  facet normal 0.000000e+00 -0.000000e+00 1.000000e+00
    outer loop
      vertex   6.946410e+01 8.600000e+01 1.200000e+02
      vertex   6.946410e+01 9.750000e+01 1.200000e+02
      vertex   6.882843e+01 8.682843e+01 1.200000e+02
    endloop
  endfacet
  facet normal 0.000000e+00 0.000000e+00 1.000000e+00
    outer loop
      vertex   6.882843e+01 8.682843e+01 1.200000e+02
      vertex   6.946410e+01 9.750000e+01 1.200000e+02
      vertex   6.882843e+01 9.667157e+01 1.200000e+02
    endloop
  endfacet
  facet normal 0.000000e+00 -0.000000e+00 1.000000e+00
    outer loop
      vertex   6.882843e+01 8.682843e+01 1.200000e+02
      vertex   6.882843e+01 9.667157e+01 1.200000e+02
      vertex   6.800000e+01 8.746410e+01 1.200000e+02
    endloop
  endfacet
  facet normal 0.000000e+00 0.000000e+00 1.000000e+00
    outer loop
      vertex   6.800000e+01 8.746410e+01 1.200000e+02
      vertex   6.882843e+01 9.667157e+01 1.200000e+02
      vertex   6.800000e+01 9.603590e+01 1.200000e+02
    endloop
  endfacet
  facet normal 0.000000e+00 -0.000000e+00 1.000000e+00
    outer loop
      vertex   6.800000e+01 8.746410e+01 1.200000e+02
      vertex   6.800000e+01 9.603590e+01 1.200000e+02
      vertex   6.703528e+01 8.786371e+01 1.200000e+02
    endloop
  endfacet
  facet normal 0.000000e+00 0.000000e+00 1.000000e+00
    outer loop
      vertex   6.703528e+01 8.786371e+01 1.200000e+02
      vertex   6.800000e+01 9.603590e+01 1.200000e+02
      vertex   6.703528e+01 9.563630e+01 1.200000e+02
    endloop
  endfacet
  facet normal 0.000000e+00 -0.000000e+00 1.000000e+00
    outer loop
      vertex   6.703528e+01 8.786371e+01 1.200000e+02
      vertex   6.703528e+01 9.563630e+01 1.200000e+02
      vertex   6.600000e+01 8.800000e+01 1.200000e+02
    endloop
  endfacet
  facet normal 0.000000e+00 0.000000e+00 1.000000e+00
    outer loop
      vertex   6.600000e+01 8.800000e+01 1.200000e+02
      vertex   6.703528e+01 9.563630e+01 1.200000e+02
      vertex   6.600000e+01 9.550000e+01 1.200000e+02
    endloop
  endfacet
  facet normal 0.000000e+00 -0.000000e+00 1.000000e+00
    outer loop
      vertex   6.600000e+01 8.800000e+01 1.200000e+02
      vertex   6.600000e+01 9.550000e+01 1.200000e+02
      vertex   6.496472e+01 8.786371e+01 1.200000e+02
    endloop
  endfacet
  facet normal 0.000000e+00 0.000000e+00 1.000000e+00
    outer loop
      vertex   6.496472e+01 8.786371e+01 1.200000e+02
      vertex   6.600000e+01 9.550000e+01 1.200000e+02
      vertex   6.496472e+01 9.563630e+01 1.200000e+02
    endloop
  endfacet
  facet normal 0.000000e+00 -0.000000e+00 1.000000e+00
    outer loop
      vertex   6.496472e+01 8.786371e+01 1.200000e+02
      vertex   6.496472e+01 9.563630e+01 1.200000e+02
      vertex   6.400000e+01 8.746410e+01 1.200000e+02
    endloop
  endfacet
  facet normal 0.000000e+00 0.000000e+00 1.000000e+00
    outer loop
      vertex   6.400000e+01 8.746410e+01 1.200000e+02
      vertex   6.496472e+01 9.563630e+01 1.200000e+02
      vertex   6.400000e+01 9.603590e+01 1.200000e+02
    endloop
  endfacet
  facet normal 0.000000e+00 -0.000000e+00 1.000000e+00
    outer loop
      vertex   6.400000e+01 8.746410e+01 1.200000e+02
      vertex   6.400000e+01 9.603590e+01 1.200000e+02
      vertex   6.317157e+01 8.682843e+01 1.200000e+02
    endloop
  endfacet
  facet normal 0.000000e+00 0.000000e+00 1.000000e+00
    outer loop
      vertex   6.317157e+01 8.682843e+01 1.200000e+02
      vertex   6.400000e+01 9.603590e+01 1.200000e+02
      vertex   6.317157e+01 9.667157e+01 1.200000e+02
    endloop
  endfacet
  facet normal 0.000000e+00 -0.000000e+00 1.000000e+00
    outer loop
      vertex   6.317157e+01 8.682843e+01 1.200000e+02
      vertex   6.317157e+01 9.667157e+01 1.200000e+02
      vertex   6.253590e+01 8.600000e+01 1.200000e+02
    endloop
  endfacet
  facet normal 0.000000e+00 0.000000e+00 1.000000e+00
    outer loop
      vertex   6.253590e+01 8.600000e+01 1.200000e+02
      vertex   6.317157e+01 9.667157e+01 1.200000e+02
      vertex   6.253590e+01 9.750000e+01 1.200000e+02
    endloop
  endfacet
  facet normal 0.000000e+00 -0.000000e+00 1.000000e+00
    outer loop
      vertex   6.253590e+01 8.600000e+01 1.200000e+02
      vertex   6.253590e+01 9.750000e+01 1.200000e+02
      vertex   6.213630e+01 8.503528e+01 1.200000e+02
    endloop
  endfacet
  facet normal 0.000000e+00 0.000000e+00 1.000000e+00
    outer loop
      vertex   6.213630e+01 8.503528e+01 1.200000e+02
      vertex   6.253590e+01 9.750000e+01 1.200000e+02
      vertex   6.213630e+01 9.846473e+01 1.200000e+02
    endloop
  endfacet
  facet normal 0.000000e+00 -0.000000e+00 1.000000e+00
    outer loop
      vertex   6.213630e+01 8.503528e+01 1.200000e+02
      vertex   6.213630e+01 9.846473e+01 1.200000e+02
      vertex   6.200000e+01 8.400000e+01 1.200000e+02
    endloop
  endfacet
  facet normal 0.000000e+00 0.000000e+00 1.000000e+00
    outer loop
      vertex   6.200000e+01 8.400000e+01 1.200000e+02
      vertex   6.213630e+01 9.846473e+01 1.200000e+02
      vertex   6.200000e+01 9.950000e+01 1.200000e+02
    endloop
  endfacet
  facet normal 0.000000e+00 -0.000000e+00 1.000000e+00
    outer loop
      vertex   6.200000e+01 8.400000e+01 1.200000e+02
      vertex   6.200000e+01 9.950000e+01 1.200000e+02
      vertex   5.500000e+01 6.000000e+01 1.200000e+02
    endloop
  endfacet
  facet normal 0.000000e+00 0.000000e+00 1.000000e+00
    outer loop
      vertex   5.500000e+01 6.000000e+01 1.200000e+02
      vertex   6.200000e+01 9.950000e+01 1.200000e+02
      vertex   5.500000e+01 1.500000e+02 1.200000e+02
    endloop
  endfacet
  facet normal 0.000000e+00 0.000000e+00 1.000000e+00
    outer loop
      vertex   8.000000e+01 7.000198e+01 1.200000e+02
      vertex   6.986370e+01 8.296473e+01 1.200000e+02
      vertex   7.000000e+01 6.000000e+01 1.200000e+02
    endloop
  endfacet
  facet normal 0.000000e+00 0.000000e+00 1.000000e+00
    outer loop
      vertex   7.000000e+01 6.000000e+01 1.200000e+02
      vertex   6.986370e+01 8.296473e+01 1.200000e+02
      vertex   6.946410e+01 8.200000e+01 1.200000e+02
    endloop
  endfacet
  facet normal 0.000000e+00 0.000000e+00 1.000000e+00
    outer loop
      vertex   7.000000e+01 6.000000e+01 1.200000e+02
      vertex   6.946410e+01 8.200000e+01 1.200000e+02
      vertex   6.882843e+01 8.117157e+01 1.200000e+02
    endloop
  endfacet
  facet normal 0.000000e+00 0.000000e+00 1.000000e+00
    outer loop
      vertex   6.882843e+01 8.117157e+01 1.200000e+02
      vertex   6.800000e+01 8.053590e+01 1.200000e+02
      vertex   7.000000e+01 6.000000e+01 1.200000e+02
    endloop
  endfacet
  facet normal 0.000000e+00 0.000000e+00 1.000000e+00
    outer loop
      vertex   7.000000e+01 6.000000e+01 1.200000e+02
      vertex   6.800000e+01 8.053590e+01 1.200000e+02
      vertex   6.703528e+01 8.013630e+01 1.200000e+02
    endloop
  endfacet
  facet normal 0.000000e+00 0.000000e+00 1.000000e+00
    outer loop
      vertex   7.000000e+01 6.000000e+01 1.200000e+02
      vertex   6.703528e+01 8.013630e+01 1.200000e+02
      vertex   6.600000e+01 8.000000e+01 1.200000e+02
    endloop
  endfacet
  facet normal 0.000000e+00 0.000000e+00 1.000000e+00
    outer loop
      vertex   6.600000e+01 8.000000e+01 1.200000e+02
      vertex   6.496472e+01 8.013630e+01 1.200000e+02
      vertex   7.000000e+01 6.000000e+01 1.200000e+02
    endloop
  endfacet
  facet normal 0.000000e+00 0.000000e+00 1.000000e+00
    outer loop
      vertex   7.000000e+01 6.000000e+01 1.200000e+02
      vertex   6.496472e+01 8.013630e+01 1.200000e+02
      vertex   6.400000e+01 8.053590e+01 1.200000e+02
    endloop
  endfacet
  facet normal 0.000000e+00 0.000000e+00 1.000000e+00
    outer loop
      vertex   7.000000e+01 6.000000e+01 1.200000e+02
      vertex   6.400000e+01 8.053590e+01 1.200000e+02
      vertex   5.500000e+01 6.000000e+01 1.200000e+02
    endloop
  endfacet
  facet normal 0.000000e+00 0.000000e+00 1.000000e+00
    outer loop
      vertex   5.500000e+01 6.000000e+01 1.200000e+02
      vertex   6.400000e+01 8.053590e+01 1.200000e+02
      vertex   6.317157e+01 8.117157e+01 1.200000e+02
    endloop
  endfacet
  facet normal 0.000000e+00 0.000000e+00 1.000000e+00
    outer loop
      vertex   5.500000e+01 6.000000e+01 1.200000e+02
      vertex   6.317157e+01 8.117157e+01 1.200000e+02
      vertex   6.253590e+01 8.200000e+01 1.200000e+02
    endloop
  endfacet
  facet normal 0.000000e+00 0.000000e+00 1.000000e+00
    outer loop
      vertex   6.253590e+01 8.200000e+01 1.200000e+02
      vertex   6.213630e+01 8.296473e+01 1.200000e+02
      vertex   5.500000e+01 6.000000e+01 1.200000e+02
    endloop
  endfacet
  facet normal 0.000000e+00 0.000000e+00 1.000000e+00
    outer loop
      vertex   5.500000e+01 6.000000e+01 1.200000e+02
      vertex   6.213630e+01 8.296473e+01 1.200000e+02
      vertex   6.200000e+01 8.400000e+01 1.200000e+02
    endloop
  endfacet
  facet normal -1.000000e+00 0.000000e+00 0.000000e+00
    outer loop
      vertex   5.500000e+01 1.250000e+02 9.500000e+01
      vertex   5.500000e+01 1.500000e+02 1.200000e+02
      vertex   5.500000e+01 1.250000e+02 8.000000e+01
    endloop
  endfacet
  facet normal -1.000000e+00 0.000000e+00 0.000000e+00
    outer loop
      vertex   5.500000e+01 1.250000e+02 8.000000e+01
      vertex   5.500000e+01 1.500000e+02 1.200000e+02
      vertex   5.500000e+01 1.320671e+02 5.109337e+01
    endloop
  endfacet
  facet normal -1.000000e+00 0.000000e+00 0.000000e+00
    outer loop
      vertex   5.500000e+01 1.250000e+02 8.000000e+01
      vertex   5.500000e+01 1.320671e+02 5.109337e+01
      vertex   5.500000e+01 1.315102e+02 4.841264e+01
    endloop
  endfacet
  facet normal -1.000000e+00 -0.000000e+00 0.000000e+00
    outer loop
      vertex   5.500000e+01 1.500000e+02 1.200000e+02
      vertex   5.500000e+01 1.250000e+02 9.500000e+01
      vertex   5.500000e+01 6.000000e+01 1.200000e+02
    endloop
  endfacet
  facet normal -1.000000e+00 0.000000e+00 0.000000e+00
    outer loop
      vertex   5.500000e+01 6.000000e+01 1.200000e+02
      vertex   5.500000e+01 1.250000e+02 9.500000e+01
      vertex   5.500000e+01 7.500000e+01 9.500000e+01
    endloop
  endfacet
  facet normal -1.000000e+00 0.000000e+00 0.000000e+00
    outer loop
      vertex   5.500000e+01 6.000000e+01 1.200000e+02
      vertex   5.500000e+01 7.500000e+01 9.500000e+01
      vertex   5.500000e+01 7.500000e+01 8.000000e+01
    endloop
  endfacet
  facet normal -1.000000e+00 -0.000000e+00 -0.000000e+00
    outer loop
      vertex   5.500000e+01 1.250000e+02 8.000000e+01
      vertex   5.500000e+01 1.315102e+02 4.841264e+01
      vertex   5.500000e+01 7.500000e+01 8.000000e+01
    endloop
  endfacet
  facet normal -1.000000e+00 0.000000e+00 0.000000e+00
    outer loop
      vertex   5.500000e+01 7.500000e+01 8.000000e+01
      vertex   5.500000e+01 1.315102e+02 4.841264e+01
      vertex   5.500000e+01 1.312224e+02 4.568985e+01
    endloop
  endfacet
  facet normal -1.000000e+00 0.000000e+00 0.000000e+00
    outer loop
      vertex   5.500000e+01 7.500000e+01 8.000000e+01
      vertex   5.500000e+01 1.312224e+02 4.568985e+01
      vertex   5.500000e+01 1.312066e+02 4.295193e+01
    endloop
  endfacet
  facet normal -1.000000e+00 0.000000e+00 0.000000e+00
    outer loop
      vertex   5.500000e+01 1.845323e+02 -2.084139e+01
      vertex   5.500000e+01 1.965519e+02 -1.936988e+01
      vertex   5.500000e+01 1.846773e+02 -2.370195e+01
    endloop
  endfacet
  facet normal -1.000000e+00 0.000000e+00 0.000000e+00
    outer loop
      vertex   5.500000e+01 1.846773e+02 -2.370195e+01
      vertex   5.500000e+01 1.965519e+02 -1.936988e+01
      vertex   5.500000e+01 1.967739e+02 -2.275726e+01
    endloop
  endfacet
  facet normal -1.000000e+00 0.000000e+00 0.000000e+00
    outer loop
      vertex   5.500000e+01 1.846773e+02 -2.370195e+01
      vertex   5.500000e+01 1.967739e+02 -2.275726e+01
      vertex   5.500000e+01 1.967106e+02 -2.615131e+01
    endloop
  endfacet
  facet normal -1.000000e+00 -0.000000e+00 0.000000e+00
    outer loop
      vertex   5.500000e+01 1.965519e+02 -1.936988e+01
      vertex   5.500000e+01 1.845323e+02 -2.084139e+01
      vertex   5.500000e+01 1.960462e+02 -1.601312e+01
    endloop
  endfacet
  facet normal -1.000000e+00 0.000000e+00 0.000000e+00
    outer loop
      vertex   5.500000e+01 1.960462e+02 -1.601312e+01
      vertex   5.500000e+01 1.845323e+02 -2.084139e+01
      vertex   5.500000e+01 1.840985e+02 -1.801018e+01
    endloop
  endfacet
  facet normal -1.000000e+00 -0.000000e+00 0.000000e+00
    outer loop
      vertex   5.500000e+01 1.960462e+02 -1.601312e+01
      vertex   5.500000e+01 1.840985e+02 -1.801018e+01
      vertex   5.500000e+01 1.952604e+02 -1.271069e+01
    endloop
  endfacet
  facet normal -1.000000e+00 -0.000000e+00 0.000000e+00
    outer loop
      vertex   5.500000e+01 1.952604e+02 -1.271069e+01
      vertex   5.500000e+01 1.840985e+02 -1.801018e+01
      vertex   5.500000e+01 1.942000e+02 -9.485920e+00
    endloop
  endfacet
  facet normal -1.000000e+00 0.000000e+00 0.000000e+00
    outer loop
      vertex   5.500000e+01 1.942000e+02 -9.485920e+00
      vertex   5.500000e+01 1.840985e+02 -1.801018e+01
      vertex   5.500000e+01 1.833806e+02 -1.523738e+01
    endloop
  endfacet
  facet normal -1.000000e+00 -0.000000e+00 0.000000e+00
    outer loop
      vertex   5.500000e+01 1.942000e+02 -9.485920e+00
      vertex   5.500000e+01 1.833806e+02 -1.523738e+01
      vertex   5.500000e+01 1.928725e+02 -6.361609e+00
    endloop
  endfacet
  facet normal -1.000000e+00 0.000000e+00 0.000000e+00
    outer loop
      vertex   5.500000e+01 1.928725e+02 -6.361609e+00
      vertex   5.500000e+01 1.833806e+02 -1.523738e+01
      vertex   5.500000e+01 1.823858e+02 -1.255144e+01
    endloop
  endfacet
  facet normal -1.000000e+00 -0.000000e+00 0.000000e+00
    outer loop
      vertex   5.500000e+01 1.928725e+02 -6.361609e+00
      vertex   5.500000e+01 1.823858e+02 -1.255144e+01
      vertex   5.500000e+01 1.912872e+02 -3.359832e+00
    endloop
  endfacet
  facet normal -1.000000e+00 0.000000e+00 0.000000e+00
    outer loop
      vertex   5.500000e+01 1.912872e+02 -3.359832e+00
      vertex   5.500000e+01 1.823858e+02 -1.255144e+01
      vertex   5.500000e+01 1.811244e+02 -9.979915e+00
    endloop
  endfacet
  facet normal -1.000000e+00 -0.000000e+00 0.000000e+00
    outer loop
      vertex   5.500000e+01 1.912872e+02 -3.359832e+00
      vertex   5.500000e+01 1.811244e+02 -9.979915e+00
      vertex   5.500000e+01 1.894555e+02 -5.017978e-01
    endloop
  endfacet
  facet normal -1.000000e+00 -0.000000e+00 0.000000e+00
    outer loop
      vertex   5.500000e+01 1.894555e+02 -5.017978e-01
      vertex   5.500000e+01 1.811244e+02 -9.979915e+00
      vertex   5.500000e+01 1.873902e+02 2.192296e+00
    endloop
  endfacet
  facet normal -1.000000e+00 0.000000e+00 0.000000e+00
    outer loop
      vertex   5.500000e+01 1.873902e+02 2.192296e+00
      vertex   5.500000e+01 1.811244e+02 -9.979915e+00
      vertex   5.500000e+01 1.796094e+02 -7.549198e+00
    endloop
  endfacet
  facet normal -1.000000e+00 -0.000000e+00 0.000000e+00
    outer loop
      vertex   5.500000e+01 1.873902e+02 2.192296e+00
      vertex   5.500000e+01 1.796094e+02 -7.549198e+00
      vertex   5.500000e+01 1.851059e+02 4.703413e+00
    endloop
  endfacet
  facet normal -1.000000e+00 0.000000e+00 0.000000e+00
    outer loop
      vertex   5.500000e+01 1.851059e+02 4.703413e+00
      vertex   5.500000e+01 1.796094e+02 -7.549198e+00
      vertex   5.500000e+01 1.778562e+02 -5.284230e+00
    endloop
  endfacet
  facet normal -1.000000e+00 -0.000000e+00 0.000000e+00
    outer loop
      vertex   5.500000e+01 1.851059e+02 4.703413e+00
      vertex   5.500000e+01 1.778562e+02 -5.284230e+00
      vertex   5.500000e+01 1.826188e+02 7.013808e+00
    endloop
  endfacet
  facet normal -1.000000e+00 0.000000e+00 0.000000e+00
    outer loop
      vertex   5.500000e+01 1.826188e+02 7.013808e+00
      vertex   5.500000e+01 1.778562e+02 -5.284230e+00
      vertex   5.500000e+01 1.758828e+02 -3.208252e+00
    endloop
  endfacet
  facet normal -1.000000e+00 -0.000000e+00 0.000000e+00
    outer loop
      vertex   5.500000e+01 1.826188e+02 7.013808e+00
      vertex   5.500000e+01 1.758828e+02 -3.208252e+00
      vertex   5.500000e+01 1.799465e+02 9.107155e+00
    endloop
  endfacet
  facet normal -1.000000e+00 0.000000e+00 0.000000e+00
    outer loop
      vertex   5.500000e+01 1.799465e+02 9.107155e+00
      vertex   5.500000e+01 1.758828e+02 -3.208252e+00
      vertex   5.500000e+01 1.737095e+02 -1.342568e+00
    endloop
  endfacet
  facet normal -1.000000e+00 -0.000000e+00 0.000000e+00
    outer loop
      vertex   5.500000e+01 1.799465e+02 9.107155e+00
      vertex   5.500000e+01 1.737095e+02 -1.342568e+00
      vertex   5.500000e+01 1.771077e+02 1.096866e+01
    endloop
  endfacet
  facet normal -1.000000e+00 0.000000e+00 0.000000e+00
    outer loop
      vertex   5.500000e+01 1.771077e+02 1.096866e+01
      vertex   5.500000e+01 1.737095e+02 -1.342568e+00
      vertex   5.500000e+01 1.713587e+02 2.936788e-01
    endloop
  endfacet
  facet normal -1.000000e+00 -0.000000e+00 0.000000e+00
    outer loop
      vertex   5.500000e+01 1.771077e+02 1.096866e+01
      vertex   5.500000e+01 1.713587e+02 2.936788e-01
      vertex   5.500000e+01 1.741227e+02 1.258518e+01
    endloop
  endfacet
  facet normal -1.000000e+00 0.000000e+00 0.000000e+00
    outer loop
      vertex   5.500000e+01 1.741227e+02 1.258518e+01
      vertex   5.500000e+01 1.713587e+02 2.936788e-01
      vertex   5.500000e+01 1.688543e+02 1.683698e+00
    endloop
  endfacet
  facet normal -1.000000e+00 -0.000000e+00 0.000000e+00
    outer loop
      vertex   5.500000e+01 1.741227e+02 1.258518e+01
      vertex   5.500000e+01 1.688543e+02 1.683698e+00
      vertex   5.500000e+01 1.710124e+02 1.394527e+01
    endloop
  endfacet
  facet normal -1.000000e+00 0.000000e+00 0.000000e+00
    outer loop
      vertex   5.500000e+01 1.710124e+02 1.394527e+01
      vertex   5.500000e+01 1.688543e+02 1.683698e+00
      vertex   5.500000e+01 1.662222e+02 2.813226e+00
    endloop
  endfacet
  facet normal -1.000000e+00 -0.000000e+00 0.000000e+00
    outer loop
      vertex   5.500000e+01 1.710124e+02 1.394527e+01
      vertex   5.500000e+01 1.662222e+02 2.813226e+00
      vertex   5.500000e+01 1.677989e+02 1.503934e+01
    endloop
  endfacet
  facet normal -1.000000e+00 0.000000e+00 0.000000e+00
    outer loop
      vertex   5.500000e+01 1.677989e+02 1.503934e+01
      vertex   5.500000e+01 1.662222e+02 2.813226e+00
      vertex   5.500000e+01 1.634893e+02 3.670673e+00
    endloop
  endfacet
  facet normal -1.000000e+00 -0.000000e+00 0.000000e+00
    outer loop
      vertex   5.500000e+01 1.677989e+02 1.503934e+01
      vertex   5.500000e+01 1.634893e+02 3.670673e+00
      vertex   5.500000e+01 1.645049e+02 1.585965e+01
    endloop
  endfacet
  facet normal -1.000000e+00 0.000000e+00 0.000000e+00
    outer loop
      vertex   5.500000e+01 1.645049e+02 1.585965e+01
      vertex   5.500000e+01 1.634893e+02 3.670673e+00
      vertex   5.500000e+01 1.606837e+02 4.247239e+00
    endloop
  endfacet
  facet normal -1.000000e+00 -0.000000e+00 0.000000e+00
    outer loop
      vertex   5.500000e+01 1.645049e+02 1.585965e+01
      vertex   5.500000e+01 1.606837e+02 4.247239e+00
      vertex   5.500000e+01 1.611536e+02 1.640041e+01
    endloop
  endfacet
  facet normal -1.000000e+00 0.000000e+00 0.000000e+00
    outer loop
      vertex   5.500000e+01 1.611536e+02 1.640041e+01
      vertex   5.500000e+01 1.606837e+02 4.247239e+00
      vertex   5.500000e+01 1.578342e+02 4.537009e+00
    endloop
  endfacet
  facet normal -1.000000e+00 -0.000000e+00 0.000000e+00
    outer loop
      vertex   5.500000e+01 1.611536e+02 1.640041e+01
      vertex   5.500000e+01 1.578342e+02 4.537009e+00
      vertex   5.500000e+01 1.577687e+02 1.665779e+01
    endloop
  endfacet
  facet normal -1.000000e+00 0.000000e+00 -0.000000e+00
    outer loop
      vertex   5.500000e+01 1.577687e+02 1.665779e+01
      vertex   5.500000e+01 1.578342e+02 4.537009e+00
      vertex   5.500000e+01 1.549700e+02 4.537009e+00
    endloop
  endfacet
  facet normal -1.000000e+00 -0.000000e+00 0.000000e+00
    outer loop
      vertex   5.500000e+01 1.577687e+02 1.665779e+01
      vertex   5.500000e+01 1.549700e+02 4.537009e+00
      vertex   5.500000e+01 1.550403e+02 1.688645e+01
    endloop
  endfacet
  facet normal -1.000000e+00 0.000000e+00 0.000000e+00
    outer loop
      vertex   5.500000e+01 1.550403e+02 1.688645e+01
      vertex   5.500000e+01 1.549700e+02 4.537009e+00
      vertex   5.500000e+01 1.521204e+02 4.247239e+00
    endloop
  endfacet
  facet normal -1.000000e+00 -0.000000e+00 0.000000e+00
    outer loop
      vertex   5.500000e+01 1.550403e+02 1.688645e+01
      vertex   5.500000e+01 1.521204e+02 4.247239e+00
      vertex   5.500000e+01 1.523482e+02 1.738510e+01
    endloop
  endfacet
  facet normal -1.000000e+00 0.000000e+00 0.000000e+00
    outer loop
      vertex   5.500000e+01 1.523482e+02 1.738510e+01
      vertex   5.500000e+01 1.521204e+02 4.247239e+00
      vertex   5.500000e+01 1.493148e+02 3.670673e+00
    endloop
  endfacet
  facet normal -1.000000e+00 -0.000000e+00 0.000000e+00
    outer loop
      vertex   5.500000e+01 1.523482e+02 1.738510e+01
      vertex   5.500000e+01 1.493148e+02 3.670673e+00
      vertex   5.500000e+01 1.497189e+02 1.814878e+01
    endloop
  endfacet
  facet normal -1.000000e+00 0.000000e+00 0.000000e+00
    outer loop
      vertex   5.500000e+01 1.497189e+02 1.814878e+01
      vertex   5.500000e+01 1.493148e+02 3.670673e+00
      vertex   5.500000e+01 1.465819e+02 2.813226e+00
    endloop
  endfacet
  facet normal -1.000000e+00 -0.000000e+00 0.000000e+00
    outer loop
      vertex   5.500000e+01 1.497189e+02 1.814878e+01
      vertex   5.500000e+01 1.465819e+02 2.813226e+00
      vertex   5.500000e+01 1.471785e+02 1.916996e+01
    endloop
  endfacet
  facet normal -1.000000e+00 -0.000000e+00 0.000000e+00
    outer loop
      vertex   5.500000e+01 1.471785e+02 1.916996e+01
      vertex   5.500000e+01 1.465819e+02 2.813226e+00
      vertex   5.500000e+01 1.447521e+02 2.043850e+01
    endloop
  endfacet
  facet normal -1.000000e+00 0.000000e+00 -0.000000e+00
    outer loop
      vertex   5.500000e+01 1.447521e+02 2.043850e+01
      vertex   5.500000e+01 1.465819e+02 2.813226e+00
      vertex   5.500000e+01 1.439498e+02 1.683698e+00
    endloop
  endfacet
  facet normal -1.000000e+00 -0.000000e+00 0.000000e+00
    outer loop
      vertex   5.500000e+01 1.447521e+02 2.043850e+01
      vertex   5.500000e+01 1.439498e+02 1.683698e+00
      vertex   5.500000e+01 1.424638e+02 2.194187e+01
    endloop
  endfacet
  facet normal -1.000000e+00 0.000000e+00 -0.000000e+00
    outer loop
      vertex   5.500000e+01 1.424638e+02 2.194187e+01
      vertex   5.500000e+01 1.439498e+02 1.683698e+00
      vertex   5.500000e+01 1.414455e+02 2.936788e-01
    endloop
  endfacet
  facet normal -1.000000e+00 -0.000000e+00 0.000000e+00
    outer loop
      vertex   5.500000e+01 1.424638e+02 2.194187e+01
      vertex   5.500000e+01 1.414455e+02 2.936788e-01
      vertex   5.500000e+01 1.403362e+02 2.366518e+01
    endloop
  endfacet
  facet normal -1.000000e+00 0.000000e+00 -0.000000e+00
    outer loop
      vertex   5.500000e+01 1.403362e+02 2.366518e+01
      vertex   5.500000e+01 1.414455e+02 2.936788e-01
      vertex   5.500000e+01 1.390946e+02 -1.342568e+00
    endloop
  endfacet
  facet normal -1.000000e+00 -0.000000e+00 0.000000e+00
    outer loop
      vertex   5.500000e+01 1.403362e+02 2.366518e+01
      vertex   5.500000e+01 1.390946e+02 -1.342568e+00
      vertex   5.500000e+01 1.383904e+02 2.559137e+01
    endloop
  endfacet
  facet normal -1.000000e+00 0.000000e+00 -0.000000e+00
    outer loop
      vertex   5.500000e+01 1.383904e+02 2.559137e+01
      vertex   5.500000e+01 1.390946e+02 -1.342568e+00
      vertex   5.500000e+01 1.369214e+02 -3.208252e+00
    endloop
  endfacet
  facet normal -1.000000e+00 -0.000000e+00 0.000000e+00
    outer loop
      vertex   5.500000e+01 1.383904e+02 2.559137e+01
      vertex   5.500000e+01 1.369214e+02 -3.208252e+00
      vertex   5.500000e+01 1.366456e+02 2.770137e+01
    endloop
  endfacet
  facet normal -1.000000e+00 0.000000e+00 -0.000000e+00
    outer loop
      vertex   5.500000e+01 1.366456e+02 2.770137e+01
      vertex   5.500000e+01 1.369214e+02 -3.208252e+00
      vertex   5.500000e+01 1.349480e+02 -5.284230e+00
    endloop
  endfacet
  facet normal -1.000000e+00 -0.000000e+00 0.000000e+00
    outer loop
      vertex   5.500000e+01 1.366456e+02 2.770137e+01
      vertex   5.500000e+01 1.349480e+02 -5.284230e+00
      vertex   5.500000e+01 1.351191e+02 2.997431e+01
    endloop
  endfacet
  facet normal -1.000000e+00 0.000000e+00 0.000000e+00
    outer loop
      vertex   5.500000e+01 1.351191e+02 2.997431e+01
      vertex   5.500000e+01 1.349480e+02 -5.284230e+00
      vertex   5.500000e+01 1.331948e+02 -7.549198e+00
    endloop
  endfacet
  facet normal -1.000000e+00 -0.000000e+00 0.000000e+00
    outer loop
      vertex   5.500000e+01 1.351191e+02 2.997431e+01
      vertex   5.500000e+01 1.331948e+02 -7.549198e+00
      vertex   5.500000e+01 1.338260e+02 3.238768e+01
    endloop
  endfacet
  facet normal -1.000000e+00 0.000000e+00 0.000000e+00
    outer loop
      vertex   5.500000e+01 1.338260e+02 3.238768e+01
      vertex   5.500000e+01 1.331948e+02 -7.549198e+00
      vertex   5.500000e+01 1.316797e+02 -9.979915e+00
    endloop
  endfacet
  facet normal -1.000000e+00 -0.000000e+00 0.000000e+00
    outer loop
      vertex   5.500000e+01 1.338260e+02 3.238768e+01
      vertex   5.500000e+01 1.316797e+02 -9.979915e+00
      vertex   5.500000e+01 1.327791e+02 3.491760e+01
    endloop
  endfacet
  facet normal -1.000000e+00 0.000000e+00 0.000000e+00
    outer loop
      vertex   5.500000e+01 1.327791e+02 3.491760e+01
      vertex   5.500000e+01 1.316797e+02 -9.979915e+00
      vertex   5.500000e+01 1.304183e+02 -1.255144e+01
    endloop
  endfacet
  facet normal -1.000000e+00 0.000000e+00 0.000000e+00
    outer loop
      vertex   5.500000e+01 1.327791e+02 3.491760e+01
      vertex   5.500000e+01 1.304183e+02 -1.255144e+01
      vertex   5.500000e+01 6.434120e+01 8.025614e+00
    endloop
  endfacet
  facet normal -1.000000e+00 0.000000e+00 0.000000e+00
    outer loop
      vertex   5.500000e+01 6.434120e+01 8.025614e+00
      vertex   5.500000e+01 1.304183e+02 -1.255144e+01
      vertex   5.500000e+01 1.294236e+02 -1.523738e+01
    endloop
  endfacet
  facet normal -1.000000e+00 0.000000e+00 0.000000e+00
    outer loop
      vertex   5.500000e+01 6.434120e+01 8.025614e+00
      vertex   5.500000e+01 1.294236e+02 -1.523738e+01
      vertex   5.500000e+01 1.287056e+02 -1.801018e+01
    endloop
  endfacet
  facet normal -1.000000e+00 -0.000000e+00 0.000000e+00
    outer loop
      vertex   5.500000e+01 1.287056e+02 -1.801018e+01
      vertex   5.500000e+01 1.282719e+02 -2.084139e+01
      vertex   5.500000e+01 6.434120e+01 8.025614e+00
    endloop
  endfacet
  facet normal -1.000000e+00 0.000000e+00 0.000000e+00
    outer loop
      vertex   5.500000e+01 6.434120e+01 8.025614e+00
      vertex   5.500000e+01 1.282719e+02 -2.084139e+01
      vertex   5.500000e+01 1.281268e+02 -2.370195e+01
    endloop
  endfacet
  facet normal -1.000000e+00 0.000000e+00 0.000000e+00
    outer loop
      vertex   5.500000e+01 6.434120e+01 8.025614e+00
      vertex   5.500000e+01 1.281268e+02 -2.370195e+01
      vertex   5.500000e+01 1.282719e+02 -2.656251e+01
    endloop
  endfacet
  facet normal -1.000000e+00 -0.000000e+00 -0.000000e+00
    outer loop
      vertex   5.500000e+01 1.282719e+02 -2.656251e+01
      vertex   5.500000e+01 1.287056e+02 -2.939371e+01
      vertex   5.500000e+01 6.434120e+01 8.025614e+00
    endloop
  endfacet
  facet normal -1.000000e+00 0.000000e+00 0.000000e+00
    outer loop
      vertex   5.500000e+01 6.434120e+01 8.025614e+00
      vertex   5.500000e+01 1.287056e+02 -2.939371e+01
      vertex   5.500000e+01 1.294236e+02 -3.216651e+01
    endloop
  endfacet
  facet normal -1.000000e+00 0.000000e+00 0.000000e+00
    outer loop
      vertex   5.500000e+01 6.434120e+01 8.025614e+00
      vertex   5.500000e+01 1.294236e+02 -3.216651e+01
      vertex   5.500000e+01 1.304183e+02 -3.485246e+01
    endloop
  endfacet
  facet normal -1.000000e+00 0.000000e+00 0.000000e+00
    outer loop
      vertex   5.500000e+01 6.434120e+01 8.025614e+00
      vertex   5.500000e+01 1.304183e+02 -3.485246e+01
      vertex   5.500000e+01 1.364719e+02 -5.831744e+01
    endloop
  endfacet
  facet normal -1.000000e+00 0.000000e+00 0.000000e+00
    outer loop
      vertex   5.500000e+01 1.364719e+02 -5.831744e+01
      vertex   5.500000e+01 1.304183e+02 -3.485246e+01
      vertex   5.500000e+01 1.316797e+02 -3.742398e+01
    endloop
  endfacet
  facet normal -1.000000e+00 0.000000e+00 0.000000e+00
    outer loop
      vertex   5.500000e+01 1.364719e+02 -5.831744e+01
      vertex   5.500000e+01 1.316797e+02 -3.742398e+01
      vertex   5.500000e+01 1.331948e+02 -3.985470e+01
    endloop
  endfacet
  facet normal -1.000000e+00 0.000000e+00 0.000000e+00
    outer loop
      vertex   5.500000e+01 1.331948e+02 -3.985470e+01
      vertex   5.500000e+01 1.349480e+02 -4.211967e+01
      vertex   5.500000e+01 1.364719e+02 -5.831744e+01
    endloop
  endfacet
  facet normal -1.000000e+00 0.000000e+00 0.000000e+00
    outer loop
      vertex   5.500000e+01 1.364719e+02 -5.831744e+01
      vertex   5.500000e+01 1.349480e+02 -4.211967e+01
      vertex   5.500000e+01 1.369214e+02 -4.419564e+01
    endloop
  endfacet
  facet normal -1.000000e+00 0.000000e+00 0.000000e+00
    outer loop
      vertex   5.500000e+01 1.364719e+02 -5.831744e+01
      vertex   5.500000e+01 1.369214e+02 -4.419564e+01
      vertex   5.500000e+01 1.390946e+02 -4.606133e+01
    endloop
  endfacet
  facet normal -1.000000e+00 0.000000e+00 -0.000000e+00
    outer loop
      vertex   5.500000e+01 1.390946e+02 -4.606133e+01
      vertex   5.500000e+01 1.414455e+02 -4.769757e+01
      vertex   5.500000e+01 1.364719e+02 -5.831744e+01
    endloop
  endfacet
  facet normal -1.000000e+00 0.000000e+00 0.000000e+00
    outer loop
      vertex   5.500000e+01 1.364719e+02 -5.831744e+01
      vertex   5.500000e+01 1.414455e+02 -4.769757e+01
      vertex   5.500000e+01 1.374986e+02 -5.916543e+01
    endloop
  endfacet
  facet normal -1.000000e+00 0.000000e+00 0.000000e+00
    outer loop
      vertex   5.500000e+01 1.374986e+02 -5.916543e+01
      vertex   5.500000e+01 1.414455e+02 -4.769757e+01
      vertex   5.500000e+01 1.386098e+02 -5.989938e+01
    endloop
  endfacet
  facet normal -1.000000e+00 0.000000e+00 0.000000e+00
    outer loop
      vertex   5.500000e+01 1.386098e+02 -5.989938e+01
      vertex   5.500000e+01 1.414455e+02 -4.769757e+01
      vertex   5.500000e+01 1.439498e+02 -4.908759e+01
    endloop
  endfacet
  facet normal -1.000000e+00 0.000000e+00 0.000000e+00
    outer loop
      vertex   5.500000e+01 1.386098e+02 -5.989938e+01
      vertex   5.500000e+01 1.439498e+02 -4.908759e+01
      vertex   5.500000e+01 1.397927e+02 -6.051097e+01
    endloop
  endfacet
  facet normal -1.000000e+00 0.000000e+00 0.000000e+00
    outer loop
      vertex   5.500000e+01 1.397927e+02 -6.051097e+01
      vertex   5.500000e+01 1.439498e+02 -4.908759e+01
      vertex   5.500000e+01 1.429429e+02 -6.177589e+01
    endloop
  endfacet
  facet normal -1.000000e+00 0.000000e+00 0.000000e+00
    outer loop
      vertex   5.500000e+01 1.429429e+02 -6.177589e+01
      vertex   5.500000e+01 1.439498e+02 -4.908759e+01
      vertex   5.500000e+01 1.465819e+02 -5.021712e+01
    endloop
  endfacet
  facet normal -1.000000e+00 0.000000e+00 0.000000e+00
    outer loop
      vertex   5.500000e+01 1.429429e+02 -6.177589e+01
      vertex   5.500000e+01 1.465819e+02 -5.021712e+01
      vertex   5.500000e+01 1.461881e+02 -6.277177e+01
    endloop
  endfacet
  facet normal -1.000000e+00 0.000000e+00 0.000000e+00
    outer loop
      vertex   5.500000e+01 1.461881e+02 -6.277177e+01
      vertex   5.500000e+01 1.465819e+02 -5.021712e+01
      vertex   5.500000e+01 1.493148e+02 -5.107457e+01
    endloop
  endfacet
  facet normal -1.000000e+00 0.000000e+00 0.000000e+00
    outer loop
      vertex   5.500000e+01 1.461881e+02 -6.277177e+01
      vertex   5.500000e+01 1.493148e+02 -5.107457e+01
      vertex   5.500000e+01 1.495056e+02 -6.349157e+01
    endloop
  endfacet
  facet normal -1.000000e+00 0.000000e+00 0.000000e+00
    outer loop
      vertex   5.500000e+01 1.495056e+02 -6.349157e+01
      vertex   5.500000e+01 1.493148e+02 -5.107457e+01
      vertex   5.500000e+01 1.521204e+02 -5.165113e+01
    endloop
  endfacet
  facet normal -1.000000e+00 0.000000e+00 0.000000e+00
    outer loop
      vertex   5.500000e+01 1.495056e+02 -6.349157e+01
      vertex   5.500000e+01 1.521204e+02 -5.165113e+01
      vertex   5.500000e+01 1.528718e+02 -6.393021e+01
    endloop
  endfacet
  facet normal -1.000000e+00 0.000000e+00 0.000000e+00
    outer loop
      vertex   5.500000e+01 1.528718e+02 -6.393021e+01
      vertex   5.500000e+01 1.521204e+02 -5.165113e+01
      vertex   5.500000e+01 1.549700e+02 -5.194090e+01
    endloop
  endfacet
  facet normal -1.000000e+00 0.000000e+00 0.000000e+00
    outer loop
      vertex   5.500000e+01 1.528718e+02 -6.393021e+01
      vertex   5.500000e+01 1.549700e+02 -5.194090e+01
      vertex   5.500000e+01 1.562629e+02 -6.408457e+01
    endloop
  endfacet
  facet normal -1.000000e+00 0.000000e+00 0.000000e+00
    outer loop
      vertex   5.500000e+01 1.562629e+02 -6.408457e+01
      vertex   5.500000e+01 1.549700e+02 -5.194090e+01
      vertex   5.500000e+01 1.578342e+02 -5.194090e+01
    endloop
  endfacet
  facet normal -1.000000e+00 0.000000e+00 0.000000e+00
    outer loop
      vertex   5.500000e+01 1.562629e+02 -6.408457e+01
      vertex   5.500000e+01 1.578342e+02 -5.194090e+01
      vertex   5.500000e+01 1.596550e+02 -6.395359e+01
    endloop
  endfacet
  facet normal -1.000000e+00 0.000000e+00 0.000000e+00
    outer loop
      vertex   5.500000e+01 1.596550e+02 -6.395359e+01
      vertex   5.500000e+01 1.578342e+02 -5.194090e+01
      vertex   5.500000e+01 1.606837e+02 -5.165113e+01
    endloop
  endfacet
  facet normal -1.000000e+00 0.000000e+00 0.000000e+00
    outer loop
      vertex   5.500000e+01 1.596550e+02 -6.395359e+01
      vertex   5.500000e+01 1.606837e+02 -5.165113e+01
      vertex   5.500000e+01 1.630241e+02 -6.353817e+01
    endloop
  endfacet
  facet normal -1.000000e+00 0.000000e+00 0.000000e+00
    outer loop
      vertex   5.500000e+01 1.630241e+02 -6.353817e+01
      vertex   5.500000e+01 1.606837e+02 -5.165113e+01
      vertex   5.500000e+01 1.634893e+02 -5.107457e+01
    endloop
  endfacet
  facet normal -1.000000e+00 0.000000e+00 0.000000e+00
    outer loop
      vertex   5.500000e+01 1.630241e+02 -6.353817e+01
      vertex   5.500000e+01 1.634893e+02 -5.107457e+01
      vertex   5.500000e+01 1.663465e+02 -6.284125e+01
    endloop
  endfacet
  facet normal -1.000000e+00 0.000000e+00 0.000000e+00
    outer loop
      vertex   5.500000e+01 1.663465e+02 -6.284125e+01
      vertex   5.500000e+01 1.634893e+02 -5.107457e+01
      vertex   5.500000e+01 1.662222e+02 -5.021712e+01
    endloop
  endfacet
  facet normal -1.000000e+00 0.000000e+00 0.000000e+00
    outer loop
      vertex   5.500000e+01 1.663465e+02 -6.284125e+01
      vertex   5.500000e+01 1.662222e+02 -5.021712e+01
      vertex   5.500000e+01 1.695985e+02 -6.186776e+01
    endloop
  endfacet
  facet normal -1.000000e+00 0.000000e+00 0.000000e+00
    outer loop
      vertex   5.500000e+01 1.695985e+02 -6.186776e+01
      vertex   5.500000e+01 1.662222e+02 -5.021712e+01
      vertex   5.500000e+01 1.688543e+02 -4.908759e+01
    endloop
  endfacet
  facet normal -1.000000e+00 0.000000e+00 0.000000e+00
    outer loop
      vertex   5.500000e+01 1.695985e+02 -6.186776e+01
      vertex   5.500000e+01 1.688543e+02 -4.908759e+01
      vertex   5.500000e+01 1.727574e+02 -6.062458e+01
    endloop
  endfacet
  facet normal -1.000000e+00 0.000000e+00 0.000000e+00
    outer loop
      vertex   5.500000e+01 1.727574e+02 -6.062458e+01
      vertex   5.500000e+01 1.688543e+02 -4.908759e+01
      vertex   5.500000e+01 1.713587e+02 -4.769757e+01
    endloop
  endfacet
  facet normal -1.000000e+00 0.000000e+00 0.000000e+00
    outer loop
      vertex   5.500000e+01 1.727574e+02 -6.062458e+01
      vertex   5.500000e+01 1.713587e+02 -4.769757e+01
      vertex   5.500000e+01 1.758006e+02 -5.912050e+01
    endloop
  endfacet
  facet normal -1.000000e+00 0.000000e+00 0.000000e+00
    outer loop
      vertex   5.500000e+01 1.758006e+02 -5.912050e+01
      vertex   5.500000e+01 1.713587e+02 -4.769757e+01
      vertex   5.500000e+01 1.737095e+02 -4.606133e+01
    endloop
  endfacet
  facet normal -1.000000e+00 0.000000e+00 0.000000e+00
    outer loop
      vertex   5.500000e+01 1.758006e+02 -5.912050e+01
      vertex   5.500000e+01 1.737095e+02 -4.606133e+01
      vertex   5.500000e+01 1.787068e+02 -5.736613e+01
    endloop
  endfacet
  facet normal -1.000000e+00 0.000000e+00 0.000000e+00
    outer loop
      vertex   5.500000e+01 1.787068e+02 -5.736613e+01
      vertex   5.500000e+01 1.737095e+02 -4.606133e+01
      vertex   5.500000e+01 1.758828e+02 -4.419564e+01
    endloop
  endfacet
  facet normal -1.000000e+00 0.000000e+00 0.000000e+00
    outer loop
      vertex   5.500000e+01 1.787068e+02 -5.736613e+01
      vertex   5.500000e+01 1.758828e+02 -4.419564e+01
      vertex   5.500000e+01 1.814553e+02 -5.537388e+01
    endloop
  endfacet
  facet normal -1.000000e+00 0.000000e+00 0.000000e+00
    outer loop
      vertex   5.500000e+01 1.814553e+02 -5.537388e+01
      vertex   5.500000e+01 1.758828e+02 -4.419564e+01
      vertex   5.500000e+01 1.840268e+02 -5.315783e+01
    endloop
  endfacet
  facet normal -1.000000e+00 0.000000e+00 0.000000e+00
    outer loop
      vertex   5.500000e+01 1.840268e+02 -5.315783e+01
      vertex   5.500000e+01 1.758828e+02 -4.419564e+01
      vertex   5.500000e+01 1.778562e+02 -4.211967e+01
    endloop
  endfacet
  facet normal -1.000000e+00 0.000000e+00 0.000000e+00
    outer loop
      vertex   5.500000e+01 1.840268e+02 -5.315783e+01
      vertex   5.500000e+01 1.778562e+02 -4.211967e+01
      vertex   5.500000e+01 1.864031e+02 -5.073363e+01
    endloop
  endfacet
  facet normal -1.000000e+00 0.000000e+00 0.000000e+00
    outer loop
      vertex   5.500000e+01 1.864031e+02 -5.073363e+01
      vertex   5.500000e+01 1.778562e+02 -4.211967e+01
      vertex   5.500000e+01 1.796094e+02 -3.985470e+01
    endloop
  endfacet
  facet normal -1.000000e+00 0.000000e+00 0.000000e+00
    outer loop
      vertex   5.500000e+01 1.864031e+02 -5.073363e+01
      vertex   5.500000e+01 1.796094e+02 -3.985470e+01
      vertex   5.500000e+01 1.885675e+02 -4.811842e+01
    endloop
  endfacet
  facet normal -1.000000e+00 0.000000e+00 0.000000e+00
    outer loop
      vertex   5.500000e+01 1.885675e+02 -4.811842e+01
      vertex   5.500000e+01 1.796094e+02 -3.985470e+01
      vertex   5.500000e+01 1.811244e+02 -3.742398e+01
    endloop
  endfacet
  facet normal -1.000000e+00 0.000000e+00 0.000000e+00
    outer loop
      vertex   5.500000e+01 1.885675e+02 -4.811842e+01
      vertex   5.500000e+01 1.811244e+02 -3.742398e+01
      vertex   5.500000e+01 1.905045e+02 -4.533067e+01
    endloop
  endfacet
  facet normal -1.000000e+00 0.000000e+00 0.000000e+00
    outer loop
      vertex   5.500000e+01 1.905045e+02 -4.533067e+01
      vertex   5.500000e+01 1.811244e+02 -3.742398e+01
      vertex   5.500000e+01 1.823858e+02 -3.485246e+01
    endloop
  endfacet
  facet normal -1.000000e+00 0.000000e+00 0.000000e+00
    outer loop
      vertex   5.500000e+01 1.905045e+02 -4.533067e+01
      vertex   5.500000e+01 1.823858e+02 -3.485246e+01
      vertex   5.500000e+01 1.922005e+02 -4.239009e+01
    endloop
  endfacet
  facet normal -1.000000e+00 0.000000e+00 0.000000e+00
    outer loop
      vertex   5.500000e+01 1.922005e+02 -4.239009e+01
      vertex   5.500000e+01 1.823858e+02 -3.485246e+01
      vertex   5.500000e+01 1.833806e+02 -3.216651e+01
    endloop
  endfacet
  facet normal -1.000000e+00 0.000000e+00 0.000000e+00
    outer loop
      vertex   5.500000e+01 1.922005e+02 -4.239009e+01
      vertex   5.500000e+01 1.833806e+02 -3.216651e+01
      vertex   5.500000e+01 1.936436e+02 -3.931745e+01
    endloop
  endfacet
  facet normal -1.000000e+00 0.000000e+00 0.000000e+00
    outer loop
      vertex   5.500000e+01 1.936436e+02 -3.931745e+01
      vertex   5.500000e+01 1.833806e+02 -3.216651e+01
      vertex   5.500000e+01 1.948235e+02 -3.613447e+01
    endloop
  endfacet
  facet normal -1.000000e+00 0.000000e+00 0.000000e+00
    outer loop
      vertex   5.500000e+01 1.948235e+02 -3.613447e+01
      vertex   5.500000e+01 1.833806e+02 -3.216651e+01
      vertex   5.500000e+01 1.840985e+02 -2.939371e+01
    endloop
  endfacet
  facet normal -1.000000e+00 0.000000e+00 0.000000e+00
    outer loop
      vertex   5.500000e+01 1.948235e+02 -3.613447e+01
      vertex   5.500000e+01 1.840985e+02 -2.939371e+01
      vertex   5.500000e+01 1.957320e+02 -3.286363e+01
    endloop
  endfacet
  facet normal -1.000000e+00 0.000000e+00 0.000000e+00
    outer loop
      vertex   5.500000e+01 1.957320e+02 -3.286363e+01
      vertex   5.500000e+01 1.840985e+02 -2.939371e+01
      vertex   5.500000e+01 1.845323e+02 -2.656251e+01
    endloop
  endfacet
  facet normal -1.000000e+00 0.000000e+00 0.000000e+00
    outer loop
      vertex   5.500000e+01 1.957320e+02 -3.286363e+01
      vertex   5.500000e+01 1.845323e+02 -2.656251e+01
      vertex   5.500000e+01 1.963625e+02 -2.952806e+01
    endloop
  endfacet
  facet normal -1.000000e+00 0.000000e+00 0.000000e+00
    outer loop
      vertex   5.500000e+01 1.963625e+02 -2.952806e+01
      vertex   5.500000e+01 1.845323e+02 -2.656251e+01
      vertex   5.500000e+01 1.967106e+02 -2.615131e+01
    endloop
  endfacet
  facet normal -1.000000e+00 -0.000000e+00 0.000000e+00
    outer loop
      vertex   5.500000e+01 1.967106e+02 -2.615131e+01
      vertex   5.500000e+01 1.845323e+02 -2.656251e+01
      vertex   5.500000e+01 1.846773e+02 -2.370195e+01
    endloop
  endfacet
  facet normal -1.000000e+00 0.000000e+00 0.000000e+00
    outer loop
      vertex   5.500000e+01 6.270936e+01 9.719781e+00
      vertex   5.500000e+01 5.806198e+01 2.272850e+01
      vertex   5.500000e+01 6.434120e+01 8.025614e+00
    endloop
  endfacet
  facet normal -1.000000e+00 0.000000e+00 0.000000e+00
    outer loop
      vertex   5.500000e+01 6.434120e+01 8.025614e+00
      vertex   5.500000e+01 5.806198e+01 2.272850e+01
      vertex   5.500000e+01 7.500000e+01 8.000000e+01
    endloop
  endfacet
  facet normal -1.000000e+00 0.000000e+00 0.000000e+00
    outer loop
      vertex   5.500000e+01 6.434120e+01 8.025614e+00
      vertex   5.500000e+01 7.500000e+01 8.000000e+01
      vertex   5.500000e+01 1.312066e+02 4.295193e+01
    endloop
  endfacet
  facet normal -1.000000e+00 0.000000e+00 0.000000e+00
    outer loop
      vertex   5.500000e+01 6.270936e+01 9.719781e+00
      vertex   5.500000e+01 6.129398e+01 1.159855e+01
      vertex   5.500000e+01 5.806198e+01 2.272850e+01
    endloop
  endfacet
  facet normal -1.000000e+00 0.000000e+00 0.000000e+00
    outer loop
      vertex   5.500000e+01 5.806198e+01 2.272850e+01
      vertex   5.500000e+01 6.129398e+01 1.159855e+01
      vertex   5.500000e+01 6.011574e+01 1.363443e+01
    endloop
  endfacet
  facet normal -1.000000e+00 0.000000e+00 0.000000e+00
    outer loop
      vertex   5.500000e+01 5.806198e+01 2.272850e+01
      vertex   5.500000e+01 6.011574e+01 1.363443e+01
      vertex   5.500000e+01 5.919188e+01 1.579766e+01
    endloop
  endfacet
  facet normal -1.000000e+00 0.000000e+00 0.000000e+00
    outer loop
      vertex   5.500000e+01 5.919188e+01 1.579766e+01
      vertex   5.500000e+01 5.853592e+01 1.805659e+01
      vertex   5.500000e+01 5.806198e+01 2.272850e+01
    endloop
  endfacet
  facet normal -1.000000e+00 0.000000e+00 0.000000e+00
    outer loop
      vertex   5.500000e+01 5.806198e+01 2.272850e+01
      vertex   5.500000e+01 5.853592e+01 1.805659e+01
      vertex   5.500000e+01 5.815744e+01 2.037819e+01
    endloop
  endfacet
  facet normal -1.000000e+00 0.000000e+00 0.000000e+00
    outer loop
      vertex   5.500000e+01 5.806198e+01 2.272850e+01
      vertex   5.500000e+01 6.000000e+01 1.200000e+02
      vertex   5.500000e+01 7.500000e+01 8.000000e+01
    endloop
  endfacet
  facet normal -1.000000e+00 0.000000e+00 -0.000000e+00
    outer loop
      vertex   5.500000e+01 1.312066e+02 4.295193e+01
      vertex   5.500000e+01 1.314629e+02 4.022600e+01
      vertex   5.500000e+01 6.434120e+01 8.025614e+00
    endloop
  endfacet
  facet normal -1.000000e+00 0.000000e+00 0.000000e+00
    outer loop
      vertex   5.500000e+01 6.434120e+01 8.025614e+00
      vertex   5.500000e+01 1.314629e+02 4.022600e+01
      vertex   5.500000e+01 1.319888e+02 3.753902e+01
    endloop
  endfacet
  facet normal -1.000000e+00 0.000000e+00 0.000000e+00
    outer loop
      vertex   5.500000e+01 6.434120e+01 8.025614e+00
      vertex   5.500000e+01 1.319888e+02 3.753902e+01
      vertex   5.500000e+01 1.327791e+02 3.491760e+01
    endloop
  endfacet
endsolid
