solid ASCII
  facet normal -9.242971e-01 2.875942e-02 -3.805887e-01
    outer loop
      vertex   -4.855383e+01 3.024424e+00 -1.532058e+02
      vertex   -4.509850e+01 1.119605e+00 -1.617413e+02
      vertex   -4.864793e+01 5.957653e-15 -1.532058e+02
    endloop
  endfacet
  facet normal -9.230460e-01 -6.100789e-03 -3.846411e-01
    outer loop
      vertex   -4.864793e+01 5.957653e-15 -1.532058e+02
      vertex   -4.509850e+01 1.119605e+00 -1.617413e+02
      vertex   -4.507976e+01 -1.715630e+00 -1.617413e+02
    endloop
  endfacet
  facet normal -9.242897e-01 -2.875919e-02 -3.806067e-01
    outer loop
      vertex   -4.864793e+01 5.957653e-15 -1.532058e+02
      vertex   -4.507976e+01 -1.715630e+00 -1.617413e+02
      vertex   -4.855383e+01 -3.024424e+00 -1.532058e+02
    endloop
  endfacet
  facet normal -9.208482e-01 -6.407376e-02 -3.846209e-01
    outer loop
      vertex   -4.855383e+01 -3.024424e+00 -1.532058e+02
      vertex   -4.507976e+01 -1.715630e+00 -1.617413e+02
      vertex   -4.488296e+01 -4.544088e+00 -1.617413e+02
    endloop
  endfacet
  facet normal -9.207057e-01 -8.616556e-02 -3.806264e-01
    outer loop
      vertex   -4.855383e+01 -3.024424e+00 -1.532058e+02
      vertex   -4.488296e+01 -4.544088e+00 -1.617413e+02
      vertex   -4.827188e+01 -6.037148e+00 -1.532058e+02
    endloop
  endfacet
  facet normal -9.150136e-01 -1.217948e-01 -3.845988e-01
    outer loop
      vertex   -4.827188e+01 -6.037148e+00 -1.532058e+02
      vertex   -4.488296e+01 -4.544088e+00 -1.617413e+02
      vertex   -4.450886e+01 -7.354597e+00 -1.617413e+02
    endloop
  endfacet
  facet normal -9.135591e-01 -1.432375e-01 -3.806479e-01
    outer loop
      vertex   -4.827188e+01 -6.037148e+00 -1.532058e+02
      vertex   -4.450886e+01 -7.354597e+00 -1.617413e+02
      vertex   -4.780317e+01 -9.026515e+00 -1.532058e+02
    endloop
  endfacet
  facet normal -9.055652e-01 -1.790360e-01 -3.845748e-01
    outer loop
      vertex   -4.780317e+01 -9.026515e+00 -1.532058e+02
      vertex   -4.450886e+01 -7.354597e+00 -1.617413e+02
      vertex   -4.395895e+01 -1.013605e+01 -1.617413e+02
    endloop
  endfacet
  facet normal -9.028775e-01 -1.997539e-01 -3.806712e-01
    outer loop
      vertex   -4.780317e+01 -9.026515e+00 -1.532058e+02
      vertex   -4.395895e+01 -1.013605e+01 -1.617413e+02
      vertex   -4.714953e+01 -1.198096e+01 -1.532058e+02
    endloop
  endfacet
  facet normal -8.925403e-01 -2.355715e-01 -3.845489e-01
    outer loop
      vertex   -4.714953e+01 -1.198096e+01 -1.532058e+02
      vertex   -4.395895e+01 -1.013605e+01 -1.617413e+02
      vertex   -4.323539e+01 -1.287747e+01 -1.617413e+02
    endloop
  endfacet
  facet normal -8.887025e-01 -2.554963e-01 -3.806962e-01
    outer loop
      vertex   -4.714953e+01 -1.198096e+01 -1.532058e+02
      vertex   -4.323539e+01 -1.287747e+01 -1.617413e+02
      vertex   -4.631347e+01 -1.488905e+01 -1.532058e+02
    endloop
  endfacet
  facet normal -8.759902e-01 -2.911780e-01 -3.845211e-01
    outer loop
      vertex   -4.631347e+01 -1.488905e+01 -1.532058e+02
      vertex   -4.323539e+01 -1.287747e+01 -1.617413e+02
      vertex   -4.234106e+01 -1.556803e+01 -1.617413e+02
    endloop
  endfacet
  facet normal -8.710889e-01 -3.102486e-01 -3.807230e-01
    outer loop
      vertex   -4.631347e+01 -1.488905e+01 -1.532058e+02
      vertex   -4.234106e+01 -1.556803e+01 -1.617413e+02
      vertex   -4.529823e+01 -1.773954e+01 -1.532058e+02
    endloop
  endfacet
  facet normal -8.559802e-01 -3.456360e-01 -3.844914e-01
    outer loop
      vertex   -4.529823e+01 -1.773954e+01 -1.532058e+02
      vertex   -4.234106e+01 -1.556803e+01 -1.617413e+02
      vertex   -4.127947e+01 -1.819708e+01 -1.617413e+02
    endloop
  endfacet
  facet normal -8.501050e-01 -3.637991e-01 -3.807515e-01
    outer loop
      vertex   -4.529823e+01 -1.773954e+01 -1.532058e+02
      vertex   -4.127947e+01 -1.819708e+01 -1.617413e+02
      vertex   -4.410775e+01 -2.052140e+01 -1.532058e+02
    endloop
  endfacet
  facet normal -8.441789e-01 -3.759767e-01 -3.821040e-01
    outer loop
      vertex   -4.410775e+01 -2.052140e+01 -1.532058e+02
      vertex   -4.127947e+01 -1.819708e+01 -1.617413e+02
      vertex   -4.164128e+01 -1.894528e+01 -1.602058e+02
    endloop
  endfacet
  facet normal -8.303810e-01 -4.041420e-01 -3.835840e-01
    outer loop
      vertex   -4.410775e+01 -2.052140e+01 -1.532058e+02
      vertex   -4.164128e+01 -1.894528e+01 -1.602058e+02
      vertex   -4.060144e+01 -2.108181e+01 -1.602058e+02
    endloop
  endfacet
  facet normal -9.215986e-01 5.189527e-02 -3.846594e-01
    outer loop
      vertex   -4.509850e+01 1.119605e+00 -1.617413e+02
      vertex   -4.855383e+01 3.024424e+00 -1.532058e+02
      vertex   -4.493910e+01 3.950417e+00 -1.617413e+02
    endloop
  endfacet
  facet normal -9.207278e-01 8.616763e-02 -3.805725e-01
    outer loop
      vertex   -4.493910e+01 3.950417e+00 -1.617413e+02
      vertex   -4.855383e+01 3.024424e+00 -1.532058e+02
      vertex   -4.827188e+01 6.037148e+00 -1.532058e+02
    endloop
  endfacet
  facet normal -9.165116e-01 1.096855e-01 -3.846758e-01
    outer loop
      vertex   -4.493910e+01 3.950417e+00 -1.617413e+02
      vertex   -4.827188e+01 6.037148e+00 -1.532058e+02
      vertex   -4.460218e+01 6.765625e+00 -1.617413e+02
    endloop
  endfacet
  facet normal -9.135956e-01 1.432432e-01 -3.805581e-01
    outer loop
      vertex   -4.460218e+01 6.765625e+00 -1.617413e+02
      vertex   -4.827188e+01 6.037148e+00 -1.532058e+02
      vertex   -4.780317e+01 9.026515e+00 -1.532058e+02
    endloop
  endfacet
  facet normal -9.078053e-01 1.670417e-01 -3.846904e-01
    outer loop
      vertex   -4.460218e+01 6.765625e+00 -1.617413e+02
      vertex   -4.780317e+01 9.026515e+00 -1.532058e+02
      vertex   -4.408909e+01 9.554108e+00 -1.617413e+02
    endloop
  endfacet
  facet normal -9.029280e-01 1.997651e-01 -3.805454e-01
    outer loop
      vertex   -4.408909e+01 9.554108e+00 -1.617413e+02
      vertex   -4.780317e+01 9.026515e+00 -1.532058e+02
      vertex   -4.714953e+01 1.198096e+01 -1.532058e+02
    endloop
  endfacet
  facet normal -8.955139e-01 2.237375e-01 -3.847030e-01
    outer loop
      vertex   -4.408909e+01 9.554108e+00 -1.617413e+02
      vertex   -4.714953e+01 1.198096e+01 -1.532058e+02
      vertex   -4.340183e+01 1.230485e+01 -1.617413e+02
    endloop
  endfacet
  facet normal -8.887664e-01 2.555146e-01 -3.805345e-01
    outer loop
      vertex   -4.340183e+01 1.230485e+01 -1.617413e+02
      vertex   -4.714953e+01 1.198096e+01 -1.532058e+02
      vertex   -4.631347e+01 1.488905e+01 -1.532058e+02
    endloop
  endfacet
  facet normal -8.796861e-01 2.795492e-01 -3.847137e-01
    outer loop
      vertex   -4.340183e+01 1.230485e+01 -1.617413e+02
      vertex   -4.631347e+01 1.488905e+01 -1.532058e+02
      vertex   -4.254314e+01 1.500699e+01 -1.617413e+02
    endloop
  endfacet
  facet normal -8.711655e-01 3.102759e-01 -3.805254e-01
    outer loop
      vertex   -4.254314e+01 1.500699e+01 -1.617413e+02
      vertex   -4.631347e+01 1.488905e+01 -1.532058e+02
      vertex   -4.529823e+01 1.773954e+01 -1.532058e+02
    endloop
  endfacet
  facet normal -8.603843e-01 3.342564e-01 -3.847226e-01
    outer loop
      vertex   -4.254314e+01 1.500699e+01 -1.617413e+02
      vertex   -4.529823e+01 1.773954e+01 -1.532058e+02
      vertex   -4.151640e+01 1.764985e+01 -1.617413e+02
    endloop
  endfacet
  facet normal -8.509731e-01 3.616697e-01 -3.808408e-01
    outer loop
      vertex   -4.151640e+01 1.764985e+01 -1.617413e+02
      vertex   -4.529823e+01 1.773954e+01 -1.532058e+02
      vertex   -4.187632e+01 1.841993e+01 -1.602058e+02
    endloop
  endfacet
  facet normal -8.502804e-01 3.638742e-01 -3.802879e-01
    outer loop
      vertex   -4.187632e+01 1.841993e+01 -1.602058e+02
      vertex   -4.529823e+01 1.773954e+01 -1.532058e+02
      vertex   -4.410775e+01 2.052140e+01 -1.532058e+02
    endloop
  endfacet
  facet normal -8.353756e-01 3.930266e-01 -3.842885e-01
    outer loop
      vertex   -4.187632e+01 1.841993e+01 -1.602058e+02
      vertex   -4.410775e+01 2.052140e+01 -1.532058e+02
      vertex   -4.088863e+01 2.051924e+01 -1.602058e+02
    endloop
  endfacet
  facet normal -8.261071e-01 4.160790e-01 -3.800333e-01
    outer loop
      vertex   -4.088863e+01 2.051924e+01 -1.602058e+02
      vertex   -4.410775e+01 2.052140e+01 -1.532058e+02
      vertex   -4.274662e+01 2.322387e+01 -1.532058e+02
    endloop
  endfacet
  facet normal -8.144099e-01 4.348901e-01 -3.841967e-01
    outer loop
      vertex   -4.088863e+01 2.051924e+01 -1.602058e+02
      vertex   -4.274662e+01 2.322387e+01 -1.532058e+02
      vertex   -3.979580e+01 2.256577e+01 -1.602058e+02
    endloop
  endfacet
  facet normal -7.984896e-01 4.665441e-01 -3.804614e-01
    outer loop
      vertex   -3.979580e+01 2.256577e+01 -1.602058e+02
      vertex   -4.274662e+01 2.322387e+01 -1.532058e+02
      vertex   -4.122011e+01 2.583649e+01 -1.532058e+02
    endloop
  endfacet
  facet normal -7.916053e-01 4.757932e-01 -3.833822e-01
    outer loop
      vertex   -3.979580e+01 2.256577e+01 -1.602058e+02
      vertex   -4.122011e+01 2.583649e+01 -1.532058e+02
      vertex   -3.860061e+01 2.455427e+01 -1.602058e+02
    endloop
  endfacet
  facet normal -7.675604e-01 5.150286e-01 -3.815712e-01
    outer loop
      vertex   -3.860061e+01 2.455427e+01 -1.602058e+02
      vertex   -4.122011e+01 2.583649e+01 -1.532058e+02
      vertex   -3.953413e+01 2.834915e+01 -1.532058e+02
    endloop
  endfacet
  facet normal -7.669952e-01 5.156689e-01 -3.818429e-01
    outer loop
      vertex   -3.860061e+01 2.455427e+01 -1.602058e+02
      vertex   -3.953413e+01 2.834915e+01 -1.532058e+02
      vertex   -3.730615e+01 2.647963e+01 -1.602058e+02
    endloop
  endfacet
  facet normal -7.501992e-01 5.391553e-01 -3.827697e-01
    outer loop
      vertex   -3.730615e+01 2.647963e+01 -1.602058e+02
      vertex   -3.953413e+01 2.834915e+01 -1.532058e+02
      vertex   -3.646053e+01 2.656611e+01 -1.617413e+02
    endloop
  endfacet
  facet normal -7.340268e-01 5.617286e-01 -3.816615e-01
    outer loop
      vertex   -3.646053e+01 2.656611e+01 -1.617413e+02
      vertex   -3.953413e+01 2.834915e+01 -1.532058e+02
      vertex   -3.769520e+01 3.075213e+01 -1.532058e+02
    endloop
  endfacet
  facet normal -7.289851e-01 5.670040e-01 -3.835194e-01
    outer loop
      vertex   -3.646053e+01 2.656611e+01 -1.617413e+02
      vertex   -3.769520e+01 3.075213e+01 -1.532058e+02
      vertex   -3.472283e+01 2.880024e+01 -1.617413e+02
    endloop
  endfacet
  facet normal -6.977008e-01 6.062904e-01 -3.816091e-01
    outer loop
      vertex   -3.472283e+01 2.880024e+01 -1.617413e+02
      vertex   -3.769520e+01 3.075213e+01 -1.532058e+02
      vertex   -3.571043e+01 3.303614e+01 -1.532058e+02
    endloop
  endfacet
  facet normal -6.919767e-01 6.115868e-01 -3.835752e-01
    outer loop
      vertex   -3.472283e+01 2.880024e+01 -1.617413e+02
      vertex   -3.571043e+01 3.303614e+01 -1.532058e+02
      vertex   -3.284845e+01 3.092099e+01 -1.617413e+02
    endloop
  endfacet
  facet normal -6.586734e-01 6.485083e-01 -3.815578e-01
    outer loop
      vertex   -3.284845e+01 3.092099e+01 -1.617413e+02
      vertex   -3.571043e+01 3.303614e+01 -1.532058e+02
      vertex   -3.358751e+01 3.519234e+01 -1.532058e+02
    endloop
  endfacet
  facet normal -6.522467e-01 6.537603e-01 -3.836296e-01
    outer loop
      vertex   -3.284845e+01 3.092099e+01 -1.617413e+02
      vertex   -3.358751e+01 3.519234e+01 -1.532058e+02
      vertex   -3.084477e+01 3.292003e+01 -1.617413e+02
    endloop
  endfacet
  facet normal -6.170955e-01 6.882186e-01 -3.815078e-01
    outer loop
      vertex   -3.084477e+01 3.292003e+01 -1.617413e+02
      vertex   -3.358751e+01 3.519234e+01 -1.532058e+02
      vertex   -3.133464e+01 3.721239e+01 -1.532058e+02
    endloop
  endfacet
  facet normal -6.099516e-01 6.933589e-01 -3.836827e-01
    outer loop
      vertex   -3.084477e+01 3.292003e+01 -1.617413e+02
      vertex   -3.133464e+01 3.721239e+01 -1.532058e+02
      vertex   -2.871967e+01 3.478949e+01 -1.617413e+02
    endloop
  endfacet
  facet normal -5.731280e-01 7.252678e-01 -3.814590e-01
    outer loop
      vertex   -2.871967e+01 3.478949e+01 -1.617413e+02
      vertex   -3.133464e+01 3.721239e+01 -1.532058e+02
      vertex   -2.896055e+01 3.908847e+01 -1.532058e+02
    endloop
  endfacet
  facet normal -5.652580e-01 7.302268e-01 -3.837346e-01
    outer loop
      vertex   -2.871967e+01 3.478949e+01 -1.617413e+02
      vertex   -2.896055e+01 3.908847e+01 -1.532058e+02
      vertex   -2.648153e+01 3.652201e+01 -1.617413e+02
    endloop
  endfacet
  facet normal -5.269409e-01 7.595121e-01 -3.814114e-01
    outer loop
      vertex   -2.648153e+01 3.652201e+01 -1.617413e+02
      vertex   -2.896055e+01 3.908847e+01 -1.532058e+02
      vertex   -2.647441e+01 4.081332e+01 -1.532058e+02
    endloop
  endfacet
  facet normal -5.183418e-01 7.642191e-01 -3.837851e-01
    outer loop
      vertex   -2.648153e+01 3.652201e+01 -1.617413e+02
      vertex   -2.647441e+01 4.081332e+01 -1.532058e+02
      vertex   -2.413915e+01 3.811076e+01 -1.617413e+02
    endloop
  endfacet
  facet normal -4.787129e-01 7.908190e-01 -3.813650e-01
    outer loop
      vertex   -2.413915e+01 3.811076e+01 -1.617413e+02
      vertex   -2.647441e+01 4.081332e+01 -1.532058e+02
      vertex   -2.388585e+01 4.238027e+01 -1.532058e+02
    endloop
  endfacet
  facet normal -4.693877e-01 7.952021e-01 -3.838343e-01
    outer loop
      vertex   -2.413915e+01 3.811076e+01 -1.617413e+02
      vertex   -2.388585e+01 4.238027e+01 -1.532058e+02
      vertex   -2.170174e+01 3.954950e+01 -1.617413e+02
    endloop
  endfacet
  facet normal -4.286306e-01 8.190671e-01 -3.813199e-01
    outer loop
      vertex   -2.170174e+01 3.954950e+01 -1.617413e+02
      vertex   -2.388585e+01 4.238027e+01 -1.532058e+02
      vertex   -2.120488e+01 4.378327e+01 -1.532058e+02
    endloop
  endfacet
  facet normal -4.185884e-01 8.230542e-01 -3.838821e-01
    outer loop
      vertex   -2.170174e+01 3.954950e+01 -1.617413e+02
      vertex   -2.120488e+01 4.378327e+01 -1.532058e+02
      vertex   -1.917891e+01 4.083256e+01 -1.617413e+02
    endloop
  endfacet
  facet normal -3.768877e-01 8.441471e-01 -3.812760e-01
    outer loop
      vertex   -1.917891e+01 4.083256e+01 -1.617413e+02
      vertex   -2.120488e+01 4.378327e+01 -1.532058e+02
      vertex   -1.844187e+01 4.501687e+01 -1.532058e+02
    endloop
  endfacet
  facet normal -3.661438e-01 8.476659e-01 -3.839287e-01
    outer loop
      vertex   -1.917891e+01 4.083256e+01 -1.617413e+02
      vertex   -1.844187e+01 4.501687e+01 -1.532058e+02
      vertex   -1.658059e+01 4.195489e+01 -1.617413e+02
    endloop
  endfacet
  facet normal -3.236845e-01 8.659616e-01 -3.812332e-01
    outer loop
      vertex   -1.658059e+01 4.195489e+01 -1.617413e+02
      vertex   -1.844187e+01 4.501687e+01 -1.532058e+02
      vertex   -1.560751e+01 4.607632e+01 -1.532058e+02
    endloop
  endfacet
  facet normal -3.122604e-01 8.689404e-01 -3.839739e-01
    outer loop
      vertex   -1.658059e+01 4.195489e+01 -1.617413e+02
      vertex   -1.560751e+01 4.607632e+01 -1.532058e+02
      vertex   -1.391700e+01 4.291207e+01 -1.617413e+02
    endloop
  endfacet
  facet normal -2.692268e-01 8.844262e-01 -3.811917e-01
    outer loop
      vertex   -1.391700e+01 4.291207e+01 -1.617413e+02
      vertex   -1.560751e+01 4.607632e+01 -1.532058e+02
      vertex   -1.271277e+01 4.695750e+01 -1.532058e+02
    endloop
  endfacet
  facet normal -2.571502e-01 8.867942e-01 -3.840179e-01
    outer loop
      vertex   -1.391700e+01 4.291207e+01 -1.617413e+02
      vertex   -1.271277e+01 4.695750e+01 -1.532058e+02
      vertex   -1.119863e+01 4.370033e+01 -1.617413e+02
    endloop
  endfacet
  facet normal -2.137254e-01 8.994693e-01 -3.811514e-01
    outer loop
      vertex   -1.119863e+01 4.370033e+01 -1.617413e+02
      vertex   -1.271277e+01 4.695750e+01 -1.532058e+02
      vertex   -9.768849e+00 4.765701e+01 -1.532058e+02
    endloop
  endfacet
  facet normal -2.010301e-01 9.011573e-01 -3.840605e-01
    outer loop
      vertex   -1.119863e+01 4.370033e+01 -1.617413e+02
      vertex   -9.768849e+00 4.765701e+01 -1.532058e+02
      vertex   -8.436179e+00 4.431658e+01 -1.617413e+02
    endloop
  endfacet
  facet normal -1.573951e-01 9.110325e-01 -3.811124e-01
    outer loop
      vertex   -8.436179e+00 4.431658e+01 -1.617413e+02
      vertex   -9.768849e+00 4.765701e+01 -1.532058e+02
      vertex   -6.787133e+00 4.817215e+01 -1.532058e+02
    endloop
  endfacet
  facet normal -1.441210e-01 9.119731e-01 -3.841018e-01
    outer loop
      vertex   -8.436179e+00 4.431658e+01 -1.617413e+02
      vertex   -6.787133e+00 4.817215e+01 -1.532058e+02
      vertex   -5.640520e+00 4.475838e+01 -1.617413e+02
    endloop
  endfacet
  facet normal -1.004537e-01 9.190709e-01 -3.810745e-01
    outer loop
      vertex   -5.640520e+00 4.475838e+01 -1.617413e+02
      vertex   -6.787133e+00 4.817215e+01 -1.532058e+02
      vertex   -3.779159e+00 4.850092e+01 -1.532058e+02
    endloop
  endfacet
  facet normal -8.664670e-02 9.191993e-01 -3.841418e-01
    outer loop
      vertex   -5.640520e+00 4.475838e+01 -1.617413e+02
      vertex   -3.779159e+00 4.850092e+01 -1.532058e+02
      vertex   -2.822658e+00 4.502401e+01 -1.617413e+02
    endloop
  endfacet
  facet normal -4.312181e-02 9.235533e-01 -3.810379e-01
    outer loop
      vertex   -2.822658e+00 4.502401e+01 -1.617413e+02
      vertex   -3.779159e+00 4.850092e+01 -1.532058e+02
      vertex   -7.565635e-01 4.864205e+01 -1.532058e+02
    endloop
  endfacet
  facet normal -2.883344e-02 9.228077e-01 -3.841805e-01
    outer loop
      vertex   -2.822658e+00 4.502401e+01 -1.617413e+02
      vertex   -7.565635e-01 4.864205e+01 -1.532058e+02
      vertex   6.315020e-03 4.511240e+01 -1.617413e+02
    endloop
  endfacet
  facet normal 1.437880e-02 9.244622e-01 -3.810025e-01
    outer loop
      vertex   6.315020e-03 4.511240e+01 -1.617413e+02
      vertex   -7.565635e-01 4.864205e+01 -1.532058e+02
      vertex   2.268959e+00 4.859499e+01 -1.532058e+02
    endloop
  endfacet
  facet normal 2.909131e-02 9.227840e-01 -3.842178e-01
    outer loop
      vertex   6.315020e-03 4.511240e+01 -1.617413e+02
      vertex   2.268959e+00 4.859499e+01 -1.532058e+02
      vertex   2.835263e+00 4.502321e+01 -1.617413e+02
    endloop
  endfacet
  facet normal 7.182556e-02 9.217940e-01 -3.809683e-01
    outer loop
      vertex   2.835263e+00 4.502321e+01 -1.617413e+02
      vertex   2.268959e+00 4.859499e+01 -1.532058e+02
      vertex   5.285702e+00 4.835993e+01 -1.532058e+02
    endloop
  endfacet
  facet normal 8.689965e-02 9.191286e-01 -3.842539e-01
    outer loop
      vertex   2.835263e+00 4.502321e+01 -1.617413e+02
      vertex   5.285702e+00 4.835993e+01 -1.532058e+02
      vertex   5.653051e+00 4.475680e+01 -1.617413e+02
    endloop
  endfacet
  facet normal 1.289961e-01 9.155590e-01 -3.809353e-01
    outer loop
      vertex   5.653051e+00 4.475680e+01 -1.617413e+02
      vertex   5.285702e+00 4.835993e+01 -1.532058e+02
      vertex   8.281997e+00 4.793777e+01 -1.532058e+02
    endloop
  endfacet
  facet normal 1.443641e-01 9.118559e-01 -3.842886e-01
    outer loop
      vertex   5.653051e+00 4.475680e+01 -1.617413e+02
      vertex   8.281997e+00 4.793777e+01 -1.532058e+02
      vertex   8.448586e+00 4.431422e+01 -1.617413e+02
    endloop
  endfacet
  facet normal 1.856692e-01 9.057811e-01 -3.809036e-01
    outer loop
      vertex   8.448586e+00 4.431422e+01 -1.617413e+02
      vertex   8.281997e+00 4.793777e+01 -1.532058e+02
      vertex   1.124625e+01 4.733015e+01 -1.532058e+02
    endloop
  endfacet
  facet normal 2.012587e-01 9.009947e-01 -3.843221e-01
    outer loop
      vertex   8.448586e+00 4.431422e+01 -1.617413e+02
      vertex   1.124625e+01 4.733015e+01 -1.532058e+02
      vertex   1.121087e+01 4.369720e+01 -1.617413e+02
    endloop
  endfacet
  facet normal 2.416254e-01 8.924981e-01 -3.808730e-01
    outer loop
      vertex   1.121087e+01 4.369720e+01 -1.617413e+02
      vertex   1.124625e+01 4.733015e+01 -1.532058e+02
      vertex   1.416699e+01 4.653942e+01 -1.532058e+02
    endloop
  endfacet
  facet normal 2.573595e-01 8.865878e-01 -3.843542e-01
    outer loop
      vertex   1.121087e+01 4.369720e+01 -1.617413e+02
      vertex   1.416699e+01 4.653942e+01 -1.532058e+02
      vertex   1.392902e+01 4.290817e+01 -1.617413e+02
    endloop
  endfacet
  facet normal 2.966482e-01 8.757613e-01 -3.808437e-01
    outer loop
      vertex   1.392902e+01 4.290817e+01 -1.617413e+02
      vertex   1.416699e+01 4.653942e+01 -1.532058e+02
      vertex   1.703293e+01 4.556864e+01 -1.532058e+02
    endloop
  endfacet
  facet normal 3.124458e-01 8.686920e-01 -3.843850e-01
    outer loop
      vertex   1.392902e+01 4.290817e+01 -1.617413e+02
      vertex   1.703293e+01 4.556864e+01 -1.532058e+02
      vertex   1.659234e+01 4.195024e+01 -1.617413e+02
    endloop
  endfacet
  facet normal 3.505245e-01 8.556355e-01 -3.808156e-01
    outer loop
      vertex   1.659234e+01 4.195024e+01 -1.617413e+02
      vertex   1.703293e+01 4.556864e+01 -1.532058e+02
      vertex   1.983296e+01 4.442156e+01 -1.532058e+02
    endloop
  endfacet
  facet normal 3.663009e-01 8.473778e-01 -3.844145e-01
    outer loop
      vertex   1.659234e+01 4.195024e+01 -1.617413e+02
      vertex   1.983296e+01 4.442156e+01 -1.532058e+02
      vertex   1.919034e+01 4.082719e+01 -1.617413e+02
    endloop
  endfacet
  facet normal 4.030458e-01 8.321983e-01 -3.807887e-01
    outer loop
      vertex   1.919034e+01 4.082719e+01 -1.617413e+02
      vertex   1.983296e+01 4.442156e+01 -1.532058e+02
      vertex   2.255627e+01 4.310262e+01 -1.532058e+02
    endloop
  endfacet
  facet normal 4.187130e-01 8.227291e-01 -3.844427e-01
    outer loop
      vertex   1.919034e+01 4.082719e+01 -1.617413e+02
      vertex   2.255627e+01 4.310262e+01 -1.532058e+02
      vertex   2.171281e+01 3.954342e+01 -1.617413e+02
    endloop
  endfacet
  facet normal 4.540088e-01 8.055405e-01 -3.807631e-01
    outer loop
      vertex   2.171281e+01 3.954342e+01 -1.617413e+02
      vertex   2.255627e+01 4.310262e+01 -1.532058e+02
      vertex   2.519231e+01 4.161693e+01 -1.532058e+02
    endloop
  endfacet
  facet normal 4.694759e-01 7.948431e-01 -3.844696e-01
    outer loop
      vertex   2.171281e+01 3.954342e+01 -1.617413e+02
      vertex   2.519231e+01 4.161693e+01 -1.532058e+02
      vertex   2.414981e+01 3.810400e+01 -1.617413e+02
    endloop
  endfacet
  facet normal 5.032162e-01 7.757651e-01 -3.807387e-01
    outer loop
      vertex   2.414981e+01 3.810400e+01 -1.617413e+02
      vertex   2.519231e+01 4.161693e+01 -1.532058e+02
      vertex   2.773089e+01 3.997023e+01 -1.532058e+02
    endloop
  endfacet
  facet normal 5.183898e-01 7.638295e-01 -3.844951e-01
    outer loop
      vertex   2.414981e+01 3.810400e+01 -1.617413e+02
      vertex   2.773089e+01 3.997023e+01 -1.532058e+02
      vertex   2.649175e+01 3.651459e+01 -1.617413e+02
    endloop
  endfacet
  facet normal 5.504775e-01 7.429874e-01 -3.807154e-01
    outer loop
      vertex   2.649175e+01 3.651459e+01 -1.617413e+02
      vertex   2.773089e+01 3.997023e+01 -1.532058e+02
      vertex   3.016218e+01 3.816889e+01 -1.532058e+02
    endloop
  endfacet
  facet normal 5.652625e-01 7.298104e-01 -3.845194e-01
    outer loop
      vertex   2.649175e+01 3.651459e+01 -1.617413e+02
      vertex   3.016218e+01 3.816889e+01 -1.532058e+02
      vertex   2.872941e+01 3.478145e+01 -1.617413e+02
    endloop
  endfacet
  facet normal 5.956097e-01 7.073341e-01 -3.806934e-01
    outer loop
      vertex   2.872941e+01 3.478145e+01 -1.617413e+02
      vertex   3.016218e+01 3.816889e+01 -1.532058e+02
      vertex   3.247678e+01 3.621988e+01 -1.532058e+02
    endloop
  endfacet
  facet normal 6.099095e-01 6.929197e-01 -3.845423e-01
    outer loop
      vertex   2.872941e+01 3.478145e+01 -1.617413e+02
      vertex   3.247678e+01 3.621988e+01 -1.532058e+02
      vertex   3.085398e+01 3.291140e+01 -1.617413e+02
    endloop
  endfacet
  facet normal 6.384382e-01 6.689432e-01 -3.806727e-01
    outer loop
      vertex   3.085398e+01 3.291140e+01 -1.617413e+02
      vertex   3.247678e+01 3.621988e+01 -1.532058e+02
      vertex   3.466574e+01 3.413075e+01 -1.532058e+02
    endloop
  endfacet
  facet normal 6.521551e-01 6.533026e-01 -3.845639e-01
    outer loop
      vertex   3.085398e+01 3.291140e+01 -1.617413e+02
      vertex   3.466574e+01 3.413075e+01 -1.532058e+02
      vertex   3.285711e+01 3.091180e+01 -1.617413e+02
    endloop
  endfacet
  facet normal 6.787971e-01 6.279632e-01 -3.806531e-01
    outer loop
      vertex   3.285711e+01 3.091180e+01 -1.617413e+02
      vertex   3.466574e+01 3.413075e+01 -1.532058e+02
      vertex   3.672057e+01 3.190957e+01 -1.532058e+02
    endloop
  endfacet
  facet normal 6.918333e-01 6.111151e-01 -3.845843e-01
    outer loop
      vertex   3.285711e+01 3.091180e+01 -1.617413e+02
      vertex   3.672057e+01 3.190957e+01 -1.532058e+02
      vertex   3.473089e+01 2.879051e+01 -1.617413e+02
    endloop
  endfacet
  facet normal 7.165301e-01 5.845526e-01 -3.806348e-01
    outer loop
      vertex   3.473089e+01 2.879051e+01 -1.617413e+02
      vertex   3.672057e+01 3.190957e+01 -1.532058e+02
      vertex   3.863335e+01 2.956494e+01 -1.532058e+02
    endloop
  endfacet
  facet normal 7.287879e-01 5.665232e-01 -3.846033e-01
    outer loop
      vertex   3.473089e+01 2.879051e+01 -1.617413e+02
      vertex   3.863335e+01 2.956494e+01 -1.532058e+02
      vertex   3.646796e+01 2.655591e+01 -1.617413e+02
    endloop
  endfacet
  facet normal 7.484068e-01 5.427474e-01 -3.811987e-01
    outer loop
      vertex   3.646796e+01 2.655591e+01 -1.617413e+02
      vertex   3.863335e+01 2.956494e+01 -1.532058e+02
      vertex   3.733870e+01 2.643371e+01 -1.602058e+02
    endloop
  endfacet
  facet normal 7.516566e-01 5.389982e-01 -3.801227e-01
    outer loop
      vertex   3.733870e+01 2.643371e+01 -1.602058e+02
      vertex   3.863335e+01 2.956494e+01 -1.532058e+02
      vertex   4.039666e+01 2.710593e+01 -1.532058e+02
    endloop
  endfacet
  facet normal 7.663420e-01 5.148728e-01 -3.842212e-01
    outer loop
      vertex   3.733870e+01 2.643371e+01 -1.602058e+02
      vertex   4.039666e+01 2.710593e+01 -1.532058e+02
      vertex   3.858615e+01 2.457699e+01 -1.602058e+02
    endloop
  endfacet
  facet normal 7.836977e-01 4.912164e-01 -3.801637e-01
    outer loop
      vertex   3.858615e+01 2.457699e+01 -1.602058e+02
      vertex   4.039666e+01 2.710593e+01 -1.532058e+02
      vertex   4.200368e+01 2.454205e+01 -1.532058e+02
    endloop
  endfacet
  facet normal 7.907811e-01 4.769117e-01 -3.836933e-01
    outer loop
      vertex   3.858615e+01 2.457699e+01 -1.602058e+02
      vertex   4.200368e+01 2.454205e+01 -1.532058e+02
      vertex   3.974136e+01 2.266151e+01 -1.602058e+02
    endloop
  endfacet
  facet normal 8.123745e-01 4.413561e-01 -3.811201e-01
    outer loop
      vertex   3.974136e+01 2.266151e+01 -1.602058e+02
      vertex   4.200368e+01 2.454205e+01 -1.532058e+02
      vertex   4.344820e+01 2.188322e+01 -1.532058e+02
    endloop
  endfacet
  facet normal 8.136946e-01 4.379825e-01 -3.821942e-01
    outer loop
      vertex   3.974136e+01 2.266151e+01 -1.602058e+02
      vertex   4.344820e+01 2.188322e+01 -1.532058e+02
      vertex   4.080156e+01 2.069185e+01 -1.602058e+02
    endloop
  endfacet
  facet normal 8.338537e-01 3.975532e-01 -3.829353e-01
    outer loop
      vertex   4.080156e+01 2.069185e+01 -1.602058e+02
      vertex   4.344820e+01 2.188322e+01 -1.532058e+02
      vertex   4.176421e+01 1.867272e+01 -1.602058e+02
    endloop
  endfacet
  facet normal 8.384319e-01 3.900856e-01 -3.806117e-01
    outer loop
      vertex   4.176421e+01 1.867272e+01 -1.602058e+02
      vertex   4.344820e+01 2.188322e+01 -1.532058e+02
      vertex   4.472462e+01 1.913973e+01 -1.532058e+02
    endloop
  endfacet
  facet normal 8.460695e-01 3.712102e-01 -3.825825e-01
    outer loop
      vertex   4.176421e+01 1.867272e+01 -1.602058e+02
      vertex   4.472462e+01 1.913973e+01 -1.532058e+02
      vertex   4.142594e+01 1.786112e+01 -1.617413e+02
    endloop
  endfacet
  facet normal 8.593101e-01 3.390913e-01 -3.828881e-01
    outer loop
      vertex   4.142594e+01 1.786112e+01 -1.617413e+02
      vertex   4.472462e+01 1.913973e+01 -1.532058e+02
      vertex   4.245988e+01 1.524096e+01 -1.617413e+02
    endloop
  endfacet
  facet normal 8.604445e-01 3.369644e-01 -3.822176e-01
    outer loop
      vertex   4.245988e+01 1.524096e+01 -1.617413e+02
      vertex   4.472462e+01 1.913973e+01 -1.532058e+02
      vertex   4.582802e+01 1.632219e+01 -1.532058e+02
    endloop
  endfacet
  facet normal 8.788095e-01 2.848056e-01 -3.828573e-01
    outer loop
      vertex   4.245988e+01 1.524096e+01 -1.617413e+02
      vertex   4.582802e+01 1.632219e+01 -1.532058e+02
      vertex   4.332829e+01 1.256137e+01 -1.617413e+02
    endloop
  endfacet
  facet normal 8.797177e-01 2.828154e-01 -3.822464e-01
    outer loop
      vertex   4.332829e+01 1.256137e+01 -1.617413e+02
      vertex   4.582802e+01 1.632219e+01 -1.532058e+02
      vertex   4.675411e+01 1.344151e+01 -1.532058e+02
    endloop
  endfacet
  facet normal 8.948833e-01 2.294081e-01 -3.828262e-01
    outer loop
      vertex   4.332829e+01 1.256137e+01 -1.617413e+02
      vertex   4.675411e+01 1.344151e+01 -1.532058e+02
      vertex   4.402777e+01 9.832814e+00 -1.617413e+02
    endloop
  endfacet
  facet normal 8.955868e-01 2.275736e-01 -3.822754e-01
    outer loop
      vertex   4.402777e+01 9.832814e+00 -1.617413e+02
      vertex   4.675411e+01 1.344151e+01 -1.532058e+02
      vertex   4.749933e+01 1.050882e+01 -1.532058e+02
    endloop
  endfacet
  facet normal 9.074687e-01 1.731146e-01 -3.827948e-01
    outer loop
      vertex   4.402777e+01 9.832814e+00 -1.617413e+02
      vertex   4.749933e+01 1.050882e+01 -1.532058e+02
      vertex   4.455560e+01 7.065920e+00 -1.617413e+02
    endloop
  endfacet
  facet normal 9.079907e-01 1.714529e-01 -3.823046e-01
    outer loop
      vertex   4.455560e+01 7.065920e+00 -1.617413e+02
      vertex   4.749933e+01 1.050882e+01 -1.532058e+02
      vertex   4.806077e+01 7.535476e+00 -1.532058e+02
    endloop
  endfacet
  facet normal 9.165166e-01 1.161446e-01 -3.827632e-01
    outer loop
      vertex   4.455560e+01 7.065920e+00 -1.617413e+02
      vertex   4.806077e+01 7.535476e+00 -1.532058e+02
      vertex   4.490972e+01 4.271479e+00 -1.617413e+02
    endloop
  endfacet
  facet normal 9.168814e-01 1.146702e-01 -3.823340e-01
    outer loop
      vertex   4.490972e+01 4.271479e+00 -1.617413e+02
      vertex   4.806077e+01 7.535476e+00 -1.532058e+02
      vertex   4.843628e+01 4.532979e+00 -1.532058e+02
    endloop
  endfacet
  facet normal 9.219917e-01 5.872022e-02 -3.827313e-01
    outer loop
      vertex   4.490972e+01 4.271479e+00 -1.617413e+02
      vertex   4.843628e+01 4.532979e+00 -1.532058e+02
      vertex   4.508875e+01 1.460384e+00 -1.617413e+02
    endloop
  endfacet
  facet normal 9.222245e-01 5.744548e-02 -3.823637e-01
    outer loop
      vertex   4.508875e+01 1.460384e+00 -1.617413e+02
      vertex   4.843628e+01 4.532979e+00 -1.532058e+02
      vertex   4.862440e+01 1.512944e+00 -1.532058e+02
    endloop
  endfacet
  facet normal 9.238724e-01 1.065247e-03 -3.826992e-01
    outer loop
      vertex   4.508875e+01 1.460384e+00 -1.617413e+02
      vertex   4.862440e+01 1.512944e+00 -1.532058e+02
      vertex   4.509200e+01 -1.356404e+00 -1.617413e+02
    endloop
  endfacet
  facet normal 9.239995e-01 0.000000e+00 -3.823937e-01
    outer loop
      vertex   4.509200e+01 -1.356404e+00 -1.617413e+02
      vertex   4.862440e+01 1.512944e+00 -1.532058e+02
      vertex   4.862440e+01 -1.512944e+00 -1.532058e+02
    endloop
  endfacet
  facet normal 9.221513e-01 -5.659555e-02 -3.826668e-01
    outer loop
      vertex   4.509200e+01 -1.356404e+00 -1.617413e+02
      vertex   4.862440e+01 -1.512944e+00 -1.532058e+02
      vertex   4.491945e+01 -4.167904e+00 -1.617413e+02
    endloop
  endfacet
  facet normal 9.221996e-01 -5.744394e-02 -3.824239e-01
    outer loop
      vertex   4.491945e+01 -4.167904e+00 -1.617413e+02
      vertex   4.862440e+01 -1.512944e+00 -1.532058e+02
      vertex   4.843628e+01 -4.532979e+00 -1.532058e+02
    endloop
  endfacet
  facet normal 9.168351e-01 -1.140374e-01 -3.826341e-01
    outer loop
      vertex   4.491945e+01 -4.167904e+00 -1.617413e+02
      vertex   4.843628e+01 -4.532979e+00 -1.532058e+02
      vertex   4.457177e+01 -6.963154e+00 -1.617413e+02
    endloop
  endfacet
  facet normal 9.168320e-01 -1.146641e-01 -3.824543e-01
    outer loop
      vertex   4.457177e+01 -6.963154e+00 -1.617413e+02
      vertex   4.843628e+01 -4.532979e+00 -1.532058e+02
      vertex   4.806077e+01 -7.535476e+00 -1.532058e+02
    endloop
  endfacet
  facet normal 9.079443e-01 -1.710363e-01 -3.826012e-01
    outer loop
      vertex   4.457177e+01 -6.963154e+00 -1.617413e+02
      vertex   4.806077e+01 -7.535476e+00 -1.532058e+02
      vertex   4.405032e+01 -9.731258e+00 -1.617413e+02
    endloop
  endfacet
  facet normal 9.079174e-01 -1.714390e-01 -3.824849e-01
    outer loop
      vertex   4.405032e+01 -9.731258e+00 -1.617413e+02
      vertex   4.806077e+01 -7.535476e+00 -1.532058e+02
      vertex   4.749933e+01 -1.050882e+01 -1.532058e+02
    endloop
  endfacet
  facet normal 8.955136e-01 -2.273701e-01 -3.825680e-01
    outer loop
      vertex   4.405032e+01 -9.731258e+00 -1.617413e+02
      vertex   4.749933e+01 -1.050882e+01 -1.532058e+02
      vertex   4.335714e+01 -1.246142e+01 -1.617413e+02
    endloop
  endfacet
  facet normal 8.954904e-01 -2.275491e-01 -3.825158e-01
    outer loop
      vertex   4.335714e+01 -1.246142e+01 -1.617413e+02
      vertex   4.749933e+01 -1.050882e+01 -1.532058e+02
      vertex   4.675411e+01 -1.344151e+01 -1.532058e+02
    endloop
  endfacet
  facet normal 8.796039e-01 -2.827788e-01 -3.825350e-01
    outer loop
      vertex   4.335714e+01 -1.246142e+01 -1.617413e+02
      vertex   4.675411e+01 -1.344151e+01 -1.532058e+02
      vertex   4.582802e+01 -1.632219e+01 -1.532058e+02
    endloop
  endfacet
  facet normal 8.795861e-01 -2.828176e-01 -3.825474e-01
    outer loop
      vertex   4.335714e+01 -1.246142e+01 -1.617413e+02
      vertex   4.582802e+01 -1.632219e+01 -1.532058e+02
      vertex   4.249492e+01 -1.514300e+01 -1.617413e+02
    endloop
  endfacet
  facet normal 8.603341e-01 -3.369212e-01 -3.825040e-01
    outer loop
      vertex   4.249492e+01 -1.514300e+01 -1.617413e+02
      vertex   4.582802e+01 -1.632219e+01 -1.532058e+02
      vertex   4.472462e+01 -1.913973e+01 -1.532058e+02
    endloop
  endfacet
  facet normal 8.602083e-01 -3.371553e-01 -3.825807e-01
    outer loop
      vertex   4.249492e+01 -1.514300e+01 -1.617413e+02
      vertex   4.472462e+01 -1.913973e+01 -1.532058e+02
      vertex   4.146702e+01 -1.776555e+01 -1.617413e+02
    endloop
  endfacet
  facet normal 8.470633e-01 -3.688497e-01 -3.826666e-01
    outer loop
      vertex   4.146702e+01 -1.776555e+01 -1.617413e+02
      vertex   4.472462e+01 -1.913973e+01 -1.532058e+02
      vertex   4.183410e+01 -1.851561e+01 -1.602058e+02
    endloop
  endfacet
  facet normal 8.383092e-01 -3.900286e-01 -3.809401e-01
    outer loop
      vertex   4.183410e+01 -1.851561e+01 -1.602058e+02
      vertex   4.472462e+01 -1.913973e+01 -1.532058e+02
      vertex   4.344820e+01 -2.188322e+01 -1.532058e+02
    endloop
  endfacet
  facet normal 8.348357e-01 -3.955994e-01 -3.828192e-01
    outer loop
      vertex   4.183410e+01 -1.851561e+01 -1.602058e+02
      vertex   4.344820e+01 -2.188322e+01 -1.532058e+02
      vertex   4.082170e+01 -2.065208e+01 -1.602058e+02
    endloop
  endfacet
  facet normal 8.134687e-01 -4.382993e-01 -3.823119e-01
    outer loop
      vertex   4.082170e+01 -2.065208e+01 -1.602058e+02
      vertex   4.344820e+01 -2.188322e+01 -1.532058e+02
      vertex   3.970028e+01 -2.273340e+01 -1.602058e+02
    endloop
  endfacet
  facet normal 8.123018e-01 -4.413166e-01 -3.813207e-01
    outer loop
      vertex   3.970028e+01 -2.273340e+01 -1.602058e+02
      vertex   4.344820e+01 -2.188322e+01 -1.532058e+02
      vertex   4.200368e+01 -2.454205e+01 -1.532058e+02
    endloop
  endfacet
  facet normal 7.892824e-01 -4.794612e-01 -3.836017e-01
    outer loop
      vertex   3.970028e+01 -2.273340e+01 -1.602058e+02
      vertex   4.200368e+01 -2.454205e+01 -1.532058e+02
      vertex   3.847283e+01 -2.475400e+01 -1.602058e+02
    endloop
  endfacet
  facet normal 7.836187e-01 -4.911669e-01 -3.803905e-01
    outer loop
      vertex   3.847283e+01 -2.475400e+01 -1.602058e+02
      vertex   4.200368e+01 -2.454205e+01 -1.532058e+02
      vertex   4.039666e+01 -2.710593e+01 -1.532058e+02
    endloop
  endfacet
  facet normal 7.632245e-01 -5.194366e-01 -3.842838e-01
    outer loop
      vertex   3.847283e+01 -2.475400e+01 -1.602058e+02
      vertex   4.039666e+01 -2.710593e+01 -1.532058e+02
      vertex   3.714264e+01 -2.670850e+01 -1.602058e+02
    endloop
  endfacet
  facet normal 7.516868e-01 -5.390199e-01 -3.800322e-01
    outer loop
      vertex   3.714264e+01 -2.670850e+01 -1.602058e+02
      vertex   4.039666e+01 -2.710593e+01 -1.532058e+02
      vertex   3.863335e+01 -2.956494e+01 -1.532058e+02
    endloop
  endfacet
  facet normal 7.453618e-01 -5.465355e-01 -3.817521e-01
    outer loop
      vertex   3.714264e+01 -2.670850e+01 -1.602058e+02
      vertex   3.863335e+01 -2.956494e+01 -1.532058e+02
      vertex   3.630995e+01 -2.677155e+01 -1.617413e+02
    endloop
  endfacet
  facet normal 7.255336e-01 -5.708754e-01 -3.843205e-01
    outer loop
      vertex   3.630995e+01 -2.677155e+01 -1.617413e+02
      vertex   3.863335e+01 -2.956494e+01 -1.532058e+02
      vertex   3.456202e+01 -2.899302e+01 -1.617413e+02
    endloop
  endfacet
  facet normal 7.164462e-01 -5.844842e-01 -3.808977e-01
    outer loop
      vertex   3.456202e+01 -2.899302e+01 -1.617413e+02
      vertex   3.863335e+01 -2.956494e+01 -1.532058e+02
      vertex   3.672057e+01 -3.190957e+01 -1.532058e+02
    endloop
  endfacet
  facet normal 6.883652e-01 -6.152015e-01 -3.842923e-01
    outer loop
      vertex   3.456202e+01 -2.899302e+01 -1.617413e+02
      vertex   3.672057e+01 -3.190957e+01 -1.532058e+02
      vertex   3.267839e+01 -3.110066e+01 -1.617413e+02
    endloop
  endfacet
  facet normal 6.787150e-01 -6.278873e-01 -3.809245e-01
    outer loop
      vertex   3.267839e+01 -3.110066e+01 -1.617413e+02
      vertex   3.672057e+01 -3.190957e+01 -1.532058e+02
      vertex   3.466574e+01 -3.413075e+01 -1.532058e+02
    endloop
  endfacet
  facet normal 6.484934e-01 -6.571135e-01 -3.842631e-01
    outer loop
      vertex   3.267839e+01 -3.110066e+01 -1.617413e+02
      vertex   3.466574e+01 -3.413075e+01 -1.532058e+02
      vertex   3.066646e+01 -3.308620e+01 -1.617413e+02
    endloop
  endfacet
  facet normal 6.383588e-01 -6.688599e-01 -3.809521e-01
    outer loop
      vertex   3.066646e+01 -3.308620e+01 -1.617413e+02
      vertex   3.466574e+01 -3.413075e+01 -1.532058e+02
      vertex   3.247678e+01 -3.621988e+01 -1.532058e+02
    endloop
  endfacet
  facet normal 6.060747e-01 -6.964470e-01 -3.842330e-01
    outer loop
      vertex   3.066646e+01 -3.308620e+01 -1.617413e+02
      vertex   3.247678e+01 -3.621988e+01 -1.532058e+02
      vertex   2.853413e+01 -3.494184e+01 -1.617413e+02
    endloop
  endfacet
  facet normal 5.955336e-01 -7.072437e-01 -3.809805e-01
    outer loop
      vertex   2.853413e+01 -3.494184e+01 -1.617413e+02
      vertex   3.247678e+01 -3.621988e+01 -1.532058e+02
      vertex   3.016218e+01 -3.816889e+01 -1.532058e+02
    endloop
  endfacet
  facet normal 5.612755e-01 -7.330475e-01 -3.842020e-01
    outer loop
      vertex   2.853413e+01 -3.494184e+01 -1.617413e+02
      vertex   3.016218e+01 -3.816889e+01 -1.532058e+02
      vertex   2.628977e+01 -3.666029e+01 -1.617413e+02
    endloop
  endfacet
  facet normal 5.504053e-01 -7.428899e-01 -3.810099e-01
    outer loop
      vertex   2.628977e+01 -3.666029e+01 -1.617413e+02
      vertex   3.016218e+01 -3.816889e+01 -1.532058e+02
      vertex   2.773089e+01 -3.997023e+01 -1.532058e+02
    endloop
  endfacet
  facet normal 5.142717e-01 -7.667712e-01 -3.841700e-01
    outer loop
      vertex   2.628977e+01 -3.666029e+01 -1.617413e+02
      vertex   2.773089e+01 -3.997023e+01 -1.532058e+02
      vertex   2.394219e+01 -3.823480e+01 -1.617413e+02
    endloop
  endfacet
  facet normal 5.031486e-01 -7.756609e-01 -3.810402e-01
    outer loop
      vertex   2.394219e+01 -3.823480e+01 -1.617413e+02
      vertex   2.773089e+01 -3.997023e+01 -1.532058e+02
      vertex   2.519231e+01 -4.161693e+01 -1.532058e+02
    endloop
  endfacet
  facet normal 4.652475e-01 -7.974858e-01 -3.841370e-01
    outer loop
      vertex   2.394219e+01 -3.823480e+01 -1.617413e+02
      vertex   2.519231e+01 -4.161693e+01 -1.532058e+02
      vertex   2.150061e+01 -3.965920e+01 -1.617413e+02
    endloop
  endfacet
  facet normal 4.539464e-01 -8.054299e-01 -3.810713e-01
    outer loop
      vertex   2.150061e+01 -3.965920e+01 -1.617413e+02
      vertex   2.519231e+01 -4.161693e+01 -1.532058e+02
      vertex   2.255627e+01 -4.310262e+01 -1.532058e+02
    endloop
  endfacet
  facet normal 4.143954e-01 -8.250705e-01 -3.841031e-01
    outer loop
      vertex   2.150061e+01 -3.965920e+01 -1.617413e+02
      vertex   2.255627e+01 -4.310262e+01 -1.532058e+02
      vertex   1.897462e+01 -4.092789e+01 -1.617413e+02
    endloop
  endfacet
  facet normal 4.029893e-01 -8.320817e-01 -3.811033e-01
    outer loop
      vertex   1.897462e+01 -4.092789e+01 -1.617413e+02
      vertex   2.255627e+01 -4.310262e+01 -1.532058e+02
      vertex   1.983296e+01 -4.442156e+01 -1.532058e+02
    endloop
  endfacet
  facet normal 3.619149e-01 -8.494170e-01 -3.840683e-01
    outer loop
      vertex   1.897462e+01 -4.092789e+01 -1.617413e+02
      vertex   1.983296e+01 -4.442156e+01 -1.532058e+02
      vertex   1.637413e+01 -4.203589e+01 -1.617413e+02
    endloop
  endfacet
  facet normal 3.504744e-01 -8.555133e-01 -3.811362e-01
    outer loop
      vertex   1.637413e+01 -4.203589e+01 -1.617413e+02
      vertex   1.983296e+01 -4.442156e+01 -1.532058e+02
      vertex   1.703293e+01 -4.556864e+01 -1.532058e+02
    endloop
  endfacet
  facet normal 3.080119e-01 -8.704296e-01 -3.840325e-01
    outer loop
      vertex   1.637413e+01 -4.203589e+01 -1.617413e+02
      vertex   1.703293e+01 -4.556864e+01 -1.532058e+02
      vertex   1.370935e+01 -4.297886e+01 -1.617413e+02
    endloop
  endfacet
  facet normal 2.966050e-01 -8.756340e-01 -3.811699e-01
    outer loop
      vertex   1.370935e+01 -4.297886e+01 -1.617413e+02
      vertex   1.703293e+01 -4.556864e+01 -1.532058e+02
      vertex   1.416699e+01 -4.653942e+01 -1.532058e+02
    endloop
  endfacet
  facet normal 2.528979e-01 -8.880259e-01 -3.839957e-01
    outer loop
      vertex   1.370935e+01 -4.297886e+01 -1.617413e+02
      vertex   1.416699e+01 -4.653942e+01 -1.532058e+02
      vertex   1.099075e+01 -4.375308e+01 -1.617413e+02
    endloop
  endfacet
  facet normal 2.415897e-01 -8.923662e-01 -3.812046e-01
    outer loop
      vertex   1.099075e+01 -4.375308e+01 -1.617413e+02
      vertex   1.416699e+01 -4.653942e+01 -1.532058e+02
      vertex   1.124625e+01 -4.733015e+01 -1.532058e+02
    endloop
  endfacet
  facet normal 1.967893e-01 -9.021365e-01 -3.839580e-01
    outer loop
      vertex   1.099075e+01 -4.375308e+01 -1.617413e+02
      vertex   1.124625e+01 -4.733015e+01 -1.532058e+02
      vertex   8.228994e+00 -4.435552e+01 -1.617413e+02
    endloop
  endfacet
  facet normal 1.856413e-01 -9.056452e-01 -3.812401e-01
    outer loop
      vertex   8.228994e+00 -4.435552e+01 -1.617413e+02
      vertex   1.124625e+01 -4.733015e+01 -1.532058e+02
      vertex   8.281997e+00 -4.793777e+01 -1.532058e+02
    endloop
  endfacet
  facet normal 1.399062e-01 -9.127060e-01 -3.839194e-01
    outer loop
      vertex   8.228994e+00 -4.435552e+01 -1.617413e+02
      vertex   8.281997e+00 -4.793777e+01 -1.532058e+02
      vertex   5.434932e+00 -4.478381e+01 -1.617413e+02
    endloop
  endfacet
  facet normal 1.189869e-01 -9.177895e-01 -3.788201e-01
    outer loop
      vertex   5.434932e+00 -4.478381e+01 -1.617413e+02
      vertex   8.281997e+00 -4.793777e+01 -1.532058e+02
      vertex   4.980586e+00 -4.547651e+01 -1.602058e+02
    endloop
  endfacet
  facet normal 1.289065e-01 -9.149230e-01 -3.824906e-01
    outer loop
      vertex   4.980586e+00 -4.547651e+01 -1.602058e+02
      vertex   8.281997e+00 -4.793777e+01 -1.532058e+02
      vertex   5.285702e+00 -4.835993e+01 -1.532058e+02
    endloop
  endfacet
  facet normal 7.661933e-02 -9.207302e-01 -3.826035e-01
    outer loop
      vertex   4.980586e+00 -4.547651e+01 -1.602058e+02
      vertex   5.285702e+00 -4.835993e+01 -1.532058e+02
      vertex   2.604600e+00 -4.567423e+01 -1.602058e+02
    endloop
  endfacet
  facet normal 7.181989e-02 -9.217212e-01 -3.811455e-01
    outer loop
      vertex   2.604600e+00 -4.567423e+01 -1.602058e+02
      vertex   5.285702e+00 -4.835993e+01 -1.532058e+02
      vertex   2.268959e+00 -4.859499e+01 -1.532058e+02
    endloop
  endfacet
  facet normal 2.853261e-02 -9.229950e-01 -3.837526e-01
    outer loop
      vertex   2.604600e+00 -4.567423e+01 -1.602058e+02
      vertex   2.268959e+00 -4.859499e+01 -1.532058e+02
      vertex   2.215395e-01 -4.574790e+01 -1.602058e+02
    endloop
  endfacet
  facet normal 1.438314e-02 -9.247413e-01 -3.803243e-01
    outer loop
      vertex   2.215395e-01 -4.574790e+01 -1.602058e+02
      vertex   2.268959e+00 -4.859499e+01 -1.532058e+02
      vertex   -7.565635e-01 -4.864205e+01 -1.532058e+02
    endloop
  endfacet
  facet normal -1.958685e-02 -9.229823e-01 -3.843436e-01
    outer loop
      vertex   2.215395e-01 -4.574790e+01 -1.602058e+02
      vertex   -7.565635e-01 -4.864205e+01 -1.532058e+02
      vertex   -2.162122e+00 -4.569732e+01 -1.602058e+02
    endloop
  endfacet
  facet normal -4.314118e-02 -9.239681e-01 -3.800287e-01
    outer loop
      vertex   -2.162122e+00 -4.569732e+01 -1.602058e+02
      vertex   -7.565635e-01 -4.864205e+01 -1.532058e+02
      vertex   -3.779159e+00 -4.850092e+01 -1.532058e+02
    endloop
  endfacet
  facet normal -6.764447e-02 -9.206942e-01 -3.843779e-01
    outer loop
      vertex   -2.162122e+00 -4.569732e+01 -1.602058e+02
      vertex   -3.779159e+00 -4.850092e+01 -1.532058e+02
      vertex   -4.539912e+00 -4.552262e+01 -1.602058e+02
    endloop
  endfacet
  facet normal -1.091487e-01 -9.188952e-01 -3.791018e-01
    outer loop
      vertex   -4.539912e+00 -4.552262e+01 -1.602058e+02
      vertex   -3.779159e+00 -4.850092e+01 -1.532058e+02
      vertex   -5.000946e+00 -4.483435e+01 -1.617413e+02
    endloop
  endfacet
  facet normal -1.004787e-01 -9.192993e-01 -3.805165e-01
    outer loop
      vertex   -5.000946e+00 -4.483435e+01 -1.617413e+02
      vertex   -3.779159e+00 -4.850092e+01 -1.532058e+02
      vertex   -6.787133e+00 -4.817215e+01 -1.532058e+02
    endloop
  endfacet
  facet normal -1.309603e-01 -9.137016e-01 -3.847062e-01
    outer loop
      vertex   -5.000946e+00 -4.483435e+01 -1.617413e+02
      vertex   -6.787133e+00 -4.817215e+01 -1.532058e+02
      vertex   -7.793839e+00 -4.443405e+01 -1.617413e+02
    endloop
  endfacet
  facet normal -1.574366e-01 -9.112729e-01 -3.805199e-01
    outer loop
      vertex   -7.793839e+00 -4.443405e+01 -1.617413e+02
      vertex   -6.787133e+00 -4.817215e+01 -1.532058e+02
      vertex   -9.768849e+00 -4.765701e+01 -1.532058e+02
    endloop
  endfacet
  facet normal -1.878216e-01 -9.037296e-01 -3.847023e-01
    outer loop
      vertex   -7.793839e+00 -4.443405e+01 -1.617413e+02
      vertex   -9.768849e+00 -4.765701e+01 -1.532058e+02
      vertex   -1.055625e+01 -4.385994e+01 -1.617413e+02
    endloop
  endfacet
  facet normal -2.137852e-01 -8.997208e-01 -3.805238e-01
    outer loop
      vertex   -1.055625e+01 -4.385994e+01 -1.617413e+02
      vertex   -9.768849e+00 -4.765701e+01 -1.532058e+02
      vertex   -1.271277e+01 -4.695750e+01 -1.532058e+02
    endloop
  endfacet
  facet normal -2.439485e-01 -8.902229e-01 -3.846978e-01
    outer loop
      vertex   -1.055625e+01 -4.385994e+01 -1.617413e+02
      vertex   -1.271277e+01 -4.695750e+01 -1.532058e+02
      vertex   -1.327736e+01 -4.311427e+01 -1.617413e+02
    endloop
  endfacet
  facet normal -2.693064e-01 -8.846877e-01 -3.805282e-01
    outer loop
      vertex   -1.327736e+01 -4.311427e+01 -1.617413e+02
      vertex   -1.271277e+01 -4.695750e+01 -1.532058e+02
      vertex   -1.560751e+01 -4.607632e+01 -1.532058e+02
    endloop
  endfacet
  facet normal -2.991215e-01 -8.732341e-01 -3.846928e-01
    outer loop
      vertex   -1.327736e+01 -4.311427e+01 -1.617413e+02
      vertex   -1.560751e+01 -4.607632e+01 -1.532058e+02
      vertex   -1.594655e+01 -4.219995e+01 -1.617413e+02
    endloop
  endfacet
  facet normal -3.237855e-01 -8.662318e-01 -3.805331e-01
    outer loop
      vertex   -1.594655e+01 -4.219995e+01 -1.617413e+02
      vertex   -1.560751e+01 -4.607632e+01 -1.532058e+02
      vertex   -1.844187e+01 -4.501687e+01 -1.532058e+02
    endloop
  endfacet
  facet normal -3.531247e-01 -8.528298e-01 -3.846873e-01
    outer loop
      vertex   -1.594655e+01 -4.219995e+01 -1.617413e+02
      vertex   -1.844187e+01 -4.501687e+01 -1.532058e+02
      vertex   -1.855335e+01 -4.112057e+01 -1.617413e+02
    endloop
  endfacet
  facet normal -3.770116e-01 -8.444245e-01 -3.805385e-01
    outer loop
      vertex   -1.855335e+01 -4.112057e+01 -1.617413e+02
      vertex   -1.844187e+01 -4.501687e+01 -1.532058e+02
      vertex   -2.120488e+01 -4.378327e+01 -1.532058e+02
    endloop
  endfacet
  facet normal -4.057471e-01 -8.290896e-01 -3.846813e-01
    outer loop
      vertex   -1.855335e+01 -4.112057e+01 -1.617413e+02
      vertex   -2.120488e+01 -4.378327e+01 -1.532058e+02
      vertex   -2.108759e+01 -3.988035e+01 -1.617413e+02
    endloop
  endfacet
  facet normal -4.287787e-01 -8.193502e-01 -3.805444e-01
    outer loop
      vertex   -2.108759e+01 -3.988035e+01 -1.617413e+02
      vertex   -2.120488e+01 -4.378327e+01 -1.532058e+02
      vertex   -2.388585e+01 -4.238027e+01 -1.532058e+02
    endloop
  endfacet
  facet normal -4.567828e-01 -8.021065e-01 -3.846747e-01
    outer loop
      vertex   -2.108759e+01 -3.988035e+01 -1.617413e+02
      vertex   -2.388585e+01 -4.238027e+01 -1.532058e+02
      vertex   -2.353933e+01 -3.848413e+01 -1.617413e+02
    endloop
  endfacet
  facet normal -4.788866e-01 -7.911060e-01 -3.805507e-01
    outer loop
      vertex   -2.353933e+01 -3.848413e+01 -1.617413e+02
      vertex   -2.388585e+01 -4.238027e+01 -1.532058e+02
      vertex   -2.647441e+01 -4.081332e+01 -1.532058e+02
    endloop
  endfacet
  facet normal -5.060321e-01 -7.719860e-01 -3.846676e-01
    outer loop
      vertex   -2.353933e+01 -3.848413e+01 -1.617413e+02
      vertex   -2.647441e+01 -4.081332e+01 -1.532058e+02
      vertex   -2.589901e+01 -3.693738e+01 -1.617413e+02
    endloop
  endfacet
  facet normal -5.271414e-01 -7.598012e-01 -3.805576e-01
    outer loop
      vertex   -2.589901e+01 -3.693738e+01 -1.617413e+02
      vertex   -2.647441e+01 -4.081332e+01 -1.532058e+02
      vertex   -2.896055e+01 -3.908847e+01 -1.532058e+02
    endloop
  endfacet
  facet normal -5.533025e-01 -7.388457e-01 -3.846600e-01
    outer loop
      vertex   -2.589901e+01 -3.693738e+01 -1.617413e+02
      vertex   -2.896055e+01 -3.908847e+01 -1.532058e+02
      vertex   -2.815738e+01 -3.524614e+01 -1.617413e+02
    endloop
  endfacet
  facet normal -5.733564e-01 -7.255568e-01 -3.805649e-01
    outer loop
      vertex   -2.815738e+01 -3.524614e+01 -1.617413e+02
      vertex   -2.896055e+01 -3.908847e+01 -1.532058e+02
      vertex   -3.133464e+01 -3.721239e+01 -1.532058e+02
    endloop
  endfacet
  facet normal -5.984092e-01 -7.028154e-01 -3.846518e-01
    outer loop
      vertex   -2.815738e+01 -3.524614e+01 -1.617413e+02
      vertex   -3.133464e+01 -3.721239e+01 -1.532058e+02
      vertex   -3.030560e+01 -3.341704e+01 -1.617413e+02
    endloop
  endfacet
  facet normal -6.173528e-01 -6.885056e-01 -3.805728e-01
    outer loop
      vertex   -3.030560e+01 -3.341704e+01 -1.617413e+02
      vertex   -3.133464e+01 -3.721239e+01 -1.532058e+02
      vertex   -3.358751e+01 -3.519234e+01 -1.532058e+02
    endloop
  endfacet
  facet normal -6.411756e-01 -6.640358e-01 -3.846432e-01
    outer loop
      vertex   -3.030560e+01 -3.341704e+01 -1.617413e+02
      vertex   -3.358751e+01 -3.519234e+01 -1.532058e+02
      vertex   -3.233529e+01 -3.145723e+01 -1.617413e+02
    endloop
  endfacet
  facet normal -6.589603e-01 -6.487907e-01 -3.805811e-01
    outer loop
      vertex   -3.233529e+01 -3.145723e+01 -1.617413e+02
      vertex   -3.358751e+01 -3.519234e+01 -1.532058e+02
      vertex   -3.571043e+01 -3.303614e+01 -1.532058e+02
    endloop
  endfacet
  facet normal -6.814344e-01 -6.226587e-01 -3.846340e-01
    outer loop
      vertex   -3.233529e+01 -3.145723e+01 -1.617413e+02
      vertex   -3.571043e+01 -3.303614e+01 -1.532058e+02
      vertex   -3.423850e+01 -2.937437e+01 -1.617413e+02
    endloop
  endfacet
  facet normal -6.980179e-01 -6.065660e-01 -3.805899e-01
    outer loop
      vertex   -3.423850e+01 -2.937437e+01 -1.617413e+02
      vertex   -3.571043e+01 -3.303614e+01 -1.532058e+02
      vertex   -3.769520e+01 -3.075213e+01 -1.532058e+02
    endloop
  endfacet
  facet normal -7.190284e-01 -5.788458e-01 -3.846242e-01
    outer loop
      vertex   -3.423850e+01 -2.937437e+01 -1.617413e+02
      vertex   -3.769520e+01 -3.075213e+01 -1.532058e+02
      vertex   -3.600778e+01 -2.717661e+01 -1.617413e+02
    endloop
  endfacet
  facet normal -7.363077e-01 -5.598193e-01 -3.800701e-01
    outer loop
      vertex   -3.600778e+01 -2.717661e+01 -1.617413e+02
      vertex   -3.769520e+01 -3.075213e+01 -1.532058e+02
      vertex   -3.683744e+01 -2.712790e+01 -1.602058e+02
    endloop
  endfacet
  facet normal -7.342739e-01 -5.619177e-01 -3.809073e-01
    outer loop
      vertex   -3.683744e+01 -2.712790e+01 -1.602058e+02
      vertex   -3.769520e+01 -3.075213e+01 -1.532058e+02
      vertex   -3.953413e+01 -2.834915e+01 -1.532058e+02
    endloop
  endfacet
  facet normal -7.574742e-01 -5.280407e-01 -3.839347e-01
    outer loop
      vertex   -3.683744e+01 -2.712790e+01 -1.602058e+02
      vertex   -3.953413e+01 -2.834915e+01 -1.532058e+02
      vertex   -3.819627e+01 -2.517864e+01 -1.602058e+02
    endloop
  endfacet
  facet normal -7.680291e-01 -5.153432e-01 -3.802009e-01
    outer loop
      vertex   -3.819627e+01 -2.517864e+01 -1.602058e+02
      vertex   -3.953413e+01 -2.834915e+01 -1.532058e+02
      vertex   -4.122011e+01 -2.583649e+01 -1.532058e+02
    endloop
  endfacet
  facet normal -7.837069e-01 -4.878981e-01 -3.843941e-01
    outer loop
      vertex   -3.819627e+01 -2.517864e+01 -1.602058e+02
      vertex   -4.122011e+01 -2.583649e+01 -1.532058e+02
      vertex   -3.945207e+01 -2.316147e+01 -1.602058e+02
    endloop
  endfacet
  facet normal -7.986396e-01 -4.666318e-01 -3.800389e-01
    outer loop
      vertex   -3.945207e+01 -2.316147e+01 -1.602058e+02
      vertex   -4.122011e+01 -2.583649e+01 -1.532058e+02
      vertex   -4.274662e+01 -2.322387e+01 -1.532058e+02
    endloop
  endfacet
  facet normal -8.080249e-01 -4.465722e-01 -3.842773e-01
    outer loop
      vertex   -3.945207e+01 -2.316147e+01 -1.602058e+02
      vertex   -4.274662e+01 -2.322387e+01 -1.532058e+02
      vertex   -4.060144e+01 -2.108181e+01 -1.602058e+02
    endloop
  endfacet
  facet normal -8.259645e-01 -4.160072e-01 -3.804218e-01
    outer loop
      vertex   -4.060144e+01 -2.108181e+01 -1.602058e+02
      vertex   -4.274662e+01 -2.322387e+01 -1.532058e+02
      vertex   -4.410775e+01 -2.052140e+01 -1.532058e+02
    endloop
  endfacet
  facet normal -9.170499e-01 3.986776e-01 -8.698857e-03
    outer loop
      vertex   4.176421e+01 1.867272e+01 -1.602058e+02
      vertex   4.142594e+01 1.786112e+01 -1.617413e+02
      vertex   4.134120e+01 1.769971e+01 -1.602058e+02
    endloop
  endfacet
  facet normal -8.581439e-01 5.133667e-01 6.607914e-03
    outer loop
      vertex   4.134120e+01 1.769971e+01 -1.602058e+02
      vertex   4.142594e+01 1.786112e+01 -1.617413e+02
      vertex   4.095460e+01 1.708273e+01 -1.624792e+02
    endloop
  endfacet
  facet normal -8.324898e-01 5.539709e-01 -8.774144e-03
    outer loop
      vertex   4.134120e+01 1.769971e+01 -1.602058e+02
      vertex   4.095460e+01 1.708273e+01 -1.624792e+02
      vertex   4.075343e+01 1.681642e+01 -1.602058e+02
    endloop
  endfacet
  facet normal -7.719199e-01 6.356900e-01 6.158124e-03
    outer loop
      vertex   4.075343e+01 1.681642e+01 -1.602058e+02
      vertex   4.095460e+01 1.708273e+01 -1.624792e+02
      vertex   4.038200e+01 1.639508e+01 -1.632704e+02
    endloop
  endfacet
  facet normal -7.219061e-01 6.919489e-01 -7.638177e-03
    outer loop
      vertex   4.075343e+01 1.681642e+01 -1.602058e+02
      vertex   4.038200e+01 1.639508e+01 -1.632704e+02
      vertex   4.001926e+01 1.605047e+01 -1.602058e+02
    endloop
  endfacet
  facet normal -6.682191e-01 7.439505e-01 4.563858e-03
    outer loop
      vertex   4.001926e+01 1.605047e+01 -1.602058e+02
      vertex   4.038200e+01 1.639508e+01 -1.632704e+02
      vertex   3.972911e+01 1.581370e+01 -1.640932e+02
    endloop
  endfacet
  facet normal -5.887504e-01 8.082976e-01 -5.286804e-03
    outer loop
      vertex   4.001926e+01 1.605047e+01 -1.602058e+02
      vertex   3.972911e+01 1.581370e+01 -1.640932e+02
      vertex   3.916167e+01 1.542581e+01 -1.602058e+02
    endloop
  endfacet
  facet normal -5.537269e-01 8.326952e-01 2.260014e-03
    outer loop
      vertex   3.916167e+01 1.542581e+01 -1.602058e+02
      vertex   3.972911e+01 1.581370e+01 -1.640932e+02
      vertex   3.902148e+01 1.534540e+01 -1.649235e+02
    endloop
  endfacet
  facet normal -4.371791e-01 8.993714e-01 -2.339596e-03
    outer loop
      vertex   3.916167e+01 1.542581e+01 -1.602058e+02
      vertex   3.902148e+01 1.534540e+01 -1.649235e+02
      vertex   3.820745e+01 1.496197e+01 -1.602058e+02
    endloop
  endfacet
  facet normal -4.316118e-01 9.020587e-01 -1.160560e-03
    outer loop
      vertex   3.820745e+01 1.496197e+01 -1.602058e+02
      vertex   3.902148e+01 1.534540e+01 -1.649235e+02
      vertex   3.828707e+01 1.499295e+01 -1.657357e+02
    endloop
  endfacet
  facet normal -3.051825e-01 9.522934e-01 9.412162e-04
    outer loop
      vertex   3.820745e+01 1.496197e+01 -1.602058e+02
      vertex   3.828707e+01 1.499295e+01 -1.657357e+02
      vertex   3.751181e+01 1.474531e+01 -1.665480e+02
    endloop
  endfacet
  facet normal -2.719306e-01 9.623120e-01 -3.048226e-03
    outer loop
      vertex   3.820745e+01 1.496197e+01 -1.602058e+02
      vertex   3.751181e+01 1.474531e+01 -1.665480e+02
      vertex   3.718645e+01 1.467346e+01 -1.602058e+02
    endloop
  endfacet
  facet normal -1.730606e-01 9.849085e-01 2.279787e-03
    outer loop
      vertex   3.718645e+01 1.467346e+01 -1.602058e+02
      vertex   3.751181e+01 1.474531e+01 -1.665480e+02
      vertex   3.667273e+01 1.459980e+01 -1.673817e+02
    endloop
  endfacet
  facet normal -9.817998e-02 9.951636e-01 -3.186052e-03
    outer loop
      vertex   3.718645e+01 1.467346e+01 -1.602058e+02
      vertex   3.667273e+01 1.459980e+01 -1.673817e+02
      vertex   3.613060e+01 1.456929e+01 -1.602058e+02
    endloop
  endfacet
  facet normal -2.961672e-02 9.995593e-01 2.012501e-03
    outer loop
      vertex   3.613060e+01 1.456929e+01 -1.602058e+02
      vertex   3.667273e+01 1.459980e+01 -1.673817e+02
      vertex   3.579413e+01 1.457543e+01 -1.682058e+02
    endloop
  endfacet
  facet normal 7.864066e-02 9.968998e-01 -2.542703e-03
    outer loop
      vertex   3.613060e+01 1.456929e+01 -1.602058e+02
      vertex   3.579413e+01 1.457543e+01 -1.682058e+02
      vertex   3.507290e+01 1.465273e+01 -1.602058e+02
    endloop
  endfacet
  facet normal 1.297752e-01 9.915412e-01 2.119006e-03
    outer loop
      vertex   3.507290e+01 1.465273e+01 -1.602058e+02
      vertex   3.579413e+01 1.457543e+01 -1.682058e+02
      vertex   3.479753e+01 1.470586e+01 -1.682058e+02
    endloop
  endfacet
  facet normal 2.530026e-01 9.674629e-01 -2.282555e-03
    outer loop
      vertex   3.507290e+01 1.465273e+01 -1.602058e+02
      vertex   3.479753e+01 1.470586e+01 -1.682058e+02
      vertex   3.404644e+01 1.492116e+01 -1.602058e+02
    endloop
  endfacet
  facet normal 2.934694e-01 9.559667e-01 1.826105e-03
    outer loop
      vertex   3.404644e+01 1.492116e+01 -1.602058e+02
      vertex   3.479753e+01 1.470586e+01 -1.682058e+02
      vertex   3.383670e+01 1.500083e+01 -1.682058e+02
    endloop
  endfacet
  facet normal 4.194538e-01 9.077746e-01 -1.956908e-03
    outer loop
      vertex   3.404644e+01 1.492116e+01 -1.602058e+02
      vertex   3.383670e+01 1.500083e+01 -1.682058e+02
      vertex   3.308331e+01 1.536619e+01 -1.602058e+02
    endloop
  endfacet
  facet normal 4.489285e-01 8.935665e-01 1.467720e-03
    outer loop
      vertex   3.308331e+01 1.536619e+01 -1.602058e+02
      vertex   3.383670e+01 1.500083e+01 -1.682058e+02
      vertex   3.293858e+01 1.545204e+01 -1.682058e+02
    endloop
  endfacet
  facet normal 5.727893e-01 8.197012e-01 -1.565793e-03
    outer loop
      vertex   3.308331e+01 1.536619e+01 -1.602058e+02
      vertex   3.293858e+01 1.545204e+01 -1.682058e+02
      vertex   3.221362e+01 1.597391e+01 -1.602058e+02
    endloop
  endfacet
  facet normal 5.917903e-01 8.060913e-01 1.043882e-03
    outer loop
      vertex   3.221362e+01 1.597391e+01 -1.602058e+02
      vertex   3.293858e+01 1.545204e+01 -1.682058e+02
      vertex   3.212838e+01 1.604685e+01 -1.682058e+02
    endloop
  endfacet
  facet normal 7.082145e-01 7.059965e-01 -1.109242e-03
    outer loop
      vertex   3.221362e+01 1.597391e+01 -1.602058e+02
      vertex   3.212838e+01 1.604685e+01 -1.682058e+02
      vertex   3.146458e+01 1.672531e+01 -1.602058e+02
    endloop
  endfacet
  facet normal 7.180456e-01 6.959959e-01 5.546274e-04
    outer loop
      vertex   3.146458e+01 1.672531e+01 -1.602058e+02
      vertex   3.212838e+01 1.604685e+01 -1.682058e+02
      vertex   3.142884e+01 1.676855e+01 -1.682058e+02
    endloop
  endfacet
  facet normal 8.214947e-01 5.702158e-01 -5.872959e-04
    outer loop
      vertex   3.146458e+01 1.672531e+01 -1.602058e+02
      vertex   3.142884e+01 1.676855e+01 -1.682058e+02
      vertex   3.085959e+01 1.759690e+01 -1.602058e+02
    endloop
  endfacet
  facet normal 8.241514e-01 5.663696e-01 0.000000e+00
    outer loop
      vertex   3.085959e+01 1.759690e+01 -1.602058e+02
      vertex   3.142884e+01 1.676855e+01 -1.682058e+02
      vertex   3.085959e+01 1.759690e+01 -1.682058e+02
    endloop
  endfacet
  facet normal 9.071302e-01 4.208500e-01 0.000000e+00
    outer loop
      vertex   3.085959e+01 1.759690e+01 -1.602058e+02
      vertex   3.085959e+01 1.759690e+01 -1.682058e+02
      vertex   3.043659e+01 1.850865e+01 -1.682058e+02
    endloop
  endfacet
  facet normal 9.090875e-01 4.166049e-01 -5.872959e-04
    outer loop
      vertex   3.085959e+01 1.759690e+01 -1.602058e+02
      vertex   3.043659e+01 1.850865e+01 -1.682058e+02
      vertex   3.041758e+01 1.856142e+01 -1.602058e+02
    endloop
  endfacet
  facet normal 9.646536e-01 2.635208e-01 5.546274e-04
    outer loop
      vertex   3.041758e+01 1.856142e+01 -1.602058e+02
      vertex   3.043659e+01 1.850865e+01 -1.682058e+02
      vertex   3.017173e+01 1.947822e+01 -1.682058e+02
    endloop
  endfacet
  facet normal 9.682537e-01 2.499671e-01 -1.109242e-03
    outer loop
      vertex   3.041758e+01 1.856142e+01 -1.602058e+02
      vertex   3.017173e+01 1.947822e+01 -1.682058e+02
      vertex   3.015237e+01 1.958872e+01 -1.602058e+02
    endloop
  endfacet
  facet normal 9.951071e-01 9.879680e-02 1.043882e-03
    outer loop
      vertex   3.015237e+01 1.958872e+01 -1.602058e+02
      vertex   3.017173e+01 1.947822e+01 -1.682058e+02
      vertex   3.007243e+01 2.047839e+01 -1.682058e+02
    endloop
  endfacet
  facet normal 9.971436e-01 7.551335e-02 -1.565793e-03
    outer loop
      vertex   3.015237e+01 1.958872e+01 -1.602058e+02
      vertex   3.007243e+01 2.047839e+01 -1.682058e+02
      vertex   3.007225e+01 2.064667e+01 -1.602058e+02
    endloop
  endfacet
  facet normal 9.976363e-01 -6.869942e-02 1.467720e-03
    outer loop
      vertex   3.007225e+01 2.064667e+01 -1.602058e+02
      vertex   3.007243e+01 2.047839e+01 -1.682058e+02
      vertex   3.014148e+01 2.148111e+01 -1.682058e+02
    endloop
  endfacet
  facet normal 9.948539e-01 -1.013014e-01 -1.956908e-03
    outer loop
      vertex   3.007225e+01 2.064667e+01 -1.602058e+02
      vertex   3.014148e+01 2.148111e+01 -1.682058e+02
      vertex   3.017973e+01 2.170219e+01 -1.602058e+02
    endloop
  endfacet
  facet normal 9.721704e-01 -2.342676e-01 1.826105e-03
    outer loop
      vertex   3.017973e+01 2.170219e+01 -1.602058e+02
      vertex   3.014148e+01 2.148111e+01 -1.682058e+02
      vertex   3.037694e+01 2.245823e+01 -1.682058e+02
    endloop
  endfacet
  facet normal 9.614563e-01 -2.749484e-01 -2.282555e-03
    outer loop
      vertex   3.017973e+01 2.170219e+01 -1.602058e+02
      vertex   3.037694e+01 2.245823e+01 -1.682058e+02
      vertex   3.047144e+01 2.272228e+01 -1.602058e+02
    endloop
  endfacet
  facet normal 9.194241e-01 -3.932618e-01 2.119006e-03
    outer loop
      vertex   3.047144e+01 2.272228e+01 -1.602058e+02
      vertex   3.037694e+01 2.245823e+01 -1.682058e+02
      vertex   3.077221e+01 2.338234e+01 -1.682058e+02
    endloop
  endfacet
  facet normal 8.979952e-01 -4.399979e-01 -2.542703e-03
    outer loop
      vertex   3.047144e+01 2.272228e+01 -1.602058e+02
      vertex   3.077221e+01 2.338234e+01 -1.682058e+02
      vertex   3.093827e+01 2.367504e+01 -1.602058e+02
    endloop
  endfacet
  facet normal 8.451533e-01 -5.345202e-01 2.012501e-03
    outer loop
      vertex   3.093827e+01 2.367504e+01 -1.602058e+02
      vertex   3.077221e+01 2.338234e+01 -1.682058e+02
      vertex   3.124062e+01 2.412607e+01 -1.673817e+02
    endloop
  endfacet
  facet normal 8.064540e-01 -5.912882e-01 -3.186052e-03
    outer loop
      vertex   3.093827e+01 2.367504e+01 -1.602058e+02
      vertex   3.124062e+01 2.412607e+01 -1.673817e+02
      vertex   3.156562e+01 2.453067e+01 -1.602058e+02
    endloop
  endfacet
  facet normal 7.594950e-01 -6.505091e-01 2.279787e-03
    outer loop
      vertex   3.156562e+01 2.453067e+01 -1.602058e+02
      vertex   3.124062e+01 2.412607e+01 -1.673817e+02
      vertex   3.179315e+01 2.477409e+01 -1.665480e+02
    endloop
  endfacet
  facet normal 6.896980e-01 -7.240908e-01 -3.048226e-03
    outer loop
      vertex   3.156562e+01 2.453067e+01 -1.602058e+02
      vertex   3.179315e+01 2.477409e+01 -1.665480e+02
      vertex   3.233387e+01 2.526243e+01 -1.602058e+02
    endloop
  endfacet
  facet normal 6.641420e-01 -7.476058e-01 9.412162e-04
    outer loop
      vertex   3.233387e+01 2.526243e+01 -1.602058e+02
      vertex   3.179315e+01 2.477409e+01 -1.665480e+02
      vertex   3.240108e+01 2.531518e+01 -1.657357e+02
    endloop
  endfacet
  facet normal 5.565244e-01 -8.308304e-01 -1.160560e-03
    outer loop
      vertex   3.233387e+01 2.526243e+01 -1.602058e+02
      vertex   3.240108e+01 2.531518e+01 -1.657357e+02
      vertex   3.307840e+01 2.576774e+01 -1.649235e+02
    endloop
  endfacet
  facet normal 5.513765e-01 -8.342532e-01 -2.339596e-03
    outer loop
      vertex   3.233387e+01 2.526243e+01 -1.602058e+02
      vertex   3.307840e+01 2.576774e+01 -1.649235e+02
      vertex   3.321900e+01 2.584743e+01 -1.602058e+02
    endloop
  endfacet
  facet normal 4.346413e-01 -9.006008e-01 2.260014e-03
    outer loop
      vertex   3.321900e+01 2.584743e+01 -1.602058e+02
      vertex   3.307840e+01 2.576774e+01 -1.649235e+02
      vertex   3.384180e+01 2.613825e+01 -1.640932e+02
    endloop
  endfacet
  facet normal 3.958085e-01 -9.183179e-01 -5.286804e-03
    outer loop
      vertex   3.321900e+01 2.584743e+01 -1.602058e+02
      vertex   3.384180e+01 2.613825e+01 -1.640932e+02
      vertex   3.419333e+01 2.626738e+01 -1.602058e+02
    endloop
  endfacet
  facet normal 2.999604e-01 -9.539407e-01 4.563858e-03
    outer loop
      vertex   3.419333e+01 2.626738e+01 -1.602058e+02
      vertex   3.384180e+01 2.613825e+01 -1.640932e+02
      vertex   3.467463e+01 2.640406e+01 -1.632704e+02
    endloop
  endfacet
  facet normal 2.278667e-01 -9.736624e-01 -7.638177e-03
    outer loop
      vertex   3.419333e+01 2.626738e+01 -1.602058e+02
      vertex   3.467463e+01 2.640406e+01 -1.632704e+02
      vertex   3.522639e+01 2.650915e+01 -1.602058e+02
    endloop
  endfacet
  facet normal 1.539796e-01 -9.880548e-01 6.158124e-03
    outer loop
      vertex   3.522639e+01 2.650915e+01 -1.602058e+02
      vertex   3.467463e+01 2.640406e+01 -1.632704e+02
      vertex   3.555803e+01 2.654667e+01 -1.624792e+02
    endloop
  endfacet
  facet normal 5.280528e-02 -9.985663e-01 -8.774144e-03
    outer loop
      vertex   3.522639e+01 2.650915e+01 -1.602058e+02
      vertex   3.555803e+01 2.654667e+01 -1.624792e+02
      vertex   3.628589e+01 2.656518e+01 -1.602058e+02
    endloop
  endfacet
  facet normal 4.796164e-03 -9.999667e-01 6.607914e-03
    outer loop
      vertex   3.628589e+01 2.656518e+01 -1.602058e+02
      vertex   3.555803e+01 2.654667e+01 -1.624792e+02
      vertex   3.646796e+01 2.655591e+01 -1.617413e+02
    endloop
  endfacet
  facet normal -1.239052e-01 -9.922559e-01 -8.698857e-03
    outer loop
      vertex   3.628589e+01 2.656518e+01 -1.602058e+02
      vertex   3.646796e+01 2.655591e+01 -1.617413e+02
      vertex   3.733870e+01 2.643371e+01 -1.602058e+02
    endloop
  endfacet
  facet normal -0.000000e+00 0.000000e+00 -1.000000e+00
    outer loop
      vertex   3.324840e+01 -2.154950e+01 -1.602058e+02
      vertex   3.035884e+01 -2.177474e+01 -1.602058e+02
      vertex   3.315414e+01 -2.080343e+01 -1.602058e+02
    endloop
  endfacet
  facet normal -0.000000e+00 0.000000e+00 -1.000000e+00
    outer loop
      vertex   3.315414e+01 -2.080343e+01 -1.602058e+02
      vertex   3.035884e+01 -2.177474e+01 -1.602058e+02
      vertex   3.027445e+01 -2.074745e+01 -1.602058e+02
    endloop
  endfacet
  facet normal 0.000000e+00 0.000000e+00 -1.000000e+00
    outer loop
      vertex   3.315414e+01 -2.080343e+01 -1.602058e+02
      vertex   3.027445e+01 -2.074745e+01 -1.602058e+02
      vertex   3.036713e+01 -1.972087e+01 -1.602058e+02
    endloop
  endfacet
  facet normal 0.000000e+00 0.000000e+00 -1.000000e+00
    outer loop
      vertex   3.035884e+01 -2.177474e+01 -1.602058e+02
      vertex   3.324840e+01 -2.154950e+01 -1.602058e+02
      vertex   3.061782e+01 -2.277244e+01 -1.602058e+02
    endloop
  endfacet
  facet normal 0.000000e+00 0.000000e+00 -1.000000e+00
    outer loop
      vertex   3.061782e+01 -2.277244e+01 -1.602058e+02
      vertex   3.324840e+01 -2.154950e+01 -1.602058e+02
      vertex   3.352522e+01 -2.224869e+01 -1.602058e+02
    endloop
  endfacet
  facet normal 0.000000e+00 0.000000e+00 -1.000000e+00
    outer loop
      vertex   3.061782e+01 -2.277244e+01 -1.602058e+02
      vertex   3.352522e+01 -2.224869e+01 -1.602058e+02
      vertex   3.104374e+01 -2.371108e+01 -1.602058e+02
    endloop
  endfacet
  facet normal 0.000000e+00 0.000000e+00 -1.000000e+00
    outer loop
      vertex   3.104374e+01 -2.371108e+01 -1.602058e+02
      vertex   3.352522e+01 -2.224869e+01 -1.602058e+02
      vertex   3.162403e+01 -2.456297e+01 -1.602058e+02
    endloop
  endfacet
  facet normal 0.000000e+00 0.000000e+00 -1.000000e+00
    outer loop
      vertex   3.162403e+01 -2.456297e+01 -1.602058e+02
      vertex   3.352522e+01 -2.224869e+01 -1.602058e+02
      vertex   3.396724e+01 -2.285707e+01 -1.602058e+02
    endloop
  endfacet
  facet normal 0.000000e+00 0.000000e+00 -1.000000e+00
    outer loop
      vertex   3.162403e+01 -2.456297e+01 -1.602058e+02
      vertex   3.396724e+01 -2.285707e+01 -1.602058e+02
      vertex   3.234157e+01 -2.530297e+01 -1.602058e+02
    endloop
  endfacet
  facet normal 0.000000e+00 0.000000e+00 -1.000000e+00
    outer loop
      vertex   3.234157e+01 -2.530297e+01 -1.602058e+02
      vertex   3.396724e+01 -2.285707e+01 -1.602058e+02
      vertex   3.454666e+01 -2.333641e+01 -1.602058e+02
    endloop
  endfacet
  facet normal 0.000000e+00 0.000000e+00 -1.000000e+00
    outer loop
      vertex   3.234157e+01 -2.530297e+01 -1.602058e+02
      vertex   3.454666e+01 -2.333641e+01 -1.602058e+02
      vertex   3.317517e+01 -2.590924e+01 -1.602058e+02
    endloop
  endfacet
  facet normal 0.000000e+00 0.000000e+00 -1.000000e+00
    outer loop
      vertex   3.317517e+01 -2.590924e+01 -1.602058e+02
      vertex   3.454666e+01 -2.333641e+01 -1.602058e+02
      vertex   3.410024e+01 -2.636388e+01 -1.602058e+02
    endloop
  endfacet
  facet normal 0.000000e+00 0.000000e+00 -1.000000e+00
    outer loop
      vertex   3.410024e+01 -2.636388e+01 -1.602058e+02
      vertex   3.454666e+01 -2.333641e+01 -1.602058e+02
      vertex   3.522709e+01 -2.365660e+01 -1.602058e+02
    endloop
  endfacet
  facet normal 0.000000e+00 0.000000e+00 -1.000000e+00
    outer loop
      vertex   3.410024e+01 -2.636388e+01 -1.602058e+02
      vertex   3.522709e+01 -2.365660e+01 -1.602058e+02
      vertex   3.508948e+01 -2.665349e+01 -1.602058e+02
    endloop
  endfacet
  facet normal 0.000000e+00 0.000000e+00 -1.000000e+00
    outer loop
      vertex   3.508948e+01 -2.665349e+01 -1.602058e+02
      vertex   3.522709e+01 -2.365660e+01 -1.602058e+02
      vertex   3.596577e+01 -2.379751e+01 -1.602058e+02
    endloop
  endfacet
  facet normal 0.000000e+00 0.000000e+00 -1.000000e+00
    outer loop
      vertex   3.508948e+01 -2.665349e+01 -1.602058e+02
      vertex   3.596577e+01 -2.379751e+01 -1.602058e+02
      vertex   3.611369e+01 -2.676950e+01 -1.602058e+02
    endloop
  endfacet
  facet normal 0.000000e+00 0.000000e+00 -1.000000e+00
    outer loop
      vertex   3.611369e+01 -2.676950e+01 -1.602058e+02
      vertex   3.596577e+01 -2.379751e+01 -1.602058e+02
      vertex   3.671629e+01 -2.375029e+01 -1.602058e+02
    endloop
  endfacet
  facet normal 0.000000e+00 0.000000e+00 -1.000000e+00
    outer loop
      vertex   3.611369e+01 -2.676950e+01 -1.602058e+02
      vertex   3.671629e+01 -2.375029e+01 -1.602058e+02
      vertex   3.714264e+01 -2.670850e+01 -1.602058e+02
    endloop
  endfacet
  facet normal 0.000000e+00 0.000000e+00 -1.000000e+00
    outer loop
      vertex   3.714264e+01 -2.670850e+01 -1.602058e+02
      vertex   3.671629e+01 -2.375029e+01 -1.602058e+02
      vertex   3.847283e+01 -2.475400e+01 -1.602058e+02
    endloop
  endfacet
  facet normal 0.000000e+00 0.000000e+00 -1.000000e+00
    outer loop
      vertex   3.847283e+01 -2.475400e+01 -1.602058e+02
      vertex   3.671629e+01 -2.375029e+01 -1.602058e+02
      vertex   3.743148e+01 -2.351791e+01 -1.602058e+02
    endloop
  endfacet
  facet normal 0.000000e+00 0.000000e+00 -1.000000e+00
    outer loop
      vertex   3.847283e+01 -2.475400e+01 -1.602058e+02
      vertex   3.743148e+01 -2.351791e+01 -1.602058e+02
      vertex   3.806642e+01 -2.311497e+01 -1.602058e+02
    endloop
  endfacet
  facet normal 0.000000e+00 0.000000e+00 -1.000000e+00
    outer loop
      vertex   3.847283e+01 -2.475400e+01 -1.602058e+02
      vertex   3.806642e+01 -2.311497e+01 -1.602058e+02
      vertex   3.970028e+01 -2.273340e+01 -1.602058e+02
    endloop
  endfacet
  facet normal -0.000000e+00 0.000000e+00 -1.000000e+00
    outer loop
      vertex   3.970028e+01 -2.273340e+01 -1.602058e+02
      vertex   3.806642e+01 -2.311497e+01 -1.602058e+02
      vertex   3.858120e+01 -2.256678e+01 -1.602058e+02
    endloop
  endfacet
  facet normal 0.000000e+00 0.000000e+00 -1.000000e+00
    outer loop
      vertex   3.970028e+01 -2.273340e+01 -1.602058e+02
      vertex   3.858120e+01 -2.256678e+01 -1.602058e+02
      vertex   3.894347e+01 -2.190780e+01 -1.602058e+02
    endloop
  endfacet
  facet normal 0.000000e+00 0.000000e+00 -1.000000e+00
    outer loop
      vertex   3.894347e+01 -2.190780e+01 -1.602058e+02
      vertex   3.913049e+01 -2.117943e+01 -1.602058e+02
      vertex   3.970028e+01 -2.273340e+01 -1.602058e+02
    endloop
  endfacet
  facet normal 0.000000e+00 0.000000e+00 -1.000000e+00
    outer loop
      vertex   3.970028e+01 -2.273340e+01 -1.602058e+02
      vertex   3.913049e+01 -2.117943e+01 -1.602058e+02
      vertex   4.082170e+01 -2.065208e+01 -1.602058e+02
    endloop
  endfacet
  facet normal -0.000000e+00 0.000000e+00 -1.000000e+00
    outer loop
      vertex   4.082170e+01 -2.065208e+01 -1.602058e+02
      vertex   3.913049e+01 -2.117943e+01 -1.602058e+02
      vertex   3.913049e+01 -2.042743e+01 -1.602058e+02
    endloop
  endfacet
  facet normal 0.000000e+00 0.000000e+00 -1.000000e+00
    outer loop
      vertex   4.082170e+01 -2.065208e+01 -1.602058e+02
      vertex   3.913049e+01 -2.042743e+01 -1.602058e+02
      vertex   3.894347e+01 -1.969905e+01 -1.602058e+02
    endloop
  endfacet
  facet normal 0.000000e+00 0.000000e+00 -1.000000e+00
    outer loop
      vertex   3.858120e+01 -1.904007e+01 -1.602058e+02
      vertex   4.136592e+01 -1.759731e+01 -1.602058e+02
      vertex   3.894347e+01 -1.969905e+01 -1.602058e+02
    endloop
  endfacet
  facet normal 0.000000e+00 0.000000e+00 -1.000000e+00
    outer loop
      vertex   3.894347e+01 -1.969905e+01 -1.602058e+02
      vertex   4.136592e+01 -1.759731e+01 -1.602058e+02
      vertex   4.183410e+01 -1.851561e+01 -1.602058e+02
    endloop
  endfacet
  facet normal 0.000000e+00 0.000000e+00 -1.000000e+00
    outer loop
      vertex   3.894347e+01 -1.969905e+01 -1.602058e+02
      vertex   4.183410e+01 -1.851561e+01 -1.602058e+02
      vertex   4.082170e+01 -2.065208e+01 -1.602058e+02
    endloop
  endfacet
  facet normal -0.000000e+00 0.000000e+00 -1.000000e+00
    outer loop
      vertex   4.136592e+01 -1.759731e+01 -1.602058e+02
      vertex   3.858120e+01 -1.904007e+01 -1.602058e+02
      vertex   4.074747e+01 -1.677270e+01 -1.602058e+02
    endloop
  endfacet
  facet normal 0.000000e+00 0.000000e+00 -1.000000e+00
    outer loop
      vertex   4.074747e+01 -1.677270e+01 -1.602058e+02
      vertex   3.858120e+01 -1.904007e+01 -1.602058e+02
      vertex   3.806642e+01 -1.849189e+01 -1.602058e+02
    endloop
  endfacet
  facet normal -0.000000e+00 0.000000e+00 -1.000000e+00
    outer loop
      vertex   4.074747e+01 -1.677270e+01 -1.602058e+02
      vertex   3.806642e+01 -1.849189e+01 -1.602058e+02
      vertex   3.999701e+01 -1.606611e+01 -1.602058e+02
    endloop
  endfacet
  facet normal -0.000000e+00 0.000000e+00 -1.000000e+00
    outer loop
      vertex   3.999701e+01 -1.606611e+01 -1.602058e+02
      vertex   3.806642e+01 -1.849189e+01 -1.602058e+02
      vertex   3.913669e+01 -1.549839e+01 -1.602058e+02
    endloop
  endfacet
  facet normal 0.000000e+00 0.000000e+00 -1.000000e+00
    outer loop
      vertex   3.913669e+01 -1.549839e+01 -1.602058e+02
      vertex   3.806642e+01 -1.849189e+01 -1.602058e+02
      vertex   3.743148e+01 -1.808895e+01 -1.602058e+02
    endloop
  endfacet
  facet normal -0.000000e+00 0.000000e+00 -1.000000e+00
    outer loop
      vertex   3.913669e+01 -1.549839e+01 -1.602058e+02
      vertex   3.743148e+01 -1.808895e+01 -1.602058e+02
      vertex   3.819190e+01 -1.508630e+01 -1.602058e+02
    endloop
  endfacet
  facet normal 0.000000e+00 0.000000e+00 -1.000000e+00
    outer loop
      vertex   3.819190e+01 -1.508630e+01 -1.602058e+02
      vertex   3.743148e+01 -1.808895e+01 -1.602058e+02
      vertex   3.671629e+01 -1.785656e+01 -1.602058e+02
    endloop
  endfacet
  facet normal -0.000000e+00 0.000000e+00 -1.000000e+00
    outer loop
      vertex   3.819190e+01 -1.508630e+01 -1.602058e+02
      vertex   3.671629e+01 -1.785656e+01 -1.602058e+02
      vertex   3.719051e+01 -1.484200e+01 -1.602058e+02
    endloop
  endfacet
  facet normal -0.000000e+00 0.000000e+00 -1.000000e+00
    outer loop
      vertex   3.719051e+01 -1.484200e+01 -1.602058e+02
      vertex   3.671629e+01 -1.785656e+01 -1.602058e+02
      vertex   3.616208e+01 -1.477270e+01 -1.602058e+02
    endloop
  endfacet
  facet normal 0.000000e+00 -0.000000e+00 -1.000000e+00
    outer loop
      vertex   3.616208e+01 -1.477270e+01 -1.602058e+02
      vertex   3.671629e+01 -1.785656e+01 -1.602058e+02
      vertex   3.596577e+01 -1.780935e+01 -1.602058e+02
    endloop
  endfacet
  facet normal 0.000000e+00 0.000000e+00 -1.000000e+00
    outer loop
      vertex   3.616208e+01 -1.477270e+01 -1.602058e+02
      vertex   3.596577e+01 -1.780935e+01 -1.602058e+02
      vertex   3.513697e+01 -1.488045e+01 -1.602058e+02
    endloop
  endfacet
  facet normal 0.000000e+00 0.000000e+00 -1.000000e+00
    outer loop
      vertex   3.513697e+01 -1.488045e+01 -1.602058e+02
      vertex   3.596577e+01 -1.780935e+01 -1.602058e+02
      vertex   3.522709e+01 -1.795026e+01 -1.602058e+02
    endloop
  endfacet
  facet normal 0.000000e+00 -0.000000e+00 -1.000000e+00
    outer loop
      vertex   3.513697e+01 -1.488045e+01 -1.602058e+02
      vertex   3.522709e+01 -1.795026e+01 -1.602058e+02
      vertex   3.414543e+01 -1.516206e+01 -1.602058e+02
    endloop
  endfacet
  facet normal 0.000000e+00 0.000000e+00 -1.000000e+00
    outer loop
      vertex   3.414543e+01 -1.516206e+01 -1.602058e+02
      vertex   3.522709e+01 -1.795026e+01 -1.602058e+02
      vertex   3.454666e+01 -1.827044e+01 -1.602058e+02
    endloop
  endfacet
  facet normal 0.000000e+00 -0.000000e+00 -1.000000e+00
    outer loop
      vertex   3.414543e+01 -1.516206e+01 -1.602058e+02
      vertex   3.454666e+01 -1.827044e+01 -1.602058e+02
      vertex   3.321672e+01 -1.560923e+01 -1.602058e+02
    endloop
  endfacet
  facet normal 0.000000e+00 -0.000000e+00 -1.000000e+00
    outer loop
      vertex   3.321672e+01 -1.560923e+01 -1.602058e+02
      vertex   3.454666e+01 -1.827044e+01 -1.602058e+02
      vertex   3.237825e+01 -1.620875e+01 -1.602058e+02
    endloop
  endfacet
  facet normal 0.000000e+00 0.000000e+00 -1.000000e+00
    outer loop
      vertex   3.237825e+01 -1.620875e+01 -1.602058e+02
      vertex   3.454666e+01 -1.827044e+01 -1.602058e+02
      vertex   3.396724e+01 -1.874979e+01 -1.602058e+02
    endloop
  endfacet
  facet normal 0.000000e+00 -0.000000e+00 -1.000000e+00
    outer loop
      vertex   3.237825e+01 -1.620875e+01 -1.602058e+02
      vertex   3.396724e+01 -1.874979e+01 -1.602058e+02
      vertex   3.165477e+01 -1.694294e+01 -1.602058e+02
    endloop
  endfacet
  facet normal 0.000000e+00 0.000000e+00 -1.000000e+00
    outer loop
      vertex   3.165477e+01 -1.694294e+01 -1.602058e+02
      vertex   3.396724e+01 -1.874979e+01 -1.602058e+02
      vertex   3.352522e+01 -1.935817e+01 -1.602058e+02
    endloop
  endfacet
  facet normal 0.000000e+00 -0.000000e+00 -1.000000e+00
    outer loop
      vertex   3.165477e+01 -1.694294e+01 -1.602058e+02
      vertex   3.352522e+01 -1.935817e+01 -1.602058e+02
      vertex   3.106763e+01 -1.779012e+01 -1.602058e+02
    endloop
  endfacet
  facet normal 0.000000e+00 -0.000000e+00 -1.000000e+00
    outer loop
      vertex   3.106763e+01 -1.779012e+01 -1.602058e+02
      vertex   3.352522e+01 -1.935817e+01 -1.602058e+02
      vertex   3.063415e+01 -1.872530e+01 -1.602058e+02
    endloop
  endfacet
  facet normal 0.000000e+00 0.000000e+00 -1.000000e+00
    outer loop
      vertex   3.063415e+01 -1.872530e+01 -1.602058e+02
      vertex   3.352522e+01 -1.935817e+01 -1.602058e+02
      vertex   3.324840e+01 -2.005736e+01 -1.602058e+02
    endloop
  endfacet
  facet normal 0.000000e+00 -0.000000e+00 -1.000000e+00
    outer loop
      vertex   3.063415e+01 -1.872530e+01 -1.602058e+02
      vertex   3.324840e+01 -2.005736e+01 -1.602058e+02
      vertex   3.036713e+01 -1.972087e+01 -1.602058e+02
    endloop
  endfacet
  facet normal 0.000000e+00 0.000000e+00 -1.000000e+00
    outer loop
      vertex   3.036713e+01 -1.972087e+01 -1.602058e+02
      vertex   3.324840e+01 -2.005736e+01 -1.602058e+02
      vertex   3.315414e+01 -2.080343e+01 -1.602058e+02
    endloop
  endfacet
  facet normal -8.908591e-01 -4.541927e-01 -8.894719e-03
    outer loop
      vertex   4.183410e+01 -1.851561e+01 -1.602058e+02
      vertex   4.136592e+01 -1.759731e+01 -1.602058e+02
      vertex   4.146702e+01 -1.776555e+01 -1.617413e+02
    endloop
  endfacet
  facet normal -8.285283e-01 -5.599061e-01 6.791300e-03
    outer loop
      vertex   4.146702e+01 -1.776555e+01 -1.617413e+02
      vertex   4.136592e+01 -1.759731e+01 -1.602058e+02
      vertex   4.095875e+01 -1.702261e+01 -1.624984e+02
    endloop
  endfacet
  facet normal -7.999785e-01 -5.999709e-01 -8.321921e-03
    outer loop
      vertex   4.095875e+01 -1.702261e+01 -1.624984e+02
      vertex   4.136592e+01 -1.759731e+01 -1.602058e+02
      vertex   4.074747e+01 -1.677270e+01 -1.602058e+02
    endloop
  endfacet
  facet normal -7.362577e-01 -6.766754e-01 5.911006e-03
    outer loop
      vertex   4.095875e+01 -1.702261e+01 -1.624984e+02
      vertex   4.074747e+01 -1.677270e+01 -1.602058e+02
      vertex   4.035768e+01 -1.637562e+01 -1.633003e+02
    endloop
  endfacet
  facet normal -6.854906e-01 -7.280470e-01 -7.075746e-03
    outer loop
      vertex   4.035768e+01 -1.637562e+01 -1.633003e+02
      vertex   4.074747e+01 -1.677270e+01 -1.602058e+02
      vertex   3.999701e+01 -1.606611e+01 -1.602058e+02
    endloop
  endfacet
  facet normal -6.286216e-01 -7.776982e-01 4.518346e-03
    outer loop
      vertex   4.035768e+01 -1.637562e+01 -1.633003e+02
      vertex   3.999701e+01 -1.606611e+01 -1.602058e+02
      vertex   3.968577e+01 -1.583730e+01 -1.641247e+02
    endloop
  endfacet
  facet normal -5.507713e-01 -8.346413e-01 -4.989110e-03
    outer loop
      vertex   3.968577e+01 -1.583730e+01 -1.641247e+02
      vertex   3.999701e+01 -1.606611e+01 -1.602058e+02
      vertex   3.913669e+01 -1.549839e+01 -1.602058e+02
    endloop
  endfacet
  facet normal -5.128219e-01 -8.584917e-01 2.390473e-03
    outer loop
      vertex   3.968577e+01 -1.583730e+01 -1.641247e+02
      vertex   3.913669e+01 -1.549839e+01 -1.602058e+02
      vertex   3.896971e+01 -1.541185e+01 -1.649472e+02
    endloop
  endfacet
  facet normal -3.997921e-01 -9.166020e-01 -2.650802e-03
    outer loop
      vertex   3.896971e+01 -1.541185e+01 -1.649472e+02
      vertex   3.913669e+01 -1.549839e+01 -1.602058e+02
      vertex   3.819190e+01 -1.508630e+01 -1.602058e+02
    endloop
  endfacet
  facet normal -3.887110e-01 -9.213596e-01 -5.063143e-04
    outer loop
      vertex   3.896971e+01 -1.541185e+01 -1.649472e+02
      vertex   3.819190e+01 -1.508630e+01 -1.602058e+02
      vertex   3.823225e+01 -1.510028e+01 -1.657475e+02
    endloop
  endfacet
  facet normal -2.601025e-01 -9.655809e-01 5.418163e-04
    outer loop
      vertex   3.823225e+01 -1.510028e+01 -1.657475e+02
      vertex   3.819190e+01 -1.508630e+01 -1.602058e+02
      vertex   3.743581e+01 -1.488620e+01 -1.665669e+02
    endloop
  endfacet
  facet normal -2.370092e-01 -9.715045e-01 -2.389381e-03
    outer loop
      vertex   3.743581e+01 -1.488620e+01 -1.665669e+02
      vertex   3.819190e+01 -1.508630e+01 -1.602058e+02
      vertex   3.719051e+01 -1.484200e+01 -1.602058e+02
    endloop
  endfacet
  facet normal -1.258760e-01 -9.920439e-01 2.038876e-03
    outer loop
      vertex   3.743581e+01 -1.488620e+01 -1.665669e+02
      vertex   3.719051e+01 -1.484200e+01 -1.602058e+02
      vertex   3.658449e+01 -1.477989e+01 -1.673965e+02
    endloop
  endfacet
  facet normal -6.723117e-02 -9.977331e-01 -2.952697e-03
    outer loop
      vertex   3.658449e+01 -1.477989e+01 -1.673965e+02
      vertex   3.719051e+01 -1.484200e+01 -1.602058e+02
      vertex   3.616208e+01 -1.477270e+01 -1.602058e+02
    endloop
  endfacet
  facet normal 1.967550e-02 -9.998041e-01 2.154483e-03
    outer loop
      vertex   3.658449e+01 -1.477989e+01 -1.673965e+02
      vertex   3.616208e+01 -1.477270e+01 -1.602058e+02
      vertex   3.570228e+01 -1.479899e+01 -1.682058e+02
    endloop
  endfacet
  facet normal 1.045308e-01 -9.945179e-01 -2.740028e-03
    outer loop
      vertex   3.570228e+01 -1.479899e+01 -1.682058e+02
      vertex   3.616208e+01 -1.477270e+01 -1.602058e+02
      vertex   3.513697e+01 -1.488045e+01 -1.602058e+02
    endloop
  endfacet
  facet normal 1.813302e-01 -9.834183e-01 2.799846e-03
    outer loop
      vertex   3.570228e+01 -1.479899e+01 -1.682058e+02
      vertex   3.513697e+01 -1.488045e+01 -1.602058e+02
      vertex   3.467875e+01 -1.498772e+01 -1.682058e+02
    endloop
  endfacet
  facet normal 2.732078e-01 -9.619511e-01 -2.750575e-03
    outer loop
      vertex   3.467875e+01 -1.498772e+01 -1.682058e+02
      vertex   3.513697e+01 -1.488045e+01 -1.602058e+02
      vertex   3.414543e+01 -1.516206e+01 -1.602058e+02
    endloop
  endfacet
  facet normal 3.485465e-01 -9.372873e-01 2.809338e-03
    outer loop
      vertex   3.467875e+01 -1.498772e+01 -1.682058e+02
      vertex   3.414543e+01 -1.516206e+01 -1.602058e+02
      vertex   3.370323e+01 -1.535048e+01 -1.682058e+02
    endloop
  endfacet
  facet normal 4.338216e-01 -9.009946e-01 -2.759012e-03
    outer loop
      vertex   3.370323e+01 -1.535048e+01 -1.682058e+02
      vertex   3.414543e+01 -1.516206e+01 -1.602058e+02
      vertex   3.321672e+01 -1.560923e+01 -1.602058e+02
    endloop
  endfacet
  facet normal 5.052751e-01 -8.629537e-01 2.816721e-03
    outer loop
      vertex   3.370323e+01 -1.535048e+01 -1.682058e+02
      vertex   3.321672e+01 -1.560923e+01 -1.602058e+02
      vertex   3.280508e+01 -1.587636e+01 -1.682058e+02
    endloop
  endfacet
  facet normal 5.816322e-01 -8.134472e-01 -2.765340e-03
    outer loop
      vertex   3.280508e+01 -1.587636e+01 -1.682058e+02
      vertex   3.321672e+01 -1.560923e+01 -1.602058e+02
      vertex   3.237825e+01 -1.620875e+01 -1.602058e+02
    endloop
  endfacet
  facet normal 6.468002e-01 -7.626542e-01 2.821994e-03
    outer loop
      vertex   3.280508e+01 -1.587636e+01 -1.682058e+02
      vertex   3.237825e+01 -1.620875e+01 -1.602058e+02
      vertex   3.201133e+01 -1.654954e+01 -1.682058e+02
    endloop
  endfacet
  facet normal 7.122773e-01 -7.018928e-01 -2.769558e-03
    outer loop
      vertex   3.201133e+01 -1.654954e+01 -1.682058e+02
      vertex   3.237825e+01 -1.620875e+01 -1.602058e+02
      vertex   3.165477e+01 -1.694294e+01 -1.602058e+02
    endloop
  endfacet
  facet normal 7.688634e-01 -6.394068e-01 2.825158e-03
    outer loop
      vertex   3.201133e+01 -1.654954e+01 -1.682058e+02
      vertex   3.165477e+01 -1.694294e+01 -1.602058e+02
      vertex   3.134584e+01 -1.734976e+01 -1.682058e+02
    endloop
  endfacet
  facet normal 8.219010e-01 -5.696236e-01 -2.771668e-03
    outer loop
      vertex   3.134584e+01 -1.734976e+01 -1.682058e+02
      vertex   3.165477e+01 -1.694294e+01 -1.602058e+02
      vertex   3.106763e+01 -1.779012e+01 -1.602058e+02
    endloop
  endfacet
  facet normal 8.677918e-01 -4.969199e-01 2.826213e-03
    outer loop
      vertex   3.134584e+01 -1.734976e+01 -1.682058e+02
      vertex   3.106763e+01 -1.779012e+01 -1.602058e+02
      vertex   3.082865e+01 -1.825295e+01 -1.682058e+02
    endloop
  endfacet
  facet normal 9.072683e-01 -4.205432e-01 -2.771668e-03
    outer loop
      vertex   3.082865e+01 -1.825295e+01 -1.682058e+02
      vertex   3.106763e+01 -1.779012e+01 -1.602058e+02
      vertex   3.063415e+01 -1.872530e+01 -1.602058e+02
    endloop
  endfacet
  facet normal 9.406087e-01 -3.394809e-01 2.825158e-03
    outer loop
      vertex   3.082865e+01 -1.825295e+01 -1.682058e+02
      vertex   3.063415e+01 -1.872530e+01 -1.602058e+02
      vertex   3.047533e+01 -1.923192e+01 -1.682058e+02
    endloop
  endfacet
  facet normal 9.658595e-01 -2.590515e-01 -2.769558e-03
    outer loop
      vertex   3.047533e+01 -1.923192e+01 -1.682058e+02
      vertex   3.063415e+01 -1.872530e+01 -1.602058e+02
      vertex   3.036713e+01 -1.972087e+01 -1.602058e+02
    endloop
  endfacet
  facet normal 9.851231e-01 -1.718270e-01 2.821994e-03
    outer loop
      vertex   3.047533e+01 -1.923192e+01 -1.682058e+02
      vertex   3.036713e+01 -1.972087e+01 -1.602058e+02
      vertex   3.029649e+01 -2.025722e+01 -1.682058e+02
    endloop
  endfacet
  facet normal 9.959457e-01 -8.991445e-02 -2.765340e-03
    outer loop
      vertex   3.029649e+01 -2.025722e+01 -1.682058e+02
      vertex   3.036713e+01 -1.972087e+01 -1.602058e+02
      vertex   3.027445e+01 -2.074745e+01 -1.602058e+02
    endloop
  endfacet
  facet normal 9.999955e-01 9.970571e-04 2.816721e-03
    outer loop
      vertex   3.029649e+01 -2.025722e+01 -1.682058e+02
      vertex   3.027445e+01 -2.074745e+01 -1.602058e+02
      vertex   3.029753e+01 -2.129800e+01 -1.682058e+02
    endloop
  endfacet
  facet normal 9.966387e-01 8.187622e-02 -2.759012e-03
    outer loop
      vertex   3.029753e+01 -2.129800e+01 -1.682058e+02
      vertex   3.027445e+01 -2.074745e+01 -1.602058e+02
      vertex   3.035884e+01 -2.177474e+01 -1.602058e+02
    endloop
  endfacet
  facet normal 9.847785e-01 1.737911e-01 2.809338e-03
    outer loop
      vertex   3.029753e+01 -2.129800e+01 -1.682058e+02
      vertex   3.035884e+01 -2.177474e+01 -1.602058e+02
      vertex   3.047841e+01 -2.232295e+01 -1.682058e+02
    endloop
  endfacet
  facet normal 9.679182e-01 2.512505e-01 -2.750575e-03
    outer loop
      vertex   3.047841e+01 -2.232295e+01 -1.682058e+02
      vertex   3.035884e+01 -2.177474e+01 -1.602058e+02
      vertex   3.061782e+01 -2.277244e+01 -1.602058e+02
    endloop
  endfacet
  facet normal 9.399299e-01 3.413559e-01 2.799846e-03
    outer loop
      vertex   3.047841e+01 -2.232295e+01 -1.682058e+02
      vertex   3.061782e+01 -2.277244e+01 -1.602058e+02
      vertex   3.083369e+01 -2.330121e+01 -1.682058e+02
    endloop
  endfacet
  facet normal 9.106318e-01 4.132097e-01 -2.740028e-03
    outer loop
      vertex   3.083369e+01 -2.330121e+01 -1.682058e+02
      vertex   3.061782e+01 -2.277244e+01 -1.602058e+02
      vertex   3.104374e+01 -2.371108e+01 -1.602058e+02
    endloop
  endfacet
  facet normal 8.722425e-01 4.890690e-01 2.154483e-03
    outer loop
      vertex   3.083369e+01 -2.330121e+01 -1.682058e+02
      vertex   3.104374e+01 -2.371108e+01 -1.602058e+02
      vertex   3.126373e+01 -2.407175e+01 -1.673965e+02
    endloop
  endfacet
  facet normal 8.264696e-01 5.629736e-01 -2.952697e-03
    outer loop
      vertex   3.126373e+01 -2.407175e+01 -1.673965e+02
      vertex   3.104374e+01 -2.371108e+01 -1.602058e+02
      vertex   3.162403e+01 -2.456297e+01 -1.602058e+02
    endloop
  endfacet
  facet normal 7.918806e-01 6.106725e-01 2.038876e-03
    outer loop
      vertex   3.126373e+01 -2.407175e+01 -1.673965e+02
      vertex   3.162403e+01 -2.456297e+01 -1.602058e+02
      vertex   3.178631e+01 -2.475216e+01 -1.665669e+02
    endloop
  endfacet
  facet normal 7.179177e-01 6.961239e-01 -2.389381e-03
    outer loop
      vertex   3.178631e+01 -2.475216e+01 -1.665669e+02
      vertex   3.162403e+01 -2.456297e+01 -1.602058e+02
      vertex   3.234157e+01 -2.530297e+01 -1.602058e+02
    endloop
  endfacet
  facet normal 7.011205e-01 7.130426e-01 5.418163e-04
    outer loop
      vertex   3.178631e+01 -2.475216e+01 -1.665669e+02
      vertex   3.234157e+01 -2.530297e+01 -1.602058e+02
      vertex   3.237405e+01 -2.533070e+01 -1.657475e+02
    endloop
  endfacet
  facet normal 5.978882e-01 8.015794e-01 -5.063143e-04
    outer loop
      vertex   3.237405e+01 -2.533070e+01 -1.657475e+02
      vertex   3.234157e+01 -2.530297e+01 -1.602058e+02
      vertex   3.301602e+01 -2.580903e+01 -1.649472e+02
    endloop
  endfacet
  facet normal 5.881764e-01 8.087283e-01 -2.650802e-03
    outer loop
      vertex   3.301602e+01 -2.580903e+01 -1.649472e+02
      vertex   3.234157e+01 -2.530297e+01 -1.602058e+02
      vertex   3.317517e+01 -2.590924e+01 -1.602058e+02
    endloop
  endfacet
  facet normal 4.808504e-01 8.767994e-01 2.390473e-03
    outer loop
      vertex   3.301602e+01 -2.580903e+01 -1.649472e+02
      vertex   3.317517e+01 -2.590924e+01 -1.602058e+02
      vertex   3.374537e+01 -2.621126e+01 -1.641247e+02
    endloop
  endfacet
  facet normal 4.410729e-01 8.974574e-01 -4.989110e-03
    outer loop
      vertex   3.374537e+01 -2.621126e+01 -1.641247e+02
      vertex   3.317517e+01 -2.590924e+01 -1.602058e+02
      vertex   3.410024e+01 -2.636388e+01 -1.602058e+02
    endloop
  endfacet
  facet normal 3.525592e-01 9.357786e-01 4.518346e-03
    outer loop
      vertex   3.374537e+01 -2.621126e+01 -1.641247e+02
      vertex   3.410024e+01 -2.636388e+01 -1.602058e+02
      vertex   3.454973e+01 -2.651829e+01 -1.633003e+02
    endloop
  endfacet
  facet normal 2.809539e-01 9.596952e-01 -7.075746e-03
    outer loop
      vertex   3.454973e+01 -2.651829e+01 -1.633003e+02
      vertex   3.410024e+01 -2.636388e+01 -1.602058e+02
      vertex   3.508948e+01 -2.665349e+01 -1.602058e+02
    endloop
  endfacet
  facet normal 2.109532e-01 9.774783e-01 5.911006e-03
    outer loop
      vertex   3.454973e+01 -2.651829e+01 -1.633003e+02
      vertex   3.508948e+01 -2.665349e+01 -1.602058e+02
      vertex   3.541195e+01 -2.670922e+01 -1.624984e+02
    endloop
  endfacet
  facet normal 1.125477e-01 9.936115e-01 -8.321921e-03
    outer loop
      vertex   3.541195e+01 -2.670922e+01 -1.624984e+02
      vertex   3.508948e+01 -2.665349e+01 -1.602058e+02
      vertex   3.611369e+01 -2.676950e+01 -1.602058e+02
    endloop
  endfacet
  facet normal 6.354356e-02 9.979560e-01 6.791300e-03
    outer loop
      vertex   3.541195e+01 -2.670922e+01 -1.624984e+02
      vertex   3.611369e+01 -2.676950e+01 -1.602058e+02
      vertex   3.630995e+01 -2.677155e+01 -1.617413e+02
    endloop
  endfacet
  facet normal -5.917718e-02 9.982079e-01 -8.894719e-03
    outer loop
      vertex   3.630995e+01 -2.677155e+01 -1.617413e+02
      vertex   3.611369e+01 -2.676950e+01 -1.602058e+02
      vertex   3.714264e+01 -2.670850e+01 -1.602058e+02
    endloop
  endfacet
  facet normal -0.000000e+00 0.000000e+00 -1.000000e+00
    outer loop
      vertex   -2.844973e+00 -4.245819e+01 -1.602058e+02
      vertex   -5.733714e+00 -4.271882e+01 -1.602058e+02
      vertex   -2.939224e+00 -4.171212e+01 -1.602058e+02
    endloop
  endfacet
  facet normal -0.000000e+00 0.000000e+00 -1.000000e+00
    outer loop
      vertex   -2.939224e+00 -4.171212e+01 -1.602058e+02
      vertex   -5.733714e+00 -4.271882e+01 -1.602058e+02
      vertex   -5.795414e+00 -4.169490e+01 -1.602058e+02
    endloop
  endfacet
  facet normal 0.000000e+00 0.000000e+00 -1.000000e+00
    outer loop
      vertex   -2.939224e+00 -4.171212e+01 -1.602058e+02
      vertex   -5.795414e+00 -4.169490e+01 -1.602058e+02
      vertex   -5.681800e+00 -4.067543e+01 -1.602058e+02
    endloop
  endfacet
  facet normal 0.000000e+00 0.000000e+00 -1.000000e+00
    outer loop
      vertex   -5.733714e+00 -4.271882e+01 -1.602058e+02
      vertex   -2.844973e+00 -4.245819e+01 -1.602058e+02
      vertex   -5.498501e+00 -4.371727e+01 -1.602058e+02
    endloop
  endfacet
  facet normal 0.000000e+00 0.000000e+00 -1.000000e+00
    outer loop
      vertex   -5.498501e+00 -4.371727e+01 -1.602058e+02
      vertex   -2.844973e+00 -4.245819e+01 -1.602058e+02
      vertex   -2.568144e+00 -4.315738e+01 -1.602058e+02
    endloop
  endfacet
  facet normal 0.000000e+00 0.000000e+00 -1.000000e+00
    outer loop
      vertex   -5.498501e+00 -4.371727e+01 -1.602058e+02
      vertex   -2.568144e+00 -4.315738e+01 -1.602058e+02
      vertex   -5.096652e+00 -4.466107e+01 -1.602058e+02
    endloop
  endfacet
  facet normal 0.000000e+00 0.000000e+00 -1.000000e+00
    outer loop
      vertex   -5.096652e+00 -4.466107e+01 -1.602058e+02
      vertex   -2.568144e+00 -4.315738e+01 -1.602058e+02
      vertex   -2.126130e+00 -4.376576e+01 -1.602058e+02
    endloop
  endfacet
  facet normal 0.000000e+00 0.000000e+00 -1.000000e+00
    outer loop
      vertex   -5.096652e+00 -4.466107e+01 -1.602058e+02
      vertex   -2.126130e+00 -4.376576e+01 -1.602058e+02
      vertex   -4.539912e+00 -4.552262e+01 -1.602058e+02
    endloop
  endfacet
  facet normal 0.000000e+00 0.000000e+00 -1.000000e+00
    outer loop
      vertex   -4.539912e+00 -4.552262e+01 -1.602058e+02
      vertex   -2.126130e+00 -4.376576e+01 -1.602058e+02
      vertex   -2.162122e+00 -4.569732e+01 -1.602058e+02
    endloop
  endfacet
  facet normal 0.000000e+00 0.000000e+00 -1.000000e+00
    outer loop
      vertex   -2.162122e+00 -4.569732e+01 -1.602058e+02
      vertex   -2.126130e+00 -4.376576e+01 -1.602058e+02
      vertex   -1.546704e+00 -4.424510e+01 -1.602058e+02
    endloop
  endfacet
  facet normal 0.000000e+00 0.000000e+00 -1.000000e+00
    outer loop
      vertex   -2.162122e+00 -4.569732e+01 -1.602058e+02
      vertex   -1.546704e+00 -4.424510e+01 -1.602058e+02
      vertex   -8.662747e-01 -4.456529e+01 -1.602058e+02
    endloop
  endfacet
  facet normal 0.000000e+00 0.000000e+00 -1.000000e+00
    outer loop
      vertex   -2.162122e+00 -4.569732e+01 -1.602058e+02
      vertex   -8.662747e-01 -4.456529e+01 -1.602058e+02
      vertex   2.215395e-01 -4.574790e+01 -1.602058e+02
    endloop
  endfacet
  facet normal 0.000000e+00 0.000000e+00 -1.000000e+00
    outer loop
      vertex   2.215395e-01 -4.574790e+01 -1.602058e+02
      vertex   -8.662747e-01 -4.456529e+01 -1.602058e+02
      vertex   -1.275953e-01 -4.470620e+01 -1.602058e+02
    endloop
  endfacet
  facet normal 0.000000e+00 0.000000e+00 -1.000000e+00
    outer loop
      vertex   2.215395e-01 -4.574790e+01 -1.602058e+02
      vertex   -1.275953e-01 -4.470620e+01 -1.602058e+02
      vertex   6.229202e-01 -4.465898e+01 -1.602058e+02
    endloop
  endfacet
  facet normal 0.000000e+00 0.000000e+00 -1.000000e+00
    outer loop
      vertex   2.215395e-01 -4.574790e+01 -1.602058e+02
      vertex   6.229202e-01 -4.465898e+01 -1.602058e+02
      vertex   2.604600e+00 -4.567423e+01 -1.602058e+02
    endloop
  endfacet
  facet normal 0.000000e+00 0.000000e+00 -1.000000e+00
    outer loop
      vertex   2.604600e+00 -4.567423e+01 -1.602058e+02
      vertex   6.229202e-01 -4.465898e+01 -1.602058e+02
      vertex   1.338114e+00 -4.442660e+01 -1.602058e+02
    endloop
  endfacet
  facet normal 0.000000e+00 0.000000e+00 -1.000000e+00
    outer loop
      vertex   2.604600e+00 -4.567423e+01 -1.602058e+02
      vertex   1.338114e+00 -4.442660e+01 -1.602058e+02
      vertex   1.973048e+00 -4.402366e+01 -1.602058e+02
    endloop
  endfacet
  facet normal 0.000000e+00 0.000000e+00 -1.000000e+00
    outer loop
      vertex   1.973048e+00 -4.402366e+01 -1.602058e+02
      vertex   2.487827e+00 -4.347548e+01 -1.602058e+02
      vertex   2.604600e+00 -4.567423e+01 -1.602058e+02
    endloop
  endfacet
  facet normal 0.000000e+00 0.000000e+00 -1.000000e+00
    outer loop
      vertex   2.604600e+00 -4.567423e+01 -1.602058e+02
      vertex   2.487827e+00 -4.347548e+01 -1.602058e+02
      vertex   4.980586e+00 -4.547651e+01 -1.602058e+02
    endloop
  endfacet
  facet normal 0.000000e+00 0.000000e+00 -1.000000e+00
    outer loop
      vertex   4.980586e+00 -4.547651e+01 -1.602058e+02
      vertex   2.487827e+00 -4.347548e+01 -1.602058e+02
      vertex   5.528956e+00 -4.460961e+01 -1.602058e+02
    endloop
  endfacet
  facet normal 0.000000e+00 0.000000e+00 -1.000000e+00
    outer loop
      vertex   5.528956e+00 -4.460961e+01 -1.602058e+02
      vertex   2.487827e+00 -4.347548e+01 -1.602058e+02
      vertex   2.850106e+00 -4.281649e+01 -1.602058e+02
    endloop
  endfacet
  facet normal 0.000000e+00 0.000000e+00 -1.000000e+00
    outer loop
      vertex   5.528956e+00 -4.460961e+01 -1.602058e+02
      vertex   2.850106e+00 -4.281649e+01 -1.602058e+02
      vertex   5.921645e+00 -4.366197e+01 -1.602058e+02
    endloop
  endfacet
  facet normal 0.000000e+00 0.000000e+00 -1.000000e+00
    outer loop
      vertex   5.921645e+00 -4.366197e+01 -1.602058e+02
      vertex   2.850106e+00 -4.281649e+01 -1.602058e+02
      vertex   6.147177e+00 -4.266129e+01 -1.602058e+02
    endloop
  endfacet
  facet normal -0.000000e+00 0.000000e+00 -1.000000e+00
    outer loop
      vertex   6.147177e+00 -4.266129e+01 -1.602058e+02
      vertex   2.850106e+00 -4.281649e+01 -1.602058e+02
      vertex   3.037120e+00 -4.208812e+01 -1.602058e+02
    endloop
  endfacet
  facet normal 0.000000e+00 0.000000e+00 -1.000000e+00
    outer loop
      vertex   6.147177e+00 -4.266129e+01 -1.602058e+02
      vertex   3.037120e+00 -4.208812e+01 -1.602058e+02
      vertex   6.198958e+00 -4.163681e+01 -1.602058e+02
    endloop
  endfacet
  facet normal -0.000000e+00 0.000000e+00 -1.000000e+00
    outer loop
      vertex   6.198958e+00 -4.163681e+01 -1.602058e+02
      vertex   3.037120e+00 -4.208812e+01 -1.602058e+02
      vertex   3.037120e+00 -4.133612e+01 -1.602058e+02
    endloop
  endfacet
  facet normal 0.000000e+00 0.000000e+00 -1.000000e+00
    outer loop
      vertex   6.198958e+00 -4.163681e+01 -1.602058e+02
      vertex   3.037120e+00 -4.133612e+01 -1.602058e+02
      vertex   6.075475e+00 -4.061849e+01 -1.602058e+02
    endloop
  endfacet
  facet normal -0.000000e+00 0.000000e+00 -1.000000e+00
    outer loop
      vertex   6.075475e+00 -4.061849e+01 -1.602058e+02
      vertex   3.037120e+00 -4.133612e+01 -1.602058e+02
      vertex   2.850106e+00 -4.060775e+01 -1.602058e+02
    endloop
  endfacet
  facet normal 0.000000e+00 0.000000e+00 -1.000000e+00
    outer loop
      vertex   6.075475e+00 -4.061849e+01 -1.602058e+02
      vertex   2.850106e+00 -4.060775e+01 -1.602058e+02
      vertex   5.780338e+00 -3.963608e+01 -1.602058e+02
    endloop
  endfacet
  facet normal 0.000000e+00 0.000000e+00 -1.000000e+00
    outer loop
      vertex   5.780338e+00 -3.963608e+01 -1.602058e+02
      vertex   2.850106e+00 -4.060775e+01 -1.602058e+02
      vertex   2.487827e+00 -3.994877e+01 -1.602058e+02
    endloop
  endfacet
  facet normal -0.000000e+00 0.000000e+00 -1.000000e+00
    outer loop
      vertex   5.780338e+00 -3.963608e+01 -1.602058e+02
      vertex   2.487827e+00 -3.994877e+01 -1.602058e+02
      vertex   5.322173e+00 -3.871831e+01 -1.602058e+02
    endloop
  endfacet
  facet normal -0.000000e+00 0.000000e+00 -1.000000e+00
    outer loop
      vertex   5.322173e+00 -3.871831e+01 -1.602058e+02
      vertex   2.487827e+00 -3.994877e+01 -1.602058e+02
      vertex   4.714372e+00 -3.789198e+01 -1.602058e+02
    endloop
  endfacet
  facet normal 0.000000e+00 0.000000e+00 -1.000000e+00
    outer loop
      vertex   4.714372e+00 -3.789198e+01 -1.602058e+02
      vertex   2.487827e+00 -3.994877e+01 -1.602058e+02
      vertex   1.973048e+00 -3.940058e+01 -1.602058e+02
    endloop
  endfacet
  facet normal -0.000000e+00 0.000000e+00 -1.000000e+00
    outer loop
      vertex   4.714372e+00 -3.789198e+01 -1.602058e+02
      vertex   1.973048e+00 -3.940058e+01 -1.602058e+02
      vertex   3.974699e+00 -3.718127e+01 -1.602058e+02
    endloop
  endfacet
  facet normal 0.000000e+00 0.000000e+00 -1.000000e+00
    outer loop
      vertex   3.974699e+00 -3.718127e+01 -1.602058e+02
      vertex   1.973048e+00 -3.940058e+01 -1.602058e+02
      vertex   1.338114e+00 -3.899764e+01 -1.602058e+02
    endloop
  endfacet
  facet normal -0.000000e+00 0.000000e+00 -1.000000e+00
    outer loop
      vertex   3.974699e+00 -3.718127e+01 -1.602058e+02
      vertex   1.338114e+00 -3.899764e+01 -1.602058e+02
      vertex   3.124775e+00 -3.660694e+01 -1.602058e+02
    endloop
  endfacet
  facet normal -0.000000e+00 0.000000e+00 -1.000000e+00
    outer loop
      vertex   3.124775e+00 -3.660694e+01 -1.602058e+02
      vertex   1.338114e+00 -3.899764e+01 -1.602058e+02
      vertex   2.189441e+00 -3.618577e+01 -1.602058e+02
    endloop
  endfacet
  facet normal 0.000000e+00 0.000000e+00 -1.000000e+00
    outer loop
      vertex   2.189441e+00 -3.618577e+01 -1.602058e+02
      vertex   1.338114e+00 -3.899764e+01 -1.602058e+02
      vertex   6.229202e-01 -3.876526e+01 -1.602058e+02
    endloop
  endfacet
  facet normal -0.000000e+00 0.000000e+00 -1.000000e+00
    outer loop
      vertex   2.189441e+00 -3.618577e+01 -1.602058e+02
      vertex   6.229202e-01 -3.876526e+01 -1.602058e+02
      vertex   1.196035e+00 -3.593009e+01 -1.602058e+02
    endloop
  endfacet
  facet normal -0.000000e+00 0.000000e+00 -1.000000e+00
    outer loop
      vertex   1.196035e+00 -3.593009e+01 -1.602058e+02
      vertex   6.229202e-01 -3.876526e+01 -1.602058e+02
      vertex   1.735949e-01 -3.584735e+01 -1.602058e+02
    endloop
  endfacet
  facet normal 0.000000e+00 -0.000000e+00 -1.000000e+00
    outer loop
      vertex   1.735949e-01 -3.584735e+01 -1.602058e+02
      vertex   6.229202e-01 -3.876526e+01 -1.602058e+02
      vertex   -1.275953e-01 -3.871804e+01 -1.602058e+02
    endloop
  endfacet
  facet normal 0.000000e+00 0.000000e+00 -1.000000e+00
    outer loop
      vertex   1.735949e-01 -3.584735e+01 -1.602058e+02
      vertex   -1.275953e-01 -3.871804e+01 -1.602058e+02
      vertex   -8.479963e-01 -3.593998e+01 -1.602058e+02
    endloop
  endfacet
  facet normal 0.000000e+00 -0.000000e+00 -1.000000e+00
    outer loop
      vertex   -8.479963e-01 -3.593998e+01 -1.602058e+02
      vertex   -1.275953e-01 -3.871804e+01 -1.602058e+02
      vertex   -1.838879e+00 -3.620528e+01 -1.602058e+02
    endloop
  endfacet
  facet normal 0.000000e+00 0.000000e+00 -1.000000e+00
    outer loop
      vertex   -1.838879e+00 -3.620528e+01 -1.602058e+02
      vertex   -1.275953e-01 -3.871804e+01 -1.602058e+02
      vertex   -8.662747e-01 -3.885895e+01 -1.602058e+02
    endloop
  endfacet
  facet normal 0.000000e+00 -0.000000e+00 -1.000000e+00
    outer loop
      vertex   -1.838879e+00 -3.620528e+01 -1.602058e+02
      vertex   -8.662747e-01 -3.885895e+01 -1.602058e+02
      vertex   -2.770090e+00 -3.663548e+01 -1.602058e+02
    endloop
  endfacet
  facet normal 0.000000e+00 0.000000e+00 -1.000000e+00
    outer loop
      vertex   -2.770090e+00 -3.663548e+01 -1.602058e+02
      vertex   -8.662747e-01 -3.885895e+01 -1.602058e+02
      vertex   -1.546704e+00 -3.917914e+01 -1.602058e+02
    endloop
  endfacet
  facet normal 0.000000e+00 -0.000000e+00 -1.000000e+00
    outer loop
      vertex   -2.770090e+00 -3.663548e+01 -1.602058e+02
      vertex   -1.546704e+00 -3.917914e+01 -1.602058e+02
      vertex   -3.614412e+00 -3.721802e+01 -1.602058e+02
    endloop
  endfacet
  facet normal 0.000000e+00 -0.000000e+00 -1.000000e+00
    outer loop
      vertex   -3.614412e+00 -3.721802e+01 -1.602058e+02
      vertex   -1.546704e+00 -3.917914e+01 -1.602058e+02
      vertex   -4.347167e+00 -3.793587e+01 -1.602058e+02
    endloop
  endfacet
  facet normal 0.000000e+00 0.000000e+00 -1.000000e+00
    outer loop
      vertex   -4.347167e+00 -3.793587e+01 -1.602058e+02
      vertex   -1.546704e+00 -3.917914e+01 -1.602058e+02
      vertex   -2.126130e+00 -3.965848e+01 -1.602058e+02
    endloop
  endfacet
  facet normal 0.000000e+00 -0.000000e+00 -1.000000e+00
    outer loop
      vertex   -4.347167e+00 -3.793587e+01 -1.602058e+02
      vertex   -2.126130e+00 -3.965848e+01 -1.602058e+02
      vertex   -4.946937e+00 -3.876803e+01 -1.602058e+02
    endloop
  endfacet
  facet normal 0.000000e+00 0.000000e+00 -1.000000e+00
    outer loop
      vertex   -4.946937e+00 -3.876803e+01 -1.602058e+02
      vertex   -2.126130e+00 -3.965848e+01 -1.602058e+02
      vertex   -2.568144e+00 -4.026686e+01 -1.602058e+02
    endloop
  endfacet
  facet normal 0.000000e+00 -0.000000e+00 -1.000000e+00
    outer loop
      vertex   -4.946937e+00 -3.876803e+01 -1.602058e+02
      vertex   -2.568144e+00 -4.026686e+01 -1.602058e+02
      vertex   -5.396192e+00 -3.969021e+01 -1.602058e+02
    endloop
  endfacet
  facet normal 0.000000e+00 0.000000e+00 -1.000000e+00
    outer loop
      vertex   -5.396192e+00 -3.969021e+01 -1.602058e+02
      vertex   -2.568144e+00 -4.026686e+01 -1.602058e+02
      vertex   -2.844973e+00 -4.096605e+01 -1.602058e+02
    endloop
  endfacet
  facet normal 0.000000e+00 -0.000000e+00 -1.000000e+00
    outer loop
      vertex   -5.396192e+00 -3.969021e+01 -1.602058e+02
      vertex   -2.844973e+00 -4.096605e+01 -1.602058e+02
      vertex   -5.681800e+00 -4.067543e+01 -1.602058e+02
    endloop
  endfacet
  facet normal 0.000000e+00 0.000000e+00 -1.000000e+00
    outer loop
      vertex   -5.681800e+00 -4.067543e+01 -1.602058e+02
      vertex   -2.844973e+00 -4.096605e+01 -1.602058e+02
      vertex   -2.939224e+00 -4.171212e+01 -1.602058e+02
    endloop
  endfacet
  facet normal -8.450800e-01 5.345659e-01 -8.899375e-03
    outer loop
      vertex   4.980586e+00 -4.547651e+01 -1.602058e+02
      vertex   5.528956e+00 -4.460961e+01 -1.602058e+02
      vertex   5.434932e+00 -4.478381e+01 -1.617413e+02
    endloop
  endfacet
  facet normal -9.038311e-01 4.278352e-01 6.806445e-03
    outer loop
      vertex   5.434932e+00 -4.478381e+01 -1.617413e+02
      vertex   5.528956e+00 -4.460961e+01 -1.602058e+02
      vertex   5.814744e+00 -4.396934e+01 -1.625015e+02
    endloop
  endfacet
  facet normal -9.237918e-01 3.828065e-01 -8.236376e-03
    outer loop
      vertex   5.814744e+00 -4.396934e+01 -1.625015e+02
      vertex   5.528956e+00 -4.460961e+01 -1.602058e+02
      vertex   5.921645e+00 -4.366197e+01 -1.602058e+02
    endloop
  endfacet
  facet normal -9.572954e-01 2.890519e-01 5.876047e-03
    outer loop
      vertex   5.814744e+00 -4.396934e+01 -1.625015e+02
      vertex   5.921645e+00 -4.366197e+01 -1.602058e+02
      vertex   6.064966e+00 -4.312431e+01 -1.633050e+02
    endloop
  endfacet
  facet normal -9.755071e-01 2.198574e-01 -6.969996e-03
    outer loop
      vertex   6.064966e+00 -4.312431e+01 -1.633050e+02
      vertex   5.921645e+00 -4.366197e+01 -1.602058e+02
      vertex   6.147177e+00 -4.266129e+01 -1.602058e+02
    endloop
  endfacet
  facet normal -9.893562e-01 1.454436e-01 4.514623e-03
    outer loop
      vertex   6.064966e+00 -4.312431e+01 -1.633050e+02
      vertex   6.147177e+00 -4.266129e+01 -1.602058e+02
      vertex   6.186201e+00 -4.227403e+01 -1.641296e+02
    endloop
  endfacet
  facet normal -9.987128e-01 5.047905e-02 -4.950690e-03
    outer loop
      vertex   6.186201e+00 -4.227403e+01 -1.641296e+02
      vertex   6.147177e+00 -4.266129e+01 -1.602058e+02
      vertex   6.198958e+00 -4.163681e+01 -1.602058e+02
    endloop
  endfacet
  facet normal -9.999838e-01 5.149139e-03 2.414833e-03
    outer loop
      vertex   6.186201e+00 -4.227403e+01 -1.641296e+02
      vertex   6.198958e+00 -4.163681e+01 -1.602058e+02
      vertex   6.188494e+00 -4.144366e+01 -1.649506e+02
    endloop
  endfacet
  facet normal -9.927244e-01 -1.203784e-01 -2.711021e-03
    outer loop
      vertex   6.188494e+00 -4.144366e+01 -1.649506e+02
      vertex   6.198958e+00 -4.163681e+01 -1.602058e+02
      vertex   6.075475e+00 -4.061849e+01 -1.602058e+02
    endloop
  endfacet
  facet normal -9.910347e-01 -1.336042e-01 -3.706962e-04
    outer loop
      vertex   6.188494e+00 -4.144366e+01 -1.649506e+02
      vertex   6.075475e+00 -4.061849e+01 -1.602058e+02
      vertex   6.081970e+00 -4.065128e+01 -1.657500e+02
    endloop
  endfacet
  facet normal -9.637366e-01 -2.668550e-01 4.493725e-04
    outer loop
      vertex   6.081970e+00 -4.065128e+01 -1.657500e+02
      vertex   6.075475e+00 -4.061849e+01 -1.602058e+02
      vertex   5.861029e+00 -3.985474e+01 -1.665705e+02
    endloop
  endfacet
  facet normal -9.577125e-01 -2.877181e-01 -2.257109e-03
    outer loop
      vertex   5.861029e+00 -3.985474e+01 -1.665705e+02
      vertex   6.075475e+00 -4.061849e+01 -1.602058e+02
      vertex   5.780338e+00 -3.963608e+01 -1.602058e+02
    endloop
  endfacet
  facet normal -9.181882e-01 -3.961395e-01 1.968791e-03
    outer loop
      vertex   5.861029e+00 -3.985474e+01 -1.665705e+02
      vertex   5.780338e+00 -3.963608e+01 -1.602058e+02
      vertex   5.519198e+00 -3.906655e+01 -1.673992e+02
    endloop
  endfacet
  facet normal -8.947054e-01 -4.466474e-01 -2.882561e-03
    outer loop
      vertex   5.519198e+00 -3.906655e+01 -1.673992e+02
      vertex   5.780338e+00 -3.963608e+01 -1.602058e+02
      vertex   5.322173e+00 -3.871831e+01 -1.602058e+02
    endloop
  endfacet
  facet normal -8.507221e-01 -5.256114e-01 2.144897e-03
    outer loop
      vertex   5.519198e+00 -3.906655e+01 -1.673992e+02
      vertex   5.322173e+00 -3.871831e+01 -1.602058e+02
      vertex   5.053513e+00 -3.831611e+01 -1.682058e+02
    endloop
  endfacet
  facet normal -8.055492e-01 -5.925225e-01 -2.735995e-03
    outer loop
      vertex   5.053513e+00 -3.831611e+01 -1.682058e+02
      vertex   5.322173e+00 -3.871831e+01 -1.602058e+02
      vertex   4.714372e+00 -3.789198e+01 -1.602058e+02
    endloop
  endfacet
  facet normal -7.549114e-01 -6.558210e-01 2.766535e-03
    outer loop
      vertex   5.053513e+00 -3.831611e+01 -1.682058e+02
      vertex   4.714372e+00 -3.789198e+01 -1.602058e+02
      vertex   4.377250e+00 -3.753767e+01 -1.682058e+02
    endloop
  endfacet
  facet normal -6.928476e-01 -7.210788e-01 -2.739037e-03
    outer loop
      vertex   4.377250e+00 -3.753767e+01 -1.682058e+02
      vertex   4.714372e+00 -3.789198e+01 -1.602058e+02
      vertex   3.974699e+00 -3.718127e+01 -1.602058e+02
    endloop
  endfacet
  facet normal -6.314696e-01 -7.753957e-01 2.769272e-03
    outer loop
      vertex   4.377250e+00 -3.753767e+01 -1.682058e+02
      vertex   3.974699e+00 -3.718127e+01 -1.602058e+02
      vertex   3.577686e+00 -3.688652e+01 -1.682058e+02
    endloop
  endfacet
  facet normal -5.598950e-01 -8.285590e-01 -2.741470e-03
    outer loop
      vertex   3.577686e+00 -3.688652e+01 -1.682058e+02
      vertex   3.974699e+00 -3.718127e+01 -1.602058e+02
      vertex   3.124775e+00 -3.660694e+01 -1.602058e+02
    endloop
  endfacet
  facet normal -4.893767e-01 -8.720681e-01 2.771401e-03
    outer loop
      vertex   3.577686e+00 -3.688652e+01 -1.682058e+02
      vertex   3.124775e+00 -3.660694e+01 -1.602058e+02
      vertex   2.678435e+00 -3.638189e+01 -1.682058e+02
    endloop
  endfacet
  facet normal -4.105775e-01 -9.118216e-01 -2.743294e-03
    outer loop
      vertex   2.678435e+00 -3.638189e+01 -1.682058e+02
      vertex   3.124775e+00 -3.660694e+01 -1.602058e+02
      vertex   2.189441e+00 -3.618577e+01 -1.602058e+02
    endloop
  endfacet
  facet normal -3.328294e-01 -9.429830e-01 2.772922e-03
    outer loop
      vertex   2.678435e+00 -3.638189e+01 -1.682058e+02
      vertex   2.189441e+00 -3.618577e+01 -1.602058e+02
      vertex   1.706060e+00 -3.603869e+01 -1.682058e+02
    endloop
  endfacet
  facet normal -2.492594e-01 -9.684329e-01 -2.744511e-03
    outer loop
      vertex   1.706060e+00 -3.603869e+01 -1.682058e+02
      vertex   2.189441e+00 -3.618577e+01 -1.602058e+02
      vertex   1.196035e+00 -3.593009e+01 -1.602058e+02
    endloop
  endfacet
  facet normal -1.664516e-01 -9.860457e-01 2.773834e-03
    outer loop
      vertex   1.706060e+00 -3.603869e+01 -1.682058e+02
      vertex   1.196035e+00 -3.593009e+01 -1.602058e+02
      vertex   6.892793e-01 -3.586705e+01 -1.682058e+02
    endloop
  endfacet
  facet normal -8.065573e-02 -9.967382e-01 -2.745119e-03
    outer loop
      vertex   6.892793e-01 -3.586705e+01 -1.682058e+02
      vertex   1.196035e+00 -3.593009e+01 -1.602058e+02
      vertex   1.735949e-01 -3.584735e+01 -1.602058e+02
    endloop
  endfacet
  facet normal 4.842540e-03 -9.999844e-01 2.774138e-03
    outer loop
      vertex   6.892793e-01 -3.586705e+01 -1.682058e+02
      vertex   1.735949e-01 -3.584735e+01 -1.602058e+02
      vertex   -3.418745e-01 -3.587204e+01 -1.682058e+02
    endloop
  endfacet
  facet normal 9.030536e-02 -9.959103e-01 -2.745119e-03
    outer loop
      vertex   -3.418745e-01 -3.587204e+01 -1.682058e+02
      vertex   1.735949e-01 -3.584735e+01 -1.602058e+02
      vertex   -8.479963e-01 -3.593998e+01 -1.602058e+02
    endloop
  endfacet
  facet normal 1.759936e-01 -9.843874e-01 2.773834e-03
    outer loop
      vertex   -3.418745e-01 -3.587204e+01 -1.682058e+02
      vertex   -8.479963e-01 -3.593998e+01 -1.602058e+02
      vertex   -1.356945e+00 -3.605352e+01 -1.682058e+02
    endloop
  endfacet
  facet normal 2.586269e-01 -9.659734e-01 -2.744511e-03
    outer loop
      vertex   -1.356945e+00 -3.605352e+01 -1.682058e+02
      vertex   -8.479963e-01 -3.593998e+01 -1.602058e+02
      vertex   -1.838879e+00 -3.620528e+01 -1.602058e+02
    endloop
  endfacet
  facet normal 3.419466e-01 -9.397153e-01 2.772922e-03
    outer loop
      vertex   -1.356945e+00 -3.605352e+01 -1.682058e+02
      vertex   -1.838879e+00 -3.620528e+01 -1.602058e+02
      vertex   -2.325951e+00 -3.640612e+01 -1.682058e+02
    endloop
  endfacet
  facet normal 4.193892e-01 -9.078024e-01 -2.743294e-03
    outer loop
      vertex   -2.325951e+00 -3.640612e+01 -1.682058e+02
      vertex   -1.838879e+00 -3.620528e+01 -1.602058e+02
      vertex   -2.770090e+00 -3.663548e+01 -1.602058e+02
    endloop
  endfacet
  facet normal 4.977997e-01 -8.672876e-01 2.771401e-03
    outer loop
      vertex   -2.325951e+00 -3.640612e+01 -1.682058e+02
      vertex   -2.770090e+00 -3.663548e+01 -1.602058e+02
      vertex   -3.220272e+00 -3.691944e+01 -1.682058e+02
    endloop
  endfacet
  facet normal 5.678934e-01 -8.230976e-01 -2.741470e-03
    outer loop
      vertex   -3.220272e+00 -3.691944e+01 -1.682058e+02
      vertex   -2.770090e+00 -3.663548e+01 -1.602058e+02
      vertex   -3.614412e+00 -3.721802e+01 -1.602058e+02
    endloop
  endfacet
  facet normal 6.389497e-01 -7.692435e-01 2.769272e-03
    outer loop
      vertex   -3.220272e+00 -3.691944e+01 -1.682058e+02
      vertex   -3.614412e+00 -3.721802e+01 -1.602058e+02
      vertex   -4.013493e+00 -3.757831e+01 -1.682058e+02
    endloop
  endfacet
  facet normal 6.997988e-01 -7.143348e-01 -2.739037e-03
    outer loop
      vertex   -4.013493e+00 -3.757831e+01 -1.682058e+02
      vertex   -3.614412e+00 -3.721802e+01 -1.602058e+02
      vertex   -4.347167e+00 -3.793587e+01 -1.602058e+02
    endloop
  endfacet
  facet normal 7.612276e-01 -6.484789e-01 2.766535e-03
    outer loop
      vertex   -4.013493e+00 -3.757831e+01 -1.682058e+02
      vertex   -4.347167e+00 -3.793587e+01 -1.602058e+02
      vertex   -4.682184e+00 -3.836326e+01 -1.682058e+02
    endloop
  endfacet
  facet normal 8.112500e-01 -5.846930e-01 -2.735995e-03
    outer loop
      vertex   -4.682184e+00 -3.836326e+01 -1.682058e+02
      vertex   -4.347167e+00 -3.793587e+01 -1.602058e+02
      vertex   -4.946937e+00 -3.876803e+01 -1.602058e+02
    endloop
  endfacet
  facet normal 8.557727e-01 -5.173475e-01 2.144897e-03
    outer loop
      vertex   -4.682184e+00 -3.836326e+01 -1.682058e+02
      vertex   -4.946937e+00 -3.876803e+01 -1.602058e+02
      vertex   -5.140580e+00 -3.911817e+01 -1.673992e+02
    endloop
  endfacet
  facet normal 8.989892e-01 -4.379612e-01 -2.882561e-03
    outer loop
      vertex   -5.140580e+00 -3.911817e+01 -1.673992e+02
      vertex   -4.946937e+00 -3.876803e+01 -1.602058e+02
      vertex   -5.396192e+00 -3.969021e+01 -1.602058e+02
    endloop
  endfacet
  facet normal 9.219818e-01 -3.872283e-01 1.968791e-03
    outer loop
      vertex   -5.140580e+00 -3.911817e+01 -1.673992e+02
      vertex   -5.396192e+00 -3.969021e+01 -1.602058e+02
      vertex   -5.474761e+00 -3.990964e+01 -1.665705e+02
    endloop
  endfacet
  facet normal 9.604541e-01 -2.784292e-01 -2.257109e-03
    outer loop
      vertex   -5.474761e+00 -3.990964e+01 -1.665705e+02
      vertex   -5.396192e+00 -3.969021e+01 -1.602058e+02
      vertex   -5.681800e+00 -4.067543e+01 -1.602058e+02
    endloop
  endfacet
  facet normal 9.662759e-01 -2.575087e-01 4.493725e-04
    outer loop
      vertex   -5.474761e+00 -3.990964e+01 -1.665705e+02
      vertex   -5.681800e+00 -4.067543e+01 -1.602058e+02
      vertex   -5.687977e+00 -4.070828e+01 -1.657500e+02
    endloop
  endfacet
  facet normal 9.922822e-01 -1.239997e-01 -3.706962e-04
    outer loop
      vertex   -5.687977e+00 -4.070828e+01 -1.657500e+02
      vertex   -5.681800e+00 -4.067543e+01 -1.602058e+02
      vertex   -5.786822e+00 -4.150166e+01 -1.649506e+02
    endloop
  endfacet
  facet normal 9.938437e-01 -1.107582e-01 -2.711021e-03
    outer loop
      vertex   -5.786822e+00 -4.150166e+01 -1.649506e+02
      vertex   -5.681800e+00 -4.067543e+01 -1.602058e+02
      vertex   -5.795414e+00 -4.169490e+01 -1.602058e+02
    endloop
  endfacet
  facet normal 9.998871e-01 1.483374e-02 2.414833e-03
    outer loop
      vertex   -5.786822e+00 -4.150166e+01 -1.649506e+02
      vertex   -5.795414e+00 -4.169490e+01 -1.602058e+02
      vertex   -5.776487e+00 -4.233196e+01 -1.641296e+02
    endloop
  endfacet
  facet normal 9.981771e-01 6.014922e-02 -4.950690e-03
    outer loop
      vertex   -5.776487e+00 -4.233196e+01 -1.641296e+02
      vertex   -5.795414e+00 -4.169490e+01 -1.602058e+02
      vertex   -5.733714e+00 -4.271882e+01 -1.602058e+02
    endloop
  endfacet
  facet normal 9.879012e-01 1.550187e-01 4.514623e-03
    outer loop
      vertex   -5.776487e+00 -4.233196e+01 -1.641296e+02
      vertex   -5.733714e+00 -4.271882e+01 -1.602058e+02
      vertex   -5.647022e+00 -4.318103e+01 -1.633050e+02
    endloop
  endfacet
  facet normal 9.733320e-01 2.292949e-01 -6.969996e-03
    outer loop
      vertex   -5.647022e+00 -4.318103e+01 -1.633050e+02
      vertex   -5.733714e+00 -4.271882e+01 -1.602058e+02
      vertex   -5.498501e+00 -4.371727e+01 -1.602058e+02
    endloop
  endfacet
  facet normal 9.544510e-01 2.983098e-01 5.876047e-03
    outer loop
      vertex   -5.647022e+00 -4.318103e+01 -1.633050e+02
      vertex   -5.498501e+00 -4.371727e+01 -1.602058e+02
      vertex   -5.388628e+00 -4.402359e+01 -1.625015e+02
    endloop
  endfacet
  facet normal 9.200410e-01 3.917355e-01 -8.236376e-03
    outer loop
      vertex   -5.388628e+00 -4.402359e+01 -1.625015e+02
      vertex   -5.498501e+00 -4.371727e+01 -1.602058e+02
      vertex   -5.096652e+00 -4.466107e+01 -1.602058e+02
    endloop
  endfacet
  facet normal 8.996452e-01 4.365687e-01 6.806445e-03
    outer loop
      vertex   -5.388628e+00 -4.402359e+01 -1.625015e+02
      vertex   -5.096652e+00 -4.466107e+01 -1.602058e+02
      vertex   -5.000946e+00 -4.483435e+01 -1.617413e+02
    endloop
  endfacet
  facet normal 8.398630e-01 5.427254e-01 -8.899375e-03
    outer loop
      vertex   -5.000946e+00 -4.483435e+01 -1.617413e+02
      vertex   -5.096652e+00 -4.466107e+01 -1.602058e+02
      vertex   -4.539912e+00 -4.552262e+01 -1.602058e+02
    endloop
  endfacet
  facet normal 5.604557e-01 -4.409863e-01 -7.010139e-01
    outer loop
      vertex   3.630995e+01 -2.677155e+01 -1.617413e+02
      vertex   3.456202e+01 -2.899302e+01 -1.617413e+02
      vertex   3.541195e+01 -2.670922e+01 -1.624984e+02
    endloop
  endfacet
  facet normal 5.570292e-01 -4.406787e-01 -7.039324e-01
    outer loop
      vertex   3.541195e+01 -2.670922e+01 -1.624984e+02
      vertex   3.456202e+01 -2.899302e+01 -1.617413e+02
      vertex   3.454973e+01 -2.651829e+01 -1.633003e+02
    endloop
  endfacet
  facet normal 5.544600e-01 -4.416032e-01 -7.053798e-01
    outer loop
      vertex   3.454973e+01 -2.651829e+01 -1.633003e+02
      vertex   3.456202e+01 -2.899302e+01 -1.617413e+02
      vertex   3.374537e+01 -2.621126e+01 -1.641247e+02
    endloop
  endfacet
  facet normal 5.520968e-01 -4.430873e-01 -7.063022e-01
    outer loop
      vertex   3.374537e+01 -2.621126e+01 -1.641247e+02
      vertex   3.456202e+01 -2.899302e+01 -1.617413e+02
      vertex   3.301602e+01 -2.580903e+01 -1.649472e+02
    endloop
  endfacet
  facet normal 5.498616e-01 -4.448269e-01 -7.069520e-01
    outer loop
      vertex   3.301602e+01 -2.580903e+01 -1.649472e+02
      vertex   3.456202e+01 -2.899302e+01 -1.617413e+02
      vertex   3.237405e+01 -2.533070e+01 -1.657475e+02
    endloop
  endfacet
  facet normal 5.466546e-01 -4.475696e-01 -7.077077e-01
    outer loop
      vertex   3.237405e+01 -2.533070e+01 -1.657475e+02
      vertex   3.456202e+01 -2.899302e+01 -1.617413e+02
      vertex   2.922870e+01 -2.528529e+01 -1.682058e+02
    endloop
  endfacet
  facet normal 5.467904e-01 -4.471411e-01 -7.078736e-01
    outer loop
      vertex   3.237405e+01 -2.533070e+01 -1.657475e+02
      vertex   2.922870e+01 -2.528529e+01 -1.682058e+02
      vertex   3.178631e+01 -2.475216e+01 -1.665669e+02
    endloop
  endfacet
  facet normal 5.471266e-01 -4.445609e-01 -7.092377e-01
    outer loop
      vertex   3.178631e+01 -2.475216e+01 -1.665669e+02
      vertex   2.922870e+01 -2.528529e+01 -1.682058e+02
      vertex   3.126373e+01 -2.407175e+01 -1.673965e+02
    endloop
  endfacet
  facet normal 5.464566e-01 -4.420473e-01 -7.113222e-01
    outer loop
      vertex   3.126373e+01 -2.407175e+01 -1.673965e+02
      vertex   2.922870e+01 -2.528529e+01 -1.682058e+02
      vertex   3.083369e+01 -2.330121e+01 -1.682058e+02
    endloop
  endfacet
  facet normal 5.279313e-01 -4.718195e-01 -7.061692e-01
    outer loop
      vertex   3.456202e+01 -2.899302e+01 -1.617413e+02
      vertex   3.267839e+01 -3.110066e+01 -1.617413e+02
      vertex   2.922870e+01 -2.528529e+01 -1.682058e+02
    endloop
  endfacet
  facet normal 5.185497e-01 -4.794192e-01 -7.079996e-01
    outer loop
      vertex   2.922870e+01 -2.528529e+01 -1.682058e+02
      vertex   3.267839e+01 -3.110066e+01 -1.617413e+02
      vertex   2.749626e+01 -2.715913e+01 -1.682058e+02
    endloop
  endfacet
  facet normal 4.974182e-01 -5.040301e-01 -7.060657e-01
    outer loop
      vertex   2.749626e+01 -2.715913e+01 -1.682058e+02
      vertex   3.267839e+01 -3.110066e+01 -1.617413e+02
      vertex   3.066646e+01 -3.308620e+01 -1.617413e+02
    endloop
  endfacet
  facet normal 4.857068e-01 -5.125189e-01 -7.081054e-01
    outer loop
      vertex   2.749626e+01 -2.715913e+01 -1.682058e+02
      vertex   3.066646e+01 -3.308620e+01 -1.617413e+02
      vertex   2.564394e+01 -2.891454e+01 -1.682058e+02
    endloop
  endfacet
  facet normal 4.649272e-01 -5.342528e-01 -7.059863e-01
    outer loop
      vertex   2.564394e+01 -2.891454e+01 -1.682058e+02
      vertex   3.066646e+01 -3.308620e+01 -1.617413e+02
      vertex   2.853413e+01 -3.494184e+01 -1.617413e+02
    endloop
  endfacet
  facet normal 4.507742e-01 -5.433958e-01 -7.081833e-01
    outer loop
      vertex   2.564394e+01 -2.891454e+01 -1.682058e+02
      vertex   2.853413e+01 -3.494184e+01 -1.617413e+02
      vertex   2.367981e+01 -3.054389e+01 -1.682058e+02
    endloop
  endfacet
  facet normal 4.305886e-01 -5.623654e-01 -7.059310e-01
    outer loop
      vertex   2.367981e+01 -3.054389e+01 -1.682058e+02
      vertex   2.853413e+01 -3.494184e+01 -1.617413e+02
      vertex   2.628977e+01 -3.666029e+01 -1.617413e+02
    endloop
  endfacet
  facet normal 4.139005e-01 -5.719196e-01 -7.082332e-01
    outer loop
      vertex   2.367981e+01 -3.054389e+01 -1.682058e+02
      vertex   2.628977e+01 -3.666029e+01 -1.617413e+02
      vertex   2.161244e+01 -3.204006e+01 -1.682058e+02
    endloop
  endfacet
  facet normal 3.945407e-01 -5.882541e-01 -7.059000e-01
    outer loop
      vertex   2.161244e+01 -3.204006e+01 -1.682058e+02
      vertex   2.628977e+01 -3.666029e+01 -1.617413e+02
      vertex   2.394219e+01 -3.823480e+01 -1.617413e+02
    endloop
  endfacet
  facet normal 3.752425e-01 -5.979697e-01 -7.082552e-01
    outer loop
      vertex   2.161244e+01 -3.204006e+01 -1.682058e+02
      vertex   2.394219e+01 -3.823480e+01 -1.617413e+02
      vertex   1.945083e+01 -3.339653e+01 -1.682058e+02
    endloop
  endfacet
  facet normal 3.569283e-01 -6.118147e-01 -7.058931e-01
    outer loop
      vertex   1.945083e+01 -3.339653e+01 -1.682058e+02
      vertex   2.394219e+01 -3.823480e+01 -1.617413e+02
      vertex   2.150061e+01 -3.965920e+01 -1.617413e+02
    endloop
  endfacet
  facet normal 3.349641e-01 -6.214356e-01 -7.082492e-01
    outer loop
      vertex   1.945083e+01 -3.339653e+01 -1.682058e+02
      vertex   2.150061e+01 -3.965920e+01 -1.617413e+02
      vertex   1.720441e+01 -3.460738e+01 -1.682058e+02
    endloop
  endfacet
  facet normal 3.179030e-01 -6.329520e-01 -7.059104e-01
    outer loop
      vertex   1.720441e+01 -3.460738e+01 -1.682058e+02
      vertex   2.150061e+01 -3.965920e+01 -1.617413e+02
      vertex   1.897462e+01 -4.092789e+01 -1.617413e+02
    endloop
  endfacet
  facet normal 2.932361e-01 -6.422179e-01 -7.082152e-01
    outer loop
      vertex   1.720441e+01 -3.460738e+01 -1.682058e+02
      vertex   1.897462e+01 -4.092789e+01 -1.617413e+02
      vertex   1.488297e+01 -3.566735e+01 -1.682058e+02
    endloop
  endfacet
  facet normal 2.776221e-01 -6.515812e-01 -7.059518e-01
    outer loop
      vertex   1.488297e+01 -3.566735e+01 -1.682058e+02
      vertex   1.897462e+01 -4.092789e+01 -1.617413e+02
      vertex   1.637413e+01 -4.203589e+01 -1.617413e+02
    endloop
  endfacet
  facet normal 2.502355e-01 -6.602281e-01 -7.081533e-01
    outer loop
      vertex   1.488297e+01 -3.566735e+01 -1.682058e+02
      vertex   1.637413e+01 -4.203589e+01 -1.617413e+02
      vertex   1.249665e+01 -3.657180e+01 -1.682058e+02
    endloop
  endfacet
  facet normal 2.362479e-01 -6.676273e-01 -7.060175e-01
    outer loop
      vertex   1.249665e+01 -3.657180e+01 -1.682058e+02
      vertex   1.637413e+01 -4.203589e+01 -1.617413e+02
      vertex   1.370935e+01 -4.297886e+01 -1.617413e+02
    endloop
  endfacet
  facet normal 2.061443e-01 -6.753894e-01 -7.080633e-01
    outer loop
      vertex   1.249665e+01 -3.657180e+01 -1.682058e+02
      vertex   1.370935e+01 -4.297886e+01 -1.617413e+02
      vertex   1.005584e+01 -3.731679e+01 -1.682058e+02
    endloop
  endfacet
  facet normal 1.939472e-01 -6.810264e-01 -7.061073e-01
    outer loop
      vertex   1.005584e+01 -3.731679e+01 -1.682058e+02
      vertex   1.370935e+01 -4.297886e+01 -1.617413e+02
      vertex   1.099075e+01 -4.375308e+01 -1.617413e+02
    endloop
  endfacet
  facet normal 1.611493e-01 -6.876367e-01 -7.079454e-01
    outer loop
      vertex   1.005584e+01 -3.731679e+01 -1.682058e+02
      vertex   1.099075e+01 -4.375308e+01 -1.617413e+02
      vertex   7.571181e+00 -3.789907e+01 -1.682058e+02
    endloop
  endfacet
  facet normal 1.508908e-01 -6.917251e-01 -7.062212e-01
    outer loop
      vertex   7.571181e+00 -3.789907e+01 -1.682058e+02
      vertex   1.099075e+01 -4.375308e+01 -1.617413e+02
      vertex   8.228994e+00 -4.435552e+01 -1.617413e+02
    endloop
  endfacet
  facet normal 1.199128e-01 -6.963127e-01 -7.076508e-01
    outer loop
      vertex   7.571181e+00 -3.789907e+01 -1.682058e+02
      vertex   8.228994e+00 -4.435552e+01 -1.617413e+02
      vertex   6.081970e+00 -4.065128e+01 -1.657500e+02
    endloop
  endfacet
  facet normal 1.165050e-01 -6.975668e-01 -7.069845e-01
    outer loop
      vertex   6.081970e+00 -4.065128e+01 -1.657500e+02
      vertex   8.228994e+00 -4.435552e+01 -1.617413e+02
      vertex   6.188494e+00 -4.144366e+01 -1.649506e+02
    endloop
  endfacet
  facet normal 1.139016e-01 -6.986641e-01 -7.063249e-01
    outer loop
      vertex   6.188494e+00 -4.144366e+01 -1.649506e+02
      vertex   8.228994e+00 -4.435552e+01 -1.617413e+02
      vertex   6.186201e+00 -4.227403e+01 -1.641296e+02
    endloop
  endfacet
  facet normal 1.114636e-01 -6.999929e-01 -7.053976e-01
    outer loop
      vertex   6.186201e+00 -4.227403e+01 -1.641296e+02
      vertex   8.228994e+00 -4.435552e+01 -1.617413e+02
      vertex   6.064966e+00 -4.312431e+01 -1.633050e+02
    endloop
  endfacet
  facet normal 1.094281e-01 -7.017527e-01 -7.039664e-01
    outer loop
      vertex   6.064966e+00 -4.312431e+01 -1.633050e+02
      vertex   8.228994e+00 -4.435552e+01 -1.617413e+02
      vertex   5.814744e+00 -4.396934e+01 -1.625015e+02
    endloop
  endfacet
  facet normal 1.080395e-01 -7.048173e-01 -7.011134e-01
    outer loop
      vertex   5.814744e+00 -4.396934e+01 -1.625015e+02
      vertex   8.228994e+00 -4.435552e+01 -1.617413e+02
      vertex   5.434932e+00 -4.478381e+01 -1.617413e+02
    endloop
  endfacet
  facet normal 1.191584e-01 -6.961558e-01 -7.079325e-01
    outer loop
      vertex   6.081970e+00 -4.065128e+01 -1.657500e+02
      vertex   5.861029e+00 -3.985474e+01 -1.665705e+02
      vertex   7.571181e+00 -3.789907e+01 -1.682058e+02
    endloop
  endfacet
  facet normal 1.167311e-01 -6.951757e-01 -7.092987e-01
    outer loop
      vertex   7.571181e+00 -3.789907e+01 -1.682058e+02
      vertex   5.861029e+00 -3.985474e+01 -1.665705e+02
      vertex   5.519198e+00 -3.906655e+01 -1.673992e+02
    endloop
  endfacet
  facet normal 1.148460e-01 -6.933245e-01 -7.114152e-01
    outer loop
      vertex   7.571181e+00 -3.789907e+01 -1.682058e+02
      vertex   5.519198e+00 -3.906655e+01 -1.673992e+02
      vertex   5.053513e+00 -3.831611e+01 -1.682058e+02
    endloop
  endfacet
  facet normal -1.011652e-01 -7.058230e-01 -7.011273e-01
    outer loop
      vertex   -5.000946e+00 -4.483435e+01 -1.617413e+02
      vertex   -7.793839e+00 -4.443405e+01 -1.617413e+02
      vertex   -5.388628e+00 -4.402359e+01 -1.625015e+02
    endloop
  endfacet
  facet normal -1.025855e-01 -7.027761e-01 -7.039759e-01
    outer loop
      vertex   -5.388628e+00 -4.402359e+01 -1.625015e+02
      vertex   -7.793839e+00 -4.443405e+01 -1.617413e+02
      vertex   -5.647022e+00 -4.318103e+01 -1.633050e+02
    endloop
  endfacet
  facet normal -1.046392e-01 -7.010394e-01 -7.054037e-01
    outer loop
      vertex   -5.647022e+00 -4.318103e+01 -1.633050e+02
      vertex   -7.793839e+00 -4.443405e+01 -1.617413e+02
      vertex   -5.776487e+00 -4.233196e+01 -1.641296e+02
    endloop
  endfacet
  facet normal -1.070905e-01 -6.997372e-01 -7.063281e-01
    outer loop
      vertex   -5.776487e+00 -4.233196e+01 -1.641296e+02
      vertex   -7.793839e+00 -4.443405e+01 -1.617413e+02
      vertex   -5.786822e+00 -4.150166e+01 -1.649506e+02
    endloop
  endfacet
  facet normal -1.124727e-01 -6.975280e-01 -7.076754e-01
    outer loop
      vertex   -5.786822e+00 -4.150166e+01 -1.649506e+02
      vertex   -7.793839e+00 -4.443405e+01 -1.617413e+02
      vertex   -7.201701e+00 -3.797102e+01 -1.682058e+02
    endloop
  endfacet
  facet normal -1.151815e-01 -6.978861e-01 -7.068863e-01
    outer loop
      vertex   -5.786822e+00 -4.150166e+01 -1.649506e+02
      vertex   -7.201701e+00 -3.797102e+01 -1.682058e+02
      vertex   -5.687977e+00 -4.070828e+01 -1.657500e+02
    endloop
  endfacet
  facet normal -1.123920e-01 -6.972812e-01 -7.079315e-01
    outer loop
      vertex   -5.687977e+00 -4.070828e+01 -1.657500e+02
      vertex   -7.201701e+00 -3.797102e+01 -1.682058e+02
      vertex   -5.474761e+00 -3.990964e+01 -1.665705e+02
    endloop
  endfacet
  facet normal -1.099745e-01 -6.962789e-01 -7.092963e-01
    outer loop
      vertex   -5.474761e+00 -3.990964e+01 -1.665705e+02
      vertex   -7.201701e+00 -3.797102e+01 -1.682058e+02
      vertex   -5.140580e+00 -3.911817e+01 -1.673992e+02
    endloop
  endfacet
  facet normal -1.081074e-01 -6.944111e-01 -7.114112e-01
    outer loop
      vertex   -5.140580e+00 -3.911817e+01 -1.673992e+02
      vertex   -7.201701e+00 -3.797102e+01 -1.682058e+02
      vertex   -4.682184e+00 -3.836326e+01 -1.682058e+02
    endloop
  endfacet
  facet normal -1.440630e-01 -6.931792e-01 -7.062212e-01
    outer loop
      vertex   -7.793839e+00 -4.443405e+01 -1.617413e+02
      vertex   -1.055625e+01 -4.385994e+01 -1.617413e+02
      vertex   -7.201701e+00 -3.797102e+01 -1.682058e+02
    endloop
  endfacet
  facet normal -1.544247e-01 -6.891739e-01 -7.079494e-01
    outer loop
      vertex   -7.201701e+00 -3.797102e+01 -1.682058e+02
      vertex   -1.055625e+01 -4.385994e+01 -1.617413e+02
      vertex   -9.689868e+00 -3.741349e+01 -1.682058e+02
    endloop
  endfacet
  facet normal -1.871434e-01 -6.829284e-01 -7.061063e-01
    outer loop
      vertex   -9.689868e+00 -3.741349e+01 -1.682058e+02
      vertex   -1.055625e+01 -4.385994e+01 -1.617413e+02
      vertex   -1.327736e+01 -4.311427e+01 -1.617413e+02
    endloop
  endfacet
  facet normal -1.994997e-01 -6.773770e-01 -7.080680e-01
    outer loop
      vertex   -9.689868e+00 -3.741349e+01 -1.682058e+02
      vertex   -1.327736e+01 -4.311427e+01 -1.617413e+02
      vertex   -1.213586e+01 -3.669310e+01 -1.682058e+02
    endloop
  endfacet
  facet normal -2.294975e-01 -6.699789e-01 -7.060164e-01
    outer loop
      vertex   -1.213586e+01 -3.669310e+01 -1.682058e+02
      vertex   -1.327736e+01 -4.311427e+01 -1.617413e+02
      vertex   -1.594655e+01 -4.219995e+01 -1.617413e+02
    endloop
  endfacet
  facet normal -2.437014e-01 -6.626633e-01 -7.081575e-01
    outer loop
      vertex   -1.213586e+01 -3.669310e+01 -1.682058e+02
      vertex   -1.594655e+01 -4.219995e+01 -1.617413e+02
      vertex   -1.452902e+01 -3.581299e+01 -1.682058e+02
    endloop
  endfacet
  facet normal -2.709550e-01 -6.543820e-01 -7.059516e-01
    outer loop
      vertex   -1.452902e+01 -3.581299e+01 -1.682058e+02
      vertex   -1.594655e+01 -4.219995e+01 -1.617413e+02
      vertex   -1.855335e+01 -4.112057e+01 -1.617413e+02
    endloop
  endfacet
  facet normal -2.868429e-01 -6.450957e-01 -7.082180e-01
    outer loop
      vertex   -1.452902e+01 -3.581299e+01 -1.682058e+02
      vertex   -1.855335e+01 -4.112057e+01 -1.617413e+02
      vertex   -1.685894e+01 -3.477699e+01 -1.682058e+02
    endloop
  endfacet
  facet normal -3.113490e-01 -6.361999e-01 -7.059118e-01
    outer loop
      vertex   -1.685894e+01 -3.477699e+01 -1.682058e+02
      vertex   -1.855335e+01 -4.112057e+01 -1.617413e+02
      vertex   -2.108759e+01 -3.988035e+01 -1.617413e+02
    endloop
  endfacet
  facet normal -3.287421e-01 -6.247491e-01 -7.082494e-01
    outer loop
      vertex   -1.685894e+01 -3.477699e+01 -1.682058e+02
      vertex   -2.108759e+01 -3.988035e+01 -1.617413e+02
      vertex   -1.911547e+01 -3.358960e+01 -1.682058e+02
    endloop
  endfacet
  facet normal -3.505173e-01 -6.155054e-01 -7.058971e-01
    outer loop
      vertex   -1.911547e+01 -3.358960e+01 -1.682058e+02
      vertex   -2.108759e+01 -3.988035e+01 -1.617413e+02
      vertex   -2.353933e+01 -3.848413e+01 -1.617413e+02
    endloop
  endfacet
  facet normal -3.692218e-01 -6.017097e-01 -7.082519e-01
    outer loop
      vertex   -1.911547e+01 -3.358960e+01 -1.682058e+02
      vertex   -2.353933e+01 -3.848413e+01 -1.617413e+02
      vertex   -2.128879e+01 -3.225601e+01 -1.682058e+02
    endloop
  endfacet
  facet normal -3.883025e-01 -5.923815e-01 -7.059075e-01
    outer loop
      vertex   -2.128879e+01 -3.225601e+01 -1.682058e+02
      vertex   -2.353933e+01 -3.848413e+01 -1.617413e+02
      vertex   -2.589901e+01 -3.693738e+01 -1.617413e+02
    endloop
  endfacet
  facet normal -4.081108e-01 -5.760749e-01 -7.082254e-01
    outer loop
      vertex   -2.128879e+01 -3.225601e+01 -1.682058e+02
      vertex   -2.589901e+01 -3.693738e+01 -1.617413e+02
      vertex   -2.336945e+01 -3.078200e+01 -1.682058e+02
    endloop
  endfacet
  facet normal -4.245526e-01 -5.669211e-01 -7.059430e-01
    outer loop
      vertex   -2.336945e+01 -3.078200e+01 -1.682058e+02
      vertex   -2.589901e+01 -3.693738e+01 -1.617413e+02
      vertex   -2.815738e+01 -3.524614e+01 -1.617413e+02
    endloop
  endfacet
  facet normal -4.452445e-01 -5.479532e-01 -7.081699e-01
    outer loop
      vertex   -2.336945e+01 -3.078200e+01 -1.682058e+02
      vertex   -2.815738e+01 -3.524614e+01 -1.617413e+02
      vertex   -2.534838e+01 -2.917400e+01 -1.682058e+02
    endloop
  endfacet
  facet normal -4.591224e-01 -5.392269e-01 -7.060035e-01
    outer loop
      vertex   -2.534838e+01 -2.917400e+01 -1.682058e+02
      vertex   -2.815738e+01 -3.524614e+01 -1.617413e+02
      vertex   -3.030560e+01 -3.341704e+01 -1.617413e+02
    endloop
  endfacet
  facet normal -4.804657e-01 -5.174629e-01 -7.080854e-01
    outer loop
      vertex   -2.534838e+01 -2.917400e+01 -1.682058e+02
      vertex   -3.030560e+01 -3.341704e+01 -1.617413e+02
      vertex   -2.721696e+01 -2.743901e+01 -1.682058e+02
    endloop
  endfacet
  facet normal -4.918732e-01 -5.094103e-01 -7.060891e-01
    outer loop
      vertex   -2.721696e+01 -2.743901e+01 -1.682058e+02
      vertex   -3.030560e+01 -3.341704e+01 -1.617413e+02
      vertex   -3.233529e+01 -3.145723e+01 -1.617413e+02
    endloop
  endfacet
  facet normal -5.136247e-01 -4.847325e-01 -7.079718e-01
    outer loop
      vertex   -2.721696e+01 -2.743901e+01 -1.682058e+02
      vertex   -3.233529e+01 -3.145723e+01 -1.617413e+02
      vertex   -2.896708e+01 -2.558458e+01 -1.682058e+02
    endloop
  endfacet
  facet normal -5.226739e-01 -4.775917e-01 -7.061997e-01
    outer loop
      vertex   -2.896708e+01 -2.558458e+01 -1.682058e+02
      vertex   -3.233529e+01 -3.145723e+01 -1.617413e+02
      vertex   -3.423850e+01 -2.937437e+01 -1.617413e+02
    endloop
  endfacet
  facet normal -5.419085e-01 -4.533548e-01 -7.076755e-01
    outer loop
      vertex   -2.896708e+01 -2.558458e+01 -1.682058e+02
      vertex   -3.423850e+01 -2.937437e+01 -1.617413e+02
      vertex   -3.210040e+01 -2.567424e+01 -1.657489e+02
    endloop
  endfacet
  facet normal -5.448947e-01 -4.508668e-01 -7.069716e-01
    outer loop
      vertex   -3.210040e+01 -2.567424e+01 -1.657489e+02
      vertex   -3.423850e+01 -2.937437e+01 -1.617413e+02
      vertex   -3.273417e+01 -2.616227e+01 -1.649492e+02
    endloop
  endfacet
  facet normal -5.471461e-01 -4.491603e-01 -7.063187e-01
    outer loop
      vertex   -3.273417e+01 -2.616227e+01 -1.649492e+02
      vertex   -3.423850e+01 -2.937437e+01 -1.617413e+02
      vertex   -3.345575e+01 -2.657525e+01 -1.641276e+02
    endloop
  endfacet
  facet normal -5.495196e-01 -4.477101e-01 -7.053962e-01
    outer loop
      vertex   -3.345575e+01 -2.657525e+01 -1.641276e+02
      vertex   -3.423850e+01 -2.937437e+01 -1.617413e+02
      vertex   -3.425389e+01 -2.689475e+01 -1.633031e+02
    endloop
  endfacet
  facet normal -5.520751e-01 -4.468227e-01 -7.039621e-01
    outer loop
      vertex   -3.425389e+01 -2.689475e+01 -1.633031e+02
      vertex   -3.423850e+01 -2.937437e+01 -1.617413e+02
      vertex   -3.511181e+01 -2.709955e+01 -1.625003e+02
    endloop
  endfacet
  facet normal -5.554506e-01 -4.471593e-01 -7.010871e-01
    outer loop
      vertex   -3.511181e+01 -2.709955e+01 -1.625003e+02
      vertex   -3.423850e+01 -2.937437e+01 -1.617413e+02
      vertex   -3.600778e+01 -2.717661e+01 -1.617413e+02
    endloop
  endfacet
  facet normal -5.421078e-01 -4.527534e-01 -7.079078e-01
    outer loop
      vertex   -3.210040e+01 -2.567424e+01 -1.657489e+02
      vertex   -3.152104e+01 -2.508572e+01 -1.665690e+02
      vertex   -2.896708e+01 -2.558458e+01 -1.682058e+02
    endloop
  endfacet
  facet normal -5.424771e-01 -4.501689e-01 -7.092718e-01
    outer loop
      vertex   -2.896708e+01 -2.558458e+01 -1.682058e+02
      vertex   -3.152104e+01 -2.508572e+01 -1.665690e+02
      vertex   -3.100892e+01 -2.439653e+01 -1.673981e+02
    endloop
  endfacet
  facet normal -5.418289e-01 -4.476263e-01 -7.113734e-01
    outer loop
      vertex   -2.896708e+01 -2.558458e+01 -1.682058e+02
      vertex   -3.100892e+01 -2.439653e+01 -1.673981e+02
      vertex   -3.059110e+01 -2.361879e+01 -1.682058e+02
    endloop
  endfacet
  facet normal -6.612401e-01 -2.670019e-01 -7.010503e-01
    outer loop
      vertex   -4.127947e+01 -1.819708e+01 -1.617413e+02
      vertex   -4.234106e+01 -1.556803e+01 -1.617413e+02
      vertex   -4.077552e+01 -1.745228e+01 -1.625003e+02
    endloop
  endfacet
  facet normal -6.592888e-01 -2.642180e-01 -7.039369e-01
    outer loop
      vertex   -4.077552e+01 -1.745228e+01 -1.625003e+02
      vertex   -4.234106e+01 -1.556803e+01 -1.617413e+02
      vertex   -4.017857e+01 -1.680295e+01 -1.633031e+02
    endloop
  endfacet
  facet normal -6.588090e-01 -2.615525e-01 -7.053801e-01
    outer loop
      vertex   -4.017857e+01 -1.680295e+01 -1.633031e+02
      vertex   -4.234106e+01 -1.556803e+01 -1.617413e+02
      vertex   -3.951060e+01 -1.626173e+01 -1.641276e+02
    endloop
  endfacet
  facet normal -6.589112e-01 -2.587706e-01 -7.063100e-01
    outer loop
      vertex   -3.951060e+01 -1.626173e+01 -1.641276e+02
      vertex   -4.234106e+01 -1.556803e+01 -1.617413e+02
      vertex   -3.879831e+01 -1.583292e+01 -1.649492e+02
    endloop
  endfacet
  facet normal -6.597184e-01 -2.528829e-01 -7.076877e-01
    outer loop
      vertex   -3.879831e+01 -1.583292e+01 -1.649492e+02
      vertex   -4.234106e+01 -1.556803e+01 -1.617413e+02
      vertex   -3.645735e+01 -1.282672e+01 -1.682058e+02
    endloop
  endfacet
  facet normal -6.614722e-01 -2.506167e-01 -7.068563e-01
    outer loop
      vertex   -3.879831e+01 -1.583292e+01 -1.649492e+02
      vertex   -3.645735e+01 -1.282672e+01 -1.682058e+02
      vertex   -3.806329e+01 -1.551737e+01 -1.657489e+02
    endloop
  endfacet
  facet normal -6.595425e-01 -2.527278e-01 -7.079070e-01
    outer loop
      vertex   -3.806329e+01 -1.551737e+01 -1.657489e+02
      vertex   -3.645735e+01 -1.282672e+01 -1.682058e+02
      vertex   -3.726704e+01 -1.529829e+01 -1.665690e+02
    endloop
  endfacet
  facet normal -6.574667e-01 -2.543103e-01 -7.092699e-01
    outer loop
      vertex   -3.726704e+01 -1.529829e+01 -1.665690e+02
      vertex   -3.645735e+01 -1.282672e+01 -1.682058e+02
      vertex   -3.641564e+01 -1.518700e+01 -1.673981e+02
    endloop
  endfacet
  facet normal -6.549318e-01 -2.549842e-01 -7.113701e-01
    outer loop
      vertex   -3.641564e+01 -1.518700e+01 -1.673981e+02
      vertex   -3.645735e+01 -1.282672e+01 -1.682058e+02
      vertex   -3.553289e+01 -1.520120e+01 -1.682058e+02
    endloop
  endfacet
  facet normal -6.718618e-01 -2.233260e-01 -7.062062e-01
    outer loop
      vertex   -4.234106e+01 -1.556803e+01 -1.617413e+02
      vertex   -4.323539e+01 -1.287747e+01 -1.617413e+02
      vertex   -3.645735e+01 -1.282672e+01 -1.682058e+02
    endloop
  endfacet
  facet normal -6.736018e-01 -2.123105e-01 -7.079441e-01
    outer loop
      vertex   -3.645735e+01 -1.282672e+01 -1.682058e+02
      vertex   -4.323539e+01 -1.287747e+01 -1.617413e+02
      vertex   -3.722333e+01 -1.039647e+01 -1.682058e+02
    endloop
  endfacet
  facet normal -6.846639e-01 -1.807059e-01 -7.061025e-01
    outer loop
      vertex   -3.722333e+01 -1.039647e+01 -1.682058e+02
      vertex   -4.323539e+01 -1.287747e+01 -1.617413e+02
      vertex   -4.395895e+01 -1.013605e+01 -1.617413e+02
    endloop
  endfacet
  facet normal -6.860223e-01 -1.674362e-01 -7.080526e-01
    outer loop
      vertex   -3.722333e+01 -1.039647e+01 -1.682058e+02
      vertex   -4.395895e+01 -1.013605e+01 -1.617413e+02
      vertex   -3.782750e+01 -7.921042e+00 -1.682058e+02
    endloop
  endfacet
  facet normal -6.947451e-01 -1.373555e-01 -7.060190e-01
    outer loop
      vertex   -3.782750e+01 -7.921042e+00 -1.682058e+02
      vertex   -4.395895e+01 -1.013605e+01 -1.617413e+02
      vertex   -4.450886e+01 -7.354597e+00 -1.617413e+02
    endloop
  endfacet
  facet normal -6.954806e-01 -1.218520e-01 -7.081376e-01
    outer loop
      vertex   -3.782750e+01 -7.921042e+00 -1.682058e+02
      vertex   -4.450886e+01 -7.354597e+00 -1.617413e+02
      vertex   -3.826724e+01 -5.411178e+00 -1.682058e+02
    endloop
  endfacet
  facet normal -7.020640e-01 -9.344971e-02 -7.059555e-01
    outer loop
      vertex   -3.826724e+01 -5.411178e+00 -1.682058e+02
      vertex   -4.450886e+01 -7.354597e+00 -1.617413e+02
      vertex   -4.488296e+01 -4.544088e+00 -1.617413e+02
    endloop
  endfacet
  facet normal -7.019369e-01 -7.575177e-02 -7.081993e-01
    outer loop
      vertex   -3.826724e+01 -5.411178e+00 -1.682058e+02
      vertex   -4.488296e+01 -4.544088e+00 -1.617413e+02
      vertex   -3.854064e+01 -2.877791e+00 -1.682058e+02
    endloop
  endfacet
  facet normal -7.065908e-01 -4.916547e-02 -7.059123e-01
    outer loop
      vertex   -3.854064e+01 -2.877791e+00 -1.682058e+02
      vertex   -4.488296e+01 -4.544088e+00 -1.617413e+02
      vertex   -4.507976e+01 -1.715630e+00 -1.617413e+02
    endloop
  endfacet
  facet normal -7.053646e-01 -2.933130e-02 -7.082376e-01
    outer loop
      vertex   -3.854064e+01 -2.877791e+00 -1.682058e+02
      vertex   -4.507976e+01 -1.715630e+00 -1.617413e+02
      vertex   -3.864651e+01 -3.318953e-01 -1.682058e+02
    endloop
  endfacet
  facet normal -7.083068e-01 -4.681489e-03 -7.058892e-01
    outer loop
      vertex   -3.864651e+01 -3.318953e-01 -1.682058e+02
      vertex   -4.507976e+01 -1.715630e+00 -1.617413e+02
      vertex   -4.509850e+01 1.119605e+00 -1.617413e+02
    endloop
  endfacet
  facet normal -7.057493e-01 1.721219e-02 -7.082526e-01
    outer loop
      vertex   -3.864651e+01 -3.318953e-01 -1.682058e+02
      vertex   -4.509850e+01 1.119605e+00 -1.617413e+02
      vertex   -3.858438e+01 2.215443e+00 -1.682058e+02
    endloop
  endfacet
  facet normal -7.072048e-01 3.982274e-02 -7.058864e-01
    outer loop
      vertex   -3.858438e+01 2.215443e+00 -1.682058e+02
      vertex   -4.509850e+01 1.119605e+00 -1.617413e+02
      vertex   -4.493910e+01 3.950417e+00 -1.617413e+02
    endloop
  endfacet
  facet normal -7.030895e-01 6.368099e-02 -7.082442e-01
    outer loop
      vertex   -3.858438e+01 2.215443e+00 -1.682058e+02
      vertex   -4.493910e+01 3.950417e+00 -1.617413e+02
      vertex   -3.835453e+01 4.753152e+00 -1.682058e+02
    endloop
  endfacet
  facet normal -7.032892e-01 8.416763e-02 -7.059037e-01
    outer loop
      vertex   -3.835453e+01 4.753152e+00 -1.682058e+02
      vertex   -4.493910e+01 3.950417e+00 -1.617413e+02
      vertex   -4.460218e+01 6.765625e+00 -1.617413e+02
    endloop
  endfacet
  facet normal -6.973965e-01 1.098777e-01 -7.082125e-01
    outer loop
      vertex   -3.835453e+01 4.753152e+00 -1.682058e+02
      vertex   -4.460218e+01 6.765625e+00 -1.617413e+02
      vertex   -3.795796e+01 7.270199e+00 -1.682058e+02
    endloop
  endfacet
  facet normal -6.965762e-01 1.281743e-01 -7.059412e-01
    outer loop
      vertex   -3.795796e+01 7.270199e+00 -1.682058e+02
      vertex   -4.460218e+01 6.765625e+00 -1.617413e+02
      vertex   -4.408909e+01 9.554108e+00 -1.617413e+02
    endloop
  endfacet
  facet normal -6.886942e-01 1.556061e-01 -7.081575e-01
    outer loop
      vertex   -3.795796e+01 7.270199e+00 -1.682058e+02
      vertex   -4.408909e+01 9.554108e+00 -1.617413e+02
      vertex   -3.739639e+01 9.755643e+00 -1.682058e+02
    endloop
  endfacet
  facet normal -6.870929e-01 1.716651e-01 -7.059989e-01
    outer loop
      vertex   -3.739639e+01 9.755643e+00 -1.682058e+02
      vertex   -4.408909e+01 9.554108e+00 -1.617413e+02
      vertex   -4.340183e+01 1.230485e+01 -1.617413e+02
    endloop
  endfacet
  facet normal -6.770191e-01 2.006719e-01 -7.080791e-01
    outer loop
      vertex   -3.739639e+01 9.755643e+00 -1.682058e+02
      vertex   -4.340183e+01 1.230485e+01 -1.617413e+02
      vertex   -3.667226e+01 1.219868e+01 -1.682058e+02
    endloop
  endfacet
  facet normal -6.748781e-01 2.144647e-01 -7.060768e-01
    outer loop
      vertex   -3.667226e+01 1.219868e+01 -1.682058e+02
      vertex   -4.340183e+01 1.230485e+01 -1.617413e+02
      vertex   -4.254314e+01 1.500699e+01 -1.617413e+02
    endloop
  endfacet
  facet normal -6.637805e-01 2.416576e-01 -7.078114e-01
    outer loop
      vertex   -3.667226e+01 1.219868e+01 -1.682058e+02
      vertex   -4.254314e+01 1.500699e+01 -1.617413e+02
      vertex   -3.830669e+01 1.492375e+01 -1.657426e+02
    endloop
  endfacet
  facet normal -6.628070e-01 2.469652e-01 -7.068911e-01
    outer loop
      vertex   -3.830669e+01 1.492375e+01 -1.657426e+02
      vertex   -4.254314e+01 1.500699e+01 -1.617413e+02
      vertex   -3.904303e+01 1.524690e+01 -1.649393e+02
    endloop
  endfacet
  facet normal -6.624202e-01 2.498077e-01 -7.062546e-01
    outer loop
      vertex   -3.904303e+01 1.524690e+01 -1.649393e+02
      vertex   -4.254314e+01 1.500699e+01 -1.617413e+02
      vertex   -3.975783e+01 1.568514e+01 -1.641139e+02
    endloop
  endfacet
  facet normal -6.623267e-01 2.526257e-01 -7.053393e-01
    outer loop
      vertex   -3.975783e+01 1.568514e+01 -1.641139e+02
      vertex   -4.254314e+01 1.500699e+01 -1.617413e+02
      vertex   -4.042510e+01 1.623643e+01 -1.632898e+02
    endloop
  endfacet
  facet normal -6.628495e-01 2.554095e-01 -7.038441e-01
    outer loop
      vertex   -4.042510e+01 1.623643e+01 -1.632898e+02
      vertex   -4.254314e+01 1.500699e+01 -1.617413e+02
      vertex   -4.101848e+01 1.689592e+01 -1.624917e+02
    endloop
  endfacet
  facet normal -6.649647e-01 2.583365e-01 -7.007740e-01
    outer loop
      vertex   -4.101848e+01 1.689592e+01 -1.624917e+02
      vertex   -4.254314e+01 1.500699e+01 -1.617413e+02
      vertex   -4.151640e+01 1.764985e+01 -1.617413e+02
    endloop
  endfacet
  facet normal -6.639031e-01 2.415220e-01 -7.077428e-01
    outer loop
      vertex   -3.830669e+01 1.492375e+01 -1.657426e+02
      vertex   -3.751703e+01 1.470014e+01 -1.665597e+02
      vertex   -3.667226e+01 1.219868e+01 -1.682058e+02
    endloop
  endfacet
  facet normal -6.618792e-01 2.430972e-01 -7.090978e-01
    outer loop
      vertex   -3.667226e+01 1.219868e+01 -1.682058e+02
      vertex   -3.751703e+01 1.470014e+01 -1.665597e+02
      vertex   -3.666966e+01 1.458239e+01 -1.673910e+02
    endloop
  endfacet
  facet normal -6.594513e-01 2.437859e-01 -7.111205e-01
    outer loop
      vertex   -3.667226e+01 1.219868e+01 -1.682058e+02
      vertex   -3.666966e+01 1.458239e+01 -1.673910e+02
      vertex   -3.578872e+01 1.458869e+01 -1.682058e+02
    endloop
  endfacet
  facet normal -5.630942e-01 4.379742e-01 -7.007878e-01
    outer loop
      vertex   -3.646053e+01 2.656611e+01 -1.617413e+02
      vertex   -3.472283e+01 2.880024e+01 -1.617413e+02
      vertex   -3.555792e+01 2.652589e+01 -1.624917e+02
    endloop
  endfacet
  facet normal -5.594988e-01 4.376656e-01 -7.038537e-01
    outer loop
      vertex   -3.555792e+01 2.652589e+01 -1.624917e+02
      vertex   -3.472283e+01 2.880024e+01 -1.617413e+02
      vertex   -3.468733e+01 2.635526e+01 -1.632898e+02
    endloop
  endfacet
  facet normal -5.568436e-01 4.386490e-01 -7.053455e-01
    outer loop
      vertex   -3.468733e+01 2.635526e+01 -1.632898e+02
      vertex   -3.472283e+01 2.880024e+01 -1.617413e+02
      vertex   -3.387167e+01 2.606566e+01 -1.641139e+02
    endloop
  endfacet
  facet normal -5.544755e-01 4.401778e-01 -7.062581e-01
    outer loop
      vertex   -3.387167e+01 2.606566e+01 -1.641139e+02
      vertex   -3.472283e+01 2.880024e+01 -1.617413e+02
      vertex   -3.312862e+01 2.567725e+01 -1.649393e+02
    endloop
  endfacet
  facet normal -5.522375e-01 4.419696e-01 -7.068922e-01
    outer loop
      vertex   -3.312862e+01 2.567725e+01 -1.649393e+02
      vertex   -3.472283e+01 2.880024e+01 -1.617413e+02
      vertex   -3.247327e+01 2.521126e+01 -1.657426e+02
    endloop
  endfacet
  facet normal -5.486085e-01 4.451613e-01 -7.077147e-01
    outer loop
      vertex   -3.247327e+01 2.521126e+01 -1.657426e+02
      vertex   -3.472283e+01 2.880024e+01 -1.617413e+02
      vertex   -3.187597e+01 2.464840e+01 -1.665597e+02
    endloop
  endfacet
  facet normal -5.198149e-01 4.708294e-01 -7.128198e-01
    outer loop
      vertex   -3.187597e+01 2.464840e+01 -1.665597e+02
      vertex   -3.472283e+01 2.880024e+01 -1.617413e+02
      vertex   -3.133989e+01 2.398168e+01 -1.673910e+02
    endloop
  endfacet
  facet normal -5.482136e-01 4.452208e-01 -7.079832e-01
    outer loop
      vertex   -3.133989e+01 2.398168e+01 -1.673910e+02
      vertex   -3.472283e+01 2.880024e+01 -1.617413e+02
      vertex   -2.923322e+01 2.528006e+01 -1.682058e+02
    endloop
  endfacet
  facet normal -5.470893e-01 4.413250e-01 -7.112844e-01
    outer loop
      vertex   -3.133989e+01 2.398168e+01 -1.673910e+02
      vertex   -2.923322e+01 2.528006e+01 -1.682058e+02
      vertex   -3.089303e+01 2.322247e+01 -1.682058e+02
    endloop
  endfacet
  facet normal -5.306463e-01 4.689988e-01 -7.060132e-01
    outer loop
      vertex   -3.472283e+01 2.880024e+01 -1.617413e+02
      vertex   -3.284845e+01 3.092099e+01 -1.617413e+02
      vertex   -2.923322e+01 2.528006e+01 -1.682058e+02
    endloop
  endfacet
  facet normal -5.178733e-01 4.797623e-01 -7.082622e-01
    outer loop
      vertex   -2.923322e+01 2.528006e+01 -1.682058e+02
      vertex   -3.284845e+01 3.092099e+01 -1.617413e+02
      vertex   -2.743662e+01 2.721937e+01 -1.682058e+02
    endloop
  endfacet
  facet normal -5.002588e-01 5.014198e-01 -7.059173e-01
    outer loop
      vertex   -2.743662e+01 2.721937e+01 -1.682058e+02
      vertex   -3.284845e+01 3.092099e+01 -1.617413e+02
      vertex   -3.084477e+01 3.292003e+01 -1.617413e+02
    endloop
  endfacet
  facet normal -4.838149e-01 5.139908e-01 -7.083336e-01
    outer loop
      vertex   -2.743662e+01 2.721937e+01 -1.682058e+02
      vertex   -3.084477e+01 3.292003e+01 -1.617413e+02
      vertex   -2.551166e+01 2.903133e+01 -1.682058e+02
    endloop
  endfacet
  facet normal -4.678489e-01 5.318244e-01 -7.058897e-01
    outer loop
      vertex   -2.551166e+01 2.903133e+01 -1.682058e+02
      vertex   -3.084477e+01 3.292003e+01 -1.617413e+02
      vertex   -2.871967e+01 3.478949e+01 -1.617413e+02
    endloop
  endfacet
  facet normal -4.475502e-01 5.458688e-01 -7.083262e-01
    outer loop
      vertex   -2.551166e+01 2.903133e+01 -1.682058e+02
      vertex   -2.871967e+01 3.478949e+01 -1.617413e+02
      vertex   -2.346733e+01 3.070745e+01 -1.682058e+02
    endloop
  endfacet
  facet normal -4.335531e-01 5.600842e-01 -7.059301e-01
    outer loop
      vertex   -2.346733e+01 3.070745e+01 -1.682058e+02
      vertex   -2.871967e+01 3.478949e+01 -1.617413e+02
      vertex   -2.648153e+01 3.652201e+01 -1.617413e+02
    endloop
  endfacet
  facet normal -4.092364e-01 5.752578e-01 -7.082401e-01
    outer loop
      vertex   -2.346733e+01 3.070745e+01 -1.682058e+02
      vertex   -2.648153e+01 3.652201e+01 -1.617413e+02
      vertex   -2.131319e+01 3.223989e+01 -1.682058e+02
    endloop
  endfacet
  facet normal -3.975166e-01 5.860800e-01 -7.060388e-01
    outer loop
      vertex   -2.131319e+01 3.223989e+01 -1.682058e+02
      vertex   -2.648153e+01 3.652201e+01 -1.617413e+02
      vertex   -2.413915e+01 3.811076e+01 -1.617413e+02
    endloop
  endfacet
  facet normal -3.690396e-01 6.020296e-01 -7.080750e-01
    outer loop
      vertex   -2.131319e+01 3.223989e+01 -1.682058e+02
      vertex   -2.413915e+01 3.811076e+01 -1.617413e+02
      vertex   -1.905934e+01 3.362149e+01 -1.682058e+02
    endloop
  endfacet
  facet normal -3.598921e-01 6.097027e-01 -7.062155e-01
    outer loop
      vertex   -1.905934e+01 3.362149e+01 -1.682058e+02
      vertex   -2.413915e+01 3.811076e+01 -1.617413e+02
      vertex   -2.170174e+01 3.954950e+01 -1.617413e+02
    endloop
  endfacet
  facet normal -3.271334e-01 6.260664e-01 -7.078309e-01
    outer loop
      vertex   -1.905934e+01 3.362149e+01 -1.682058e+02
      vertex   -2.170174e+01 3.954950e+01 -1.617413e+02
      vertex   -1.671631e+01 3.484577e+01 -1.682058e+02
    endloop
  endfacet
  facet normal -3.208392e-01 6.308537e-01 -7.064601e-01
    outer loop
      vertex   -1.671631e+01 3.484577e+01 -1.682058e+02
      vertex   -2.170174e+01 3.954950e+01 -1.617413e+02
      vertex   -1.917891e+01 4.083256e+01 -1.617413e+02
    endloop
  endfacet
  facet normal -2.836988e-01 6.472620e-01 -7.075075e-01
    outer loop
      vertex   -1.671631e+01 3.484577e+01 -1.682058e+02
      vertex   -1.917891e+01 4.083256e+01 -1.617413e+02
      vertex   -1.429506e+01 3.590702e+01 -1.682058e+02
    endloop
  endfacet
  facet normal -2.805237e-01 6.494454e-01 -7.067723e-01
    outer loop
      vertex   -1.429506e+01 3.590702e+01 -1.682058e+02
      vertex   -1.917891e+01 4.083256e+01 -1.617413e+02
      vertex   -1.658059e+01 4.195489e+01 -1.617413e+02
    endloop
  endfacet
  facet normal -2.391326e-01 6.654444e-01 -7.071064e-01
    outer loop
      vertex   -1.429506e+01 3.590702e+01 -1.682058e+02
      vertex   -1.658059e+01 4.195489e+01 -1.617413e+02
      vertex   -1.391700e+01 4.291207e+01 -1.617413e+02
    endloop
  endfacet
  facet normal -2.389065e-01 6.654756e-01 -7.071534e-01
    outer loop
      vertex   -1.429506e+01 3.590702e+01 -1.682058e+02
      vertex   -1.391700e+01 4.291207e+01 -1.617413e+02
      vertex   -1.180693e+01 3.680026e+01 -1.682058e+02
    endloop
  endfacet
  facet normal -1.970360e-01 6.794877e-01 -7.067342e-01
    outer loop
      vertex   -1.180693e+01 3.680026e+01 -1.682058e+02
      vertex   -1.391700e+01 4.291207e+01 -1.617413e+02
      vertex   -1.119863e+01 4.370033e+01 -1.617413e+02
    endloop
  endfacet
  facet normal -1.927465e-01 6.798715e-01 -7.075475e-01
    outer loop
      vertex   -1.180693e+01 3.680026e+01 -1.682058e+02
      vertex   -1.119863e+01 4.370033e+01 -1.617413e+02
      vertex   -9.263557e+00 3.752132e+01 -1.682058e+02
    endloop
  endfacet
  facet normal -1.541044e-01 6.908034e-01 -7.064294e-01
    outer loop
      vertex   -9.263557e+00 3.752132e+01 -1.682058e+02
      vertex   -1.119863e+01 4.370033e+01 -1.617413e+02
      vertex   -8.436179e+00 4.431658e+01 -1.617413e+02
    endloop
  endfacet
  facet normal -1.457530e-01 6.911493e-01 -7.078620e-01
    outer loop
      vertex   -9.263557e+00 3.752132e+01 -1.682058e+02
      vertex   -8.436179e+00 4.431658e+01 -1.617413e+02
      vertex   -6.676841e+00 3.806682e+01 -1.682058e+02
    endloop
  endfacet
  facet normal -1.105183e-01 6.993411e-01 -7.061924e-01
    outer loop
      vertex   -6.676841e+00 3.806682e+01 -1.682058e+02
      vertex   -8.436179e+00 4.431658e+01 -1.617413e+02
      vertex   -5.640520e+00 4.475838e+01 -1.617413e+02
    endloop
  endfacet
  facet normal -9.813065e-02 6.992629e-01 -7.080973e-01
    outer loop
      vertex   -6.676841e+00 3.806682e+01 -1.682058e+02
      vertex   -5.640520e+00 4.475838e+01 -1.617413e+02
      vertex   -4.058885e+00 3.843420e+01 -1.682058e+02
    endloop
  endfacet
  facet normal -6.646153e-02 7.050631e-01 -7.060233e-01
    outer loop
      vertex   -4.058885e+00 3.843420e+01 -1.682058e+02
      vertex   -5.640520e+00 4.475838e+01 -1.617413e+02
      vertex   -2.822658e+00 4.502401e+01 -1.617413e+02
    endloop
  endfacet
  facet normal -5.008671e-02 7.041791e-01 -7.082536e-01
    outer loop
      vertex   -4.058885e+00 3.843420e+01 -1.682058e+02
      vertex   -2.822658e+00 4.502401e+01 -1.617413e+02
      vertex   -1.421937e+00 3.862177e+01 -1.682058e+02
    endloop
  endfacet
  facet normal -2.211995e-02 7.079438e-01 -7.059223e-01
    outer loop
      vertex   -1.421937e+00 3.862177e+01 -1.682058e+02
      vertex   -2.822658e+00 4.502401e+01 -1.617413e+02
      vertex   6.315020e-03 4.511240e+01 -1.617413e+02
    endloop
  endfacet
  facet normal -1.830011e-03 7.058781e-01 -7.083310e-01
    outer loop
      vertex   -1.421937e+00 3.862177e+01 -1.682058e+02
      vertex   6.315020e-03 4.511240e+01 -1.617413e+02
      vertex   1.221663e+00 3.862862e+01 -1.682058e+02
    endloop
  endfacet
  facet normal 2.231918e-02 7.079704e-01 -7.058894e-01
    outer loop
      vertex   1.221663e+00 3.862862e+01 -1.682058e+02
      vertex   6.315020e-03 4.511240e+01 -1.617413e+02
      vertex   2.835263e+00 4.502321e+01 -1.617413e+02
    endloop
  endfacet
  facet normal 4.642984e-02 7.043532e-01 -7.083296e-01
    outer loop
      vertex   1.221663e+00 3.862862e+01 -1.682058e+02
      vertex   2.835263e+00 4.502321e+01 -1.617413e+02
      vertex   3.859548e+00 3.845473e+01 -1.682058e+02
    endloop
  endfacet
  facet normal 6.666817e-02 7.051423e-01 -7.059247e-01
    outer loop
      vertex   3.859548e+00 3.845473e+01 -1.682058e+02
      vertex   2.835263e+00 4.502321e+01 -1.617413e+02
      vertex   5.653051e+00 4.475680e+01 -1.617413e+02
    endloop
  endfacet
  facet normal 9.448321e-02 6.996111e-01 -7.082494e-01
    outer loop
      vertex   3.859548e+00 3.845473e+01 -1.682058e+02
      vertex   5.653051e+00 4.475680e+01 -1.617413e+02
      vertex   6.479374e+00 3.810092e+01 -1.682058e+02
    endloop
  endfacet
  facet normal 1.107397e-01 6.994720e-01 -7.060281e-01
    outer loop
      vertex   6.479374e+00 3.810092e+01 -1.682058e+02
      vertex   5.653051e+00 4.475680e+01 -1.617413e+02
      vertex   8.448586e+00 4.431422e+01 -1.617413e+02
    endloop
  endfacet
  facet normal 1.421213e-01 6.916716e-01 -7.080903e-01
    outer loop
      vertex   6.479374e+00 3.810092e+01 -1.682058e+02
      vertex   8.448586e+00 4.431422e+01 -1.617413e+02
      vertex   9.068884e+00 3.756884e+01 -1.682058e+02
    endloop
  endfacet
  facet normal 1.543478e-01 6.909840e-01 -7.061996e-01
    outer loop
      vertex   9.068884e+00 3.756884e+01 -1.682058e+02
      vertex   8.448586e+00 4.431422e+01 -1.617413e+02
      vertex   1.121087e+01 4.369720e+01 -1.617413e+02
    endloop
  endfacet
  facet normal 1.891370e-01 6.805677e-01 -7.078523e-01
    outer loop
      vertex   9.068884e+00 3.756884e+01 -1.682058e+02
      vertex   1.121087e+01 4.369720e+01 -1.617413e+02
      vertex   1.161596e+01 3.686098e+01 -1.682058e+02
    endloop
  endfacet
  facet normal 1.973084e-01 6.797156e-01 -7.064391e-01
    outer loop
      vertex   1.161596e+01 3.686098e+01 -1.682058e+02
      vertex   1.121087e+01 4.369720e+01 -1.617413e+02
      vertex   1.392902e+01 4.290817e+01 -1.617413e+02
    endloop
  endfacet
  facet normal 2.353256e-01 6.663454e-01 -7.075349e-01
    outer loop
      vertex   1.161596e+01 3.686098e+01 -1.682058e+02
      vertex   1.392902e+01 4.290817e+01 -1.617413e+02
      vertex   1.410869e+01 3.598065e+01 -1.682058e+02
    endloop
  endfacet
  facet normal 2.394407e-01 6.657161e-01 -7.067462e-01
    outer loop
      vertex   1.410869e+01 3.598065e+01 -1.682058e+02
      vertex   1.392902e+01 4.290817e+01 -1.617413e+02
      vertex   1.659234e+01 4.195024e+01 -1.617413e+02
    endloop
  endfacet
  facet normal 2.804856e-01 6.490637e-01 -7.071380e-01
    outer loop
      vertex   1.410869e+01 3.598065e+01 -1.682058e+02
      vertex   1.659234e+01 4.195024e+01 -1.617413e+02
      vertex   1.653540e+01 3.493198e+01 -1.682058e+02
    endloop
  endfacet
  facet normal 2.805674e-01 6.490471e-01 -7.071207e-01
    outer loop
      vertex   1.653540e+01 3.493198e+01 -1.682058e+02
      vertex   1.659234e+01 4.195024e+01 -1.617413e+02
      vertex   1.919034e+01 4.082719e+01 -1.617413e+02
    endloop
  endfacet
  facet normal 3.208799e-01 6.304968e-01 -7.067602e-01
    outer loop
      vertex   1.653540e+01 3.493198e+01 -1.682058e+02
      vertex   1.919034e+01 4.082719e+01 -1.617413e+02
      vertex   2.171281e+01 3.954342e+01 -1.617413e+02
    endloop
  endfacet
  facet normal 3.240255e-01 6.280307e-01 -7.075203e-01
    outer loop
      vertex   1.653540e+01 3.493198e+01 -1.682058e+02
      vertex   2.171281e+01 3.954342e+01 -1.617413e+02
      vertex   1.888475e+01 3.371986e+01 -1.682058e+02
    endloop
  endfacet
  facet normal 3.599436e-01 6.094002e-01 -7.064503e-01
    outer loop
      vertex   1.888475e+01 3.371986e+01 -1.682058e+02
      vertex   2.171281e+01 3.954342e+01 -1.617413e+02
      vertex   2.414981e+01 3.810400e+01 -1.617413e+02
    endloop
  endfacet
  facet normal 3.660347e-01 6.041357e-01 -7.078409e-01
    outer loop
      vertex   1.888475e+01 3.371986e+01 -1.682058e+02
      vertex   2.414981e+01 3.810400e+01 -1.617413e+02
      vertex   2.114574e+01 3.234997e+01 -1.682058e+02
    endloop
  endfacet
  facet normal 3.975859e-01 5.858290e-01 -7.062081e-01
    outer loop
      vertex   2.114574e+01 3.234997e+01 -1.682058e+02
      vertex   2.414981e+01 3.810400e+01 -1.617413e+02
      vertex   2.649175e+01 3.651459e+01 -1.617413e+02
    endloop
  endfacet
  facet normal 4.063393e-01 5.775015e-01 -7.080822e-01
    outer loop
      vertex   2.114574e+01 3.234997e+01 -1.682058e+02
      vertex   2.649175e+01 3.651459e+01 -1.617413e+02
      vertex   2.330779e+01 3.082871e+01 -1.682058e+02
    endloop
  endfacet
  facet normal 4.336466e-01 5.598811e-01 -7.060338e-01
    outer loop
      vertex   2.330779e+01 3.082871e+01 -1.682058e+02
      vertex   2.649175e+01 3.651459e+01 -1.617413e+02
      vertex   2.872941e+01 3.478145e+01 -1.617413e+02
    endloop
  endfacet
  facet normal 4.447655e-01 5.482458e-01 -7.082445e-01
    outer loop
      vertex   2.330779e+01 3.082871e+01 -1.682058e+02
      vertex   2.872941e+01 3.478145e+01 -1.617413e+02
      vertex   2.536079e+01 2.916322e+01 -1.682058e+02
    endloop
  endfacet
  facet normal 4.679728e-01 5.316651e-01 -7.059275e-01
    outer loop
      vertex   2.536079e+01 2.916322e+01 -1.682058e+02
      vertex   2.872941e+01 3.478145e+01 -1.617413e+02
      vertex   3.085398e+01 3.291140e+01 -1.617413e+02
    endloop
  endfacet
  facet normal 4.811473e-01 5.164967e-01 -7.083279e-01
    outer loop
      vertex   2.536079e+01 2.916322e+01 -1.682058e+02
      vertex   3.085398e+01 3.291140e+01 -1.617413e+02
      vertex   2.729512e+01 2.736127e+01 -1.682058e+02
    endloop
  endfacet
  facet normal 5.004188e-01 5.012994e-01 -7.058895e-01
    outer loop
      vertex   2.729512e+01 2.736127e+01 -1.682058e+02
      vertex   3.085398e+01 3.291140e+01 -1.617413e+02
      vertex   3.285711e+01 3.091180e+01 -1.617413e+02
    endloop
  endfacet
  facet normal 5.153273e-01 4.823929e-01 -7.083325e-01
    outer loop
      vertex   2.729512e+01 2.736127e+01 -1.682058e+02
      vertex   3.285711e+01 3.091180e+01 -1.617413e+02
      vertex   2.910175e+01 2.543130e+01 -1.682058e+02
    endloop
  endfacet
  facet normal 5.308475e-01 4.689120e-01 -7.059196e-01
    outer loop
      vertex   2.910175e+01 2.543130e+01 -1.682058e+02
      vertex   3.285711e+01 3.091180e+01 -1.617413e+02
      vertex   3.473089e+01 2.879051e+01 -1.617413e+02
    endloop
  endfacet
  facet normal 5.458784e-01 4.479071e-01 -7.080932e-01
    outer loop
      vertex   2.910175e+01 2.543130e+01 -1.682058e+02
      vertex   3.473089e+01 2.879051e+01 -1.617413e+02
      vertex   3.240108e+01 2.531518e+01 -1.657357e+02
    endloop
  endfacet
  facet normal 5.520956e-01 4.422702e-01 -7.068151e-01
    outer loop
      vertex   3.240108e+01 2.531518e+01 -1.657357e+02
      vertex   3.473089e+01 2.879051e+01 -1.617413e+02
      vertex   3.307840e+01 2.576774e+01 -1.649235e+02
    endloop
  endfacet
  facet normal 5.543715e-01 4.403878e-01 -7.062088e-01
    outer loop
      vertex   3.307840e+01 2.576774e+01 -1.649235e+02
      vertex   3.473089e+01 2.879051e+01 -1.617413e+02
      vertex   3.384180e+01 2.613825e+01 -1.640932e+02
    endloop
  endfacet
  facet normal 5.567547e-01 4.388015e-01 -7.053208e-01
    outer loop
      vertex   3.384180e+01 2.613825e+01 -1.640932e+02
      vertex   3.473089e+01 2.879051e+01 -1.617413e+02
      vertex   3.467463e+01 2.640406e+01 -1.632704e+02
    endloop
  endfacet
  facet normal 5.596220e-01 4.377124e-01 -7.037266e-01
    outer loop
      vertex   3.467463e+01 2.640406e+01 -1.632704e+02
      vertex   3.473089e+01 2.879051e+01 -1.617413e+02
      vertex   3.555803e+01 2.654667e+01 -1.624792e+02
    endloop
  endfacet
  facet normal 5.635224e-01 4.380541e-01 -7.003935e-01
    outer loop
      vertex   3.555803e+01 2.654667e+01 -1.624792e+02
      vertex   3.473089e+01 2.879051e+01 -1.617413e+02
      vertex   3.646796e+01 2.655591e+01 -1.617413e+02
    endloop
  endfacet
  facet normal 5.454983e-01 4.492721e-01 -7.075212e-01
    outer loop
      vertex   3.240108e+01 2.531518e+01 -1.657357e+02
      vertex   3.179315e+01 2.477409e+01 -1.665480e+02
      vertex   2.910175e+01 2.543130e+01 -1.682058e+02
    endloop
  endfacet
  facet normal 5.457462e-01 4.467585e-01 -7.089202e-01
    outer loop
      vertex   2.910175e+01 2.543130e+01 -1.682058e+02
      vertex   3.179315e+01 2.477409e+01 -1.665480e+02
      vertex   3.124062e+01 2.412607e+01 -1.673817e+02
    endloop
  endfacet
  facet normal 5.450704e-01 4.443814e-01 -7.109314e-01
    outer loop
      vertex   2.910175e+01 2.543130e+01 -1.682058e+02
      vertex   3.124062e+01 2.412607e+01 -1.673817e+02
      vertex   3.077221e+01 2.338234e+01 -1.682058e+02
    endloop
  endfacet
  facet normal 6.638965e-01 2.619794e-01 -7.004344e-01
    outer loop
      vertex   4.142594e+01 1.786112e+01 -1.617413e+02
      vertex   4.245988e+01 1.524096e+01 -1.617413e+02
      vertex   4.095460e+01 1.708273e+01 -1.624792e+02
    endloop
  endfacet
  facet normal 6.616296e-01 2.587964e-01 -7.037547e-01
    outer loop
      vertex   4.095460e+01 1.708273e+01 -1.624792e+02
      vertex   4.245988e+01 1.524096e+01 -1.617413e+02
      vertex   4.038200e+01 1.639508e+01 -1.632704e+02
    endloop
  endfacet
  facet normal 6.611172e-01 2.557745e-01 -7.053393e-01
    outer loop
      vertex   4.038200e+01 1.639508e+01 -1.632704e+02
      vertex   4.245988e+01 1.524096e+01 -1.617413e+02
      vertex   3.972911e+01 1.581370e+01 -1.640932e+02
    endloop
  endfacet
  facet normal 6.612763e-01 2.529177e-01 -7.062197e-01
    outer loop
      vertex   3.972911e+01 1.581370e+01 -1.640932e+02
      vertex   4.245988e+01 1.524096e+01 -1.617413e+02
      vertex   3.902148e+01 1.534540e+01 -1.649235e+02
    endloop
  endfacet
  facet normal 6.617429e-01 2.500055e-01 -7.068194e-01
    outer loop
      vertex   3.902148e+01 1.534540e+01 -1.649235e+02
      vertex   4.245988e+01 1.524096e+01 -1.617413e+02
      vertex   3.828707e+01 1.499295e+01 -1.657357e+02
    endloop
  endfacet
  facet normal 6.632601e-01 2.426799e-01 -7.079495e-01
    outer loop
      vertex   3.828707e+01 1.499295e+01 -1.657357e+02
      vertex   4.245988e+01 1.524096e+01 -1.617413e+02
      vertex   3.666492e+01 1.222073e+01 -1.682058e+02
    endloop
  endfacet
  facet normal 6.640598e-01 2.418093e-01 -7.074976e-01
    outer loop
      vertex   3.828707e+01 1.499295e+01 -1.657357e+02
      vertex   3.666492e+01 1.222073e+01 -1.682058e+02
      vertex   3.751181e+01 1.474531e+01 -1.665480e+02
    endloop
  endfacet
  facet normal 6.621011e-01 2.433289e-01 -7.088111e-01
    outer loop
      vertex   3.751181e+01 1.474531e+01 -1.665480e+02
      vertex   3.666492e+01 1.222073e+01 -1.682058e+02
      vertex   3.667273e+01 1.459980e+01 -1.673817e+02
    endloop
  endfacet
  facet normal 6.597964e-01 2.440000e-01 -7.107269e-01
    outer loop
      vertex   3.667273e+01 1.459980e+01 -1.673817e+02
      vertex   3.666492e+01 1.222073e+01 -1.682058e+02
      vertex   3.579413e+01 1.457543e+01 -1.682058e+02
    endloop
  endfacet
  facet normal 6.737393e-01 2.183462e-01 -7.059747e-01
    outer loop
      vertex   4.245988e+01 1.524096e+01 -1.617413e+02
      vertex   4.332829e+01 1.256137e+01 -1.617413e+02
      vertex   3.666492e+01 1.222073e+01 -1.682058e+02
    endloop
  endfacet
  facet normal 6.767246e-01 2.013853e-01 -7.081580e-01
    outer loop
      vertex   3.666492e+01 1.222073e+01 -1.682058e+02
      vertex   4.332829e+01 1.256137e+01 -1.617413e+02
      vertex   3.738100e+01 9.814464e+00 -1.682058e+02
    endloop
  endfacet
  facet normal 6.860893e-01 1.758826e-01 -7.059368e-01
    outer loop
      vertex   3.738100e+01 9.814464e+00 -1.682058e+02
      vertex   4.332829e+01 1.256137e+01 -1.617413e+02
      vertex   4.402777e+01 9.832814e+00 -1.617413e+02
    endloop
  endfacet
  facet normal 6.883366e-01 1.570158e-01 -7.081940e-01
    outer loop
      vertex   3.738100e+01 9.814464e+00 -1.682058e+02
      vertex   4.402777e+01 9.832814e+00 -1.617413e+02
      vertex   3.793934e+01 7.366784e+00 -1.682058e+02
    endloop
  endfacet
  facet normal 6.957523e-01 1.327262e-01 -7.059125e-01
    outer loop
      vertex   3.793934e+01 7.366784e+00 -1.682058e+02
      vertex   4.402777e+01 9.832814e+00 -1.617413e+02
      vertex   4.455560e+01 7.065920e+00 -1.617413e+02
    endloop
  endfacet
  facet normal 6.970585e-01 1.119908e-01 -7.082143e-01
    outer loop
      vertex   3.793934e+01 7.366784e+00 -1.682058e+02
      vertex   4.455560e+01 7.065920e+00 -1.617413e+02
      vertex   3.833758e+01 4.888017e+00 -1.682058e+02
    endloop
  endfacet
  facet normal 7.026901e-01 8.904767e-02 -7.059016e-01
    outer loop
      vertex   3.833758e+01 4.888017e+00 -1.682058e+02
      vertex   4.455560e+01 7.065920e+00 -1.617413e+02
      vertex   4.490972e+01 4.271479e+00 -1.617413e+02
    endloop
  endfacet
  facet normal 7.028541e-01 6.649732e-02 -7.082191e-01
    outer loop
      vertex   3.833758e+01 4.888017e+00 -1.682058e+02
      vertex   4.490972e+01 4.271479e+00 -1.617413e+02
      vertex   3.857405e+01 2.388624e+00 -1.682058e+02
    endloop
  endfacet
  facet normal 7.068750e-01 4.501977e-02 -7.059043e-01
    outer loop
      vertex   3.857405e+01 2.388624e+00 -1.682058e+02
      vertex   4.490972e+01 4.271479e+00 -1.617413e+02
      vertex   4.508875e+01 1.460384e+00 -1.617413e+02
    endloop
  endfacet
  facet normal 7.056994e-01 2.072431e-02 -7.082082e-01
    outer loop
      vertex   3.857405e+01 2.388624e+00 -1.682058e+02
      vertex   4.508875e+01 1.460384e+00 -1.617413e+02
      vertex   3.864774e+01 -1.208483e-01 -1.682058e+02
    endloop
  endfacet
  facet normal 7.082906e-01 8.166763e-04 -7.059205e-01
    outer loop
      vertex   3.864774e+01 -1.208483e-01 -1.682058e+02
      vertex   4.508875e+01 1.460384e+00 -1.617413e+02
      vertex   4.509200e+01 -1.356404e+00 -1.617413e+02
    endloop
  endfacet
  facet normal 7.055826e-01 -2.513813e-02 -7.081817e-01
    outer loop
      vertex   3.864774e+01 -1.208483e-01 -1.682058e+02
      vertex   4.509200e+01 -1.356404e+00 -1.617413e+02
      vertex   3.855836e+01 -2.629811e+00 -1.682058e+02
    endloop
  endfacet
  facet normal 7.069314e-01 -4.338677e-02 -7.059502e-01
    outer loop
      vertex   3.855836e+01 -2.629811e+00 -1.682058e+02
      vertex   4.509200e+01 -1.356404e+00 -1.617413e+02
      vertex   4.491945e+01 -4.167904e+00 -1.617413e+02
    endloop
  endfacet
  facet normal 7.025038e-01 -7.089952e-02 -7.081395e-01
    outer loop
      vertex   3.855836e+01 -2.629811e+00 -1.682058e+02
      vertex   4.491945e+01 -4.167904e+00 -1.617413e+02
      vertex   3.830626e+01 -5.127676e+00 -1.682058e+02
    endloop
  endfacet
  facet normal 7.028029e-01 -8.741572e-02 -7.059933e-01
    outer loop
      vertex   3.830626e+01 -5.127676e+00 -1.682058e+02
      vertex   4.491945e+01 -4.167904e+00 -1.617413e+02
      vertex   4.457177e+01 -6.963154e+00 -1.617413e+02
    endloop
  endfacet
  facet normal 6.964756e-01 -1.163698e-01 -7.080818e-01
    outer loop
      vertex   3.830626e+01 -5.127676e+00 -1.682058e+02
      vertex   4.457177e+01 -6.963154e+00 -1.617413e+02
      vertex   3.789252e+01 -7.603904e+00 -1.682058e+02
    endloop
  endfacet
  facet normal 6.959219e-01 -1.310960e-01 -7.060500e-01
    outer loop
      vertex   3.789252e+01 -7.603904e+00 -1.682058e+02
      vertex   4.457177e+01 -6.963154e+00 -1.617413e+02
      vertex   4.405032e+01 -9.731258e+00 -1.617413e+02
    endloop
  endfacet
  facet normal 6.875224e-01 -1.613600e-01 -7.080084e-01
    outer loop
      vertex   3.789252e+01 -7.603904e+00 -1.682058e+02
      vertex   4.405032e+01 -9.731258e+00 -1.617413e+02
      vertex   3.731889e+01 -1.004804e+01 -1.682058e+02
    endloop
  endfacet
  facet normal 6.863159e-01 -1.742550e-01 -7.061202e-01
    outer loop
      vertex   3.731889e+01 -1.004804e+01 -1.682058e+02
      vertex   4.405032e+01 -9.731258e+00 -1.617413e+02
      vertex   4.335714e+01 -1.246142e+01 -1.617413e+02
    endloop
  endfacet
  facet normal 6.756809e-01 -2.056831e-01 -7.079194e-01
    outer loop
      vertex   3.731889e+01 -1.004804e+01 -1.682058e+02
      vertex   4.335714e+01 -1.246142e+01 -1.617413e+02
      vertex   3.658778e+01 -1.244979e+01 -1.682058e+02
    endloop
  endfacet
  facet normal 6.740236e-01 -2.167221e-01 -7.062038e-01
    outer loop
      vertex   3.658778e+01 -1.244979e+01 -1.682058e+02
      vertex   4.335714e+01 -1.246142e+01 -1.617413e+02
      vertex   4.249492e+01 -1.514300e+01 -1.617413e+02
    endloop
  endfacet
  facet normal 6.626274e-01 -2.452250e-01 -7.076649e-01
    outer loop
      vertex   3.658778e+01 -1.244979e+01 -1.682058e+02
      vertex   4.249492e+01 -1.514300e+01 -1.617413e+02
      vertex   3.823225e+01 -1.510028e+01 -1.657475e+02
    endloop
  endfacet
  facet normal 6.619194e-01 -2.491574e-01 -7.069536e-01
    outer loop
      vertex   3.823225e+01 -1.510028e+01 -1.657475e+02
      vertex   4.249492e+01 -1.514300e+01 -1.617413e+02
      vertex   3.896971e+01 -1.541185e+01 -1.649472e+02
    endloop
  endfacet
  facet normal 6.615466e-01 -2.519609e-01 -7.063086e-01
    outer loop
      vertex   3.896971e+01 -1.541185e+01 -1.649472e+02
      vertex   4.249492e+01 -1.514300e+01 -1.617413e+02
      vertex   3.968577e+01 -1.583730e+01 -1.641247e+02
    endloop
  endfacet
  facet normal 6.614575e-01 -2.547484e-01 -7.053915e-01
    outer loop
      vertex   3.968577e+01 -1.583730e+01 -1.641247e+02
      vertex   4.249492e+01 -1.514300e+01 -1.617413e+02
      vertex   4.035768e+01 -1.637562e+01 -1.633003e+02
    endloop
  endfacet
  facet normal 6.619537e-01 -2.574311e-01 -7.039506e-01
    outer loop
      vertex   4.035768e+01 -1.637562e+01 -1.633003e+02
      vertex   4.249492e+01 -1.514300e+01 -1.617413e+02
      vertex   4.095875e+01 -1.702261e+01 -1.624984e+02
    endloop
  endfacet
  facet normal 6.639445e-01 -2.602304e-01 -7.010405e-01
    outer loop
      vertex   4.095875e+01 -1.702261e+01 -1.624984e+02
      vertex   4.249492e+01 -1.514300e+01 -1.617413e+02
      vertex   4.146702e+01 -1.776555e+01 -1.617413e+02
    endloop
  endfacet
  facet normal 6.622763e-01 -2.456204e-01 -7.078564e-01
    outer loop
      vertex   3.823225e+01 -1.510028e+01 -1.657475e+02
      vertex   3.743581e+01 -1.488620e+01 -1.665669e+02
      vertex   3.658778e+01 -1.244979e+01 -1.682058e+02
    endloop
  endfacet
  facet normal 6.602453e-01 -2.472266e-01 -7.091933e-01
    outer loop
      vertex   3.658778e+01 -1.244979e+01 -1.682058e+02
      vertex   3.743581e+01 -1.488620e+01 -1.665669e+02
      vertex   3.658449e+01 -1.477989e+01 -1.673965e+02
    endloop
  endfacet
  facet normal 6.577659e-01 -2.479361e-01 -7.112465e-01
    outer loop
      vertex   3.658778e+01 -1.244979e+01 -1.682058e+02
      vertex   3.658449e+01 -1.477989e+01 -1.673965e+02
      vertex   3.570228e+01 -1.479899e+01 -1.682058e+02
    endloop
  endfacet
  facet normal 8.717840e-01 -4.898888e-01 1.265109e-03
    outer loop
      vertex   4.164790e+01 -2.514108e+01 -1.400000e+02
      vertex   4.200368e+01 -2.454205e+01 -1.532058e+02
      vertex   4.313202e+01 -2.250000e+01 -1.400000e+02
    endloop
  endfacet
  facet normal 8.786927e-01 -4.773862e-01 -1.258521e-03
    outer loop
      vertex   4.313202e+01 -2.250000e+01 -1.400000e+02
      vertex   4.200368e+01 -2.454205e+01 -1.532058e+02
      vertex   4.344820e+01 -2.188322e+01 -1.532058e+02
    endloop
  endfacet
  facet normal 8.928999e-01 -4.502551e-01 3.487975e-04
    outer loop
      vertex   4.313202e+01 -2.250000e+01 -1.400000e+02
      vertex   4.344820e+01 -2.188322e+01 -1.532058e+02
      vertex   4.372564e+01 -2.132345e+01 -1.408474e+02
    endloop
  endfacet
  facet normal 9.046076e-01 -4.262442e-01 -1.001620e-03
    outer loop
      vertex   4.372564e+01 -2.132345e+01 -1.408474e+02
      vertex   4.344820e+01 -2.188322e+01 -1.532058e+02
      vertex   4.430032e+01 -2.010191e+01 -1.416567e+02
    endloop
  endfacet
  facet normal 9.066711e-01 -4.218343e-01 -1.834048e-03
    outer loop
      vertex   4.430032e+01 -2.010191e+01 -1.416567e+02
      vertex   4.344820e+01 -2.188322e+01 -1.532058e+02
      vertex   4.472462e+01 -1.913973e+01 -1.532058e+02
    endloop
  endfacet
  facet normal 9.165617e-01 -3.998932e-01 3.573020e-04
    outer loop
      vertex   4.430032e+01 -2.010191e+01 -1.416567e+02
      vertex   4.472462e+01 -1.913973e+01 -1.532058e+02
      vertex   4.485216e+01 -1.883778e+01 -1.424246e+02
    endloop
  endfacet
  facet normal 9.273978e-01 -3.740763e-01 -4.939546e-04
    outer loop
      vertex   4.485216e+01 -1.883778e+01 -1.424246e+02
      vertex   4.472462e+01 -1.913973e+01 -1.532058e+02
      vertex   4.537769e+01 -1.753396e+01 -1.431477e+02
    endloop
  endfacet
  facet normal 9.311417e-01 -3.646506e-01 -2.241849e-03
    outer loop
      vertex   4.537769e+01 -1.753396e+01 -1.431477e+02
      vertex   4.472462e+01 -1.913973e+01 -1.532058e+02
      vertex   4.582802e+01 -1.632219e+01 -1.532058e+02
    endloop
  endfacet
  facet normal 9.379586e-01 -3.467472e-01 2.203290e-04
    outer loop
      vertex   4.537769e+01 -1.753396e+01 -1.431477e+02
      vertex   4.582802e+01 -1.632219e+01 -1.532058e+02
      vertex   4.587343e+01 -1.619340e+01 -1.438231e+02
    endloop
  endfacet
  facet normal 9.477474e-01 -3.190218e-01 -2.076188e-04
    outer loop
      vertex   4.587343e+01 -1.619340e+01 -1.438231e+02
      vertex   4.582802e+01 -1.632219e+01 -1.532058e+02
      vertex   4.633592e+01 -1.481903e+01 -1.444477e+02
    endloop
  endfacet
  facet normal 9.520097e-01 -3.060562e-01 -2.680130e-03
    outer loop
      vertex   4.633592e+01 -1.481903e+01 -1.444477e+02
      vertex   4.582802e+01 -1.632219e+01 -1.532058e+02
      vertex   4.675411e+01 -1.344151e+01 -1.532058e+02
    endloop
  endfacet
  facet normal 9.570172e-01 -2.900311e-01 7.951018e-05
    outer loop
      vertex   4.633592e+01 -1.481903e+01 -1.444477e+02
      vertex   4.675411e+01 -1.344151e+01 -1.532058e+02
      vertex   4.676195e+01 -1.341339e+01 -1.450188e+02
    endloop
  endfacet
  facet normal 9.653920e-01 -2.608033e-01 -2.889162e-05
    outer loop
      vertex   4.676195e+01 -1.341339e+01 -1.450188e+02
      vertex   4.675411e+01 -1.344151e+01 -1.532058e+02
      vertex   4.714929e+01 -1.197957e+01 -1.455344e+02
    endloop
  endfacet
  facet normal 9.691947e-01 -2.462778e-01 -2.992944e-03
    outer loop
      vertex   4.714929e+01 -1.197957e+01 -1.455344e+02
      vertex   4.675411e+01 -1.344151e+01 -1.532058e+02
      vertex   4.749933e+01 -1.050882e+01 -1.532058e+02
    endloop
  endfacet
  facet normal 9.728923e-01 -2.312588e-01 5.522199e-05
    outer loop
      vertex   4.714929e+01 -1.197957e+01 -1.455344e+02
      vertex   4.749933e+01 -1.050882e+01 -1.532058e+02
      vertex   4.749587e+01 -1.052164e+01 -1.459930e+02
    endloop
  endfacet
  facet normal 9.795309e-01 -2.012939e-01 1.116728e-04
    outer loop
      vertex   4.749587e+01 -1.052164e+01 -1.459930e+02
      vertex   4.749933e+01 -1.050882e+01 -1.532058e+02
      vertex   4.779963e+01 -9.043719e+00 -1.463929e+02
    endloop
  endfacet
  facet normal 9.826295e-01 -1.855467e-01 -3.411324e-03
    outer loop
      vertex   4.779963e+01 -9.043719e+00 -1.463929e+02
      vertex   4.749933e+01 -1.050882e+01 -1.532058e+02
      vertex   4.806077e+01 -7.535476e+00 -1.532058e+02
    endloop
  endfacet
  facet normal 9.853121e-01 -1.707632e-01 -3.573230e-05
    outer loop
      vertex   4.779963e+01 -9.043719e+00 -1.463929e+02
      vertex   4.806077e+01 -7.535476e+00 -1.532058e+02
      vertex   4.805851e+01 -7.549893e+00 -1.467321e+02
    endloop
  endfacet
  facet normal 9.902147e-01 -1.395523e-01 3.548927e-05
    outer loop
      vertex   4.805851e+01 -7.549893e+00 -1.467321e+02
      vertex   4.806077e+01 -7.535476e+00 -1.532058e+02
      vertex   4.827070e+01 -6.044350e+00 -1.470094e+02
    endloop
  endfacet
  facet normal 9.922629e-01 -1.240979e-01 -3.752936e-03
    outer loop
      vertex   4.827070e+01 -6.044350e+00 -1.470094e+02
      vertex   4.806077e+01 -7.535476e+00 -1.532058e+02
      vertex   4.843628e+01 -4.532979e+00 -1.532058e+02
    endloop
  endfacet
  facet normal 9.941019e-01 -1.084498e-01 1.129824e-04
    outer loop
      vertex   4.827070e+01 -6.044350e+00 -1.470094e+02
      vertex   4.843628e+01 -4.532979e+00 -1.532058e+02
      vertex   4.843574e+01 -4.531757e+00 -1.472245e+02
    endloop
  endfacet
  facet normal 9.969864e-01 -7.757702e-02 1.069427e-04
    outer loop
      vertex   4.843574e+01 -4.531757e+00 -1.472245e+02
      vertex   4.843628e+01 -4.532979e+00 -1.532058e+02
      vertex   4.855362e+01 -3.016947e+00 -1.473778e+02
    endloop
  endfacet
  facet normal 9.980579e-01 -6.216916e-02 -3.922668e-03
    outer loop
      vertex   4.855362e+01 -3.016947e+00 -1.473778e+02
      vertex   4.843628e+01 -4.532979e+00 -1.532058e+02
      vertex   4.862440e+01 -1.512944e+00 -1.532058e+02
    endloop
  endfacet
  facet normal 9.989081e-01 -4.671924e-02 7.474716e-05
    outer loop
      vertex   4.855362e+01 -3.016947e+00 -1.473778e+02
      vertex   4.862440e+01 -1.512944e+00 -1.532058e+02
      vertex   4.862435e+01 -1.504751e+00 -1.474695e+02
    endloop
  endfacet
  facet normal 9.998773e-01 -1.566644e-02 3.040284e-05
    outer loop
      vertex   4.862435e+01 -1.504751e+00 -1.474695e+02
      vertex   4.862440e+01 -1.512944e+00 -1.532058e+02
      vertex   4.864793e+01 3.006854e-14 -1.475000e+02
    endloop
  endfacet
  facet normal 9.999915e-01 0.000000e+00 -4.124199e-03
    outer loop
      vertex   4.864793e+01 3.006854e-14 -1.475000e+02
      vertex   4.862440e+01 -1.512944e+00 -1.532058e+02
      vertex   4.862440e+01 1.512944e+00 -1.532058e+02
    endloop
  endfacet
  facet normal 9.998773e-01 1.566644e-02 3.040284e-05
    outer loop
      vertex   4.864793e+01 3.006854e-14 -1.475000e+02
      vertex   4.862440e+01 1.512944e+00 -1.532058e+02
      vertex   4.862435e+01 1.504751e+00 -1.474695e+02
    endloop
  endfacet
  facet normal 9.989081e-01 4.671924e-02 7.474716e-05
    outer loop
      vertex   4.862435e+01 1.504751e+00 -1.474695e+02
      vertex   4.862440e+01 1.512944e+00 -1.532058e+02
      vertex   4.855362e+01 3.016947e+00 -1.473778e+02
    endloop
  endfacet
  facet normal 9.980579e-01 6.216916e-02 -3.922668e-03
    outer loop
      vertex   4.855362e+01 3.016947e+00 -1.473778e+02
      vertex   4.862440e+01 1.512944e+00 -1.532058e+02
      vertex   4.843628e+01 4.532979e+00 -1.532058e+02
    endloop
  endfacet
  facet normal 9.969864e-01 7.757702e-02 1.069427e-04
    outer loop
      vertex   4.855362e+01 3.016947e+00 -1.473778e+02
      vertex   4.843628e+01 4.532979e+00 -1.532058e+02
      vertex   4.843574e+01 4.531757e+00 -1.472245e+02
    endloop
  endfacet
  facet normal 9.941019e-01 1.084498e-01 1.129824e-04
    outer loop
      vertex   4.843574e+01 4.531757e+00 -1.472245e+02
      vertex   4.843628e+01 4.532979e+00 -1.532058e+02
      vertex   4.827070e+01 6.044350e+00 -1.470094e+02
    endloop
  endfacet
  facet normal 9.922629e-01 1.240979e-01 -3.752936e-03
    outer loop
      vertex   4.827070e+01 6.044350e+00 -1.470094e+02
      vertex   4.843628e+01 4.532979e+00 -1.532058e+02
      vertex   4.806077e+01 7.535476e+00 -1.532058e+02
    endloop
  endfacet
  facet normal 9.902147e-01 1.395523e-01 3.548927e-05
    outer loop
      vertex   4.827070e+01 6.044350e+00 -1.470094e+02
      vertex   4.806077e+01 7.535476e+00 -1.532058e+02
      vertex   4.805851e+01 7.549893e+00 -1.467321e+02
    endloop
  endfacet
  facet normal 9.853121e-01 1.707632e-01 -3.573230e-05
    outer loop
      vertex   4.805851e+01 7.549893e+00 -1.467321e+02
      vertex   4.806077e+01 7.535476e+00 -1.532058e+02
      vertex   4.779963e+01 9.043719e+00 -1.463929e+02
    endloop
  endfacet
  facet normal 9.826295e-01 1.855467e-01 -3.411324e-03
    outer loop
      vertex   4.779963e+01 9.043719e+00 -1.463929e+02
      vertex   4.806077e+01 7.535476e+00 -1.532058e+02
      vertex   4.749933e+01 1.050882e+01 -1.532058e+02
    endloop
  endfacet
  facet normal 9.795309e-01 2.012939e-01 1.116728e-04
    outer loop
      vertex   4.779963e+01 9.043719e+00 -1.463929e+02
      vertex   4.749933e+01 1.050882e+01 -1.532058e+02
      vertex   4.749587e+01 1.052164e+01 -1.459930e+02
    endloop
  endfacet
  facet normal 9.728923e-01 2.312588e-01 5.522199e-05
    outer loop
      vertex   4.749587e+01 1.052164e+01 -1.459930e+02
      vertex   4.749933e+01 1.050882e+01 -1.532058e+02
      vertex   4.714929e+01 1.197957e+01 -1.455344e+02
    endloop
  endfacet
  facet normal 9.691947e-01 2.462778e-01 -2.992944e-03
    outer loop
      vertex   4.714929e+01 1.197957e+01 -1.455344e+02
      vertex   4.749933e+01 1.050882e+01 -1.532058e+02
      vertex   4.675411e+01 1.344151e+01 -1.532058e+02
    endloop
  endfacet
  facet normal 9.653920e-01 2.608033e-01 -2.889162e-05
    outer loop
      vertex   4.714929e+01 1.197957e+01 -1.455344e+02
      vertex   4.675411e+01 1.344151e+01 -1.532058e+02
      vertex   4.676195e+01 1.341339e+01 -1.450188e+02
    endloop
  endfacet
  facet normal 9.570172e-01 2.900311e-01 7.951018e-05
    outer loop
      vertex   4.676195e+01 1.341339e+01 -1.450188e+02
      vertex   4.675411e+01 1.344151e+01 -1.532058e+02
      vertex   4.633592e+01 1.481903e+01 -1.444477e+02
    endloop
  endfacet
  facet normal 9.520097e-01 3.060562e-01 -2.680130e-03
    outer loop
      vertex   4.633592e+01 1.481903e+01 -1.444477e+02
      vertex   4.675411e+01 1.344151e+01 -1.532058e+02
      vertex   4.582802e+01 1.632219e+01 -1.532058e+02
    endloop
  endfacet
  facet normal 9.477474e-01 3.190218e-01 -2.076188e-04
    outer loop
      vertex   4.633592e+01 1.481903e+01 -1.444477e+02
      vertex   4.582802e+01 1.632219e+01 -1.532058e+02
      vertex   4.587343e+01 1.619340e+01 -1.438231e+02
    endloop
  endfacet
  facet normal 9.379586e-01 3.467472e-01 2.203290e-04
    outer loop
      vertex   4.587343e+01 1.619340e+01 -1.438231e+02
      vertex   4.582802e+01 1.632219e+01 -1.532058e+02
      vertex   4.537769e+01 1.753396e+01 -1.431477e+02
    endloop
  endfacet
  facet normal 9.311417e-01 3.646506e-01 -2.241849e-03
    outer loop
      vertex   4.537769e+01 1.753396e+01 -1.431477e+02
      vertex   4.582802e+01 1.632219e+01 -1.532058e+02
      vertex   4.472462e+01 1.913973e+01 -1.532058e+02
    endloop
  endfacet
  facet normal 9.273978e-01 3.740763e-01 -4.939546e-04
    outer loop
      vertex   4.537769e+01 1.753396e+01 -1.431477e+02
      vertex   4.472462e+01 1.913973e+01 -1.532058e+02
      vertex   4.485216e+01 1.883778e+01 -1.424246e+02
    endloop
  endfacet
  facet normal 9.165617e-01 3.998932e-01 3.573020e-04
    outer loop
      vertex   4.485216e+01 1.883778e+01 -1.424246e+02
      vertex   4.472462e+01 1.913973e+01 -1.532058e+02
      vertex   4.430032e+01 2.010191e+01 -1.416567e+02
    endloop
  endfacet
  facet normal 9.066711e-01 4.218343e-01 -1.834048e-03
    outer loop
      vertex   4.430032e+01 2.010191e+01 -1.416567e+02
      vertex   4.472462e+01 1.913973e+01 -1.532058e+02
      vertex   4.344820e+01 2.188322e+01 -1.532058e+02
    endloop
  endfacet
  facet normal 9.046076e-01 4.262442e-01 -1.001620e-03
    outer loop
      vertex   4.430032e+01 2.010191e+01 -1.416567e+02
      vertex   4.344820e+01 2.188322e+01 -1.532058e+02
      vertex   4.372564e+01 2.132345e+01 -1.408474e+02
    endloop
  endfacet
  facet normal 8.928999e-01 4.502551e-01 3.487975e-04
    outer loop
      vertex   4.372564e+01 2.132345e+01 -1.408474e+02
      vertex   4.344820e+01 2.188322e+01 -1.532058e+02
      vertex   4.313202e+01 2.250000e+01 -1.400000e+02
    endloop
  endfacet
  facet normal 8.786927e-01 4.773862e-01 -1.258521e-03
    outer loop
      vertex   4.313202e+01 2.250000e+01 -1.400000e+02
      vertex   4.344820e+01 2.188322e+01 -1.532058e+02
      vertex   4.200368e+01 2.454205e+01 -1.532058e+02
    endloop
  endfacet
  facet normal 8.732006e-01 4.873604e-01 7.530968e-04
    outer loop
      vertex   4.313202e+01 2.250000e+01 -1.400000e+02
      vertex   4.200368e+01 2.454205e+01 -1.532058e+02
      vertex   4.179292e+01 2.489926e+01 -1.400000e+02
    endloop
  endfacet
  facet normal 8.473144e-01 5.310909e-01 -8.429192e-04
    outer loop
      vertex   4.179292e+01 2.489926e+01 -1.400000e+02
      vertex   4.200368e+01 2.454205e+01 -1.532058e+02
      vertex   4.039666e+01 2.710593e+01 -1.532058e+02
    endloop
  endfacet
  facet normal 8.442927e-01 5.358823e-01 2.772047e-04
    outer loop
      vertex   4.179292e+01 2.489926e+01 -1.400000e+02
      vertex   4.039666e+01 2.710593e+01 -1.532058e+02
      vertex   4.032050e+01 2.721908e+01 -1.400000e+02
    endloop
  endfacet
  facet normal 8.126912e-01 5.826945e-01 -3.061514e-04
    outer loop
      vertex   4.032050e+01 2.721908e+01 -1.400000e+02
      vertex   4.039666e+01 2.710593e+01 -1.532058e+02
      vertex   3.871946e+01 2.945208e+01 -1.400000e+02
    endloop
  endfacet
  facet normal 8.126579e-01 5.827410e-01 -3.186396e-04
    outer loop
      vertex   3.871946e+01 2.945208e+01 -1.400000e+02
      vertex   4.039666e+01 2.710593e+01 -1.532058e+02
      vertex   3.863335e+01 2.956494e+01 -1.532058e+02
    endloop
  endfacet
  facet normal 7.784972e-01 6.276480e-01 2.878977e-04
    outer loop
      vertex   3.871946e+01 2.945208e+01 -1.400000e+02
      vertex   3.863335e+01 2.956494e+01 -1.532058e+02
      vertex   3.699490e+01 3.159112e+01 -1.400000e+02
    endloop
  endfacet
  facet normal 7.748568e-01 6.321362e-01 -8.524072e-04
    outer loop
      vertex   3.699490e+01 3.159112e+01 -1.400000e+02
      vertex   3.863335e+01 2.956494e+01 -1.532058e+02
      vertex   3.672057e+01 3.190957e+01 -1.532058e+02
    endloop
  endfacet
  facet normal 7.418196e-01 6.705990e-01 7.613797e-04
    outer loop
      vertex   3.699490e+01 3.159112e+01 -1.400000e+02
      vertex   3.672057e+01 3.190957e+01 -1.532058e+02
      vertex   3.515232e+01 3.362939e+01 -1.400000e+02
    endloop
  endfacet
  facet normal 7.340579e-01 6.790857e-01 -1.265599e-03
    outer loop
      vertex   3.515232e+01 3.362939e+01 -1.400000e+02
      vertex   3.672057e+01 3.190957e+01 -1.532058e+02
      vertex   3.466574e+01 3.413075e+01 -1.532058e+02
    endloop
  endfacet
  facet normal 7.027756e-01 7.114107e-01 1.114279e-03
    outer loop
      vertex   3.515232e+01 3.362939e+01 -1.400000e+02
      vertex   3.466574e+01 3.413075e+01 -1.532058e+02
      vertex   3.319761e+01 3.556037e+01 -1.400000e+02
    endloop
  endfacet
  facet normal 6.904192e-01 7.234079e-01 -1.558202e-03
    outer loop
      vertex   3.319761e+01 3.556037e+01 -1.400000e+02
      vertex   3.466574e+01 3.413075e+01 -1.532058e+02
      vertex   3.247678e+01 3.621988e+01 -1.532058e+02
    endloop
  endfacet
  facet normal 6.614897e-01 7.499531e-01 1.346584e-03
    outer loop
      vertex   3.319761e+01 3.556037e+01 -1.400000e+02
      vertex   3.247678e+01 3.621988e+01 -1.532058e+02
      vertex   3.113699e+01 3.737792e+01 -1.400000e+02
    endloop
  endfacet
  facet normal 6.441094e-01 7.649314e-01 -1.730207e-03
    outer loop
      vertex   3.113699e+01 3.737792e+01 -1.400000e+02
      vertex   3.247678e+01 3.621988e+01 -1.532058e+02
      vertex   3.016218e+01 3.816889e+01 -1.532058e+02
    endloop
  endfacet
  facet normal 6.180937e-01 7.861031e-01 1.458288e-03
    outer loop
      vertex   3.113699e+01 3.737792e+01 -1.400000e+02
      vertex   3.016218e+01 3.816889e+01 -1.532058e+02
      vertex   2.897705e+01 3.907623e+01 -1.400000e+02
    endloop
  endfacet
  facet normal 5.953079e-01 8.034957e-01 -1.781609e-03
    outer loop
      vertex   2.897705e+01 3.907623e+01 -1.400000e+02
      vertex   3.016218e+01 3.816889e+01 -1.532058e+02
      vertex   2.773089e+01 3.997023e+01 -1.532058e+02
    endloop
  endfacet
  facet normal 5.727261e-01 8.197455e-01 1.449388e-03
    outer loop
      vertex   2.897705e+01 3.907623e+01 -1.400000e+02
      vertex   2.773089e+01 3.997023e+01 -1.532058e+02
      vertex   2.672467e+01 4.064989e+01 -1.400000e+02
    endloop
  endfacet
  facet normal 5.597340e-01 8.286724e-01 -1.177614e-15
    outer loop
      vertex   2.672467e+01 4.064989e+01 -1.400000e+02
      vertex   2.773089e+01 3.997023e+01 -1.532058e+02
      vertex   2.672467e+01 4.064989e+01 -1.450000e+02
    endloop
  endfacet
  facet normal 5.442021e-01 8.389496e-01 -2.755817e-03
    outer loop
      vertex   2.672467e+01 4.064989e+01 -1.450000e+02
      vertex   2.773089e+01 3.997023e+01 -1.532058e+02
      vertex   2.519231e+01 4.161693e+01 -1.532058e+02
    endloop
  endfacet
  facet normal 5.235160e-01 8.520117e-01 2.646483e-03
    outer loop
      vertex   2.672467e+01 4.064989e+01 -1.450000e+02
      vertex   2.519231e+01 4.161693e+01 -1.532058e+02
      vertex   2.418760e+01 4.220878e+01 -1.450000e+02
    endloop
  endfacet
  facet normal 4.909923e-01 8.711597e-01 -2.716837e-03
    outer loop
      vertex   2.418760e+01 4.220878e+01 -1.450000e+02
      vertex   2.519231e+01 4.161693e+01 -1.532058e+02
      vertex   2.255627e+01 4.310262e+01 -1.532058e+02
    endloop
  endfacet
  facet normal 4.704083e-01 8.824450e-01 2.604595e-03
    outer loop
      vertex   2.418760e+01 4.220878e+01 -1.450000e+02
      vertex   2.255627e+01 4.310262e+01 -1.532058e+02
      vertex   2.155990e+01 4.360954e+01 -1.450000e+02
    endloop
  endfacet
  facet normal 4.358829e-01 8.999994e-01 -2.672042e-03
    outer loop
      vertex   2.155990e+01 4.360954e+01 -1.450000e+02
      vertex   2.255627e+01 4.310262e+01 -1.532058e+02
      vertex   1.983296e+01 4.442156e+01 -1.532058e+02
    endloop
  endfacet
  facet normal 4.155381e-01 9.095722e-01 2.556893e-03
    outer loop
      vertex   2.155990e+01 4.360954e+01 -1.450000e+02
      vertex   1.983296e+01 4.442156e+01 -1.532058e+02
      vertex   1.885143e+01 4.484690e+01 -1.450000e+02
    endloop
  endfacet
  facet normal 3.790871e-01 9.253573e-01 -2.621432e-03
    outer loop
      vertex   1.885143e+01 4.484690e+01 -1.450000e+02
      vertex   1.983296e+01 4.442156e+01 -1.532058e+02
      vertex   1.703293e+01 4.556864e+01 -1.532058e+02
    endloop
  endfacet
  facet normal 3.591110e-01 9.332915e-01 2.503376e-03
    outer loop
      vertex   1.885143e+01 4.484690e+01 -1.450000e+02
      vertex   1.703293e+01 4.556864e+01 -1.532058e+02
      vertex   1.607233e+01 4.591624e+01 -1.450000e+02
    endloop
  endfacet
  facet normal 3.208247e-01 9.471351e-01 -2.565008e-03
    outer loop
      vertex   1.607233e+01 4.591624e+01 -1.450000e+02
      vertex   1.703293e+01 4.556864e+01 -1.532058e+02
      vertex   1.416699e+01 4.653942e+01 -1.532058e+02
    endloop
  endfacet
  facet normal 3.013385e-01 9.535141e-01 2.444045e-03
    outer loop
      vertex   1.607233e+01 4.591624e+01 -1.450000e+02
      vertex   1.416699e+01 4.653942e+01 -1.532058e+02
      vertex   1.323301e+01 4.681355e+01 -1.450000e+02
    endloop
  endfacet
  facet normal 2.613211e-01 9.652487e-01 -2.502770e-03
    outer loop
      vertex   1.323301e+01 4.681355e+01 -1.450000e+02
      vertex   1.416699e+01 4.653942e+01 -1.532058e+02
      vertex   1.124625e+01 4.733015e+01 -1.532058e+02
    endloop
  endfacet
  facet normal 2.424369e-01 9.701643e-01 2.378899e-03
    outer loop
      vertex   1.323301e+01 4.681355e+01 -1.450000e+02
      vertex   1.124625e+01 4.733015e+01 -1.532058e+02
      vertex   1.034411e+01 4.753547e+01 -1.450000e+02
    endloop
  endfacet
  facet normal 2.008065e-01 9.796279e-01 -2.434718e-03
    outer loop
      vertex   1.034411e+01 4.753547e+01 -1.450000e+02
      vertex   1.124625e+01 4.733015e+01 -1.532058e+02
      vertex   8.281997e+00 4.793777e+01 -1.532058e+02
    endloop
  endfacet
  facet normal 1.826270e-01 9.831796e-01 2.307940e-03
    outer loop
      vertex   1.034411e+01 4.753547e+01 -1.450000e+02
      vertex   8.281997e+00 4.793777e+01 -1.532058e+02
      vertex   7.416460e+00 4.807928e+01 -1.450000e+02
    endloop
  endfacet
  facet normal 1.395150e-01 9.902172e-01 -2.360851e-03
    outer loop
      vertex   7.416460e+00 4.807928e+01 -1.450000e+02
      vertex   8.281997e+00 4.793777e+01 -1.532058e+02
      vertex   5.285702e+00 4.835993e+01 -1.532058e+02
    endloop
  endfacet
  facet normal 1.221328e-01 9.925113e-01 2.231166e-03
    outer loop
      vertex   7.416460e+00 4.807928e+01 -1.450000e+02
      vertex   5.285702e+00 4.835993e+01 -1.532058e+02
      vertex   4.461020e+00 4.844296e+01 -1.450000e+02
    endloop
  endfacet
  facet normal 7.768365e-02 9.969754e-01 -2.281170e-03
    outer loop
      vertex   4.461020e+00 4.844296e+01 -1.450000e+02
      vertex   5.285702e+00 4.835993e+01 -1.532058e+02
      vertex   2.268959e+00 4.859499e+01 -1.532058e+02
    endloop
  endfacet
  facet normal 6.118103e-02 9.981244e-01 2.148578e-03
    outer loop
      vertex   4.461020e+00 4.844296e+01 -1.450000e+02
      vertex   2.268959e+00 4.859499e+01 -1.532058e+02
      vertex   1.488866e+00 4.862514e+01 -1.450000e+02
    endloop
  endfacet
  facet normal 1.555177e-02 9.998767e-01 -2.195675e-03
    outer loop
      vertex   1.488866e+00 4.862514e+01 -1.450000e+02
      vertex   2.268959e+00 4.859499e+01 -1.532058e+02
      vertex   -7.565635e-01 4.864205e+01 -1.532058e+02
    endloop
  endfacet
  facet normal 0.000000e+00 9.999979e-01 2.060176e-03
    outer loop
      vertex   1.488866e+00 4.862514e+01 -1.450000e+02
      vertex   -7.565635e-01 4.864205e+01 -1.532058e+02
      vertex   -1.488866e+00 4.862514e+01 -1.450000e+02
    endloop
  endfacet
  facet normal -4.664029e-02 9.989095e-01 -2.104366e-03
    outer loop
      vertex   -1.488866e+00 4.862514e+01 -1.450000e+02
      vertex   -7.565635e-01 4.864205e+01 -1.532058e+02
      vertex   -3.779159e+00 4.850092e+01 -1.532058e+02
    endloop
  endfacet
  facet normal -6.118105e-02 9.981247e-01 1.965960e-03
    outer loop
      vertex   -1.488866e+00 4.862514e+01 -1.450000e+02
      vertex   -3.779159e+00 4.850092e+01 -1.532058e+02
      vertex   -4.461020e+00 4.844296e+01 -1.450000e+02
    endloop
  endfacet
  facet normal -1.086519e-01 9.940778e-01 -2.007243e-03
    outer loop
      vertex   -4.461020e+00 4.844296e+01 -1.450000e+02
      vertex   -3.779159e+00 4.850092e+01 -1.532058e+02
      vertex   -6.787133e+00 4.817215e+01 -1.532058e+02
    endloop
  endfacet
  facet normal -1.221329e-01 9.925120e-01 1.865930e-03
    outer loop
      vertex   -4.461020e+00 4.844296e+01 -1.450000e+02
      vertex   -6.787133e+00 4.817215e+01 -1.532058e+02
      vertex   -7.416460e+00 4.807928e+01 -1.450000e+02
    endloop
  endfacet
  facet normal -1.702432e-01 9.854002e-01 -1.904306e-03
    outer loop
      vertex   -7.416460e+00 4.807928e+01 -1.450000e+02
      vertex   -6.787133e+00 4.817215e+01 -1.532058e+02
      vertex   -9.768849e+00 4.765701e+01 -1.532058e+02
    endloop
  endfacet
  facet normal -1.826272e-01 9.831807e-01 1.760086e-03
    outer loop
      vertex   -7.416460e+00 4.807928e+01 -1.450000e+02
      vertex   -9.768849e+00 4.765701e+01 -1.532058e+02
      vertex   -1.034411e+01 4.753547e+01 -1.450000e+02
    endloop
  endfacet
  facet normal -2.311759e-01 9.729103e-01 -1.795556e-03
    outer loop
      vertex   -1.034411e+01 4.753547e+01 -1.450000e+02
      vertex   -9.768849e+00 4.765701e+01 -1.532058e+02
      vertex   -1.271277e+01 4.695750e+01 -1.532058e+02
    endloop
  endfacet
  facet normal -2.424373e-01 9.701657e-01 1.648429e-03
    outer loop
      vertex   -1.034411e+01 4.753547e+01 -1.450000e+02
      vertex   -1.271277e+01 4.695750e+01 -1.532058e+02
      vertex   -1.323301e+01 4.681355e+01 -1.450000e+02
    endloop
  endfacet
  facet normal -2.912143e-01 9.566564e-01 -1.680992e-03
    outer loop
      vertex   -1.323301e+01 4.681355e+01 -1.450000e+02
      vertex   -1.271277e+01 4.695750e+01 -1.532058e+02
      vertex   -1.560751e+01 4.607632e+01 -1.532058e+02
    endloop
  endfacet
  facet normal -3.013390e-01 9.535158e-01 1.530958e-03
    outer loop
      vertex   -1.323301e+01 4.681355e+01 -1.450000e+02
      vertex   -1.560751e+01 4.607632e+01 -1.532058e+02
      vertex   -1.607233e+01 4.591624e+01 -1.450000e+02
    endloop
  endfacet
  facet normal -3.501260e-01 9.367013e-01 -1.560614e-03
    outer loop
      vertex   -1.607233e+01 4.591624e+01 -1.450000e+02
      vertex   -1.560751e+01 4.607632e+01 -1.532058e+02
      vertex   -1.844187e+01 4.501687e+01 -1.532058e+02
    endloop
  endfacet
  facet normal -3.591118e-01 9.332935e-01 1.407673e-03
    outer loop
      vertex   -1.607233e+01 4.591624e+01 -1.450000e+02
      vertex   -1.844187e+01 4.501687e+01 -1.532058e+02
      vertex   -1.885143e+01 4.484690e+01 -1.450000e+02
    endloop
  endfacet
  facet normal -4.076832e-01 9.131223e-01 -1.434423e-03
    outer loop
      vertex   -1.885143e+01 4.484690e+01 -1.450000e+02
      vertex   -1.844187e+01 4.501687e+01 -1.532058e+02
      vertex   -2.120488e+01 4.378327e+01 -1.532058e+02
    endloop
  endfacet
  facet normal -4.155391e-01 9.095744e-01 1.278575e-03
    outer loop
      vertex   -1.885143e+01 4.484690e+01 -1.450000e+02
      vertex   -2.120488e+01 4.378327e+01 -1.532058e+02
      vertex   -2.155990e+01 4.360954e+01 -1.450000e+02
    endloop
  endfacet
  facet normal -4.636631e-01 8.860106e-01 -1.302418e-03
    outer loop
      vertex   -2.155990e+01 4.360954e+01 -1.450000e+02
      vertex   -2.120488e+01 4.378327e+01 -1.532058e+02
      vertex   -2.388585e+01 4.238027e+01 -1.532058e+02
    endloop
  endfacet
  facet normal -4.704096e-01 8.824475e-01 1.143664e-03
    outer loop
      vertex   -2.155990e+01 4.360954e+01 -1.450000e+02
      vertex   -2.388585e+01 4.238027e+01 -1.532058e+02
      vertex   -2.418760e+01 4.220878e+01 -1.450000e+02
    endloop
  endfacet
  facet normal -5.178493e-01 8.554711e-01 -1.164600e-03
    outer loop
      vertex   -2.418760e+01 4.220878e+01 -1.450000e+02
      vertex   -2.388585e+01 4.238027e+01 -1.532058e+02
      vertex   -2.647441e+01 4.081332e+01 -1.532058e+02
    endloop
  endfacet
  facet normal -5.235176e-01 8.520143e-01 1.002940e-03
    outer loop
      vertex   -2.418760e+01 4.220878e+01 -1.450000e+02
      vertex   -2.647441e+01 4.081332e+01 -1.532058e+02
      vertex   -2.672467e+01 4.064989e+01 -1.450000e+02
    endloop
  endfacet
  facet normal -5.700320e-01 8.216219e-01 -1.020970e-03
    outer loop
      vertex   -2.672467e+01 4.064989e+01 -1.450000e+02
      vertex   -2.647441e+01 4.081332e+01 -1.532058e+02
      vertex   -2.896055e+01 3.908847e+01 -1.532058e+02
    endloop
  endfacet
  facet normal -5.726615e-01 8.197919e-01 4.372613e-05
    outer loop
      vertex   -2.672467e+01 4.064989e+01 -1.450000e+02
      vertex   -2.896055e+01 3.908847e+01 -1.532058e+02
      vertex   -2.897705e+01 3.907623e+01 -1.400000e+02
    endloop
  endfacet
  facet normal -6.180944e-01 7.861039e-01 -4.425904e-05
    outer loop
      vertex   -2.897705e+01 3.907623e+01 -1.400000e+02
      vertex   -2.896055e+01 3.908847e+01 -1.532058e+02
      vertex   -3.113699e+01 3.737792e+01 -1.400000e+02
    endloop
  endfacet
  facet normal -6.200095e-01 7.845941e-01 -5.554437e-04
    outer loop
      vertex   -3.113699e+01 3.737792e+01 -1.400000e+02
      vertex   -2.896055e+01 3.908847e+01 -1.532058e+02
      vertex   -3.133464e+01 3.721239e+01 -1.532058e+02
    endloop
  endfacet
  facet normal -6.614902e-01 7.499536e-01 4.996117e-04
    outer loop
      vertex   -3.113699e+01 3.737792e+01 -1.400000e+02
      vertex   -3.133464e+01 3.721239e+01 -1.532058e+02
      vertex   -3.319761e+01 3.556037e+01 -1.400000e+02
    endloop
  endfacet
  facet normal -6.675878e-01 7.445304e-01 -1.039029e-03
    outer loop
      vertex   -3.319761e+01 3.556037e+01 -1.400000e+02
      vertex   -3.133464e+01 3.721239e+01 -1.532058e+02
      vertex   -3.358751e+01 3.519234e+01 -1.532058e+02
    endloop
  endfacet
  facet normal -7.027757e-01 7.114109e-01 9.229083e-04
    outer loop
      vertex   -3.319761e+01 3.556037e+01 -1.400000e+02
      vertex   -3.358751e+01 3.519234e+01 -1.532058e+02
      vertex   -3.515232e+01 3.362939e+01 -1.400000e+02
    endloop
  endfacet
  facet normal -7.125833e-01 7.015862e-01 -1.402033e-03
    outer loop
      vertex   -3.515232e+01 3.362939e+01 -1.400000e+02
      vertex   -3.358751e+01 3.519234e+01 -1.532058e+02
      vertex   -3.571043e+01 3.303614e+01 -1.532058e+02
    endloop
  endfacet
  facet normal -7.418193e-01 6.705987e-01 1.225617e-03
    outer loop
      vertex   -3.515232e+01 3.362939e+01 -1.400000e+02
      vertex   -3.571043e+01 3.303614e+01 -1.532058e+02
      vertex   -3.699490e+01 3.159112e+01 -1.400000e+02
    endloop
  endfacet
  facet normal -7.548219e-01 6.559277e-01 -1.644443e-03
    outer loop
      vertex   -3.699490e+01 3.159112e+01 -1.400000e+02
      vertex   -3.571043e+01 3.303614e+01 -1.532058e+02
      vertex   -3.769520e+01 3.075213e+01 -1.532058e+02
    endloop
  endfacet
  facet normal -7.784965e-01 6.276474e-01 1.407728e-03
    outer loop
      vertex   -3.699490e+01 3.159112e+01 -1.400000e+02
      vertex   -3.769520e+01 3.075213e+01 -1.532058e+02
      vertex   -3.871946e+01 2.945208e+01 -1.400000e+02
    endloop
  endfacet
  facet normal -7.941404e-01 6.077318e-01 -1.766253e-03
    outer loop
      vertex   -3.871946e+01 2.945208e+01 -1.400000e+02
      vertex   -3.769520e+01 3.075213e+01 -1.532058e+02
      vertex   -3.953413e+01 2.834915e+01 -1.532058e+02
    endloop
  endfacet
  facet normal -8.126904e-01 5.826939e-01 1.469236e-03
    outer loop
      vertex   -3.871946e+01 2.945208e+01 -1.400000e+02
      vertex   -3.953413e+01 2.834915e+01 -1.532058e+02
      vertex   -4.032050e+01 2.721908e+01 -1.400000e+02
    endloop
  endfacet
  facet normal -8.303867e-01 5.571847e-01 -1.767459e-03
    outer loop
      vertex   -4.032050e+01 2.721908e+01 -1.400000e+02
      vertex   -3.953413e+01 2.834915e+01 -1.532058e+02
      vertex   -4.122011e+01 2.583649e+01 -1.532058e+02
    endloop
  endfacet
  facet normal -8.442919e-01 5.358818e-01 1.410139e-03
    outer loop
      vertex   -4.032050e+01 2.721908e+01 -1.400000e+02
      vertex   -4.122011e+01 2.583649e+01 -1.532058e+02
      vertex   -4.179292e+01 2.489926e+01 -1.400000e+02
    endloop
  endfacet
  facet normal -8.634205e-01 5.044822e-01 -1.648059e-03
    outer loop
      vertex   -4.179292e+01 2.489926e+01 -1.400000e+02
      vertex   -4.122011e+01 2.583649e+01 -1.532058e+02
      vertex   -4.274662e+01 2.322387e+01 -1.532058e+02
    endloop
  endfacet
  facet normal -8.732002e-01 4.873602e-01 1.230438e-03
    outer loop
      vertex   -4.179292e+01 2.489926e+01 -1.400000e+02
      vertex   -4.274662e+01 2.322387e+01 -1.532058e+02
      vertex   -4.313202e+01 2.250000e+01 -1.400000e+02
    endloop
  endfacet
  facet normal -8.924178e-01 4.512081e-01 -1.312084e-03
    outer loop
      vertex   -4.313202e+01 2.250000e+01 -1.400000e+02
      vertex   -4.274662e+01 2.322387e+01 -1.532058e+02
      vertex   -4.372564e+01 2.132345e+01 -1.408474e+02
    endloop
  endfacet
  facet normal -8.931139e-01 4.498278e-01 -1.579483e-03
    outer loop
      vertex   -4.372564e+01 2.132345e+01 -1.408474e+02
      vertex   -4.274662e+01 2.322387e+01 -1.532058e+02
      vertex   -4.410775e+01 2.052140e+01 -1.532058e+02
    endloop
  endfacet
  facet normal -9.049570e-01 4.255029e-01 3.653483e-04
    outer loop
      vertex   -4.372564e+01 2.132345e+01 -1.408474e+02
      vertex   -4.410775e+01 2.052140e+01 -1.532058e+02
      vertex   -4.430032e+01 2.010191e+01 -1.416567e+02
    endloop
  endfacet
  facet normal -9.163184e-01 4.004499e-01 -7.340901e-04
    outer loop
      vertex   -4.430032e+01 2.010191e+01 -1.416567e+02
      vertex   -4.410775e+01 2.052140e+01 -1.532058e+02
      vertex   -4.485216e+01 1.883778e+01 -1.424246e+02
    endloop
  endfacet
  facet normal -9.193511e-01 3.934328e-01 -2.039309e-03
    outer loop
      vertex   -4.485216e+01 1.883778e+01 -1.424246e+02
      vertex   -4.410775e+01 2.052140e+01 -1.532058e+02
      vertex   -4.529823e+01 1.773954e+01 -1.532058e+02
    endloop
  endfacet
  facet normal -9.275527e-01 3.736923e-01 3.109085e-04
    outer loop
      vertex   -4.485216e+01 1.883778e+01 -1.424246e+02
      vertex   -4.529823e+01 1.773954e+01 -1.532058e+02
      vertex   -4.537769e+01 1.753396e+01 -1.431477e+02
    endloop
  endfacet
  facet normal -9.378706e-01 3.469851e-01 -3.164747e-04
    outer loop
      vertex   -4.537769e+01 1.753396e+01 -1.431477e+02
      vertex   -4.529823e+01 1.773954e+01 -1.532058e+02
      vertex   -4.587343e+01 1.619340e+01 -1.438231e+02
    endloop
  endfacet
  facet normal -9.420314e-01 3.355157e-01 -2.461569e-03
    outer loop
      vertex   -4.587343e+01 1.619340e+01 -1.438231e+02
      vertex   -4.529823e+01 1.773954e+01 -1.532058e+02
      vertex   -4.631347e+01 1.488905e+01 -1.532058e+02
    endloop
  endfacet
  facet normal -9.477924e-01 3.188880e-01 1.201630e-04
    outer loop
      vertex   -4.587343e+01 1.619340e+01 -1.438231e+02
      vertex   -4.631347e+01 1.488905e+01 -1.532058e+02
      vertex   -4.633592e+01 1.481903e+01 -1.444477e+02
    endloop
  endfacet
  facet normal -9.569932e-01 2.901103e-01 -1.335205e-04
    outer loop
      vertex   -4.633592e+01 1.481903e+01 -1.444477e+02
      vertex   -4.631347e+01 1.488905e+01 -1.532058e+02
      vertex   -4.676195e+01 1.341339e+01 -1.450188e+02
    endloop
  endfacet
  facet normal -9.610670e-01 2.763006e-01 -2.845815e-03
    outer loop
      vertex   -4.676195e+01 1.341339e+01 -1.450188e+02
      vertex   -4.631347e+01 1.488905e+01 -1.532058e+02
      vertex   -4.714953e+01 1.198096e+01 -1.532058e+02
    endloop
  endfacet
  facet normal -9.654016e-01 2.607678e-01 7.707597e-05
    outer loop
      vertex   -4.676195e+01 1.341339e+01 -1.450188e+02
      vertex   -4.714953e+01 1.198096e+01 -1.532058e+02
      vertex   -4.714929e+01 1.197957e+01 -1.455344e+02
    endloop
  endfacet
  facet normal -9.728934e-01 2.312538e-01 7.194335e-05
    outer loop
      vertex   -4.714929e+01 1.197957e+01 -1.455344e+02
      vertex   -4.714953e+01 1.198096e+01 -1.532058e+02
      vertex   -4.749587e+01 1.052164e+01 -1.459930e+02
    endloop
  endfacet
  facet normal -9.763845e-01 2.160167e-01 -3.178550e-03
    outer loop
      vertex   -4.749587e+01 1.052164e+01 -1.459930e+02
      vertex   -4.714953e+01 1.198096e+01 -1.532058e+02
      vertex   -4.780317e+01 9.026515e+00 -1.532058e+02
    endloop
  endfacet
  facet normal -9.795250e-01 2.013226e-01 1.216767e-06
    outer loop
      vertex   -4.749587e+01 1.052164e+01 -1.459930e+02
      vertex   -4.780317e+01 9.026515e+00 -1.532058e+02
      vertex   -4.779963e+01 9.043719e+00 -1.463929e+02
    endloop
  endfacet
  facet normal -9.853166e-01 1.707374e-01 8.146541e-05
    outer loop
      vertex   -4.779963e+01 9.043719e+00 -1.463929e+02
      vertex   -4.780317e+01 9.026515e+00 -1.532058e+02
      vertex   -4.805851e+01 7.549893e+00 -1.467321e+02
    endloop
  endfacet
  facet normal -9.879239e-01 1.548972e-01 -3.634496e-03
    outer loop
      vertex   -4.805851e+01 7.549893e+00 -1.467321e+02
      vertex   -4.780317e+01 9.026515e+00 -1.532058e+02
      vertex   -4.827188e+01 6.037148e+00 -1.532058e+02
    endloop
  endfacet
  facet normal -9.902145e-01 1.395539e-01 2.637168e-05
    outer loop
      vertex   -4.805851e+01 7.549893e+00 -1.467321e+02
      vertex   -4.827188e+01 6.037148e+00 -1.532058e+02
      vertex   -4.827070e+01 6.044350e+00 -1.470094e+02
    endloop
  endfacet
  facet normal -9.941012e-01 1.084567e-01 6.325680e-05
    outer loop
      vertex   -4.827070e+01 6.044350e+00 -1.470094e+02
      vertex   -4.827188e+01 6.037148e+00 -1.532058e+02
      vertex   -4.843574e+01 4.531757e+00 -1.472245e+02
    endloop
  endfacet
  facet normal -9.956421e-01 9.317859e-02 -3.824235e-03
    outer loop
      vertex   -4.843574e+01 4.531757e+00 -1.472245e+02
      vertex   -4.827188e+01 6.037148e+00 -1.532058e+02
      vertex   -4.855383e+01 3.024424e+00 -1.532058e+02
    endloop
  endfacet
  facet normal -9.969866e-01 7.757422e-02 1.347586e-04
    outer loop
      vertex   -4.843574e+01 4.531757e+00 -1.472245e+02
      vertex   -4.855383e+01 3.024424e+00 -1.532058e+02
      vertex   -4.855362e+01 3.016947e+00 -1.473778e+02
    endloop
  endfacet
  facet normal -9.989081e-01 4.671800e-02 9.523980e-05
    outer loop
      vertex   -4.855362e+01 3.016947e+00 -1.473778e+02
      vertex   -4.855383e+01 3.024424e+00 -1.532058e+02
      vertex   -4.862435e+01 1.504751e+00 -1.474695e+02
    endloop
  endfacet
  facet normal -9.995081e-01 3.109961e-02 -4.049824e-03
    outer loop
      vertex   -4.862435e+01 1.504751e+00 -1.474695e+02
      vertex   -4.855383e+01 3.024424e+00 -1.532058e+02
      vertex   -4.864793e+01 5.957653e-15 -1.532058e+02
    endloop
  endfacet
  facet normal -9.998773e-01 1.566706e-02 3.393975e-17
    outer loop
      vertex   -4.862435e+01 1.504751e+00 -1.474695e+02
      vertex   -4.864793e+01 5.957653e-15 -1.532058e+02
      vertex   -4.864793e+01 -6.245005e-15 -1.475000e+02
    endloop
  endfacet
  facet normal -9.998773e-01 -1.566706e-02 -3.350649e-17
    outer loop
      vertex   -4.864793e+01 -6.245005e-15 -1.475000e+02
      vertex   -4.864793e+01 5.957653e-15 -1.532058e+02
      vertex   -4.862435e+01 -1.504751e+00 -1.474695e+02
    endloop
  endfacet
  facet normal -9.995081e-01 -3.109961e-02 -4.049824e-03
    outer loop
      vertex   -4.862435e+01 -1.504751e+00 -1.474695e+02
      vertex   -4.864793e+01 5.957653e-15 -1.532058e+02
      vertex   -4.855383e+01 -3.024424e+00 -1.532058e+02
    endloop
  endfacet
  facet normal -9.989081e-01 -4.671800e-02 9.523980e-05
    outer loop
      vertex   -4.862435e+01 -1.504751e+00 -1.474695e+02
      vertex   -4.855383e+01 -3.024424e+00 -1.532058e+02
      vertex   -4.855362e+01 -3.016947e+00 -1.473778e+02
    endloop
  endfacet
  facet normal -9.969866e-01 -7.757422e-02 1.347586e-04
    outer loop
      vertex   -4.855362e+01 -3.016947e+00 -1.473778e+02
      vertex   -4.855383e+01 -3.024424e+00 -1.532058e+02
      vertex   -4.843574e+01 -4.531757e+00 -1.472245e+02
    endloop
  endfacet
  facet normal -9.956421e-01 -9.317859e-02 -3.824235e-03
    outer loop
      vertex   -4.843574e+01 -4.531757e+00 -1.472245e+02
      vertex   -4.855383e+01 -3.024424e+00 -1.532058e+02
      vertex   -4.827188e+01 -6.037148e+00 -1.532058e+02
    endloop
  endfacet
  facet normal -9.941012e-01 -1.084567e-01 6.325680e-05
    outer loop
      vertex   -4.843574e+01 -4.531757e+00 -1.472245e+02
      vertex   -4.827188e+01 -6.037148e+00 -1.532058e+02
      vertex   -4.827070e+01 -6.044350e+00 -1.470094e+02
    endloop
  endfacet
  facet normal -9.902145e-01 -1.395539e-01 2.637168e-05
    outer loop
      vertex   -4.827070e+01 -6.044350e+00 -1.470094e+02
      vertex   -4.827188e+01 -6.037148e+00 -1.532058e+02
      vertex   -4.805851e+01 -7.549893e+00 -1.467321e+02
    endloop
  endfacet
  facet normal -9.879239e-01 -1.548972e-01 -3.634496e-03
    outer loop
      vertex   -4.805851e+01 -7.549893e+00 -1.467321e+02
      vertex   -4.827188e+01 -6.037148e+00 -1.532058e+02
      vertex   -4.780317e+01 -9.026515e+00 -1.532058e+02
    endloop
  endfacet
  facet normal -9.853166e-01 -1.707374e-01 8.146541e-05
    outer loop
      vertex   -4.805851e+01 -7.549893e+00 -1.467321e+02
      vertex   -4.780317e+01 -9.026515e+00 -1.532058e+02
      vertex   -4.779963e+01 -9.043719e+00 -1.463929e+02
    endloop
  endfacet
  facet normal -9.795250e-01 -2.013226e-01 1.216767e-06
    outer loop
      vertex   -4.779963e+01 -9.043719e+00 -1.463929e+02
      vertex   -4.780317e+01 -9.026515e+00 -1.532058e+02
      vertex   -4.749587e+01 -1.052164e+01 -1.459930e+02
    endloop
  endfacet
  facet normal -9.763845e-01 -2.160167e-01 -3.178550e-03
    outer loop
      vertex   -4.749587e+01 -1.052164e+01 -1.459930e+02
      vertex   -4.780317e+01 -9.026515e+00 -1.532058e+02
      vertex   -4.714953e+01 -1.198096e+01 -1.532058e+02
    endloop
  endfacet
  facet normal -9.728934e-01 -2.312538e-01 7.194335e-05
    outer loop
      vertex   -4.749587e+01 -1.052164e+01 -1.459930e+02
      vertex   -4.714953e+01 -1.198096e+01 -1.532058e+02
      vertex   -4.714929e+01 -1.197957e+01 -1.455344e+02
    endloop
  endfacet
  facet normal -9.654016e-01 -2.607678e-01 7.707597e-05
    outer loop
      vertex   -4.714929e+01 -1.197957e+01 -1.455344e+02
      vertex   -4.714953e+01 -1.198096e+01 -1.532058e+02
      vertex   -4.676195e+01 -1.341339e+01 -1.450188e+02
    endloop
  endfacet
  facet normal -9.610670e-01 -2.763006e-01 -2.845815e-03
    outer loop
      vertex   -4.676195e+01 -1.341339e+01 -1.450188e+02
      vertex   -4.714953e+01 -1.198096e+01 -1.532058e+02
      vertex   -4.631347e+01 -1.488905e+01 -1.532058e+02
    endloop
  endfacet
  facet normal -9.569932e-01 -2.901103e-01 -1.335205e-04
    outer loop
      vertex   -4.676195e+01 -1.341339e+01 -1.450188e+02
      vertex   -4.631347e+01 -1.488905e+01 -1.532058e+02
      vertex   -4.633592e+01 -1.481903e+01 -1.444477e+02
    endloop
  endfacet
  facet normal -9.477924e-01 -3.188880e-01 1.201630e-04
    outer loop
      vertex   -4.633592e+01 -1.481903e+01 -1.444477e+02
      vertex   -4.631347e+01 -1.488905e+01 -1.532058e+02
      vertex   -4.587343e+01 -1.619340e+01 -1.438231e+02
    endloop
  endfacet
  facet normal -9.420314e-01 -3.355157e-01 -2.461569e-03
    outer loop
      vertex   -4.587343e+01 -1.619340e+01 -1.438231e+02
      vertex   -4.631347e+01 -1.488905e+01 -1.532058e+02
      vertex   -4.529823e+01 -1.773954e+01 -1.532058e+02
    endloop
  endfacet
  facet normal -9.378706e-01 -3.469851e-01 -3.164747e-04
    outer loop
      vertex   -4.587343e+01 -1.619340e+01 -1.438231e+02
      vertex   -4.529823e+01 -1.773954e+01 -1.532058e+02
      vertex   -4.537769e+01 -1.753396e+01 -1.431477e+02
    endloop
  endfacet
  facet normal -9.275527e-01 -3.736923e-01 3.109085e-04
    outer loop
      vertex   -4.537769e+01 -1.753396e+01 -1.431477e+02
      vertex   -4.529823e+01 -1.773954e+01 -1.532058e+02
      vertex   -4.485216e+01 -1.883778e+01 -1.424246e+02
    endloop
  endfacet
  facet normal -9.193511e-01 -3.934328e-01 -2.039309e-03
    outer loop
      vertex   -4.485216e+01 -1.883778e+01 -1.424246e+02
      vertex   -4.529823e+01 -1.773954e+01 -1.532058e+02
      vertex   -4.410775e+01 -2.052140e+01 -1.532058e+02
    endloop
  endfacet
  facet normal -9.163184e-01 -4.004499e-01 -7.340901e-04
    outer loop
      vertex   -4.485216e+01 -1.883778e+01 -1.424246e+02
      vertex   -4.410775e+01 -2.052140e+01 -1.532058e+02
      vertex   -4.430032e+01 -2.010191e+01 -1.416567e+02
    endloop
  endfacet
  facet normal -9.049570e-01 -4.255029e-01 3.653483e-04
    outer loop
      vertex   -4.430032e+01 -2.010191e+01 -1.416567e+02
      vertex   -4.410775e+01 -2.052140e+01 -1.532058e+02
      vertex   -4.372564e+01 -2.132345e+01 -1.408474e+02
    endloop
  endfacet
  facet normal -8.931139e-01 -4.498278e-01 -1.579483e-03
    outer loop
      vertex   -4.372564e+01 -2.132345e+01 -1.408474e+02
      vertex   -4.410775e+01 -2.052140e+01 -1.532058e+02
      vertex   -4.274662e+01 -2.322387e+01 -1.532058e+02
    endloop
  endfacet
  facet normal -8.924178e-01 -4.512081e-01 -1.312084e-03
    outer loop
      vertex   -4.372564e+01 -2.132345e+01 -1.408474e+02
      vertex   -4.274662e+01 -2.322387e+01 -1.532058e+02
      vertex   -4.313202e+01 -2.250000e+01 -1.400000e+02
    endloop
  endfacet
  facet normal -8.717838e-01 -4.898887e-01 1.410374e-03
    outer loop
      vertex   -4.313202e+01 -2.250000e+01 -1.400000e+02
      vertex   -4.274662e+01 -2.322387e+01 -1.532058e+02
      vertex   -4.164790e+01 -2.514108e+01 -1.400000e+02
    endloop
  endfacet
  facet normal -8.634209e-01 -5.044824e-01 -1.404135e-03
    outer loop
      vertex   -4.164790e+01 -2.514108e+01 -1.400000e+02
      vertex   -4.274662e+01 -2.322387e+01 -1.532058e+02
      vertex   -4.122011e+01 -2.583649e+01 -1.532058e+02
    endloop
  endfacet
  facet normal -8.396007e-01 -5.432022e-01 1.406440e-03
    outer loop
      vertex   -4.164790e+01 -2.514108e+01 -1.400000e+02
      vertex   -4.122011e+01 -2.583649e+01 -1.532058e+02
      vertex   -4.000225e+01 -2.768467e+01 -1.400000e+02
    endloop
  endfacet
  facet normal -8.303872e-01 -5.571851e-01 -1.400190e-03
    outer loop
      vertex   -4.000225e+01 -2.768467e+01 -1.400000e+02
      vertex   -4.122011e+01 -2.583649e+01 -1.532058e+02
      vertex   -3.953413e+01 -2.834915e+01 -1.532058e+02
    endloop
  endfacet
  facet normal -8.041616e-01 -5.944091e-01 1.402485e-03
    outer loop
      vertex   -4.000225e+01 -2.768467e+01 -1.400000e+02
      vertex   -3.953413e+01 -2.834915e+01 -1.532058e+02
      vertex   -3.820148e+01 -3.012089e+01 -1.400000e+02
    endloop
  endfacet
  facet normal -7.941409e-01 -6.077321e-01 -1.396225e-03
    outer loop
      vertex   -3.820148e+01 -3.012089e+01 -1.400000e+02
      vertex   -3.953413e+01 -2.834915e+01 -1.532058e+02
      vertex   -3.769520e+01 -3.075213e+01 -1.532058e+02
    endloop
  endfacet
  facet normal -7.656039e-01 -6.433108e-01 1.398509e-03
    outer loop
      vertex   -3.820148e+01 -3.012089e+01 -1.400000e+02
      vertex   -3.769520e+01 -3.075213e+01 -1.532058e+02
      vertex   -3.625256e+01 -3.244030e+01 -1.400000e+02
    endloop
  endfacet
  facet normal -7.548222e-01 -6.559280e-01 -1.392239e-03
    outer loop
      vertex   -3.625256e+01 -3.244030e+01 -1.400000e+02
      vertex   -3.769520e+01 -3.075213e+01 -1.532058e+02
      vertex   -3.571043e+01 -3.303614e+01 -1.532058e+02
    endloop
  endfacet
  facet normal -7.240770e-01 -6.897177e-01 1.394513e-03
    outer loop
      vertex   -3.625256e+01 -3.244030e+01 -1.400000e+02
      vertex   -3.571043e+01 -3.303614e+01 -1.532058e+02
      vertex   -3.416305e+01 -3.463390e+01 -1.400000e+02
    endloop
  endfacet
  facet normal -7.125833e-01 -7.015862e-01 -1.388233e-03
    outer loop
      vertex   -3.416305e+01 -3.463390e+01 -1.400000e+02
      vertex   -3.571043e+01 -3.303614e+01 -1.532058e+02
      vertex   -3.358751e+01 -3.519234e+01 -1.532058e+02
    endloop
  endfacet
  facet normal -6.797422e-01 -7.334498e-01 1.390497e-03
    outer loop
      vertex   -3.416305e+01 -3.463390e+01 -1.400000e+02
      vertex   -3.358751e+01 -3.519234e+01 -1.532058e+02
      vertex   -3.194105e+01 -3.669319e+01 -1.400000e+02
    endloop
  endfacet
  facet normal -6.675875e-01 -7.445301e-01 -1.384206e-03
    outer loop
      vertex   -3.194105e+01 -3.669319e+01 -1.400000e+02
      vertex   -3.358751e+01 -3.519234e+01 -1.532058e+02
      vertex   -3.133464e+01 -3.721239e+01 -1.532058e+02
    endloop
  endfacet
  facet normal -6.327713e-01 -7.743375e-01 1.386460e-03
    outer loop
      vertex   -3.194105e+01 -3.669319e+01 -1.400000e+02
      vertex   -3.133464e+01 -3.721239e+01 -1.532058e+02
      vertex   -2.959518e+01 -3.861019e+01 -1.400000e+02
    endloop
  endfacet
  facet normal -6.200090e-01 -7.845935e-01 -1.380159e-03
    outer loop
      vertex   -2.959518e+01 -3.861019e+01 -1.400000e+02
      vertex   -3.133464e+01 -3.721239e+01 -1.532058e+02
      vertex   -2.896055e+01 -3.908847e+01 -1.532058e+02
    endloop
  endfacet
  facet normal -5.833464e-01 -8.122223e-01 1.382403e-03
    outer loop
      vertex   -2.959518e+01 -3.861019e+01 -1.400000e+02
      vertex   -2.896055e+01 -3.908847e+01 -1.532058e+02
      vertex   -2.713454e+01 -4.037744e+01 -1.400000e+02
    endloop
  endfacet
  facet normal -5.700317e-01 -8.216215e-01 -1.376092e-03
    outer loop
      vertex   -2.713454e+01 -4.037744e+01 -1.400000e+02
      vertex   -2.896055e+01 -3.908847e+01 -1.532058e+02
      vertex   -2.647441e+01 -4.081332e+01 -1.532058e+02
    endloop
  endfacet
  facet normal -5.316592e-01 -8.469572e-01 1.378325e-03
    outer loop
      vertex   -2.713454e+01 -4.037744e+01 -1.400000e+02
      vertex   -2.647441e+01 -4.081332e+01 -1.532058e+02
      vertex   -2.456867e+01 -4.198811e+01 -1.400000e+02
    endloop
  endfacet
  facet normal -5.178491e-01 -8.554709e-01 -1.372003e-03
    outer loop
      vertex   -2.456867e+01 -4.198811e+01 -1.400000e+02
      vertex   -2.647441e+01 -4.081332e+01 -1.532058e+02
      vertex   -2.388585e+01 -4.238027e+01 -1.532058e+02
    endloop
  endfacet
  facet normal -4.779102e-01 -8.784076e-01 1.374226e-03
    outer loop
      vertex   -2.456867e+01 -4.198811e+01 -1.400000e+02
      vertex   -2.388585e+01 -4.238027e+01 -1.532058e+02
      vertex   -2.190752e+01 -4.343595e+01 -1.400000e+02
    endloop
  endfacet
  facet normal -4.636631e-01 -8.860105e-01 -1.367895e-03
    outer loop
      vertex   -2.190752e+01 -4.343595e+01 -1.400000e+02
      vertex   -2.388585e+01 -4.238027e+01 -1.532058e+02
      vertex   -2.120488e+01 -4.378327e+01 -1.532058e+02
    endloop
  endfacet
  facet normal -4.223079e-01 -9.064514e-01 1.370107e-03
    outer loop
      vertex   -2.190752e+01 -4.343595e+01 -1.400000e+02
      vertex   -2.120488e+01 -4.378327e+01 -1.532058e+02
      vertex   -1.916141e+01 -4.471534e+01 -1.400000e+02
    endloop
  endfacet
  facet normal -4.076832e-01 -9.131224e-01 -1.363766e-03
    outer loop
      vertex   -1.916141e+01 -4.471534e+01 -1.400000e+02
      vertex   -2.120488e+01 -4.378327e+01 -1.532058e+02
      vertex   -1.844187e+01 -4.501687e+01 -1.532058e+02
    endloop
  endfacet
  facet normal -3.650678e-01 -9.309799e-01 1.365968e-03
    outer loop
      vertex   -1.916141e+01 -4.471534e+01 -1.400000e+02
      vertex   -1.844187e+01 -4.501687e+01 -1.532058e+02
      vertex   -1.634099e+01 -4.582132e+01 -1.400000e+02
    endloop
  endfacet
  facet normal -3.501261e-01 -9.367016e-01 -1.359616e-03
    outer loop
      vertex   -1.634099e+01 -4.582132e+01 -1.400000e+02
      vertex   -1.844187e+01 -4.501687e+01 -1.532058e+02
      vertex   -1.560751e+01 -4.607632e+01 -1.532058e+02
    endloop
  endfacet
  facet normal -3.064119e-01 -9.518980e-01 1.361808e-03
    outer loop
      vertex   -1.634099e+01 -4.582132e+01 -1.400000e+02
      vertex   -1.560751e+01 -4.607632e+01 -1.532058e+02
      vertex   -1.345720e+01 -4.674960e+01 -1.400000e+02
    endloop
  endfacet
  facet normal -2.912144e-01 -9.566568e-01 -1.355446e-03
    outer loop
      vertex   -1.345720e+01 -4.674960e+01 -1.400000e+02
      vertex   -1.560751e+01 -4.607632e+01 -1.532058e+02
      vertex   -1.271277e+01 -4.695750e+01 -1.532058e+02
    endloop
  endfacet
  facet normal -2.465678e-01 -9.691246e-01 1.357628e-03
    outer loop
      vertex   -1.345720e+01 -4.674960e+01 -1.400000e+02
      vertex   -1.271277e+01 -4.695750e+01 -1.532058e+02
      vertex   -1.052122e+01 -4.749658e+01 -1.400000e+02
    endloop
  endfacet
  facet normal -2.311761e-01 -9.729110e-01 -1.351255e-03
    outer loop
      vertex   -1.052122e+01 -4.749658e+01 -1.400000e+02
      vertex   -1.271277e+01 -4.695750e+01 -1.532058e+02
      vertex   -9.768849e+00 -4.765701e+01 -1.532058e+02
    endloop
  endfacet
  facet normal -1.857674e-01 -9.825928e-01 1.353427e-03
    outer loop
      vertex   -1.052122e+01 -4.749658e+01 -1.400000e+02
      vertex   -9.768849e+00 -4.765701e+01 -1.532058e+02
      vertex   -7.544437e+00 -4.805937e+01 -1.400000e+02
    endloop
  endfacet
  facet normal -1.702434e-01 -9.854011e-01 -1.347044e-03
    outer loop
      vertex   -7.544437e+00 -4.805937e+01 -1.400000e+02
      vertex   -9.768849e+00 -4.765701e+01 -1.532058e+02
      vertex   -6.787133e+00 -4.817215e+01 -1.532058e+02
    endloop
  endfacet
  facet normal -1.242466e-01 -9.922504e-01 1.349206e-03
    outer loop
      vertex   -7.544437e+00 -4.805937e+01 -1.400000e+02
      vertex   -6.787133e+00 -4.817215e+01 -1.532058e+02
      vertex   -4.538397e+00 -4.843577e+01 -1.400000e+02
    endloop
  endfacet
  facet normal -1.086521e-01 -9.940789e-01 -1.342813e-03
    outer loop
      vertex   -4.538397e+00 -4.843577e+01 -1.400000e+02
      vertex   -6.787133e+00 -4.817215e+01 -1.532058e+02
      vertex   -3.779159e+00 -4.850092e+01 -1.532058e+02
    endloop
  endfacet
  facet normal -6.224401e-02 -9.980601e-01 1.344964e-03
    outer loop
      vertex   -4.538397e+00 -4.843577e+01 -1.400000e+02
      vertex   -3.779159e+00 -4.850092e+01 -1.532058e+02
      vertex   -1.514757e+00 -4.862434e+01 -1.400000e+02
    endloop
  endfacet
  facet normal -4.664035e-02 -9.989108e-01 -1.338561e-03
    outer loop
      vertex   -1.514757e+00 -4.862434e+01 -1.400000e+02
      vertex   -3.779159e+00 -4.850092e+01 -1.532058e+02
      vertex   -7.565635e-01 -4.864205e+01 -1.532058e+02
    endloop
  endfacet
  facet normal 0.000000e+00 -9.999991e-01 1.340702e-03
    outer loop
      vertex   -1.514757e+00 -4.862434e+01 -1.400000e+02
      vertex   -7.565635e-01 -4.864205e+01 -1.532058e+02
      vertex   1.514757e+00 -4.862434e+01 -1.400000e+02
    endloop
  endfacet
  facet normal 1.555180e-02 -9.998782e-01 -1.334288e-03
    outer loop
      vertex   1.514757e+00 -4.862434e+01 -1.400000e+02
      vertex   -7.565635e-01 -4.864205e+01 -1.532058e+02
      vertex   2.268959e+00 -4.859499e+01 -1.532058e+02
    endloop
  endfacet
  facet normal 6.224401e-02 -9.980601e-01 1.336419e-03
    outer loop
      vertex   1.514757e+00 -4.862434e+01 -1.400000e+02
      vertex   2.268959e+00 -4.859499e+01 -1.532058e+02
      vertex   4.538397e+00 -4.843577e+01 -1.400000e+02
    endloop
  endfacet
  facet normal 7.768378e-02 -9.969772e-01 -1.329995e-03
    outer loop
      vertex   4.538397e+00 -4.843577e+01 -1.400000e+02
      vertex   2.268959e+00 -4.859499e+01 -1.532058e+02
      vertex   5.285702e+00 -4.835993e+01 -1.532058e+02
    endloop
  endfacet
  facet normal 1.242466e-01 -9.922505e-01 1.332116e-03
    outer loop
      vertex   4.538397e+00 -4.843577e+01 -1.400000e+02
      vertex   5.285702e+00 -4.835993e+01 -1.532058e+02
      vertex   7.544437e+00 -4.805937e+01 -1.400000e+02
    endloop
  endfacet
  facet normal 1.395152e-01 -9.902190e-01 -1.325682e-03
    outer loop
      vertex   7.544437e+00 -4.805937e+01 -1.400000e+02
      vertex   5.285702e+00 -4.835993e+01 -1.532058e+02
      vertex   8.281997e+00 -4.793777e+01 -1.532058e+02
    endloop
  endfacet
  facet normal 1.857674e-01 -9.825928e-01 1.327792e-03
    outer loop
      vertex   7.544437e+00 -4.805937e+01 -1.400000e+02
      vertex   8.281997e+00 -4.793777e+01 -1.532058e+02
      vertex   1.052122e+01 -4.749658e+01 -1.400000e+02
    endloop
  endfacet
  facet normal 2.008069e-01 -9.796300e-01 -1.321348e-03
    outer loop
      vertex   1.052122e+01 -4.749658e+01 -1.400000e+02
      vertex   8.281997e+00 -4.793777e+01 -1.532058e+02
      vertex   1.124625e+01 -4.733015e+01 -1.532058e+02
    endloop
  endfacet
  facet normal 2.465678e-01 -9.691246e-01 1.323448e-03
    outer loop
      vertex   1.052122e+01 -4.749658e+01 -1.400000e+02
      vertex   1.124625e+01 -4.733015e+01 -1.532058e+02
      vertex   1.345720e+01 -4.674960e+01 -1.400000e+02
    endloop
  endfacet
  facet normal 2.613217e-01 -9.652509e-01 -1.316993e-03
    outer loop
      vertex   1.345720e+01 -4.674960e+01 -1.400000e+02
      vertex   1.124625e+01 -4.733015e+01 -1.532058e+02
      vertex   1.416699e+01 -4.653942e+01 -1.532058e+02
    endloop
  endfacet
  facet normal 3.064120e-01 -9.518981e-01 1.319083e-03
    outer loop
      vertex   1.345720e+01 -4.674960e+01 -1.400000e+02
      vertex   1.416699e+01 -4.653942e+01 -1.532058e+02
      vertex   1.634099e+01 -4.582132e+01 -1.400000e+02
    endloop
  endfacet
  facet normal 3.208255e-01 -9.471374e-01 -1.312619e-03
    outer loop
      vertex   1.634099e+01 -4.582132e+01 -1.400000e+02
      vertex   1.416699e+01 -4.653942e+01 -1.532058e+02
      vertex   1.703293e+01 -4.556864e+01 -1.532058e+02
    endloop
  endfacet
  facet normal 3.650678e-01 -9.309800e-01 1.314698e-03
    outer loop
      vertex   1.634099e+01 -4.582132e+01 -1.400000e+02
      vertex   1.703293e+01 -4.556864e+01 -1.532058e+02
      vertex   1.916141e+01 -4.471534e+01 -1.400000e+02
    endloop
  endfacet
  facet normal 3.790881e-01 -9.253597e-01 -1.308223e-03
    outer loop
      vertex   1.916141e+01 -4.471534e+01 -1.400000e+02
      vertex   1.703293e+01 -4.556864e+01 -1.532058e+02
      vertex   1.983296e+01 -4.442156e+01 -1.532058e+02
    endloop
  endfacet
  facet normal 4.223079e-01 -9.064515e-01 1.310292e-03
    outer loop
      vertex   1.916141e+01 -4.471534e+01 -1.400000e+02
      vertex   1.983296e+01 -4.442156e+01 -1.532058e+02
      vertex   2.190752e+01 -4.343595e+01 -1.400000e+02
    endloop
  endfacet
  facet normal 4.358840e-01 -9.000019e-01 -1.303807e-03
    outer loop
      vertex   2.190752e+01 -4.343595e+01 -1.400000e+02
      vertex   1.983296e+01 -4.442156e+01 -1.532058e+02
      vertex   2.255627e+01 -4.310262e+01 -1.532058e+02
    endloop
  endfacet
  facet normal 4.779103e-01 -8.784077e-01 1.305866e-03
    outer loop
      vertex   2.190752e+01 -4.343595e+01 -1.400000e+02
      vertex   2.255627e+01 -4.310262e+01 -1.532058e+02
      vertex   2.456867e+01 -4.198811e+01 -1.400000e+02
    endloop
  endfacet
  facet normal 4.909937e-01 -8.711622e-01 -1.299371e-03
    outer loop
      vertex   2.456867e+01 -4.198811e+01 -1.400000e+02
      vertex   2.255627e+01 -4.310262e+01 -1.532058e+02
      vertex   2.519231e+01 -4.161693e+01 -1.532058e+02
    endloop
  endfacet
  facet normal 5.316593e-01 -8.469573e-01 1.301419e-03
    outer loop
      vertex   2.456867e+01 -4.198811e+01 -1.400000e+02
      vertex   2.519231e+01 -4.161693e+01 -1.532058e+02
      vertex   2.713454e+01 -4.037744e+01 -1.400000e+02
    endloop
  endfacet
  facet normal 5.442037e-01 -8.389521e-01 -1.294914e-03
    outer loop
      vertex   2.713454e+01 -4.037744e+01 -1.400000e+02
      vertex   2.519231e+01 -4.161693e+01 -1.532058e+02
      vertex   2.773089e+01 -3.997023e+01 -1.532058e+02
    endloop
  endfacet
  facet normal 5.833464e-01 -8.122224e-01 1.296952e-03
    outer loop
      vertex   2.713454e+01 -4.037744e+01 -1.400000e+02
      vertex   2.773089e+01 -3.997023e+01 -1.532058e+02
      vertex   2.959518e+01 -3.861019e+01 -1.400000e+02
    endloop
  endfacet
  facet normal 5.953084e-01 -8.034963e-01 -1.290437e-03
    outer loop
      vertex   2.959518e+01 -3.861019e+01 -1.400000e+02
      vertex   2.773089e+01 -3.997023e+01 -1.532058e+02
      vertex   3.016218e+01 -3.816889e+01 -1.532058e+02
    endloop
  endfacet
  facet normal 6.327713e-01 -7.743376e-01 1.292465e-03
    outer loop
      vertex   2.959518e+01 -3.861019e+01 -1.400000e+02
      vertex   3.016218e+01 -3.816889e+01 -1.532058e+02
      vertex   3.194105e+01 -3.669319e+01 -1.400000e+02
    endloop
  endfacet
  facet normal 6.441099e-01 -7.649319e-01 -1.285939e-03
    outer loop
      vertex   3.194105e+01 -3.669319e+01 -1.400000e+02
      vertex   3.016218e+01 -3.816889e+01 -1.532058e+02
      vertex   3.247678e+01 -3.621988e+01 -1.532058e+02
    endloop
  endfacet
  facet normal 6.797423e-01 -7.334499e-01 1.287957e-03
    outer loop
      vertex   3.194105e+01 -3.669319e+01 -1.400000e+02
      vertex   3.247678e+01 -3.621988e+01 -1.532058e+02
      vertex   3.416305e+01 -3.463390e+01 -1.400000e+02
    endloop
  endfacet
  facet normal 6.904195e-01 -7.234081e-01 -1.281420e-03
    outer loop
      vertex   3.416305e+01 -3.463390e+01 -1.400000e+02
      vertex   3.247678e+01 -3.621988e+01 -1.532058e+02
      vertex   3.466574e+01 -3.413075e+01 -1.532058e+02
    endloop
  endfacet
  facet normal 7.240772e-01 -6.897178e-01 1.283428e-03
    outer loop
      vertex   3.416305e+01 -3.463390e+01 -1.400000e+02
      vertex   3.466574e+01 -3.413075e+01 -1.532058e+02
      vertex   3.625256e+01 -3.244030e+01 -1.400000e+02
    endloop
  endfacet
  facet normal 7.340579e-01 -6.790857e-01 -1.276882e-03
    outer loop
      vertex   3.625256e+01 -3.244030e+01 -1.400000e+02
      vertex   3.466574e+01 -3.413075e+01 -1.532058e+02
      vertex   3.672057e+01 -3.190957e+01 -1.532058e+02
    endloop
  endfacet
  facet normal 7.656040e-01 -6.433109e-01 1.278879e-03
    outer loop
      vertex   3.625256e+01 -3.244030e+01 -1.400000e+02
      vertex   3.672057e+01 -3.190957e+01 -1.532058e+02
      vertex   3.820148e+01 -3.012089e+01 -1.400000e+02
    endloop
  endfacet
  facet normal 7.748565e-01 -6.321359e-01 -1.272322e-03
    outer loop
      vertex   3.820148e+01 -3.012089e+01 -1.400000e+02
      vertex   3.672057e+01 -3.190957e+01 -1.532058e+02
      vertex   3.863335e+01 -2.956494e+01 -1.532058e+02
    endloop
  endfacet
  facet normal 8.041617e-01 -5.944092e-01 1.274309e-03
    outer loop
      vertex   3.820148e+01 -3.012089e+01 -1.400000e+02
      vertex   3.863335e+01 -2.956494e+01 -1.532058e+02
      vertex   4.000225e+01 -2.768467e+01 -1.400000e+02
    endloop
  endfacet
  facet normal 8.126573e-01 -5.827406e-01 -1.267742e-03
    outer loop
      vertex   4.000225e+01 -2.768467e+01 -1.400000e+02
      vertex   3.863335e+01 -2.956494e+01 -1.532058e+02
      vertex   4.039666e+01 -2.710593e+01 -1.532058e+02
    endloop
  endfacet
  facet normal 8.396009e-01 -5.432023e-01 1.269719e-03
    outer loop
      vertex   4.000225e+01 -2.768467e+01 -1.400000e+02
      vertex   4.039666e+01 -2.710593e+01 -1.532058e+02
      vertex   4.164790e+01 -2.514108e+01 -1.400000e+02
    endloop
  endfacet
  facet normal 8.473140e-01 -5.310907e-01 -1.263142e-03
    outer loop
      vertex   4.164790e+01 -2.514108e+01 -1.400000e+02
      vertex   4.039666e+01 -2.710593e+01 -1.532058e+02
      vertex   4.200368e+01 -2.454205e+01 -1.532058e+02
    endloop
  endfacet
  facet normal -5.727267e-01 8.197464e-01 -3.878994e-16
    outer loop
      vertex   -2.897705e+01 3.907623e+01 -1.400000e+02
      vertex   -2.672467e+01 4.064989e+01 -1.400000e+02
      vertex   -2.672467e+01 4.064989e+01 -1.450000e+02
    endloop
  endfacet
  facet normal 7.060886e-01 3.171048e-02 -7.074131e-01
    outer loop
      vertex   -2.340540e+01 -2.106524e+00 -1.582058e+02
      vertex   -3.340633e+01 -2.503458e+00 -1.682058e+02
      vertex   -2.350000e+01 -2.877920e-15 -1.582058e+02
    endloop
  endfacet
  facet normal 7.068594e-01 2.644881e-02 -7.068594e-01
    outer loop
      vertex   -2.350000e+01 -2.877920e-15 -1.582058e+02
      vertex   -3.340633e+01 -2.503458e+00 -1.682058e+02
      vertex   -3.350000e+01 4.102567e-15 -1.682058e+02
    endloop
  endfacet
  facet normal 7.068594e-01 -2.644881e-02 -7.068594e-01
    outer loop
      vertex   -2.350000e+01 -2.877920e-15 -1.582058e+02
      vertex   -3.350000e+01 4.102567e-15 -1.682058e+02
      vertex   -3.340633e+01 2.503458e+00 -1.682058e+02
    endloop
  endfacet
  facet normal 7.032761e-01 7.924018e-02 -7.064869e-01
    outer loop
      vertex   -3.340633e+01 -2.503458e+00 -1.682058e+02
      vertex   -2.340540e+01 -2.106524e+00 -1.582058e+02
      vertex   -3.312583e+01 -4.992916e+00 -1.682058e+02
    endloop
  endfacet
  facet normal 7.000099e-01 9.482279e-02 -7.078098e-01
    outer loop
      vertex   -3.312583e+01 -4.992916e+00 -1.682058e+02
      vertex   -2.340540e+01 -2.106524e+00 -1.582058e+02
      vertex   -2.312235e+01 -4.196087e+00 -1.582058e+02
    endloop
  endfacet
  facet normal 6.955708e-01 1.316091e-01 -7.063004e-01
    outer loop
      vertex   -3.312583e+01 -4.992916e+00 -1.682058e+02
      vertex   -2.312235e+01 -4.196087e+00 -1.582058e+02
      vertex   -3.266008e+01 -7.454451e+00 -1.682058e+02
    endloop
  endfacet
  facet normal 6.885630e-01 1.571600e-01 -7.079419e-01
    outer loop
      vertex   -3.266008e+01 -7.454451e+00 -1.682058e+02
      vertex   -2.312235e+01 -4.196087e+00 -1.582058e+02
      vertex   -2.265313e+01 -6.251866e+00 -1.582058e+02
    endloop
  endfacet
  facet normal 6.837907e-01 1.832212e-01 -7.063004e-01
    outer loop
      vertex   -3.266008e+01 -7.454451e+00 -1.682058e+02
      vertex   -2.265313e+01 -6.251866e+00 -1.582058e+02
      vertex   -3.201169e+01 -9.874298e+00 -1.682058e+02
    endloop
  endfacet
  facet normal 6.718292e-01 2.182905e-01 -7.078098e-01
    outer loop
      vertex   -3.201169e+01 -9.874298e+00 -1.682058e+02
      vertex   -2.265313e+01 -6.251866e+00 -1.582058e+02
      vertex   -2.200152e+01 -8.257308e+00 -1.582058e+02
    endloop
  endfacet
  facet normal 6.680109e-01 2.337471e-01 -7.064869e-01
    outer loop
      vertex   -3.201169e+01 -9.874298e+00 -1.682058e+02
      vertex   -2.200152e+01 -8.257308e+00 -1.582058e+02
      vertex   -3.118427e+01 -1.223892e+01 -1.682058e+02
    endloop
  endfacet
  facet normal 6.499225e-01 2.777902e-01 -7.074131e-01
    outer loop
      vertex   -3.118427e+01 -1.223892e+01 -1.682058e+02
      vertex   -2.200152e+01 -8.257308e+00 -1.582058e+02
      vertex   -2.117277e+01 -1.019627e+01 -1.582058e+02
    endloop
  endfacet
  facet normal 6.483340e-01 2.828652e-01 -7.068594e-01
    outer loop
      vertex   -3.118427e+01 -1.223892e+01 -1.682058e+02
      vertex   -2.117277e+01 -1.019627e+01 -1.582058e+02
      vertex   -3.018246e+01 -1.453511e+01 -1.682058e+02
    endloop
  endfacet
  facet normal 6.253826e-01 3.305244e-01 -7.068594e-01
    outer loop
      vertex   -3.018246e+01 -1.453511e+01 -1.682058e+02
      vertex   -2.117277e+01 -1.019627e+01 -1.582058e+02
      vertex   -2.901185e+01 -1.675000e+01 -1.682058e+02
    endloop
  endfacet
  facet normal 6.224052e-01 3.349305e-01 -7.074131e-01
    outer loop
      vertex   -2.901185e+01 -1.675000e+01 -1.682058e+02
      vertex   -2.117277e+01 -1.019627e+01 -1.582058e+02
      vertex   -2.017355e+01 -1.205313e+01 -1.582058e+02
    endloop
  endfacet
  facet normal 5.992488e-01 3.765330e-01 -7.064869e-01
    outer loop
      vertex   -2.901185e+01 -1.675000e+01 -1.682058e+02
      vertex   -2.017355e+01 -1.205313e+01 -1.582058e+02
      vertex   -2.767900e+01 -1.887122e+01 -1.682058e+02
    endloop
  endfacet
  facet normal 5.895451e-01 3.891553e-01 -7.078098e-01
    outer loop
      vertex   -2.767900e+01 -1.887122e+01 -1.682058e+02
      vertex   -2.017355e+01 -1.205313e+01 -1.582058e+02
      vertex   -1.901190e+01 -1.381295e+01 -1.582058e+02
    endloop
  endfacet
  facet normal 5.695846e-01 4.203726e-01 -7.063004e-01
    outer loop
      vertex   -2.767900e+01 -1.887122e+01 -1.682058e+02
      vertex   -1.901190e+01 -1.381295e+01 -1.582058e+02
      vertex   -2.619135e+01 -2.088691e+01 -1.682058e+02
    endloop
  endfacet
  facet normal 5.521846e-01 4.403526e-01 -7.079419e-01
    outer loop
      vertex   -2.619135e+01 -2.088691e+01 -1.682058e+02
      vertex   -1.901190e+01 -1.381295e+01 -1.582058e+02
      vertex   -1.769718e+01 -1.546156e+01 -1.582058e+02
    endloop
  endfacet
  facet normal 5.365775e-01 4.617622e-01 -7.063004e-01
    outer loop
      vertex   -2.619135e+01 -2.088691e+01 -1.682058e+02
      vertex   -1.769718e+01 -1.546156e+01 -1.582058e+02
      vertex   -2.455724e+01 -2.278579e+01 -1.682058e+02
    endloop
  endfacet
  facet normal 5.105845e-01 4.881688e-01 -7.078098e-01
    outer loop
      vertex   -2.455724e+01 -2.278579e+01 -1.682058e+02
      vertex   -1.769718e+01 -1.546156e+01 -1.582058e+02
      vertex   -1.623997e+01 -1.698568e+01 -1.582058e+02
    endloop
  endfacet
  facet normal 5.004379e-01 5.004379e-01 -7.064869e-01
    outer loop
      vertex   -2.455724e+01 -2.278579e+01 -1.682058e+02
      vertex   -1.623997e+01 -1.698568e+01 -1.582058e+02
      vertex   -2.278579e+01 -2.455724e+01 -1.682058e+02
    endloop
  endfacet
  facet normal 4.650313e-01 5.322712e-01 -7.074131e-01
    outer loop
      vertex   -2.278579e+01 -2.455724e+01 -1.682058e+02
      vertex   -1.623997e+01 -1.698568e+01 -1.582058e+02
      vertex   -1.465201e+01 -1.837304e+01 -1.582058e+02
    endloop
  endfacet
  facet normal 4.613982e-01 5.361544e-01 -7.068594e-01
    outer loop
      vertex   -2.278579e+01 -2.455724e+01 -1.682058e+02
      vertex   -1.465201e+01 -1.837304e+01 -1.582058e+02
      vertex   -2.088691e+01 -2.619135e+01 -1.682058e+02
    endloop
  endfacet
  facet normal 4.200411e-01 5.691355e-01 -7.068594e-01
    outer loop
      vertex   -2.088691e+01 -2.619135e+01 -1.682058e+02
      vertex   -1.465201e+01 -1.837304e+01 -1.582058e+02
      vertex   -1.887122e+01 -2.767900e+01 -1.682058e+02
    endloop
  endfacet
  facet normal 4.154468e-01 5.718135e-01 -7.074131e-01
    outer loop
      vertex   -1.887122e+01 -2.767900e+01 -1.682058e+02
      vertex   -1.465201e+01 -1.837304e+01 -1.582058e+02
      vertex   -1.294608e+01 -1.961247e+01 -1.582058e+02
    endloop
  endfacet
  facet normal 3.765330e-01 5.992488e-01 -7.064869e-01
    outer loop
      vertex   -1.887122e+01 -2.767900e+01 -1.682058e+02
      vertex   -1.294608e+01 -1.961247e+01 -1.582058e+02
      vertex   -1.675000e+01 -2.901185e+01 -1.682058e+02
    endloop
  endfacet
  facet normal 3.623136e-01 6.064108e-01 -7.078098e-01
    outer loop
      vertex   -1.675000e+01 -2.901185e+01 -1.682058e+02
      vertex   -1.294608e+01 -1.961247e+01 -1.582058e+02
      vertex   -1.113591e+01 -2.069399e+01 -1.582058e+02
    endloop
  endfacet
  facet normal 3.307852e-01 6.258761e-01 -7.063004e-01
    outer loop
      vertex   -1.675000e+01 -2.901185e+01 -1.682058e+02
      vertex   -1.113591e+01 -2.069399e+01 -1.582058e+02
      vertex   -1.453511e+01 -3.018246e+01 -1.682058e+02
    endloop
  endfacet
  facet normal 3.064394e-01 6.363279e-01 -7.079419e-01
    outer loop
      vertex   -1.453511e+01 -3.018246e+01 -1.682058e+02
      vertex   -1.113591e+01 -2.069399e+01 -1.582058e+02
      vertex   -9.236088e+00 -2.160890e+01 -1.582058e+02
    endloop
  endfacet
  facet normal 2.830885e-01 6.488456e-01 -7.063004e-01
    outer loop
      vertex   -1.453511e+01 -3.018246e+01 -1.682058e+02
      vertex   -9.236088e+00 -2.160890e+01 -1.582058e+02
      vertex   -1.223892e+01 -3.118427e+01 -1.682058e+02
    endloop
  endfacet
  facet normal 2.482122e-01 6.613592e-01 -7.078098e-01
    outer loop
      vertex   -1.223892e+01 -3.118427e+01 -1.682058e+02
      vertex   -9.236088e+00 -2.160890e+01 -1.582058e+02
      vertex   -7.261899e+00 -2.234983e+01 -1.582058e+02
    endloop
  endfacet
  facet normal 2.337471e-01 6.680109e-01 -7.064869e-01
    outer loop
      vertex   -1.223892e+01 -3.118427e+01 -1.682058e+02
      vertex   -7.261899e+00 -2.234983e+01 -1.582058e+02
      vertex   -9.874298e+00 -3.201169e+01 -1.682058e+02
    endloop
  endfacet
  facet normal 1.880349e-01 6.813293e-01 -7.074131e-01
    outer loop
      vertex   -9.874298e+00 -3.201169e+01 -1.682058e+02
      vertex   -7.261899e+00 -2.234983e+01 -1.582058e+02
      vertex   -5.229242e+00 -2.291081e+01 -1.582058e+02
    endloop
  endfacet
  facet normal 1.830767e-01 6.832516e-01 -7.068594e-01
    outer loop
      vertex   -9.874298e+00 -3.201169e+01 -1.682058e+02
      vertex   -5.229242e+00 -2.291081e+01 -1.582058e+02
      vertex   -7.454451e+00 -3.266008e+01 -1.682058e+02
    endloop
  endfacet
  facet normal 1.315053e-01 6.950224e-01 -7.068594e-01
    outer loop
      vertex   -7.454451e+00 -3.266008e+01 -1.682058e+02
      vertex   -5.229242e+00 -2.291081e+01 -1.582058e+02
      vertex   -4.992916e+00 -3.312583e+01 -1.682058e+02
    endloop
  endfacet
  facet normal 1.262041e-01 6.954418e-01 -7.074131e-01
    outer loop
      vertex   -4.992916e+00 -3.312583e+01 -1.682058e+02
      vertex   -5.229242e+00 -2.291081e+01 -1.582058e+02
      vertex   -3.154482e+00 -2.328732e+01 -1.582058e+02
    endloop
  endfacet
  facet normal 7.924018e-02 7.032761e-01 -7.064869e-01
    outer loop
      vertex   -4.992916e+00 -3.312583e+01 -1.682058e+02
      vertex   -3.154482e+00 -2.328732e+01 -1.582058e+02
      vertex   -2.503458e+00 -3.340633e+01 -1.682058e+02
    endloop
  endfacet
  facet normal 6.332148e-02 7.035593e-01 -7.078098e-01
    outer loop
      vertex   -2.503458e+00 -3.340633e+01 -1.682058e+02
      vertex   -3.154482e+00 -2.328732e+01 -1.582058e+02
      vertex   -1.054324e+00 -2.347634e+01 -1.582058e+02
    endloop
  endfacet
  facet normal 2.646968e-02 7.074172e-01 -7.063004e-01
    outer loop
      vertex   -2.503458e+00 -3.340633e+01 -1.682058e+02
      vertex   -1.054324e+00 -2.347634e+01 -1.582058e+02
      vertex   2.051283e-15 -3.350000e+01 -1.682058e+02
    endloop
  endfacet
  facet normal 0.000000e+00 7.062707e-01 -7.079419e-01
    outer loop
      vertex   2.051283e-15 -3.350000e+01 -1.682058e+02
      vertex   -1.054324e+00 -2.347634e+01 -1.582058e+02
      vertex   1.054324e+00 -2.347634e+01 -1.582058e+02
    endloop
  endfacet
  facet normal -2.646968e-02 7.074172e-01 -7.063004e-01
    outer loop
      vertex   2.051283e-15 -3.350000e+01 -1.682058e+02
      vertex   1.054324e+00 -2.347634e+01 -1.582058e+02
      vertex   2.503458e+00 -3.340633e+01 -1.682058e+02
    endloop
  endfacet
  facet normal -6.332148e-02 7.035593e-01 -7.078098e-01
    outer loop
      vertex   2.503458e+00 -3.340633e+01 -1.682058e+02
      vertex   1.054324e+00 -2.347634e+01 -1.582058e+02
      vertex   3.154482e+00 -2.328732e+01 -1.582058e+02
    endloop
  endfacet
  facet normal -7.924018e-02 7.032761e-01 -7.064869e-01
    outer loop
      vertex   2.503458e+00 -3.340633e+01 -1.682058e+02
      vertex   3.154482e+00 -2.328732e+01 -1.582058e+02
      vertex   4.992916e+00 -3.312583e+01 -1.682058e+02
    endloop
  endfacet
  facet normal -1.262041e-01 6.954418e-01 -7.074131e-01
    outer loop
      vertex   4.992916e+00 -3.312583e+01 -1.682058e+02
      vertex   3.154482e+00 -2.328732e+01 -1.582058e+02
      vertex   5.229242e+00 -2.291081e+01 -1.582058e+02
    endloop
  endfacet
  facet normal -1.315053e-01 6.950224e-01 -7.068594e-01
    outer loop
      vertex   4.992916e+00 -3.312583e+01 -1.682058e+02
      vertex   5.229242e+00 -2.291081e+01 -1.582058e+02
      vertex   7.454451e+00 -3.266008e+01 -1.682058e+02
    endloop
  endfacet
  facet normal -1.830767e-01 6.832516e-01 -7.068594e-01
    outer loop
      vertex   7.454451e+00 -3.266008e+01 -1.682058e+02
      vertex   5.229242e+00 -2.291081e+01 -1.582058e+02
      vertex   9.874298e+00 -3.201169e+01 -1.682058e+02
    endloop
  endfacet
  facet normal -1.880349e-01 6.813293e-01 -7.074131e-01
    outer loop
      vertex   9.874298e+00 -3.201169e+01 -1.682058e+02
      vertex   5.229242e+00 -2.291081e+01 -1.582058e+02
      vertex   7.261899e+00 -2.234983e+01 -1.582058e+02
    endloop
  endfacet
  facet normal -2.337471e-01 6.680109e-01 -7.064869e-01
    outer loop
      vertex   9.874298e+00 -3.201169e+01 -1.682058e+02
      vertex   7.261899e+00 -2.234983e+01 -1.582058e+02
      vertex   1.223892e+01 -3.118427e+01 -1.682058e+02
    endloop
  endfacet
  facet normal -2.482122e-01 6.613592e-01 -7.078098e-01
    outer loop
      vertex   1.223892e+01 -3.118427e+01 -1.682058e+02
      vertex   7.261899e+00 -2.234983e+01 -1.582058e+02
      vertex   9.236088e+00 -2.160890e+01 -1.582058e+02
    endloop
  endfacet
  facet normal -2.830885e-01 6.488456e-01 -7.063004e-01
    outer loop
      vertex   1.223892e+01 -3.118427e+01 -1.682058e+02
      vertex   9.236088e+00 -2.160890e+01 -1.582058e+02
      vertex   1.453511e+01 -3.018246e+01 -1.682058e+02
    endloop
  endfacet
  facet normal -3.064394e-01 6.363279e-01 -7.079419e-01
    outer loop
      vertex   1.453511e+01 -3.018246e+01 -1.682058e+02
      vertex   9.236088e+00 -2.160890e+01 -1.582058e+02
      vertex   1.113591e+01 -2.069399e+01 -1.582058e+02
    endloop
  endfacet
  facet normal -3.307852e-01 6.258761e-01 -7.063004e-01
    outer loop
      vertex   1.453511e+01 -3.018246e+01 -1.682058e+02
      vertex   1.113591e+01 -2.069399e+01 -1.582058e+02
      vertex   1.675000e+01 -2.901185e+01 -1.682058e+02
    endloop
  endfacet
  facet normal -3.623136e-01 6.064108e-01 -7.078098e-01
    outer loop
      vertex   1.675000e+01 -2.901185e+01 -1.682058e+02
      vertex   1.113591e+01 -2.069399e+01 -1.582058e+02
      vertex   1.294608e+01 -1.961247e+01 -1.582058e+02
    endloop
  endfacet
  facet normal -3.765330e-01 5.992488e-01 -7.064869e-01
    outer loop
      vertex   1.675000e+01 -2.901185e+01 -1.682058e+02
      vertex   1.294608e+01 -1.961247e+01 -1.582058e+02
      vertex   1.887122e+01 -2.767900e+01 -1.682058e+02
    endloop
  endfacet
  facet normal -4.154468e-01 5.718135e-01 -7.074131e-01
    outer loop
      vertex   1.887122e+01 -2.767900e+01 -1.682058e+02
      vertex   1.294608e+01 -1.961247e+01 -1.582058e+02
      vertex   1.465201e+01 -1.837304e+01 -1.582058e+02
    endloop
  endfacet
  facet normal -4.200411e-01 5.691355e-01 -7.068594e-01
    outer loop
      vertex   1.887122e+01 -2.767900e+01 -1.682058e+02
      vertex   1.465201e+01 -1.837304e+01 -1.582058e+02
      vertex   2.088691e+01 -2.619135e+01 -1.682058e+02
    endloop
  endfacet
  facet normal -4.613982e-01 5.361544e-01 -7.068594e-01
    outer loop
      vertex   2.088691e+01 -2.619135e+01 -1.682058e+02
      vertex   1.465201e+01 -1.837304e+01 -1.582058e+02
      vertex   2.278579e+01 -2.455724e+01 -1.682058e+02
    endloop
  endfacet
  facet normal -4.650313e-01 5.322712e-01 -7.074131e-01
    outer loop
      vertex   2.278579e+01 -2.455724e+01 -1.682058e+02
      vertex   1.465201e+01 -1.837304e+01 -1.582058e+02
      vertex   1.623997e+01 -1.698568e+01 -1.582058e+02
    endloop
  endfacet
  facet normal -5.004379e-01 5.004379e-01 -7.064869e-01
    outer loop
      vertex   2.278579e+01 -2.455724e+01 -1.682058e+02
      vertex   1.623997e+01 -1.698568e+01 -1.582058e+02
      vertex   2.455724e+01 -2.278579e+01 -1.682058e+02
    endloop
  endfacet
  facet normal -5.105845e-01 4.881688e-01 -7.078098e-01
    outer loop
      vertex   2.455724e+01 -2.278579e+01 -1.682058e+02
      vertex   1.623997e+01 -1.698568e+01 -1.582058e+02
      vertex   1.769718e+01 -1.546156e+01 -1.582058e+02
    endloop
  endfacet
  facet normal -5.365775e-01 4.617622e-01 -7.063004e-01
    outer loop
      vertex   2.455724e+01 -2.278579e+01 -1.682058e+02
      vertex   1.769718e+01 -1.546156e+01 -1.582058e+02
      vertex   2.619135e+01 -2.088691e+01 -1.682058e+02
    endloop
  endfacet
  facet normal -5.521846e-01 4.403526e-01 -7.079419e-01
    outer loop
      vertex   2.619135e+01 -2.088691e+01 -1.682058e+02
      vertex   1.769718e+01 -1.546156e+01 -1.582058e+02
      vertex   1.901190e+01 -1.381295e+01 -1.582058e+02
    endloop
  endfacet
  facet normal -5.695846e-01 4.203726e-01 -7.063004e-01
    outer loop
      vertex   2.619135e+01 -2.088691e+01 -1.682058e+02
      vertex   1.901190e+01 -1.381295e+01 -1.582058e+02
      vertex   2.767900e+01 -1.887122e+01 -1.682058e+02
    endloop
  endfacet
  facet normal -5.895451e-01 3.891553e-01 -7.078098e-01
    outer loop
      vertex   2.767900e+01 -1.887122e+01 -1.682058e+02
      vertex   1.901190e+01 -1.381295e+01 -1.582058e+02
      vertex   2.017355e+01 -1.205313e+01 -1.582058e+02
    endloop
  endfacet
  facet normal -5.992488e-01 3.765330e-01 -7.064869e-01
    outer loop
      vertex   2.767900e+01 -1.887122e+01 -1.682058e+02
      vertex   2.017355e+01 -1.205313e+01 -1.582058e+02
      vertex   2.901185e+01 -1.675000e+01 -1.682058e+02
    endloop
  endfacet
  facet normal -6.224052e-01 3.349305e-01 -7.074131e-01
    outer loop
      vertex   2.901185e+01 -1.675000e+01 -1.682058e+02
      vertex   2.017355e+01 -1.205313e+01 -1.582058e+02
      vertex   2.117277e+01 -1.019627e+01 -1.582058e+02
    endloop
  endfacet
  facet normal -6.253826e-01 3.305244e-01 -7.068594e-01
    outer loop
      vertex   2.901185e+01 -1.675000e+01 -1.682058e+02
      vertex   2.117277e+01 -1.019627e+01 -1.582058e+02
      vertex   3.018246e+01 -1.453511e+01 -1.682058e+02
    endloop
  endfacet
  facet normal -6.483340e-01 2.828652e-01 -7.068594e-01
    outer loop
      vertex   3.018246e+01 -1.453511e+01 -1.682058e+02
      vertex   2.117277e+01 -1.019627e+01 -1.582058e+02
      vertex   3.118427e+01 -1.223892e+01 -1.682058e+02
    endloop
  endfacet
  facet normal -6.499225e-01 2.777902e-01 -7.074131e-01
    outer loop
      vertex   3.118427e+01 -1.223892e+01 -1.682058e+02
      vertex   2.117277e+01 -1.019627e+01 -1.582058e+02
      vertex   2.200152e+01 -8.257308e+00 -1.582058e+02
    endloop
  endfacet
  facet normal -6.680109e-01 2.337471e-01 -7.064869e-01
    outer loop
      vertex   3.118427e+01 -1.223892e+01 -1.682058e+02
      vertex   2.200152e+01 -8.257308e+00 -1.582058e+02
      vertex   3.201169e+01 -9.874298e+00 -1.682058e+02
    endloop
  endfacet
  facet normal -6.718292e-01 2.182905e-01 -7.078098e-01
    outer loop
      vertex   3.201169e+01 -9.874298e+00 -1.682058e+02
      vertex   2.200152e+01 -8.257308e+00 -1.582058e+02
      vertex   2.265313e+01 -6.251866e+00 -1.582058e+02
    endloop
  endfacet
  facet normal -6.837907e-01 1.832212e-01 -7.063004e-01
    outer loop
      vertex   3.201169e+01 -9.874298e+00 -1.682058e+02
      vertex   2.265313e+01 -6.251866e+00 -1.582058e+02
      vertex   3.266008e+01 -7.454451e+00 -1.682058e+02
    endloop
  endfacet
  facet normal -6.885630e-01 1.571600e-01 -7.079419e-01
    outer loop
      vertex   3.266008e+01 -7.454451e+00 -1.682058e+02
      vertex   2.265313e+01 -6.251866e+00 -1.582058e+02
      vertex   2.312235e+01 -4.196087e+00 -1.582058e+02
    endloop
  endfacet
  facet normal -6.955708e-01 1.316091e-01 -7.063004e-01
    outer loop
      vertex   3.266008e+01 -7.454451e+00 -1.682058e+02
      vertex   2.312235e+01 -4.196087e+00 -1.582058e+02
      vertex   3.312583e+01 -4.992916e+00 -1.682058e+02
    endloop
  endfacet
  facet normal -7.000099e-01 9.482279e-02 -7.078098e-01
    outer loop
      vertex   3.312583e+01 -4.992916e+00 -1.682058e+02
      vertex   2.312235e+01 -4.196087e+00 -1.582058e+02
      vertex   2.340540e+01 -2.106524e+00 -1.582058e+02
    endloop
  endfacet
  facet normal -7.032761e-01 7.924018e-02 -7.064869e-01
    outer loop
      vertex   3.312583e+01 -4.992916e+00 -1.682058e+02
      vertex   2.340540e+01 -2.106524e+00 -1.582058e+02
      vertex   3.340633e+01 -2.503458e+00 -1.682058e+02
    endloop
  endfacet
  facet normal -7.060886e-01 3.171048e-02 -7.074131e-01
    outer loop
      vertex   3.340633e+01 -2.503458e+00 -1.682058e+02
      vertex   2.340540e+01 -2.106524e+00 -1.582058e+02
      vertex   2.350000e+01 0.000000e+00 -1.582058e+02
    endloop
  endfacet
  facet normal -7.068594e-01 2.644881e-02 -7.068594e-01
    outer loop
      vertex   3.340633e+01 -2.503458e+00 -1.682058e+02
      vertex   2.350000e+01 0.000000e+00 -1.582058e+02
      vertex   3.350000e+01 0.000000e+00 -1.682058e+02
    endloop
  endfacet
  facet normal -7.068594e-01 -2.644881e-02 -7.068594e-01
    outer loop
      vertex   3.350000e+01 0.000000e+00 -1.682058e+02
      vertex   2.350000e+01 0.000000e+00 -1.582058e+02
      vertex   3.340633e+01 2.503458e+00 -1.682058e+02
    endloop
  endfacet
  facet normal -7.060886e-01 -3.171048e-02 -7.074131e-01
    outer loop
      vertex   3.340633e+01 2.503458e+00 -1.682058e+02
      vertex   2.350000e+01 0.000000e+00 -1.582058e+02
      vertex   2.340540e+01 2.106524e+00 -1.582058e+02
    endloop
  endfacet
  facet normal -7.032761e-01 -7.924018e-02 -7.064869e-01
    outer loop
      vertex   3.340633e+01 2.503458e+00 -1.682058e+02
      vertex   2.340540e+01 2.106524e+00 -1.582058e+02
      vertex   3.312583e+01 4.992916e+00 -1.682058e+02
    endloop
  endfacet
  facet normal -7.000099e-01 -9.482279e-02 -7.078098e-01
    outer loop
      vertex   3.312583e+01 4.992916e+00 -1.682058e+02
      vertex   2.340540e+01 2.106524e+00 -1.582058e+02
      vertex   2.312235e+01 4.196087e+00 -1.582058e+02
    endloop
  endfacet
  facet normal -6.955708e-01 -1.316091e-01 -7.063004e-01
    outer loop
      vertex   3.312583e+01 4.992916e+00 -1.682058e+02
      vertex   2.312235e+01 4.196087e+00 -1.582058e+02
      vertex   3.266008e+01 7.454451e+00 -1.682058e+02
    endloop
  endfacet
  facet normal -6.885630e-01 -1.571600e-01 -7.079419e-01
    outer loop
      vertex   3.266008e+01 7.454451e+00 -1.682058e+02
      vertex   2.312235e+01 4.196087e+00 -1.582058e+02
      vertex   2.265313e+01 6.251866e+00 -1.582058e+02
    endloop
  endfacet
  facet normal -6.837907e-01 -1.832212e-01 -7.063004e-01
    outer loop
      vertex   3.266008e+01 7.454451e+00 -1.682058e+02
      vertex   2.265313e+01 6.251866e+00 -1.582058e+02
      vertex   3.201169e+01 9.874298e+00 -1.682058e+02
    endloop
  endfacet
  facet normal -6.718292e-01 -2.182905e-01 -7.078098e-01
    outer loop
      vertex   3.201169e+01 9.874298e+00 -1.682058e+02
      vertex   2.265313e+01 6.251866e+00 -1.582058e+02
      vertex   2.200152e+01 8.257308e+00 -1.582058e+02
    endloop
  endfacet
  facet normal -6.680109e-01 -2.337471e-01 -7.064869e-01
    outer loop
      vertex   3.201169e+01 9.874298e+00 -1.682058e+02
      vertex   2.200152e+01 8.257308e+00 -1.582058e+02
      vertex   3.118427e+01 1.223892e+01 -1.682058e+02
    endloop
  endfacet
  facet normal -6.499225e-01 -2.777902e-01 -7.074131e-01
    outer loop
      vertex   3.118427e+01 1.223892e+01 -1.682058e+02
      vertex   2.200152e+01 8.257308e+00 -1.582058e+02
      vertex   2.117277e+01 1.019627e+01 -1.582058e+02
    endloop
  endfacet
  facet normal -6.483340e-01 -2.828652e-01 -7.068594e-01
    outer loop
      vertex   3.118427e+01 1.223892e+01 -1.682058e+02
      vertex   2.117277e+01 1.019627e+01 -1.582058e+02
      vertex   3.018246e+01 1.453511e+01 -1.682058e+02
    endloop
  endfacet
  facet normal -6.253826e-01 -3.305244e-01 -7.068594e-01
    outer loop
      vertex   3.018246e+01 1.453511e+01 -1.682058e+02
      vertex   2.117277e+01 1.019627e+01 -1.582058e+02
      vertex   2.901185e+01 1.675000e+01 -1.682058e+02
    endloop
  endfacet
  facet normal -6.224052e-01 -3.349305e-01 -7.074131e-01
    outer loop
      vertex   2.901185e+01 1.675000e+01 -1.682058e+02
      vertex   2.117277e+01 1.019627e+01 -1.582058e+02
      vertex   2.017355e+01 1.205313e+01 -1.582058e+02
    endloop
  endfacet
  facet normal -5.992488e-01 -3.765330e-01 -7.064869e-01
    outer loop
      vertex   2.901185e+01 1.675000e+01 -1.682058e+02
      vertex   2.017355e+01 1.205313e+01 -1.582058e+02
      vertex   2.767900e+01 1.887122e+01 -1.682058e+02
    endloop
  endfacet
  facet normal -5.895451e-01 -3.891553e-01 -7.078098e-01
    outer loop
      vertex   2.767900e+01 1.887122e+01 -1.682058e+02
      vertex   2.017355e+01 1.205313e+01 -1.582058e+02
      vertex   1.901190e+01 1.381295e+01 -1.582058e+02
    endloop
  endfacet
  facet normal -5.695846e-01 -4.203726e-01 -7.063004e-01
    outer loop
      vertex   2.767900e+01 1.887122e+01 -1.682058e+02
      vertex   1.901190e+01 1.381295e+01 -1.582058e+02
      vertex   2.619135e+01 2.088691e+01 -1.682058e+02
    endloop
  endfacet
  facet normal -5.521846e-01 -4.403526e-01 -7.079419e-01
    outer loop
      vertex   2.619135e+01 2.088691e+01 -1.682058e+02
      vertex   1.901190e+01 1.381295e+01 -1.582058e+02
      vertex   1.769718e+01 1.546156e+01 -1.582058e+02
    endloop
  endfacet
  facet normal -5.365775e-01 -4.617622e-01 -7.063004e-01
    outer loop
      vertex   2.619135e+01 2.088691e+01 -1.682058e+02
      vertex   1.769718e+01 1.546156e+01 -1.582058e+02
      vertex   2.455724e+01 2.278579e+01 -1.682058e+02
    endloop
  endfacet
  facet normal -5.105845e-01 -4.881688e-01 -7.078098e-01
    outer loop
      vertex   2.455724e+01 2.278579e+01 -1.682058e+02
      vertex   1.769718e+01 1.546156e+01 -1.582058e+02
      vertex   1.623997e+01 1.698568e+01 -1.582058e+02
    endloop
  endfacet
  facet normal -5.004379e-01 -5.004379e-01 -7.064869e-01
    outer loop
      vertex   2.455724e+01 2.278579e+01 -1.682058e+02
      vertex   1.623997e+01 1.698568e+01 -1.582058e+02
      vertex   2.278579e+01 2.455724e+01 -1.682058e+02
    endloop
  endfacet
  facet normal -4.650313e-01 -5.322712e-01 -7.074131e-01
    outer loop
      vertex   2.278579e+01 2.455724e+01 -1.682058e+02
      vertex   1.623997e+01 1.698568e+01 -1.582058e+02
      vertex   1.465201e+01 1.837304e+01 -1.582058e+02
    endloop
  endfacet
  facet normal -4.613982e-01 -5.361544e-01 -7.068594e-01
    outer loop
      vertex   2.278579e+01 2.455724e+01 -1.682058e+02
      vertex   1.465201e+01 1.837304e+01 -1.582058e+02
      vertex   2.088691e+01 2.619135e+01 -1.682058e+02
    endloop
  endfacet
  facet normal -4.200411e-01 -5.691355e-01 -7.068594e-01
    outer loop
      vertex   2.088691e+01 2.619135e+01 -1.682058e+02
      vertex   1.465201e+01 1.837304e+01 -1.582058e+02
      vertex   1.887122e+01 2.767900e+01 -1.682058e+02
    endloop
  endfacet
  facet normal -4.154468e-01 -5.718135e-01 -7.074131e-01
    outer loop
      vertex   1.887122e+01 2.767900e+01 -1.682058e+02
      vertex   1.465201e+01 1.837304e+01 -1.582058e+02
      vertex   1.294608e+01 1.961247e+01 -1.582058e+02
    endloop
  endfacet
  facet normal -3.765330e-01 -5.992488e-01 -7.064869e-01
    outer loop
      vertex   1.887122e+01 2.767900e+01 -1.682058e+02
      vertex   1.294608e+01 1.961247e+01 -1.582058e+02
      vertex   1.675000e+01 2.901185e+01 -1.682058e+02
    endloop
  endfacet
  facet normal -3.623136e-01 -6.064108e-01 -7.078098e-01
    outer loop
      vertex   1.675000e+01 2.901185e+01 -1.682058e+02
      vertex   1.294608e+01 1.961247e+01 -1.582058e+02
      vertex   1.113591e+01 2.069399e+01 -1.582058e+02
    endloop
  endfacet
  facet normal -3.307852e-01 -6.258761e-01 -7.063004e-01
    outer loop
      vertex   1.675000e+01 2.901185e+01 -1.682058e+02
      vertex   1.113591e+01 2.069399e+01 -1.582058e+02
      vertex   1.453511e+01 3.018246e+01 -1.682058e+02
    endloop
  endfacet
  facet normal -3.064394e-01 -6.363279e-01 -7.079419e-01
    outer loop
      vertex   1.453511e+01 3.018246e+01 -1.682058e+02
      vertex   1.113591e+01 2.069399e+01 -1.582058e+02
      vertex   9.236088e+00 2.160890e+01 -1.582058e+02
    endloop
  endfacet
  facet normal -2.830885e-01 -6.488456e-01 -7.063004e-01
    outer loop
      vertex   1.453511e+01 3.018246e+01 -1.682058e+02
      vertex   9.236088e+00 2.160890e+01 -1.582058e+02
      vertex   1.223892e+01 3.118427e+01 -1.682058e+02
    endloop
  endfacet
  facet normal -2.482122e-01 -6.613592e-01 -7.078098e-01
    outer loop
      vertex   1.223892e+01 3.118427e+01 -1.682058e+02
      vertex   9.236088e+00 2.160890e+01 -1.582058e+02
      vertex   7.261899e+00 2.234983e+01 -1.582058e+02
    endloop
  endfacet
  facet normal -2.337471e-01 -6.680109e-01 -7.064869e-01
    outer loop
      vertex   1.223892e+01 3.118427e+01 -1.682058e+02
      vertex   7.261899e+00 2.234983e+01 -1.582058e+02
      vertex   9.874298e+00 3.201169e+01 -1.682058e+02
    endloop
  endfacet
  facet normal -1.880349e-01 -6.813293e-01 -7.074131e-01
    outer loop
      vertex   9.874298e+00 3.201169e+01 -1.682058e+02
      vertex   7.261899e+00 2.234983e+01 -1.582058e+02
      vertex   5.229242e+00 2.291081e+01 -1.582058e+02
    endloop
  endfacet
  facet normal -1.830767e-01 -6.832516e-01 -7.068594e-01
    outer loop
      vertex   9.874298e+00 3.201169e+01 -1.682058e+02
      vertex   5.229242e+00 2.291081e+01 -1.582058e+02
      vertex   7.454451e+00 3.266008e+01 -1.682058e+02
    endloop
  endfacet
  facet normal -1.315053e-01 -6.950224e-01 -7.068594e-01
    outer loop
      vertex   7.454451e+00 3.266008e+01 -1.682058e+02
      vertex   5.229242e+00 2.291081e+01 -1.582058e+02
      vertex   4.992916e+00 3.312583e+01 -1.682058e+02
    endloop
  endfacet
  facet normal -1.262041e-01 -6.954418e-01 -7.074131e-01
    outer loop
      vertex   4.992916e+00 3.312583e+01 -1.682058e+02
      vertex   5.229242e+00 2.291081e+01 -1.582058e+02
      vertex   3.154482e+00 2.328732e+01 -1.582058e+02
    endloop
  endfacet
  facet normal -7.924018e-02 -7.032761e-01 -7.064869e-01
    outer loop
      vertex   4.992916e+00 3.312583e+01 -1.682058e+02
      vertex   3.154482e+00 2.328732e+01 -1.582058e+02
      vertex   2.503458e+00 3.340633e+01 -1.682058e+02
    endloop
  endfacet
  facet normal -6.332148e-02 -7.035593e-01 -7.078098e-01
    outer loop
      vertex   2.503458e+00 3.340633e+01 -1.682058e+02
      vertex   3.154482e+00 2.328732e+01 -1.582058e+02
      vertex   1.054324e+00 2.347634e+01 -1.582058e+02
    endloop
  endfacet
  facet normal -2.646968e-02 -7.074172e-01 -7.063004e-01
    outer loop
      vertex   2.503458e+00 3.340633e+01 -1.682058e+02
      vertex   1.054324e+00 2.347634e+01 -1.582058e+02
      vertex   2.051283e-15 3.350000e+01 -1.682058e+02
    endloop
  endfacet
  facet normal 0.000000e+00 -7.062707e-01 -7.079419e-01
    outer loop
      vertex   2.051283e-15 3.350000e+01 -1.682058e+02
      vertex   1.054324e+00 2.347634e+01 -1.582058e+02
      vertex   -1.054324e+00 2.347634e+01 -1.582058e+02
    endloop
  endfacet
  facet normal 2.646968e-02 -7.074172e-01 -7.063004e-01
    outer loop
      vertex   2.051283e-15 3.350000e+01 -1.682058e+02
      vertex   -1.054324e+00 2.347634e+01 -1.582058e+02
      vertex   -2.503458e+00 3.340633e+01 -1.682058e+02
    endloop
  endfacet
  facet normal 6.332148e-02 -7.035593e-01 -7.078098e-01
    outer loop
      vertex   -2.503458e+00 3.340633e+01 -1.682058e+02
      vertex   -1.054324e+00 2.347634e+01 -1.582058e+02
      vertex   -3.154482e+00 2.328732e+01 -1.582058e+02
    endloop
  endfacet
  facet normal 7.924018e-02 -7.032761e-01 -7.064869e-01
    outer loop
      vertex   -2.503458e+00 3.340633e+01 -1.682058e+02
      vertex   -3.154482e+00 2.328732e+01 -1.582058e+02
      vertex   -4.992916e+00 3.312583e+01 -1.682058e+02
    endloop
  endfacet
  facet normal 1.262041e-01 -6.954418e-01 -7.074131e-01
    outer loop
      vertex   -4.992916e+00 3.312583e+01 -1.682058e+02
      vertex   -3.154482e+00 2.328732e+01 -1.582058e+02
      vertex   -5.229242e+00 2.291081e+01 -1.582058e+02
    endloop
  endfacet
  facet normal 1.315053e-01 -6.950224e-01 -7.068594e-01
    outer loop
      vertex   -4.992916e+00 3.312583e+01 -1.682058e+02
      vertex   -5.229242e+00 2.291081e+01 -1.582058e+02
      vertex   -7.454451e+00 3.266008e+01 -1.682058e+02
    endloop
  endfacet
  facet normal 1.830767e-01 -6.832516e-01 -7.068594e-01
    outer loop
      vertex   -7.454451e+00 3.266008e+01 -1.682058e+02
      vertex   -5.229242e+00 2.291081e+01 -1.582058e+02
      vertex   -9.874298e+00 3.201169e+01 -1.682058e+02
    endloop
  endfacet
  facet normal 1.880349e-01 -6.813293e-01 -7.074131e-01
    outer loop
      vertex   -9.874298e+00 3.201169e+01 -1.682058e+02
      vertex   -5.229242e+00 2.291081e+01 -1.582058e+02
      vertex   -7.261899e+00 2.234983e+01 -1.582058e+02
    endloop
  endfacet
  facet normal 2.337471e-01 -6.680109e-01 -7.064869e-01
    outer loop
      vertex   -9.874298e+00 3.201169e+01 -1.682058e+02
      vertex   -7.261899e+00 2.234983e+01 -1.582058e+02
      vertex   -1.223892e+01 3.118427e+01 -1.682058e+02
    endloop
  endfacet
  facet normal 2.482122e-01 -6.613592e-01 -7.078098e-01
    outer loop
      vertex   -1.223892e+01 3.118427e+01 -1.682058e+02
      vertex   -7.261899e+00 2.234983e+01 -1.582058e+02
      vertex   -9.236088e+00 2.160890e+01 -1.582058e+02
    endloop
  endfacet
  facet normal 2.830885e-01 -6.488456e-01 -7.063004e-01
    outer loop
      vertex   -1.223892e+01 3.118427e+01 -1.682058e+02
      vertex   -9.236088e+00 2.160890e+01 -1.582058e+02
      vertex   -1.453511e+01 3.018246e+01 -1.682058e+02
    endloop
  endfacet
  facet normal 3.064394e-01 -6.363279e-01 -7.079419e-01
    outer loop
      vertex   -1.453511e+01 3.018246e+01 -1.682058e+02
      vertex   -9.236088e+00 2.160890e+01 -1.582058e+02
      vertex   -1.113591e+01 2.069399e+01 -1.582058e+02
    endloop
  endfacet
  facet normal 3.307852e-01 -6.258761e-01 -7.063004e-01
    outer loop
      vertex   -1.453511e+01 3.018246e+01 -1.682058e+02
      vertex   -1.113591e+01 2.069399e+01 -1.582058e+02
      vertex   -1.675000e+01 2.901185e+01 -1.682058e+02
    endloop
  endfacet
  facet normal 3.623136e-01 -6.064108e-01 -7.078098e-01
    outer loop
      vertex   -1.675000e+01 2.901185e+01 -1.682058e+02
      vertex   -1.113591e+01 2.069399e+01 -1.582058e+02
      vertex   -1.294608e+01 1.961247e+01 -1.582058e+02
    endloop
  endfacet
  facet normal 3.765330e-01 -5.992488e-01 -7.064869e-01
    outer loop
      vertex   -1.675000e+01 2.901185e+01 -1.682058e+02
      vertex   -1.294608e+01 1.961247e+01 -1.582058e+02
      vertex   -1.887122e+01 2.767900e+01 -1.682058e+02
    endloop
  endfacet
  facet normal 4.154468e-01 -5.718135e-01 -7.074131e-01
    outer loop
      vertex   -1.887122e+01 2.767900e+01 -1.682058e+02
      vertex   -1.294608e+01 1.961247e+01 -1.582058e+02
      vertex   -1.465201e+01 1.837304e+01 -1.582058e+02
    endloop
  endfacet
  facet normal 4.200411e-01 -5.691355e-01 -7.068594e-01
    outer loop
      vertex   -1.887122e+01 2.767900e+01 -1.682058e+02
      vertex   -1.465201e+01 1.837304e+01 -1.582058e+02
      vertex   -2.088691e+01 2.619135e+01 -1.682058e+02
    endloop
  endfacet
  facet normal 4.613982e-01 -5.361544e-01 -7.068594e-01
    outer loop
      vertex   -2.088691e+01 2.619135e+01 -1.682058e+02
      vertex   -1.465201e+01 1.837304e+01 -1.582058e+02
      vertex   -2.278579e+01 2.455724e+01 -1.682058e+02
    endloop
  endfacet
  facet normal 4.650313e-01 -5.322712e-01 -7.074131e-01
    outer loop
      vertex   -2.278579e+01 2.455724e+01 -1.682058e+02
      vertex   -1.465201e+01 1.837304e+01 -1.582058e+02
      vertex   -1.623997e+01 1.698568e+01 -1.582058e+02
    endloop
  endfacet
  facet normal 5.004379e-01 -5.004379e-01 -7.064869e-01
    outer loop
      vertex   -2.278579e+01 2.455724e+01 -1.682058e+02
      vertex   -1.623997e+01 1.698568e+01 -1.582058e+02
      vertex   -2.455724e+01 2.278579e+01 -1.682058e+02
    endloop
  endfacet
  facet normal 5.105845e-01 -4.881688e-01 -7.078098e-01
    outer loop
      vertex   -2.455724e+01 2.278579e+01 -1.682058e+02
      vertex   -1.623997e+01 1.698568e+01 -1.582058e+02
      vertex   -1.769718e+01 1.546156e+01 -1.582058e+02
    endloop
  endfacet
  facet normal 5.365775e-01 -4.617622e-01 -7.063004e-01
    outer loop
      vertex   -2.455724e+01 2.278579e+01 -1.682058e+02
      vertex   -1.769718e+01 1.546156e+01 -1.582058e+02
      vertex   -2.619135e+01 2.088691e+01 -1.682058e+02
    endloop
  endfacet
  facet normal 5.521846e-01 -4.403526e-01 -7.079419e-01
    outer loop
      vertex   -2.619135e+01 2.088691e+01 -1.682058e+02
      vertex   -1.769718e+01 1.546156e+01 -1.582058e+02
      vertex   -1.901190e+01 1.381295e+01 -1.582058e+02
    endloop
  endfacet
  facet normal 5.695846e-01 -4.203726e-01 -7.063004e-01
    outer loop
      vertex   -2.619135e+01 2.088691e+01 -1.682058e+02
      vertex   -1.901190e+01 1.381295e+01 -1.582058e+02
      vertex   -2.767900e+01 1.887122e+01 -1.682058e+02
    endloop
  endfacet
  facet normal 5.895451e-01 -3.891553e-01 -7.078098e-01
    outer loop
      vertex   -2.767900e+01 1.887122e+01 -1.682058e+02
      vertex   -1.901190e+01 1.381295e+01 -1.582058e+02
      vertex   -2.017355e+01 1.205313e+01 -1.582058e+02
    endloop
  endfacet
  facet normal 5.992488e-01 -3.765330e-01 -7.064869e-01
    outer loop
      vertex   -2.767900e+01 1.887122e+01 -1.682058e+02
      vertex   -2.017355e+01 1.205313e+01 -1.582058e+02
      vertex   -2.901185e+01 1.675000e+01 -1.682058e+02
    endloop
  endfacet
  facet normal 6.224052e-01 -3.349305e-01 -7.074131e-01
    outer loop
      vertex   -2.901185e+01 1.675000e+01 -1.682058e+02
      vertex   -2.017355e+01 1.205313e+01 -1.582058e+02
      vertex   -2.117277e+01 1.019627e+01 -1.582058e+02
    endloop
  endfacet
  facet normal 6.253826e-01 -3.305244e-01 -7.068594e-01
    outer loop
      vertex   -2.901185e+01 1.675000e+01 -1.682058e+02
      vertex   -2.117277e+01 1.019627e+01 -1.582058e+02
      vertex   -3.018246e+01 1.453511e+01 -1.682058e+02
    endloop
  endfacet
  facet normal 6.483340e-01 -2.828652e-01 -7.068594e-01
    outer loop
      vertex   -3.018246e+01 1.453511e+01 -1.682058e+02
      vertex   -2.117277e+01 1.019627e+01 -1.582058e+02
      vertex   -3.118427e+01 1.223892e+01 -1.682058e+02
    endloop
  endfacet
  facet normal 6.499225e-01 -2.777902e-01 -7.074131e-01
    outer loop
      vertex   -3.118427e+01 1.223892e+01 -1.682058e+02
      vertex   -2.117277e+01 1.019627e+01 -1.582058e+02
      vertex   -2.200152e+01 8.257308e+00 -1.582058e+02
    endloop
  endfacet
  facet normal 6.680109e-01 -2.337471e-01 -7.064869e-01
    outer loop
      vertex   -3.118427e+01 1.223892e+01 -1.682058e+02
      vertex   -2.200152e+01 8.257308e+00 -1.582058e+02
      vertex   -3.201169e+01 9.874298e+00 -1.682058e+02
    endloop
  endfacet
  facet normal 6.718292e-01 -2.182905e-01 -7.078098e-01
    outer loop
      vertex   -3.201169e+01 9.874298e+00 -1.682058e+02
      vertex   -2.200152e+01 8.257308e+00 -1.582058e+02
      vertex   -2.265313e+01 6.251866e+00 -1.582058e+02
    endloop
  endfacet
  facet normal 6.837907e-01 -1.832212e-01 -7.063004e-01
    outer loop
      vertex   -3.201169e+01 9.874298e+00 -1.682058e+02
      vertex   -2.265313e+01 6.251866e+00 -1.582058e+02
      vertex   -3.266008e+01 7.454451e+00 -1.682058e+02
    endloop
  endfacet
  facet normal 6.885630e-01 -1.571600e-01 -7.079419e-01
    outer loop
      vertex   -3.266008e+01 7.454451e+00 -1.682058e+02
      vertex   -2.265313e+01 6.251866e+00 -1.582058e+02
      vertex   -2.312235e+01 4.196087e+00 -1.582058e+02
    endloop
  endfacet
  facet normal 6.955708e-01 -1.316091e-01 -7.063004e-01
    outer loop
      vertex   -3.266008e+01 7.454451e+00 -1.682058e+02
      vertex   -2.312235e+01 4.196087e+00 -1.582058e+02
      vertex   -3.312583e+01 4.992916e+00 -1.682058e+02
    endloop
  endfacet
  facet normal 7.000099e-01 -9.482279e-02 -7.078098e-01
    outer loop
      vertex   -3.312583e+01 4.992916e+00 -1.682058e+02
      vertex   -2.312235e+01 4.196087e+00 -1.582058e+02
      vertex   -2.340540e+01 2.106524e+00 -1.582058e+02
    endloop
  endfacet
  facet normal 7.032761e-01 -7.924018e-02 -7.064869e-01
    outer loop
      vertex   -3.312583e+01 4.992916e+00 -1.682058e+02
      vertex   -2.340540e+01 2.106524e+00 -1.582058e+02
      vertex   -3.340633e+01 2.503458e+00 -1.682058e+02
    endloop
  endfacet
  facet normal 7.060886e-01 -3.171048e-02 -7.074131e-01
    outer loop
      vertex   -3.340633e+01 2.503458e+00 -1.682058e+02
      vertex   -2.340540e+01 2.106524e+00 -1.582058e+02
      vertex   -2.350000e+01 -2.877920e-15 -1.582058e+02
    endloop
  endfacet
  facet normal 0.000000e+00 0.000000e+00 -1.000000e+00
    outer loop
      vertex   5.053513e+00 -3.831611e+01 -1.682058e+02
      vertex   4.377250e+00 -3.753767e+01 -1.682058e+02
      vertex   7.571181e+00 -3.789907e+01 -1.682058e+02
    endloop
  endfacet
  facet normal 0.000000e+00 0.000000e+00 -1.000000e+00
    outer loop
      vertex   7.571181e+00 -3.789907e+01 -1.682058e+02
      vertex   4.377250e+00 -3.753767e+01 -1.682058e+02
      vertex   4.992916e+00 -3.312583e+01 -1.682058e+02
    endloop
  endfacet
  facet normal 0.000000e+00 0.000000e+00 -1.000000e+00
    outer loop
      vertex   7.571181e+00 -3.789907e+01 -1.682058e+02
      vertex   4.992916e+00 -3.312583e+01 -1.682058e+02
      vertex   7.454451e+00 -3.266008e+01 -1.682058e+02
    endloop
  endfacet
  facet normal 0.000000e+00 0.000000e+00 -1.000000e+00
    outer loop
      vertex   4.377250e+00 -3.753767e+01 -1.682058e+02
      vertex   3.577686e+00 -3.688652e+01 -1.682058e+02
      vertex   4.992916e+00 -3.312583e+01 -1.682058e+02
    endloop
  endfacet
  facet normal 0.000000e+00 0.000000e+00 -1.000000e+00
    outer loop
      vertex   4.992916e+00 -3.312583e+01 -1.682058e+02
      vertex   3.577686e+00 -3.688652e+01 -1.682058e+02
      vertex   2.678435e+00 -3.638189e+01 -1.682058e+02
    endloop
  endfacet
  facet normal 0.000000e+00 0.000000e+00 -1.000000e+00
    outer loop
      vertex   4.992916e+00 -3.312583e+01 -1.682058e+02
      vertex   2.678435e+00 -3.638189e+01 -1.682058e+02
      vertex   2.503458e+00 -3.340633e+01 -1.682058e+02
    endloop
  endfacet
  facet normal 0.000000e+00 -0.000000e+00 -1.000000e+00
    outer loop
      vertex   2.503458e+00 -3.340633e+01 -1.682058e+02
      vertex   2.678435e+00 -3.638189e+01 -1.682058e+02
      vertex   1.706060e+00 -3.603869e+01 -1.682058e+02
    endloop
  endfacet
  facet normal 0.000000e+00 0.000000e+00 -1.000000e+00
    outer loop
      vertex   2.503458e+00 -3.340633e+01 -1.682058e+02
      vertex   1.706060e+00 -3.603869e+01 -1.682058e+02
      vertex   6.892793e-01 -3.586705e+01 -1.682058e+02
    endloop
  endfacet
  facet normal 0.000000e+00 0.000000e+00 -1.000000e+00
    outer loop
      vertex   2.503458e+00 -3.340633e+01 -1.682058e+02
      vertex   6.892793e-01 -3.586705e+01 -1.682058e+02
      vertex   2.051283e-15 -3.350000e+01 -1.682058e+02
    endloop
  endfacet
  facet normal 0.000000e+00 -0.000000e+00 -1.000000e+00
    outer loop
      vertex   2.051283e-15 -3.350000e+01 -1.682058e+02
      vertex   6.892793e-01 -3.586705e+01 -1.682058e+02
      vertex   -3.418745e-01 -3.587204e+01 -1.682058e+02
    endloop
  endfacet
  facet normal 0.000000e+00 0.000000e+00 -1.000000e+00
    outer loop
      vertex   2.051283e-15 -3.350000e+01 -1.682058e+02
      vertex   -3.418745e-01 -3.587204e+01 -1.682058e+02
      vertex   -1.356945e+00 -3.605352e+01 -1.682058e+02
    endloop
  endfacet
  facet normal -0.000000e+00 0.000000e+00 -1.000000e+00
    outer loop
      vertex   2.051283e-15 -3.350000e+01 -1.682058e+02
      vertex   -1.356945e+00 -3.605352e+01 -1.682058e+02
      vertex   -2.503458e+00 -3.340633e+01 -1.682058e+02
    endloop
  endfacet
  facet normal 0.000000e+00 0.000000e+00 -1.000000e+00
    outer loop
      vertex   -2.503458e+00 -3.340633e+01 -1.682058e+02
      vertex   -1.356945e+00 -3.605352e+01 -1.682058e+02
      vertex   -2.325951e+00 -3.640612e+01 -1.682058e+02
    endloop
  endfacet
  facet normal 0.000000e+00 -0.000000e+00 -1.000000e+00
    outer loop
      vertex   -2.503458e+00 -3.340633e+01 -1.682058e+02
      vertex   -2.325951e+00 -3.640612e+01 -1.682058e+02
      vertex   -3.220272e+00 -3.691944e+01 -1.682058e+02
    endloop
  endfacet
  facet normal -0.000000e+00 0.000000e+00 -1.000000e+00
    outer loop
      vertex   -2.503458e+00 -3.340633e+01 -1.682058e+02
      vertex   -3.220272e+00 -3.691944e+01 -1.682058e+02
      vertex   -4.992916e+00 -3.312583e+01 -1.682058e+02
    endloop
  endfacet
  facet normal 0.000000e+00 0.000000e+00 -1.000000e+00
    outer loop
      vertex   -4.992916e+00 -3.312583e+01 -1.682058e+02
      vertex   -3.220272e+00 -3.691944e+01 -1.682058e+02
      vertex   -4.013493e+00 -3.757831e+01 -1.682058e+02
    endloop
  endfacet
  facet normal 0.000000e+00 -0.000000e+00 -1.000000e+00
    outer loop
      vertex   -4.992916e+00 -3.312583e+01 -1.682058e+02
      vertex   -4.013493e+00 -3.757831e+01 -1.682058e+02
      vertex   -7.201701e+00 -3.797102e+01 -1.682058e+02
    endloop
  endfacet
  facet normal 0.000000e+00 0.000000e+00 -1.000000e+00
    outer loop
      vertex   -7.201701e+00 -3.797102e+01 -1.682058e+02
      vertex   -4.013493e+00 -3.757831e+01 -1.682058e+02
      vertex   -4.682184e+00 -3.836326e+01 -1.682058e+02
    endloop
  endfacet
  facet normal -0.000000e+00 0.000000e+00 -1.000000e+00
    outer loop
      vertex   -4.992916e+00 -3.312583e+01 -1.682058e+02
      vertex   -7.201701e+00 -3.797102e+01 -1.682058e+02
      vertex   -7.454451e+00 -3.266008e+01 -1.682058e+02
    endloop
  endfacet
  facet normal 0.000000e+00 -0.000000e+00 -1.000000e+00
    outer loop
      vertex   -7.454451e+00 -3.266008e+01 -1.682058e+02
      vertex   -7.201701e+00 -3.797102e+01 -1.682058e+02
      vertex   -9.689868e+00 -3.741349e+01 -1.682058e+02
    endloop
  endfacet
  facet normal -0.000000e+00 0.000000e+00 -1.000000e+00
    outer loop
      vertex   -7.454451e+00 -3.266008e+01 -1.682058e+02
      vertex   -9.689868e+00 -3.741349e+01 -1.682058e+02
      vertex   -9.874298e+00 -3.201169e+01 -1.682058e+02
    endloop
  endfacet
  facet normal 0.000000e+00 -0.000000e+00 -1.000000e+00
    outer loop
      vertex   -9.874298e+00 -3.201169e+01 -1.682058e+02
      vertex   -9.689868e+00 -3.741349e+01 -1.682058e+02
      vertex   -1.213586e+01 -3.669310e+01 -1.682058e+02
    endloop
  endfacet
  facet normal -0.000000e+00 0.000000e+00 -1.000000e+00
    outer loop
      vertex   -9.874298e+00 -3.201169e+01 -1.682058e+02
      vertex   -1.213586e+01 -3.669310e+01 -1.682058e+02
      vertex   -1.223892e+01 -3.118427e+01 -1.682058e+02
    endloop
  endfacet
  facet normal 0.000000e+00 -0.000000e+00 -1.000000e+00
    outer loop
      vertex   -1.223892e+01 -3.118427e+01 -1.682058e+02
      vertex   -1.213586e+01 -3.669310e+01 -1.682058e+02
      vertex   -1.452902e+01 -3.581299e+01 -1.682058e+02
    endloop
  endfacet
  facet normal -0.000000e+00 0.000000e+00 -1.000000e+00
    outer loop
      vertex   -1.223892e+01 -3.118427e+01 -1.682058e+02
      vertex   -1.452902e+01 -3.581299e+01 -1.682058e+02
      vertex   -1.453511e+01 -3.018246e+01 -1.682058e+02
    endloop
  endfacet
  facet normal 0.000000e+00 -0.000000e+00 -1.000000e+00
    outer loop
      vertex   -1.453511e+01 -3.018246e+01 -1.682058e+02
      vertex   -1.452902e+01 -3.581299e+01 -1.682058e+02
      vertex   -1.685894e+01 -3.477699e+01 -1.682058e+02
    endloop
  endfacet
  facet normal 0.000000e+00 0.000000e+00 -1.000000e+00
    outer loop
      vertex   -1.453511e+01 -3.018246e+01 -1.682058e+02
      vertex   -1.685894e+01 -3.477699e+01 -1.682058e+02
      vertex   -1.911547e+01 -3.358960e+01 -1.682058e+02
    endloop
  endfacet
  facet normal -0.000000e+00 0.000000e+00 -1.000000e+00
    outer loop
      vertex   -1.453511e+01 -3.018246e+01 -1.682058e+02
      vertex   -1.911547e+01 -3.358960e+01 -1.682058e+02
      vertex   -1.675000e+01 -2.901185e+01 -1.682058e+02
    endloop
  endfacet
  facet normal 0.000000e+00 0.000000e+00 -1.000000e+00
    outer loop
      vertex   -1.675000e+01 -2.901185e+01 -1.682058e+02
      vertex   -1.911547e+01 -3.358960e+01 -1.682058e+02
      vertex   -2.128879e+01 -3.225601e+01 -1.682058e+02
    endloop
  endfacet
  facet normal -0.000000e+00 0.000000e+00 -1.000000e+00
    outer loop
      vertex   -1.675000e+01 -2.901185e+01 -1.682058e+02
      vertex   -2.128879e+01 -3.225601e+01 -1.682058e+02
      vertex   -1.887122e+01 -2.767900e+01 -1.682058e+02
    endloop
  endfacet
  facet normal 0.000000e+00 0.000000e+00 -1.000000e+00
    outer loop
      vertex   -1.887122e+01 -2.767900e+01 -1.682058e+02
      vertex   -2.128879e+01 -3.225601e+01 -1.682058e+02
      vertex   -2.336945e+01 -3.078200e+01 -1.682058e+02
    endloop
  endfacet
  facet normal -0.000000e+00 0.000000e+00 -1.000000e+00
    outer loop
      vertex   -1.887122e+01 -2.767900e+01 -1.682058e+02
      vertex   -2.336945e+01 -3.078200e+01 -1.682058e+02
      vertex   -2.088691e+01 -2.619135e+01 -1.682058e+02
    endloop
  endfacet
  facet normal 0.000000e+00 0.000000e+00 -1.000000e+00
    outer loop
      vertex   -2.088691e+01 -2.619135e+01 -1.682058e+02
      vertex   -2.336945e+01 -3.078200e+01 -1.682058e+02
      vertex   -2.534838e+01 -2.917400e+01 -1.682058e+02
    endloop
  endfacet
  facet normal -0.000000e+00 0.000000e+00 -1.000000e+00
    outer loop
      vertex   -2.088691e+01 -2.619135e+01 -1.682058e+02
      vertex   -2.534838e+01 -2.917400e+01 -1.682058e+02
      vertex   -2.278579e+01 -2.455724e+01 -1.682058e+02
    endloop
  endfacet
  facet normal 0.000000e+00 0.000000e+00 -1.000000e+00
    outer loop
      vertex   -2.278579e+01 -2.455724e+01 -1.682058e+02
      vertex   -2.534838e+01 -2.917400e+01 -1.682058e+02
      vertex   -2.721696e+01 -2.743901e+01 -1.682058e+02
    endloop
  endfacet
  facet normal -0.000000e+00 0.000000e+00 -1.000000e+00
    outer loop
      vertex   -2.278579e+01 -2.455724e+01 -1.682058e+02
      vertex   -2.721696e+01 -2.743901e+01 -1.682058e+02
      vertex   -2.455724e+01 -2.278579e+01 -1.682058e+02
    endloop
  endfacet
  facet normal 0.000000e+00 0.000000e+00 -1.000000e+00
    outer loop
      vertex   -2.455724e+01 -2.278579e+01 -1.682058e+02
      vertex   -2.721696e+01 -2.743901e+01 -1.682058e+02
      vertex   -2.896708e+01 -2.558458e+01 -1.682058e+02
    endloop
  endfacet
  facet normal -0.000000e+00 0.000000e+00 -1.000000e+00
    outer loop
      vertex   -2.455724e+01 -2.278579e+01 -1.682058e+02
      vertex   -2.896708e+01 -2.558458e+01 -1.682058e+02
      vertex   -2.619135e+01 -2.088691e+01 -1.682058e+02
    endloop
  endfacet
  facet normal 0.000000e+00 0.000000e+00 -1.000000e+00
    outer loop
      vertex   -2.619135e+01 -2.088691e+01 -1.682058e+02
      vertex   -2.896708e+01 -2.558458e+01 -1.682058e+02
      vertex   -3.025298e+01 -2.264049e+01 -1.682058e+02
    endloop
  endfacet
  facet normal 0.000000e+00 0.000000e+00 -1.000000e+00
    outer loop
      vertex   -2.619135e+01 -2.088691e+01 -1.682058e+02
      vertex   -3.025298e+01 -2.264049e+01 -1.682058e+02
      vertex   -3.008803e+01 -2.161864e+01 -1.682058e+02
    endloop
  endfacet
  facet normal 0.000000e+00 0.000000e+00 -1.000000e+00
    outer loop
      vertex   -2.896708e+01 -2.558458e+01 -1.682058e+02
      vertex   -3.059110e+01 -2.361879e+01 -1.682058e+02
      vertex   -3.025298e+01 -2.264049e+01 -1.682058e+02
    endloop
  endfacet
  facet normal 0.000000e+00 0.000000e+00 -1.000000e+00
    outer loop
      vertex   -3.008803e+01 -2.161864e+01 -1.682058e+02
      vertex   -3.010115e+01 -2.058365e+01 -1.682058e+02
      vertex   -2.619135e+01 -2.088691e+01 -1.682058e+02
    endloop
  endfacet
  facet normal 0.000000e+00 0.000000e+00 -1.000000e+00
    outer loop
      vertex   -2.619135e+01 -2.088691e+01 -1.682058e+02
      vertex   -3.010115e+01 -2.058365e+01 -1.682058e+02
      vertex   -2.767900e+01 -1.887122e+01 -1.682058e+02
    endloop
  endfacet
  facet normal 0.000000e+00 0.000000e+00 -1.000000e+00
    outer loop
      vertex   -2.767900e+01 -1.887122e+01 -1.682058e+02
      vertex   -3.010115e+01 -2.058365e+01 -1.682058e+02
      vertex   -3.029197e+01 -1.956631e+01 -1.682058e+02
    endloop
  endfacet
  facet normal -0.000000e+00 0.000000e+00 -1.000000e+00
    outer loop
      vertex   -2.767900e+01 -1.887122e+01 -1.682058e+02
      vertex   -3.029197e+01 -1.956631e+01 -1.682058e+02
      vertex   -3.065479e+01 -1.859691e+01 -1.682058e+02
    endloop
  endfacet
  facet normal 0.000000e+00 0.000000e+00 -1.000000e+00
    outer loop
      vertex   -2.767900e+01 -1.887122e+01 -1.682058e+02
      vertex   -3.065479e+01 -1.859691e+01 -1.682058e+02
      vertex   -2.901185e+01 -1.675000e+01 -1.682058e+02
    endloop
  endfacet
  facet normal 0.000000e+00 0.000000e+00 -1.000000e+00
    outer loop
      vertex   -2.901185e+01 -1.675000e+01 -1.682058e+02
      vertex   -3.065479e+01 -1.859691e+01 -1.682058e+02
      vertex   -3.117883e+01 -1.770429e+01 -1.682058e+02
    endloop
  endfacet
  facet normal 0.000000e+00 0.000000e+00 -1.000000e+00
    outer loop
      vertex   -2.901185e+01 -1.675000e+01 -1.682058e+02
      vertex   -3.117883e+01 -1.770429e+01 -1.682058e+02
      vertex   -3.184849e+01 -1.691502e+01 -1.682058e+02
    endloop
  endfacet
  facet normal -0.000000e+00 0.000000e+00 -1.000000e+00
    outer loop
      vertex   -2.901185e+01 -1.675000e+01 -1.682058e+02
      vertex   -3.184849e+01 -1.691502e+01 -1.682058e+02
      vertex   -3.018246e+01 -1.453511e+01 -1.682058e+02
    endloop
  endfacet
  facet normal 0.000000e+00 0.000000e+00 -1.000000e+00
    outer loop
      vertex   -3.018246e+01 -1.453511e+01 -1.682058e+02
      vertex   -3.184849e+01 -1.691502e+01 -1.682058e+02
      vertex   -3.264383e+01 -1.625259e+01 -1.682058e+02
    endloop
  endfacet
  facet normal 0.000000e+00 0.000000e+00 -1.000000e+00
    outer loop
      vertex   -3.018246e+01 -1.453511e+01 -1.682058e+02
      vertex   -3.264383e+01 -1.625259e+01 -1.682058e+02
      vertex   -3.354119e+01 -1.573671e+01 -1.682058e+02
    endloop
  endfacet
  facet normal -0.000000e+00 0.000000e+00 -1.000000e+00
    outer loop
      vertex   -3.018246e+01 -1.453511e+01 -1.682058e+02
      vertex   -3.354119e+01 -1.573671e+01 -1.682058e+02
      vertex   -3.118427e+01 -1.223892e+01 -1.682058e+02
    endloop
  endfacet
  facet normal 0.000000e+00 0.000000e+00 -1.000000e+00
    outer loop
      vertex   -3.118427e+01 -1.223892e+01 -1.682058e+02
      vertex   -3.354119e+01 -1.573671e+01 -1.682058e+02
      vertex   -3.451386e+01 -1.538273e+01 -1.682058e+02
    endloop
  endfacet
  facet normal 0.000000e+00 0.000000e+00 -1.000000e+00
    outer loop
      vertex   -3.118427e+01 -1.223892e+01 -1.682058e+02
      vertex   -3.451386e+01 -1.538273e+01 -1.682058e+02
      vertex   -3.645735e+01 -1.282672e+01 -1.682058e+02
    endloop
  endfacet
  facet normal 0.000000e+00 0.000000e+00 -1.000000e+00
    outer loop
      vertex   -3.645735e+01 -1.282672e+01 -1.682058e+02
      vertex   -3.451386e+01 -1.538273e+01 -1.682058e+02
      vertex   -3.553289e+01 -1.520120e+01 -1.682058e+02
    endloop
  endfacet
  facet normal -0.000000e+00 0.000000e+00 -1.000000e+00
    outer loop
      vertex   -3.118427e+01 -1.223892e+01 -1.682058e+02
      vertex   -3.645735e+01 -1.282672e+01 -1.682058e+02
      vertex   -3.201169e+01 -9.874298e+00 -1.682058e+02
    endloop
  endfacet
  facet normal 0.000000e+00 0.000000e+00 -1.000000e+00
    outer loop
      vertex   -3.201169e+01 -9.874298e+00 -1.682058e+02
      vertex   -3.645735e+01 -1.282672e+01 -1.682058e+02
      vertex   -3.722333e+01 -1.039647e+01 -1.682058e+02
    endloop
  endfacet
  facet normal -0.000000e+00 0.000000e+00 -1.000000e+00
    outer loop
      vertex   -3.201169e+01 -9.874298e+00 -1.682058e+02
      vertex   -3.722333e+01 -1.039647e+01 -1.682058e+02
      vertex   -3.266008e+01 -7.454451e+00 -1.682058e+02
    endloop
  endfacet
  facet normal 0.000000e+00 0.000000e+00 -1.000000e+00
    outer loop
      vertex   -3.266008e+01 -7.454451e+00 -1.682058e+02
      vertex   -3.722333e+01 -1.039647e+01 -1.682058e+02
      vertex   -3.782750e+01 -7.921042e+00 -1.682058e+02
    endloop
  endfacet
  facet normal -0.000000e+00 0.000000e+00 -1.000000e+00
    outer loop
      vertex   -3.266008e+01 -7.454451e+00 -1.682058e+02
      vertex   -3.782750e+01 -7.921042e+00 -1.682058e+02
      vertex   -3.312583e+01 -4.992916e+00 -1.682058e+02
    endloop
  endfacet
  facet normal 0.000000e+00 0.000000e+00 -1.000000e+00
    outer loop
      vertex   -3.312583e+01 -4.992916e+00 -1.682058e+02
      vertex   -3.782750e+01 -7.921042e+00 -1.682058e+02
      vertex   -3.826724e+01 -5.411178e+00 -1.682058e+02
    endloop
  endfacet
  facet normal -0.000000e+00 0.000000e+00 -1.000000e+00
    outer loop
      vertex   -3.312583e+01 -4.992916e+00 -1.682058e+02
      vertex   -3.826724e+01 -5.411178e+00 -1.682058e+02
      vertex   -3.340633e+01 -2.503458e+00 -1.682058e+02
    endloop
  endfacet
  facet normal 0.000000e+00 0.000000e+00 -1.000000e+00
    outer loop
      vertex   -3.340633e+01 -2.503458e+00 -1.682058e+02
      vertex   -3.826724e+01 -5.411178e+00 -1.682058e+02
      vertex   -3.854064e+01 -2.877791e+00 -1.682058e+02
    endloop
  endfacet
  facet normal -0.000000e+00 0.000000e+00 -1.000000e+00
    outer loop
      vertex   -3.340633e+01 -2.503458e+00 -1.682058e+02
      vertex   -3.854064e+01 -2.877791e+00 -1.682058e+02
      vertex   -3.864651e+01 -3.318953e-01 -1.682058e+02
    endloop
  endfacet
  facet normal 0.000000e+00 0.000000e+00 -1.000000e+00
    outer loop
      vertex   -3.340633e+01 -2.503458e+00 -1.682058e+02
      vertex   -3.864651e+01 -3.318953e-01 -1.682058e+02
      vertex   -3.350000e+01 4.102567e-15 -1.682058e+02
    endloop
  endfacet
  facet normal -0.000000e+00 0.000000e+00 -1.000000e+00
    outer loop
      vertex   -3.350000e+01 4.102567e-15 -1.682058e+02
      vertex   -3.864651e+01 -3.318953e-01 -1.682058e+02
      vertex   -3.858438e+01 2.215443e+00 -1.682058e+02
    endloop
  endfacet
  facet normal 0.000000e+00 0.000000e+00 -1.000000e+00
    outer loop
      vertex   -3.350000e+01 4.102567e-15 -1.682058e+02
      vertex   -3.858438e+01 2.215443e+00 -1.682058e+02
      vertex   -3.340633e+01 2.503458e+00 -1.682058e+02
    endloop
  endfacet
  facet normal -0.000000e+00 0.000000e+00 -1.000000e+00
    outer loop
      vertex   -3.340633e+01 2.503458e+00 -1.682058e+02
      vertex   -3.858438e+01 2.215443e+00 -1.682058e+02
      vertex   -3.835453e+01 4.753152e+00 -1.682058e+02
    endloop
  endfacet
  facet normal 0.000000e+00 0.000000e+00 -1.000000e+00
    outer loop
      vertex   -3.340633e+01 2.503458e+00 -1.682058e+02
      vertex   -3.835453e+01 4.753152e+00 -1.682058e+02
      vertex   -3.312583e+01 4.992916e+00 -1.682058e+02
    endloop
  endfacet
  facet normal -0.000000e+00 0.000000e+00 -1.000000e+00
    outer loop
      vertex   -3.312583e+01 4.992916e+00 -1.682058e+02
      vertex   -3.835453e+01 4.753152e+00 -1.682058e+02
      vertex   -3.795796e+01 7.270199e+00 -1.682058e+02
    endloop
  endfacet
  facet normal 0.000000e+00 0.000000e+00 -1.000000e+00
    outer loop
      vertex   -3.312583e+01 4.992916e+00 -1.682058e+02
      vertex   -3.795796e+01 7.270199e+00 -1.682058e+02
      vertex   -3.266008e+01 7.454451e+00 -1.682058e+02
    endloop
  endfacet
  facet normal -0.000000e+00 0.000000e+00 -1.000000e+00
    outer loop
      vertex   -3.266008e+01 7.454451e+00 -1.682058e+02
      vertex   -3.795796e+01 7.270199e+00 -1.682058e+02
      vertex   -3.739639e+01 9.755643e+00 -1.682058e+02
    endloop
  endfacet
  facet normal 0.000000e+00 0.000000e+00 -1.000000e+00
    outer loop
      vertex   -3.266008e+01 7.454451e+00 -1.682058e+02
      vertex   -3.739639e+01 9.755643e+00 -1.682058e+02
      vertex   -3.201169e+01 9.874298e+00 -1.682058e+02
    endloop
  endfacet
  facet normal -0.000000e+00 0.000000e+00 -1.000000e+00
    outer loop
      vertex   -3.201169e+01 9.874298e+00 -1.682058e+02
      vertex   -3.739639e+01 9.755643e+00 -1.682058e+02
      vertex   -3.667226e+01 1.219868e+01 -1.682058e+02
    endloop
  endfacet
  facet normal 0.000000e+00 0.000000e+00 -1.000000e+00
    outer loop
      vertex   -3.201169e+01 9.874298e+00 -1.682058e+02
      vertex   -3.667226e+01 1.219868e+01 -1.682058e+02
      vertex   -3.118427e+01 1.223892e+01 -1.682058e+02
    endloop
  endfacet
  facet normal -0.000000e+00 0.000000e+00 -1.000000e+00
    outer loop
      vertex   -3.118427e+01 1.223892e+01 -1.682058e+02
      vertex   -3.667226e+01 1.219868e+01 -1.682058e+02
      vertex   -3.474286e+01 1.476776e+01 -1.682058e+02
    endloop
  endfacet
  facet normal 0.000000e+00 0.000000e+00 -1.000000e+00
    outer loop
      vertex   -3.118427e+01 1.223892e+01 -1.682058e+02
      vertex   -3.474286e+01 1.476776e+01 -1.682058e+02
      vertex   -3.374490e+01 1.512827e+01 -1.682058e+02
    endloop
  endfacet
  facet normal 0.000000e+00 0.000000e+00 -1.000000e+00
    outer loop
      vertex   -3.667226e+01 1.219868e+01 -1.682058e+02
      vertex   -3.578872e+01 1.458869e+01 -1.682058e+02
      vertex   -3.474286e+01 1.476776e+01 -1.682058e+02
    endloop
  endfacet
  facet normal 0.000000e+00 0.000000e+00 -1.000000e+00
    outer loop
      vertex   -3.374490e+01 1.512827e+01 -1.682058e+02
      vertex   -3.282604e+01 1.565893e+01 -1.682058e+02
      vertex   -3.118427e+01 1.223892e+01 -1.682058e+02
    endloop
  endfacet
  facet normal 0.000000e+00 0.000000e+00 -1.000000e+00
    outer loop
      vertex   -3.118427e+01 1.223892e+01 -1.682058e+02
      vertex   -3.282604e+01 1.565893e+01 -1.682058e+02
      vertex   -3.018246e+01 1.453511e+01 -1.682058e+02
    endloop
  endfacet
  facet normal 0.000000e+00 0.000000e+00 -1.000000e+00
    outer loop
      vertex   -3.018246e+01 1.453511e+01 -1.682058e+02
      vertex   -3.282604e+01 1.565893e+01 -1.682058e+02
      vertex   -3.201503e+01 1.634315e+01 -1.682058e+02
    endloop
  endfacet
  facet normal 0.000000e+00 0.000000e+00 -1.000000e+00
    outer loop
      vertex   -3.018246e+01 1.453511e+01 -1.682058e+02
      vertex   -3.201503e+01 1.634315e+01 -1.682058e+02
      vertex   -3.133724e+01 1.715954e+01 -1.682058e+02
    endloop
  endfacet
  facet normal 0.000000e+00 0.000000e+00 -1.000000e+00
    outer loop
      vertex   -3.018246e+01 1.453511e+01 -1.682058e+02
      vertex   -3.133724e+01 1.715954e+01 -1.682058e+02
      vertex   -2.901185e+01 1.675000e+01 -1.682058e+02
    endloop
  endfacet
  facet normal 0.000000e+00 0.000000e+00 -1.000000e+00
    outer loop
      vertex   -2.901185e+01 1.675000e+01 -1.682058e+02
      vertex   -3.133724e+01 1.715954e+01 -1.682058e+02
      vertex   -3.081385e+01 1.808256e+01 -1.682058e+02
    endloop
  endfacet
  facet normal 0.000000e+00 0.000000e+00 -1.000000e+00
    outer loop
      vertex   -2.901185e+01 1.675000e+01 -1.682058e+02
      vertex   -3.081385e+01 1.808256e+01 -1.682058e+02
      vertex   -3.046124e+01 1.908334e+01 -1.682058e+02
    endloop
  endfacet
  facet normal 0.000000e+00 0.000000e+00 -1.000000e+00
    outer loop
      vertex   -2.901185e+01 1.675000e+01 -1.682058e+02
      vertex   -3.046124e+01 1.908334e+01 -1.682058e+02
      vertex   -2.767900e+01 1.887122e+01 -1.682058e+02
    endloop
  endfacet
  facet normal 0.000000e+00 0.000000e+00 -1.000000e+00
    outer loop
      vertex   -2.767900e+01 1.887122e+01 -1.682058e+02
      vertex   -3.046124e+01 1.908334e+01 -1.682058e+02
      vertex   -3.029044e+01 2.013058e+01 -1.682058e+02
    endloop
  endfacet
  facet normal 0.000000e+00 0.000000e+00 -1.000000e+00
    outer loop
      vertex   -2.767900e+01 1.887122e+01 -1.682058e+02
      vertex   -3.029044e+01 2.013058e+01 -1.682058e+02
      vertex   -3.030678e+01 2.119154e+01 -1.682058e+02
    endloop
  endfacet
  facet normal 0.000000e+00 0.000000e+00 -1.000000e+00
    outer loop
      vertex   -2.767900e+01 1.887122e+01 -1.682058e+02
      vertex   -3.030678e+01 2.119154e+01 -1.682058e+02
      vertex   -2.619135e+01 2.088691e+01 -1.682058e+02
    endloop
  endfacet
  facet normal 0.000000e+00 0.000000e+00 -1.000000e+00
    outer loop
      vertex   -2.619135e+01 2.088691e+01 -1.682058e+02
      vertex   -3.030678e+01 2.119154e+01 -1.682058e+02
      vertex   -3.050976e+01 2.223303e+01 -1.682058e+02
    endloop
  endfacet
  facet normal 0.000000e+00 0.000000e+00 -1.000000e+00
    outer loop
      vertex   -2.619135e+01 2.088691e+01 -1.682058e+02
      vertex   -3.050976e+01 2.223303e+01 -1.682058e+02
      vertex   -2.923322e+01 2.528006e+01 -1.682058e+02
    endloop
  endfacet
  facet normal 0.000000e+00 0.000000e+00 -1.000000e+00
    outer loop
      vertex   -2.923322e+01 2.528006e+01 -1.682058e+02
      vertex   -3.050976e+01 2.223303e+01 -1.682058e+02
      vertex   -3.089303e+01 2.322247e+01 -1.682058e+02
    endloop
  endfacet
  facet normal 0.000000e+00 0.000000e+00 -1.000000e+00
    outer loop
      vertex   -2.619135e+01 2.088691e+01 -1.682058e+02
      vertex   -2.923322e+01 2.528006e+01 -1.682058e+02
      vertex   -2.455724e+01 2.278579e+01 -1.682058e+02
    endloop
  endfacet
  facet normal 0.000000e+00 0.000000e+00 -1.000000e+00
    outer loop
      vertex   -2.455724e+01 2.278579e+01 -1.682058e+02
      vertex   -2.923322e+01 2.528006e+01 -1.682058e+02
      vertex   -2.743662e+01 2.721937e+01 -1.682058e+02
    endloop
  endfacet
  facet normal 0.000000e+00 0.000000e+00 -1.000000e+00
    outer loop
      vertex   -2.455724e+01 2.278579e+01 -1.682058e+02
      vertex   -2.743662e+01 2.721937e+01 -1.682058e+02
      vertex   -2.278579e+01 2.455724e+01 -1.682058e+02
    endloop
  endfacet
  facet normal 0.000000e+00 0.000000e+00 -1.000000e+00
    outer loop
      vertex   -2.278579e+01 2.455724e+01 -1.682058e+02
      vertex   -2.743662e+01 2.721937e+01 -1.682058e+02
      vertex   -2.551166e+01 2.903133e+01 -1.682058e+02
    endloop
  endfacet
  facet normal 0.000000e+00 0.000000e+00 -1.000000e+00
    outer loop
      vertex   -2.278579e+01 2.455724e+01 -1.682058e+02
      vertex   -2.551166e+01 2.903133e+01 -1.682058e+02
      vertex   -2.088691e+01 2.619135e+01 -1.682058e+02
    endloop
  endfacet
  facet normal 0.000000e+00 0.000000e+00 -1.000000e+00
    outer loop
      vertex   -2.088691e+01 2.619135e+01 -1.682058e+02
      vertex   -2.551166e+01 2.903133e+01 -1.682058e+02
      vertex   -2.346733e+01 3.070745e+01 -1.682058e+02
    endloop
  endfacet
  facet normal 0.000000e+00 0.000000e+00 -1.000000e+00
    outer loop
      vertex   -2.088691e+01 2.619135e+01 -1.682058e+02
      vertex   -2.346733e+01 3.070745e+01 -1.682058e+02
      vertex   -1.887122e+01 2.767900e+01 -1.682058e+02
    endloop
  endfacet
  facet normal 0.000000e+00 0.000000e+00 -1.000000e+00
    outer loop
      vertex   -1.887122e+01 2.767900e+01 -1.682058e+02
      vertex   -2.346733e+01 3.070745e+01 -1.682058e+02
      vertex   -2.131319e+01 3.223989e+01 -1.682058e+02
    endloop
  endfacet
  facet normal 0.000000e+00 0.000000e+00 -1.000000e+00
    outer loop
      vertex   -1.887122e+01 2.767900e+01 -1.682058e+02
      vertex   -2.131319e+01 3.223989e+01 -1.682058e+02
      vertex   -1.675000e+01 2.901185e+01 -1.682058e+02
    endloop
  endfacet
  facet normal 0.000000e+00 0.000000e+00 -1.000000e+00
    outer loop
      vertex   -1.675000e+01 2.901185e+01 -1.682058e+02
      vertex   -2.131319e+01 3.223989e+01 -1.682058e+02
      vertex   -1.905934e+01 3.362149e+01 -1.682058e+02
    endloop
  endfacet
  facet normal 0.000000e+00 0.000000e+00 -1.000000e+00
    outer loop
      vertex   -1.675000e+01 2.901185e+01 -1.682058e+02
      vertex   -1.905934e+01 3.362149e+01 -1.682058e+02
      vertex   -1.453511e+01 3.018246e+01 -1.682058e+02
    endloop
  endfacet
  facet normal 0.000000e+00 0.000000e+00 -1.000000e+00
    outer loop
      vertex   -1.453511e+01 3.018246e+01 -1.682058e+02
      vertex   -1.905934e+01 3.362149e+01 -1.682058e+02
      vertex   -1.671631e+01 3.484577e+01 -1.682058e+02
    endloop
  endfacet
  facet normal 0.000000e+00 0.000000e+00 -1.000000e+00
    outer loop
      vertex   -1.453511e+01 3.018246e+01 -1.682058e+02
      vertex   -1.671631e+01 3.484577e+01 -1.682058e+02
      vertex   -1.429506e+01 3.590702e+01 -1.682058e+02
    endloop
  endfacet
  facet normal 0.000000e+00 0.000000e+00 -1.000000e+00
    outer loop
      vertex   -1.453511e+01 3.018246e+01 -1.682058e+02
      vertex   -1.429506e+01 3.590702e+01 -1.682058e+02
      vertex   -1.223892e+01 3.118427e+01 -1.682058e+02
    endloop
  endfacet
  facet normal 0.000000e+00 0.000000e+00 -1.000000e+00
    outer loop
      vertex   -1.223892e+01 3.118427e+01 -1.682058e+02
      vertex   -1.429506e+01 3.590702e+01 -1.682058e+02
      vertex   -1.180693e+01 3.680026e+01 -1.682058e+02
    endloop
  endfacet
  facet normal 0.000000e+00 0.000000e+00 -1.000000e+00
    outer loop
      vertex   -1.223892e+01 3.118427e+01 -1.682058e+02
      vertex   -1.180693e+01 3.680026e+01 -1.682058e+02
      vertex   -9.874298e+00 3.201169e+01 -1.682058e+02
    endloop
  endfacet
  facet normal 0.000000e+00 0.000000e+00 -1.000000e+00
    outer loop
      vertex   -9.874298e+00 3.201169e+01 -1.682058e+02
      vertex   -1.180693e+01 3.680026e+01 -1.682058e+02
      vertex   -9.263557e+00 3.752132e+01 -1.682058e+02
    endloop
  endfacet
  facet normal 0.000000e+00 0.000000e+00 -1.000000e+00
    outer loop
      vertex   -9.874298e+00 3.201169e+01 -1.682058e+02
      vertex   -9.263557e+00 3.752132e+01 -1.682058e+02
      vertex   -7.454451e+00 3.266008e+01 -1.682058e+02
    endloop
  endfacet
  facet normal 0.000000e+00 0.000000e+00 -1.000000e+00
    outer loop
      vertex   -7.454451e+00 3.266008e+01 -1.682058e+02
      vertex   -9.263557e+00 3.752132e+01 -1.682058e+02
      vertex   -6.676841e+00 3.806682e+01 -1.682058e+02
    endloop
  endfacet
  facet normal 0.000000e+00 0.000000e+00 -1.000000e+00
    outer loop
      vertex   -7.454451e+00 3.266008e+01 -1.682058e+02
      vertex   -6.676841e+00 3.806682e+01 -1.682058e+02
      vertex   -4.992916e+00 3.312583e+01 -1.682058e+02
    endloop
  endfacet
  facet normal 0.000000e+00 0.000000e+00 -1.000000e+00
    outer loop
      vertex   -4.992916e+00 3.312583e+01 -1.682058e+02
      vertex   -6.676841e+00 3.806682e+01 -1.682058e+02
      vertex   -4.058885e+00 3.843420e+01 -1.682058e+02
    endloop
  endfacet
  facet normal 0.000000e+00 0.000000e+00 -1.000000e+00
    outer loop
      vertex   -4.992916e+00 3.312583e+01 -1.682058e+02
      vertex   -4.058885e+00 3.843420e+01 -1.682058e+02
      vertex   -2.503458e+00 3.340633e+01 -1.682058e+02
    endloop
  endfacet
  facet normal 0.000000e+00 0.000000e+00 -1.000000e+00
    outer loop
      vertex   -2.503458e+00 3.340633e+01 -1.682058e+02
      vertex   -4.058885e+00 3.843420e+01 -1.682058e+02
      vertex   -1.421937e+00 3.862177e+01 -1.682058e+02
    endloop
  endfacet
  facet normal 0.000000e+00 0.000000e+00 -1.000000e+00
    outer loop
      vertex   -2.503458e+00 3.340633e+01 -1.682058e+02
      vertex   -1.421937e+00 3.862177e+01 -1.682058e+02
      vertex   2.051283e-15 3.350000e+01 -1.682058e+02
    endloop
  endfacet
  facet normal 0.000000e+00 0.000000e+00 -1.000000e+00
    outer loop
      vertex   2.051283e-15 3.350000e+01 -1.682058e+02
      vertex   -1.421937e+00 3.862177e+01 -1.682058e+02
      vertex   1.221663e+00 3.862862e+01 -1.682058e+02
    endloop
  endfacet
  facet normal 0.000000e+00 0.000000e+00 -1.000000e+00
    outer loop
      vertex   2.051283e-15 3.350000e+01 -1.682058e+02
      vertex   1.221663e+00 3.862862e+01 -1.682058e+02
      vertex   2.503458e+00 3.340633e+01 -1.682058e+02
    endloop
  endfacet
  facet normal 0.000000e+00 0.000000e+00 -1.000000e+00
    outer loop
      vertex   2.503458e+00 3.340633e+01 -1.682058e+02
      vertex   1.221663e+00 3.862862e+01 -1.682058e+02
      vertex   3.859548e+00 3.845473e+01 -1.682058e+02
    endloop
  endfacet
  facet normal 0.000000e+00 0.000000e+00 -1.000000e+00
    outer loop
      vertex   2.503458e+00 3.340633e+01 -1.682058e+02
      vertex   3.859548e+00 3.845473e+01 -1.682058e+02
      vertex   4.992916e+00 3.312583e+01 -1.682058e+02
    endloop
  endfacet
  facet normal 0.000000e+00 0.000000e+00 -1.000000e+00
    outer loop
      vertex   4.992916e+00 3.312583e+01 -1.682058e+02
      vertex   3.859548e+00 3.845473e+01 -1.682058e+02
      vertex   6.479374e+00 3.810092e+01 -1.682058e+02
    endloop
  endfacet
  facet normal 0.000000e+00 0.000000e+00 -1.000000e+00
    outer loop
      vertex   4.992916e+00 3.312583e+01 -1.682058e+02
      vertex   6.479374e+00 3.810092e+01 -1.682058e+02
      vertex   7.454451e+00 3.266008e+01 -1.682058e+02
    endloop
  endfacet
  facet normal 0.000000e+00 0.000000e+00 -1.000000e+00
    outer loop
      vertex   7.454451e+00 3.266008e+01 -1.682058e+02
      vertex   6.479374e+00 3.810092e+01 -1.682058e+02
      vertex   9.068884e+00 3.756884e+01 -1.682058e+02
    endloop
  endfacet
  facet normal 0.000000e+00 0.000000e+00 -1.000000e+00
    outer loop
      vertex   7.454451e+00 3.266008e+01 -1.682058e+02
      vertex   9.068884e+00 3.756884e+01 -1.682058e+02
      vertex   9.874298e+00 3.201169e+01 -1.682058e+02
    endloop
  endfacet
  facet normal 0.000000e+00 0.000000e+00 -1.000000e+00
    outer loop
      vertex   9.874298e+00 3.201169e+01 -1.682058e+02
      vertex   9.068884e+00 3.756884e+01 -1.682058e+02
      vertex   1.161596e+01 3.686098e+01 -1.682058e+02
    endloop
  endfacet
  facet normal 0.000000e+00 0.000000e+00 -1.000000e+00
    outer loop
      vertex   9.874298e+00 3.201169e+01 -1.682058e+02
      vertex   1.161596e+01 3.686098e+01 -1.682058e+02
      vertex   1.223892e+01 3.118427e+01 -1.682058e+02
    endloop
  endfacet
  facet normal 0.000000e+00 0.000000e+00 -1.000000e+00
    outer loop
      vertex   1.223892e+01 3.118427e+01 -1.682058e+02
      vertex   1.161596e+01 3.686098e+01 -1.682058e+02
      vertex   1.410869e+01 3.598065e+01 -1.682058e+02
    endloop
  endfacet
  facet normal 0.000000e+00 0.000000e+00 -1.000000e+00
    outer loop
      vertex   1.223892e+01 3.118427e+01 -1.682058e+02
      vertex   1.410869e+01 3.598065e+01 -1.682058e+02
      vertex   1.653540e+01 3.493198e+01 -1.682058e+02
    endloop
  endfacet
  facet normal 0.000000e+00 0.000000e+00 -1.000000e+00
    outer loop
      vertex   1.223892e+01 3.118427e+01 -1.682058e+02
      vertex   1.653540e+01 3.493198e+01 -1.682058e+02
      vertex   1.453511e+01 3.018246e+01 -1.682058e+02
    endloop
  endfacet
  facet normal 0.000000e+00 0.000000e+00 -1.000000e+00
    outer loop
      vertex   1.453511e+01 3.018246e+01 -1.682058e+02
      vertex   1.653540e+01 3.493198e+01 -1.682058e+02
      vertex   1.888475e+01 3.371986e+01 -1.682058e+02
    endloop
  endfacet
  facet normal 0.000000e+00 0.000000e+00 -1.000000e+00
    outer loop
      vertex   1.453511e+01 3.018246e+01 -1.682058e+02
      vertex   1.888475e+01 3.371986e+01 -1.682058e+02
      vertex   1.675000e+01 2.901185e+01 -1.682058e+02
    endloop
  endfacet
  facet normal 0.000000e+00 0.000000e+00 -1.000000e+00
    outer loop
      vertex   1.675000e+01 2.901185e+01 -1.682058e+02
      vertex   1.888475e+01 3.371986e+01 -1.682058e+02
      vertex   2.114574e+01 3.234997e+01 -1.682058e+02
    endloop
  endfacet
  facet normal 0.000000e+00 0.000000e+00 -1.000000e+00
    outer loop
      vertex   1.675000e+01 2.901185e+01 -1.682058e+02
      vertex   2.114574e+01 3.234997e+01 -1.682058e+02
      vertex   1.887122e+01 2.767900e+01 -1.682058e+02
    endloop
  endfacet
  facet normal 0.000000e+00 0.000000e+00 -1.000000e+00
    outer loop
      vertex   1.887122e+01 2.767900e+01 -1.682058e+02
      vertex   2.114574e+01 3.234997e+01 -1.682058e+02
      vertex   2.330779e+01 3.082871e+01 -1.682058e+02
    endloop
  endfacet
  facet normal 0.000000e+00 0.000000e+00 -1.000000e+00
    outer loop
      vertex   1.887122e+01 2.767900e+01 -1.682058e+02
      vertex   2.330779e+01 3.082871e+01 -1.682058e+02
      vertex   2.088691e+01 2.619135e+01 -1.682058e+02
    endloop
  endfacet
  facet normal 0.000000e+00 0.000000e+00 -1.000000e+00
    outer loop
      vertex   2.088691e+01 2.619135e+01 -1.682058e+02
      vertex   2.330779e+01 3.082871e+01 -1.682058e+02
      vertex   2.536079e+01 2.916322e+01 -1.682058e+02
    endloop
  endfacet
  facet normal 0.000000e+00 0.000000e+00 -1.000000e+00
    outer loop
      vertex   2.088691e+01 2.619135e+01 -1.682058e+02
      vertex   2.536079e+01 2.916322e+01 -1.682058e+02
      vertex   2.278579e+01 2.455724e+01 -1.682058e+02
    endloop
  endfacet
  facet normal 0.000000e+00 0.000000e+00 -1.000000e+00
    outer loop
      vertex   2.278579e+01 2.455724e+01 -1.682058e+02
      vertex   2.536079e+01 2.916322e+01 -1.682058e+02
      vertex   2.729512e+01 2.736127e+01 -1.682058e+02
    endloop
  endfacet
  facet normal 0.000000e+00 0.000000e+00 -1.000000e+00
    outer loop
      vertex   2.278579e+01 2.455724e+01 -1.682058e+02
      vertex   2.729512e+01 2.736127e+01 -1.682058e+02
      vertex   2.455724e+01 2.278579e+01 -1.682058e+02
    endloop
  endfacet
  facet normal 0.000000e+00 0.000000e+00 -1.000000e+00
    outer loop
      vertex   2.455724e+01 2.278579e+01 -1.682058e+02
      vertex   2.729512e+01 2.736127e+01 -1.682058e+02
      vertex   2.910175e+01 2.543130e+01 -1.682058e+02
    endloop
  endfacet
  facet normal 0.000000e+00 0.000000e+00 -1.000000e+00
    outer loop
      vertex   2.455724e+01 2.278579e+01 -1.682058e+02
      vertex   2.910175e+01 2.543130e+01 -1.682058e+02
      vertex   2.619135e+01 2.088691e+01 -1.682058e+02
    endloop
  endfacet
  facet normal 0.000000e+00 0.000000e+00 -1.000000e+00
    outer loop
      vertex   2.619135e+01 2.088691e+01 -1.682058e+02
      vertex   2.910175e+01 2.543130e+01 -1.682058e+02
      vertex   3.037694e+01 2.245823e+01 -1.682058e+02
    endloop
  endfacet
  facet normal 0.000000e+00 0.000000e+00 -1.000000e+00
    outer loop
      vertex   2.619135e+01 2.088691e+01 -1.682058e+02
      vertex   3.037694e+01 2.245823e+01 -1.682058e+02
      vertex   3.014148e+01 2.148111e+01 -1.682058e+02
    endloop
  endfacet
  facet normal 0.000000e+00 0.000000e+00 -1.000000e+00
    outer loop
      vertex   2.910175e+01 2.543130e+01 -1.682058e+02
      vertex   3.077221e+01 2.338234e+01 -1.682058e+02
      vertex   3.037694e+01 2.245823e+01 -1.682058e+02
    endloop
  endfacet
  facet normal 0.000000e+00 0.000000e+00 -1.000000e+00
    outer loop
      vertex   3.014148e+01 2.148111e+01 -1.682058e+02
      vertex   3.007243e+01 2.047839e+01 -1.682058e+02
      vertex   2.619135e+01 2.088691e+01 -1.682058e+02
    endloop
  endfacet
  facet normal 0.000000e+00 0.000000e+00 -1.000000e+00
    outer loop
      vertex   2.619135e+01 2.088691e+01 -1.682058e+02
      vertex   3.007243e+01 2.047839e+01 -1.682058e+02
      vertex   2.767900e+01 1.887122e+01 -1.682058e+02
    endloop
  endfacet
  facet normal 0.000000e+00 0.000000e+00 -1.000000e+00
    outer loop
      vertex   2.767900e+01 1.887122e+01 -1.682058e+02
      vertex   3.007243e+01 2.047839e+01 -1.682058e+02
      vertex   3.017173e+01 1.947822e+01 -1.682058e+02
    endloop
  endfacet
  facet normal 0.000000e+00 0.000000e+00 -1.000000e+00
    outer loop
      vertex   2.767900e+01 1.887122e+01 -1.682058e+02
      vertex   3.017173e+01 1.947822e+01 -1.682058e+02
      vertex   3.043659e+01 1.850865e+01 -1.682058e+02
    endloop
  endfacet
  facet normal 0.000000e+00 0.000000e+00 -1.000000e+00
    outer loop
      vertex   2.767900e+01 1.887122e+01 -1.682058e+02
      vertex   3.043659e+01 1.850865e+01 -1.682058e+02
      vertex   2.901185e+01 1.675000e+01 -1.682058e+02
    endloop
  endfacet
  facet normal 0.000000e+00 0.000000e+00 -1.000000e+00
    outer loop
      vertex   2.901185e+01 1.675000e+01 -1.682058e+02
      vertex   3.043659e+01 1.850865e+01 -1.682058e+02
      vertex   3.085959e+01 1.759690e+01 -1.682058e+02
    endloop
  endfacet
  facet normal 0.000000e+00 0.000000e+00 -1.000000e+00
    outer loop
      vertex   2.901185e+01 1.675000e+01 -1.682058e+02
      vertex   3.085959e+01 1.759690e+01 -1.682058e+02
      vertex   3.142884e+01 1.676855e+01 -1.682058e+02
    endloop
  endfacet
  facet normal 0.000000e+00 0.000000e+00 -1.000000e+00
    outer loop
      vertex   2.901185e+01 1.675000e+01 -1.682058e+02
      vertex   3.142884e+01 1.676855e+01 -1.682058e+02
      vertex   3.018246e+01 1.453511e+01 -1.682058e+02
    endloop
  endfacet
  facet normal 0.000000e+00 0.000000e+00 -1.000000e+00
    outer loop
      vertex   3.018246e+01 1.453511e+01 -1.682058e+02
      vertex   3.142884e+01 1.676855e+01 -1.682058e+02
      vertex   3.212838e+01 1.604685e+01 -1.682058e+02
    endloop
  endfacet
  facet normal 0.000000e+00 0.000000e+00 -1.000000e+00
    outer loop
      vertex   3.018246e+01 1.453511e+01 -1.682058e+02
      vertex   3.212838e+01 1.604685e+01 -1.682058e+02
      vertex   3.293858e+01 1.545204e+01 -1.682058e+02
    endloop
  endfacet
  facet normal 0.000000e+00 0.000000e+00 -1.000000e+00
    outer loop
      vertex   3.018246e+01 1.453511e+01 -1.682058e+02
      vertex   3.293858e+01 1.545204e+01 -1.682058e+02
      vertex   3.118427e+01 1.223892e+01 -1.682058e+02
    endloop
  endfacet
  facet normal 0.000000e+00 0.000000e+00 -1.000000e+00
    outer loop
      vertex   3.118427e+01 1.223892e+01 -1.682058e+02
      vertex   3.293858e+01 1.545204e+01 -1.682058e+02
      vertex   3.383670e+01 1.500083e+01 -1.682058e+02
    endloop
  endfacet
  facet normal 0.000000e+00 0.000000e+00 -1.000000e+00
    outer loop
      vertex   3.118427e+01 1.223892e+01 -1.682058e+02
      vertex   3.383670e+01 1.500083e+01 -1.682058e+02
      vertex   3.479753e+01 1.470586e+01 -1.682058e+02
    endloop
  endfacet
  facet normal -0.000000e+00 -0.000000e+00 -1.000000e+00
    outer loop
      vertex   3.579413e+01 1.457543e+01 -1.682058e+02
      vertex   3.666492e+01 1.222073e+01 -1.682058e+02
      vertex   3.479753e+01 1.470586e+01 -1.682058e+02
    endloop
  endfacet
  facet normal 0.000000e+00 -0.000000e+00 -1.000000e+00
    outer loop
      vertex   3.479753e+01 1.470586e+01 -1.682058e+02
      vertex   3.666492e+01 1.222073e+01 -1.682058e+02
      vertex   3.118427e+01 1.223892e+01 -1.682058e+02
    endloop
  endfacet
  facet normal 0.000000e+00 0.000000e+00 -1.000000e+00
    outer loop
      vertex   3.118427e+01 1.223892e+01 -1.682058e+02
      vertex   3.666492e+01 1.222073e+01 -1.682058e+02
      vertex   3.201169e+01 9.874298e+00 -1.682058e+02
    endloop
  endfacet
  facet normal 0.000000e+00 0.000000e+00 -1.000000e+00
    outer loop
      vertex   3.201169e+01 9.874298e+00 -1.682058e+02
      vertex   3.666492e+01 1.222073e+01 -1.682058e+02
      vertex   3.738100e+01 9.814464e+00 -1.682058e+02
    endloop
  endfacet
  facet normal 0.000000e+00 0.000000e+00 -1.000000e+00
    outer loop
      vertex   3.201169e+01 9.874298e+00 -1.682058e+02
      vertex   3.738100e+01 9.814464e+00 -1.682058e+02
      vertex   3.266008e+01 7.454451e+00 -1.682058e+02
    endloop
  endfacet
  facet normal 0.000000e+00 0.000000e+00 -1.000000e+00
    outer loop
      vertex   3.266008e+01 7.454451e+00 -1.682058e+02
      vertex   3.738100e+01 9.814464e+00 -1.682058e+02
      vertex   3.793934e+01 7.366784e+00 -1.682058e+02
    endloop
  endfacet
  facet normal 0.000000e+00 0.000000e+00 -1.000000e+00
    outer loop
      vertex   3.266008e+01 7.454451e+00 -1.682058e+02
      vertex   3.793934e+01 7.366784e+00 -1.682058e+02
      vertex   3.312583e+01 4.992916e+00 -1.682058e+02
    endloop
  endfacet
  facet normal 0.000000e+00 0.000000e+00 -1.000000e+00
    outer loop
      vertex   3.312583e+01 4.992916e+00 -1.682058e+02
      vertex   3.793934e+01 7.366784e+00 -1.682058e+02
      vertex   3.833758e+01 4.888017e+00 -1.682058e+02
    endloop
  endfacet
  facet normal 0.000000e+00 0.000000e+00 -1.000000e+00
    outer loop
      vertex   3.312583e+01 4.992916e+00 -1.682058e+02
      vertex   3.833758e+01 4.888017e+00 -1.682058e+02
      vertex   3.340633e+01 2.503458e+00 -1.682058e+02
    endloop
  endfacet
  facet normal 0.000000e+00 0.000000e+00 -1.000000e+00
    outer loop
      vertex   3.340633e+01 2.503458e+00 -1.682058e+02
      vertex   3.833758e+01 4.888017e+00 -1.682058e+02
      vertex   3.857405e+01 2.388624e+00 -1.682058e+02
    endloop
  endfacet
  facet normal 0.000000e+00 0.000000e+00 -1.000000e+00
    outer loop
      vertex   3.340633e+01 2.503458e+00 -1.682058e+02
      vertex   3.857405e+01 2.388624e+00 -1.682058e+02
      vertex   3.350000e+01 0.000000e+00 -1.682058e+02
    endloop
  endfacet
  facet normal 0.000000e+00 0.000000e+00 -1.000000e+00
    outer loop
      vertex   3.350000e+01 0.000000e+00 -1.682058e+02
      vertex   3.857405e+01 2.388624e+00 -1.682058e+02
      vertex   3.864774e+01 -1.208483e-01 -1.682058e+02
    endloop
  endfacet
  facet normal 0.000000e+00 0.000000e+00 -1.000000e+00
    outer loop
      vertex   3.350000e+01 0.000000e+00 -1.682058e+02
      vertex   3.864774e+01 -1.208483e-01 -1.682058e+02
      vertex   3.855836e+01 -2.629811e+00 -1.682058e+02
    endloop
  endfacet
  facet normal 0.000000e+00 -0.000000e+00 -1.000000e+00
    outer loop
      vertex   3.350000e+01 0.000000e+00 -1.682058e+02
      vertex   3.855836e+01 -2.629811e+00 -1.682058e+02
      vertex   3.340633e+01 -2.503458e+00 -1.682058e+02
    endloop
  endfacet
  facet normal 0.000000e+00 0.000000e+00 -1.000000e+00
    outer loop
      vertex   3.340633e+01 -2.503458e+00 -1.682058e+02
      vertex   3.855836e+01 -2.629811e+00 -1.682058e+02
      vertex   3.830626e+01 -5.127676e+00 -1.682058e+02
    endloop
  endfacet
  facet normal 0.000000e+00 -0.000000e+00 -1.000000e+00
    outer loop
      vertex   3.340633e+01 -2.503458e+00 -1.682058e+02
      vertex   3.830626e+01 -5.127676e+00 -1.682058e+02
      vertex   3.312583e+01 -4.992916e+00 -1.682058e+02
    endloop
  endfacet
  facet normal 0.000000e+00 0.000000e+00 -1.000000e+00
    outer loop
      vertex   3.312583e+01 -4.992916e+00 -1.682058e+02
      vertex   3.830626e+01 -5.127676e+00 -1.682058e+02
      vertex   3.789252e+01 -7.603904e+00 -1.682058e+02
    endloop
  endfacet
  facet normal 0.000000e+00 -0.000000e+00 -1.000000e+00
    outer loop
      vertex   3.312583e+01 -4.992916e+00 -1.682058e+02
      vertex   3.789252e+01 -7.603904e+00 -1.682058e+02
      vertex   3.266008e+01 -7.454451e+00 -1.682058e+02
    endloop
  endfacet
  facet normal 0.000000e+00 0.000000e+00 -1.000000e+00
    outer loop
      vertex   3.266008e+01 -7.454451e+00 -1.682058e+02
      vertex   3.789252e+01 -7.603904e+00 -1.682058e+02
      vertex   3.731889e+01 -1.004804e+01 -1.682058e+02
    endloop
  endfacet
  facet normal 0.000000e+00 -0.000000e+00 -1.000000e+00
    outer loop
      vertex   3.266008e+01 -7.454451e+00 -1.682058e+02
      vertex   3.731889e+01 -1.004804e+01 -1.682058e+02
      vertex   3.201169e+01 -9.874298e+00 -1.682058e+02
    endloop
  endfacet
  facet normal 0.000000e+00 0.000000e+00 -1.000000e+00
    outer loop
      vertex   3.201169e+01 -9.874298e+00 -1.682058e+02
      vertex   3.731889e+01 -1.004804e+01 -1.682058e+02
      vertex   3.658778e+01 -1.244979e+01 -1.682058e+02
    endloop
  endfacet
  facet normal 0.000000e+00 -0.000000e+00 -1.000000e+00
    outer loop
      vertex   3.201169e+01 -9.874298e+00 -1.682058e+02
      vertex   3.658778e+01 -1.244979e+01 -1.682058e+02
      vertex   3.118427e+01 -1.223892e+01 -1.682058e+02
    endloop
  endfacet
  facet normal 0.000000e+00 0.000000e+00 -1.000000e+00
    outer loop
      vertex   3.118427e+01 -1.223892e+01 -1.682058e+02
      vertex   3.658778e+01 -1.244979e+01 -1.682058e+02
      vertex   3.467875e+01 -1.498772e+01 -1.682058e+02
    endloop
  endfacet
  facet normal 0.000000e+00 0.000000e+00 -1.000000e+00
    outer loop
      vertex   3.118427e+01 -1.223892e+01 -1.682058e+02
      vertex   3.467875e+01 -1.498772e+01 -1.682058e+02
      vertex   3.370323e+01 -1.535048e+01 -1.682058e+02
    endloop
  endfacet
  facet normal 0.000000e+00 0.000000e+00 -1.000000e+00
    outer loop
      vertex   3.658778e+01 -1.244979e+01 -1.682058e+02
      vertex   3.570228e+01 -1.479899e+01 -1.682058e+02
      vertex   3.467875e+01 -1.498772e+01 -1.682058e+02
    endloop
  endfacet
  facet normal -0.000000e+00 0.000000e+00 -1.000000e+00
    outer loop
      vertex   3.370323e+01 -1.535048e+01 -1.682058e+02
      vertex   3.280508e+01 -1.587636e+01 -1.682058e+02
      vertex   3.118427e+01 -1.223892e+01 -1.682058e+02
    endloop
  endfacet
  facet normal 0.000000e+00 -0.000000e+00 -1.000000e+00
    outer loop
      vertex   3.118427e+01 -1.223892e+01 -1.682058e+02
      vertex   3.280508e+01 -1.587636e+01 -1.682058e+02
      vertex   3.018246e+01 -1.453511e+01 -1.682058e+02
    endloop
  endfacet
  facet normal 0.000000e+00 0.000000e+00 -1.000000e+00
    outer loop
      vertex   3.018246e+01 -1.453511e+01 -1.682058e+02
      vertex   3.280508e+01 -1.587636e+01 -1.682058e+02
      vertex   3.201133e+01 -1.654954e+01 -1.682058e+02
    endloop
  endfacet
  facet normal 0.000000e+00 0.000000e+00 -1.000000e+00
    outer loop
      vertex   3.018246e+01 -1.453511e+01 -1.682058e+02
      vertex   3.201133e+01 -1.654954e+01 -1.682058e+02
      vertex   3.134584e+01 -1.734976e+01 -1.682058e+02
    endloop
  endfacet
  facet normal 0.000000e+00 -0.000000e+00 -1.000000e+00
    outer loop
      vertex   3.018246e+01 -1.453511e+01 -1.682058e+02
      vertex   3.134584e+01 -1.734976e+01 -1.682058e+02
      vertex   2.901185e+01 -1.675000e+01 -1.682058e+02
    endloop
  endfacet
  facet normal 0.000000e+00 0.000000e+00 -1.000000e+00
    outer loop
      vertex   2.901185e+01 -1.675000e+01 -1.682058e+02
      vertex   3.134584e+01 -1.734976e+01 -1.682058e+02
      vertex   3.082865e+01 -1.825295e+01 -1.682058e+02
    endloop
  endfacet
  facet normal 0.000000e+00 0.000000e+00 -1.000000e+00
    outer loop
      vertex   2.901185e+01 -1.675000e+01 -1.682058e+02
      vertex   3.082865e+01 -1.825295e+01 -1.682058e+02
      vertex   3.047533e+01 -1.923192e+01 -1.682058e+02
    endloop
  endfacet
  facet normal 0.000000e+00 -0.000000e+00 -1.000000e+00
    outer loop
      vertex   2.901185e+01 -1.675000e+01 -1.682058e+02
      vertex   3.047533e+01 -1.923192e+01 -1.682058e+02
      vertex   2.767900e+01 -1.887122e+01 -1.682058e+02
    endloop
  endfacet
  facet normal 0.000000e+00 0.000000e+00 -1.000000e+00
    outer loop
      vertex   2.767900e+01 -1.887122e+01 -1.682058e+02
      vertex   3.047533e+01 -1.923192e+01 -1.682058e+02
      vertex   3.029649e+01 -2.025722e+01 -1.682058e+02
    endloop
  endfacet
  facet normal 0.000000e+00 -0.000000e+00 -1.000000e+00
    outer loop
      vertex   2.767900e+01 -1.887122e+01 -1.682058e+02
      vertex   3.029649e+01 -2.025722e+01 -1.682058e+02
      vertex   2.619135e+01 -2.088691e+01 -1.682058e+02
    endloop
  endfacet
  facet normal 0.000000e+00 0.000000e+00 -1.000000e+00
    outer loop
      vertex   2.619135e+01 -2.088691e+01 -1.682058e+02
      vertex   3.029649e+01 -2.025722e+01 -1.682058e+02
      vertex   3.029753e+01 -2.129800e+01 -1.682058e+02
    endloop
  endfacet
  facet normal 0.000000e+00 0.000000e+00 -1.000000e+00
    outer loop
      vertex   2.619135e+01 -2.088691e+01 -1.682058e+02
      vertex   3.029753e+01 -2.129800e+01 -1.682058e+02
      vertex   3.047841e+01 -2.232295e+01 -1.682058e+02
    endloop
  endfacet
  facet normal -0.000000e+00 0.000000e+00 -1.000000e+00
    outer loop
      vertex   3.083369e+01 -2.330121e+01 -1.682058e+02
      vertex   2.922870e+01 -2.528529e+01 -1.682058e+02
      vertex   3.047841e+01 -2.232295e+01 -1.682058e+02
    endloop
  endfacet
  facet normal -0.000000e+00 0.000000e+00 -1.000000e+00
    outer loop
      vertex   3.047841e+01 -2.232295e+01 -1.682058e+02
      vertex   2.922870e+01 -2.528529e+01 -1.682058e+02
      vertex   2.619135e+01 -2.088691e+01 -1.682058e+02
    endloop
  endfacet
  facet normal 0.000000e+00 -0.000000e+00 -1.000000e+00
    outer loop
      vertex   2.619135e+01 -2.088691e+01 -1.682058e+02
      vertex   2.922870e+01 -2.528529e+01 -1.682058e+02
      vertex   2.455724e+01 -2.278579e+01 -1.682058e+02
    endloop
  endfacet
  facet normal 0.000000e+00 0.000000e+00 -1.000000e+00
    outer loop
      vertex   2.455724e+01 -2.278579e+01 -1.682058e+02
      vertex   2.922870e+01 -2.528529e+01 -1.682058e+02
      vertex   2.749626e+01 -2.715913e+01 -1.682058e+02
    endloop
  endfacet
  facet normal 0.000000e+00 -0.000000e+00 -1.000000e+00
    outer loop
      vertex   2.455724e+01 -2.278579e+01 -1.682058e+02
      vertex   2.749626e+01 -2.715913e+01 -1.682058e+02
      vertex   2.278579e+01 -2.455724e+01 -1.682058e+02
    endloop
  endfacet
  facet normal 0.000000e+00 0.000000e+00 -1.000000e+00
    outer loop
      vertex   2.278579e+01 -2.455724e+01 -1.682058e+02
      vertex   2.749626e+01 -2.715913e+01 -1.682058e+02
      vertex   2.564394e+01 -2.891454e+01 -1.682058e+02
    endloop
  endfacet
  facet normal 0.000000e+00 -0.000000e+00 -1.000000e+00
    outer loop
      vertex   2.278579e+01 -2.455724e+01 -1.682058e+02
      vertex   2.564394e+01 -2.891454e+01 -1.682058e+02
      vertex   2.088691e+01 -2.619135e+01 -1.682058e+02
    endloop
  endfacet
  facet normal 0.000000e+00 0.000000e+00 -1.000000e+00
    outer loop
      vertex   2.088691e+01 -2.619135e+01 -1.682058e+02
      vertex   2.564394e+01 -2.891454e+01 -1.682058e+02
      vertex   2.367981e+01 -3.054389e+01 -1.682058e+02
    endloop
  endfacet
  facet normal 0.000000e+00 -0.000000e+00 -1.000000e+00
    outer loop
      vertex   2.088691e+01 -2.619135e+01 -1.682058e+02
      vertex   2.367981e+01 -3.054389e+01 -1.682058e+02
      vertex   1.887122e+01 -2.767900e+01 -1.682058e+02
    endloop
  endfacet
  facet normal 0.000000e+00 0.000000e+00 -1.000000e+00
    outer loop
      vertex   1.887122e+01 -2.767900e+01 -1.682058e+02
      vertex   2.367981e+01 -3.054389e+01 -1.682058e+02
      vertex   2.161244e+01 -3.204006e+01 -1.682058e+02
    endloop
  endfacet
  facet normal 0.000000e+00 -0.000000e+00 -1.000000e+00
    outer loop
      vertex   1.887122e+01 -2.767900e+01 -1.682058e+02
      vertex   2.161244e+01 -3.204006e+01 -1.682058e+02
      vertex   1.675000e+01 -2.901185e+01 -1.682058e+02
    endloop
  endfacet
  facet normal 0.000000e+00 0.000000e+00 -1.000000e+00
    outer loop
      vertex   1.675000e+01 -2.901185e+01 -1.682058e+02
      vertex   2.161244e+01 -3.204006e+01 -1.682058e+02
      vertex   1.945083e+01 -3.339653e+01 -1.682058e+02
    endloop
  endfacet
  facet normal 0.000000e+00 0.000000e+00 -1.000000e+00
    outer loop
      vertex   1.675000e+01 -2.901185e+01 -1.682058e+02
      vertex   1.945083e+01 -3.339653e+01 -1.682058e+02
      vertex   1.720441e+01 -3.460738e+01 -1.682058e+02
    endloop
  endfacet
  facet normal 0.000000e+00 -0.000000e+00 -1.000000e+00
    outer loop
      vertex   1.675000e+01 -2.901185e+01 -1.682058e+02
      vertex   1.720441e+01 -3.460738e+01 -1.682058e+02
      vertex   1.453511e+01 -3.018246e+01 -1.682058e+02
    endloop
  endfacet
  facet normal 0.000000e+00 0.000000e+00 -1.000000e+00
    outer loop
      vertex   1.453511e+01 -3.018246e+01 -1.682058e+02
      vertex   1.720441e+01 -3.460738e+01 -1.682058e+02
      vertex   1.488297e+01 -3.566735e+01 -1.682058e+02
    endloop
  endfacet
  facet normal 0.000000e+00 -0.000000e+00 -1.000000e+00
    outer loop
      vertex   1.453511e+01 -3.018246e+01 -1.682058e+02
      vertex   1.488297e+01 -3.566735e+01 -1.682058e+02
      vertex   1.223892e+01 -3.118427e+01 -1.682058e+02
    endloop
  endfacet
  facet normal 0.000000e+00 0.000000e+00 -1.000000e+00
    outer loop
      vertex   1.223892e+01 -3.118427e+01 -1.682058e+02
      vertex   1.488297e+01 -3.566735e+01 -1.682058e+02
      vertex   1.249665e+01 -3.657180e+01 -1.682058e+02
    endloop
  endfacet
  facet normal 0.000000e+00 -0.000000e+00 -1.000000e+00
    outer loop
      vertex   1.223892e+01 -3.118427e+01 -1.682058e+02
      vertex   1.249665e+01 -3.657180e+01 -1.682058e+02
      vertex   9.874298e+00 -3.201169e+01 -1.682058e+02
    endloop
  endfacet
  facet normal 0.000000e+00 0.000000e+00 -1.000000e+00
    outer loop
      vertex   9.874298e+00 -3.201169e+01 -1.682058e+02
      vertex   1.249665e+01 -3.657180e+01 -1.682058e+02
      vertex   1.005584e+01 -3.731679e+01 -1.682058e+02
    endloop
  endfacet
  facet normal 0.000000e+00 -0.000000e+00 -1.000000e+00
    outer loop
      vertex   9.874298e+00 -3.201169e+01 -1.682058e+02
      vertex   1.005584e+01 -3.731679e+01 -1.682058e+02
      vertex   7.454451e+00 -3.266008e+01 -1.682058e+02
    endloop
  endfacet
  facet normal 0.000000e+00 0.000000e+00 -1.000000e+00
    outer loop
      vertex   7.454451e+00 -3.266008e+01 -1.682058e+02
      vertex   1.005584e+01 -3.731679e+01 -1.682058e+02
      vertex   7.571181e+00 -3.789907e+01 -1.682058e+02
    endloop
  endfacet
  facet normal -9.989931e-01 -4.486483e-02 -9.712203e-18
    outer loop
      vertex   2.340540e+01 2.106524e+00 -1.500000e+02
      vertex   2.340540e+01 2.106524e+00 -1.582058e+02
      vertex   2.350000e+01 -1.562972e-15 -1.500000e+02
    endloop
  endfacet
  facet normal -9.989931e-01 -4.486483e-02 -8.545526e-18
    outer loop
      vertex   2.350000e+01 -1.562972e-15 -1.500000e+02
      vertex   2.340540e+01 2.106524e+00 -1.582058e+02
      vertex   2.350000e+01 0.000000e+00 -1.582058e+02
    endloop
  endfacet
  facet normal -9.989931e-01 4.486483e-02 8.545526e-18
    outer loop
      vertex   2.350000e+01 -1.562972e-15 -1.500000e+02
      vertex   2.350000e+01 0.000000e+00 -1.582058e+02
      vertex   2.340540e+01 -2.106524e+00 -1.500000e+02
    endloop
  endfacet
  facet normal -9.989931e-01 4.486483e-02 3.156466e-17
    outer loop
      vertex   2.340540e+01 -2.106524e+00 -1.500000e+02
      vertex   2.350000e+01 0.000000e+00 -1.582058e+02
      vertex   2.340540e+01 -2.106524e+00 -1.582058e+02
    endloop
  endfacet
  facet normal -9.909498e-01 1.342333e-01 9.443984e-17
    outer loop
      vertex   2.340540e+01 -2.106524e+00 -1.500000e+02
      vertex   2.340540e+01 -2.106524e+00 -1.582058e+02
      vertex   2.312235e+01 -4.196087e+00 -1.500000e+02
    endloop
  endfacet
  facet normal -9.909498e-01 1.342333e-01 8.717524e-17
    outer loop
      vertex   2.312235e+01 -4.196087e+00 -1.500000e+02
      vertex   2.340540e+01 -2.106524e+00 -1.582058e+02
      vertex   2.312235e+01 -4.196087e+00 -1.582058e+02
    endloop
  endfacet
  facet normal -9.749279e-01 2.225209e-01 1.445120e-16
    outer loop
      vertex   2.312235e+01 -4.196087e+00 -1.500000e+02
      vertex   2.312235e+01 -4.196087e+00 -1.582058e+02
      vertex   2.265313e+01 -6.251866e+00 -1.500000e+02
    endloop
  endfacet
  facet normal -9.749279e-01 2.225209e-01 7.225599e-17
    outer loop
      vertex   2.265313e+01 -6.251866e+00 -1.500000e+02
      vertex   2.312235e+01 -4.196087e+00 -1.582058e+02
      vertex   2.265313e+01 -6.251866e+00 -1.582058e+02
    endloop
  endfacet
  facet normal -9.510565e-01 3.090170e-01 1.003426e-16
    outer loop
      vertex   2.265313e+01 -6.251866e+00 -1.500000e+02
      vertex   2.265313e+01 -6.251866e+00 -1.582058e+02
      vertex   2.200152e+01 -8.257308e+00 -1.500000e+02
    endloop
  endfacet
  facet normal -9.510565e-01 3.090170e-01 -2.110785e-16
    outer loop
      vertex   2.200152e+01 -8.257308e+00 -1.500000e+02
      vertex   2.265313e+01 -6.251866e+00 -1.582058e+02
      vertex   2.200152e+01 -8.257308e+00 -1.582058e+02
    endloop
  endfacet
  facet normal -9.195278e-01 3.930250e-01 -1.428706e-16
    outer loop
      vertex   2.200152e+01 -8.257308e+00 -1.500000e+02
      vertex   2.200152e+01 -8.257308e+00 -1.582058e+02
      vertex   2.117277e+01 -1.019627e+01 -1.500000e+02
    endloop
  endfacet
  facet normal -9.195278e-01 3.930250e-01 -2.279515e-16
    outer loop
      vertex   2.117277e+01 -1.019627e+01 -1.500000e+02
      vertex   2.200152e+01 -8.257308e+00 -1.582058e+02
      vertex   2.117277e+01 -1.019627e+01 -1.582058e+02
    endloop
  endfacet
  facet normal -8.805955e-01 4.738687e-01 -1.760940e-16
    outer loop
      vertex   2.117277e+01 -1.019627e+01 -1.500000e+02
      vertex   2.117277e+01 -1.019627e+01 -1.582058e+02
      vertex   2.017355e+01 -1.205313e+01 -1.500000e+02
    endloop
  endfacet
  facet normal -8.805955e-01 4.738687e-01 3.077450e-16
    outer loop
      vertex   2.017355e+01 -1.205313e+01 -1.500000e+02
      vertex   2.117277e+01 -1.019627e+01 -1.582058e+02
      vertex   2.017355e+01 -1.205313e+01 -1.582058e+02
    endloop
  endfacet
  facet normal -8.345733e-01 5.508970e-01 3.577696e-16
    outer loop
      vertex   2.017355e+01 -1.205313e+01 -1.500000e+02
      vertex   2.017355e+01 -1.205313e+01 -1.582058e+02
      vertex   1.901190e+01 -1.381295e+01 -1.500000e+02
    endloop
  endfacet
  facet normal -8.345733e-01 5.508970e-01 1.192565e-16
    outer loop
      vertex   1.901190e+01 -1.381295e+01 -1.500000e+02
      vertex   2.017355e+01 -1.205313e+01 -1.582058e+02
      vertex   1.901190e+01 -1.381295e+01 -1.582058e+02
    endloop
  endfacet
  facet normal -7.818315e-01 6.234898e-01 1.349712e-16
    outer loop
      vertex   1.901190e+01 -1.381295e+01 -1.500000e+02
      vertex   1.901190e+01 -1.381295e+01 -1.582058e+02
      vertex   1.769718e+01 -1.546156e+01 -1.500000e+02
    endloop
  endfacet
  facet normal -7.818315e-01 6.234898e-01 6.641653e-17
    outer loop
      vertex   1.769718e+01 -1.546156e+01 -1.500000e+02
      vertex   1.901190e+01 -1.381295e+01 -1.582058e+02
      vertex   1.769718e+01 -1.546156e+01 -1.582058e+02
    endloop
  endfacet
  facet normal -7.227949e-01 6.910626e-01 1.358606e-16
    outer loop
      vertex   1.769718e+01 -1.546156e+01 -1.500000e+02
      vertex   1.769718e+01 -1.546156e+01 -1.582058e+02
      vertex   1.623997e+01 -1.698568e+01 -1.500000e+02
    endloop
  endfacet
  facet normal -7.227949e-01 6.910626e-01 -2.747718e-17
    outer loop
      vertex   1.623997e+01 -1.698568e+01 -1.500000e+02
      vertex   1.769718e+01 -1.546156e+01 -1.582058e+02
      vertex   1.623997e+01 -1.698568e+01 -1.582058e+02
    endloop
  endfacet
  facet normal -6.579387e-01 7.530715e-01 8.237620e-17
    outer loop
      vertex   1.623997e+01 -1.698568e+01 -1.500000e+02
      vertex   1.623997e+01 -1.698568e+01 -1.582058e+02
      vertex   1.465201e+01 -1.837304e+01 -1.500000e+02
    endloop
  endfacet
  facet normal -6.579387e-01 7.530715e-01 -2.436691e-16
    outer loop
      vertex   1.465201e+01 -1.837304e+01 -1.500000e+02
      vertex   1.623997e+01 -1.698568e+01 -1.582058e+02
      vertex   1.465201e+01 -1.837304e+01 -1.582058e+02
    endloop
  endfacet
  facet normal -5.877853e-01 8.090170e-01 -1.587008e-16
    outer loop
      vertex   1.465201e+01 -1.837304e+01 -1.500000e+02
      vertex   1.465201e+01 -1.837304e+01 -1.582058e+02
      vertex   1.294608e+01 -1.961247e+01 -1.500000e+02
    endloop
  endfacet
  facet normal -5.877853e-01 8.090170e-01 -6.362099e-16
    outer loop
      vertex   1.294608e+01 -1.961247e+01 -1.500000e+02
      vertex   1.465201e+01 -1.837304e+01 -1.582058e+02
      vertex   1.294608e+01 -1.961247e+01 -1.582058e+02
    endloop
  endfacet
  facet normal -5.128993e-01 8.584488e-01 -5.551545e-16
    outer loop
      vertex   1.294608e+01 -1.961247e+01 -1.500000e+02
      vertex   1.294608e+01 -1.961247e+01 -1.582058e+02
      vertex   1.113591e+01 -2.069399e+01 -1.500000e+02
    endloop
  endfacet
  facet normal -5.128993e-01 8.584488e-01 1.496070e-16
    outer loop
      vertex   1.113591e+01 -2.069399e+01 -1.500000e+02
      vertex   1.294608e+01 -1.961247e+01 -1.582058e+02
      vertex   1.113591e+01 -2.069399e+01 -1.582058e+02
    endloop
  endfacet
  facet normal -4.338837e-01 9.009689e-01 2.022264e-16
    outer loop
      vertex   1.113591e+01 -2.069399e+01 -1.500000e+02
      vertex   1.113591e+01 -2.069399e+01 -1.582058e+02
      vertex   9.236088e+00 -2.160890e+01 -1.500000e+02
    endloop
  endfacet
  facet normal -4.338837e-01 9.009689e-01 -1.878517e-16
    outer loop
      vertex   9.236088e+00 -2.160890e+01 -1.500000e+02
      vertex   1.113591e+01 -2.069399e+01 -1.582058e+02
      vertex   9.236088e+00 -2.160890e+01 -1.582058e+02
    endloop
  endfacet
  facet normal -3.513748e-01 9.362349e-01 -1.521291e-16
    outer loop
      vertex   9.236088e+00 -2.160890e+01 -1.500000e+02
      vertex   9.236088e+00 -2.160890e+01 -1.582058e+02
      vertex   7.261899e+00 -2.234983e+01 -1.500000e+02
    endloop
  endfacet
  facet normal -3.513748e-01 9.362349e-01 -2.281937e-16
    outer loop
      vertex   7.261899e+00 -2.234983e+01 -1.500000e+02
      vertex   9.236088e+00 -2.160890e+01 -1.582058e+02
      vertex   7.261899e+00 -2.234983e+01 -1.582058e+02
    endloop
  endfacet
  facet normal -2.660368e-01 9.639629e-01 -1.727726e-16
    outer loop
      vertex   7.261899e+00 -2.234983e+01 -1.500000e+02
      vertex   7.261899e+00 -2.234983e+01 -1.582058e+02
      vertex   5.229242e+00 -2.291081e+01 -1.500000e+02
    endloop
  endfacet
  facet normal -2.660368e-01 9.639629e-01 -1.727726e-16
    outer loop
      vertex   5.229242e+00 -2.291081e+01 -1.500000e+02
      vertex   7.261899e+00 -2.234983e+01 -1.582058e+02
      vertex   5.229242e+00 -2.291081e+01 -1.582058e+02
    endloop
  endfacet
  facet normal -1.785569e-01 9.839296e-01 -1.159604e-16
    outer loop
      vertex   5.229242e+00 -2.291081e+01 -1.500000e+02
      vertex   5.229242e+00 -2.291081e+01 -1.582058e+02
      vertex   3.154482e+00 -2.328732e+01 -1.500000e+02
    endloop
  endfacet
  facet normal -1.785569e-01 9.839296e-01 2.907091e-16
    outer loop
      vertex   3.154482e+00 -2.328732e+01 -1.500000e+02
      vertex   5.229242e+00 -2.291081e+01 -1.582058e+02
      vertex   3.154482e+00 -2.328732e+01 -1.582058e+02
    endloop
  endfacet
  facet normal -8.963931e-02 9.959743e-01 3.632941e-16
    outer loop
      vertex   3.154482e+00 -2.328732e+01 -1.500000e+02
      vertex   3.154482e+00 -2.328732e+01 -1.582058e+02
      vertex   1.054324e+00 -2.347634e+01 -1.500000e+02
    endloop
  endfacet
  facet normal -8.963931e-02 9.959743e-01 -6.306576e-17
    outer loop
      vertex   1.054324e+00 -2.347634e+01 -1.500000e+02
      vertex   3.154482e+00 -2.328732e+01 -1.582058e+02
      vertex   1.054324e+00 -2.347634e+01 -1.582058e+02
    endloop
  endfacet
  facet normal 0.000000e+00 1.000000e+00 0.000000e+00
    outer loop
      vertex   1.054324e+00 -2.347634e+01 -1.500000e+02
      vertex   1.054324e+00 -2.347634e+01 -1.582058e+02
      vertex   -1.054324e+00 -2.347634e+01 -1.500000e+02
    endloop
  endfacet
  facet normal 0.000000e+00 1.000000e+00 0.000000e+00
    outer loop
      vertex   -1.054324e+00 -2.347634e+01 -1.500000e+02
      vertex   1.054324e+00 -2.347634e+01 -1.582058e+02
      vertex   -1.054324e+00 -2.347634e+01 -1.582058e+02
    endloop
  endfacet
  facet normal 8.963931e-02 9.959743e-01 6.064015e-17
    outer loop
      vertex   -1.054324e+00 -2.347634e+01 -1.500000e+02
      vertex   -1.054324e+00 -2.347634e+01 -1.582058e+02
      vertex   -3.154482e+00 -2.328732e+01 -1.500000e+02
    endloop
  endfacet
  facet normal 8.963931e-02 9.959743e-01 -3.632941e-16
    outer loop
      vertex   -3.154482e+00 -2.328732e+01 -1.500000e+02
      vertex   -1.054324e+00 -2.347634e+01 -1.582058e+02
      vertex   -3.154482e+00 -2.328732e+01 -1.582058e+02
    endloop
  endfacet
  facet normal 1.785569e-01 9.839296e-01 -2.907091e-16
    outer loop
      vertex   -3.154482e+00 -2.328732e+01 -1.500000e+02
      vertex   -3.154482e+00 -2.328732e+01 -1.582058e+02
      vertex   -5.229242e+00 -2.291081e+01 -1.500000e+02
    endloop
  endfacet
  facet normal 1.785569e-01 9.839296e-01 1.352871e-16
    outer loop
      vertex   -5.229242e+00 -2.291081e+01 -1.500000e+02
      vertex   -3.154482e+00 -2.328732e+01 -1.582058e+02
      vertex   -5.229242e+00 -2.291081e+01 -1.582058e+02
    endloop
  endfacet
  facet normal 2.660368e-01 9.639629e-01 2.015680e-16
    outer loop
      vertex   -5.229242e+00 -2.291081e+01 -1.500000e+02
      vertex   -5.229242e+00 -2.291081e+01 -1.582058e+02
      vertex   -7.261899e+00 -2.234983e+01 -1.500000e+02
    endloop
  endfacet
  facet normal 2.660368e-01 9.639629e-01 2.015680e-16
    outer loop
      vertex   -7.261899e+00 -2.234983e+01 -1.500000e+02
      vertex   -5.229242e+00 -2.291081e+01 -1.582058e+02
      vertex   -7.261899e+00 -2.234983e+01 -1.582058e+02
    endloop
  endfacet
  facet normal 3.513748e-01 9.362349e-01 2.662260e-16
    outer loop
      vertex   -7.261899e+00 -2.234983e+01 -1.500000e+02
      vertex   -7.261899e+00 -2.234983e+01 -1.582058e+02
      vertex   -9.236088e+00 -2.160890e+01 -1.500000e+02
    endloop
  endfacet
  facet normal 3.513748e-01 9.362349e-01 2.281937e-16
    outer loop
      vertex   -9.236088e+00 -2.160890e+01 -1.500000e+02
      vertex   -7.261899e+00 -2.234983e+01 -1.582058e+02
      vertex   -9.236088e+00 -2.160890e+01 -1.582058e+02
    endloop
  endfacet
  facet normal 4.338837e-01 9.009689e-01 2.817775e-16
    outer loop
      vertex   -9.236088e+00 -2.160890e+01 -1.500000e+02
      vertex   -9.236088e+00 -2.160890e+01 -1.582058e+02
      vertex   -1.113591e+01 -2.069399e+01 -1.500000e+02
    endloop
  endfacet
  facet normal 4.338837e-01 9.009689e-01 1.878517e-16
    outer loop
      vertex   -1.113591e+01 -2.069399e+01 -1.500000e+02
      vertex   -9.236088e+00 -2.160890e+01 -1.582058e+02
      vertex   -1.113591e+01 -2.069399e+01 -1.582058e+02
    endloop
  endfacet
  facet normal 5.128993e-01 8.584488e-01 2.220618e-16
    outer loop
      vertex   -1.113591e+01 -2.069399e+01 -1.500000e+02
      vertex   -1.113591e+01 -2.069399e+01 -1.582058e+02
      vertex   -1.294608e+01 -1.961247e+01 -1.500000e+02
    endloop
  endfacet
  facet normal 5.128993e-01 8.584488e-01 7.245475e-17
    outer loop
      vertex   -1.294608e+01 -1.961247e+01 -1.500000e+02
      vertex   -1.113591e+01 -2.069399e+01 -1.582058e+02
      vertex   -1.294608e+01 -1.961247e+01 -1.582058e+02
    endloop
  endfacet
  facet normal 5.877853e-01 8.090170e-01 1.587008e-16
    outer loop
      vertex   -1.294608e+01 -1.961247e+01 -1.500000e+02
      vertex   -1.294608e+01 -1.961247e+01 -1.582058e+02
      vertex   -1.465201e+01 -1.837304e+01 -1.500000e+02
    endloop
  endfacet
  facet normal 5.877853e-01 8.090170e-01 2.859428e-16
    outer loop
      vertex   -1.465201e+01 -1.837304e+01 -1.500000e+02
      vertex   -1.294608e+01 -1.961247e+01 -1.582058e+02
      vertex   -1.465201e+01 -1.837304e+01 -1.582058e+02
    endloop
  endfacet
  facet normal 6.579387e-01 7.530715e-01 3.860977e-16
    outer loop
      vertex   -1.465201e+01 -1.837304e+01 -1.500000e+02
      vertex   -1.465201e+01 -1.837304e+01 -1.582058e+02
      vertex   -1.623997e+01 -1.698568e+01 -1.500000e+02
    endloop
  endfacet
  facet normal 6.579387e-01 7.530715e-01 -8.237620e-17
    outer loop
      vertex   -1.623997e+01 -1.698568e+01 -1.500000e+02
      vertex   -1.465201e+01 -1.837304e+01 -1.582058e+02
      vertex   -1.623997e+01 -1.698568e+01 -1.582058e+02
    endloop
  endfacet
  facet normal 7.227949e-01 6.910626e-01 2.747718e-17
    outer loop
      vertex   -1.623997e+01 -1.698568e+01 -1.500000e+02
      vertex   -1.623997e+01 -1.698568e+01 -1.582058e+02
      vertex   -1.769718e+01 -1.546156e+01 -1.500000e+02
    endloop
  endfacet
  facet normal 7.227949e-01 6.910626e-01 -1.358606e-16
    outer loop
      vertex   -1.769718e+01 -1.546156e+01 -1.500000e+02
      vertex   -1.623997e+01 -1.698568e+01 -1.582058e+02
      vertex   -1.769718e+01 -1.546156e+01 -1.582058e+02
    endloop
  endfacet
  facet normal 7.818315e-01 6.234898e-01 -6.641653e-17
    outer loop
      vertex   -1.769718e+01 -1.546156e+01 -1.500000e+02
      vertex   -1.769718e+01 -1.546156e+01 -1.582058e+02
      vertex   -1.901190e+01 -1.381295e+01 -1.500000e+02
    endloop
  endfacet
  facet normal 7.818315e-01 6.234898e-01 -2.699424e-16
    outer loop
      vertex   -1.901190e+01 -1.381295e+01 -1.500000e+02
      vertex   -1.769718e+01 -1.546156e+01 -1.582058e+02
      vertex   -1.901190e+01 -1.381295e+01 -1.582058e+02
    endloop
  endfacet
  facet normal 8.345733e-01 5.508970e-01 -2.385130e-16
    outer loop
      vertex   -1.901190e+01 -1.381295e+01 -1.500000e+02
      vertex   -1.901190e+01 -1.381295e+01 -1.582058e+02
      vertex   -2.017355e+01 -1.205313e+01 -1.500000e+02
    endloop
  endfacet
  facet normal 8.345733e-01 5.508970e-01 3.562251e-18
    outer loop
      vertex   -2.017355e+01 -1.205313e+01 -1.500000e+02
      vertex   -1.901190e+01 -1.381295e+01 -1.582058e+02
      vertex   -2.017355e+01 -1.205313e+01 -1.582058e+02
    endloop
  endfacet
  facet normal 8.805955e-01 4.738687e-01 7.351236e-17
    outer loop
      vertex   -2.017355e+01 -1.205313e+01 -1.500000e+02
      vertex   -2.017355e+01 -1.205313e+01 -1.582058e+02
      vertex   -2.117277e+01 -1.019627e+01 -1.500000e+02
    endloop
  endfacet
  facet normal 8.805955e-01 4.738687e-01 1.760940e-16
    outer loop
      vertex   -2.117277e+01 -1.019627e+01 -1.500000e+02
      vertex   -2.017355e+01 -1.205313e+01 -1.582058e+02
      vertex   -2.117277e+01 -1.019627e+01 -1.582058e+02
    endloop
  endfacet
  facet normal 9.195278e-01 3.930250e-01 2.279515e-16
    outer loop
      vertex   -2.117277e+01 -1.019627e+01 -1.500000e+02
      vertex   -2.117277e+01 -1.019627e+01 -1.582058e+02
      vertex   -2.200152e+01 -8.257308e+00 -1.500000e+02
    endloop
  endfacet
  facet normal 9.195278e-01 3.930250e-01 -2.552426e-16
    outer loop
      vertex   -2.200152e+01 -8.257308e+00 -1.500000e+02
      vertex   -2.117277e+01 -1.019627e+01 -1.582058e+02
      vertex   -2.200152e+01 -8.257308e+00 -1.582058e+02
    endloop
  endfacet
  facet normal 9.510565e-01 3.090170e-01 -2.006852e-16
    outer loop
      vertex   -2.200152e+01 -8.257308e+00 -1.500000e+02
      vertex   -2.200152e+01 -8.257308e+00 -1.582058e+02
      vertex   -2.265313e+01 -6.251866e+00 -1.500000e+02
    endloop
  endfacet
  facet normal 9.510565e-01 3.090170e-01 6.228422e-16
    outer loop
      vertex   -2.265313e+01 -6.251866e+00 -1.500000e+02
      vertex   -2.200152e+01 -8.257308e+00 -1.582058e+02
      vertex   -2.265313e+01 -6.251866e+00 -1.582058e+02
    endloop
  endfacet
  facet normal 9.749279e-01 2.225209e-01 6.996859e-16
    outer loop
      vertex   -2.265313e+01 -6.251866e+00 -1.500000e+02
      vertex   -2.265313e+01 -6.251866e+00 -1.582058e+02
      vertex   -2.312235e+01 -4.196087e+00 -1.500000e+02
    endloop
  endfacet
  facet normal 9.749279e-01 2.225209e-01 -1.204267e-16
    outer loop
      vertex   -2.312235e+01 -4.196087e+00 -1.500000e+02
      vertex   -2.265313e+01 -6.251866e+00 -1.582058e+02
      vertex   -2.312235e+01 -4.196087e+00 -1.582058e+02
    endloop
  endfacet
  facet normal 9.909498e-01 1.342333e-01 -7.264603e-17
    outer loop
      vertex   -2.312235e+01 -4.196087e+00 -1.500000e+02
      vertex   -2.312235e+01 -4.196087e+00 -1.582058e+02
      vertex   -2.340540e+01 -2.106524e+00 -1.500000e+02
    endloop
  endfacet
  facet normal 9.909498e-01 1.342333e-01 -9.443984e-17
    outer loop
      vertex   -2.340540e+01 -2.106524e+00 -1.500000e+02
      vertex   -2.312235e+01 -4.196087e+00 -1.582058e+02
      vertex   -2.340540e+01 -2.106524e+00 -1.582058e+02
    endloop
  endfacet
  facet normal 9.989931e-01 4.486483e-02 -3.156466e-17
    outer loop
      vertex   -2.340540e+01 -2.106524e+00 -1.500000e+02
      vertex   -2.340540e+01 -2.106524e+00 -1.582058e+02
      vertex   -2.350000e+01 2.877920e-15 -1.500000e+02
    endloop
  endfacet
  facet normal 9.989931e-01 4.486483e-02 -3.146997e-17
    outer loop
      vertex   -2.350000e+01 2.877920e-15 -1.500000e+02
      vertex   -2.340540e+01 -2.106524e+00 -1.582058e+02
      vertex   -2.350000e+01 -2.877920e-15 -1.582058e+02
    endloop
  endfacet
  facet normal 9.989931e-01 -4.486483e-02 3.146997e-17
    outer loop
      vertex   -2.350000e+01 2.877920e-15 -1.500000e+02
      vertex   -2.350000e+01 -2.877920e-15 -1.582058e+02
      vertex   -2.340540e+01 2.106524e+00 -1.500000e+02
    endloop
  endfacet
  facet normal 9.989931e-01 -4.486483e-02 0.000000e+00
    outer loop
      vertex   -2.340540e+01 2.106524e+00 -1.500000e+02
      vertex   -2.350000e+01 -2.877920e-15 -1.582058e+02
      vertex   -2.340540e+01 2.106524e+00 -1.582058e+02
    endloop
  endfacet
  facet normal 9.909498e-01 -1.342333e-01 0.000000e+00
    outer loop
      vertex   -2.340540e+01 2.106524e+00 -1.500000e+02
      vertex   -2.340540e+01 2.106524e+00 -1.582058e+02
      vertex   -2.312235e+01 4.196087e+00 -1.500000e+02
    endloop
  endfacet
  facet normal 9.909498e-01 -1.342333e-01 0.000000e+00
    outer loop
      vertex   -2.312235e+01 4.196087e+00 -1.500000e+02
      vertex   -2.340540e+01 2.106524e+00 -1.582058e+02
      vertex   -2.312235e+01 4.196087e+00 -1.582058e+02
    endloop
  endfacet
  facet normal 9.749279e-01 -2.225209e-01 0.000000e+00
    outer loop
      vertex   -2.312235e+01 4.196087e+00 -1.500000e+02
      vertex   -2.312235e+01 4.196087e+00 -1.582058e+02
      vertex   -2.265313e+01 6.251866e+00 -1.500000e+02
    endloop
  endfacet
  facet normal 9.749279e-01 -2.225209e-01 0.000000e+00
    outer loop
      vertex   -2.265313e+01 6.251866e+00 -1.500000e+02
      vertex   -2.312235e+01 4.196087e+00 -1.582058e+02
      vertex   -2.265313e+01 6.251866e+00 -1.582058e+02
    endloop
  endfacet
  facet normal 9.510565e-01 -3.090170e-01 0.000000e+00
    outer loop
      vertex   -2.265313e+01 6.251866e+00 -1.500000e+02
      vertex   -2.265313e+01 6.251866e+00 -1.582058e+02
      vertex   -2.200152e+01 8.257308e+00 -1.500000e+02
    endloop
  endfacet
  facet normal 9.510565e-01 -3.090170e-01 0.000000e+00
    outer loop
      vertex   -2.200152e+01 8.257308e+00 -1.500000e+02
      vertex   -2.265313e+01 6.251866e+00 -1.582058e+02
      vertex   -2.200152e+01 8.257308e+00 -1.582058e+02
    endloop
  endfacet
  facet normal 9.195278e-01 -3.930250e-01 0.000000e+00
    outer loop
      vertex   -2.200152e+01 8.257308e+00 -1.500000e+02
      vertex   -2.200152e+01 8.257308e+00 -1.582058e+02
      vertex   -2.117277e+01 1.019627e+01 -1.500000e+02
    endloop
  endfacet
  facet normal 9.195278e-01 -3.930250e-01 0.000000e+00
    outer loop
      vertex   -2.117277e+01 1.019627e+01 -1.500000e+02
      vertex   -2.200152e+01 8.257308e+00 -1.582058e+02
      vertex   -2.117277e+01 1.019627e+01 -1.582058e+02
    endloop
  endfacet
  facet normal 8.805955e-01 -4.738687e-01 0.000000e+00
    outer loop
      vertex   -2.117277e+01 1.019627e+01 -1.500000e+02
      vertex   -2.117277e+01 1.019627e+01 -1.582058e+02
      vertex   -2.017355e+01 1.205313e+01 -1.500000e+02
    endloop
  endfacet
  facet normal 8.805955e-01 -4.738687e-01 0.000000e+00
    outer loop
      vertex   -2.017355e+01 1.205313e+01 -1.500000e+02
      vertex   -2.117277e+01 1.019627e+01 -1.582058e+02
      vertex   -2.017355e+01 1.205313e+01 -1.582058e+02
    endloop
  endfacet
  facet normal 8.345733e-01 -5.508970e-01 0.000000e+00
    outer loop
      vertex   -2.017355e+01 1.205313e+01 -1.500000e+02
      vertex   -2.017355e+01 1.205313e+01 -1.582058e+02
      vertex   -1.901190e+01 1.381295e+01 -1.500000e+02
    endloop
  endfacet
  facet normal 8.345733e-01 -5.508970e-01 0.000000e+00
    outer loop
      vertex   -1.901190e+01 1.381295e+01 -1.500000e+02
      vertex   -2.017355e+01 1.205313e+01 -1.582058e+02
      vertex   -1.901190e+01 1.381295e+01 -1.582058e+02
    endloop
  endfacet
  facet normal 7.818315e-01 -6.234898e-01 0.000000e+00
    outer loop
      vertex   -1.901190e+01 1.381295e+01 -1.500000e+02
      vertex   -1.901190e+01 1.381295e+01 -1.582058e+02
      vertex   -1.769718e+01 1.546156e+01 -1.500000e+02
    endloop
  endfacet
  facet normal 7.818315e-01 -6.234898e-01 0.000000e+00
    outer loop
      vertex   -1.769718e+01 1.546156e+01 -1.500000e+02
      vertex   -1.901190e+01 1.381295e+01 -1.582058e+02
      vertex   -1.769718e+01 1.546156e+01 -1.582058e+02
    endloop
  endfacet
  facet normal 7.227949e-01 -6.910626e-01 0.000000e+00
    outer loop
      vertex   -1.769718e+01 1.546156e+01 -1.500000e+02
      vertex   -1.769718e+01 1.546156e+01 -1.582058e+02
      vertex   -1.623997e+01 1.698568e+01 -1.500000e+02
    endloop
  endfacet
  facet normal 7.227949e-01 -6.910626e-01 0.000000e+00
    outer loop
      vertex   -1.623997e+01 1.698568e+01 -1.500000e+02
      vertex   -1.769718e+01 1.546156e+01 -1.582058e+02
      vertex   -1.623997e+01 1.698568e+01 -1.582058e+02
    endloop
  endfacet
  facet normal 6.579387e-01 -7.530715e-01 0.000000e+00
    outer loop
      vertex   -1.623997e+01 1.698568e+01 -1.500000e+02
      vertex   -1.623997e+01 1.698568e+01 -1.582058e+02
      vertex   -1.465201e+01 1.837304e+01 -1.500000e+02
    endloop
  endfacet
  facet normal 6.579387e-01 -7.530715e-01 0.000000e+00
    outer loop
      vertex   -1.465201e+01 1.837304e+01 -1.500000e+02
      vertex   -1.623997e+01 1.698568e+01 -1.582058e+02
      vertex   -1.465201e+01 1.837304e+01 -1.582058e+02
    endloop
  endfacet
  facet normal 5.877853e-01 -8.090170e-01 0.000000e+00
    outer loop
      vertex   -1.465201e+01 1.837304e+01 -1.500000e+02
      vertex   -1.465201e+01 1.837304e+01 -1.582058e+02
      vertex   -1.294608e+01 1.961247e+01 -1.500000e+02
    endloop
  endfacet
  facet normal 5.877853e-01 -8.090170e-01 0.000000e+00
    outer loop
      vertex   -1.294608e+01 1.961247e+01 -1.500000e+02
      vertex   -1.465201e+01 1.837304e+01 -1.582058e+02
      vertex   -1.294608e+01 1.961247e+01 -1.582058e+02
    endloop
  endfacet
  facet normal 5.128993e-01 -8.584488e-01 0.000000e+00
    outer loop
      vertex   -1.294608e+01 1.961247e+01 -1.500000e+02
      vertex   -1.294608e+01 1.961247e+01 -1.582058e+02
      vertex   -1.113591e+01 2.069399e+01 -1.500000e+02
    endloop
  endfacet
  facet normal 5.128993e-01 -8.584488e-01 0.000000e+00
    outer loop
      vertex   -1.113591e+01 2.069399e+01 -1.500000e+02
      vertex   -1.294608e+01 1.961247e+01 -1.582058e+02
      vertex   -1.113591e+01 2.069399e+01 -1.582058e+02
    endloop
  endfacet
  facet normal 4.338837e-01 -9.009689e-01 0.000000e+00
    outer loop
      vertex   -1.113591e+01 2.069399e+01 -1.500000e+02
      vertex   -1.113591e+01 2.069399e+01 -1.582058e+02
      vertex   -9.236088e+00 2.160890e+01 -1.500000e+02
    endloop
  endfacet
  facet normal 4.338837e-01 -9.009689e-01 0.000000e+00
    outer loop
      vertex   -9.236088e+00 2.160890e+01 -1.500000e+02
      vertex   -1.113591e+01 2.069399e+01 -1.582058e+02
      vertex   -9.236088e+00 2.160890e+01 -1.582058e+02
    endloop
  endfacet
  facet normal 3.513748e-01 -9.362349e-01 0.000000e+00
    outer loop
      vertex   -9.236088e+00 2.160890e+01 -1.500000e+02
      vertex   -9.236088e+00 2.160890e+01 -1.582058e+02
      vertex   -7.261899e+00 2.234983e+01 -1.500000e+02
    endloop
  endfacet
  facet normal 3.513748e-01 -9.362349e-01 0.000000e+00
    outer loop
      vertex   -7.261899e+00 2.234983e+01 -1.500000e+02
      vertex   -9.236088e+00 2.160890e+01 -1.582058e+02
      vertex   -7.261899e+00 2.234983e+01 -1.582058e+02
    endloop
  endfacet
  facet normal 2.660368e-01 -9.639629e-01 0.000000e+00
    outer loop
      vertex   -7.261899e+00 2.234983e+01 -1.500000e+02
      vertex   -7.261899e+00 2.234983e+01 -1.582058e+02
      vertex   -5.229242e+00 2.291081e+01 -1.500000e+02
    endloop
  endfacet
  facet normal 2.660368e-01 -9.639629e-01 0.000000e+00
    outer loop
      vertex   -5.229242e+00 2.291081e+01 -1.500000e+02
      vertex   -7.261899e+00 2.234983e+01 -1.582058e+02
      vertex   -5.229242e+00 2.291081e+01 -1.582058e+02
    endloop
  endfacet
  facet normal 1.785569e-01 -9.839296e-01 0.000000e+00
    outer loop
      vertex   -5.229242e+00 2.291081e+01 -1.500000e+02
      vertex   -5.229242e+00 2.291081e+01 -1.582058e+02
      vertex   -3.154482e+00 2.328732e+01 -1.500000e+02
    endloop
  endfacet
  facet normal 1.785569e-01 -9.839296e-01 0.000000e+00
    outer loop
      vertex   -3.154482e+00 2.328732e+01 -1.500000e+02
      vertex   -5.229242e+00 2.291081e+01 -1.582058e+02
      vertex   -3.154482e+00 2.328732e+01 -1.582058e+02
    endloop
  endfacet
  facet normal 8.963931e-02 -9.959743e-01 0.000000e+00
    outer loop
      vertex   -3.154482e+00 2.328732e+01 -1.500000e+02
      vertex   -3.154482e+00 2.328732e+01 -1.582058e+02
      vertex   -1.054324e+00 2.347634e+01 -1.500000e+02
    endloop
  endfacet
  facet normal 8.963931e-02 -9.959743e-01 0.000000e+00
    outer loop
      vertex   -1.054324e+00 2.347634e+01 -1.500000e+02
      vertex   -3.154482e+00 2.328732e+01 -1.582058e+02
      vertex   -1.054324e+00 2.347634e+01 -1.582058e+02
    endloop
  endfacet
  facet normal 0.000000e+00 -1.000000e+00 0.000000e+00
    outer loop
      vertex   -1.054324e+00 2.347634e+01 -1.500000e+02
      vertex   -1.054324e+00 2.347634e+01 -1.582058e+02
      vertex   1.054324e+00 2.347634e+01 -1.500000e+02
    endloop
  endfacet
  facet normal 0.000000e+00 -1.000000e+00 -0.000000e+00
    outer loop
      vertex   1.054324e+00 2.347634e+01 -1.500000e+02
      vertex   -1.054324e+00 2.347634e+01 -1.582058e+02
      vertex   1.054324e+00 2.347634e+01 -1.582058e+02
    endloop
  endfacet
  facet normal -8.963931e-02 -9.959743e-01 -0.000000e+00
    outer loop
      vertex   1.054324e+00 2.347634e+01 -1.500000e+02
      vertex   1.054324e+00 2.347634e+01 -1.582058e+02
      vertex   3.154482e+00 2.328732e+01 -1.500000e+02
    endloop
  endfacet
  facet normal -8.963931e-02 -9.959743e-01 -0.000000e+00
    outer loop
      vertex   3.154482e+00 2.328732e+01 -1.500000e+02
      vertex   1.054324e+00 2.347634e+01 -1.582058e+02
      vertex   3.154482e+00 2.328732e+01 -1.582058e+02
    endloop
  endfacet
  facet normal -1.785569e-01 -9.839296e-01 -0.000000e+00
    outer loop
      vertex   3.154482e+00 2.328732e+01 -1.500000e+02
      vertex   3.154482e+00 2.328732e+01 -1.582058e+02
      vertex   5.229242e+00 2.291081e+01 -1.500000e+02
    endloop
  endfacet
  facet normal -1.785569e-01 -9.839296e-01 -0.000000e+00
    outer loop
      vertex   5.229242e+00 2.291081e+01 -1.500000e+02
      vertex   3.154482e+00 2.328732e+01 -1.582058e+02
      vertex   5.229242e+00 2.291081e+01 -1.582058e+02
    endloop
  endfacet
  facet normal -2.660368e-01 -9.639629e-01 -0.000000e+00
    outer loop
      vertex   5.229242e+00 2.291081e+01 -1.500000e+02
      vertex   5.229242e+00 2.291081e+01 -1.582058e+02
      vertex   7.261899e+00 2.234983e+01 -1.500000e+02
    endloop
  endfacet
  facet normal -2.660368e-01 -9.639629e-01 -0.000000e+00
    outer loop
      vertex   7.261899e+00 2.234983e+01 -1.500000e+02
      vertex   5.229242e+00 2.291081e+01 -1.582058e+02
      vertex   7.261899e+00 2.234983e+01 -1.582058e+02
    endloop
  endfacet
  facet normal -3.513748e-01 -9.362349e-01 -0.000000e+00
    outer loop
      vertex   7.261899e+00 2.234983e+01 -1.500000e+02
      vertex   7.261899e+00 2.234983e+01 -1.582058e+02
      vertex   9.236088e+00 2.160890e+01 -1.500000e+02
    endloop
  endfacet
  facet normal -3.513748e-01 -9.362349e-01 -0.000000e+00
    outer loop
      vertex   9.236088e+00 2.160890e+01 -1.500000e+02
      vertex   7.261899e+00 2.234983e+01 -1.582058e+02
      vertex   9.236088e+00 2.160890e+01 -1.582058e+02
    endloop
  endfacet
  facet normal -4.338837e-01 -9.009689e-01 -0.000000e+00
    outer loop
      vertex   9.236088e+00 2.160890e+01 -1.500000e+02
      vertex   9.236088e+00 2.160890e+01 -1.582058e+02
      vertex   1.113591e+01 2.069399e+01 -1.500000e+02
    endloop
  endfacet
  facet normal -4.338837e-01 -9.009689e-01 -0.000000e+00
    outer loop
      vertex   1.113591e+01 2.069399e+01 -1.500000e+02
      vertex   9.236088e+00 2.160890e+01 -1.582058e+02
      vertex   1.113591e+01 2.069399e+01 -1.582058e+02
    endloop
  endfacet
  facet normal -5.128993e-01 -8.584488e-01 -0.000000e+00
    outer loop
      vertex   1.113591e+01 2.069399e+01 -1.500000e+02
      vertex   1.113591e+01 2.069399e+01 -1.582058e+02
      vertex   1.294608e+01 1.961247e+01 -1.500000e+02
    endloop
  endfacet
  facet normal -5.128993e-01 -8.584488e-01 -3.716688e-16
    outer loop
      vertex   1.294608e+01 1.961247e+01 -1.500000e+02
      vertex   1.113591e+01 2.069399e+01 -1.582058e+02
      vertex   1.294608e+01 1.961247e+01 -1.582058e+02
    endloop
  endfacet
  facet normal -5.877853e-01 -8.090170e-01 -3.502671e-16
    outer loop
      vertex   1.294608e+01 1.961247e+01 -1.500000e+02
      vertex   1.294608e+01 1.961247e+01 -1.582058e+02
      vertex   1.465201e+01 1.837304e+01 -1.500000e+02
    endloop
  endfacet
  facet normal -5.877853e-01 -8.090170e-01 1.272420e-16
    outer loop
      vertex   1.465201e+01 1.837304e+01 -1.500000e+02
      vertex   1.294608e+01 1.961247e+01 -1.582058e+02
      vertex   1.465201e+01 1.837304e+01 -1.582058e+02
    endloop
  endfacet
  facet normal -6.579387e-01 -7.530715e-01 1.424286e-16
    outer loop
      vertex   1.465201e+01 1.837304e+01 -1.500000e+02
      vertex   1.465201e+01 1.837304e+01 -1.582058e+02
      vertex   1.623997e+01 1.698568e+01 -1.500000e+02
    endloop
  endfacet
  facet normal -6.579387e-01 -7.530715e-01 -6.520906e-16
    outer loop
      vertex   1.623997e+01 1.698568e+01 -1.500000e+02
      vertex   1.465201e+01 1.837304e+01 -1.582058e+02
      vertex   1.623997e+01 1.698568e+01 -1.582058e+02
    endloop
  endfacet
  facet normal -7.227949e-01 -6.910626e-01 -5.983966e-16
    outer loop
      vertex   1.623997e+01 1.698568e+01 -1.500000e+02
      vertex   1.623997e+01 1.698568e+01 -1.582058e+02
      vertex   1.769718e+01 1.546156e+01 -1.500000e+02
    endloop
  endfacet
  facet normal -7.227949e-01 -6.910626e-01 -1.495992e-16
    outer loop
      vertex   1.769718e+01 1.546156e+01 -1.500000e+02
      vertex   1.623997e+01 1.698568e+01 -1.582058e+02
      vertex   1.769718e+01 1.546156e+01 -1.582058e+02
    endloop
  endfacet
  facet normal -7.818315e-01 -6.234898e-01 -1.349712e-16
    outer loop
      vertex   1.769718e+01 1.546156e+01 -1.500000e+02
      vertex   1.769718e+01 1.546156e+01 -1.582058e+02
      vertex   1.901190e+01 1.381295e+01 -1.500000e+02
    endloop
  endfacet
  facet normal -7.818315e-01 -6.234898e-01 -1.349712e-16
    outer loop
      vertex   1.901190e+01 1.381295e+01 -1.500000e+02
      vertex   1.769718e+01 1.546156e+01 -1.582058e+02
      vertex   1.901190e+01 1.381295e+01 -1.582058e+02
    endloop
  endfacet
  facet normal -8.345733e-01 -5.508970e-01 -1.192565e-16
    outer loop
      vertex   1.901190e+01 1.381295e+01 -1.500000e+02
      vertex   1.901190e+01 1.381295e+01 -1.582058e+02
      vertex   2.017355e+01 1.205313e+01 -1.500000e+02
    endloop
  endfacet
  facet normal -8.345733e-01 -5.508970e-01 2.420753e-16
    outer loop
      vertex   2.017355e+01 1.205313e+01 -1.500000e+02
      vertex   1.901190e+01 1.381295e+01 -1.582058e+02
      vertex   2.017355e+01 1.205313e+01 -1.582058e+02
    endloop
  endfacet
  facet normal -8.805955e-01 -4.738687e-01 2.786757e-16
    outer loop
      vertex   2.017355e+01 1.205313e+01 -1.500000e+02
      vertex   2.017355e+01 1.205313e+01 -1.582058e+02
      vertex   2.117277e+01 1.019627e+01 -1.500000e+02
    endloop
  endfacet
  facet normal -8.805955e-01 -4.738687e-01 -1.025817e-16
    outer loop
      vertex   2.117277e+01 1.019627e+01 -1.500000e+02
      vertex   2.017355e+01 1.205313e+01 -1.582058e+02
      vertex   2.117277e+01 1.019627e+01 -1.582058e+02
    endloop
  endfacet
  facet normal -9.195278e-01 -3.930250e-01 -8.508088e-17
    outer loop
      vertex   2.117277e+01 1.019627e+01 -1.500000e+02
      vertex   2.117277e+01 1.019627e+01 -1.582058e+02
      vertex   2.200152e+01 8.257308e+00 -1.500000e+02
    endloop
  endfacet
  facet normal -9.195278e-01 -3.930250e-01 -0.000000e+00
    outer loop
      vertex   2.200152e+01 8.257308e+00 -1.500000e+02
      vertex   2.117277e+01 1.019627e+01 -1.582058e+02
      vertex   2.200152e+01 8.257308e+00 -1.582058e+02
    endloop
  endfacet
  facet normal -9.510565e-01 -3.090170e-01 -0.000000e+00
    outer loop
      vertex   2.200152e+01 8.257308e+00 -1.500000e+02
      vertex   2.200152e+01 8.257308e+00 -1.582058e+02
      vertex   2.265313e+01 6.251866e+00 -1.500000e+02
    endloop
  endfacet
  facet normal -9.510565e-01 -3.090170e-01 7.231848e-16
    outer loop
      vertex   2.265313e+01 6.251866e+00 -1.500000e+02
      vertex   2.200152e+01 8.257308e+00 -1.582058e+02
      vertex   2.265313e+01 6.251866e+00 -1.582058e+02
    endloop
  endfacet
  facet normal -9.749279e-01 -2.225209e-01 7.719418e-16
    outer loop
      vertex   2.265313e+01 6.251866e+00 -1.500000e+02
      vertex   2.265313e+01 6.251866e+00 -1.582058e+02
      vertex   2.312235e+01 4.196087e+00 -1.500000e+02
    endloop
  endfacet
  facet normal -9.749279e-01 -2.225209e-01 -4.817066e-17
    outer loop
      vertex   2.312235e+01 4.196087e+00 -1.500000e+02
      vertex   2.265313e+01 6.251866e+00 -1.582058e+02
      vertex   2.312235e+01 4.196087e+00 -1.582058e+02
    endloop
  endfacet
  facet normal -9.909498e-01 -1.342333e-01 -2.905841e-17
    outer loop
      vertex   2.312235e+01 4.196087e+00 -1.500000e+02
      vertex   2.312235e+01 4.196087e+00 -1.582058e+02
      vertex   2.340540e+01 2.106524e+00 -1.500000e+02
    endloop
  endfacet
  facet normal -9.909498e-01 -1.342333e-01 -2.905841e-17
    outer loop
      vertex   2.340540e+01 2.106524e+00 -1.500000e+02
      vertex   2.312235e+01 4.196087e+00 -1.582058e+02
      vertex   2.340540e+01 2.106524e+00 -1.582058e+02
    endloop
  endfacet
  facet normal 0.000000e+00 0.000000e+00 -1.000000e+00
    outer loop
      vertex   2.090562e+01 1.966273e+00 -1.500000e+02
      vertex   2.340540e+01 2.106524e+00 -1.500000e+02
      vertex   2.099788e+01 -1.869393e-15 -1.500000e+02
    endloop
  endfacet
  facet normal 0.000000e+00 0.000000e+00 -1.000000e+00
    outer loop
      vertex   2.099788e+01 -1.869393e-15 -1.500000e+02
      vertex   2.340540e+01 2.106524e+00 -1.500000e+02
      vertex   2.350000e+01 -1.562972e-15 -1.500000e+02
    endloop
  endfacet
  facet normal 0.000000e+00 0.000000e+00 -1.000000e+00
    outer loop
      vertex   2.099788e+01 -1.869393e-15 -1.500000e+02
      vertex   2.350000e+01 -1.562972e-15 -1.500000e+02
      vertex   2.340540e+01 -2.106524e+00 -1.500000e+02
    endloop
  endfacet
  facet normal -0.000000e+00 0.000000e+00 -1.000000e+00
    outer loop
      vertex   2.340540e+01 2.106524e+00 -1.500000e+02
      vertex   2.090562e+01 1.966273e+00 -1.500000e+02
      vertex   2.312235e+01 4.196087e+00 -1.500000e+02
    endloop
  endfacet
  facet normal 0.000000e+00 0.000000e+00 -1.000000e+00
    outer loop
      vertex   2.312235e+01 4.196087e+00 -1.500000e+02
      vertex   2.090562e+01 1.966273e+00 -1.500000e+02
      vertex   2.062963e+01 3.915267e+00 -1.500000e+02
    endloop
  endfacet
  facet normal -0.000000e+00 0.000000e+00 -1.000000e+00
    outer loop
      vertex   2.312235e+01 4.196087e+00 -1.500000e+02
      vertex   2.062963e+01 3.915267e+00 -1.500000e+02
      vertex   2.265313e+01 6.251866e+00 -1.500000e+02
    endloop
  endfacet
  facet normal 0.000000e+00 0.000000e+00 -1.000000e+00
    outer loop
      vertex   2.265313e+01 6.251866e+00 -1.500000e+02
      vertex   2.062963e+01 3.915267e+00 -1.500000e+02
      vertex   2.017236e+01 5.829853e+00 -1.500000e+02
    endloop
  endfacet
  facet normal -0.000000e+00 0.000000e+00 -1.000000e+00
    outer loop
      vertex   2.265313e+01 6.251866e+00 -1.500000e+02
      vertex   2.017236e+01 5.829853e+00 -1.500000e+02
      vertex   2.200152e+01 8.257308e+00 -1.500000e+02
    endloop
  endfacet
  facet normal 0.000000e+00 0.000000e+00 -1.000000e+00
    outer loop
      vertex   2.200152e+01 8.257308e+00 -1.500000e+02
      vertex   2.017236e+01 5.829853e+00 -1.500000e+02
      vertex   1.953780e+01 7.693206e+00 -1.500000e+02
    endloop
  endfacet
  facet normal -0.000000e+00 0.000000e+00 -1.000000e+00
    outer loop
      vertex   2.200152e+01 8.257308e+00 -1.500000e+02
      vertex   1.953780e+01 7.693206e+00 -1.500000e+02
      vertex   2.117277e+01 1.019627e+01 -1.500000e+02
    endloop
  endfacet
  facet normal 0.000000e+00 0.000000e+00 -1.000000e+00
    outer loop
      vertex   2.117277e+01 1.019627e+01 -1.500000e+02
      vertex   1.953780e+01 7.693206e+00 -1.500000e+02
      vertex   1.873155e+01 9.488950e+00 -1.500000e+02
    endloop
  endfacet
  facet normal -0.000000e+00 0.000000e+00 -1.000000e+00
    outer loop
      vertex   2.117277e+01 1.019627e+01 -1.500000e+02
      vertex   1.873155e+01 9.488950e+00 -1.500000e+02
      vertex   2.017355e+01 1.205313e+01 -1.500000e+02
    endloop
  endfacet
  facet normal 0.000000e+00 0.000000e+00 -1.000000e+00
    outer loop
      vertex   2.017355e+01 1.205313e+01 -1.500000e+02
      vertex   1.873155e+01 9.488950e+00 -1.500000e+02
      vertex   1.776068e+01 1.120131e+01 -1.500000e+02
    endloop
  endfacet
  facet normal -0.000000e+00 0.000000e+00 -1.000000e+00
    outer loop
      vertex   2.017355e+01 1.205313e+01 -1.500000e+02
      vertex   1.776068e+01 1.120131e+01 -1.500000e+02
      vertex   1.901190e+01 1.381295e+01 -1.500000e+02
    endloop
  endfacet
  facet normal 0.000000e+00 0.000000e+00 -1.000000e+00
    outer loop
      vertex   1.901190e+01 1.381295e+01 -1.500000e+02
      vertex   1.776068e+01 1.120131e+01 -1.500000e+02
      vertex   1.663374e+01 1.281522e+01 -1.500000e+02
    endloop
  endfacet
  facet normal -0.000000e+00 0.000000e+00 -1.000000e+00
    outer loop
      vertex   1.901190e+01 1.381295e+01 -1.500000e+02
      vertex   1.663374e+01 1.281522e+01 -1.500000e+02
      vertex   1.769718e+01 1.546156e+01 -1.500000e+02
    endloop
  endfacet
  facet normal 0.000000e+00 0.000000e+00 -1.000000e+00
    outer loop
      vertex   1.769718e+01 1.546156e+01 -1.500000e+02
      vertex   1.663374e+01 1.281522e+01 -1.500000e+02
      vertex   1.536061e+01 1.431652e+01 -1.500000e+02
    endloop
  endfacet
  facet normal -0.000000e+00 0.000000e+00 -1.000000e+00
    outer loop
      vertex   1.769718e+01 1.546156e+01 -1.500000e+02
      vertex   1.536061e+01 1.431652e+01 -1.500000e+02
      vertex   1.623997e+01 1.698568e+01 -1.500000e+02
    endloop
  endfacet
  facet normal 0.000000e+00 0.000000e+00 -1.000000e+00
    outer loop
      vertex   1.623997e+01 1.698568e+01 -1.500000e+02
      vertex   1.536061e+01 1.431652e+01 -1.500000e+02
      vertex   1.395249e+01 1.569200e+01 -1.500000e+02
    endloop
  endfacet
  facet normal -0.000000e+00 0.000000e+00 -1.000000e+00
    outer loop
      vertex   1.623997e+01 1.698568e+01 -1.500000e+02
      vertex   1.395249e+01 1.569200e+01 -1.500000e+02
      vertex   1.465201e+01 1.837304e+01 -1.500000e+02
    endloop
  endfacet
  facet normal 0.000000e+00 0.000000e+00 -1.000000e+00
    outer loop
      vertex   1.465201e+01 1.837304e+01 -1.500000e+02
      vertex   1.395249e+01 1.569200e+01 -1.500000e+02
      vertex   1.242176e+01 1.692959e+01 -1.500000e+02
    endloop
  endfacet
  facet normal -0.000000e+00 0.000000e+00 -1.000000e+00
    outer loop
      vertex   1.465201e+01 1.837304e+01 -1.500000e+02
      vertex   1.242176e+01 1.692959e+01 -1.500000e+02
      vertex   1.294608e+01 1.961247e+01 -1.500000e+02
    endloop
  endfacet
  facet normal 0.000000e+00 0.000000e+00 -1.000000e+00
    outer loop
      vertex   1.294608e+01 1.961247e+01 -1.500000e+02
      vertex   1.242176e+01 1.692959e+01 -1.500000e+02
      vertex   1.078187e+01 1.801839e+01 -1.500000e+02
    endloop
  endfacet
  facet normal -0.000000e+00 0.000000e+00 -1.000000e+00
    outer loop
      vertex   1.294608e+01 1.961247e+01 -1.500000e+02
      vertex   1.078187e+01 1.801839e+01 -1.500000e+02
      vertex   1.113591e+01 2.069399e+01 -1.500000e+02
    endloop
  endfacet
  facet normal 0.000000e+00 0.000000e+00 -1.000000e+00
    outer loop
      vertex   1.113591e+01 2.069399e+01 -1.500000e+02
      vertex   1.078187e+01 1.801839e+01 -1.500000e+02
      vertex   9.047227e+00 1.894885e+01 -1.500000e+02
    endloop
  endfacet
  facet normal -0.000000e+00 0.000000e+00 -1.000000e+00
    outer loop
      vertex   1.113591e+01 2.069399e+01 -1.500000e+02
      vertex   9.047227e+00 1.894885e+01 -1.500000e+02
      vertex   9.236088e+00 2.160890e+01 -1.500000e+02
    endloop
  endfacet
  facet normal 0.000000e+00 0.000000e+00 -1.000000e+00
    outer loop
      vertex   9.236088e+00 2.160890e+01 -1.500000e+02
      vertex   9.047227e+00 1.894885e+01 -1.500000e+02
      vertex   7.233075e+00 1.971278e+01 -1.500000e+02
    endloop
  endfacet
  facet normal -0.000000e+00 0.000000e+00 -1.000000e+00
    outer loop
      vertex   9.236088e+00 2.160890e+01 -1.500000e+02
      vertex   7.233075e+00 1.971278e+01 -1.500000e+02
      vertex   7.261899e+00 2.234983e+01 -1.500000e+02
    endloop
  endfacet
  facet normal 0.000000e+00 0.000000e+00 -1.000000e+00
    outer loop
      vertex   7.261899e+00 2.234983e+01 -1.500000e+02
      vertex   7.233075e+00 1.971278e+01 -1.500000e+02
      vertex   5.355358e+00 2.030348e+01 -1.500000e+02
    endloop
  endfacet
  facet normal -0.000000e+00 0.000000e+00 -1.000000e+00
    outer loop
      vertex   7.261899e+00 2.234983e+01 -1.500000e+02
      vertex   5.355358e+00 2.030348e+01 -1.500000e+02
      vertex   5.229242e+00 2.291081e+01 -1.500000e+02
    endloop
  endfacet
  facet normal 0.000000e+00 -0.000000e+00 -1.000000e+00
    outer loop
      vertex   5.229242e+00 2.291081e+01 -1.500000e+02
      vertex   5.355358e+00 2.030348e+01 -1.500000e+02
      vertex   3.430579e+00 2.071575e+01 -1.500000e+02
    endloop
  endfacet
  facet normal -0.000000e+00 0.000000e+00 -1.000000e+00
    outer loop
      vertex   5.229242e+00 2.291081e+01 -1.500000e+02
      vertex   3.430579e+00 2.071575e+01 -1.500000e+02
      vertex   3.154482e+00 2.328732e+01 -1.500000e+02
    endloop
  endfacet
  facet normal 0.000000e+00 -0.000000e+00 -1.000000e+00
    outer loop
      vertex   3.154482e+00 2.328732e+01 -1.500000e+02
      vertex   3.430579e+00 2.071575e+01 -1.500000e+02
      vertex   1.475651e+00 2.094597e+01 -1.500000e+02
    endloop
  endfacet
  facet normal -0.000000e+00 0.000000e+00 -1.000000e+00
    outer loop
      vertex   3.154482e+00 2.328732e+01 -1.500000e+02
      vertex   1.475651e+00 2.094597e+01 -1.500000e+02
      vertex   1.054324e+00 2.347634e+01 -1.500000e+02
    endloop
  endfacet
  facet normal 0.000000e+00 -0.000000e+00 -1.000000e+00
    outer loop
      vertex   1.054324e+00 2.347634e+01 -1.500000e+02
      vertex   1.475651e+00 2.094597e+01 -1.500000e+02
      vertex   -4.922444e-01 2.099211e+01 -1.500000e+02
    endloop
  endfacet
  facet normal -0.000000e+00 0.000000e+00 -1.000000e+00
    outer loop
      vertex   1.054324e+00 2.347634e+01 -1.500000e+02
      vertex   -4.922444e-01 2.099211e+01 -1.500000e+02
      vertex   -1.054324e+00 2.347634e+01 -1.500000e+02
    endloop
  endfacet
  facet normal 0.000000e+00 -0.000000e+00 -1.000000e+00
    outer loop
      vertex   -1.054324e+00 2.347634e+01 -1.500000e+02
      vertex   -4.922444e-01 2.099211e+01 -1.500000e+02
      vertex   -2.455814e+00 2.085378e+01 -1.500000e+02
    endloop
  endfacet
  facet normal 0.000000e+00 0.000000e+00 -1.000000e+00
    outer loop
      vertex   -1.054324e+00 2.347634e+01 -1.500000e+02
      vertex   -2.455814e+00 2.085378e+01 -1.500000e+02
      vertex   -3.154482e+00 2.328732e+01 -1.500000e+02
    endloop
  endfacet
  facet normal 0.000000e+00 -0.000000e+00 -1.000000e+00
    outer loop
      vertex   -3.154482e+00 2.328732e+01 -1.500000e+02
      vertex   -2.455814e+00 2.085378e+01 -1.500000e+02
      vertex   -4.397802e+00 2.053218e+01 -1.500000e+02
    endloop
  endfacet
  facet normal 0.000000e+00 0.000000e+00 -1.000000e+00
    outer loop
      vertex   -3.154482e+00 2.328732e+01 -1.500000e+02
      vertex   -4.397802e+00 2.053218e+01 -1.500000e+02
      vertex   -5.229242e+00 2.291081e+01 -1.500000e+02
    endloop
  endfacet
  facet normal 0.000000e+00 -0.000000e+00 -1.000000e+00
    outer loop
      vertex   -5.229242e+00 2.291081e+01 -1.500000e+02
      vertex   -4.397802e+00 2.053218e+01 -1.500000e+02
      vertex   -6.301142e+00 2.003015e+01 -1.500000e+02
    endloop
  endfacet
  facet normal 0.000000e+00 0.000000e+00 -1.000000e+00
    outer loop
      vertex   -5.229242e+00 2.291081e+01 -1.500000e+02
      vertex   -6.301142e+00 2.003015e+01 -1.500000e+02
      vertex   -7.261899e+00 2.234983e+01 -1.500000e+02
    endloop
  endfacet
  facet normal 0.000000e+00 -0.000000e+00 -1.000000e+00
    outer loop
      vertex   -7.261899e+00 2.234983e+01 -1.500000e+02
      vertex   -6.301142e+00 2.003015e+01 -1.500000e+02
      vertex   -8.149108e+00 1.935208e+01 -1.500000e+02
    endloop
  endfacet
  facet normal 0.000000e+00 0.000000e+00 -1.000000e+00
    outer loop
      vertex   -7.261899e+00 2.234983e+01 -1.500000e+02
      vertex   -8.149108e+00 1.935208e+01 -1.500000e+02
      vertex   -9.236088e+00 2.160890e+01 -1.500000e+02
    endloop
  endfacet
  facet normal 0.000000e+00 -0.000000e+00 -1.000000e+00
    outer loop
      vertex   -9.236088e+00 2.160890e+01 -1.500000e+02
      vertex   -8.149108e+00 1.935208e+01 -1.500000e+02
      vertex   -9.925458e+00 1.850396e+01 -1.500000e+02
    endloop
  endfacet
  facet normal 0.000000e+00 0.000000e+00 -1.000000e+00
    outer loop
      vertex   -9.236088e+00 2.160890e+01 -1.500000e+02
      vertex   -9.925458e+00 1.850396e+01 -1.500000e+02
      vertex   -1.113591e+01 2.069399e+01 -1.500000e+02
    endloop
  endfacet
  facet normal 0.000000e+00 -0.000000e+00 -1.000000e+00
    outer loop
      vertex   -1.113591e+01 2.069399e+01 -1.500000e+02
      vertex   -9.925458e+00 1.850396e+01 -1.500000e+02
      vertex   -1.294608e+01 1.961247e+01 -1.500000e+02
    endloop
  endfacet
  facet normal 0.000000e+00 0.000000e+00 -1.000000e+00
    outer loop
      vertex   -1.294608e+01 1.961247e+01 -1.500000e+02
      vertex   -9.925458e+00 1.850396e+01 -1.500000e+02
      vertex   -1.161458e+01 1.749322e+01 -1.500000e+02
    endloop
  endfacet
  facet normal 0.000000e+00 -0.000000e+00 -1.000000e+00
    outer loop
      vertex   -1.294608e+01 1.961247e+01 -1.500000e+02
      vertex   -1.161458e+01 1.749322e+01 -1.500000e+02
      vertex   -1.465201e+01 1.837304e+01 -1.500000e+02
    endloop
  endfacet
  facet normal 0.000000e+00 0.000000e+00 -1.000000e+00
    outer loop
      vertex   -1.465201e+01 1.837304e+01 -1.500000e+02
      vertex   -1.161458e+01 1.749322e+01 -1.500000e+02
      vertex   -1.320164e+01 1.632874e+01 -1.500000e+02
    endloop
  endfacet
  facet normal 0.000000e+00 -0.000000e+00 -1.000000e+00
    outer loop
      vertex   -1.465201e+01 1.837304e+01 -1.500000e+02
      vertex   -1.320164e+01 1.632874e+01 -1.500000e+02
      vertex   -1.623997e+01 1.698568e+01 -1.500000e+02
    endloop
  endfacet
  facet normal 0.000000e+00 0.000000e+00 -1.000000e+00
    outer loop
      vertex   -1.623997e+01 1.698568e+01 -1.500000e+02
      vertex   -1.320164e+01 1.632874e+01 -1.500000e+02
      vertex   -1.467268e+01 1.502077e+01 -1.500000e+02
    endloop
  endfacet
  facet normal 0.000000e+00 -0.000000e+00 -1.000000e+00
    outer loop
      vertex   -1.623997e+01 1.698568e+01 -1.500000e+02
      vertex   -1.467268e+01 1.502077e+01 -1.500000e+02
      vertex   -1.769718e+01 1.546156e+01 -1.500000e+02
    endloop
  endfacet
  facet normal 0.000000e+00 0.000000e+00 -1.000000e+00
    outer loop
      vertex   -1.769718e+01 1.546156e+01 -1.500000e+02
      vertex   -1.467268e+01 1.502077e+01 -1.500000e+02
      vertex   -1.601477e+01 1.358080e+01 -1.500000e+02
    endloop
  endfacet
  facet normal 0.000000e+00 -0.000000e+00 -1.000000e+00
    outer loop
      vertex   -1.769718e+01 1.546156e+01 -1.500000e+02
      vertex   -1.601477e+01 1.358080e+01 -1.500000e+02
      vertex   -1.901190e+01 1.381295e+01 -1.500000e+02
    endloop
  endfacet
  facet normal 0.000000e+00 0.000000e+00 -1.000000e+00
    outer loop
      vertex   -1.901190e+01 1.381295e+01 -1.500000e+02
      vertex   -1.601477e+01 1.358080e+01 -1.500000e+02
      vertex   -1.721613e+01 1.202148e+01 -1.500000e+02
    endloop
  endfacet
  facet normal 0.000000e+00 -0.000000e+00 -1.000000e+00
    outer loop
      vertex   -1.901190e+01 1.381295e+01 -1.500000e+02
      vertex   -1.721613e+01 1.202148e+01 -1.500000e+02
      vertex   -2.017355e+01 1.205313e+01 -1.500000e+02
    endloop
  endfacet
  facet normal 0.000000e+00 0.000000e+00 -1.000000e+00
    outer loop
      vertex   -2.017355e+01 1.205313e+01 -1.500000e+02
      vertex   -1.721613e+01 1.202148e+01 -1.500000e+02
      vertex   -1.826619e+01 1.035651e+01 -1.500000e+02
    endloop
  endfacet
  facet normal 0.000000e+00 -0.000000e+00 -1.000000e+00
    outer loop
      vertex   -2.017355e+01 1.205313e+01 -1.500000e+02
      vertex   -1.826619e+01 1.035651e+01 -1.500000e+02
      vertex   -2.117277e+01 1.019627e+01 -1.500000e+02
    endloop
  endfacet
  facet normal 0.000000e+00 0.000000e+00 -1.000000e+00
    outer loop
      vertex   -2.117277e+01 1.019627e+01 -1.500000e+02
      vertex   -1.826619e+01 1.035651e+01 -1.500000e+02
      vertex   -1.915573e+01 8.600531e+00 -1.500000e+02
    endloop
  endfacet
  facet normal 0.000000e+00 -0.000000e+00 -1.000000e+00
    outer loop
      vertex   -2.117277e+01 1.019627e+01 -1.500000e+02
      vertex   -1.915573e+01 8.600531e+00 -1.500000e+02
      vertex   -2.200152e+01 8.257308e+00 -1.500000e+02
    endloop
  endfacet
  facet normal 0.000000e+00 0.000000e+00 -1.000000e+00
    outer loop
      vertex   -2.200152e+01 8.257308e+00 -1.500000e+02
      vertex   -1.915573e+01 8.600531e+00 -1.500000e+02
      vertex   -1.987693e+01 6.768969e+00 -1.500000e+02
    endloop
  endfacet
  facet normal 0.000000e+00 -0.000000e+00 -1.000000e+00
    outer loop
      vertex   -2.200152e+01 8.257308e+00 -1.500000e+02
      vertex   -1.987693e+01 6.768969e+00 -1.500000e+02
      vertex   -2.265313e+01 6.251866e+00 -1.500000e+02
    endloop
  endfacet
  facet normal 0.000000e+00 0.000000e+00 -1.000000e+00
    outer loop
      vertex   -2.265313e+01 6.251866e+00 -1.500000e+02
      vertex   -1.987693e+01 6.768969e+00 -1.500000e+02
      vertex   -2.042344e+01 4.877921e+00 -1.500000e+02
    endloop
  endfacet
  facet normal 0.000000e+00 -0.000000e+00 -1.000000e+00
    outer loop
      vertex   -2.265313e+01 6.251866e+00 -1.500000e+02
      vertex   -2.042344e+01 4.877921e+00 -1.500000e+02
      vertex   -2.312235e+01 4.196087e+00 -1.500000e+02
    endloop
  endfacet
  facet normal 0.000000e+00 0.000000e+00 -1.000000e+00
    outer loop
      vertex   -2.312235e+01 4.196087e+00 -1.500000e+02
      vertex   -2.042344e+01 4.877921e+00 -1.500000e+02
      vertex   -2.079048e+01 2.944006e+00 -1.500000e+02
    endloop
  endfacet
  facet normal 0.000000e+00 -0.000000e+00 -1.000000e+00
    outer loop
      vertex   -2.312235e+01 4.196087e+00 -1.500000e+02
      vertex   -2.079048e+01 2.944006e+00 -1.500000e+02
      vertex   -2.340540e+01 2.106524e+00 -1.500000e+02
    endloop
  endfacet
  facet normal 0.000000e+00 0.000000e+00 -1.000000e+00
    outer loop
      vertex   -2.340540e+01 2.106524e+00 -1.500000e+02
      vertex   -2.079048e+01 2.944006e+00 -1.500000e+02
      vertex   -2.097481e+01 9.842183e-01 -1.500000e+02
    endloop
  endfacet
  facet normal 0.000000e+00 -0.000000e+00 -1.000000e+00
    outer loop
      vertex   -2.340540e+01 2.106524e+00 -1.500000e+02
      vertex   -2.097481e+01 9.842183e-01 -1.500000e+02
      vertex   -2.350000e+01 2.877920e-15 -1.500000e+02
    endloop
  endfacet
  facet normal 0.000000e+00 0.000000e+00 -1.000000e+00
    outer loop
      vertex   -2.350000e+01 2.877920e-15 -1.500000e+02
      vertex   -2.097481e+01 9.842183e-01 -1.500000e+02
      vertex   -2.097481e+01 -9.842183e-01 -1.500000e+02
    endloop
  endfacet
  facet normal 0.000000e+00 0.000000e+00 -1.000000e+00
    outer loop
      vertex   -2.350000e+01 2.877920e-15 -1.500000e+02
      vertex   -2.097481e+01 -9.842183e-01 -1.500000e+02
      vertex   -2.340540e+01 -2.106524e+00 -1.500000e+02
    endloop
  endfacet
  facet normal 0.000000e+00 0.000000e+00 -1.000000e+00
    outer loop
      vertex   -2.340540e+01 -2.106524e+00 -1.500000e+02
      vertex   -2.097481e+01 -9.842183e-01 -1.500000e+02
      vertex   -2.079048e+01 -2.944006e+00 -1.500000e+02
    endloop
  endfacet
  facet normal 0.000000e+00 0.000000e+00 -1.000000e+00
    outer loop
      vertex   -2.340540e+01 -2.106524e+00 -1.500000e+02
      vertex   -2.079048e+01 -2.944006e+00 -1.500000e+02
      vertex   -2.312235e+01 -4.196087e+00 -1.500000e+02
    endloop
  endfacet
  facet normal 0.000000e+00 0.000000e+00 -1.000000e+00
    outer loop
      vertex   -2.312235e+01 -4.196087e+00 -1.500000e+02
      vertex   -2.079048e+01 -2.944006e+00 -1.500000e+02
      vertex   -2.042344e+01 -4.877921e+00 -1.500000e+02
    endloop
  endfacet
  facet normal 0.000000e+00 0.000000e+00 -1.000000e+00
    outer loop
      vertex   -2.312235e+01 -4.196087e+00 -1.500000e+02
      vertex   -2.042344e+01 -4.877921e+00 -1.500000e+02
      vertex   -2.265313e+01 -6.251866e+00 -1.500000e+02
    endloop
  endfacet
  facet normal 0.000000e+00 0.000000e+00 -1.000000e+00
    outer loop
      vertex   -2.265313e+01 -6.251866e+00 -1.500000e+02
      vertex   -2.042344e+01 -4.877921e+00 -1.500000e+02
      vertex   -1.987693e+01 -6.768969e+00 -1.500000e+02
    endloop
  endfacet
  facet normal 0.000000e+00 0.000000e+00 -1.000000e+00
    outer loop
      vertex   -2.265313e+01 -6.251866e+00 -1.500000e+02
      vertex   -1.987693e+01 -6.768969e+00 -1.500000e+02
      vertex   -2.200152e+01 -8.257308e+00 -1.500000e+02
    endloop
  endfacet
  facet normal 0.000000e+00 0.000000e+00 -1.000000e+00
    outer loop
      vertex   -2.200152e+01 -8.257308e+00 -1.500000e+02
      vertex   -1.987693e+01 -6.768969e+00 -1.500000e+02
      vertex   -1.915573e+01 -8.600531e+00 -1.500000e+02
    endloop
  endfacet
  facet normal 0.000000e+00 0.000000e+00 -1.000000e+00
    outer loop
      vertex   -2.200152e+01 -8.257308e+00 -1.500000e+02
      vertex   -1.915573e+01 -8.600531e+00 -1.500000e+02
      vertex   -2.117277e+01 -1.019627e+01 -1.500000e+02
    endloop
  endfacet
  facet normal 0.000000e+00 0.000000e+00 -1.000000e+00
    outer loop
      vertex   -2.117277e+01 -1.019627e+01 -1.500000e+02
      vertex   -1.915573e+01 -8.600531e+00 -1.500000e+02
      vertex   -1.826619e+01 -1.035651e+01 -1.500000e+02
    endloop
  endfacet
  facet normal 0.000000e+00 0.000000e+00 -1.000000e+00
    outer loop
      vertex   -2.117277e+01 -1.019627e+01 -1.500000e+02
      vertex   -1.826619e+01 -1.035651e+01 -1.500000e+02
      vertex   -2.017355e+01 -1.205313e+01 -1.500000e+02
    endloop
  endfacet
  facet normal 0.000000e+00 0.000000e+00 -1.000000e+00
    outer loop
      vertex   -2.017355e+01 -1.205313e+01 -1.500000e+02
      vertex   -1.826619e+01 -1.035651e+01 -1.500000e+02
      vertex   -1.721613e+01 -1.202148e+01 -1.500000e+02
    endloop
  endfacet
  facet normal 0.000000e+00 0.000000e+00 -1.000000e+00
    outer loop
      vertex   -2.017355e+01 -1.205313e+01 -1.500000e+02
      vertex   -1.721613e+01 -1.202148e+01 -1.500000e+02
      vertex   -1.901190e+01 -1.381295e+01 -1.500000e+02
    endloop
  endfacet
  facet normal 0.000000e+00 0.000000e+00 -1.000000e+00
    outer loop
      vertex   -1.901190e+01 -1.381295e+01 -1.500000e+02
      vertex   -1.721613e+01 -1.202148e+01 -1.500000e+02
      vertex   -1.601477e+01 -1.358080e+01 -1.500000e+02
    endloop
  endfacet
  facet normal 0.000000e+00 0.000000e+00 -1.000000e+00
    outer loop
      vertex   -1.901190e+01 -1.381295e+01 -1.500000e+02
      vertex   -1.601477e+01 -1.358080e+01 -1.500000e+02
      vertex   -1.769718e+01 -1.546156e+01 -1.500000e+02
    endloop
  endfacet
  facet normal 0.000000e+00 0.000000e+00 -1.000000e+00
    outer loop
      vertex   -1.769718e+01 -1.546156e+01 -1.500000e+02
      vertex   -1.601477e+01 -1.358080e+01 -1.500000e+02
      vertex   -1.467268e+01 -1.502077e+01 -1.500000e+02
    endloop
  endfacet
  facet normal 0.000000e+00 0.000000e+00 -1.000000e+00
    outer loop
      vertex   -1.769718e+01 -1.546156e+01 -1.500000e+02
      vertex   -1.467268e+01 -1.502077e+01 -1.500000e+02
      vertex   -1.623997e+01 -1.698568e+01 -1.500000e+02
    endloop
  endfacet
  facet normal 0.000000e+00 0.000000e+00 -1.000000e+00
    outer loop
      vertex   -1.623997e+01 -1.698568e+01 -1.500000e+02
      vertex   -1.467268e+01 -1.502077e+01 -1.500000e+02
      vertex   -1.320164e+01 -1.632874e+01 -1.500000e+02
    endloop
  endfacet
  facet normal 0.000000e+00 0.000000e+00 -1.000000e+00
    outer loop
      vertex   -1.623997e+01 -1.698568e+01 -1.500000e+02
      vertex   -1.320164e+01 -1.632874e+01 -1.500000e+02
      vertex   -1.465201e+01 -1.837304e+01 -1.500000e+02
    endloop
  endfacet
  facet normal 0.000000e+00 0.000000e+00 -1.000000e+00
    outer loop
      vertex   -1.465201e+01 -1.837304e+01 -1.500000e+02
      vertex   -1.320164e+01 -1.632874e+01 -1.500000e+02
      vertex   -1.161458e+01 -1.749322e+01 -1.500000e+02
    endloop
  endfacet
  facet normal 0.000000e+00 0.000000e+00 -1.000000e+00
    outer loop
      vertex   -1.465201e+01 -1.837304e+01 -1.500000e+02
      vertex   -1.161458e+01 -1.749322e+01 -1.500000e+02
      vertex   -1.294608e+01 -1.961247e+01 -1.500000e+02
    endloop
  endfacet
  facet normal 0.000000e+00 0.000000e+00 -1.000000e+00
    outer loop
      vertex   -1.294608e+01 -1.961247e+01 -1.500000e+02
      vertex   -1.161458e+01 -1.749322e+01 -1.500000e+02
      vertex   -9.925458e+00 -1.850396e+01 -1.500000e+02
    endloop
  endfacet
  facet normal 0.000000e+00 0.000000e+00 -1.000000e+00
    outer loop
      vertex   -1.294608e+01 -1.961247e+01 -1.500000e+02
      vertex   -9.925458e+00 -1.850396e+01 -1.500000e+02
      vertex   -1.113591e+01 -2.069399e+01 -1.500000e+02
    endloop
  endfacet
  facet normal 0.000000e+00 0.000000e+00 -1.000000e+00
    outer loop
      vertex   -1.113591e+01 -2.069399e+01 -1.500000e+02
      vertex   -9.925458e+00 -1.850396e+01 -1.500000e+02
      vertex   -9.236088e+00 -2.160890e+01 -1.500000e+02
    endloop
  endfacet
  facet normal 0.000000e+00 0.000000e+00 -1.000000e+00
    outer loop
      vertex   -9.236088e+00 -2.160890e+01 -1.500000e+02
      vertex   -9.925458e+00 -1.850396e+01 -1.500000e+02
      vertex   -8.149108e+00 -1.935208e+01 -1.500000e+02
    endloop
  endfacet
  facet normal 0.000000e+00 0.000000e+00 -1.000000e+00
    outer loop
      vertex   -9.236088e+00 -2.160890e+01 -1.500000e+02
      vertex   -8.149108e+00 -1.935208e+01 -1.500000e+02
      vertex   -7.261899e+00 -2.234983e+01 -1.500000e+02
    endloop
  endfacet
  facet normal 0.000000e+00 0.000000e+00 -1.000000e+00
    outer loop
      vertex   -7.261899e+00 -2.234983e+01 -1.500000e+02
      vertex   -8.149108e+00 -1.935208e+01 -1.500000e+02
      vertex   -6.301142e+00 -2.003015e+01 -1.500000e+02
    endloop
  endfacet
  facet normal 0.000000e+00 0.000000e+00 -1.000000e+00
    outer loop
      vertex   -7.261899e+00 -2.234983e+01 -1.500000e+02
      vertex   -6.301142e+00 -2.003015e+01 -1.500000e+02
      vertex   -5.229242e+00 -2.291081e+01 -1.500000e+02
    endloop
  endfacet
  facet normal 0.000000e+00 0.000000e+00 -1.000000e+00
    outer loop
      vertex   -5.229242e+00 -2.291081e+01 -1.500000e+02
      vertex   -6.301142e+00 -2.003015e+01 -1.500000e+02
      vertex   -4.397802e+00 -2.053218e+01 -1.500000e+02
    endloop
  endfacet
  facet normal 0.000000e+00 0.000000e+00 -1.000000e+00
    outer loop
      vertex   -5.229242e+00 -2.291081e+01 -1.500000e+02
      vertex   -4.397802e+00 -2.053218e+01 -1.500000e+02
      vertex   -3.154482e+00 -2.328732e+01 -1.500000e+02
    endloop
  endfacet
  facet normal 0.000000e+00 0.000000e+00 -1.000000e+00
    outer loop
      vertex   -3.154482e+00 -2.328732e+01 -1.500000e+02
      vertex   -4.397802e+00 -2.053218e+01 -1.500000e+02
      vertex   -2.455814e+00 -2.085378e+01 -1.500000e+02
    endloop
  endfacet
  facet normal 0.000000e+00 0.000000e+00 -1.000000e+00
    outer loop
      vertex   -3.154482e+00 -2.328732e+01 -1.500000e+02
      vertex   -2.455814e+00 -2.085378e+01 -1.500000e+02
      vertex   -1.054324e+00 -2.347634e+01 -1.500000e+02
    endloop
  endfacet
  facet normal 0.000000e+00 0.000000e+00 -1.000000e+00
    outer loop
      vertex   -1.054324e+00 -2.347634e+01 -1.500000e+02
      vertex   -2.455814e+00 -2.085378e+01 -1.500000e+02
      vertex   -4.922444e-01 -2.099211e+01 -1.500000e+02
    endloop
  endfacet
  facet normal 0.000000e+00 0.000000e+00 -1.000000e+00
    outer loop
      vertex   -1.054324e+00 -2.347634e+01 -1.500000e+02
      vertex   -4.922444e-01 -2.099211e+01 -1.500000e+02
      vertex   1.054324e+00 -2.347634e+01 -1.500000e+02
    endloop
  endfacet
  facet normal 0.000000e+00 0.000000e+00 -1.000000e+00
    outer loop
      vertex   1.054324e+00 -2.347634e+01 -1.500000e+02
      vertex   -4.922444e-01 -2.099211e+01 -1.500000e+02
      vertex   1.475651e+00 -2.094597e+01 -1.500000e+02
    endloop
  endfacet
  facet normal 0.000000e+00 0.000000e+00 -1.000000e+00
    outer loop
      vertex   1.054324e+00 -2.347634e+01 -1.500000e+02
      vertex   1.475651e+00 -2.094597e+01 -1.500000e+02
      vertex   3.154482e+00 -2.328732e+01 -1.500000e+02
    endloop
  endfacet
  facet normal 0.000000e+00 0.000000e+00 -1.000000e+00
    outer loop
      vertex   3.154482e+00 -2.328732e+01 -1.500000e+02
      vertex   1.475651e+00 -2.094597e+01 -1.500000e+02
      vertex   3.430579e+00 -2.071575e+01 -1.500000e+02
    endloop
  endfacet
  facet normal 0.000000e+00 0.000000e+00 -1.000000e+00
    outer loop
      vertex   3.154482e+00 -2.328732e+01 -1.500000e+02
      vertex   3.430579e+00 -2.071575e+01 -1.500000e+02
      vertex   5.229242e+00 -2.291081e+01 -1.500000e+02
    endloop
  endfacet
  facet normal 0.000000e+00 0.000000e+00 -1.000000e+00
    outer loop
      vertex   5.229242e+00 -2.291081e+01 -1.500000e+02
      vertex   3.430579e+00 -2.071575e+01 -1.500000e+02
      vertex   5.355358e+00 -2.030348e+01 -1.500000e+02
    endloop
  endfacet
  facet normal 0.000000e+00 0.000000e+00 -1.000000e+00
    outer loop
      vertex   5.229242e+00 -2.291081e+01 -1.500000e+02
      vertex   5.355358e+00 -2.030348e+01 -1.500000e+02
      vertex   7.261899e+00 -2.234983e+01 -1.500000e+02
    endloop
  endfacet
  facet normal 0.000000e+00 0.000000e+00 -1.000000e+00
    outer loop
      vertex   7.261899e+00 -2.234983e+01 -1.500000e+02
      vertex   5.355358e+00 -2.030348e+01 -1.500000e+02
      vertex   7.233075e+00 -1.971278e+01 -1.500000e+02
    endloop
  endfacet
  facet normal 0.000000e+00 0.000000e+00 -1.000000e+00
    outer loop
      vertex   7.261899e+00 -2.234983e+01 -1.500000e+02
      vertex   7.233075e+00 -1.971278e+01 -1.500000e+02
      vertex   9.236088e+00 -2.160890e+01 -1.500000e+02
    endloop
  endfacet
  facet normal 0.000000e+00 0.000000e+00 -1.000000e+00
    outer loop
      vertex   9.236088e+00 -2.160890e+01 -1.500000e+02
      vertex   7.233075e+00 -1.971278e+01 -1.500000e+02
      vertex   9.047227e+00 -1.894885e+01 -1.500000e+02
    endloop
  endfacet
  facet normal 0.000000e+00 0.000000e+00 -1.000000e+00
    outer loop
      vertex   9.236088e+00 -2.160890e+01 -1.500000e+02
      vertex   9.047227e+00 -1.894885e+01 -1.500000e+02
      vertex   1.113591e+01 -2.069399e+01 -1.500000e+02
    endloop
  endfacet
  facet normal 0.000000e+00 0.000000e+00 -1.000000e+00
    outer loop
      vertex   1.113591e+01 -2.069399e+01 -1.500000e+02
      vertex   9.047227e+00 -1.894885e+01 -1.500000e+02
      vertex   1.078187e+01 -1.801839e+01 -1.500000e+02
    endloop
  endfacet
  facet normal 0.000000e+00 0.000000e+00 -1.000000e+00
    outer loop
      vertex   1.113591e+01 -2.069399e+01 -1.500000e+02
      vertex   1.078187e+01 -1.801839e+01 -1.500000e+02
      vertex   1.294608e+01 -1.961247e+01 -1.500000e+02
    endloop
  endfacet
  facet normal 0.000000e+00 0.000000e+00 -1.000000e+00
    outer loop
      vertex   1.294608e+01 -1.961247e+01 -1.500000e+02
      vertex   1.078187e+01 -1.801839e+01 -1.500000e+02
      vertex   1.242176e+01 -1.692959e+01 -1.500000e+02
    endloop
  endfacet
  facet normal 0.000000e+00 0.000000e+00 -1.000000e+00
    outer loop
      vertex   1.294608e+01 -1.961247e+01 -1.500000e+02
      vertex   1.242176e+01 -1.692959e+01 -1.500000e+02
      vertex   1.465201e+01 -1.837304e+01 -1.500000e+02
    endloop
  endfacet
  facet normal 0.000000e+00 0.000000e+00 -1.000000e+00
    outer loop
      vertex   1.465201e+01 -1.837304e+01 -1.500000e+02
      vertex   1.242176e+01 -1.692959e+01 -1.500000e+02
      vertex   1.395249e+01 -1.569200e+01 -1.500000e+02
    endloop
  endfacet
  facet normal 0.000000e+00 0.000000e+00 -1.000000e+00
    outer loop
      vertex   1.465201e+01 -1.837304e+01 -1.500000e+02
      vertex   1.395249e+01 -1.569200e+01 -1.500000e+02
      vertex   1.623997e+01 -1.698568e+01 -1.500000e+02
    endloop
  endfacet
  facet normal 0.000000e+00 0.000000e+00 -1.000000e+00
    outer loop
      vertex   1.623997e+01 -1.698568e+01 -1.500000e+02
      vertex   1.395249e+01 -1.569200e+01 -1.500000e+02
      vertex   1.536061e+01 -1.431652e+01 -1.500000e+02
    endloop
  endfacet
  facet normal 0.000000e+00 0.000000e+00 -1.000000e+00
    outer loop
      vertex   1.623997e+01 -1.698568e+01 -1.500000e+02
      vertex   1.536061e+01 -1.431652e+01 -1.500000e+02
      vertex   1.769718e+01 -1.546156e+01 -1.500000e+02
    endloop
  endfacet
  facet normal 0.000000e+00 0.000000e+00 -1.000000e+00
    outer loop
      vertex   1.769718e+01 -1.546156e+01 -1.500000e+02
      vertex   1.536061e+01 -1.431652e+01 -1.500000e+02
      vertex   1.663374e+01 -1.281522e+01 -1.500000e+02
    endloop
  endfacet
  facet normal 0.000000e+00 0.000000e+00 -1.000000e+00
    outer loop
      vertex   1.769718e+01 -1.546156e+01 -1.500000e+02
      vertex   1.663374e+01 -1.281522e+01 -1.500000e+02
      vertex   1.901190e+01 -1.381295e+01 -1.500000e+02
    endloop
  endfacet
  facet normal 0.000000e+00 0.000000e+00 -1.000000e+00
    outer loop
      vertex   1.901190e+01 -1.381295e+01 -1.500000e+02
      vertex   1.663374e+01 -1.281522e+01 -1.500000e+02
      vertex   1.776068e+01 -1.120131e+01 -1.500000e+02
    endloop
  endfacet
  facet normal 0.000000e+00 0.000000e+00 -1.000000e+00
    outer loop
      vertex   1.901190e+01 -1.381295e+01 -1.500000e+02
      vertex   1.776068e+01 -1.120131e+01 -1.500000e+02
      vertex   2.017355e+01 -1.205313e+01 -1.500000e+02
    endloop
  endfacet
  facet normal 0.000000e+00 0.000000e+00 -1.000000e+00
    outer loop
      vertex   2.017355e+01 -1.205313e+01 -1.500000e+02
      vertex   1.776068e+01 -1.120131e+01 -1.500000e+02
      vertex   1.873155e+01 -9.488950e+00 -1.500000e+02
    endloop
  endfacet
  facet normal 0.000000e+00 0.000000e+00 -1.000000e+00
    outer loop
      vertex   2.017355e+01 -1.205313e+01 -1.500000e+02
      vertex   1.873155e+01 -9.488950e+00 -1.500000e+02
      vertex   2.117277e+01 -1.019627e+01 -1.500000e+02
    endloop
  endfacet
  facet normal 0.000000e+00 0.000000e+00 -1.000000e+00
    outer loop
      vertex   2.117277e+01 -1.019627e+01 -1.500000e+02
      vertex   1.873155e+01 -9.488950e+00 -1.500000e+02
      vertex   1.953780e+01 -7.693206e+00 -1.500000e+02
    endloop
  endfacet
  facet normal 0.000000e+00 0.000000e+00 -1.000000e+00
    outer loop
      vertex   2.117277e+01 -1.019627e+01 -1.500000e+02
      vertex   1.953780e+01 -7.693206e+00 -1.500000e+02
      vertex   2.200152e+01 -8.257308e+00 -1.500000e+02
    endloop
  endfacet
  facet normal 0.000000e+00 0.000000e+00 -1.000000e+00
    outer loop
      vertex   2.200152e+01 -8.257308e+00 -1.500000e+02
      vertex   1.953780e+01 -7.693206e+00 -1.500000e+02
      vertex   2.017236e+01 -5.829853e+00 -1.500000e+02
    endloop
  endfacet
  facet normal 0.000000e+00 0.000000e+00 -1.000000e+00
    outer loop
      vertex   2.200152e+01 -8.257308e+00 -1.500000e+02
      vertex   2.017236e+01 -5.829853e+00 -1.500000e+02
      vertex   2.265313e+01 -6.251866e+00 -1.500000e+02
    endloop
  endfacet
  facet normal 0.000000e+00 0.000000e+00 -1.000000e+00
    outer loop
      vertex   2.265313e+01 -6.251866e+00 -1.500000e+02
      vertex   2.017236e+01 -5.829853e+00 -1.500000e+02
      vertex   2.062963e+01 -3.915267e+00 -1.500000e+02
    endloop
  endfacet
  facet normal 0.000000e+00 0.000000e+00 -1.000000e+00
    outer loop
      vertex   2.265313e+01 -6.251866e+00 -1.500000e+02
      vertex   2.062963e+01 -3.915267e+00 -1.500000e+02
      vertex   2.312235e+01 -4.196087e+00 -1.500000e+02
    endloop
  endfacet
  facet normal 0.000000e+00 0.000000e+00 -1.000000e+00
    outer loop
      vertex   2.312235e+01 -4.196087e+00 -1.500000e+02
      vertex   2.062963e+01 -3.915267e+00 -1.500000e+02
      vertex   2.090562e+01 -1.966273e+00 -1.500000e+02
    endloop
  endfacet
  facet normal 0.000000e+00 0.000000e+00 -1.000000e+00
    outer loop
      vertex   2.312235e+01 -4.196087e+00 -1.500000e+02
      vertex   2.090562e+01 -1.966273e+00 -1.500000e+02
      vertex   2.340540e+01 -2.106524e+00 -1.500000e+02
    endloop
  endfacet
  facet normal 0.000000e+00 0.000000e+00 -1.000000e+00
    outer loop
      vertex   2.340540e+01 -2.106524e+00 -1.500000e+02
      vertex   2.090562e+01 -1.966273e+00 -1.500000e+02
      vertex   2.099788e+01 -1.869393e-15 -1.500000e+02
    endloop
  endfacet
  facet normal 7.084834e-01 -2.947714e-01 -6.412185e-01
    outer loop
      vertex   5.397160e+01 -1.497176e+01 -1.400000e+02
      vertex   5.000000e+01 -1.598258e+01 -1.439236e+02
      vertex   5.500000e+01 -1.250000e+01 -1.400000e+02
    endloop
  endfacet
  facet normal 7.057376e-01 -2.800773e-01 -6.507620e-01
    outer loop
      vertex   5.500000e+01 -1.250000e+01 -1.400000e+02
      vertex   5.000000e+01 -1.598258e+01 -1.439236e+02
      vertex   5.000000e+01 -1.364980e+01 -1.449275e+02
    endloop
  endfacet
  facet normal 7.083364e-01 -2.479354e-01 -6.608991e-01
    outer loop
      vertex   5.500000e+01 -1.250000e+01 -1.400000e+02
      vertex   5.000000e+01 -1.364980e+01 -1.449275e+02
      vertex   5.500000e+01 -1.031625e+01 -1.408192e+02
    endloop
  endfacet
  facet normal 7.058651e-01 -2.353458e-01 -6.681068e-01
    outer loop
      vertex   5.500000e+01 -1.031625e+01 -1.408192e+02
      vertex   5.000000e+01 -1.364980e+01 -1.449275e+02
      vertex   5.000000e+01 -1.125442e+01 -1.457713e+02
    endloop
  endfacet
  facet normal 7.081692e-01 -1.999457e-01 -6.771397e-01
    outer loop
      vertex   5.500000e+01 -1.031625e+01 -1.408192e+02
      vertex   5.000000e+01 -1.125442e+01 -1.457713e+02
      vertex   5.500000e+01 -8.079377e+00 -1.414797e+02
    endloop
  endfacet
  facet normal 7.060304e-01 -1.895411e-01 -6.823454e-01
    outer loop
      vertex   5.500000e+01 -8.079377e+00 -1.414797e+02
      vertex   5.000000e+01 -1.125442e+01 -1.457713e+02
      vertex   5.000000e+01 -8.807426e+00 -1.464511e+02
    endloop
  endfacet
  facet normal 7.079586e-01 -1.509125e-01 -6.899420e-01
    outer loop
      vertex   5.500000e+01 -8.079377e+00 -1.414797e+02
      vertex   5.000000e+01 -8.807426e+00 -1.464511e+02
      vertex   5.500000e+01 -5.800890e+00 -1.419781e+02
    endloop
  endfacet
  facet normal 7.062332e-01 -1.428810e-01 -6.934117e-01
    outer loop
      vertex   5.500000e+01 -5.800890e+00 -1.419781e+02
      vertex   5.000000e+01 -8.807426e+00 -1.464511e+02
      vertex   5.000000e+01 -6.320032e+00 -1.469636e+02
    endloop
  endfacet
  facet normal 7.077047e-01 -1.010786e-01 -6.992404e-01
    outer loop
      vertex   5.500000e+01 -5.800890e+00 -1.419781e+02
      vertex   5.000000e+01 -6.320032e+00 -1.469636e+02
      vertex   5.500000e+01 -3.492528e+00 -1.423118e+02
    endloop
  endfacet
  facet normal 7.064735e-01 -9.558723e-02 -7.012548e-01
    outer loop
      vertex   5.500000e+01 -3.492528e+00 -1.423118e+02
      vertex   5.000000e+01 -6.320032e+00 -1.469636e+02
      vertex   5.000000e+01 -3.803651e+00 -1.473066e+02
    endloop
  endfacet
  facet normal 7.074072e-01 -5.069114e-02 -7.049861e-01
    outer loop
      vertex   5.500000e+01 -3.492528e+00 -1.423118e+02
      vertex   5.000000e+01 -3.803651e+00 -1.473066e+02
      vertex   5.500000e+01 -1.166178e+00 -1.424791e+02
    endloop
  endfacet
  facet normal 7.067511e-01 -4.788470e-02 -7.058398e-01
    outer loop
      vertex   5.500000e+01 -1.166178e+00 -1.424791e+02
      vertex   5.000000e+01 -3.803651e+00 -1.473066e+02
      vertex   5.000000e+01 -1.269825e+00 -1.474785e+02
    endloop
  endfacet
  facet normal 7.070660e-01 0.000000e+00 -7.071475e-01
    outer loop
      vertex   5.500000e+01 -1.166178e+00 -1.424791e+02
      vertex   5.000000e+01 -1.269825e+00 -1.474785e+02
      vertex   5.000000e+01 1.269825e+00 -1.474785e+02
    endloop
  endfacet
  facet normal 7.053754e-01 -3.236466e-01 -6.306334e-01
    outer loop
      vertex   5.000000e+01 -1.598258e+01 -1.439236e+02
      vertex   5.397160e+01 -1.497176e+01 -1.400000e+02
      vertex   5.000000e+01 -1.824205e+01 -1.427640e+02
    endloop
  endfacet
  facet normal 7.087235e-01 -3.367699e-01 -6.199170e-01
    outer loop
      vertex   5.000000e+01 -1.824205e+01 -1.427640e+02
      vertex   5.397160e+01 -1.497176e+01 -1.400000e+02
      vertex   5.279293e+01 -1.745225e+01 -1.400000e+02
    endloop
  endfacet
  facet normal 7.048688e-01 -3.658487e-01 -6.077127e-01
    outer loop
      vertex   5.000000e+01 -1.824205e+01 -1.427640e+02
      vertex   5.279293e+01 -1.745225e+01 -1.400000e+02
      vertex   5.000000e+01 -2.041785e+01 -1.414541e+02
    endloop
  endfacet
  facet normal 7.090747e-01 -3.749841e-01 -5.971599e-01
    outer loop
      vertex   5.000000e+01 -2.041785e+01 -1.414541e+02
      vertex   5.279293e+01 -1.745225e+01 -1.400000e+02
      vertex   5.146837e+01 -1.995692e+01 -1.400000e+02
    endloop
  endfacet
  facet normal 7.041304e-01 -4.065625e-01 -5.821574e-01
    outer loop
      vertex   5.000000e+01 -2.041785e+01 -1.414541e+02
      vertex   5.146837e+01 -1.995692e+01 -1.400000e+02
      vertex   5.000000e+01 -2.250000e+01 -1.400000e+02
    endloop
  endfacet
  facet normal 7.070660e-01 0.000000e+00 -7.071475e-01
    outer loop
      vertex   5.500000e+01 -1.166178e+00 -1.424791e+02
      vertex   5.000000e+01 1.269825e+00 -1.474785e+02
      vertex   5.500000e+01 1.166178e+00 -1.424791e+02
    endloop
  endfacet
  facet normal 7.067511e-01 4.788470e-02 -7.058398e-01
    outer loop
      vertex   5.500000e+01 1.166178e+00 -1.424791e+02
      vertex   5.000000e+01 1.269825e+00 -1.474785e+02
      vertex   5.000000e+01 3.803651e+00 -1.473066e+02
    endloop
  endfacet
  facet normal 7.074072e-01 5.069114e-02 -7.049861e-01
    outer loop
      vertex   5.500000e+01 1.166178e+00 -1.424791e+02
      vertex   5.000000e+01 3.803651e+00 -1.473066e+02
      vertex   5.500000e+01 3.492528e+00 -1.423118e+02
    endloop
  endfacet
  facet normal 7.064735e-01 9.558723e-02 -7.012548e-01
    outer loop
      vertex   5.500000e+01 3.492528e+00 -1.423118e+02
      vertex   5.000000e+01 3.803651e+00 -1.473066e+02
      vertex   5.000000e+01 6.320032e+00 -1.469636e+02
    endloop
  endfacet
  facet normal 7.077047e-01 1.010786e-01 -6.992404e-01
    outer loop
      vertex   5.500000e+01 3.492528e+00 -1.423118e+02
      vertex   5.000000e+01 6.320032e+00 -1.469636e+02
      vertex   5.500000e+01 5.800890e+00 -1.419781e+02
    endloop
  endfacet
  facet normal 7.062332e-01 1.428810e-01 -6.934117e-01
    outer loop
      vertex   5.500000e+01 5.800890e+00 -1.419781e+02
      vertex   5.000000e+01 6.320032e+00 -1.469636e+02
      vertex   5.000000e+01 8.807426e+00 -1.464511e+02
    endloop
  endfacet
  facet normal 7.079586e-01 1.509125e-01 -6.899420e-01
    outer loop
      vertex   5.500000e+01 5.800890e+00 -1.419781e+02
      vertex   5.000000e+01 8.807426e+00 -1.464511e+02
      vertex   5.500000e+01 8.079377e+00 -1.414797e+02
    endloop
  endfacet
  facet normal 7.060304e-01 1.895411e-01 -6.823454e-01
    outer loop
      vertex   5.500000e+01 8.079377e+00 -1.414797e+02
      vertex   5.000000e+01 8.807426e+00 -1.464511e+02
      vertex   5.000000e+01 1.125442e+01 -1.457713e+02
    endloop
  endfacet
  facet normal 7.081692e-01 1.999457e-01 -6.771397e-01
    outer loop
      vertex   5.500000e+01 8.079377e+00 -1.414797e+02
      vertex   5.000000e+01 1.125442e+01 -1.457713e+02
      vertex   5.500000e+01 1.031625e+01 -1.408192e+02
    endloop
  endfacet
  facet normal 7.058651e-01 2.353458e-01 -6.681068e-01
    outer loop
      vertex   5.500000e+01 1.031625e+01 -1.408192e+02
      vertex   5.000000e+01 1.125442e+01 -1.457713e+02
      vertex   5.000000e+01 1.364980e+01 -1.449275e+02
    endloop
  endfacet
  facet normal 7.083364e-01 2.479354e-01 -6.608991e-01
    outer loop
      vertex   5.500000e+01 1.031625e+01 -1.408192e+02
      vertex   5.000000e+01 1.364980e+01 -1.449275e+02
      vertex   5.500000e+01 1.250000e+01 -1.400000e+02
    endloop
  endfacet
  facet normal 7.057376e-01 2.800773e-01 -6.507620e-01
    outer loop
      vertex   5.500000e+01 1.250000e+01 -1.400000e+02
      vertex   5.000000e+01 1.364980e+01 -1.449275e+02
      vertex   5.000000e+01 1.598258e+01 -1.439236e+02
    endloop
  endfacet
  facet normal 7.084834e-01 2.947714e-01 -6.412185e-01
    outer loop
      vertex   5.500000e+01 1.250000e+01 -1.400000e+02
      vertex   5.000000e+01 1.598258e+01 -1.439236e+02
      vertex   5.397160e+01 1.497176e+01 -1.400000e+02
    endloop
  endfacet
  facet normal 7.053754e-01 3.236466e-01 -6.306334e-01
    outer loop
      vertex   5.397160e+01 1.497176e+01 -1.400000e+02
      vertex   5.000000e+01 1.598258e+01 -1.439236e+02
      vertex   5.000000e+01 1.824205e+01 -1.427640e+02
    endloop
  endfacet
  facet normal 7.087235e-01 3.367699e-01 -6.199170e-01
    outer loop
      vertex   5.397160e+01 1.497176e+01 -1.400000e+02
      vertex   5.000000e+01 1.824205e+01 -1.427640e+02
      vertex   5.279293e+01 1.745225e+01 -1.400000e+02
    endloop
  endfacet
  facet normal 7.048688e-01 3.658487e-01 -6.077127e-01
    outer loop
      vertex   5.279293e+01 1.745225e+01 -1.400000e+02
      vertex   5.000000e+01 1.824205e+01 -1.427640e+02
      vertex   5.000000e+01 2.041785e+01 -1.414541e+02
    endloop
  endfacet
  facet normal 7.090747e-01 3.749841e-01 -5.971599e-01
    outer loop
      vertex   5.279293e+01 1.745225e+01 -1.400000e+02
      vertex   5.000000e+01 2.041785e+01 -1.414541e+02
      vertex   5.146837e+01 1.995692e+01 -1.400000e+02
    endloop
  endfacet
  facet normal 7.041304e-01 4.065625e-01 -5.821574e-01
    outer loop
      vertex   5.146837e+01 1.995692e+01 -1.400000e+02
      vertex   5.000000e+01 2.041785e+01 -1.414541e+02
      vertex   5.000000e+01 2.250000e+01 -1.400000e+02
    endloop
  endfacet
  facet normal -1.511568e-15 5.844216e-01 -8.114502e-01
    outer loop
      vertex   4.313202e+01 2.250000e+01 -1.400000e+02
      vertex   5.000000e+01 2.250000e+01 -1.400000e+02
      vertex   4.372564e+01 2.132345e+01 -1.408474e+02
    endloop
  endfacet
  facet normal 3.358636e-03 5.725631e-01 -8.198538e-01
    outer loop
      vertex   4.372564e+01 2.132345e+01 -1.408474e+02
      vertex   5.000000e+01 2.250000e+01 -1.400000e+02
      vertex   5.000000e+01 2.041785e+01 -1.414541e+02
    endloop
  endfacet
  facet normal -9.556162e-04 5.520313e-01 -8.338228e-01
    outer loop
      vertex   4.372564e+01 2.132345e+01 -1.408474e+02
      vertex   5.000000e+01 2.041785e+01 -1.414541e+02
      vertex   4.430032e+01 2.010191e+01 -1.416567e+02
    endloop
  endfacet
  facet normal 1.572020e-03 5.196244e-01 -8.543934e-01
    outer loop
      vertex   4.430032e+01 2.010191e+01 -1.416567e+02
      vertex   5.000000e+01 2.041785e+01 -1.414541e+02
      vertex   4.485216e+01 1.883778e+01 -1.424246e+02
    endloop
  endfacet
  facet normal 3.198779e-03 5.157584e-01 -8.567281e-01
    outer loop
      vertex   4.485216e+01 1.883778e+01 -1.424246e+02
      vertex   5.000000e+01 2.041785e+01 -1.414541e+02
      vertex   5.000000e+01 1.824205e+01 -1.427640e+02
    endloop
  endfacet
  facet normal -1.603595e-03 4.845385e-01 -8.747685e-01
    outer loop
      vertex   4.485216e+01 1.883778e+01 -1.424246e+02
      vertex   5.000000e+01 1.824205e+01 -1.427640e+02
      vertex   4.537769e+01 1.753396e+01 -1.431477e+02
    endloop
  endfacet
  facet normal 3.915415e-03 4.565866e-01 -8.896703e-01
    outer loop
      vertex   4.537769e+01 1.753396e+01 -1.431477e+02
      vertex   5.000000e+01 1.824205e+01 -1.427640e+02
      vertex   5.000000e+01 1.598258e+01 -1.439236e+02
    endloop
  endfacet
  facet normal 1.278442e-03 4.503265e-01 -8.928630e-01
    outer loop
      vertex   4.537769e+01 1.753396e+01 -1.431477e+02
      vertex   5.000000e+01 1.598258e+01 -1.439236e+02
      vertex   4.587343e+01 1.619340e+01 -1.438231e+02
    endloop
  endfacet
  facet normal -1.035246e-03 4.134528e-01 -9.105250e-01
    outer loop
      vertex   4.587343e+01 1.619340e+01 -1.438231e+02
      vertex   5.000000e+01 1.598258e+01 -1.439236e+02
      vertex   4.633592e+01 1.481903e+01 -1.444477e+02
    endloop
  endfacet
  facet normal 5.868008e-03 3.953183e-01 -9.185255e-01
    outer loop
      vertex   4.633592e+01 1.481903e+01 -1.444477e+02
      vertex   5.000000e+01 1.598258e+01 -1.439236e+02
      vertex   5.000000e+01 1.364980e+01 -1.449275e+02
    endloop
  endfacet
  facet normal -1.347357e-03 3.760241e-01 -9.266089e-01
    outer loop
      vertex   4.633592e+01 1.481903e+01 -1.444477e+02
      vertex   5.000000e+01 1.364980e+01 -1.449275e+02
      vertex   4.676195e+01 1.341339e+01 -1.450188e+02
    endloop
  endfacet
  facet normal 1.767411e-03 3.388531e-01 -9.408376e-01
    outer loop
      vertex   4.676195e+01 1.341339e+01 -1.450188e+02
      vertex   5.000000e+01 1.364980e+01 -1.449275e+02
      vertex   4.714929e+01 1.197957e+01 -1.455344e+02
    endloop
  endfacet
  facet normal 6.139248e-03 3.322406e-01 -9.431747e-01
    outer loop
      vertex   4.714929e+01 1.197957e+01 -1.455344e+02
      vertex   5.000000e+01 1.364980e+01 -1.449275e+02
      vertex   5.000000e+01 1.125442e+01 -1.457713e+02
    endloop
  endfacet
  facet normal -3.128311e-03 2.993854e-01 -9.541271e-01
    outer loop
      vertex   4.714929e+01 1.197957e+01 -1.455344e+02
      vertex   5.000000e+01 1.125442e+01 -1.457713e+02
      vertex   4.749587e+01 1.052164e+01 -1.459930e+02
    endloop
  endfacet
  facet normal 6.991197e-03 2.676383e-01 -9.634941e-01
    outer loop
      vertex   4.749587e+01 1.052164e+01 -1.459930e+02
      vertex   5.000000e+01 1.125442e+01 -1.457713e+02
      vertex   5.000000e+01 8.807426e+00 -1.464511e+02
    endloop
  endfacet
  facet normal 2.565037e-03 2.616197e-01 -9.651676e-01
    outer loop
      vertex   4.749587e+01 1.052164e+01 -1.459930e+02
      vertex   5.000000e+01 8.807426e+00 -1.464511e+02
      vertex   4.779963e+01 9.043719e+00 -1.463929e+02
    endloop
  endfacet
  facet normal -2.048462e-03 2.211395e-01 -9.752400e-01
    outer loop
      vertex   4.779963e+01 9.043719e+00 -1.463929e+02
      vertex   5.000000e+01 8.807426e+00 -1.464511e+02
      vertex   4.805851e+01 7.549893e+00 -1.467321e+02
    endloop
  endfacet
  facet normal 1.107320e-02 2.018028e-01 -9.793636e-01
    outer loop
      vertex   4.805851e+01 7.549893e+00 -1.467321e+02
      vertex   5.000000e+01 8.807426e+00 -1.464511e+02
      vertex   5.000000e+01 6.320032e+00 -1.469636e+02
    endloop
  endfacet
  facet normal -2.766633e-03 1.807385e-01 -9.835273e-01
    outer loop
      vertex   4.805851e+01 7.549893e+00 -1.467321e+02
      vertex   5.000000e+01 6.320032e+00 -1.469636e+02
      vertex   4.827070e+01 6.044350e+00 -1.470094e+02
    endloop
  endfacet
  facet normal 3.708731e-03 1.411909e-01 -9.899754e-01
    outer loop
      vertex   4.827070e+01 6.044350e+00 -1.470094e+02
      vertex   5.000000e+01 6.320032e+00 -1.469636e+02
      vertex   4.843574e+01 4.531757e+00 -1.472245e+02
    endloop
  endfacet
  facet normal 1.086089e-02 1.350519e-01 -9.907790e-01
    outer loop
      vertex   4.843574e+01 4.531757e+00 -1.472245e+02
      vertex   5.000000e+01 6.320032e+00 -1.469636e+02
      vertex   5.000000e+01 3.803651e+00 -1.473066e+02
    endloop
  endfacet
  facet normal -5.564896e-03 1.002329e-01 -9.949484e-01
    outer loop
      vertex   4.843574e+01 4.531757e+00 -1.472245e+02
      vertex   5.000000e+01 3.803651e+00 -1.473066e+02
      vertex   4.855362e+01 3.016947e+00 -1.473778e+02
    endloop
  endfacet
  facet normal 1.227301e-02 6.768007e-02 -9.976316e-01
    outer loop
      vertex   4.855362e+01 3.016947e+00 -1.473778e+02
      vertex   5.000000e+01 3.803651e+00 -1.473066e+02
      vertex   5.000000e+01 1.269825e+00 -1.474785e+02
    endloop
  endfacet
  facet normal 3.838945e-03 6.072753e-02 -9.981470e-01
    outer loop
      vertex   4.855362e+01 3.016947e+00 -1.473778e+02
      vertex   5.000000e+01 1.269825e+00 -1.474785e+02
      vertex   4.862435e+01 1.504751e+00 -1.474695e+02
    endloop
  endfacet
  facet normal -3.089209e-03 2.022160e-02 -9.997907e-01
    outer loop
      vertex   4.862435e+01 1.504751e+00 -1.474695e+02
      vertex   5.000000e+01 1.269825e+00 -1.474785e+02
      vertex   4.864793e+01 3.006854e-14 -1.475000e+02
    endloop
  endfacet
  facet normal 1.590368e-02 0.000000e+00 -9.998735e-01
    outer loop
      vertex   4.864793e+01 3.006854e-14 -1.475000e+02
      vertex   5.000000e+01 1.269825e+00 -1.474785e+02
      vertex   5.000000e+01 -1.269825e+00 -1.474785e+02
    endloop
  endfacet
  facet normal -3.089209e-03 -2.022160e-02 -9.997907e-01
    outer loop
      vertex   4.864793e+01 3.006854e-14 -1.475000e+02
      vertex   5.000000e+01 -1.269825e+00 -1.474785e+02
      vertex   4.862435e+01 -1.504751e+00 -1.474695e+02
    endloop
  endfacet
  facet normal 3.838945e-03 -6.072753e-02 -9.981470e-01
    outer loop
      vertex   4.862435e+01 -1.504751e+00 -1.474695e+02
      vertex   5.000000e+01 -1.269825e+00 -1.474785e+02
      vertex   4.855362e+01 -3.016947e+00 -1.473778e+02
    endloop
  endfacet
  facet normal 1.227301e-02 -6.768007e-02 -9.976316e-01
    outer loop
      vertex   4.855362e+01 -3.016947e+00 -1.473778e+02
      vertex   5.000000e+01 -1.269825e+00 -1.474785e+02
      vertex   5.000000e+01 -3.803651e+00 -1.473066e+02
    endloop
  endfacet
  facet normal -5.564896e-03 -1.002329e-01 -9.949484e-01
    outer loop
      vertex   4.855362e+01 -3.016947e+00 -1.473778e+02
      vertex   5.000000e+01 -3.803651e+00 -1.473066e+02
      vertex   4.843574e+01 -4.531757e+00 -1.472245e+02
    endloop
  endfacet
  facet normal 1.086089e-02 -1.350519e-01 -9.907790e-01
    outer loop
      vertex   4.843574e+01 -4.531757e+00 -1.472245e+02
      vertex   5.000000e+01 -3.803651e+00 -1.473066e+02
      vertex   5.000000e+01 -6.320032e+00 -1.469636e+02
    endloop
  endfacet
  facet normal 3.708731e-03 -1.411909e-01 -9.899754e-01
    outer loop
      vertex   4.843574e+01 -4.531757e+00 -1.472245e+02
      vertex   5.000000e+01 -6.320032e+00 -1.469636e+02
      vertex   4.827070e+01 -6.044350e+00 -1.470094e+02
    endloop
  endfacet
  facet normal -2.766633e-03 -1.807385e-01 -9.835273e-01
    outer loop
      vertex   4.827070e+01 -6.044350e+00 -1.470094e+02
      vertex   5.000000e+01 -6.320032e+00 -1.469636e+02
      vertex   4.805851e+01 -7.549893e+00 -1.467321e+02
    endloop
  endfacet
  facet normal 1.107320e-02 -2.018028e-01 -9.793636e-01
    outer loop
      vertex   4.805851e+01 -7.549893e+00 -1.467321e+02
      vertex   5.000000e+01 -6.320032e+00 -1.469636e+02
      vertex   5.000000e+01 -8.807426e+00 -1.464511e+02
    endloop
  endfacet
  facet normal -2.048462e-03 -2.211395e-01 -9.752400e-01
    outer loop
      vertex   4.805851e+01 -7.549893e+00 -1.467321e+02
      vertex   5.000000e+01 -8.807426e+00 -1.464511e+02
      vertex   4.779963e+01 -9.043719e+00 -1.463929e+02
    endloop
  endfacet
  facet normal 2.565037e-03 -2.616197e-01 -9.651676e-01
    outer loop
      vertex   4.779963e+01 -9.043719e+00 -1.463929e+02
      vertex   5.000000e+01 -8.807426e+00 -1.464511e+02
      vertex   4.749587e+01 -1.052164e+01 -1.459930e+02
    endloop
  endfacet
  facet normal 6.991197e-03 -2.676383e-01 -9.634941e-01
    outer loop
      vertex   4.749587e+01 -1.052164e+01 -1.459930e+02
      vertex   5.000000e+01 -8.807426e+00 -1.464511e+02
      vertex   5.000000e+01 -1.125442e+01 -1.457713e+02
    endloop
  endfacet
  facet normal -3.128311e-03 -2.993854e-01 -9.541271e-01
    outer loop
      vertex   4.749587e+01 -1.052164e+01 -1.459930e+02
      vertex   5.000000e+01 -1.125442e+01 -1.457713e+02
      vertex   4.714929e+01 -1.197957e+01 -1.455344e+02
    endloop
  endfacet
  facet normal 6.139248e-03 -3.322406e-01 -9.431747e-01
    outer loop
      vertex   4.714929e+01 -1.197957e+01 -1.455344e+02
      vertex   5.000000e+01 -1.125442e+01 -1.457713e+02
      vertex   5.000000e+01 -1.364980e+01 -1.449275e+02
    endloop
  endfacet
  facet normal 1.767411e-03 -3.388531e-01 -9.408376e-01
    outer loop
      vertex   4.714929e+01 -1.197957e+01 -1.455344e+02
      vertex   5.000000e+01 -1.364980e+01 -1.449275e+02
      vertex   4.676195e+01 -1.341339e+01 -1.450188e+02
    endloop
  endfacet
  facet normal -1.347357e-03 -3.760241e-01 -9.266089e-01
    outer loop
      vertex   4.676195e+01 -1.341339e+01 -1.450188e+02
      vertex   5.000000e+01 -1.364980e+01 -1.449275e+02
      vertex   4.633592e+01 -1.481903e+01 -1.444477e+02
    endloop
  endfacet
  facet normal 5.868008e-03 -3.953183e-01 -9.185255e-01
    outer loop
      vertex   4.633592e+01 -1.481903e+01 -1.444477e+02
      vertex   5.000000e+01 -1.364980e+01 -1.449275e+02
      vertex   5.000000e+01 -1.598258e+01 -1.439236e+02
    endloop
  endfacet
  facet normal -1.035246e-03 -4.134528e-01 -9.105250e-01
    outer loop
      vertex   4.633592e+01 -1.481903e+01 -1.444477e+02
      vertex   5.000000e+01 -1.598258e+01 -1.439236e+02
      vertex   4.587343e+01 -1.619340e+01 -1.438231e+02
    endloop
  endfacet
  facet normal 1.278442e-03 -4.503265e-01 -8.928630e-01
    outer loop
      vertex   4.587343e+01 -1.619340e+01 -1.438231e+02
      vertex   5.000000e+01 -1.598258e+01 -1.439236e+02
      vertex   4.537769e+01 -1.753396e+01 -1.431477e+02
    endloop
  endfacet
  facet normal 3.915415e-03 -4.565866e-01 -8.896703e-01
    outer loop
      vertex   4.537769e+01 -1.753396e+01 -1.431477e+02
      vertex   5.000000e+01 -1.598258e+01 -1.439236e+02
      vertex   5.000000e+01 -1.824205e+01 -1.427640e+02
    endloop
  endfacet
  facet normal -1.603595e-03 -4.845385e-01 -8.747685e-01
    outer loop
      vertex   4.537769e+01 -1.753396e+01 -1.431477e+02
      vertex   5.000000e+01 -1.824205e+01 -1.427640e+02
      vertex   4.485216e+01 -1.883778e+01 -1.424246e+02
    endloop
  endfacet
  facet normal 3.198779e-03 -5.157584e-01 -8.567281e-01
    outer loop
      vertex   4.485216e+01 -1.883778e+01 -1.424246e+02
      vertex   5.000000e+01 -1.824205e+01 -1.427640e+02
      vertex   5.000000e+01 -2.041785e+01 -1.414541e+02
    endloop
  endfacet
  facet normal 1.572020e-03 -5.196244e-01 -8.543934e-01
    outer loop
      vertex   4.485216e+01 -1.883778e+01 -1.424246e+02
      vertex   5.000000e+01 -2.041785e+01 -1.414541e+02
      vertex   4.430032e+01 -2.010191e+01 -1.416567e+02
    endloop
  endfacet
  facet normal -9.556162e-04 -5.520313e-01 -8.338228e-01
    outer loop
      vertex   4.430032e+01 -2.010191e+01 -1.416567e+02
      vertex   5.000000e+01 -2.041785e+01 -1.414541e+02
      vertex   4.372564e+01 -2.132345e+01 -1.408474e+02
    endloop
  endfacet
  facet normal 3.358636e-03 -5.725631e-01 -8.198538e-01
    outer loop
      vertex   4.372564e+01 -2.132345e+01 -1.408474e+02
      vertex   5.000000e+01 -2.041785e+01 -1.414541e+02
      vertex   5.000000e+01 -2.250000e+01 -1.400000e+02
    endloop
  endfacet
  facet normal -6.131880e-16 -5.844216e-01 -8.114502e-01
    outer loop
      vertex   4.372564e+01 -2.132345e+01 -1.408474e+02
      vertex   5.000000e+01 -2.250000e+01 -1.400000e+02
      vertex   4.313202e+01 -2.250000e+01 -1.400000e+02
    endloop
  endfacet
  facet normal -7.041304e-01 -4.065625e-01 -5.821574e-01
    outer loop
      vertex   -5.000000e+01 -2.250000e+01 -1.400000e+02
      vertex   -5.146837e+01 -1.995692e+01 -1.400000e+02
      vertex   -5.000000e+01 -2.041785e+01 -1.414541e+02
    endloop
  endfacet
  facet normal -7.090747e-01 -3.749841e-01 -5.971599e-01
    outer loop
      vertex   -5.000000e+01 -2.041785e+01 -1.414541e+02
      vertex   -5.146837e+01 -1.995692e+01 -1.400000e+02
      vertex   -5.279293e+01 -1.745225e+01 -1.400000e+02
    endloop
  endfacet
  facet normal -7.048688e-01 -3.658487e-01 -6.077127e-01
    outer loop
      vertex   -5.000000e+01 -2.041785e+01 -1.414541e+02
      vertex   -5.279293e+01 -1.745225e+01 -1.400000e+02
      vertex   -5.000000e+01 -1.824205e+01 -1.427640e+02
    endloop
  endfacet
  facet normal -7.087235e-01 -3.367699e-01 -6.199170e-01
    outer loop
      vertex   -5.000000e+01 -1.824205e+01 -1.427640e+02
      vertex   -5.279293e+01 -1.745225e+01 -1.400000e+02
      vertex   -5.397160e+01 -1.497176e+01 -1.400000e+02
    endloop
  endfacet
  facet normal -7.053754e-01 -3.236466e-01 -6.306334e-01
    outer loop
      vertex   -5.000000e+01 -1.824205e+01 -1.427640e+02
      vertex   -5.397160e+01 -1.497176e+01 -1.400000e+02
      vertex   -5.000000e+01 -1.598258e+01 -1.439236e+02
    endloop
  endfacet
  facet normal -7.084834e-01 -2.947714e-01 -6.412185e-01
    outer loop
      vertex   -5.000000e+01 -1.598258e+01 -1.439236e+02
      vertex   -5.397160e+01 -1.497176e+01 -1.400000e+02
      vertex   -5.500000e+01 -1.250000e+01 -1.400000e+02
    endloop
  endfacet
  facet normal -7.057376e-01 -2.800773e-01 -6.507620e-01
    outer loop
      vertex   -5.000000e+01 -1.598258e+01 -1.439236e+02
      vertex   -5.500000e+01 -1.250000e+01 -1.400000e+02
      vertex   -5.000000e+01 -1.364980e+01 -1.449275e+02
    endloop
  endfacet
  facet normal -7.083364e-01 -2.479354e-01 -6.608991e-01
    outer loop
      vertex   -5.000000e+01 -1.364980e+01 -1.449275e+02
      vertex   -5.500000e+01 -1.250000e+01 -1.400000e+02
      vertex   -5.500000e+01 -1.031625e+01 -1.408192e+02
    endloop
  endfacet
  facet normal -7.058651e-01 -2.353458e-01 -6.681068e-01
    outer loop
      vertex   -5.000000e+01 -1.364980e+01 -1.449275e+02
      vertex   -5.500000e+01 -1.031625e+01 -1.408192e+02
      vertex   -5.000000e+01 -1.125442e+01 -1.457713e+02
    endloop
  endfacet
  facet normal -7.081692e-01 -1.999457e-01 -6.771397e-01
    outer loop
      vertex   -5.000000e+01 -1.125442e+01 -1.457713e+02
      vertex   -5.500000e+01 -1.031625e+01 -1.408192e+02
      vertex   -5.500000e+01 -8.079377e+00 -1.414797e+02
    endloop
  endfacet
  facet normal -7.060304e-01 -1.895411e-01 -6.823454e-01
    outer loop
      vertex   -5.000000e+01 -1.125442e+01 -1.457713e+02
      vertex   -5.500000e+01 -8.079377e+00 -1.414797e+02
      vertex   -5.000000e+01 -8.807426e+00 -1.464511e+02
    endloop
  endfacet
  facet normal -7.079586e-01 -1.509125e-01 -6.899420e-01
    outer loop
      vertex   -5.000000e+01 -8.807426e+00 -1.464511e+02
      vertex   -5.500000e+01 -8.079377e+00 -1.414797e+02
      vertex   -5.500000e+01 -5.800890e+00 -1.419781e+02
    endloop
  endfacet
  facet normal -7.062332e-01 -1.428810e-01 -6.934117e-01
    outer loop
      vertex   -5.000000e+01 -8.807426e+00 -1.464511e+02
      vertex   -5.500000e+01 -5.800890e+00 -1.419781e+02
      vertex   -5.000000e+01 -6.320032e+00 -1.469636e+02
    endloop
  endfacet
  facet normal -7.077047e-01 -1.010786e-01 -6.992404e-01
    outer loop
      vertex   -5.000000e+01 -6.320032e+00 -1.469636e+02
      vertex   -5.500000e+01 -5.800890e+00 -1.419781e+02
      vertex   -5.500000e+01 -3.492528e+00 -1.423118e+02
    endloop
  endfacet
  facet normal -7.064735e-01 -9.558723e-02 -7.012548e-01
    outer loop
      vertex   -5.000000e+01 -6.320032e+00 -1.469636e+02
      vertex   -5.500000e+01 -3.492528e+00 -1.423118e+02
      vertex   -5.000000e+01 -3.803651e+00 -1.473066e+02
    endloop
  endfacet
  facet normal -7.074072e-01 -5.069114e-02 -7.049861e-01
    outer loop
      vertex   -5.000000e+01 -3.803651e+00 -1.473066e+02
      vertex   -5.500000e+01 -3.492528e+00 -1.423118e+02
      vertex   -5.500000e+01 -1.166178e+00 -1.424791e+02
    endloop
  endfacet
  facet normal -7.067511e-01 -4.788470e-02 -7.058398e-01
    outer loop
      vertex   -5.000000e+01 -3.803651e+00 -1.473066e+02
      vertex   -5.500000e+01 -1.166178e+00 -1.424791e+02
      vertex   -5.000000e+01 -1.269825e+00 -1.474785e+02
    endloop
  endfacet
  facet normal -7.070660e-01 0.000000e+00 -7.071475e-01
    outer loop
      vertex   -5.000000e+01 -1.269825e+00 -1.474785e+02
      vertex   -5.500000e+01 -1.166178e+00 -1.424791e+02
      vertex   -5.500000e+01 1.166178e+00 -1.424791e+02
    endloop
  endfacet
  facet normal -7.070660e-01 0.000000e+00 -7.071475e-01
    outer loop
      vertex   -5.000000e+01 -1.269825e+00 -1.474785e+02
      vertex   -5.500000e+01 1.166178e+00 -1.424791e+02
      vertex   -5.000000e+01 1.269825e+00 -1.474785e+02
    endloop
  endfacet
  facet normal -7.067511e-01 4.788470e-02 -7.058398e-01
    outer loop
      vertex   -5.000000e+01 1.269825e+00 -1.474785e+02
      vertex   -5.500000e+01 1.166178e+00 -1.424791e+02
      vertex   -5.000000e+01 3.803651e+00 -1.473066e+02
    endloop
  endfacet
  facet normal -7.074072e-01 5.069114e-02 -7.049861e-01
    outer loop
      vertex   -5.000000e+01 3.803651e+00 -1.473066e+02
      vertex   -5.500000e+01 1.166178e+00 -1.424791e+02
      vertex   -5.500000e+01 3.492528e+00 -1.423118e+02
    endloop
  endfacet
  facet normal -7.064735e-01 9.558723e-02 -7.012548e-01
    outer loop
      vertex   -5.000000e+01 3.803651e+00 -1.473066e+02
      vertex   -5.500000e+01 3.492528e+00 -1.423118e+02
      vertex   -5.000000e+01 6.320032e+00 -1.469636e+02
    endloop
  endfacet
  facet normal -7.077047e-01 1.010786e-01 -6.992404e-01
    outer loop
      vertex   -5.000000e+01 6.320032e+00 -1.469636e+02
      vertex   -5.500000e+01 3.492528e+00 -1.423118e+02
      vertex   -5.500000e+01 5.800890e+00 -1.419781e+02
    endloop
  endfacet
  facet normal -7.062332e-01 1.428810e-01 -6.934117e-01
    outer loop
      vertex   -5.000000e+01 6.320032e+00 -1.469636e+02
      vertex   -5.500000e+01 5.800890e+00 -1.419781e+02
      vertex   -5.000000e+01 8.807426e+00 -1.464511e+02
    endloop
  endfacet
  facet normal -7.079586e-01 1.509125e-01 -6.899420e-01
    outer loop
      vertex   -5.000000e+01 8.807426e+00 -1.464511e+02
      vertex   -5.500000e+01 5.800890e+00 -1.419781e+02
      vertex   -5.500000e+01 8.079377e+00 -1.414797e+02
    endloop
  endfacet
  facet normal -7.060304e-01 1.895411e-01 -6.823454e-01
    outer loop
      vertex   -5.000000e+01 8.807426e+00 -1.464511e+02
      vertex   -5.500000e+01 8.079377e+00 -1.414797e+02
      vertex   -5.000000e+01 1.125442e+01 -1.457713e+02
    endloop
  endfacet
  facet normal -7.081692e-01 1.999457e-01 -6.771397e-01
    outer loop
      vertex   -5.000000e+01 1.125442e+01 -1.457713e+02
      vertex   -5.500000e+01 8.079377e+00 -1.414797e+02
      vertex   -5.500000e+01 1.031625e+01 -1.408192e+02
    endloop
  endfacet
  facet normal -7.058651e-01 2.353458e-01 -6.681068e-01
    outer loop
      vertex   -5.000000e+01 1.125442e+01 -1.457713e+02
      vertex   -5.500000e+01 1.031625e+01 -1.408192e+02
      vertex   -5.000000e+01 1.364980e+01 -1.449275e+02
    endloop
  endfacet
  facet normal -7.083364e-01 2.479354e-01 -6.608991e-01
    outer loop
      vertex   -5.000000e+01 1.364980e+01 -1.449275e+02
      vertex   -5.500000e+01 1.031625e+01 -1.408192e+02
      vertex   -5.500000e+01 1.250000e+01 -1.400000e+02
    endloop
  endfacet
  facet normal -7.057376e-01 2.800773e-01 -6.507620e-01
    outer loop
      vertex   -5.000000e+01 1.364980e+01 -1.449275e+02
      vertex   -5.500000e+01 1.250000e+01 -1.400000e+02
      vertex   -5.000000e+01 1.598258e+01 -1.439236e+02
    endloop
  endfacet
  facet normal -7.084834e-01 2.947714e-01 -6.412185e-01
    outer loop
      vertex   -5.000000e+01 1.598258e+01 -1.439236e+02
      vertex   -5.500000e+01 1.250000e+01 -1.400000e+02
      vertex   -5.397160e+01 1.497176e+01 -1.400000e+02
    endloop
  endfacet
  facet normal -7.053754e-01 3.236466e-01 -6.306334e-01
    outer loop
      vertex   -5.000000e+01 1.598258e+01 -1.439236e+02
      vertex   -5.397160e+01 1.497176e+01 -1.400000e+02
      vertex   -5.000000e+01 1.824205e+01 -1.427640e+02
    endloop
  endfacet
  facet normal -7.087235e-01 3.367699e-01 -6.199170e-01
    outer loop
      vertex   -5.000000e+01 1.824205e+01 -1.427640e+02
      vertex   -5.397160e+01 1.497176e+01 -1.400000e+02
      vertex   -5.279293e+01 1.745225e+01 -1.400000e+02
    endloop
  endfacet
  facet normal -7.048688e-01 3.658487e-01 -6.077127e-01
    outer loop
      vertex   -5.000000e+01 1.824205e+01 -1.427640e+02
      vertex   -5.279293e+01 1.745225e+01 -1.400000e+02
      vertex   -5.000000e+01 2.041785e+01 -1.414541e+02
    endloop
  endfacet
  facet normal -7.090747e-01 3.749841e-01 -5.971599e-01
    outer loop
      vertex   -5.000000e+01 2.041785e+01 -1.414541e+02
      vertex   -5.279293e+01 1.745225e+01 -1.400000e+02
      vertex   -5.146837e+01 1.995692e+01 -1.400000e+02
    endloop
  endfacet
  facet normal -7.041304e-01 4.065625e-01 -5.821574e-01
    outer loop
      vertex   -5.000000e+01 2.041785e+01 -1.414541e+02
      vertex   -5.146837e+01 1.995692e+01 -1.400000e+02
      vertex   -5.000000e+01 2.250000e+01 -1.400000e+02
    endloop
  endfacet
  facet normal 4.290599e-15 1.328370e-14 1.000000e+00
    outer loop
      vertex   5.397160e+01 1.497176e+01 -1.400000e+02
      vertex   3.737071e+01 1.819421e+01 -1.400000e+02
      vertex   5.500000e+01 1.250000e+01 -1.400000e+02
    endloop
  endfacet
  facet normal 0.000000e+00 0.000000e+00 1.000000e+00
    outer loop
      vertex   5.500000e+01 1.250000e+01 -1.400000e+02
      vertex   3.737071e+01 1.819421e+01 -1.400000e+02
      vertex   3.665551e+01 1.796183e+01 -1.400000e+02
    endloop
  endfacet
  facet normal 0.000000e+00 0.000000e+00 1.000000e+00
    outer loop
      vertex   5.500000e+01 1.250000e+01 -1.400000e+02
      vertex   3.665551e+01 1.796183e+01 -1.400000e+02
      vertex   2.090562e+01 1.966273e+00 -1.400000e+02
    endloop
  endfacet
  facet normal 0.000000e+00 0.000000e+00 1.000000e+00
    outer loop
      vertex   2.090562e+01 1.966273e+00 -1.400000e+02
      vertex   3.665551e+01 1.796183e+01 -1.400000e+02
      vertex   3.590500e+01 1.791461e+01 -1.400000e+02
    endloop
  endfacet
  facet normal 0.000000e+00 -0.000000e+00 1.000000e+00
    outer loop
      vertex   2.090562e+01 1.966273e+00 -1.400000e+02
      vertex   3.590500e+01 1.791461e+01 -1.400000e+02
      vertex   2.062963e+01 3.915267e+00 -1.400000e+02
    endloop
  endfacet
  facet normal 0.000000e+00 -0.000000e+00 1.000000e+00
    outer loop
      vertex   2.062963e+01 3.915267e+00 -1.400000e+02
      vertex   3.590500e+01 1.791461e+01 -1.400000e+02
      vertex   2.017236e+01 5.829853e+00 -1.400000e+02
    endloop
  endfacet
  facet normal 0.000000e+00 0.000000e+00 1.000000e+00
    outer loop
      vertex   2.017236e+01 5.829853e+00 -1.400000e+02
      vertex   3.590500e+01 1.791461e+01 -1.400000e+02
      vertex   3.516632e+01 1.805552e+01 -1.400000e+02
    endloop
  endfacet
  facet normal 0.000000e+00 -0.000000e+00 1.000000e+00
    outer loop
      vertex   2.017236e+01 5.829853e+00 -1.400000e+02
      vertex   3.516632e+01 1.805552e+01 -1.400000e+02
      vertex   1.953780e+01 7.693206e+00 -1.400000e+02
    endloop
  endfacet
  facet normal 0.000000e+00 0.000000e+00 1.000000e+00
    outer loop
      vertex   1.953780e+01 7.693206e+00 -1.400000e+02
      vertex   3.516632e+01 1.805552e+01 -1.400000e+02
      vertex   3.448589e+01 1.837571e+01 -1.400000e+02
    endloop
  endfacet
  facet normal 0.000000e+00 -0.000000e+00 1.000000e+00
    outer loop
      vertex   1.953780e+01 7.693206e+00 -1.400000e+02
      vertex   3.448589e+01 1.837571e+01 -1.400000e+02
      vertex   1.873155e+01 9.488950e+00 -1.400000e+02
    endloop
  endfacet
  facet normal 0.000000e+00 0.000000e+00 1.000000e+00
    outer loop
      vertex   1.873155e+01 9.488950e+00 -1.400000e+02
      vertex   3.448589e+01 1.837571e+01 -1.400000e+02
      vertex   3.390646e+01 1.885505e+01 -1.400000e+02
    endloop
  endfacet
  facet normal 0.000000e+00 -0.000000e+00 1.000000e+00
    outer loop
      vertex   1.873155e+01 9.488950e+00 -1.400000e+02
      vertex   3.390646e+01 1.885505e+01 -1.400000e+02
      vertex   1.776068e+01 1.120131e+01 -1.400000e+02
    endloop
  endfacet
  facet normal 0.000000e+00 0.000000e+00 1.000000e+00
    outer loop
      vertex   1.776068e+01 1.120131e+01 -1.400000e+02
      vertex   3.390646e+01 1.885505e+01 -1.400000e+02
      vertex   3.346445e+01 1.946343e+01 -1.400000e+02
    endloop
  endfacet
  facet normal 0.000000e+00 -0.000000e+00 1.000000e+00
    outer loop
      vertex   1.776068e+01 1.120131e+01 -1.400000e+02
      vertex   3.346445e+01 1.946343e+01 -1.400000e+02
      vertex   1.663374e+01 1.281522e+01 -1.400000e+02
    endloop
  endfacet
  facet normal 0.000000e+00 0.000000e+00 1.000000e+00
    outer loop
      vertex   1.663374e+01 1.281522e+01 -1.400000e+02
      vertex   3.346445e+01 1.946343e+01 -1.400000e+02
      vertex   3.318762e+01 2.016262e+01 -1.400000e+02
    endloop
  endfacet
  facet normal 0.000000e+00 -0.000000e+00 1.000000e+00
    outer loop
      vertex   1.663374e+01 1.281522e+01 -1.400000e+02
      vertex   3.318762e+01 2.016262e+01 -1.400000e+02
      vertex   1.536061e+01 1.431652e+01 -1.400000e+02
    endloop
  endfacet
  facet normal 0.000000e+00 0.000000e+00 1.000000e+00
    outer loop
      vertex   1.536061e+01 1.431652e+01 -1.400000e+02
      vertex   3.318762e+01 2.016262e+01 -1.400000e+02
      vertex   3.309337e+01 2.090869e+01 -1.400000e+02
    endloop
  endfacet
  facet normal 0.000000e+00 -0.000000e+00 1.000000e+00
    outer loop
      vertex   1.536061e+01 1.431652e+01 -1.400000e+02
      vertex   3.309337e+01 2.090869e+01 -1.400000e+02
      vertex   1.395249e+01 1.569200e+01 -1.400000e+02
    endloop
  endfacet
  facet normal 0.000000e+00 0.000000e+00 1.000000e+00
    outer loop
      vertex   1.395249e+01 1.569200e+01 -1.400000e+02
      vertex   3.309337e+01 2.090869e+01 -1.400000e+02
      vertex   3.318762e+01 2.165476e+01 -1.400000e+02
    endloop
  endfacet
  facet normal 0.000000e+00 -0.000000e+00 1.000000e+00
    outer loop
      vertex   1.395249e+01 1.569200e+01 -1.400000e+02
      vertex   3.318762e+01 2.165476e+01 -1.400000e+02
      vertex   1.242176e+01 1.692959e+01 -1.400000e+02
    endloop
  endfacet
  facet normal 0.000000e+00 0.000000e+00 1.000000e+00
    outer loop
      vertex   1.242176e+01 1.692959e+01 -1.400000e+02
      vertex   3.318762e+01 2.165476e+01 -1.400000e+02
      vertex   2.672467e+01 3.450991e+01 -1.400000e+02
    endloop
  endfacet
  facet normal 0.000000e+00 -0.000000e+00 1.000000e+00
    outer loop
      vertex   1.242176e+01 1.692959e+01 -1.400000e+02
      vertex   2.672467e+01 3.450991e+01 -1.400000e+02
      vertex   1.078187e+01 1.801839e+01 -1.400000e+02
    endloop
  endfacet
  facet normal 0.000000e+00 0.000000e+00 1.000000e+00
    outer loop
      vertex   1.078187e+01 1.801839e+01 -1.400000e+02
      vertex   2.672467e+01 3.450991e+01 -1.400000e+02
      vertex   2.439432e+01 3.619474e+01 -1.400000e+02
    endloop
  endfacet
  facet normal 0.000000e+00 -0.000000e+00 1.000000e+00
    outer loop
      vertex   1.078187e+01 1.801839e+01 -1.400000e+02
      vertex   2.439432e+01 3.619474e+01 -1.400000e+02
      vertex   9.047227e+00 1.894885e+01 -1.400000e+02
    endloop
  endfacet
  facet normal 0.000000e+00 0.000000e+00 1.000000e+00
    outer loop
      vertex   9.047227e+00 1.894885e+01 -1.400000e+02
      vertex   2.439432e+01 3.619474e+01 -1.400000e+02
      vertex   2.195810e+01 3.772246e+01 -1.400000e+02
    endloop
  endfacet
  facet normal 0.000000e+00 -0.000000e+00 1.000000e+00
    outer loop
      vertex   9.047227e+00 1.894885e+01 -1.400000e+02
      vertex   2.195810e+01 3.772246e+01 -1.400000e+02
      vertex   7.233075e+00 1.971278e+01 -1.400000e+02
    endloop
  endfacet
  facet normal 0.000000e+00 0.000000e+00 1.000000e+00
    outer loop
      vertex   7.233075e+00 1.971278e+01 -1.400000e+02
      vertex   2.195810e+01 3.772246e+01 -1.400000e+02
      vertex   1.942656e+01 3.908645e+01 -1.400000e+02
    endloop
  endfacet
  facet normal 0.000000e+00 0.000000e+00 1.000000e+00
    outer loop
      vertex   7.233075e+00 1.971278e+01 -1.400000e+02
      vertex   1.942656e+01 3.908645e+01 -1.400000e+02
      vertex   1.681071e+01 4.028079e+01 -1.400000e+02
    endloop
  endfacet
  facet normal 1.311045e-15 -2.065877e-15 1.000000e+00
    outer loop
      vertex   3.737071e+01 1.819421e+01 -1.400000e+02
      vertex   5.397160e+01 1.497176e+01 -1.400000e+02
      vertex   3.800564e+01 1.859715e+01 -1.400000e+02
    endloop
  endfacet
  facet normal 1.995451e-15 9.481948e-16 1.000000e+00
    outer loop
      vertex   3.800564e+01 1.859715e+01 -1.400000e+02
      vertex   5.397160e+01 1.497176e+01 -1.400000e+02
      vertex   5.279293e+01 1.745225e+01 -1.400000e+02
    endloop
  endfacet
  facet normal 1.791763e-15 -1.682578e-15 1.000000e+00
    outer loop
      vertex   3.800564e+01 1.859715e+01 -1.400000e+02
      vertex   5.279293e+01 1.745225e+01 -1.400000e+02
      vertex   3.852042e+01 1.914534e+01 -1.400000e+02
    endloop
  endfacet
  facet normal 6.884424e-16 -1.098341e-14 1.000000e+00
    outer loop
      vertex   3.852042e+01 1.914534e+01 -1.400000e+02
      vertex   5.279293e+01 1.745225e+01 -1.400000e+02
      vertex   5.146837e+01 1.995692e+01 -1.400000e+02
    endloop
  endfacet
  facet normal 0.000000e+00 0.000000e+00 1.000000e+00
    outer loop
      vertex   3.852042e+01 1.914534e+01 -1.400000e+02
      vertex   5.146837e+01 1.995692e+01 -1.400000e+02
      vertex   4.313202e+01 2.250000e+01 -1.400000e+02
    endloop
  endfacet
  facet normal -0.000000e+00 0.000000e+00 1.000000e+00
    outer loop
      vertex   4.313202e+01 2.250000e+01 -1.400000e+02
      vertex   5.146837e+01 1.995692e+01 -1.400000e+02
      vertex   5.000000e+01 2.250000e+01 -1.400000e+02
    endloop
  endfacet
  facet normal 0.000000e+00 0.000000e+00 1.000000e+00
    outer loop
      vertex   4.179292e+01 2.489926e+01 -1.400000e+02
      vertex   3.888270e+01 2.201307e+01 -1.400000e+02
      vertex   4.313202e+01 2.250000e+01 -1.400000e+02
    endloop
  endfacet
  facet normal 0.000000e+00 0.000000e+00 1.000000e+00
    outer loop
      vertex   4.313202e+01 2.250000e+01 -1.400000e+02
      vertex   3.888270e+01 2.201307e+01 -1.400000e+02
      vertex   3.906971e+01 2.128469e+01 -1.400000e+02
    endloop
  endfacet
  facet normal 0.000000e+00 0.000000e+00 1.000000e+00
    outer loop
      vertex   4.313202e+01 2.250000e+01 -1.400000e+02
      vertex   3.906971e+01 2.128469e+01 -1.400000e+02
      vertex   3.906971e+01 2.053269e+01 -1.400000e+02
    endloop
  endfacet
  facet normal 0.000000e+00 0.000000e+00 1.000000e+00
    outer loop
      vertex   4.032050e+01 2.721908e+01 -1.400000e+02
      vertex   3.737071e+01 2.362318e+01 -1.400000e+02
      vertex   4.179292e+01 2.489926e+01 -1.400000e+02
    endloop
  endfacet
  facet normal 0.000000e+00 0.000000e+00 1.000000e+00
    outer loop
      vertex   4.179292e+01 2.489926e+01 -1.400000e+02
      vertex   3.737071e+01 2.362318e+01 -1.400000e+02
      vertex   3.800564e+01 2.322023e+01 -1.400000e+02
    endloop
  endfacet
  facet normal 0.000000e+00 0.000000e+00 1.000000e+00
    outer loop
      vertex   4.179292e+01 2.489926e+01 -1.400000e+02
      vertex   3.800564e+01 2.322023e+01 -1.400000e+02
      vertex   3.852042e+01 2.267205e+01 -1.400000e+02
    endloop
  endfacet
  facet normal 0.000000e+00 -0.000000e+00 1.000000e+00
    outer loop
      vertex   3.737071e+01 2.362318e+01 -1.400000e+02
      vertex   4.032050e+01 2.721908e+01 -1.400000e+02
      vertex   3.665551e+01 2.385556e+01 -1.400000e+02
    endloop
  endfacet
  facet normal 0.000000e+00 0.000000e+00 1.000000e+00
    outer loop
      vertex   3.665551e+01 2.385556e+01 -1.400000e+02
      vertex   4.032050e+01 2.721908e+01 -1.400000e+02
      vertex   3.871946e+01 2.945208e+01 -1.400000e+02
    endloop
  endfacet
  facet normal 0.000000e+00 -0.000000e+00 1.000000e+00
    outer loop
      vertex   3.665551e+01 2.385556e+01 -1.400000e+02
      vertex   3.871946e+01 2.945208e+01 -1.400000e+02
      vertex   3.590500e+01 2.390277e+01 -1.400000e+02
    endloop
  endfacet
  facet normal 0.000000e+00 -0.000000e+00 1.000000e+00
    outer loop
      vertex   3.590500e+01 2.390277e+01 -1.400000e+02
      vertex   3.871946e+01 2.945208e+01 -1.400000e+02
      vertex   3.516632e+01 2.376186e+01 -1.400000e+02
    endloop
  endfacet
  facet normal 0.000000e+00 0.000000e+00 1.000000e+00
    outer loop
      vertex   3.516632e+01 2.376186e+01 -1.400000e+02
      vertex   3.871946e+01 2.945208e+01 -1.400000e+02
      vertex   3.699490e+01 3.159112e+01 -1.400000e+02
    endloop
  endfacet
  facet normal 0.000000e+00 -0.000000e+00 1.000000e+00
    outer loop
      vertex   3.516632e+01 2.376186e+01 -1.400000e+02
      vertex   3.699490e+01 3.159112e+01 -1.400000e+02
      vertex   3.448589e+01 2.344168e+01 -1.400000e+02
    endloop
  endfacet
  facet normal 0.000000e+00 -0.000000e+00 1.000000e+00
    outer loop
      vertex   3.448589e+01 2.344168e+01 -1.400000e+02
      vertex   3.699490e+01 3.159112e+01 -1.400000e+02
      vertex   2.672467e+01 3.450991e+01 -1.400000e+02
    endloop
  endfacet
  facet normal 0.000000e+00 0.000000e+00 1.000000e+00
    outer loop
      vertex   3.448589e+01 2.344168e+01 -1.400000e+02
      vertex   2.672467e+01 3.450991e+01 -1.400000e+02
      vertex   3.390646e+01 2.296234e+01 -1.400000e+02
    endloop
  endfacet
  facet normal 0.000000e+00 0.000000e+00 1.000000e+00
    outer loop
      vertex   3.390646e+01 2.296234e+01 -1.400000e+02
      vertex   2.672467e+01 3.450991e+01 -1.400000e+02
      vertex   3.346445e+01 2.235396e+01 -1.400000e+02
    endloop
  endfacet
  facet normal 0.000000e+00 0.000000e+00 1.000000e+00
    outer loop
      vertex   3.346445e+01 2.235396e+01 -1.400000e+02
      vertex   2.672467e+01 3.450991e+01 -1.400000e+02
      vertex   3.318762e+01 2.165476e+01 -1.400000e+02
    endloop
  endfacet
  facet normal 0.000000e+00 0.000000e+00 1.000000e+00
    outer loop
      vertex   3.699490e+01 3.159112e+01 -1.400000e+02
      vertex   3.515232e+01 3.362939e+01 -1.400000e+02
      vertex   2.672467e+01 3.450991e+01 -1.400000e+02
    endloop
  endfacet
  facet normal -0.000000e+00 0.000000e+00 1.000000e+00
    outer loop
      vertex   2.672467e+01 3.450991e+01 -1.400000e+02
      vertex   3.515232e+01 3.362939e+01 -1.400000e+02
      vertex   3.319761e+01 3.556037e+01 -1.400000e+02
    endloop
  endfacet
  facet normal 0.000000e+00 0.000000e+00 1.000000e+00
    outer loop
      vertex   2.672467e+01 3.450991e+01 -1.400000e+02
      vertex   3.319761e+01 3.556037e+01 -1.400000e+02
      vertex   3.113699e+01 3.737792e+01 -1.400000e+02
    endloop
  endfacet
  facet normal 0.000000e+00 0.000000e+00 1.000000e+00
    outer loop
      vertex   3.113699e+01 3.737792e+01 -1.400000e+02
      vertex   2.897705e+01 3.907623e+01 -1.400000e+02
      vertex   2.672467e+01 3.450991e+01 -1.400000e+02
    endloop
  endfacet
  facet normal 0.000000e+00 0.000000e+00 1.000000e+00
    outer loop
      vertex   2.672467e+01 3.450991e+01 -1.400000e+02
      vertex   2.897705e+01 3.907623e+01 -1.400000e+02
      vertex   2.672467e+01 4.064989e+01 -1.400000e+02
    endloop
  endfacet
  facet normal 0.000000e+00 -0.000000e+00 1.000000e+00
    outer loop
      vertex   7.233075e+00 1.971278e+01 -1.400000e+02
      vertex   1.681071e+01 4.028079e+01 -1.400000e+02
      vertex   5.355358e+00 2.030348e+01 -1.400000e+02
    endloop
  endfacet
  facet normal 0.000000e+00 0.000000e+00 1.000000e+00
    outer loop
      vertex   5.355358e+00 2.030348e+01 -1.400000e+02
      vertex   1.681071e+01 4.028079e+01 -1.400000e+02
      vertex   1.412189e+01 4.130029e+01 -1.400000e+02
    endloop
  endfacet
  facet normal 0.000000e+00 0.000000e+00 1.000000e+00
    outer loop
      vertex   5.355358e+00 2.030348e+01 -1.400000e+02
      vertex   1.412189e+01 4.130029e+01 -1.400000e+02
      vertex   1.137178e+01 4.214053e+01 -1.400000e+02
    endloop
  endfacet
  facet normal 0.000000e+00 -0.000000e+00 1.000000e+00
    outer loop
      vertex   5.355358e+00 2.030348e+01 -1.400000e+02
      vertex   1.137178e+01 4.214053e+01 -1.400000e+02
      vertex   3.430579e+00 2.071575e+01 -1.400000e+02
    endloop
  endfacet
  facet normal 0.000000e+00 0.000000e+00 1.000000e+00
    outer loop
      vertex   3.430579e+00 2.071575e+01 -1.400000e+02
      vertex   1.137178e+01 4.214053e+01 -1.400000e+02
      vertex   8.572305e+00 4.279787e+01 -1.400000e+02
    endloop
  endfacet
  facet normal 0.000000e+00 0.000000e+00 1.000000e+00
    outer loop
      vertex   3.430579e+00 2.071575e+01 -1.400000e+02
      vertex   8.572305e+00 4.279787e+01 -1.400000e+02
      vertex   5.735625e+00 4.326944e+01 -1.400000e+02
    endloop
  endfacet
  facet normal 0.000000e+00 -0.000000e+00 1.000000e+00
    outer loop
      vertex   3.430579e+00 2.071575e+01 -1.400000e+02
      vertex   5.735625e+00 4.326944e+01 -1.400000e+02
      vertex   1.475651e+00 2.094597e+01 -1.400000e+02
    endloop
  endfacet
  facet normal 0.000000e+00 0.000000e+00 1.000000e+00
    outer loop
      vertex   1.475651e+00 2.094597e+01 -1.400000e+02
      vertex   5.735625e+00 4.326944e+01 -1.400000e+02
      vertex   2.874050e+00 4.355321e+01 -1.400000e+02
    endloop
  endfacet
  facet normal 0.000000e+00 -0.000000e+00 1.000000e+00
    outer loop
      vertex   1.475651e+00 2.094597e+01 -1.400000e+02
      vertex   2.874050e+00 4.355321e+01 -1.400000e+02
      vertex   2.672665e-15 4.364793e+01 -1.400000e+02
    endloop
  endfacet
  facet normal 0.000000e+00 0.000000e+00 1.000000e+00
    outer loop
      vertex   1.475651e+00 2.094597e+01 -1.400000e+02
      vertex   2.672665e-15 4.364793e+01 -1.400000e+02
      vertex   -4.922444e-01 2.099211e+01 -1.400000e+02
    endloop
  endfacet
  facet normal 0.000000e+00 -0.000000e+00 1.000000e+00
    outer loop
      vertex   -4.922444e-01 2.099211e+01 -1.400000e+02
      vertex   2.672665e-15 4.364793e+01 -1.400000e+02
      vertex   -2.874050e+00 4.355321e+01 -1.400000e+02
    endloop
  endfacet
  facet normal 0.000000e+00 0.000000e+00 1.000000e+00
    outer loop
      vertex   -4.922444e-01 2.099211e+01 -1.400000e+02
      vertex   -2.874050e+00 4.355321e+01 -1.400000e+02
      vertex   -2.455814e+00 2.085378e+01 -1.400000e+02
    endloop
  endfacet
  facet normal 0.000000e+00 0.000000e+00 1.000000e+00
    outer loop
      vertex   -2.455814e+00 2.085378e+01 -1.400000e+02
      vertex   -2.874050e+00 4.355321e+01 -1.400000e+02
      vertex   -5.735625e+00 4.326944e+01 -1.400000e+02
    endloop
  endfacet
  facet normal 0.000000e+00 0.000000e+00 1.000000e+00
    outer loop
      vertex   -2.455814e+00 2.085378e+01 -1.400000e+02
      vertex   -5.735625e+00 4.326944e+01 -1.400000e+02
      vertex   -8.572305e+00 4.279787e+01 -1.400000e+02
    endloop
  endfacet
  facet normal 0.000000e+00 0.000000e+00 1.000000e+00
    outer loop
      vertex   -2.455814e+00 2.085378e+01 -1.400000e+02
      vertex   -8.572305e+00 4.279787e+01 -1.400000e+02
      vertex   -4.397802e+00 2.053218e+01 -1.400000e+02
    endloop
  endfacet
  facet normal 0.000000e+00 0.000000e+00 1.000000e+00
    outer loop
      vertex   -4.397802e+00 2.053218e+01 -1.400000e+02
      vertex   -8.572305e+00 4.279787e+01 -1.400000e+02
      vertex   -1.137178e+01 4.214053e+01 -1.400000e+02
    endloop
  endfacet
  facet normal 0.000000e+00 0.000000e+00 1.000000e+00
    outer loop
      vertex   -4.397802e+00 2.053218e+01 -1.400000e+02
      vertex   -1.137178e+01 4.214053e+01 -1.400000e+02
      vertex   -1.412189e+01 4.130029e+01 -1.400000e+02
    endloop
  endfacet
  facet normal 0.000000e+00 0.000000e+00 1.000000e+00
    outer loop
      vertex   -4.397802e+00 2.053218e+01 -1.400000e+02
      vertex   -1.412189e+01 4.130029e+01 -1.400000e+02
      vertex   -6.301142e+00 2.003015e+01 -1.400000e+02
    endloop
  endfacet
  facet normal 0.000000e+00 0.000000e+00 1.000000e+00
    outer loop
      vertex   -6.301142e+00 2.003015e+01 -1.400000e+02
      vertex   -1.412189e+01 4.130029e+01 -1.400000e+02
      vertex   -1.681071e+01 4.028079e+01 -1.400000e+02
    endloop
  endfacet
  facet normal 0.000000e+00 0.000000e+00 1.000000e+00
    outer loop
      vertex   -6.301142e+00 2.003015e+01 -1.400000e+02
      vertex   -1.681071e+01 4.028079e+01 -1.400000e+02
      vertex   -1.942656e+01 3.908645e+01 -1.400000e+02
    endloop
  endfacet
  facet normal 0.000000e+00 0.000000e+00 1.000000e+00
    outer loop
      vertex   -6.301142e+00 2.003015e+01 -1.400000e+02
      vertex   -1.942656e+01 3.908645e+01 -1.400000e+02
      vertex   -8.149108e+00 1.935208e+01 -1.400000e+02
    endloop
  endfacet
  facet normal 0.000000e+00 0.000000e+00 1.000000e+00
    outer loop
      vertex   -8.149108e+00 1.935208e+01 -1.400000e+02
      vertex   -1.942656e+01 3.908645e+01 -1.400000e+02
      vertex   -2.195810e+01 3.772246e+01 -1.400000e+02
    endloop
  endfacet
  facet normal 0.000000e+00 0.000000e+00 1.000000e+00
    outer loop
      vertex   -8.149108e+00 1.935208e+01 -1.400000e+02
      vertex   -2.195810e+01 3.772246e+01 -1.400000e+02
      vertex   -9.925458e+00 1.850396e+01 -1.400000e+02
    endloop
  endfacet
  facet normal 0.000000e+00 0.000000e+00 1.000000e+00
    outer loop
      vertex   -9.925458e+00 1.850396e+01 -1.400000e+02
      vertex   -2.195810e+01 3.772246e+01 -1.400000e+02
      vertex   -2.439432e+01 3.619474e+01 -1.400000e+02
    endloop
  endfacet
  facet normal 0.000000e+00 0.000000e+00 1.000000e+00
    outer loop
      vertex   -9.925458e+00 1.850396e+01 -1.400000e+02
      vertex   -2.439432e+01 3.619474e+01 -1.400000e+02
      vertex   -2.672467e+01 3.450991e+01 -1.400000e+02
    endloop
  endfacet
  facet normal 0.000000e+00 0.000000e+00 1.000000e+00
    outer loop
      vertex   -2.672467e+01 4.064989e+01 -1.400000e+02
      vertex   -2.897705e+01 3.907623e+01 -1.400000e+02
      vertex   -2.672467e+01 3.450991e+01 -1.400000e+02
    endloop
  endfacet
  facet normal 0.000000e+00 0.000000e+00 1.000000e+00
    outer loop
      vertex   -2.672467e+01 3.450991e+01 -1.400000e+02
      vertex   -2.897705e+01 3.907623e+01 -1.400000e+02
      vertex   -3.113699e+01 3.737792e+01 -1.400000e+02
    endloop
  endfacet
  facet normal 0.000000e+00 0.000000e+00 1.000000e+00
    outer loop
      vertex   -2.672467e+01 3.450991e+01 -1.400000e+02
      vertex   -3.113699e+01 3.737792e+01 -1.400000e+02
      vertex   -3.319761e+01 3.556037e+01 -1.400000e+02
    endloop
  endfacet
  facet normal 0.000000e+00 0.000000e+00 1.000000e+00
    outer loop
      vertex   -3.319761e+01 3.556037e+01 -1.400000e+02
      vertex   -3.515232e+01 3.362939e+01 -1.400000e+02
      vertex   -2.672467e+01 3.450991e+01 -1.400000e+02
    endloop
  endfacet
  facet normal 0.000000e+00 0.000000e+00 1.000000e+00
    outer loop
      vertex   -2.672467e+01 3.450991e+01 -1.400000e+02
      vertex   -3.515232e+01 3.362939e+01 -1.400000e+02
      vertex   -3.699490e+01 3.159112e+01 -1.400000e+02
    endloop
  endfacet
  facet normal 0.000000e+00 0.000000e+00 1.000000e+00
    outer loop
      vertex   -2.672467e+01 3.450991e+01 -1.400000e+02
      vertex   -3.699490e+01 3.159112e+01 -1.400000e+02
      vertex   -3.487681e+01 2.351791e+01 -1.400000e+02
    endloop
  endfacet
  facet normal 0.000000e+00 0.000000e+00 1.000000e+00
    outer loop
      vertex   -3.487681e+01 2.351791e+01 -1.400000e+02
      vertex   -3.699490e+01 3.159112e+01 -1.400000e+02
      vertex   -3.559200e+01 2.375029e+01 -1.400000e+02
    endloop
  endfacet
  facet normal 0.000000e+00 0.000000e+00 1.000000e+00
    outer loop
      vertex   -3.559200e+01 2.375029e+01 -1.400000e+02
      vertex   -3.699490e+01 3.159112e+01 -1.400000e+02
      vertex   -3.871946e+01 2.945208e+01 -1.400000e+02
    endloop
  endfacet
  facet normal 0.000000e+00 0.000000e+00 1.000000e+00
    outer loop
      vertex   -3.559200e+01 2.375029e+01 -1.400000e+02
      vertex   -3.871946e+01 2.945208e+01 -1.400000e+02
      vertex   -3.634252e+01 2.379751e+01 -1.400000e+02
    endloop
  endfacet
  facet normal 0.000000e+00 0.000000e+00 1.000000e+00
    outer loop
      vertex   -3.634252e+01 2.379751e+01 -1.400000e+02
      vertex   -3.871946e+01 2.945208e+01 -1.400000e+02
      vertex   -4.032050e+01 2.721908e+01 -1.400000e+02
    endloop
  endfacet
  facet normal 0.000000e+00 0.000000e+00 1.000000e+00
    outer loop
      vertex   -3.634252e+01 2.379751e+01 -1.400000e+02
      vertex   -4.032050e+01 2.721908e+01 -1.400000e+02
      vertex   -3.708120e+01 2.365660e+01 -1.400000e+02
    endloop
  endfacet
  facet normal 0.000000e+00 0.000000e+00 1.000000e+00
    outer loop
      vertex   -3.708120e+01 2.365660e+01 -1.400000e+02
      vertex   -4.032050e+01 2.721908e+01 -1.400000e+02
      vertex   -3.776163e+01 2.333641e+01 -1.400000e+02
    endloop
  endfacet
  facet normal 0.000000e+00 0.000000e+00 1.000000e+00
    outer loop
      vertex   -3.776163e+01 2.333641e+01 -1.400000e+02
      vertex   -4.032050e+01 2.721908e+01 -1.400000e+02
      vertex   -4.179292e+01 2.489926e+01 -1.400000e+02
    endloop
  endfacet
  facet normal 0.000000e+00 0.000000e+00 1.000000e+00
    outer loop
      vertex   -3.776163e+01 2.333641e+01 -1.400000e+02
      vertex   -4.179292e+01 2.489926e+01 -1.400000e+02
      vertex   -3.834105e+01 2.285707e+01 -1.400000e+02
    endloop
  endfacet
  facet normal 0.000000e+00 0.000000e+00 1.000000e+00
    outer loop
      vertex   -3.834105e+01 2.285707e+01 -1.400000e+02
      vertex   -4.179292e+01 2.489926e+01 -1.400000e+02
      vertex   -3.878306e+01 2.224869e+01 -1.400000e+02
    endloop
  endfacet
  facet normal 0.000000e+00 0.000000e+00 1.000000e+00
    outer loop
      vertex   -3.878306e+01 2.224869e+01 -1.400000e+02
      vertex   -4.179292e+01 2.489926e+01 -1.400000e+02
      vertex   -4.313202e+01 2.250000e+01 -1.400000e+02
    endloop
  endfacet
  facet normal 0.000000e+00 0.000000e+00 1.000000e+00
    outer loop
      vertex   -3.878306e+01 2.224869e+01 -1.400000e+02
      vertex   -4.313202e+01 2.250000e+01 -1.400000e+02
      vertex   -3.905989e+01 2.154950e+01 -1.400000e+02
    endloop
  endfacet
  facet normal 0.000000e+00 0.000000e+00 1.000000e+00
    outer loop
      vertex   -3.905989e+01 2.154950e+01 -1.400000e+02
      vertex   -4.313202e+01 2.250000e+01 -1.400000e+02
      vertex   -3.915414e+01 2.080343e+01 -1.400000e+02
    endloop
  endfacet
  facet normal 0.000000e+00 0.000000e+00 1.000000e+00
    outer loop
      vertex   -3.915414e+01 2.080343e+01 -1.400000e+02
      vertex   -4.313202e+01 2.250000e+01 -1.400000e+02
      vertex   -3.905989e+01 2.005736e+01 -1.400000e+02
    endloop
  endfacet
  facet normal 0.000000e+00 0.000000e+00 1.000000e+00
    outer loop
      vertex   -3.905989e+01 2.005736e+01 -1.400000e+02
      vertex   -4.313202e+01 2.250000e+01 -1.400000e+02
      vertex   -3.878306e+01 1.935817e+01 -1.400000e+02
    endloop
  endfacet
  facet normal -2.397141e-15 -3.318146e-15 1.000000e+00
    outer loop
      vertex   -3.878306e+01 1.935817e+01 -1.400000e+02
      vertex   -4.313202e+01 2.250000e+01 -1.400000e+02
      vertex   -5.146837e+01 1.995692e+01 -1.400000e+02
    endloop
  endfacet
  facet normal -1.663395e-15 1.222714e-14 1.000000e+00
    outer loop
      vertex   -3.878306e+01 1.935817e+01 -1.400000e+02
      vertex   -5.146837e+01 1.995692e+01 -1.400000e+02
      vertex   -5.279293e+01 1.745225e+01 -1.400000e+02
    endloop
  endfacet
  facet normal 0.000000e+00 -1.117609e-14 1.000000e+00
    outer loop
      vertex   -4.313202e+01 2.250000e+01 -1.400000e+02
      vertex   -5.000000e+01 2.250000e+01 -1.400000e+02
      vertex   -5.146837e+01 1.995692e+01 -1.400000e+02
    endloop
  endfacet
  facet normal 0.000000e+00 0.000000e+00 1.000000e+00
    outer loop
      vertex   -3.878306e+01 1.935817e+01 -1.400000e+02
      vertex   -5.279293e+01 1.745225e+01 -1.400000e+02
      vertex   -3.834105e+01 1.874979e+01 -1.400000e+02
    endloop
  endfacet
  facet normal 1.074595e-15 -1.196875e-14 1.000000e+00
    outer loop
      vertex   -3.834105e+01 1.874979e+01 -1.400000e+02
      vertex   -5.279293e+01 1.745225e+01 -1.400000e+02
      vertex   -5.397160e+01 1.497176e+01 -1.400000e+02
    endloop
  endfacet
  facet normal -1.407197e-15 -1.701009e-15 1.000000e+00
    outer loop
      vertex   -3.834105e+01 1.874979e+01 -1.400000e+02
      vertex   -5.397160e+01 1.497176e+01 -1.400000e+02
      vertex   -3.776163e+01 1.827044e+01 -1.400000e+02
    endloop
  endfacet
  facet normal -4.471889e-15 1.335913e-14 1.000000e+00
    outer loop
      vertex   -3.776163e+01 1.827044e+01 -1.400000e+02
      vertex   -5.397160e+01 1.497176e+01 -1.400000e+02
      vertex   -5.500000e+01 1.250000e+01 -1.400000e+02
    endloop
  endfacet
  facet normal 0.000000e+00 0.000000e+00 1.000000e+00
    outer loop
      vertex   -3.776163e+01 1.827044e+01 -1.400000e+02
      vertex   -5.500000e+01 1.250000e+01 -1.400000e+02
      vertex   -3.708120e+01 1.795026e+01 -1.400000e+02
    endloop
  endfacet
  facet normal 0.000000e+00 0.000000e+00 1.000000e+00
    outer loop
      vertex   -3.708120e+01 1.795026e+01 -1.400000e+02
      vertex   -5.500000e+01 1.250000e+01 -1.400000e+02
      vertex   -3.634252e+01 1.780935e+01 -1.400000e+02
    endloop
  endfacet
  facet normal 0.000000e+00 0.000000e+00 1.000000e+00
    outer loop
      vertex   -3.634252e+01 1.780935e+01 -1.400000e+02
      vertex   -5.500000e+01 1.250000e+01 -1.400000e+02
      vertex   -2.097481e+01 9.842183e-01 -1.400000e+02
    endloop
  endfacet
  facet normal 0.000000e+00 0.000000e+00 1.000000e+00
    outer loop
      vertex   -3.634252e+01 1.780935e+01 -1.400000e+02
      vertex   -2.097481e+01 9.842183e-01 -1.400000e+02
      vertex   -2.079048e+01 2.944006e+00 -1.400000e+02
    endloop
  endfacet
  facet normal 0.000000e+00 0.000000e+00 1.000000e+00
    outer loop
      vertex   -5.500000e+01 1.250000e+01 -1.400000e+02
      vertex   -5.500000e+01 -1.250000e+01 -1.400000e+02
      vertex   -2.097481e+01 9.842183e-01 -1.400000e+02
    endloop
  endfacet
  facet normal 0.000000e+00 0.000000e+00 1.000000e+00
    outer loop
      vertex   -2.097481e+01 9.842183e-01 -1.400000e+02
      vertex   -5.500000e+01 -1.250000e+01 -1.400000e+02
      vertex   -2.097481e+01 -9.842183e-01 -1.400000e+02
    endloop
  endfacet
  facet normal 0.000000e+00 0.000000e+00 1.000000e+00
    outer loop
      vertex   -2.097481e+01 -9.842183e-01 -1.400000e+02
      vertex   -5.500000e+01 -1.250000e+01 -1.400000e+02
      vertex   -3.628174e+01 -1.791461e+01 -1.400000e+02
    endloop
  endfacet
  facet normal 0.000000e+00 0.000000e+00 1.000000e+00
    outer loop
      vertex   -2.097481e+01 -9.842183e-01 -1.400000e+02
      vertex   -3.628174e+01 -1.791461e+01 -1.400000e+02
      vertex   -2.079048e+01 -2.944006e+00 -1.400000e+02
    endloop
  endfacet
  facet normal 0.000000e+00 0.000000e+00 1.000000e+00
    outer loop
      vertex   -2.079048e+01 -2.944006e+00 -1.400000e+02
      vertex   -3.628174e+01 -1.791461e+01 -1.400000e+02
      vertex   -2.042344e+01 -4.877921e+00 -1.400000e+02
    endloop
  endfacet
  facet normal 0.000000e+00 0.000000e+00 1.000000e+00
    outer loop
      vertex   -2.042344e+01 -4.877921e+00 -1.400000e+02
      vertex   -3.628174e+01 -1.791461e+01 -1.400000e+02
      vertex   -3.553122e+01 -1.796183e+01 -1.400000e+02
    endloop
  endfacet
  facet normal 0.000000e+00 0.000000e+00 1.000000e+00
    outer loop
      vertex   -2.042344e+01 -4.877921e+00 -1.400000e+02
      vertex   -3.553122e+01 -1.796183e+01 -1.400000e+02
      vertex   -1.987693e+01 -6.768969e+00 -1.400000e+02
    endloop
  endfacet
  facet normal 0.000000e+00 0.000000e+00 1.000000e+00
    outer loop
      vertex   -1.987693e+01 -6.768969e+00 -1.400000e+02
      vertex   -3.553122e+01 -1.796183e+01 -1.400000e+02
      vertex   -3.481603e+01 -1.819421e+01 -1.400000e+02
    endloop
  endfacet
  facet normal 0.000000e+00 0.000000e+00 1.000000e+00
    outer loop
      vertex   -1.987693e+01 -6.768969e+00 -1.400000e+02
      vertex   -3.481603e+01 -1.819421e+01 -1.400000e+02
      vertex   -1.915573e+01 -8.600531e+00 -1.400000e+02
    endloop
  endfacet
  facet normal 0.000000e+00 0.000000e+00 1.000000e+00
    outer loop
      vertex   -1.915573e+01 -8.600531e+00 -1.400000e+02
      vertex   -3.481603e+01 -1.819421e+01 -1.400000e+02
      vertex   -3.418110e+01 -1.859715e+01 -1.400000e+02
    endloop
  endfacet
  facet normal 0.000000e+00 0.000000e+00 1.000000e+00
    outer loop
      vertex   -1.915573e+01 -8.600531e+00 -1.400000e+02
      vertex   -3.418110e+01 -1.859715e+01 -1.400000e+02
      vertex   -1.826619e+01 -1.035651e+01 -1.400000e+02
    endloop
  endfacet
  facet normal 0.000000e+00 0.000000e+00 1.000000e+00
    outer loop
      vertex   -1.826619e+01 -1.035651e+01 -1.400000e+02
      vertex   -3.418110e+01 -1.859715e+01 -1.400000e+02
      vertex   -3.366632e+01 -1.914534e+01 -1.400000e+02
    endloop
  endfacet
  facet normal 0.000000e+00 0.000000e+00 1.000000e+00
    outer loop
      vertex   -1.826619e+01 -1.035651e+01 -1.400000e+02
      vertex   -3.366632e+01 -1.914534e+01 -1.400000e+02
      vertex   -1.721613e+01 -1.202148e+01 -1.400000e+02
    endloop
  endfacet
  facet normal 0.000000e+00 0.000000e+00 1.000000e+00
    outer loop
      vertex   -1.721613e+01 -1.202148e+01 -1.400000e+02
      vertex   -3.366632e+01 -1.914534e+01 -1.400000e+02
      vertex   -3.330404e+01 -1.980432e+01 -1.400000e+02
    endloop
  endfacet
  facet normal 0.000000e+00 0.000000e+00 1.000000e+00
    outer loop
      vertex   -1.721613e+01 -1.202148e+01 -1.400000e+02
      vertex   -3.330404e+01 -1.980432e+01 -1.400000e+02
      vertex   -1.601477e+01 -1.358080e+01 -1.400000e+02
    endloop
  endfacet
  facet normal 0.000000e+00 0.000000e+00 1.000000e+00
    outer loop
      vertex   -1.601477e+01 -1.358080e+01 -1.400000e+02
      vertex   -3.330404e+01 -1.980432e+01 -1.400000e+02
      vertex   -3.311702e+01 -2.053269e+01 -1.400000e+02
    endloop
  endfacet
  facet normal 0.000000e+00 0.000000e+00 1.000000e+00
    outer loop
      vertex   -1.601477e+01 -1.358080e+01 -1.400000e+02
      vertex   -3.311702e+01 -2.053269e+01 -1.400000e+02
      vertex   -1.467268e+01 -1.502077e+01 -1.400000e+02
    endloop
  endfacet
  facet normal 0.000000e+00 0.000000e+00 1.000000e+00
    outer loop
      vertex   -1.467268e+01 -1.502077e+01 -1.400000e+02
      vertex   -3.311702e+01 -2.053269e+01 -1.400000e+02
      vertex   -3.311702e+01 -2.128469e+01 -1.400000e+02
    endloop
  endfacet
  facet normal 0.000000e+00 0.000000e+00 1.000000e+00
    outer loop
      vertex   -1.467268e+01 -1.502077e+01 -1.400000e+02
      vertex   -3.311702e+01 -2.128469e+01 -1.400000e+02
      vertex   -1.320164e+01 -1.632874e+01 -1.400000e+02
    endloop
  endfacet
  facet normal 0.000000e+00 0.000000e+00 1.000000e+00
    outer loop
      vertex   -1.320164e+01 -1.632874e+01 -1.400000e+02
      vertex   -3.311702e+01 -2.128469e+01 -1.400000e+02
      vertex   -3.330404e+01 -2.201307e+01 -1.400000e+02
    endloop
  endfacet
  facet normal 0.000000e+00 0.000000e+00 1.000000e+00
    outer loop
      vertex   -1.320164e+01 -1.632874e+01 -1.400000e+02
      vertex   -3.330404e+01 -2.201307e+01 -1.400000e+02
      vertex   -1.161458e+01 -1.749322e+01 -1.400000e+02
    endloop
  endfacet
  facet normal 0.000000e+00 0.000000e+00 1.000000e+00
    outer loop
      vertex   -1.161458e+01 -1.749322e+01 -1.400000e+02
      vertex   -3.330404e+01 -2.201307e+01 -1.400000e+02
      vertex   -3.366632e+01 -2.267205e+01 -1.400000e+02
    endloop
  endfacet
  facet normal 0.000000e+00 0.000000e+00 1.000000e+00
    outer loop
      vertex   -1.161458e+01 -1.749322e+01 -1.400000e+02
      vertex   -3.366632e+01 -2.267205e+01 -1.400000e+02
      vertex   -2.959518e+01 -3.861019e+01 -1.400000e+02
    endloop
  endfacet
  facet normal 0.000000e+00 0.000000e+00 1.000000e+00
    outer loop
      vertex   -2.959518e+01 -3.861019e+01 -1.400000e+02
      vertex   -3.366632e+01 -2.267205e+01 -1.400000e+02
      vertex   -3.194105e+01 -3.669319e+01 -1.400000e+02
    endloop
  endfacet
  facet normal 0.000000e+00 0.000000e+00 1.000000e+00
    outer loop
      vertex   -3.194105e+01 -3.669319e+01 -1.400000e+02
      vertex   -3.366632e+01 -2.267205e+01 -1.400000e+02
      vertex   -3.416305e+01 -3.463390e+01 -1.400000e+02
    endloop
  endfacet
  facet normal 0.000000e+00 -0.000000e+00 1.000000e+00
    outer loop
      vertex   -3.416305e+01 -3.463390e+01 -1.400000e+02
      vertex   -3.366632e+01 -2.267205e+01 -1.400000e+02
      vertex   -3.418110e+01 -2.322023e+01 -1.400000e+02
    endloop
  endfacet
  facet normal 0.000000e+00 0.000000e+00 1.000000e+00
    outer loop
      vertex   -3.416305e+01 -3.463390e+01 -1.400000e+02
      vertex   -3.418110e+01 -2.322023e+01 -1.400000e+02
      vertex   -3.625256e+01 -3.244030e+01 -1.400000e+02
    endloop
  endfacet
  facet normal 0.000000e+00 0.000000e+00 1.000000e+00
    outer loop
      vertex   -3.625256e+01 -3.244030e+01 -1.400000e+02
      vertex   -3.418110e+01 -2.322023e+01 -1.400000e+02
      vertex   -3.481603e+01 -2.362318e+01 -1.400000e+02
    endloop
  endfacet
  facet normal 0.000000e+00 -0.000000e+00 1.000000e+00
    outer loop
      vertex   -3.625256e+01 -3.244030e+01 -1.400000e+02
      vertex   -3.481603e+01 -2.362318e+01 -1.400000e+02
      vertex   -3.820148e+01 -3.012089e+01 -1.400000e+02
    endloop
  endfacet
  facet normal 0.000000e+00 0.000000e+00 1.000000e+00
    outer loop
      vertex   -3.820148e+01 -3.012089e+01 -1.400000e+02
      vertex   -3.481603e+01 -2.362318e+01 -1.400000e+02
      vertex   -3.553122e+01 -2.385556e+01 -1.400000e+02
    endloop
  endfacet
  facet normal 0.000000e+00 0.000000e+00 1.000000e+00
    outer loop
      vertex   -3.820148e+01 -3.012089e+01 -1.400000e+02
      vertex   -3.553122e+01 -2.385556e+01 -1.400000e+02
      vertex   -3.628174e+01 -2.390277e+01 -1.400000e+02
    endloop
  endfacet
  facet normal -4.548263e-15 -1.339091e-14 1.000000e+00
    outer loop
      vertex   -5.397160e+01 -1.497176e+01 -1.400000e+02
      vertex   -3.770085e+01 -1.837571e+01 -1.400000e+02
      vertex   -5.500000e+01 -1.250000e+01 -1.400000e+02
    endloop
  endfacet
  facet normal 0.000000e+00 0.000000e+00 1.000000e+00
    outer loop
      vertex   -5.500000e+01 -1.250000e+01 -1.400000e+02
      vertex   -3.770085e+01 -1.837571e+01 -1.400000e+02
      vertex   -3.702042e+01 -1.805552e+01 -1.400000e+02
    endloop
  endfacet
  facet normal 0.000000e+00 0.000000e+00 1.000000e+00
    outer loop
      vertex   -5.500000e+01 -1.250000e+01 -1.400000e+02
      vertex   -3.702042e+01 -1.805552e+01 -1.400000e+02
      vertex   -3.628174e+01 -1.791461e+01 -1.400000e+02
    endloop
  endfacet
  facet normal -1.394218e-15 1.685320e-15 1.000000e+00
    outer loop
      vertex   -3.770085e+01 -1.837571e+01 -1.400000e+02
      vertex   -5.397160e+01 -1.497176e+01 -1.400000e+02
      vertex   -3.828027e+01 -1.885505e+01 -1.400000e+02
    endloop
  endfacet
  facet normal -2.052691e-15 -9.753943e-16 1.000000e+00
    outer loop
      vertex   -3.828027e+01 -1.885505e+01 -1.400000e+02
      vertex   -5.397160e+01 -1.497176e+01 -1.400000e+02
      vertex   -5.279293e+01 -1.745225e+01 -1.400000e+02
    endloop
  endfacet
  facet normal -1.829898e-15 1.329499e-15 1.000000e+00
    outer loop
      vertex   -3.828027e+01 -1.885505e+01 -1.400000e+02
      vertex   -5.279293e+01 -1.745225e+01 -1.400000e+02
      vertex   -3.872229e+01 -1.946343e+01 -1.400000e+02
    endloop
  endfacet
  facet normal -4.305217e-16 1.111980e-14 1.000000e+00
    outer loop
      vertex   -3.872229e+01 -1.946343e+01 -1.400000e+02
      vertex   -5.279293e+01 -1.745225e+01 -1.400000e+02
      vertex   -5.146837e+01 -1.995692e+01 -1.400000e+02
    endloop
  endfacet
  facet normal 0.000000e+00 0.000000e+00 1.000000e+00
    outer loop
      vertex   -3.872229e+01 -1.946343e+01 -1.400000e+02
      vertex   -5.146837e+01 -1.995692e+01 -1.400000e+02
      vertex   -4.313202e+01 -2.250000e+01 -1.400000e+02
    endloop
  endfacet
  facet normal 0.000000e+00 0.000000e+00 1.000000e+00
    outer loop
      vertex   -4.313202e+01 -2.250000e+01 -1.400000e+02
      vertex   -5.146837e+01 -1.995692e+01 -1.400000e+02
      vertex   -5.000000e+01 -2.250000e+01 -1.400000e+02
    endloop
  endfacet
  facet normal 0.000000e+00 -0.000000e+00 1.000000e+00
    outer loop
      vertex   -4.164790e+01 -2.514108e+01 -1.400000e+02
      vertex   -3.872229e+01 -2.235396e+01 -1.400000e+02
      vertex   -4.313202e+01 -2.250000e+01 -1.400000e+02
    endloop
  endfacet
  facet normal 0.000000e+00 0.000000e+00 1.000000e+00
    outer loop
      vertex   -4.313202e+01 -2.250000e+01 -1.400000e+02
      vertex   -3.872229e+01 -2.235396e+01 -1.400000e+02
      vertex   -3.899912e+01 -2.165476e+01 -1.400000e+02
    endloop
  endfacet
  facet normal 0.000000e+00 0.000000e+00 1.000000e+00
    outer loop
      vertex   -4.313202e+01 -2.250000e+01 -1.400000e+02
      vertex   -3.899912e+01 -2.165476e+01 -1.400000e+02
      vertex   -3.909337e+01 -2.090869e+01 -1.400000e+02
    endloop
  endfacet
  facet normal 0.000000e+00 -0.000000e+00 1.000000e+00
    outer loop
      vertex   -4.000225e+01 -2.768467e+01 -1.400000e+02
      vertex   -3.770085e+01 -2.344168e+01 -1.400000e+02
      vertex   -4.164790e+01 -2.514108e+01 -1.400000e+02
    endloop
  endfacet
  facet normal 0.000000e+00 0.000000e+00 1.000000e+00
    outer loop
      vertex   -4.164790e+01 -2.514108e+01 -1.400000e+02
      vertex   -3.770085e+01 -2.344168e+01 -1.400000e+02
      vertex   -3.828027e+01 -2.296234e+01 -1.400000e+02
    endloop
  endfacet
  facet normal 0.000000e+00 0.000000e+00 1.000000e+00
    outer loop
      vertex   -4.164790e+01 -2.514108e+01 -1.400000e+02
      vertex   -3.828027e+01 -2.296234e+01 -1.400000e+02
      vertex   -3.872229e+01 -2.235396e+01 -1.400000e+02
    endloop
  endfacet
  facet normal 0.000000e+00 -0.000000e+00 1.000000e+00
    outer loop
      vertex   -3.820148e+01 -3.012089e+01 -1.400000e+02
      vertex   -3.628174e+01 -2.390277e+01 -1.400000e+02
      vertex   -4.000225e+01 -2.768467e+01 -1.400000e+02
    endloop
  endfacet
  facet normal 0.000000e+00 0.000000e+00 1.000000e+00
    outer loop
      vertex   -4.000225e+01 -2.768467e+01 -1.400000e+02
      vertex   -3.628174e+01 -2.390277e+01 -1.400000e+02
      vertex   -3.702042e+01 -2.376186e+01 -1.400000e+02
    endloop
  endfacet
  facet normal 0.000000e+00 0.000000e+00 1.000000e+00
    outer loop
      vertex   -4.000225e+01 -2.768467e+01 -1.400000e+02
      vertex   -3.702042e+01 -2.376186e+01 -1.400000e+02
      vertex   -3.770085e+01 -2.344168e+01 -1.400000e+02
    endloop
  endfacet
  facet normal 0.000000e+00 0.000000e+00 1.000000e+00
    outer loop
      vertex   -1.161458e+01 -1.749322e+01 -1.400000e+02
      vertex   -2.959518e+01 -3.861019e+01 -1.400000e+02
      vertex   -9.925458e+00 -1.850396e+01 -1.400000e+02
    endloop
  endfacet
  facet normal 0.000000e+00 0.000000e+00 1.000000e+00
    outer loop
      vertex   -9.925458e+00 -1.850396e+01 -1.400000e+02
      vertex   -2.959518e+01 -3.861019e+01 -1.400000e+02
      vertex   -2.713454e+01 -4.037744e+01 -1.400000e+02
    endloop
  endfacet
  facet normal 0.000000e+00 0.000000e+00 1.000000e+00
    outer loop
      vertex   -9.925458e+00 -1.850396e+01 -1.400000e+02
      vertex   -2.713454e+01 -4.037744e+01 -1.400000e+02
      vertex   -8.149108e+00 -1.935208e+01 -1.400000e+02
    endloop
  endfacet
  facet normal 0.000000e+00 0.000000e+00 1.000000e+00
    outer loop
      vertex   -8.149108e+00 -1.935208e+01 -1.400000e+02
      vertex   -2.713454e+01 -4.037744e+01 -1.400000e+02
      vertex   -2.456867e+01 -4.198811e+01 -1.400000e+02
    endloop
  endfacet
  facet normal 0.000000e+00 0.000000e+00 1.000000e+00
    outer loop
      vertex   -8.149108e+00 -1.935208e+01 -1.400000e+02
      vertex   -2.456867e+01 -4.198811e+01 -1.400000e+02
      vertex   -2.190752e+01 -4.343595e+01 -1.400000e+02
    endloop
  endfacet
  facet normal 0.000000e+00 -0.000000e+00 1.000000e+00
    outer loop
      vertex   -1.916141e+01 -4.471534e+01 -1.400000e+02
      vertex   -2.568144e+00 -4.026686e+01 -1.400000e+02
      vertex   -2.190752e+01 -4.343595e+01 -1.400000e+02
    endloop
  endfacet
  facet normal 0.000000e+00 0.000000e+00 1.000000e+00
    outer loop
      vertex   -2.190752e+01 -4.343595e+01 -1.400000e+02
      vertex   -2.568144e+00 -4.026686e+01 -1.400000e+02
      vertex   -2.126130e+00 -3.965848e+01 -1.400000e+02
    endloop
  endfacet
  facet normal 0.000000e+00 0.000000e+00 1.000000e+00
    outer loop
      vertex   -2.190752e+01 -4.343595e+01 -1.400000e+02
      vertex   -2.126130e+00 -3.965848e+01 -1.400000e+02
      vertex   -8.149108e+00 -1.935208e+01 -1.400000e+02
    endloop
  endfacet
  facet normal 0.000000e+00 0.000000e+00 1.000000e+00
    outer loop
      vertex   -8.149108e+00 -1.935208e+01 -1.400000e+02
      vertex   -2.126130e+00 -3.965848e+01 -1.400000e+02
      vertex   -6.301142e+00 -2.003015e+01 -1.400000e+02
    endloop
  endfacet
  facet normal 0.000000e+00 0.000000e+00 1.000000e+00
    outer loop
      vertex   -6.301142e+00 -2.003015e+01 -1.400000e+02
      vertex   -2.126130e+00 -3.965848e+01 -1.400000e+02
      vertex   -1.546704e+00 -3.917914e+01 -1.400000e+02
    endloop
  endfacet
  facet normal 0.000000e+00 0.000000e+00 1.000000e+00
    outer loop
      vertex   -6.301142e+00 -2.003015e+01 -1.400000e+02
      vertex   -1.546704e+00 -3.917914e+01 -1.400000e+02
      vertex   -4.397802e+00 -2.053218e+01 -1.400000e+02
    endloop
  endfacet
  facet normal 0.000000e+00 0.000000e+00 1.000000e+00
    outer loop
      vertex   -4.397802e+00 -2.053218e+01 -1.400000e+02
      vertex   -1.546704e+00 -3.917914e+01 -1.400000e+02
      vertex   -8.662747e-01 -3.885895e+01 -1.400000e+02
    endloop
  endfacet
  facet normal 0.000000e+00 0.000000e+00 1.000000e+00
    outer loop
      vertex   -4.397802e+00 -2.053218e+01 -1.400000e+02
      vertex   -8.662747e-01 -3.885895e+01 -1.400000e+02
      vertex   -2.455814e+00 -2.085378e+01 -1.400000e+02
    endloop
  endfacet
  facet normal 0.000000e+00 0.000000e+00 1.000000e+00
    outer loop
      vertex   -2.455814e+00 -2.085378e+01 -1.400000e+02
      vertex   -8.662747e-01 -3.885895e+01 -1.400000e+02
      vertex   -1.275953e-01 -3.871804e+01 -1.400000e+02
    endloop
  endfacet
  facet normal 0.000000e+00 0.000000e+00 1.000000e+00
    outer loop
      vertex   -2.455814e+00 -2.085378e+01 -1.400000e+02
      vertex   -1.275953e-01 -3.871804e+01 -1.400000e+02
      vertex   -4.922444e-01 -2.099211e+01 -1.400000e+02
    endloop
  endfacet
  facet normal -0.000000e+00 0.000000e+00 1.000000e+00
    outer loop
      vertex   -4.922444e-01 -2.099211e+01 -1.400000e+02
      vertex   -1.275953e-01 -3.871804e+01 -1.400000e+02
      vertex   1.475651e+00 -2.094597e+01 -1.400000e+02
    endloop
  endfacet
  facet normal 0.000000e+00 0.000000e+00 1.000000e+00
    outer loop
      vertex   1.475651e+00 -2.094597e+01 -1.400000e+02
      vertex   -1.275953e-01 -3.871804e+01 -1.400000e+02
      vertex   6.229202e-01 -3.876526e+01 -1.400000e+02
    endloop
  endfacet
  facet normal -0.000000e+00 0.000000e+00 1.000000e+00
    outer loop
      vertex   1.475651e+00 -2.094597e+01 -1.400000e+02
      vertex   6.229202e-01 -3.876526e+01 -1.400000e+02
      vertex   3.430579e+00 -2.071575e+01 -1.400000e+02
    endloop
  endfacet
  facet normal 0.000000e+00 0.000000e+00 1.000000e+00
    outer loop
      vertex   3.430579e+00 -2.071575e+01 -1.400000e+02
      vertex   6.229202e-01 -3.876526e+01 -1.400000e+02
      vertex   1.338114e+00 -3.899764e+01 -1.400000e+02
    endloop
  endfacet
  facet normal -0.000000e+00 0.000000e+00 1.000000e+00
    outer loop
      vertex   3.430579e+00 -2.071575e+01 -1.400000e+02
      vertex   1.338114e+00 -3.899764e+01 -1.400000e+02
      vertex   5.355358e+00 -2.030348e+01 -1.400000e+02
    endloop
  endfacet
  facet normal 0.000000e+00 0.000000e+00 1.000000e+00
    outer loop
      vertex   5.355358e+00 -2.030348e+01 -1.400000e+02
      vertex   1.338114e+00 -3.899764e+01 -1.400000e+02
      vertex   1.973048e+00 -3.940058e+01 -1.400000e+02
    endloop
  endfacet
  facet normal -0.000000e+00 0.000000e+00 1.000000e+00
    outer loop
      vertex   5.355358e+00 -2.030348e+01 -1.400000e+02
      vertex   1.973048e+00 -3.940058e+01 -1.400000e+02
      vertex   7.233075e+00 -1.971278e+01 -1.400000e+02
    endloop
  endfacet
  facet normal 0.000000e+00 0.000000e+00 1.000000e+00
    outer loop
      vertex   7.233075e+00 -1.971278e+01 -1.400000e+02
      vertex   1.973048e+00 -3.940058e+01 -1.400000e+02
      vertex   2.487827e+00 -3.994877e+01 -1.400000e+02
    endloop
  endfacet
  facet normal 0.000000e+00 0.000000e+00 1.000000e+00
    outer loop
      vertex   7.233075e+00 -1.971278e+01 -1.400000e+02
      vertex   2.487827e+00 -3.994877e+01 -1.400000e+02
      vertex   2.456867e+01 -4.198811e+01 -1.400000e+02
    endloop
  endfacet
  facet normal 0.000000e+00 0.000000e+00 1.000000e+00
    outer loop
      vertex   2.456867e+01 -4.198811e+01 -1.400000e+02
      vertex   2.487827e+00 -3.994877e+01 -1.400000e+02
      vertex   2.190752e+01 -4.343595e+01 -1.400000e+02
    endloop
  endfacet
  facet normal 0.000000e+00 0.000000e+00 1.000000e+00
    outer loop
      vertex   2.190752e+01 -4.343595e+01 -1.400000e+02
      vertex   2.487827e+00 -3.994877e+01 -1.400000e+02
      vertex   1.916141e+01 -4.471534e+01 -1.400000e+02
    endloop
  endfacet
  facet normal 0.000000e+00 0.000000e+00 1.000000e+00
    outer loop
      vertex   1.916141e+01 -4.471534e+01 -1.400000e+02
      vertex   2.487827e+00 -3.994877e+01 -1.400000e+02
      vertex   2.850106e+00 -4.060775e+01 -1.400000e+02
    endloop
  endfacet
  facet normal 0.000000e+00 0.000000e+00 1.000000e+00
    outer loop
      vertex   1.916141e+01 -4.471534e+01 -1.400000e+02
      vertex   2.850106e+00 -4.060775e+01 -1.400000e+02
      vertex   1.634099e+01 -4.582132e+01 -1.400000e+02
    endloop
  endfacet
  facet normal 0.000000e+00 0.000000e+00 1.000000e+00
    outer loop
      vertex   1.634099e+01 -4.582132e+01 -1.400000e+02
      vertex   2.850106e+00 -4.060775e+01 -1.400000e+02
      vertex   1.345720e+01 -4.674960e+01 -1.400000e+02
    endloop
  endfacet
  facet normal 0.000000e+00 0.000000e+00 1.000000e+00
    outer loop
      vertex   1.345720e+01 -4.674960e+01 -1.400000e+02
      vertex   2.850106e+00 -4.060775e+01 -1.400000e+02
      vertex   3.037120e+00 -4.133612e+01 -1.400000e+02
    endloop
  endfacet
  facet normal 0.000000e+00 0.000000e+00 1.000000e+00
    outer loop
      vertex   1.345720e+01 -4.674960e+01 -1.400000e+02
      vertex   3.037120e+00 -4.133612e+01 -1.400000e+02
      vertex   1.052122e+01 -4.749658e+01 -1.400000e+02
    endloop
  endfacet
  facet normal 0.000000e+00 0.000000e+00 1.000000e+00
    outer loop
      vertex   1.052122e+01 -4.749658e+01 -1.400000e+02
      vertex   3.037120e+00 -4.133612e+01 -1.400000e+02
      vertex   3.037120e+00 -4.208812e+01 -1.400000e+02
    endloop
  endfacet
  facet normal 0.000000e+00 0.000000e+00 1.000000e+00
    outer loop
      vertex   1.052122e+01 -4.749658e+01 -1.400000e+02
      vertex   3.037120e+00 -4.208812e+01 -1.400000e+02
      vertex   2.850106e+00 -4.281649e+01 -1.400000e+02
    endloop
  endfacet
  facet normal -0.000000e+00 0.000000e+00 1.000000e+00
    outer loop
      vertex   -1.916141e+01 -4.471534e+01 -1.400000e+02
      vertex   -1.634099e+01 -4.582132e+01 -1.400000e+02
      vertex   -2.568144e+00 -4.026686e+01 -1.400000e+02
    endloop
  endfacet
  facet normal 0.000000e+00 0.000000e+00 1.000000e+00
    outer loop
      vertex   -2.568144e+00 -4.026686e+01 -1.400000e+02
      vertex   -1.634099e+01 -4.582132e+01 -1.400000e+02
      vertex   -2.844973e+00 -4.096605e+01 -1.400000e+02
    endloop
  endfacet
  facet normal 0.000000e+00 0.000000e+00 1.000000e+00
    outer loop
      vertex   -2.844973e+00 -4.096605e+01 -1.400000e+02
      vertex   -1.634099e+01 -4.582132e+01 -1.400000e+02
      vertex   -1.345720e+01 -4.674960e+01 -1.400000e+02
    endloop
  endfacet
  facet normal 0.000000e+00 0.000000e+00 1.000000e+00
    outer loop
      vertex   -2.844973e+00 -4.096605e+01 -1.400000e+02
      vertex   -1.345720e+01 -4.674960e+01 -1.400000e+02
      vertex   -2.939224e+00 -4.171212e+01 -1.400000e+02
    endloop
  endfacet
  facet normal 0.000000e+00 0.000000e+00 1.000000e+00
    outer loop
      vertex   -2.939224e+00 -4.171212e+01 -1.400000e+02
      vertex   -1.345720e+01 -4.674960e+01 -1.400000e+02
      vertex   -1.052122e+01 -4.749658e+01 -1.400000e+02
    endloop
  endfacet
  facet normal 0.000000e+00 0.000000e+00 1.000000e+00
    outer loop
      vertex   -2.939224e+00 -4.171212e+01 -1.400000e+02
      vertex   -1.052122e+01 -4.749658e+01 -1.400000e+02
      vertex   -2.844973e+00 -4.245819e+01 -1.400000e+02
    endloop
  endfacet
  facet normal 0.000000e+00 0.000000e+00 1.000000e+00
    outer loop
      vertex   -2.844973e+00 -4.245819e+01 -1.400000e+02
      vertex   -1.052122e+01 -4.749658e+01 -1.400000e+02
      vertex   -7.544437e+00 -4.805937e+01 -1.400000e+02
    endloop
  endfacet
  facet normal 0.000000e+00 0.000000e+00 1.000000e+00
    outer loop
      vertex   -2.844973e+00 -4.245819e+01 -1.400000e+02
      vertex   -7.544437e+00 -4.805937e+01 -1.400000e+02
      vertex   -2.568144e+00 -4.315738e+01 -1.400000e+02
    endloop
  endfacet
  facet normal 0.000000e+00 0.000000e+00 1.000000e+00
    outer loop
      vertex   -2.568144e+00 -4.315738e+01 -1.400000e+02
      vertex   -7.544437e+00 -4.805937e+01 -1.400000e+02
      vertex   -2.126130e+00 -4.376576e+01 -1.400000e+02
    endloop
  endfacet
  facet normal 0.000000e+00 0.000000e+00 1.000000e+00
    outer loop
      vertex   -2.126130e+00 -4.376576e+01 -1.400000e+02
      vertex   -7.544437e+00 -4.805937e+01 -1.400000e+02
      vertex   -4.538397e+00 -4.843577e+01 -1.400000e+02
    endloop
  endfacet
  facet normal 0.000000e+00 0.000000e+00 1.000000e+00
    outer loop
      vertex   -2.126130e+00 -4.376576e+01 -1.400000e+02
      vertex   -4.538397e+00 -4.843577e+01 -1.400000e+02
      vertex   -1.546704e+00 -4.424510e+01 -1.400000e+02
    endloop
  endfacet
  facet normal 0.000000e+00 0.000000e+00 1.000000e+00
    outer loop
      vertex   -1.546704e+00 -4.424510e+01 -1.400000e+02
      vertex   -4.538397e+00 -4.843577e+01 -1.400000e+02
      vertex   -1.514757e+00 -4.862434e+01 -1.400000e+02
    endloop
  endfacet
  facet normal 0.000000e+00 0.000000e+00 1.000000e+00
    outer loop
      vertex   -1.546704e+00 -4.424510e+01 -1.400000e+02
      vertex   -1.514757e+00 -4.862434e+01 -1.400000e+02
      vertex   -8.662747e-01 -4.456529e+01 -1.400000e+02
    endloop
  endfacet
  facet normal 0.000000e+00 0.000000e+00 1.000000e+00
    outer loop
      vertex   -8.662747e-01 -4.456529e+01 -1.400000e+02
      vertex   -1.514757e+00 -4.862434e+01 -1.400000e+02
      vertex   -1.275953e-01 -4.470620e+01 -1.400000e+02
    endloop
  endfacet
  facet normal 0.000000e+00 0.000000e+00 1.000000e+00
    outer loop
      vertex   -1.275953e-01 -4.470620e+01 -1.400000e+02
      vertex   -1.514757e+00 -4.862434e+01 -1.400000e+02
      vertex   1.514757e+00 -4.862434e+01 -1.400000e+02
    endloop
  endfacet
  facet normal -0.000000e+00 0.000000e+00 1.000000e+00
    outer loop
      vertex   -1.275953e-01 -4.470620e+01 -1.400000e+02
      vertex   1.514757e+00 -4.862434e+01 -1.400000e+02
      vertex   6.229202e-01 -4.465898e+01 -1.400000e+02
    endloop
  endfacet
  facet normal -0.000000e+00 0.000000e+00 1.000000e+00
    outer loop
      vertex   6.229202e-01 -4.465898e+01 -1.400000e+02
      vertex   1.514757e+00 -4.862434e+01 -1.400000e+02
      vertex   1.338114e+00 -4.442660e+01 -1.400000e+02
    endloop
  endfacet
  facet normal 0.000000e+00 0.000000e+00 1.000000e+00
    outer loop
      vertex   1.338114e+00 -4.442660e+01 -1.400000e+02
      vertex   1.514757e+00 -4.862434e+01 -1.400000e+02
      vertex   4.538397e+00 -4.843577e+01 -1.400000e+02
    endloop
  endfacet
  facet normal -0.000000e+00 0.000000e+00 1.000000e+00
    outer loop
      vertex   1.338114e+00 -4.442660e+01 -1.400000e+02
      vertex   4.538397e+00 -4.843577e+01 -1.400000e+02
      vertex   1.973048e+00 -4.402366e+01 -1.400000e+02
    endloop
  endfacet
  facet normal -0.000000e+00 0.000000e+00 1.000000e+00
    outer loop
      vertex   1.973048e+00 -4.402366e+01 -1.400000e+02
      vertex   4.538397e+00 -4.843577e+01 -1.400000e+02
      vertex   2.487827e+00 -4.347548e+01 -1.400000e+02
    endloop
  endfacet
  facet normal 0.000000e+00 0.000000e+00 1.000000e+00
    outer loop
      vertex   2.487827e+00 -4.347548e+01 -1.400000e+02
      vertex   4.538397e+00 -4.843577e+01 -1.400000e+02
      vertex   7.544437e+00 -4.805937e+01 -1.400000e+02
    endloop
  endfacet
  facet normal -0.000000e+00 0.000000e+00 1.000000e+00
    outer loop
      vertex   2.487827e+00 -4.347548e+01 -1.400000e+02
      vertex   7.544437e+00 -4.805937e+01 -1.400000e+02
      vertex   2.850106e+00 -4.281649e+01 -1.400000e+02
    endloop
  endfacet
  facet normal 0.000000e+00 0.000000e+00 1.000000e+00
    outer loop
      vertex   2.850106e+00 -4.281649e+01 -1.400000e+02
      vertex   7.544437e+00 -4.805937e+01 -1.400000e+02
      vertex   1.052122e+01 -4.749658e+01 -1.400000e+02
    endloop
  endfacet
  facet normal -0.000000e+00 0.000000e+00 1.000000e+00
    outer loop
      vertex   7.233075e+00 -1.971278e+01 -1.400000e+02
      vertex   2.456867e+01 -4.198811e+01 -1.400000e+02
      vertex   9.047227e+00 -1.894885e+01 -1.400000e+02
    endloop
  endfacet
  facet normal 0.000000e+00 0.000000e+00 1.000000e+00
    outer loop
      vertex   9.047227e+00 -1.894885e+01 -1.400000e+02
      vertex   2.456867e+01 -4.198811e+01 -1.400000e+02
      vertex   2.713454e+01 -4.037744e+01 -1.400000e+02
    endloop
  endfacet
  facet normal 0.000000e+00 0.000000e+00 1.000000e+00
    outer loop
      vertex   9.047227e+00 -1.894885e+01 -1.400000e+02
      vertex   2.713454e+01 -4.037744e+01 -1.400000e+02
      vertex   2.959518e+01 -3.861019e+01 -1.400000e+02
    endloop
  endfacet
  facet normal -0.000000e+00 0.000000e+00 1.000000e+00
    outer loop
      vertex   9.047227e+00 -1.894885e+01 -1.400000e+02
      vertex   2.959518e+01 -3.861019e+01 -1.400000e+02
      vertex   1.078187e+01 -1.801839e+01 -1.400000e+02
    endloop
  endfacet
  facet normal 0.000000e+00 0.000000e+00 1.000000e+00
    outer loop
      vertex   1.078187e+01 -1.801839e+01 -1.400000e+02
      vertex   2.959518e+01 -3.861019e+01 -1.400000e+02
      vertex   3.194105e+01 -3.669319e+01 -1.400000e+02
    endloop
  endfacet
  facet normal 0.000000e+00 0.000000e+00 1.000000e+00
    outer loop
      vertex   1.078187e+01 -1.801839e+01 -1.400000e+02
      vertex   3.194105e+01 -3.669319e+01 -1.400000e+02
      vertex   3.352522e+01 -2.224869e+01 -1.400000e+02
    endloop
  endfacet
  facet normal 0.000000e+00 0.000000e+00 1.000000e+00
    outer loop
      vertex   3.352522e+01 -2.224869e+01 -1.400000e+02
      vertex   3.194105e+01 -3.669319e+01 -1.400000e+02
      vertex   3.396724e+01 -2.285707e+01 -1.400000e+02
    endloop
  endfacet
  facet normal 0.000000e+00 0.000000e+00 1.000000e+00
    outer loop
      vertex   3.396724e+01 -2.285707e+01 -1.400000e+02
      vertex   3.194105e+01 -3.669319e+01 -1.400000e+02
      vertex   3.416305e+01 -3.463390e+01 -1.400000e+02
    endloop
  endfacet
  facet normal 0.000000e+00 0.000000e+00 1.000000e+00
    outer loop
      vertex   3.396724e+01 -2.285707e+01 -1.400000e+02
      vertex   3.416305e+01 -3.463390e+01 -1.400000e+02
      vertex   3.454666e+01 -2.333641e+01 -1.400000e+02
    endloop
  endfacet
  facet normal 0.000000e+00 0.000000e+00 1.000000e+00
    outer loop
      vertex   3.454666e+01 -2.333641e+01 -1.400000e+02
      vertex   3.416305e+01 -3.463390e+01 -1.400000e+02
      vertex   3.625256e+01 -3.244030e+01 -1.400000e+02
    endloop
  endfacet
  facet normal 0.000000e+00 0.000000e+00 1.000000e+00
    outer loop
      vertex   3.454666e+01 -2.333641e+01 -1.400000e+02
      vertex   3.625256e+01 -3.244030e+01 -1.400000e+02
      vertex   3.522709e+01 -2.365660e+01 -1.400000e+02
    endloop
  endfacet
  facet normal 0.000000e+00 0.000000e+00 1.000000e+00
    outer loop
      vertex   3.522709e+01 -2.365660e+01 -1.400000e+02
      vertex   3.625256e+01 -3.244030e+01 -1.400000e+02
      vertex   3.820148e+01 -3.012089e+01 -1.400000e+02
    endloop
  endfacet
  facet normal 0.000000e+00 0.000000e+00 1.000000e+00
    outer loop
      vertex   3.522709e+01 -2.365660e+01 -1.400000e+02
      vertex   3.820148e+01 -3.012089e+01 -1.400000e+02
      vertex   3.596577e+01 -2.379751e+01 -1.400000e+02
    endloop
  endfacet
  facet normal 0.000000e+00 0.000000e+00 1.000000e+00
    outer loop
      vertex   3.596577e+01 -2.379751e+01 -1.400000e+02
      vertex   3.820148e+01 -3.012089e+01 -1.400000e+02
      vertex   4.000225e+01 -2.768467e+01 -1.400000e+02
    endloop
  endfacet
  facet normal -0.000000e+00 0.000000e+00 1.000000e+00
    outer loop
      vertex   3.596577e+01 -2.379751e+01 -1.400000e+02
      vertex   4.000225e+01 -2.768467e+01 -1.400000e+02
      vertex   3.671629e+01 -2.375029e+01 -1.400000e+02
    endloop
  endfacet
  facet normal -0.000000e+00 0.000000e+00 1.000000e+00
    outer loop
      vertex   3.671629e+01 -2.375029e+01 -1.400000e+02
      vertex   4.000225e+01 -2.768467e+01 -1.400000e+02
      vertex   3.743148e+01 -2.351791e+01 -1.400000e+02
    endloop
  endfacet
  facet normal 0.000000e+00 0.000000e+00 1.000000e+00
    outer loop
      vertex   3.743148e+01 -2.351791e+01 -1.400000e+02
      vertex   4.000225e+01 -2.768467e+01 -1.400000e+02
      vertex   4.164790e+01 -2.514108e+01 -1.400000e+02
    endloop
  endfacet
  facet normal -0.000000e+00 0.000000e+00 1.000000e+00
    outer loop
      vertex   3.743148e+01 -2.351791e+01 -1.400000e+02
      vertex   4.164790e+01 -2.514108e+01 -1.400000e+02
      vertex   3.806642e+01 -2.311497e+01 -1.400000e+02
    endloop
  endfacet
  facet normal -0.000000e+00 0.000000e+00 1.000000e+00
    outer loop
      vertex   3.806642e+01 -2.311497e+01 -1.400000e+02
      vertex   4.164790e+01 -2.514108e+01 -1.400000e+02
      vertex   3.858120e+01 -2.256678e+01 -1.400000e+02
    endloop
  endfacet
  facet normal -0.000000e+00 0.000000e+00 1.000000e+00
    outer loop
      vertex   3.858120e+01 -2.256678e+01 -1.400000e+02
      vertex   4.164790e+01 -2.514108e+01 -1.400000e+02
      vertex   4.313202e+01 -2.250000e+01 -1.400000e+02
    endloop
  endfacet
  facet normal 0.000000e+00 0.000000e+00 1.000000e+00
    outer loop
      vertex   3.858120e+01 -2.256678e+01 -1.400000e+02
      vertex   4.313202e+01 -2.250000e+01 -1.400000e+02
      vertex   3.894347e+01 -2.190780e+01 -1.400000e+02
    endloop
  endfacet
  facet normal -0.000000e+00 0.000000e+00 1.000000e+00
    outer loop
      vertex   3.894347e+01 -2.190780e+01 -1.400000e+02
      vertex   4.313202e+01 -2.250000e+01 -1.400000e+02
      vertex   3.913049e+01 -2.117943e+01 -1.400000e+02
    endloop
  endfacet
  facet normal -0.000000e+00 0.000000e+00 1.000000e+00
    outer loop
      vertex   3.913049e+01 -2.117943e+01 -1.400000e+02
      vertex   4.313202e+01 -2.250000e+01 -1.400000e+02
      vertex   3.913049e+01 -2.042743e+01 -1.400000e+02
    endloop
  endfacet
  facet normal -0.000000e+00 -0.000000e+00 1.000000e+00
    outer loop
      vertex   3.913049e+01 -2.042743e+01 -1.400000e+02
      vertex   4.313202e+01 -2.250000e+01 -1.400000e+02
      vertex   3.894347e+01 -1.969905e+01 -1.400000e+02
    endloop
  endfacet
  facet normal -0.000000e+00 -0.000000e+00 1.000000e+00
    outer loop
      vertex   3.894347e+01 -1.969905e+01 -1.400000e+02
      vertex   4.313202e+01 -2.250000e+01 -1.400000e+02
      vertex   3.858120e+01 -1.904007e+01 -1.400000e+02
    endloop
  endfacet
  facet normal 2.433106e-15 3.200251e-15 1.000000e+00
    outer loop
      vertex   3.858120e+01 -1.904007e+01 -1.400000e+02
      vertex   4.313202e+01 -2.250000e+01 -1.400000e+02
      vertex   5.146837e+01 -1.995692e+01 -1.400000e+02
    endloop
  endfacet
  facet normal 1.347424e-15 -1.206005e-14 1.000000e+00
    outer loop
      vertex   3.858120e+01 -1.904007e+01 -1.400000e+02
      vertex   5.146837e+01 -1.995692e+01 -1.400000e+02
      vertex   5.279293e+01 -1.745225e+01 -1.400000e+02
    endloop
  endfacet
  facet normal 1.156249e-29 1.117609e-14 1.000000e+00
    outer loop
      vertex   4.313202e+01 -2.250000e+01 -1.400000e+02
      vertex   5.000000e+01 -2.250000e+01 -1.400000e+02
      vertex   5.146837e+01 -1.995692e+01 -1.400000e+02
    endloop
  endfacet
  facet normal 0.000000e+00 -0.000000e+00 1.000000e+00
    outer loop
      vertex   3.858120e+01 -1.904007e+01 -1.400000e+02
      vertex   5.279293e+01 -1.745225e+01 -1.400000e+02
      vertex   3.806642e+01 -1.849189e+01 -1.400000e+02
    endloop
  endfacet
  facet normal -8.369809e-16 1.185585e-14 1.000000e+00
    outer loop
      vertex   3.806642e+01 -1.849189e+01 -1.400000e+02
      vertex   5.279293e+01 -1.745225e+01 -1.400000e+02
      vertex   5.397160e+01 -1.497176e+01 -1.400000e+02
    endloop
  endfacet
  facet normal 1.324897e-15 2.087704e-15 1.000000e+00
    outer loop
      vertex   3.806642e+01 -1.849189e+01 -1.400000e+02
      vertex   5.397160e+01 -1.497176e+01 -1.400000e+02
      vertex   3.743148e+01 -1.808895e+01 -1.400000e+02
    endloop
  endfacet
  facet normal 4.215970e-15 -1.325265e-14 1.000000e+00
    outer loop
      vertex   3.743148e+01 -1.808895e+01 -1.400000e+02
      vertex   5.397160e+01 -1.497176e+01 -1.400000e+02
      vertex   5.500000e+01 -1.250000e+01 -1.400000e+02
    endloop
  endfacet
  facet normal 0.000000e+00 -0.000000e+00 1.000000e+00
    outer loop
      vertex   3.743148e+01 -1.808895e+01 -1.400000e+02
      vertex   5.500000e+01 -1.250000e+01 -1.400000e+02
      vertex   3.671629e+01 -1.785656e+01 -1.400000e+02
    endloop
  endfacet
  facet normal 0.000000e+00 -0.000000e+00 1.000000e+00
    outer loop
      vertex   3.671629e+01 -1.785656e+01 -1.400000e+02
      vertex   5.500000e+01 -1.250000e+01 -1.400000e+02
      vertex   2.090562e+01 -1.966273e+00 -1.400000e+02
    endloop
  endfacet
  facet normal 0.000000e+00 0.000000e+00 1.000000e+00
    outer loop
      vertex   3.671629e+01 -1.785656e+01 -1.400000e+02
      vertex   2.090562e+01 -1.966273e+00 -1.400000e+02
      vertex   3.596577e+01 -1.780935e+01 -1.400000e+02
    endloop
  endfacet
  facet normal 0.000000e+00 0.000000e+00 1.000000e+00
    outer loop
      vertex   3.596577e+01 -1.780935e+01 -1.400000e+02
      vertex   2.090562e+01 -1.966273e+00 -1.400000e+02
      vertex   2.062963e+01 -3.915267e+00 -1.400000e+02
    endloop
  endfacet
  facet normal 0.000000e+00 0.000000e+00 1.000000e+00
    outer loop
      vertex   3.596577e+01 -1.780935e+01 -1.400000e+02
      vertex   2.062963e+01 -3.915267e+00 -1.400000e+02
      vertex   2.017236e+01 -5.829853e+00 -1.400000e+02
    endloop
  endfacet
  facet normal -0.000000e+00 0.000000e+00 1.000000e+00
    outer loop
      vertex   2.090562e+01 -1.966273e+00 -1.400000e+02
      vertex   5.500000e+01 -1.250000e+01 -1.400000e+02
      vertex   2.099788e+01 -1.869393e-15 -1.400000e+02
    endloop
  endfacet
  facet normal -0.000000e+00 0.000000e+00 1.000000e+00
    outer loop
      vertex   2.099788e+01 -1.869393e-15 -1.400000e+02
      vertex   5.500000e+01 -1.250000e+01 -1.400000e+02
      vertex   5.500000e+01 1.250000e+01 -1.400000e+02
    endloop
  endfacet
  facet normal 0.000000e+00 -0.000000e+00 1.000000e+00
    outer loop
      vertex   2.099788e+01 -1.869393e-15 -1.400000e+02
      vertex   5.500000e+01 1.250000e+01 -1.400000e+02
      vertex   2.090562e+01 1.966273e+00 -1.400000e+02
    endloop
  endfacet
  facet normal -0.000000e+00 0.000000e+00 1.000000e+00
    outer loop
      vertex   3.852042e+01 2.267205e+01 -1.400000e+02
      vertex   3.888270e+01 2.201307e+01 -1.400000e+02
      vertex   4.179292e+01 2.489926e+01 -1.400000e+02
    endloop
  endfacet
  facet normal -0.000000e+00 0.000000e+00 1.000000e+00
    outer loop
      vertex   3.906971e+01 2.053269e+01 -1.400000e+02
      vertex   3.888270e+01 1.980432e+01 -1.400000e+02
      vertex   4.313202e+01 2.250000e+01 -1.400000e+02
    endloop
  endfacet
  facet normal 0.000000e+00 0.000000e+00 1.000000e+00
    outer loop
      vertex   4.313202e+01 2.250000e+01 -1.400000e+02
      vertex   3.888270e+01 1.980432e+01 -1.400000e+02
      vertex   3.852042e+01 1.914534e+01 -1.400000e+02
    endloop
  endfacet
  facet normal -0.000000e+00 0.000000e+00 1.000000e+00
    outer loop
      vertex   -3.487681e+01 2.351791e+01 -1.400000e+02
      vertex   -3.424187e+01 2.311497e+01 -1.400000e+02
      vertex   -2.672467e+01 3.450991e+01 -1.400000e+02
    endloop
  endfacet
  facet normal 0.000000e+00 0.000000e+00 1.000000e+00
    outer loop
      vertex   -2.672467e+01 3.450991e+01 -1.400000e+02
      vertex   -3.424187e+01 2.311497e+01 -1.400000e+02
      vertex   -3.372709e+01 2.256678e+01 -1.400000e+02
    endloop
  endfacet
  facet normal 0.000000e+00 0.000000e+00 1.000000e+00
    outer loop
      vertex   -2.672467e+01 3.450991e+01 -1.400000e+02
      vertex   -3.372709e+01 2.256678e+01 -1.400000e+02
      vertex   -3.336482e+01 2.190780e+01 -1.400000e+02
    endloop
  endfacet
  facet normal 0.000000e+00 0.000000e+00 1.000000e+00
    outer loop
      vertex   -2.672467e+01 3.450991e+01 -1.400000e+02
      vertex   -3.336482e+01 2.190780e+01 -1.400000e+02
      vertex   -1.320164e+01 1.632874e+01 -1.400000e+02
    endloop
  endfacet
  facet normal 0.000000e+00 0.000000e+00 1.000000e+00
    outer loop
      vertex   -1.320164e+01 1.632874e+01 -1.400000e+02
      vertex   -3.336482e+01 2.190780e+01 -1.400000e+02
      vertex   -3.317780e+01 2.117943e+01 -1.400000e+02
    endloop
  endfacet
  facet normal 0.000000e+00 0.000000e+00 1.000000e+00
    outer loop
      vertex   -1.320164e+01 1.632874e+01 -1.400000e+02
      vertex   -3.317780e+01 2.117943e+01 -1.400000e+02
      vertex   -1.467268e+01 1.502077e+01 -1.400000e+02
    endloop
  endfacet
  facet normal 0.000000e+00 0.000000e+00 1.000000e+00
    outer loop
      vertex   -1.467268e+01 1.502077e+01 -1.400000e+02
      vertex   -3.317780e+01 2.117943e+01 -1.400000e+02
      vertex   -3.317780e+01 2.042743e+01 -1.400000e+02
    endloop
  endfacet
  facet normal 0.000000e+00 0.000000e+00 1.000000e+00
    outer loop
      vertex   -1.467268e+01 1.502077e+01 -1.400000e+02
      vertex   -3.317780e+01 2.042743e+01 -1.400000e+02
      vertex   -1.601477e+01 1.358080e+01 -1.400000e+02
    endloop
  endfacet
  facet normal 0.000000e+00 0.000000e+00 1.000000e+00
    outer loop
      vertex   -1.601477e+01 1.358080e+01 -1.400000e+02
      vertex   -3.317780e+01 2.042743e+01 -1.400000e+02
      vertex   -3.336482e+01 1.969905e+01 -1.400000e+02
    endloop
  endfacet
  facet normal 0.000000e+00 0.000000e+00 1.000000e+00
    outer loop
      vertex   -1.601477e+01 1.358080e+01 -1.400000e+02
      vertex   -3.336482e+01 1.969905e+01 -1.400000e+02
      vertex   -1.721613e+01 1.202148e+01 -1.400000e+02
    endloop
  endfacet
  facet normal 0.000000e+00 0.000000e+00 1.000000e+00
    outer loop
      vertex   -1.721613e+01 1.202148e+01 -1.400000e+02
      vertex   -3.336482e+01 1.969905e+01 -1.400000e+02
      vertex   -3.372709e+01 1.904007e+01 -1.400000e+02
    endloop
  endfacet
  facet normal 0.000000e+00 0.000000e+00 1.000000e+00
    outer loop
      vertex   -1.721613e+01 1.202148e+01 -1.400000e+02
      vertex   -3.372709e+01 1.904007e+01 -1.400000e+02
      vertex   -1.826619e+01 1.035651e+01 -1.400000e+02
    endloop
  endfacet
  facet normal 0.000000e+00 0.000000e+00 1.000000e+00
    outer loop
      vertex   -1.826619e+01 1.035651e+01 -1.400000e+02
      vertex   -3.372709e+01 1.904007e+01 -1.400000e+02
      vertex   -3.424187e+01 1.849189e+01 -1.400000e+02
    endloop
  endfacet
  facet normal 0.000000e+00 0.000000e+00 1.000000e+00
    outer loop
      vertex   -1.826619e+01 1.035651e+01 -1.400000e+02
      vertex   -3.424187e+01 1.849189e+01 -1.400000e+02
      vertex   -1.915573e+01 8.600531e+00 -1.400000e+02
    endloop
  endfacet
  facet normal 0.000000e+00 0.000000e+00 1.000000e+00
    outer loop
      vertex   -1.915573e+01 8.600531e+00 -1.400000e+02
      vertex   -3.424187e+01 1.849189e+01 -1.400000e+02
      vertex   -3.487681e+01 1.808895e+01 -1.400000e+02
    endloop
  endfacet
  facet normal 0.000000e+00 0.000000e+00 1.000000e+00
    outer loop
      vertex   -1.915573e+01 8.600531e+00 -1.400000e+02
      vertex   -3.487681e+01 1.808895e+01 -1.400000e+02
      vertex   -1.987693e+01 6.768969e+00 -1.400000e+02
    endloop
  endfacet
  facet normal 0.000000e+00 0.000000e+00 1.000000e+00
    outer loop
      vertex   -1.987693e+01 6.768969e+00 -1.400000e+02
      vertex   -3.487681e+01 1.808895e+01 -1.400000e+02
      vertex   -3.559200e+01 1.785656e+01 -1.400000e+02
    endloop
  endfacet
  facet normal 0.000000e+00 0.000000e+00 1.000000e+00
    outer loop
      vertex   -1.987693e+01 6.768969e+00 -1.400000e+02
      vertex   -3.559200e+01 1.785656e+01 -1.400000e+02
      vertex   -2.042344e+01 4.877921e+00 -1.400000e+02
    endloop
  endfacet
  facet normal 0.000000e+00 0.000000e+00 1.000000e+00
    outer loop
      vertex   -2.042344e+01 4.877921e+00 -1.400000e+02
      vertex   -3.559200e+01 1.785656e+01 -1.400000e+02
      vertex   -2.079048e+01 2.944006e+00 -1.400000e+02
    endloop
  endfacet
  facet normal 0.000000e+00 0.000000e+00 1.000000e+00
    outer loop
      vertex   -2.079048e+01 2.944006e+00 -1.400000e+02
      vertex   -3.559200e+01 1.785656e+01 -1.400000e+02
      vertex   -3.634252e+01 1.780935e+01 -1.400000e+02
    endloop
  endfacet
  facet normal 0.000000e+00 0.000000e+00 1.000000e+00
    outer loop
      vertex   3.324840e+01 -2.005736e+01 -1.400000e+02
      vertex   1.536061e+01 -1.431652e+01 -1.400000e+02
      vertex   3.315414e+01 -2.080343e+01 -1.400000e+02
    endloop
  endfacet
  facet normal 0.000000e+00 0.000000e+00 1.000000e+00
    outer loop
      vertex   3.315414e+01 -2.080343e+01 -1.400000e+02
      vertex   1.536061e+01 -1.431652e+01 -1.400000e+02
      vertex   1.395249e+01 -1.569200e+01 -1.400000e+02
    endloop
  endfacet
  facet normal 0.000000e+00 0.000000e+00 1.000000e+00
    outer loop
      vertex   3.315414e+01 -2.080343e+01 -1.400000e+02
      vertex   1.395249e+01 -1.569200e+01 -1.400000e+02
      vertex   3.324840e+01 -2.154950e+01 -1.400000e+02
    endloop
  endfacet
  facet normal 0.000000e+00 0.000000e+00 1.000000e+00
    outer loop
      vertex   3.324840e+01 -2.154950e+01 -1.400000e+02
      vertex   1.395249e+01 -1.569200e+01 -1.400000e+02
      vertex   1.242176e+01 -1.692959e+01 -1.400000e+02
    endloop
  endfacet
  facet normal 0.000000e+00 0.000000e+00 1.000000e+00
    outer loop
      vertex   3.324840e+01 -2.154950e+01 -1.400000e+02
      vertex   1.242176e+01 -1.692959e+01 -1.400000e+02
      vertex   3.352522e+01 -2.224869e+01 -1.400000e+02
    endloop
  endfacet
  facet normal 0.000000e+00 0.000000e+00 1.000000e+00
    outer loop
      vertex   3.352522e+01 -2.224869e+01 -1.400000e+02
      vertex   1.242176e+01 -1.692959e+01 -1.400000e+02
      vertex   1.078187e+01 -1.801839e+01 -1.400000e+02
    endloop
  endfacet
  facet normal -0.000000e+00 0.000000e+00 1.000000e+00
    outer loop
      vertex   1.536061e+01 -1.431652e+01 -1.400000e+02
      vertex   3.324840e+01 -2.005736e+01 -1.400000e+02
      vertex   1.663374e+01 -1.281522e+01 -1.400000e+02
    endloop
  endfacet
  facet normal 0.000000e+00 0.000000e+00 1.000000e+00
    outer loop
      vertex   1.663374e+01 -1.281522e+01 -1.400000e+02
      vertex   3.324840e+01 -2.005736e+01 -1.400000e+02
      vertex   3.352522e+01 -1.935817e+01 -1.400000e+02
    endloop
  endfacet
  facet normal -0.000000e+00 0.000000e+00 1.000000e+00
    outer loop
      vertex   1.663374e+01 -1.281522e+01 -1.400000e+02
      vertex   3.352522e+01 -1.935817e+01 -1.400000e+02
      vertex   1.776068e+01 -1.120131e+01 -1.400000e+02
    endloop
  endfacet
  facet normal 0.000000e+00 0.000000e+00 1.000000e+00
    outer loop
      vertex   1.776068e+01 -1.120131e+01 -1.400000e+02
      vertex   3.352522e+01 -1.935817e+01 -1.400000e+02
      vertex   3.396724e+01 -1.874979e+01 -1.400000e+02
    endloop
  endfacet
  facet normal -0.000000e+00 0.000000e+00 1.000000e+00
    outer loop
      vertex   1.776068e+01 -1.120131e+01 -1.400000e+02
      vertex   3.396724e+01 -1.874979e+01 -1.400000e+02
      vertex   1.873155e+01 -9.488950e+00 -1.400000e+02
    endloop
  endfacet
  facet normal 0.000000e+00 0.000000e+00 1.000000e+00
    outer loop
      vertex   1.873155e+01 -9.488950e+00 -1.400000e+02
      vertex   3.396724e+01 -1.874979e+01 -1.400000e+02
      vertex   3.454666e+01 -1.827044e+01 -1.400000e+02
    endloop
  endfacet
  facet normal -0.000000e+00 0.000000e+00 1.000000e+00
    outer loop
      vertex   1.873155e+01 -9.488950e+00 -1.400000e+02
      vertex   3.454666e+01 -1.827044e+01 -1.400000e+02
      vertex   1.953780e+01 -7.693206e+00 -1.400000e+02
    endloop
  endfacet
  facet normal 0.000000e+00 0.000000e+00 1.000000e+00
    outer loop
      vertex   1.953780e+01 -7.693206e+00 -1.400000e+02
      vertex   3.454666e+01 -1.827044e+01 -1.400000e+02
      vertex   3.522709e+01 -1.795026e+01 -1.400000e+02
    endloop
  endfacet
  facet normal -0.000000e+00 0.000000e+00 1.000000e+00
    outer loop
      vertex   1.953780e+01 -7.693206e+00 -1.400000e+02
      vertex   3.522709e+01 -1.795026e+01 -1.400000e+02
      vertex   2.017236e+01 -5.829853e+00 -1.400000e+02
    endloop
  endfacet
  facet normal 0.000000e+00 0.000000e+00 1.000000e+00
    outer loop
      vertex   2.017236e+01 -5.829853e+00 -1.400000e+02
      vertex   3.522709e+01 -1.795026e+01 -1.400000e+02
      vertex   3.596577e+01 -1.780935e+01 -1.400000e+02
    endloop
  endfacet
  facet normal 0.000000e+00 -0.000000e+00 1.000000e+00
    outer loop
      vertex   -3.909337e+01 -2.090869e+01 -1.400000e+02
      vertex   -3.899912e+01 -2.016262e+01 -1.400000e+02
      vertex   -4.313202e+01 -2.250000e+01 -1.400000e+02
    endloop
  endfacet
  facet normal 0.000000e+00 0.000000e+00 1.000000e+00
    outer loop
      vertex   -4.313202e+01 -2.250000e+01 -1.400000e+02
      vertex   -3.899912e+01 -2.016262e+01 -1.400000e+02
      vertex   -3.872229e+01 -1.946343e+01 -1.400000e+02
    endloop
  endfacet
  facet normal 0.000000e+00 -0.000000e+00 1.000000e+00
    outer loop
      vertex   -1.320164e+01 1.632874e+01 -1.400000e+02
      vertex   -1.161458e+01 1.749322e+01 -1.400000e+02
      vertex   -2.672467e+01 3.450991e+01 -1.400000e+02
    endloop
  endfacet
  facet normal 0.000000e+00 0.000000e+00 1.000000e+00
    outer loop
      vertex   -2.672467e+01 3.450991e+01 -1.400000e+02
      vertex   -1.161458e+01 1.749322e+01 -1.400000e+02
      vertex   -9.925458e+00 1.850396e+01 -1.400000e+02
    endloop
  endfacet
  facet normal -1.000000e+00 0.000000e+00 0.000000e+00
    outer loop
      vertex   -5.500000e+01 -1.250000e+01 -1.400000e+02
      vertex   -5.500000e+01 1.250000e+01 -1.400000e+02
      vertex   -5.500000e+01 -1.031625e+01 -1.408192e+02
    endloop
  endfacet
  facet normal -1.000000e+00 0.000000e+00 0.000000e+00
    outer loop
      vertex   -5.500000e+01 -1.031625e+01 -1.408192e+02
      vertex   -5.500000e+01 1.250000e+01 -1.400000e+02
      vertex   -5.500000e+01 1.031625e+01 -1.408192e+02
    endloop
  endfacet
  facet normal -1.000000e+00 0.000000e+00 0.000000e+00
    outer loop
      vertex   -5.500000e+01 -1.031625e+01 -1.408192e+02
      vertex   -5.500000e+01 1.031625e+01 -1.408192e+02
      vertex   -5.500000e+01 -8.079377e+00 -1.414797e+02
    endloop
  endfacet
  facet normal -1.000000e+00 0.000000e+00 0.000000e+00
    outer loop
      vertex   -5.500000e+01 -8.079377e+00 -1.414797e+02
      vertex   -5.500000e+01 1.031625e+01 -1.408192e+02
      vertex   -5.500000e+01 8.079377e+00 -1.414797e+02
    endloop
  endfacet
  facet normal -1.000000e+00 0.000000e+00 0.000000e+00
    outer loop
      vertex   -5.500000e+01 -8.079377e+00 -1.414797e+02
      vertex   -5.500000e+01 8.079377e+00 -1.414797e+02
      vertex   -5.500000e+01 -5.800890e+00 -1.419781e+02
    endloop
  endfacet
  facet normal -1.000000e+00 0.000000e+00 0.000000e+00
    outer loop
      vertex   -5.500000e+01 -5.800890e+00 -1.419781e+02
      vertex   -5.500000e+01 8.079377e+00 -1.414797e+02
      vertex   -5.500000e+01 5.800890e+00 -1.419781e+02
    endloop
  endfacet
  facet normal -1.000000e+00 0.000000e+00 0.000000e+00
    outer loop
      vertex   -5.500000e+01 -5.800890e+00 -1.419781e+02
      vertex   -5.500000e+01 5.800890e+00 -1.419781e+02
      vertex   -5.500000e+01 -3.492528e+00 -1.423118e+02
    endloop
  endfacet
  facet normal -1.000000e+00 0.000000e+00 0.000000e+00
    outer loop
      vertex   -5.500000e+01 -3.492528e+00 -1.423118e+02
      vertex   -5.500000e+01 5.800890e+00 -1.419781e+02
      vertex   -5.500000e+01 3.492528e+00 -1.423118e+02
    endloop
  endfacet
  facet normal -1.000000e+00 0.000000e+00 0.000000e+00
    outer loop
      vertex   -5.500000e+01 -3.492528e+00 -1.423118e+02
      vertex   -5.500000e+01 3.492528e+00 -1.423118e+02
      vertex   -5.500000e+01 -1.166178e+00 -1.424791e+02
    endloop
  endfacet
  facet normal -1.000000e+00 0.000000e+00 0.000000e+00
    outer loop
      vertex   -5.500000e+01 -1.166178e+00 -1.424791e+02
      vertex   -5.500000e+01 3.492528e+00 -1.423118e+02
      vertex   -5.500000e+01 1.166178e+00 -1.424791e+02
    endloop
  endfacet
  facet normal 1.000000e+00 0.000000e+00 0.000000e+00
    outer loop
      vertex   5.500000e+01 1.250000e+01 -1.400000e+02
      vertex   5.500000e+01 -1.250000e+01 -1.400000e+02
      vertex   5.500000e+01 1.031625e+01 -1.408192e+02
    endloop
  endfacet
  facet normal 1.000000e+00 0.000000e+00 0.000000e+00
    outer loop
      vertex   5.500000e+01 1.031625e+01 -1.408192e+02
      vertex   5.500000e+01 -1.250000e+01 -1.400000e+02
      vertex   5.500000e+01 -1.031625e+01 -1.408192e+02
    endloop
  endfacet
  facet normal 1.000000e+00 0.000000e+00 0.000000e+00
    outer loop
      vertex   5.500000e+01 1.031625e+01 -1.408192e+02
      vertex   5.500000e+01 -1.031625e+01 -1.408192e+02
      vertex   5.500000e+01 8.079377e+00 -1.414797e+02
    endloop
  endfacet
  facet normal 1.000000e+00 0.000000e+00 0.000000e+00
    outer loop
      vertex   5.500000e+01 8.079377e+00 -1.414797e+02
      vertex   5.500000e+01 -1.031625e+01 -1.408192e+02
      vertex   5.500000e+01 -8.079377e+00 -1.414797e+02
    endloop
  endfacet
  facet normal 1.000000e+00 0.000000e+00 0.000000e+00
    outer loop
      vertex   5.500000e+01 8.079377e+00 -1.414797e+02
      vertex   5.500000e+01 -8.079377e+00 -1.414797e+02
      vertex   5.500000e+01 5.800890e+00 -1.419781e+02
    endloop
  endfacet
  facet normal 1.000000e+00 0.000000e+00 0.000000e+00
    outer loop
      vertex   5.500000e+01 5.800890e+00 -1.419781e+02
      vertex   5.500000e+01 -8.079377e+00 -1.414797e+02
      vertex   5.500000e+01 -5.800890e+00 -1.419781e+02
    endloop
  endfacet
  facet normal 1.000000e+00 0.000000e+00 0.000000e+00
    outer loop
      vertex   5.500000e+01 5.800890e+00 -1.419781e+02
      vertex   5.500000e+01 -5.800890e+00 -1.419781e+02
      vertex   5.500000e+01 3.492528e+00 -1.423118e+02
    endloop
  endfacet
  facet normal 1.000000e+00 0.000000e+00 0.000000e+00
    outer loop
      vertex   5.500000e+01 3.492528e+00 -1.423118e+02
      vertex   5.500000e+01 -5.800890e+00 -1.419781e+02
      vertex   5.500000e+01 -3.492528e+00 -1.423118e+02
    endloop
  endfacet
  facet normal 1.000000e+00 0.000000e+00 0.000000e+00
    outer loop
      vertex   5.500000e+01 3.492528e+00 -1.423118e+02
      vertex   5.500000e+01 -3.492528e+00 -1.423118e+02
      vertex   5.500000e+01 1.166178e+00 -1.424791e+02
    endloop
  endfacet
  facet normal 1.000000e+00 0.000000e+00 0.000000e+00
    outer loop
      vertex   5.500000e+01 1.166178e+00 -1.424791e+02
      vertex   5.500000e+01 -3.492528e+00 -1.423118e+02
      vertex   5.500000e+01 -1.166178e+00 -1.424791e+02
    endloop
  endfacet
  facet normal 0.000000e+00 0.000000e+00 -1.000000e+00
    outer loop
      vertex   3.628589e+01 2.656518e+01 -1.602058e+02
      vertex   3.733870e+01 2.643371e+01 -1.602058e+02
      vertex   3.665551e+01 2.385556e+01 -1.602058e+02
    endloop
  endfacet
  facet normal 0.000000e+00 0.000000e+00 -1.000000e+00
    outer loop
      vertex   3.665551e+01 2.385556e+01 -1.602058e+02
      vertex   3.733870e+01 2.643371e+01 -1.602058e+02
      vertex   3.858615e+01 2.457699e+01 -1.602058e+02
    endloop
  endfacet
  facet normal 0.000000e+00 0.000000e+00 -1.000000e+00
    outer loop
      vertex   3.665551e+01 2.385556e+01 -1.602058e+02
      vertex   3.858615e+01 2.457699e+01 -1.602058e+02
      vertex   3.737071e+01 2.362318e+01 -1.602058e+02
    endloop
  endfacet
  facet normal 0.000000e+00 0.000000e+00 -1.000000e+00
    outer loop
      vertex   3.737071e+01 2.362318e+01 -1.602058e+02
      vertex   3.858615e+01 2.457699e+01 -1.602058e+02
      vertex   3.800564e+01 2.322023e+01 -1.602058e+02
    endloop
  endfacet
  facet normal 0.000000e+00 0.000000e+00 -1.000000e+00
    outer loop
      vertex   3.800564e+01 2.322023e+01 -1.602058e+02
      vertex   3.858615e+01 2.457699e+01 -1.602058e+02
      vertex   3.852042e+01 2.267205e+01 -1.602058e+02
    endloop
  endfacet
  facet normal 0.000000e+00 0.000000e+00 -1.000000e+00
    outer loop
      vertex   3.852042e+01 2.267205e+01 -1.602058e+02
      vertex   3.858615e+01 2.457699e+01 -1.602058e+02
      vertex   3.974136e+01 2.266151e+01 -1.602058e+02
    endloop
  endfacet
  facet normal 0.000000e+00 0.000000e+00 -1.000000e+00
    outer loop
      vertex   3.852042e+01 2.267205e+01 -1.602058e+02
      vertex   3.974136e+01 2.266151e+01 -1.602058e+02
      vertex   3.888270e+01 2.201307e+01 -1.602058e+02
    endloop
  endfacet
  facet normal 0.000000e+00 0.000000e+00 -1.000000e+00
    outer loop
      vertex   3.888270e+01 2.201307e+01 -1.602058e+02
      vertex   3.974136e+01 2.266151e+01 -1.602058e+02
      vertex   3.906971e+01 2.128469e+01 -1.602058e+02
    endloop
  endfacet
  facet normal 0.000000e+00 0.000000e+00 -1.000000e+00
    outer loop
      vertex   3.906971e+01 2.128469e+01 -1.602058e+02
      vertex   3.974136e+01 2.266151e+01 -1.602058e+02
      vertex   4.080156e+01 2.069185e+01 -1.602058e+02
    endloop
  endfacet
  facet normal 0.000000e+00 0.000000e+00 -1.000000e+00
    outer loop
      vertex   3.906971e+01 2.128469e+01 -1.602058e+02
      vertex   4.080156e+01 2.069185e+01 -1.602058e+02
      vertex   3.906971e+01 2.053269e+01 -1.602058e+02
    endloop
  endfacet
  facet normal 0.000000e+00 -0.000000e+00 -1.000000e+00
    outer loop
      vertex   3.906971e+01 2.053269e+01 -1.602058e+02
      vertex   4.080156e+01 2.069185e+01 -1.602058e+02
      vertex   3.888270e+01 1.980432e+01 -1.602058e+02
    endloop
  endfacet
  facet normal 0.000000e+00 0.000000e+00 -1.000000e+00
    outer loop
      vertex   3.888270e+01 1.980432e+01 -1.602058e+02
      vertex   4.080156e+01 2.069185e+01 -1.602058e+02
      vertex   4.176421e+01 1.867272e+01 -1.602058e+02
    endloop
  endfacet
  facet normal 0.000000e+00 0.000000e+00 -1.000000e+00
    outer loop
      vertex   3.888270e+01 1.980432e+01 -1.602058e+02
      vertex   4.176421e+01 1.867272e+01 -1.602058e+02
      vertex   4.134120e+01 1.769971e+01 -1.602058e+02
    endloop
  endfacet
  facet normal 0.000000e+00 -0.000000e+00 -1.000000e+00
    outer loop
      vertex   3.888270e+01 1.980432e+01 -1.602058e+02
      vertex   4.134120e+01 1.769971e+01 -1.602058e+02
      vertex   3.852042e+01 1.914534e+01 -1.602058e+02
    endloop
  endfacet
  facet normal 0.000000e+00 0.000000e+00 -1.000000e+00
    outer loop
      vertex   3.852042e+01 1.914534e+01 -1.602058e+02
      vertex   4.134120e+01 1.769971e+01 -1.602058e+02
      vertex   4.075343e+01 1.681642e+01 -1.602058e+02
    endloop
  endfacet
  facet normal 0.000000e+00 -0.000000e+00 -1.000000e+00
    outer loop
      vertex   3.852042e+01 1.914534e+01 -1.602058e+02
      vertex   4.075343e+01 1.681642e+01 -1.602058e+02
      vertex   3.800564e+01 1.859715e+01 -1.602058e+02
    endloop
  endfacet
  facet normal 0.000000e+00 0.000000e+00 -1.000000e+00
    outer loop
      vertex   3.800564e+01 1.859715e+01 -1.602058e+02
      vertex   4.075343e+01 1.681642e+01 -1.602058e+02
      vertex   4.001926e+01 1.605047e+01 -1.602058e+02
    endloop
  endfacet
  facet normal 0.000000e+00 0.000000e+00 -1.000000e+00
    outer loop
      vertex   3.800564e+01 1.859715e+01 -1.602058e+02
      vertex   4.001926e+01 1.605047e+01 -1.602058e+02
      vertex   3.916167e+01 1.542581e+01 -1.602058e+02
    endloop
  endfacet
  facet normal 0.000000e+00 -0.000000e+00 -1.000000e+00
    outer loop
      vertex   3.800564e+01 1.859715e+01 -1.602058e+02
      vertex   3.916167e+01 1.542581e+01 -1.602058e+02
      vertex   3.737071e+01 1.819421e+01 -1.602058e+02
    endloop
  endfacet
  facet normal 0.000000e+00 0.000000e+00 -1.000000e+00
    outer loop
      vertex   3.737071e+01 1.819421e+01 -1.602058e+02
      vertex   3.916167e+01 1.542581e+01 -1.602058e+02
      vertex   3.820745e+01 1.496197e+01 -1.602058e+02
    endloop
  endfacet
  facet normal 0.000000e+00 -0.000000e+00 -1.000000e+00
    outer loop
      vertex   3.737071e+01 1.819421e+01 -1.602058e+02
      vertex   3.820745e+01 1.496197e+01 -1.602058e+02
      vertex   3.665551e+01 1.796183e+01 -1.602058e+02
    endloop
  endfacet
  facet normal 0.000000e+00 0.000000e+00 -1.000000e+00
    outer loop
      vertex   3.665551e+01 1.796183e+01 -1.602058e+02
      vertex   3.820745e+01 1.496197e+01 -1.602058e+02
      vertex   3.718645e+01 1.467346e+01 -1.602058e+02
    endloop
  endfacet
  facet normal 0.000000e+00 -0.000000e+00 -1.000000e+00
    outer loop
      vertex   3.665551e+01 1.796183e+01 -1.602058e+02
      vertex   3.718645e+01 1.467346e+01 -1.602058e+02
      vertex   3.613060e+01 1.456929e+01 -1.602058e+02
    endloop
  endfacet
  facet normal 0.000000e+00 0.000000e+00 -1.000000e+00
    outer loop
      vertex   3.665551e+01 1.796183e+01 -1.602058e+02
      vertex   3.613060e+01 1.456929e+01 -1.602058e+02
      vertex   3.590500e+01 1.791461e+01 -1.602058e+02
    endloop
  endfacet
  facet normal 0.000000e+00 -0.000000e+00 -1.000000e+00
    outer loop
      vertex   3.590500e+01 1.791461e+01 -1.602058e+02
      vertex   3.613060e+01 1.456929e+01 -1.602058e+02
      vertex   3.507290e+01 1.465273e+01 -1.602058e+02
    endloop
  endfacet
  facet normal -0.000000e+00 0.000000e+00 -1.000000e+00
    outer loop
      vertex   3.590500e+01 1.791461e+01 -1.602058e+02
      vertex   3.507290e+01 1.465273e+01 -1.602058e+02
      vertex   3.516632e+01 1.805552e+01 -1.602058e+02
    endloop
  endfacet
  facet normal 0.000000e+00 0.000000e+00 -1.000000e+00
    outer loop
      vertex   3.516632e+01 1.805552e+01 -1.602058e+02
      vertex   3.507290e+01 1.465273e+01 -1.602058e+02
      vertex   3.404644e+01 1.492116e+01 -1.602058e+02
    endloop
  endfacet
  facet normal 0.000000e+00 0.000000e+00 -1.000000e+00
    outer loop
      vertex   3.516632e+01 1.805552e+01 -1.602058e+02
      vertex   3.404644e+01 1.492116e+01 -1.602058e+02
      vertex   3.308331e+01 1.536619e+01 -1.602058e+02
    endloop
  endfacet
  facet normal -0.000000e+00 0.000000e+00 -1.000000e+00
    outer loop
      vertex   3.516632e+01 1.805552e+01 -1.602058e+02
      vertex   3.308331e+01 1.536619e+01 -1.602058e+02
      vertex   3.448589e+01 1.837571e+01 -1.602058e+02
    endloop
  endfacet
  facet normal 0.000000e+00 0.000000e+00 -1.000000e+00
    outer loop
      vertex   3.448589e+01 1.837571e+01 -1.602058e+02
      vertex   3.308331e+01 1.536619e+01 -1.602058e+02
      vertex   3.221362e+01 1.597391e+01 -1.602058e+02
    endloop
  endfacet
  facet normal -0.000000e+00 0.000000e+00 -1.000000e+00
    outer loop
      vertex   3.448589e+01 1.837571e+01 -1.602058e+02
      vertex   3.221362e+01 1.597391e+01 -1.602058e+02
      vertex   3.390646e+01 1.885505e+01 -1.602058e+02
    endloop
  endfacet
  facet normal 0.000000e+00 0.000000e+00 -1.000000e+00
    outer loop
      vertex   3.390646e+01 1.885505e+01 -1.602058e+02
      vertex   3.221362e+01 1.597391e+01 -1.602058e+02
      vertex   3.146458e+01 1.672531e+01 -1.602058e+02
    endloop
  endfacet
  facet normal 0.000000e+00 0.000000e+00 -1.000000e+00
    outer loop
      vertex   3.390646e+01 1.885505e+01 -1.602058e+02
      vertex   3.146458e+01 1.672531e+01 -1.602058e+02
      vertex   3.085959e+01 1.759690e+01 -1.602058e+02
    endloop
  endfacet
  facet normal -0.000000e+00 0.000000e+00 -1.000000e+00
    outer loop
      vertex   3.390646e+01 1.885505e+01 -1.602058e+02
      vertex   3.085959e+01 1.759690e+01 -1.602058e+02
      vertex   3.346445e+01 1.946343e+01 -1.602058e+02
    endloop
  endfacet
  facet normal 0.000000e+00 0.000000e+00 -1.000000e+00
    outer loop
      vertex   3.346445e+01 1.946343e+01 -1.602058e+02
      vertex   3.085959e+01 1.759690e+01 -1.602058e+02
      vertex   3.041758e+01 1.856142e+01 -1.602058e+02
    endloop
  endfacet
  facet normal -0.000000e+00 0.000000e+00 -1.000000e+00
    outer loop
      vertex   3.346445e+01 1.946343e+01 -1.602058e+02
      vertex   3.041758e+01 1.856142e+01 -1.602058e+02
      vertex   3.318762e+01 2.016262e+01 -1.602058e+02
    endloop
  endfacet
  facet normal 0.000000e+00 0.000000e+00 -1.000000e+00
    outer loop
      vertex   3.318762e+01 2.016262e+01 -1.602058e+02
      vertex   3.041758e+01 1.856142e+01 -1.602058e+02
      vertex   3.015237e+01 1.958872e+01 -1.602058e+02
    endloop
  endfacet
  facet normal -0.000000e+00 0.000000e+00 -1.000000e+00
    outer loop
      vertex   3.318762e+01 2.016262e+01 -1.602058e+02
      vertex   3.015237e+01 1.958872e+01 -1.602058e+02
      vertex   3.007225e+01 2.064667e+01 -1.602058e+02
    endloop
  endfacet
  facet normal 0.000000e+00 0.000000e+00 -1.000000e+00
    outer loop
      vertex   3.318762e+01 2.016262e+01 -1.602058e+02
      vertex   3.007225e+01 2.064667e+01 -1.602058e+02
      vertex   3.309337e+01 2.090869e+01 -1.602058e+02
    endloop
  endfacet
  facet normal -0.000000e+00 0.000000e+00 -1.000000e+00
    outer loop
      vertex   3.309337e+01 2.090869e+01 -1.602058e+02
      vertex   3.007225e+01 2.064667e+01 -1.602058e+02
      vertex   3.017973e+01 2.170219e+01 -1.602058e+02
    endloop
  endfacet
  facet normal 0.000000e+00 0.000000e+00 -1.000000e+00
    outer loop
      vertex   3.309337e+01 2.090869e+01 -1.602058e+02
      vertex   3.017973e+01 2.170219e+01 -1.602058e+02
      vertex   3.318762e+01 2.165476e+01 -1.602058e+02
    endloop
  endfacet
  facet normal 0.000000e+00 0.000000e+00 -1.000000e+00
    outer loop
      vertex   3.318762e+01 2.165476e+01 -1.602058e+02
      vertex   3.017973e+01 2.170219e+01 -1.602058e+02
      vertex   3.047144e+01 2.272228e+01 -1.602058e+02
    endloop
  endfacet
  facet normal 0.000000e+00 0.000000e+00 -1.000000e+00
    outer loop
      vertex   3.318762e+01 2.165476e+01 -1.602058e+02
      vertex   3.047144e+01 2.272228e+01 -1.602058e+02
      vertex   3.093827e+01 2.367504e+01 -1.602058e+02
    endloop
  endfacet
  facet normal 0.000000e+00 0.000000e+00 -1.000000e+00
    outer loop
      vertex   3.318762e+01 2.165476e+01 -1.602058e+02
      vertex   3.093827e+01 2.367504e+01 -1.602058e+02
      vertex   3.346445e+01 2.235396e+01 -1.602058e+02
    endloop
  endfacet
  facet normal 0.000000e+00 0.000000e+00 -1.000000e+00
    outer loop
      vertex   3.346445e+01 2.235396e+01 -1.602058e+02
      vertex   3.093827e+01 2.367504e+01 -1.602058e+02
      vertex   3.156562e+01 2.453067e+01 -1.602058e+02
    endloop
  endfacet
  facet normal 0.000000e+00 0.000000e+00 -1.000000e+00
    outer loop
      vertex   3.346445e+01 2.235396e+01 -1.602058e+02
      vertex   3.156562e+01 2.453067e+01 -1.602058e+02
      vertex   3.390646e+01 2.296234e+01 -1.602058e+02
    endloop
  endfacet
  facet normal 0.000000e+00 0.000000e+00 -1.000000e+00
    outer loop
      vertex   3.390646e+01 2.296234e+01 -1.602058e+02
      vertex   3.156562e+01 2.453067e+01 -1.602058e+02
      vertex   3.233387e+01 2.526243e+01 -1.602058e+02
    endloop
  endfacet
  facet normal 0.000000e+00 0.000000e+00 -1.000000e+00
    outer loop
      vertex   3.390646e+01 2.296234e+01 -1.602058e+02
      vertex   3.233387e+01 2.526243e+01 -1.602058e+02
      vertex   3.448589e+01 2.344168e+01 -1.602058e+02
    endloop
  endfacet
  facet normal 0.000000e+00 0.000000e+00 -1.000000e+00
    outer loop
      vertex   3.448589e+01 2.344168e+01 -1.602058e+02
      vertex   3.233387e+01 2.526243e+01 -1.602058e+02
      vertex   3.321900e+01 2.584743e+01 -1.602058e+02
    endloop
  endfacet
  facet normal 0.000000e+00 0.000000e+00 -1.000000e+00
    outer loop
      vertex   3.448589e+01 2.344168e+01 -1.602058e+02
      vertex   3.321900e+01 2.584743e+01 -1.602058e+02
      vertex   3.419333e+01 2.626738e+01 -1.602058e+02
    endloop
  endfacet
  facet normal 0.000000e+00 0.000000e+00 -1.000000e+00
    outer loop
      vertex   3.448589e+01 2.344168e+01 -1.602058e+02
      vertex   3.419333e+01 2.626738e+01 -1.602058e+02
      vertex   3.516632e+01 2.376186e+01 -1.602058e+02
    endloop
  endfacet
  facet normal 0.000000e+00 0.000000e+00 -1.000000e+00
    outer loop
      vertex   3.516632e+01 2.376186e+01 -1.602058e+02
      vertex   3.419333e+01 2.626738e+01 -1.602058e+02
      vertex   3.522639e+01 2.650915e+01 -1.602058e+02
    endloop
  endfacet
  facet normal 0.000000e+00 0.000000e+00 -1.000000e+00
    outer loop
      vertex   3.516632e+01 2.376186e+01 -1.602058e+02
      vertex   3.522639e+01 2.650915e+01 -1.602058e+02
      vertex   3.590500e+01 2.390277e+01 -1.602058e+02
    endloop
  endfacet
  facet normal 0.000000e+00 0.000000e+00 -1.000000e+00
    outer loop
      vertex   3.590500e+01 2.390277e+01 -1.602058e+02
      vertex   3.522639e+01 2.650915e+01 -1.602058e+02
      vertex   3.628589e+01 2.656518e+01 -1.602058e+02
    endloop
  endfacet
  facet normal 0.000000e+00 0.000000e+00 -1.000000e+00
    outer loop
      vertex   3.590500e+01 2.390277e+01 -1.602058e+02
      vertex   3.628589e+01 2.656518e+01 -1.602058e+02
      vertex   3.665551e+01 2.385556e+01 -1.602058e+02
    endloop
  endfacet
  facet normal 8.580693e-02 -9.962724e-01 -8.859887e-03
    outer loop
      vertex   -3.730615e+01 2.647963e+01 -1.602058e+02
      vertex   -3.646053e+01 2.656611e+01 -1.617413e+02
      vertex   -3.626848e+01 2.656900e+01 -1.602058e+02
    endloop
  endfacet
  facet normal -3.892559e-02 -9.992193e-01 6.745502e-03
    outer loop
      vertex   -3.626848e+01 2.656900e+01 -1.602058e+02
      vertex   -3.646053e+01 2.656611e+01 -1.617413e+02
      vertex   -3.555792e+01 2.652589e+01 -1.624917e+02
    endloop
  endfacet
  facet normal -8.777123e-02 -9.961044e-01 -8.496560e-03
    outer loop
      vertex   -3.626848e+01 2.656900e+01 -1.602058e+02
      vertex   -3.555792e+01 2.652589e+01 -1.624917e+02
      vertex   -3.523099e+01 2.647758e+01 -1.602058e+02
    endloop
  endfacet
  facet normal -1.870400e-01 -9.823340e-01 5.991277e-03
    outer loop
      vertex   -3.523099e+01 2.647758e+01 -1.602058e+02
      vertex   -3.555792e+01 2.652589e+01 -1.624917e+02
      vertex   -3.468733e+01 2.635526e+01 -1.632898e+02
    endloop
  endfacet
  facet normal -2.587074e-01 -9.659282e-01 -7.293013e-03
    outer loop
      vertex   -3.523099e+01 2.647758e+01 -1.602058e+02
      vertex   -3.468733e+01 2.635526e+01 -1.632898e+02
      vertex   -3.422494e+01 2.620813e+01 -1.602058e+02
    endloop
  endfacet
  facet normal -3.305119e-01 -9.437909e-01 4.528527e-03
    outer loop
      vertex   -3.422494e+01 2.620813e+01 -1.602058e+02
      vertex   -3.468733e+01 2.635526e+01 -1.632898e+02
      vertex   -3.387167e+01 2.606566e+01 -1.641139e+02
    endloop
  endfacet
  facet normal -4.218533e-01 -9.066499e-01 -5.082308e-03
    outer loop
      vertex   -3.422494e+01 2.620813e+01 -1.602058e+02
      vertex   -3.387167e+01 2.606566e+01 -1.641139e+02
      vertex   -3.328065e+01 2.576876e+01 -1.602058e+02
    endloop
  endfacet
  facet normal -4.612092e-01 -8.872883e-01 2.340371e-03
    outer loop
      vertex   -3.328065e+01 2.576876e+01 -1.602058e+02
      vertex   -3.387167e+01 2.606566e+01 -1.641139e+02
      vertex   -3.312862e+01 2.567725e+01 -1.649393e+02
    endloop
  endfacet
  facet normal -5.722900e-01 -8.200474e-01 -2.527287e-03
    outer loop
      vertex   -3.328065e+01 2.576876e+01 -1.602058e+02
      vertex   -3.312862e+01 2.567725e+01 -1.649393e+02
      vertex   -3.242656e+01 2.517271e+01 -1.602058e+02
    endloop
  endfacet
  facet normal -5.801308e-01 -8.145230e-01 -7.755439e-04
    outer loop
      vertex   -3.242656e+01 2.517271e+01 -1.602058e+02
      vertex   -3.312862e+01 2.567725e+01 -1.649393e+02
      vertex   -3.247327e+01 2.521126e+01 -1.657426e+02
    endloop
  endfacet
  facet normal -6.852919e-01 -7.282682e-01 7.121352e-04
    outer loop
      vertex   -3.242656e+01 2.517271e+01 -1.602058e+02
      vertex   -3.247327e+01 2.521126e+01 -1.657426e+02
      vertex   -3.187597e+01 2.464840e+01 -1.665597e+02
    endloop
  endfacet
  facet normal -7.054783e-01 -7.087265e-01 -2.649602e-03
    outer loop
      vertex   -3.242656e+01 2.517271e+01 -1.602058e+02
      vertex   -3.187597e+01 2.464840e+01 -1.665597e+02
      vertex   -3.168841e+01 2.443795e+01 -1.602058e+02
    endloop
  endfacet
  facet normal -7.780091e-01 -6.282494e-01 2.157011e-03
    outer loop
      vertex   -3.168841e+01 2.443795e+01 -1.602058e+02
      vertex   -3.187597e+01 2.464840e+01 -1.665597e+02
      vertex   -3.133989e+01 2.398168e+01 -1.673910e+02
    endloop
  endfacet
  facet normal -8.174086e-01 -5.760501e-01 -3.068753e-03
    outer loop
      vertex   -3.168841e+01 2.443795e+01 -1.602058e+02
      vertex   -3.133989e+01 2.398168e+01 -1.673910e+02
      vertex   -3.108845e+01 2.358661e+01 -1.602058e+02
    endloop
  endfacet
  facet normal -8.607940e-01 -5.089490e-01 2.139003e-03
    outer loop
      vertex   -3.108845e+01 2.358661e+01 -1.602058e+02
      vertex   -3.133989e+01 2.398168e+01 -1.673910e+02
      vertex   -3.089303e+01 2.322247e+01 -1.682058e+02
    endloop
  endfacet
  facet normal -9.047108e-01 -4.260176e-01 -2.708514e-03
    outer loop
      vertex   -3.108845e+01 2.358661e+01 -1.602058e+02
      vertex   -3.089303e+01 2.322247e+01 -1.682058e+02
      vertex   -3.064475e+01 2.264434e+01 -1.602058e+02
    endloop
  endfacet
  facet normal -9.324822e-01 -3.612047e-01 2.837218e-03
    outer loop
      vertex   -3.064475e+01 2.264434e+01 -1.602058e+02
      vertex   -3.089303e+01 2.322247e+01 -1.682058e+02
      vertex   -3.050976e+01 2.223303e+01 -1.682058e+02
    endloop
  endfacet
  facet normal -9.647516e-01 -2.631479e-01 -2.748731e-03
    outer loop
      vertex   -3.064475e+01 2.264434e+01 -1.602058e+02
      vertex   -3.050976e+01 2.223303e+01 -1.682058e+02
      vertex   -3.037067e+01 2.163954e+01 -1.602058e+02
    endloop
  endfacet
  facet normal -9.815283e-01 -1.912955e-01 2.873414e-03
    outer loop
      vertex   -3.037067e+01 2.163954e+01 -1.602058e+02
      vertex   -3.050976e+01 2.223303e+01 -1.682058e+02
      vertex   -3.030678e+01 2.119154e+01 -1.682058e+02
    endloop
  endfacet
  facet normal -9.957228e-01 -9.234908e-02 -2.780906e-03
    outer loop
      vertex   -3.037067e+01 2.163954e+01 -1.602058e+02
      vertex   -3.030678e+01 2.119154e+01 -1.682058e+02
      vertex   -3.027449e+01 2.060248e+01 -1.602058e+02
    endloop
  endfacet
  facet normal -9.998771e-01 -1.540360e-02 2.901566e-03
    outer loop
      vertex   -3.027449e+01 2.060248e+01 -1.602058e+02
      vertex   -3.030678e+01 2.119154e+01 -1.682058e+02
      vertex   -3.029044e+01 2.013058e+01 -1.682058e+02
    endloop
  endfacet
  facet normal -9.966912e-01 8.123232e-02 -2.805036e-03
    outer loop
      vertex   -3.027449e+01 2.060248e+01 -1.602058e+02
      vertex   -3.029044e+01 2.013058e+01 -1.682058e+02
      vertex   -3.035910e+01 1.956441e+01 -1.602058e+02
    endloop
  endfacet
  facet normal -9.869550e-01 1.609700e-01 2.921676e-03
    outer loop
      vertex   -3.035910e+01 1.956441e+01 -1.602058e+02
      vertex   -3.029044e+01 2.013058e+01 -1.682058e+02
      vertex   -3.046124e+01 1.908334e+01 -1.682058e+02
    endloop
  endfacet
  facet normal -9.676277e-01 2.523660e-01 -2.821124e-03
    outer loop
      vertex   -3.035910e+01 1.956441e+01 -1.602058e+02
      vertex   -3.046124e+01 1.908334e+01 -1.682058e+02
      vertex   -3.062194e+01 1.855662e+01 -1.602058e+02
    endloop
  endfacet
  facet normal -9.431659e-01 3.323093e-01 2.933741e-03
    outer loop
      vertex   -3.062194e+01 1.855662e+01 -1.602058e+02
      vertex   -3.046124e+01 1.908334e+01 -1.682058e+02
      vertex   -3.081385e+01 1.808256e+01 -1.682058e+02
    endloop
  endfacet
  facet normal -9.094080e-01 4.158955e-01 -2.829168e-03
    outer loop
      vertex   -3.062194e+01 1.855662e+01 -1.602058e+02
      vertex   -3.081385e+01 1.808256e+01 -1.682058e+02
      vertex   -3.105510e+01 1.760946e+01 -1.602058e+02
    endloop
  endfacet
  facet normal -8.698794e-01 4.932557e-01 2.937763e-03
    outer loop
      vertex   -3.105510e+01 1.760946e+01 -1.602058e+02
      vertex   -3.081385e+01 1.808256e+01 -1.682058e+02
      vertex   -3.133724e+01 1.715954e+01 -1.682058e+02
    endloop
  endfacet
  facet normal -8.237863e-01 5.668934e-01 -2.829168e-03
    outer loop
      vertex   -3.105510e+01 1.760946e+01 -1.602058e+02
      vertex   -3.133724e+01 1.715954e+01 -1.682058e+02
      vertex   -3.164553e+01 1.675147e+01 -1.602058e+02
    endloop
  endfacet
  facet normal -7.693876e-01 6.387755e-01 2.933741e-03
    outer loop
      vertex   -3.164553e+01 1.675147e+01 -1.602058e+02
      vertex   -3.133724e+01 1.715954e+01 -1.682058e+02
      vertex   -3.201503e+01 1.634315e+01 -1.682058e+02
    endloop
  endfacet
  facet normal -7.133426e-01 7.008099e-01 -2.821124e-03
    outer loop
      vertex   -3.164553e+01 1.675147e+01 -1.602058e+02
      vertex   -3.201503e+01 1.634315e+01 -1.682058e+02
      vertex   -3.237543e+01 1.600852e+01 -1.602058e+02
    endloop
  endfacet
  facet normal -6.448332e-01 7.643177e-01 2.921676e-03
    outer loop
      vertex   -3.237543e+01 1.600852e+01 -1.602058e+02
      vertex   -3.201503e+01 1.634315e+01 -1.682058e+02
      vertex   -3.282604e+01 1.565893e+01 -1.682058e+02
    endloop
  endfacet
  facet normal -5.814046e-01 8.136097e-01 -2.805036e-03
    outer loop
      vertex   -3.237543e+01 1.600852e+01 -1.602058e+02
      vertex   -3.282604e+01 1.565893e+01 -1.682058e+02
      vertex   -3.322281e+01 1.540298e+01 -1.602058e+02
    endloop
  endfacet
  facet normal -5.001118e-01 8.659560e-01 2.901566e-03
    outer loop
      vertex   -3.322281e+01 1.540298e+01 -1.602058e+02
      vertex   -3.282604e+01 1.565893e+01 -1.682058e+02
      vertex   -3.374490e+01 1.512827e+01 -1.682058e+02
    endloop
  endfacet
  facet normal -4.319480e-01 9.018942e-01 -2.780906e-03
    outer loop
      vertex   -3.322281e+01 1.540298e+01 -1.602058e+02
      vertex   -3.374490e+01 1.512827e+01 -1.682058e+02
      vertex   -3.416215e+01 1.495310e+01 -1.602058e+02
    endloop
  endfacet
  facet normal -3.397494e-01 9.405116e-01 2.873414e-03
    outer loop
      vertex   -3.416215e+01 1.495310e+01 -1.602058e+02
      vertex   -3.374490e+01 1.512827e+01 -1.682058e+02
      vertex   -3.474286e+01 1.476776e+01 -1.682058e+02
    endloop
  endfacet
  facet normal -2.694760e-01 9.630032e-01 -2.748731e-03
    outer loop
      vertex   -3.416215e+01 1.495310e+01 -1.602058e+02
      vertex   -3.474286e+01 1.476776e+01 -1.682058e+02
      vertex   -3.516513e+01 1.467243e+01 -1.602058e+02
    endloop
  endfacet
  facet normal -1.687613e-01 9.856529e-01 2.837218e-03
    outer loop
      vertex   -3.516513e+01 1.467243e+01 -1.602058e+02
      vertex   -3.474286e+01 1.476776e+01 -1.682058e+02
      vertex   -3.578872e+01 1.458869e+01 -1.682058e+02
    endloop
  endfacet
  facet normal -9.888423e-02 9.950953e-01 -2.708514e-03
    outer loop
      vertex   -3.516513e+01 1.467243e+01 -1.602058e+02
      vertex   -3.578872e+01 1.458869e+01 -1.682058e+02
      vertex   -3.620153e+01 1.456944e+01 -1.602058e+02
    endloop
  endfacet
  facet normal -5.169756e-03 9.999843e-01 2.139003e-03
    outer loop
      vertex   -3.620153e+01 1.456944e+01 -1.602058e+02
      vertex   -3.578872e+01 1.458869e+01 -1.682058e+02
      vertex   -3.666966e+01 1.458239e+01 -1.673910e+02
    endloop
  endfacet
  facet normal 7.468703e-02 9.972023e-01 -3.068753e-03
    outer loop
      vertex   -3.620153e+01 1.456944e+01 -1.602058e+02
      vertex   -3.666966e+01 1.458239e+01 -1.673910e+02
      vertex   -3.724013e+01 1.464723e+01 -1.602058e+02
    endloop
  endfacet
  facet normal 1.397095e-01 9.901902e-01 2.157011e-03
    outer loop
      vertex   -3.724013e+01 1.464723e+01 -1.602058e+02
      vertex   -3.666966e+01 1.458239e+01 -1.673910e+02
      vertex   -3.751703e+01 1.470014e+01 -1.665597e+02
    endloop
  endfacet
  facet normal 2.460080e-01 9.692642e-01 -2.649602e-03
    outer loop
      vertex   -3.724013e+01 1.464723e+01 -1.602058e+02
      vertex   -3.751703e+01 1.470014e+01 -1.665597e+02
      vertex   -3.824963e+01 1.490345e+01 -1.602058e+02
    endloop
  endfacet
  facet normal 2.731413e-01 9.619737e-01 7.121352e-04
    outer loop
      vertex   -3.824963e+01 1.490345e+01 -1.602058e+02
      vertex   -3.751703e+01 1.470014e+01 -1.665597e+02
      vertex   -3.830669e+01 1.492375e+01 -1.657426e+02
    endloop
  endfacet
  facet normal 4.011502e-01 9.160120e-01 -7.755439e-04
    outer loop
      vertex   -3.824963e+01 1.490345e+01 -1.602058e+02
      vertex   -3.830669e+01 1.492375e+01 -1.657426e+02
      vertex   -3.904303e+01 1.524690e+01 -1.649393e+02
    endloop
  endfacet
  facet normal 4.099165e-01 9.121196e-01 -2.527287e-03
    outer loop
      vertex   -3.824963e+01 1.490345e+01 -1.602058e+02
      vertex   -3.904303e+01 1.524690e+01 -1.649393e+02
      vertex   -3.919961e+01 1.533039e+01 -1.602058e+02
    endloop
  endfacet
  facet normal 5.246476e-01 8.513163e-01 2.340371e-03
    outer loop
      vertex   -3.919961e+01 1.533039e+01 -1.602058e+02
      vertex   -3.904303e+01 1.524690e+01 -1.649393e+02
      vertex   -3.975783e+01 1.568514e+01 -1.641139e+02
    endloop
  endfacet
  facet normal 5.614679e-01 8.274829e-01 -5.082308e-03
    outer loop
      vertex   -3.919961e+01 1.533039e+01 -1.602058e+02
      vertex   -3.975783e+01 1.568514e+01 -1.641139e+02
      vertex   -4.006146e+01 1.591517e+01 -1.602058e+02
    endloop
  endfacet
  facet normal 6.402346e-01 7.681661e-01 4.528527e-03
    outer loop
      vertex   -4.006146e+01 1.591517e+01 -1.602058e+02
      vertex   -3.975783e+01 1.568514e+01 -1.641139e+02
      vertex   -4.042510e+01 1.623643e+01 -1.632898e+02
    endloop
  endfacet
  facet normal 6.960958e-01 7.179119e-01 -7.293013e-03
    outer loop
      vertex   -4.006146e+01 1.591517e+01 -1.602058e+02
      vertex   -4.042510e+01 1.623643e+01 -1.632898e+02
      vertex   -4.080919e+01 1.664018e+01 -1.602058e+02
    endloop
  endfacet
  facet normal 7.469680e-01 6.648329e-01 5.991277e-03
    outer loop
      vertex   -4.080919e+01 1.664018e+01 -1.602058e+02
      vertex   -4.042510e+01 1.623643e+01 -1.632898e+02
      vertex   -4.101848e+01 1.689592e+01 -1.624917e+02
    endloop
  endfacet
  facet normal 8.097491e-01 5.867147e-01 -8.496560e-03
    outer loop
      vertex   -4.080919e+01 1.664018e+01 -1.602058e+02
      vertex   -4.101848e+01 1.689592e+01 -1.624917e+02
      vertex   -4.142028e+01 1.748357e+01 -1.602058e+02
    endloop
  endfacet
  facet normal 8.374992e-01 5.463969e-01 6.745502e-03
    outer loop
      vertex   -4.142028e+01 1.748357e+01 -1.602058e+02
      vertex   -4.101848e+01 1.689592e+01 -1.624917e+02
      vertex   -4.151640e+01 1.764985e+01 -1.617413e+02
    endloop
  endfacet
  facet normal 8.990072e-01 4.378443e-01 -8.859887e-03
    outer loop
      vertex   -4.142028e+01 1.748357e+01 -1.602058e+02
      vertex   -4.151640e+01 1.764985e+01 -1.617413e+02
      vertex   -4.187632e+01 1.841993e+01 -1.602058e+02
    endloop
  endfacet
  facet normal 0.000000e+00 0.000000e+00 -1.000000e+00
    outer loop
      vertex   -4.142028e+01 1.748357e+01 -1.602058e+02
      vertex   -4.187632e+01 1.841993e+01 -1.602058e+02
      vertex   -3.878306e+01 1.935817e+01 -1.602058e+02
    endloop
  endfacet
  facet normal -0.000000e+00 0.000000e+00 -1.000000e+00
    outer loop
      vertex   -3.878306e+01 1.935817e+01 -1.602058e+02
      vertex   -4.187632e+01 1.841993e+01 -1.602058e+02
      vertex   -4.088863e+01 2.051924e+01 -1.602058e+02
    endloop
  endfacet
  facet normal 0.000000e+00 0.000000e+00 -1.000000e+00
    outer loop
      vertex   -3.878306e+01 1.935817e+01 -1.602058e+02
      vertex   -4.088863e+01 2.051924e+01 -1.602058e+02
      vertex   -3.905989e+01 2.005736e+01 -1.602058e+02
    endloop
  endfacet
  facet normal 0.000000e+00 0.000000e+00 -1.000000e+00
    outer loop
      vertex   -3.905989e+01 2.005736e+01 -1.602058e+02
      vertex   -4.088863e+01 2.051924e+01 -1.602058e+02
      vertex   -3.915414e+01 2.080343e+01 -1.602058e+02
    endloop
  endfacet
  facet normal -0.000000e+00 0.000000e+00 -1.000000e+00
    outer loop
      vertex   -3.915414e+01 2.080343e+01 -1.602058e+02
      vertex   -4.088863e+01 2.051924e+01 -1.602058e+02
      vertex   -3.905989e+01 2.154950e+01 -1.602058e+02
    endloop
  endfacet
  facet normal -0.000000e+00 0.000000e+00 -1.000000e+00
    outer loop
      vertex   -3.905989e+01 2.154950e+01 -1.602058e+02
      vertex   -4.088863e+01 2.051924e+01 -1.602058e+02
      vertex   -3.979580e+01 2.256577e+01 -1.602058e+02
    endloop
  endfacet
  facet normal 0.000000e+00 0.000000e+00 -1.000000e+00
    outer loop
      vertex   -3.905989e+01 2.154950e+01 -1.602058e+02
      vertex   -3.979580e+01 2.256577e+01 -1.602058e+02
      vertex   -3.878306e+01 2.224869e+01 -1.602058e+02
    endloop
  endfacet
  facet normal 0.000000e+00 0.000000e+00 -1.000000e+00
    outer loop
      vertex   -3.878306e+01 2.224869e+01 -1.602058e+02
      vertex   -3.979580e+01 2.256577e+01 -1.602058e+02
      vertex   -3.834105e+01 2.285707e+01 -1.602058e+02
    endloop
  endfacet
  facet normal -0.000000e+00 0.000000e+00 -1.000000e+00
    outer loop
      vertex   -3.834105e+01 2.285707e+01 -1.602058e+02
      vertex   -3.979580e+01 2.256577e+01 -1.602058e+02
      vertex   -3.860061e+01 2.455427e+01 -1.602058e+02
    endloop
  endfacet
  facet normal 0.000000e+00 0.000000e+00 -1.000000e+00
    outer loop
      vertex   -3.834105e+01 2.285707e+01 -1.602058e+02
      vertex   -3.860061e+01 2.455427e+01 -1.602058e+02
      vertex   -3.776163e+01 2.333641e+01 -1.602058e+02
    endloop
  endfacet
  facet normal 0.000000e+00 0.000000e+00 -1.000000e+00
    outer loop
      vertex   -3.776163e+01 2.333641e+01 -1.602058e+02
      vertex   -3.860061e+01 2.455427e+01 -1.602058e+02
      vertex   -3.708120e+01 2.365660e+01 -1.602058e+02
    endloop
  endfacet
  facet normal 0.000000e+00 0.000000e+00 -1.000000e+00
    outer loop
      vertex   -3.708120e+01 2.365660e+01 -1.602058e+02
      vertex   -3.860061e+01 2.455427e+01 -1.602058e+02
      vertex   -3.730615e+01 2.647963e+01 -1.602058e+02
    endloop
  endfacet
  facet normal 0.000000e+00 0.000000e+00 -1.000000e+00
    outer loop
      vertex   -3.708120e+01 2.365660e+01 -1.602058e+02
      vertex   -3.730615e+01 2.647963e+01 -1.602058e+02
      vertex   -3.634252e+01 2.379751e+01 -1.602058e+02
    endloop
  endfacet
  facet normal 0.000000e+00 0.000000e+00 -1.000000e+00
    outer loop
      vertex   -3.634252e+01 2.379751e+01 -1.602058e+02
      vertex   -3.730615e+01 2.647963e+01 -1.602058e+02
      vertex   -3.626848e+01 2.656900e+01 -1.602058e+02
    endloop
  endfacet
  facet normal 0.000000e+00 0.000000e+00 -1.000000e+00
    outer loop
      vertex   -3.634252e+01 2.379751e+01 -1.602058e+02
      vertex   -3.626848e+01 2.656900e+01 -1.602058e+02
      vertex   -3.559200e+01 2.375029e+01 -1.602058e+02
    endloop
  endfacet
  facet normal 0.000000e+00 0.000000e+00 -1.000000e+00
    outer loop
      vertex   -3.559200e+01 2.375029e+01 -1.602058e+02
      vertex   -3.626848e+01 2.656900e+01 -1.602058e+02
      vertex   -3.523099e+01 2.647758e+01 -1.602058e+02
    endloop
  endfacet
  facet normal 0.000000e+00 0.000000e+00 -1.000000e+00
    outer loop
      vertex   -3.559200e+01 2.375029e+01 -1.602058e+02
      vertex   -3.523099e+01 2.647758e+01 -1.602058e+02
      vertex   -3.422494e+01 2.620813e+01 -1.602058e+02
    endloop
  endfacet
  facet normal 0.000000e+00 0.000000e+00 -1.000000e+00
    outer loop
      vertex   -3.559200e+01 2.375029e+01 -1.602058e+02
      vertex   -3.422494e+01 2.620813e+01 -1.602058e+02
      vertex   -3.487681e+01 2.351791e+01 -1.602058e+02
    endloop
  endfacet
  facet normal 0.000000e+00 0.000000e+00 -1.000000e+00
    outer loop
      vertex   -3.487681e+01 2.351791e+01 -1.602058e+02
      vertex   -3.422494e+01 2.620813e+01 -1.602058e+02
      vertex   -3.328065e+01 2.576876e+01 -1.602058e+02
    endloop
  endfacet
  facet normal 0.000000e+00 0.000000e+00 -1.000000e+00
    outer loop
      vertex   -3.487681e+01 2.351791e+01 -1.602058e+02
      vertex   -3.328065e+01 2.576876e+01 -1.602058e+02
      vertex   -3.424187e+01 2.311497e+01 -1.602058e+02
    endloop
  endfacet
  facet normal 0.000000e+00 0.000000e+00 -1.000000e+00
    outer loop
      vertex   -3.424187e+01 2.311497e+01 -1.602058e+02
      vertex   -3.328065e+01 2.576876e+01 -1.602058e+02
      vertex   -3.242656e+01 2.517271e+01 -1.602058e+02
    endloop
  endfacet
  facet normal 0.000000e+00 0.000000e+00 -1.000000e+00
    outer loop
      vertex   -3.424187e+01 2.311497e+01 -1.602058e+02
      vertex   -3.242656e+01 2.517271e+01 -1.602058e+02
      vertex   -3.372709e+01 2.256678e+01 -1.602058e+02
    endloop
  endfacet
  facet normal 0.000000e+00 0.000000e+00 -1.000000e+00
    outer loop
      vertex   -3.372709e+01 2.256678e+01 -1.602058e+02
      vertex   -3.242656e+01 2.517271e+01 -1.602058e+02
      vertex   -3.168841e+01 2.443795e+01 -1.602058e+02
    endloop
  endfacet
  facet normal 0.000000e+00 0.000000e+00 -1.000000e+00
    outer loop
      vertex   -3.372709e+01 2.256678e+01 -1.602058e+02
      vertex   -3.168841e+01 2.443795e+01 -1.602058e+02
      vertex   -3.108845e+01 2.358661e+01 -1.602058e+02
    endloop
  endfacet
  facet normal 0.000000e+00 0.000000e+00 -1.000000e+00
    outer loop
      vertex   -3.372709e+01 2.256678e+01 -1.602058e+02
      vertex   -3.108845e+01 2.358661e+01 -1.602058e+02
      vertex   -3.336482e+01 2.190780e+01 -1.602058e+02
    endloop
  endfacet
  facet normal 0.000000e+00 0.000000e+00 -1.000000e+00
    outer loop
      vertex   -3.336482e+01 2.190780e+01 -1.602058e+02
      vertex   -3.108845e+01 2.358661e+01 -1.602058e+02
      vertex   -3.064475e+01 2.264434e+01 -1.602058e+02
    endloop
  endfacet
  facet normal 0.000000e+00 0.000000e+00 -1.000000e+00
    outer loop
      vertex   -3.336482e+01 2.190780e+01 -1.602058e+02
      vertex   -3.064475e+01 2.264434e+01 -1.602058e+02
      vertex   -3.317780e+01 2.117943e+01 -1.602058e+02
    endloop
  endfacet
  facet normal 0.000000e+00 0.000000e+00 -1.000000e+00
    outer loop
      vertex   -3.317780e+01 2.117943e+01 -1.602058e+02
      vertex   -3.064475e+01 2.264434e+01 -1.602058e+02
      vertex   -3.037067e+01 2.163954e+01 -1.602058e+02
    endloop
  endfacet
  facet normal 0.000000e+00 0.000000e+00 -1.000000e+00
    outer loop
      vertex   -3.317780e+01 2.117943e+01 -1.602058e+02
      vertex   -3.037067e+01 2.163954e+01 -1.602058e+02
      vertex   -3.027449e+01 2.060248e+01 -1.602058e+02
    endloop
  endfacet
  facet normal 0.000000e+00 0.000000e+00 -1.000000e+00
    outer loop
      vertex   -3.317780e+01 2.117943e+01 -1.602058e+02
      vertex   -3.027449e+01 2.060248e+01 -1.602058e+02
      vertex   -3.317780e+01 2.042743e+01 -1.602058e+02
    endloop
  endfacet
  facet normal 0.000000e+00 0.000000e+00 -1.000000e+00
    outer loop
      vertex   -3.317780e+01 2.042743e+01 -1.602058e+02
      vertex   -3.027449e+01 2.060248e+01 -1.602058e+02
      vertex   -3.035910e+01 1.956441e+01 -1.602058e+02
    endloop
  endfacet
  facet normal 0.000000e+00 -0.000000e+00 -1.000000e+00
    outer loop
      vertex   -3.317780e+01 2.042743e+01 -1.602058e+02
      vertex   -3.035910e+01 1.956441e+01 -1.602058e+02
      vertex   -3.336482e+01 1.969905e+01 -1.602058e+02
    endloop
  endfacet
  facet normal 0.000000e+00 0.000000e+00 -1.000000e+00
    outer loop
      vertex   -3.336482e+01 1.969905e+01 -1.602058e+02
      vertex   -3.035910e+01 1.956441e+01 -1.602058e+02
      vertex   -3.062194e+01 1.855662e+01 -1.602058e+02
    endloop
  endfacet
  facet normal 0.000000e+00 0.000000e+00 -1.000000e+00
    outer loop
      vertex   -3.336482e+01 1.969905e+01 -1.602058e+02
      vertex   -3.062194e+01 1.855662e+01 -1.602058e+02
      vertex   -3.105510e+01 1.760946e+01 -1.602058e+02
    endloop
  endfacet
  facet normal 0.000000e+00 -0.000000e+00 -1.000000e+00
    outer loop
      vertex   -3.336482e+01 1.969905e+01 -1.602058e+02
      vertex   -3.105510e+01 1.760946e+01 -1.602058e+02
      vertex   -3.372709e+01 1.904007e+01 -1.602058e+02
    endloop
  endfacet
  facet normal 0.000000e+00 0.000000e+00 -1.000000e+00
    outer loop
      vertex   -3.372709e+01 1.904007e+01 -1.602058e+02
      vertex   -3.105510e+01 1.760946e+01 -1.602058e+02
      vertex   -3.164553e+01 1.675147e+01 -1.602058e+02
    endloop
  endfacet
  facet normal 0.000000e+00 -0.000000e+00 -1.000000e+00
    outer loop
      vertex   -3.372709e+01 1.904007e+01 -1.602058e+02
      vertex   -3.164553e+01 1.675147e+01 -1.602058e+02
      vertex   -3.424187e+01 1.849189e+01 -1.602058e+02
    endloop
  endfacet
  facet normal 0.000000e+00 0.000000e+00 -1.000000e+00
    outer loop
      vertex   -3.424187e+01 1.849189e+01 -1.602058e+02
      vertex   -3.164553e+01 1.675147e+01 -1.602058e+02
      vertex   -3.237543e+01 1.600852e+01 -1.602058e+02
    endloop
  endfacet
  facet normal 0.000000e+00 0.000000e+00 -1.000000e+00
    outer loop
      vertex   -3.424187e+01 1.849189e+01 -1.602058e+02
      vertex   -3.237543e+01 1.600852e+01 -1.602058e+02
      vertex   -3.322281e+01 1.540298e+01 -1.602058e+02
    endloop
  endfacet
  facet normal 0.000000e+00 -0.000000e+00 -1.000000e+00
    outer loop
      vertex   -3.424187e+01 1.849189e+01 -1.602058e+02
      vertex   -3.322281e+01 1.540298e+01 -1.602058e+02
      vertex   -3.487681e+01 1.808895e+01 -1.602058e+02
    endloop
  endfacet
  facet normal 0.000000e+00 0.000000e+00 -1.000000e+00
    outer loop
      vertex   -3.487681e+01 1.808895e+01 -1.602058e+02
      vertex   -3.322281e+01 1.540298e+01 -1.602058e+02
      vertex   -3.416215e+01 1.495310e+01 -1.602058e+02
    endloop
  endfacet
  facet normal 0.000000e+00 -0.000000e+00 -1.000000e+00
    outer loop
      vertex   -3.487681e+01 1.808895e+01 -1.602058e+02
      vertex   -3.416215e+01 1.495310e+01 -1.602058e+02
      vertex   -3.559200e+01 1.785656e+01 -1.602058e+02
    endloop
  endfacet
  facet normal 0.000000e+00 0.000000e+00 -1.000000e+00
    outer loop
      vertex   -3.559200e+01 1.785656e+01 -1.602058e+02
      vertex   -3.416215e+01 1.495310e+01 -1.602058e+02
      vertex   -3.516513e+01 1.467243e+01 -1.602058e+02
    endloop
  endfacet
  facet normal 0.000000e+00 -0.000000e+00 -1.000000e+00
    outer loop
      vertex   -3.559200e+01 1.785656e+01 -1.602058e+02
      vertex   -3.516513e+01 1.467243e+01 -1.602058e+02
      vertex   -3.620153e+01 1.456944e+01 -1.602058e+02
    endloop
  endfacet
  facet normal 0.000000e+00 0.000000e+00 -1.000000e+00
    outer loop
      vertex   -3.559200e+01 1.785656e+01 -1.602058e+02
      vertex   -3.620153e+01 1.456944e+01 -1.602058e+02
      vertex   -3.634252e+01 1.780935e+01 -1.602058e+02
    endloop
  endfacet
  facet normal 0.000000e+00 -0.000000e+00 -1.000000e+00
    outer loop
      vertex   -3.634252e+01 1.780935e+01 -1.602058e+02
      vertex   -3.620153e+01 1.456944e+01 -1.602058e+02
      vertex   -3.724013e+01 1.464723e+01 -1.602058e+02
    endloop
  endfacet
  facet normal -0.000000e+00 0.000000e+00 -1.000000e+00
    outer loop
      vertex   -3.634252e+01 1.780935e+01 -1.602058e+02
      vertex   -3.724013e+01 1.464723e+01 -1.602058e+02
      vertex   -3.708120e+01 1.795026e+01 -1.602058e+02
    endloop
  endfacet
  facet normal 0.000000e+00 0.000000e+00 -1.000000e+00
    outer loop
      vertex   -3.708120e+01 1.795026e+01 -1.602058e+02
      vertex   -3.724013e+01 1.464723e+01 -1.602058e+02
      vertex   -3.824963e+01 1.490345e+01 -1.602058e+02
    endloop
  endfacet
  facet normal -0.000000e+00 0.000000e+00 -1.000000e+00
    outer loop
      vertex   -3.708120e+01 1.795026e+01 -1.602058e+02
      vertex   -3.824963e+01 1.490345e+01 -1.602058e+02
      vertex   -3.776163e+01 1.827044e+01 -1.602058e+02
    endloop
  endfacet
  facet normal 0.000000e+00 0.000000e+00 -1.000000e+00
    outer loop
      vertex   -3.776163e+01 1.827044e+01 -1.602058e+02
      vertex   -3.824963e+01 1.490345e+01 -1.602058e+02
      vertex   -3.919961e+01 1.533039e+01 -1.602058e+02
    endloop
  endfacet
  facet normal 0.000000e+00 0.000000e+00 -1.000000e+00
    outer loop
      vertex   -3.776163e+01 1.827044e+01 -1.602058e+02
      vertex   -3.919961e+01 1.533039e+01 -1.602058e+02
      vertex   -4.006146e+01 1.591517e+01 -1.602058e+02
    endloop
  endfacet
  facet normal -0.000000e+00 0.000000e+00 -1.000000e+00
    outer loop
      vertex   -3.776163e+01 1.827044e+01 -1.602058e+02
      vertex   -4.006146e+01 1.591517e+01 -1.602058e+02
      vertex   -3.834105e+01 1.874979e+01 -1.602058e+02
    endloop
  endfacet
  facet normal 0.000000e+00 0.000000e+00 -1.000000e+00
    outer loop
      vertex   -3.834105e+01 1.874979e+01 -1.602058e+02
      vertex   -4.006146e+01 1.591517e+01 -1.602058e+02
      vertex   -4.080919e+01 1.664018e+01 -1.602058e+02
    endloop
  endfacet
  facet normal 0.000000e+00 0.000000e+00 -1.000000e+00
    outer loop
      vertex   -3.834105e+01 1.874979e+01 -1.602058e+02
      vertex   -4.080919e+01 1.664018e+01 -1.602058e+02
      vertex   -4.142028e+01 1.748357e+01 -1.602058e+02
    endloop
  endfacet
  facet normal -0.000000e+00 0.000000e+00 -1.000000e+00
    outer loop
      vertex   -3.834105e+01 1.874979e+01 -1.602058e+02
      vertex   -4.142028e+01 1.748357e+01 -1.602058e+02
      vertex   -3.878306e+01 1.935817e+01 -1.602058e+02
    endloop
  endfacet
  facet normal 8.929512e-01 -4.500655e-01 -8.898320e-03
    outer loop
      vertex   -4.164128e+01 -1.894528e+01 -1.602058e+02
      vertex   -4.127947e+01 -1.819708e+01 -1.617413e+02
      vertex   -4.117868e+01 -1.802747e+01 -1.602058e+02
    endloop
  endfacet
  facet normal 8.314071e-01 -5.556221e-01 6.800740e-03
    outer loop
      vertex   -4.117868e+01 -1.802747e+01 -1.602058e+02
      vertex   -4.127947e+01 -1.819708e+01 -1.617413e+02
      vertex   -4.077552e+01 -1.745228e+01 -1.625003e+02
    endloop
  endfacet
  facet normal 8.030417e-01 -5.958654e-01 -8.271372e-03
    outer loop
      vertex   -4.117868e+01 -1.802747e+01 -1.602058e+02
      vertex   -4.077552e+01 -1.745228e+01 -1.625003e+02
      vertex   -4.056623e+01 -1.720208e+01 -1.602058e+02
    endloop
  endfacet
  facet normal 7.397815e-01 -6.728215e-01 5.890069e-03
    outer loop
      vertex   -4.056623e+01 -1.720208e+01 -1.602058e+02
      vertex   -4.077552e+01 -1.745228e+01 -1.625003e+02
      vertex   -4.017857e+01 -1.680295e+01 -1.633031e+02
    endloop
  endfacet
  facet normal 6.895700e-01 -7.241851e-01 -7.013171e-03
    outer loop
      vertex   -4.056623e+01 -1.720208e+01 -1.602058e+02
      vertex   -4.017857e+01 -1.680295e+01 -1.633031e+02
      vertex   -3.982190e+01 -1.649333e+01 -1.602058e+02
    endloop
  endfacet
  facet normal 6.328915e-01 -7.742274e-01 4.516097e-03
    outer loop
      vertex   -3.982190e+01 -1.649333e+01 -1.602058e+02
      vertex   -4.017857e+01 -1.680295e+01 -1.633031e+02
      vertex   -3.951060e+01 -1.626173e+01 -1.641276e+02
    endloop
  endfacet
  facet normal 5.558630e-01 -8.312591e-01 -4.965897e-03
    outer loop
      vertex   -3.982190e+01 -1.649333e+01 -1.602058e+02
      vertex   -3.951060e+01 -1.626173e+01 -1.641276e+02
      vertex   -3.896752e+01 -1.592200e+01 -1.602058e+02
    endloop
  endfacet
  facet normal 5.177977e-01 -8.554997e-01 2.404881e-03
    outer loop
      vertex   -3.896752e+01 -1.592200e+01 -1.602058e+02
      vertex   -3.951060e+01 -1.626173e+01 -1.641276e+02
      vertex   -3.879831e+01 -1.583292e+01 -1.649492e+02
    endloop
  endfacet
  facet normal 4.058401e-01 -9.139402e-01 -2.686457e-03
    outer loop
      vertex   -3.896752e+01 -1.592200e+01 -1.602058e+02
      vertex   -3.879831e+01 -1.583292e+01 -1.649492e+02
      vertex   -3.802817e+01 -1.550488e+01 -1.602058e+02
    endloop
  endfacet
  facet normal 3.941030e-01 -9.190662e-01 -4.263799e-04
    outer loop
      vertex   -3.802817e+01 -1.550488e+01 -1.602058e+02
      vertex   -3.879831e+01 -1.583292e+01 -1.649492e+02
      vertex   -3.806329e+01 -1.551737e+01 -1.657489e+02
    endloop
  endfacet
  facet normal 2.657472e-01 -9.640426e-01 4.879483e-04
    outer loop
      vertex   -3.802817e+01 -1.550488e+01 -1.602058e+02
      vertex   -3.806329e+01 -1.551737e+01 -1.657489e+02
      vertex   -3.726704e+01 -1.529829e+01 -1.665690e+02
    endloop
  endfacet
  facet normal 2.439038e-01 -9.697967e-01 -2.311659e-03
    outer loop
      vertex   -3.802817e+01 -1.550488e+01 -1.602058e+02
      vertex   -3.726704e+01 -1.529829e+01 -1.665690e+02
      vertex   -3.703142e+01 -1.525420e+01 -1.602058e+02
    endloop
  endfacet
  facet normal 1.315273e-01 -9.913105e-01 1.998461e-03
    outer loop
      vertex   -3.703142e+01 -1.525420e+01 -1.602058e+02
      vertex   -3.726704e+01 -1.529829e+01 -1.665690e+02
      vertex   -3.641564e+01 -1.518700e+01 -1.673981e+02
    endloop
  endfacet
  facet normal 7.480999e-02 -9.971936e-01 -2.912353e-03
    outer loop
      vertex   -3.703142e+01 -1.525420e+01 -1.602058e+02
      vertex   -3.641564e+01 -1.518700e+01 -1.673981e+02
      vertex   -3.600650e+01 -1.517731e+01 -1.602058e+02
    endloop
  endfacet
  facet normal -1.412086e-02 -9.998980e-01 2.150171e-03
    outer loop
      vertex   -3.600650e+01 -1.517731e+01 -1.602058e+02
      vertex   -3.641564e+01 -1.518700e+01 -1.673981e+02
      vertex   -3.553289e+01 -1.520120e+01 -1.682058e+02
    endloop
  endfacet
  facet normal -9.647865e-02 -9.953313e-01 -2.739181e-03
    outer loop
      vertex   -3.600650e+01 -1.517731e+01 -1.602058e+02
      vertex   -3.553289e+01 -1.520120e+01 -1.682058e+02
      vertex   -3.498350e+01 -1.527647e+01 -1.602058e+02
    endloop
  endfacet
  facet normal -1.753822e-01 -9.844965e-01 2.781356e-03
    outer loop
      vertex   -3.498350e+01 -1.527647e+01 -1.602058e+02
      vertex   -3.553289e+01 -1.520120e+01 -1.682058e+02
      vertex   -3.451386e+01 -1.538273e+01 -1.682058e+02
    endloop
  endfacet
  facet normal -2.649363e-01 -9.642620e-01 -2.744743e-03
    outer loop
      vertex   -3.498350e+01 -1.527647e+01 -1.602058e+02
      vertex   -3.451386e+01 -1.538273e+01 -1.682058e+02
      vertex   -3.399243e+01 -1.554877e+01 -1.602058e+02
    endloop
  endfacet
  facet normal -3.419778e-01 -9.397039e-01 2.786362e-03
    outer loop
      vertex   -3.399243e+01 -1.554877e+01 -1.602058e+02
      vertex   -3.451386e+01 -1.538273e+01 -1.682058e+02
      vertex   -3.354119e+01 -1.573671e+01 -1.682058e+02
    endloop
  endfacet
  facet normal -4.256198e-01 -9.048979e-01 -2.749193e-03
    outer loop
      vertex   -3.399243e+01 -1.554877e+01 -1.602058e+02
      vertex   -3.354119e+01 -1.573671e+01 -1.682058e+02
      vertex   -3.306238e+01 -1.598622e+01 -1.602058e+02
    endloop
  endfacet
  facet normal -4.983958e-01 -8.669451e-01 2.790255e-03
    outer loop
      vertex   -3.306238e+01 -1.598622e+01 -1.602058e+02
      vertex   -3.354119e+01 -1.573671e+01 -1.682058e+02
      vertex   -3.264383e+01 -1.625259e+01 -1.682058e+02
    endloop
  endfacet
  facet normal -5.738141e-01 -8.189810e-01 -2.752530e-03
    outer loop
      vertex   -3.306238e+01 -1.598622e+01 -1.602058e+02
      vertex   -3.264383e+01 -1.625259e+01 -1.682058e+02
      vertex   -3.222063e+01 -1.657599e+01 -1.602058e+02
    endloop
  endfacet
  facet normal -6.399812e-01 -7.683855e-01 2.793036e-03
    outer loop
      vertex   -3.222063e+01 -1.657599e+01 -1.602058e+02
      vertex   -3.264383e+01 -1.625259e+01 -1.682058e+02
      vertex   -3.184849e+01 -1.691502e+01 -1.682058e+02
    endloop
  endfacet
  facet normal -7.051707e-01 -7.090322e-01 -2.754755e-03
    outer loop
      vertex   -3.222063e+01 -1.657599e+01 -1.602058e+02
      vertex   -3.184849e+01 -1.691502e+01 -1.682058e+02
      vertex   -3.149188e+01 -1.730076e+01 -1.602058e+02
    endloop
  endfacet
  facet normal -7.625204e-01 -6.469582e-01 2.794705e-03
    outer loop
      vertex   -3.149188e+01 -1.730076e+01 -1.602058e+02
      vertex   -3.184849e+01 -1.691502e+01 -1.682058e+02
      vertex   -3.117883e+01 -1.770429e+01 -1.682058e+02
    endloop
  endfacet
  facet normal -8.158351e-01 -5.782780e-01 -2.755867e-03
    outer loop
      vertex   -3.149188e+01 -1.730076e+01 -1.602058e+02
      vertex   -3.117883e+01 -1.770429e+01 -1.682058e+02
      vertex   -3.089753e+01 -1.813928e+01 -1.602058e+02
    endloop
  endfacet
  facet normal -8.623664e-01 -5.062769e-01 2.795261e-03
    outer loop
      vertex   -3.089753e+01 -1.813928e+01 -1.602058e+02
      vertex   -3.117883e+01 -1.770429e+01 -1.682058e+02
      vertex   -3.065479e+01 -1.859691e+01 -1.682058e+02
    endloop
  endfacet
  facet normal -9.025601e-01 -4.305551e-01 -2.755867e-03
    outer loop
      vertex   -3.089753e+01 -1.813928e+01 -1.602058e+02
      vertex   -3.065479e+01 -1.859691e+01 -1.682058e+02
      vertex   -3.045500e+01 -1.906693e+01 -1.602058e+02
    endloop
  endfacet
  facet normal -9.365479e-01 -3.505286e-01 2.794705e-03
    outer loop
      vertex   -3.045500e+01 -1.906693e+01 -1.602058e+02
      vertex   -3.065479e+01 -1.859691e+01 -1.682058e+02
      vertex   -3.029197e+01 -1.956631e+01 -1.682058e+02
    endloop
  endfacet
  facet normal -9.628008e-01 -2.701982e-01 -2.754755e-03
    outer loop
      vertex   -3.045500e+01 -1.906693e+01 -1.602058e+02
      vertex   -3.029197e+01 -1.956631e+01 -1.682058e+02
      vertex   -3.017729e+01 -2.005650e+01 -1.602058e+02
    endloop
  endfacet
  facet normal -9.828570e-01 -1.843482e-01 2.793036e-03
    outer loop
      vertex   -3.017729e+01 -2.005650e+01 -1.602058e+02
      vertex   -3.029197e+01 -1.956631e+01 -1.682058e+02
      vertex   -3.010115e+01 -2.058365e+01 -1.682058e+02
    endloop
  endfacet
  facet normal -9.947895e-01 -1.019127e-01 -2.752530e-03
    outer loop
      vertex   -3.017729e+01 -2.005650e+01 -1.602058e+02
      vertex   -3.010115e+01 -2.058365e+01 -1.682058e+02
      vertex   -3.007255e+01 -2.107894e+01 -1.602058e+02
    endloop
  endfacet
  facet normal -9.999157e-01 -1.268155e-02 2.790255e-03
    outer loop
      vertex   -3.007255e+01 -2.107894e+01 -1.602058e+02
      vertex   -3.010115e+01 -2.058365e+01 -1.682058e+02
      vertex   -3.008803e+01 -2.161864e+01 -1.682058e+02
    endloop
  endfacet
  facet normal -9.975877e-01 6.936319e-02 -2.749193e-03
    outer loop
      vertex   -3.007255e+01 -2.107894e+01 -1.602058e+02
      vertex   -3.008803e+01 -2.161864e+01 -1.682058e+02
      vertex   -3.014384e+01 -2.210426e+01 -1.602058e+02
    endloop
  endfacet
  facet normal -9.872162e-01 1.593625e-01 2.786362e-03
    outer loop
      vertex   -3.014384e+01 -2.210426e+01 -1.602058e+02
      vertex   -3.008803e+01 -2.161864e+01 -1.682058e+02
      vertex   -3.025298e+01 -2.264049e+01 -1.682058e+02
    endloop
  endfacet
  facet normal -9.711131e-01 2.386038e-01 -2.744743e-03
    outer loop
      vertex   -3.014384e+01 -2.210426e+01 -1.602058e+02
      vertex   -3.025298e+01 -2.264049e+01 -1.682058e+02
      vertex   -3.038908e+01 -2.310238e+01 -1.602058e+02
    endloop
  endfacet
  facet normal -9.451365e-01 3.266639e-01 2.781356e-03
    outer loop
      vertex   -3.038908e+01 -2.310238e+01 -1.602058e+02
      vertex   -3.025298e+01 -2.264049e+01 -1.682058e+02
      vertex   -3.059110e+01 -2.361879e+01 -1.682058e+02
    endloop
  endfacet
  facet normal -9.161427e-01 4.008429e-01 -2.739181e-03
    outer loop
      vertex   -3.038908e+01 -2.310238e+01 -1.602058e+02
      vertex   -3.059110e+01 -2.361879e+01 -1.682058e+02
      vertex   -3.080106e+01 -2.404399e+01 -1.602058e+02
    endloop
  endfacet
  facet normal -8.799922e-01 4.749833e-01 2.150171e-03
    outer loop
      vertex   -3.080106e+01 -2.404399e+01 -1.602058e+02
      vertex   -3.059110e+01 -2.361879e+01 -1.682058e+02
      vertex   -3.100892e+01 -2.439653e+01 -1.673981e+02
    endloop
  endfacet
  facet normal -8.342890e-01 5.513196e-01 -2.912353e-03
    outer loop
      vertex   -3.080106e+01 -2.404399e+01 -1.602058e+02
      vertex   -3.100892e+01 -2.439653e+01 -1.673981e+02
      vertex   -3.136771e+01 -2.490147e+01 -1.602058e+02
    endloop
  endfacet
  facet normal -8.015101e-01 5.979779e-01 1.998461e-03
    outer loop
      vertex   -3.136771e+01 -2.490147e+01 -1.602058e+02
      vertex   -3.100892e+01 -2.439653e+01 -1.673981e+02
      vertex   -3.152104e+01 -2.508572e+01 -1.665690e+02
    endloop
  endfacet
  facet normal -7.279560e-01 6.856200e-01 -2.311659e-03
    outer loop
      vertex   -3.136771e+01 -2.490147e+01 -1.602058e+02
      vertex   -3.152104e+01 -2.508572e+01 -1.665690e+02
      vertex   -3.207239e+01 -2.564966e+01 -1.602058e+02
    endloop
  endfacet
  facet normal -7.122859e-01 7.018893e-01 4.879483e-04
    outer loop
      vertex   -3.207239e+01 -2.564966e+01 -1.602058e+02
      vertex   -3.152104e+01 -2.508572e+01 -1.665690e+02
      vertex   -3.210040e+01 -2.567424e+01 -1.657489e+02
    endloop
  endfacet
  facet normal -6.104565e-01 7.920496e-01 -4.263799e-04
    outer loop
      vertex   -3.207239e+01 -2.564966e+01 -1.602058e+02
      vertex   -3.210040e+01 -2.567424e+01 -1.657489e+02
      vertex   -3.273417e+01 -2.616227e+01 -1.649492e+02
    endloop
  endfacet
  facet normal -6.002603e-01 7.998002e-01 -2.686457e-03
    outer loop
      vertex   -3.207239e+01 -2.564966e+01 -1.602058e+02
      vertex   -3.273417e+01 -2.616227e+01 -1.649492e+02
      vertex   -3.289442e+01 -2.626661e+01 -1.602058e+02
    endloop
  endfacet
  facet normal -4.946661e-01 8.690798e-01 2.404881e-03
    outer loop
      vertex   -3.289442e+01 -2.626661e+01 -1.602058e+02
      vertex   -3.273417e+01 -2.616227e+01 -1.649492e+02
      vertex   -3.345575e+01 -2.657525e+01 -1.641276e+02
    endloop
  endfacet
  facet normal -4.549476e-01 8.905044e-01 -4.965897e-03
    outer loop
      vertex   -3.289442e+01 -2.626661e+01 -1.602058e+02
      vertex   -3.345575e+01 -2.657525e+01 -1.641276e+02
      vertex   -3.380969e+01 -2.673421e+01 -1.602058e+02
    endloop
  endfacet
  facet normal -3.676067e-01 9.299704e-01 4.516097e-03
    outer loop
      vertex   -3.380969e+01 -2.673421e+01 -1.602058e+02
      vertex   -3.345575e+01 -2.657525e+01 -1.641276e+02
      vertex   -3.425389e+01 -2.689475e+01 -1.633031e+02
    endloop
  endfacet
  facet normal -2.962867e-01 9.550733e-01 -7.013171e-03
    outer loop
      vertex   -3.380969e+01 -2.673421e+01 -1.602058e+02
      vertex   -3.425389e+01 -2.689475e+01 -1.633031e+02
      vertex   -3.479134e+01 -2.703874e+01 -1.602058e+02
    endloop
  endfacet
  facet normal -2.269648e-01 9.738851e-01 5.890069e-03
    outer loop
      vertex   -3.479134e+01 -2.703874e+01 -1.602058e+02
      vertex   -3.425389e+01 -2.689475e+01 -1.633031e+02
      vertex   -3.511181e+01 -2.709955e+01 -1.625003e+02
    endloop
  endfacet
  facet normal -1.289361e-01 9.916184e-01 -8.271372e-03
    outer loop
      vertex   -3.479134e+01 -2.703874e+01 -1.602058e+02
      vertex   -3.511181e+01 -2.709955e+01 -1.625003e+02
      vertex   -3.581056e+01 -2.717127e+01 -1.602058e+02
    endloop
  endfacet
  facet normal -7.997147e-02 9.967740e-01 6.800740e-03
    outer loop
      vertex   -3.581056e+01 -2.717127e+01 -1.602058e+02
      vertex   -3.511181e+01 -2.709955e+01 -1.625003e+02
      vertex   -3.600778e+01 -2.717661e+01 -1.617413e+02
    endloop
  endfacet
  facet normal 4.219487e-02 9.990698e-01 -8.898320e-03
    outer loop
      vertex   -3.581056e+01 -2.717127e+01 -1.602058e+02
      vertex   -3.600778e+01 -2.717661e+01 -1.617413e+02
      vertex   -3.683744e+01 -2.712790e+01 -1.602058e+02
    endloop
  endfacet
  facet normal 0.000000e+00 0.000000e+00 -1.000000e+00
    outer loop
      vertex   -3.581056e+01 -2.717127e+01 -1.602058e+02
      vertex   -3.683744e+01 -2.712790e+01 -1.602058e+02
      vertex   -3.628174e+01 -2.390277e+01 -1.602058e+02
    endloop
  endfacet
  facet normal 0.000000e+00 0.000000e+00 -1.000000e+00
    outer loop
      vertex   -3.628174e+01 -2.390277e+01 -1.602058e+02
      vertex   -3.683744e+01 -2.712790e+01 -1.602058e+02
      vertex   -3.819627e+01 -2.517864e+01 -1.602058e+02
    endloop
  endfacet
  facet normal -0.000000e+00 0.000000e+00 -1.000000e+00
    outer loop
      vertex   -3.628174e+01 -2.390277e+01 -1.602058e+02
      vertex   -3.819627e+01 -2.517864e+01 -1.602058e+02
      vertex   -3.702042e+01 -2.376186e+01 -1.602058e+02
    endloop
  endfacet
  facet normal -0.000000e+00 0.000000e+00 -1.000000e+00
    outer loop
      vertex   -3.702042e+01 -2.376186e+01 -1.602058e+02
      vertex   -3.819627e+01 -2.517864e+01 -1.602058e+02
      vertex   -3.770085e+01 -2.344168e+01 -1.602058e+02
    endloop
  endfacet
  facet normal -0.000000e+00 0.000000e+00 -1.000000e+00
    outer loop
      vertex   -3.770085e+01 -2.344168e+01 -1.602058e+02
      vertex   -3.819627e+01 -2.517864e+01 -1.602058e+02
      vertex   -3.828027e+01 -2.296234e+01 -1.602058e+02
    endloop
  endfacet
  facet normal 0.000000e+00 -0.000000e+00 -1.000000e+00
    outer loop
      vertex   -3.828027e+01 -2.296234e+01 -1.602058e+02
      vertex   -3.819627e+01 -2.517864e+01 -1.602058e+02
      vertex   -3.945207e+01 -2.316147e+01 -1.602058e+02
    endloop
  endfacet
  facet normal -0.000000e+00 0.000000e+00 -1.000000e+00
    outer loop
      vertex   -3.828027e+01 -2.296234e+01 -1.602058e+02
      vertex   -3.945207e+01 -2.316147e+01 -1.602058e+02
      vertex   -3.872229e+01 -2.235396e+01 -1.602058e+02
    endloop
  endfacet
  facet normal -0.000000e+00 0.000000e+00 -1.000000e+00
    outer loop
      vertex   -3.872229e+01 -2.235396e+01 -1.602058e+02
      vertex   -3.945207e+01 -2.316147e+01 -1.602058e+02
      vertex   -3.899912e+01 -2.165476e+01 -1.602058e+02
    endloop
  endfacet
  facet normal -0.000000e+00 0.000000e+00 -1.000000e+00
    outer loop
      vertex   -3.899912e+01 -2.165476e+01 -1.602058e+02
      vertex   -3.945207e+01 -2.316147e+01 -1.602058e+02
      vertex   -4.060144e+01 -2.108181e+01 -1.602058e+02
    endloop
  endfacet
  facet normal 0.000000e+00 0.000000e+00 -1.000000e+00
    outer loop
      vertex   -3.899912e+01 -2.165476e+01 -1.602058e+02
      vertex   -4.060144e+01 -2.108181e+01 -1.602058e+02
      vertex   -3.909337e+01 -2.090869e+01 -1.602058e+02
    endloop
  endfacet
  facet normal -0.000000e+00 0.000000e+00 -1.000000e+00
    outer loop
      vertex   -3.909337e+01 -2.090869e+01 -1.602058e+02
      vertex   -4.060144e+01 -2.108181e+01 -1.602058e+02
      vertex   -3.899912e+01 -2.016262e+01 -1.602058e+02
    endloop
  endfacet
  facet normal -0.000000e+00 0.000000e+00 -1.000000e+00
    outer loop
      vertex   -3.899912e+01 -2.016262e+01 -1.602058e+02
      vertex   -4.060144e+01 -2.108181e+01 -1.602058e+02
      vertex   -4.164128e+01 -1.894528e+01 -1.602058e+02
    endloop
  endfacet
  facet normal 0.000000e+00 0.000000e+00 -1.000000e+00
    outer loop
      vertex   -3.899912e+01 -2.016262e+01 -1.602058e+02
      vertex   -4.164128e+01 -1.894528e+01 -1.602058e+02
      vertex   -3.872229e+01 -1.946343e+01 -1.602058e+02
    endloop
  endfacet
  facet normal 0.000000e+00 0.000000e+00 -1.000000e+00
    outer loop
      vertex   -3.872229e+01 -1.946343e+01 -1.602058e+02
      vertex   -4.164128e+01 -1.894528e+01 -1.602058e+02
      vertex   -4.117868e+01 -1.802747e+01 -1.602058e+02
    endloop
  endfacet
  facet normal 0.000000e+00 0.000000e+00 -1.000000e+00
    outer loop
      vertex   -3.872229e+01 -1.946343e+01 -1.602058e+02
      vertex   -4.117868e+01 -1.802747e+01 -1.602058e+02
      vertex   -4.056623e+01 -1.720208e+01 -1.602058e+02
    endloop
  endfacet
  facet normal 0.000000e+00 0.000000e+00 -1.000000e+00
    outer loop
      vertex   -3.872229e+01 -1.946343e+01 -1.602058e+02
      vertex   -4.056623e+01 -1.720208e+01 -1.602058e+02
      vertex   -3.828027e+01 -1.885505e+01 -1.602058e+02
    endloop
  endfacet
  facet normal 0.000000e+00 0.000000e+00 -1.000000e+00
    outer loop
      vertex   -3.828027e+01 -1.885505e+01 -1.602058e+02
      vertex   -4.056623e+01 -1.720208e+01 -1.602058e+02
      vertex   -3.982190e+01 -1.649333e+01 -1.602058e+02
    endloop
  endfacet
  facet normal 0.000000e+00 0.000000e+00 -1.000000e+00
    outer loop
      vertex   -3.828027e+01 -1.885505e+01 -1.602058e+02
      vertex   -3.982190e+01 -1.649333e+01 -1.602058e+02
      vertex   -3.770085e+01 -1.837571e+01 -1.602058e+02
    endloop
  endfacet
  facet normal 0.000000e+00 0.000000e+00 -1.000000e+00
    outer loop
      vertex   -3.770085e+01 -1.837571e+01 -1.602058e+02
      vertex   -3.982190e+01 -1.649333e+01 -1.602058e+02
      vertex   -3.896752e+01 -1.592200e+01 -1.602058e+02
    endloop
  endfacet
  facet normal 0.000000e+00 0.000000e+00 -1.000000e+00
    outer loop
      vertex   -3.770085e+01 -1.837571e+01 -1.602058e+02
      vertex   -3.896752e+01 -1.592200e+01 -1.602058e+02
      vertex   -3.802817e+01 -1.550488e+01 -1.602058e+02
    endloop
  endfacet
  facet normal 0.000000e+00 0.000000e+00 -1.000000e+00
    outer loop
      vertex   -3.770085e+01 -1.837571e+01 -1.602058e+02
      vertex   -3.802817e+01 -1.550488e+01 -1.602058e+02
      vertex   -3.702042e+01 -1.805552e+01 -1.602058e+02
    endloop
  endfacet
  facet normal 0.000000e+00 0.000000e+00 -1.000000e+00
    outer loop
      vertex   -3.702042e+01 -1.805552e+01 -1.602058e+02
      vertex   -3.802817e+01 -1.550488e+01 -1.602058e+02
      vertex   -3.703142e+01 -1.525420e+01 -1.602058e+02
    endloop
  endfacet
  facet normal 0.000000e+00 0.000000e+00 -1.000000e+00
    outer loop
      vertex   -3.702042e+01 -1.805552e+01 -1.602058e+02
      vertex   -3.703142e+01 -1.525420e+01 -1.602058e+02
      vertex   -3.628174e+01 -1.791461e+01 -1.602058e+02
    endloop
  endfacet
  facet normal 0.000000e+00 0.000000e+00 -1.000000e+00
    outer loop
      vertex   -3.628174e+01 -1.791461e+01 -1.602058e+02
      vertex   -3.703142e+01 -1.525420e+01 -1.602058e+02
      vertex   -3.600650e+01 -1.517731e+01 -1.602058e+02
    endloop
  endfacet
  facet normal 0.000000e+00 0.000000e+00 -1.000000e+00
    outer loop
      vertex   -3.628174e+01 -1.791461e+01 -1.602058e+02
      vertex   -3.600650e+01 -1.517731e+01 -1.602058e+02
      vertex   -3.553122e+01 -1.796183e+01 -1.602058e+02
    endloop
  endfacet
  facet normal 0.000000e+00 0.000000e+00 -1.000000e+00
    outer loop
      vertex   -3.553122e+01 -1.796183e+01 -1.602058e+02
      vertex   -3.600650e+01 -1.517731e+01 -1.602058e+02
      vertex   -3.498350e+01 -1.527647e+01 -1.602058e+02
    endloop
  endfacet
  facet normal 0.000000e+00 0.000000e+00 -1.000000e+00
    outer loop
      vertex   -3.553122e+01 -1.796183e+01 -1.602058e+02
      vertex   -3.498350e+01 -1.527647e+01 -1.602058e+02
      vertex   -3.399243e+01 -1.554877e+01 -1.602058e+02
    endloop
  endfacet
  facet normal 0.000000e+00 0.000000e+00 -1.000000e+00
    outer loop
      vertex   -3.553122e+01 -1.796183e+01 -1.602058e+02
      vertex   -3.399243e+01 -1.554877e+01 -1.602058e+02
      vertex   -3.481603e+01 -1.819421e+01 -1.602058e+02
    endloop
  endfacet
  facet normal 0.000000e+00 0.000000e+00 -1.000000e+00
    outer loop
      vertex   -3.481603e+01 -1.819421e+01 -1.602058e+02
      vertex   -3.399243e+01 -1.554877e+01 -1.602058e+02
      vertex   -3.306238e+01 -1.598622e+01 -1.602058e+02
    endloop
  endfacet
  facet normal 0.000000e+00 0.000000e+00 -1.000000e+00
    outer loop
      vertex   -3.481603e+01 -1.819421e+01 -1.602058e+02
      vertex   -3.306238e+01 -1.598622e+01 -1.602058e+02
      vertex   -3.418110e+01 -1.859715e+01 -1.602058e+02
    endloop
  endfacet
  facet normal 0.000000e+00 0.000000e+00 -1.000000e+00
    outer loop
      vertex   -3.418110e+01 -1.859715e+01 -1.602058e+02
      vertex   -3.306238e+01 -1.598622e+01 -1.602058e+02
      vertex   -3.222063e+01 -1.657599e+01 -1.602058e+02
    endloop
  endfacet
  facet normal 0.000000e+00 0.000000e+00 -1.000000e+00
    outer loop
      vertex   -3.418110e+01 -1.859715e+01 -1.602058e+02
      vertex   -3.222063e+01 -1.657599e+01 -1.602058e+02
      vertex   -3.366632e+01 -1.914534e+01 -1.602058e+02
    endloop
  endfacet
  facet normal 0.000000e+00 0.000000e+00 -1.000000e+00
    outer loop
      vertex   -3.366632e+01 -1.914534e+01 -1.602058e+02
      vertex   -3.222063e+01 -1.657599e+01 -1.602058e+02
      vertex   -3.149188e+01 -1.730076e+01 -1.602058e+02
    endloop
  endfacet
  facet normal 0.000000e+00 0.000000e+00 -1.000000e+00
    outer loop
      vertex   -3.366632e+01 -1.914534e+01 -1.602058e+02
      vertex   -3.149188e+01 -1.730076e+01 -1.602058e+02
      vertex   -3.089753e+01 -1.813928e+01 -1.602058e+02
    endloop
  endfacet
  facet normal 0.000000e+00 0.000000e+00 -1.000000e+00
    outer loop
      vertex   -3.366632e+01 -1.914534e+01 -1.602058e+02
      vertex   -3.089753e+01 -1.813928e+01 -1.602058e+02
      vertex   -3.330404e+01 -1.980432e+01 -1.602058e+02
    endloop
  endfacet
  facet normal 0.000000e+00 0.000000e+00 -1.000000e+00
    outer loop
      vertex   -3.330404e+01 -1.980432e+01 -1.602058e+02
      vertex   -3.089753e+01 -1.813928e+01 -1.602058e+02
      vertex   -3.045500e+01 -1.906693e+01 -1.602058e+02
    endloop
  endfacet
  facet normal 0.000000e+00 0.000000e+00 -1.000000e+00
    outer loop
      vertex   -3.330404e+01 -1.980432e+01 -1.602058e+02
      vertex   -3.045500e+01 -1.906693e+01 -1.602058e+02
      vertex   -3.311702e+01 -2.053269e+01 -1.602058e+02
    endloop
  endfacet
  facet normal 0.000000e+00 0.000000e+00 -1.000000e+00
    outer loop
      vertex   -3.311702e+01 -2.053269e+01 -1.602058e+02
      vertex   -3.045500e+01 -1.906693e+01 -1.602058e+02
      vertex   -3.017729e+01 -2.005650e+01 -1.602058e+02
    endloop
  endfacet
  facet normal 0.000000e+00 0.000000e+00 -1.000000e+00
    outer loop
      vertex   -3.311702e+01 -2.053269e+01 -1.602058e+02
      vertex   -3.017729e+01 -2.005650e+01 -1.602058e+02
      vertex   -3.007255e+01 -2.107894e+01 -1.602058e+02
    endloop
  endfacet
  facet normal 0.000000e+00 0.000000e+00 -1.000000e+00
    outer loop
      vertex   -3.311702e+01 -2.053269e+01 -1.602058e+02
      vertex   -3.007255e+01 -2.107894e+01 -1.602058e+02
      vertex   -3.311702e+01 -2.128469e+01 -1.602058e+02
    endloop
  endfacet
  facet normal 0.000000e+00 0.000000e+00 -1.000000e+00
    outer loop
      vertex   -3.311702e+01 -2.128469e+01 -1.602058e+02
      vertex   -3.007255e+01 -2.107894e+01 -1.602058e+02
      vertex   -3.014384e+01 -2.210426e+01 -1.602058e+02
    endloop
  endfacet
  facet normal 0.000000e+00 -0.000000e+00 -1.000000e+00
    outer loop
      vertex   -3.311702e+01 -2.128469e+01 -1.602058e+02
      vertex   -3.014384e+01 -2.210426e+01 -1.602058e+02
      vertex   -3.330404e+01 -2.201307e+01 -1.602058e+02
    endloop
  endfacet
  facet normal 0.000000e+00 0.000000e+00 -1.000000e+00
    outer loop
      vertex   -3.330404e+01 -2.201307e+01 -1.602058e+02
      vertex   -3.014384e+01 -2.210426e+01 -1.602058e+02
      vertex   -3.038908e+01 -2.310238e+01 -1.602058e+02
    endloop
  endfacet
  facet normal 0.000000e+00 0.000000e+00 -1.000000e+00
    outer loop
      vertex   -3.330404e+01 -2.201307e+01 -1.602058e+02
      vertex   -3.038908e+01 -2.310238e+01 -1.602058e+02
      vertex   -3.080106e+01 -2.404399e+01 -1.602058e+02
    endloop
  endfacet
  facet normal 0.000000e+00 -0.000000e+00 -1.000000e+00
    outer loop
      vertex   -3.330404e+01 -2.201307e+01 -1.602058e+02
      vertex   -3.080106e+01 -2.404399e+01 -1.602058e+02
      vertex   -3.366632e+01 -2.267205e+01 -1.602058e+02
    endloop
  endfacet
  facet normal 0.000000e+00 0.000000e+00 -1.000000e+00
    outer loop
      vertex   -3.366632e+01 -2.267205e+01 -1.602058e+02
      vertex   -3.080106e+01 -2.404399e+01 -1.602058e+02
      vertex   -3.136771e+01 -2.490147e+01 -1.602058e+02
    endloop
  endfacet
  facet normal 0.000000e+00 -0.000000e+00 -1.000000e+00
    outer loop
      vertex   -3.366632e+01 -2.267205e+01 -1.602058e+02
      vertex   -3.136771e+01 -2.490147e+01 -1.602058e+02
      vertex   -3.418110e+01 -2.322023e+01 -1.602058e+02
    endloop
  endfacet
  facet normal 0.000000e+00 0.000000e+00 -1.000000e+00
    outer loop
      vertex   -3.418110e+01 -2.322023e+01 -1.602058e+02
      vertex   -3.136771e+01 -2.490147e+01 -1.602058e+02
      vertex   -3.207239e+01 -2.564966e+01 -1.602058e+02
    endloop
  endfacet
  facet normal 0.000000e+00 0.000000e+00 -1.000000e+00
    outer loop
      vertex   -3.418110e+01 -2.322023e+01 -1.602058e+02
      vertex   -3.207239e+01 -2.564966e+01 -1.602058e+02
      vertex   -3.289442e+01 -2.626661e+01 -1.602058e+02
    endloop
  endfacet
  facet normal 0.000000e+00 -0.000000e+00 -1.000000e+00
    outer loop
      vertex   -3.418110e+01 -2.322023e+01 -1.602058e+02
      vertex   -3.289442e+01 -2.626661e+01 -1.602058e+02
      vertex   -3.481603e+01 -2.362318e+01 -1.602058e+02
    endloop
  endfacet
  facet normal 0.000000e+00 0.000000e+00 -1.000000e+00
    outer loop
      vertex   -3.481603e+01 -2.362318e+01 -1.602058e+02
      vertex   -3.289442e+01 -2.626661e+01 -1.602058e+02
      vertex   -3.380969e+01 -2.673421e+01 -1.602058e+02
    endloop
  endfacet
  facet normal 0.000000e+00 -0.000000e+00 -1.000000e+00
    outer loop
      vertex   -3.481603e+01 -2.362318e+01 -1.602058e+02
      vertex   -3.380969e+01 -2.673421e+01 -1.602058e+02
      vertex   -3.553122e+01 -2.385556e+01 -1.602058e+02
    endloop
  endfacet
  facet normal 0.000000e+00 0.000000e+00 -1.000000e+00
    outer loop
      vertex   -3.553122e+01 -2.385556e+01 -1.602058e+02
      vertex   -3.380969e+01 -2.673421e+01 -1.602058e+02
      vertex   -3.479134e+01 -2.703874e+01 -1.602058e+02
    endloop
  endfacet
  facet normal 0.000000e+00 -0.000000e+00 -1.000000e+00
    outer loop
      vertex   -3.553122e+01 -2.385556e+01 -1.602058e+02
      vertex   -3.479134e+01 -2.703874e+01 -1.602058e+02
      vertex   -3.581056e+01 -2.717127e+01 -1.602058e+02
    endloop
  endfacet
  facet normal 0.000000e+00 0.000000e+00 -1.000000e+00
    outer loop
      vertex   -3.553122e+01 -2.385556e+01 -1.602058e+02
      vertex   -3.581056e+01 -2.717127e+01 -1.602058e+02
      vertex   -3.628174e+01 -2.390277e+01 -1.602058e+02
    endloop
  endfacet
  facet normal -9.989009e-01 4.687226e-02 -4.475325e-17
    outer loop
      vertex   2.090562e+01 -1.966273e+00 -1.500000e+02
      vertex   2.090562e+01 -1.966273e+00 -1.400000e+02
      vertex   2.099788e+01 -1.869393e-15 -1.500000e+02
    endloop
  endfacet
  facet normal -9.989009e-01 4.687226e-02 0.000000e+00
    outer loop
      vertex   2.099788e+01 -1.869393e-15 -1.500000e+02
      vertex   2.090562e+01 -1.966273e+00 -1.400000e+02
      vertex   2.099788e+01 -1.869393e-15 -1.400000e+02
    endloop
  endfacet
  facet normal -9.989009e-01 -4.687226e-02 0.000000e+00
    outer loop
      vertex   2.099788e+01 -1.869393e-15 -1.500000e+02
      vertex   2.099788e+01 -1.869393e-15 -1.400000e+02
      vertex   2.090562e+01 1.966273e+00 -1.500000e+02
    endloop
  endfacet
  facet normal -9.989009e-01 -4.687226e-02 4.475325e-17
    outer loop
      vertex   2.090562e+01 1.966273e+00 -1.500000e+02
      vertex   2.099788e+01 -1.869393e-15 -1.400000e+02
      vertex   2.090562e+01 1.966273e+00 -1.400000e+02
    endloop
  endfacet
  facet normal -9.901225e-01 -1.402049e-01 1.338665e-16
    outer loop
      vertex   2.090562e+01 1.966273e+00 -1.500000e+02
      vertex   2.090562e+01 1.966273e+00 -1.400000e+02
      vertex   2.062963e+01 3.915267e+00 -1.500000e+02
    endloop
  endfacet
  facet normal -9.901225e-01 -1.402049e-01 -1.369796e-16
    outer loop
      vertex   2.062963e+01 3.915267e+00 -1.500000e+02
      vertex   2.090562e+01 1.966273e+00 -1.400000e+02
      vertex   2.062963e+01 3.915267e+00 -1.400000e+02
    endloop
  endfacet
  facet normal -9.726429e-01 -2.323054e-01 -2.269615e-16
    outer loop
      vertex   2.062963e+01 3.915267e+00 -1.500000e+02
      vertex   2.062963e+01 3.915267e+00 -1.400000e+02
      vertex   2.017236e+01 5.829853e+00 -1.500000e+02
    endloop
  endfacet
  facet normal -9.726429e-01 -2.323054e-01 0.000000e+00
    outer loop
      vertex   2.017236e+01 5.829853e+00 -1.500000e+02
      vertex   2.062963e+01 3.915267e+00 -1.400000e+02
      vertex   2.017236e+01 5.829853e+00 -1.400000e+02
    endloop
  endfacet
  facet normal -9.466157e-01 -3.223643e-01 0.000000e+00
    outer loop
      vertex   2.017236e+01 5.829853e+00 -1.500000e+02
      vertex   2.017236e+01 5.829853e+00 -1.400000e+02
      vertex   1.953780e+01 7.693206e+00 -1.500000e+02
    endloop
  endfacet
  facet normal -9.466157e-01 -3.223643e-01 0.000000e+00
    outer loop
      vertex   1.953780e+01 7.693206e+00 -1.500000e+02
      vertex   2.017236e+01 5.829853e+00 -1.400000e+02
      vertex   1.953780e+01 7.693206e+00 -1.400000e+02
    endloop
  endfacet
  facet normal -9.122696e-01 -4.095904e-01 0.000000e+00
    outer loop
      vertex   1.953780e+01 7.693206e+00 -1.500000e+02
      vertex   1.953780e+01 7.693206e+00 -1.400000e+02
      vertex   1.873155e+01 9.488950e+00 -1.500000e+02
    endloop
  endfacet
  facet normal -9.122696e-01 -4.095904e-01 -3.968607e-17
    outer loop
      vertex   1.873155e+01 9.488950e+00 -1.500000e+02
      vertex   1.953780e+01 7.693206e+00 -1.400000e+02
      vertex   1.873155e+01 9.488950e+00 -1.400000e+02
    endloop
  endfacet
  facet normal -8.699064e-01 -4.932169e-01 -1.290118e-16
    outer loop
      vertex   1.873155e+01 9.488950e+00 -1.500000e+02
      vertex   1.873155e+01 9.488950e+00 -1.400000e+02
      vertex   1.776068e+01 1.120131e+01 -1.500000e+02
    endloop
  endfacet
  facet normal -8.699064e-01 -4.932169e-01 0.000000e+00
    outer loop
      vertex   1.776068e+01 1.120131e+01 -1.500000e+02
      vertex   1.873155e+01 9.488950e+00 -1.400000e+02
      vertex   1.776068e+01 1.120131e+01 -1.400000e+02
    endloop
  endfacet
  facet normal -8.198984e-01 -5.725090e-01 0.000000e+00
    outer loop
      vertex   1.776068e+01 1.120131e+01 -1.500000e+02
      vertex   1.776068e+01 1.120131e+01 -1.400000e+02
      vertex   1.663374e+01 1.281522e+01 -1.500000e+02
    endloop
  endfacet
  facet normal -8.198984e-01 -5.725090e-01 0.000000e+00
    outer loop
      vertex   1.663374e+01 1.281522e+01 -1.500000e+02
      vertex   1.776068e+01 1.120131e+01 -1.400000e+02
      vertex   1.663374e+01 1.281522e+01 -1.400000e+02
    endloop
  endfacet
  facet normal -7.626852e-01 -6.467699e-01 0.000000e+00
    outer loop
      vertex   1.663374e+01 1.281522e+01 -1.500000e+02
      vertex   1.663374e+01 1.281522e+01 -1.400000e+02
      vertex   1.536061e+01 1.431652e+01 -1.500000e+02
    endloop
  endfacet
  facet normal -7.626852e-01 -6.467699e-01 0.000000e+00
    outer loop
      vertex   1.536061e+01 1.431652e+01 -1.500000e+02
      vertex   1.663374e+01 1.281522e+01 -1.400000e+02
      vertex   1.536061e+01 1.431652e+01 -1.400000e+02
    endloop
  endfacet
  facet normal -6.987694e-01 -7.153470e-01 0.000000e+00
    outer loop
      vertex   1.536061e+01 1.431652e+01 -1.500000e+02
      vertex   1.536061e+01 1.431652e+01 -1.400000e+02
      vertex   1.395249e+01 1.569200e+01 -1.500000e+02
    endloop
  endfacet
  facet normal -6.987694e-01 -7.153470e-01 -2.629766e-16
    outer loop
      vertex   1.395249e+01 1.569200e+01 -1.500000e+02
      vertex   1.536061e+01 1.431652e+01 -1.400000e+02
      vertex   1.395249e+01 1.569200e+01 -1.400000e+02
    endloop
  endfacet
  facet normal -6.287129e-01 -7.776375e-01 -3.556354e-16
    outer loop
      vertex   1.395249e+01 1.569200e+01 -1.500000e+02
      vertex   1.395249e+01 1.569200e+01 -1.400000e+02
      vertex   1.242176e+01 1.692959e+01 -1.500000e+02
    endloop
  endfacet
  facet normal -6.287129e-01 -7.776375e-01 0.000000e+00
    outer loop
      vertex   1.242176e+01 1.692959e+01 -1.500000e+02
      vertex   1.395249e+01 1.569200e+01 -1.400000e+02
      vertex   1.242176e+01 1.692959e+01 -1.400000e+02
    endloop
  endfacet
  facet normal -5.531312e-01 -8.330942e-01 0.000000e+00
    outer loop
      vertex   1.242176e+01 1.692959e+01 -1.500000e+02
      vertex   1.242176e+01 1.692959e+01 -1.400000e+02
      vertex   1.078187e+01 1.801839e+01 -1.500000e+02
    endloop
  endfacet
  facet normal -5.531312e-01 -8.330942e-01 0.000000e+00
    outer loop
      vertex   1.078187e+01 1.801839e+01 -1.500000e+02
      vertex   1.242176e+01 1.692959e+01 -1.400000e+02
      vertex   1.078187e+01 1.801839e+01 -1.400000e+02
    endloop
  endfacet
  facet normal -4.726885e-01 -8.812296e-01 0.000000e+00
    outer loop
      vertex   1.078187e+01 1.801839e+01 -1.500000e+02
      vertex   1.078187e+01 1.801839e+01 -1.400000e+02
      vertex   9.047227e+00 1.894885e+01 -1.500000e+02
    endloop
  endfacet
  facet normal -4.726885e-01 -8.812296e-01 1.067561e-16
    outer loop
      vertex   9.047227e+00 1.894885e+01 -1.500000e+02
      vertex   1.078187e+01 1.801839e+01 -1.400000e+02
      vertex   9.047227e+00 1.894885e+01 -1.400000e+02
    endloop
  endfacet
  facet normal -3.880919e-01 -9.216207e-01 1.726936e-17
    outer loop
      vertex   9.047227e+00 1.894885e+01 -1.500000e+02
      vertex   9.047227e+00 1.894885e+01 -1.400000e+02
      vertex   7.233075e+00 1.971278e+01 -1.500000e+02
    endloop
  endfacet
  facet normal -3.880919e-01 -9.216207e-01 -1.550780e-16
    outer loop
      vertex   7.233075e+00 1.971278e+01 -1.500000e+02
      vertex   9.047227e+00 1.894885e+01 -1.400000e+02
      vertex   7.233075e+00 1.971278e+01 -1.400000e+02
    endloop
  endfacet
  facet normal -3.000846e-01 -9.539126e-01 -2.056335e-16
    outer loop
      vertex   7.233075e+00 1.971278e+01 -1.500000e+02
      vertex   7.233075e+00 1.971278e+01 -1.400000e+02
      vertex   5.355358e+00 2.030348e+01 -1.500000e+02
    endloop
  endfacet
  facet normal -3.000846e-01 -9.539126e-01 0.000000e+00
    outer loop
      vertex   5.355358e+00 2.030348e+01 -1.500000e+02
      vertex   7.233075e+00 1.971278e+01 -1.400000e+02
      vertex   5.355358e+00 2.030348e+01 -1.400000e+02
    endloop
  endfacet
  facet normal -2.094403e-01 -9.778214e-01 0.000000e+00
    outer loop
      vertex   5.355358e+00 2.030348e+01 -1.500000e+02
      vertex   5.355358e+00 2.030348e+01 -1.400000e+02
      vertex   3.430579e+00 2.071575e+01 -1.500000e+02
    endloop
  endfacet
  facet normal -2.094403e-01 -9.778214e-01 -9.301016e-17
    outer loop
      vertex   3.430579e+00 2.071575e+01 -1.500000e+02
      vertex   5.355358e+00 2.030348e+01 -1.400000e+02
      vertex   3.430579e+00 2.071575e+01 -1.400000e+02
    endloop
  endfacet
  facet normal -1.169553e-01 -9.931372e-01 -5.193860e-17
    outer loop
      vertex   3.430579e+00 2.071575e+01 -1.500000e+02
      vertex   3.430579e+00 2.071575e+01 -1.400000e+02
      vertex   1.475651e+00 2.094597e+01 -1.500000e+02
    endloop
  endfacet
  facet normal -1.169553e-01 -9.931372e-01 1.090711e-16
    outer loop
      vertex   1.475651e+00 2.094597e+01 -1.500000e+02
      vertex   3.430579e+00 2.071575e+01 -1.400000e+02
      vertex   1.475651e+00 2.094597e+01 -1.400000e+02
    endloop
  endfacet
  facet normal -2.344257e-02 -9.997252e-01 2.186225e-17
    outer loop
      vertex   1.475651e+00 2.094597e+01 -1.500000e+02
      vertex   1.475651e+00 2.094597e+01 -1.400000e+02
      vertex   -4.922444e-01 2.099211e+01 -1.500000e+02
    endloop
  endfacet
  facet normal -2.344257e-02 -9.997252e-01 1.106126e-17
    outer loop
      vertex   -4.922444e-01 2.099211e+01 -1.500000e+02
      vertex   1.475651e+00 2.094597e+01 -1.400000e+02
      vertex   -4.922444e-01 2.099211e+01 -1.400000e+02
    endloop
  endfacet
  facet normal 7.027619e-02 -9.975276e-01 -3.315945e-17
    outer loop
      vertex   -4.922444e-01 2.099211e+01 -1.500000e+02
      vertex   -4.922444e-01 2.099211e+01 -1.400000e+02
      vertex   -2.455814e+00 2.085378e+01 -1.500000e+02
    endloop
  endfacet
  facet normal 7.027619e-02 -9.975276e-01 0.000000e+00
    outer loop
      vertex   -2.455814e+00 2.085378e+01 -1.500000e+02
      vertex   -4.922444e-01 2.099211e+01 -1.400000e+02
      vertex   -2.455814e+00 2.085378e+01 -1.400000e+02
    endloop
  endfacet
  facet normal 1.633774e-01 -9.865637e-01 0.000000e+00
    outer loop
      vertex   -2.455814e+00 2.085378e+01 -1.500000e+02
      vertex   -2.455814e+00 2.085378e+01 -1.400000e+02
      vertex   -4.397802e+00 2.053218e+01 -1.500000e+02
    endloop
  endfacet
  facet normal 1.633774e-01 -9.865637e-01 7.255412e-17
    outer loop
      vertex   -4.397802e+00 2.053218e+01 -1.500000e+02
      vertex   -2.455814e+00 2.085378e+01 -1.400000e+02
      vertex   -4.397802e+00 2.053218e+01 -1.400000e+02
    endloop
  endfacet
  facet normal 2.550428e-01 -9.669298e-01 1.132617e-16
    outer loop
      vertex   -4.397802e+00 2.053218e+01 -1.500000e+02
      vertex   -4.397802e+00 2.053218e+01 -1.400000e+02
      vertex   -6.301142e+00 2.003015e+01 -1.500000e+02
    endloop
  endfacet
  facet normal 2.550428e-01 -9.669298e-01 -2.038711e-16
    outer loop
      vertex   -6.301142e+00 2.003015e+01 -1.500000e+02
      vertex   -4.397802e+00 2.053218e+01 -1.400000e+02
      vertex   -6.301142e+00 2.003015e+01 -1.400000e+02
    endloop
  endfacet
  facet normal 3.444669e-01 -9.387985e-01 -2.753532e-16
    outer loop
      vertex   -6.301142e+00 2.003015e+01 -1.500000e+02
      vertex   -6.301142e+00 2.003015e+01 -1.400000e+02
      vertex   -8.149108e+00 1.935208e+01 -1.500000e+02
    endloop
  endfacet
  facet normal 3.444669e-01 -9.387985e-01 0.000000e+00
    outer loop
      vertex   -8.149108e+00 1.935208e+01 -1.500000e+02
      vertex   -6.301142e+00 2.003015e+01 -1.400000e+02
      vertex   -8.149108e+00 1.935208e+01 -1.400000e+02
    endloop
  endfacet
  facet normal 4.308637e-01 -9.024170e-01 0.000000e+00
    outer loop
      vertex   -8.149108e+00 1.935208e+01 -1.500000e+02
      vertex   -8.149108e+00 1.935208e+01 -1.400000e+02
      vertex   -9.925458e+00 1.850396e+01 -1.500000e+02
    endloop
  endfacet
  facet normal 4.308637e-01 -9.024170e-01 0.000000e+00
    outer loop
      vertex   -9.925458e+00 1.850396e+01 -1.500000e+02
      vertex   -8.149108e+00 1.935208e+01 -1.400000e+02
      vertex   -9.925458e+00 1.850396e+01 -1.400000e+02
    endloop
  endfacet
  facet normal 5.134742e-01 -8.581050e-01 0.000000e+00
    outer loop
      vertex   -9.925458e+00 1.850396e+01 -1.500000e+02
      vertex   -9.925458e+00 1.850396e+01 -1.400000e+02
      vertex   -1.161458e+01 1.749322e+01 -1.500000e+02
    endloop
  endfacet
  facet normal 5.134742e-01 -8.581050e-01 3.360863e-16
    outer loop
      vertex   -1.161458e+01 1.749322e+01 -1.500000e+02
      vertex   -9.925458e+00 1.850396e+01 -1.400000e+02
      vertex   -1.161458e+01 1.749322e+01 -1.400000e+02
    endloop
  endfacet
  facet normal 5.915722e-01 -8.062520e-01 2.576235e-16
    outer loop
      vertex   -1.161458e+01 1.749322e+01 -1.500000e+02
      vertex   -1.161458e+01 1.749322e+01 -1.400000e+02
      vertex   -1.320164e+01 1.632874e+01 -1.500000e+02
    endloop
  endfacet
  facet normal 5.915722e-01 -8.062520e-01 0.000000e+00
    outer loop
      vertex   -1.320164e+01 1.632874e+01 -1.500000e+02
      vertex   -1.161458e+01 1.749322e+01 -1.400000e+02
      vertex   -1.320164e+01 1.632874e+01 -1.400000e+02
    endloop
  endfacet
  facet normal 6.644715e-01 -7.473136e-01 0.000000e+00
    outer loop
      vertex   -1.320164e+01 1.632874e+01 -1.500000e+02
      vertex   -1.320164e+01 1.632874e+01 -1.400000e+02
      vertex   -1.467268e+01 1.502077e+01 -1.500000e+02
    endloop
  endfacet
  facet normal 6.644715e-01 -7.473136e-01 0.000000e+00
    outer loop
      vertex   -1.467268e+01 1.502077e+01 -1.500000e+02
      vertex   -1.320164e+01 1.632874e+01 -1.400000e+02
      vertex   -1.467268e+01 1.502077e+01 -1.400000e+02
    endloop
  endfacet
  facet normal 7.315313e-01 -6.818078e-01 0.000000e+00
    outer loop
      vertex   -1.467268e+01 1.502077e+01 -1.500000e+02
      vertex   -1.467268e+01 1.502077e+01 -1.400000e+02
      vertex   -1.601477e+01 1.358080e+01 -1.500000e+02
    endloop
  endfacet
  facet normal 7.315313e-01 -6.818078e-01 0.000000e+00
    outer loop
      vertex   -1.601477e+01 1.358080e+01 -1.500000e+02
      vertex   -1.467268e+01 1.502077e+01 -1.400000e+02
      vertex   -1.601477e+01 1.358080e+01 -1.400000e+02
    endloop
  endfacet
  facet normal 7.921625e-01 -6.103103e-01 0.000000e+00
    outer loop
      vertex   -1.601477e+01 1.358080e+01 -1.500000e+02
      vertex   -1.601477e+01 1.358080e+01 -1.400000e+02
      vertex   -1.721613e+01 1.202148e+01 -1.500000e+02
    endloop
  endfacet
  facet normal 7.921625e-01 -6.103103e-01 -1.292138e-16
    outer loop
      vertex   -1.721613e+01 1.202148e+01 -1.500000e+02
      vertex   -1.601477e+01 1.358080e+01 -1.400000e+02
      vertex   -1.721613e+01 1.202148e+01 -1.400000e+02
    endloop
  endfacet
  facet normal 8.458321e-01 -5.334493e-01 -2.219613e-16
    outer loop
      vertex   -1.721613e+01 1.202148e+01 -1.500000e+02
      vertex   -1.721613e+01 1.202148e+01 -1.400000e+02
      vertex   -1.826619e+01 1.035651e+01 -1.500000e+02
    endloop
  endfacet
  facet normal 8.458321e-01 -5.334493e-01 0.000000e+00
    outer loop
      vertex   -1.826619e+01 1.035651e+01 -1.500000e+02
      vertex   -1.721613e+01 1.202148e+01 -1.400000e+02
      vertex   -1.826619e+01 1.035651e+01 -1.400000e+02
    endloop
  endfacet
  facet normal 8.920684e-01 -4.519003e-01 0.000000e+00
    outer loop
      vertex   -1.826619e+01 1.035651e+01 -1.500000e+02
      vertex   -1.826619e+01 1.035651e+01 -1.400000e+02
      vertex   -1.915573e+01 8.600531e+00 -1.500000e+02
    endloop
  endfacet
  facet normal 8.920684e-01 -4.519003e-01 8.444173e-17
    outer loop
      vertex   -1.915573e+01 8.600531e+00 -1.500000e+02
      vertex   -1.826619e+01 1.035651e+01 -1.400000e+02
      vertex   -1.915573e+01 8.600531e+00 -1.400000e+02
    endloop
  endfacet
  facet normal 9.304653e-01 -3.663800e-01 -5.156835e-18
    outer loop
      vertex   -1.915573e+01 8.600531e+00 -1.500000e+02
      vertex   -1.915573e+01 8.600531e+00 -1.400000e+02
      vertex   -1.987693e+01 6.768969e+00 -1.500000e+02
    endloop
  endfacet
  facet normal 9.304653e-01 -3.663800e-01 0.000000e+00
    outer loop
      vertex   -1.987693e+01 6.768969e+00 -1.500000e+02
      vertex   -1.915573e+01 8.600531e+00 -1.400000e+02
      vertex   -1.987693e+01 6.768969e+00 -1.400000e+02
    endloop
  endfacet
  facet normal 9.606852e-01 -2.776400e-01 0.000000e+00
    outer loop
      vertex   -1.987693e+01 6.768969e+00 -1.500000e+02
      vertex   -1.987693e+01 6.768969e+00 -1.400000e+02
      vertex   -2.042344e+01 4.877921e+00 -1.500000e+02
    endloop
  endfacet
  facet normal 9.606852e-01 -2.776400e-01 -4.360140e-16
    outer loop
      vertex   -2.042344e+01 4.877921e+00 -1.500000e+02
      vertex   -1.987693e+01 6.768969e+00 -1.400000e+02
      vertex   -2.042344e+01 4.877921e+00 -1.400000e+02
    endloop
  endfacet
  facet normal 9.824625e-01 -1.864601e-01 -5.324718e-16
    outer loop
      vertex   -2.042344e+01 4.877921e+00 -1.500000e+02
      vertex   -2.042344e+01 4.877921e+00 -1.400000e+02
      vertex   -2.079048e+01 2.944006e+00 -1.500000e+02
    endloop
  endfacet
  facet normal 9.824625e-01 -1.864601e-01 0.000000e+00
    outer loop
      vertex   -2.079048e+01 2.944006e+00 -1.500000e+02
      vertex   -2.042344e+01 4.877921e+00 -1.400000e+02
      vertex   -2.079048e+01 2.944006e+00 -1.400000e+02
    endloop
  endfacet
  facet normal 9.956060e-01 -9.364149e-02 0.000000e+00
    outer loop
      vertex   -2.079048e+01 2.944006e+00 -1.500000e+02
      vertex   -2.079048e+01 2.944006e+00 -1.400000e+02
      vertex   -2.097481e+01 9.842183e-01 -1.500000e+02
    endloop
  endfacet
  facet normal 9.956060e-01 -9.364149e-02 0.000000e+00
    outer loop
      vertex   -2.097481e+01 9.842183e-01 -1.500000e+02
      vertex   -2.079048e+01 2.944006e+00 -1.400000e+02
      vertex   -2.097481e+01 9.842183e-01 -1.400000e+02
    endloop
  endfacet
  facet normal 1.000000e+00 0.000000e+00 -0.000000e+00
    outer loop
      vertex   -2.097481e+01 9.842183e-01 -1.500000e+02
      vertex   -2.097481e+01 9.842183e-01 -1.400000e+02
      vertex   -2.097481e+01 -9.842183e-01 -1.500000e+02
    endloop
  endfacet
  facet normal 1.000000e+00 0.000000e+00 0.000000e+00
    outer loop
      vertex   -2.097481e+01 -9.842183e-01 -1.500000e+02
      vertex   -2.097481e+01 9.842183e-01 -1.400000e+02
      vertex   -2.097481e+01 -9.842183e-01 -1.400000e+02
    endloop
  endfacet
  facet normal 9.956060e-01 9.364149e-02 -0.000000e+00
    outer loop
      vertex   -2.097481e+01 -9.842183e-01 -1.500000e+02
      vertex   -2.097481e+01 -9.842183e-01 -1.400000e+02
      vertex   -2.079048e+01 -2.944006e+00 -1.500000e+02
    endloop
  endfacet
  facet normal 9.956060e-01 9.364149e-02 -0.000000e+00
    outer loop
      vertex   -2.079048e+01 -2.944006e+00 -1.500000e+02
      vertex   -2.097481e+01 -9.842183e-01 -1.400000e+02
      vertex   -2.079048e+01 -2.944006e+00 -1.400000e+02
    endloop
  endfacet
  facet normal 9.824625e-01 1.864601e-01 -0.000000e+00
    outer loop
      vertex   -2.079048e+01 -2.944006e+00 -1.500000e+02
      vertex   -2.079048e+01 -2.944006e+00 -1.400000e+02
      vertex   -2.042344e+01 -4.877921e+00 -1.500000e+02
    endloop
  endfacet
  facet normal 9.824625e-01 1.864601e-01 5.324718e-16
    outer loop
      vertex   -2.042344e+01 -4.877921e+00 -1.500000e+02
      vertex   -2.079048e+01 -2.944006e+00 -1.400000e+02
      vertex   -2.042344e+01 -4.877921e+00 -1.400000e+02
    endloop
  endfacet
  facet normal 9.606852e-01 2.776400e-01 4.360140e-16
    outer loop
      vertex   -2.042344e+01 -4.877921e+00 -1.500000e+02
      vertex   -2.042344e+01 -4.877921e+00 -1.400000e+02
      vertex   -1.987693e+01 -6.768969e+00 -1.500000e+02
    endloop
  endfacet
  facet normal 9.606852e-01 2.776400e-01 -0.000000e+00
    outer loop
      vertex   -1.987693e+01 -6.768969e+00 -1.500000e+02
      vertex   -2.042344e+01 -4.877921e+00 -1.400000e+02
      vertex   -1.987693e+01 -6.768969e+00 -1.400000e+02
    endloop
  endfacet
  facet normal 9.304653e-01 3.663800e-01 -0.000000e+00
    outer loop
      vertex   -1.987693e+01 -6.768969e+00 -1.500000e+02
      vertex   -1.987693e+01 -6.768969e+00 -1.400000e+02
      vertex   -1.915573e+01 -8.600531e+00 -1.500000e+02
    endloop
  endfacet
  facet normal 9.304653e-01 3.663800e-01 5.156835e-18
    outer loop
      vertex   -1.915573e+01 -8.600531e+00 -1.500000e+02
      vertex   -1.987693e+01 -6.768969e+00 -1.400000e+02
      vertex   -1.915573e+01 -8.600531e+00 -1.400000e+02
    endloop
  endfacet
  facet normal 8.920684e-01 4.519003e-01 -8.444173e-17
    outer loop
      vertex   -1.915573e+01 -8.600531e+00 -1.500000e+02
      vertex   -1.915573e+01 -8.600531e+00 -1.400000e+02
      vertex   -1.826619e+01 -1.035651e+01 -1.500000e+02
    endloop
  endfacet
  facet normal 8.920684e-01 4.519003e-01 -0.000000e+00
    outer loop
      vertex   -1.826619e+01 -1.035651e+01 -1.500000e+02
      vertex   -1.915573e+01 -8.600531e+00 -1.400000e+02
      vertex   -1.826619e+01 -1.035651e+01 -1.400000e+02
    endloop
  endfacet
  facet normal 8.458321e-01 5.334493e-01 -0.000000e+00
    outer loop
      vertex   -1.826619e+01 -1.035651e+01 -1.500000e+02
      vertex   -1.826619e+01 -1.035651e+01 -1.400000e+02
      vertex   -1.721613e+01 -1.202148e+01 -1.500000e+02
    endloop
  endfacet
  facet normal 8.458321e-01 5.334493e-01 3.244207e-17
    outer loop
      vertex   -1.721613e+01 -1.202148e+01 -1.500000e+02
      vertex   -1.826619e+01 -1.035651e+01 -1.400000e+02
      vertex   -1.721613e+01 -1.202148e+01 -1.400000e+02
    endloop
  endfacet
  facet normal 7.921625e-01 6.103103e-01 -8.761199e-17
    outer loop
      vertex   -1.721613e+01 -1.202148e+01 -1.500000e+02
      vertex   -1.721613e+01 -1.202148e+01 -1.400000e+02
      vertex   -1.601477e+01 -1.358080e+01 -1.500000e+02
    endloop
  endfacet
  facet normal 7.921625e-01 6.103103e-01 -0.000000e+00
    outer loop
      vertex   -1.601477e+01 -1.358080e+01 -1.500000e+02
      vertex   -1.721613e+01 -1.202148e+01 -1.400000e+02
      vertex   -1.601477e+01 -1.358080e+01 -1.400000e+02
    endloop
  endfacet
  facet normal 7.315313e-01 6.818078e-01 -0.000000e+00
    outer loop
      vertex   -1.601477e+01 -1.358080e+01 -1.500000e+02
      vertex   -1.601477e+01 -1.358080e+01 -1.400000e+02
      vertex   -1.467268e+01 -1.502077e+01 -1.500000e+02
    endloop
  endfacet
  facet normal 7.315313e-01 6.818078e-01 -0.000000e+00
    outer loop
      vertex   -1.467268e+01 -1.502077e+01 -1.500000e+02
      vertex   -1.601477e+01 -1.358080e+01 -1.400000e+02
      vertex   -1.467268e+01 -1.502077e+01 -1.400000e+02
    endloop
  endfacet
  facet normal 6.644715e-01 7.473136e-01 -0.000000e+00
    outer loop
      vertex   -1.467268e+01 -1.502077e+01 -1.500000e+02
      vertex   -1.467268e+01 -1.502077e+01 -1.400000e+02
      vertex   -1.320164e+01 -1.632874e+01 -1.500000e+02
    endloop
  endfacet
  facet normal 6.644715e-01 7.473136e-01 -0.000000e+00
    outer loop
      vertex   -1.320164e+01 -1.632874e+01 -1.500000e+02
      vertex   -1.467268e+01 -1.502077e+01 -1.400000e+02
      vertex   -1.320164e+01 -1.632874e+01 -1.400000e+02
    endloop
  endfacet
  facet normal 5.915722e-01 8.062520e-01 -0.000000e+00
    outer loop
      vertex   -1.320164e+01 -1.632874e+01 -1.500000e+02
      vertex   -1.320164e+01 -1.632874e+01 -1.400000e+02
      vertex   -1.161458e+01 -1.749322e+01 -1.500000e+02
    endloop
  endfacet
  facet normal 5.915722e-01 8.062520e-01 2.881475e-17
    outer loop
      vertex   -1.161458e+01 -1.749322e+01 -1.500000e+02
      vertex   -1.320164e+01 -1.632874e+01 -1.400000e+02
      vertex   -1.161458e+01 -1.749322e+01 -1.400000e+02
    endloop
  endfacet
  facet normal 5.134742e-01 8.581050e-01 -3.122613e-17
    outer loop
      vertex   -1.161458e+01 -1.749322e+01 -1.500000e+02
      vertex   -1.161458e+01 -1.749322e+01 -1.400000e+02
      vertex   -9.925458e+00 -1.850396e+01 -1.500000e+02
    endloop
  endfacet
  facet normal 5.134742e-01 8.581050e-01 -0.000000e+00
    outer loop
      vertex   -9.925458e+00 -1.850396e+01 -1.500000e+02
      vertex   -1.161458e+01 -1.749322e+01 -1.400000e+02
      vertex   -9.925458e+00 -1.850396e+01 -1.400000e+02
    endloop
  endfacet
  facet normal 4.308637e-01 9.024170e-01 -0.000000e+00
    outer loop
      vertex   -9.925458e+00 -1.850396e+01 -1.500000e+02
      vertex   -9.925458e+00 -1.850396e+01 -1.400000e+02
      vertex   -8.149108e+00 -1.935208e+01 -1.500000e+02
    endloop
  endfacet
  facet normal 4.308637e-01 9.024170e-01 -0.000000e+00
    outer loop
      vertex   -8.149108e+00 -1.935208e+01 -1.500000e+02
      vertex   -9.925458e+00 -1.850396e+01 -1.400000e+02
      vertex   -8.149108e+00 -1.935208e+01 -1.400000e+02
    endloop
  endfacet
  facet normal 3.444669e-01 9.387985e-01 -0.000000e+00
    outer loop
      vertex   -8.149108e+00 -1.935208e+01 -1.500000e+02
      vertex   -8.149108e+00 -1.935208e+01 -1.400000e+02
      vertex   -6.301142e+00 -2.003015e+01 -1.500000e+02
    endloop
  endfacet
  facet normal 3.444669e-01 9.387985e-01 2.753532e-16
    outer loop
      vertex   -6.301142e+00 -2.003015e+01 -1.500000e+02
      vertex   -8.149108e+00 -1.935208e+01 -1.400000e+02
      vertex   -6.301142e+00 -2.003015e+01 -1.400000e+02
    endloop
  endfacet
  facet normal 2.550428e-01 9.669298e-01 2.038711e-16
    outer loop
      vertex   -6.301142e+00 -2.003015e+01 -1.500000e+02
      vertex   -6.301142e+00 -2.003015e+01 -1.400000e+02
      vertex   -4.397802e+00 -2.053218e+01 -1.500000e+02
    endloop
  endfacet
  facet normal 2.550428e-01 9.669298e-01 -1.132617e-16
    outer loop
      vertex   -4.397802e+00 -2.053218e+01 -1.500000e+02
      vertex   -6.301142e+00 -2.003015e+01 -1.400000e+02
      vertex   -4.397802e+00 -2.053218e+01 -1.400000e+02
    endloop
  endfacet
  facet normal 1.633774e-01 9.865637e-01 -7.255412e-17
    outer loop
      vertex   -4.397802e+00 -2.053218e+01 -1.500000e+02
      vertex   -4.397802e+00 -2.053218e+01 -1.400000e+02
      vertex   -2.455814e+00 -2.085378e+01 -1.500000e+02
    endloop
  endfacet
  facet normal 1.633774e-01 9.865637e-01 -0.000000e+00
    outer loop
      vertex   -2.455814e+00 -2.085378e+01 -1.500000e+02
      vertex   -4.397802e+00 -2.053218e+01 -1.400000e+02
      vertex   -2.455814e+00 -2.085378e+01 -1.400000e+02
    endloop
  endfacet
  facet normal 7.027619e-02 9.975276e-01 -0.000000e+00
    outer loop
      vertex   -2.455814e+00 -2.085378e+01 -1.500000e+02
      vertex   -2.455814e+00 -2.085378e+01 -1.400000e+02
      vertex   -4.922444e-01 -2.099211e+01 -1.500000e+02
    endloop
  endfacet
  facet normal 7.027619e-02 9.975276e-01 3.315945e-17
    outer loop
      vertex   -4.922444e-01 -2.099211e+01 -1.500000e+02
      vertex   -2.455814e+00 -2.085378e+01 -1.400000e+02
      vertex   -4.922444e-01 -2.099211e+01 -1.400000e+02
    endloop
  endfacet
  facet normal -2.344257e-02 9.997252e-01 -1.106126e-17
    outer loop
      vertex   -4.922444e-01 -2.099211e+01 -1.500000e+02
      vertex   -4.922444e-01 -2.099211e+01 -1.400000e+02
      vertex   1.475651e+00 -2.094597e+01 -1.500000e+02
    endloop
  endfacet
  facet normal -2.344257e-02 9.997252e-01 -2.186225e-17
    outer loop
      vertex   1.475651e+00 -2.094597e+01 -1.500000e+02
      vertex   -4.922444e-01 -2.099211e+01 -1.400000e+02
      vertex   1.475651e+00 -2.094597e+01 -1.400000e+02
    endloop
  endfacet
  facet normal -1.169553e-01 9.931372e-01 -1.090711e-16
    outer loop
      vertex   1.475651e+00 -2.094597e+01 -1.500000e+02
      vertex   1.475651e+00 -2.094597e+01 -1.400000e+02
      vertex   3.430579e+00 -2.071575e+01 -1.500000e+02
    endloop
  endfacet
  facet normal -1.169553e-01 9.931372e-01 5.193860e-17
    outer loop
      vertex   3.430579e+00 -2.071575e+01 -1.500000e+02
      vertex   1.475651e+00 -2.094597e+01 -1.400000e+02
      vertex   3.430579e+00 -2.071575e+01 -1.400000e+02
    endloop
  endfacet
  facet normal -2.094403e-01 9.778214e-01 9.301016e-17
    outer loop
      vertex   3.430579e+00 -2.071575e+01 -1.500000e+02
      vertex   3.430579e+00 -2.071575e+01 -1.400000e+02
      vertex   5.355358e+00 -2.030348e+01 -1.500000e+02
    endloop
  endfacet
  facet normal -2.094403e-01 9.778214e-01 0.000000e+00
    outer loop
      vertex   5.355358e+00 -2.030348e+01 -1.500000e+02
      vertex   3.430579e+00 -2.071575e+01 -1.400000e+02
      vertex   5.355358e+00 -2.030348e+01 -1.400000e+02
    endloop
  endfacet
  facet normal -3.000846e-01 9.539126e-01 0.000000e+00
    outer loop
      vertex   5.355358e+00 -2.030348e+01 -1.500000e+02
      vertex   5.355358e+00 -2.030348e+01 -1.400000e+02
      vertex   7.233075e+00 -1.971278e+01 -1.500000e+02
    endloop
  endfacet
  facet normal -3.000846e-01 9.539126e-01 -1.332643e-16
    outer loop
      vertex   7.233075e+00 -1.971278e+01 -1.500000e+02
      vertex   5.355358e+00 -2.030348e+01 -1.400000e+02
      vertex   7.233075e+00 -1.971278e+01 -1.400000e+02
    endloop
  endfacet
  facet normal -3.880919e-01 9.216207e-01 -1.723474e-16
    outer loop
      vertex   7.233075e+00 -1.971278e+01 -1.500000e+02
      vertex   7.233075e+00 -1.971278e+01 -1.400000e+02
      vertex   9.047227e+00 -1.894885e+01 -1.500000e+02
    endloop
  endfacet
  facet normal -3.880919e-01 9.216207e-01 -3.446948e-16
    outer loop
      vertex   9.047227e+00 -1.894885e+01 -1.500000e+02
      vertex   7.233075e+00 -1.971278e+01 -1.400000e+02
      vertex   9.047227e+00 -1.894885e+01 -1.400000e+02
    endloop
  endfacet
  facet normal -4.726885e-01 8.812296e-01 -4.198317e-16
    outer loop
      vertex   9.047227e+00 -1.894885e+01 -1.500000e+02
      vertex   9.047227e+00 -1.894885e+01 -1.400000e+02
      vertex   1.078187e+01 -1.801839e+01 -1.500000e+02
    endloop
  endfacet
  facet normal -4.726885e-01 8.812296e-01 0.000000e+00
    outer loop
      vertex   1.078187e+01 -1.801839e+01 -1.500000e+02
      vertex   9.047227e+00 -1.894885e+01 -1.400000e+02
      vertex   1.078187e+01 -1.801839e+01 -1.400000e+02
    endloop
  endfacet
  facet normal -5.531312e-01 8.330942e-01 0.000000e+00
    outer loop
      vertex   1.078187e+01 -1.801839e+01 -1.500000e+02
      vertex   1.078187e+01 -1.801839e+01 -1.400000e+02
      vertex   1.242176e+01 -1.692959e+01 -1.500000e+02
    endloop
  endfacet
  facet normal -5.531312e-01 8.330942e-01 0.000000e+00
    outer loop
      vertex   1.242176e+01 -1.692959e+01 -1.500000e+02
      vertex   1.078187e+01 -1.801839e+01 -1.400000e+02
      vertex   1.242176e+01 -1.692959e+01 -1.400000e+02
    endloop
  endfacet
  facet normal -6.287129e-01 7.776375e-01 0.000000e+00
    outer loop
      vertex   1.242176e+01 -1.692959e+01 -1.500000e+02
      vertex   1.242176e+01 -1.692959e+01 -1.400000e+02
      vertex   1.395249e+01 -1.569200e+01 -1.500000e+02
    endloop
  endfacet
  facet normal -6.287129e-01 7.776375e-01 3.556354e-16
    outer loop
      vertex   1.395249e+01 -1.569200e+01 -1.500000e+02
      vertex   1.242176e+01 -1.692959e+01 -1.400000e+02
      vertex   1.395249e+01 -1.569200e+01 -1.400000e+02
    endloop
  endfacet
  facet normal -6.987694e-01 7.153470e-01 2.629766e-16
    outer loop
      vertex   1.395249e+01 -1.569200e+01 -1.500000e+02
      vertex   1.395249e+01 -1.569200e+01 -1.400000e+02
      vertex   1.536061e+01 -1.431652e+01 -1.500000e+02
    endloop
  endfacet
  facet normal -6.987694e-01 7.153470e-01 0.000000e+00
    outer loop
      vertex   1.536061e+01 -1.431652e+01 -1.500000e+02
      vertex   1.395249e+01 -1.569200e+01 -1.400000e+02
      vertex   1.536061e+01 -1.431652e+01 -1.400000e+02
    endloop
  endfacet
  facet normal -7.626852e-01 6.467699e-01 0.000000e+00
    outer loop
      vertex   1.536061e+01 -1.431652e+01 -1.500000e+02
      vertex   1.536061e+01 -1.431652e+01 -1.400000e+02
      vertex   1.663374e+01 -1.281522e+01 -1.500000e+02
    endloop
  endfacet
  facet normal -7.626852e-01 6.467699e-01 0.000000e+00
    outer loop
      vertex   1.663374e+01 -1.281522e+01 -1.500000e+02
      vertex   1.536061e+01 -1.431652e+01 -1.400000e+02
      vertex   1.663374e+01 -1.281522e+01 -1.400000e+02
    endloop
  endfacet
  facet normal -8.198984e-01 5.725090e-01 0.000000e+00
    outer loop
      vertex   1.663374e+01 -1.281522e+01 -1.500000e+02
      vertex   1.663374e+01 -1.281522e+01 -1.400000e+02
      vertex   1.776068e+01 -1.120131e+01 -1.500000e+02
    endloop
  endfacet
  facet normal -8.198984e-01 5.725090e-01 0.000000e+00
    outer loop
      vertex   1.776068e+01 -1.120131e+01 -1.500000e+02
      vertex   1.663374e+01 -1.281522e+01 -1.400000e+02
      vertex   1.776068e+01 -1.120131e+01 -1.400000e+02
    endloop
  endfacet
  facet normal -8.699064e-01 4.932169e-01 0.000000e+00
    outer loop
      vertex   1.776068e+01 -1.120131e+01 -1.500000e+02
      vertex   1.776068e+01 -1.120131e+01 -1.400000e+02
      vertex   1.873155e+01 -9.488950e+00 -1.500000e+02
    endloop
  endfacet
  facet normal -8.699064e-01 4.932169e-01 1.290118e-16
    outer loop
      vertex   1.873155e+01 -9.488950e+00 -1.500000e+02
      vertex   1.776068e+01 -1.120131e+01 -1.400000e+02
      vertex   1.873155e+01 -9.488950e+00 -1.400000e+02
    endloop
  endfacet
  facet normal -9.122696e-01 4.095904e-01 3.968607e-17
    outer loop
      vertex   1.873155e+01 -9.488950e+00 -1.500000e+02
      vertex   1.873155e+01 -9.488950e+00 -1.400000e+02
      vertex   1.953780e+01 -7.693206e+00 -1.500000e+02
    endloop
  endfacet
  facet normal -9.122696e-01 4.095904e-01 0.000000e+00
    outer loop
      vertex   1.953780e+01 -7.693206e+00 -1.500000e+02
      vertex   1.873155e+01 -9.488950e+00 -1.400000e+02
      vertex   1.953780e+01 -7.693206e+00 -1.400000e+02
    endloop
  endfacet
  facet normal -9.466157e-01 3.223643e-01 0.000000e+00
    outer loop
      vertex   1.953780e+01 -7.693206e+00 -1.500000e+02
      vertex   1.953780e+01 -7.693206e+00 -1.400000e+02
      vertex   2.017236e+01 -5.829853e+00 -1.500000e+02
    endloop
  endfacet
  facet normal -9.466157e-01 3.223643e-01 0.000000e+00
    outer loop
      vertex   2.017236e+01 -5.829853e+00 -1.500000e+02
      vertex   1.953780e+01 -7.693206e+00 -1.400000e+02
      vertex   2.017236e+01 -5.829853e+00 -1.400000e+02
    endloop
  endfacet
  facet normal -9.726429e-01 2.323054e-01 0.000000e+00
    outer loop
      vertex   2.017236e+01 -5.829853e+00 -1.500000e+02
      vertex   2.017236e+01 -5.829853e+00 -1.400000e+02
      vertex   2.062963e+01 -3.915267e+00 -1.500000e+02
    endloop
  endfacet
  facet normal -9.726429e-01 2.323054e-01 2.269615e-16
    outer loop
      vertex   2.062963e+01 -3.915267e+00 -1.500000e+02
      vertex   2.017236e+01 -5.829853e+00 -1.400000e+02
      vertex   2.062963e+01 -3.915267e+00 -1.400000e+02
    endloop
  endfacet
  facet normal -9.901225e-01 1.402049e-01 1.369796e-16
    outer loop
      vertex   2.062963e+01 -3.915267e+00 -1.500000e+02
      vertex   2.062963e+01 -3.915267e+00 -1.400000e+02
      vertex   2.090562e+01 -1.966273e+00 -1.500000e+02
    endloop
  endfacet
  facet normal -9.901225e-01 1.402049e-01 -1.338665e-16
    outer loop
      vertex   2.090562e+01 -1.966273e+00 -1.500000e+02
      vertex   2.062963e+01 -3.915267e+00 -1.400000e+02
      vertex   2.090562e+01 -1.966273e+00 -1.400000e+02
    endloop
  endfacet
  facet normal 9.921147e-01 -1.253332e-01 -4.361010e-17
    outer loop
      vertex   -2.844973e+00 -4.096605e+01 -1.602058e+02
      vertex   -2.844973e+00 -4.096605e+01 -1.501029e+02
      vertex   -2.939224e+00 -4.171212e+01 -1.602058e+02
    endloop
  endfacet
  facet normal 9.921147e-01 -1.253332e-01 0.000000e+00
    outer loop
      vertex   -2.939224e+00 -4.171212e+01 -1.602058e+02
      vertex   -2.844973e+00 -4.096605e+01 -1.501029e+02
      vertex   -2.939224e+00 -4.171212e+01 -1.501029e+02
    endloop
  endfacet
  facet normal 9.921147e-01 1.253332e-01 -0.000000e+00
    outer loop
      vertex   -2.939224e+00 -4.171212e+01 -1.602058e+02
      vertex   -2.939224e+00 -4.171212e+01 -1.501029e+02
      vertex   -2.844973e+00 -4.245819e+01 -1.602058e+02
    endloop
  endfacet
  facet normal 9.921147e-01 1.253332e-01 -4.361010e-17
    outer loop
      vertex   -2.844973e+00 -4.245819e+01 -1.602058e+02
      vertex   -2.939224e+00 -4.171212e+01 -1.501029e+02
      vertex   -2.844973e+00 -4.245819e+01 -1.501029e+02
    endloop
  endfacet
  facet normal 9.297765e-01 3.681246e-01 -4.086991e-17
    outer loop
      vertex   -2.844973e+00 -4.245819e+01 -1.602058e+02
      vertex   -2.844973e+00 -4.245819e+01 -1.501029e+02
      vertex   -2.568144e+00 -4.315738e+01 -1.602058e+02
    endloop
  endfacet
  facet normal 9.297765e-01 3.681246e-01 -0.000000e+00
    outer loop
      vertex   -2.568144e+00 -4.315738e+01 -1.602058e+02
      vertex   -2.844973e+00 -4.245819e+01 -1.501029e+02
      vertex   -2.568144e+00 -4.315738e+01 -1.501029e+02
    endloop
  endfacet
  facet normal 8.090170e-01 5.877853e-01 -0.000000e+00
    outer loop
      vertex   -2.568144e+00 -4.315738e+01 -1.602058e+02
      vertex   -2.568144e+00 -4.315738e+01 -1.501029e+02
      vertex   -2.126130e+00 -4.376576e+01 -1.602058e+02
    endloop
  endfacet
  facet normal 8.090170e-01 5.877853e-01 1.066852e-16
    outer loop
      vertex   -2.126130e+00 -4.376576e+01 -1.602058e+02
      vertex   -2.568144e+00 -4.315738e+01 -1.501029e+02
      vertex   -2.126130e+00 -4.376576e+01 -1.501029e+02
    endloop
  endfacet
  facet normal 6.374240e-01 7.705132e-01 8.405718e-17
    outer loop
      vertex   -2.126130e+00 -4.376576e+01 -1.602058e+02
      vertex   -2.126130e+00 -4.376576e+01 -1.501029e+02
      vertex   -1.546704e+00 -4.424510e+01 -1.602058e+02
    endloop
  endfacet
  facet normal 6.374240e-01 7.705132e-01 7.004765e-17
    outer loop
      vertex   -1.546704e+00 -4.424510e+01 -1.602058e+02
      vertex   -2.126130e+00 -4.376576e+01 -1.501029e+02
      vertex   -1.546704e+00 -4.424510e+01 -1.501029e+02
    endloop
  endfacet
  facet normal 4.257793e-01 9.048271e-01 4.678964e-17
    outer loop
      vertex   -1.546704e+00 -4.424510e+01 -1.602058e+02
      vertex   -1.546704e+00 -4.424510e+01 -1.501029e+02
      vertex   -8.662747e-01 -4.456529e+01 -1.602058e+02
    endloop
  endfacet
  facet normal 4.257793e-01 9.048271e-01 2.807378e-17
    outer loop
      vertex   -8.662747e-01 -4.456529e+01 -1.602058e+02
      vertex   -1.546704e+00 -4.424510e+01 -1.501029e+02
      vertex   -8.662747e-01 -4.456529e+01 -1.501029e+02
    endloop
  endfacet
  facet normal 1.873813e-01 9.822873e-01 1.235500e-17
    outer loop
      vertex   -8.662747e-01 -4.456529e+01 -1.602058e+02
      vertex   -8.662747e-01 -4.456529e+01 -1.501029e+02
      vertex   -1.275953e-01 -4.470620e+01 -1.602058e+02
    endloop
  endfacet
  facet normal 1.873813e-01 9.822873e-01 -0.000000e+00
    outer loop
      vertex   -1.275953e-01 -4.470620e+01 -1.602058e+02
      vertex   -8.662747e-01 -4.456529e+01 -1.501029e+02
      vertex   -1.275953e-01 -4.470620e+01 -1.501029e+02
    endloop
  endfacet
  facet normal -6.279052e-02 9.980267e-01 0.000000e+00
    outer loop
      vertex   -1.275953e-01 -4.470620e+01 -1.602058e+02
      vertex   -1.275953e-01 -4.470620e+01 -1.501029e+02
      vertex   6.229202e-01 -4.465898e+01 -1.602058e+02
    endloop
  endfacet
  facet normal -6.279052e-02 9.980267e-01 4.140097e-18
    outer loop
      vertex   6.229202e-01 -4.465898e+01 -1.602058e+02
      vertex   -1.275953e-01 -4.470620e+01 -1.501029e+02
      vertex   6.229202e-01 -4.465898e+01 -1.501029e+02
    endloop
  endfacet
  facet normal -3.090170e-01 9.510565e-01 2.037505e-17
    outer loop
      vertex   6.229202e-01 -4.465898e+01 -1.602058e+02
      vertex   6.229202e-01 -4.465898e+01 -1.501029e+02
      vertex   1.338114e+00 -4.442660e+01 -1.602058e+02
    endloop
  endfacet
  facet normal -3.090170e-01 9.510565e-01 3.395842e-17
    outer loop
      vertex   1.338114e+00 -4.442660e+01 -1.602058e+02
      vertex   6.229202e-01 -4.465898e+01 -1.501029e+02
      vertex   1.338114e+00 -4.442660e+01 -1.501029e+02
    endloop
  endfacet
  facet normal -5.358268e-01 8.443279e-01 5.888296e-17
    outer loop
      vertex   1.338114e+00 -4.442660e+01 -1.602058e+02
      vertex   1.338114e+00 -4.442660e+01 -1.501029e+02
      vertex   1.973048e+00 -4.402366e+01 -1.602058e+02
    endloop
  endfacet
  facet normal -5.358268e-01 8.443279e-01 -2.355318e-17
    outer loop
      vertex   1.973048e+00 -4.402366e+01 -1.602058e+02
      vertex   1.338114e+00 -4.442660e+01 -1.501029e+02
      vertex   1.973048e+00 -4.402366e+01 -1.501029e+02
    endloop
  endfacet
  facet normal -7.289686e-01 6.845471e-01 -3.204306e-17
    outer loop
      vertex   1.973048e+00 -4.402366e+01 -1.602058e+02
      vertex   1.973048e+00 -4.402366e+01 -1.501029e+02
      vertex   2.487827e+00 -4.347548e+01 -1.602058e+02
    endloop
  endfacet
  facet normal -7.289686e-01 6.845471e-01 6.408612e-17
    outer loop
      vertex   2.487827e+00 -4.347548e+01 -1.602058e+02
      vertex   1.973048e+00 -4.402366e+01 -1.501029e+02
      vertex   2.487827e+00 -4.347548e+01 -1.501029e+02
    endloop
  endfacet
  facet normal -8.763067e-01 4.817537e-01 7.703911e-17
    outer loop
      vertex   2.487827e+00 -4.347548e+01 -1.602058e+02
      vertex   2.487827e+00 -4.347548e+01 -1.501029e+02
      vertex   2.850106e+00 -4.281649e+01 -1.602058e+02
    endloop
  endfacet
  facet normal -8.763067e-01 4.817537e-01 -1.155587e-16
    outer loop
      vertex   2.850106e+00 -4.281649e+01 -1.602058e+02
      vertex   2.487827e+00 -4.347548e+01 -1.501029e+02
      vertex   2.850106e+00 -4.281649e+01 -1.501029e+02
    endloop
  endfacet
  facet normal -9.685832e-01 2.486899e-01 -1.277272e-16
    outer loop
      vertex   2.850106e+00 -4.281649e+01 -1.602058e+02
      vertex   2.850106e+00 -4.281649e+01 -1.501029e+02
      vertex   3.037120e+00 -4.208812e+01 -1.602058e+02
    endloop
  endfacet
  facet normal -9.685832e-01 2.486899e-01 0.000000e+00
    outer loop
      vertex   3.037120e+00 -4.208812e+01 -1.602058e+02
      vertex   2.850106e+00 -4.281649e+01 -1.501029e+02
      vertex   3.037120e+00 -4.208812e+01 -1.501029e+02
    endloop
  endfacet
  facet normal -1.000000e+00 5.905446e-16 0.000000e+00
    outer loop
      vertex   3.037120e+00 -4.208812e+01 -1.602058e+02
      vertex   3.037120e+00 -4.208812e+01 -1.501029e+02
      vertex   3.037120e+00 -4.133612e+01 -1.602058e+02
    endloop
  endfacet
  facet normal -1.000000e+00 1.771634e-15 8.791342e-17
    outer loop
      vertex   3.037120e+00 -4.133612e+01 -1.602058e+02
      vertex   3.037120e+00 -4.208812e+01 -1.501029e+02
      vertex   3.037120e+00 -4.133612e+01 -1.501029e+02
    endloop
  endfacet
  facet normal -9.685832e-01 -2.486899e-01 8.515146e-17
    outer loop
      vertex   3.037120e+00 -4.133612e+01 -1.602058e+02
      vertex   3.037120e+00 -4.133612e+01 -1.501029e+02
      vertex   2.850106e+00 -4.060775e+01 -1.602058e+02
    endloop
  endfacet
  facet normal -9.685832e-01 -2.486899e-01 4.257573e-17
    outer loop
      vertex   2.850106e+00 -4.060775e+01 -1.602058e+02
      vertex   3.037120e+00 -4.133612e+01 -1.501029e+02
      vertex   2.850106e+00 -4.060775e+01 -1.501029e+02
    endloop
  endfacet
  facet normal -8.763067e-01 -4.817537e-01 3.851956e-17
    outer loop
      vertex   2.850106e+00 -4.060775e+01 -1.602058e+02
      vertex   2.850106e+00 -4.060775e+01 -1.501029e+02
      vertex   2.487827e+00 -3.994877e+01 -1.602058e+02
    endloop
  endfacet
  facet normal -8.763067e-01 -4.817537e-01 3.851956e-17
    outer loop
      vertex   2.487827e+00 -3.994877e+01 -1.602058e+02
      vertex   2.850106e+00 -4.060775e+01 -1.501029e+02
      vertex   2.487827e+00 -3.994877e+01 -1.501029e+02
    endloop
  endfacet
  facet normal -7.289686e-01 -6.845471e-01 3.204306e-17
    outer loop
      vertex   2.487827e+00 -3.994877e+01 -1.602058e+02
      vertex   2.487827e+00 -3.994877e+01 -1.501029e+02
      vertex   1.973048e+00 -3.940058e+01 -1.602058e+02
    endloop
  endfacet
  facet normal -7.289686e-01 -6.845471e-01 -6.408612e-17
    outer loop
      vertex   1.973048e+00 -3.940058e+01 -1.602058e+02
      vertex   2.487827e+00 -3.994877e+01 -1.501029e+02
      vertex   1.973048e+00 -3.940058e+01 -1.501029e+02
    endloop
  endfacet
  facet normal -5.358268e-01 -8.443279e-01 -4.710636e-17
    outer loop
      vertex   1.973048e+00 -3.940058e+01 -1.602058e+02
      vertex   1.973048e+00 -3.940058e+01 -1.501029e+02
      vertex   1.338114e+00 -3.899764e+01 -1.602058e+02
    endloop
  endfacet
  facet normal -5.358268e-01 -8.443279e-01 4.710636e-17
    outer loop
      vertex   1.338114e+00 -3.899764e+01 -1.602058e+02
      vertex   1.973048e+00 -3.940058e+01 -1.501029e+02
      vertex   1.338114e+00 -3.899764e+01 -1.501029e+02
    endloop
  endfacet
  facet normal -3.090170e-01 -9.510565e-01 2.716674e-17
    outer loop
      vertex   1.338114e+00 -3.899764e+01 -1.602058e+02
      vertex   1.338114e+00 -3.899764e+01 -1.501029e+02
      vertex   6.229202e-01 -3.876526e+01 -1.602058e+02
    endloop
  endfacet
  facet normal -3.090170e-01 -9.510565e-01 0.000000e+00
    outer loop
      vertex   6.229202e-01 -3.876526e+01 -1.602058e+02
      vertex   1.338114e+00 -3.899764e+01 -1.501029e+02
      vertex   6.229202e-01 -3.876526e+01 -1.501029e+02
    endloop
  endfacet
  facet normal -6.279052e-02 -9.980267e-01 0.000000e+00
    outer loop
      vertex   6.229202e-01 -3.876526e+01 -1.602058e+02
      vertex   6.229202e-01 -3.876526e+01 -1.501029e+02
      vertex   -1.275953e-01 -3.871804e+01 -1.602058e+02
    endloop
  endfacet
  facet normal -6.279052e-02 -9.980267e-01 0.000000e+00
    outer loop
      vertex   -1.275953e-01 -3.871804e+01 -1.602058e+02
      vertex   6.229202e-01 -3.876526e+01 -1.501029e+02
      vertex   -1.275953e-01 -3.871804e+01 -1.501029e+02
    endloop
  endfacet
  facet normal 1.873813e-01 -9.822873e-01 0.000000e+00
    outer loop
      vertex   -1.275953e-01 -3.871804e+01 -1.602058e+02
      vertex   -1.275953e-01 -3.871804e+01 -1.501029e+02
      vertex   -8.662747e-01 -3.885895e+01 -1.602058e+02
    endloop
  endfacet
  facet normal 1.873813e-01 -9.822873e-01 1.235500e-17
    outer loop
      vertex   -8.662747e-01 -3.885895e+01 -1.602058e+02
      vertex   -1.275953e-01 -3.871804e+01 -1.501029e+02
      vertex   -8.662747e-01 -3.885895e+01 -1.501029e+02
    endloop
  endfacet
  facet normal 4.257793e-01 -9.048271e-01 2.807378e-17
    outer loop
      vertex   -8.662747e-01 -3.885895e+01 -1.602058e+02
      vertex   -8.662747e-01 -3.885895e+01 -1.501029e+02
      vertex   -1.546704e+00 -3.917914e+01 -1.602058e+02
    endloop
  endfacet
  facet normal 4.257793e-01 -9.048271e-01 0.000000e+00
    outer loop
      vertex   -1.546704e+00 -3.917914e+01 -1.602058e+02
      vertex   -8.662747e-01 -3.885895e+01 -1.501029e+02
      vertex   -1.546704e+00 -3.917914e+01 -1.501029e+02
    endloop
  endfacet
  facet normal 6.374240e-01 -7.705132e-01 0.000000e+00
    outer loop
      vertex   -1.546704e+00 -3.917914e+01 -1.602058e+02
      vertex   -1.546704e+00 -3.917914e+01 -1.501029e+02
      vertex   -2.126130e+00 -3.965848e+01 -1.602058e+02
    endloop
  endfacet
  facet normal 6.374240e-01 -7.705132e-01 8.405718e-17
    outer loop
      vertex   -2.126130e+00 -3.965848e+01 -1.602058e+02
      vertex   -1.546704e+00 -3.917914e+01 -1.501029e+02
      vertex   -2.126130e+00 -3.965848e+01 -1.501029e+02
    endloop
  endfacet
  facet normal 8.090170e-01 -5.877853e-01 1.066852e-16
    outer loop
      vertex   -2.126130e+00 -3.965848e+01 -1.602058e+02
      vertex   -2.126130e+00 -3.965848e+01 -1.501029e+02
      vertex   -2.568144e+00 -4.026686e+01 -1.602058e+02
    endloop
  endfacet
  facet normal 8.090170e-01 -5.877853e-01 0.000000e+00
    outer loop
      vertex   -2.568144e+00 -4.026686e+01 -1.602058e+02
      vertex   -2.126130e+00 -3.965848e+01 -1.501029e+02
      vertex   -2.568144e+00 -4.026686e+01 -1.501029e+02
    endloop
  endfacet
  facet normal 9.297765e-01 -3.681246e-01 0.000000e+00
    outer loop
      vertex   -2.568144e+00 -4.026686e+01 -1.602058e+02
      vertex   -2.568144e+00 -4.026686e+01 -1.501029e+02
      vertex   -2.844973e+00 -4.096605e+01 -1.602058e+02
    endloop
  endfacet
  facet normal 9.297765e-01 -3.681246e-01 -4.086991e-17
    outer loop
      vertex   -2.844973e+00 -4.096605e+01 -1.602058e+02
      vertex   -2.568144e+00 -4.026686e+01 -1.501029e+02
      vertex   -2.844973e+00 -4.096605e+01 -1.501029e+02
    endloop
  endfacet
  facet normal 9.921147e-01 1.253332e-01 4.361010e-17
    outer loop
      vertex   -2.844973e+00 -4.245819e+01 -1.400000e+02
      vertex   -2.844973e+00 -4.245819e+01 -1.501029e+02
      vertex   -2.939224e+00 -4.171212e+01 -1.400000e+02
    endloop
  endfacet
  facet normal 9.921147e-01 1.253332e-01 0.000000e+00
    outer loop
      vertex   -2.939224e+00 -4.171212e+01 -1.400000e+02
      vertex   -2.844973e+00 -4.245819e+01 -1.501029e+02
      vertex   -2.939224e+00 -4.171212e+01 -1.501029e+02
    endloop
  endfacet
  facet normal 9.921147e-01 -1.253332e-01 0.000000e+00
    outer loop
      vertex   -2.939224e+00 -4.171212e+01 -1.400000e+02
      vertex   -2.939224e+00 -4.171212e+01 -1.501029e+02
      vertex   -2.844973e+00 -4.096605e+01 -1.400000e+02
    endloop
  endfacet
  facet normal 9.921147e-01 -1.253332e-01 4.361010e-17
    outer loop
      vertex   -2.844973e+00 -4.096605e+01 -1.400000e+02
      vertex   -2.939224e+00 -4.171212e+01 -1.501029e+02
      vertex   -2.844973e+00 -4.096605e+01 -1.501029e+02
    endloop
  endfacet
  facet normal 9.297765e-01 -3.681246e-01 4.086991e-17
    outer loop
      vertex   -2.844973e+00 -4.096605e+01 -1.400000e+02
      vertex   -2.844973e+00 -4.096605e+01 -1.501029e+02
      vertex   -2.568144e+00 -4.026686e+01 -1.400000e+02
    endloop
  endfacet
  facet normal 9.297765e-01 -3.681246e-01 0.000000e+00
    outer loop
      vertex   -2.568144e+00 -4.026686e+01 -1.400000e+02
      vertex   -2.844973e+00 -4.096605e+01 -1.501029e+02
      vertex   -2.568144e+00 -4.026686e+01 -1.501029e+02
    endloop
  endfacet
  facet normal 8.090170e-01 -5.877853e-01 0.000000e+00
    outer loop
      vertex   -2.568144e+00 -4.026686e+01 -1.400000e+02
      vertex   -2.568144e+00 -4.026686e+01 -1.501029e+02
      vertex   -2.126130e+00 -3.965848e+01 -1.400000e+02
    endloop
  endfacet
  facet normal 8.090170e-01 -5.877853e-01 -1.066852e-16
    outer loop
      vertex   -2.126130e+00 -3.965848e+01 -1.400000e+02
      vertex   -2.568144e+00 -4.026686e+01 -1.501029e+02
      vertex   -2.126130e+00 -3.965848e+01 -1.501029e+02
    endloop
  endfacet
  facet normal 6.374240e-01 -7.705132e-01 -8.405718e-17
    outer loop
      vertex   -2.126130e+00 -3.965848e+01 -1.400000e+02
      vertex   -2.126130e+00 -3.965848e+01 -1.501029e+02
      vertex   -1.546704e+00 -3.917914e+01 -1.400000e+02
    endloop
  endfacet
  facet normal 6.374240e-01 -7.705132e-01 0.000000e+00
    outer loop
      vertex   -1.546704e+00 -3.917914e+01 -1.400000e+02
      vertex   -2.126130e+00 -3.965848e+01 -1.501029e+02
      vertex   -1.546704e+00 -3.917914e+01 -1.501029e+02
    endloop
  endfacet
  facet normal 4.257793e-01 -9.048271e-01 0.000000e+00
    outer loop
      vertex   -1.546704e+00 -3.917914e+01 -1.400000e+02
      vertex   -1.546704e+00 -3.917914e+01 -1.501029e+02
      vertex   -8.662747e-01 -3.885895e+01 -1.400000e+02
    endloop
  endfacet
  facet normal 4.257793e-01 -9.048271e-01 -2.807378e-17
    outer loop
      vertex   -8.662747e-01 -3.885895e+01 -1.400000e+02
      vertex   -1.546704e+00 -3.917914e+01 -1.501029e+02
      vertex   -8.662747e-01 -3.885895e+01 -1.501029e+02
    endloop
  endfacet
  facet normal 1.873813e-01 -9.822873e-01 -1.235500e-17
    outer loop
      vertex   -8.662747e-01 -3.885895e+01 -1.400000e+02
      vertex   -8.662747e-01 -3.885895e+01 -1.501029e+02
      vertex   -1.275953e-01 -3.871804e+01 -1.400000e+02
    endloop
  endfacet
  facet normal 1.873813e-01 -9.822873e-01 0.000000e+00
    outer loop
      vertex   -1.275953e-01 -3.871804e+01 -1.400000e+02
      vertex   -8.662747e-01 -3.885895e+01 -1.501029e+02
      vertex   -1.275953e-01 -3.871804e+01 -1.501029e+02
    endloop
  endfacet
  facet normal -6.279052e-02 -9.980267e-01 -0.000000e+00
    outer loop
      vertex   -1.275953e-01 -3.871804e+01 -1.400000e+02
      vertex   -1.275953e-01 -3.871804e+01 -1.501029e+02
      vertex   6.229202e-01 -3.876526e+01 -1.400000e+02
    endloop
  endfacet
  facet normal -6.279052e-02 -9.980267e-01 -0.000000e+00
    outer loop
      vertex   6.229202e-01 -3.876526e+01 -1.400000e+02
      vertex   -1.275953e-01 -3.871804e+01 -1.501029e+02
      vertex   6.229202e-01 -3.876526e+01 -1.501029e+02
    endloop
  endfacet
  facet normal -3.090170e-01 -9.510565e-01 -0.000000e+00
    outer loop
      vertex   6.229202e-01 -3.876526e+01 -1.400000e+02
      vertex   6.229202e-01 -3.876526e+01 -1.501029e+02
      vertex   1.338114e+00 -3.899764e+01 -1.400000e+02
    endloop
  endfacet
  facet normal -3.090170e-01 -9.510565e-01 -2.716674e-17
    outer loop
      vertex   1.338114e+00 -3.899764e+01 -1.400000e+02
      vertex   6.229202e-01 -3.876526e+01 -1.501029e+02
      vertex   1.338114e+00 -3.899764e+01 -1.501029e+02
    endloop
  endfacet
  facet normal -5.358268e-01 -8.443279e-01 -4.710636e-17
    outer loop
      vertex   1.338114e+00 -3.899764e+01 -1.400000e+02
      vertex   1.338114e+00 -3.899764e+01 -1.501029e+02
      vertex   1.973048e+00 -3.940058e+01 -1.400000e+02
    endloop
  endfacet
  facet normal -5.358268e-01 -8.443279e-01 4.710636e-17
    outer loop
      vertex   1.973048e+00 -3.940058e+01 -1.400000e+02
      vertex   1.338114e+00 -3.899764e+01 -1.501029e+02
      vertex   1.973048e+00 -3.940058e+01 -1.501029e+02
    endloop
  endfacet
  facet normal -7.289686e-01 -6.845471e-01 6.408612e-17
    outer loop
      vertex   1.973048e+00 -3.940058e+01 -1.400000e+02
      vertex   1.973048e+00 -3.940058e+01 -1.501029e+02
      vertex   2.487827e+00 -3.994877e+01 -1.400000e+02
    endloop
  endfacet
  facet normal -7.289686e-01 -6.845471e-01 -3.204306e-17
    outer loop
      vertex   2.487827e+00 -3.994877e+01 -1.400000e+02
      vertex   1.973048e+00 -3.940058e+01 -1.501029e+02
      vertex   2.487827e+00 -3.994877e+01 -1.501029e+02
    endloop
  endfacet
  facet normal -8.763067e-01 -4.817537e-01 -3.851956e-17
    outer loop
      vertex   2.487827e+00 -3.994877e+01 -1.400000e+02
      vertex   2.487827e+00 -3.994877e+01 -1.501029e+02
      vertex   2.850106e+00 -4.060775e+01 -1.400000e+02
    endloop
  endfacet
  facet normal -8.763067e-01 -4.817537e-01 -3.851956e-17
    outer loop
      vertex   2.850106e+00 -4.060775e+01 -1.400000e+02
      vertex   2.487827e+00 -3.994877e+01 -1.501029e+02
      vertex   2.850106e+00 -4.060775e+01 -1.501029e+02
    endloop
  endfacet
  facet normal -9.685832e-01 -2.486899e-01 -4.257573e-17
    outer loop
      vertex   2.850106e+00 -4.060775e+01 -1.400000e+02
      vertex   2.850106e+00 -4.060775e+01 -1.501029e+02
      vertex   3.037120e+00 -4.133612e+01 -1.400000e+02
    endloop
  endfacet
  facet normal -9.685832e-01 -2.486899e-01 -8.515146e-17
    outer loop
      vertex   3.037120e+00 -4.133612e+01 -1.400000e+02
      vertex   2.850106e+00 -4.060775e+01 -1.501029e+02
      vertex   3.037120e+00 -4.133612e+01 -1.501029e+02
    endloop
  endfacet
  facet normal -1.000000e+00 5.905446e-16 -8.791342e-17
    outer loop
      vertex   3.037120e+00 -4.133612e+01 -1.400000e+02
      vertex   3.037120e+00 -4.133612e+01 -1.501029e+02
      vertex   3.037120e+00 -4.208812e+01 -1.400000e+02
    endloop
  endfacet
  facet normal -1.000000e+00 1.771634e-15 0.000000e+00
    outer loop
      vertex   3.037120e+00 -4.208812e+01 -1.400000e+02
      vertex   3.037120e+00 -4.133612e+01 -1.501029e+02
      vertex   3.037120e+00 -4.208812e+01 -1.501029e+02
    endloop
  endfacet
  facet normal -9.685832e-01 2.486899e-01 0.000000e+00
    outer loop
      vertex   3.037120e+00 -4.208812e+01 -1.400000e+02
      vertex   3.037120e+00 -4.208812e+01 -1.501029e+02
      vertex   2.850106e+00 -4.281649e+01 -1.400000e+02
    endloop
  endfacet
  facet normal -9.685832e-01 2.486899e-01 1.277272e-16
    outer loop
      vertex   2.850106e+00 -4.281649e+01 -1.400000e+02
      vertex   3.037120e+00 -4.208812e+01 -1.501029e+02
      vertex   2.850106e+00 -4.281649e+01 -1.501029e+02
    endloop
  endfacet
  facet normal -8.763067e-01 4.817537e-01 1.155587e-16
    outer loop
      vertex   2.850106e+00 -4.281649e+01 -1.400000e+02
      vertex   2.850106e+00 -4.281649e+01 -1.501029e+02
      vertex   2.487827e+00 -4.347548e+01 -1.400000e+02
    endloop
  endfacet
  facet normal -8.763067e-01 4.817537e-01 -7.703911e-17
    outer loop
      vertex   2.487827e+00 -4.347548e+01 -1.400000e+02
      vertex   2.850106e+00 -4.281649e+01 -1.501029e+02
      vertex   2.487827e+00 -4.347548e+01 -1.501029e+02
    endloop
  endfacet
  facet normal -7.289686e-01 6.845471e-01 -6.408612e-17
    outer loop
      vertex   2.487827e+00 -4.347548e+01 -1.400000e+02
      vertex   2.487827e+00 -4.347548e+01 -1.501029e+02
      vertex   1.973048e+00 -4.402366e+01 -1.400000e+02
    endloop
  endfacet
  facet normal -7.289686e-01 6.845471e-01 3.204306e-17
    outer loop
      vertex   1.973048e+00 -4.402366e+01 -1.400000e+02
      vertex   2.487827e+00 -4.347548e+01 -1.501029e+02
      vertex   1.973048e+00 -4.402366e+01 -1.501029e+02
    endloop
  endfacet
  facet normal -5.358268e-01 8.443279e-01 2.355318e-17
    outer loop
      vertex   1.973048e+00 -4.402366e+01 -1.400000e+02
      vertex   1.973048e+00 -4.402366e+01 -1.501029e+02
      vertex   1.338114e+00 -4.442660e+01 -1.400000e+02
    endloop
  endfacet
  facet normal -5.358268e-01 8.443279e-01 -5.888296e-17
    outer loop
      vertex   1.338114e+00 -4.442660e+01 -1.400000e+02
      vertex   1.973048e+00 -4.402366e+01 -1.501029e+02
      vertex   1.338114e+00 -4.442660e+01 -1.501029e+02
    endloop
  endfacet
  facet normal -3.090170e-01 9.510565e-01 -3.395842e-17
    outer loop
      vertex   1.338114e+00 -4.442660e+01 -1.400000e+02
      vertex   1.338114e+00 -4.442660e+01 -1.501029e+02
      vertex   6.229202e-01 -4.465898e+01 -1.400000e+02
    endloop
  endfacet
  facet normal -3.090170e-01 9.510565e-01 -2.037505e-17
    outer loop
      vertex   6.229202e-01 -4.465898e+01 -1.400000e+02
      vertex   1.338114e+00 -4.442660e+01 -1.501029e+02
      vertex   6.229202e-01 -4.465898e+01 -1.501029e+02
    endloop
  endfacet
  facet normal -6.279052e-02 9.980267e-01 -4.140097e-18
    outer loop
      vertex   6.229202e-01 -4.465898e+01 -1.400000e+02
      vertex   6.229202e-01 -4.465898e+01 -1.501029e+02
      vertex   -1.275953e-01 -4.470620e+01 -1.400000e+02
    endloop
  endfacet
  facet normal -6.279052e-02 9.980267e-01 0.000000e+00
    outer loop
      vertex   -1.275953e-01 -4.470620e+01 -1.400000e+02
      vertex   6.229202e-01 -4.465898e+01 -1.501029e+02
      vertex   -1.275953e-01 -4.470620e+01 -1.501029e+02
    endloop
  endfacet
  facet normal 1.873813e-01 9.822873e-01 0.000000e+00
    outer loop
      vertex   -1.275953e-01 -4.470620e+01 -1.400000e+02
      vertex   -1.275953e-01 -4.470620e+01 -1.501029e+02
      vertex   -8.662747e-01 -4.456529e+01 -1.400000e+02
    endloop
  endfacet
  facet normal 1.873813e-01 9.822873e-01 -1.235500e-17
    outer loop
      vertex   -8.662747e-01 -4.456529e+01 -1.400000e+02
      vertex   -1.275953e-01 -4.470620e+01 -1.501029e+02
      vertex   -8.662747e-01 -4.456529e+01 -1.501029e+02
    endloop
  endfacet
  facet normal 4.257793e-01 9.048271e-01 -2.807378e-17
    outer loop
      vertex   -8.662747e-01 -4.456529e+01 -1.400000e+02
      vertex   -8.662747e-01 -4.456529e+01 -1.501029e+02
      vertex   -1.546704e+00 -4.424510e+01 -1.400000e+02
    endloop
  endfacet
  facet normal 4.257793e-01 9.048271e-01 -4.678964e-17
    outer loop
      vertex   -1.546704e+00 -4.424510e+01 -1.400000e+02
      vertex   -8.662747e-01 -4.456529e+01 -1.501029e+02
      vertex   -1.546704e+00 -4.424510e+01 -1.501029e+02
    endloop
  endfacet
  facet normal 6.374240e-01 7.705132e-01 -7.004765e-17
    outer loop
      vertex   -1.546704e+00 -4.424510e+01 -1.400000e+02
      vertex   -1.546704e+00 -4.424510e+01 -1.501029e+02
      vertex   -2.126130e+00 -4.376576e+01 -1.400000e+02
    endloop
  endfacet
  facet normal 6.374240e-01 7.705132e-01 -8.405718e-17
    outer loop
      vertex   -2.126130e+00 -4.376576e+01 -1.400000e+02
      vertex   -1.546704e+00 -4.424510e+01 -1.501029e+02
      vertex   -2.126130e+00 -4.376576e+01 -1.501029e+02
    endloop
  endfacet
  facet normal 8.090170e-01 5.877853e-01 -1.066852e-16
    outer loop
      vertex   -2.126130e+00 -4.376576e+01 -1.400000e+02
      vertex   -2.126130e+00 -4.376576e+01 -1.501029e+02
      vertex   -2.568144e+00 -4.315738e+01 -1.400000e+02
    endloop
  endfacet
  facet normal 8.090170e-01 5.877853e-01 0.000000e+00
    outer loop
      vertex   -2.568144e+00 -4.315738e+01 -1.400000e+02
      vertex   -2.126130e+00 -4.376576e+01 -1.501029e+02
      vertex   -2.568144e+00 -4.315738e+01 -1.501029e+02
    endloop
  endfacet
  facet normal 9.297765e-01 3.681246e-01 0.000000e+00
    outer loop
      vertex   -2.568144e+00 -4.315738e+01 -1.400000e+02
      vertex   -2.568144e+00 -4.315738e+01 -1.501029e+02
      vertex   -2.844973e+00 -4.245819e+01 -1.400000e+02
    endloop
  endfacet
  facet normal 9.297765e-01 3.681246e-01 4.086991e-17
    outer loop
      vertex   -2.844973e+00 -4.245819e+01 -1.400000e+02
      vertex   -2.568144e+00 -4.315738e+01 -1.501029e+02
      vertex   -2.844973e+00 -4.245819e+01 -1.501029e+02
    endloop
  endfacet
  facet normal 9.921147e-01 -1.253332e-01 0.000000e+00
    outer loop
      vertex   -3.899912e+01 -2.016262e+01 -1.602058e+02
      vertex   -3.899912e+01 -2.016262e+01 -1.501029e+02
      vertex   -3.909337e+01 -2.090869e+01 -1.602058e+02
    endloop
  endfacet
  facet normal 9.921147e-01 -1.253332e-01 0.000000e+00
    outer loop
      vertex   -3.909337e+01 -2.090869e+01 -1.602058e+02
      vertex   -3.899912e+01 -2.016262e+01 -1.501029e+02
      vertex   -3.909337e+01 -2.090869e+01 -1.501029e+02
    endloop
  endfacet
  facet normal 9.921147e-01 1.253332e-01 -0.000000e+00
    outer loop
      vertex   -3.909337e+01 -2.090869e+01 -1.602058e+02
      vertex   -3.909337e+01 -2.090869e+01 -1.501029e+02
      vertex   -3.899912e+01 -2.165476e+01 -1.602058e+02
    endloop
  endfacet
  facet normal 9.921147e-01 1.253332e-01 -0.000000e+00
    outer loop
      vertex   -3.899912e+01 -2.165476e+01 -1.602058e+02
      vertex   -3.909337e+01 -2.090869e+01 -1.501029e+02
      vertex   -3.899912e+01 -2.165476e+01 -1.501029e+02
    endloop
  endfacet
  facet normal 9.297765e-01 3.681246e-01 -0.000000e+00
    outer loop
      vertex   -3.899912e+01 -2.165476e+01 -1.602058e+02
      vertex   -3.899912e+01 -2.165476e+01 -1.501029e+02
      vertex   -3.872229e+01 -2.235396e+01 -1.602058e+02
    endloop
  endfacet
  facet normal 9.297765e-01 3.681246e-01 -0.000000e+00
    outer loop
      vertex   -3.872229e+01 -2.235396e+01 -1.602058e+02
      vertex   -3.899912e+01 -2.165476e+01 -1.501029e+02
      vertex   -3.872229e+01 -2.235396e+01 -1.501029e+02
    endloop
  endfacet
  facet normal 8.090170e-01 5.877853e-01 -0.000000e+00
    outer loop
      vertex   -3.872229e+01 -2.235396e+01 -1.602058e+02
      vertex   -3.872229e+01 -2.235396e+01 -1.501029e+02
      vertex   -3.828027e+01 -2.296234e+01 -1.602058e+02
    endloop
  endfacet
  facet normal 8.090170e-01 5.877853e-01 -0.000000e+00
    outer loop
      vertex   -3.828027e+01 -2.296234e+01 -1.602058e+02
      vertex   -3.872229e+01 -2.235396e+01 -1.501029e+02
      vertex   -3.828027e+01 -2.296234e+01 -1.501029e+02
    endloop
  endfacet
  facet normal 6.374240e-01 7.705132e-01 -0.000000e+00
    outer loop
      vertex   -3.828027e+01 -2.296234e+01 -1.602058e+02
      vertex   -3.828027e+01 -2.296234e+01 -1.501029e+02
      vertex   -3.770085e+01 -2.344168e+01 -1.602058e+02
    endloop
  endfacet
  facet normal 6.374240e-01 7.705132e-01 -0.000000e+00
    outer loop
      vertex   -3.770085e+01 -2.344168e+01 -1.602058e+02
      vertex   -3.828027e+01 -2.296234e+01 -1.501029e+02
      vertex   -3.770085e+01 -2.344168e+01 -1.501029e+02
    endloop
  endfacet
  facet normal 4.257793e-01 9.048271e-01 -0.000000e+00
    outer loop
      vertex   -3.770085e+01 -2.344168e+01 -1.602058e+02
      vertex   -3.770085e+01 -2.344168e+01 -1.501029e+02
      vertex   -3.702042e+01 -2.376186e+01 -1.602058e+02
    endloop
  endfacet
  facet normal 4.257793e-01 9.048271e-01 -0.000000e+00
    outer loop
      vertex   -3.702042e+01 -2.376186e+01 -1.602058e+02
      vertex   -3.770085e+01 -2.344168e+01 -1.501029e+02
      vertex   -3.702042e+01 -2.376186e+01 -1.501029e+02
    endloop
  endfacet
  facet normal 1.873813e-01 9.822873e-01 -0.000000e+00
    outer loop
      vertex   -3.702042e+01 -2.376186e+01 -1.602058e+02
      vertex   -3.702042e+01 -2.376186e+01 -1.501029e+02
      vertex   -3.628174e+01 -2.390277e+01 -1.602058e+02
    endloop
  endfacet
  facet normal 1.873813e-01 9.822873e-01 -0.000000e+00
    outer loop
      vertex   -3.628174e+01 -2.390277e+01 -1.602058e+02
      vertex   -3.702042e+01 -2.376186e+01 -1.501029e+02
      vertex   -3.628174e+01 -2.390277e+01 -1.501029e+02
    endloop
  endfacet
  facet normal -6.279052e-02 9.980267e-01 0.000000e+00
    outer loop
      vertex   -3.628174e+01 -2.390277e+01 -1.602058e+02
      vertex   -3.628174e+01 -2.390277e+01 -1.501029e+02
      vertex   -3.553122e+01 -2.385556e+01 -1.602058e+02
    endloop
  endfacet
  facet normal -6.279052e-02 9.980267e-01 0.000000e+00
    outer loop
      vertex   -3.553122e+01 -2.385556e+01 -1.602058e+02
      vertex   -3.628174e+01 -2.390277e+01 -1.501029e+02
      vertex   -3.553122e+01 -2.385556e+01 -1.501029e+02
    endloop
  endfacet
  facet normal -3.090170e-01 9.510565e-01 0.000000e+00
    outer loop
      vertex   -3.553122e+01 -2.385556e+01 -1.602058e+02
      vertex   -3.553122e+01 -2.385556e+01 -1.501029e+02
      vertex   -3.481603e+01 -2.362318e+01 -1.602058e+02
    endloop
  endfacet
  facet normal -3.090170e-01 9.510565e-01 0.000000e+00
    outer loop
      vertex   -3.481603e+01 -2.362318e+01 -1.602058e+02
      vertex   -3.553122e+01 -2.385556e+01 -1.501029e+02
      vertex   -3.481603e+01 -2.362318e+01 -1.501029e+02
    endloop
  endfacet
  facet normal -5.358268e-01 8.443279e-01 0.000000e+00
    outer loop
      vertex   -3.481603e+01 -2.362318e+01 -1.602058e+02
      vertex   -3.481603e+01 -2.362318e+01 -1.501029e+02
      vertex   -3.418110e+01 -2.322023e+01 -1.602058e+02
    endloop
  endfacet
  facet normal -5.358268e-01 8.443279e-01 0.000000e+00
    outer loop
      vertex   -3.418110e+01 -2.322023e+01 -1.602058e+02
      vertex   -3.481603e+01 -2.362318e+01 -1.501029e+02
      vertex   -3.418110e+01 -2.322023e+01 -1.501029e+02
    endloop
  endfacet
  facet normal -7.289686e-01 6.845471e-01 0.000000e+00
    outer loop
      vertex   -3.418110e+01 -2.322023e+01 -1.602058e+02
      vertex   -3.418110e+01 -2.322023e+01 -1.501029e+02
      vertex   -3.366632e+01 -2.267205e+01 -1.602058e+02
    endloop
  endfacet
  facet normal -7.289686e-01 6.845471e-01 0.000000e+00
    outer loop
      vertex   -3.366632e+01 -2.267205e+01 -1.602058e+02
      vertex   -3.418110e+01 -2.322023e+01 -1.501029e+02
      vertex   -3.366632e+01 -2.267205e+01 -1.501029e+02
    endloop
  endfacet
  facet normal -8.763067e-01 4.817537e-01 0.000000e+00
    outer loop
      vertex   -3.366632e+01 -2.267205e+01 -1.602058e+02
      vertex   -3.366632e+01 -2.267205e+01 -1.501029e+02
      vertex   -3.330404e+01 -2.201307e+01 -1.602058e+02
    endloop
  endfacet
  facet normal -8.763067e-01 4.817537e-01 0.000000e+00
    outer loop
      vertex   -3.330404e+01 -2.201307e+01 -1.602058e+02
      vertex   -3.366632e+01 -2.267205e+01 -1.501029e+02
      vertex   -3.330404e+01 -2.201307e+01 -1.501029e+02
    endloop
  endfacet
  facet normal -9.685832e-01 2.486899e-01 0.000000e+00
    outer loop
      vertex   -3.330404e+01 -2.201307e+01 -1.602058e+02
      vertex   -3.330404e+01 -2.201307e+01 -1.501029e+02
      vertex   -3.311702e+01 -2.128469e+01 -1.602058e+02
    endloop
  endfacet
  facet normal -9.685832e-01 2.486899e-01 0.000000e+00
    outer loop
      vertex   -3.311702e+01 -2.128469e+01 -1.602058e+02
      vertex   -3.330404e+01 -2.201307e+01 -1.501029e+02
      vertex   -3.311702e+01 -2.128469e+01 -1.501029e+02
    endloop
  endfacet
  facet normal -1.000000e+00 0.000000e+00 0.000000e+00
    outer loop
      vertex   -3.311702e+01 -2.128469e+01 -1.602058e+02
      vertex   -3.311702e+01 -2.128469e+01 -1.501029e+02
      vertex   -3.311702e+01 -2.053269e+01 -1.602058e+02
    endloop
  endfacet
  facet normal -1.000000e+00 0.000000e+00 0.000000e+00
    outer loop
      vertex   -3.311702e+01 -2.053269e+01 -1.602058e+02
      vertex   -3.311702e+01 -2.128469e+01 -1.501029e+02
      vertex   -3.311702e+01 -2.053269e+01 -1.501029e+02
    endloop
  endfacet
  facet normal -9.685832e-01 -2.486899e-01 0.000000e+00
    outer loop
      vertex   -3.311702e+01 -2.053269e+01 -1.602058e+02
      vertex   -3.311702e+01 -2.053269e+01 -1.501029e+02
      vertex   -3.330404e+01 -1.980432e+01 -1.602058e+02
    endloop
  endfacet
  facet normal -9.685832e-01 -2.486899e-01 0.000000e+00
    outer loop
      vertex   -3.330404e+01 -1.980432e+01 -1.602058e+02
      vertex   -3.311702e+01 -2.053269e+01 -1.501029e+02
      vertex   -3.330404e+01 -1.980432e+01 -1.501029e+02
    endloop
  endfacet
  facet normal -8.763067e-01 -4.817537e-01 0.000000e+00
    outer loop
      vertex   -3.330404e+01 -1.980432e+01 -1.602058e+02
      vertex   -3.330404e+01 -1.980432e+01 -1.501029e+02
      vertex   -3.366632e+01 -1.914534e+01 -1.602058e+02
    endloop
  endfacet
  facet normal -8.763067e-01 -4.817537e-01 0.000000e+00
    outer loop
      vertex   -3.366632e+01 -1.914534e+01 -1.602058e+02
      vertex   -3.330404e+01 -1.980432e+01 -1.501029e+02
      vertex   -3.366632e+01 -1.914534e+01 -1.501029e+02
    endloop
  endfacet
  facet normal -7.289686e-01 -6.845471e-01 0.000000e+00
    outer loop
      vertex   -3.366632e+01 -1.914534e+01 -1.602058e+02
      vertex   -3.366632e+01 -1.914534e+01 -1.501029e+02
      vertex   -3.418110e+01 -1.859715e+01 -1.602058e+02
    endloop
  endfacet
  facet normal -7.289686e-01 -6.845471e-01 0.000000e+00
    outer loop
      vertex   -3.418110e+01 -1.859715e+01 -1.602058e+02
      vertex   -3.366632e+01 -1.914534e+01 -1.501029e+02
      vertex   -3.418110e+01 -1.859715e+01 -1.501029e+02
    endloop
  endfacet
  facet normal -5.358268e-01 -8.443279e-01 0.000000e+00
    outer loop
      vertex   -3.418110e+01 -1.859715e+01 -1.602058e+02
      vertex   -3.418110e+01 -1.859715e+01 -1.501029e+02
      vertex   -3.481603e+01 -1.819421e+01 -1.602058e+02
    endloop
  endfacet
  facet normal -5.358268e-01 -8.443279e-01 2.969110e-16
    outer loop
      vertex   -3.481603e+01 -1.819421e+01 -1.602058e+02
      vertex   -3.418110e+01 -1.859715e+01 -1.501029e+02
      vertex   -3.481603e+01 -1.819421e+01 -1.501029e+02
    endloop
  endfacet
  facet normal -3.090170e-01 -9.510565e-01 3.344425e-16
    outer loop
      vertex   -3.481603e+01 -1.819421e+01 -1.602058e+02
      vertex   -3.481603e+01 -1.819421e+01 -1.501029e+02
      vertex   -3.553122e+01 -1.796183e+01 -1.602058e+02
    endloop
  endfacet
  facet normal -3.090170e-01 -9.510565e-01 0.000000e+00
    outer loop
      vertex   -3.553122e+01 -1.796183e+01 -1.602058e+02
      vertex   -3.481603e+01 -1.819421e+01 -1.501029e+02
      vertex   -3.553122e+01 -1.796183e+01 -1.501029e+02
    endloop
  endfacet
  facet normal -6.279052e-02 -9.980267e-01 0.000000e+00
    outer loop
      vertex   -3.553122e+01 -1.796183e+01 -1.602058e+02
      vertex   -3.553122e+01 -1.796183e+01 -1.501029e+02
      vertex   -3.628174e+01 -1.791461e+01 -1.602058e+02
    endloop
  endfacet
  facet normal -6.279052e-02 -9.980267e-01 0.000000e+00
    outer loop
      vertex   -3.628174e+01 -1.791461e+01 -1.602058e+02
      vertex   -3.553122e+01 -1.796183e+01 -1.501029e+02
      vertex   -3.628174e+01 -1.791461e+01 -1.501029e+02
    endloop
  endfacet
  facet normal 1.873813e-01 -9.822873e-01 0.000000e+00
    outer loop
      vertex   -3.628174e+01 -1.791461e+01 -1.602058e+02
      vertex   -3.628174e+01 -1.791461e+01 -1.501029e+02
      vertex   -3.702042e+01 -1.805552e+01 -1.602058e+02
    endloop
  endfacet
  facet normal 1.873813e-01 -9.822873e-01 3.454249e-16
    outer loop
      vertex   -3.702042e+01 -1.805552e+01 -1.602058e+02
      vertex   -3.628174e+01 -1.791461e+01 -1.501029e+02
      vertex   -3.702042e+01 -1.805552e+01 -1.501029e+02
    endloop
  endfacet
  facet normal 4.257793e-01 -9.048271e-01 3.181858e-16
    outer loop
      vertex   -3.702042e+01 -1.805552e+01 -1.602058e+02
      vertex   -3.702042e+01 -1.805552e+01 -1.501029e+02
      vertex   -3.770085e+01 -1.837571e+01 -1.602058e+02
    endloop
  endfacet
  facet normal 4.257793e-01 -9.048271e-01 0.000000e+00
    outer loop
      vertex   -3.770085e+01 -1.837571e+01 -1.602058e+02
      vertex   -3.702042e+01 -1.805552e+01 -1.501029e+02
      vertex   -3.770085e+01 -1.837571e+01 -1.501029e+02
    endloop
  endfacet
  facet normal 6.374240e-01 -7.705132e-01 0.000000e+00
    outer loop
      vertex   -3.770085e+01 -1.837571e+01 -1.602058e+02
      vertex   -3.770085e+01 -1.837571e+01 -1.501029e+02
      vertex   -3.828027e+01 -1.885505e+01 -1.602058e+02
    endloop
  endfacet
  facet normal 6.374240e-01 -7.705132e-01 2.709538e-16
    outer loop
      vertex   -3.828027e+01 -1.885505e+01 -1.602058e+02
      vertex   -3.770085e+01 -1.837571e+01 -1.501029e+02
      vertex   -3.828027e+01 -1.885505e+01 -1.501029e+02
    endloop
  endfacet
  facet normal 8.090170e-01 -5.877853e-01 2.066968e-16
    outer loop
      vertex   -3.828027e+01 -1.885505e+01 -1.602058e+02
      vertex   -3.828027e+01 -1.885505e+01 -1.501029e+02
      vertex   -3.872229e+01 -1.946343e+01 -1.602058e+02
    endloop
  endfacet
  facet normal 8.090170e-01 -5.877853e-01 0.000000e+00
    outer loop
      vertex   -3.872229e+01 -1.946343e+01 -1.602058e+02
      vertex   -3.828027e+01 -1.885505e+01 -1.501029e+02
      vertex   -3.872229e+01 -1.946343e+01 -1.501029e+02
    endloop
  endfacet
  facet normal 9.297765e-01 -3.681246e-01 0.000000e+00
    outer loop
      vertex   -3.872229e+01 -1.946343e+01 -1.602058e+02
      vertex   -3.872229e+01 -1.946343e+01 -1.501029e+02
      vertex   -3.899912e+01 -2.016262e+01 -1.602058e+02
    endloop
  endfacet
  facet normal 9.297765e-01 -3.681246e-01 0.000000e+00
    outer loop
      vertex   -3.899912e+01 -2.016262e+01 -1.602058e+02
      vertex   -3.872229e+01 -1.946343e+01 -1.501029e+02
      vertex   -3.899912e+01 -2.016262e+01 -1.501029e+02
    endloop
  endfacet
  facet normal 9.921147e-01 1.253332e-01 0.000000e+00
    outer loop
      vertex   -3.899912e+01 -2.165476e+01 -1.400000e+02
      vertex   -3.899912e+01 -2.165476e+01 -1.501029e+02
      vertex   -3.909337e+01 -2.090869e+01 -1.400000e+02
    endloop
  endfacet
  facet normal 9.921147e-01 1.253332e-01 0.000000e+00
    outer loop
      vertex   -3.909337e+01 -2.090869e+01 -1.400000e+02
      vertex   -3.899912e+01 -2.165476e+01 -1.501029e+02
      vertex   -3.909337e+01 -2.090869e+01 -1.501029e+02
    endloop
  endfacet
  facet normal 9.921147e-01 -1.253332e-01 0.000000e+00
    outer loop
      vertex   -3.909337e+01 -2.090869e+01 -1.400000e+02
      vertex   -3.909337e+01 -2.090869e+01 -1.501029e+02
      vertex   -3.899912e+01 -2.016262e+01 -1.400000e+02
    endloop
  endfacet
  facet normal 9.921147e-01 -1.253332e-01 0.000000e+00
    outer loop
      vertex   -3.899912e+01 -2.016262e+01 -1.400000e+02
      vertex   -3.909337e+01 -2.090869e+01 -1.501029e+02
      vertex   -3.899912e+01 -2.016262e+01 -1.501029e+02
    endloop
  endfacet
  facet normal 9.297765e-01 -3.681246e-01 0.000000e+00
    outer loop
      vertex   -3.899912e+01 -2.016262e+01 -1.400000e+02
      vertex   -3.899912e+01 -2.016262e+01 -1.501029e+02
      vertex   -3.872229e+01 -1.946343e+01 -1.400000e+02
    endloop
  endfacet
  facet normal 9.297765e-01 -3.681246e-01 0.000000e+00
    outer loop
      vertex   -3.872229e+01 -1.946343e+01 -1.400000e+02
      vertex   -3.899912e+01 -2.016262e+01 -1.501029e+02
      vertex   -3.872229e+01 -1.946343e+01 -1.501029e+02
    endloop
  endfacet
  facet normal 8.090170e-01 -5.877853e-01 0.000000e+00
    outer loop
      vertex   -3.872229e+01 -1.946343e+01 -1.400000e+02
      vertex   -3.872229e+01 -1.946343e+01 -1.501029e+02
      vertex   -3.828027e+01 -1.885505e+01 -1.400000e+02
    endloop
  endfacet
  facet normal 8.090170e-01 -5.877853e-01 -2.066968e-16
    outer loop
      vertex   -3.828027e+01 -1.885505e+01 -1.400000e+02
      vertex   -3.872229e+01 -1.946343e+01 -1.501029e+02
      vertex   -3.828027e+01 -1.885505e+01 -1.501029e+02
    endloop
  endfacet
  facet normal 6.374240e-01 -7.705132e-01 -2.709538e-16
    outer loop
      vertex   -3.828027e+01 -1.885505e+01 -1.400000e+02
      vertex   -3.828027e+01 -1.885505e+01 -1.501029e+02
      vertex   -3.770085e+01 -1.837571e+01 -1.400000e+02
    endloop
  endfacet
  facet normal 6.374240e-01 -7.705132e-01 0.000000e+00
    outer loop
      vertex   -3.770085e+01 -1.837571e+01 -1.400000e+02
      vertex   -3.828027e+01 -1.885505e+01 -1.501029e+02
      vertex   -3.770085e+01 -1.837571e+01 -1.501029e+02
    endloop
  endfacet
  facet normal 4.257793e-01 -9.048271e-01 0.000000e+00
    outer loop
      vertex   -3.770085e+01 -1.837571e+01 -1.400000e+02
      vertex   -3.770085e+01 -1.837571e+01 -1.501029e+02
      vertex   -3.702042e+01 -1.805552e+01 -1.400000e+02
    endloop
  endfacet
  facet normal 4.257793e-01 -9.048271e-01 -3.181858e-16
    outer loop
      vertex   -3.702042e+01 -1.805552e+01 -1.400000e+02
      vertex   -3.770085e+01 -1.837571e+01 -1.501029e+02
      vertex   -3.702042e+01 -1.805552e+01 -1.501029e+02
    endloop
  endfacet
  facet normal 1.873813e-01 -9.822873e-01 -3.454249e-16
    outer loop
      vertex   -3.702042e+01 -1.805552e+01 -1.400000e+02
      vertex   -3.702042e+01 -1.805552e+01 -1.501029e+02
      vertex   -3.628174e+01 -1.791461e+01 -1.400000e+02
    endloop
  endfacet
  facet normal 1.873813e-01 -9.822873e-01 0.000000e+00
    outer loop
      vertex   -3.628174e+01 -1.791461e+01 -1.400000e+02
      vertex   -3.702042e+01 -1.805552e+01 -1.501029e+02
      vertex   -3.628174e+01 -1.791461e+01 -1.501029e+02
    endloop
  endfacet
  facet normal -6.279052e-02 -9.980267e-01 -0.000000e+00
    outer loop
      vertex   -3.628174e+01 -1.791461e+01 -1.400000e+02
      vertex   -3.628174e+01 -1.791461e+01 -1.501029e+02
      vertex   -3.553122e+01 -1.796183e+01 -1.400000e+02
    endloop
  endfacet
  facet normal -6.279052e-02 -9.980267e-01 -0.000000e+00
    outer loop
      vertex   -3.553122e+01 -1.796183e+01 -1.400000e+02
      vertex   -3.628174e+01 -1.791461e+01 -1.501029e+02
      vertex   -3.553122e+01 -1.796183e+01 -1.501029e+02
    endloop
  endfacet
  facet normal -3.090170e-01 -9.510565e-01 -0.000000e+00
    outer loop
      vertex   -3.553122e+01 -1.796183e+01 -1.400000e+02
      vertex   -3.553122e+01 -1.796183e+01 -1.501029e+02
      vertex   -3.481603e+01 -1.819421e+01 -1.400000e+02
    endloop
  endfacet
  facet normal -3.090170e-01 -9.510565e-01 -3.344425e-16
    outer loop
      vertex   -3.481603e+01 -1.819421e+01 -1.400000e+02
      vertex   -3.553122e+01 -1.796183e+01 -1.501029e+02
      vertex   -3.481603e+01 -1.819421e+01 -1.501029e+02
    endloop
  endfacet
  facet normal -5.358268e-01 -8.443279e-01 -2.969110e-16
    outer loop
      vertex   -3.481603e+01 -1.819421e+01 -1.400000e+02
      vertex   -3.481603e+01 -1.819421e+01 -1.501029e+02
      vertex   -3.418110e+01 -1.859715e+01 -1.400000e+02
    endloop
  endfacet
  facet normal -5.358268e-01 -8.443279e-01 -0.000000e+00
    outer loop
      vertex   -3.418110e+01 -1.859715e+01 -1.400000e+02
      vertex   -3.481603e+01 -1.819421e+01 -1.501029e+02
      vertex   -3.418110e+01 -1.859715e+01 -1.501029e+02
    endloop
  endfacet
  facet normal -7.289686e-01 -6.845471e-01 -0.000000e+00
    outer loop
      vertex   -3.418110e+01 -1.859715e+01 -1.400000e+02
      vertex   -3.418110e+01 -1.859715e+01 -1.501029e+02
      vertex   -3.366632e+01 -1.914534e+01 -1.400000e+02
    endloop
  endfacet
  facet normal -7.289686e-01 -6.845471e-01 -0.000000e+00
    outer loop
      vertex   -3.366632e+01 -1.914534e+01 -1.400000e+02
      vertex   -3.418110e+01 -1.859715e+01 -1.501029e+02
      vertex   -3.366632e+01 -1.914534e+01 -1.501029e+02
    endloop
  endfacet
  facet normal -8.763067e-01 -4.817537e-01 -0.000000e+00
    outer loop
      vertex   -3.366632e+01 -1.914534e+01 -1.400000e+02
      vertex   -3.366632e+01 -1.914534e+01 -1.501029e+02
      vertex   -3.330404e+01 -1.980432e+01 -1.400000e+02
    endloop
  endfacet
  facet normal -8.763067e-01 -4.817537e-01 -0.000000e+00
    outer loop
      vertex   -3.330404e+01 -1.980432e+01 -1.400000e+02
      vertex   -3.366632e+01 -1.914534e+01 -1.501029e+02
      vertex   -3.330404e+01 -1.980432e+01 -1.501029e+02
    endloop
  endfacet
  facet normal -9.685832e-01 -2.486899e-01 -0.000000e+00
    outer loop
      vertex   -3.330404e+01 -1.980432e+01 -1.400000e+02
      vertex   -3.330404e+01 -1.980432e+01 -1.501029e+02
      vertex   -3.311702e+01 -2.053269e+01 -1.400000e+02
    endloop
  endfacet
  facet normal -9.685832e-01 -2.486899e-01 -0.000000e+00
    outer loop
      vertex   -3.311702e+01 -2.053269e+01 -1.400000e+02
      vertex   -3.330404e+01 -1.980432e+01 -1.501029e+02
      vertex   -3.311702e+01 -2.053269e+01 -1.501029e+02
    endloop
  endfacet
  facet normal -1.000000e+00 -0.000000e+00 -0.000000e+00
    outer loop
      vertex   -3.311702e+01 -2.053269e+01 -1.400000e+02
      vertex   -3.311702e+01 -2.053269e+01 -1.501029e+02
      vertex   -3.311702e+01 -2.128469e+01 -1.400000e+02
    endloop
  endfacet
  facet normal -1.000000e+00 0.000000e+00 0.000000e+00
    outer loop
      vertex   -3.311702e+01 -2.128469e+01 -1.400000e+02
      vertex   -3.311702e+01 -2.053269e+01 -1.501029e+02
      vertex   -3.311702e+01 -2.128469e+01 -1.501029e+02
    endloop
  endfacet
  facet normal -9.685832e-01 2.486899e-01 0.000000e+00
    outer loop
      vertex   -3.311702e+01 -2.128469e+01 -1.400000e+02
      vertex   -3.311702e+01 -2.128469e+01 -1.501029e+02
      vertex   -3.330404e+01 -2.201307e+01 -1.400000e+02
    endloop
  endfacet
  facet normal -9.685832e-01 2.486899e-01 0.000000e+00
    outer loop
      vertex   -3.330404e+01 -2.201307e+01 -1.400000e+02
      vertex   -3.311702e+01 -2.128469e+01 -1.501029e+02
      vertex   -3.330404e+01 -2.201307e+01 -1.501029e+02
    endloop
  endfacet
  facet normal -8.763067e-01 4.817537e-01 0.000000e+00
    outer loop
      vertex   -3.330404e+01 -2.201307e+01 -1.400000e+02
      vertex   -3.330404e+01 -2.201307e+01 -1.501029e+02
      vertex   -3.366632e+01 -2.267205e+01 -1.400000e+02
    endloop
  endfacet
  facet normal -8.763067e-01 4.817537e-01 0.000000e+00
    outer loop
      vertex   -3.366632e+01 -2.267205e+01 -1.400000e+02
      vertex   -3.330404e+01 -2.201307e+01 -1.501029e+02
      vertex   -3.366632e+01 -2.267205e+01 -1.501029e+02
    endloop
  endfacet
  facet normal -7.289686e-01 6.845471e-01 0.000000e+00
    outer loop
      vertex   -3.366632e+01 -2.267205e+01 -1.400000e+02
      vertex   -3.366632e+01 -2.267205e+01 -1.501029e+02
      vertex   -3.418110e+01 -2.322023e+01 -1.400000e+02
    endloop
  endfacet
  facet normal -7.289686e-01 6.845471e-01 0.000000e+00
    outer loop
      vertex   -3.418110e+01 -2.322023e+01 -1.400000e+02
      vertex   -3.366632e+01 -2.267205e+01 -1.501029e+02
      vertex   -3.418110e+01 -2.322023e+01 -1.501029e+02
    endloop
  endfacet
  facet normal -5.358268e-01 8.443279e-01 0.000000e+00
    outer loop
      vertex   -3.418110e+01 -2.322023e+01 -1.400000e+02
      vertex   -3.418110e+01 -2.322023e+01 -1.501029e+02
      vertex   -3.481603e+01 -2.362318e+01 -1.400000e+02
    endloop
  endfacet
  facet normal -5.358268e-01 8.443279e-01 0.000000e+00
    outer loop
      vertex   -3.481603e+01 -2.362318e+01 -1.400000e+02
      vertex   -3.418110e+01 -2.322023e+01 -1.501029e+02
      vertex   -3.481603e+01 -2.362318e+01 -1.501029e+02
    endloop
  endfacet
  facet normal -3.090170e-01 9.510565e-01 0.000000e+00
    outer loop
      vertex   -3.481603e+01 -2.362318e+01 -1.400000e+02
      vertex   -3.481603e+01 -2.362318e+01 -1.501029e+02
      vertex   -3.553122e+01 -2.385556e+01 -1.400000e+02
    endloop
  endfacet
  facet normal -3.090170e-01 9.510565e-01 0.000000e+00
    outer loop
      vertex   -3.553122e+01 -2.385556e+01 -1.400000e+02
      vertex   -3.481603e+01 -2.362318e+01 -1.501029e+02
      vertex   -3.553122e+01 -2.385556e+01 -1.501029e+02
    endloop
  endfacet
  facet normal -6.279052e-02 9.980267e-01 0.000000e+00
    outer loop
      vertex   -3.553122e+01 -2.385556e+01 -1.400000e+02
      vertex   -3.553122e+01 -2.385556e+01 -1.501029e+02
      vertex   -3.628174e+01 -2.390277e+01 -1.400000e+02
    endloop
  endfacet
  facet normal -6.279052e-02 9.980267e-01 0.000000e+00
    outer loop
      vertex   -3.628174e+01 -2.390277e+01 -1.400000e+02
      vertex   -3.553122e+01 -2.385556e+01 -1.501029e+02
      vertex   -3.628174e+01 -2.390277e+01 -1.501029e+02
    endloop
  endfacet
  facet normal 1.873813e-01 9.822873e-01 0.000000e+00
    outer loop
      vertex   -3.628174e+01 -2.390277e+01 -1.400000e+02
      vertex   -3.628174e+01 -2.390277e+01 -1.501029e+02
      vertex   -3.702042e+01 -2.376186e+01 -1.400000e+02
    endloop
  endfacet
  facet normal 1.873813e-01 9.822873e-01 0.000000e+00
    outer loop
      vertex   -3.702042e+01 -2.376186e+01 -1.400000e+02
      vertex   -3.628174e+01 -2.390277e+01 -1.501029e+02
      vertex   -3.702042e+01 -2.376186e+01 -1.501029e+02
    endloop
  endfacet
  facet normal 4.257793e-01 9.048271e-01 0.000000e+00
    outer loop
      vertex   -3.702042e+01 -2.376186e+01 -1.400000e+02
      vertex   -3.702042e+01 -2.376186e+01 -1.501029e+02
      vertex   -3.770085e+01 -2.344168e+01 -1.400000e+02
    endloop
  endfacet
  facet normal 4.257793e-01 9.048271e-01 0.000000e+00
    outer loop
      vertex   -3.770085e+01 -2.344168e+01 -1.400000e+02
      vertex   -3.702042e+01 -2.376186e+01 -1.501029e+02
      vertex   -3.770085e+01 -2.344168e+01 -1.501029e+02
    endloop
  endfacet
  facet normal 6.374240e-01 7.705132e-01 0.000000e+00
    outer loop
      vertex   -3.770085e+01 -2.344168e+01 -1.400000e+02
      vertex   -3.770085e+01 -2.344168e+01 -1.501029e+02
      vertex   -3.828027e+01 -2.296234e+01 -1.400000e+02
    endloop
  endfacet
  facet normal 6.374240e-01 7.705132e-01 0.000000e+00
    outer loop
      vertex   -3.828027e+01 -2.296234e+01 -1.400000e+02
      vertex   -3.770085e+01 -2.344168e+01 -1.501029e+02
      vertex   -3.828027e+01 -2.296234e+01 -1.501029e+02
    endloop
  endfacet
  facet normal 8.090170e-01 5.877853e-01 0.000000e+00
    outer loop
      vertex   -3.828027e+01 -2.296234e+01 -1.400000e+02
      vertex   -3.828027e+01 -2.296234e+01 -1.501029e+02
      vertex   -3.872229e+01 -2.235396e+01 -1.400000e+02
    endloop
  endfacet
  facet normal 8.090170e-01 5.877853e-01 0.000000e+00
    outer loop
      vertex   -3.872229e+01 -2.235396e+01 -1.400000e+02
      vertex   -3.828027e+01 -2.296234e+01 -1.501029e+02
      vertex   -3.872229e+01 -2.235396e+01 -1.501029e+02
    endloop
  endfacet
  facet normal 9.297765e-01 3.681246e-01 0.000000e+00
    outer loop
      vertex   -3.872229e+01 -2.235396e+01 -1.400000e+02
      vertex   -3.872229e+01 -2.235396e+01 -1.501029e+02
      vertex   -3.899912e+01 -2.165476e+01 -1.400000e+02
    endloop
  endfacet
  facet normal 9.297765e-01 3.681246e-01 0.000000e+00
    outer loop
      vertex   -3.899912e+01 -2.165476e+01 -1.400000e+02
      vertex   -3.872229e+01 -2.235396e+01 -1.501029e+02
      vertex   -3.899912e+01 -2.165476e+01 -1.501029e+02
    endloop
  endfacet
  facet normal 9.921147e-01 -1.253332e-01 0.000000e+00
    outer loop
      vertex   3.324840e+01 -2.005736e+01 -1.602058e+02
      vertex   3.324840e+01 -2.005736e+01 -1.501029e+02
      vertex   3.315414e+01 -2.080343e+01 -1.602058e+02
    endloop
  endfacet
  facet normal 9.921147e-01 -1.253332e-01 0.000000e+00
    outer loop
      vertex   3.315414e+01 -2.080343e+01 -1.602058e+02
      vertex   3.324840e+01 -2.005736e+01 -1.501029e+02
      vertex   3.315414e+01 -2.080343e+01 -1.501029e+02
    endloop
  endfacet
  facet normal 9.921147e-01 1.253332e-01 -0.000000e+00
    outer loop
      vertex   3.315414e+01 -2.080343e+01 -1.602058e+02
      vertex   3.315414e+01 -2.080343e+01 -1.501029e+02
      vertex   3.324840e+01 -2.154950e+01 -1.602058e+02
    endloop
  endfacet
  facet normal 9.921147e-01 1.253332e-01 -0.000000e+00
    outer loop
      vertex   3.324840e+01 -2.154950e+01 -1.602058e+02
      vertex   3.315414e+01 -2.080343e+01 -1.501029e+02
      vertex   3.324840e+01 -2.154950e+01 -1.501029e+02
    endloop
  endfacet
  facet normal 9.297765e-01 3.681246e-01 -0.000000e+00
    outer loop
      vertex   3.324840e+01 -2.154950e+01 -1.602058e+02
      vertex   3.324840e+01 -2.154950e+01 -1.501029e+02
      vertex   3.352522e+01 -2.224869e+01 -1.602058e+02
    endloop
  endfacet
  facet normal 9.297765e-01 3.681246e-01 -0.000000e+00
    outer loop
      vertex   3.352522e+01 -2.224869e+01 -1.602058e+02
      vertex   3.324840e+01 -2.154950e+01 -1.501029e+02
      vertex   3.352522e+01 -2.224869e+01 -1.501029e+02
    endloop
  endfacet
  facet normal 8.090170e-01 5.877853e-01 -0.000000e+00
    outer loop
      vertex   3.352522e+01 -2.224869e+01 -1.602058e+02
      vertex   3.352522e+01 -2.224869e+01 -1.501029e+02
      vertex   3.396724e+01 -2.285707e+01 -1.602058e+02
    endloop
  endfacet
  facet normal 8.090170e-01 5.877853e-01 -0.000000e+00
    outer loop
      vertex   3.396724e+01 -2.285707e+01 -1.602058e+02
      vertex   3.352522e+01 -2.224869e+01 -1.501029e+02
      vertex   3.396724e+01 -2.285707e+01 -1.501029e+02
    endloop
  endfacet
  facet normal 6.374240e-01 7.705132e-01 -0.000000e+00
    outer loop
      vertex   3.396724e+01 -2.285707e+01 -1.602058e+02
      vertex   3.396724e+01 -2.285707e+01 -1.501029e+02
      vertex   3.454666e+01 -2.333641e+01 -1.602058e+02
    endloop
  endfacet
  facet normal 6.374240e-01 7.705132e-01 -2.709538e-16
    outer loop
      vertex   3.454666e+01 -2.333641e+01 -1.602058e+02
      vertex   3.396724e+01 -2.285707e+01 -1.501029e+02
      vertex   3.454666e+01 -2.333641e+01 -1.501029e+02
    endloop
  endfacet
  facet normal 4.257793e-01 9.048271e-01 -3.181858e-16
    outer loop
      vertex   3.454666e+01 -2.333641e+01 -1.602058e+02
      vertex   3.454666e+01 -2.333641e+01 -1.501029e+02
      vertex   3.522709e+01 -2.365660e+01 -1.602058e+02
    endloop
  endfacet
  facet normal 4.257793e-01 9.048271e-01 -0.000000e+00
    outer loop
      vertex   3.522709e+01 -2.365660e+01 -1.602058e+02
      vertex   3.454666e+01 -2.333641e+01 -1.501029e+02
      vertex   3.522709e+01 -2.365660e+01 -1.501029e+02
    endloop
  endfacet
  facet normal 1.873813e-01 9.822873e-01 -0.000000e+00
    outer loop
      vertex   3.522709e+01 -2.365660e+01 -1.602058e+02
      vertex   3.522709e+01 -2.365660e+01 -1.501029e+02
      vertex   3.596577e+01 -2.379751e+01 -1.602058e+02
    endloop
  endfacet
  facet normal 1.873813e-01 9.822873e-01 -0.000000e+00
    outer loop
      vertex   3.596577e+01 -2.379751e+01 -1.602058e+02
      vertex   3.522709e+01 -2.365660e+01 -1.501029e+02
      vertex   3.596577e+01 -2.379751e+01 -1.501029e+02
    endloop
  endfacet
  facet normal -6.279052e-02 9.980267e-01 0.000000e+00
    outer loop
      vertex   3.596577e+01 -2.379751e+01 -1.602058e+02
      vertex   3.596577e+01 -2.379751e+01 -1.501029e+02
      vertex   3.671629e+01 -2.375029e+01 -1.602058e+02
    endloop
  endfacet
  facet normal -6.279052e-02 9.980267e-01 0.000000e+00
    outer loop
      vertex   3.671629e+01 -2.375029e+01 -1.602058e+02
      vertex   3.596577e+01 -2.379751e+01 -1.501029e+02
      vertex   3.671629e+01 -2.375029e+01 -1.501029e+02
    endloop
  endfacet
  facet normal -3.090170e-01 9.510565e-01 0.000000e+00
    outer loop
      vertex   3.671629e+01 -2.375029e+01 -1.602058e+02
      vertex   3.671629e+01 -2.375029e+01 -1.501029e+02
      vertex   3.743148e+01 -2.351791e+01 -1.602058e+02
    endloop
  endfacet
  facet normal -3.090170e-01 9.510565e-01 0.000000e+00
    outer loop
      vertex   3.743148e+01 -2.351791e+01 -1.602058e+02
      vertex   3.671629e+01 -2.375029e+01 -1.501029e+02
      vertex   3.743148e+01 -2.351791e+01 -1.501029e+02
    endloop
  endfacet
  facet normal -5.358268e-01 8.443279e-01 0.000000e+00
    outer loop
      vertex   3.743148e+01 -2.351791e+01 -1.602058e+02
      vertex   3.743148e+01 -2.351791e+01 -1.501029e+02
      vertex   3.806642e+01 -2.311497e+01 -1.602058e+02
    endloop
  endfacet
  facet normal -5.358268e-01 8.443279e-01 0.000000e+00
    outer loop
      vertex   3.806642e+01 -2.311497e+01 -1.602058e+02
      vertex   3.743148e+01 -2.351791e+01 -1.501029e+02
      vertex   3.806642e+01 -2.311497e+01 -1.501029e+02
    endloop
  endfacet
  facet normal -7.289686e-01 6.845471e-01 0.000000e+00
    outer loop
      vertex   3.806642e+01 -2.311497e+01 -1.602058e+02
      vertex   3.806642e+01 -2.311497e+01 -1.501029e+02
      vertex   3.858120e+01 -2.256678e+01 -1.602058e+02
    endloop
  endfacet
  facet normal -7.289686e-01 6.845471e-01 0.000000e+00
    outer loop
      vertex   3.858120e+01 -2.256678e+01 -1.602058e+02
      vertex   3.806642e+01 -2.311497e+01 -1.501029e+02
      vertex   3.858120e+01 -2.256678e+01 -1.501029e+02
    endloop
  endfacet
  facet normal -8.763067e-01 4.817537e-01 0.000000e+00
    outer loop
      vertex   3.858120e+01 -2.256678e+01 -1.602058e+02
      vertex   3.858120e+01 -2.256678e+01 -1.501029e+02
      vertex   3.894347e+01 -2.190780e+01 -1.602058e+02
    endloop
  endfacet
  facet normal -8.763067e-01 4.817537e-01 0.000000e+00
    outer loop
      vertex   3.894347e+01 -2.190780e+01 -1.602058e+02
      vertex   3.858120e+01 -2.256678e+01 -1.501029e+02
      vertex   3.894347e+01 -2.190780e+01 -1.501029e+02
    endloop
  endfacet
  facet normal -9.685832e-01 2.486899e-01 0.000000e+00
    outer loop
      vertex   3.894347e+01 -2.190780e+01 -1.602058e+02
      vertex   3.894347e+01 -2.190780e+01 -1.501029e+02
      vertex   3.913049e+01 -2.117943e+01 -1.602058e+02
    endloop
  endfacet
  facet normal -9.685832e-01 2.486899e-01 0.000000e+00
    outer loop
      vertex   3.913049e+01 -2.117943e+01 -1.602058e+02
      vertex   3.894347e+01 -2.190780e+01 -1.501029e+02
      vertex   3.913049e+01 -2.117943e+01 -1.501029e+02
    endloop
  endfacet
  facet normal -1.000000e+00 0.000000e+00 0.000000e+00
    outer loop
      vertex   3.913049e+01 -2.117943e+01 -1.602058e+02
      vertex   3.913049e+01 -2.117943e+01 -1.501029e+02
      vertex   3.913049e+01 -2.042743e+01 -1.602058e+02
    endloop
  endfacet
  facet normal -1.000000e+00 0.000000e+00 0.000000e+00
    outer loop
      vertex   3.913049e+01 -2.042743e+01 -1.602058e+02
      vertex   3.913049e+01 -2.117943e+01 -1.501029e+02
      vertex   3.913049e+01 -2.042743e+01 -1.501029e+02
    endloop
  endfacet
  facet normal -9.685832e-01 -2.486899e-01 0.000000e+00
    outer loop
      vertex   3.913049e+01 -2.042743e+01 -1.602058e+02
      vertex   3.913049e+01 -2.042743e+01 -1.501029e+02
      vertex   3.894347e+01 -1.969905e+01 -1.602058e+02
    endloop
  endfacet
  facet normal -9.685832e-01 -2.486899e-01 0.000000e+00
    outer loop
      vertex   3.894347e+01 -1.969905e+01 -1.602058e+02
      vertex   3.913049e+01 -2.042743e+01 -1.501029e+02
      vertex   3.894347e+01 -1.969905e+01 -1.501029e+02
    endloop
  endfacet
  facet normal -8.763067e-01 -4.817537e-01 0.000000e+00
    outer loop
      vertex   3.894347e+01 -1.969905e+01 -1.602058e+02
      vertex   3.894347e+01 -1.969905e+01 -1.501029e+02
      vertex   3.858120e+01 -1.904007e+01 -1.602058e+02
    endloop
  endfacet
  facet normal -8.763067e-01 -4.817537e-01 0.000000e+00
    outer loop
      vertex   3.858120e+01 -1.904007e+01 -1.602058e+02
      vertex   3.894347e+01 -1.969905e+01 -1.501029e+02
      vertex   3.858120e+01 -1.904007e+01 -1.501029e+02
    endloop
  endfacet
  facet normal -7.289686e-01 -6.845471e-01 0.000000e+00
    outer loop
      vertex   3.858120e+01 -1.904007e+01 -1.602058e+02
      vertex   3.858120e+01 -1.904007e+01 -1.501029e+02
      vertex   3.806642e+01 -1.849189e+01 -1.602058e+02
    endloop
  endfacet
  facet normal -7.289686e-01 -6.845471e-01 0.000000e+00
    outer loop
      vertex   3.806642e+01 -1.849189e+01 -1.602058e+02
      vertex   3.858120e+01 -1.904007e+01 -1.501029e+02
      vertex   3.806642e+01 -1.849189e+01 -1.501029e+02
    endloop
  endfacet
  facet normal -5.358268e-01 -8.443279e-01 0.000000e+00
    outer loop
      vertex   3.806642e+01 -1.849189e+01 -1.602058e+02
      vertex   3.806642e+01 -1.849189e+01 -1.501029e+02
      vertex   3.743148e+01 -1.808895e+01 -1.602058e+02
    endloop
  endfacet
  facet normal -5.358268e-01 -8.443279e-01 2.969110e-16
    outer loop
      vertex   3.743148e+01 -1.808895e+01 -1.602058e+02
      vertex   3.806642e+01 -1.849189e+01 -1.501029e+02
      vertex   3.743148e+01 -1.808895e+01 -1.501029e+02
    endloop
  endfacet
  facet normal -3.090170e-01 -9.510565e-01 3.344425e-16
    outer loop
      vertex   3.743148e+01 -1.808895e+01 -1.602058e+02
      vertex   3.743148e+01 -1.808895e+01 -1.501029e+02
      vertex   3.671629e+01 -1.785656e+01 -1.602058e+02
    endloop
  endfacet
  facet normal -3.090170e-01 -9.510565e-01 0.000000e+00
    outer loop
      vertex   3.671629e+01 -1.785656e+01 -1.602058e+02
      vertex   3.743148e+01 -1.808895e+01 -1.501029e+02
      vertex   3.671629e+01 -1.785656e+01 -1.501029e+02
    endloop
  endfacet
  facet normal -6.279052e-02 -9.980267e-01 0.000000e+00
    outer loop
      vertex   3.671629e+01 -1.785656e+01 -1.602058e+02
      vertex   3.671629e+01 -1.785656e+01 -1.501029e+02
      vertex   3.596577e+01 -1.780935e+01 -1.602058e+02
    endloop
  endfacet
  facet normal -6.279052e-02 -9.980267e-01 0.000000e+00
    outer loop
      vertex   3.596577e+01 -1.780935e+01 -1.602058e+02
      vertex   3.671629e+01 -1.785656e+01 -1.501029e+02
      vertex   3.596577e+01 -1.780935e+01 -1.501029e+02
    endloop
  endfacet
  facet normal 1.873813e-01 -9.822873e-01 0.000000e+00
    outer loop
      vertex   3.596577e+01 -1.780935e+01 -1.602058e+02
      vertex   3.596577e+01 -1.780935e+01 -1.501029e+02
      vertex   3.522709e+01 -1.795026e+01 -1.602058e+02
    endloop
  endfacet
  facet normal 1.873813e-01 -9.822873e-01 3.454249e-16
    outer loop
      vertex   3.522709e+01 -1.795026e+01 -1.602058e+02
      vertex   3.596577e+01 -1.780935e+01 -1.501029e+02
      vertex   3.522709e+01 -1.795026e+01 -1.501029e+02
    endloop
  endfacet
  facet normal 4.257793e-01 -9.048271e-01 3.181858e-16
    outer loop
      vertex   3.522709e+01 -1.795026e+01 -1.602058e+02
      vertex   3.522709e+01 -1.795026e+01 -1.501029e+02
      vertex   3.454666e+01 -1.827044e+01 -1.602058e+02
    endloop
  endfacet
  facet normal 4.257793e-01 -9.048271e-01 0.000000e+00
    outer loop
      vertex   3.454666e+01 -1.827044e+01 -1.602058e+02
      vertex   3.522709e+01 -1.795026e+01 -1.501029e+02
      vertex   3.454666e+01 -1.827044e+01 -1.501029e+02
    endloop
  endfacet
  facet normal 6.374240e-01 -7.705132e-01 0.000000e+00
    outer loop
      vertex   3.454666e+01 -1.827044e+01 -1.602058e+02
      vertex   3.454666e+01 -1.827044e+01 -1.501029e+02
      vertex   3.396724e+01 -1.874979e+01 -1.602058e+02
    endloop
  endfacet
  facet normal 6.374240e-01 -7.705132e-01 2.709538e-16
    outer loop
      vertex   3.396724e+01 -1.874979e+01 -1.602058e+02
      vertex   3.454666e+01 -1.827044e+01 -1.501029e+02
      vertex   3.396724e+01 -1.874979e+01 -1.501029e+02
    endloop
  endfacet
  facet normal 8.090170e-01 -5.877853e-01 2.066968e-16
    outer loop
      vertex   3.396724e+01 -1.874979e+01 -1.602058e+02
      vertex   3.396724e+01 -1.874979e+01 -1.501029e+02
      vertex   3.352522e+01 -1.935817e+01 -1.602058e+02
    endloop
  endfacet
  facet normal 8.090170e-01 -5.877853e-01 0.000000e+00
    outer loop
      vertex   3.352522e+01 -1.935817e+01 -1.602058e+02
      vertex   3.396724e+01 -1.874979e+01 -1.501029e+02
      vertex   3.352522e+01 -1.935817e+01 -1.501029e+02
    endloop
  endfacet
  facet normal 9.297765e-01 -3.681246e-01 0.000000e+00
    outer loop
      vertex   3.352522e+01 -1.935817e+01 -1.602058e+02
      vertex   3.352522e+01 -1.935817e+01 -1.501029e+02
      vertex   3.324840e+01 -2.005736e+01 -1.602058e+02
    endloop
  endfacet
  facet normal 9.297765e-01 -3.681246e-01 0.000000e+00
    outer loop
      vertex   3.324840e+01 -2.005736e+01 -1.602058e+02
      vertex   3.352522e+01 -1.935817e+01 -1.501029e+02
      vertex   3.324840e+01 -2.005736e+01 -1.501029e+02
    endloop
  endfacet
  facet normal 9.921147e-01 1.253332e-01 0.000000e+00
    outer loop
      vertex   3.324840e+01 -2.154950e+01 -1.400000e+02
      vertex   3.324840e+01 -2.154950e+01 -1.501029e+02
      vertex   3.315414e+01 -2.080343e+01 -1.400000e+02
    endloop
  endfacet
  facet normal 9.921147e-01 1.253332e-01 0.000000e+00
    outer loop
      vertex   3.315414e+01 -2.080343e+01 -1.400000e+02
      vertex   3.324840e+01 -2.154950e+01 -1.501029e+02
      vertex   3.315414e+01 -2.080343e+01 -1.501029e+02
    endloop
  endfacet
  facet normal 9.921147e-01 -1.253332e-01 0.000000e+00
    outer loop
      vertex   3.315414e+01 -2.080343e+01 -1.400000e+02
      vertex   3.315414e+01 -2.080343e+01 -1.501029e+02
      vertex   3.324840e+01 -2.005736e+01 -1.400000e+02
    endloop
  endfacet
  facet normal 9.921147e-01 -1.253332e-01 0.000000e+00
    outer loop
      vertex   3.324840e+01 -2.005736e+01 -1.400000e+02
      vertex   3.315414e+01 -2.080343e+01 -1.501029e+02
      vertex   3.324840e+01 -2.005736e+01 -1.501029e+02
    endloop
  endfacet
  facet normal 9.297765e-01 -3.681246e-01 0.000000e+00
    outer loop
      vertex   3.324840e+01 -2.005736e+01 -1.400000e+02
      vertex   3.324840e+01 -2.005736e+01 -1.501029e+02
      vertex   3.352522e+01 -1.935817e+01 -1.400000e+02
    endloop
  endfacet
  facet normal 9.297765e-01 -3.681246e-01 0.000000e+00
    outer loop
      vertex   3.352522e+01 -1.935817e+01 -1.400000e+02
      vertex   3.324840e+01 -2.005736e+01 -1.501029e+02
      vertex   3.352522e+01 -1.935817e+01 -1.501029e+02
    endloop
  endfacet
  facet normal 8.090170e-01 -5.877853e-01 0.000000e+00
    outer loop
      vertex   3.352522e+01 -1.935817e+01 -1.400000e+02
      vertex   3.352522e+01 -1.935817e+01 -1.501029e+02
      vertex   3.396724e+01 -1.874979e+01 -1.400000e+02
    endloop
  endfacet
  facet normal 8.090170e-01 -5.877853e-01 -2.066968e-16
    outer loop
      vertex   3.396724e+01 -1.874979e+01 -1.400000e+02
      vertex   3.352522e+01 -1.935817e+01 -1.501029e+02
      vertex   3.396724e+01 -1.874979e+01 -1.501029e+02
    endloop
  endfacet
  facet normal 6.374240e-01 -7.705132e-01 -2.709538e-16
    outer loop
      vertex   3.396724e+01 -1.874979e+01 -1.400000e+02
      vertex   3.396724e+01 -1.874979e+01 -1.501029e+02
      vertex   3.454666e+01 -1.827044e+01 -1.400000e+02
    endloop
  endfacet
  facet normal 6.374240e-01 -7.705132e-01 0.000000e+00
    outer loop
      vertex   3.454666e+01 -1.827044e+01 -1.400000e+02
      vertex   3.396724e+01 -1.874979e+01 -1.501029e+02
      vertex   3.454666e+01 -1.827044e+01 -1.501029e+02
    endloop
  endfacet
  facet normal 4.257793e-01 -9.048271e-01 0.000000e+00
    outer loop
      vertex   3.454666e+01 -1.827044e+01 -1.400000e+02
      vertex   3.454666e+01 -1.827044e+01 -1.501029e+02
      vertex   3.522709e+01 -1.795026e+01 -1.400000e+02
    endloop
  endfacet
  facet normal 4.257793e-01 -9.048271e-01 -3.181858e-16
    outer loop
      vertex   3.522709e+01 -1.795026e+01 -1.400000e+02
      vertex   3.454666e+01 -1.827044e+01 -1.501029e+02
      vertex   3.522709e+01 -1.795026e+01 -1.501029e+02
    endloop
  endfacet
  facet normal 1.873813e-01 -9.822873e-01 -3.454249e-16
    outer loop
      vertex   3.522709e+01 -1.795026e+01 -1.400000e+02
      vertex   3.522709e+01 -1.795026e+01 -1.501029e+02
      vertex   3.596577e+01 -1.780935e+01 -1.400000e+02
    endloop
  endfacet
  facet normal 1.873813e-01 -9.822873e-01 0.000000e+00
    outer loop
      vertex   3.596577e+01 -1.780935e+01 -1.400000e+02
      vertex   3.522709e+01 -1.795026e+01 -1.501029e+02
      vertex   3.596577e+01 -1.780935e+01 -1.501029e+02
    endloop
  endfacet
  facet normal -6.279052e-02 -9.980267e-01 -0.000000e+00
    outer loop
      vertex   3.596577e+01 -1.780935e+01 -1.400000e+02
      vertex   3.596577e+01 -1.780935e+01 -1.501029e+02
      vertex   3.671629e+01 -1.785656e+01 -1.400000e+02
    endloop
  endfacet
  facet normal -6.279052e-02 -9.980267e-01 -0.000000e+00
    outer loop
      vertex   3.671629e+01 -1.785656e+01 -1.400000e+02
      vertex   3.596577e+01 -1.780935e+01 -1.501029e+02
      vertex   3.671629e+01 -1.785656e+01 -1.501029e+02
    endloop
  endfacet
  facet normal -3.090170e-01 -9.510565e-01 -0.000000e+00
    outer loop
      vertex   3.671629e+01 -1.785656e+01 -1.400000e+02
      vertex   3.671629e+01 -1.785656e+01 -1.501029e+02
      vertex   3.743148e+01 -1.808895e+01 -1.400000e+02
    endloop
  endfacet
  facet normal -3.090170e-01 -9.510565e-01 -3.344425e-16
    outer loop
      vertex   3.743148e+01 -1.808895e+01 -1.400000e+02
      vertex   3.671629e+01 -1.785656e+01 -1.501029e+02
      vertex   3.743148e+01 -1.808895e+01 -1.501029e+02
    endloop
  endfacet
  facet normal -5.358268e-01 -8.443279e-01 -2.969110e-16
    outer loop
      vertex   3.743148e+01 -1.808895e+01 -1.400000e+02
      vertex   3.743148e+01 -1.808895e+01 -1.501029e+02
      vertex   3.806642e+01 -1.849189e+01 -1.400000e+02
    endloop
  endfacet
  facet normal -5.358268e-01 -8.443279e-01 -0.000000e+00
    outer loop
      vertex   3.806642e+01 -1.849189e+01 -1.400000e+02
      vertex   3.743148e+01 -1.808895e+01 -1.501029e+02
      vertex   3.806642e+01 -1.849189e+01 -1.501029e+02
    endloop
  endfacet
  facet normal -7.289686e-01 -6.845471e-01 -0.000000e+00
    outer loop
      vertex   3.806642e+01 -1.849189e+01 -1.400000e+02
      vertex   3.806642e+01 -1.849189e+01 -1.501029e+02
      vertex   3.858120e+01 -1.904007e+01 -1.400000e+02
    endloop
  endfacet
  facet normal -7.289686e-01 -6.845471e-01 -0.000000e+00
    outer loop
      vertex   3.858120e+01 -1.904007e+01 -1.400000e+02
      vertex   3.806642e+01 -1.849189e+01 -1.501029e+02
      vertex   3.858120e+01 -1.904007e+01 -1.501029e+02
    endloop
  endfacet
  facet normal -8.763067e-01 -4.817537e-01 -0.000000e+00
    outer loop
      vertex   3.858120e+01 -1.904007e+01 -1.400000e+02
      vertex   3.858120e+01 -1.904007e+01 -1.501029e+02
      vertex   3.894347e+01 -1.969905e+01 -1.400000e+02
    endloop
  endfacet
  facet normal -8.763067e-01 -4.817537e-01 -0.000000e+00
    outer loop
      vertex   3.894347e+01 -1.969905e+01 -1.400000e+02
      vertex   3.858120e+01 -1.904007e+01 -1.501029e+02
      vertex   3.894347e+01 -1.969905e+01 -1.501029e+02
    endloop
  endfacet
  facet normal -9.685832e-01 -2.486899e-01 -0.000000e+00
    outer loop
      vertex   3.894347e+01 -1.969905e+01 -1.400000e+02
      vertex   3.894347e+01 -1.969905e+01 -1.501029e+02
      vertex   3.913049e+01 -2.042743e+01 -1.400000e+02
    endloop
  endfacet
  facet normal -9.685832e-01 -2.486899e-01 -0.000000e+00
    outer loop
      vertex   3.913049e+01 -2.042743e+01 -1.400000e+02
      vertex   3.894347e+01 -1.969905e+01 -1.501029e+02
      vertex   3.913049e+01 -2.042743e+01 -1.501029e+02
    endloop
  endfacet
  facet normal -1.000000e+00 -0.000000e+00 -0.000000e+00
    outer loop
      vertex   3.913049e+01 -2.042743e+01 -1.400000e+02
      vertex   3.913049e+01 -2.042743e+01 -1.501029e+02
      vertex   3.913049e+01 -2.117943e+01 -1.400000e+02
    endloop
  endfacet
  facet normal -1.000000e+00 0.000000e+00 0.000000e+00
    outer loop
      vertex   3.913049e+01 -2.117943e+01 -1.400000e+02
      vertex   3.913049e+01 -2.042743e+01 -1.501029e+02
      vertex   3.913049e+01 -2.117943e+01 -1.501029e+02
    endloop
  endfacet
  facet normal -9.685832e-01 2.486899e-01 0.000000e+00
    outer loop
      vertex   3.913049e+01 -2.117943e+01 -1.400000e+02
      vertex   3.913049e+01 -2.117943e+01 -1.501029e+02
      vertex   3.894347e+01 -2.190780e+01 -1.400000e+02
    endloop
  endfacet
  facet normal -9.685832e-01 2.486899e-01 0.000000e+00
    outer loop
      vertex   3.894347e+01 -2.190780e+01 -1.400000e+02
      vertex   3.913049e+01 -2.117943e+01 -1.501029e+02
      vertex   3.894347e+01 -2.190780e+01 -1.501029e+02
    endloop
  endfacet
  facet normal -8.763067e-01 4.817537e-01 0.000000e+00
    outer loop
      vertex   3.894347e+01 -2.190780e+01 -1.400000e+02
      vertex   3.894347e+01 -2.190780e+01 -1.501029e+02
      vertex   3.858120e+01 -2.256678e+01 -1.400000e+02
    endloop
  endfacet
  facet normal -8.763067e-01 4.817537e-01 0.000000e+00
    outer loop
      vertex   3.858120e+01 -2.256678e+01 -1.400000e+02
      vertex   3.894347e+01 -2.190780e+01 -1.501029e+02
      vertex   3.858120e+01 -2.256678e+01 -1.501029e+02
    endloop
  endfacet
  facet normal -7.289686e-01 6.845471e-01 0.000000e+00
    outer loop
      vertex   3.858120e+01 -2.256678e+01 -1.400000e+02
      vertex   3.858120e+01 -2.256678e+01 -1.501029e+02
      vertex   3.806642e+01 -2.311497e+01 -1.400000e+02
    endloop
  endfacet
  facet normal -7.289686e-01 6.845471e-01 0.000000e+00
    outer loop
      vertex   3.806642e+01 -2.311497e+01 -1.400000e+02
      vertex   3.858120e+01 -2.256678e+01 -1.501029e+02
      vertex   3.806642e+01 -2.311497e+01 -1.501029e+02
    endloop
  endfacet
  facet normal -5.358268e-01 8.443279e-01 0.000000e+00
    outer loop
      vertex   3.806642e+01 -2.311497e+01 -1.400000e+02
      vertex   3.806642e+01 -2.311497e+01 -1.501029e+02
      vertex   3.743148e+01 -2.351791e+01 -1.400000e+02
    endloop
  endfacet
  facet normal -5.358268e-01 8.443279e-01 0.000000e+00
    outer loop
      vertex   3.743148e+01 -2.351791e+01 -1.400000e+02
      vertex   3.806642e+01 -2.311497e+01 -1.501029e+02
      vertex   3.743148e+01 -2.351791e+01 -1.501029e+02
    endloop
  endfacet
  facet normal -3.090170e-01 9.510565e-01 0.000000e+00
    outer loop
      vertex   3.743148e+01 -2.351791e+01 -1.400000e+02
      vertex   3.743148e+01 -2.351791e+01 -1.501029e+02
      vertex   3.671629e+01 -2.375029e+01 -1.400000e+02
    endloop
  endfacet
  facet normal -3.090170e-01 9.510565e-01 0.000000e+00
    outer loop
      vertex   3.671629e+01 -2.375029e+01 -1.400000e+02
      vertex   3.743148e+01 -2.351791e+01 -1.501029e+02
      vertex   3.671629e+01 -2.375029e+01 -1.501029e+02
    endloop
  endfacet
  facet normal -6.279052e-02 9.980267e-01 0.000000e+00
    outer loop
      vertex   3.671629e+01 -2.375029e+01 -1.400000e+02
      vertex   3.671629e+01 -2.375029e+01 -1.501029e+02
      vertex   3.596577e+01 -2.379751e+01 -1.400000e+02
    endloop
  endfacet
  facet normal -6.279052e-02 9.980267e-01 0.000000e+00
    outer loop
      vertex   3.596577e+01 -2.379751e+01 -1.400000e+02
      vertex   3.671629e+01 -2.375029e+01 -1.501029e+02
      vertex   3.596577e+01 -2.379751e+01 -1.501029e+02
    endloop
  endfacet
  facet normal 1.873813e-01 9.822873e-01 0.000000e+00
    outer loop
      vertex   3.596577e+01 -2.379751e+01 -1.400000e+02
      vertex   3.596577e+01 -2.379751e+01 -1.501029e+02
      vertex   3.522709e+01 -2.365660e+01 -1.400000e+02
    endloop
  endfacet
  facet normal 1.873813e-01 9.822873e-01 0.000000e+00
    outer loop
      vertex   3.522709e+01 -2.365660e+01 -1.400000e+02
      vertex   3.596577e+01 -2.379751e+01 -1.501029e+02
      vertex   3.522709e+01 -2.365660e+01 -1.501029e+02
    endloop
  endfacet
  facet normal 4.257793e-01 9.048271e-01 0.000000e+00
    outer loop
      vertex   3.522709e+01 -2.365660e+01 -1.400000e+02
      vertex   3.522709e+01 -2.365660e+01 -1.501029e+02
      vertex   3.454666e+01 -2.333641e+01 -1.400000e+02
    endloop
  endfacet
  facet normal 4.257793e-01 9.048271e-01 3.181858e-16
    outer loop
      vertex   3.454666e+01 -2.333641e+01 -1.400000e+02
      vertex   3.522709e+01 -2.365660e+01 -1.501029e+02
      vertex   3.454666e+01 -2.333641e+01 -1.501029e+02
    endloop
  endfacet
  facet normal 6.374240e-01 7.705132e-01 2.709538e-16
    outer loop
      vertex   3.454666e+01 -2.333641e+01 -1.400000e+02
      vertex   3.454666e+01 -2.333641e+01 -1.501029e+02
      vertex   3.396724e+01 -2.285707e+01 -1.400000e+02
    endloop
  endfacet
  facet normal 6.374240e-01 7.705132e-01 0.000000e+00
    outer loop
      vertex   3.396724e+01 -2.285707e+01 -1.400000e+02
      vertex   3.454666e+01 -2.333641e+01 -1.501029e+02
      vertex   3.396724e+01 -2.285707e+01 -1.501029e+02
    endloop
  endfacet
  facet normal 8.090170e-01 5.877853e-01 0.000000e+00
    outer loop
      vertex   3.396724e+01 -2.285707e+01 -1.400000e+02
      vertex   3.396724e+01 -2.285707e+01 -1.501029e+02
      vertex   3.352522e+01 -2.224869e+01 -1.400000e+02
    endloop
  endfacet
  facet normal 8.090170e-01 5.877853e-01 0.000000e+00
    outer loop
      vertex   3.352522e+01 -2.224869e+01 -1.400000e+02
      vertex   3.396724e+01 -2.285707e+01 -1.501029e+02
      vertex   3.352522e+01 -2.224869e+01 -1.501029e+02
    endloop
  endfacet
  facet normal 9.297765e-01 3.681246e-01 0.000000e+00
    outer loop
      vertex   3.352522e+01 -2.224869e+01 -1.400000e+02
      vertex   3.352522e+01 -2.224869e+01 -1.501029e+02
      vertex   3.324840e+01 -2.154950e+01 -1.400000e+02
    endloop
  endfacet
  facet normal 9.297765e-01 3.681246e-01 0.000000e+00
    outer loop
      vertex   3.324840e+01 -2.154950e+01 -1.400000e+02
      vertex   3.352522e+01 -2.224869e+01 -1.501029e+02
      vertex   3.324840e+01 -2.154950e+01 -1.501029e+02
    endloop
  endfacet
  facet normal 9.921147e-01 -1.253332e-01 0.000000e+00
    outer loop
      vertex   -3.905989e+01 2.154950e+01 -1.602058e+02
      vertex   -3.905989e+01 2.154950e+01 -1.501029e+02
      vertex   -3.915414e+01 2.080343e+01 -1.602058e+02
    endloop
  endfacet
  facet normal 9.921147e-01 -1.253332e-01 0.000000e+00
    outer loop
      vertex   -3.915414e+01 2.080343e+01 -1.602058e+02
      vertex   -3.905989e+01 2.154950e+01 -1.501029e+02
      vertex   -3.915414e+01 2.080343e+01 -1.501029e+02
    endloop
  endfacet
  facet normal 9.921147e-01 1.253332e-01 -0.000000e+00
    outer loop
      vertex   -3.915414e+01 2.080343e+01 -1.602058e+02
      vertex   -3.915414e+01 2.080343e+01 -1.501029e+02
      vertex   -3.905989e+01 2.005736e+01 -1.602058e+02
    endloop
  endfacet
  facet normal 9.921147e-01 1.253332e-01 -0.000000e+00
    outer loop
      vertex   -3.905989e+01 2.005736e+01 -1.602058e+02
      vertex   -3.915414e+01 2.080343e+01 -1.501029e+02
      vertex   -3.905989e+01 2.005736e+01 -1.501029e+02
    endloop
  endfacet
  facet normal 9.297765e-01 3.681246e-01 -0.000000e+00
    outer loop
      vertex   -3.905989e+01 2.005736e+01 -1.602058e+02
      vertex   -3.905989e+01 2.005736e+01 -1.501029e+02
      vertex   -3.878306e+01 1.935817e+01 -1.602058e+02
    endloop
  endfacet
  facet normal 9.297765e-01 3.681246e-01 -0.000000e+00
    outer loop
      vertex   -3.878306e+01 1.935817e+01 -1.602058e+02
      vertex   -3.905989e+01 2.005736e+01 -1.501029e+02
      vertex   -3.878306e+01 1.935817e+01 -1.501029e+02
    endloop
  endfacet
  facet normal 8.090170e-01 5.877853e-01 -0.000000e+00
    outer loop
      vertex   -3.878306e+01 1.935817e+01 -1.602058e+02
      vertex   -3.878306e+01 1.935817e+01 -1.501029e+02
      vertex   -3.834105e+01 1.874979e+01 -1.602058e+02
    endloop
  endfacet
  facet normal 8.090170e-01 5.877853e-01 -0.000000e+00
    outer loop
      vertex   -3.834105e+01 1.874979e+01 -1.602058e+02
      vertex   -3.878306e+01 1.935817e+01 -1.501029e+02
      vertex   -3.834105e+01 1.874979e+01 -1.501029e+02
    endloop
  endfacet
  facet normal 6.374240e-01 7.705132e-01 -0.000000e+00
    outer loop
      vertex   -3.834105e+01 1.874979e+01 -1.602058e+02
      vertex   -3.834105e+01 1.874979e+01 -1.501029e+02
      vertex   -3.776163e+01 1.827044e+01 -1.602058e+02
    endloop
  endfacet
  facet normal 6.374240e-01 7.705132e-01 -0.000000e+00
    outer loop
      vertex   -3.776163e+01 1.827044e+01 -1.602058e+02
      vertex   -3.834105e+01 1.874979e+01 -1.501029e+02
      vertex   -3.776163e+01 1.827044e+01 -1.501029e+02
    endloop
  endfacet
  facet normal 4.257793e-01 9.048271e-01 -0.000000e+00
    outer loop
      vertex   -3.776163e+01 1.827044e+01 -1.602058e+02
      vertex   -3.776163e+01 1.827044e+01 -1.501029e+02
      vertex   -3.708120e+01 1.795026e+01 -1.602058e+02
    endloop
  endfacet
  facet normal 4.257793e-01 9.048271e-01 3.181858e-16
    outer loop
      vertex   -3.708120e+01 1.795026e+01 -1.602058e+02
      vertex   -3.776163e+01 1.827044e+01 -1.501029e+02
      vertex   -3.708120e+01 1.795026e+01 -1.501029e+02
    endloop
  endfacet
  facet normal 1.873813e-01 9.822873e-01 3.454249e-16
    outer loop
      vertex   -3.708120e+01 1.795026e+01 -1.602058e+02
      vertex   -3.708120e+01 1.795026e+01 -1.501029e+02
      vertex   -3.634252e+01 1.780935e+01 -1.602058e+02
    endloop
  endfacet
  facet normal 1.873813e-01 9.822873e-01 -0.000000e+00
    outer loop
      vertex   -3.634252e+01 1.780935e+01 -1.602058e+02
      vertex   -3.708120e+01 1.795026e+01 -1.501029e+02
      vertex   -3.634252e+01 1.780935e+01 -1.501029e+02
    endloop
  endfacet
  facet normal -6.279052e-02 9.980267e-01 0.000000e+00
    outer loop
      vertex   -3.634252e+01 1.780935e+01 -1.602058e+02
      vertex   -3.634252e+01 1.780935e+01 -1.501029e+02
      vertex   -3.559200e+01 1.785656e+01 -1.602058e+02
    endloop
  endfacet
  facet normal -6.279052e-02 9.980267e-01 0.000000e+00
    outer loop
      vertex   -3.559200e+01 1.785656e+01 -1.602058e+02
      vertex   -3.634252e+01 1.780935e+01 -1.501029e+02
      vertex   -3.559200e+01 1.785656e+01 -1.501029e+02
    endloop
  endfacet
  facet normal -3.090170e-01 9.510565e-01 0.000000e+00
    outer loop
      vertex   -3.559200e+01 1.785656e+01 -1.602058e+02
      vertex   -3.559200e+01 1.785656e+01 -1.501029e+02
      vertex   -3.487681e+01 1.808895e+01 -1.602058e+02
    endloop
  endfacet
  facet normal -3.090170e-01 9.510565e-01 0.000000e+00
    outer loop
      vertex   -3.487681e+01 1.808895e+01 -1.602058e+02
      vertex   -3.559200e+01 1.785656e+01 -1.501029e+02
      vertex   -3.487681e+01 1.808895e+01 -1.501029e+02
    endloop
  endfacet
  facet normal -5.358268e-01 8.443279e-01 0.000000e+00
    outer loop
      vertex   -3.487681e+01 1.808895e+01 -1.602058e+02
      vertex   -3.487681e+01 1.808895e+01 -1.501029e+02
      vertex   -3.424187e+01 1.849189e+01 -1.602058e+02
    endloop
  endfacet
  facet normal -5.358268e-01 8.443279e-01 0.000000e+00
    outer loop
      vertex   -3.424187e+01 1.849189e+01 -1.602058e+02
      vertex   -3.487681e+01 1.808895e+01 -1.501029e+02
      vertex   -3.424187e+01 1.849189e+01 -1.501029e+02
    endloop
  endfacet
  facet normal -7.289686e-01 6.845471e-01 0.000000e+00
    outer loop
      vertex   -3.424187e+01 1.849189e+01 -1.602058e+02
      vertex   -3.424187e+01 1.849189e+01 -1.501029e+02
      vertex   -3.372709e+01 1.904007e+01 -1.602058e+02
    endloop
  endfacet
  facet normal -7.289686e-01 6.845471e-01 0.000000e+00
    outer loop
      vertex   -3.372709e+01 1.904007e+01 -1.602058e+02
      vertex   -3.424187e+01 1.849189e+01 -1.501029e+02
      vertex   -3.372709e+01 1.904007e+01 -1.501029e+02
    endloop
  endfacet
  facet normal -8.763067e-01 4.817537e-01 0.000000e+00
    outer loop
      vertex   -3.372709e+01 1.904007e+01 -1.602058e+02
      vertex   -3.372709e+01 1.904007e+01 -1.501029e+02
      vertex   -3.336482e+01 1.969905e+01 -1.602058e+02
    endloop
  endfacet
  facet normal -8.763067e-01 4.817537e-01 0.000000e+00
    outer loop
      vertex   -3.336482e+01 1.969905e+01 -1.602058e+02
      vertex   -3.372709e+01 1.904007e+01 -1.501029e+02
      vertex   -3.336482e+01 1.969905e+01 -1.501029e+02
    endloop
  endfacet
  facet normal -9.685832e-01 2.486899e-01 0.000000e+00
    outer loop
      vertex   -3.336482e+01 1.969905e+01 -1.602058e+02
      vertex   -3.336482e+01 1.969905e+01 -1.501029e+02
      vertex   -3.317780e+01 2.042743e+01 -1.602058e+02
    endloop
  endfacet
  facet normal -9.685832e-01 2.486899e-01 0.000000e+00
    outer loop
      vertex   -3.317780e+01 2.042743e+01 -1.602058e+02
      vertex   -3.336482e+01 1.969905e+01 -1.501029e+02
      vertex   -3.317780e+01 2.042743e+01 -1.501029e+02
    endloop
  endfacet
  facet normal -1.000000e+00 0.000000e+00 0.000000e+00
    outer loop
      vertex   -3.317780e+01 2.042743e+01 -1.602058e+02
      vertex   -3.317780e+01 2.042743e+01 -1.501029e+02
      vertex   -3.317780e+01 2.117943e+01 -1.602058e+02
    endloop
  endfacet
  facet normal -1.000000e+00 0.000000e+00 0.000000e+00
    outer loop
      vertex   -3.317780e+01 2.117943e+01 -1.602058e+02
      vertex   -3.317780e+01 2.042743e+01 -1.501029e+02
      vertex   -3.317780e+01 2.117943e+01 -1.501029e+02
    endloop
  endfacet
  facet normal -9.685832e-01 -2.486899e-01 0.000000e+00
    outer loop
      vertex   -3.317780e+01 2.117943e+01 -1.602058e+02
      vertex   -3.317780e+01 2.117943e+01 -1.501029e+02
      vertex   -3.336482e+01 2.190780e+01 -1.602058e+02
    endloop
  endfacet
  facet normal -9.685832e-01 -2.486899e-01 0.000000e+00
    outer loop
      vertex   -3.336482e+01 2.190780e+01 -1.602058e+02
      vertex   -3.317780e+01 2.117943e+01 -1.501029e+02
      vertex   -3.336482e+01 2.190780e+01 -1.501029e+02
    endloop
  endfacet
  facet normal -8.763067e-01 -4.817537e-01 0.000000e+00
    outer loop
      vertex   -3.336482e+01 2.190780e+01 -1.602058e+02
      vertex   -3.336482e+01 2.190780e+01 -1.501029e+02
      vertex   -3.372709e+01 2.256678e+01 -1.602058e+02
    endloop
  endfacet
  facet normal -8.763067e-01 -4.817537e-01 0.000000e+00
    outer loop
      vertex   -3.372709e+01 2.256678e+01 -1.602058e+02
      vertex   -3.336482e+01 2.190780e+01 -1.501029e+02
      vertex   -3.372709e+01 2.256678e+01 -1.501029e+02
    endloop
  endfacet
  facet normal -7.289686e-01 -6.845471e-01 0.000000e+00
    outer loop
      vertex   -3.372709e+01 2.256678e+01 -1.602058e+02
      vertex   -3.372709e+01 2.256678e+01 -1.501029e+02
      vertex   -3.424187e+01 2.311497e+01 -1.602058e+02
    endloop
  endfacet
  facet normal -7.289686e-01 -6.845471e-01 0.000000e+00
    outer loop
      vertex   -3.424187e+01 2.311497e+01 -1.602058e+02
      vertex   -3.372709e+01 2.256678e+01 -1.501029e+02
      vertex   -3.424187e+01 2.311497e+01 -1.501029e+02
    endloop
  endfacet
  facet normal -5.358268e-01 -8.443279e-01 0.000000e+00
    outer loop
      vertex   -3.424187e+01 2.311497e+01 -1.602058e+02
      vertex   -3.424187e+01 2.311497e+01 -1.501029e+02
      vertex   -3.487681e+01 2.351791e+01 -1.602058e+02
    endloop
  endfacet
  facet normal -5.358268e-01 -8.443279e-01 0.000000e+00
    outer loop
      vertex   -3.487681e+01 2.351791e+01 -1.602058e+02
      vertex   -3.424187e+01 2.311497e+01 -1.501029e+02
      vertex   -3.487681e+01 2.351791e+01 -1.501029e+02
    endloop
  endfacet
  facet normal -3.090170e-01 -9.510565e-01 0.000000e+00
    outer loop
      vertex   -3.487681e+01 2.351791e+01 -1.602058e+02
      vertex   -3.487681e+01 2.351791e+01 -1.501029e+02
      vertex   -3.559200e+01 2.375029e+01 -1.602058e+02
    endloop
  endfacet
  facet normal -3.090170e-01 -9.510565e-01 0.000000e+00
    outer loop
      vertex   -3.559200e+01 2.375029e+01 -1.602058e+02
      vertex   -3.487681e+01 2.351791e+01 -1.501029e+02
      vertex   -3.559200e+01 2.375029e+01 -1.501029e+02
    endloop
  endfacet
  facet normal -6.279052e-02 -9.980267e-01 0.000000e+00
    outer loop
      vertex   -3.559200e+01 2.375029e+01 -1.602058e+02
      vertex   -3.559200e+01 2.375029e+01 -1.501029e+02
      vertex   -3.634252e+01 2.379751e+01 -1.602058e+02
    endloop
  endfacet
  facet normal -6.279052e-02 -9.980267e-01 0.000000e+00
    outer loop
      vertex   -3.634252e+01 2.379751e+01 -1.602058e+02
      vertex   -3.559200e+01 2.375029e+01 -1.501029e+02
      vertex   -3.634252e+01 2.379751e+01 -1.501029e+02
    endloop
  endfacet
  facet normal 1.873813e-01 -9.822873e-01 0.000000e+00
    outer loop
      vertex   -3.634252e+01 2.379751e+01 -1.602058e+02
      vertex   -3.634252e+01 2.379751e+01 -1.501029e+02
      vertex   -3.708120e+01 2.365660e+01 -1.602058e+02
    endloop
  endfacet
  facet normal 1.873813e-01 -9.822873e-01 0.000000e+00
    outer loop
      vertex   -3.708120e+01 2.365660e+01 -1.602058e+02
      vertex   -3.634252e+01 2.379751e+01 -1.501029e+02
      vertex   -3.708120e+01 2.365660e+01 -1.501029e+02
    endloop
  endfacet
  facet normal 4.257793e-01 -9.048271e-01 0.000000e+00
    outer loop
      vertex   -3.708120e+01 2.365660e+01 -1.602058e+02
      vertex   -3.708120e+01 2.365660e+01 -1.501029e+02
      vertex   -3.776163e+01 2.333641e+01 -1.602058e+02
    endloop
  endfacet
  facet normal 4.257793e-01 -9.048271e-01 0.000000e+00
    outer loop
      vertex   -3.776163e+01 2.333641e+01 -1.602058e+02
      vertex   -3.708120e+01 2.365660e+01 -1.501029e+02
      vertex   -3.776163e+01 2.333641e+01 -1.501029e+02
    endloop
  endfacet
  facet normal 6.374240e-01 -7.705132e-01 0.000000e+00
    outer loop
      vertex   -3.776163e+01 2.333641e+01 -1.602058e+02
      vertex   -3.776163e+01 2.333641e+01 -1.501029e+02
      vertex   -3.834105e+01 2.285707e+01 -1.602058e+02
    endloop
  endfacet
  facet normal 6.374240e-01 -7.705132e-01 0.000000e+00
    outer loop
      vertex   -3.834105e+01 2.285707e+01 -1.602058e+02
      vertex   -3.776163e+01 2.333641e+01 -1.501029e+02
      vertex   -3.834105e+01 2.285707e+01 -1.501029e+02
    endloop
  endfacet
  facet normal 8.090170e-01 -5.877853e-01 0.000000e+00
    outer loop
      vertex   -3.834105e+01 2.285707e+01 -1.602058e+02
      vertex   -3.834105e+01 2.285707e+01 -1.501029e+02
      vertex   -3.878306e+01 2.224869e+01 -1.602058e+02
    endloop
  endfacet
  facet normal 8.090170e-01 -5.877853e-01 0.000000e+00
    outer loop
      vertex   -3.878306e+01 2.224869e+01 -1.602058e+02
      vertex   -3.834105e+01 2.285707e+01 -1.501029e+02
      vertex   -3.878306e+01 2.224869e+01 -1.501029e+02
    endloop
  endfacet
  facet normal 9.297765e-01 -3.681246e-01 0.000000e+00
    outer loop
      vertex   -3.878306e+01 2.224869e+01 -1.602058e+02
      vertex   -3.878306e+01 2.224869e+01 -1.501029e+02
      vertex   -3.905989e+01 2.154950e+01 -1.602058e+02
    endloop
  endfacet
  facet normal 9.297765e-01 -3.681246e-01 0.000000e+00
    outer loop
      vertex   -3.905989e+01 2.154950e+01 -1.602058e+02
      vertex   -3.878306e+01 2.224869e+01 -1.501029e+02
      vertex   -3.905989e+01 2.154950e+01 -1.501029e+02
    endloop
  endfacet
  facet normal 9.921147e-01 1.253332e-01 0.000000e+00
    outer loop
      vertex   -3.905989e+01 2.005736e+01 -1.400000e+02
      vertex   -3.905989e+01 2.005736e+01 -1.501029e+02
      vertex   -3.915414e+01 2.080343e+01 -1.400000e+02
    endloop
  endfacet
  facet normal 9.921147e-01 1.253332e-01 0.000000e+00
    outer loop
      vertex   -3.915414e+01 2.080343e+01 -1.400000e+02
      vertex   -3.905989e+01 2.005736e+01 -1.501029e+02
      vertex   -3.915414e+01 2.080343e+01 -1.501029e+02
    endloop
  endfacet
  facet normal 9.921147e-01 -1.253332e-01 0.000000e+00
    outer loop
      vertex   -3.915414e+01 2.080343e+01 -1.400000e+02
      vertex   -3.915414e+01 2.080343e+01 -1.501029e+02
      vertex   -3.905989e+01 2.154950e+01 -1.400000e+02
    endloop
  endfacet
  facet normal 9.921147e-01 -1.253332e-01 0.000000e+00
    outer loop
      vertex   -3.905989e+01 2.154950e+01 -1.400000e+02
      vertex   -3.915414e+01 2.080343e+01 -1.501029e+02
      vertex   -3.905989e+01 2.154950e+01 -1.501029e+02
    endloop
  endfacet
  facet normal 9.297765e-01 -3.681246e-01 0.000000e+00
    outer loop
      vertex   -3.905989e+01 2.154950e+01 -1.400000e+02
      vertex   -3.905989e+01 2.154950e+01 -1.501029e+02
      vertex   -3.878306e+01 2.224869e+01 -1.400000e+02
    endloop
  endfacet
  facet normal 9.297765e-01 -3.681246e-01 0.000000e+00
    outer loop
      vertex   -3.878306e+01 2.224869e+01 -1.400000e+02
      vertex   -3.905989e+01 2.154950e+01 -1.501029e+02
      vertex   -3.878306e+01 2.224869e+01 -1.501029e+02
    endloop
  endfacet
  facet normal 8.090170e-01 -5.877853e-01 0.000000e+00
    outer loop
      vertex   -3.878306e+01 2.224869e+01 -1.400000e+02
      vertex   -3.878306e+01 2.224869e+01 -1.501029e+02
      vertex   -3.834105e+01 2.285707e+01 -1.400000e+02
    endloop
  endfacet
  facet normal 8.090170e-01 -5.877853e-01 0.000000e+00
    outer loop
      vertex   -3.834105e+01 2.285707e+01 -1.400000e+02
      vertex   -3.878306e+01 2.224869e+01 -1.501029e+02
      vertex   -3.834105e+01 2.285707e+01 -1.501029e+02
    endloop
  endfacet
  facet normal 6.374240e-01 -7.705132e-01 0.000000e+00
    outer loop
      vertex   -3.834105e+01 2.285707e+01 -1.400000e+02
      vertex   -3.834105e+01 2.285707e+01 -1.501029e+02
      vertex   -3.776163e+01 2.333641e+01 -1.400000e+02
    endloop
  endfacet
  facet normal 6.374240e-01 -7.705132e-01 0.000000e+00
    outer loop
      vertex   -3.776163e+01 2.333641e+01 -1.400000e+02
      vertex   -3.834105e+01 2.285707e+01 -1.501029e+02
      vertex   -3.776163e+01 2.333641e+01 -1.501029e+02
    endloop
  endfacet
  facet normal 4.257793e-01 -9.048271e-01 0.000000e+00
    outer loop
      vertex   -3.776163e+01 2.333641e+01 -1.400000e+02
      vertex   -3.776163e+01 2.333641e+01 -1.501029e+02
      vertex   -3.708120e+01 2.365660e+01 -1.400000e+02
    endloop
  endfacet
  facet normal 4.257793e-01 -9.048271e-01 0.000000e+00
    outer loop
      vertex   -3.708120e+01 2.365660e+01 -1.400000e+02
      vertex   -3.776163e+01 2.333641e+01 -1.501029e+02
      vertex   -3.708120e+01 2.365660e+01 -1.501029e+02
    endloop
  endfacet
  facet normal 1.873813e-01 -9.822873e-01 0.000000e+00
    outer loop
      vertex   -3.708120e+01 2.365660e+01 -1.400000e+02
      vertex   -3.708120e+01 2.365660e+01 -1.501029e+02
      vertex   -3.634252e+01 2.379751e+01 -1.400000e+02
    endloop
  endfacet
  facet normal 1.873813e-01 -9.822873e-01 0.000000e+00
    outer loop
      vertex   -3.634252e+01 2.379751e+01 -1.400000e+02
      vertex   -3.708120e+01 2.365660e+01 -1.501029e+02
      vertex   -3.634252e+01 2.379751e+01 -1.501029e+02
    endloop
  endfacet
  facet normal -6.279052e-02 -9.980267e-01 -0.000000e+00
    outer loop
      vertex   -3.634252e+01 2.379751e+01 -1.400000e+02
      vertex   -3.634252e+01 2.379751e+01 -1.501029e+02
      vertex   -3.559200e+01 2.375029e+01 -1.400000e+02
    endloop
  endfacet
  facet normal -6.279052e-02 -9.980267e-01 -0.000000e+00
    outer loop
      vertex   -3.559200e+01 2.375029e+01 -1.400000e+02
      vertex   -3.634252e+01 2.379751e+01 -1.501029e+02
      vertex   -3.559200e+01 2.375029e+01 -1.501029e+02
    endloop
  endfacet
  facet normal -3.090170e-01 -9.510565e-01 -0.000000e+00
    outer loop
      vertex   -3.559200e+01 2.375029e+01 -1.400000e+02
      vertex   -3.559200e+01 2.375029e+01 -1.501029e+02
      vertex   -3.487681e+01 2.351791e+01 -1.400000e+02
    endloop
  endfacet
  facet normal -3.090170e-01 -9.510565e-01 -0.000000e+00
    outer loop
      vertex   -3.487681e+01 2.351791e+01 -1.400000e+02
      vertex   -3.559200e+01 2.375029e+01 -1.501029e+02
      vertex   -3.487681e+01 2.351791e+01 -1.501029e+02
    endloop
  endfacet
  facet normal -5.358268e-01 -8.443279e-01 -0.000000e+00
    outer loop
      vertex   -3.487681e+01 2.351791e+01 -1.400000e+02
      vertex   -3.487681e+01 2.351791e+01 -1.501029e+02
      vertex   -3.424187e+01 2.311497e+01 -1.400000e+02
    endloop
  endfacet
  facet normal -5.358268e-01 -8.443279e-01 -0.000000e+00
    outer loop
      vertex   -3.424187e+01 2.311497e+01 -1.400000e+02
      vertex   -3.487681e+01 2.351791e+01 -1.501029e+02
      vertex   -3.424187e+01 2.311497e+01 -1.501029e+02
    endloop
  endfacet
  facet normal -7.289686e-01 -6.845471e-01 -0.000000e+00
    outer loop
      vertex   -3.424187e+01 2.311497e+01 -1.400000e+02
      vertex   -3.424187e+01 2.311497e+01 -1.501029e+02
      vertex   -3.372709e+01 2.256678e+01 -1.400000e+02
    endloop
  endfacet
  facet normal -7.289686e-01 -6.845471e-01 -0.000000e+00
    outer loop
      vertex   -3.372709e+01 2.256678e+01 -1.400000e+02
      vertex   -3.424187e+01 2.311497e+01 -1.501029e+02
      vertex   -3.372709e+01 2.256678e+01 -1.501029e+02
    endloop
  endfacet
  facet normal -8.763067e-01 -4.817537e-01 -0.000000e+00
    outer loop
      vertex   -3.372709e+01 2.256678e+01 -1.400000e+02
      vertex   -3.372709e+01 2.256678e+01 -1.501029e+02
      vertex   -3.336482e+01 2.190780e+01 -1.400000e+02
    endloop
  endfacet
  facet normal -8.763067e-01 -4.817537e-01 -0.000000e+00
    outer loop
      vertex   -3.336482e+01 2.190780e+01 -1.400000e+02
      vertex   -3.372709e+01 2.256678e+01 -1.501029e+02
      vertex   -3.336482e+01 2.190780e+01 -1.501029e+02
    endloop
  endfacet
  facet normal -9.685832e-01 -2.486899e-01 -0.000000e+00
    outer loop
      vertex   -3.336482e+01 2.190780e+01 -1.400000e+02
      vertex   -3.336482e+01 2.190780e+01 -1.501029e+02
      vertex   -3.317780e+01 2.117943e+01 -1.400000e+02
    endloop
  endfacet
  facet normal -9.685832e-01 -2.486899e-01 -0.000000e+00
    outer loop
      vertex   -3.317780e+01 2.117943e+01 -1.400000e+02
      vertex   -3.336482e+01 2.190780e+01 -1.501029e+02
      vertex   -3.317780e+01 2.117943e+01 -1.501029e+02
    endloop
  endfacet
  facet normal -1.000000e+00 -0.000000e+00 -0.000000e+00
    outer loop
      vertex   -3.317780e+01 2.117943e+01 -1.400000e+02
      vertex   -3.317780e+01 2.117943e+01 -1.501029e+02
      vertex   -3.317780e+01 2.042743e+01 -1.400000e+02
    endloop
  endfacet
  facet normal -1.000000e+00 0.000000e+00 0.000000e+00
    outer loop
      vertex   -3.317780e+01 2.042743e+01 -1.400000e+02
      vertex   -3.317780e+01 2.117943e+01 -1.501029e+02
      vertex   -3.317780e+01 2.042743e+01 -1.501029e+02
    endloop
  endfacet
  facet normal -9.685832e-01 2.486899e-01 0.000000e+00
    outer loop
      vertex   -3.317780e+01 2.042743e+01 -1.400000e+02
      vertex   -3.317780e+01 2.042743e+01 -1.501029e+02
      vertex   -3.336482e+01 1.969905e+01 -1.400000e+02
    endloop
  endfacet
  facet normal -9.685832e-01 2.486899e-01 0.000000e+00
    outer loop
      vertex   -3.336482e+01 1.969905e+01 -1.400000e+02
      vertex   -3.317780e+01 2.042743e+01 -1.501029e+02
      vertex   -3.336482e+01 1.969905e+01 -1.501029e+02
    endloop
  endfacet
  facet normal -8.763067e-01 4.817537e-01 0.000000e+00
    outer loop
      vertex   -3.336482e+01 1.969905e+01 -1.400000e+02
      vertex   -3.336482e+01 1.969905e+01 -1.501029e+02
      vertex   -3.372709e+01 1.904007e+01 -1.400000e+02
    endloop
  endfacet
  facet normal -8.763067e-01 4.817537e-01 0.000000e+00
    outer loop
      vertex   -3.372709e+01 1.904007e+01 -1.400000e+02
      vertex   -3.336482e+01 1.969905e+01 -1.501029e+02
      vertex   -3.372709e+01 1.904007e+01 -1.501029e+02
    endloop
  endfacet
  facet normal -7.289686e-01 6.845471e-01 0.000000e+00
    outer loop
      vertex   -3.372709e+01 1.904007e+01 -1.400000e+02
      vertex   -3.372709e+01 1.904007e+01 -1.501029e+02
      vertex   -3.424187e+01 1.849189e+01 -1.400000e+02
    endloop
  endfacet
  facet normal -7.289686e-01 6.845471e-01 0.000000e+00
    outer loop
      vertex   -3.424187e+01 1.849189e+01 -1.400000e+02
      vertex   -3.372709e+01 1.904007e+01 -1.501029e+02
      vertex   -3.424187e+01 1.849189e+01 -1.501029e+02
    endloop
  endfacet
  facet normal -5.358268e-01 8.443279e-01 0.000000e+00
    outer loop
      vertex   -3.424187e+01 1.849189e+01 -1.400000e+02
      vertex   -3.424187e+01 1.849189e+01 -1.501029e+02
      vertex   -3.487681e+01 1.808895e+01 -1.400000e+02
    endloop
  endfacet
  facet normal -5.358268e-01 8.443279e-01 0.000000e+00
    outer loop
      vertex   -3.487681e+01 1.808895e+01 -1.400000e+02
      vertex   -3.424187e+01 1.849189e+01 -1.501029e+02
      vertex   -3.487681e+01 1.808895e+01 -1.501029e+02
    endloop
  endfacet
  facet normal -3.090170e-01 9.510565e-01 0.000000e+00
    outer loop
      vertex   -3.487681e+01 1.808895e+01 -1.400000e+02
      vertex   -3.487681e+01 1.808895e+01 -1.501029e+02
      vertex   -3.559200e+01 1.785656e+01 -1.400000e+02
    endloop
  endfacet
  facet normal -3.090170e-01 9.510565e-01 0.000000e+00
    outer loop
      vertex   -3.559200e+01 1.785656e+01 -1.400000e+02
      vertex   -3.487681e+01 1.808895e+01 -1.501029e+02
      vertex   -3.559200e+01 1.785656e+01 -1.501029e+02
    endloop
  endfacet
  facet normal -6.279052e-02 9.980267e-01 0.000000e+00
    outer loop
      vertex   -3.559200e+01 1.785656e+01 -1.400000e+02
      vertex   -3.559200e+01 1.785656e+01 -1.501029e+02
      vertex   -3.634252e+01 1.780935e+01 -1.400000e+02
    endloop
  endfacet
  facet normal -6.279052e-02 9.980267e-01 0.000000e+00
    outer loop
      vertex   -3.634252e+01 1.780935e+01 -1.400000e+02
      vertex   -3.559200e+01 1.785656e+01 -1.501029e+02
      vertex   -3.634252e+01 1.780935e+01 -1.501029e+02
    endloop
  endfacet
  facet normal 1.873813e-01 9.822873e-01 0.000000e+00
    outer loop
      vertex   -3.634252e+01 1.780935e+01 -1.400000e+02
      vertex   -3.634252e+01 1.780935e+01 -1.501029e+02
      vertex   -3.708120e+01 1.795026e+01 -1.400000e+02
    endloop
  endfacet
  facet normal 1.873813e-01 9.822873e-01 -3.454249e-16
    outer loop
      vertex   -3.708120e+01 1.795026e+01 -1.400000e+02
      vertex   -3.634252e+01 1.780935e+01 -1.501029e+02
      vertex   -3.708120e+01 1.795026e+01 -1.501029e+02
    endloop
  endfacet
  facet normal 4.257793e-01 9.048271e-01 -3.181858e-16
    outer loop
      vertex   -3.708120e+01 1.795026e+01 -1.400000e+02
      vertex   -3.708120e+01 1.795026e+01 -1.501029e+02
      vertex   -3.776163e+01 1.827044e+01 -1.400000e+02
    endloop
  endfacet
  facet normal 4.257793e-01 9.048271e-01 0.000000e+00
    outer loop
      vertex   -3.776163e+01 1.827044e+01 -1.400000e+02
      vertex   -3.708120e+01 1.795026e+01 -1.501029e+02
      vertex   -3.776163e+01 1.827044e+01 -1.501029e+02
    endloop
  endfacet
  facet normal 6.374240e-01 7.705132e-01 0.000000e+00
    outer loop
      vertex   -3.776163e+01 1.827044e+01 -1.400000e+02
      vertex   -3.776163e+01 1.827044e+01 -1.501029e+02
      vertex   -3.834105e+01 1.874979e+01 -1.400000e+02
    endloop
  endfacet
  facet normal 6.374240e-01 7.705132e-01 0.000000e+00
    outer loop
      vertex   -3.834105e+01 1.874979e+01 -1.400000e+02
      vertex   -3.776163e+01 1.827044e+01 -1.501029e+02
      vertex   -3.834105e+01 1.874979e+01 -1.501029e+02
    endloop
  endfacet
  facet normal 8.090170e-01 5.877853e-01 0.000000e+00
    outer loop
      vertex   -3.834105e+01 1.874979e+01 -1.400000e+02
      vertex   -3.834105e+01 1.874979e+01 -1.501029e+02
      vertex   -3.878306e+01 1.935817e+01 -1.400000e+02
    endloop
  endfacet
  facet normal 8.090170e-01 5.877853e-01 0.000000e+00
    outer loop
      vertex   -3.878306e+01 1.935817e+01 -1.400000e+02
      vertex   -3.834105e+01 1.874979e+01 -1.501029e+02
      vertex   -3.878306e+01 1.935817e+01 -1.501029e+02
    endloop
  endfacet
  facet normal 9.297765e-01 3.681246e-01 0.000000e+00
    outer loop
      vertex   -3.878306e+01 1.935817e+01 -1.400000e+02
      vertex   -3.878306e+01 1.935817e+01 -1.501029e+02
      vertex   -3.905989e+01 2.005736e+01 -1.400000e+02
    endloop
  endfacet
  facet normal 9.297765e-01 3.681246e-01 0.000000e+00
    outer loop
      vertex   -3.905989e+01 2.005736e+01 -1.400000e+02
      vertex   -3.878306e+01 1.935817e+01 -1.501029e+02
      vertex   -3.905989e+01 2.005736e+01 -1.501029e+02
    endloop
  endfacet
  facet normal 9.921147e-01 -1.253332e-01 0.000000e+00
    outer loop
      vertex   3.318762e+01 2.165476e+01 -1.602058e+02
      vertex   3.318762e+01 2.165476e+01 -1.501029e+02
      vertex   3.309337e+01 2.090869e+01 -1.602058e+02
    endloop
  endfacet
  facet normal 9.921147e-01 -1.253332e-01 0.000000e+00
    outer loop
      vertex   3.309337e+01 2.090869e+01 -1.602058e+02
      vertex   3.318762e+01 2.165476e+01 -1.501029e+02
      vertex   3.309337e+01 2.090869e+01 -1.501029e+02
    endloop
  endfacet
  facet normal 9.921147e-01 1.253332e-01 -0.000000e+00
    outer loop
      vertex   3.309337e+01 2.090869e+01 -1.602058e+02
      vertex   3.309337e+01 2.090869e+01 -1.501029e+02
      vertex   3.318762e+01 2.016262e+01 -1.602058e+02
    endloop
  endfacet
  facet normal 9.921147e-01 1.253332e-01 -0.000000e+00
    outer loop
      vertex   3.318762e+01 2.016262e+01 -1.602058e+02
      vertex   3.309337e+01 2.090869e+01 -1.501029e+02
      vertex   3.318762e+01 2.016262e+01 -1.501029e+02
    endloop
  endfacet
  facet normal 9.297765e-01 3.681246e-01 -0.000000e+00
    outer loop
      vertex   3.318762e+01 2.016262e+01 -1.602058e+02
      vertex   3.318762e+01 2.016262e+01 -1.501029e+02
      vertex   3.346445e+01 1.946343e+01 -1.602058e+02
    endloop
  endfacet
  facet normal 9.297765e-01 3.681246e-01 -0.000000e+00
    outer loop
      vertex   3.346445e+01 1.946343e+01 -1.602058e+02
      vertex   3.318762e+01 2.016262e+01 -1.501029e+02
      vertex   3.346445e+01 1.946343e+01 -1.501029e+02
    endloop
  endfacet
  facet normal 8.090170e-01 5.877853e-01 -0.000000e+00
    outer loop
      vertex   3.346445e+01 1.946343e+01 -1.602058e+02
      vertex   3.346445e+01 1.946343e+01 -1.501029e+02
      vertex   3.390646e+01 1.885505e+01 -1.602058e+02
    endloop
  endfacet
  facet normal 8.090170e-01 5.877853e-01 -2.066968e-16
    outer loop
      vertex   3.390646e+01 1.885505e+01 -1.602058e+02
      vertex   3.346445e+01 1.946343e+01 -1.501029e+02
      vertex   3.390646e+01 1.885505e+01 -1.501029e+02
    endloop
  endfacet
  facet normal 6.374240e-01 7.705132e-01 -2.709538e-16
    outer loop
      vertex   3.390646e+01 1.885505e+01 -1.602058e+02
      vertex   3.390646e+01 1.885505e+01 -1.501029e+02
      vertex   3.448589e+01 1.837571e+01 -1.602058e+02
    endloop
  endfacet
  facet normal 6.374240e-01 7.705132e-01 -0.000000e+00
    outer loop
      vertex   3.448589e+01 1.837571e+01 -1.602058e+02
      vertex   3.390646e+01 1.885505e+01 -1.501029e+02
      vertex   3.448589e+01 1.837571e+01 -1.501029e+02
    endloop
  endfacet
  facet normal 4.257793e-01 9.048271e-01 -0.000000e+00
    outer loop
      vertex   3.448589e+01 1.837571e+01 -1.602058e+02
      vertex   3.448589e+01 1.837571e+01 -1.501029e+02
      vertex   3.516632e+01 1.805552e+01 -1.602058e+02
    endloop
  endfacet
  facet normal 4.257793e-01 9.048271e-01 -0.000000e+00
    outer loop
      vertex   3.516632e+01 1.805552e+01 -1.602058e+02
      vertex   3.448589e+01 1.837571e+01 -1.501029e+02
      vertex   3.516632e+01 1.805552e+01 -1.501029e+02
    endloop
  endfacet
  facet normal 1.873813e-01 9.822873e-01 -0.000000e+00
    outer loop
      vertex   3.516632e+01 1.805552e+01 -1.602058e+02
      vertex   3.516632e+01 1.805552e+01 -1.501029e+02
      vertex   3.590500e+01 1.791461e+01 -1.602058e+02
    endloop
  endfacet
  facet normal 1.873813e-01 9.822873e-01 -0.000000e+00
    outer loop
      vertex   3.590500e+01 1.791461e+01 -1.602058e+02
      vertex   3.516632e+01 1.805552e+01 -1.501029e+02
      vertex   3.590500e+01 1.791461e+01 -1.501029e+02
    endloop
  endfacet
  facet normal -6.279052e-02 9.980267e-01 0.000000e+00
    outer loop
      vertex   3.590500e+01 1.791461e+01 -1.602058e+02
      vertex   3.590500e+01 1.791461e+01 -1.501029e+02
      vertex   3.665551e+01 1.796183e+01 -1.602058e+02
    endloop
  endfacet
  facet normal -6.279052e-02 9.980267e-01 0.000000e+00
    outer loop
      vertex   3.665551e+01 1.796183e+01 -1.602058e+02
      vertex   3.590500e+01 1.791461e+01 -1.501029e+02
      vertex   3.665551e+01 1.796183e+01 -1.501029e+02
    endloop
  endfacet
  facet normal -3.090170e-01 9.510565e-01 0.000000e+00
    outer loop
      vertex   3.665551e+01 1.796183e+01 -1.602058e+02
      vertex   3.665551e+01 1.796183e+01 -1.501029e+02
      vertex   3.737071e+01 1.819421e+01 -1.602058e+02
    endloop
  endfacet
  facet normal -3.090170e-01 9.510565e-01 0.000000e+00
    outer loop
      vertex   3.737071e+01 1.819421e+01 -1.602058e+02
      vertex   3.665551e+01 1.796183e+01 -1.501029e+02
      vertex   3.737071e+01 1.819421e+01 -1.501029e+02
    endloop
  endfacet
  facet normal -5.358268e-01 8.443279e-01 0.000000e+00
    outer loop
      vertex   3.737071e+01 1.819421e+01 -1.602058e+02
      vertex   3.737071e+01 1.819421e+01 -1.501029e+02
      vertex   3.800564e+01 1.859715e+01 -1.602058e+02
    endloop
  endfacet
  facet normal -5.358268e-01 8.443279e-01 0.000000e+00
    outer loop
      vertex   3.800564e+01 1.859715e+01 -1.602058e+02
      vertex   3.737071e+01 1.819421e+01 -1.501029e+02
      vertex   3.800564e+01 1.859715e+01 -1.501029e+02
    endloop
  endfacet
  facet normal -7.289686e-01 6.845471e-01 0.000000e+00
    outer loop
      vertex   3.800564e+01 1.859715e+01 -1.602058e+02
      vertex   3.800564e+01 1.859715e+01 -1.501029e+02
      vertex   3.852042e+01 1.914534e+01 -1.602058e+02
    endloop
  endfacet
  facet normal -7.289686e-01 6.845471e-01 0.000000e+00
    outer loop
      vertex   3.852042e+01 1.914534e+01 -1.602058e+02
      vertex   3.800564e+01 1.859715e+01 -1.501029e+02
      vertex   3.852042e+01 1.914534e+01 -1.501029e+02
    endloop
  endfacet
  facet normal -8.763067e-01 4.817537e-01 0.000000e+00
    outer loop
      vertex   3.852042e+01 1.914534e+01 -1.602058e+02
      vertex   3.852042e+01 1.914534e+01 -1.501029e+02
      vertex   3.888270e+01 1.980432e+01 -1.602058e+02
    endloop
  endfacet
  facet normal -8.763067e-01 4.817537e-01 0.000000e+00
    outer loop
      vertex   3.888270e+01 1.980432e+01 -1.602058e+02
      vertex   3.852042e+01 1.914534e+01 -1.501029e+02
      vertex   3.888270e+01 1.980432e+01 -1.501029e+02
    endloop
  endfacet
  facet normal -9.685832e-01 2.486899e-01 0.000000e+00
    outer loop
      vertex   3.888270e+01 1.980432e+01 -1.602058e+02
      vertex   3.888270e+01 1.980432e+01 -1.501029e+02
      vertex   3.906971e+01 2.053269e+01 -1.602058e+02
    endloop
  endfacet
  facet normal -9.685832e-01 2.486899e-01 0.000000e+00
    outer loop
      vertex   3.906971e+01 2.053269e+01 -1.602058e+02
      vertex   3.888270e+01 1.980432e+01 -1.501029e+02
      vertex   3.906971e+01 2.053269e+01 -1.501029e+02
    endloop
  endfacet
  facet normal -1.000000e+00 0.000000e+00 0.000000e+00
    outer loop
      vertex   3.906971e+01 2.053269e+01 -1.602058e+02
      vertex   3.906971e+01 2.053269e+01 -1.501029e+02
      vertex   3.906971e+01 2.128469e+01 -1.602058e+02
    endloop
  endfacet
  facet normal -1.000000e+00 0.000000e+00 0.000000e+00
    outer loop
      vertex   3.906971e+01 2.128469e+01 -1.602058e+02
      vertex   3.906971e+01 2.053269e+01 -1.501029e+02
      vertex   3.906971e+01 2.128469e+01 -1.501029e+02
    endloop
  endfacet
  facet normal -9.685832e-01 -2.486899e-01 0.000000e+00
    outer loop
      vertex   3.906971e+01 2.128469e+01 -1.602058e+02
      vertex   3.906971e+01 2.128469e+01 -1.501029e+02
      vertex   3.888270e+01 2.201307e+01 -1.602058e+02
    endloop
  endfacet
  facet normal -9.685832e-01 -2.486899e-01 0.000000e+00
    outer loop
      vertex   3.888270e+01 2.201307e+01 -1.602058e+02
      vertex   3.906971e+01 2.128469e+01 -1.501029e+02
      vertex   3.888270e+01 2.201307e+01 -1.501029e+02
    endloop
  endfacet
  facet normal -8.763067e-01 -4.817537e-01 0.000000e+00
    outer loop
      vertex   3.888270e+01 2.201307e+01 -1.602058e+02
      vertex   3.888270e+01 2.201307e+01 -1.501029e+02
      vertex   3.852042e+01 2.267205e+01 -1.602058e+02
    endloop
  endfacet
  facet normal -8.763067e-01 -4.817537e-01 0.000000e+00
    outer loop
      vertex   3.852042e+01 2.267205e+01 -1.602058e+02
      vertex   3.888270e+01 2.201307e+01 -1.501029e+02
      vertex   3.852042e+01 2.267205e+01 -1.501029e+02
    endloop
  endfacet
  facet normal -7.289686e-01 -6.845471e-01 0.000000e+00
    outer loop
      vertex   3.852042e+01 2.267205e+01 -1.602058e+02
      vertex   3.852042e+01 2.267205e+01 -1.501029e+02
      vertex   3.800564e+01 2.322023e+01 -1.602058e+02
    endloop
  endfacet
  facet normal -7.289686e-01 -6.845471e-01 0.000000e+00
    outer loop
      vertex   3.800564e+01 2.322023e+01 -1.602058e+02
      vertex   3.852042e+01 2.267205e+01 -1.501029e+02
      vertex   3.800564e+01 2.322023e+01 -1.501029e+02
    endloop
  endfacet
  facet normal -5.358268e-01 -8.443279e-01 0.000000e+00
    outer loop
      vertex   3.800564e+01 2.322023e+01 -1.602058e+02
      vertex   3.800564e+01 2.322023e+01 -1.501029e+02
      vertex   3.737071e+01 2.362318e+01 -1.602058e+02
    endloop
  endfacet
  facet normal -5.358268e-01 -8.443279e-01 0.000000e+00
    outer loop
      vertex   3.737071e+01 2.362318e+01 -1.602058e+02
      vertex   3.800564e+01 2.322023e+01 -1.501029e+02
      vertex   3.737071e+01 2.362318e+01 -1.501029e+02
    endloop
  endfacet
  facet normal -3.090170e-01 -9.510565e-01 0.000000e+00
    outer loop
      vertex   3.737071e+01 2.362318e+01 -1.602058e+02
      vertex   3.737071e+01 2.362318e+01 -1.501029e+02
      vertex   3.665551e+01 2.385556e+01 -1.602058e+02
    endloop
  endfacet
  facet normal -3.090170e-01 -9.510565e-01 0.000000e+00
    outer loop
      vertex   3.665551e+01 2.385556e+01 -1.602058e+02
      vertex   3.737071e+01 2.362318e+01 -1.501029e+02
      vertex   3.665551e+01 2.385556e+01 -1.501029e+02
    endloop
  endfacet
  facet normal -6.279052e-02 -9.980267e-01 0.000000e+00
    outer loop
      vertex   3.665551e+01 2.385556e+01 -1.602058e+02
      vertex   3.665551e+01 2.385556e+01 -1.501029e+02
      vertex   3.590500e+01 2.390277e+01 -1.602058e+02
    endloop
  endfacet
  facet normal -6.279052e-02 -9.980267e-01 0.000000e+00
    outer loop
      vertex   3.590500e+01 2.390277e+01 -1.602058e+02
      vertex   3.665551e+01 2.385556e+01 -1.501029e+02
      vertex   3.590500e+01 2.390277e+01 -1.501029e+02
    endloop
  endfacet
  facet normal 1.873813e-01 -9.822873e-01 0.000000e+00
    outer loop
      vertex   3.590500e+01 2.390277e+01 -1.602058e+02
      vertex   3.590500e+01 2.390277e+01 -1.501029e+02
      vertex   3.516632e+01 2.376186e+01 -1.602058e+02
    endloop
  endfacet
  facet normal 1.873813e-01 -9.822873e-01 0.000000e+00
    outer loop
      vertex   3.516632e+01 2.376186e+01 -1.602058e+02
      vertex   3.590500e+01 2.390277e+01 -1.501029e+02
      vertex   3.516632e+01 2.376186e+01 -1.501029e+02
    endloop
  endfacet
  facet normal 4.257793e-01 -9.048271e-01 0.000000e+00
    outer loop
      vertex   3.516632e+01 2.376186e+01 -1.602058e+02
      vertex   3.516632e+01 2.376186e+01 -1.501029e+02
      vertex   3.448589e+01 2.344168e+01 -1.602058e+02
    endloop
  endfacet
  facet normal 4.257793e-01 -9.048271e-01 0.000000e+00
    outer loop
      vertex   3.448589e+01 2.344168e+01 -1.602058e+02
      vertex   3.516632e+01 2.376186e+01 -1.501029e+02
      vertex   3.448589e+01 2.344168e+01 -1.501029e+02
    endloop
  endfacet
  facet normal 6.374240e-01 -7.705132e-01 0.000000e+00
    outer loop
      vertex   3.448589e+01 2.344168e+01 -1.602058e+02
      vertex   3.448589e+01 2.344168e+01 -1.501029e+02
      vertex   3.390646e+01 2.296234e+01 -1.602058e+02
    endloop
  endfacet
  facet normal 6.374240e-01 -7.705132e-01 0.000000e+00
    outer loop
      vertex   3.390646e+01 2.296234e+01 -1.602058e+02
      vertex   3.448589e+01 2.344168e+01 -1.501029e+02
      vertex   3.390646e+01 2.296234e+01 -1.501029e+02
    endloop
  endfacet
  facet normal 8.090170e-01 -5.877853e-01 0.000000e+00
    outer loop
      vertex   3.390646e+01 2.296234e+01 -1.602058e+02
      vertex   3.390646e+01 2.296234e+01 -1.501029e+02
      vertex   3.346445e+01 2.235396e+01 -1.602058e+02
    endloop
  endfacet
  facet normal 8.090170e-01 -5.877853e-01 0.000000e+00
    outer loop
      vertex   3.346445e+01 2.235396e+01 -1.602058e+02
      vertex   3.390646e+01 2.296234e+01 -1.501029e+02
      vertex   3.346445e+01 2.235396e+01 -1.501029e+02
    endloop
  endfacet
  facet normal 9.297765e-01 -3.681246e-01 0.000000e+00
    outer loop
      vertex   3.346445e+01 2.235396e+01 -1.602058e+02
      vertex   3.346445e+01 2.235396e+01 -1.501029e+02
      vertex   3.318762e+01 2.165476e+01 -1.602058e+02
    endloop
  endfacet
  facet normal 9.297765e-01 -3.681246e-01 0.000000e+00
    outer loop
      vertex   3.318762e+01 2.165476e+01 -1.602058e+02
      vertex   3.346445e+01 2.235396e+01 -1.501029e+02
      vertex   3.318762e+01 2.165476e+01 -1.501029e+02
    endloop
  endfacet
  facet normal 9.921147e-01 1.253332e-01 0.000000e+00
    outer loop
      vertex   3.318762e+01 2.016262e+01 -1.400000e+02
      vertex   3.318762e+01 2.016262e+01 -1.501029e+02
      vertex   3.309337e+01 2.090869e+01 -1.400000e+02
    endloop
  endfacet
  facet normal 9.921147e-01 1.253332e-01 0.000000e+00
    outer loop
      vertex   3.309337e+01 2.090869e+01 -1.400000e+02
      vertex   3.318762e+01 2.016262e+01 -1.501029e+02
      vertex   3.309337e+01 2.090869e+01 -1.501029e+02
    endloop
  endfacet
  facet normal 9.921147e-01 -1.253332e-01 0.000000e+00
    outer loop
      vertex   3.309337e+01 2.090869e+01 -1.400000e+02
      vertex   3.309337e+01 2.090869e+01 -1.501029e+02
      vertex   3.318762e+01 2.165476e+01 -1.400000e+02
    endloop
  endfacet
  facet normal 9.921147e-01 -1.253332e-01 0.000000e+00
    outer loop
      vertex   3.318762e+01 2.165476e+01 -1.400000e+02
      vertex   3.309337e+01 2.090869e+01 -1.501029e+02
      vertex   3.318762e+01 2.165476e+01 -1.501029e+02
    endloop
  endfacet
  facet normal 9.297765e-01 -3.681246e-01 0.000000e+00
    outer loop
      vertex   3.318762e+01 2.165476e+01 -1.400000e+02
      vertex   3.318762e+01 2.165476e+01 -1.501029e+02
      vertex   3.346445e+01 2.235396e+01 -1.400000e+02
    endloop
  endfacet
  facet normal 9.297765e-01 -3.681246e-01 0.000000e+00
    outer loop
      vertex   3.346445e+01 2.235396e+01 -1.400000e+02
      vertex   3.318762e+01 2.165476e+01 -1.501029e+02
      vertex   3.346445e+01 2.235396e+01 -1.501029e+02
    endloop
  endfacet
  facet normal 8.090170e-01 -5.877853e-01 0.000000e+00
    outer loop
      vertex   3.346445e+01 2.235396e+01 -1.400000e+02
      vertex   3.346445e+01 2.235396e+01 -1.501029e+02
      vertex   3.390646e+01 2.296234e+01 -1.400000e+02
    endloop
  endfacet
  facet normal 8.090170e-01 -5.877853e-01 0.000000e+00
    outer loop
      vertex   3.390646e+01 2.296234e+01 -1.400000e+02
      vertex   3.346445e+01 2.235396e+01 -1.501029e+02
      vertex   3.390646e+01 2.296234e+01 -1.501029e+02
    endloop
  endfacet
  facet normal 6.374240e-01 -7.705132e-01 0.000000e+00
    outer loop
      vertex   3.390646e+01 2.296234e+01 -1.400000e+02
      vertex   3.390646e+01 2.296234e+01 -1.501029e+02
      vertex   3.448589e+01 2.344168e+01 -1.400000e+02
    endloop
  endfacet
  facet normal 6.374240e-01 -7.705132e-01 0.000000e+00
    outer loop
      vertex   3.448589e+01 2.344168e+01 -1.400000e+02
      vertex   3.390646e+01 2.296234e+01 -1.501029e+02
      vertex   3.448589e+01 2.344168e+01 -1.501029e+02
    endloop
  endfacet
  facet normal 4.257793e-01 -9.048271e-01 0.000000e+00
    outer loop
      vertex   3.448589e+01 2.344168e+01 -1.400000e+02
      vertex   3.448589e+01 2.344168e+01 -1.501029e+02
      vertex   3.516632e+01 2.376186e+01 -1.400000e+02
    endloop
  endfacet
  facet normal 4.257793e-01 -9.048271e-01 0.000000e+00
    outer loop
      vertex   3.516632e+01 2.376186e+01 -1.400000e+02
      vertex   3.448589e+01 2.344168e+01 -1.501029e+02
      vertex   3.516632e+01 2.376186e+01 -1.501029e+02
    endloop
  endfacet
  facet normal 1.873813e-01 -9.822873e-01 0.000000e+00
    outer loop
      vertex   3.516632e+01 2.376186e+01 -1.400000e+02
      vertex   3.516632e+01 2.376186e+01 -1.501029e+02
      vertex   3.590500e+01 2.390277e+01 -1.400000e+02
    endloop
  endfacet
  facet normal 1.873813e-01 -9.822873e-01 0.000000e+00
    outer loop
      vertex   3.590500e+01 2.390277e+01 -1.400000e+02
      vertex   3.516632e+01 2.376186e+01 -1.501029e+02
      vertex   3.590500e+01 2.390277e+01 -1.501029e+02
    endloop
  endfacet
  facet normal -6.279052e-02 -9.980267e-01 -0.000000e+00
    outer loop
      vertex   3.590500e+01 2.390277e+01 -1.400000e+02
      vertex   3.590500e+01 2.390277e+01 -1.501029e+02
      vertex   3.665551e+01 2.385556e+01 -1.400000e+02
    endloop
  endfacet
  facet normal -6.279052e-02 -9.980267e-01 -0.000000e+00
    outer loop
      vertex   3.665551e+01 2.385556e+01 -1.400000e+02
      vertex   3.590500e+01 2.390277e+01 -1.501029e+02
      vertex   3.665551e+01 2.385556e+01 -1.501029e+02
    endloop
  endfacet
  facet normal -3.090170e-01 -9.510565e-01 -0.000000e+00
    outer loop
      vertex   3.665551e+01 2.385556e+01 -1.400000e+02
      vertex   3.665551e+01 2.385556e+01 -1.501029e+02
      vertex   3.737071e+01 2.362318e+01 -1.400000e+02
    endloop
  endfacet
  facet normal -3.090170e-01 -9.510565e-01 -0.000000e+00
    outer loop
      vertex   3.737071e+01 2.362318e+01 -1.400000e+02
      vertex   3.665551e+01 2.385556e+01 -1.501029e+02
      vertex   3.737071e+01 2.362318e+01 -1.501029e+02
    endloop
  endfacet
  facet normal -5.358268e-01 -8.443279e-01 -0.000000e+00
    outer loop
      vertex   3.737071e+01 2.362318e+01 -1.400000e+02
      vertex   3.737071e+01 2.362318e+01 -1.501029e+02
      vertex   3.800564e+01 2.322023e+01 -1.400000e+02
    endloop
  endfacet
  facet normal -5.358268e-01 -8.443279e-01 -0.000000e+00
    outer loop
      vertex   3.800564e+01 2.322023e+01 -1.400000e+02
      vertex   3.737071e+01 2.362318e+01 -1.501029e+02
      vertex   3.800564e+01 2.322023e+01 -1.501029e+02
    endloop
  endfacet
  facet normal -7.289686e-01 -6.845471e-01 -0.000000e+00
    outer loop
      vertex   3.800564e+01 2.322023e+01 -1.400000e+02
      vertex   3.800564e+01 2.322023e+01 -1.501029e+02
      vertex   3.852042e+01 2.267205e+01 -1.400000e+02
    endloop
  endfacet
  facet normal -7.289686e-01 -6.845471e-01 -0.000000e+00
    outer loop
      vertex   3.852042e+01 2.267205e+01 -1.400000e+02
      vertex   3.800564e+01 2.322023e+01 -1.501029e+02
      vertex   3.852042e+01 2.267205e+01 -1.501029e+02
    endloop
  endfacet
  facet normal -8.763067e-01 -4.817537e-01 -0.000000e+00
    outer loop
      vertex   3.852042e+01 2.267205e+01 -1.400000e+02
      vertex   3.852042e+01 2.267205e+01 -1.501029e+02
      vertex   3.888270e+01 2.201307e+01 -1.400000e+02
    endloop
  endfacet
  facet normal -8.763067e-01 -4.817537e-01 -0.000000e+00
    outer loop
      vertex   3.888270e+01 2.201307e+01 -1.400000e+02
      vertex   3.852042e+01 2.267205e+01 -1.501029e+02
      vertex   3.888270e+01 2.201307e+01 -1.501029e+02
    endloop
  endfacet
  facet normal -9.685832e-01 -2.486899e-01 -0.000000e+00
    outer loop
      vertex   3.888270e+01 2.201307e+01 -1.400000e+02
      vertex   3.888270e+01 2.201307e+01 -1.501029e+02
      vertex   3.906971e+01 2.128469e+01 -1.400000e+02
    endloop
  endfacet
  facet normal -9.685832e-01 -2.486899e-01 -0.000000e+00
    outer loop
      vertex   3.906971e+01 2.128469e+01 -1.400000e+02
      vertex   3.888270e+01 2.201307e+01 -1.501029e+02
      vertex   3.906971e+01 2.128469e+01 -1.501029e+02
    endloop
  endfacet
  facet normal -1.000000e+00 -0.000000e+00 -0.000000e+00
    outer loop
      vertex   3.906971e+01 2.128469e+01 -1.400000e+02
      vertex   3.906971e+01 2.128469e+01 -1.501029e+02
      vertex   3.906971e+01 2.053269e+01 -1.400000e+02
    endloop
  endfacet
  facet normal -1.000000e+00 0.000000e+00 0.000000e+00
    outer loop
      vertex   3.906971e+01 2.053269e+01 -1.400000e+02
      vertex   3.906971e+01 2.128469e+01 -1.501029e+02
      vertex   3.906971e+01 2.053269e+01 -1.501029e+02
    endloop
  endfacet
  facet normal -9.685832e-01 2.486899e-01 0.000000e+00
    outer loop
      vertex   3.906971e+01 2.053269e+01 -1.400000e+02
      vertex   3.906971e+01 2.053269e+01 -1.501029e+02
      vertex   3.888270e+01 1.980432e+01 -1.400000e+02
    endloop
  endfacet
  facet normal -9.685832e-01 2.486899e-01 0.000000e+00
    outer loop
      vertex   3.888270e+01 1.980432e+01 -1.400000e+02
      vertex   3.906971e+01 2.053269e+01 -1.501029e+02
      vertex   3.888270e+01 1.980432e+01 -1.501029e+02
    endloop
  endfacet
  facet normal -8.763067e-01 4.817537e-01 0.000000e+00
    outer loop
      vertex   3.888270e+01 1.980432e+01 -1.400000e+02
      vertex   3.888270e+01 1.980432e+01 -1.501029e+02
      vertex   3.852042e+01 1.914534e+01 -1.400000e+02
    endloop
  endfacet
  facet normal -8.763067e-01 4.817537e-01 0.000000e+00
    outer loop
      vertex   3.852042e+01 1.914534e+01 -1.400000e+02
      vertex   3.888270e+01 1.980432e+01 -1.501029e+02
      vertex   3.852042e+01 1.914534e+01 -1.501029e+02
    endloop
  endfacet
  facet normal -7.289686e-01 6.845471e-01 0.000000e+00
    outer loop
      vertex   3.852042e+01 1.914534e+01 -1.400000e+02
      vertex   3.852042e+01 1.914534e+01 -1.501029e+02
      vertex   3.800564e+01 1.859715e+01 -1.400000e+02
    endloop
  endfacet
  facet normal -7.289686e-01 6.845471e-01 0.000000e+00
    outer loop
      vertex   3.800564e+01 1.859715e+01 -1.400000e+02
      vertex   3.852042e+01 1.914534e+01 -1.501029e+02
      vertex   3.800564e+01 1.859715e+01 -1.501029e+02
    endloop
  endfacet
  facet normal -5.358268e-01 8.443279e-01 0.000000e+00
    outer loop
      vertex   3.800564e+01 1.859715e+01 -1.400000e+02
      vertex   3.800564e+01 1.859715e+01 -1.501029e+02
      vertex   3.737071e+01 1.819421e+01 -1.400000e+02
    endloop
  endfacet
  facet normal -5.358268e-01 8.443279e-01 0.000000e+00
    outer loop
      vertex   3.737071e+01 1.819421e+01 -1.400000e+02
      vertex   3.800564e+01 1.859715e+01 -1.501029e+02
      vertex   3.737071e+01 1.819421e+01 -1.501029e+02
    endloop
  endfacet
  facet normal -3.090170e-01 9.510565e-01 0.000000e+00
    outer loop
      vertex   3.737071e+01 1.819421e+01 -1.400000e+02
      vertex   3.737071e+01 1.819421e+01 -1.501029e+02
      vertex   3.665551e+01 1.796183e+01 -1.400000e+02
    endloop
  endfacet
  facet normal -3.090170e-01 9.510565e-01 0.000000e+00
    outer loop
      vertex   3.665551e+01 1.796183e+01 -1.400000e+02
      vertex   3.737071e+01 1.819421e+01 -1.501029e+02
      vertex   3.665551e+01 1.796183e+01 -1.501029e+02
    endloop
  endfacet
  facet normal -6.279052e-02 9.980267e-01 0.000000e+00
    outer loop
      vertex   3.665551e+01 1.796183e+01 -1.400000e+02
      vertex   3.665551e+01 1.796183e+01 -1.501029e+02
      vertex   3.590500e+01 1.791461e+01 -1.400000e+02
    endloop
  endfacet
  facet normal -6.279052e-02 9.980267e-01 0.000000e+00
    outer loop
      vertex   3.590500e+01 1.791461e+01 -1.400000e+02
      vertex   3.665551e+01 1.796183e+01 -1.501029e+02
      vertex   3.590500e+01 1.791461e+01 -1.501029e+02
    endloop
  endfacet
  facet normal 1.873813e-01 9.822873e-01 0.000000e+00
    outer loop
      vertex   3.590500e+01 1.791461e+01 -1.400000e+02
      vertex   3.590500e+01 1.791461e+01 -1.501029e+02
      vertex   3.516632e+01 1.805552e+01 -1.400000e+02
    endloop
  endfacet
  facet normal 1.873813e-01 9.822873e-01 0.000000e+00
    outer loop
      vertex   3.516632e+01 1.805552e+01 -1.400000e+02
      vertex   3.590500e+01 1.791461e+01 -1.501029e+02
      vertex   3.516632e+01 1.805552e+01 -1.501029e+02
    endloop
  endfacet
  facet normal 4.257793e-01 9.048271e-01 0.000000e+00
    outer loop
      vertex   3.516632e+01 1.805552e+01 -1.400000e+02
      vertex   3.516632e+01 1.805552e+01 -1.501029e+02
      vertex   3.448589e+01 1.837571e+01 -1.400000e+02
    endloop
  endfacet
  facet normal 4.257793e-01 9.048271e-01 0.000000e+00
    outer loop
      vertex   3.448589e+01 1.837571e+01 -1.400000e+02
      vertex   3.516632e+01 1.805552e+01 -1.501029e+02
      vertex   3.448589e+01 1.837571e+01 -1.501029e+02
    endloop
  endfacet
  facet normal 6.374240e-01 7.705132e-01 0.000000e+00
    outer loop
      vertex   3.448589e+01 1.837571e+01 -1.400000e+02
      vertex   3.448589e+01 1.837571e+01 -1.501029e+02
      vertex   3.390646e+01 1.885505e+01 -1.400000e+02
    endloop
  endfacet
  facet normal 6.374240e-01 7.705132e-01 2.709538e-16
    outer loop
      vertex   3.390646e+01 1.885505e+01 -1.400000e+02
      vertex   3.448589e+01 1.837571e+01 -1.501029e+02
      vertex   3.390646e+01 1.885505e+01 -1.501029e+02
    endloop
  endfacet
  facet normal 8.090170e-01 5.877853e-01 2.066968e-16
    outer loop
      vertex   3.390646e+01 1.885505e+01 -1.400000e+02
      vertex   3.390646e+01 1.885505e+01 -1.501029e+02
      vertex   3.346445e+01 1.946343e+01 -1.400000e+02
    endloop
  endfacet
  facet normal 8.090170e-01 5.877853e-01 0.000000e+00
    outer loop
      vertex   3.346445e+01 1.946343e+01 -1.400000e+02
      vertex   3.390646e+01 1.885505e+01 -1.501029e+02
      vertex   3.346445e+01 1.946343e+01 -1.501029e+02
    endloop
  endfacet
  facet normal 9.297765e-01 3.681246e-01 0.000000e+00
    outer loop
      vertex   3.346445e+01 1.946343e+01 -1.400000e+02
      vertex   3.346445e+01 1.946343e+01 -1.501029e+02
      vertex   3.318762e+01 2.016262e+01 -1.400000e+02
    endloop
  endfacet
  facet normal 9.297765e-01 3.681246e-01 0.000000e+00
    outer loop
      vertex   3.318762e+01 2.016262e+01 -1.400000e+02
      vertex   3.346445e+01 1.946343e+01 -1.501029e+02
      vertex   3.318762e+01 2.016262e+01 -1.501029e+02
    endloop
  endfacet
  facet normal -1.000000e+00 0.000000e+00 3.025267e-15
    outer loop
      vertex   2.672467e+01 3.450991e+01 -1.400000e+02
      vertex   2.672467e+01 4.064989e+01 -1.400000e+02
      vertex   2.672467e+01 3.598373e+01 -1.411743e+02
    endloop
  endfacet
  facet normal -1.000000e+00 5.806615e-16 7.180630e-16
    outer loop
      vertex   2.672467e+01 3.598373e+01 -1.411743e+02
      vertex   2.672467e+01 4.064989e+01 -1.400000e+02
      vertex   2.672467e+01 3.749665e+01 -1.423978e+02
    endloop
  endfacet
  facet normal -1.000000e+00 5.845380e-16 7.129651e-16
    outer loop
      vertex   2.672467e+01 3.749665e+01 -1.423978e+02
      vertex   2.672467e+01 4.064989e+01 -1.400000e+02
      vertex   2.672467e+01 3.905116e+01 -1.436723e+02
    endloop
  endfacet
  facet normal -1.000000e+00 2.222218e-15 -3.157962e-30
    outer loop
      vertex   2.672467e+01 3.905116e+01 -1.436723e+02
      vertex   2.672467e+01 4.064989e+01 -1.400000e+02
      vertex   2.672467e+01 4.064989e+01 -1.450000e+02
    endloop
  endfacet
  facet normal 1.000000e+00 -0.000000e+00 3.025267e-15
    outer loop
      vertex   -2.672467e+01 3.450991e+01 -1.400000e+02
      vertex   -2.672467e+01 3.598373e+01 -1.411743e+02
      vertex   -2.672467e+01 4.064989e+01 -1.400000e+02
    endloop
  endfacet
  facet normal 1.000000e+00 5.806615e-16 7.180630e-16
    outer loop
      vertex   -2.672467e+01 4.064989e+01 -1.400000e+02
      vertex   -2.672467e+01 3.598373e+01 -1.411743e+02
      vertex   -2.672467e+01 3.749665e+01 -1.423978e+02
    endloop
  endfacet
  facet normal 1.000000e+00 5.845380e-16 7.129651e-16
    outer loop
      vertex   -2.672467e+01 4.064989e+01 -1.400000e+02
      vertex   -2.672467e+01 3.749665e+01 -1.423978e+02
      vertex   -2.672467e+01 3.905116e+01 -1.436723e+02
    endloop
  endfacet
  facet normal 1.000000e+00 5.901022e-16 7.105427e-16
    outer loop
      vertex   -2.672467e+01 3.905116e+01 -1.436723e+02
      vertex   -2.672467e+01 4.064989e+01 -1.450000e+02
      vertex   -2.672467e+01 4.064989e+01 -1.400000e+02
    endloop
  endfacet
  facet normal 4.107805e-01 5.681663e-01 7.130543e-01
    outer loop
      vertex   2.672467e+01 3.450991e+01 -1.400000e+02
      vertex   2.672467e+01 3.598373e+01 -1.411743e+02
      vertex   2.439432e+01 3.619474e+01 -1.400000e+02
    endloop
  endfacet
  facet normal 4.094426e-01 5.736655e-01 7.094115e-01
    outer loop
      vertex   2.439432e+01 3.619474e+01 -1.400000e+02
      vertex   2.672467e+01 3.598373e+01 -1.411743e+02
      vertex   2.672467e+01 3.749665e+01 -1.423978e+02
    endloop
  endfacet
  facet normal 4.038722e-01 5.800104e-01 7.074427e-01
    outer loop
      vertex   2.439432e+01 3.619474e+01 -1.400000e+02
      vertex   2.672467e+01 3.749665e+01 -1.423978e+02
      vertex   2.672467e+01 3.905116e+01 -1.436723e+02
    endloop
  endfacet
  facet normal 3.943782e-01 5.871113e-01 7.069414e-01
    outer loop
      vertex   2.672467e+01 3.905116e+01 -1.436723e+02
      vertex   2.672467e+01 4.064989e+01 -1.450000e+02
      vertex   2.439432e+01 3.619474e+01 -1.400000e+02
    endloop
  endfacet
  facet normal 3.751962e-01 5.983172e-01 7.079861e-01
    outer loop
      vertex   2.439432e+01 3.619474e+01 -1.400000e+02
      vertex   2.672467e+01 4.064989e+01 -1.450000e+02
      vertex   2.195810e+01 3.772246e+01 -1.400000e+02
    endloop
  endfacet
  facet normal 3.705683e-01 6.030924e-01 7.063701e-01
    outer loop
      vertex   2.195810e+01 3.772246e+01 -1.400000e+02
      vertex   2.672467e+01 4.064989e+01 -1.450000e+02
      vertex   2.418760e+01 4.220878e+01 -1.450000e+02
    endloop
  endfacet
  facet normal 3.351666e-01 6.220609e-01 7.076042e-01
    outer loop
      vertex   2.195810e+01 3.772246e+01 -1.400000e+02
      vertex   2.418760e+01 4.220878e+01 -1.450000e+02
      vertex   1.942656e+01 3.908645e+01 -1.400000e+02
    endloop
  endfacet
  facet normal 3.327986e-01 6.243011e-01 7.067483e-01
    outer loop
      vertex   1.942656e+01 3.908645e+01 -1.400000e+02
      vertex   2.418760e+01 4.220878e+01 -1.450000e+02
      vertex   2.155990e+01 4.360954e+01 -1.450000e+02
    endloop
  endfacet
  facet normal 2.938139e-01 6.431297e-01 7.071475e-01
    outer loop
      vertex   1.942656e+01 3.908645e+01 -1.400000e+02
      vertex   2.155990e+01 4.360954e+01 -1.450000e+02
      vertex   1.885143e+01 4.484690e+01 -1.450000e+02
    endloop
  endfacet
  facet normal 2.936493e-01 6.431537e-01 7.071940e-01
    outer loop
      vertex   1.942656e+01 3.908645e+01 -1.400000e+02
      vertex   1.885143e+01 4.484690e+01 -1.450000e+02
      vertex   1.681071e+01 4.028079e+01 -1.400000e+02
    endloop
  endfacet
  facet normal 2.540735e-01 6.603100e-01 7.067089e-01
    outer loop
      vertex   1.681071e+01 4.028079e+01 -1.400000e+02
      vertex   1.885143e+01 4.484690e+01 -1.450000e+02
      vertex   1.607233e+01 4.591624e+01 -1.450000e+02
    endloop
  endfacet
  facet normal 2.505030e-01 6.606722e-01 7.076444e-01
    outer loop
      vertex   1.681071e+01 4.028079e+01 -1.400000e+02
      vertex   1.607233e+01 4.591624e+01 -1.450000e+02
      vertex   1.412189e+01 4.130029e+01 -1.400000e+02
    endloop
  endfacet
  facet normal 2.133108e-01 6.749714e-01 7.063371e-01
    outer loop
      vertex   1.412189e+01 4.130029e+01 -1.400000e+02
      vertex   1.607233e+01 4.591624e+01 -1.450000e+02
      vertex   1.323301e+01 4.681355e+01 -1.450000e+02
    endloop
  endfacet
  facet normal 2.063470e-01 6.753740e-01 7.080190e-01
    outer loop
      vertex   1.412189e+01 4.130029e+01 -1.400000e+02
      vertex   1.323301e+01 4.681355e+01 -1.450000e+02
      vertex   1.137178e+01 4.214053e+01 -1.400000e+02
    endloop
  endfacet
  facet normal 1.716893e-01 6.870524e-01 7.060324e-01
    outer loop
      vertex   1.137178e+01 4.214053e+01 -1.400000e+02
      vertex   1.323301e+01 4.681355e+01 -1.450000e+02
      vertex   1.034411e+01 4.753547e+01 -1.450000e+02
    endloop
  endfacet
  facet normal 1.613597e-01 6.872032e-01 7.083183e-01
    outer loop
      vertex   1.137178e+01 4.214053e+01 -1.400000e+02
      vertex   1.034411e+01 4.753547e+01 -1.450000e+02
      vertex   8.572305e+00 4.279787e+01 -1.400000e+02
    endloop
  endfacet
  facet normal 1.293762e-01 6.965019e-01 7.057952e-01
    outer loop
      vertex   8.572305e+00 4.279787e+01 -1.400000e+02
      vertex   1.034411e+01 4.753547e+01 -1.450000e+02
      vertex   7.416460e+00 4.807928e+01 -1.450000e+02
    endloop
  endfacet
  facet normal 1.157229e-01 6.961148e-01 7.085425e-01
    outer loop
      vertex   8.572305e+00 4.279787e+01 -1.400000e+02
      vertex   7.416460e+00 4.807928e+01 -1.450000e+02
      vertex   5.735625e+00 4.326944e+01 -1.400000e+02
    endloop
  endfacet
  facet normal 8.654168e-02 7.032802e-01 7.056256e-01
    outer loop
      vertex   5.735625e+00 4.326944e+01 -1.400000e+02
      vertex   7.416460e+00 4.807928e+01 -1.450000e+02
      vertex   4.461020e+00 4.844296e+01 -1.450000e+02
    endloop
  endfacet
  facet normal 6.962048e-02 7.020747e-01 7.086918e-01
    outer loop
      vertex   5.735625e+00 4.326944e+01 -1.400000e+02
      vertex   4.461020e+00 4.844296e+01 -1.450000e+02
      vertex   2.874050e+00 4.355321e+01 -1.400000e+02
    endloop
  endfacet
  facet normal 4.335825e-02 7.073586e-01 7.055238e-01
    outer loop
      vertex   2.874050e+00 4.355321e+01 -1.400000e+02
      vertex   4.461020e+00 4.844296e+01 -1.450000e+02
      vertex   1.488866e+00 4.862514e+01 -1.450000e+02
    endloop
  endfacet
  facet normal 2.323798e-02 7.050603e-01 7.087665e-01
    outer loop
      vertex   2.874050e+00 4.355321e+01 -1.400000e+02
      vertex   1.488866e+00 4.862514e+01 -1.450000e+02
      vertex   2.672665e-15 4.364793e+01 -1.400000e+02
    endloop
  endfacet
  facet normal 0.000000e+00 7.087200e-01 7.054899e-01
    outer loop
      vertex   2.672665e-15 4.364793e+01 -1.400000e+02
      vertex   1.488866e+00 4.862514e+01 -1.450000e+02
      vertex   -1.488866e+00 4.862514e+01 -1.450000e+02
    endloop
  endfacet
  facet normal -2.323798e-02 7.050603e-01 7.087665e-01
    outer loop
      vertex   2.672665e-15 4.364793e+01 -1.400000e+02
      vertex   -1.488866e+00 4.862514e+01 -1.450000e+02
      vertex   -2.874050e+00 4.355321e+01 -1.400000e+02
    endloop
  endfacet
  facet normal -4.335825e-02 7.073586e-01 7.055238e-01
    outer loop
      vertex   -2.874050e+00 4.355321e+01 -1.400000e+02
      vertex   -1.488866e+00 4.862514e+01 -1.450000e+02
      vertex   -4.461020e+00 4.844296e+01 -1.450000e+02
    endloop
  endfacet
  facet normal -6.962048e-02 7.020747e-01 7.086918e-01
    outer loop
      vertex   -2.874050e+00 4.355321e+01 -1.400000e+02
      vertex   -4.461020e+00 4.844296e+01 -1.450000e+02
      vertex   -5.735625e+00 4.326944e+01 -1.400000e+02
    endloop
  endfacet
  facet normal -8.654168e-02 7.032802e-01 7.056256e-01
    outer loop
      vertex   -5.735625e+00 4.326944e+01 -1.400000e+02
      vertex   -4.461020e+00 4.844296e+01 -1.450000e+02
      vertex   -7.416460e+00 4.807928e+01 -1.450000e+02
    endloop
  endfacet
  facet normal -1.157229e-01 6.961148e-01 7.085425e-01
    outer loop
      vertex   -5.735625e+00 4.326944e+01 -1.400000e+02
      vertex   -7.416460e+00 4.807928e+01 -1.450000e+02
      vertex   -8.572305e+00 4.279787e+01 -1.400000e+02
    endloop
  endfacet
  facet normal -1.293762e-01 6.965019e-01 7.057952e-01
    outer loop
      vertex   -8.572305e+00 4.279787e+01 -1.400000e+02
      vertex   -7.416460e+00 4.807928e+01 -1.450000e+02
      vertex   -1.034411e+01 4.753547e+01 -1.450000e+02
    endloop
  endfacet
  facet normal -1.613597e-01 6.872032e-01 7.083183e-01
    outer loop
      vertex   -8.572305e+00 4.279787e+01 -1.400000e+02
      vertex   -1.034411e+01 4.753547e+01 -1.450000e+02
      vertex   -1.137178e+01 4.214053e+01 -1.400000e+02
    endloop
  endfacet
  facet normal -1.716893e-01 6.870524e-01 7.060324e-01
    outer loop
      vertex   -1.137178e+01 4.214053e+01 -1.400000e+02
      vertex   -1.034411e+01 4.753547e+01 -1.450000e+02
      vertex   -1.323301e+01 4.681355e+01 -1.450000e+02
    endloop
  endfacet
  facet normal -2.063470e-01 6.753740e-01 7.080190e-01
    outer loop
      vertex   -1.137178e+01 4.214053e+01 -1.400000e+02
      vertex   -1.323301e+01 4.681355e+01 -1.450000e+02
      vertex   -1.412189e+01 4.130029e+01 -1.400000e+02
    endloop
  endfacet
  facet normal -2.133108e-01 6.749714e-01 7.063371e-01
    outer loop
      vertex   -1.412189e+01 4.130029e+01 -1.400000e+02
      vertex   -1.323301e+01 4.681355e+01 -1.450000e+02
      vertex   -1.607233e+01 4.591624e+01 -1.450000e+02
    endloop
  endfacet
  facet normal -2.505030e-01 6.606722e-01 7.076444e-01
    outer loop
      vertex   -1.412189e+01 4.130029e+01 -1.400000e+02
      vertex   -1.607233e+01 4.591624e+01 -1.450000e+02
      vertex   -1.681071e+01 4.028079e+01 -1.400000e+02
    endloop
  endfacet
  facet normal -2.540735e-01 6.603100e-01 7.067089e-01
    outer loop
      vertex   -1.681071e+01 4.028079e+01 -1.400000e+02
      vertex   -1.607233e+01 4.591624e+01 -1.450000e+02
      vertex   -1.885143e+01 4.484690e+01 -1.450000e+02
    endloop
  endfacet
  facet normal -2.936493e-01 6.431537e-01 7.071940e-01
    outer loop
      vertex   -1.681071e+01 4.028079e+01 -1.400000e+02
      vertex   -1.885143e+01 4.484690e+01 -1.450000e+02
      vertex   -1.942656e+01 3.908645e+01 -1.400000e+02
    endloop
  endfacet
  facet normal -2.938139e-01 6.431297e-01 7.071475e-01
    outer loop
      vertex   -1.942656e+01 3.908645e+01 -1.400000e+02
      vertex   -1.885143e+01 4.484690e+01 -1.450000e+02
      vertex   -2.155990e+01 4.360954e+01 -1.450000e+02
    endloop
  endfacet
  facet normal -3.327986e-01 6.243011e-01 7.067483e-01
    outer loop
      vertex   -1.942656e+01 3.908645e+01 -1.400000e+02
      vertex   -2.155990e+01 4.360954e+01 -1.450000e+02
      vertex   -2.418760e+01 4.220878e+01 -1.450000e+02
    endloop
  endfacet
  facet normal -3.351666e-01 6.220609e-01 7.076042e-01
    outer loop
      vertex   -1.942656e+01 3.908645e+01 -1.400000e+02
      vertex   -2.418760e+01 4.220878e+01 -1.450000e+02
      vertex   -2.195810e+01 3.772246e+01 -1.400000e+02
    endloop
  endfacet
  facet normal -3.705683e-01 6.030924e-01 7.063701e-01
    outer loop
      vertex   -2.195810e+01 3.772246e+01 -1.400000e+02
      vertex   -2.418760e+01 4.220878e+01 -1.450000e+02
      vertex   -2.672467e+01 4.064989e+01 -1.450000e+02
    endloop
  endfacet
  facet normal -3.751962e-01 5.983172e-01 7.079861e-01
    outer loop
      vertex   -2.195810e+01 3.772246e+01 -1.400000e+02
      vertex   -2.672467e+01 4.064989e+01 -1.450000e+02
      vertex   -2.439432e+01 3.619474e+01 -1.400000e+02
    endloop
  endfacet
  facet normal -3.943782e-01 5.871113e-01 7.069414e-01
    outer loop
      vertex   -2.439432e+01 3.619474e+01 -1.400000e+02
      vertex   -2.672467e+01 4.064989e+01 -1.450000e+02
      vertex   -2.672467e+01 3.905116e+01 -1.436723e+02
    endloop
  endfacet
  facet normal -4.038722e-01 5.800104e-01 7.074427e-01
    outer loop
      vertex   -2.439432e+01 3.619474e+01 -1.400000e+02
      vertex   -2.672467e+01 3.905116e+01 -1.436723e+02
      vertex   -2.672467e+01 3.749665e+01 -1.423978e+02
    endloop
  endfacet
  facet normal -4.094426e-01 5.736655e-01 7.094115e-01
    outer loop
      vertex   -2.672467e+01 3.749665e+01 -1.423978e+02
      vertex   -2.672467e+01 3.598373e+01 -1.411743e+02
      vertex   -2.439432e+01 3.619474e+01 -1.400000e+02
    endloop
  endfacet
  facet normal -4.107805e-01 5.681663e-01 7.130543e-01
    outer loop
      vertex   -2.439432e+01 3.619474e+01 -1.400000e+02
      vertex   -2.672467e+01 3.598373e+01 -1.411743e+02
      vertex   -2.672467e+01 3.450991e+01 -1.400000e+02
    endloop
  endfacet
  facet normal 6.046270e-16 -5.844216e-01 -8.114502e-01
    outer loop
      vertex   -4.313202e+01 -2.250000e+01 -1.400000e+02
      vertex   -5.000000e+01 -2.250000e+01 -1.400000e+02
      vertex   -4.372564e+01 -2.132345e+01 -1.408474e+02
    endloop
  endfacet
  facet normal -3.358636e-03 -5.725631e-01 -8.198538e-01
    outer loop
      vertex   -4.372564e+01 -2.132345e+01 -1.408474e+02
      vertex   -5.000000e+01 -2.250000e+01 -1.400000e+02
      vertex   -5.000000e+01 -2.041785e+01 -1.414541e+02
    endloop
  endfacet
  facet normal 9.556162e-04 -5.520313e-01 -8.338228e-01
    outer loop
      vertex   -4.372564e+01 -2.132345e+01 -1.408474e+02
      vertex   -5.000000e+01 -2.041785e+01 -1.414541e+02
      vertex   -4.430032e+01 -2.010191e+01 -1.416567e+02
    endloop
  endfacet
  facet normal -1.572020e-03 -5.196244e-01 -8.543934e-01
    outer loop
      vertex   -4.430032e+01 -2.010191e+01 -1.416567e+02
      vertex   -5.000000e+01 -2.041785e+01 -1.414541e+02
      vertex   -4.485216e+01 -1.883778e+01 -1.424246e+02
    endloop
  endfacet
  facet normal -3.198779e-03 -5.157584e-01 -8.567281e-01
    outer loop
      vertex   -4.485216e+01 -1.883778e+01 -1.424246e+02
      vertex   -5.000000e+01 -2.041785e+01 -1.414541e+02
      vertex   -5.000000e+01 -1.824205e+01 -1.427640e+02
    endloop
  endfacet
  facet normal 1.603595e-03 -4.845385e-01 -8.747685e-01
    outer loop
      vertex   -4.485216e+01 -1.883778e+01 -1.424246e+02
      vertex   -5.000000e+01 -1.824205e+01 -1.427640e+02
      vertex   -4.537769e+01 -1.753396e+01 -1.431477e+02
    endloop
  endfacet
  facet normal -3.915415e-03 -4.565866e-01 -8.896703e-01
    outer loop
      vertex   -4.537769e+01 -1.753396e+01 -1.431477e+02
      vertex   -5.000000e+01 -1.824205e+01 -1.427640e+02
      vertex   -5.000000e+01 -1.598258e+01 -1.439236e+02
    endloop
  endfacet
  facet normal -1.278442e-03 -4.503265e-01 -8.928630e-01
    outer loop
      vertex   -4.537769e+01 -1.753396e+01 -1.431477e+02
      vertex   -5.000000e+01 -1.598258e+01 -1.439236e+02
      vertex   -4.587343e+01 -1.619340e+01 -1.438231e+02
    endloop
  endfacet
  facet normal 1.035246e-03 -4.134528e-01 -9.105250e-01
    outer loop
      vertex   -4.587343e+01 -1.619340e+01 -1.438231e+02
      vertex   -5.000000e+01 -1.598258e+01 -1.439236e+02
      vertex   -4.633592e+01 -1.481903e+01 -1.444477e+02
    endloop
  endfacet
  facet normal -5.868008e-03 -3.953183e-01 -9.185255e-01
    outer loop
      vertex   -4.633592e+01 -1.481903e+01 -1.444477e+02
      vertex   -5.000000e+01 -1.598258e+01 -1.439236e+02
      vertex   -5.000000e+01 -1.364980e+01 -1.449275e+02
    endloop
  endfacet
  facet normal 1.347357e-03 -3.760241e-01 -9.266089e-01
    outer loop
      vertex   -4.633592e+01 -1.481903e+01 -1.444477e+02
      vertex   -5.000000e+01 -1.364980e+01 -1.449275e+02
      vertex   -4.676195e+01 -1.341339e+01 -1.450188e+02
    endloop
  endfacet
  facet normal -1.767411e-03 -3.388531e-01 -9.408376e-01
    outer loop
      vertex   -4.676195e+01 -1.341339e+01 -1.450188e+02
      vertex   -5.000000e+01 -1.364980e+01 -1.449275e+02
      vertex   -4.714929e+01 -1.197957e+01 -1.455344e+02
    endloop
  endfacet
  facet normal -6.139248e-03 -3.322406e-01 -9.431747e-01
    outer loop
      vertex   -4.714929e+01 -1.197957e+01 -1.455344e+02
      vertex   -5.000000e+01 -1.364980e+01 -1.449275e+02
      vertex   -5.000000e+01 -1.125442e+01 -1.457713e+02
    endloop
  endfacet
  facet normal 3.128311e-03 -2.993854e-01 -9.541271e-01
    outer loop
      vertex   -4.714929e+01 -1.197957e+01 -1.455344e+02
      vertex   -5.000000e+01 -1.125442e+01 -1.457713e+02
      vertex   -4.749587e+01 -1.052164e+01 -1.459930e+02
    endloop
  endfacet
  facet normal -6.991197e-03 -2.676383e-01 -9.634941e-01
    outer loop
      vertex   -4.749587e+01 -1.052164e+01 -1.459930e+02
      vertex   -5.000000e+01 -1.125442e+01 -1.457713e+02
      vertex   -5.000000e+01 -8.807426e+00 -1.464511e+02
    endloop
  endfacet
  facet normal -2.565037e-03 -2.616197e-01 -9.651676e-01
    outer loop
      vertex   -4.749587e+01 -1.052164e+01 -1.459930e+02
      vertex   -5.000000e+01 -8.807426e+00 -1.464511e+02
      vertex   -4.779963e+01 -9.043719e+00 -1.463929e+02
    endloop
  endfacet
  facet normal 2.048462e-03 -2.211395e-01 -9.752400e-01
    outer loop
      vertex   -4.779963e+01 -9.043719e+00 -1.463929e+02
      vertex   -5.000000e+01 -8.807426e+00 -1.464511e+02
      vertex   -4.805851e+01 -7.549893e+00 -1.467321e+02
    endloop
  endfacet
  facet normal -1.107320e-02 -2.018028e-01 -9.793636e-01
    outer loop
      vertex   -4.805851e+01 -7.549893e+00 -1.467321e+02
      vertex   -5.000000e+01 -8.807426e+00 -1.464511e+02
      vertex   -5.000000e+01 -6.320032e+00 -1.469636e+02
    endloop
  endfacet
  facet normal 2.766633e-03 -1.807385e-01 -9.835273e-01
    outer loop
      vertex   -4.805851e+01 -7.549893e+00 -1.467321e+02
      vertex   -5.000000e+01 -6.320032e+00 -1.469636e+02
      vertex   -4.827070e+01 -6.044350e+00 -1.470094e+02
    endloop
  endfacet
  facet normal -3.708731e-03 -1.411909e-01 -9.899754e-01
    outer loop
      vertex   -4.827070e+01 -6.044350e+00 -1.470094e+02
      vertex   -5.000000e+01 -6.320032e+00 -1.469636e+02
      vertex   -4.843574e+01 -4.531757e+00 -1.472245e+02
    endloop
  endfacet
  facet normal -1.086089e-02 -1.350519e-01 -9.907790e-01
    outer loop
      vertex   -4.843574e+01 -4.531757e+00 -1.472245e+02
      vertex   -5.000000e+01 -6.320032e+00 -1.469636e+02
      vertex   -5.000000e+01 -3.803651e+00 -1.473066e+02
    endloop
  endfacet
  facet normal 5.564896e-03 -1.002329e-01 -9.949484e-01
    outer loop
      vertex   -4.843574e+01 -4.531757e+00 -1.472245e+02
      vertex   -5.000000e+01 -3.803651e+00 -1.473066e+02
      vertex   -4.855362e+01 -3.016947e+00 -1.473778e+02
    endloop
  endfacet
  facet normal -1.227301e-02 -6.768007e-02 -9.976316e-01
    outer loop
      vertex   -4.855362e+01 -3.016947e+00 -1.473778e+02
      vertex   -5.000000e+01 -3.803651e+00 -1.473066e+02
      vertex   -5.000000e+01 -1.269825e+00 -1.474785e+02
    endloop
  endfacet
  facet normal -3.838945e-03 -6.072753e-02 -9.981470e-01
    outer loop
      vertex   -4.855362e+01 -3.016947e+00 -1.473778e+02
      vertex   -5.000000e+01 -1.269825e+00 -1.474785e+02
      vertex   -4.862435e+01 -1.504751e+00 -1.474695e+02
    endloop
  endfacet
  facet normal 3.089209e-03 -2.022160e-02 -9.997907e-01
    outer loop
      vertex   -4.862435e+01 -1.504751e+00 -1.474695e+02
      vertex   -5.000000e+01 -1.269825e+00 -1.474785e+02
      vertex   -4.864793e+01 -6.245005e-15 -1.475000e+02
    endloop
  endfacet
  facet normal -1.590368e-02 0.000000e+00 -9.998735e-01
    outer loop
      vertex   -4.864793e+01 -6.245005e-15 -1.475000e+02
      vertex   -5.000000e+01 -1.269825e+00 -1.474785e+02
      vertex   -5.000000e+01 1.269825e+00 -1.474785e+02
    endloop
  endfacet
  facet normal 3.089209e-03 2.022160e-02 -9.997907e-01
    outer loop
      vertex   -4.864793e+01 -6.245005e-15 -1.475000e+02
      vertex   -5.000000e+01 1.269825e+00 -1.474785e+02
      vertex   -4.862435e+01 1.504751e+00 -1.474695e+02
    endloop
  endfacet
  facet normal -3.838945e-03 6.072753e-02 -9.981470e-01
    outer loop
      vertex   -4.862435e+01 1.504751e+00 -1.474695e+02
      vertex   -5.000000e+01 1.269825e+00 -1.474785e+02
      vertex   -4.855362e+01 3.016947e+00 -1.473778e+02
    endloop
  endfacet
  facet normal -1.227301e-02 6.768007e-02 -9.976316e-01
    outer loop
      vertex   -4.855362e+01 3.016947e+00 -1.473778e+02
      vertex   -5.000000e+01 1.269825e+00 -1.474785e+02
      vertex   -5.000000e+01 3.803651e+00 -1.473066e+02
    endloop
  endfacet
  facet normal 5.564896e-03 1.002329e-01 -9.949484e-01
    outer loop
      vertex   -4.855362e+01 3.016947e+00 -1.473778e+02
      vertex   -5.000000e+01 3.803651e+00 -1.473066e+02
      vertex   -4.843574e+01 4.531757e+00 -1.472245e+02
    endloop
  endfacet
  facet normal -1.086089e-02 1.350519e-01 -9.907790e-01
    outer loop
      vertex   -4.843574e+01 4.531757e+00 -1.472245e+02
      vertex   -5.000000e+01 3.803651e+00 -1.473066e+02
      vertex   -5.000000e+01 6.320032e+00 -1.469636e+02
    endloop
  endfacet
  facet normal -3.708731e-03 1.411909e-01 -9.899754e-01
    outer loop
      vertex   -4.843574e+01 4.531757e+00 -1.472245e+02
      vertex   -5.000000e+01 6.320032e+00 -1.469636e+02
      vertex   -4.827070e+01 6.044350e+00 -1.470094e+02
    endloop
  endfacet
  facet normal 2.766633e-03 1.807385e-01 -9.835273e-01
    outer loop
      vertex   -4.827070e+01 6.044350e+00 -1.470094e+02
      vertex   -5.000000e+01 6.320032e+00 -1.469636e+02
      vertex   -4.805851e+01 7.549893e+00 -1.467321e+02
    endloop
  endfacet
  facet normal -1.107320e-02 2.018028e-01 -9.793636e-01
    outer loop
      vertex   -4.805851e+01 7.549893e+00 -1.467321e+02
      vertex   -5.000000e+01 6.320032e+00 -1.469636e+02
      vertex   -5.000000e+01 8.807426e+00 -1.464511e+02
    endloop
  endfacet
  facet normal 2.048462e-03 2.211395e-01 -9.752400e-01
    outer loop
      vertex   -4.805851e+01 7.549893e+00 -1.467321e+02
      vertex   -5.000000e+01 8.807426e+00 -1.464511e+02
      vertex   -4.779963e+01 9.043719e+00 -1.463929e+02
    endloop
  endfacet
  facet normal -2.565037e-03 2.616197e-01 -9.651676e-01
    outer loop
      vertex   -4.779963e+01 9.043719e+00 -1.463929e+02
      vertex   -5.000000e+01 8.807426e+00 -1.464511e+02
      vertex   -4.749587e+01 1.052164e+01 -1.459930e+02
    endloop
  endfacet
  facet normal -6.991197e-03 2.676383e-01 -9.634941e-01
    outer loop
      vertex   -4.749587e+01 1.052164e+01 -1.459930e+02
      vertex   -5.000000e+01 8.807426e+00 -1.464511e+02
      vertex   -5.000000e+01 1.125442e+01 -1.457713e+02
    endloop
  endfacet
  facet normal 3.128311e-03 2.993854e-01 -9.541271e-01
    outer loop
      vertex   -4.749587e+01 1.052164e+01 -1.459930e+02
      vertex   -5.000000e+01 1.125442e+01 -1.457713e+02
      vertex   -4.714929e+01 1.197957e+01 -1.455344e+02
    endloop
  endfacet
  facet normal -6.139248e-03 3.322406e-01 -9.431747e-01
    outer loop
      vertex   -4.714929e+01 1.197957e+01 -1.455344e+02
      vertex   -5.000000e+01 1.125442e+01 -1.457713e+02
      vertex   -5.000000e+01 1.364980e+01 -1.449275e+02
    endloop
  endfacet
  facet normal -1.767411e-03 3.388531e-01 -9.408376e-01
    outer loop
      vertex   -4.714929e+01 1.197957e+01 -1.455344e+02
      vertex   -5.000000e+01 1.364980e+01 -1.449275e+02
      vertex   -4.676195e+01 1.341339e+01 -1.450188e+02
    endloop
  endfacet
  facet normal 1.347357e-03 3.760241e-01 -9.266089e-01
    outer loop
      vertex   -4.676195e+01 1.341339e+01 -1.450188e+02
      vertex   -5.000000e+01 1.364980e+01 -1.449275e+02
      vertex   -4.633592e+01 1.481903e+01 -1.444477e+02
    endloop
  endfacet
  facet normal -5.868008e-03 3.953183e-01 -9.185255e-01
    outer loop
      vertex   -4.633592e+01 1.481903e+01 -1.444477e+02
      vertex   -5.000000e+01 1.364980e+01 -1.449275e+02
      vertex   -5.000000e+01 1.598258e+01 -1.439236e+02
    endloop
  endfacet
  facet normal 1.035246e-03 4.134528e-01 -9.105250e-01
    outer loop
      vertex   -4.633592e+01 1.481903e+01 -1.444477e+02
      vertex   -5.000000e+01 1.598258e+01 -1.439236e+02
      vertex   -4.587343e+01 1.619340e+01 -1.438231e+02
    endloop
  endfacet
  facet normal -1.278442e-03 4.503265e-01 -8.928630e-01
    outer loop
      vertex   -4.587343e+01 1.619340e+01 -1.438231e+02
      vertex   -5.000000e+01 1.598258e+01 -1.439236e+02
      vertex   -4.537769e+01 1.753396e+01 -1.431477e+02
    endloop
  endfacet
  facet normal -3.915415e-03 4.565866e-01 -8.896703e-01
    outer loop
      vertex   -4.537769e+01 1.753396e+01 -1.431477e+02
      vertex   -5.000000e+01 1.598258e+01 -1.439236e+02
      vertex   -5.000000e+01 1.824205e+01 -1.427640e+02
    endloop
  endfacet
  facet normal 1.603595e-03 4.845385e-01 -8.747685e-01
    outer loop
      vertex   -4.537769e+01 1.753396e+01 -1.431477e+02
      vertex   -5.000000e+01 1.824205e+01 -1.427640e+02
      vertex   -4.485216e+01 1.883778e+01 -1.424246e+02
    endloop
  endfacet
  facet normal -3.198779e-03 5.157584e-01 -8.567281e-01
    outer loop
      vertex   -4.485216e+01 1.883778e+01 -1.424246e+02
      vertex   -5.000000e+01 1.824205e+01 -1.427640e+02
      vertex   -5.000000e+01 2.041785e+01 -1.414541e+02
    endloop
  endfacet
  facet normal -1.572020e-03 5.196244e-01 -8.543934e-01
    outer loop
      vertex   -4.485216e+01 1.883778e+01 -1.424246e+02
      vertex   -5.000000e+01 2.041785e+01 -1.414541e+02
      vertex   -4.430032e+01 2.010191e+01 -1.416567e+02
    endloop
  endfacet
  facet normal 9.556162e-04 5.520313e-01 -8.338228e-01
    outer loop
      vertex   -4.430032e+01 2.010191e+01 -1.416567e+02
      vertex   -5.000000e+01 2.041785e+01 -1.414541e+02
      vertex   -4.372564e+01 2.132345e+01 -1.408474e+02
    endloop
  endfacet
  facet normal -3.358636e-03 5.725631e-01 -8.198538e-01
    outer loop
      vertex   -4.372564e+01 2.132345e+01 -1.408474e+02
      vertex   -5.000000e+01 2.041785e+01 -1.414541e+02
      vertex   -5.000000e+01 2.250000e+01 -1.400000e+02
    endloop
  endfacet
  facet normal 0.000000e+00 5.844216e-01 -8.114502e-01
    outer loop
      vertex   -4.372564e+01 2.132345e+01 -1.408474e+02
      vertex   -5.000000e+01 2.250000e+01 -1.400000e+02
      vertex   -4.313202e+01 2.250000e+01 -1.400000e+02
    endloop
  endfacet
endsolid
